SMILES,pIC50,logP
CCN1CCC[C@H]1CNC(=O)c1cc(Br)cc(OC)c1OC,11.522878745280337,2.6804000000000006
CCN(CC)C(=O)N[C@H]1C=C2c3cccc4[nH]cc(c34)C[C@H]2N(C)C1,11.0,2.841400000000001
CCCCCNC(=O)/N=C(\N)NCCCc1cnc(N)s1.O=C(O)C(F)(F)F.O=C(O)C(F)(F)F,10.83,2.7286000000000006
CCCCCNC(=O)/N=C(\N)NCCCc1nnc(N)s1.O=C(O)C(F)(F)F.O=C(O)C(F)(F)F,10.83,2.1236
CCCN[C@H]1CCc2nc(N)sc2C1,10.83,1.5822
CC(CNC(=O)/N=C(\N)NCCCc1nnc(N)s1)C1CCCCC1.O=C(O)C(F)(F)F.O=C(O)C(F)(F)F,10.83,3.149800000000001
N/C(=N\C(=O)NCc1ccccc1)NCCCc1nnc(N)s1.O=C(O)C(F)(F)F.O=C(O)C(F)(F)F,10.83,2.1335999999999995
CCCCCCNC(=O)/N=C(\N)NCCCc1nnc(N)s1.O=C(O)C(F)(F)F.O=C(O)C(F)(F)F,10.83,2.5137
C[C@@H](NC(=O)/N=C(\N)NCCCc1ncn[nH]1)c1ccccc1.Cl.Cl,10.83,1.9560000000000013
Cc1ccc(CC(C)CNC(=O)/N=C(\N)NCCCc2cnc(N)s2)cc1.O=C(O)C(F)(F)F.O=C(O)C(F)(F)F,10.83,3.72562
CC(NC(=O)/N=C(\N)NCCCc1nnc(N)s1)c1cccc(F)c1.Cl.Cl,10.83,2.410700000000001
Cc1ccc(CC(C)CNC(=O)/N=C(\N)NCCCc2nnc(N)s2)cc1.O=C(O)C(F)(F)F.O=C(O)C(F)(F)F,10.83,3.1206200000000006
N/C(=N\C(=O)NCc1ccccc1)NCCCc1cnc(N)s1.O=C(O)C(F)(F)F.O=C(O)C(F)(F)F,10.83,2.738599999999999
C[C@@H](NC(=O)/N=C(\N)NCCCc1nnc(N)s1)c1ccccc1.Cl.Cl,10.83,2.271600000000001
N/C(=N\C(=O)NCCCCCCNC(=O)/N=C(\N)NCCCc1nnc(N)s1)NCCCc1nnc(N)s1.O=C(O)C(F)(F)F.O=C(O)C(F)(F)F.O=C(O)C(F)(F)F.O=C(O)C(F)(F)F,10.83,2.440800000000011
CC(CCCc1ccccc1)CNC(=O)/N=C(\N)NCCCc1nnc(N)s1.O=C(O)C(F)(F)F.O=C(O)C(F)(F)F,10.83,3.5924000000000005
C=CCN1CCC[C@H]1CNC(=O)c1cc(CCCF)cc(OC)c1OC,10.7,2.986100000000002
O=C(CCCN1CCC(n2c(=O)[nH]c3ccccc32)CC1)c1ccc(F)cc1,10.57,3.7687000000000026
O=C(NCCC(F)CN1CCN(c2cccc(Cl)c2Cl)CC1)c1cc2ccccc2o1,10.52,5.0198000000000045
NC(=O)C1CCS[C@@H]2C[C@]3(CCCN3C(=O)[C@@H]3CCCN3)C(=O)N12,10.51,-0.35119999999999857
O=c1[nH]c2cccc(N3CCN(Cc4cccc(-c5ccccc5)c4)CC3)c2o1,10.4,4.110300000000003
CC(C)(C)[C@]1(O)CCN2C[C@H]3c4ccccc4CCc4cccc(c43)[C@@H]2C1,10.4,4.844800000000005
CC(C)C[C@H](NC(=O)[C@@H]1CCCN1)C(=O)NCC(N)=O,10.4,-1.1291999999999969
NC(=O)[C@H]1CS[C@@H]2CC[C@]3(CCCN3C(=O)[C@@H]3CCCN3)C(=O)N12,10.3,-0.35119999999999857
O=C(CCCN1[C@@H]2CC[C@H]1CC(O)(c1ccc(Cl)cc1)C2)c1ccc(F)cc1,10.28,4.956600000000004
O=C1NCc2ccc(OCCCCN3CCN(c4cccc5c4CCC5)CC3)cc21,10.24,3.3999000000000024
CCCN(CCc1cccs1)[C@H]1CCc2c(O)cccc2C1,10.22,4.265700000000003
O=C(CCCN1CCC2(CC1)C(=O)NCN2c1ccccc1)c1ccc(F)cc1,10.22,3.217100000000001
CN1CN(c2ccccc2)C2(CCN(CCCC(=O)c3ccc(F)cc3)CC2)C1=O,10.15,3.559300000000003
O=C(O)C(=O)O.O=c1ccc2ccc(OCCCCN3CCN(c4ccccc4OCCF)CC3)cc2[nH]1,10.15,3.013200000000001
CS(=O)(=O)c1ccc2c(c1)N(CCCN1CCC(C(N)=O)CC1)c1ccccc1S2,10.15,3.2802000000000016
CCCN1CCc2cccc3c2[C@H]1Cc1ccc(O)c(O)c1-3.Cl,10.13,4.051900000000005
CCc1cc(Cl)c(OC)c(C(=O)NC[C@@H]2CCCN2CC)c1O,10.07,2.8307000000000015
O=C1CCc2cc(CCN3CCN(c4cccc5sc(F)cc45)CC3)ccc2N1,10.04,4.289800000000003
COc1ccccc1N1CCN(CCCCOc2ccn3ncc(/C=N/O)c3c2)CC1,10.03,3.132200000000001
Cc1cccc(C2=CCN(CCNC(=O)C3CCC(F)(F)CC3)CC2)n1,10.0,3.4208200000000017
O=S(=O)(c1cncc2ccccc12)N1CCC[C@H]1CCN1CCC(c2noc3cc(F)ccc23)CC1,10.0,4.937900000000005
CCCN(CCCCOc1ccn2ncc(C=O)c2c1)[C@H]1CCc2c(O)cccc2C1,9.96,4.2809000000000035
CCCN(CCCCOc1ccc2ccnn2c1)[C@H]1CCc2c(O)cccc2C1,9.96,4.468400000000004
O=C(CCCN1CCC(O)(c2cccc(Cl)c2Cl)CC1)c1ccc(F)cc1,9.92,5.079000000000004
O=C(CCCN1CCC(O)(c2ccc(Cl)cc2)CC1)c1ccc(F)cc1,9.92,4.425600000000004
CCOc1cccc2cc(CNCCCCOc3ccc4ccc(=O)[nH]c4c3)oc12,9.92,4.621800000000003
CCCN(CCCCOc1ccn2nccc2c1)[C@H]1CCc2c(O)cccc2C1,9.92,4.468400000000004
CCCN(CCCCOc1ccc2c(C=O)cnn2c1)[C@H]1CCc2c(O)cccc2C1,9.92,4.2809000000000035
O=S(=O)(c1cncc2ccccc12)N1CCC[C@H]1CCN1CCN(c2nsc3ccccc23)CC1,9.85,4.209900000000004
CCCN(CCc1ccsc1)C1CCc2c(O)cccc2C1,9.85,4.265700000000003
COc1ccccc1N1CCN(CCCCOc2ccc3ccc(=O)[nH]c3c2)CC1.O=C(O)C(=O)O,9.85,2.6734999999999998
CCN1CCN(c2cc(-c3ccc(F)cc3)c3c(n2)CCCCCC3)CC1,9.85,4.6886000000000045
O=C(CCCN1CCC2(c3ccc(Cl)cc3)CC2C1)c1ccc(F)cc1,9.84,5.105600000000005
O=C(CCCN1CCC(O)(c2ccc(Cl)c(Cl)c2)CC1)c1ccc(F)cc1,9.84,5.079000000000004
CCCN(CCCCOc1ccc2c(/C=N/O)cnn2c1)[C@H]1CCc2c(O)cccc2C1,9.8,4.276500000000003
COc1ccccc1N1CCN(CCCCOc2ccn3ncc(C#N)c3c2)CC1,9.8,3.195780000000002
O=C(O)C(=O)O.Oc1ccc2c(c1)O[C@@H](CNCc1ccccc1I)CC2,9.79,2.6358000000000006
CCCN(CCCCOc1ccn2ncc(/C=N\O)c2c1)[C@H]1CCc2c(O)cccc2C1,9.77,4.276500000000003
O=C(NCCCCN1CCN(c2ccccc2OCCF)CC1)c1ccc(-c2ccsc2)cc1,9.77,5.095600000000005
O/N=C/c1cnn2ccc(OCCCCN3CCN(c4cccc(Cl)c4Cl)CC3)cc12,9.77,4.430400000000004
CN(C)C(=O)N[C@H]1CC[C@H](CCN2CCN(c3cccc(Cl)c3Cl)CC2)CC1,9.74,4.335500000000003
O=C(N[C@H]1CC[C@H](CCN2CCN(c3nsc4ccccc34)CC2)CC1)c1cccs1,9.72,4.858700000000004
COc1ccccc1N1CCN(CCOc2ccc3[nH]c(=S)[nH]c3c2)CC1,9.72,3.4350900000000015
O=C1CCc2ccc(OCCCCN3CCN(c4cccc(Cl)c4Cl)CC3)cc2N1,9.7,4.859300000000005
O=C(NCCN1CC=C(c2cccc(C(F)(F)F)n2)CC1)C1CCC(F)(F)CC1,9.7,4.131200000000003
O=C1CCc2ccc(OCCCCN3CCCN(c4cccc(Cl)c4Cl)CC3)cc2N1,9.7,5.249400000000005
O=S(=O)(N[C@@H]1CCN(CCCc2noc3ccccc23)C1)c1ccc2ccccc2c1,9.7,3.966400000000003
Oc1ccc(C2=CCC[C@@H](CN3CC=C(c4ccccc4)CC3)C2)cc1,9.7,5.3650000000000055
O=C1NCN(c2ccccc2)C12CCN(CC1COc3ccc4[nH]ccc4c3O1)CC2,9.7,2.7362
CCCCc1cc(-c2ccsc2)cc(N2CCN(C)CC2)n1,9.7,3.904500000000003
O=C(N[C@H]1CC[C@H](CCN2CCN(c3nsc4ccccc34)CC2)CC1)c1ccc[nH]1,9.68,4.125300000000003
CN1CCN(C(=O)CCCN2CCN(c3cccc(Cl)c3Cl)CC2)C(C(=O)NCc2ccccc2)C1,9.67,3.3546000000000014
COc1ccccc1N1CCN(CCCCOc2ccc3c(c2)NC(=O)CC3)CC1.O=C(O)C(=O)O,9.66,2.7167
O=c1[nH]c2ccc(CCN3CCN(c4cccc5sc(F)cc45)CC3)cc2[nH]1,9.66,3.5747000000000027
O=C(Cc1coc2ccccc12)N[C@H]1CC[C@H](CCN2CCN(c3nsc4ccccc34)CC2)CC1,9.64,5.472300000000005
c1ccc(-c2cccc(CN3CCN4c5cccc6[nH]cc(c56)CC4C3)c2)cc1,9.64,5.081800000000004
O=C1CCc2ccc(CCN3CCN(c4cccc5sc(F)cc45)CC3)cc2N1,9.62,4.289800000000003
COc1cc(N)c(Cl)cc1C(=O)NC1CC2CCCC(C1)N2Cc1ccccc1,9.6,4.246300000000004
O=C(O)C(=O)O.O=C1CCc2ccc(OCCCCN3CCN(c4ccccc4OCCF)CC3)cc2N1,9.59,3.056400000000001
O=C(Cc1cccs1)N[C@H]1CC[C@H](CCN2CCN(c3nsc4ccccc34)CC2)CC1,9.57,4.787600000000005
COc1ccccc1N1CCN(CCCCOc2ccc3c(c2)NC(=O)CO3)CC1,9.52,3.0073000000000008
O=c1ccc2ccc(OCCCCN3CCN(c4cccc5sccc45)CC3)cc2[nH]1,9.52,4.724000000000004
O=C1NCc2ccc(OCCCN3CCN(c4cccc5c4CCC5)CC3)cc21,9.52,3.009800000000001
COc1ccccc1N1CCN(CCCCOc2ccc3c(c2)NC(=O)CC3)CC1,9.52,3.5611000000000024
CCCN(CCc1ccc(Nc2ccc([N+](=O)[O-])c3nonc23)cc1)[C@H]1CCc2c(O)cccc2C1,9.52,5.392200000000005
O=C1CCc2ccc(OCCCCN3CCN(c4cccc5c4OCCO5)CC3)cc2N1,9.52,3.3237000000000014
OCCN1CCN(CCCN2c3ccccc3Sc3ccc(Cl)cc32)CC1,9.52,3.942700000000003
O=Cc1cnn2ccc(NC(=O)CCCN3CCN(c4cccc(Cl)c4Cl)CC3)cc12,9.52,3.994500000000003
O=S(=O)(c1cccc2cnccc12)N1CCC[C@@H]1CCN1CCN(c2nsc3ccccc23)CC1,9.52,4.209900000000004
CC(C)(C)C(=O)NCCN1CC=C(c2cccc(C(F)(F)F)n2)CC1,9.52,3.3518000000000017
O=S(=O)(NCCCCN1CC=C(c2c[nH]c3ccc(F)cc23)CC1)c1ccc2ccccc2c1,9.52,5.308000000000004
C=CCN1CC[C@@H]2Cc3c(O)cccc3C[C@H]21,9.52,2.3673
CN([C@H]1CC[C@H](CCN2CCN(c3nsc4ccccc34)CC2)CC1)S(=O)(=O)c1cccs1,9.52,4.749400000000005
COCOc1ccc2c(c1OCOC)-c1cccc3c1[C@@H](C2)N(C)CC3,9.52,3.4041000000000023
O=C(CCCN1C2CCC1CC(O)(c1ccc(Cl)cc1)C2)c1ccc(F)cc1,9.51,4.956600000000004
N#Cc1cnn2ccc(OCCCCN3CCN(c4cccc(Cl)c4Cl)CC3)cc12,9.49,4.493980000000004
O=C(CCCN1CCC(O)(c2ccc(C(F)(F)F)cc2)CC1)c1ccc(F)cc1,9.49,4.791000000000004
O=C1CCc2cc(CCCCN3CCN(c4cccc5sc(F)cc45)CC3)ccc2N1,9.49,5.070000000000005
O=C(N[C@H]1CC[C@H](CCN2CCN(c3nsc4ccccc34)CC2)CC1)c1cc2ccccc2o1,9.49,5.543400000000005
O=C(N[C@H]1CC[C@H](CCN2CCN(c3nsc4ccccc34)CC2)CC1)c1ccccc1,9.48,4.797200000000005
CCCN1CCO[C@@H]2c3cc(O)ccc3CC[C@H]21.Cl,9.47,2.912100000000002
CN1CCN(C2Cc3ccccc3Sc3ccc(Cc4nnn(C)n4)cc32)CC1,9.46,2.7967000000000013
O=S(=O)(N[C@H]1CC[C@H](CCN2CCN(c3nsc4ccccc34)CC2)CC1)c1cccnc1,9.46,3.740700000000003
CCCN1C[C@H](CSC)C[C@@H]2c3cccc4[nH]cc(c34)C[C@H]21,9.45,4.271100000000003
C=CCN1C[C@H](C(=O)N(CCCN(C)C)C(=O)NCC)C[C@@H]2c3cccc4[nH]cc(c34)C[C@H]21,9.44,3.193900000000001
CC(C)(C)NC(=O)C1C(=O)NCCN1C(=O)CCCN1CCN(c2cccc(Cl)c2Cl)CC1,9.43,2.1372999999999998
CC(C)(C)[C@@]1(O)CCN2C[C@@H]3c4ccccc4CCc4cccc(c43)[C@H]2C1,9.43,4.844800000000005
O=C1NCCN1CCN1CCC(c2cn(-c3ccc(F)cc3)c3ccc(Cl)cc23)CC1,9.42,4.627600000000004
O=c1[nH]c2ccc(CCN3CCN(c4cccc5sccc45)CC3)cc2[nH]1,9.42,3.4356000000000018
COc1ccccc1N1CCN(CCCNC(=O)OC(C)(C)C)CC1,9.41,2.732000000000001
O=C(NCCN1CCC(c2cccc(C(F)(F)F)n2)CC1)C1CCC(F)(F)CC1,9.4,4.221500000000003
O=c1ccc2ccc(OCCCCN3CCN(c4cccc5c4OCCO5)CC3)cc2[nH]1,9.4,3.2805000000000017
COc1ccccc1N1CCN(CCCc2ccc3[nH]c(=S)[nH]c3c2)CC1,9.4,3.9888900000000023
Cc1cccc(C2=CCN(CCNC(=O)C3CCOCC3)CC2)n1,9.4,2.0219199999999997
CN(C)C(=O)N[C@H]1CC[C@H](CCN2CCc3cccc(Cl)c3C2)CC1,9.4,3.9182000000000023
CCN(Cc1ccc(C)cc1)Cc1ccc(-c2cc(S(=O)(=O)CC)ccc2OC)[nH]1,9.4,4.814420000000005
Clc1cccc(N2CCN(CCCCNc3ccccn3)CC2)c1Cl,9.4,4.402700000000003
Cc1cccc(C2CCN(CCNC(=O)C3CCC(F)(F)CC3)CC2)n1,9.4,3.5111200000000027
Oc1nc2cccc(N3CCN(Cc4ccc(O)c(-c5ccccc5)c4)CC3)c2o1,9.39,4.228200000000003
Fc1ccc(-c2ccc(CN3CCN(c4cccc5ccoc45)CC3)[nH]2)cc1,9.38,4.889200000000003
CCN(C)CCc1c(-c2ccc(C#N)cc2)[nH]c2ccccc12,9.38,4.200780000000003
Cc1ccc(S(=O)(=O)N[C@H]2CC[C@H](CCN3CCN(c4nsc5ccccc45)CC3)CC2)cc1,9.38,4.654120000000005
O=C(N[C@H]1CC[C@H](CCN2CCN(c3nsc4ccccc34)CC2)CC1)c1cc2ccccc2[nH]1,9.37,5.278500000000005
O=S(=O)(N[C@H]1CC[C@H](CCN2CCN(c3nsc4ccccc34)CC2)CC1)c1cccs1,9.37,4.407200000000004
CN1CCc2cc(F)cc3c2[C@H]1Cc1ccc(O)c(O)c1-3,9.37,2.9890000000000025
Cc1nc2n(c(=O)c1CCN1CCC(c3noc4cc(F)ccc34)CC1)CCCC2,9.36,3.5904200000000026
CCCN(CCCCCCCCCCN(CCC)[C@H]1CCc2c(O)cccc2C1)[C@@H]1CCc2c(O)cccc2C1,9.36,8.057400000000012
CN1CCN(C2Cc3ccccc3Sc3ccc(-c4nnn(C)n4)cc32)CC1,9.36,2.8729000000000013
O=S(=O)(N[C@@H]1CCN(CCCc2noc3ccccc23)C1)c1cc2ccccc2s1,9.35,4.027900000000003
CCCN(CCc1ccc(Nc2ccc([N+](=O)[O-])c3nonc23)cc1)C1CCc2c(O)cccc2C1,9.35,5.392200000000005
O=C1CCc2ccc(OCCCCN3CCN(c4cccc5c4OCCO5)CC3)nc2N1,9.35,2.718700000000001
O=C(CCCN1CCC(O)(c2cc(Cl)cc(Cl)c2)CC1)c1ccc(F)cc1,9.35,5.079000000000004
CCCCCCCCCC(=O)OC1(c2ccc(Cl)cc2)CCN(CCCC(=O)c2ccc(F)cc2)CC1,9.34,8.11720000000001
CC(C)Oc1ccccc1N1CCN(C2CCC(NC(=O)Nc3cc(F)ccc3F)CC2)CC1,9.34,5.006900000000004
CCCCn1cc(CCCOc2ccc(C(=O)NCCCCN(CCC)[C@H]3CCc4c(O)cccc4C3)cc2OC)nn1,9.33,5.583500000000006
O=C1CCc2ccc(OCCCCN3CCN(c4cccc5c4OCC(=O)N5)CC3)cc2N1,9.33,2.883400000000001
Oc1nc2cccc(N3CCN(Cc4cc(-c5ccc(F)cc5)ccn4)CC3)c2o1,9.33,4.056700000000003
O=c1ccc2ccc(CCN3CCN(c4cccc5sc(F)cc45)CC3)cc2[nH]1,9.32,4.246600000000003
CCc1cccc(N2CCN(CC[C@H]3CC[C@H](NC(=O)NC)CC3)CC2)c1Cl,9.32,3.902300000000002
CC(C)[C@@]1(NC(=O)[C@@H]2C[C@@H]3c4cccc5[nH]cc(c45)C[C@H]3N(C)C2)O[C@@]2(O)[C@@H]3CCCN3C(=O)[C@H](Cc3ccccc3)N2C1=O.CS(=O)(=O)O,9.31,2.2212000000000014
CN1CCN(C2=Nc3ccccc3Sc3ccc(Cl)cc32)CC1,9.31,4.1303000000000045
CC(C)C[C@H]1C(=O)N2CCC[C@H]2[C@]2(O)O[C@](NC(=O)[C@@H]3C=C4c5cccc6[nH]c(Br)c(c56)C[C@H]4N(C)C3)(C(C)C)C(=O)N12,9.3,3.192800000000001
O=c1[nH]c2ccccc2n1C1CCN(CCCOc2ccc(F)cc2)CC1,9.3,3.5747000000000027
CCCN1CC[C@@H]2Cc3c(O)cccc3C[C@H]21,9.3,2.5913000000000004
Nc1ccc(C#CCCN2CC=C(c3ccccc3)CC2)cn1,9.3,3.194700000000002
CCCNC1CCc2c(O)cccc2C1,9.3,2.2491000000000003
O=S(=O)(c1cccc2cnccc12)N1CCC[C@H]1CCN1CCN(c2nsc3ccccc23)CC1,9.3,4.209900000000004
O=C(CCCN1CCN(c2cccc(Cl)c2Cl)CC1)Nc1ccn2ncc(/C=N\O)c2c1,9.3,3.9901000000000018
CCCN(CCc1ccccc1)C1CCc2c(O)cccc2C1,9.3,4.204200000000004
Nc1ccc(C#CCCN2CC=C(c3ccccc3)CC2)cc1,9.3,3.799700000000003
CCCN(CCC)[C@@H]1CCc2ccc(O)cc2C1,9.3,3.371500000000002
O=C(Nc1cccnc1)N[C@H]1CC[C@H](CCN2CCN(c3nsc4ccccc34)CC2)CC1,9.29,4.583900000000004
CCN(C)C(=O)N[C@H]1CC[C@H](CCN2CCN(c3nsc4ccccc34)CC2)CC1,9.29,4.028500000000003
C#CC1=CC[C@@H](N(CCC)CCCCNC(=O)c2ccc(OCCCc3cnn(CCCC)n3)c(OC)c2)CC1,9.28,5.432500000000005
CN(C)C(=O)N[C@H]1CC[C@H](CCN2CCN(c3nsc4ccccc34)CC2)CC1,9.28,3.6384000000000025
COc1ccccc1N1CCN(CCCC(=O)Nc2ccn3ncc(/C=N\O)c3c2)CC1,9.28,2.6919000000000004
N#Cc1cnn2ccc(NC(=O)CCCN3CCN(c4cccc(Cl)c4Cl)CC3)cc12,9.28,4.0536800000000035
OCCN1CCN(CCCN2c3ccccc3Sc3ccc(C(F)(F)F)cc32)CC1,9.27,4.308100000000003
O=c1ccc2c(N3CCN(CCCCOc4ccn5ncc(/C=N/O)c5c4)CC3)ccc(O)c2[nH]1,9.27,2.6707000000000005
O=C(CCCN1CC[Si](O)(c2ccc(Cl)cc2)CC1)c1ccc(F)cc1,9.26,3.6026000000000025
COc1ccccc1N1CCN(CCCC(=O)Nc2ccn3ncc(C#N)c3c2)CC1,9.26,2.7554800000000013
C#CC1=CC[C@H](N(CCC)CCCCNC(=O)c2cnn3ccccc23)CC1,9.26,3.668400000000002
Clc1cccc(N2CCN(CCCCNc3cc(-c4ccccc4)ccn3)CC2)c1Cl,9.26,6.069700000000005
O=S(=O)(N[C@H]1CC[C@H](CCN2CCN(c3nsc4ccccc34)CC2)CC1)c1cc2ccccc2o1,9.24,5.091900000000005
O=C1NCc2ccc(OCCCCN3CCN(c4cccc5c4COC5)CC3)cc21,9.24,2.9414000000000016
O=C1NCc2ccc(OCCCCN3CCN(c4cccc5c4OCCC5)CC3)cc21,9.24,3.236200000000002
O=Cc1cnn2ccc(OCCCCN3CCN(c4ccc(O)c5[nH]c(=O)ccc45)CC3)cc12,9.24,2.6751000000000014
COc1ccccc1N1CCN(CCCCCNC(=O)c2nnn(Cc3ccccc3Br)c2C)CC1,9.24,4.128220000000002
COc1ccccc1N1CCN(CCCCNC(=O)c2cnn3ccc(OCCOCCOCCOCCOc4ccn5ncc(C(=O)NCCCCN6CCN(c7ccccc7OC)CC6)c5c4)cc23)CC1,9.23,5.171200000000008
Clc1cccc(N2CCN(CCCCNc3ccc(-c4ccccc4)cn3)CC2)c1Cl,9.23,6.069700000000005
COc1ccccc1N1CCN(CCCCNC(=O)OC(C)(C)C)CC1,9.22,3.1221000000000023
O=C(N[C@H]1CC[C@H](CCN2CCN(c3cccc(Cl)c3Cl)CC2)CC1)c1cccs1,9.22,5.555800000000005
C#CC1=CC[C@H](N(CCC)CCCCNC(=O)c2ccc(-c3ccccc3)cc2)CC1,9.22,5.687700000000006
Clc1cccc(N2CCN(CCCCNc3ccc4ccccc4n3)CC2)c1Cl,9.22,5.555900000000005
COc1nc2sc(C(=O)NCCCCCCN3CCC(c4ccc(Cl)cc4)CC3)c(N)c2c(C)c1Cl,9.22,6.672120000000007
CN1CCN(C2Cc3ccccc3Sc3ccc(-c4cccnc4)cc32)CC1,9.21,4.744400000000004
O=C1COc2ccc(OCCCCN3CCN(c4cccc(Cl)c4Cl)CC3)cc2N1,9.21,4.305500000000004
CN1CCc2cccc3c2[C@H]1Cc1ccc(O)c(O)c1-3,9.21,2.8499000000000025
O=C1COc2ccccc2N1CCCN1CCN(c2cccc3[nH]c(=O)oc23)CC1,9.2,2.0587999999999997
C=CCN1CCC[C@H]1CNC(=O)c1cccc(CCCF)c1,9.2,2.9689000000000014
Cc1c(S(=O)(=O)N[C@@H]2CCN(CCCc3noc4ccccc34)C2)sc2ccc(F)cc12,9.2,4.475420000000004
O=C(Nc1ccccc1)N[C@H]1CC[C@H](CCN2CCN(c3nsc4ccccc34)CC2)CC1,9.2,5.188900000000006
CCN1CCC[C@H]1CNC(=O)c1c(O)c(Br)cc(OC)c1OC,9.19,2.386
CC(C)C[C@H]1C(=O)N2CCC[C@H]2[C@]2(O)O[C@](NC(=O)[C@@H]3C=C4c5cccc6[nH]cc(c56)C[C@H]4N(C)C3)(C(C)C)C(=O)N12,9.19,2.4303
O=C(CCCN1CCC2(CC1)C(=O)N(CCc1ccc(Nc3ccc([N+](=O)[O-])c4nonc34)cc1)CN2c1ccccc1)c1ccc(F)cc1,9.18,6.360200000000006
CN(C)C1C=CC2(CC1)c1ccccc1C=Cc1ccc(Cl)cc12,9.18,5.390100000000005
C=CCN1CCC[C@H]1CNC(=O)c1cc(I)cc(OC)c1OC,9.17,2.688600000000001
CCCN(C)C1CCc2ccc(O)cc2C1,9.17,2.5913000000000013
O=C1COc2c(N3CCN(CCCCOc4ccn5ncc(/C=N/O)c5c4)CC3)ccc(O)c2N1,9.17,2.1600999999999995
O=C1CCc2ccc(OCCCCN3CCN(c4ccc(O)c5c4OCC(=O)N5)CC3)cc2N1,9.17,2.5890000000000004
NCCc1ccc(O)c(O)c1,9.17,0.5989999999999998
CN1CCN(C2Cc3ccccc3Sc3ccc(Cl)cc32)CC1,9.17,4.335800000000004
O=C1COc2c(F)cc(CCCCN3CCN(c4cccc5sccc45)CC3)cc2N1,9.17,4.516200000000004
S=c1[nH]c2ccc(OCCN3CCN(c4ccccc4)CC3)cc2[nH]1,9.17,3.426490000000002
CC(C)Oc1ccccc1N1CCN(C2CCC(NC(=O)Nc3ccc(F)cc3F)CC2)CC1,9.16,5.006900000000004
CCCN1CCC[C@H]1CNC(=O)c1c(O)c(CC)cc(Cl)c1OC,9.16,3.2208000000000014
CCOC(=O)N[C@H]1CC[C@H](CCN2CCN(c3nsc4ccccc34)CC2)CC1,9.15,4.113300000000003
CCCN(CCC)C1CCc2c(ccc(O)c2O)C1,9.15,3.0771000000000024
O=C1CCc2ccc(OCCCCN3CCN(c4cccc5c4OCCC5)CC3)nc2N1,9.15,3.2725000000000017
O=S(=O)(NCCCN1CC=C(c2c[nH]c3ccc(F)cc23)CC1)c1ccc2ccccc2c1,9.15,4.917900000000004
O=C1CCc2ccc(OCCCCN3CCN(c4cccc5[nH]ccc45)CC3)cc2N1,9.15,4.033800000000003
O=S(=O)(c1cccc2ncccc12)N1CCC[C@@H]1CCN1CCN(c2nsc3ccccc23)CC1,9.15,4.209900000000004
Clc1ccc2c(c1)C(N1CCNCC1)=Nc1ccccc1S2,9.15,3.7881000000000027
O=Cc1cnn2ccc(OCCCCN3CCN(c4ccc(O)c5c4OCC(=O)N5)CC3)cc12,9.14,2.1644999999999994
CN1CCN(C2Cc3ccccc3Sc3ccc(-c4cncnc4)cc32)CC1,9.14,4.139400000000004
Cc1ccc(C2(O)CCN(CCCC(=O)c3ccc(F)cc3)CC2)cc1,9.14,4.080620000000003
CC(C)N(C(=O)N[C@H]1CC[C@H](CCN2CCN(c3nsc4ccccc34)CC2)CC1)C(C)C,9.14,5.195600000000005
COc1ccccc1N1CCN(CCCCOc2ccc3ccnn3c2)CC1,9.13,3.3241000000000023
FC(F)(F)c1cccc(N2CCN(CCCCNc3cc(-c4ccccc4)ccn3)CC2)c1,9.12,5.781700000000006
CCCN(CCc1cccs1)C1CCc2ccc(O)cc2C1,9.12,4.265700000000003
CCc1cccc(N2CCN(CC[C@H]3CC[C@H](NC(=O)N(C)C)CC3)CC2)c1Cl,9.12,4.244500000000003
CN(C)C(=O)NC1CCC(CCN2CCN(c3cccc(Cl)c3Cl)CC2)CC1,9.11,4.335500000000003
O=C(Nc1ccco1)N[C@H]1CC[C@H](CCN2CCN(c3nsc4ccccc34)CC2)CC1,9.1,4.781900000000005
COc1ccccc1N1CCN(CCCCNc2ccccn2)CC1,9.1,3.1045000000000016
O=C1Cc2cc(CCN3CCN(c4nsc5ccccc45)CC3)c(Cl)cc2N1,9.1,3.809000000000002
O=C(CCCN1CC=C(n2c(=O)[nH]c3ccccc32)CC1)c1ccc(F)cc1,9.1,3.6784000000000026
CCN(Cc1ccc(-c2cc(S(=O)(=O)CC)ccc2OC)[nH]1)C1CCc2ccccc21,9.1,4.993300000000005
C[C@H]1Oc2c(cccc2N2CCN(CCCc3c[nH]c4ccc(F)cc34)CC2)NC1=O,9.1,3.781200000000002
CCN(Cc1ccccc1)Cc1ccc(-c2cc(S(=O)(=O)CC)ccc2OC)[nH]1,9.1,4.506000000000003
OC1(c2ccc(Cl)cc2)CCN(CCCOc2ccc(F)cc2)CC1,9.1,4.231600000000003
O=C(NCCN1CC=C(c2cccc(C(F)(F)F)n2)CC1)C1CCOCC1,9.1,2.7323000000000004
Cc1cc2c(cc1OCCCCN1CCN(c3cccc4cc(F)ccc34)CC1)C(=O)NC2,9.09,4.5119200000000035
O=C(N[C@H]1CC[C@@H](CCN2CCN(c3nsc4ccccc34)CC2)CC1)c1ccco1,9.09,4.390200000000004
O=C1CCc2ccc(OCCCCN3CCCN(c4ccc(O)c5[nH]c(=O)ccc45)CC3)cc2N1,9.09,3.489700000000002
CN(C)C(=O)N[C@H]1CC[C@H](CCN2CCN(c3cccc(Cl)c3Cl)CC2)CC1.Cl,9.09,4.757300000000005
O=C1CCc2ccc(OCCCCN3CCN(c4cccc5ccccc45)CC3)nc2N1,9.09,4.100700000000003
CCCN(CCc1ccc(NC(=O)CCC(=O)NCCCC[C@H](NC(C)=O)C(=O)NCCCC[C@H](NC(C)=O)C(=O)NCCCCCCNC(=O)c2nn(-c3ccc(Cl)cc3Cl)c(-c3ccc(Cl)cc3)c2C)cc1)C1CCc2c(O)cccc2C1,9.08,9.73322
O=C(N[C@H]1CC[C@H](CCN2CCN(c3nsc4ccccc34)CC2)CC1)C1CC1,9.07,3.8934000000000024
C=CCN1CCC[C@H]1CNC(=O)c1cc(Br)cc(OC)c1OC,9.07,2.8465000000000016
O=C(N[C@H]1CC[C@H](CCN2CCN(c3nsc4ccccc34)CC2)CC1)c1cccnc1,9.07,4.192200000000003
CN1CCN(C2Cc3ccccc3Sc3ccc(-c4ccnn4C)cc32)CC1,9.07,4.082900000000003
O=C1COc2c(N3CCN(CCCCOc4ccn5nccc5c4)CC3)ccc(O)c2N1,9.07,2.352
O=C1NCc2cc(F)c(OCCCCN3CCN(c4cccc5ccccc45)CC3)cc21,9.06,4.203500000000004
CC(C)Oc1ccccc1N1CCCN(CCCCOc2ccc3c(c2)NC(=O)CC3)CC1,9.06,4.7298000000000044
CCc1cccc(N2CCN(CC[C@H]3CC[C@H](NC(=O)N4CCc5ncccc5C4)CC3)CC2)c1Cl,9.06,5.136200000000005
O=c1[nH]c2ccccc2n1CCCN1CCC(n2c(=O)[nH]c3cc(Cl)ccc32)CC1,9.05,3.353200000000002
O=C1CCc2ccc(OCCCCN3CCN(c4ccc(O)c5[nH]c(=O)ccc45)CC3)cc2N1,9.05,3.0996000000000015
COc1ccc2[nH]cc(CN3CCC(O)(c4ccc(I)cc4)CC3)c2c1.O=C(O)C(=O)O,9.05,3.420300000000001
CCCN(CCC)[C@@H]1Cc2cccc3c2n(c(=O)n3CCC)C1,9.05,3.2597000000000023
O=S(=O)(c1cncc2ccccc12)N1CCC[C@@H]1CCN1CCN(c2nsc3ccccc23)CC1,9.05,4.209900000000004
COc1cccc2[nH]cc(CN3CCC(O)(c4ccc(I)cc4)CC3)c12.O=C(O)C(=O)O,9.05,3.420300000000001
O=S(=O)(NCCCCN1CCN(c2nsc3ccccc23)CC1)c1ccc2ccccc2c1,9.05,4.330200000000004
O=C1NCc2cc(F)c(OCCCCN3CCN(c4cccc5cc(F)ccc45)CC3)cc21,9.05,4.342600000000004
COc1cccc2[nH]cc(CN3CCC(O)(c4ccc(I)cc4)CC3)c12,9.05,4.264700000000003
CN(C(=O)N[C@H]1CC[C@H](CCN2CCN(c3nsc4ccccc34)CC2)CC1)c1cccs1,9.04,5.274700000000005
CCCc1c(C(=O)NCCCCCN2CCN(c3ccccc3OC)CC2)nnn1Cc1ccccc1Br,9.04,4.772300000000004
COc1ccc2c(c1)CCCN(CCCCN1CCN(c3ccccc3OC)CC1)C2=O,9.03,3.694600000000003
O=C(N[C@H]1CC[C@H](CCN2CCN(c3nsc4ccccc34)CC2)CC1)C1CCCCC1,9.03,5.063700000000004
Cn1ccc2cc(S(=O)(=O)N[C@@H]3CCN(CCCc4noc5ccccc45)C3)ccc21,9.03,3.3049000000000017
c1ccc(-c2cccc(CN3CCN(c4cccc5c4OCCN5)CC3)c2)cc1,9.03,4.480100000000003
CC(C)Oc1ccccc1N1CCCN(CCCCOc2ccc3ccc(=O)[nH]c3c2)CC1,9.03,4.686600000000004
CCc1cc(Cl)c(OC)c(C(=O)NC[C@@H]2C[C@@H](OCCCCNC(=O)c3cc4ccccc4o3)CN2CC)c1O,9.02,4.782200000000005
O=C(N[C@H]1CC[C@@H](CCN2CCN(c3nsc4ccccc34)CC2)CC1)OCc1ccccc1,9.01,5.293600000000006
Cc1cccc(N2CCN(CCCCOc3ccc4c(n3)NC(=O)CC4)CC2)c1Cl,9.0,3.909320000000003
O=C1CCc2ccc(OCCCCN3CCN(c4cccc(Cl)c4F)CC3)nc2N1,9.0,3.740000000000003
CN1CCc2ccc(OCCCN3CCC(c4noc5cc(F)ccc45)CC3)cc2C1=O,9.0,4.243500000000004
CCCN[C@@H]1Cc2cccc3nc(O)n(c23)C1,9.0,1.6662
O=c1n(CCCCCCN2CCN(c3nsc4ccccc34)CC2)c2cccc3c2n1CCC3,9.0,4.741500000000005
O=S(=O)(N[C@H]1CC[C@@H](CCN2CCN(c3nsc4ccccc34)CC2)CC1)c1cc2ccccc2[nH]1,9.0,4.827000000000004
COc1ccc(-n2cc(CCCC(=O)NCCCCN3CCN(c4cccc(Cl)c4Cl)CC3)nn2)cc1,9.0,4.624000000000004
O=C1CCc2ccc(OCCCCN3CCN(c4cccc(C(F)(F)F)c4Cl)CC3)nc2N1,9.0,4.619700000000004
COc1ccccc1N1CCN(CCCCNC(=O)c2cc3cc(I)ccc3s2)CC1,9.0,4.846700000000005
O=S(=O)(NCCCCN1CC=C(c2c[nH]c3ccc(Cl)cc23)CC1)c1cccc(Cl)c1,9.0,5.322500000000004
O=c1ccc2cnc(OCCCCN3CCN(c4cccc(Cl)c4Cl)CC3)nc2[nH]1,9.0,3.6061000000000023
O=C1CCc2ccc(OCCCCN3CCN(c4cccc5cc(F)ccc45)CC3)nc2N1,9.0,4.239800000000003
O=C(N[C@H]1CC[C@H](CCN2CCN(c3ccccc3Cl)CC2)CC1)c1cccs1,9.0,4.9024000000000045
COc1ccccc1N1CCN(CCCCCCN2C(=O)c3ccccc3S2(=O)=O)CC1,9.0,3.2223000000000024
C[C@@H]1Oc2c(cccc2N2CCN(CCCc3c[nH]c4ccccc34)CC2)NC1=O,9.0,3.642100000000002
C[C@@H]1Oc2c(cccc2N2CCN(CCCc3c[nH]c4c(F)cccc34)CC2)NC1=O,9.0,3.781200000000002
CCCN(CCCCNC(=O)c1ccc(-c2ccccc2)cc1)[C@H]1CCn2nccc2C1,9.0,4.787100000000005
O=C1CCc2ccc(OCCCCN3CCN(c4cccc(Cl)c4Cl)CC3)nc2N1,9.0,4.254300000000003
O=c1ccc2ccc(OCCCCN3CCN(c4cccc(Cl)c4Cl)CC3)nc2[nH]1,9.0,4.211100000000003
O=C1CCc2ccc(OCCCCN3CCN(c4cccc5c4CCC5)CC3)nc2N1,9.0,3.436200000000002
O=C(CCCN1CCC(O)(c2cccc(Cl)c2)CC1)c1ccc(F)cc1,9.0,4.425600000000004
O=C1CCc2ccc(OCCCCN3CCN(c4cccc5c4CCCO5)CC3)nc2N1,9.0,3.2725000000000017
O=c1ccc2ccc(OCCCCN3CCCN(c4cccc(Cl)c4Cl)CC3)cc2[nH]1,9.0,5.206200000000004
O=C1COc2c(cccc2N2CCN(Cc3cccc(-c4ccccc4)c3)CC2)N1,9.0,4.006700000000002
C(#Cc1ccncc1)CCN1CC=C(c2ccccc2)CC1,9.0,3.6125000000000025
CCN(Cc1ccc(Cl)cc1)Cc1ccc(-c2cc(S(=O)(=O)CC)ccc2OC)[nH]1,9.0,5.159400000000004
O=S(=O)(NCCCCN1CCC(c2noc3cc(F)ccc23)CC1)c1ccc2cc(Cl)ccc2c1,9.0,5.711600000000005
O=S(=O)(NCCCN1CCC(c2noc3cc(F)ccc23)CC1)c1ccc2ccccc2c1,9.0,4.668100000000004
CN1CCc2ccccc2Cc2c(ccc(O)c2Cl)CC1,9.0,3.666800000000003
FC(F)(F)c1cccc(N2CCN(CCCCNc3nccc4ccccc34)CC2)c1,9.0,5.2679000000000045
COc1ccccc1N1CCN(CCCCNc2nccc3ccccc23)CC1,9.0,4.257700000000003
O=C(CCc1cn(CCOCCOCCOCCn2cc(CCC(=O)OC3(c4ccc(Cl)cc4)CCN(CCCC(=O)c4ccc(F)cc4)CC3)nn2)nn1)OC1(c2ccc(Cl)cc2)CCN(CCCC(=O)c2ccc(F)cc2)CC1,9.0,9.465000000000003
O=S(=O)(c1cccc2ncccc12)N1CCC[C@H]1CCN1CCN(c2nsc3ccccc23)CC1,9.0,4.209900000000004
CN1CCN(C2=Cc3ccccc3Cc3ccc(Cl)cc32)CC1,9.0,3.9897000000000036
O=C1[C@@H]2[C@H]3CC[C@H](C3)[C@@H]2C(=O)N1CCCCCCN1CCN(c2nsc3ccccc23)CC1,9.0,4.009800000000003
O=C(NCCCCN1CCN(c2cnc3ccccc3c2)CC1)c1ccccc1,9.0,3.567000000000002
O=C(NCc1ccccc1)N[C@H]1CC[C@@H](CCN2CCN(c3nsc4ccccc34)CC2)CC1,8.99,4.8666000000000045
O=C(O)C(=O)O.Oc1ccc2c(c1)O[C@@H](CNCc1cccc(I)c1)CC2,8.99,2.6358000000000006
O=C(CCCN1CCC(O)(c2cc(Cl)ccc2Cl)CC1)c1ccc(F)cc1,8.99,5.079000000000004
COc1ccc2oc(C(=O)N[C@H]3CC[C@H](CCN4CCN(c5nsc6ccccc56)CC4)CC3)cc2c1,8.98,5.552000000000006
O[C@@]1(c2ccc(Cl)cc2)C[C@H]2CC[C@@H](C1)N2Cc1coc2ccccc12,8.97,5.100800000000005
CC(C)(C)C(=O)NCCN1CCC(c2cccc(C(F)(F)F)n2)CC1,8.96,3.4421000000000026
CN1CCN(C2=Nc3ccccc3Sc3ccc(F)cc32)CC1,8.96,3.6160000000000023
FC(F)(F)c1cccc(N2CCN(CCCCNc3ccc(-c4ccccc4)cn3)CC2)c1,8.96,5.781700000000005
CN1CCc2cc(O)cc3c2[C@H]1Cc1ccc(O)c(O)c1-3,8.96,2.555500000000002
Cc1cccc(C2=CCN(CCNC(=O)[C@H]3C[C@@H]4CC[C@H]3O4)CC2)n1,8.96,2.16282
CC(C)(C)[C@]1(O)CCN2C[C@@H]3c4ccccc4CCc4cccc(c43)[C@@H]2C1,8.96,4.844800000000005
O/N=C/c1cnn2ccc(OCCCCN3CCN(c4ccc(O)c5c4OCCO5)CC3)cc12,8.96,2.6004000000000005
C#CC1=CC[C@@H](N(CCC)CCCCNC(=O)c2cnn3ccccc23)CC1,8.96,3.668400000000002
O=C1CCc2ccc(OCCCCN3CCN(c4cc(F)cc5ccccc45)CC3)nc2N1,8.96,4.239800000000003
CN(CCCCNC(=O)c1cc2ccccc2[nH]1)[C@@H]1Cc2cccc3[nH]c(=O)n(c23)C1,8.96,2.877600000000001
O=S(=O)(NCCCCN1CCC(c2noc3cc(F)ccc23)CC1)c1ccc2ccccc2c1,8.96,5.058200000000005
CCCN(CCc1ccc(NC(=O)CCC(=O)NCCOCCOCC(=O)NCCOCCOCC(=O)NCCCC[C@H](NC(C)=O)C(=O)NCCCC[C@H](NC(C)=O)C(=O)NCCCCCCNC(=O)c2nn(-c3ccc(Cl)cc3Cl)c(-c3ccc(Cl)cc3)c2C)cc1)C1CCc2c(O)cccc2C1,8.96,8.032020000000017
O=C(CCN1CCN(CCC(=O)OC2(c3ccc(Cl)cc3)CCN(CCCC(=O)c3ccc(F)cc3)CC2)CC1)OC1(c2ccc(Cl)cc2)CCN(CCCC(=O)c2ccc(F)cc2)CC1,8.96,9.364400000000003
CN1CCN(C2Cc3ccccc3Sc3ccc(-c4ccncc4)cc32)CC1,8.96,4.744400000000004
CN1CCN([C@H]2Cc3ccccc3Sc3ccc(Cl)cc32)CC1,8.96,4.335800000000004
O=C1NCCN(C(=O)CCCN2CCN(c3cccc(Cl)c3Cl)CC2)C1C(=O)NCc1ccccc1,8.94,2.5389999999999997
CCCN1CCO[C@@H]2c3cc(O)ccc3SC[C@H]21,8.94,2.649800000000001
COC(=O)N[C@H]1CC[C@H](CCN2CCN(c3nsc4ccccc34)CC2)CC1,8.93,3.723200000000003
CCCN1CCc2cccc3c2[C@H]1Cc1ccc(O)c(O)c1-3,8.93,3.630100000000003
O=C1Cc2cc(CCN3CCN(c4cccc5sc(F)cc45)CC3)ccc2N1,8.92,3.899700000000003
CN(C)CCCN1c2ccccc2Sc2ccc(Cl)cc21,8.92,4.894400000000004
O=C1CCc2ccc(OCCCCN3CCCN(c4cccc(Cl)c4Cl)CC3)nc2N1,8.92,4.644400000000004
CN1CCc2c(sc3ncn(CCN4CCN(c5cncc6ccccc56)CC4)c(=O)c23)C1,8.92,2.816300000000001
O=C(N[C@H]1CC[C@@H](CCN2CCN(c3nsc4ccccc34)CC2)CC1)c1cccs1,8.92,4.858700000000004
CNC(=O)N[C@H]1CC[C@H](CCN2CCN(c3cccc(Cl)c3Cl)CC2)CC1,8.92,3.993300000000003
CN1CCCC[C@@H]1CCN1c2ccccc2Sc2ccc([S+](C)[O-])cc21,8.92,4.901100000000005
CCCN1CCC[C@@H]2Cc3[nH]ncc3C[C@H]21,8.92,1.9989000000000001
CCN1CCC[C@H]1CNC(=O)c1c(O)c(Cl)cc(Cl)c1OC,8.92,2.9217000000000013
COc1ccc(Cl)cc1NC(=O)NC1CCC(N2CCN(c3ccccc3OC(C)C)CC2)CC1,8.92,5.390700000000005
O=C1CCc2ccc(OCCCCN3CCN(c4cccc5ccc(F)cc45)CC3)nc2N1,8.92,4.239800000000003
C#CC1=CC[C@@H](N(CCC)CCCCNC(=O)c2ccc(-c3ccccc3)cc2)CC1,8.92,5.687700000000006
O[C@@]1(c2ccc(Cl)cc2)C[C@H]2CC[C@@H](C1)N2Cc1coc2ccc(F)cc12,8.92,5.239900000000004
O=S(=O)(NCCCCN1CCC(c2noc3cc(F)ccc23)CC1)c1cc2ccc(Cl)cc2s1,8.92,5.773100000000005
O=C(O)C(=O)O.Oc1ccc2c(c1)O[C@@H](CNCc1ccccc1)CC2,8.91,2.0311999999999997
O=S(=O)(N[C@@H]1CCN(CCCc2noc3ccccc23)C1)c1cc2ccccc2o1,8.91,3.559400000000002
O=S(=O)(N[C@H]1CC[C@@H](CCN2CCN(c3nsc4ccccc34)CC2)CC1)c1ccco1,8.91,3.9387000000000034
O=C(CCCCCCCCC(=O)NCCCN1CCN(C2=Nc3cc(Cl)ccc3Nc3ccccc32)CC1)NCCCN1CCN(C2=Nc3cc(Cl)ccc3Nc3ccccc32)CC1,8.91,9.332800000000002
COc1nc(N)c(Cl)cc1C(=O)NC1CC2CCCC(C1)N2Cc1ccccc1,8.9,3.641300000000003
COc1ccccc1N1CCN(CCOc2ccc3[nH]c(=O)[nH]c3c2)CC1,8.89,2.0657999999999994
O=C1CCc2ccc(OCCCCN3CCN(c4cccc5c4ccn5S(=O)(=O)c4ccccc4)CC3)cc2N1,8.89,4.744200000000005
O=C1CCc2ccc(OCCCCN3CCN(c4cccc5c4ccn5Cc4cccc(Cl)c4)CC3)cc2N1,8.89,6.208900000000007
COc1ccccc1N1CCN(Cc2ccn(-c3ccccc3)c2)CC1,8.89,3.808100000000003
O=C1Cc2cc(CCCCN3CCN(c4cccc5sc(F)cc45)CC3)ccc2N1,8.89,4.679900000000004
Nc1ccc(C#CCCN2CC=C(c3ccccc3)CC2)nc1,8.89,3.194700000000002
O=C(CCc1cn(CCCCCCCCn2cc(CCC(=O)OC3(c4ccc(Cl)cc4)CCN(CCCC(=O)c4ccc(F)cc4)CC3)nn2)nn1)OC1(c2ccc(Cl)cc2)CCN(CCCC(=O)c2ccc(F)cc2)CC1,8.89,11.755799999999988
Oc1nc2cccc(N3CCN(Cc4cccc(-c5ccsc5)c4)CC3)c2o1,8.89,4.584100000000004
CCCN1CCC[C@@H]2Cc3c(ccc(O)c3O)C[C@H]21,8.89,2.687000000000002
CC(C)Oc1ccccc1N1CCCN(CCCCOc2ccc3c(n2)NC(=O)CC3)CC1,8.89,4.124800000000003
CC(C)c1ccccc1N1CCN(CCCCCC(=O)N2CCc3ccccc3C2)CC1,8.89,5.0773000000000055
CN1CCc2cc(Cl)c(O)cc2[C@H]2c3cc(CN4CCN(c5ccccn5)CC4)ccc3CC[C@@H]21,8.89,4.6974000000000045
CC(C)c1cc(-c2ccsc2)cc(N2CCN(C)CC2)n1,8.88,3.6853000000000025
O=C(CCCCCCC(=O)NCCCN1CCN(C2=Nc3cc(Cl)ccc3Nc3ccccc32)CC1)NCCCN1CCN(C2=Nc3cc(Cl)ccc3Nc3ccccc32)CC1,8.87,8.552600000000005
NC(=O)C1CCN(CCCN2c3ccccc3Sc3ccc(Cl)cc32)CC1,8.87,4.530100000000004
O=S(=O)(N[C@@H]1CCN(CCCc2noc3ccccc23)C1)c1cc2ccc(F)cc2s1,8.85,4.167000000000003
O=C(NCc1ccccc1)N[C@H]1CC[C@H](CCN2CCN(c3nsc4ccccc34)CC2)CC1,8.85,4.8666000000000045
O=C1NCc2cc(F)c(OCCCCN3CCN(c4cccc5cccc(F)c45)CC3)cc21,8.85,4.342600000000004
Cc1cccc(C2=CCN(CCNC(=O)C(C)(C)C)CC2)n1,8.85,2.641420000000001
O=C1CCc2ccc(OCCCCN3CCN(c4cccc5c4CCCC5)CC3)nc2N1,8.85,3.8263000000000025
O=c1[nH]c2ccccc2n1C1CCN(CCCC(c2ccc(F)cc2)c2ccc(F)cc2)CC1,8.85,5.8570000000000055
COc1ccccc1N1CCN(CCCCCNC(=O)OC(C)(C)C)CC1,8.85,3.5122000000000027
COc1ccccc1N1CCN(CCCC(=O)Nc2ccn3ncc(C=O)c3c2)CC1,8.85,2.696300000000001
CN1CCN(C2Cc3ccccc3Sc3ccc(C#N)cc32)CC1,8.85,3.5540800000000026
CSc1ccccc1N1CCN(CCCNC(=O)c2cnn3ccccc23)CC1,8.85,2.9983000000000013
O[C@@]1(c2ccc(Cl)c(Cl)c2)C[C@H]2CC[C@@H](C1)N2Cc1coc2ccc(F)cc12,8.85,5.893300000000004
COc1ccccc1N1CCN(CC[C@H]2CC[C@H](NC(=O)c3cccs3)CC2)CC1,8.85,4.257600000000004
CCNC(=O)N(CCCN(C)C)C(=O)[C@@H]1C[C@@H]2c3cccc4c3c(cn4C)C[C@H]2N(C)C1,8.85,2.6481000000000003
Cc1cccc(C2CCN(CCNC(=O)C(C)(C)C)CC2)n1,8.85,2.731720000000001
Cc1cccc(C2CCN(CCNC(=O)C3CCOCC3)CC2)n1,8.85,2.1122199999999998
CN1C[C@H](C(=O)N[C@]2(C)O[C@@]3(O)[C@@H]4CCCN4C(=O)[C@H](Cc4ccccc4)N3C2=O)C=C2c3cccc4[nH]cc(c34)C[C@H]21,8.84,1.990800000000002
CN(C(=O)N[C@H]1CC[C@H](CCN2CCN(c3nsc4ccccc34)CC2)CC1)c1ccccc1,8.84,5.213200000000005
CN1CCc2c(sc3ncn(CCN4CCN(c5ccnc6ccccc56)CC4)c(=O)c23)C1,8.84,2.816300000000001
C=CCN1CCC[C@H]1CNC(=O)c1cc(CCCSC2CC(=O)N(CCCCCC(=O)NCCOCCOCCOCCOCCC(=O)N[C@@H](Cc3cnc[nH]3)C(=O)N[C@@H](C)C(=O)N[C@H](C(=O)N[C@@H](Cc3ccc(O)cc3)C(=O)N3CCC[C@H]3C(=O)N[C@@H](CCCNC(=N)N)C(=O)N[C@@H](Cc3cnc[nH]3)C(=O)O)[C@@H](C)CC)C2=O)cc(OC)c1OC,8.83,1.203969999999967
NC(=O)N[C@H]1CC[C@H](CCN2CCN(c3cccc(Cl)c3Cl)CC2)CC1,8.83,3.7326000000000024
O=C(CCCN1CCC(O)(c2c(Cl)cccc2Cl)CC1)c1ccc(F)cc1,8.83,5.079000000000004
O=S(=O)(NCCN1CC=C(c2c[nH]c3ccc(Cl)cc23)CC1)c1cccc(O)c1,8.82,3.594500000000002
Fc1ccc2c(C3CCN(CCCOc4ccc(CN5CCOCC5)cc4)CC3)noc2c1,8.82,4.447600000000004
CN1CCc2ccccc2Cc2sc3ccccc3c2CC1,8.82,4.522500000000004
CCN1CCCC1CNC(=O)c1cc(S(=O)(=O)CC)c(N)cc1OC,8.82,1.2851000000000006
CCCN(CCCCOc1ccn2nccc2c1)[C@@H]1CCc2c(O)cccc2C1,8.82,4.468400000000004
OC1(c2ccc(Cl)cc2)CCN(CC[C@H]2C[C@@H]2c2ccc(F)cc2)CC1,8.82,4.956300000000005
COc1ccccc1N1CCN(CCCCN2CCCc3ccccc3C2=O)CC1,8.82,3.6860000000000026
Fc1ccccc1N1CCN(CCCCNc2cc(-c3ccccc3)ccn2)CC1,8.82,4.902000000000004
COc1ccccc1N1CCN(CCOc2ccc3nn[nH]c3c2)CC1,8.82,2.1674999999999995
COc1ccc2occ(CN3[C@@H]4CC[C@H]3C[C@](O)(c3ccc(Cl)cc3)C4)c2c1,8.82,5.109400000000005
O[C@@]1(c2ccc(Br)cc2)C[C@H]2CC[C@@H](C1)N2Cc1coc2ccccc12,8.82,5.209900000000005
Cc1c(S(=O)(=O)NCCCCN2CCC(c3noc4cc(F)ccc34)CC2)sc2ccc(Cl)cc12,8.82,6.081520000000005
O=C1CCc2ccc(OCCCCN3CCN(c4ccc(O)c5ncccc45)CC3)cc2N1,8.82,3.806300000000003
N#Cc1cc2c3c(ccc2[nH]1)OCC(CN1CCC2(CC1)C(=O)NCN2c1ccccc1)O3,8.82,2.6078800000000006
COc1ccc(Cn2nnc(C(=O)NCCCCCN3CCN(c4cccc(Cl)c4Cl)CC3)c2C)cc1,8.82,4.672520000000004
O=C1NCc2ccc(OCCCCN3CCN(c4cccc5c4CCCC5)CC3)cc21,8.81,3.7900000000000027
O=C(CCc1cn(CCOCCOCCOCCOCCn2cc(CCC(=O)OC3(c4ccc(Cl)cc4)CCN(CCCC(=O)c4ccc(F)cc4)CC3)nn2)nn1)OC1(c2ccc(Cl)cc2)CCN(CCCC(=O)c2ccc(F)cc2)CC1,8.8,9.481600000000002
O=C1CCc2ccc(OCCCCN3CCN(c4c(F)ccc5ccccc45)CC3)nc2N1,8.8,4.239800000000003
FC(F)(F)c1cccc(N2CCN(CCCCNc3ccc4ccccc4n3)CC2)c1,8.8,5.267900000000004
C#CC1=CC[C@@H](N(CCC)CCCCNC(=O)c2ccc(OCCCc3cn(CCCC)nn3)c(OC)c2)CO1,8.8,4.626400000000005
O=C1CCc2ccc(OCCCCN3CCCN(c4ccc(O)c5c4OCC(=O)N5)CC3)cc2N1,8.8,2.9791000000000007
Cc1ccccc1-c1ccc2c(c1)C(N1CCN(C)CC1)Cc1ccccc1S2,8.8,5.657820000000005
Cc1nc2n(c(=O)c1CCN1CCC(c3noc4cc(F)ccc34)CC1)CCCC2O,8.8,3.081320000000002
O=C(N[C@H]1CC[C@H](CCN2CCN(c3nsc4ccccc34)CC2)CC1)OCc1ccccc1,8.8,5.293600000000006
CN1CCN(C2Cc3ccccc3Sc3ccc(-c4ccn(C)n4)cc32)CC1,8.8,4.082900000000003
CCC(=O)OC1(c2ccc(Cl)cc2)CCN(CCCC(=O)c2ccc(F)cc2)CC1,8.8,5.386500000000005
CNc1cc(OC)c(C(=O)NC2CCN(Cc3ccccc3)C2C)cc1Cl,8.79,3.783100000000003
c1ccc2c(N3CCN(CCc4ccc5[nH]cnc5c4)CC3)cccc2c1,8.78,4.080800000000003
CC(C)[C@H]1C(=O)N2CCC[C@H]2[C@]2(O)O[C@](NC(=O)[C@@H]3C=C4c5cccc6[nH]cc(c56)C[C@H]4N(C)C3)(C(C)C)C(=O)N12,8.78,2.040199999999999
CN1CCN(C(=O)CCCN2CCN(c3cccc(Cl)c3Cl)CC2)C(C(=O)NC2CCCCC2)C1,8.78,3.4871000000000016
c1ccc2c(N3CCN(CCc4ccc5c(c4)NCN5)CC3)cccc2c1,8.78,3.9994000000000023
CCCN(CCCCCCCCCN(CCC)[C@H]1CCc2c(O)cccc2C1)[C@@H]1CCc2c(O)cccc2C1,8.77,7.6673000000000116
O[C@]1(c2ccc(Cl)c(Cl)c2)C[C@H]2CC[C@@H](C1)N2Cc1coc2ccccc12,8.77,5.754200000000004
O=S(=O)(N[C@H]1CC[C@H](CCN2CCN(c3nsc4ccccc34)CC2)CC1)c1cc2ccccc2s1,8.77,5.560400000000006
COc1ccccc1N1CCN(CCCCOc2ccc3c(/C=N/O)cnn3c2)CC1,8.77,3.132200000000001
O=C(N[C@H]1CC[C@H](CCN2CCN(c3nsc4ccccc34)CC2)CC1)C(F)(F)F,8.77,4.045700000000003
CN(C)C[C@H]1CC2c3ccccc3Sc3ccc(F)cc3[C@H]2O1,8.77,4.4657000000000036
C(#Cc1cccnc1)CCN1CC=C(c2ccccc2)CC1,8.77,3.6125000000000025
O=C(N[C@H]1CC[C@H](CCN2CCN(c3cccc(Cl)c3Cl)CC2)CC1)C1CCCC1,8.77,5.370700000000005
O=S(=O)(NCCCN1CC=C(c2c[nH]c3ccc(Cl)cc23)CC1)c1cccc(F)c1,8.77,4.4181000000000035
CN1CCN(Cc2ccc(OCCCN3CCC(c4noc5cc(F)ccc45)CC3)cc2)CC1,8.77,4.362800000000004
CCCN(CCCCOc1ccc2ccnn2c1)[C@@H]1CCc2c(O)cccc2C1,8.77,4.468400000000004
O=S(=O)(c1cccc2ncccc12)N1CCC[C@H]1CCN1CCC(c2noc3cc(F)ccc23)CC1,8.77,4.937900000000004
c1ccc(-c2cccc(CN3CCN(c4cccc5c4OCCO5)CC3)c2)cc1,8.77,4.447000000000004
O=C1[C@@H]2[C@H]3CC[C@H](C3)[C@@H]2C(=O)N1C[C@@H]1CCCC[C@H]1CN1CCN(c2nsc3ccccc23)CC1,8.77,4.255800000000003
COc1ccccc1N1CCN(CCCCOc2ccc3c(n2)NC(=O)CC3)CC1,8.77,2.956100000000001
COc1ccc2c(c1)c1c(n2C)Cc2ccccc2CCN(C)CC1,8.77,3.8081000000000023
O=C1C2C3CCC(C3)C2C(=O)N1CC1CCCCC1CN1CCN(c2nsc3ccccc23)CC1,8.77,4.255800000000003
Cc1c(OCCCN2CCN(c3cccc4cc(F)ccc34)CC2)ccc2c1C(=O)NC2,8.77,4.121820000000003
O=C1CCc2ccc(OCCCCN3CCN(c4cccc5cccc(F)c45)CC3)nc2N1,8.77,4.239800000000003
FC(F)(F)c1nc2c(OCCNCc3ccccc3)cccc2[nH]1,8.76,3.750300000000001
O=C(N[C@H]1CC[C@@H](CCN2CCN(c3nsc4ccccc34)CC2)CC1)c1cc2ccccc2o1,8.76,5.543400000000005
O=C(CCCN1CCC(c2ccc(Cl)cc2)CC1)c1ccc(F)cc1,8.76,5.3216000000000045
Cc1ccc2sc(S(=O)(=O)N[C@@H]3CCN(CCCc4noc5ccccc45)C3)cc2c1,8.76,4.336320000000004
O=S(=O)(N[C@H]1CC[C@@H](CCN2CCN(c3nsc4ccccc34)CC2)CC1)c1cccs1,8.76,4.407200000000004
O=S(=O)(N[C@H]1CC[C@@H](CCN2CCN(c3nsc4ccccc34)CC2)CC1)c1cc2ccccc2s1,8.75,5.560400000000006
CCc1cc(Cl)c(OC)c(C(=O)NC[C@@H]2C[C@@H](OCCCCOc3ccc4c(c3)NC(=O)CC4)CN2)c1O,8.75,3.837400000000002
O=C(CCCN1CCC(O)(c2ccc(Cl)cc2)CC1)c1ccccc1,8.75,4.286500000000004
CCc1cccc(N2CCN(CC[C@H]3CC[C@H](NC(=O)COC)CC3)CC2)c1Cl,8.75,3.7359000000000027
CCc1c(C(=O)N[C@H]2CC[C@H](CCN3CCN(c4nsc5ccccc45)CC3)CC2)sc2ccccc12,8.75,6.574300000000007
O=C(N[C@H]1CC[C@H](CCN2CCN(c3nsc4ccccc34)CC2)CC1)c1cc2ccccc2s1,8.74,6.011900000000006
Oc1nc2cccc(N3CCN(Cc4cncc(-c5ccccc5)c4)CC3)c2o1,8.74,3.917600000000003
O=S(=O)(NCCCCN1CC=C(c2c[nH]c3ccc(Cl)cc23)CC1)c1cccc(F)c1,8.74,4.808200000000004
CC(C)(C)NS(=O)(=O)c1ccc(-c2sc(C(=O)N[C@H]3C[C@H](C(=O)O)C3)nc2CC2CCCCC2)c2ccccc12,8.74,5.755900000000005
O=S(=O)(NCCCCN1CCC(c2noc3cc(F)ccc23)CC1)c1cc2ccccc2s1,8.74,5.119700000000005
NC(=O)c1cc2c3c(ccc2[nH]1)OCC(CN1CCC2(CC1)C(=O)NCN2c1ccccc1)O3,8.74,1.8350999999999993
COc1ccccc1N1CCN(CCCCOc2ccn3ncc(C=O)c3c2)CC1,8.74,3.1366000000000014
CN1CCN(C2Cc3ccccc3Sc3ccc(-c4ccccc4)cc32)CC1,8.74,5.3494000000000055
CN(C)CCC(=O)OC1(c2ccc(Cl)cc2)CCN(CCCC(=O)c2ccc(F)cc2)CC1,8.74,4.928200000000005
CCc1cccc(N2CCN(CC[C@H]3CC[C@H](NC(=O)c4ccc(-c5cccnc5)cc4)CC3)CC2)c1Cl,8.74,6.465300000000007
COc1ccccc1N1CCN(CCCCNC(=O)c2cccc(OCCOCCOCCOCCOc3cccc(C(=O)NCCCCN4CCN(c5ccccc5OC)CC4)c3)c2)CC1,8.74,5.875800000000008
O=C(Nc1ccccc1)N[C@H]1CC[C@@H](CCN2CCN(c3nsc4ccccc34)CC2)CC1,8.73,5.188900000000006
COC1(c2ccc(Cl)cc2)CCN(CCCC(=O)c2ccc(F)cc2)CC1,8.73,5.079700000000004
O=C(N[C@H]1CC[C@H](CCN2CCN(c3cccc(Cl)c3Cl)CC2)CC1)N1CCc2ncccc2C1,8.73,5.227200000000006
CCc1cc(Cl)c(OC)c(C(=O)NC[C@@H]2C[C@@H](OCCCCNC(=O)c3cc4ccccc4[nH]3)CN2CC)c1O,8.73,4.517300000000004
O=C1NCc2cc(F)c(OCCCN3CCN(c4cccc5cc(F)ccc45)CC3)cc21,8.73,3.9525000000000032
CN1CCN(Cc2ccc(OCCCCN3CCC(c4noc5cc(F)ccc45)CC3)cc2)CC1,8.72,4.752900000000005
CCCS(=O)(=O)N[C@H]1CC[C@H](CCN2CCN(c3nsc4ccccc34)CC2)CC1,8.72,3.696600000000002
COc1ccccc1N1CCN(CCCCOc2ccn3nc(/C=N/O)cc3c2)CC1,8.72,3.132200000000001
CN1CCN(C2Cc3ccccc3Sc3ccc(Cc4nnnn4C)cc32)CC1,8.72,2.7967000000000013
O=C(N[C@H]1CC[C@@H](CCN2CCN(c3nsc4ccccc34)CC2)CC1)c1cc2ccccc2[nH]1,8.72,5.278500000000005
Fc1ccc2c(C3CCN(CCCOc4ccc(CN5CCOCC5)cc4F)CC3)noc2c1,8.72,4.586700000000004
CCc1cc(Cl)c(OC)c(C(=O)NC[C@@H]2C[C@@H](OCCCCO)CN2)c1O,8.72,1.8659999999999997
CN1CCN(C2Cc3ccccc3Sc3ccc(-c4ccccn4)cc32)CC1,8.72,4.744400000000004
COc1ccc(C(F)(F)F)cc1S(=O)(=O)N[C@H]1CC[C@H](N2CCN(c3ccccc3OC(C)C)CC2)CC1,8.72,4.912900000000005
Cc1c(S(=O)(=O)NCCCCN2CCC(c3noc4cc(F)ccc34)CC2)sc2ccc(F)cc12,8.72,5.567220000000005
COc1cccc(OC(=O)N[C@H]2CC[C@H](CCN3CCN(c4nsc5ccccc45)CC3)CC2)c1,8.71,5.164400000000005
CCOC(=O)N[C@H]1CC[C@@H](CCN2CCN(c3nsc4ccccc34)CC2)CC1,8.71,4.113300000000003
OC1(c2ccc(Cl)cc2)CCN(CCCSc2ccc(F)cc2)CC1,8.71,4.944900000000004
Cc1ccccc1C(=O)CCCN1CCC(O)(c2ccc(Cl)cc2)CC1,8.71,4.594920000000005
COc1ccc2c(c1)CCC1(CCN(CCCC(=O)c3ccc(F)cc3)CC1)O2,8.7,4.6570000000000045
CN1C[C@H](C(N)=O)C=C2c3cccc4[nH]c(Br)c(c34)C[C@H]21,8.7,2.2854
O=S(=O)(c1cccc2ncccc12)N1CCC[C@@H]1CCN1CCC(c2noc3cc(F)ccc23)CC1,8.7,4.937900000000004
O=C1NCN(c2ccccc2)C12CCN(CC1COc3ccc4[nH]c(CO)cc4c3O1)CC2,8.7,2.2284999999999995
Fc1ccc2c(C3CCN(CCCCOc4ccc(CN5CCOCC5)cc4)CC3)noc2c1,8.7,4.837700000000004
Br.Clc1cccc(N2CCN(C[C@H]3C[C@@H]3c3ccccc3)CC2)c1Cl,8.7,5.497000000000005
Fc1ccc2c(C3CCN(CCCOc4ccc(CN5CCOCC5)c(F)c4)CC3)noc2c1,8.7,4.586700000000004
COc1ccccc1N1CCN(CCCCCCn2c(=O)n3c4c(cccc42)CCC3)CC1,8.7,4.140400000000003
O=S(=O)(N[C@H]1CC[C@H](CCN2CCN(c3nsc4ccccc34)CC2)CC1)c1ccco1,8.7,3.9387000000000034
CCN(Cc1ccc(OC)cc1)Cc1ccc(-c2cc(S(=O)(=O)CC)ccc2OC)[nH]1,8.7,4.514600000000004
Cl.NCCc1ccc(O)c(O)c1,8.7,1.0208
N#Cc1ccccc1-c1cccc(CN2CCN(c3cccc4nc(O)oc34)CC2)c1,8.7,4.394280000000003
CNc1cc(OC)c(C(=O)N[C@H]2CN(Cc3ccccc3)C[C@H]2C)cc1Cl,8.7,3.640600000000002
Nc1nc2ccc(CCN3CCN(c4cccc5sccc45)CC3)cc2s1,8.7,4.457900000000004
Cc1cccc(-c2ccc3c(c2)C(N2CCN(C)CC2)Cc2ccccc2S3)c1C,8.7,5.966240000000006
O=C1CCc2ccc(OCCCCN3CCN(c4ccc(F)c5ccccc45)CC3)nc2N1,8.7,4.239800000000003
O=C(O)C(=O)O.O=C1N(Cc2cn(CCF)nn2)CN(c2ccccc2)C12CCN(Cc1coc3ccccc13)CC2,8.7,2.9905000000000026
CN1CCc2ccccc2Cc2cc(O)c(Cl)cc2CC1,8.7,3.666800000000002
COc1ccc2[nH]cc(C(=O)NCCCCN3CCN(c4ccccc4OCCF)CC3)c2c1.O=C(O)C(=O)O,8.7,3.0126
COc1ccccc1N1CCN(Cc2ccc(CN3C(=O)c4ccccc4S3(=O)=O)cc2)CC1,8.7,3.3621000000000025
CN(C)C1C=CC2(CC1)c1ccccc1CCc1ccc(Cl)cc12,8.7,5.0049000000000055
O=c1ccc2cnc(OCCCCN3CCN(c4cccc(Cl)c4Cl)CC3)cc2[nH]1,8.7,4.211100000000003
C#CC1=CC[C@@H](N(CCC)CCCCNC(=O)c2cc3ccccc3s2)CC1,8.7,5.235400000000006
O=C1CCc2ccc(OCCCCN3CCN(c4ccc(O)c5oc(=O)ccc45)CC3)cc2N1,8.7,3.3645000000000014
O=C(O)C(=O)O.Oc1ccc2c(c1)O[C@@H](CNCc1ccc(I)cc1)CC2,8.69,2.6358000000000006
O=c1ccc2ccc(CCCCCN3CCN(c4cccc5sccc45)CC3)cc2[nH]1,8.69,5.2778000000000045
CN(CC[C@@H]1CC[C@H](CNC(=O)c2cc3ccccc3[nH]2)C1)[C@@H]1Cc2cccc3[nH]c(=O)n(c23)C1,8.69,3.903800000000002
COc1ccccc1N1CCN(CCCCN2CCCc3cc(-c4cccs4)ccc3C2=O)CC1,8.68,5.414500000000006
Cc1ccc(S(=O)(=O)N[C@H]2CC[C@@H](CCN3CCN(c4nsc5ccccc45)CC3)CC2)o1,8.68,4.247120000000004
O=C(Nc1ccco1)N[C@H]1CC[C@@H](CCN2CCN(c3nsc4ccccc34)CC2)CC1,8.68,4.781900000000005
COc1ccccc1N1CCCN(CCCCOc2ccc3ccc(=O)[nH]c3c2)CC1,8.68,3.908000000000003
O=C(NCCN1CCC(c2cccc(C(F)(F)F)n2)CC1)C1CCOCC1,8.68,2.8226000000000004
O=C1NCc2ccc(OCCCCN3CCN(c4cccc5c4CCO5)CC3)cc21,8.68,2.8461000000000016
Cc1ccccc1OC(=O)N[C@H]1CC[C@H](CCN2CCN(c3nsc4ccccc34)CC2)CC1,8.68,5.464220000000005
CCCN(CCc1ccccc1)[C@H]1CCc2c(O)cccc2C1,8.68,4.204200000000004
CC(=O)Nc1ccc(OCCCN2CCC(c3noc4cc(F)ccc34)CC2)cc1,8.68,4.573800000000004
Cc1cc2c(s1)Nc1ccccc1N=C2N1CCN(C)CC1,8.68,3.4392200000000033
Clc1ccc2c(CCCN3CCN(c4cccc5c4OCCO5)CC3)c[nH]c2c1,8.68,4.347300000000002
NC(=O)C[S@@+]([O-])C(c1ccccc1)c1ccccc1,8.68,2.01
O=C(NC[C@H]1CC[C@H](CN2CCN(c3nsc4cc(Cl)ccc34)CC2)CC1)c1ccco1,8.68,4.901100000000005
Clc1cccc(N2CCN(CCCCOc3ccc4ccnn4c3)CC2)c1Cl,8.68,4.622300000000004
O=C(CCCN1CCC(O)(c2ccccc2Cl)CC1)c1ccc(F)cc1,8.67,4.425600000000004
O=C1CCc2ccc(CCCCN3CCN(c4cccc5sccc45)CC3)cc2N1,8.67,4.930900000000005
Oc1ccc(C2=CCN(C[C@@H]3CCC=C(c4ccc(O)cc4)C3)CC2)cc1,8.66,5.070600000000004
CC(C)Oc1ccccc1N1CCN(Cc2cccc(C(=O)N3CCCCC3)c2)CC1,8.66,4.422100000000004
O=C(N[C@H]1CC[C@H](CCN2CCN(c3nsc4ccccc34)CC2)CC1)N1CCOCC1,8.66,3.4090000000000025
O=S(=O)(NCCCN1CCN(c2nsc3ccccc23)CC1)c1ccc2ccccc2c1,8.66,3.940100000000003
Cc1ncoc1-c1nnc(SCCCN2C[C@@H]3CCN(c4cccc(C#N)c4)[C@@H]3C2)n1C,8.66,3.3431000000000024
C=CCN1C[C@H](OCCCCN)C[C@H]1CNC(=O)c1cc(CCCF)cc(OC)c1OC,8.66,2.7201000000000013
CN(CCC(=O)OC1(c2ccc(Cl)cc2)CCN(CCCC(=O)c2ccc(F)cc2)CC1)CCN(C)CCC(=O)OC1(c2ccc(Cl)cc2)CCN(CCCC(=O)c2ccc(F)cc2)CC1,8.66,9.6104
O=C1CCc2ccc(OCCCCN3CCN(c4ccc(O)c5c4OCCO5)CC3)cc2N1,8.66,3.029300000000001
CCCN(CCc1ccc(NC(=O)CCC(=O)NCCCCCC(=O)NCc2ccc(C(=O)NCCCCCC(=O)NCCCCCCNC(=O)c3nn(-c4ccc(Cl)cc4Cl)c(-c4ccc(Cl)cc4)c3C)cc2)cc1)C1CCc2c(O)cccc2C1,8.66,12.434019999999983
O=C(Cn1c(CCCN2CCN(c3cccc(Cl)c3Cl)CC2)nc2cc(Br)c(Br)cc21)NCc1ccccc1,8.66,6.9393000000000065
Oc1nc2cccc(N3CCN(Cc4cccc(-c5cccs5)c4)CC3)c2o1,8.66,4.584100000000004
O=C1CCc2ccc(CCN3CCN(c4cccc5sccc45)CC3)cc2N1,8.65,4.150700000000003
COC(=O)N[C@H]1CC[C@@H](CCN2CCN(c3nsc4ccccc34)CC2)CC1,8.65,3.723200000000003
CCc1cc(Cl)c(OC)c(C(=O)NC[C@@H]2CCCN2)c1O.Cl,8.65,2.520200000000001
CN1CCN(C2Cc3ccccc3Sc3ccc(-c4cnn(C)c4)cc32)CC1,8.64,4.082900000000003
Cl.O=C(CCCN1C2CCC1CC(O)(c1ccccc1)C2)c1ccc(F)cc1,8.64,4.725000000000005
COc1cccc2[nH]cc(CN3CCC(O)(c4ccc(Br)cc4)CC3)c12,8.64,4.422600000000004
O=C(CCCN1C2CCC1CC(O)(c1ccccc1)C2)c1ccc(F)cc1,8.64,4.303200000000004
Nc1cc(F)ccc1C(=O)CCCN1CC[C@H]2[C@@H](C1)c1cccc3c1N2CCO3,8.64,3.4413000000000027
CCc1cc(Cl)c(OC)c(C(=O)NC[C@@H]2C[C@@H](OCCCCNC(=O)c3cc4ccccc4o3)CN2)c1O,8.64,4.049900000000003
O=S(=O)(NCCCCN1CC=C(c2c[nH]c3ccc(Cl)cc23)CC1)c1cccc2ccccc12,8.64,5.822300000000005
O=C(CCCCC(=O)OC1(c2ccc(Cl)cc2)CCN(CCCC(=O)c2ccc(F)cc2)CC1)OC1(c2ccc(Cl)cc2)CCN(CCCC(=O)c2ccc(F)cc2)CC1,8.64,10.526999999999992
O/N=C/c1cc2cc(OCCCCN3CCN(c4cccc(Cl)c4Cl)CC3)ccn2n1,8.64,4.430400000000003
CCCN(CCC)C1CCc2ccc(O)cc2C1,8.64,3.371500000000002
OCc1cc2cc(OCCCCN3CCN(c4cccc(Cl)c4Cl)CC3)ccn2n1,8.64,4.114600000000003
Nc1cc(Cl)ccc1C(=O)CCCN1CC[C@H]2[C@@H](C1)c1cccc3c1N2CCCS3,8.64,5.0590000000000055
CN(CC(=O)NC1CCCCC1)C(=O)CCCN1CCN(c2cccc(Cl)c2Cl)CC1,8.63,3.802900000000002
Cc1cc2c(cc1OCCCCN1CCN(c3cccc4cccc(F)c34)CC1)C(=O)NC2,8.63,4.5119200000000035
OC1(c2ccc(Cl)cc2)CCN(Cc2c[nH]c3ccccc23)CC1,8.62,4.304900000000003
CCCN(CCc1ccc(NC(=O)CCC(=O)NCCOCCOCC(=O)NCCCC[C@H](NC(C)=O)C(=O)NCCCC[C@H](NC(C)=O)C(=O)NCCCCCCNC(=O)c2nn(-c3ccc(Cl)cc3Cl)c(-c3ccc(Cl)cc3)c2C)cc1)C1CCc2c(O)cccc2C1,8.62,8.882620000000005
CC(C)Oc1ccccc1N1CCN(C2CCC(NC(=O)Nc3c(F)cccc3F)CC2)CC1,8.62,5.006900000000004
O=C(O)C(=O)O.OC1(c2ccc(I)cc2)CCN(Cc2coc3ccccc23)CC1,8.62,3.6766000000000023
CC(C)Oc1ccccc1N1CCN([C@H]2CC[C@H](NS(=O)(=O)c3ccccc3C#N)CC2)CC1,8.62,3.7571800000000026
O=C(CCCN1CCC(O)(c2ccc(Cl)cc2Cl)CC1)c1ccc(F)cc1,8.62,5.079000000000004
CN1CCC(=C2c3ccccc3CCc3sccc32)CC1,8.62,4.374200000000004
O=S(=O)(NCCN1CC=C(c2c[nH]c3ccc(Cl)cc23)CC1)c1cccc(F)c1,8.62,4.028000000000002
Cc1cc2c(cc1OCCCCN1CCN(c3cccc4ccccc34)CC1)C(=O)NC2,8.61,4.3728200000000035
O=C(CCCN1CCC(O)(c2ccccc2-c2ccccc2Cl)CC1)c1ccc(F)cc1,8.61,6.092600000000006
O=C(N[C@H]1CC[C@H](CCN2CCN(c3nsc4ccccc34)CC2)CC1)OCc1cccs1,8.6,5.3551000000000055
O=C1COc2ccccc2N1CCCN1CCC(n2c(=O)[nH]c3cc(F)ccc32)CC1,8.6,2.9213000000000013
Fc1ccccc1N1CCN(CCCCNc2ccc(-c3ccccc3)cn2)CC1,8.6,4.902000000000004
O=C(NC/C=C\CN1CCN(c2cccc(Cl)c2Cl)CC1)c1ccccc1,8.6,4.101600000000003
O=S(=O)(NCCCCN1CC=C(c2c[nH]c3ccc(Cl)cc23)CC1)c1cccc(O)c1,8.6,4.374700000000004
COc1ccc2[nH]cc(CN3CCC(O)(c4ccc(Br)cc4)CC3)c2c1,8.6,4.422600000000004
C=CCN1C[C@H](OCc2cccnc2)C[C@H]1CNC(=O)c1cc(CCCF)cc(OC)c1OC,8.6,3.5764000000000022
O=C(CCCCCCC(=O)OC1(c2ccc(Cl)cc2)CCN(CCCC(=O)c2ccc(F)cc2)CC1)OC1(c2ccc(Cl)cc2)CCN(CCCC(=O)c2ccc(F)cc2)CC1,8.6,11.307199999999991
Cc1cccc(S(=O)(=O)NCCCCN2CC=C(c3c[nH]c4ccc(Cl)cc34)CC2)c1,8.6,4.977520000000005
O=C1CCc2ccc(OC3CCN(C[C@@H]4COc5c(ccc6c5CC(=O)N6)O4)CC3)cc2N1,8.6,2.7491000000000003
COc1ccccc1N1CCN(CCCCCNC(=O)c2nnn(Cc3ccccc3)c2C)CC1,8.6,3.3657200000000014
CCN(C)C1CCc2ccc(O)cc2C1,8.6,2.2012
O=C(O)C(=O)O.Oc1ccc2c(c1)O[C@@H](CN1CCc3ccccc3C1)CC2,8.6,2.2996999999999996
CCCN(CCC)[C@@H]1Cc2cccc3nc(O)n(c23)C1,8.6,2.7886000000000015
Cc1cccc(N2CCN(CCCCOc3ccc4c(n3)NC(=O)CC4)CC2)c1C,8.6,3.5643400000000023
O=C1CCc2ccc(OCCCCN3CCN(c4cccc(F)c4Cl)CC3)nc2N1,8.6,3.740000000000003
CCc1cc(Cl)c(OC)c(C(=O)NC[C@@H]2C[C@@H](OCCCCNC(=O)c3cc4ccccc4[nH]3)CN2)c1O,8.6,3.7850000000000015
CN1CCN(C2=Cc3ccccc3Oc3ccc(Cl)cc32)CC1,8.6,4.191200000000004
Fc1ccc2c(C3CCN(CCCOc4ccc(CN5CCOCC5)cc4Cl)CC3)noc2c1,8.6,5.101000000000005
O=C(CCCCCC(=O)OC1(c2ccc(Cl)cc2)CCN(CCCC(=O)c2ccc(F)cc2)CC1)OC1(c2ccc(Cl)cc2)CCN(CCCC(=O)c2ccc(F)cc2)CC1,8.59,10.917099999999992
COc1ccccc1N1CCN(CCCCOc2ccc3c(C=O)cnn3c2)CC1,8.59,3.1366000000000014
COc1cc(CN2CCOCC2)ccc1OCCCN1CCC(c2noc3cc(F)ccc23)CC1,8.59,4.456200000000004
Oc1nc2c(OCCNCc3ccccc3)cc(Cl)cc2[nH]1,8.59,3.0905000000000005
CCCN1C[C@H](OCCCCOc2ccc3c(c2)NC(=O)CC3)C[C@H]1CNC(=O)c1c(O)c(CC)cc(Cl)c1OC,8.59,4.959800000000004
O=S(=O)(NCCCN1CC=C(c2c[nH]c3ccc(Cl)cc23)CC1)c1cccc(O)c1,8.59,3.984600000000002
Cc1cc(=O)oc2c(Cl)c(OCCCCN3CCC(c4noc5cc(F)ccc45)CC3)ccc12,8.59,6.073720000000005
O=S(=O)(N[C@@H]1CCN(CCCc2noc3ccccc23)C1)c1ccc2cc(Cl)ccc2c1,8.59,4.619800000000004
Cc1ccc(C(=O)N[C@H]2CC[C@H](CCN3CCN(c4nsc5ccccc45)CC3)CC2)[nH]1,8.59,4.433720000000004
O=S(=O)(NCCCCN1CC=C(c2c[nH]c3ccc(Cl)cc23)CC1)c1ccc2ccccc2c1,8.59,5.822300000000005
COc1ccccc1N1CCN(CCCOc2ccc3ccc(=O)[nH]c3c2)CC1.O=C(O)C(=O)O,8.59,2.2834
O=C1CCc2ccc(CCCCCN3CCN(c4cccc(Cl)c4Cl)CC3)nc2N1,8.59,4.808100000000004
Cc1nc2n(c(=O)c1CCN1CCN(c3cccc4sccc34)CC1)CCCC2,8.58,3.4674200000000015
O=C1NCc2ccc(OCCCN3CCN(c4cccc5c4CCCC5)CC3)cc21,8.58,3.3999000000000024
COc1ccccc1N1CCN(CCCCCNC(=O)c2sc3nc(OC)c(Cl)c(C)c3c2N)CC1,8.57,4.579820000000003
COc1ccccc1N1CCN(CCCNC(=O)c2cnn3ccc(OCCOCCOCCOCCOc4ccn5ncc(C(=O)NCCCN6CCN(c7ccccc7OC)CC6)c5c4)cc23)CC1,8.57,4.391000000000007
CC1CCN(CCc2ccc(OCCCCN3CCC(c4noc5cc(F)ccc45)CC3)cc2)CC1,8.57,6.279900000000007
CCN([C@H]1CC[C@H](N2CCN(c3ccccc3OC(C)C)CC2)CC1)S(=O)(=O)c1ccc(OC)c(OC)c1,8.57,4.635000000000004
O=S(=O)(NCCCN1CC=C(c2c[nH]c3ccc(Cl)cc23)CC1)c1ccc(Cl)cc1,8.57,4.932400000000004
Nc1cc(F)ccc1C(=O)CCCN1CC[C@H]2[C@@H](C1)c1cccc3c1N2CCCS3,8.57,4.544700000000004
Cn1nnc(Cc2ccc3c(c2)c(C2CCN(CCN4CCNC4=O)CC2)cn3-c2ccc(F)cc2)n1,8.57,3.0885000000000007
COc1ccc(Cn2nnc(C(=O)NCCCCCN3CCN(c4ccccc4OC)CC3)c2C)cc1,8.57,3.374320000000001
S=c1[nH]c2ccc(OCCN3CCN(c4ccccc4Cl)CC3)cc2[nH]1,8.56,4.0798900000000025
CCN1CCCC1CNC(=O)c1cc(S(N)(=O)=O)ccc1OC,8.55,0.5567000000000012
O=S(=O)(NCCCN1CC=C(c2c[nH]c3ccc(Cl)cc23)CC1)c1cccc2ccccc12,8.55,5.432200000000004
COc1ccccc1N1CCN(CCCCOc2ccc3sc(N)nc3c2)CC1,8.55,3.8683000000000023
CCCC(=O)N[C@H]1CC[C@H](CCN2CCN(c3nsc4ccccc34)CC2)CC1,8.55,4.283500000000004
COc1cc(CN2CCN(c3ccccc3OC)CC2)ccc1OCCCc1cn(CCOCCOCCn2cc(CCCOc3ccc(CN4CCN(c5ccccc5OC)CC4)cc3OC)nn2)nn1,8.55,6.305000000000007
CCOc1ccccc1N1CCN(CCCCOc2ccc3c(c2)NC(=O)CC3)CC1,8.55,3.9512000000000027
C[C@H]1CN(CC[C@H]2CC[C@H](NC(=O)Nc3ccccc3)CC2)CCc2ccc(Cl)cc21,8.55,6.072200000000007
C[C@H]1CN(CC[C@H]2CC[C@H](NC(=O)N3CCOCC3)CC2)CCc2ccc(Cl)cc21,8.54,4.292300000000004
CCCN(CCCCNC(=O)/C=C/c1ccc(F)cc1)C1Cc2ccccc2C1,8.54,4.6147000000000045
O=C(N[C@H]1CC[C@H](CCN2CCN(c3nsc4ccccc34)CC2)CC1)c1ccco1,8.54,4.390200000000004
O=C(CCCCN1CCC(c2noc3cc(F)ccc23)CC1)c1cc2c3c(c1)CCN3C(=O)CC2,8.54,5.034800000000005
O=C(CCCN1CCC(c2noc3cc(F)ccc23)CC1)c1cc2c3c(c1)CCN3C(=O)CC2,8.54,4.644700000000005
Cc1cc2c(N3CCN(CCCCOc4ccc5c(c4)NC(=O)CC5)CC3)cccc2n1C,8.54,4.3526200000000035
Cc1ccc(-c2ccc3c(c2)C(N2CCN(C)CC2)Cc2ccccc2S3)s1,8.54,5.719320000000005
O=C(NC/C=C/CN1CCN(c2cccc(Cl)c2Cl)CC1)c1ccccc1,8.54,4.101600000000003
OC1(c2ccc(Cl)cc2)CC2CCC(C1)N2CCCSc1ccc(F)cc1,8.54,5.4759000000000055
N#Cc1ccccc1N1CCN(CCCCOc2ccc3c(c2)NC(=O)CC3)CC1,8.54,3.4241800000000016
O=Cc1cnn2ccc(OCCCCN3CCN(c4ccc(O)c5c4OCCO5)CC3)cc12,8.54,2.604800000000001
Oc1nc2cccc(N3CCN(Cc4ccnc(-c5ccc(F)cc5)c4)CC3)c2o1,8.54,4.056700000000003
CCN1C[C@H](OCCCN)C[C@H]1CNC(=O)c1cc(CCCF)cc(OC)c1OC,8.54,2.1639000000000017
COCCC(=O)N[C@H]1CC[C@H](CCN2CCN(c3cccc(Cl)c3Cl)CC2)CC1,8.54,4.217000000000003
O=C(N[C@H]1CC[C@@H](CCN2CCN(c3nsc4ccccc34)CC2)CC1)c1ccc[nH]1,8.53,4.125300000000003
O=S(=O)(N[C@H]1CC[C@@H](CCN2CCN(c3nsc4ccccc34)CC2)CC1)c1ccc[nH]1,8.53,3.6738000000000026
CN(C)CC/C=C1/c2ccccc2Sc2ccc(Cl)cc21,8.53,5.188000000000004
CN1C[C@H](C(=O)N[C@]2(C)O[C@@]3(O)[C@@H]4CCCN4C(=O)[C@H](Cc4ccccc4)N3C2=O)C[C@@H]2c3cccc4[nH]cc(c34)C[C@H]21,8.53,2.0811000000000024
CCCCN1CCN(c2cccc(CC)c2Cl)CC1,8.53,3.824500000000003
COc1cccc(NC(=O)N[C@H]2CC[C@H](CCN3CCN(c4nsc5ccccc45)CC3)CC2)c1,8.52,5.197500000000005
O=C(CCCN1CCC(O)(c2ccc(F)cc2)CC1)c1ccc(F)cc1,8.52,3.9113000000000033
Oc1nc2c3c(ccc2[nH]1)CC[C@H](CNCc1ccccc1)O3,8.52,2.751900000000001
Cc1c(Cl)cccc1N1CCN(CCCCOc2ccc3c(n2)NC(=O)CC3)CC1,8.52,3.909320000000002
Oc1nc2cccc(N3CCN(Cc4cccc(-c5ccc(F)cc5)n4)CC3)c2o1,8.52,4.056700000000003
CCOCCOc1ccn2ncc(C(=O)NCCCCN3CCN(c4ccccc4OC)CC3)c2c1,8.52,3.0904000000000016
O=S(=O)(c1cccc2cnccc12)N1CCC[C@H]1CCN1CCN(c2noc3ccccc23)CC1,8.52,3.741400000000003
S=c1[nH]c2ccc(CCCN3CCN(c4ccccc4)CC3)cc2[nH]1,8.52,3.9802900000000028
O=S(=O)(c1cncc2ccccc12)N1CCC[C@H]1CCN1CCN(c2noc3ccccc23)CC1,8.52,3.741400000000003
O=C1CCc2ccc(OCCCCN3CCN(c4cccc(Cl)c4C(F)(F)F)CC3)nc2N1,8.52,4.6197000000000035
CN(C)CCCN1c2ccccc2Sc2ccc(Cl)cc21.Cl,8.52,5.316200000000005
O=S(=O)(c1cncc2ccccc12)N1CCC[C@@H]1CCN1CCN(c2cccc3[nH]ccc23)CC1,8.52,4.081500000000003
O=C1Cc2c(ccc3c2OC[C@H](CNCC2CCc4[nH]c5ccc(F)cc5c4C2)O3)N1,8.52,3.336100000000001
O=C(NC1CCc2ccc(CCN3CCN(c4nsc5ccccc45)CC3)cc21)c1ccno1,8.52,4.066300000000004
COc1ccc2sc(S(=O)(=O)N[C@H]3CC[C@H](CCN4CCN(c5nsc6ccccc56)CC4)CC3)cc2c1,8.52,5.569000000000006
Cc1cccc(S(=O)(=O)NCCCCN2CC=C(c3c[nH]c4ccc(F)cc34)CC2)c1,8.52,4.463220000000004
CCCc1c(C(=O)NCCCCN2CCN(c3ccccc3OC)CC2)nnn1Cc1ccccc1Br,8.52,4.382200000000004
O=C1NCN(c2ccccc2)C12CCN(CCCOc1ccc(F)cc1)CC2,8.52,3.0231000000000012
O=S(=O)(NCCCCN1CCC(c2noc3cc(F)ccc23)CC1)c1cccc2ccccc12,8.52,5.058200000000005
O=S(=O)(c1ccnc2ccccc12)N1CCCCC[C@H]1CCN1CCN(c2nsc3ccccc23)CC1,8.52,4.990100000000005
Sc1nc2c(OCCNCc3ccccc3)cccc2[nH]1,8.52,3.020200000000001
COc1ccccc1N1CCN(CC[C@H]2CC[C@H](Nc3ncccn3)CC2)CC1,8.52,3.6682000000000023
O=C(N[C@H]1CC[C@H](CCN2CCN(c3cccc(Cl)c3Cl)CC2)CC1)c1ccco1,8.52,5.087300000000004
Cc1c(OCCCCN2CCN(c3cccc4cccc(F)c34)CC2)ccc2c1C(=O)NC2,8.52,4.5119200000000035
COC(=O)c1cc2c3c(ccc2[nH]1)OCC(CN1CCC2(CC1)C(=O)NCN2c1ccccc1)O3,8.51,2.5228
COc1ccc2cc(S(=O)(=O)N[C@@H]3CCN(CCCc4noc5ccccc45)C3)ccc2c1,8.51,3.975000000000003
CC(=O)NCc1ccc2c(c1)c(C1CCN(CCN3CCNC3=O)CC1)cn2-c1ccc(F)cc1,8.51,3.6103000000000023
O=S(=O)(N[C@H]1CC[C@H](CCN2CCN(c3nsc4ccccc34)CC2)CC1)c1cc[nH]c1,8.51,3.6738000000000026
Cc1cc(OCCCN2CCC(c3noc4cc(F)ccc34)CC2)ccc1CN1CCOCC1,8.51,4.756020000000005
CN1CCc2c(F)cc(OCCCN3CCC(c4noc5cc(F)ccc45)CC3)cc2C1=O,8.51,4.382600000000004
CC(C)Oc1ccccc1N1CCN(CCCCOc2ccc3c(c2)NC(=O)CC3)CC1,8.51,4.339700000000003
C#CC1=CC[C@H](N(CCC)CCCCNC(=O)c2cc3ccccc3s2)CC1,8.51,5.235400000000006
Clc1cccc(N2CCN(CCCCNc3nccc4ccccc34)CC2)c1Cl,8.51,5.555900000000005
CCN(Cc1ccc2c(c1)OCO2)Cc1ccc(-c2cc(S(=O)(=O)CC)ccc2OC)[nH]1,8.5,4.234700000000004
O=C(N[C@H]1CC[C@H](CCN2CCN(c3nsc4ccccc34)CC2)CC1)c1sccc1Br,8.5,5.621200000000005
O=C(N[C@H]1CC[C@H](CCN2CCN(c3nsc4ccccc34)CC2)CC1)Oc1ccccc1,8.5,5.1558000000000055
O=C1N(CCN2CCCc3sccc3C2)CCN1c1cccc(Cl)c1,8.5,4.091900000000003
O=C(CCCCC(=O)NCCCN1CCN(C2=Nc3cc(Cl)ccc3Nc3ccccc32)CC1)NCCCN1CCN(C2=Nc3cc(Cl)ccc3Nc3ccccc32)CC1,8.5,7.772400000000009
O=C1c2ccccc2C(=O)N1CCCCN1CC=C(c2c[nH]c3ccc(F)cc23)CC1,8.5,4.472500000000004
CC(C)C[C@H]1C(=O)N[C@@H](Cc2ccccc2)[C@]2(O)O[C@@](C)(NC(=O)[C@@H]3C=C4c5cccc6[nH]cc(c56)C[C@H]4N(C)C3)C(=O)N12,8.5,2.5307000000000004
O=C1NCc2ccc(OCCCCN3CCN(c4cccc5cccc(F)c45)CC3)cc21,8.5,4.203500000000004
O=C1COc2ccccc2N1CCCN1CCC(c2noc3cc(F)ccc23)CC1,8.49,3.9620000000000033
CN1CCN2c3c(cccc31)[C@@H]1CN(CCCC(=O)c3ccc(F)cc3)CC[C@@H]12,8.49,3.9165000000000036
CN(CC(=O)NCc1ccccc1)C(=O)CCCN1CCN(c2cccc(Cl)c2Cl)CC1,8.49,3.6704000000000017
O=C(N[C@H]1CC[C@H](CCN2CCN(c3nsc4ccccc34)CC2)CC1)OC1CC1,8.49,4.255800000000004
O=Cc1cnn2ccc(OCCCCN3CCN(c4cccc(Cl)c4Cl)CC3)cc12,8.49,4.434800000000004
CCCN(CCc1ccc(Nc2ccc([N+](=O)[O-])c3nonc23)cc1)[C@@H]1CCc2c(O)cccc2C1,8.49,5.392200000000005
O=S(=O)(NCCCCN1CCN(c2nsc3ccccc23)CC1)c1cccs1,8.49,3.238500000000002
COc1ccccc1N1CCN(CCCCOc2ccc3scnc3c2)CC1,8.49,4.286100000000004
c1ccc(N2CCN(CC[C@H]3CC[C@H](Nc4ncnc5ccccc45)CC3)CC2)cc1,8.49,4.812800000000005
Cc1cccc(S(=O)(=O)NCCN2CC=C(c3c[nH]c4ccc(Cl)cc34)CC2)c1,8.48,4.197320000000003
Cc1nc2n(c(=O)c1CCN1CCN(c3cccc4sccc34)CC1)CCCC2F,8.48,3.935520000000003
NC1CCc2ccc(O)cc2C1,8.48,1.2082
CC(=O)NCc1ccc2c(c1)[C@@H](N1CCN(C)CC1)Cc1ccccc1S2,8.48,3.318500000000002
COc1cc(CN2CCN(c3ccccc3OC)CC2)ccc1OCc1cn(CCOCCOCCn2cc(COc3ccc(CN4CCN(c5ccccc5OC)CC4)cc3OC)nn2)nn1,8.48,5.439800000000005
Cc1cccc(-c2ccc3c(c2)C(N2CCN(C)CC2)Cc2ccccc2S3)c1,8.47,5.657820000000006
CC(=O)Nc1cc(F)ccc1C(=O)CCCN1CC[C@H]2[C@@H](C1)c1cccc3c1N2CCCS3,8.47,4.920900000000005
Cc1ccc(C)c(C2(O)CCN(CCCC(=O)c3ccc(F)cc3)CC2)c1,8.47,4.389040000000004
O=c1ccc2ccc(OCCCN3CCCN(c4cccc(Cl)c4Cl)CC3)cc2[nH]1,8.47,4.816100000000004
O=C(N[C@H]1CC[C@H](CCN2CCN(c3ccccc3)CC2)CC1)c1cccs1,8.47,4.249000000000003
O=C(CCCN1CCC(O)(c2ccc(Cl)cc2)CC1)c1ccccc1Cl,8.47,4.939900000000004
CCCCN1CCN(c2cccc(Cl)c2Cl)CC1,8.47,3.9155000000000033
O=c1ccc2ccc(CCN3CCN(c4cccc5sccc45)CC3)cc2[nH]1,8.47,4.107500000000003
FC(F)(F)Oc1cccc(CN2CCN(C3=Nc4cc(Cl)ccc4Nc4ccccc43)CC2)c1,8.47,6.191700000000004
O=S(=O)(NCCCN1CC=C(c2c[nH]c3ccc(Cl)cc23)CC1)c1ccc(F)cc1,8.46,4.418100000000003
Nc1cc(F)ccc1C(=O)CCCN1CC[C@H]2[C@@H](C1)c1cccc3c1N2CCCC3,8.46,4.385200000000004
Cc1nc2n(c(=O)c1CCN1CCN(c3cccc4sccc34)CC1)CCCC2(F)F,8.46,4.016720000000003
COc1ccccc1N1CCN(CCCCCN2Cc3ccc4ccccc4c3C2=O)CC1,8.46,4.796700000000005
CN1CCc2ccccc2Cc2ccc(O)c(Cl)c2CC1,8.45,3.666800000000003
Cc1nc2n(c(=O)c1CCN1CCN(c3cccc4sc(F)cc34)CC1)CCCC2O,8.45,3.097420000000002
O=C(Nc1cccc([N+](=O)[O-])c1)N[C@H]1CC[C@H](CCN2CCN(c3nsc4ccccc34)CC2)CC1,8.44,5.097100000000005
O=C(CCCN1CCC(O)(c2cc3ccc2CCc2ccc(cc2)CC3)CC1)c1ccc(F)cc1,8.44,5.656000000000006
O=S(=O)(N[C@H]1CC[C@H](CCN2CCN(c3nsc4ccccc34)CC2)CC1)c1c[nH]c2ccccc12,8.44,4.827000000000004
CN1CCN(CCCN2c3ccccc3Sc3ccc(Cl)cc32)CC1,8.44,4.580200000000004
CCCN(C/C=C/I)C1CCc2c(O)cccc2C1,8.44,3.9102000000000023
O=C(Nc1ccncc1)Nc1ccc(CCN2CCN(c3ccccc3)CC2)cc1,8.44,4.090300000000004
CCN1CCN(c2cc(-c3ccc(F)cc3)c3c(n2)CC[C@H](O)CCC3)CC1,8.44,3.6594000000000024
CCOc1ccccc1N1CCCN(CCCCOc2ccc3ccc(=O)[nH]c3c2)CC1,8.44,4.298100000000003
O=c1ccc2c(N3CCN(CCCCOc4ccn5nccc5c4)CC3)ccc(O)c2[nH]1,8.43,2.862600000000001
CCCN(CCN1CCN(c2ccnc3ccccc23)CC1)[C@H]1CCc2c(O)cccc2C1,8.43,4.331900000000004
O=C(N[C@H]1CC[C@H](CCN2CCN(c3cccc(Cl)c3Cl)CC2)CC1)c1ccc(-c2cccnc2)cc1,8.43,6.5563000000000065
CCCN(CCN1CCN(c2ccnc3ccccc23)CC1)[C@H]1CCc2c(cccc2OC)C1,8.43,4.6349000000000045
COc1ccccc1C(=O)NC/C=C/CN1CCN(c2cccc(Cl)c2Cl)CC1,8.43,4.110200000000003
O=C1CCc2ccc(OCCCCN3CCN(c4ccccc4Cl)CC3)cc2N1,8.43,4.205900000000003
O=S(=O)(NCCCN1CC=C(c2c[nH]c3ccc(Cl)cc23)CC1)c1ccc2ccccc2c1,8.43,5.432200000000004
CCCN(CCC)CCc1cccc2c1CC(=O)N2,8.43,2.845700000000001
O=S(=O)(NCCCN1CCC(c2noc3cc(F)ccc23)CC1)c1ccc(F)c(Cl)c1,8.43,4.307400000000004
CCCN(CCN1CCN(c2ccnc3c(O)cccc23)CC1)C1CCc2c(O)cccc2C1,8.43,4.037500000000003
O=Cc1cnn2ccc(-n3cc(CCCN4CCN(c5cccc(Cl)c5Cl)CC4)nn3)cc12,8.42,3.789100000000003
CN1CCc2cc(-c3ccc(O)cc3)cc3c2[C@H]1Cc1ccc(O)c(O)c1-3,8.42,4.222500000000004
Cc1cc2c(cc1OCCCN1CCN(c3cccc4cc(F)ccc34)CC1)C(=O)NC2,8.42,4.121820000000003
O=C(O)C(=O)O.OC1(c2ccc(I)cc2)CCN(Cc2c[nH]c3ccccc23)CC1,8.42,3.4117000000000015
CC(=O)Nc1nc2ccc(CCN3CCN(c4cccc5sccc45)CC3)cc2s1,8.42,4.834100000000004
CCCNC1CCc2ccc(O)cc2C1,8.42,2.2491000000000003
COc1ccccc1N1CCN(CCCNC(=O)c2cnn3ccc(COCCOCCOCCOCCOCc4ccn5ncc(C(=O)NCCCN6CCN(c7ccccc7OC)CC6)c5c4)cc23)CC1,8.41,4.666600000000009
C#CC1=CC[C@@H](N(CCC)CCCCNC(=O)c2cc3ccccn3n2)CC1,8.41,3.668400000000002
COc1ccccc1N1CCN(CCCNC(=O)c2cnn3ccccc23)CC1,8.41,2.285
Oc1nc2c(OCCNCc3ccccc3)cccc2[nH]1,8.41,2.4371
CCCN[C@H]1CCc2nc(N)sc2C1.Cl.Cl.O,8.41,1.6010999999999997
CCCN(CCNC(=O)/N=N/c1ccc(F)c(F)c1)C1Cc2ccccc2C1,8.41,4.637500000000004
CCCN[C@H]1CCC2N=C(N)SC2C1,8.41,1.3371999999999997
CCN1CCCC1CNc1nncc2ccc(OC)c(OC)c12,8.41,2.5432000000000006
O=S(=O)(NCCCN1CCC(c2noc3cc(F)ccc23)CC1)c1cccc2ccccc12,8.4,4.668100000000004
Cn1c(=O)c2c(nc3n(CCCCN4CCN(c5ccccc5O)CC4)c(-c4ccccc4)cn23)n(C)c1=O,8.4,2.6614000000000004
O=S(=O)(c1cccc2ncccc12)N1CCC[C@H]1CCN1CCN(c2noc3ccccc23)CC1,8.4,3.741400000000003
O=S(=O)(c1cccc2ncccc12)N1CCC[C@@H]1CCN1CCN(c2cccc3sccc23)CC1,8.4,4.814900000000004
COc1ccccc1N1CCN(CCCCCCNC(=O)OC(C)(C)C)CC1,8.4,3.902300000000003
CN1CCc2ccccc2Cc2c[nH]c3cccc(c23)CC1,8.4,3.789100000000002
COc1cc2c(cc1NS(=O)(=O)c1ccc(-c3ccc(Cl)cc3)cc1)CCN(C)CC2,8.4,4.846800000000004
O=S(=O)(c1cccc2ncccc12)N1CCCCC[C@H]1CCN1CCN(c2nsc3ccccc23)CC1,8.4,4.990100000000005
Nc1cc(F)ccc1C(=O)CCCN1CC[C@H]2[C@@H](C1)c1cccc3c1N2CCS3,8.4,4.154600000000004
Cl.Fc1ccc(-c2cncc(CN3CCN(c4cccc5c4OCCO5)CC3)c2)cc1,8.4,4.402900000000003
COc1ccccc1N1CCCN(CCCCOc2ccc3c(c2)NC(=O)CC3)CC1,8.4,3.9512000000000027
c1ccc(-c2cccc(CN3CCN(c4cccc5c4CCCN5)CC3)c2)cc1,8.4,5.033900000000004
CCCN(CCNC(=O)/N=N/c1ccc(F)cc1)C1Cc2ccccc2C1,8.4,4.498400000000004
COc1cccc2cc(CNCCCCOc3ccc4ccc(=O)[nH]c4c3)oc12,8.4,4.231700000000003
O=C1N(CCN2C[C@H]3CC[C@@H]2C3)CCN1c1cccc(Cl)c1,8.4,3.066300000000002
Fc1ccc(-c2cncc(CN3CCN(c4cccc5c4OCCO5)CC3)c2)cc1,8.4,3.9811000000000023
COc1cccc(CC(=O)N2CCC(C)c3cccc(CCN4CCN(c5nsc6ccccc56)CC4)c32)c1,8.4,5.752500000000007
COc1cc2c(cc1O)[C@H]1C[C@@](O)(c3ccc(OC(F)(F)F)cc3)CCN1CC2,8.4,3.880200000000003
CCCCn1cc(CCCOc2ccc(C(=O)NCCCCN(CCC)C3Cc4ccccc4C3)cc2OC)nn1,8.39,5.487800000000006
[2H]c1c([2H])c([2H])c([C@@H]2C[C@@H](N3CCN(C([2H])([2H])[2H])C(C)(C)C3)c3cc(Cl)ccc32)c([2H])c1[2H],8.39,4.942700000000005
FC(F)(F)c1nc2c(N3CCN(Cc4ccccc4)CC3)cccc2[nH]1,8.39,3.903900000000002
C=CCN1CC[C@@H]2c3cccc(O)c3CC[C@H]21,8.39,2.6823000000000006
CCOc1ccccc1N1CCCN(CCCCOc2ccc3c(c2)NC(=O)CC3)CC1,8.39,4.341300000000004
CCc1cc(Cl)c(OC)c(N2CCN(CC[C@H]3CC[C@H](NC(=O)N(C)C)CC3)CC2)c1,8.38,4.253100000000003
COc1cccc2[nH]cc(CN3CCC(O)(c4ccc(Cl)cc4)CC3)c12,8.38,4.313500000000003
C#CC1=CC[C@H](N(CCC)CCCCNC(=O)c2ccc(OCCCc3cnn(CCCC)n3)c(OC)c2)CC1,8.38,5.432500000000005
CCN1CCC[C@H]1CNC(=O)c1c(OC)ccc(I)c1O,8.38,2.2195000000000005
O=C1CCc2ccc(OCCCCN3CCN(c4ccccc4C(F)(F)F)CC3)cc2N1,8.38,4.571300000000004
COc1ccc2[nH]cc(CN3CCC(O)(c4ccc(Cl)cc4)CC3)c2c1,8.38,4.313500000000003
CCCN(CCc1ccc(NC(=O)CCC(=O)NCCCCCC(=O)NCc2ccc(C(=O)NCCCCCC(=O)NCCCCCC(=O)NCc3ccc(C(=O)NCCCCCC(=O)NCCCCCCNC(=O)c4nn(-c5ccc(Cl)cc5Cl)c(-c5ccc(Cl)cc5)c4C)cc3)cc2)cc1)C1CCc2c(O)cccc2C1,8.38,14.717219999999973
O=C1Cc2c(cccc2OCCNCc2ccccc2)N1,8.37,2.3498
O=C1COc2c(cccc2N2CCN(CCCc3c[nH]c4ccccc34)CC2)N1,8.37,3.2536000000000014
O=C1CCc2ccc(OCCCCN3CCN(c4ccccc4)CC3)cc2N1,8.37,3.552500000000002
O=C(O)C(=O)O.Oc1ccc2c(c1)OC(CN1CCc3ccccc3C1)CC2,8.37,2.2996999999999996
COc1ccccc1N1CCN(CCCNC(=O)NN(Cc2ccccc2)c2ccc(F)cc2)CC1,8.37,4.267400000000003
CCCN(CCc1ccccc1)C1CCc2c(O)cccc2C1.Cl,8.37,4.626000000000006
Cc1ncoc1-c1nnc(SCCCN2CC3CCN(c4ccccc4OC(F)(F)F)C3C2)n1C,8.36,4.370020000000004
O=C(N[C@H]1CC[C@H](CCN2CCN(c3nsc4ccccc34)CC2)CC1)Oc1ccc(Cl)cc1,8.36,5.809200000000006
O=S(=O)(NCCCCN1CC=C(c2c[nH]c3ccc(Cl)cc23)CC1)c1ccc(F)cc1,8.36,4.808200000000004
CCOc1ccccc1N1CCCN(CCCCOc2ccc3c(n2)NC(=O)CC3)CC1,8.36,3.7363000000000026
CC(C)C(=O)NCc1ccc2c(c1)[C@@H](N1CCN(C)CC1)Cc1ccccc1S2,8.35,3.954600000000003
Cc1ccc2sc(S(=O)(=O)N[C@H]3CC[C@H](CCN4CCN(c5nsc6ccccc56)CC4)CC3)cc2c1,8.35,5.868820000000007
O=C(N[C@H]1CC[C@H](CCN2CCN(c3cccc(Cl)c3Cl)CC2)CC1)c1ccccc1,8.35,5.494300000000005
O=c1[nH]c2ccc(OCCCN3CCCN(c4cccc(Cl)c4Cl)CC3)cc2[nH]1,8.35,4.144200000000003
CC(=O)OC1(c2ccc(Cl)cc2)CCN(CCCC(=O)c2ccc(F)cc2)CC1,8.35,4.996400000000005
CC1Oc2c(cccc2N2CCN(CCCc3c[nH]c4ccccc34)CC2)NC1=O,8.35,3.642100000000002
O=C1NCc2ccc(OCCCN3CCN(c4cccc5c4OCCC5)CC3)cc21,8.35,2.8461000000000007
O=S(=O)(NCCCCN1CC=C(c2c[nH]c3ccc(Cl)cc23)CC1)c1ccc(Cl)cc1,8.35,5.322500000000004
CCCN(CCN1CCN(c2ccnc3c(O)cccc23)CC1)C1CCc2ccc(O)cc2C1,8.34,4.037500000000003
O=C(NCCN1CCN(c2cccc3nc(O)oc23)CC1)c1ccc(F)cc1,8.34,2.2245
Oc1cccc(N2CCN(Cc3ccccc3)CC2)c1,8.34,2.7144000000000013
O=C1CCc2ccc(C(O)CCCCN3CCN(c4cccc5sccc45)CC3)cc2N1,8.34,4.811900000000004
CN(CC[C@@H]1CC[C@@H](CNC(=O)c2cc3ccccc3[nH]2)C1)[C@@H]1Cc2cccc3[nH]c(=O)n(c23)C1,8.34,3.903800000000002
O=C1NCCc2ccc(OCCCCN3CCCN(c4cccc(Cl)c4Cl)CC3)cc21,8.34,4.650600000000004
COc1ccccc1N1CCN(CCCCNC(=O)c2cnn3ccc(COCCOCCOCCOCCOCc4ccn5ncc(C(=O)NCCCCN6CCN(c7ccccc7OC)CC6)c5c4)cc23)CC1,8.34,5.446800000000009
Cc1cccc(C)c1-c1ccc2c(c1)C(N1CCN(C)CC1)Cc1ccccc1S2,8.34,5.966240000000006
CCCN(CCC)[C@H]1CCn2nccc2C1,8.34,2.3199000000000005
COc1cc(C)ccc1N1CCN(CCCCOc2ccc3c(c2)NC(=O)CC3)CC1.O=C(O)C(=O)O,8.34,3.0251200000000003
CN[C@@H]1Cc2cccc3[nH]c(=O)n(c23)C1,8.34,0.4736999999999994
N[C@H]1CC[C@H](CCN2CCN(c3nsc4ccccc34)CC2)CC1,8.34,3.3259000000000016
Nc1cc(Br)ccc1C(=O)CCCN1CC[C@H]2[C@@H](C1)c1cccc3c1N2CCCS3,8.33,5.168100000000005
NC(=O)c1ccc2c(c1)CCOC2CCN1CC=C(c2c[nH]c3cc(F)ccc23)CC1,8.33,4.199100000000003
N#Cc1ccc(C(=O)N[C@H]2CC[C@H](CCN3CCN(c4nsc5ccccc45)CC3)CC2)o1,8.33,4.261880000000004
CCc1cccc(N2CCN(CCCCCNC(=O)c3nc4sccn4c3C)CC2)c1Cl,8.33,4.642320000000004
C1=C(c2ccccc2)CCN(CC[C@H]2CC[C@H](Nc3ncccn3)CC2)C1,8.33,4.626700000000004
CCc1cccc(N2CCN(CCCCNC(=O)c3nc4sccn4c3C)CC2)c1Cl,8.33,4.252220000000003
C[C@@H]1Oc2c(cccc2N2CCN(CCCc3c[nH]c4ccc(F)cc34)CC2)NC1=O,8.33,3.781200000000002
CC(=O)Nc1nc2cccc(CCN3CCN(c4cccc5sccc45)CC3)c2s1,8.33,4.834100000000004
Nc1cc(F)ccc1C(=O)CCCN1CC[C@@H]2[C@H](C1)c1cccc3c1N2CCCS3,8.33,4.544700000000004
CC(C)Oc1ccccc1N1CCN(C2CCC(NC(=O)Nc3c(Cl)cccc3Cl)CC2)CC1,8.33,6.035500000000006
CCCN(CCc1ccc(N/C(S)=N/c2ccc3c(c2)C(=O)OC32c3ccc(O)cc3Oc3cc(O)ccc32)cc1)[C@H]1CCc2c(O)cccc2C1,8.32,8.212800000000009
COc1cc(CN2CCN(c3ccccc3OC)CC2)ccc1OCCCc1cn(CCOCCOCCOCCn2cc(CCCOc3ccc(CN4CCN(c5ccccc5OC)CC4)cc3OC)nn2)nn1,8.32,6.321600000000008
COc1ccccc1N1CCN(CCCOc2ccc3c(c2)NC(=O)CC3)CC1.O=C(O)C(=O)O,8.32,2.3266
OC1(c2ccc(Cl)cc2)CC2CCC(C1)N2CCCSc1ccccc1F,8.32,5.4759000000000055
O=C1CCc2ccc(OCCCCN3CCC(c4cn(Cc5ccccc5)c5ccccc45)CC3)cc2N1,8.32,6.612900000000007
COc1ccccc1N1CCN(CCCCN2CCc3cc(-c4ccco4)ccc3C2=O)CC1,8.32,4.555900000000005
OC1(c2ccc(Br)cc2)CCN(Cc2c[nH]c3ccccc23)CC1,8.32,4.414000000000002
CN(c1ncccn1)[C@H]1CC[C@H](CCN2CCN(c3ccccc3)CC2)CC1,8.32,3.683900000000003
Cc1ccsc1C(=O)N[C@H]1CC[C@H](CCN2CCN(c3nsc4ccccc34)CC2)CC1,8.32,5.167120000000005
O=C(CCc1cn(CCCCCCCCCCn2cc(CCC(=O)OC3(c4ccc(Cl)cc4)CCN(CCCC(=O)c4ccc(F)cc4)CC3)nn2)nn1)OC1(c2ccc(Cl)cc2)CCN(CCCC(=O)c2ccc(F)cc2)CC1,8.31,12.535999999999984
CCCN(CCN1CCN(c2ccnc3ccccc23)CC1)C1CCc2c(cccc2OC)C1,8.31,4.6349000000000045
O[C@@]1(c2ccc(F)cc2)C[C@H]2CC[C@@H](C1)N2Cc1coc2ccccc12,8.31,4.5865000000000045
Cc1cc(C)c(-c2ccc3c(c2)C(N2CCN(C)CC2)Cc2ccccc2S3)c(C)c1,8.31,6.274660000000007
CCCN(CCCCN1C(=O)CC2(CCCC2)CC1=O)[C@@H]1CCc2c(F)cccc2C1,8.31,4.884600000000005
C#CC1=CC[C@H](N(CCC)CCCCNC(=O)c2ccc(OCCCc3cn(CCCC)nn3)c(OC)c2)CO1,8.31,4.626400000000005
O=C(CCCN1CCC(O)(c2ccc(Cl)cc2)CC1)c1ccc(Cl)cc1,8.3,4.939900000000005
O=C(NC1CCc2ccc(CCN3CCN(c4nsc5ccccc45)CC3)cc21)c1ccc(Cl)cc1,8.3,5.731700000000006
O=C1c2ccccc2C(=O)N1CCCCCN1CC=C(c2c[nH]c3ccc(F)cc23)CC1,8.3,4.862600000000004
Br.COc1ccc(Cl)cc1N1CCN(C[C@H]2C[C@@H]2c2ccccc2)CC1,8.3,4.852200000000005
O=C(O)C(=O)O.Oc1ccc2c(c1)O[C@@H](CNCCN1CCN(c3ccc(OCCF)cc3)CC1)CC2,8.3,2.0015
O=c1[nH]c2c(N3CCN(CC[C@@H]4CCCN4S(=O)(=O)c4cncc5ccccc45)CC3)cccc2o1,8.3,3.0347000000000017
O=S(=O)(c1cccc2cnccc12)N1CCC[C@H]1CCN1CCN(c2cccc3sccc23)CC1,8.3,4.814900000000004
Oc1nc2c3c(ccc2[nH]1)CCC(CNCc1ccccc1)O3,8.3,2.751900000000001
Cn1c(CCCN2CCN(c3cccc(Cl)c3Cl)CC2)nc(-c2ccccc2)c1C(=O)NCc1ccccc1,8.3,6.078700000000006
CC(=O)c1ccc(C(=O)N[C@H]2CC[C@H](CCN3CCN(c4nsc5ccccc45)CC3)CC2)o1,8.3,4.592800000000005
CCCN(CCC)C1CCc2nc(N)ccc2C1,8.3,2.6431000000000004
O=C(N[C@H]1CC[C@H](CCN2CCN(c3cccc(Cl)c3Cl)CC2)CC1)c1ccsc1,8.3,5.555800000000006
Nc1nc(N)nc(NCCCCCCN2CCN(c3cccc(Cl)c3Cl)CC2)n1,8.3,3.1373000000000015
O=C(NCCCCCN1CCN(c2cccc(Cl)c2Cl)CC1)c1cccc2c1-c1ccccc1C2=O,8.3,5.927100000000006
Br.Clc1ccccc1N1CCN(C[C@H]2C[C@@H]2c2ccccc2)CC1,8.3,4.843600000000006
O=C(NC1CCc2ccc(CCN3CCN(c4nsc5ccccc45)CC3)cc21)c1ccco1,8.3,4.671300000000005
O=C(NC1CCc2cc(CCN3CCN(c4nsc5ccccc45)CC3)ccc21)c1cccnc1,8.3,4.4733000000000045
Cc1ccccc1N1CCN(CCCCOc2ccc3c(n2)NC(=O)CC3)CC1,8.3,3.2559200000000015
O=S(=O)(c1cccc2cnccc12)N1CCC[C@@H]1CCN1CCN(c2cccc3sccc23)CC1,8.3,4.814900000000004
COc1ccccc1N1CCN(CCNC(=O)c2ccc(F)cc2)CC1,8.3,2.3863000000000003
Br.COc1ccccc1N1CCN(C[C@H]2C[C@@H]2c2ccccc2)CC1,8.3,4.198800000000003
O=c1ccc(OCCCN2CCC(c3noc4cc(F)ccc34)CC2)nn1-c1c(F)cccc1F,8.3,4.439500000000004
O=S(=O)(c1ccnc2ccccc12)N1CCCC[C@@H]1CCN1CCN(c2nsc3ccccc23)CC1,8.3,4.600000000000004
O=C1N(CCN2[C@@H]3CCC[C@H]2CC3)CCN1c1cccc(Cl)c1,8.3,3.598900000000003
Cc1ccccc1N1CCN(CC[C@H]2CC[C@H](NC(=O)c3cccs3)CC2)CC1,8.3,4.557420000000004
COc1ccccc1N1CCN(CCCCOc2ccn3nc(C=O)cc3c2)CC1,8.29,3.1366000000000014
O=C(NCCCCN1CCN(c2ccccc2OCCF)CC1)c1c[nH]c2ccccc12.O=C(O)C(=O)O,8.29,3.0039999999999996
c1cc2c(c(N3CCN(CCCCc4c[nH]c5ccccc45)CC3)c1)OCCO2,8.29,4.084000000000002
CCCN(CCc1ccc(CCN(CCC)[C@H]2CCc3c(O)cccc3C2)cc1)[C@@H]1CCc2cc(O)c(O)cc2C1,8.28,6.42740000000001
O=S(=O)(NCCN1CCC(c2noc3cc(F)ccc23)CC1)c1ccc2ccccc2c1,8.28,4.278000000000003
CN(C)c1ccc(C2(O)CCN(CCCC(=O)c3ccc(F)cc3)CC2)cc1,8.28,3.838200000000003
CSc1ccccc1N1CCN(CCCCCC(=O)NCc2ccc(C#N)cc2)CC1,8.28,4.278980000000003
CCCN1CCN(c2cccc(Cl)c2Cl)CC1,8.28,3.525400000000003
Nc1cc(F)ccc1C(=O)CCCN1CC[C@H]2[C@@H](C1)c1cccc3c1N2CCC3,8.28,3.9951000000000034
C[C@H]1Oc2c(cccc2N2CCN(CCCc3c[nH]c4c(F)cccc34)CC2)NC1=O,8.28,3.781200000000002
O=C(O)C(=O)O.Oc1cc2c(cc1Cl)CCC(CNCc1ccccc1)O2,8.28,2.6846000000000005
c1ccc(N2CCN(CC[C@H]3CC[C@H](Nc4ncccn4)CC3)CC2)cc1,8.28,3.659600000000003
O=S(=O)(CC1CCN(CCCc2noc3cc(F)ccc23)C1)c1ccc2ccccc2c1,8.28,4.848500000000005
CCCN(CCN1CCN(c2cccc3ncccc23)CC1)C1CCc2ccc(O)cc2C1,8.28,4.331900000000004
O=S(=O)(NCCCCN1CCN(c2noc3ccccc23)CC1)c1cccs1,8.28,2.7700000000000005
CCc1cc(Cl)c(OC)c(N2CCN(CC[C@H]3CC[C@H](NC(N)=O)CC3)CC2)c1,8.28,3.6502000000000017
OC1(c2ccc(Cl)cc2)CCN(CCCCc2ccc(F)cc2)CC1,8.27,4.7854000000000045
COc1ccccc1N1CCN(CCc2ccc3[nH]nnc3c2)CC1,8.27,2.3312
Cc1nc2n(c(=O)c1CCN1CCN(c3cccc4sccc34)CC1)CCCC2O,8.27,2.958320000000002
O=C(CCC(=O)OC1(c2ccc(Cl)cc2)CCN(CCCC(=O)c2ccc(F)cc2)CC1)OC1(c2ccc(Cl)cc2)CCN(CCCC(=O)c2ccc(F)cc2)CC1,8.27,9.746799999999997
O=C1CCc2ccc(CCN3CCN(c4cc(F)cc5sccc45)CC3)cc2N1,8.27,4.289800000000003
Fc1ccc2c(C3CCN(CCCOc4ccc(CN5CCOCC5)c(Cl)c4)CC3)noc2c1,8.27,5.101000000000005
CNc1nc(Cl)c(SC)c(N2CCN(C)CC2)n1,8.27,1.6454
CN(C)C1CCc2ccc(O)cc2C1,8.27,1.8111
N#Cc1cc(N2CCN(CC[C@H]3CC[C@H](NC(=O)CN)CC3)CC2)cc(C(F)(F)F)c1,8.27,2.722880000000001
CN(CCCCNC(=O)c1ccc2c(c1)Cc1ccccc1-2)[C@@H]1Cc2cccc3[nH]c(=O)n(c23)C1,8.26,3.967500000000003
O=C(O)C(=O)O.Oc1ccc2c(c1)O[C@@H](CNCc1ccc(OCCCCF)cc1)CC2,8.26,3.1597000000000017
O=C1NCc2ccc(OCCCN3CCN(c4cccc5cccc(F)c45)CC3)c(F)c21,8.26,3.9525000000000032
Cc1ncoc1-c1nnc(SCCCN2CCC[C@]3(C[C@H]3c3ccc(C(F)(F)F)cc3)C2)n1C,8.26,5.549220000000005
Cc1cccc(S(=O)(=O)NCCCN2CC=C(c3c[nH]c4ccc(Cl)cc34)CC2)c1,8.26,4.587420000000003
O=Cc1ccc(-c2ccccc2OCF)cc1,8.26,3.4719000000000015
O=c1[nH]c2ccccc2n1C1CCN(CCOc2ccccc2)CC1,8.26,3.0455000000000014
CCc1cccc(N2CCN(CCCCNC(=O)c3cc4ccccc4[nH]3)CC2)c1Cl,8.26,4.715900000000003
COc1ccc2[nH]cc(CN3CCC(O)(c4ccc(SC)cc4)CC3)c2c1,8.26,4.382000000000003
O=c1[nH]c2ccc(CCN3CCN(c4cccc5sccc45)CC3)cc2o1,8.26,3.7005000000000026
C#CC1=CC[C@H](N(CCC)CCCCNC(=O)c2cc3ccccn3n2)CC1,8.26,3.668400000000002
Cc1nc2n(c(=O)c1CCN1CCN(c3cccc4sccc34)CC1)CCCC2Cl,8.26,4.204820000000003
O=C1CCc2ccc(OCCCCN3CCN(c4ccccc4F)CC3)cc2N1,8.26,3.691600000000003
COc1ccccc1N1CCN(CCCCNC(=O)c2cc3ccc2CCc2ccc(cc2)CC3)CC1,8.25,4.9112000000000045
CCc1cccc(N2CCN(CCCCCNC(=O)c3cn4ccccc4n3)CC2)c1Cl,8.25,4.272400000000003
O=S(=O)(N[C@H]1CCN(CCCc2noc3ccccc23)C1)c1cc2ccccc2o1,8.25,3.559400000000002
O=S(=O)(NCCCN1CC=C(c2c[nH]c3ccc(Cl)cc23)CC1)c1cccc(Cl)c1,8.25,4.932400000000004
O=C(CCCCCCCC(=O)OC1(c2ccc(Cl)cc2)CCN(CCCC(=O)c2ccc(F)cc2)CC1)OC1(c2ccc(Cl)cc2)CCN(CCCC(=O)c2ccc(F)cc2)CC1,8.25,11.697299999999988
O[C@@]1(c2ccc(Cl)cc2)C[C@H]2CC[C@@H](C1)N2Cc1coc2c1ccc1ccccc12,8.25,6.254000000000006
Cc1ccc(N2CCN(CC[C@H]3CC[C@H](NC(=O)C4CCCCC4)CC3)CC2)cc1C,8.25,5.070840000000005
O=C1CCc2cc(OCCCN3CCC(C4=NOC5C=C(F)C=CC45)CC3)ccc2N1,8.25,3.8464000000000027
COc1ccccc1N1CCN(CCCCNc2ccc3ccccc3n2)CC1,8.25,4.257700000000003
CCc1cccc(N2CCN(CCCCNC(=O)c3cn4ccccc4n3)CC2)c1Cl,8.25,3.8823000000000025
O=C1NCCc2ccc(OCCCN3CCCN(c4cccc(Cl)c4Cl)CC3)cc21,8.24,4.260500000000004
Cc1ncoc1-c1nnc(SCCCN2CC3CCN(c4cccc(C#N)c4)C3C2)n1C,8.24,3.3431000000000024
O=C1NCc2ccc(OCCCCN3CCN(c4cccc5ccc(F)cc45)CC3)c(F)c21,8.24,4.3426000000000045
O=C(N[C@H]1CC[C@H](CCN2CCN(c3nsc4ccccc34)CC2)CC1)OCc1cc2ccccc2o1,8.24,6.039800000000007
O=C1CCc2ccc(OCCCCN3CCN(c4ccccc4Cl)CC3)nc2N1,8.24,3.600900000000002
CCc1cccc(N2CCN(CC[C@H]3CC[C@H](NC(=O)C4=CC5C=CC=CC5N4)CC3)CC2)c1Cl,8.24,4.687400000000004
COc1ccccc1N1CCCN(CCCCOc2ccc3c(n2)NC(=O)CC3)CC1,8.24,3.3462000000000014
CCc1cc(Cl)c(OC)c(N2CCN(CC[C@H]3CC[C@H](NC(=O)NC)CC3)CC2)c1,8.24,3.9109000000000025
C[C@H]1CN(CC[C@H]2CC[C@H](N3C(=O)c4ccccc4C3=O)CC2)CCc2ccc(Cl)cc21,8.24,5.546700000000007
O=C1NCc2cc(F)c(OCCCN3CCN(c4cccc5ccc(F)cc45)CC3)cc21,8.24,3.9525000000000032
Oc1ccc(C2=CCN(C[C@@H]3CCC=C(c4ccccc4)C3)CC2)cc1,8.24,5.3650000000000055
c1ccc(N2CCN(C[C@H]3CC[C@H](Nc4ncccn4)CC3)CC2)cc1,8.24,3.2695000000000016
FC(F)(F)c1cccc(N2CCN(CCCc3ccc4[nH]c(=S)[nH]c4c3)CC2)c1,8.24,4.999090000000003
CCCCOC(=O)c1cc2c3c(ccc2[nH]1)OCC(CN1CCC2(CC1)C(=O)NCN2c1ccccc1)O3,8.24,3.693100000000002
O=C(OCc1ccccc1)c1cc2c3c(ccc2[nH]1)OCC(CN1CCC2(CC1)C(=O)NCN2c1ccccc1)O3,8.24,4.093200000000003
COc1ccccc1N1CCN(CCCCOc2ccn3nc(CO)cc3c2)CC1,8.24,2.8164000000000007
CC1CN(C)C(=O)c2cc(OCCCN3CCC(c4noc5cc(F)ccc45)CC3)ccc21,8.24,4.804500000000004
Cc1c(C)c2ccc(OCCCN3CCN(c4ccccc4)CC3)cc2oc1=O,8.23,4.0009400000000035
O=C(NCCCCN1CCN(c2ccccc2OCCF)CC1)c1ccc(-n2ccnc2)cc1,8.23,3.552800000000002
C[C@H]1CN(CC[C@H]2CC[C@H](NC(=O)N(C)C)CC2)CCc2ccc(Cl)cc21,8.23,4.521700000000004
COc1ccc2c(C(=O)NC/C=C/CN3CCN(c4ccccc4OCCF)CC3)c[nH]c2c1.O=C(O)C(=O)O,8.23,2.7885999999999997
CN1CCN(C2Cc3ccccc3Sc3ccc(-c4ncn(C)n4)cc32)CC1,8.23,3.4779000000000027
Nc1ccccc1C(=O)CCCN1CC[C@@H]2[C@H](C1)c1cccc3c1N2CCCS3,8.23,4.405600000000004
FC(F)(F)c1cccc(N2CCN(CCOc3ccc4[nH]c(=S)[nH]c4c3)CC2)c1,8.23,4.445290000000003
O=C1NCc2cc(Cl)c(OCCCCN3CCN(c4cccc5cccc(F)c45)CC3)cc21,8.23,4.856900000000005
CN(C)C[C@H]1CC2c3ccccc3Oc3ccc(Cl)cc3[C@H]2O1,8.23,4.621100000000004
Cc1ccccc1N1CCN(CCCCOc2ccc3c(c2)NC(=O)CC3)CC1,8.23,3.860920000000003
Fc1ccc(-c2cncc(CNC[C@H]3CCc4ccccc4O3)c2)cc1,8.221848749616356,4.371100000000003
COc1ccc(N2CCN(CC[C@H]3CC[C@H](Nc4ncccn4)CC3)CC2)cc1,8.22,3.6682000000000023
CCCN(CCC)C1CCc2c(O)cccc2C1,8.22,3.371500000000002
C=CCN1CCC[C@H]1CNC(=O)c1cc(CCCSC2CC(=O)N(CCCCCC(=O)NCCOCCOCCOCCOCCC(=O)N[C@@H](CCCCNC(=O)O/N=C/c3ccc([Si](F)(C(C)(C)C)C(C)(C)C)cc3)C(=O)N[C@@H](Cc3cnc[nH]3)C(=O)N[C@@H](C)C(=O)N[C@H](C(=O)N[C@@H](Cc3ccc(O)cc3)C(=O)N3CCC[C@H]3C(=O)N[C@@H](CCCNC(=N)N)C(=O)N[C@@H](Cc3cnc[nH]3)C(=O)O)[C@@H](C)CC)C2=O)cc(OC)c1OC,8.22,5.341569999999976
O=C(NCCN1CC=C(c2cccc(C(F)(F)F)n2)CC1)C1CCCOC1,8.22,2.7323000000000004
O=S(=O)(NCCCN1CCN(c2nsc3ccccc23)CC1)c1ccc2cc(Cl)ccc2c1,8.22,4.593500000000004
O=C1CCc2ccc(OCCCCN3CCN(c4cccc5c(F)cccc45)CC3)nc2N1,8.22,4.239800000000003
O=S(=O)(c1cncc2ccccc12)N1CCC[C@@H]1CCN1CCN(c2cccc3sccc23)CC1,8.22,4.814900000000004
O=C(NC1CCc2ccc(CCN3CCN(c4nsc5ccccc45)CC3)cc21)c1ccc(F)cc1,8.22,5.217400000000006
O=C(NC1CCc2ccc(CCN3CCN(c4nsc5ccccc45)CC3)cc21)c1cccnc1,8.22,4.4733000000000045
Nc1nc2cccc(CCN3CCN(c4cccc5sccc45)CC3)c2s1,8.22,4.457900000000004
Nc1ccccc1C(=O)CCCN1CC[C@H]2[C@@H](C1)c1cccc3c1N2CCCS3,8.22,4.405600000000004
O=C1CCc2ccc(OCCCN3CCCN(c4cccc(Cl)c4Cl)CC3)cc2N1,8.22,4.859300000000005
O=S(=O)(c1cncc2ccccc12)N1CCCCC[C@H]1CCN1CCN(c2cccc3sccc23)CC1,8.22,5.595100000000007
Nc1nc2cc(CCN3CCN(c4cccc5sccc45)CC3)ccc2s1,8.22,4.457900000000004
CCCN(CCC)[C@H]1CCc2c(O)cccc2C1,8.22,3.371500000000002
FC(F)(F)c1cccc(N2CCN(CC[C@H]3CC[C@H](Nc4ncccn4)CC3)CC2)c1,8.22,4.678400000000003
N#Cc1cccc(-c2cccc(CN3CCN(c4cccc5nc(O)oc45)CC3)c2)c1,8.22,4.394280000000003
O=C(NC/C=C/CN1CCN(c2cccc(Cl)c2Cl)CC1)c1ccc(F)cc1,8.21,4.240700000000003
CCCN1CCOC2c3cc(O)ccc3CCC21,8.21,2.4903000000000004
CCN1CCN(c2cc(-c3ccc(F)cc3)c3c(n2)CCC[C@@H](O)CC3)CC1,8.21,3.6594000000000024
O=C1CCc2ccc(OCCCCN3CCN(c4cccc5c4ccn5Cc4cccc(F)c4)CC3)cc2N1,8.21,5.694600000000006
Cc1nn(C2CCN(Cc3ccccc3)CC2)cc1-c1ccccc1,8.21,4.695620000000004
O=Cc1cnn2cc(OCCCCN3CCN(c4cccc(Cl)c4Cl)CC3)ccc12,8.21,4.4348000000000045
CN1CCN(C2Cc3ccccc3Sc3ccc(CNC(=O)C(C)(C)C)cc32)CC1,8.21,4.344700000000003
COc1cc(CN2CCCC2)ccc1OCCCN1CCC(c2noc3cc(F)ccc23)CC1,8.21,5.2198000000000055
COc1ccccc1N1CCN(CCCCNC(=O)c2sc3nc(OC)c(Cl)c(C)c3c2N)CC1,8.2,4.189720000000002
CCN(Cc1ccc(-c2cc(S(=O)(=O)CC)ccc2OC)[nH]1)Cc1ccccc1C,8.2,4.814420000000005
CCc1cccc(N2CCN(CCCCNC(=O)c3cc4ccccc4o3)CC2)c1Cl,8.2,4.980800000000005
CC(C)Oc1cc2c(cc1NS(=O)(=O)c1ccc(-c3ccc(Cl)cc3)cc1)CCN(C)CC2,8.2,5.625400000000006
C[C@H]1CN(CC[C@H]2CC[C@H](NC(=O)N3CCCC3)CC2)CCc2ccc(Cl)cc21,8.2,5.055900000000005
CCCN1CCc2cccc3c2[C@H]1Cc1ccc(OC(C)=O)c(OC(C)=O)c1-3,8.2,4.069500000000003
Cn1ccc2c(N3CCN(CCCCOc4ccc5c(c4)NC(=O)CC5)CC3)cccc21,8.2,4.044200000000003
NC(=O)c1ccccc1OCCCN1CCN(c2cccc3c2ccn3S(=O)(=O)c2ccccc2)CC1,8.2,3.5683000000000025
O=C1CCc2ccc(CC3C4CCC3CN(C[C@@H]3COc5c(ccc6c5CC(=O)N6)O3)C4)cc2N1,8.2,3.4064000000000014
Cc1ccc(-c2ccc3c(c2)C(N2CCN(C)CC2)Cc2ccccc2S3)cc1,8.2,5.657820000000006
Cc1cccc(N2CCN(CC[C@H]3CC[C@H](NC(=O)c4cccs4)CC3)CC2)c1,8.2,4.557420000000004
CCc1cccc(N2CCN(CCCCCNC(=O)c3cc4ccccc4o3)CC2)c1Cl,8.2,5.370900000000005
CCCN(CCC)[C@@H]1CCc2c(cccc2OC)C1,8.2,3.6745000000000028
CCN1CCCC1CNC(=O)c1cc(S(=O)(=O)CC)ccc1OC,8.2,1.7028999999999999
CCCCCCNC[C@H]1CCc2ccc(O)cc2O1.O=C(O)C(=O)O,8.2,2.4112999999999998
COc1ccccc1N1CCN(CCCNC(=O)c2cccc(OCCOCCOCCOCCOc3cccc(C(=O)NCCCN4CCN(c5ccccc5OC)CC4)c3)c2)CC1,8.19,5.095600000000008
COc1ccccc1N1CCN(CCNC(=O)c2cn(-c3ccc([N+](=O)[O-])cc3)nn2)CC1,8.19,1.7360999999999995
CCCc1c(C(=O)NCCCCN2CCN(c3ccccc3OC)CC2)nnn1Cc1ccccc1,8.19,3.6197000000000026
CCOCCOc1ccn2ncc(C(=O)NCCCN3CCN(c4ccccc4OC)CC3)c2c1,8.19,2.7003000000000013
O=S(=O)(N[C@H]1CC[C@@H](CCN2CCN(c3nsc4ccccc34)CC2)CC1)c1cc2ccccc2o1,8.19,5.091900000000005
COc1ccc2c(c1)CCN(C)CCc1cc(OC)ccc1C2,8.19,3.325000000000002
O=C(N[C@H]1CC[C@H](CCN2CCN(c3cccc(Cl)c3Cl)CC2)CC1)C1=CC2C=CC=CC2N1,8.19,4.778400000000003
CNc1cc(OC)c(C(=O)N[C@H]2CCN(Cc3ccccc3)C[C@@H]2C)cc1Cl,8.19,4.030700000000003
Sc1nc2c(OCCNCc3ccccc3)cc(Cl)cc2[nH]1,8.19,3.673600000000002
CC(C)Oc1ccccc1N1CCN(C2CCC(NC(=O)Nc3c(Cl)cc(Cl)cc3Cl)CC2)CC1,8.19,6.6889000000000065
O=[N+]([O-])c1ccc2sc(S(=O)(=O)N[C@H]3CC[C@H](CCN4CCN(c5nsc6ccccc56)CC4)CC3)cc2c1,8.19,5.468600000000007
O=C(N[C@H]1CC[C@H](CCN2CCN(c3cccc(Cl)c3)CC2)CC1)c1cccs1,8.19,4.9024000000000045
O=C1CCc2cc(F)ccc2N1CCCN1CCC(n2c(=O)[nH]c3ccccc32)CC1,8.19,3.475100000000002
CCCc1c(C(=O)NCCCCN2CCN(c3cccc(Cl)c3Cl)CC2)nnn1Cc1ccccc1,8.19,4.917900000000005
CCOc1cccc2cc(CNCCCCOc3ccc4ccc(=O)oc4c3)oc12,8.19,4.886700000000004
COc1ccccc1N1CCN(CCCCNC(=O)/N=N/c2cc(F)c(F)c(F)c2)CC1,8.18,4.508200000000004
O=C(O)C(=O)O.OC1(c2ccc(Br)cc2)CCN(Cc2coc3ccccc23)CC1,8.18,3.834500000000003
CCCN(C/C=C/I)C1CCc2ccc(O)cc2C1,8.18,3.9102000000000032
COc1ccccc1N1CCN(CCCCNC(=O)c2cn3ccccc3n2)CC1,8.18,2.6751000000000005
COc1ccc(F)cc1[C@@H]1C[C@H]1CNCCCOc1ccc2ccc(=O)[nH]c2c1,8.18,3.838000000000002
COc1ccc(F)cc1[C@H]1C[C@@H]1CNCCCOc1ccc2ccc(=O)[nH]c2c1,8.18,3.838000000000002
O=C(NC/C=C/CN1CCN(c2cccc(Cl)c2Cl)CC1)c1ccccc1O,8.18,3.807200000000003
O=C1NCN(c2ccccc2)C12CCN(CC1COc3ccccc3O1)CC2,8.17,2.2549
O=C1COc2ccc(CCN3CCC(c4cccc5sccc45)CC3)cc2N1,8.17,4.654300000000003
CSc1cc2c(c(C(=O)NC[C@H]3CCCN3CCc3ccccc3)c1)OCC2,8.17,3.780300000000003
Cc1cccc(C2CCN(CCNC(=O)C3CCCCO3)CC2)n1,8.17,2.25472
CN1CCc2cc(Br)cc3c2[C@H]1Cc1ccc(O)c(O)c1-3,8.17,3.6124000000000027
Cc1c(OCCCN2CCN(c3cccc4ccccc34)CC2)ccc2c1C(=O)NC2,8.17,3.982720000000003
O=C(Nc1cc2ccccc2s1)N[C@H]1CC[C@H](CCN2CCN(c3nsc4ccccc34)CC2)CC1,8.17,6.403600000000005
CCOC(=O)c1cc2cc(OCCCCN3CCN(c4cccc(Cl)c4Cl)CC3)ccn2n1,8.17,4.799000000000005
C=CCN1CCC2c3c(cccc3OC)CC[C@H]21,8.17,2.9853000000000014
N#Cc1cc2cc(OCCCCN3CCN(c4cccc(Cl)c4Cl)CC3)ccn2n1,8.17,4.493980000000004
CCCN(CCc1ccc(C)cc1)[C@H]1CCc2c(O)cccc2C1,8.17,4.512620000000004
COC(=O)c1cc2c3c(ccc2[nH]1)OCC(CN1CCC(n2c(O)nc4ccccc42)CC1)O3,8.17,3.4867000000000026
CCCN(CCc1ccc(N)cc1)C1CCc2c(O)cccc2C1,8.17,3.786400000000002
CCc1cccc(N2CCN(CCC(O)CNC(=O)c3cc4ccccc4[nH]3)CC2)c1Cl,8.17,3.686700000000002
CN1CCc2ccc(OCCCN3CCN(c4nsc5ccccc45)CC3)cc2C1=O,8.16,3.515500000000002
OC1(c2ccc(Cl)c(Cl)c2)CCN(Cc2c[nH]c3ccccc23)CC1,8.16,4.958300000000003
C[C@@H](O)[C@@H]1NC(=O)[C@H](CCCCN)NC(=O)[C@@H](Cc2c[nH]c3ccccc23)NC(=O)[C@H](Cc2ccccc2)NC(=O)[C@H](Cc2ccccc2)NC(=O)[C@H](CCCNC(=N)N)NC(=O)[C@H](NCCCC[C@@H]2C[C@@H]3c4cccc5[nH]cc(c45)C[C@H]3N(C)C2)CCCCNC(=O)[C@H](Cc2ccc(F)cc2)NC1=O,8.16,4.314370000000003
COc1ccccc1N1CCN(CCCCN2CCc3cc(-c4cccs4)ccc3C2=O)CC1,8.16,5.024400000000005
CCCN(CCc1ccc(N/C(S)=N/c2ccc3c(c2)C(=O)OC32c3ccc(O)cc3Oc3cc(O)ccc32)cc1)C1CCc2c(O)cccc2C1,8.15,8.212800000000009
Nc1nc(N)nc(NCCCCN2CCN(c3cccc(Cl)c3Cl)CC2)n1,8.15,2.3571
CCCN(CCN1CCN(c2ccnc3ccccc23)CC1)C1CCc2ccc(O)cc2C1,8.15,4.331900000000004
CCCc1c(C(=O)NCCCCN2CCN(c3ccccc3OC)CC2)nnn1Cc1ccc(OC)cc1,8.15,3.628300000000002
COc1ccccc1N1CCN(CCCCCNC(=O)c2cnn3ccccc23)CC1,8.15,3.0652000000000017
S=c1[nH]c2ccc(OCCN3CCN(c4cccc(Cl)c4)CC3)cc2[nH]1,8.15,4.0798900000000025
CO[C@]1(C)c2cccc3c2-c2c1ccc1c2[C@@H](C3)N(C)CC1,8.15,3.6620000000000026
CCOc1cccc2cc(CNCCCCOc3ccc4c(c3)NC(=O)CC4)oc12,8.15,4.665000000000004
O=C1c2ccccc2S(=O)(=O)N1CCCCCCN1CCN(c2cccc(C(F)(F)F)c2)CC1,8.15,4.232500000000004
O=C(O)C(=O)O.Oc1cc2c(cc1Cl)CC[C@H](CNCc1ccccc1)O2,8.15,2.6846000000000005
O=S(=O)(c1cccc2ncccc12)N1CCCC[C@@H]1CCN1CCN(c2nsc3ccccc23)CC1,8.15,4.600000000000004
CN1CCN(C2=Nc3cc(Cl)ccc3Nc3ccccc32)CC1,8.15,3.7227000000000023
CC(=O)NCc1ccc2c(c1)C(N1CCN(C)CC1)Cc1ccccc1S2,8.15,3.318500000000002
COc1ccccc1N1CCN(CCCCN2CCc3cc(-c4ccncc4)ccc3C2=O)CC1,8.15,4.357900000000004
Br.COc1ccc([C@H]2C[C@@H]2CN2CCN(c3ccc(Cl)cc3Cl)CC2)cc1,8.15,5.505600000000005
CN1CN(c2ccccc2)C2(CCN(Cc3coc4ccccc34)CC2)C1=O.O=C(O)C(=O)O,8.15,2.8591000000000006
Cc1cccc(C2CCN(CCNC(=O)C3CC4CCC3O4)CC2)n1,8.15,2.25312
C=CCN1C[C@H](OCc2ccncc2)C[C@H]1CNC(=O)c1cc(CCCF)cc(OC)c1OC,8.15,3.5764000000000022
O=C(NCCN1CCC(n2c(=O)[nH]c3cc(Cl)ccc32)CC1)c1ccc(F)cc1,8.15,3.189000000000002
CS(=O)(=O)Nc1cc(OCCN2CC3CCC(C2)C3Cc2ccc3c(c2)NC(=O)CC3)ccc1F,8.15,3.6614000000000013
COc1ccccc1N1CCN(CCCCN2CCc3ccccc3C2=O)CC1,8.15,3.2959000000000023
COc1ccccc1N1CCN(CCCCNC(=O)/C=C/c2ccc(/C=C/C(=O)NCCCCN3CCN(c4ccccc4OC)CC3)cc2)CC1,8.14,5.167400000000005
CCc1cc(Cl)c(OC)c(C(=O)NC[C@@H]2C[C@@H](OCCCCOCc3ccccc3)CN2)c1O,8.14,4.090500000000003
CSc1ccccc1N1CCN(CCCCCC(=O)NC2CCCc3ccccc32)CC1,8.14,5.284700000000005
C=CCN1CC[C@H](OCc2ccccc2)[C@H]1CNC(=O)c1cc(CCCF)cc(OC)c1OC,8.14,4.181400000000004
CN1CCN([C@@H]2Cc3ccccc3Sc3ccc(Cl)cc32)CC1,8.14,4.335800000000004
Oc1ccc2ccc(OCCCCN3CCN(c4cccc(Cl)c4Cl)CC3)cc2n1,8.14,5.228400000000005
C=CCN1CCC[C@H]1CNC(=O)c1cc(CCCSC2CC(=O)N(CCCCCC(=O)NCCOCCOCCOCCOCCC(N)=O)C2=O)cc(OC)c1OC,8.14,2.4957000000000082
CN(C)C(=O)N1CCC(CCCN2CCN(c3cccc(Cl)c3Cl)CC2)CC1,8.14,4.289200000000004
O=C(O)C(=O)O.Oc1ccc2c(c1)O[C@@H](CNCc1ccccc1)CO2,8.14,1.4774
Clc1ccccc1N1CCN(Cc2nc3ccccc3[nH]2)CC1,8.14,3.538500000000001
Oc1ccc2c(c1)O[C@@H](CNCc1ccccc1)CO2,8.14,2.3217999999999996
COc1cc(CN2CCN(C)CC2)ccc1OCCCc1cn(CCCCCCCCn2cc(CCCOc3ccc(CN4CCN(c5ccccc5OC)CC4)cc3OC)nn2)nn1,8.14,7.029000000000008
COc1ccccc1N1CCN(CCCCCOc2ccc3c(c2)NC(=O)CC3)CC1.O=C(O)C(=O)O,8.14,3.1068000000000007
Clc1cccc(N2CCN(CCCCc3cn(-c4ccn5nccc5c4)nn3)CC2)c1Cl,8.14,4.366700000000003
c1ccc(N2CCN(CCC[C@H]3CC[C@H](Nc4ncccn4)CC3)CC2)cc1,8.13,4.049700000000003
O=C(NC/C=C/CN1CCN(c2cccc(Cl)c2Cl)CC1)c1ccccc1[N+](=O)[O-],8.13,4.009800000000003
COc1ccccc1N1CCN(CCCCCOc2ccc3ccc(=O)[nH]c3c2)CC1.O=C(O)C(=O)O,8.13,3.063600000000001
Cc1cc(-c2ccsc2)cc(N2CCN(C)CC2)n1,8.13,2.8703200000000013
O=C1NCc2ccc(OCCCCN3CCN(c4cccc5ccccc45)CC3)cc21,8.13,4.064400000000004
COc1cc(N)c(Cl)cc1C(=O)N[C@H]1CCN(Cc2ccccc2)C[C@@H]1C,8.13,3.571200000000003
CC1CCN(CCc2ccc(OCCCN3CCC(c4noc5cc(F)ccc45)CC3)cc2)CC1,8.13,5.889800000000006
C=CCO[C@@H]1C[C@@H](CNC(=O)c2cc(CCCF)cc(OC)c2OC)N(CC=C)C1,8.13,3.167200000000002
C#CCN(CCCCN1CCN(c2cccc(Cl)c2Cl)CC1)C1CCc2ccc(O)cc2C1,8.13,5.093900000000006
O=C(N[C@H]1CC[C@H](CCN2CCN(c3cccc(Cl)c3Cl)CC2)CC1)C1CCCCC1,8.13,5.760800000000006
O=C(CCCN1CCC(O)(c2ccc(Cl)cc2)CC1)c1ccc(F)c(F)c1,8.13,4.564700000000004
Cc1ccc(S(=O)(=O)N[C@H]2CC[C@H](CCN3CCN(c4nsc5ccccc45)CC3)CC2)o1,8.13,4.247120000000004
O=C1CCc2ccc(CCN3CCC(c4cccc5sccc45)CC3)cc2N1,8.13,5.208100000000004
CCOC(=O)c1cc2cc(OCCCCN3CCN(c4ccccc4OC)CC3)ccn2n1,8.13,3.5008000000000026
CCc1cc(Cl)c(OC)c(C(=O)NC[C@@H]2C[C@@H](OCCCc3ccccc3)CN2)c1O,8.13,3.7263000000000024
CC1(C)Oc2c(cccc2N2CCN(CCCc3c[nH]c4ccccc34)CC2)NC1=O,8.13,4.032200000000002
O=c1[nH]c2ccc(OCCN3CCN(c4ccccc4)CC3)cc2[nH]1,8.12,2.0572
COc1ccccc1N1CCN(CCCCNC(=O)/N=N/c2ccc(F)c(F)c2)CC1,8.12,4.369100000000003
COc1ccc2[nH]cc(C(=O)NC/C=C/CN3CCN(c4ccccc4OCCF)CC3)c2c1.O=C(O)C(=O)O,8.12,2.7885999999999997
COc1cc2c(cc1O)[C@@H]1Cc3sc(CC(C)C)cc3CN1CC2,8.12,4.316300000000004
O=C(CCCN1CCC(O)(c2ccccc2)CC1)c1ccc(F)cc1,8.12,3.7722000000000024
CCc1cccc(N2CCN(CC[C@H]3CC[C@H](NC(=O)c4ccnc5ccccc45)CC3)CC2)c1Cl,8.11,5.9515000000000065
O=CNc1cc(F)ccc1C(=O)CCCN1CC[C@H]2[C@@H](C1)c1cccc3c1N2CCCS3,8.11,4.530800000000005
O=C(CCCN1CCN(c2cccc(Cl)c2Cl)CC1)Nc1ccn2nccc2c1,8.11,4.182000000000003
CC(C)c1ccccc1N1CCN(CCCCCC(=O)NCc2ccc(OS(C)(=O)=O)cc2)CC1,8.11,4.147200000000003
Br.Br.CCCN(CCc1cc(O)c(CCN(CCC)[C@H]2CCc3c(O)cccc3C2)cc1O)[C@H]1CCc2c(O)cccc2C1,8.11,7.288800000000012
O=C(CCCN1CCC(c2ccccc2)CC1)c1ccc(F)cc1,8.11,4.668200000000004
C=CCN1C[C@H](OC(=O)Nc2ccsc2)C[C@H]1CNC(=O)c1cc(CCCF)cc(OC)c1OC,8.11,4.2748000000000035
Cc1c(-c2cccs2)nc(O)n1C1CCN(Cc2ccccc2)CC1,8.11,4.462720000000004
O=S(=O)(NCCCN1CCN(c2nsc3ccccc23)CC1)c1ccc(Cl)c(Cl)c1,8.11,4.093700000000004
C=CCN1CCC[C@H]1CNC(=O)c1cc(CCCSC2CC(=O)N(CCCCCC(=O)N[C@H](C(=O)N[C@@H](Cc3ccccc3)C(=O)N[C@@H](Cc3ccccc3)C(=O)N[C@@H](Cc3ccc(O)cc3)C(=O)NCC(=O)NCC(=O)N[C@@H](CO)C(=O)N[C@@H](CCCNC(=N)N)C(=O)NCC(=O)N[C@@H](CCCCNC(=O)CN3CCN(CC(=O)O)CCN(CC(=O)O)CCN(CC(=O)O)CC3)C(=O)N[C@@H](CCCNC(=N)N)C(=O)N[C@@H](CC(N)=O)C(=O)N[C@@H](CC(N)=O)C(=O)N[C@@H](Cc3ccccc3)C(=O)N[C@@H](CCCCN)C(=O)N[C@H](C(=O)N[C@@H](CCC(=O)O)C(=O)N[C@@H](CCC(=O)O)C(=O)N[C@@H](Cc3ccc(O)cc3)C(=O)O)[C@@H](C)O)[C@@H](C)O)C2=O)cc(OC)c1OC,8.1,-10.095860000000007
CCN(Cc1ccc(-c2cc(S(=O)(=O)CC)ccc2OC)[nH]1)[C@H](C)c1ccccc1,8.1,5.067000000000005
O=C(CCCN1CCC(O)(c2ccc(Cl)cc2)CC1)c1ccccc1F,8.1,4.425600000000004
O=C1c2ccccc2S(=O)(=O)N1CCCCCCN1CCN(c2cccc3ccccc23)CC1,8.1,4.366900000000004
CCN1CCCCC1c1ccc(-c2cc(S(=O)(=O)CC)ccc2OC)[nH]1,8.1,4.030800000000003
Nc1nc(N)nc(NCCCCCN2CCN(c3cccc(Cl)c3Cl)CC2)n1,8.1,2.747200000000001
FC1(F)Oc2cccc(CN3CCN(C4=Nc5cc(Cl)ccc5Nc5ccccc54)CC3)c2O1,8.1,5.614600000000004
CCCSc1ccccc1N1CCN(CCCOc2ccc(-c3nc4ccccc4[nH]3)cc2)CC1,8.1,6.323100000000007
O=S(=O)(NCCCCN1CCN(c2cccc(Cl)c2Cl)CC1)c1cncc2ccccc12,8.1,4.422300000000004
CCN1CCCCCC1c1ccc(-c2cc(S(=O)(=O)CC)ccc2OC)[nH]1,8.1,4.420900000000004
COc1ccccc1N1CCN(Cc2cnn(-c3ccccc3)c2)CC1,8.1,3.203100000000002
O=C(O)C(=O)O.O=C1N(CCF)CN(c2ccccc2)C12CCN(Cc1coc3ccccc13)CC2,8.1,3.198800000000001
O=Cc1cnn2ccc(-n3cc(CCN4CCN(c5cccc(Cl)c5Cl)CC4)nn3)cc12,8.1,3.3990000000000027
O=C(NC/C=C/CN1CCN(c2cccc(Cl)c2Cl)CC1)c1ccc(-c2ncc[nH]2)cc1,8.1,4.491700000000003
O=C1Cc2c(cccc2N2CCN(Cc3ccccc3)CC2)N1,8.1,2.5034
CCN(Cc1cccc(C)c1)Cc1ccc(-c2cc(S(=O)(=O)CC)ccc2OC)[nH]1,8.1,4.814420000000004
Cc1c(S(=O)(=O)NCCCN2CCC(c3noc4cc(F)ccc34)CC2)sc2ccc(F)cc12,8.1,5.177120000000005
O=C1CCc2ccc(CC3CCN(C[C@@H]4COc5c(ccc6c5CC(=O)N6)O4)CC3)cc2N1,8.1,3.160400000000001
O=S(=O)(N[C@H]1CCN(CCOc2ccccc2-c2ccccc2)C1)c1ccc(Cl)s1,8.1,4.500100000000004
COc1ccccc1N1CCN(CCCCNC(=O)/C=C/c2cccc3c2OCO3)CC1,8.1,3.155700000000002
O=S(=O)(c1cccc2ncccc12)N1CCC[C@@H]1CCN1CCN(c2cccc3[nH]ccc23)CC1,8.1,4.081500000000003
O=C(NC1CCc2cc(CCN3CCN(c4nsc5ccccc45)CC3)ccc21)C(F)(F)F,8.1,4.326800000000004
O=C(Nc1ccc(CCN2CCN(c3ccccc3)CC2)cc1)Nc1cccnc1,8.09,4.090300000000003
CCCN[C@@H]1Cc2cccc3c2n(c(=O)n3CCC)C1,8.09,2.1372999999999998
O=C1NCc2ccc(OCCCCN3CCN(c4cccc5cc(F)c(F)cc45)CC3)cc21,8.09,4.3426000000000045
CCN1CCCC1CNC(=O)c1cc(S(=O)(=O)CC)c(NC)cc1OC,8.09,1.7446
Oc1nc2cccc(N3CCN(Cc4cccc(-c5ccc(F)cc5)c4)CC3)c2o1,8.09,4.661700000000004
Cc1cccc(N2CCN(CCCCOc3ccc4c(c3)NC(=O)CC4)CC2)c1C,8.09,4.169340000000003
c1ccc(-c2cccc(CN3CCN(c4cccc5ccoc45)CC3)c2)cc1,8.09,5.422000000000004
COc1cc2c(N3CCN(CCc4ccc5c(c4)CCC(=O)N5)CC3)cccc2s1,8.09,4.1593000000000035
Fc1cccc2[nH]cc(CCCN3CCN(c4cccc5c4OCCO5)CC3)c12,8.09,3.833000000000003
CC(C)(C)OC(=O)N[C@H]1CC[C@H](CCN2CCN(c3cccc(Cl)c3Cl)CC2)CC1,8.09,5.589000000000006
C=CCN1CCC[C@H]1CNC(=O)c1cc(CCCSC2CC(=O)N(CCCCCC(=O)N[C@@H](CCCNC(=N)N)C(=O)N[C@@H](CCC(N)=O)C(=O)N[C@H](C(=O)N[C@@H](CCCCN)C(=O)N[C@H](C(=O)N[C@@H](Cc3c[nH]c4ccccc34)C(=O)N[C@@H](Cc3ccccc3)C(=O)N[C@@H](CCC(N)=O)C(=O)N[C@@H](CC(N)=O)C(=O)N[C@@H](CCCNC(=N)N)C(=O)N[C@@H](CCCNC(=N)N)C(=O)N[C@@H](CCSC)C(=O)N[C@@H](CCCCN)C(=O)N[C@@H](Cc3c[nH]c4ccccc34)C(=O)N[C@@H](CCCCN)C(=O)N[C@@H](CCCCN)C(=O)O)[C@@H](C)CC)[C@@H](C)CC)C2=O)cc(OC)c1OC,8.09,-1.4726899999998395
COc1cc(CN2CCN(c3ccccc3OC)CC2)ccc1OCCCCc1cn(CCCCCCCCCCn2cc(CCCCOc3ccc(CN4CCN(c5ccccc5OC)CC4)cc3OC)nn2)nn1,8.09,10.172799999999997
C=CCN1C[C@H](OC(=O)Nc2ccoc2)C[C@H]1CNC(=O)c1cc(CCCF)cc(OC)c1OC,8.08,3.806300000000003
O=C1CCc2ccc(OCCCCN3CCN(c4cccc5[nH]c(=O)oc45)CC3)cc2N1,8.08,2.987000000000001
COc1ccccc1N1CCN(Cc2cc(C#N)c3cccccc2-3)CC1,8.08,3.9938800000000034
O=S(=O)(N[C@@H]1CCN(CCCc2noc3ccccc23)C1)c1cc2ccc(Cl)cc2s1,8.08,4.681300000000004
C1=C(c2ccccc2)CCN(C[C@@H]2CCC=C(c3ccccc3)C2)C1,8.08,5.659400000000006
Cc1c(S(=O)(=O)NCCCN2CCN(c3nsc4ccccc34)CC2)sc2ccc(F)cc12,8.08,4.449120000000003
C=CCN1C[C@H](OC(=O)Nc2cccnc2)C[C@H]1CNC(=O)c1cc(CCCF)cc(OC)c1OC,8.08,3.6083000000000025
O=C(NCCCCN1CCN(c2cccc3ccccc23)CC1)c1cc2ccccc2s1,8.08,5.386700000000006
C=CCN1C[C@H](OCCO)C[C@H]1CNC(=O)c1cc(CCCF)cc(OC)c1OC,8.08,1.9735
CCCN1CCC[C@@H](c2cccc(O)c2)C1,8.07,2.981600000000002
Nc1nc(-c2ccc(Cl)cc2)cc(C2CCN(Cc3ccccc3)CC2)n1,8.07,4.7588000000000035
Fc1ccc(N2CCN(CC[C@H]3CC[C@H](Nc4ncccn4)CC3)CC2)cc1,8.07,3.798700000000003
O=C(NC[C@@H]1C[C@H]1CN1CCN(c2cccc(Cl)c2Cl)CC1)c1cc2ccccc2[nH]1,8.07,4.662800000000003
O=C1NCc2ccc(OCCCN3CCN(c4cccc5cc(F)ccc45)CC3)c(F)c21,8.07,3.9525000000000032
O=C(NCCCCN1CCN(c2ccccc2C(F)(F)F)CC1)c1n[nH]c2ccccc12,8.07,3.9139000000000026
[C-]#[N+]c1ccc(S(=O)(=O)N[C@H]2CC[C@H](CCN3CCN(c4nsc5ccccc45)CC3)CC2)o1,8.07,4.489490000000004
CCCN(CCCCNC(=O)c1cc2ccccc2[nH]1)[C@@H]1Cc2cccc3c2n(c(=O)n3CCC)C1,8.07,4.541200000000004
CC[11CH2]N1CCO[C@@H]2c3cc(O)ccc3CC[C@H]21,8.07,2.4903000000000004
COc1ccc2[nH]cc(CCCCN3CCN(c4cccc5sccc45)CC3)c2c1,8.07,5.536100000000006
O=C1CCc2ccc(OCCN3CCN(c4cccc5[nH]c(=O)oc45)CC3)cc2N1,8.07,2.2068
O=C1CCc2ccc(OCCCN3CCN(c4cccc5[nH]c(=O)oc45)CC3)cc2N1,8.07,2.5969000000000007
C[C@@H](O)[C@@H]1NC(=O)[C@H](CCCCN)NC(=O)[C@@H](Cc2c[nH]c3ccccc23)NC(=O)[C@H](Cc2ccccc2)NC(=O)[C@H](Cc2ccccc2)NC(=O)[C@H](CCCNC(=N)N)NC(=O)[C@H](NC[C@@H](Cc2ccc(O)cc2)NC(=O)CSC[C@@H]2C[C@@H]3c4cccc5[nH]cc(c45)C[C@H]3N(C)C2)CCCCNC(=O)[C@H](Cc2ccccc2)NC1=O,8.07,4.171269999999994
C=CCN1CC[C@@H]2c3c(cccc3OC)CC[C@H]21,8.07,2.9853000000000014
Cc1cccc(S(=O)(=O)NCCCCN2CCN(c3nsc4ccccc34)CC2)c1,8.06,3.485420000000002
COc1ccccc1N1CCN(CCCOc2ccc(-c3nc4ccccc4[nH]3)cc2)CC1,8.06,4.829600000000004
Cc1c(-c2ccccc2)n(-c2ccccc2)c(=O)n1C1CCN(Cc2ccccc2)CC1,8.06,5.451520000000005
CN(C)CC1CC2c3ccccc3Cc3ccc(Cl)cc3N2O1,8.06,4.057400000000003
CC(C)COC(=O)N[C@H]1CC[C@H](CCN2CCN(c3nsc4ccccc34)CC2)CC1,8.06,4.749400000000005
C[C@H]1Oc2c(cccc2N2CCN(CCCc3c[nH]c4ccccc34)CC2)NC1=O,8.06,3.642100000000002
CCCN[C@H]1CCc2c(cccc2CS(=O)(=O)C(F)(F)F)C1.Cl,8.06,3.399900000000003
CCCN(CCCCNC(=O)c1ccc(OCCCc2cn(CCCCCCCCn3cc(CCCOc4ccc(CN5CCN(c6ccccc6OC)CC5)cc4OC)nn3)nn2)c(OC)c1)C1Cc2ccccc2C1,8.06,9.671000000000001
COc1ccccc1N1CCN(CCCCNC(=O)c2n[nH]c3ccccc23)CC1,8.06,2.9037000000000006
C#Cc1ccc2c(c1)CCN(CCCCN1CCN(c3ccccc3OC)CC1)C2=O,8.06,3.2772000000000023
CN1CCN(C2=Cc3cc(Cl)ccc3Oc3ccccc32)CC1,8.06,4.191200000000003
CCCN(CCCCN1CCN(c2cccc(Cl)c2Cl)CC1)C1CCc2ccc(O)cc2C1,8.06,5.870700000000007
O=C(NC/C=C/CN1CCN(c2cccc(Cl)c2Cl)CC1)c1cccc(F)c1,8.06,4.240700000000003
O=S(=O)(NCCCN1CCC(c2noc3cc(F)ccc23)CC1)c1cccs1,8.06,3.5764000000000022
Cc1cc(OCCCN2CCC(c3noc4cc(F)ccc34)CC2)cc2c1CCN(C)C2=O,8.06,4.551920000000004
O=C(CCCN1CC[C@H]2[C@@H](C1)c1cccc3c1N2CCCS3)c1ccc(F)cc1,8.06,4.962500000000006
CCCN(CCN1CCN(c2ccc3ccccc3c2)CC1)C1CCc2ccc(O)cc2C1,8.05,4.936900000000006
O=C1Cc2cc(CCN3CCN(c4cccc5sccc45)CC3)ccc2N1,8.05,3.760600000000003
O=C1CCc2ccc(OCCCCN3CCN(C(=O)c4ccccn4)CC3)cc2N1,8.05,2.5833000000000004
Cc1cc2c(s1)Nc1ccccc1N=C2N1CCNCC1,8.05,3.0970200000000023
Cn1c(=O)c2c(nc3n(CCCCCN4CCN(c5ccc(Cl)cc5)CC4)c(-c4ccccc4)cn23)n(C)c1=O,8.05,3.9993000000000025
O=C1c2ccccc2S(=O)(=O)N1CCCCCCN1CCN(c2nsc3ccccc23)CC1,8.05,3.823400000000003
O=C1NCc2cc(F)c(OCCCN3CCN(c4cccc5ccccc45)CC3)cc21,8.05,3.8134000000000032
CS(=O)(=O)Nc1cc(OCCN2CCC(Oc3ccc4c(c3)NC(=O)CC4)CC2)ccc1F,8.05,3.004100000000001
O=c1[nH]c2c(N3CCN(CC[C@@H]4CCCN4S(=O)(=O)c4cccc5ncccc45)CC3)cccc2o1,8.05,3.034700000000001
CS(=O)(=O)N[C@H]1CC[C@H](CCN2CCN(c3nsc4ccccc34)CC2)CC1,8.05,2.916400000000001
Cc1c(S(=O)(=O)N[C@@H]2CCN(CCCc3noc4ccccc34)C2)sc2ccc(Cl)cc12,8.05,4.989720000000005
[C-]#[N+]c1ccc2sc(S(=O)(=O)N[C@H]3CC[C@H](CCN4CCN(c5nsc6ccccc56)CC4)CC3)cc2c1,8.05,6.111190000000005
CS(=O)(=O)Nc1cc(OCCNCc2cccs2)ccc1Cl,8.05,2.941600000000001
O=S(=O)(NCCCCN1CCN(c2cccc(Cl)c2Cl)CC1)c1cnc2ccccc2c1,8.05,4.422300000000004
O=C(NC[C@H]1CC[C@H](CN2CCN(c3nsc4ccccc34)CC2)CC1)c1ccco1,8.05,4.247700000000004
O=c1n(CCCCCCN2CCN(c3cccc(Cl)c3Cl)CC2)nc2ccccn12,8.05,4.185400000000003
CS(=O)(=O)Nc1cccc(OCCN2CCC(Cc3ccc4c(c3)NC(=O)CC4)CC2)c1,8.05,3.2763000000000018
O=c1n(CCCCCCN2CCN(c3nsc4ccccc34)CC2)nc2ccccn12,8.05,3.4883000000000024
CCCCCCCCCC(=O)NCCCN1CCN(C2=Nc3cc(Cl)ccc3Nc3ccccc32)CC1,8.05,6.7399000000000076
CN1CC2c3ccccc3Oc3ccc(Cl)cc3C2C1,8.05,4.258500000000003
Cn1ccc2c(S(=O)(=O)N[C@@H]3CCN(CCCc4noc5ccccc45)C3)cccc21,8.04,3.3049000000000017
O=C(NCCc1ccccc1)N[C@H]1CC[C@H](CCN2CCN(c3nsc4ccccc34)CC2)CC1,8.04,4.909100000000005
O=S(=O)(NCCN1CCC(c2noc3cc(F)ccc23)CC1)c1cccc2ccccc12,8.04,4.278000000000003
CC(C)c1ccccc1N1CCN(CCCCCC(=O)NCc2ccccc2)CC1,8.04,4.808800000000004
O=C1NCc2ccc(OCCCN3CCN(c4cccc5cccc(F)c45)CC3)c(Cl)c21,8.04,4.466800000000004
COc1ccccc1N1CCN(CCCCCNC(=O)c2sc3nc(C)cc(C)c3c2N)CC1,8.04,4.226240000000002
COc1ccccc1N1CCN(CCCCN2CCc3cc(F)ccc3C2=O)CC1,8.04,3.4350000000000023
c1cc2c(c(N3CCN(CCCCCc4c[nH]c5ccccc45)CC3)c1)OCCO2,8.04,4.4741000000000035
Cn1c(=O)n(C)c2cc(CCN3CCN(c4cccc5sccc45)CC3)ccc21,8.03,3.4564000000000012
c1cc(N2CCN(CCCCc3nnnn3C3CCCCC3)CC2)c2ccsc2c1,8.03,4.537900000000004
Clc1cccc(N2CCN(CCCCOc3cc4ccccn4n3)CC2)c1Cl,8.03,4.622300000000004
Cc1cccc(-c2cccc(CN3CCN(c4cccc5nc(O)oc45)CC3)c2)c1,8.03,4.831020000000004
O=C(N[C@H]1CC[C@H](CCN2CCN(c3nsc4ccccc34)CC2)CC1)c1sc2ccccc2c1Cl,8.03,6.665300000000006
COc1ccccc1N1CCN(CCc2cn(-c3ccn4ncc(C=O)c4c3)nn2)CC1,8.03,2.1008
O=C1NCc2cc(Cl)c(OCCCCN3CCN(c4cccc5ccccc45)CC3)cc21,8.03,4.717800000000005
CCc1cc(Cl)c(OC)c(C(=O)NC[C@@H]2C[C@@H](OCCCCNCCC(C(=O)N(C)C)(c3ccccc3)c3ccccc3)CN2)c1O,8.03,4.927900000000005
Cc1c(OCCCCN2CCN(c3cccc4cc(F)ccc34)CC2)ccc2c1C(=O)NC2,8.03,4.5119200000000035
COc1ccccc1N1CCN(CCCCc2cn(-c3ccccc3O)nn2)CC1,8.03,3.126400000000002
O=C1Cc2c(ccc3c2O[C@@H](CNCc2ccccc2)CC3)N1,8.03,2.6646
C=CCN1C[C@H](OCc2ccc(F)cc2)C[C@H]1CNC(=O)c1cc(CCCF)cc(OC)c1OC,8.02,4.320500000000004
O=C1NCc2cc(F)c(OCCCN3CCN(c4cccc5cccc(F)c45)CC3)cc21,8.02,3.9525000000000032
CCCN(CCN1CCN(c2ccccc2OC)CC1)C1CCc2c(O)cccc2C1,8.02,3.7923000000000027
COc1ccccc1N1CCN(CCCOc2ccc3c(c2)C(=O)N(C)CC3)CC1,8.02,2.9144000000000014
CN(C[C@@H]1C[C@H]1CCNC(=O)c1cc2ccccc2[nH]1)[C@@H]1Cc2cccc3[nH]c(=O)n(c23)C1,8.02,3.1236000000000015
COc1cc(CN2CCCCC2)ccc1OCCCN1CCC(c2noc3cc(F)ccc23)CC1,8.02,5.609900000000007
COc1ccccc1N1CCN(CCCCNC(=O)/C=C/c2cccs2)CC1.O=C(O)C(=O)O,8.02,2.6441000000000003
COCC(=O)N[C@H]1CC[C@H](CCN2CCN(c3nsc4ccccc34)CC2)CC1,8.02,3.1298000000000012
O=C1CCc2ccccc2N1CCCN1CCC(n2c(=O)[nH]c3ccccc32)CC1,8.02,3.336000000000002
FC(F)(F)c1cccc(N2CCN(CCCCNc3ncc(-c4ccccc4)o3)CC2)c1,8.02,5.374700000000004
O=S(=O)(N[C@H]1CC[C@H](CCN2CCN(c3nsc4ccccc34)CC2)CC1)c1cc2cc(Cl)ccc2s1,8.01,6.213800000000006
Fc1ccc2c(C3CCN(CCCOc4ccc(CCN5CCCCC5)cc4)CC3)noc2c1,8.01,5.643800000000006
C[C@H]1CN(CC[C@H]2CC[C@H](NC(=O)C3CC3)CC2)CCc2ccc(Cl)cc21,8.01,4.776700000000004
Nc1cccc(C#CCCN2CC=C(c3ccccc3)CC2)c1,8.01,3.799700000000003
CCCN(C/C=C/I)C1CCc2cc(O)ccc2C1,8.01,3.9102000000000032
O=C(O)C(=O)O.Oc1ccc2c(c1)OC(CNCc1ccccc1)CC2,8.01,2.0311999999999997
CCOc1ccccc1N1CCN(CCCCNC(=O)c2n[nH]c3ccccc23)CC1,8.01,3.293800000000001
O=C1NCc2ccc(OCCCCN3CCN(c4cccc5cccc(F)c45)CC3)c(Cl)c21,8.01,4.856900000000005
C=CCN1CCC[C@H]1CNC(=O)c1cc(CCCSC2CC(=O)N(CCCCCC(=O)N[C@@H](CCCNC(=N)N)C(=O)N[C@@H](CCCCN)C(=O)N[C@@H](CCCCN)C(=O)N[C@@H](CCCNC(=N)N)C(=O)N[C@@H](CCCNC(=N)N)C(=O)N[C@@H](CCC(N)=O)C(=O)N[C@@H](CCCNC(=N)N)C(=O)N[C@@H](CCCNC(=N)N)C(=O)N[C@@H](CCCNC(=N)N)C(=O)O)C2=O)cc(OC)c1OC,8.01,-6.011379999999908
O=C1c2ccccc2C(=O)N1CCCCCCN1CCN(c2nsc3ccccc23)CC1,8.0,4.274900000000004
O=S(=O)(c1cncc2ccccc12)N1CC[C@@H]1CCN1CCN(c2nsc3ccccc23)CC1,8.0,3.8198000000000025
O=C(NCCN1CCC(c2cccc(C(F)F)n2)CC1)C1CCOCC1,8.0,2.7414000000000005
CCCN(CCCCN1C(=O)CC2(CCCC2)CC1=O)C1COc2cccc(OC)c2C1,8.0,4.200300000000004
O=C(NCCCCN1CCN(c2cccc(Cl)c2Cl)CC1)C1c2ccccc2-c2ccccc21,8.0,5.824300000000005
Cn1c(=O)oc2c(N3CCN(Cc4cccc(-c5ccccc5)c4)CC3)cccc21,8.0,4.120700000000004
C=CCN1C[C@H](OC(=O)NCc2ccccc2)C[C@H]1CNC(=O)c1cc(CCCF)cc(OC)c1OC,8.0,3.8910000000000027
Clc1cccc(N2CCN(CCc3cn(-c4ccn5nccc5c4)nn3)CC2)c1Cl,8.0,3.586500000000002
COc1ccccc1N1CCN(CCCCCCN2C(=O)c3cccc4cccc(c34)C2=O)CC1,8.0,4.827000000000005
c1ccc(-c2cccc(CN3CCN(c4cccc5c4OCO5)CC3)c2)cc1,8.0,4.404500000000003
Br.Br.COc1cc(F)ccc1N1CCN(C[C@H]2C[C@@H]2c2ccccc2)CC1,8.0,4.915800000000005
Cc1c(C(=O)NCCCCCN2CCN(c3cccc(Cl)c3Cl)CC2)nnn1Cc1ccccc1,8.0,4.6639200000000045
O=C(NCCCCN1CCN(c2cccc(Cl)c2Cl)CC1)c1cnc2ccccc2c1,8.0,4.873800000000005
O=C(NC/C=C/CN1CCN(c2cccc(Cl)c2Cl)CC1)c1ccccc1F,8.0,4.240700000000004
Cc1ccc(C(=O)N[C@H]2CC[C@H](CCN3CCN(c4cccc(Cl)c4Cl)CC3)CC2)s1,8.0,5.864220000000006
CC(=O)N[C@H]1CC[C@H](CCN2CCN(c3ccccc3)CC2)CC1,8.0,2.893600000000001
N#Cc1ccc2c(c1)C1CN(Cc3ccccc3)CC1CC2,8.0,3.720080000000003
O=C(NC1CCc2ccc(CCN3CCN(c4nsc5ccccc45)CC3)cc21)C(F)(F)F,8.0,4.326800000000004
CN1CCc2cccc3c2[C@H]1Cc1ccc(OCCCN)c(O)c1-3,8.0,2.8719000000000006
O=S(=O)(NCCN1CC=C(c2c[nH]c3ccc(Cl)cc23)CC1)c1ccc(F)cc1,8.0,4.028000000000002
O=C(CCCN1CC=C(c2ccc(Cl)cc2)CC1)c1ccc(F)cc1,8.0,5.2313000000000045
O=C(NC1CCc2cc(CCN3CCN(c4nsc5ccccc45)CC3)ccc21)c1ccc(F)cc1,8.0,5.217400000000005
CCOC(=O)N1CCC(CCN2CCN(c3nsc4ccccc34)CC2)CC1,8.0,3.6769000000000025
CCN(Cc1cccc(Cl)c1)Cc1ccc(-c2cc(S(=O)(=O)CC)ccc2OC)[nH]1,8.0,5.159400000000004
C=CCN1C[C@H](OC(=O)Nc2ccccn2)C[C@H]1CNC(=O)c1cc(CCCF)cc(OC)c1OC,8.0,3.6083000000000025
O=S(=O)(N[C@H]1CCN(CCOc2ccccc2-c2ccccc2)C1)c1ccc(F)cc1,8.0,3.9243000000000032
COc1ccccc1N1CCN(CCCCNC(=O)/C=C/c2ccc(C#N)cc2)CC1.O=C(O)C(=O)O,8.0,2.45428
CNc1cc(OC)c(C(=O)NC[C@@H]2CN(Cc3ccccc3)C[C@H]2C)cc1Cl,8.0,3.888200000000003
COc1cccc(-c2cccc(CN3CCN(c4cccc5nc(O)oc45)CC3)c2)c1,8.0,4.531200000000004
Cc1ncoc1-c1nnc(SCCCN2CC3CCN(c4cc(Cl)cc(Cl)c4)C3C2)n1C,8.0,4.778220000000005
O=C1NCN(c2ccccc2)C12CCN(CCCCc1nc3ccccc3o1)CC2,8.0,3.5790000000000024
O=S(=O)(c1cccc2ncccc12)N1CCCCC[C@H]1CCN1CCN(c2cccc3sccc23)CC1,8.0,5.595100000000007
CSc1ccccc1N1CCN(CCCCNC(=O)c2n[nH]c3ccccc23)CC1,8.0,3.6170000000000018
O=Cc1c(OCCCCN2CCN(c3cccc(Cl)c3Cl)CC2)nn2ccccc12,8.0,4.434800000000004
CC(C)c1ccccc1OCCN1CCC(NS(=O)(=O)c2cccc3cccnc23)C1,8.0,3.7898000000000023
N#Cc1cccnc1N1CCN(CCCN2CCN(c3cccc(Cl)c3Cl)CC2)CC1,8.0,3.594380000000003
O=C1c2ccc(F)cc2C(=O)N1CCCCCN1CC=C(c2c[nH]c3ccc(F)cc23)CC1,8.0,5.001700000000004
C=CCN1CCC[C@H]1CNC(=O)c1cc(CCCSC2CC(=O)N(CCCCCC(=O)N[C@@H](Cc3cnc[nH]3)C(=O)N[C@@H](C)C(=O)N[C@H](C(=O)N[C@@H](Cc3ccc(O)cc3)C(=O)N3CCC[C@H]3C(=O)N[C@@H](CCCNC(=N)N)C(=O)N[C@@H](Cc3cnc[nH]3)C(=O)O)[C@@H](C)CC)C2=O)cc(OC)c1OC,7.99,1.631269999999989
O=C1NCc2ccc(OCCCN3CCN(c4cccc5ccc(F)cc45)CC3)c(F)c21,7.99,3.9525000000000032
O=C1NCc2ccc(OCCCN3CCN(c4cccc5cc(F)c(F)cc45)CC3)cc21,7.99,3.9525000000000032
Fc1ccc2c(C3CCN(CCCOc4ccc(CN5CCCCC5)cc4F)CC3)noc2c1,7.99,5.7404000000000055
COc1ccccc1N1CCN(CCCCNC(=O)/C=C/c2ccc3c(c2)OCO3)CC1,7.99,3.155700000000002
O=C(NC/C=C/CN1CCN(c2cccc(Cl)c2Cl)CC1)c1ccccc1Cl,7.99,4.755000000000004
Cc1nc2n(c(=O)c1CCN1CCN(c3cc(F)cc4sccc34)CC1)CCCC2,7.98,3.6065200000000024
Oc1ccc2c(c1)O[C@@H](CNCc1ccccc1)CC2,7.98,2.8756000000000013
O=C1NCCc2ccc(OCCCN3CCC(c4noc5cc(F)ccc45)CC3)cc21,7.98,3.9013000000000027
Cc1nc2n(c(=O)c1CCN1CCC(c3cccc4sccc34)CC1)CCCC2,7.98,4.5248200000000045
CC(C)(C)OC(=O)N[C@H]1CC[C@H](CCN2CCCN(c3cccc(Cl)c3Cl)CC2)CC1,7.98,5.979100000000006
Fc1ccc2c(C3CCN(CCCOc4ccc(CCN5CCOCC5)cc4)CC3)noc2c1,7.98,4.490100000000004
O=C(N[C@H]1CC[C@@H](CCN2CCN(c3nsc4ccccc34)CC2)CC1)c1cc2ccccc2s1,7.97,6.011900000000006
O=C(NC/C=C/CN1CCN(c2cccc(Cl)c2Cl)CC1)c1ccccc1I,7.97,4.706200000000004
Fc1ccc2c(C3CCN(CCCOc4ccc(CN5CCCCC5)cc4)CC3)noc2c1,7.97,5.6013000000000055
CCCN(C/C=C/I)C1COc2c(O)cccc2C1,7.97,3.3564000000000016
O=S(=O)(N[C@H]1CC[C@H](CCN2CCN(c3nsc4ccccc34)CC2)CC1)c1ccc(Cl)o1,7.97,4.592100000000005
Cc1ccc2[nH]cc(CCCN3CCN(c4cccc5c4OCCO5)CC3)c2c1,7.97,4.002320000000004
Cc1cc(=O)oc2cc(OCCCN3CCN(c4ccccc4)CC3)ccc12,7.97,3.6925200000000027
Cc1cc2ccc(OCCCN3CCN(c4ccccc4)CC3)cc2oc1=O,7.97,3.6925200000000027
Fc1cccc2c(CCCN3CCN(c4cccc5c4OCCO5)CC3)c[nH]c12,7.97,3.833000000000003
O=C1NCc2ccc(OCCCN3CCN(c4cccc5ccccc45)CC3)c(Cl)c21,7.97,4.327700000000004
C[C@@H](O)[C@@H]1NC(=O)[C@H](CCCCN)NC(=O)[C@@H](Cc2c[nH]c3ccccc23)NC(=O)[C@H](Cc2ccccc2)NC(=O)[C@H](Cc2ccccc2)NC(=O)[C@H](CCCNC(=N)N)NC(=O)[C@H](NCCC[C@@H]2C[C@@H]3c4cccc5[nH]cc(c45)C[C@H]3N(C)C2)CCCCNC(=O)[C@H](Cc2ccc(F)cc2)NC1=O,7.97,3.924270000000001
O=C1CCc2ccc(OCCCCN3CCN(c4cccc5c4ccn5Cc4ccccc4F)CC3)cc2N1,7.96,5.694600000000006
O=S(=O)(c1cccc2ncccc12)N1CC[C@@H]1CCN1CCN(c2nsc3ccccc23)CC1,7.96,3.8198000000000025
O=S(=O)(c1cccc2ncccc12)N1CCC[C@H]1CCN1CC=C(c2c[nH]c3ccc(Cl)cc23)CC1,7.96,5.702000000000005
O=S(=O)(c1cncc2ccccc12)N1CCC[C@H]1CCN1CCN(c2cccc3sccc23)CC1,7.96,4.814900000000004
Fc1ccccc1N1CCN(CCCCNc2ccccn2)CC1,7.96,3.235000000000001
C#Cc1ccc(C(=O)NCCCCCN2CCN(c3cccc(Cl)c3Cl)CC2)cc1,7.96,4.6970000000000045
O=C1c2ccccc2C(=O)N1CCCCCN1CCN(c2cccc(Cl)c2Cl)CC1,7.96,4.5819000000000045
O=c1[nH]c2ccc(OCCCCN3CCC(c4cccc(Cl)c4Cl)CC3)cc2[nH]1,7.96,5.201600000000004
CN(C)CCOC1=Cc2ccccc2Sc2ccc(Cl)cc21,7.96,4.880900000000004
S=C1CCc2ccc(CCN3CCN(c4cccc5sccc45)CC3)cc2N1,7.96,4.951500000000005
COc1cccc(OC)c1CC(=O)N1CCC(C)c2cccc(CCN3CCN(c4nsc5ccccc45)CC3)c21,7.96,5.761100000000006
Cc1ccc(CCN2CCN(c3nsc4ccccc34)CC2)c2c1C(C)CC(=O)N2,7.96,4.4151200000000035
Clc1cccc(N2CCN(CC[C@H]3CC[C@H](Nc4ncccn4)CC3)CC2)c1Cl,7.96,4.966400000000005
O=S(=O)(NCCN1CC=C(c2c[nH]c3ccc(Cl)cc23)CC1)c1ccc(Cl)cc1,7.96,4.542300000000003
COc1cc2c(cc1O)[C@@H]1Cc3ccc(O)c(OC)c3CN1CC2,7.96,2.7705
[2H]c1c([2H])c([2H])c([C@@H]2C[C@@H](N3CCNC(C)(C)C3)c3cc(Cl)ccc32)c([2H])c1[2H],7.96,4.600500000000004
O=C1CCc2ccc(OCCCCN3CCC(c4cccc(Cl)c4Cl)CC3)cc2N1,7.96,5.916700000000005
CCc1sccc1N1CCC[C@@H](c2cccc(C#N)c2)C1,7.96,4.566180000000004
O=S(=O)(NCCCN1CCC(c2noc3cc(F)ccc23)CC1)c1cc2ccccc2s1,7.96,4.729600000000005
O=C1Cc2cc(CCN3CCC(c4cccc5sccc45)CC3)ccc2N1,7.96,4.818000000000004
O=C1Cc2cc(CCN3CCN(c4cc(F)cc5sccc45)CC3)ccc2N1,7.96,3.899700000000003
COc1ccccc1N1CCN(CCCCNC(=O)/C=C/c2ccco2)CC1.O=C(O)C(=O)O,7.96,2.1755999999999998
Nc1ccccc1C(=O)CCCN1CC[C@H]2[C@@H](C1)c1cccc3c1N2CCCC3,7.96,4.246100000000004
CNc1cc(OC)c(C(=O)N[C@H]2CN(Cc3ccccc3)C[C@@H]2C)cc1Cl,7.96,3.640600000000002
Fc1ccc2c(c1)C(N1CCNCC1)=Nc1ccccc1S2,7.96,3.2738000000000014
CCOc1ccccc1N1CCN(CCCCCCN2C(=O)c3cccc4cccc2c34)CC1,7.96,5.581300000000006
CS(=O)(=O)Nc1cccc(OCCN2CC3CCC(C2)C3Cc2ccc3c(c2)NC(=O)CC3)c1,7.96,3.522300000000002
COc1ccccc1N1CCN(CCCCNC(=O)c2ccc(COCCOCCOCCOCCOCc3ccc(C(=O)NCCCCN4CCN(c5ccccc5OC)CC4)cc3)cc2)CC1,7.96,6.15140000000001
O=S(=O)(NC1CCN(CCOc2ccccc2)C1)c1ccc(F)cc1,7.96,2.2573000000000008
Cn1c(-c2ccccc2)cn(C2CCN(Cc3ccccc3)CC2)c1=O,7.96,3.690900000000002
O=S(=O)(NCCCCN1CCN(c2cccc(Cl)c2Cl)CC1)c1ccc2cccnc2c1,7.96,4.422300000000004
Nc1cccc(-c2ccc(CCN3CCN(c4cccc5cccnc45)CC3)cc2)n1,7.96,4.243700000000003
OC1(c2ccc(Cl)cc2)CCN(CC/C=C/c2ccc(F)cc2)CC1,7.95,4.866000000000004
O=C1NCc2cc(F)c(OCCCCN3CCN(c4cccc5ccc(F)cc45)CC3)cc21,7.95,4.342600000000004
Cc1cc(C)c2c(N)c(C(=O)NCCCCCN3CCN(c4cccc(Cl)c4Cl)CC3)sc2n1,7.95,5.524440000000005
c1cc2c(c(N3CCN(CCCc4c[nH]c5ccccc45)CC3)c1)CCCN2,7.95,4.280800000000003
COc1ccccc1N1CCN(CCCCNC(=O)/C=C/c2ccc(C=O)cc2)CC1.O=C(O)C(=O)O,7.94,2.3951
Cc1ccsc1C(=O)N[C@H]1CC[C@H](CCN2CCN(c3cccc(Cl)c3Cl)CC2)CC1,7.94,5.864220000000007
O=C1NCc2ccc(OCCCCN3CCN(c4cccc5c4CCOC5)CC3)cc21,7.94,2.983900000000001
Fc1ccc2c(C3CCN(CCCOc4ccc(CN5CCCCC5)c(F)c4)CC3)noc2c1,7.94,5.7404000000000055
O=C1CCc2c(cccc2N2CCN(CCCc3c[nH]c4ccccc34)CC2)N1,7.94,3.807400000000002
Cn1c(SCCCN2CC3CCN(c4ccccc4OC(F)(F)F)C3C2)nnc1-c1cnccn1,7.94,3.8636000000000026
COc1cc2c(cc1O)[C@@H]1Cc3sc(CC4CC4)cc3CN1CC2,7.94,4.070300000000003
O=C1c2ccccc2CCN1CCCCN1CCN(c2cccc(Cl)c2Cl)CC1,7.94,4.5941000000000045
COc1ccc(Cl)cc1[C@H]1C[C@@H]1CNCCCCOc1ccc2c(c1)NC(=O)CC2,7.94,4.785600000000003
O=C(N[C@H]1CC[C@H](CCN2CCN(c3nsc4ccccc34)CC2)CC1)OC1CCCCC1,7.93,5.426100000000006
O[C@@]1(c2ccc(Cl)cc2)C[C@H]2CC[C@@H](C1)N2Cc1coc2ccc3ccccc3c12,7.93,6.254000000000006
COc1ccc2[nH]cc(C(=O)NC/C=C/CN3CCN(c4ccccc4OC)CC3)c2c1.O=C(O)C(=O)O,7.93,2.4488999999999996
COc1ccccc1N1CCN(CCCOc2ccc3c(C)cc(=O)oc3c2)CC1,7.93,3.701120000000002
O=C(NCCCCN1CCN(c2ccccc2Cl)CC1)c1n[nH]c2ccccc12,7.93,3.5485000000000015
Cc1nc2n(c(=O)c1CCN1CCN(c3cccc4c3CCS4)CC1)CCCC2O,7.93,2.3918200000000005
C[C@H]1CN(CC[C@H]2CC[C@H](N3C(=O)CC4(CCCC4)CC3=O)CC2)CCc2ccc(Cl)cc21,7.92,5.959900000000007
COc1cccc(N2CCN(CC[C@H]3CC[C@H](NC(=O)c4cccs4)CC3)CC2)c1,7.92,4.257600000000004
COc1cc2c(cc1O)[C@@H]1Cc3sc(CCCCCl)cc3CN1CC2,7.92,4.679300000000004
Oc1nc2cccc(N3CCN(Cc4cc(-c5ccccc5)ccc4F)CC3)c2o1,7.92,4.661700000000003
CCCCn1cc(CCCOc2ccc(C(=O)NCCCCN3CCN(c4ccccc4OC)CC3)cc2OC)nn1,7.92,4.439200000000004
CSc1ccc2c(c1)N(CCC1CCCCN1C)c1ccccc1S2,7.92,5.885600000000005
COc1cc(CCNCCc2ccc(O)c3c2OCC(=O)N3)ccc1OCCCc1ccccc1,7.92,4.118100000000003
COc1ccccc1N1CCN(Cc2nc3ccccc3[nH]2)CC1,7.92,2.893700000000001
c1ccc(N2CCN(Cc3nc4ccccc4[nH]3)CC2)nc1,7.92,2.2801
CCCCN1CCC[C@H]1CNC(=O)c1cc(Cl)cc2c1OCCN2C,7.92,3.1629000000000014
CN(C)c1ccc(-c2cccc3c2CC[C@H]2[C@H]3c3cc(O)c(Cl)cc3CCN2C)cc1,7.92,5.713200000000007
CN(C)[C@@H]1Cc2cccc3nc(O)n(c23)C1,7.92,1.2281999999999997
CCCN1CCC(c2ccccc2OC)CC1,7.92,3.284600000000002
O=C(CCCC(=O)OC1(c2ccc(Cl)cc2)CCN(CCCC(=O)c2ccc(F)cc2)CC1)OC1(c2ccc(Cl)cc2)CCN(CCCC(=O)c2ccc(F)cc2)CC1,7.92,10.136899999999995
COc1ccccc1N1CCN(CCCCOc2ccn3nc(C#N)cc3c2)CC1,7.92,3.195780000000002
COc1ccc2[nH]c3c(c2c1)CCN(C)CCc1ccccc1C3,7.92,3.7977000000000034
O=C(N[C@H]1CC[C@H](CCN2CCN(c3cccc(Cl)c3Cl)CC2)CC1)C1CCCCCC1,7.92,6.150900000000006
O=C1CC(CN2CCC(c3noc4cc(F)ccc34)CC2)Cc2oc(-c3ccccc3)cc21,7.92,5.851600000000006
COc1ccccc1N1CCN(CCCCNC(=O)c2ccc(-c3ccc([18F])nc3)cc2)CC1,7.92,4.228500000000003
COc1cc(N)c(Cl)cc1C(=O)NC1CCN(Cc2ccccc2)CC1,7.92,3.3252000000000024
CCCN(CCCCNC(=O)/N=N/c1cc(F)c(F)c(F)c1)C1Cc2ccccc2C1,7.92,5.556800000000005
O=S(=O)(c1cccc2ncccc12)N1CCC[C@@H]1CCN1CCN(c2cccc3c2OCCO3)CC1,7.92,3.371400000000002
O=C1CCc2ccc(OCCCCN3CCN(c4cccc5c4ccn5Cc4ccc(F)cc4)CC3)cc2N1,7.92,5.694600000000006
O=c1[nH]c2c(N3CCN(CC[C@H]4CCCN4S(=O)(=O)c4cncc5ccccc45)CC3)cccc2o1,7.92,3.0347000000000017
O=C(NCCCCN1CCN(c2cccc(Cl)c2Cl)CC1)c1cn2ccccc2n1,7.92,3.9733000000000027
CCOCCOCc1ccn2ncc(C(=O)NCCCCN3CCN(c4ccccc4OC)CC3)c2c1,7.92,3.228200000000002
CCCCn1cc(CCCOc2ccc(CN3CCN(c4ccccc4OC)CC3)cc2OC)nn1,7.92,4.429200000000004
Cc1cccc(N2CCN(CCCCNc3ccccn3)CC2)c1C,7.92,3.712740000000003
O=S(=O)(c1cncc2ccccc12)N1CCC[C@@H]1CCN1CC=C(c2c[nH]c3ccc(Cl)cc23)CC1,7.92,5.702000000000006
CN(C)C[C@H]1C[C@@H]2c3ccccc3Sc3ccc(F)cc3[C@H]2O1,7.92,4.4657000000000036
CN(C)C[C@@H]1CC2c3ccccc3Sc3ccc(F)cc3[C@H]2O1,7.92,4.4657000000000036
Br.Oc1ccc([C@H]2C[C@@H]2CN2CCN(c3ccc(Cl)cc3Cl)CC2)cc1,7.92,5.202600000000005
CC(=O)N1CCC(C)c2c(C)ccc(CCN3CCN(c4nsc5ccccc45)CC3)c21,7.92,4.829520000000005
CC(=O)N1CCC(c2ccccc2)c2cccc(CCN3CCN(c4nsc5ccccc45)CC3)c21,7.92,5.549500000000006
Br.O=c1[nH]c2cccc(N3C[C@H]4C[C@@H]3CN4CC3CCc4[nH]c5ccc(F)cc5c4C3)c2o1,7.92,4.387400000000003
c1ccc(N2CCN(CC[C@H]3CC[C@H](Nc4ncccn4)CC3)CC2)nc1,7.92,3.0546000000000015
CN1CCc2ccc(OCCCN3CCN(c4ncccn4)CC3)cc2C1=O,7.92,1.6957999999999995
O=C1c2cccc(F)c2C(=O)N1CCCCCN1CC=C(c2c[nH]c3ccc(F)cc23)CC1,7.92,5.001700000000004
COc1ccc(/C=C/C(=O)NCCCCN2CCN(c3ccccc3OC)CC2)cc1,7.92,3.4356000000000027
O=C1NCc2ccc(OCCCN3CCN(c4cccc5c4CCO5)CC3)cc21,7.92,2.4560000000000004
CC(C)C(=O)NCc1ccc2c(c1)C(N1CCN(C)CC1)Cc1ccccc1S2,7.92,3.954600000000003
O=C(CCCCN1CCC(O)(c2ccc(Cl)cc2)CC1)c1ccc(F)cc1,7.92,4.815700000000004
CCN1CCN(c2cc(-c3ccc(F)cc3)c3c(n2)CC[C@@H](O)CCC3)CC1,7.92,3.6594000000000024
O=C1CCc2cc(CCN3CCC(c4cccc5sccc45)CC3)ccc2N1,7.91,5.208100000000004
Cn1ccc2cc(S(=O)(=O)N[C@H]3CCN(CCCc4noc5ccccc45)C3)ccc21,7.91,3.3049000000000017
O=C(N[C@H]1CC[C@H](CCN2CCN(c3nsc4ccccc34)CC2)CC1)Oc1ccc([N+](=O)[O-])cc1,7.91,5.064000000000005
Cc1cc2c(cc1O)[C@H]1C[C@@](O)(c3ccc(Cl)cc3)CCN1CC2,7.91,3.934820000000003
CCc1cccc(N2CCN(CCCCNC(=O)c3nc(C)c[nH]3)CC2)c1Cl,7.91,3.2661200000000017
C=CCN1CCC[C@H]1CNC(=O)c1cc(CCCSC2CC(=O)N(CCCCCC(=O)NCC(=O)N[C@@H](Cc3c[nH]c4ccccc34)C(=O)N[C@H](C(=O)N[C@@H](CC(C)C)C(=O)N[C@@H](CC(=O)O)C(=O)N[C@@H](CO)C(=O)N[C@@H](C)C(=O)NCC(=O)N[C@@H](Cc3ccc(O)cc3)C(=O)N[C@@H](CC(C)C)C(=O)N[C@@H](CC(C)C)C(=O)NCC(=O)N[C@@H](CCCCN)C(=O)N[C@H](C(=O)N[C@@H](CC(=O)O)C(=O)N[C@@H](CC(C)C)C(=O)N[C@@H](CCCCN)C(=O)N[C@@H](C)C(=O)N[C@@H](CC(C)C)C(=O)N[C@@H](C)C(=O)N[C@@H](C)C(=O)N[C@@H](CC(C)C)C(=O)N[C@@H](C)C(=O)N[C@@H](CCCCN)C(=O)N[C@@H](CCCCN)C(=O)N[C@H](C(=O)N[C@@H](CC(C)C)C(=O)O)[C@@H](C)CC)[C@@H](C)CC)[C@@H](C)O)C2=O)cc(OC)c1OC,7.91,-1.4686999999999701
CCc1cccc(N2CCN(CCCCCNC(=O)c3nc(C)c[nH]3)CC2)c1Cl,7.91,3.656220000000002
Fc1ccc2c(C3CCN(CCCOc4ccc(CN5CCCC5)cc4)CC3)noc2c1,7.91,5.211200000000005
Cc1cc(OCCCN2CCC(c3noc4cc(F)ccc34)CC2)ccc1CN1CCCC1,7.9,5.519620000000006
COc1ccc2[nH]cc(CN3CCC(n4c(=O)[nH]c5ccccc54)CC3)c2c1.O=C(O)C(=O)O,7.9,2.8122
CCCN1CCc2cccc3c2[C@H]1Cc1cccc(O)c1-3,7.9,3.924500000000004
CCS(=O)(=O)c1ccc(OC)c(-c2ccc(CN3CCCCC3c3ccccc3)[nH]2)c1,7.9,5.2111000000000045
CN1CCc2ccc(OCCCCN3CCC(c4noc5cc(F)ccc45)CC3)cc2C1=O,7.9,4.633600000000005
CCc1c[nH]c(C(=O)NCCCCCN2CCN(c3cccc(CC)c3Cl)CC2)n1,7.9,3.9102000000000032
C=CCN1C[C@H](OCc2ccccc2)C[C@H]1CNC(=O)c1cc(CCCF)cc(OC)c1OC,7.9,4.181400000000004
CCCN(C)[C@@H]1Cc2cccc3[nH]c(=O)n(c23)C1,7.9,1.5960999999999999
COc1ccccc1N1CCN(CCOc2ccc3nc[nH]c3c2)CC1,7.9,2.772500000000001
CC(=O)Nc1ccc(CN2C[C@@H]3COc4ccc(C#N)cc4[C@H]3C2)cc1,7.9,3.1246800000000015
C=CCN1C[C@H](OC(=O)Nc2ccccc2C)C[C@H]1CNC(=O)c1cc(CCCF)cc(OC)c1OC,7.9,4.521720000000004
CCc1c[nH]c(C(=O)NCCCCN2CCN(c3cccc(CC)c3Cl)CC2)n1,7.9,3.520100000000002
CCN(Cc1ccc(-c2cc(S(=O)(=O)CC)ccc2OC)[nH]1)C1CCCc2ccccc21,7.9,5.383400000000005
COc1cccc(C(=O)CCCN2CCN(c3ccccc3OC)CC2)c1,7.89,3.488900000000002
COc1ccc(Cn2nnc(C(=O)NCCCCN3CCN(c4ccccc4OC)CC3)c2C)cc1,7.89,2.9842200000000014
FC(F)(F)c1cccc(N2CCN(CCCCNc3nc(-c4ccccc4)cs3)CC2)c1,7.89,5.843200000000004
O=C(NCCCCN1CCN(c2cccc3ccccc23)CC1)c1cc2ccccc2[nH]1,7.89,4.653300000000003
COc1ccccc1N1CCN(CCCc2cn(-c3ccccc3O)nn2)CC1,7.89,2.736300000000001
COc1ccccc1N1CCN(CCCCNC(=O)/C=C/c2ccsc2)CC1,7.89,3.488500000000002
COc1ccccc1N1CCN(CCCNC(=O)NCc2cccc(F)c2-c2ccccc2)CC1,7.89,4.512800000000003
CCCCn1c(=O)n2c3c(cccc31)C[C@@H](NC)C2,7.89,1.7471999999999999
CCCN(CCc1ccc(NC(=O)CCc2cn(CCCCCCCCN(C)CCCCCNC(=O)COc3cncc(C#Cc4csc(C)n4)c3)nn2)cc1)C1CCc2c(O)cccc2C1,7.89,8.564620000000007
Cc1cccc(C2CCN(CCNC(=O)C3CCCOC3)CC2)n1,7.89,2.1122199999999998
COCCC1(C(=O)NCCN2CCC(c3cccc(C(F)(F)F)n3)CC2)CC1,7.89,3.2127000000000017
O=S(=O)(c1cccc2ncccc12)N1CCC[C@H]1CCN1CCN(c2cccc3c2OCCO3)CC1,7.89,3.371400000000002
O=C1CC2(CCCC2)CC(=O)N1CCCCN1CCN(c2ncccn2)CC1,7.89,2.0881999999999996
COc1ccc(Cl)cc1[C@@H]1C[C@H]1CNCCCOc1ccc2ccc(=O)[nH]c2c1,7.89,4.352300000000002
COc1ccccc1N1CCN(CCCCNc2nc(N)nc(NCCc3c[nH]c4ccccc34)n2)CC1,7.89,3.6126000000000014
Br.Fc1ccc([C@H]2C[C@@H]2CN2CCN(c3ccccc3Cl)CC2)cc1,7.89,4.982700000000004
COc1ccc(Cl)cc1[C@H]1C[C@@H]1CNCCCOc1ccc2ccc(=O)[nH]c2c1,7.89,4.352300000000002
O=S(=O)(c1cncc2ccccc12)N1CCC[C@H]1CCN1CC=C(c2c[nH]c3ccc(Cl)cc23)CC1,7.89,5.702000000000006
CN1CCN(C2=Cn3cccc3Sc3ccccc32)CC1,7.89,3.155700000000002
CCCN(CCCCNC(=O)/N=N/c1ccc(F)c(F)c1)C1Cc2ccccc2C1,7.89,5.417700000000005
CCOc1ccccc1OCCN[C@H](C)Cc1ccc(OC)c(S(N)(=O)=O)c1,7.89,2.3409000000000004
COc1ccc2c(c1)CCN(C)CCc1ccccc1C2,7.89,3.3164000000000016
Cc1cccc(S(=O)(=O)NCCCN2CCN(c3nsc4ccccc34)CC2)c1,7.89,3.095320000000002
COc1ccccc1N1CCN(CCCCNC(=O)Nc2cccc(Cl)c2)CC1,7.89,4.0725000000000025
C=CCN1CCC[C@H]1CNC(=O)c1cc(CCCSC2CC(=O)N(CCCCCC(=O)N[C@H](C(=O)N[C@@H](CCC(N)=O)C(=O)N[C@@H](CCCNC(=N)N)C(=O)N[C@@H](CCCCN)C(=O)N[C@@H](CCCNC(=N)N)C(=O)N[C@@H](CCC(N)=O)C(=O)N[C@@H](CCCCN)C(=O)N[C@@H](CC(C)C)C(=O)N[C@@H](CCSC)C(=O)N3CCC[C@H]3C(=O)O)C(C)C)C2=O)cc(OC)c1OC,7.89,-1.352759999999949
O=C1Cc2cc(CCN3CCN(c4cccc5sccc45)CC3)c(Cl)cc2N1,7.89,4.414000000000003
O[C@@]1(c2ccc(Cl)cc2)C[C@H]2CC[C@@H](C1)N2Cc1csc2ccccc12,7.89,5.569300000000005
Cc1ccc(C)c(N2CCN(CCCC(=O)c3ccc(F)cc3)CC2)c1,7.89,4.227640000000004
CN1CCC2C=C(O)C(O)=C3C(c4ccccc4)CC1C32,7.89,3.378000000000002
O=C(CCCN1CCC(O)(c2ccc(Cl)cc2)CC1)c1cc2ccc1CCc1ccc(cc1)CC2,7.89,6.170300000000006
CCCN(CCNC(=O)/C=C/c1ccc(F)cc1)C1Cc2ccccc2C1,7.89,3.834500000000003
COc1ccccc1N1CCC(CNCC2COc3ccc(Cl)cc3O2)CC1,7.88,3.994600000000003
COc1cccc(N2CCN(CCOc3ccc4[nH]c(=S)[nH]c4c3)CC2)c1,7.88,3.4350900000000015
Cc1c(OCCCCN2CCN(c3cccc4ccccc34)CC2)ccc2c1C(=O)NC2,7.88,4.3728200000000035
CCCn1c(=O)n2c3c(cccc31)C[C@@H](NC)C2,7.88,1.3570999999999998
CCN1CCc2ccc(OCCCN3CCC(c4noc5cc(F)ccc45)CC3)cc2C1=O,7.88,4.633600000000005
COc1ccccc1N1CCN(C/C=C/CNC(=O)c2cc(I)ccc2OCCF)CC1.O=C(O)C(=O)O,7.88,2.9119
COc1ccccc1N1CCN(C/C=C/CNC(=O)c2cc(Br)ccc2OCCF)CC1.O=C(O)C(=O)O,7.87,3.0698000000000008
O=c1n(CCCCN2CCN(c3cccc4sccc34)CC2)nc2ccccn12,7.87,3.3131000000000013
C=CCN1C[C@H](OCCCNC(=O)c2ccc(-c3ccsc3)cc2)C[C@H]1CNC(=O)c1cc(CCCF)cc(OC)c1OC,7.87,5.529800000000005
CCCN(CCN1CCN(c2cccc3ccccc23)CC1)C1CCc2ccc(O)cc2C1,7.87,4.936900000000006
COc1ccccc1N1CCN(CCCCNC(=O)/C=C/c2ccccc2)CC1,7.87,3.4270000000000023
CN1CCN(CCc2ccc(OCCCN3CCC(c4noc5cc(F)ccc45)CC3)cc2)CC1,7.87,4.405300000000004
O=C1NCc2ccc(OCCCN3CCN(c4cccc5cccc(F)c45)CC3)cc21,7.87,3.8134000000000023
Cc1c(OCCCN2CCN(c3cccc4cccc(F)c34)CC2)ccc2c1C(=O)NC2,7.87,4.121820000000003
CCCN(CCc1ccc(CCN(CCC)[C@H]2CCc3nc(N)sc3C2)cc1)[C@H]1CCc2c(O)cccc2C1,7.87,6.054900000000007
COc1ccccc1N1CCN(CCCCNC(=O)/C=C/c2ccccc2)CC1.O=C(O)C(=O)O,7.87,2.5826
O=C(O)C(=O)O.O=c1[nH]c2ccccc2n1C1CCN(Cc2coc3ccccc23)CC1,7.87,3.068500000000001
CN1CCCc2ccccc2Cc2[nH]c3ccccc3c2CC1,7.87,4.179200000000003
O=C1NCc2ccc(OCCCN3CCN(c4cccc5ccccc45)CC3)c(F)c21,7.86,3.8134000000000023
O=C(NC/C=C/CN1CCN(c2cccc(Cl)c2Cl)CC1)c1ccc(O)cc1,7.86,3.8072000000000026
COc1ccc2[nH]c(C(=O)NCCCCN3CCN(c4cccc5ccccc45)CC3)cc2c1,7.86,4.661900000000005
O=C(O)C(=O)O.OC1(c2ccc(Br)cc2)CCN(Cc2c[nH]c3ccc(OCCF)cc23)CC1,7.86,3.917900000000002
CN1COc2ccc(OCCCN3CCC(c4noc5cc(F)ccc45)CC3)cc2C1=O,7.86,4.037300000000004
O=C(NCCCCCCN1CCN(c2nsc3ccccc23)CC1)c1ccccc1,7.85,4.408700000000004
O=C1CCc2ccc(OCCCCN3CCC(c4cn(S(=O)(=O)c5ccccc5)c5ccccc45)CC3)cc2N1,7.85,5.801600000000006
COc1ccccc1N1CCN(CCCCNC(=O)/C=C/c2ccc([N+](=O)[O-])cc2)CC1.O=C(O)C(=O)O,7.85,2.4907999999999997
Nc1c(F)cccc1C(=O)CCCN1CC[C@H]2[C@@H](C1)c1cccc3c1N2CCCS3,7.85,4.544700000000004
CC(C)Oc1ccccc1N1CCN([C@H]2CC[C@H](NS(=O)(=O)c3ccc(S(C)(=O)=O)cc3)CC2)CC1,7.85,3.2890000000000024
COc1ccccc1N1CCN(CCN2C(=O)CC3(CCCC3)CC2=O)CC1,7.85,2.5266
Fc1ccc2c(C3CCN(CCCOc4ccc(CN5CCCC5)cc4Cl)CC3)noc2c1,7.85,5.8646000000000065
COc1ccccc1N1CCN(CCCCNC(=O)c2ccc(COCCOCCOCCOCCOCCOCc3ccc(C(=O)NCCCCN4CCN(c5ccccc5OC)CC4)cc3)cc2)CC1,7.85,6.168000000000011
Nc1cc(F)ccc1C(=O)CCCN1CC[C@@H]2[C@H](C1)c1cccc3c1N2CCS3,7.85,4.154600000000004
C[C@H]1CN(CC[C@H]2CC[C@H](N3C(=O)[C@H]4CCCC[C@H]4C3=O)CC2)CCc2ccc(Cl)cc21,7.85,5.425700000000006
Nc1ccc2c(N3CCN(CC[C@H]4CC[C@H](NC(=O)c5ccco5)CC4)CC3)nsc2c1,7.85,3.972400000000003
CCCN(CCC)[C@@H]1Cc2cccc(O)c2C[C@H]1C,7.85,3.6175000000000024
Cc1c(C(=O)NCCCCN2CCN(c3cccc(Cl)c3Cl)CC2)nnn1Cc1ccccc1,7.85,4.273820000000003
O=S(=O)(N[C@H]1CCN(CCCc2noc3ccccc23)C1)c1ccc2ccccc2c1,7.85,3.966400000000003
C=CCN1C[C@H](OC(=O)Nc2cccc(N(C)C)c2)C[C@H]1CNC(=O)c1cc(CCCF)cc(OC)c1OC,7.85,4.279300000000003
O=Cc1cc2cc(OCCCCN3CCN(c4cccc(Cl)c4Cl)CC3)ccn2n1,7.85,4.434800000000004
O=S(=O)(NCCCN1CCC(c2noc3cc(F)ccc23)CC1)c1ccc(Cl)c(Cl)c1,7.85,4.821700000000004
CC(=O)N(CCCN[C@@H](CN[C@@H]1CCCCNC(=O)[C@H](Cc2ccc(F)cc2)NC(=O)[C@H]([C@@H](C)O)NC(=O)[C@H](CCCCN)NC(=O)[C@@H](Cc2c[nH]c3ccccc23)NC(=O)[C@H](Cc2ccccc2)NC(=O)[C@H](Cc2ccccc2)NC(=O)[C@H](CCCNC(=N)N)NC1=O)Cc1ccc(O)cc1)C[C@@H]1C[C@@H]2c3cccc4[nH]cc(c34)C[C@H]2N(C)C1,7.85,4.289169999999986
O=C1CC(c2c[nH]c3ccccc23)C(=O)N1CCCCN1CCC(c2c[nH]c3ccc(F)cc23)CC1,7.85,5.290600000000005
O=C(NCCCCN1CCN(c2ccccc2OCCF)CC1)c1ccc(OCCOCCF)cc1.O=C(O)C(=O)O,7.85,2.8876
O=c1[nH]c2cccc(N3C[C@H]4C[C@@H]3CN4CC3CCc4[nH]c5ccc(F)cc5c4C3)c2o1,7.85,3.8095000000000026
CS(=O)(=O)c1ccc2c(c1)N(CCCN1CCC(C(=O)O)CC1)c1ccccc1S2,7.85,3.879500000000003
COc1ccccc1/C=C/C(=O)NCCCCN1CCN(c2ccccc2OC)CC1,7.85,3.4356000000000027
C=CCN1CCC[C@H]1CNC(=O)c1cc(I)ccc1OC,7.85,2.6800000000000015
O=S(=O)(NCCN1CC=C(c2c[nH]c3ccc(F)cc23)CC1)c1ccc2ccccc2c1,7.85,4.527800000000003
O=C1COc2ccccc2N1CCCN1CCC(n2c(=O)[nH]c3ccc(F)cc32)CC1,7.85,2.9213000000000013
O=C(Nc1ccc(CCN2CCN(c3ccccc3)CC2)cc1)Nc1ccccn1,7.85,4.090300000000003
COc1ccccc1N1CCN(CCCCOc2ccn3nccc3c2)CC1,7.85,3.3241000000000023
C=CCN1C[C@H](OCCCO)C[C@H]1CNC(=O)c1cc(CCCF)cc(OC)c1OC,7.85,2.3636
COc1ccccc1N1CCN(CCCCNC(=O)/C=C/c2cccnc2)CC1.O=C(O)C(=O)O,7.84,1.9776000000000011
Fc1ccc2c(CCCN3CCN(c4cccc5c4OCCO5)CC3)c[nH]c2c1,7.84,3.833000000000002
CCCN(CCN1CCN(c2cccc(Cl)c2Cl)CC1)C1CCc2c(O)cccc2C1,7.84,5.090500000000006
O=C(O)C(=O)O.OC1(c2ccc(I)cc2)CCN(Cc2cc3ccccc3o2)CC1,7.84,3.6766000000000023
N#Cc1ccc2c(c1)CN(C[C@@H]1C[C@H]1CCNC(=O)c1cc3cccnc3[nH]1)CC2,7.84,3.2488800000000015
O=S1(=O)NCCc2ccc(CCN3CCN(c4cccc5sccc45)CC3)cc21,7.84,3.1004000000000014
CCCCN(C(=O)N[C@H]1CC[C@H](CCN2CCN(c3nsc4ccccc34)CC2)CC1)c1ccccc1,7.83,6.383500000000007
CCCCN1CCN(c2ccccc2OCCF)CC1,7.83,2.9570000000000016
COc1cc2c(cc1O)[C@H]1C[C@@](O)(c3ccc(Cl)cc3)CCN1CC2,7.83,3.6350000000000025
O=C(NCCCCN1CCN(c2cccc3ccccc23)CC1)c1cc2ccccc2o1,7.83,4.918200000000004
O=c1[nH]c2ccc(OCCCCN3CCN(c4cccc(Cl)c4Cl)CC3)cc2[nH]1,7.82,4.144200000000003
CC1CC(=O)Nc2c(CCN3CCN(c4nsc5ccccc45)CC3)cc(F)cc21,7.82,4.245800000000004
O=C(NCCCCN1CCN(c2ccccc2OCCF)CC1)c1ccc(OCCF)cc1.O=C(O)C(=O)O,7.82,2.8709999999999996
O=C1c2ccccc2S(=O)(=O)N1CCCCCCN1CCN(c2cccc3cccnc23)CC1,7.82,3.7619000000000034
O=C(NC1CCN(CCOc2ccccc2-c2ccccc2)C1)c1cccc(F)c1F,7.82,4.5149000000000035
O=C1CC(c2ccccc2)c2cccc(CCN3CCN(c4nsc5ccccc45)CC3)c2N1,7.82,5.135100000000004
Nc1ccc(F)cc1C(=O)CCCN1CC[C@H]2[C@@H](C1)c1cccc3c1N2CCCS3,7.82,4.544700000000004
O=C1CN2c3c(cccc3[C@@H]3CN(CCCc4n[nH]c5cc(F)ccc45)CC[C@@H]32)N1,7.82,3.264800000000001
COC(=O)CN(CC(=O)NCCOCCOCCNC(=O)CCC(=O)Nc1ccc(CCN2CN(c3ccccc3)C3(CCN(CCCC(=O)c4ccc(F)cc4)CC3)C2=O)cc1)CC(=O)NCCOCCOCCNC(=O)CCC(=O)Nc1ccc(CCN2CN(c3ccccc3)C3(CCN(CCCC(=O)c4ccc(F)cc4)CC3)C2=O)cc1,7.82,6.801600000000015
Cc1c(-c2ccccc2)n(C)c(=O)n1C1CCN(Cc2ccccc2)CC1,7.82,3.9993200000000027
Cn1cc(CN2CCc3cc4nc(N)sc4cc3CC2)cn1,7.82,2.2127999999999997
O=S(=O)(NCCCCN1CCN(c2nsc3ccccc23)CC1)c1cc2ccccc2s1,7.82,4.391700000000004
CC1CNc2cccc(N3CCN(CCCc4c[nH]c5ccccc45)CC3)c2C1,7.82,4.526800000000003
O=S(=O)(c1cccc2ncccc12)N1CCC[C@@H]1CCN1CC=C(c2c[nH]c3ccc(Cl)cc23)CC1,7.82,5.702000000000005
O=C1Cc2c(cccc2N2CCN(CCC3CCc4[nH]c5ccc(F)cc5c4C3)CC2)N1,7.82,4.118800000000002
CN1CCc2ccc(OCCCN3CCN(c4cccc5sccc45)CC3)cc2C1=O,7.82,4.120500000000003
O=S(=O)(NCCCN1CCN(c2noc3ccccc23)CC1)c1cc2ccccc2s1,7.82,3.533100000000003
C#Cc1ccc(C(=O)NCCCCN2CCN(c3cccc(Cl)c3Cl)CC2)cc1,7.82,4.306900000000004
O=S(=O)(NCCCCN1CCN(c2noc3ccccc23)CC1)c1ccc2ccccc2c1,7.82,3.8617000000000026
CCc1cc(Cl)c(OC)c(N2CCN(CC[C@H]3CC[C@H](NC(=O)CCOC)CC3)CC2)c1,7.82,4.134600000000003
O=C1COc2ccccc2N1CCCN1CCC(n2c(=O)[nH]c3c(F)cccc32)CC1,7.82,2.9213000000000013
Cc1nn(C2CCN(Cc3cccc(Cl)c3)CC2)cc1-c1ccccc1,7.82,5.349020000000006
O=C(N[C@H]1CC[C@H](CCN2CCN(c3ccccc3Cl)CC2)CC1)C1CCCCC1,7.82,5.107400000000005
Cc1nn(C2CCN(Cc3cccc(C#N)c3)CC2)cc1-c1ccccc1,7.82,4.567300000000004
COc1ccccc1N1CCN(CCCCNC(=O)c2ccccc2I)CC1,7.82,3.6320000000000023
CN(C)c1ccc(C(=O)NCCCCN2CCN(c3ccccc3OCCF)CC2)cc1.O=C(O)C(=O)O,7.82,2.5887000000000002
CC(=O)NC1CCc2cc(CCN3CCN(c4nsc5ccccc45)CC3)ccc21,7.82,3.7844000000000024
Cc1nc2c(OCCNCc3ccccc3)cccc2[nH]1,7.82,3.0399200000000013
O=C1Cc2c(cccc2N2CCN(CC3CCc4[nH]c5ccc(F)cc5c4C3)CC2)N1,7.82,3.7287000000000017
CC(C)Oc1ccccc1N1CCN([C@H]2CC[C@@H](NS(=O)(=O)c3cccnc3)CC2)CC1,7.82,3.2805000000000017
O=C(c1ccco1)N1CCC(CCN2CCN(c3nsc4ccccc34)CC2)CC1,7.82,3.953800000000003
C[C@@H](O)[C@@H]1NC(=O)[C@H](CCCCN)NC(=O)[C@@H](Cc2c[nH]c3ccccc23)NC(=O)[C@H](Cc2ccccc2)NC(=O)[C@H](Cc2ccccc2)NC(=O)[C@H](CCCNC(=N)N)NC(=O)[C@H](NC[C@H](Cc2ccc(O)cc2)NC(=O)CSC[C@@H]2C[C@@H]3c4cccc5[nH]cc(c45)C[C@H]3N(C)C2)CCCCNC(=O)[C@H](Cc2ccc(O)cc2)NC1=O,7.82,3.8768699999999923
CCOC(=O)Nc1cc(F)ccc1C(=O)CCCN1CC[C@H]2[C@@H](C1)c1cccc3c1N2CCCS3,7.82,5.530900000000006
CN1CCC(c2cn(-c3ccc(F)cc3)c3ccc(-c4ccnn4C)cc23)CC1,7.82,4.979300000000005
CN1CCc2ccc(OCC(O)CN3CCC(c4noc5cc(F)ccc45)CC3)cc2C1=O,7.82,3.2143000000000015
Cc1ccc(C(=O)NC2CCc3ccc(CCN4CCN(c5nsc6ccccc56)CC4)cc32)cc1,7.82,5.386720000000006
COc1ccccc1N1CCN(CCCCNC(=O)/C=C/c2ccccc2Cl)CC1.O=C(O)C(=O)O,7.82,3.2360000000000007
N#Cc1ccc(C(=O)N[C@H]2CC[C@H](CCN3CCC(c4coc5ccccc45)CC3)CC2)cc1,7.82,5.862780000000006
COc1ccc2[nH]cc(CCCN3CCN(c4cccc5c4OCCO5)CC3)c2c1,7.82,3.7025000000000023
O=C(NCCN1CCC(c2cccc(C(F)(F)F)n2)CC1)[C@H]1C[C@@H]2CC[C@H]1O2,7.82,2.9635000000000007
COc1ccccc1N1CCN(CCCCN2CCc3cc(-c4ccccc4)ccc3C2=O)CC1,7.82,4.962900000000006
O=Cc1cnn2c(OCCCCN3CCN(c4cccc(Cl)c4Cl)CC3)cccc12,7.82,4.434800000000004
O=C(CCCCCCCCC(=O)OC1(c2ccc(Cl)cc2)CCN(CCCC(=O)c2ccc(F)cc2)CC1)OC1(c2ccc(Cl)cc2)CCN(CCCC(=O)c2ccc(F)cc2)CC1,7.82,12.087399999999985
Cc1ccc(C)c(C(=O)CCCN2CCC(O)(c3ccc(Cl)cc3)CC2)c1,7.82,4.9033400000000045
CC(C)c1ccccc1OCCN1CCC(N(CC2CC2)S(=O)(=O)c2cccc(F)c2)CC1,7.82,4.893200000000005
C#Cc1cccc(C(=O)NCCCCN2CCN(c3cccc(Cl)c3Cl)CC2)c1,7.82,4.306900000000004
O=S(=O)(NCCCN1CCC(c2noc3cc(F)ccc23)CC1)c1cnc2ccccn12,7.82,3.162600000000002
O=S(=O)(NCCCCN1CCC(c2noc3cc(F)ccc23)CC1)c1ccc(Cl)c(Cl)c1,7.82,5.211800000000005
Cc1c(S(=O)(=O)N[C@H]2CCN(CCCc3noc4ccccc34)C2)sc2ccc(F)cc12,7.82,4.475420000000004
CNc1cc(OC)c(C(=O)NC2CCN(Cc3ccccc3)CC2)cc1Cl,7.82,3.7847000000000026
O=C1CCc2ccc(OC/C=C/CN3CCN(c4cccc(Cl)c4Cl)CC3)cc2N1,7.82,4.6353000000000035
CC(C)c1ccccc1N1CCN(CCCCCC(=O)NC2CCCc3ccccc32)CC1,7.82,5.686200000000006
O=C(NC/C=C/CN1CCN(c2cccc(Cl)c2Cl)CC1)c1cccc(Cl)c1,7.82,4.755000000000004
CCCN(CCC)[C@@H]1CCc2c(OC)cccc2[C@@H]1C,7.82,4.235500000000004
COc1ccc(Cl)cc1C1CC1CNCCCCOc1ccc2ccc(=O)[nH]c2c1,7.81,4.742400000000003
CCC(=O)NCCCCN1CCN(c2cccc(Cl)c2Cl)CC1,7.81,3.421800000000002
Clc1cccc2c(CCCN3CCN(c4cccc5c4OCCO5)CC3)c[nH]c12,7.81,4.347300000000002
CN(CCCCNC(=O)c1cc2ccccc2o1)[C@@H]1Cc2cccc3[nH]c(=O)n(c23)C1,7.81,3.142500000000001
Cc1[nH]c2ccccc2c1CN1CCC(O)(c2ccc(Cl)cc2)CC1,7.81,4.613320000000003
COc1nc2sc(C(=O)NCCCCCN3CCN(c4cccc(Cl)c4Cl)CC3)c(N)c2c(C)c1Cl,7.81,5.878020000000006
O=C1CCC(N2Cc3c(OCc4ccc(CN5CCN(c6ccc(F)cc6F)CC5)cc4)cccc3C2=O)C(=O)N1,7.8,3.6270000000000024
Cn1cc(S(=O)(=O)N(CC2CC2)C2CCN(CCOc3ccccc3-c3ccccc3)CC2)cn1,7.8,4.031200000000003
O=c1[nH]c2ccccc2n1CCCCCCN1CCN(c2nsc3ccccc23)CC1,7.8,4.321900000000004
Cc1cccc(S(=O)(=O)NCCCN2CCC(c3noc4cc(F)ccc34)CC2)c1,7.8,3.8233200000000025
Clc1cccc(N2CCN(CCCCOc3cccc4ccnn34)CC2)c1Cl,7.8,4.622300000000004
O=c1ccc2ccc(OCCCN3CCN(c4ccccc4)CC3)cc2o1,7.8,3.384100000000002
COc1cc(CN2CCN(c3ccccc3OC)CC2)ccc1OCc1cn(CCCCCCCCn2cc(COc3ccc(CN4CCN(c5ccccc5OC)CC4)cc3OC)nn2)nn1,7.8,7.74720000000001
CCOCCn1cc(CCCOc2ccc(CN3CCN(c4ccccc4OC)CC3)cc2OC)nn1,7.8,3.665600000000003
O=S(=O)(c1cccc2ncccc12)N1CCC[C@H]1CCN1CCN(c2cccc3sccc23)CC1,7.8,4.814900000000004
Cl.O=C1C[C@H](CN2CCC(c3noc4cc(F)ccc34)CC2)Cc2occc21,7.8,4.606400000000004
C=CCN1CCC2C=C(O)C(O)=C3C(c4ccccc4)CC1C32,7.8,3.9342000000000024
COc1ccccc1N1CCN(CCCCNC(=O)c2ccc(COCCOCCOCCOCCOCCOCCOCCOCCOCc3ccc(C(=O)NCCCCN4CCN(c5ccccc5OC)CC4)cc3)cc2)CC1,7.8,6.217800000000014
COc1ccccc1N1CCN(CCCCNC(=O)c2cc3cc(O)ccc3[nH]2)CC1.O=C(O)C(=O)O,7.8,2.3698999999999995
O=S(=O)(N[C@@H]1CCN(CCOc2ccccc2-c2ccccc2)C1)c1ccc(F)cc1,7.8,3.9243000000000032
O=S(=O)(NCCCCN1CCN(c2nsc3ccccc23)CC1)c1cccc2scnc12,7.8,3.7867000000000033
COc1ccccc1N1CCN(CCCCNC(=O)c2ccc(-c3cccc([18F])n3)cc2)CC1,7.8,4.228500000000003
CCCN(CCCCNC(=O)c1ccc(OCCCc2cn(CCCCCCCCn3cc(CCCOc4ccc(C(=O)NCCCCN(CCC)C5Cc6ccccc6C5)cc4OC)nn3)nn2)c(OC)c1)C1Cc2ccccc2C1,7.8,10.729599999999994
CCN(Cc1ccc(-c2cc(S(=O)(=O)CC)ccc2OC)[nH]1)Cc1ccccc1OC,7.8,4.514600000000004
O=C(NCCCCN1CCN(c2cccc3ccccc23)CC1)c1cnc2ccccc2c1,7.8,4.720200000000005
O=S(=O)(NCCCN1CCN(c2cccc(Cl)c2Cl)CC1)c1ccc2cccnc2c1,7.8,4.032200000000004
CCCN(CCC)C1CC=C(C#C[Si](C)(C)C)CC1,7.8,4.468100000000004
COC(=O)c1cc2c3c(ccc2[nH]1)OCC(CNCCCc1ccccc1)O3,7.8,3.3167000000000018
O=S(=O)(NC1CCN(CCOc2ccccc2-c2ccccc2)C1)c1cccs1,7.8,3.846700000000004
CC(C)c1ccccc1OCCN1CCC(NS(=O)(=O)c2cccs2)C1,7.8,3.3031000000000015
C[C@@]12CC(c3ccccc3)C[C@@H](C1)N(CCN1CCN(c3cccc(Cl)c3)C1=O)C2,7.8,5.240200000000006
Cc1cccc2c(CCCN3CCN(c4cccc5c4OCCO5)CC3)c[nH]c12,7.8,4.002320000000003
CC1CCN(C(=O)c2ccccc2)c2c(CCN3CCN(c4nsc5ccccc45)CC3)cccc21,7.8,5.815000000000006
CSc1ccccc1N1CCN(CCCCNC(=O)c2cc3ccccn3n2)CC1,7.8,3.3884000000000016
CCS(=O)(=O)c1ccc(OC)c(-c2ccc(CN3CCCC3c3ccccc3)[nH]2)c1,7.8,4.821000000000004
O=C(/C=C/c1ccc(Cl)c(Cl)c1)NCCCCCN1CCC(c2c[nH]c3ccc(O)cc23)CC1,7.8,6.359600000000006
Nc1cc(F)ccc1C(=O)CCCN1CC[C@@H]2[C@H](C1)c1cccc3c1N2CCO3,7.8,3.4413000000000027
O=C1CCc2ccc(CC3CC4CCC(C3)N4C[C@@H]3COc4c(ccc5c4CC(=O)N5)O3)cc2N1,7.8,3.6914000000000016
COc1ccc2[nH]cc(C3CC(=O)N(CCCCN4CCC(c5c[nH]c6ccccc56)CC4)C3=O)c2c1,7.8,5.160100000000005
Cc1cc2c(cc1NS(=O)(=O)c1ccc(-c3ccc(Cl)cc3)cc1)CCN(C)CC2,7.8,5.146620000000005
O=C(NCCC(O)CN1CCN(c2cccc(Cl)c2Cl)CC1)c1ccc(-c2ccccn2)cc1,7.8,4.358400000000004
O=C1NCc2ccc(OCCCCN3CCN(c4cccc5cc(F)ccc45)CC3)c(F)c21,7.8,4.3426000000000045
O=C1COc2ccccc2N1CCCN1CCC(n2c(=O)[nH]c3ccccc32)CC1,7.8,2.7822000000000005
O=c1oc2ccccc2n1CCCCCCN1CCN(c2nsc3ccccc23)CC1,7.8,4.586800000000005
O=C1NCc2ccc(OCCCN3CCN(c4cccc5ccccc45)CC3)cc21,7.79,3.6743000000000023
O=S(=O)(N[C@H]1CCN(CCCc2noc3ccccc23)C1)c1cc2ccccc2s1,7.79,4.027900000000003
CCc1cccc(N2CCN(C/C=C/CCNC(=O)C3N=CC(C)=N3)CC2)c1Cl,7.79,2.9583000000000013
CCN1C[C@H](OC(=O)Nc2ccc(-c3ccsc3)cc2)C[C@H]1CNC(=O)c1cc(CCCF)cc(OC)c1OC,7.79,5.775700000000006
O=C1CC(CN2CCC(c3noc4cc(F)ccc34)CC2)Cc2occc21,7.79,4.184600000000003
CCc1cccc(N2CCN(C/C=C/CNC(=O)c3nc(C)c[nH]3)CC2)c1Cl,7.79,3.0421200000000015
CC(=O)Nc1ccc(OCCCN2CCN(c3cccc4ccsc34)CC2)cc1,7.79,4.450800000000004
CCOc1cccc2c3c(oc12)CN(CCCCOc1ccc2ccc(=O)[nH]c2c1)CC3,7.78,4.890300000000003
Cc1ccc(N2CCN(CC[C@H]3CC[C@H](NC(=O)c4cccs4)CC3)CC2)cc1,7.78,4.557420000000004
Cc1nc2n(c(=O)c1CCN1CCN(c3cccc4sccc34)CC1)CCC=C2,7.78,3.548020000000002
Cc1cc2c(cc1OCCCN1CCN(c3cccc4cccc(F)c34)CC1)C(=O)NC2,7.78,4.121820000000003
O=C(N[C@H]1CC[C@H](CCN2CCC(c3coc4ccccc34)CC2)CC1)c1ccc(-c2cccnc2)cc1,7.78,7.053100000000008
CN(C(=O)c1cccs1)[C@H]1CC[C@H](CCN2CCN(c3cccc(Cl)c3Cl)CC2)CC1,7.78,5.898000000000007
COc1cc2c(cc1O)[C@@H]1Cc3sc(CC(C)Cl)cc3CN1CC2,7.78,4.287600000000004
CCN(C)CCc1c(-c2cccc(C(F)(F)F)c2)[nH]c2ccccc12,7.77,5.347900000000004
O=C(NC/C=C/CN1CCN(c2cccc(Cl)c2Cl)CC1)c1ccccn1,7.77,3.4966000000000017
COc1ccccc1N1CCN(Cc2cc(CN3CCN(c4ccccc4OC)CC3)c3cccccc2-3)CC1,7.77,5.453000000000006
FC(F)(F)c1cccc(N2CCN(CCCCNc3ccccn3)CC2)c1,7.77,4.114700000000002
COc1cc(CN2CCN(c3ccccc3OC)CC2)ccc1OCCCc1cn(CCCCCCCCn2cc(CCCOc3ccc(CN4CCN(C5CCCCC5)CC4)cc3OC)nn2)nn1,7.77,8.731900000000007
C[C@@H](O)[C@@H]1NC(=O)[C@H](CCCCN)NC(=O)[C@@H](Cc2c[nH]c3ccccc23)NC(=O)[C@H](Cc2ccccc2)NC(=O)[C@H](Cc2ccccc2)NC(=O)[C@H](CCCNC(=N)N)NC(=O)[C@H](NCCSC[C@@H]2C[C@@H]3c4cccc5[nH]cc(c45)C[C@H]3N(C)C2)CCCCNC(=O)[C@H](Cc2ccc(F)c(F)c2)NC1=O,7.77,4.01637
CC(=O)N1CCC(C)c2cccc(CCN3CCN(c4nsc5ccccc45)CC3)c21,7.77,4.521100000000004
O=C(CCCN1CC[C@H]2[C@@H](C1)c1cccc3c1N2CCCS3)c1ccccc1,7.77,4.823400000000005
Clc1cccc(N2CCN(CCCCOc3ccc4scnc4c3)CC2)c1Cl,7.77,5.584300000000005
O=C1c2ccccc2S(=O)(=O)N1CCCCCN1CCN(c2cccc(Cl)c2Cl)CC1,7.77,4.130400000000003
O=S(=O)(NCCCCN1CCN(c2cccc(Cl)c2Cl)CC1)c1cc2ccccc2cn1,7.77,4.422300000000004
CC(C)(C)c1ccc(S(=O)(=O)N[C@H]2CC[C@H](CCN3CCN(c4nsc5ccccc45)CC3)CC2)s1,7.77,5.704700000000006
C=CCN1C[C@@H](OCCCN)C[C@@H]1CNC(=O)c1cc(CCCF)cc(OC)c1OC,7.77,2.330000000000001
CC(=O)N1CCC(C)c2c(C)ccc(CCN3CCN(c4noc5ccccc45)CC3)c21,7.77,4.361020000000004
Cc1cccc(S(=O)(=O)NCCCN2CC=C(c3c[nH]c4ccc(F)cc34)CC2)c1,7.77,4.073120000000003
COc1cc(CN2CCN(c3ccccc3OC)CC2)ccc1OCCCc1cn(CCCCCCCCCCn2cc(CCCOc3ccc(CN4CCN(c5ccccc5OC)CC4)cc3OC)nn2)nn1,7.77,9.392600000000003
O=C(NCCCCN1CCN(c2cccc(Cl)c2Cl)CC1)c1ccc(F)cc1,7.77,4.464700000000003
CCCN(CCCCNC(=O)c1ccc(OCCCc2cn(CCCCCCCCn3cc(CCCOc4ccc(C(=O)NCCCCN5CCN(c6ccccc6OC)CC5)cc4OC)nn3)nn2)c(OC)c1)C1Cc2ccccc2C1,7.77,9.681000000000001
Cc1cccc(S(=O)(=O)NCCCCN2CCC(c3noc4cc(F)ccc34)CC2)c1,7.77,4.213420000000004
COc1ccccc1N1CCN(CCCCNC(=O)c2cc(C)ccc2C)CC1,7.77,3.6442400000000026
O=c1[nH]c2cccc(N3CCN(CC4CCc5[nH]c6ccc(F)cc6c5C4)CC3)c2o1,7.77,3.6686000000000023
C#CCCC(=O)Nc1ccc(CCN(CCC)C2CCc3c(O)cccc3C2)cc1,7.77,4.556100000000004
CCN(C)CCc1c(-c2ccc(F)cc2)[nH]c2ccccc12,7.77,4.468200000000003
Br.COc1cc(Cl)ccc1N1CCN(C[C@H]2C[C@@H]2c2ccccc2)CC1,7.77,4.852200000000005
O=C(NCCCCN1CCN(c2cccc(Cl)c2Cl)CC1)c1cn(-c2ccc([N+](=O)[O-])cc2)nn1,7.77,3.8145000000000024
COc1ccccc1N1CCN(CCCCNC(=O)c2nnn(Cc3ccccc3Br)c2C)CC1,7.77,3.738120000000002
CCCN(CCC)[C@@H]1CCc2ccc3[nH]cc(C(C)=O)c3c2C1,7.77,4.349800000000004
O=C(CCCN1CCC(c2cc3ccc2CCc2ccc(cc2)CC3)CC1)c1cc2ccc1CCc1ccc(cc1)CC2,7.77,8.296700000000007
CCN(CC)C(=O)NCCCCN1CCN(c2cc(C(F)(F)F)nc(C(C)(C)C)n2)CC1,7.76,3.746500000000003
CN1CCc2ccccc2Cc2ccc(O)cc2CC1,7.76,3.0134000000000016
O=C(O)C(=O)O.OC1(c2ccc(Br)cc2)CCN(Cc2cc3ccccc3o2)CC1,7.76,3.834500000000003
COc1ccccc1N1CCN(CCCCNC(=O)c2ccc(C(C)=O)cc2)CC1,7.76,3.230000000000002
CN1CCc2ccc(OCCCCN3CCN(c4cccc(C(F)(F)F)c4)CC3)cc2C1=O,7.76,4.314700000000004
O=C(NC/C=C/CN1CCN(c2cccc(Cl)c2Cl)CC1)c1ccc(Cl)cc1,7.76,4.755000000000004
O=C1CC(CN2CCC(c3noc4cc(F)ccc34)CC2)Cc2cc(-c3ccccc3)ccc21,7.76,6.258600000000007
Br.CN1CCc2ccccc2Cc2ccc(O)cc2CC1,7.76,3.591300000000002
CCCCc1cc2c(s1)C[C@H]1c3cc(O)c(OC)cc3CCN1C2,7.75,4.460400000000004
COc1ccccc1N1CCN(C/C=C/CNC(=O)c2cc(C)ccc2OCCF)CC1.O=C(O)C(=O)O,7.75,2.6157199999999996
OC1(c2ccc(Cl)cc2)CCN(CCCC#Cc2ccc(F)cc2)CC1,7.75,4.594400000000005
O=C1COc2ccccc2N1CCCN1CCN(c2nsc3ccccc23)CC1,7.75,3.2340000000000018
CS(=O)(=O)Nc1cc(F)ccc1C(=O)CCCN1CC[C@H]2[C@@H](C1)c1cccc3c1N2CCCS3,7.75,4.334000000000004
O=C(NC/C=C/CN1CCN(c2ccccc2OCCF)CC1)c1ccc(CCF)cc1.O=C(O)C(=O)O,7.75,2.8106999999999998
O=C1NCCc2ccc(OCCCCN3CCN(c4cccc(Cl)c4Cl)CC3)cc21,7.75,4.260500000000004
O=C(CCCN1CCC(O)(c2ccc(F)cc2)CC1)c1ccc(Cl)cc1,7.75,4.425600000000004
O=C1NCN(c2ccccc2)C12CCN(CCCCc1nc3cc(Cl)ccc3s1)CC2,7.75,4.700900000000004
O=C(NC1CCC(CCN2CCN(c3cccc(Cl)c3Cl)CC2)CC1)c1cccs1,7.75,5.555800000000005
COc1ccccc1N1CCN(Cc2ccccc2CNC(=O)/C=C/c2ccccc2)CC1,7.75,4.347000000000003
O=C(NCCCCN1CCN(c2ccccc2OCCF)CC1)c1ccc2nonc2c1,7.75,2.9033000000000007
Clc1cccc(N2CCCN(CCCCOc3ccc4scnc4c3)CC2)c1Cl,7.75,5.9744000000000055
CS(=O)(=O)Nc1cccc(OCCN2CCC(Oc3ccc4c(c3)NC(=O)CC4)CC2)c1,7.75,2.865000000000001
O=c1n(CCCCCCN2CCN(c3cccc(Cl)c3)CC2)c2cccc3c2n1CCC3,7.75,4.785200000000004
C=CCN1CC[C@H]2c3cccc(OC)c3CC[C@H]21,7.75,2.9853000000000014
CC(C)c1ccccc1OCCN1CCC(N(CC2CC2)S(=O)(=O)c2cnn(C)c2)CC1,7.75,3.4876000000000023
CC(=O)N1CCC(C)c2cc(F)cc(CCN3CCN(c4nsc5ccccc45)CC3)c21,7.75,4.660200000000004
CCC(=O)N[C@H]1CC[C@H](CCN2CCN(c3nsc4ccccc34)CC2)CC1,7.75,3.8934000000000033
O=S(=O)(NCCN1CCN(c2nsc3ccccc23)CC1)c1ccc2ccccc2c1,7.75,3.5500000000000016
O=S1(=O)c2cccc3cccc(c23)N1CCCCCCN1CCN(c2nsc3ccccc23)CC1,7.75,5.340800000000005
O=S(=O)(NC1CCN(CCOc2ccccc2-c2ccccc2)C1)c1cc(F)ccc1F,7.75,4.063400000000004
Oc1nc2cccc(N3CCN(Cc4cccc(-c5cccc(Cl)c5)c4)CC3)c2o1,7.75,5.176000000000005
c1cc2c(c(N3CCN(CCCc4c[nH]c5ccccc45)CC3)c1)OCCN2,7.75,3.727000000000002
COc1ccccc1N1CCN(CCCCCc2cn(-c3cccc4cnccc34)nn2)CC1,7.75,4.359100000000003
COc1ccccc1N1CCN(CCCCNC(=O)c2cccc3c2-c2ccccc2C3=O)CC1,7.75,4.238800000000003
COc1ccc([N+](=O)[O-])cc1S(=O)(=O)N[C@H]1CC[C@H](N2CCN(c3ccccc3OC(C)C)CC2)CC1,7.75,3.8023000000000025
COc1ccccc1N1CCN(CCCNC(=O)Nc2cccc(-c3ccccc3)c2)CC1,7.75,4.696000000000003
CCCCn1cc(CCCOc2ccc(C(=O)NCCCCN(CCC)[C@@H]3CCc4c(O)cccc4C3)cc2OC)nn1,7.75,5.583500000000006
O=S(=O)(N[C@H]1CCN(CCCc2noc3ccccc23)C1)c1cc2ccc(F)cc2s1,7.75,4.167000000000003
O=C1NCCc2ccc(OCCCN3CCN(c4cccc(Cl)c4Cl)CC3)cc21,7.75,3.8704000000000027
Clc1cccc(N2CCN(CCCCN3CCc4ncsc4CC3)CC2)c1Cl,7.74,4.452900000000004
COc1cc2c(cc1O)[C@@H]1Cc3sc(CCCCl)cc3CN1CC2,7.74,4.289200000000004
O=C(NCCCCN1CCN(c2cccc(Cl)c2Cl)CC1)c1ccc(-c2cccnc2)cc1,7.74,5.387600000000004
Nc1ccccc1C(=O)NC/C=C/CN1CCN(c2cccc(Cl)c2Cl)CC1,7.74,3.6838000000000024
CC(C)=CC(=O)N[C@H]1CC[C@H](CCN2CCC(c3coc4ccccc34)CC2)CC1,7.74,5.643500000000006
CC(C)(C)c1ccoc1C(=O)N[C@H]1CC[C@H](CCN2CCN(c3nsc4ccccc34)CC2)CC1,7.73,5.687700000000006
C=CCN1C[C@H](OCCCN)C[C@H]1CNC(=O)c1cc(CCCF)cc(OC)c1OC,7.73,2.330000000000001
CCCN[C@@H]1Cc2cccc3c2n(c(=O)n3CCCCNC(=O)c2cc3ccccc3[nH]2)C1,7.73,3.418800000000001
C=CCN1C[C@H](OC(=O)Nc2cc(C)ccc2OC)C[C@H]1CNC(=O)c1cc(CCCF)cc(OC)c1OC,7.73,4.530320000000003
Br.C=CCN1CCc2c(cc(O)c(O)c2Br)C(c2ccccc2)C1,7.72,4.614200000000005
Nc1ccccc1C(=O)CCCN1CC[C@@H]2[C@H](C1)c1cccc3c1N2CCS3,7.72,4.015500000000004
O=c1ccc2c(N3CCN(CCCCOc4ccn5nccc5c4)CC3)ccc(O)c2o1,7.72,3.1275000000000017
Nc1cc(F)ccc1C(=O)CCCN1CC[C@@H]2[C@H](C1)c1cccc3c1N2CCCC3,7.72,4.385200000000004
COc1ccccc1N1CCN(CCCc2cn(CCCN3CCc4cc(O)c(O)cc4C(c4ccccc4C)C3)nn2)CC1,7.72,4.841420000000006
COc1ccc(N(Cc2ccccc2F)NC(=O)NCCCN2CCN(c3ccccc3OC)CC2)cc1,7.72,4.276000000000004
COc1ccc(N(Cc2ccccc2)NC(=O)NCCCN2CCN(c3ccccc3OC)CC2)cc1,7.72,4.136900000000003
CCCN1CCC(c2cn(C)c3ccc(F)cc23)CC1,7.72,3.906800000000003
CS(=O)(=O)Nc1cc(OCCN2CCC(Cc3ccc4c(c3)NC(=O)CC4)CC2)ccc1F,7.72,3.415400000000001
O=S(=O)(c1cncc2ccccc12)N1CCC[C@H]1CCN1CCN(c2cccc3c2OCCO3)CC1,7.72,3.371400000000002
Cc1ncoc1-c1nnc(SCCCN2CCC[C@@]3(C[C@@H]3c3ccc(C(F)(F)F)cc3)C2)n1C,7.72,5.549220000000005
O=C1CC(c2c[nH]c3ccc(F)cc23)C(=O)N1CCCCN1CCC(c2c[nH]c3ccc(F)cc23)CC1,7.72,5.429700000000005
COc1ccccc1N1CCN(CCCCNC(=O)/C=C/C=C/c2ccccc2)CC1,7.72,3.9832000000000027
O=C(CCCN1CCN(c2cc3ccc2CCc2ccc(cc2)CC3)CC1)c1ccc(F)cc1,7.72,5.494600000000006
Fc1ccc2[nH]cc(CCCN3CCN(c4cccc5c4OCCO5)CC3)c2c1,7.72,3.833000000000003
COc1ccccc1N1CCN(CCC2CCc3ccc([N+](=O)[O-])cc3C2O)CC1,7.72,3.411500000000002
COc1ccccc1N1CCN(CCCNC(=O)c2ccc(COCCOCCOCCOCCOCc3ccc(C(=O)NCCCN4CCN(c5ccccc5OC)CC4)cc3)cc2)CC1,7.72,5.37120000000001
Cc1csc(C(=O)N[C@H]2CC[C@H](CCN3CCN(c4cccc(Cl)c4Cl)CC3)CC2)c1,7.72,5.864220000000007
O=C(N[C@H]1CC[C@H](CCN2CCC(c3coc4ccccc34)CC2)CC1)c1ccc(N2CCS(=O)(=O)CC2)cc1,7.72,5.2259000000000055
COc1cccc2c1CC[C@H]1CN(CCn3c(=O)[nH]c4c(sc5cccnc54)c3=O)C[C@@H]21,7.71,2.969900000000001
COc1ccccc1N1CCN(CCCCCc2cn(-c3ccccc3)nn2)CC1,7.71,3.810900000000003
COc1ccccc1N1CCN(CCCCNC(=O)c2ccc(Cl)cc2)CC1.O=C(O)C(=O)O,7.71,2.8364000000000003
C[C@@H]1c2cccc3c2-c2c1ccc1c2[C@@H](C3)N(C)CC1,7.71,3.903900000000003
CCCN(CCCCN1CCN(c2ccccc2)CC1)C1CCc2ccc(O)cc2C1,7.71,4.563900000000006
COc1ccccc1N1CCN(CCCNC(=O)c2sc3nc(OC)c(Cl)c(C)c3c2N)CC1,7.71,3.7996200000000018
O=C(NC/C=C/CN1CCN(c2cccc(Cl)c2Cl)CC1)c1ccc([N+](=O)[O-])cc1,7.71,4.009800000000003
C[C@@H](O)[C@@H]1NC(=O)[C@H](CCCCN)NC(=O)[C@@H](Cc2c[nH]c3ccccc23)NC(=O)[C@H](Cc2ccccc2)NC(=O)[C@H](Cc2ccccc2)NC(=O)[C@H](CCCNC(=N)N)NC(=O)[C@H](NCCCS(=O)(=O)C[C@@H]2C[C@@H]3c4cccc5[nH]cc(c45)C[C@H]3N(C)C2)CCCCNC(=O)[C@H](Cc2ccc(F)cc2)NC1=O,7.71,2.9489699999999948
CO/N=C(/CCN1CCC(c2ccccn2)CC1)c1ccc(Cl)cc1,7.71,4.3552000000000035
O=C(NC/C=C/CN1CCN(c2cccc(Cl)c2Cl)CC1)c1cccnc1,7.71,3.4966000000000026
O=C(NCCCCN1CCN(c2cccc(Cl)c2Cl)CC1)c1cccc2c1-c1ccccc1C2=O,7.71,5.537000000000004
COCCC(=O)N1CCC(CCCN2CCN(c3cccc(Cl)c3Cl)CC2)CC1,7.71,4.170700000000003
COc1ccccc1N1CCN(CCCCNC(=O)/C=C/c2cccc(Cl)c2)CC1.O=C(O)C(=O)O,7.7,3.2360000000000007
Cc1ccc2c(c1)C(=O)N(CCCCCN1CC=C(c3c[nH]c4ccc(F)cc34)CC1)C2=O,7.7,5.171020000000005
CN1CCc2cc(N)cc3c2[C@H]1Cc1ccc(O)c(O)c1-3,7.7,2.432100000000001
COc1ccccc1N1CCN(CCCCCCNc2nc(N)nc(N)n2)CC1,7.7,1.8391000000000006
Clc1cccc(N2CCCN(CCCOc3ccc4scnc4c3)CC2)c1Cl,7.7,5.584300000000005
CN1C[C@H](C(=O)N[C@@H](Cc2ccc([N+](=O)[O-])cc2)C(=O)N[C@@H](Cc2ccc(F)cc2)C(=O)N2CCCC(C(N)=O)C2)C=C2c3cccc4[nH]cc(c34)C[C@H]21,7.7,3.2638000000000016
O=C1CCc2ccc(OCCCCN3CCN(c4cccc5c4ccn5Cc4ccccc4)CC3)cc2N1,7.7,5.555500000000006
Cc1ccccc1OCCNCCCOc1ccccc1,7.7,3.432520000000002
Cc1ccc(S(=O)(=O)CC2CCN(CCCc3noc4cc(F)ccc34)C2)cc1C,7.7,4.312140000000004
Nc1ccccc1C(=O)CCCN1CC[C@@H]2[C@H](C1)c1cccc3c1N2CCCC3,7.7,4.246100000000004
O=C(NC[C@@H]1C[C@H]1CN1CCN(c2cccc(Cl)c2Cl)CC1)c1ccnc2ccccc12,7.7,4.729700000000005
Cc1cccc(S(=O)(=O)NCCN2CCC(c3noc4cc(F)ccc34)CC2)c1,7.7,3.433220000000002
COc1ccccc1N1CCN(CCCNC(=O)c2ccc(COCCOCCOCCOCCOCCOCCOCc3ccc(C(=O)NCCCN4CCN(c5ccccc5OC)CC4)cc3)cc2)CC1,7.7,5.404400000000011
CCN(Cc1ccc(-c2cc(S(=O)(=O)CC)ccc2OC)[nH]1)Cc1ccccc1Cl,7.7,5.159400000000005
O=C1NCCc2ccc(OCCCCN3CCC(c4cccc(Cl)c4Cl)CC3)cc21,7.7,5.317900000000005
CC(C)c1ccccc1OCCN1CCC(N(CC2CC2)S(=O)(=O)c2ccc(F)cc2)CC1,7.7,4.893200000000005
CCCN(CCC)C1CCc2sccc2C1,7.7,3.727400000000003
CCCN1CCN(c2ccccc2OC)CC1,7.7,2.2272
N#Cc1ccc2c(c1)[C@H]1CN(CCCCNC(=O)c3ccc(-c4ccc(N)cc4)cc3)C[C@@H]1CO2,7.7,4.425480000000003
CN(CCN1CCN(c2cccc(C(F)(F)F)c2)C1=O)C[C@]12CC[C@H](CC1)C2(C)C,7.7,5.0956000000000055
COc1ccccc1N1CCN(CCCCNC(=O)C(C)(C)C)CC1,7.7,2.7597000000000014
COc1ccccc1N1CCN(CCCCCN2C(=O)c3ccccc3S2(=O)=O)CC1,7.7,2.832200000000001
O=C1c2ccccc2S(=O)(=O)N1CCCCCN1CCN(c2cccc3ccccc23)CC1,7.7,3.9768000000000034
CN1CCc2cc(Cl)c(O)cc2[C@H](c2ccccc2)C1,7.7,3.6654000000000027
CC(C)c1ccccc1N1CCN(CCCCCC(=O)NCc2ccc(C#N)cc2)CC1,7.7,4.680480000000004
O=C(NCCN1CCC(c2cccc(C(F)(F)F)n2)CC1)C1CCOC1,7.7,2.4325
COc1ccc2[nH]cc(C3CCN(CCCCN4C(=O)CC(c5c[nH]c6ccc(F)cc56)C4=O)CC3)c2c1,7.7,5.299200000000005
S=c1[nH]c2ccc(CCCN3CCN(c4ccc(Cl)cc4)CC3)cc2[nH]1,7.7,4.633690000000003
COc1ccccc1N1CCN(CCCC2CCCc3c(OC)cccc32)CC1,7.7,4.726100000000005
N#Cc1ccc2c(c1)[C@H]1CN(Cc3ccccc3)C[C@@H]1CO2,7.7,3.1662800000000013
O=S(=O)(N[C@@H]1CCN(CCCc2noc3ccccc23)C1)c1csc2ccccc12,7.7,4.027900000000003
O=C1c2ccccc2C(=O)N1CCCN1CC=C(c2c[nH]c3ccc(F)cc23)CC1,7.7,4.082400000000003
CC(=O)c1ccc(C(=O)Nc2ccc(CCN3CC4COc5ccc(C#N)cc5C4C3)cc2)cc1,7.7,4.663680000000005
O=C1c2ccccc2C(=O)N1CCCCCN1CC=C(c2c[nH]c3ccc(Cl)cc23)CC1,7.7,5.376900000000005
Cc1cccc(S(=O)(=O)NCCN2CC=C(c3c[nH]c4ccc(F)cc34)CC2)c1,7.7,3.6830200000000026
COc1ccccc1N1CCN(CCCCNC(=O)c2ccc(-c3ccc(N)cc3)cc2)CC1,7.7,4.276600000000003
CC(C)c1ccccc1OCCN1CC[C@@H](NS(=O)(=O)c2ccc(Cl)s2)C1,7.7,3.956500000000003
CN(C)C(=O)N1CCC(CCN2CCN(c3cccc(Cl)c3Cl)CC2)CC1,7.69,3.8991000000000033
CC(=O)N(C)c1ccc(OCCCN2CCC(c3noc4cc(F)ccc34)CC2)cc1,7.69,4.598100000000004
C[C@H]1CN(CC[C@H]2CC[C@H](NC(=O)[C@@H]3CCCO3)CC2)CCc2ccc(Cl)cc21,7.69,4.545700000000004
COc1ccccc1N1CCN(CCCCCN2CCc3ccccc3C2=O)CC1,7.69,3.6860000000000026
c1cc2c(c(N3CCN(CCCc4c[nH]c5ccccc45)CC3)c1)CCCO2,7.69,4.247700000000003
CCCCN1CCN(c2ccccc2OC)CC1,7.69,2.617300000000001
CCc1cccc(N2CCN(CCC(C(=O)N(C)C)(c3ccccc3)c3ccccc3)CC2)c1Cl,7.69,5.489000000000006
O=S(=O)(N[C@@H]1CCN(CCCc2noc3ccccc23)C1)c1cccc2ccccc12,7.69,3.966400000000003
O=C(NCCCCN1CCN(c2ccccc2OCCF)CC1)c1cc2ccccn2n1,7.68,3.014800000000001
COc1ccccc1N1CCN(CCCCNC(=O)/C=C/c2ccc(F)cc2)CC1,7.68,3.5661000000000023
CN1CCN(C2=Nc3ccccc3Oc3ccc(Cl)cc32)CC1,7.68,3.7714000000000025
O=S(=O)(c1cccc2ncccc12)N1CCCC[C@@H]1CCN1CCN(c2cccc3sccc23)CC1,7.68,5.205000000000005
CCN1C(=O)C(N2CCN(Cc3ccc(Cl)cc3)CC2)Cc2ccccc21,7.68,3.4354000000000022
CCOc1cccc(N2CCN(CCCCOc3ccc4c(c3)NC(=O)CC4)CC2)c1,7.68,3.9512000000000027
O=C1CCc2ccc(OCCCN3CCN(c4cccc(Cl)c4Cl)CC3)cc2N1,7.68,4.469200000000003
NC1CCc2ccc(CCN3CCN(c4nsc5ccccc45)CC3)cc21,7.68,3.607000000000003
OC1(c2ccc(Cl)c(Cl)c2)CCN(Cc2coc3ccccc23)CC1,7.68,5.223200000000004
COCC(C)(C)C(=O)NCCN1CC=C(c2cccc(C(F)(F)F)n2)CC1,7.68,2.978300000000001
O=C(NC1CCc2ccc(CCN3CCN(c4nsc5ccccc45)CC3)cc21)C1CC1,7.68,4.174500000000004
O=C(NCCCCN1CCN(c2cccc(Cl)c2Cl)CC1)N1CCN(c2ccccc2)CC1,7.68,4.427400000000004
OC1(c2ccc(Cl)cc2)CCN(Cc2coc3ccccc23)CC1,7.68,4.569800000000003
NC(=O)c1ccccc1OCCCN1CCN(c2cccc3c2ccn3Cc2ccccc2F)CC1,7.68,4.518700000000004
O=C(NCCCCN1CCN(c2cccc(Cl)c2Cl)CC1)c1ccc(F)nc1,7.68,3.859700000000003
CN1CCN(C2=Cc3ccccc3Oc3ccccc32)CC1,7.68,3.5378000000000025
COc1ccccc1N1CCN(CCCCNC(=O)c2nccc3ccccc23)CC1.O=C(O)C(=O)O,7.68,2.7311999999999994
COc1cccc(C2CCN(CCNC(=O)C3CCOCC3)CC2)n1,7.68,1.8123999999999993
c1cc2c(c(N3CCN(CCCc4c[nH]c5ccccc45)CC3)c1)OCCO2,7.68,3.693900000000002
C1=C(c2ccccc2)CCN(CCc2c[nH]c3ncccc23)C1,7.68,3.894700000000003
CNc1cc(OC)c(C(=O)NC[C@@H]2CN(Cc3ccccc3)C[C@@H]2C)cc1Cl,7.68,3.888200000000003
CC(C)c1ccccc1N1CCN(CCCCCC(=O)NCc2ccncc2)CC1,7.68,4.203800000000003
CN1C[C@H](CNC(=O)OCc2ccccc2)C[C@@H]2c3cccc4c3c(cn4C)C[C@H]21,7.68,4.064700000000003
COc1ccccc1N1CCN(CCCCNC(=O)/C=C/c2ccc(Cl)cc2Cl)CC1.O=C(O)C(=O)O,7.68,3.889400000000002
C[C@@H]1CCCCN1CCc1c(-c2ccccc2)[nH]c2ccccc12,7.68,5.251800000000005
CC1CC(=O)Nc2c(CCN3CCN(c4nsc5ccccc45)CC3)cccc21,7.68,4.106700000000004
COc1ccc(F)cc1[C@H]1C[C@@H]1CNCCCCOc1ccc2ccc(=O)[nH]c2c1,7.68,4.228100000000002
Cc1nc2c(OCc3ccccc3)cccn2c(=O)c1CCN1CCN(c2cccc3sccc23)CC1,7.68,5.161320000000005
COc1ccccc1N1CCN(CCCCNC(=O)c2ccc(OCCOCCF)cc2)CC1.O=C(O)C(=O)O,7.68,2.5479000000000003
O=C(N[C@H]1CC[C@H](CCN2CCN(c3nsc4ccccc34)CC2)CC1)c1cc2cc([N+](=O)[O-])ccc2[nH]1,7.67,5.1867000000000045
CCN1CCN(c2cc(-c3ccc(F)cc3)c3c(n2)CCC[C@H](O)CC3)CC1,7.67,3.6594000000000024
O=C(NCCCCN1CCN(c2ccccc2OCCF)CC1)c1ccc(CCF)cc1.O=C(O)C(=O)O,7.67,3.0347
C=CCN1CC[C@H](OCCCN)[C@H]1CNC(=O)c1cc(CCCF)cc(OC)c1OC,7.67,2.330000000000001
C=CCN1CCC[C@H]1CNC(=O)c1cc(CCCSC2CC(=O)N(CCCCCC(=O)NCC(=O)N[C@@H](CCCNC(=N)N)C(=O)N[C@@H](CCCCN)C(=O)N[C@@H](CCCCN)C(=O)N[C@@H](CCCNC(=N)N)C(=O)N[C@@H](CCCNC(=N)N)C(=O)N[C@@H](CCC(N)=O)C(=O)N[C@@H](CCCNC(=N)N)C(=O)N[C@@H](CCCNC(=N)N)C(=O)N[C@@H](CCCNC(=N)N)C(=O)N3CCC[C@H]3C(=O)N3CCC[C@H]3C(=O)N[C@@H](CCC(N)=O)C(=O)O)C2=O)cc(OC)c1OC,7.67,-8.162879999999902
CN1CCN(C2=Nc3ccccc3Nc3sc(CO)cc32)CC1,7.66,2.623100000000001
COc1ccccc1N1CCN(CCCCCC(=O)N2CCc3ccccc3C2)CC1,7.66,3.962500000000003
COc1cc(CN2CCN(c3ccccc3OC)CC2)ccc1OCCCc1cn(CCCCCCCCn2cc(CCCOc3ccc(CN4CCN(c5ccccc5OC)CC4)cc3OC)nn2)nn1,7.66,8.612400000000008
COc1ccc(-c2cc(N3CCN(C)CC3)nc3c2ccn3S(=O)(=O)CC(C)C)cc1,7.66,3.297600000000002
Cc1nc2ccc(OCCCN3CCN(c4cccc(C(F)(F)F)c4)CC3)cc2c(=O)n1C,7.66,3.8518200000000027
Clc1cccc(OCCNCCCOc2ccccc2)c1,7.66,3.7775000000000016
O=S(=O)(c1cncc2ccccc12)N1CCC[C@@H]1CCN1CCN(c2cccc3c2OCCO3)CC1,7.66,3.371400000000002
CCCN(CCN1CCN(c2nccc3ccccc23)CC1)C1CCc2ccc(O)cc2C1,7.66,4.331900000000004
CCS(=O)(=O)Nc1cccc(N2CCN(CCCCN3C(=O)C4CCCN4C3=O)CC2)c1.Cl,7.66,2.1988000000000008
CCCN(CCCCN1CCN(c2ccccc2)CC1)C1CCc2cc(O)c(O)cc2C1,7.66,4.269500000000005
OC1(c2ccc(Cl)cc2)CCN(CCCCCc2ccc(F)cc2)CC1,7.66,5.175500000000005
O=C1NCN(c2ccccc2)C12CCN(CCCCc1c[nH]c3ccccc13)CC2,7.66,3.919100000000002
OC1(c2ccc(Cl)cc2)CC2CCC(C1)N2CCCOc1ccc(F)cc1,7.66,4.762600000000004
O=C(NC/C=C/CN1CCN(c2cccc(Cl)c2Cl)CC1)c1cccc([N+](=O)[O-])c1,7.66,4.009800000000003
CCCN(Cc1ccc(OC)cc1)[C@@H]1CCc2c(cccc2OC)C1,7.66,4.473300000000004
N#Cc1cccc([C@@H]2CCCN(CCc3ccccc3)C2)c1,7.66,3.980380000000003
Cn1c(=O)cnn(CCCCN2CCN(c3cccc4ccc(O[11CH3])cc34)CC2)c1=O,7.66,1.7062
O=C(N[C@H]1CC[C@H](CCN2CCC(c3coc4ccccc34)CC2)CC1)c1ccc(-c2ccccc2)cc1,7.66,7.658100000000008
O=S(=O)(NCCCCN1CCC(c2noc3cc(F)ccc23)CC1)c1csc2ccccc12,7.66,5.119700000000004
CC(C)(C)c1nc(N2CCN(CCCCNC(=O)c3cn4nc(Cl)ccc4n3)CC2)cc(C(F)(F)F)n1,7.66,3.821200000000002
Cc1cc2c(cc1OCCCN1CCN(c3cccc4ccccc34)CC1)C(=O)NC2,7.66,3.9827200000000023
COc1ccccc1N1CCN(CCCCN2CCc3cc(C#N)ccc3C2=O)CC1,7.66,3.167580000000002
CCCn1c(=O)n2c3c(cccc31)C[C@@H](N(C)CCCCNC(=O)c1cc3ccccc3[nH]1)C2,7.66,3.761000000000002
OC1(c2ccc(Cl)cc2)C[C@H]2CC[C@@H](C1)N2CCCOc1ccc(F)cc1,7.66,4.762600000000004
N#Cc1ccc2[nH]cc(CCCN3CCN(c4cccc5sccc45)CC3)c2c1,7.66,5.009080000000004
COc1ccccc1N1CCN(CCCCNC(=O)c2cc3cc(OCCOCCF)ccc3[nH]2)CC1.O=C(O)C(=O)O,7.66,3.0292000000000003
O=C(NC1CCc2ccc(CCN3CCN(c4nsc5ccccc45)CC3)cc21)c1ccccc1,7.66,5.078300000000005
COc1ccccc1N1CCN(CCCNC(=O)NN(Cc2ccccc2F)c2ccc(Br)cc2)CC1,7.66,5.029900000000004
CC(=O)NC1CCc2ccc(CCN3CCN(c4nsc5ccccc45)CC3)cc21,7.66,3.7844000000000033
Nc1nc2c(s1)CCN(CCCCN1CCN(c3cccc(Cl)c3Cl)CC1)CC2,7.65,4.0351000000000035
C=CCN1C[C@H](OC(=O)Nc2ccc(-c3ccccn3)cc2)C[C@H]1CNC(=O)c1cc(CCCF)cc(OC)c1OC,7.65,5.275300000000005
O=C1NCc2ccc(OCCCCN3CCN(c4cccc5ccccc45)CC3)c(F)c21,7.65,4.203500000000004
O=C1NCc2ccc(OCCCCN3CCN(c4cccc5c4COCC5)CC3)cc21,7.65,2.983900000000001
COc1ccccc1N1CCN(CCCCNC(=O)/C=C/c2ccc(Cl)cc2)CC1,7.65,4.080400000000004
C[C@@H](O)[C@@H]1NC(=O)[C@H](CCCCN)NC(=O)[C@@H](Cc2c[nH]c3ccccc23)NC(=O)[C@H](Cc2ccncc2)NC(=O)[C@H](Cc2ccccc2)NC(=O)[C@H](CCCNC(=N)N)NC(=O)[C@H](NC[C@H](CCCCNC(=O)C[S+]([O-])C[C@@H]2C[C@@H]3c4cccc5[nH]cc(c45)C[C@H]3N(C)C2)NC(=O)C[S+]([O-])C[C@@H]2C[C@@H]3c4cccc5[nH]cc(c45)C[C@H]3N(C)C2)CCCCNC(=O)[C@H](Cc2ccc(O)cc2)NC1=O,7.65,3.5157699999999794
COc1ccccc1N1CCN(CCCCNC(=O)/C=C/c2ccc(Cl)cc2)CC1.O=C(O)C(=O)O,7.65,3.2360000000000007
CC(C)Oc1ccccc1N1CCN(C[C@@H](O)CNC(=O)c2ccc3c(c2)C(=O)N(c2ccc(N(C)C)cc2)C3=O)CC1,7.64,3.253300000000002
C#Cc1cccc(C(=O)NCCCCCN2CCN(c3cccc(Cl)c3Cl)CC2)c1,7.64,4.6970000000000045
O=S(=O)(c1cncc2ccccc12)N1CCCC[C@@H]1CCN1CCN(c2cccc3sccc23)CC1,7.64,5.205000000000005
Fc1ccc(-c2cncc(CN3CCN(c4ccccc4)CC3)c2)cc1,7.64,4.209900000000003
C=CCN1CCC[C@H]1CNC(=O)c1cc(Br)ccc1OC,7.64,2.837900000000001
COc1ccc2c(c1)CCN(C)CCc1c([nH]c3ccccc13)C2,7.64,3.7977000000000025
CN(C)C(=O)C(CCNCCCCN1CCN(c2cccc(Cl)c2Cl)CC1)(c1ccccc1)c1ccccc1,7.64,5.949800000000006
COc1ccccc1N1CCN(CCCCNC(=O)c2cc3ccccc3oc2=O)CC1,7.64,3.1338000000000017
CN1CCN(C2=Nc3ccccc3Sc3ccc(OS(=O)(=O)C(F)(F)F)cc32)CC1,7.64,3.705300000000003
COc1ccccc1N1CCN(CCCNC(=O)NN(Cc2ccccc2)c2ccc(Cl)cc2)CC1,7.64,4.781700000000003
O=S(=O)(NCCN1CC=C(c2c[nH]c3ccc(Cl)cc23)CC1)c1cccc(Cl)c1,7.64,4.542300000000003
O=S(=O)(N[C@H]1CC[C@H](N2CCC(c3ccccc3OCC(F)(F)F)CC2)CC1)c1ccc2c(c1)OCCO2,7.64,4.868000000000004
O=S(=O)(NCCCN1CCC(c2noc3cc(F)ccc23)CC1)c1ccc2cc(Cl)ccc2c1,7.64,5.321500000000005
COc1c(C(=O)N[C@@H]2CCN(Cc3ccccc3)C2)cc(I)c2ccccc12,7.64,4.457300000000004
Cc1ccc(CN2CCC(CC(=O)N3c4ccccc4CC3C)CC2)cc1F,7.64,4.714020000000005
Cn1c(=O)c2c(nc3n(CCCCN4CCN(c5ccc(Cl)cc5)CC4)c(-c4ccccc4)cn23)n(C)c1=O,7.64,3.609200000000002
CCN1C(=O)c2ccccc2[S@+]([O-])c2ccc(C(=O)NCc3ccc(C#N)cc3)cc21,7.64,3.635080000000002
O=C(N[C@H]1CC[C@H](CCN2CCC(c3coc4ccccc34)CC2)CC1)C1CC1,7.64,5.087300000000005
COc1ccccc1N1CCN(CCCCNC(=O)/C=C/c2ccc(Cl)c(Cl)c2)CC1.O=C(O)C(=O)O,7.64,3.889400000000002
O=C1CCc2ccc(OCCCN3CCN(c4cccc5c4ccn5S(=O)(=O)c4ccccc4)CC3)cc2N1,7.64,4.354100000000003
O=C(NC/C=C/CN1CCN(c2cccc(Cl)c2Cl)CC1)c1ccc(-c2cccc[n+]2[O-])cc1,7.64,4.402000000000004
Nc1ccccc1C(=O)CCCN1CC[C@H]2[C@@H](C1)c1cccc3c1N2CCO3,7.64,3.302200000000002
CCCN(CCCCNC(=O)/N=N/c1ccc(F)cc1)C1Cc2ccccc2C1,7.64,5.278600000000004
COc1ccccc1N1CCN(CCCCn2cc(-c3ccc4ccccc4c3)nn2)CC1,7.63,4.709300000000004
COc1cccc2[nH]cc(CN3CCC(n4c(=O)[nH]c5ccccc54)CC3)c12.O=C(O)C(=O)O,7.63,2.8122
CC(=O)N[C@H]1CC[C@H](CCN2CCc3ccc(C#N)cc3C2)CC1,7.63,3.001380000000002
Cn1c(=O)[nH]c2ccc(CCN3CCN(c4cccc5sccc45)CC3)cc21,7.63,3.4460000000000024
O=C(NC/C=C/CN1CCN(c2cccc(Cl)c2Cl)CC1)c1ccc(-c2cccc(=O)[nH]2)cc1,7.63,4.456900000000004
C[C@@H](O)[C@@H]1NC(=O)[C@H](CCCCN)NC(=O)[C@@H](Cc2c[nH]c3ccccc23)NC(=O)[C@H](Cc2ccccc2)NC(=O)[C@H](Cc2ccccc2)NC(=O)[C@H](CCCNC(=N)N)NC(=O)[C@H](NC[C@H](Cc2ccc(O)cc2)NC(=O)CSC[C@@H]2C[C@@H]3c4cccc5[nH]cc(c45)C[C@H]3N(C)C2)CCCCNC(=O)[C@H](Cc2ccccc2)NC1=O,7.62,4.171269999999994
O=C1NCN(c2ccccc2)C12CCN(CCCCc1nc3ccccc3s1)CC2,7.62,4.047500000000003
CSc1ccc(C2(O)CCN(Cc3c[nH]c4ccccc34)CC2)cc1,7.62,4.373400000000003
O=S(=O)(NC1CCN(CCOc2ccccc2-c2ccccc2)C1)c1ccc(F)c(F)c1,7.62,4.063400000000003
CC(C)Oc1ccccc1N1CCN([C@H]2CC[C@@H](NS(=O)(=O)Cc3ccccc3)CC2)CC1,7.62,4.026600000000004
COc1ccccc1N1CCN(CCCCNC(=O)c2cc3cc(OCCF)ccc3[nH]2)CC1.O=C(O)C(=O)O,7.62,3.0126
COc1ccccc1N1CCN(CCCCNC(=O)/C=C/c2ccc(Br)cc2)CC1.O=C(O)C(=O)O,7.62,3.3451000000000013
c1ccc2c(N3CCN(CCc4ccc5[nH]nnc5c4)CC3)cccc2c1,7.62,3.475800000000002
Cl.O=C1Cc2c(ccc3c2OC[C@H](CNCCC2CCc4[nH]c5ccc(F)cc5c4C2)O3)N1,7.62,4.148000000000002
O=S(=O)(c1cccc2ncccc12)N1CC[C@@H]1CCN1CCN(c2cccc3sccc23)CC1,7.62,4.424800000000004
Clc1cccc2[nH]cc(CCCN3CCN(c4cccc5c4OCCO5)CC3)c12,7.62,4.347300000000003
O=Cc1cnn2cccc(OCCCCN3CCN(c4cccc(Cl)c4Cl)CC3)c12,7.62,4.4348000000000045
CC(C)CCN1CCN2c3cccc4[nH]cc(c34)CC2C1,7.62,3.2607000000000017
COc1ccccc1N1CCN(CCCNC(=O)NN(Cc2ccccc2)c2ccc(Cl)cc2Cl)CC1,7.62,5.435100000000005
C=CCN1CCC[C@H]1CNC(=O)c1cc(CCCSC2CC(=O)N(CCCCCC(=O)NCCCOCCOCCOCCC(=O)N[C@@H](Cc3cnc[nH]3)C(=O)N[C@@H](C)C(=O)N[C@H](C(=O)N[C@@H](Cc3ccc(O)cc3)C(=O)N3CCC[C@H]3C(=O)N[C@@H](CCCNC(=N)N)C(=O)N[C@@H](Cc3cnc[nH]3)C(=O)O)[C@@H](C)CC)C2=O)cc(OC)c1OC,7.62,1.577469999999973
O=C1Cc2c(ccc3c2OC[C@H](CNCCC2CCc4[nH]c5ccc(F)cc5c4C2)O3)N1,7.62,3.7262000000000013
O=C(NC1CCN(CCOc2ccccc2-c2ccccc2)C1)c1ccc2ccccc2n1,7.62,4.784900000000004
Cc1ccc2sc(S(=O)(=O)N[C@H]3CCN(CCCc4noc5ccccc45)C3)cc2c1,7.62,4.336320000000004
COC(=O)c1ccc(CCc2nc3ccccc3n2Cc2ccc(Cl)cc2)cc1,7.62,5.3098000000000045
O=C1CCc2cc(CCCCN3CCN(c4cccc5sccc45)CC3)ccc2N1,7.62,4.930900000000004
COc1ccccc1N1CCN(Cc2ccc3cccccc2-3)CC1,7.62,4.122200000000004
CCC[C@@H]1CN(Cc2ccccc2)C[C@H]1CNC(=O)c1cc(Cl)c(NC)cc1OC,7.62,4.668400000000004
Cn1c(=O)c2c(nc3n(CCCCCN4CCN(c5ccccc5O)CC4)c(-c4ccccc4)cn23)n(C)c1=O,7.62,3.0515000000000008
CN[C@@H]1Cc2cccc3c2n(c(=O)n3CCCCCCCCCCOCCCCc2ccccc2)C1,7.62,6.107400000000007
CCCCn1cc(CCCOc2ccc(C(=O)NCCCCN(CCC)CCc3ccc(O)c4[nH]c(=O)ccc34)cc2OC)nn1,7.62,5.110200000000006
COc1ccccc1N1CCN(CCCCCc2cn(-c3ccc(F)cc3)nn2)CC1,7.62,3.950000000000003
CN1CCc2ccc3c4c2[C@H]1Cc1cccc(c1-4)[C@H]3O,7.62,2.8338000000000014
O=C1c2ccccc2S(=O)(=O)N1CCCCCCN1CCN(c2ccccc2F)CC1,7.62,3.352800000000002
CCN(C)C(=O)N[C@H]1CC[C@H](CCN2CCc3ccc(Cl)cc3[C@@H](C)C2)CC1,7.62,4.911800000000005
O=C(NCCCCN1CCN(c2cccc(Cl)c2Cl)CC1)c1ccc(-c2ccccn2)cc1,7.61,5.387600000000004
COc1ccc2c(c1)CCCN(C)CCc1ccccc1C2,7.61,3.706500000000003
Oc1ccc2c(c1)CC(N(CCc1cccs1)CCN1CCN(c3ccccc3)CC1)CC2,7.61,4.677900000000005
Fc1ccc2cccc(N3CCN(CCCOc4ccc5c(c4)CNC5)CC3)c2c1,7.61,4.173200000000003
Cn1cnc2ccc(OCCCCN3CCN(c4cccc(C(F)(F)F)c4)CC3)cc2c1=O,7.61,3.933500000000003
CCCN[C@@H]1Cc2cccc3c2n(c(=O)n3CCCCOCCCCc2ccccc2)C1,7.61,4.547000000000004
CCO[C@@]1(CC)c2cccc3c2-c2c1ccc1c2[C@@H](C3)N(C)CC1,7.61,4.442200000000004
O=C1NCc2cc(Cl)c(OCCCN3CCN(c4cccc5cccc(F)c45)CC3)cc21,7.61,4.466800000000004
Cl.O=C(CCCN1CCC2(CCc3ccccc3C2=O)CC1)c1ccc(F)cc1,7.6,5.121700000000006
CC1(C)Cc2cccc(OCCNCC3(F)CCN(C(=O)c4ccc(F)c(Cl)c4)CC3)c2O1,7.6,4.805500000000004
CCCN(CCCCNC(=O)c1ccc(-c2ccccc2)cc1)C1CCc2c(O)cccc2C1,7.6,5.838700000000007
COc1ccccc1N1CCN(CCCCNC(=O)c2cc3ccccc3s2)CC1,7.6,4.242100000000003
CC(=O)Nc1ccc(CN2CC3COc4ccc(C#N)cc4C3C2)cc1,7.6,3.1246800000000015
CC1CCN(C(=O)C2CCCCC2)c2c(CCN3CCN(c4nsc5ccccc45)CC3)cccc21,7.6,6.081500000000007
CCN1CCCC1c1ccc(-c2cc(S(=O)(=O)CC)ccc2OC)[nH]1,7.6,3.6407000000000025
C=CCN1CC[C@@H]2c3c(O)cccc3CC[C@H]21,7.6,2.6823000000000015
N#Cc1ccc2c(c1)[C@H]1CN(Cc3ccc(F)cc3)C[C@@H]1CO2,7.6,3.3053800000000013
O=C(NCCCCN1CCC[C@H]2c3cccc(O)c3CC[C@@H]21)c1ccc(-c2ccccc2)cc1,7.6,5.7636000000000065
C[C@@H](O)[C@@H]1NC(=O)[C@H](CCCCN)NC(=O)[C@@H](Cc2c[nH]c3ccccc23)NC(=O)[C@H](Cc2ccccc2)NC(=O)[C@H](Cc2ccccc2)NC(=O)[C@H](CCCNC(=N)N)NC(=O)[C@H](NC(=O)[C@@H](Cc2ccc(O)cc2)NC(=O)CSC[C@@H]2C[C@@H]3c4cccc5[nH]cc(c45)C[C@H]3N(C)C2)CCCCNC(=O)[C@H](Cc2ccccc2)NC1=O,7.6,3.697869999999991
CCN(CC)CCN1CCN(c2cccc(Cl)c2)C1=O,7.6,2.923800000000001
COc1cccc(C2CCCN(CCN3CCN(c4cccc(Cl)c4)C3=O)C2)c1,7.6,4.470200000000005
O=C1N(CCN2C[C@@H]3CC[C@H]2Cc2ccccc2C3)CCN1c1cccc(Cl)c1,7.6,4.461400000000004
O=C1N(CCN2C[C@H]3CC[C@H](CC3)C2)CCN1c1cccc(Cl)c1,7.6,3.7040000000000024
CC(C)S(=O)(=O)n1ccc2c(-c3ccc(C(F)(F)F)cc3)cc(N3CCN(C)CC3)nc21,7.6,4.060200000000004
Fc1ccc(-c2cncc(CN3CCN(c4ccccc4F)CC3)c2)cc1,7.6,4.349000000000004
C=CCN1CCC[C@H]1CNC(=O)c1cc(CCCSC2CC(=O)N(CCCCCC(=O)NCCOCCOCCOCCOCCOCCOCCOCCOCCOCCOCCOCCOCCC(=O)N[C@@H](Cc3cnc[nH]3)C(=O)N[C@@H](C)C(=O)N[C@H](C(=O)N[C@@H](Cc3ccc(O)cc3)C(=O)N3CCC[C@H]3C(=O)N[C@@H](CCCNC(=N)N)C(=O)N[C@@H](Cc3cnc[nH]3)C(=O)O)[C@@H](C)CC)C2=O)cc(OC)c1OC,7.6,1.3367699999999958
CS(=O)(=O)Nc1ccc(CCN2CC3COc4ccc(C#N)cc4C3C2)cc1,7.6,2.580280000000001
Fc1ccc2c(c1)C1CN(Cc3ccccc3)CC1CO2,7.6,3.4337000000000018
O=c1[nH]c2ccc(OCCCN3CCN(c4cccc(Cl)c4Cl)CC3)cc2[nH]1,7.6,3.754100000000002
O=C(CCCCN1CCC2(CC1)C(=O)NCN2c1ccccc1)c1nc2ccccc2s1,7.6,4.0778000000000025
Clc1cccc(N2CCN(CCCCOc3cccn4nccc34)CC2)c1Cl,7.6,4.622300000000004
CO/N=C(\CCN1CCC(c2ccccn2)CC1)c1ccc(Cl)cc1,7.6,4.3552000000000035
COc1ccccc1N1CCN(CCCCNC(=O)c2ccc(-c3ccc(S(C)(=O)=O)cc3)cc2)CC1,7.6,4.097900000000003
O=S(=O)(NCCCCN1CCC(c2noc3cc(F)ccc23)CC1)c1cccc2scnc12,7.6,4.514700000000004
CCN(Cc1ccc(-c2cc(S(=O)(=O)CC)ccc2OC)[nH]1)[C@@H](C)c1ccccc1,7.6,5.067000000000005
O=C1c2ccccc2C(=O)N1CCCCCCCN1CC=C(c2c[nH]c3ccc(F)cc23)CC1,7.6,5.642800000000006
CC(C)c1ccccc1OCCN1CC[C@H](NS(=O)(=O)c2ccc(Cl)s2)C1,7.6,3.956500000000003
CC(C)c1ccccc1OCCN1CCC(NS(=O)(=O)c2cccc(Cl)c2)C1,7.6,3.8950000000000022
CCS(=O)(=O)c1ccc(OC)c(-c2ccc(CN3CCCCC[C@@H]3c3ccccc3)[nH]2)c1,7.6,5.601200000000006
C[C@H]1CN(CC[C@H]2CC[C@H](NC(=O)[C@@H]3CCCN3)CC2)CCc2ccc(Cl)cc21,7.6,4.118700000000003
Cc1nc2ccc(CCN3CCN(c4cccc5sccc45)CC3)cc2c(=O)[nH]1,7.6,3.810920000000002
CC(=O)N[C@H]1CC[C@H](CCN2CCN(c3nsc4ccccc34)CC2)CC1,7.6,3.503300000000003
CCc1cc(Cl)c(OC)c(C(=O)NC[C@@H]2CCCN2CCCCOc2ccc3c(c2)NC(=O)CC3)c1O,7.6,4.554700000000004
O=C(CCCCCCCCCCCCCCCCCCC(=O)OC1(c2ccc(Cl)cc2)CCN(CCCC(=O)c2ccc(F)cc2)CC1)OC1(c2ccc(Cl)cc2)CCN(CCCC(=O)c2ccc(F)cc2)CC1,7.6,15.988399999999961
CCS(=O)(=O)c1ccc(OC)c(-c2ccc(CN3CCCCCC3c3ccc(C)cc3)[nH]2)c1,7.6,5.909620000000006
N#Cc1ccc2c(c1)C1CN(Cc3ccccc3)CC1CO2,7.6,3.1662800000000013
CCS(=O)(=O)c1ccc(OC)c(-c2ccc(CN3CCCCCC3c3ccc(OC)cc3)[nH]2)c1,7.6,5.609800000000005
COc1ccccc1N1CCN(CCCCNC(=O)c2ccc(COCCOCCOCCOCCOCCOCCOCc3ccc(C(=O)NCCCCN4CCN(c5ccccc5OC)CC4)cc3)cc2)CC1,7.6,6.184600000000012
c1cnc(N[C@H]2CC[C@H](CCN3CCN(c4cccnc4)CC3)CC2)nc1,7.6,3.0546000000000015
C#CCN(CCCCN1CCN(c2ccccc2)CC1)C1CCc2ccc(O)cc2C1,7.6,3.7871000000000024
COc1ccc(N2CCN(CCCCOc3ccc4c(c3)NC(=O)CC4)CC2)c(OC)c1.O=C(O)C(=O)O,7.6,2.7253
O=C1c2ccccc2C(=O)N1CCCCCN1CC=C(c2c[nH]c3ccccc23)CC1,7.6,4.723500000000004
Oc1ccc(N2CCN(CCCCOc3ccn4nccc4c3)CC2)c2cccnc12,7.6,3.569300000000003
Cc1cccc2c1C(=O)N(CCCCCN1CC=C(c3c[nH]c4ccc(F)cc34)CC1)C2=O,7.6,5.171020000000005
O=C1c2cccc(F)c2C(=O)N1CCCCCN1CC=C(c2c[nH]c3ccccc23)CC1,7.6,4.862600000000004
CC(C)(C)c1nc(N2CCN(CCCCn3ccc(O)cc3=O)CC2)cc(C(F)(F)F)n1,7.59,3.2626000000000017
C[C@@H](O)[C@@H]1NC(=O)[C@H](CCCCN)NC(=O)[C@@H](Cc2c[nH]c3ccccc23)NC(=O)[C@H](Cc2ccccc2)NC(=O)[C@H](Cc2ccccc2)NC(=O)[C@H](CCCNC(=N)N)NC(=O)[C@H](NCCSC[C@@H]2C[C@@H]3c4cccc5[nH]cc(c45)C[C@H]3N(C)C2)CCCCNC(=O)[C@H](Cc2cc(F)cc(F)c2)NC1=O,7.59,4.01637
COc1ccc(F)cc1C1CC1CNCCCOc1ccc2ccc(=O)[nH]c2c1,7.59,3.838000000000002
CC#CC(=O)N[C@H]1CC[C@H](CCN2CCC(c3coc4ccccc34)CC2)CC1,7.59,4.700600000000005
C1=C(c2c[nH]c3ccccc23)CCN(Cc2ccccc2)C1,7.59,4.457200000000003
Cc1ncoc1-c1nnc(SCCCN2CC[C@]3(C[C@@H]3c3ccc(C(F)(F)F)cc3F)C2)n1C,7.59,5.298220000000005
O=C(N[C@H]1CC[C@H](CCN2CCC(c3coc4ccccc34)CC2)CC1)c1ccc(Cl)cc1,7.59,6.644500000000007
Cn1c(=O)c2cc(OCCCN3CCN(c4cccc5sccc45)CC3)ccc2n(C)c1=O,7.59,3.043000000000001
COc1ccccc1N1CCN(CCCCNC(=O)c2ccc(C(C)(C)C)cc2)CC1,7.58,4.324900000000004
CCCN(CCC)[C@@H]1CCc2c(F)cccc2C1,7.58,3.8050000000000033
C=CCN1CCC[C@H]1CNC(=O)c1cc(CCCSC2CC(=O)N(CCCCCC(=O)NCCOCCOCCOCCOCCC(=O)N[C@H](C(=O)N[C@@H](Cc3ccccc3)C(=O)N[C@@H](Cc3ccccc3)C(=O)N[C@@H](Cc3ccc(O)cc3)C(=O)NCC(=O)NCC(=O)N[C@@H](CO)C(=O)N[C@@H](CCCNC(=N)N)C(=O)NCC(=O)N[C@@H](CCCCNC(=O)CN3CCN(CC(=O)O)CCN(CC(=O)O)CCN(CC(=O)O)CC3)C(=O)N[C@@H](CCCNC(=N)N)C(=O)N[C@@H](CC(N)=O)C(=O)N[C@@H](CC(N)=O)C(=O)N[C@@H](Cc3ccccc3)C(=O)N[C@@H](CCCCN)C(=O)N[C@H](C(=O)N[C@@H](CCC(=O)O)C(=O)N[C@@H](CCC(=O)O)C(=O)N[C@@H](Cc3ccc(O)cc3)C(=O)O)[C@@H](C)O)[C@@H](C)O)C2=O)cc(OC)c1OC,7.58,-10.523160000000065
CN1CCc2cc(Cl)c(O)cc2[C@H]2c3cc(CN4CCCCC4)ccc3CC[C@@H]21,7.58,4.966100000000004
OC1(c2cccc(Cl)c2Cl)CCN(Cc2c[nH]c3ccccc23)CC1,7.58,4.958300000000004
CN1CCc2ccc3c4c2[C@H]1Cc1cccc(c1-4)[C@]3(C)O,7.58,3.0079000000000025
CCCN(CCN1CCN(c2ccccc2)CC1)[C@@H]1CCc2c(O)cccc2C1,7.58,3.783700000000003
Cc1ccc(CN2CCN(C3CCc4cccc5c4N(C3=O)C(C)C5)CC2)cc1,7.58,3.4052200000000026
O=C1c2ccccc2S(=O)(=O)N1CCCCN1CCN(c2cccc(Cl)c2Cl)CC1,7.58,3.740300000000003
CCCN(CCN1CCN(c2ccccc2)CC1)[C@H]1CCc2c(O)cccc2C1,7.58,3.783700000000003
COc1ccccc1N1CCN(CCCNC(=O)NN(Cc2ccccc2F)c2ccc(Cl)cc2)CC1,7.58,4.920800000000004
O=c1[nH]c2ccc(OCCN3CCN(c4cccc(C(F)(F)F)c4)CC3)cc2[nH]1,7.58,3.0760000000000014
CCNC(=O)Nc1cc(F)ccc1C(=O)CCCN1CC[C@H]2[C@@H](C1)c1cccc3c1N2CCCS3,7.58,5.103900000000006
c1cnc(N2CCN(CCCCc3nc4ccccc4s3)CC2)nc1,7.58,3.231200000000002
CCc1c(-c2ccccc2)nc(O)n1C1CCN(Cc2ccccc2)CC1,7.58,4.655200000000003
COc1ccccc1N1CCN(CCCCCC(=O)NC2CCCc3ccccc32)CC1,7.58,4.571400000000004
CCCN(CCN1CCN(c2ccccc2)CC1)C1CCc2c(O)cccc2C1,7.58,3.783700000000003
COc1ccccc1N1CCN(CCCCCc2cn(-c3ccc(SC)cc3)nn2)CC1,7.58,4.5328000000000035
COc1ccccc1OCCNC[C@@H](O)COc1cccc2[nH]c3ccccc3c12,7.58,3.738000000000002
O=C(NCCCCN1CCN(c2ccccc2F)CC1)c1n[nH]c2ccccc12,7.58,3.0342000000000002
CCCN1CCC(c2csc3ccccc23)CC1,7.58,4.490700000000004
O=S(=O)(NCCCN1CCN(c2nsc3ccccc23)CC1)c1cnc2ccccn12,7.58,2.4346000000000005
O=C(N[C@H]1CC[C@H](CCN2CCN(c3nsc4cc([N+](=O)[O-])ccc34)CC2)CC1)c1ccco1,7.58,4.2984000000000036
O=S(=O)(NCCCCN1CCC(c2noc3cc(F)ccc23)CC1)c1ccc(F)c(Cl)c1,7.58,4.697500000000004
O=C(Cc1ccccc1)NC1CCc2ccc(CCN3CCN(c4nsc5ccccc45)CC3)cc21,7.58,5.007200000000005
COCC(C)(C)C(=O)NCCN1CC=C(c2cccc(C)n2)CC1,7.58,2.2679199999999993
CC1Cc2ccccc2N1C(=O)NCCCCN(C)[C@H]1Cc2cccc3[nH]c(=O)n(c23)C1,7.57,3.1271000000000013
COc1ccccc1N1CCN(CCCCNC(=O)c2ccc(OCCF)cc2)CC1.O=C(O)C(=O)O,7.57,2.5312999999999994
O=S(=O)(NCCCN1CCN(c2nsc3ccccc23)CC1)c1ccc(OC(F)(F)F)cc1,7.57,3.685500000000003
COc1ccccc1C1CCN(CNC(=O)c2cccc(C)c2)CC1,7.57,3.570520000000002
O=S(=O)(NCCCCCCN1CCN(c2nsc3ccccc23)CC1)c1ccc2ccccc2c1,7.57,5.110400000000005
O=S(=O)(NCCCCN1CCN(c2nsc3ccccc23)CC1)c1ccc(Cl)c(Cl)c1,7.57,4.483800000000004
CC(=O)NCc1ccc2c(c1)[C@H](N1CCN(C)CC1)Cc1ccccc1S2,7.57,3.318500000000002
O=S(=O)(NCCCN1CCC(c2noc3cc(F)ccc23)CC1)c1cc2ccc(Cl)cc2s1,7.57,5.3830000000000044
c1cc(N2CCN(CCc3ccc4ncsc4c3)CC2)c2ccsc2c1,7.57,4.875700000000005
Cc1cccc(N2CCN(CCCCn3c(C)cn4c5c(=O)n(C)c(=O)n(C)c5nc34)CC2)c1C,7.57,2.21406
CCCN(CCC)C1Cc2cc3nc(N)sc3cc2C1,7.57,3.4677000000000016
Cc1cccc(C2CCN(CCNC(=O)C3CCCO3)CC2)n1,7.57,1.86462
COc1ccccc1N1CCN(CCCCNC(=O)c2ccc(-n3ccnc3)cc2)CC1,7.57,3.2131000000000016
CN1C(=O)COc2ccc(CCN3CCN(c4cccc5sccc45)CC3)cc21,7.57,3.6212000000000026
CCCN1CCC(c2c[nH]c3cc(F)ccc23)CC1,7.57,3.8964000000000025
O=C1c2ccccc2S(=O)(=O)N1CCCCCCN1CCN(c2ccccc2C(F)(F)F)CC1,7.57,4.232500000000004
CN1CCC(c2cn(-c3ccc(F)cc3)c3ccc(-c4ccncc4)cc23)CC1,7.57,5.640800000000006
CCCC(=O)NC1CCc2ccc(CCN3CCN(c4nsc5ccccc45)CC3)cc21,7.57,4.564600000000004
COc1cccc(CN2CC=C(c3c[nH]c4ccccc34)CC2)c1,7.57,4.465800000000003
CCOc1ccccc1N1CCN(CCCCCCN2C(=O)c3cccc4cccc(c34)C2=O)CC1,7.57,5.217100000000006
CN(C)C(=O)N[C@H]1CC[C@H](CCN2CCN(c3cccc(C(F)(F)F)n3)CC2)CC1,7.57,3.4425000000000017
CCCN(CCC)C1CCc2ccsc2C1,7.57,3.727400000000003
O=S(=O)(NCCCN1CCN(c2nsc3ccccc23)CC1)c1cccc2scnc12,7.57,3.396600000000002
CC(C)Oc1ccccc1N1CCN([C@H]2CC[C@H](NS(=O)(=O)c3ccc(F)cc3)CC2)CC1,7.57,4.024600000000003
COc1ccccc1N1CCN(CCCCCNC(=O)c2cccc(C#Cc3ccccc3)c2)CC1,7.57,4.817300000000005
COc1cc2c(cc1O)CN(Cc1ccccc1CNC(=O)c1ccc(I)c(OC)c1)CC2,7.57,4.5023000000000035
COc1ccccc1N1CCN(CCCCNC(=O)c2cc3cc(I)ccc3o2)CC1,7.57,4.378200000000004
Cc1nc2c(O)cccn2c(=O)c1CCN1CCN(c2cccc3sccc23)CC1,7.57,3.2879200000000015
OC1(c2ccc(Cl)cc2)CC2CCC(C1)N2CCCSc1cccc(F)c1,7.57,5.4759000000000055
CCc1cc(Cl)c(OC)c(N2CCN(CCCCNC(=O)c3cc4ccccc4[nH]3)CC2)c1,7.56,4.7245000000000035
C=CCN1CCC[C@H]1CNC(=O)c1cc(CCCSC2CC(=O)N(CCCCCC(=O)N[C@H](C(=O)N[C@@H](Cc3cnc[nH]3)C(=O)N[C@@H](CCCNC(=N)N)C(=O)N3CCC[C@H]3C(=O)N3CCC[C@H]3C(=O)N[C@@H](CCSC)C(=O)N[C@@H](Cc3c[nH]c4ccccc34)C(=O)N[C@@H](CO)C(=O)N3CCC[C@H]3C(=O)N[C@H](C(=O)N[C@@H](Cc3c[nH]c4ccccc34)C(=O)N3CCC[C@H]3C(=O)O)C(C)C)[C@@H](C)O)C2=O)cc(OC)c1OC,7.56,1.8239699999999752
O=C(NCCCCN1CCN(c2ccccc2OCCF)CC1)c1ccc(-c2ccsc2)cc1.O=C(O)C(=O)O,7.56,4.251200000000002
C=CCN1CCC[C@H]1CNC(=O)c1cc(CCCSC2CC(=O)N(CCCCCC(=O)NCCOCCOCCOCCOCCOCCOCCC(=O)N[C@@H](Cc3cnc[nH]3)C(=O)N[C@@H](C)C(=O)N[C@H](C(=O)N[C@@H](Cc3ccc(O)cc3)C(=O)N3CCC[C@H]3C(=O)N[C@@H](CCCNC(=N)N)C(=O)N[C@@H](Cc3cnc[nH]3)C(=O)O)[C@@H](C)CC)C2=O)cc(OC)c1OC,7.56,1.2371699999999624
CCCN(CCN1CCN(c2cccc(Cl)c2Cl)CC1)C1CCc2ccc(O)cc2C1,7.56,5.090500000000006
N#Cc1ccc2nn(CCCCN3CCN(c4cccc5sccc45)CC3)c(=O)n2c1,7.56,3.1847800000000017
O=C1NCc2ccc(OCCCN3CCN(c4cccc5ccc(F)cc45)CC3)cc21,7.56,3.8134000000000023
O=C(O)C(=O)O.OC1(c2ccc(Br)cc2)CCN(Cc2c[nH]c3cccc(OCCF)c23)CC1,7.56,3.917900000000002
COc1ccc(F)cc1C1CC1CNCCCOc1ccc2c(c1)NC(=O)CC2,7.56,3.8812000000000024
COc1ccccc1N1CCN(CCCCNC(=O)c2cc3ccccc3cn2)CC1.O=C(O)C(=O)O,7.56,2.7312000000000003
CCc1cc(Cl)c(OC)c(C(=O)NC[C@@H]2CCCN2CCCCNC(=O)c2cc3ccccc3o2)c1O,7.56,4.767200000000005
CCCN1CCO[C@@H]2c3cc(O)ccc3OC[C@H]21,7.55,1.9364999999999999
O=c1[nH]c2ccc(CCN3CCN(c4cccc(C(F)(F)F)c4)CC3)cc2[nH]c1=O,7.55,2.5999000000000008
O=C(NC/C=C/CN1CCN(c2cccc(Cl)c2Cl)CC1)c1cccc(I)c1,7.55,4.706200000000004
Oc1nc2cc(CCN3CCN(c4cccc(C(F)(F)F)c4)CC3)ccc2[nH]1,7.55,3.652000000000002
O=c1[nH]c2cccc(OCC3CCN(CC4CCc5[nH]c6ccc(F)cc6c5C4)CC3)c2o1,7.55,4.637400000000004
COc1ccc(Cl)cc1CN1CCN(CC(=O)N2c3ccccc3C[C@H]2C)CC1,7.55,3.4440000000000026
Cc1ccc(C(=O)N[C@H]2CC[C@H](CCN3CCC(c4coc5ccccc45)CC3)CC2)cn1,7.55,5.694520000000006
O=C1Cc2cc(CCCCN3CCN(c4cccc5sccc45)CC3)ccc2N1,7.55,4.5408000000000035
Cc1oc(C)c2c1CCCc1cnn(C)c1-2,7.55,2.785640000000001
O=C(CCCN1CCN(c2ccc(Cl)cc2)CC1)c1ccc(F)cc1,7.55,4.264200000000003
O=C(N[C@H]1CC[C@H](CCN2CCC(c3coc4ccccc34)CC2)CC1)C1CC1(F)F,7.55,5.332500000000006
O=C(NCCN1CCC(c2cccc(OC(F)(F)F)n2)CC1)C1CCOCC1,7.55,2.702400000000001
Cl.O=C1[C@@H]2[C@H]3CC[C@H](C3)[C@@H]2C(=O)N1CCCCN1CCN(c2ncccn2)CC1,7.55,1.8316999999999997
CCC[C@H]1CN(Cc2ccccc2)C[C@H]1CNC(=O)c1cc(Cl)c(NC)cc1OC,7.55,4.668400000000004
O=C(NCC(O)CCN1CCN(c2cccc(Cl)c2Cl)CC1)c1ccc(-c2ccccn2)cc1,7.55,4.358400000000004
C=CCN1CCC[C@H]1CNC(=O)c1cc(CCCSC2CC(=O)N(CCCCCC(=O)NCCCC(=O)N[C@@H](Cc3cnc[nH]3)C(=O)N[C@@H](C)C(=O)N[C@H](C(=O)N[C@@H](Cc3ccc(O)cc3)C(=O)N3CCC[C@H]3C(=O)N[C@@H](CCCNC(=N)N)C(=O)N[C@@H](Cc3cnc[nH]3)C(=O)O)[C@@H](C)CC)C2=O)cc(OC)c1OC,7.55,1.527669999999986
O=C1c2ccccc2S(=O)(=O)N1CCCCCCN1CCN(c2ccc(Cl)cc2)CC1,7.55,3.8671000000000033
c1ccc(-n2cc(CN3CCN(c4cc5ccc4CCc4ccc(cc4)CC5)CC3)cn2)cc1,7.55,5.078300000000005
COc1ccccc1N1CCN(CCCCNC(=O)c2ccc(-c3ccccn3)cc2)CC1,7.55,4.089400000000003
Fc1ccc(-c2[nH]c3cc(F)ccc3c2C2CCCNC2)cc1,7.55,4.580100000000003
c1ccc(N2CCN(CC[C@H]3CC[C@@H](Nc4ncccn4)CC3)CC2)cc1,7.55,3.659600000000003
CCc1ccc2c3c1CCN(C)[C@@H]3Cc1ccc(OC)c(OC)c1-2,7.55,4.0183000000000035
CCc1ccc2c(c1)C(C1=C[C@H](C)N(C)CC1)=Nc1cc(Cl)ccc1N2,7.55,5.730600000000004
C1=C(c2ccccc2)CCN(Cc2cnn(-c3ccccc3)c2)C1,7.55,4.161600000000003
CN1CCN([C@@H]2C[C@@H](c3ccccc3)c3ccc(Cl)cc32)CC1(C)C,7.55,4.942700000000005
CN1CCCC(c2c(-c3ccccc3)[nH]c3ccccc23)C1,7.55,4.6441000000000034
COc1ccccc1N1CCN(Cc2cn3cc(C)cc(-c4ccccc4)c3n2)CC1,7.55,4.640520000000004
COc1c(Cl)cccc1N1CCN(CCCCNC(=O)c2cc3ccc2CCc2ccc(cc2)CC3)CC1,7.55,5.564600000000005
COc1ccccc1N1CCN(Cc2ccccc2CNC(=O)c2ccc3ccccc3c2)CC1.O=C(O)C(=O)O,7.55,4.256200000000002
C=CCN1C[C@H](OC(=O)Nc2ccccc2)C[C@H]1CNC(=O)c1cc(CCCF)cc(OC)c1OC,7.54,4.213300000000003
O=C(N[C@H]1CC[C@H](CCN2CCN(c3cccc(Cl)c3Cl)CC2)CC1)c1ccnc2ccccc12,7.54,6.042500000000006
O=S(=O)(c1cncc2ccccc12)N1CC[C@@H]1CCN1CCN(c2cccc3sccc23)CC1,7.54,4.424800000000004
C=CCN1C[C@H](OC(=O)Nc2ccc(-c3ccsc3)cc2)C[C@H]1CNC(=O)c1cc(CCCF)cc(OC)c1OC,7.54,5.941800000000006
Nc1cc(F)ccc1C(=O)CCCN1CC[C@@H]2[C@H](C1)c1cccc3c1N2CCC3,7.54,3.9951000000000034
Cc1cc(C(N)=O)c(-c2cccc(OC(=O)NCCCN3CCN(c4ccccc4)CC3)c2)o1,7.54,3.654620000000003
CC(=O)N1CCC(C)c2cc(F)cc(CCN3CCN(c4noc5ccccc45)CC3)c21,7.54,4.1917000000000035
Nc1cccc(C(=O)NC/C=C/CN2CCN(c3cccc(Cl)c3Cl)CC2)c1,7.54,3.6838000000000024
NC(=O)c1ccccc1OCCCN1CCC(c2cn(Cc3ccccc3)c3ccccc23)CC1,7.54,5.437000000000006
C[C@@H](O)[C@@H]1NC(=O)[C@H](CCCCN)NC(=O)[C@@H](Cc2c[nH]c3ccccc23)NC(=O)[C@H](Cc2ccccc2)NC(=O)[C@H](Cc2ccccc2)NC(=O)[C@H](CCCNC(=N)N)NC(=O)[C@H](NC[C@H](Cc2ccc(O)cc2)NC(=O)CSC[C@@H]2C[C@@H]3c4cccc5[nH]cc(c45)C[C@H]3N(C)C2)CCCCNC(=O)[C@H](Cc2ccc(F)cc2)NC1=O,7.54,4.310369999999994
N#Cc1cccc([C@@H]2CCCN(CCCc3ccccc3)C2)c1,7.54,4.370480000000003
Clc1ccc2c(c1)N=C(N1CCN(Cc3ccc4c(c3)OCCO4)CC1)c1ccccc1N2,7.54,5.064300000000005
O=C(N[C@H]1CC[C@H](CCN2CCC(c3coc4ccccc34)CC2)CC1)c1ccc2c(c1)OCO2,7.54,5.7198000000000055
Br.Cc1cccc(C2CN(C)CCc3c2cc(O)c(O)c3-c2ccc3ccccc3c2)c1,7.54,6.4241200000000065
CCC(C)Cc1cc2c(s1)C[C@H]1c3cc(O)c(OC)cc3CCN1C2,7.54,4.706400000000005
O[C@@]1(c2ccc(Cl)c(Cl)c2)C[C@H]2CC[C@@H](C1)N2Cc1csc2ccccc12,7.53,6.222700000000004
CCCCN1CCN(c2cc(CC)cc(Cl)c2OC)CC1,7.53,3.8331000000000026
O=C(NCCCCN1CCN(c2cccc(Cl)c2Cl)CC1)c1cnc2ccccc2n1,7.53,4.268800000000003
OC1(c2ccc(Cl)cc2)CCN(CC[C@H]2C[C@H]2c2ccc(F)cc2)CC1,7.53,4.956300000000005
O=C(Nc1cccnc1)Nc1cccc(CCN2CCN(c3ccccc3)CC2)c1,7.53,4.090300000000004
OC1(c2ccc(Cl)cc2)CCN(CC/C=C\c2ccc(F)cc2)CC1,7.53,4.866000000000004
COc1cccc2c1CC(CNCCCCN1C(=O)CC3(CCCC3)CC1=O)CO2,7.53,3.3255000000000017
Cn1cc(CN2CCC(O)(c3ccc(Cl)cc3)CC2)c2ccccc21,7.53,4.315300000000003
CN1C(=O)CCc2ccc(CCN3CCN(c4cccc5sccc45)CC3)cc21,7.53,4.175000000000003
CSc1ccccc1N1CCN(CCCCCC(=O)NCc2ccc(OS(C)(=O)=O)cc2)CC1,7.52,3.745700000000003
Clc1cccc(N2CCN(CCCOc3ccc4scnc4c3)CC2)c1Cl,7.52,5.194200000000004
O=C1COc2ccc(CCCCN3CCN(c4cccc5sccc45)CC3)cc2N1,7.52,4.377100000000003
CN1CCN(C2=Nc3cc(Cl)ccc3Nc3ccc(OS(=O)(=O)C(F)(F)F)cc32)CC1,7.52,3.951100000000003
COc1ccc2c(c1OC)-c1c(Br)ccc3c1[C@@H](C2)N(C)CC3,7.52,4.218400000000004
C[C@@H](O)[C@@H]1NC(=O)[C@H](CCCCN)NC(=O)[C@@H](Cc2c[nH]c3ccccc23)NC(=O)[C@H](Cc2ccccc2)NC(=O)[C@H](Cc2ccccc2)NC(=O)[C@H](CCCNC(=N)N)NC(=O)[C@H](NCCSC[C@@H]2C[C@@H]3c4cccc5[nH]cc(c45)C[C@H]3N(C)C2)CCCCNC(=O)[C@H](Cc2cccc(F)c2)NC1=O,7.52,3.8772699999999976
CCOc1cccc2cc(CNCCCCOc3ccc4scnc4c3)oc12,7.52,5.390000000000004
C=CCN1CCC[C@H]1CNC(=O)c1cc(CCCF)ccc1OC,7.52,2.977500000000002
CN(C)C(=O)N[C@H]1CC[C@H](CCN2CCN(c3cccc4c3OCO4)CC2)CC1,7.52,2.7574000000000005
CCCN(CCC)[C@@H]1CCc2cccc(O)c2[C@@H]1C,7.52,3.9325000000000028
N#Cc1cc(N2CCN(CC[C@H]3CC[C@H](NC(N)=O)CC3)CC2)cc(C(F)(F)F)c1,7.52,3.3162800000000017
CCOc1ccccc1N1CCN(CCCCCCN2c3cccc4cccc(c34)S2(=O)=O)CC1,7.52,5.129800000000005
C[C@H]1C[C@H](NS(=O)(=O)c2cc3ccccc3o2)CN1CCCc1noc2cc(F)ccc12,7.52,4.087000000000003
COc1ccc(Cl)cc1[C@@H]1C[C@H]1CNCCCCOc1ccc2ccc(=O)[nH]c2c1,7.52,4.742400000000003
O=S(=O)(NCCCN1CCN(c2noc3ccccc23)CC1)c1cc2ccc(Cl)cc2s1,7.52,4.186500000000003
C=CCN1C[C@H](OC(=O)NCCc2ccccc2)C[C@H]1CNC(=O)c1cc(CCCF)cc(OC)c1OC,7.52,3.933500000000002
COc1ccc(C(=O)NC/C=C/CN2CCN(c3cccc(Cl)c3Cl)CC2)cc1,7.52,4.110200000000003
COc1ccccc1N1CCN(CCCNC(=O)NN(Cc2ccc(F)cc2)c2ccc(F)cc2)CC1,7.52,4.406500000000003
C=CCN1CCC[C@H]1CNC(=O)c1cc(CCCSC2CC(=O)N(CCCCCC(=O)NCCOCCOCC(=O)N[C@@H](Cc3cnc[nH]3)C(=O)N[C@@H](C)C(=O)N[C@H](C(=O)N[C@@H](Cc3ccc(O)cc3)C(=O)N3CCC[C@H]3C(=O)N[C@@H](CCCNC(=N)N)C(=O)N[C@@H](Cc3cnc[nH]3)C(=O)O)[C@@H](C)CC)C2=O)cc(OC)c1OC,7.52,0.7806699999999769
O=S(=O)(c1cncc2ccccc12)N1CCC(CCN2CCN(c3cccc(Cl)c3Cl)CC2)CC1,7.52,5.154600000000006
COc1cc2c(cc1O)Oc1c(O)ccc3c1[C@H](C2)N(C)CC3,7.52,2.9838000000000013
O=S(=O)(NCCCCCCN1CCN(c2nsc3ccccc23)CC1)c1ccccc1,7.51,3.957200000000003
COc1ccccc1N1CCN(Cc2cnn(-c3ccccn3)c2)CC1,7.51,2.5981000000000005
O=C(NC/C=C/CN1CCN(c2cccc(Cl)c2Cl)CC1)c1ccncc1,7.51,3.4966000000000026
CN1CCN(c2nc3ccccc3c(Cl)c2Sc2ccccc2)CC1,7.51,4.791200000000004
COc1ccccc1N1CCN(CCCCc2cn(-c3ccccc3)nn2)CC1,7.51,3.4208000000000025
COc1ccccc1N1CCN(CCCNC(=O)Nc2ccc(F)cc2-c2ccccc2)CC1,7.51,4.835100000000004
CC(C)Oc1ccccc1N1CCN([C@H]2CC[C@H](NS(=O)(=O)c3ccccc3F)CC2)CC1,7.51,4.024600000000003
O=C(CCCN1CCC(O)(c2ccccc2)CC1)c1ccccc1,7.51,3.6331000000000024
CNc1ccccc1C(=O)CCCN1CC[C@H]2[C@@H](C1)c1cccc3c1N2CCCS3,7.51,4.865100000000004
CC(C)C(=O)NCc1ccc2c(c1)[C@H](N1CCN(C)CC1)Cc1ccccc1S2,7.51,3.954600000000003
NC(=O)c1ccccc1OCCCN1CC=C(c2cn(Cc3ccccc3)c3ccccc23)CC1,7.51,5.346700000000006
c1ccc2c(c1)CCN(CCCCc1nc3ccccc3s1)C2,7.51,4.677300000000004
CN1CCN(c2cccc3c2ccn3S(=O)(=O)c2ccccc2)CC1,7.51,2.6301000000000005
COc1ccccc1N1CCN(CCCCNC(=O)c2ccc3nonc3c2)CC1,7.51,2.563600000000001
O=S(=O)(NCCCCCCN1CCN(c2nsc3ccccc23)CC1)c1cccc2ccccc12,7.51,5.110400000000005
Clc1ccc2[nH]cc(CCCN3CCN(c4cccc5c4OCCO5)CC3)c2c1,7.5,4.347300000000003
c1ccc(-c2nc3cc(CCN4CCN(c5ccccc5)CC4)ccc3[nH]2)cc1,7.5,4.594600000000003
C[C@@H](O)[C@@H]1NC(=O)[C@H](CCCCN)NC(=O)[C@@H](Cc2c[nH]c3ccccc23)NC(=O)[C@H](Cc2ccncc2)NC(=O)[C@H](Cc2ccccc2)NC(=O)[C@H](CCCNC(=N)N)NC(=O)[C@H](NCC[S@@+]([O-])C[C@@H]2C[C@@H]3c4cccc5[nH]cc(c45)C[C@H]3N(C)C2)CCCCNC(=O)[C@H](Cc2ccc(O)cc2)NC1=O,7.5,1.854269999999991
COc1cc2c(cc1O)[C@@H]1Cc3cc4c(cc3CN1CC2)OCO4,7.5,2.785000000000001
O=C(NCCCCN1CCN(c2ccccc2OCCF)CC1)c1ccc(OCCOCCOCCF)cc1.O=C(O)C(=O)O,7.5,2.9041999999999994
O=C(NCCCCN1CCN(c2cccc(Cl)c2Cl)CC1)c1ccc(I)s1,7.5,4.991700000000004
CCCc1cn(CCCCCCCCn2cc(CCCOc3ccc(CN4CCN(c5ccccc5OC)CC4)cc3OC)nn2)nn1,7.5,6.213900000000007
CC1(C)[C@H]2CC[C@]1(C)CN(CCN1CCN(c3cccc(Cl)c3)C1=O)C2,7.5,4.340100000000004
O=C(NCCCCN1CCN(c2cc3ccc2CCc2ccc(cc2)CC3)CC1)c1cc2ccc1CCc1ccc(cc1)CC2,7.5,6.7864000000000075
CN(C)C(=O)C(CCN1CCN(c2cccc(Cl)c2Cl)CC1)(c1ccccc1)c1ccccc1,7.5,5.580000000000006
Br.Clc1cc(Cl)cc(N2CCN(C[C@H]3C[C@@H]3c3ccccc3)CC2)c1,7.5,5.497000000000005
Clc1ccc2c(c1)C1CN(Cc3ccccc3)CC1CO2,7.5,3.948000000000003
C[C@H]1CN(CC[C@H]2CC[C@H](N3C(=O)[C@@H]4[C@@H]5CC[C@@H](C5)[C@@H]4C3=O)CC2)CCc2ccc(Cl)cc21,7.5,5.281600000000005
CC(=O)Nc1ccc(CCN2C[C@@H]3COc4ccc(C#N)cc4[C@H]3C2)cc1,7.5,3.167180000000002
CCOCCOCc1ccn2ncc(C(=O)NCCCN3CCN(c4ccccc4OC)CC3)c2c1,7.5,2.8381000000000007
COc1ccccc1N1CCN(CCCNC(=O)c2ccc(COCCOCCOCCOCCOCCOCc3ccc(C(=O)NCCCN4CCN(c5ccccc5OC)CC4)cc3)cc2)CC1,7.5,5.38780000000001
Cc1cccc(S(=O)(=O)N[C@@H]2CCN(CCCc3noc4ccccc34)C2)c1,7.5,3.121620000000002
COc1ccc(/C=C/C(=O)N[C@H]2CC[C@H](CCN3CCc4ccc(OS(C)(=O)=O)cc4CC3)CC2)cc1.Cl,7.5,4.634500000000005
O=C(N[C@H]1CC[C@H](CCN2CCC(c3nocc3-c3ccccc3)CC2)CC1)c1cccc2ncccc12,7.5,6.448100000000006
N#Cc1ccc2c(c1)[C@@H]1CN(Cc3ccccc3)C[C@H]1CO2,7.5,3.1662800000000013
COc1ccccc1N1CCN(CCCCNC(=O)/C=C/c2ccc(OCc3ccccc3)cc2)CC1,7.5,5.006000000000005
N#Cc1ccc2c(c1)[C@H]1CN(CCCCNC(=O)c3ccc(-c4ccccc4)cc3)C[C@@H]1CO2,7.5,4.843280000000004
CN(C)C[C@H]1CC2c3ccccc3Oc3ccc(F)cc3[C@H]2O1,7.5,4.106800000000003
COc1ccccc1N1CCN(CCCCNC(=O)/C=C/c2ccc3ccccc3c2)CC1,7.5,4.580200000000004
CCN(Cc1ccc(OC)c(OC)c1)Cc1ccc(-c2cc(S(=O)(=O)CC)ccc2OC)[nH]1,7.5,4.523200000000004
CN(C)c1ccccc1N1CCN(CCCCCC(=O)NC2CCCc3ccccc32)CC1,7.5,4.628800000000004
COc1ccccc1N1CCN(CCn2c(=O)[nH]c3ccccc3c2=O)CC1,7.5,1.5205999999999995
O=S(=O)(NCC1CCN(CCOc2ccccc2-c2ccccc2)CC1)c1ccc(Cl)s1,7.5,5.137800000000006
Cc1ccccc1N1CCN(CCCCNc2ccccn2)CC1,7.5,3.404320000000002
C[C@@H](O)[C@@H]1NC(=O)[C@H](CCCCN)NC(=O)[C@@H](Cc2c[nH]c3ccccc23)NC(=O)[C@H](Cc2ccccc2)NC(=O)[C@H](Cc2ccccc2)NC(=O)[C@H](CCCNC(=N)N)NC(=O)[C@H](NCCSC[C@@H]2C[C@@H]3c4cccc5[nH]cc(c45)C[C@H]3N(C)C2)CCCCNC(=O)[C@H](Cc2ccccc2F)NC1=O,7.5,3.8772699999999976
CC(=O)Nc1ccc(CN2C[C@H]3COc4ccc(C#N)cc4[C@@H]3C2)cc1,7.5,3.1246800000000015
O=c1n(CCCCCCN2CCN(c3cccc4ccccc34)CC2)nc2ccccn12,7.5,4.031800000000003
COc1ccccc1N1CCN(CCCCc2cn(-c3ccc4ccccc4c3)nn2)CC1,7.5,4.574000000000003
CCCCc1ccc(S(=O)(=O)Nc2ccc3c(c2)CCN(C)CC3)cc1,7.5,3.860400000000003
Cn1c(SCCCN2CC3CCN(c4cccc(C(F)(F)F)c4)C3C2)nnc1-c1cnccn1,7.5,3.983800000000003
Cc1cc(S(=O)(=O)Nc2ccc3c(c2)CCN(C)CC3)ccc1-c1ccc(Cl)cc1,7.5,5.146620000000005
CC(=O)c1ccc2c(c1)CC(CN1CCC(C(=O)c3ccc(F)cc3)CC1)CC2=O,7.49,4.368300000000004
CSc1ncc2c(n1)CC(CN1CCC(c3noc4cc(F)ccc34)CC1)CC2=O,7.49,4.103500000000003
COc1ccc(Cl)cc1C1CC1CNCCCOc1ccc2c(c1)NC(=O)CC2,7.49,4.395500000000003
O=S(=O)(N[C@H]1CCN(CCCc2noc3ccccc23)C1)c1cccc2ccccc12,7.49,3.966400000000003
C=CCN1C[C@H](OCc2ccc(C(F)(F)F)cc2)C[C@H]1CNC(=O)c1cc(CCCF)cc(OC)c1OC,7.49,5.200200000000005
O=C(N[C@H]1CC[C@H](CCN2CCC(c3coc4ccccc34)CC2)CC1)c1ccccc1,7.49,5.9911000000000065
C[C@@H](O)[C@@H]1NC(=O)[C@H](CCCCN)NC(=O)[C@@H](Cc2c[nH]c3ccccc23)NC(=O)[C@H](Cc2ccccc2)NC(=O)[C@H](Cc2ccccc2)NC(=O)[C@H](CCCNC(=N)N)NC(=O)[C@H](NC[C@H](Cc2ccc(O)cc2)NC(=O)C[S+]([O-])C[C@@H]2C[C@@H]3c4cccc5[nH]cc(c45)C[C@H]3N(C)C2)CCCCNC(=O)[C@H](Cc2ccc(F)cc2)NC1=O,7.49,3.3258699999999903
FC(F)(F)c1nc2c(OCCNCc3ccccc3)cc(Cl)cc2[nH]1,7.49,4.403700000000002
Cc1nc2c(o1)CC(CN1CCC(c3noc4cc(F)ccc34)CC1)CC2=O,7.49,3.8880200000000036
CSc1ccccc1N1CCN(CCCCCC(=O)NCc2ccccc2)CC1,7.48,4.407300000000004
O=C(CCCN1CCC(O)(c2ccc(Cl)cc2)C1)c1ccc(F)cc1,7.48,4.035500000000003
OC1(c2ccc(Cl)cc2)CC2CCC(C1)N2CCCCc1ccc(F)cc1,7.48,5.316400000000005
CN1CCc2ccc(OCCCN3CCC(C(=O)c4ccc(F)cc4)CC3)cc2C1=O,7.48,3.817600000000003
COc1cccc2cc(CNCCCCOc3ccc4c(c3)NC(=O)CC4)oc12,7.48,4.274900000000003
c1ccc2oc(SCCCCCCN3CCN(c4nsc5ccccc45)CC3)nc2c1,7.48,5.912200000000006
CC(C)Oc1ccccc1N1CCN(C2CCC(NC(=O)Nc3ccccc3Cl)CC2)CC1,7.48,5.382100000000005
c1ccc(N2CCN(Cc3cnn(-c4cc5ccc4CCc4ccc(cc4)CC5)c3)CC2)cc1,7.48,5.078300000000005
OC1(c2ccc(Cl)cc2)C[C@H]2CC[C@@H](C1)N2CCCCc1ccc(F)cc1,7.48,5.316400000000005
COc1ccc(Cl)cc1C1CC1CNCCCOc1ccc2ccc(=O)[nH]c2c1,7.48,4.352300000000002
O=S(=O)(NCCCN1CCC(c2noc3cc(F)ccc23)CC1)c1ccc(OC(F)(F)F)cc1,7.48,4.4135000000000035
CCC(F)(F)c1conc1C1CCN(CC[C@H]2CC[C@H](NC(=O)c3cccc4nn(C)cc34)CC2)CC1,7.48,5.621400000000005
COc1ccc(N2CCN(CCCc3ccc4[nH]c(=S)[nH]c4c3)CC2)cc1,7.48,3.9888900000000023
O=C(CCc1ccccc1)NC1CCc2ccc(CCN3CCN(c4nsc5ccccc45)CC3)cc21,7.48,5.397300000000006
O[C@]1(c2ccc(Cl)cc2)C[C@H]2CC[C@@H](C1)N2Cc1c[nH]c2ccccc12,7.48,4.835900000000003
CC(C)(C)OC(=O)N[C@H]1CC[C@@H](CCN2CCN(c3cccc(Cl)c3Cl)CC2)CC1,7.48,5.589000000000006
COc1ccccc1N1CCN(CCCCNC(=O)/N=N/c2ccc(F)cc2)CC1,7.47,4.230000000000003
COc1ccccc1N1CCN(CCCCCOc2ccc3ccccc3c2)CC1,7.47,5.219700000000006
CC(C)Oc1ccccc1N1CCN([C@H]2CC[C@H](NS(=O)(=O)c3ccccc3)CC2)CC1,7.47,3.885500000000003
CN1CCN(C2=Nc3ccccc3Nc3ccc(Cl)cc32)CC1,7.47,3.7227000000000023
COc1ccccc1N1CCN(CCCCNC(=O)c2cnc3ccc(F)cc3c2)CC1,7.47,3.7147000000000023
c1ccc2c(N3CCN(CCCOc4ccc5c(c4)CNC5)CC3)cccc2c1,7.47,4.034100000000003
COc1ccccc1N1CCN(CCCCNC(=O)c2ccc3ccccc3c2)CC1,7.47,4.180600000000003
COc1cccc(CN2CCc3cc4nc(N)sc4cc3CC2)c1,7.47,3.4879000000000016
O=C(N[C@H]1CC[C@H](CCN2CCN(c3ccc(Cl)cc3)CC2)CC1)c1cccs1,7.47,4.9024000000000045
COc1cc2c(cc1O)[C@@H]1Cc3sc(CC4CCC4)cc3CN1CC2,7.47,4.460400000000004
O=C(CC1COC1)N[C@H]1CC[C@H](CCN2CCC(c3coc4ccccc34)CC2)CC1,7.47,4.713800000000004
O=C(NC/C=C/CN1CCN(c2ccccc2OCCF)CC1)c1cc2cc(O)ccc2[nH]1.O=C(O)C(=O)O,7.47,2.4855999999999994
COc1ccccc1N1CCN(CCCNC(=O)NN(Cc2ccccc2)c2ccc(Br)cc2)CC1,7.47,4.890800000000004
O=C1NCc2ccc(OCCCCN3CCN(c4cccc5ccc(F)cc45)CC3)cc21,7.47,4.203500000000004
C#CC1=CCC(N(CCC)CCC)CC1,7.47,3.220500000000002
COc1ccccc1N1CCN(CCCCNC(=O)c2cccc3ccnn23)CC1,7.47,2.6751000000000005
O=C1c2ccccc2S(=O)(=O)N1CCCCCN1CCN(c2cccc(C(F)(F)F)c2)CC1,7.47,3.842400000000003
CCC(=O)NC1CCc2ccc(CCN3CCN(c4nsc5ccccc45)CC3)cc21,7.47,4.174500000000004
CCCN(CCC)[C@@H]1CCc2cccc(OC)c2[C@@H]1C,7.47,4.235500000000004
CCCN1CCC(c2noc3cc(F)ccc23)CC1,7.47,3.556300000000003
CC[C@H](O)CC(=O)N[C@H]1CC[C@H](CCN2CCC(c3coc4ccccc34)CC2)CC1,7.47,4.838300000000005
O=C(CC1CC1)N[C@H]1CC[C@H](CCN2CCC(c3coc4ccccc34)CC2)CC1,7.47,5.477400000000006
O=C1COc2ccc(CCN3CCN(c4cccc5sccc45)CC3)cc2N1,7.47,3.5969000000000024
Clc1cccc(N2CCN(CCCCOc3ccn4nccc4c3)CC2)c1Cl,7.47,4.6223000000000045
O=C1CC(CN2CCC(c3noc4cc(F)ccc34)CC2)Cc2nc(-c3ccccc3)ncc21,7.47,5.048600000000005
COc1cc2c(cc1O)[C@@H]1Cc3sc(CCCl)cc3CN1CC2,7.46,3.8991000000000033
C[C@@H](O)[C@@H]1NC(=O)[C@H](CCCCN)NC(=O)[C@@H](Cc2c[nH]c3ccccc23)NC(=O)[C@H](Cc2ccncc2)NC(=O)[C@H](Cc2ccccc2)NC(=O)[C@H](CCCNC(=N)N)NC(=O)[C@H](NCCSC[C@@H]2C[C@@H]3c4cccc5[nH]cc(c45)C[C@H]3N(C)C2)CCCCNC(=O)[C@H](Cc2ccc(O)cc2)NC1=O,7.46,2.838769999999994
COc1ccccc1N1CCN(CCCCNC(=O)c2ccc(N(C)C)cc2)CC1,7.46,3.0934000000000017
Cc1cc(CCN2CCN(c3noc4ccccc34)CC2)c2c(c1)C(C)CC(=O)N2,7.46,3.946620000000002
CCCN1CCN(c2ccc(O)c3c2OCC(=O)N3)CC1,7.46,1.2550999999999999
Cc1ccc2c(c1)c1c(n2/C=C\c2ccccc2)CCN(C)C1,7.46,4.565520000000005
CN1CCN(C2Cc3ccccc3Sc3ccc(CN)cc32)CC1,7.46,3.1411000000000007
COc1ccccc1N1CCN(CCCCNC(=O)c2ccc(I)s2)CC1,7.46,3.693500000000003
COc1ccc(N(Cc2cccc(F)c2)NC(=O)NCCCN2CCN(c3ccccc3OC)CC2)cc1,7.46,4.276000000000004
COc1ccccc1N1CCN(CCCCNC(=O)Cc2ccc3ccccc3c2)CC1.O=C(O)C(=O)O,7.46,3.2651000000000012
CN(C1CCN(CCOc2ccccc2-c2ccccc2)CC1)S(=O)(=O)c1cnn(C)c1,7.46,3.251000000000002
CN[C@@H]1Cc2cccc3c2n(c(=O)n3CCOCCOCCOCCCCc2ccccc2)C1,7.46,3.019800000000001
CC1CC(C)(C)N(C(=O)CN2CCN(Cc3ccc(Cl)cc3)CC2)c2ccccc21,7.46,4.776600000000005
CCc1c(C2CCN(Cc3ccccc3)CC2)n[nH]c1-c1ccc(Cl)cc1,7.46,5.672100000000006
COc1ccccc1N1CCN(CCCCCNC(=O)c2cc3ccccn3n2)CC1,7.46,3.0652000000000017
COc1ccccc1N1CCN(CCCCNC(=O)c2nnn(Cc3ccccc3)c2C)CC1,7.46,2.975620000000001
O=C1[C@@H]2[C@H]3CC[C@H](C3)[C@@H]2C(=O)N1CCCCCCN1CCN(c2ccccc2Cl)CC1,7.46,4.053500000000003
CCCN(CCc1cc(O)c(CCN(CCC)[C@H]2CCc3nc(N)sc3C2)cc1O)[C@H]1CCc2nc(N)sc2C1,7.46,4.7992000000000035
CCCN(CCC)[C@@H]1CCc2ccc3[nH]c(C#N)cc3c2C1,7.46,4.018880000000003
O=C(N[C@H]1CC[C@H](CCN2CCC(c3coc4ccccc34)CC2)CC1)c1ccc(-n2cccc2)cc1,7.46,6.781800000000007
O=S(=O)(N[C@H]1CCN(CCCc2noc3ccccc23)C1)c1cc2ccc(Cl)cc2s1,7.46,4.681300000000004
O=C(NCCCCN1CCN(c2cccc(F)c2F)CC1)c1cc2ccc1CCc1ccc(cc1)CC2,7.46,5.180800000000005
Oc1cccc(C2CCN(Cc3ccccc3)CC2)c1,7.46,3.7718000000000025
CCCN(CCC)[C@H]1CCc2nn3ccccc3c2C1,7.46,3.313600000000002
CC1Oc2c(N3CCN(CCCc4c[nH]c5ccccc45)CC3)cccc2N(C)C1=O,7.45,3.666400000000002
O=C(NC/C=C/CN1CCN(c2cccc(Cl)c2Cl)CC1)c1ccc(I)cc1,7.45,4.706200000000004
O=C1NCCc2ccc(OCCCN3CCN(c4cccc5sccc45)CC3)cc21,7.45,3.7783000000000024
O=C1NCc2ccc(OCCCCN3CCN(c4cccc5cccc(F)c45)CC3)c(F)c21,7.45,4.3426000000000045
C=CCN1CCC[C@H]1CNC(=O)c1cc(CCCSC2CC(=O)N(CCCCCC(=O)NCCOCCOCCOCCOCCOCCOCCC(=O)N[C@H](C(=O)N[C@@H](Cc3ccccc3)C(=O)N[C@@H](Cc3ccccc3)C(=O)N[C@@H](Cc3ccc(O)cc3)C(=O)NCC(=O)NCC(=O)N[C@@H](CO)C(=O)N[C@@H](CCCNC(=N)N)C(=O)NCC(=O)N[C@@H](CCCCNC(=O)CN3CCN(CC(=O)O)CCN(CC(=O)O)CCN(CC(=O)O)CC3)C(=O)N[C@@H](CCCNC(=N)N)C(=O)N[C@@H](CC(N)=O)C(=O)N[C@@H](CC(N)=O)C(=O)N[C@@H](Cc3ccccc3)C(=O)N[C@@H](CCCCN)C(=O)N[C@H](C(=O)N[C@@H](CCC(=O)O)C(=O)N[C@@H](CCC(=O)O)C(=O)N[C@@H](Cc3ccc(O)cc3)C(=O)O)[C@@H](C)O)[C@@H](C)O)C2=O)cc(OC)c1OC,7.45,-10.489960000000085
CN(C)c1ccc(C(=O)NC/C=C/CN2CCN(c3ccccc3OCCF)CC2)cc1.O=C(O)C(=O)O,7.45,2.3647000000000005
O=c1ccc2ccc(CCCCN3CCN(c4cccc5sccc45)CC3)cc2[nH]1,7.45,4.887700000000004
O=C1c2ccccc2CCN1CCCCN1CCN(c2ccccc2Cl)CC1,7.45,3.940700000000003
O[C@@]1(c2ccc(Cl)c(Cl)c2)C[C@H]2CC[C@@H](C1)N2Cc1c[nH]c2ccccc12,7.45,5.4893000000000045
O=C1c2ccccc2CCCN1CCCCN1CCN(c2cccc(Cl)c2Cl)CC1,7.44,4.984200000000005
O=C(N[C@H]1CC[C@H](CCN2CCC(c3nocc3-c3cccc(F)c3)CC2)CC1)c1cccc2ncccc12,7.44,6.587200000000006
Cc1cc(C(=O)N[C@H]2CC[C@H](CCN3CCC(c4coc5ccccc45)CC3)CC2)on1,7.44,5.287520000000005
O=S(=O)(NCCCN1CCC(c2noc3cc(F)ccc23)CC1)c1csc2ccccc12,7.44,4.729600000000005
CN(C)CC1CC2c3ccccc3Cc3ccc(F)cc3N2O1,7.44,3.5431000000000026
CSc1ccccc1OCCN1CCC(NS(=O)(=O)c2cccc(Cl)c2)C1,7.44,3.493500000000002
c1ccc(-c2nc(CN3CCN(c4ncccn4)CC3)c[nH]2)cc1,7.44,2.1889000000000003
O=C1Cc2c(ccc3c2OC[C@H](CNCCC2CCc4c([nH]c5ccc(F)cc45)C2)O3)N1,7.44,3.7262000000000013
COc1ccccc1N1CCN(CCCC(=O)Nc2ccn3nccc3c2)CC1,7.44,2.883800000000001
O=S(=O)(c1cccc2ncccc12)N1CCC(CCN2CCN(c3cccc(Cl)c3Cl)CC2)CC1,7.44,5.154600000000006
COCOc1ccc(CNC(=O)CCCCCN2CCN(c3ccccc3-c3ccccc3)CC2)cc1,7.44,5.335100000000006
N#CC(CCNCCCCN1CCN(c2cccc(Cl)c2Cl)CC1)(c1ccccc1)c1ccccc1,7.44,6.385180000000006
COc1ccc(Br)cc1S(=O)(=O)N[C@H]1CC[C@H](N2CCN(c3ccccc3OC(C)C)CC2)CC1,7.44,4.6566000000000045
CN1CCN(C2=Nc3cc(Cl)ccc3N(NC(=O)c3ccccc3I)c3ccc(Cl)cc32)CC1,7.44,5.720200000000005
COc1ccccc1N1CCN(CCCNC(=O)Nc2ccccc2-c2ccc(-c3ccccc3)cc2)CC1,7.44,6.363000000000007
CCCCc1cc(-c2ccoc2)nc(N2CCN(C)CC2)n1,7.43,2.8310000000000004
COc1ccc(Br)cc1S(=O)(=O)N[C@H]1CC[C@@H](N2CCN(c3ccccc3OC(C)C)CC2)CC1,7.43,4.6566000000000045
COc1ccc(CNC(=O)NCCCN2CCN(c3ccccc3OC)CC2)c(-c2ccccc2)c1,7.43,4.382300000000003
O=C(NCCCCN1CCN(c2cccc(Cl)c2Cl)CC1)c1cc2cc(F)ccc2[nH]1,7.43,4.946000000000004
O=C1CCc2ccc(OCCCCN3CCCN(c4ccc(O)c5oc(=O)ccc45)CC3)cc2N1,7.43,3.7546000000000026
NCc1ccc2c(c1)c(C1CCN(CCN3CCNC3=O)CC1)cn2-c1ccc(F)cc1,7.43,3.432900000000001
O=C(N[C@H]1CC[C@H](CCN2CCC(c3coc4ccccc34)CC2)CC1)C(F)(F)F,7.43,5.239600000000005
Fc1ccc(OCCCN2CCN(c3ccccc3)CC2)cc1,7.43,3.416800000000002
COCC(C)(C)C(=O)NCCN1CCC(c2cccc(C(F)(F)F)n2)CC1,7.43,3.0686000000000018
Cn1c(SCCCN2CC3CCN(c4cccc(C(F)(F)F)c4)C3C2)nnc1-c1ccc(=O)[nH]c1,7.43,3.882100000000002
O=S(=O)(c1cncc2ccccc12)N1CCC(CCN2CCN(c3cccc(Cl)c3)CC2)CC1,7.43,4.501200000000004
N#Cc1cc(N2CCN(CC[C@H]3CC[C@H](NS(N)(=O)=O)CC3)CC2)cc(C(F)(F)F)c1,7.43,2.4410800000000004
COc1ccccc1N1CCN(CCCCNC(=O)c2cc3ccccc3[nH]2)CC1,7.43,3.508700000000002
O=C(N[C@H]1CC[C@H](CCN2CCC(c3coc4ccccc34)CC2)CC1)C1CCCOC1,7.43,5.103900000000005
COc1ccccc1N1CCN(Cc2cc(CN3CCCCC3)c3cccccc2-3)CC1,7.43,5.108100000000006
O=C1CC2(CCCC2)CC(=O)N1CCCCN[C@@H]1CCc2c(F)cccc2C1,7.43,3.7622000000000027
CN(C)c1cccc(C2CCN(CCNC(=O)C3CCOCC3)CC2)n1,7.43,1.8697999999999992
O=S(=O)(N[C@H]1CC[C@H](N2CCC(c3ccccc3OCC(F)(F)F)CC2)CC1)c1cc(Cl)ccc1F,7.43,5.889300000000006
CN1CCc2ccccc2Cc2cc(O)ccc2CC1,7.43,3.0134000000000016
CN1CCc2ccccc2Cc2cc(N)c(O)cc2CC1,7.43,2.595600000000001
Fc1ccccc1N1CCN(CCCNc2cncc(Cl)n2)CC1,7.43,2.893300000000001
O=C(N[C@H]1CC[C@H](CCN2CCC(c3coc4ccccc34)CC2)CC1)C1CCOCC1,7.43,5.103900000000005
O=C(N[C@H]1CC[C@H](CCN2CCN(c3cccc(Cl)c3)CC2)CC1)C1CCCCC1,7.43,5.107400000000005
Cc1ccc(CN2CCC(C3CCc4ccccc4C3=O)CC2)cc1.O,7.43,3.8276200000000045
O=S(=O)(NCCN1CC=C(c2c[nH]c3ccc(Cl)cc23)CC1)c1cccc2ccccc12,7.43,5.042100000000003
Cn1c(=O)cnn(CCCCN2CCN(c3ccccc3OCCF)CC2)c1=O,7.43,0.8927000000000005
Fc1ccccc1N1CCN(Cc2cnn(-c3ccccc3)c2)CC1,7.43,3.3336000000000023
O=C1c2cc([N+](=O)[O-])ccc2CCC1CCN1CCC(c2noc3cc(F)ccc23)CC1,7.43,4.889900000000005
COc1ccccc1N1CCN(CCCCNC(=O)/C=C/c2ccc(-c3ccccc3)cc2)CC1,7.43,5.094000000000005
COc1ccccc1N1CCN(CCCCNC(=O)/C=C/c2ccc(C(F)(F)F)cc2)CC1,7.43,4.445800000000004
O=S(=O)(NCCCN1CCN(c2nsc3ccccc23)CC1)c1ccc(F)c(Cl)c1,7.43,3.5794000000000024
c1ccc([C@H]2C[C@@H]2CN2CCN(c3ccccc3)CC2)cc1,7.43,3.612300000000003
CC(C)(C)c1nc(N2CCN(CCCCNC(=O)c3cn4cccnc4n3)CC2)cc(C(F)(F)F)n1,7.43,3.1678000000000006
O=S(=O)(c1ccc(F)cc1)N(CC1CC1)C1CCN(CCOc2ccccc2-c2ccccc2)CC1,7.43,5.436800000000006
c1ccc2c(c1)N=C(N1CCNCC1)c1ccccc1S2,7.43,3.1347000000000014
O=S(=O)(c1cncc2ccccc12)N1CCC[C@H]1CCN1CCN(c2cccc3[nH]ccc23)CC1,7.43,4.081500000000003
O=C(CCCN1CCC(O)(c2ccc(Cl)cc2)CC1)c1cccc(F)c1,7.42,4.425600000000004
O=C1c2ccccc2S(=O)(=O)N1CCCCN1CCN(c2ccccc2)CC1,7.42,2.4335000000000004
COc1ccccc1N1CCN(CCCCCNc2nc(N)nc(N)n2)CC1,7.42,1.449000000000001
O=C1N[C@@H]2[C@@H](CS[C@@H]2CCCCCN2CCN(c3cccc4sccc34)CC2)N1,7.42,3.749100000000002
OC1(c2ccc(Cl)c(C(F)(F)F)c2)CCN(CCCC(c2ccccc2)c2ccccc2)CC1,7.42,7.254500000000006
c1ccc(C2CCN(Cc3cnn(-c4ccccc4)c3)CC2)cc1,7.42,4.251900000000004
CN1CCN(CC(=O)N[C@H]2CC[C@H](CCN3CCN(c4cccc5c4OCO5)CC3)CC2)CC1,7.42,1.8498000000000012
COC(=O)c1ccc(/C=C/c2nc3ccccc3n2Cc2ccc(Cl)cc2)cc1,7.42,5.695000000000005
O=C(NCCCCN1CCN(c2cccc(Cl)c2Cl)CC1)Oc1ccccc1,7.42,4.684200000000004
CC(C)(C)C(=O)N[C@H]1CC[C@H](CCN2CCC(c3coc4ccccc34)CC2)CC1,7.42,5.723400000000006
O=C(O)C(=O)O.O=c1[nH]c2ccccc2n1C1CCN(Cc2csc3ccccc23)CC1,7.42,3.5370000000000026
COc1ccccc1N1CCN(CCCCc2cn(-c3ccc(SC)cc3)nn2)CC1,7.42,4.142700000000003
c1ccc(OC[C@H]2CC[C@H]3CN(c4ncccn4)CCN3C2)cc1,7.42,2.4562
CS(=O)(=O)Nc1cccc(OCCNCc2ccccc2)c1,7.42,2.2267
Cn1ccc2c(S(=O)(=O)N[C@H]3CCN(CCCc4noc5ccccc45)C3)cccc21,7.42,3.3049000000000017
O=C(N[C@H]1CC[C@H](CCN2CCN(c3ccccc3)CC2)CC1)C1CCCCC1,7.42,4.454000000000003
O=C(N[C@H]1CC[C@H](CCN2CCC(c3coc4ccccc34)CC2)CC1)c1ccc(Cl)cc1Cl,7.42,7.2979000000000065
O=C(N[C@H]1CC[C@H](CCN2CCC(c3coc4ccccc34)CC2)CC1)C1CCC1,7.42,5.477400000000006
CN(C)C(=O)N1CCC(O)(CCCN2CCN(c3cccc(Cl)c3Cl)CC2)CC1,7.42,3.4041000000000023
COc1ccc(Cl)cc1C1CC1CNCCCCOc1ccc2c(c1)NC(=O)CC2,7.42,4.785600000000003
Cc1c(-c2ccccc2Cl)nc(O)n1C1CCN(Cc2ccccc2)CC1,7.42,5.054620000000004
COc1ccccc1N1CCN(CCCCNC(=O)/C=C/c2cc(I)c(OC)c(OC)c2)CC1.O=C(O)C(=O)O,7.42,3.2044000000000006
CCc1cc(Cl)c(OC)c(C(=O)NCC2CCN(CC)C2)c1O,7.42,2.6882000000000015
CN1CCc2ccccc2Cc2[nH]c3ccc(O)cc3c2CC1,7.42,3.4947000000000017
O=C(NC/C=C/CN1CCN(c2ccccc2OCCF)CC1)c1ccc(OCCF)cc1.O=C(O)C(=O)O,7.42,2.6469999999999994
CCCN(CCCCN1C(=O)CC(C)(C)CC1=O)[C@@H]1CCc2ccc3[nH]c(C(N)=O)cc3c2C1,7.42,3.791500000000002
COc1ccccc1N1CCN(CCCNC(=O)NCc2cc(F)ccc2-c2ccccc2)CC1,7.42,4.512800000000003
Nc1nc2cc3c(cc2s1)CCN(Cc1ccncc1)CC3,7.42,2.8743000000000016
COc1cc2c(cc1O)CN(Cc1ccccc1CNC(=O)c1cccc(C#N)c1)CC2,7.41,3.7607800000000022
C[C@@H](O)[C@@H]1NC(=O)[C@H](CCCCN)NC(=O)[C@@H](Cc2c[nH]c3ccccc23)NC(=O)[C@H](Cc2ccncc2)NC(=O)[C@H](Cc2ccccc2)NC(=O)[C@H](CCCNC(=N)N)NC(=O)[C@H](NC[C@H](CCCCNC(=O)CSC[C@@H]2C[C@@H]3c4cccc5[nH]cc(c45)C[C@H]3N(C)C2)NC(=O)CSC[C@@H]2C[C@@H]3c4cccc5[nH]cc(c45)C[C@H]3N(C)C2)CCCCNC(=O)[C@H](Cc2ccccc2)NC1=O,7.41,5.77916999999999
Cn1c(SCCCN2CC3CCN(c4ccc(F)cc4)C3C2)nnc1-c1ccncn1,7.41,3.1041000000000016
O=S(=O)(NCCCCN1CCN(c2cccc(Cl)c2Cl)CC1)c1ccc(F)cc1,7.41,4.013200000000004
O=S(=O)(N[C@@H]1CCN(CCOc2ccccc2-c2ccccc2)C1)c1ccc(Cl)s1,7.41,4.500100000000004
CCCc1cc2c(s1)C[C@H]1c3cc(O)c(OC)cc3CCN1C2,7.41,4.070300000000004
COc1cccc(C(=O)NC/C=C/CN2CCN(c3cccc(Cl)c3Cl)CC2)c1,7.41,4.110200000000003
CCN(C)CCc1c(-c2cccc([N+](=O)[O-])c2)[nH]c2ccccc12,7.41,4.237300000000003
O=C(NCCCCN1CCN(c2cccc(Cl)c2Cl)CC1)c1ccc(I)cc1,7.41,4.930200000000005
CN(CCc1ccccc1)CC[C@H]1CC[C@H](Nc2ncccn2)CC1,7.41,4.0119000000000025
O=S(=O)(NCCCCN1CCN(c2nsc3ccccc23)CC1)c1ccc(F)c(Cl)c1,7.41,3.9695000000000036
CN1CCc2cc(O)c(O)c3c2C1Cc1ccccc1-3,7.41,2.8499000000000017
CN(C)CCc1cc(O)c(O)c2c1CCc1ccccc1-2,7.41,2.967500000000002
COc1ccccc1N1CCN(CCCCNC(=O)c2cc3ccccc3[te]2)CC1,7.41,3.2376000000000014
O=C1c2ccccc2S(=O)(=O)N1CCCCCCN1CCN(c2cccc(Cl)c2)CC1,7.41,3.8671000000000033
COc1ccc2[nH]cc(CN3[C@@H]4CC[C@H]3C[C@](O)(c3ccc(Cl)cc3)C4)c2c1,7.41,4.8445000000000045
Cc1c(S(=O)(=O)N[C@H]2CCN(CCCc3noc4ccccc34)C2)sc2ccc(Cl)cc12,7.41,4.989720000000005
O=C1CCc2cc(OCCCCCCN3CCN(c4nsc5ccccc45)CC3)ccc2N1,7.41,4.942400000000005
C[C@@H](O)[C@@H]1NC(=O)[C@H](CCCCN)NC(=O)[C@@H](Cc2c[nH]c3ccccc23)NC(=O)[C@H](Cc2ccccc2)NC(=O)[C@H](Cc2ccccc2)NC(=O)[C@H](CCCNC(=N)N)NC(=O)[C@@H](NC[C@H](Cc2ccc(O)cc2)NC(=O)CSC[C@@H]2C[C@@H]3c4cccc5[nH]cc(c45)C[C@H]3N(C)C2)CCCCNC(=O)[C@H](Cc2ccccc2)NC1=O,7.41,4.171269999999994
COc1ccccc1N1CCN(CCCCNC(=O)c2ccc(-c3ccsc3)cc2)CC1,7.41,4.755900000000004
Nc1nc(NCCCCN2CCN(c3cccc(Cl)c3Cl)CC2)nc(NCCc2c[nH]c3ccccc23)n1,7.41,4.910800000000004
Cc1ccc(CN2CCC(CC(=O)N3c4ccccc4CC3C)CC2)cc1,7.41,4.574920000000004
COc1ccccc1N1CCN(CCCn2cc(CCCN3CCc4cc(O)c(O)cc4C(c4ccccc4C)C3)nn2)CC1,7.41,4.841420000000006
O=C(NCCCCN1CCN(c2cccc(Cl)c2Cl)CC1)c1cnc2ccc(F)cc2c1,7.41,5.012900000000005
COc1cccc2c3c(oc12)CN(CCCCOc1ccc2c(c1)NC(=O)CC2)CC3,7.41,4.543400000000004
O=CN[C@H]1CC[C@H](CCN2CCC(c3coc4ccccc34)CC2)CC1,7.41,4.307100000000004
Br.Oc1cc2c(c(Br)c1O)CCNCC2c1ccccc1,7.41,3.7158000000000024
CC(C)Oc1ccccc1N1CCN([C@H]2CC[C@H](NS(=O)(=O)c3cccc(C(F)(F)F)c3)CC2)CC1,7.41,4.9043000000000045
C[C@H]1c2cccc3c2-c2c1ccc1c2[C@@H](C3)N(C)CC1,7.41,3.903900000000003
CN[C@@H]1Cc2cccc3c2n(c(=O)n3CCCCCCCCOCCCCc2ccccc2)C1,7.41,5.327200000000006
CCS(=O)(=O)c1ccc(OC)c(-c2ccc(CN3CCCCCC3c3ccccc3)[nH]2)c1,7.4,5.601200000000006
Cc1ccc2c(c1)C(=O)N(CCCCCN1CC=C(c3c[nH]c4ccccc34)CC1)C2=O,7.4,5.031920000000004
O=C1c2ccc(F)cc2C(=O)N1CCCCCN1CC=C(c2c[nH]c3ccccc23)CC1,7.4,4.862600000000004
CC(=O)Nc1ccc(CCN2C[C@H]3COc4ccc(C#N)cc4[C@@H]3C2)cc1,7.4,3.167180000000002
O=C(CCCN1CCC(CCc2c[nH]c3ccccc23)CC1)c1ccc(F)cc1,7.4,5.614700000000005
CSc1ccccc1N1CCN(CCCCCC(=O)N2CCc3ccccc3C2)CC1,7.4,4.675800000000004
Cn1c(SCCCN2CC3CCN(c4ccc(F)cc4)C3C2)nnc1C1CCCCC1,7.4,4.694800000000004
COc1ccccc1N1CCN(CCCNC(=O)NCc2ccc(F)cc2-c2ccccc2)CC1,7.4,4.512800000000003
CN(CCCCOc1ccc2c(c1)NC(=O)CC2)[C@@H]1Cc2cccc3[nH]c(=O)n(c23)C1,7.4,2.9300000000000006
CC(=O)N(CCCN(C(C)=O)[C@@H]1CCCCNC(=O)[C@H](Cc2ccc(F)cc2)NC(=O)[C@H]([C@@H](C)O)NC(=O)[C@H](CCCCN)NC(=O)[C@@H](Cc2c[nH]c3ccccc23)NC(=O)[C@H](Cc2ccccc2)NC(=O)[C@H](Cc2ccccc2)NC(=O)[C@H](CCCNC(=N)N)NC1=O)C[C@@H]1C[C@@H]2c3cccc4[nH]cc(c34)C[C@H]2N(C)C1,7.4,3.641569999999999
Cn1c(SCCCN2CC[C@]3(C[C@@H]3c3ccc(C(F)(F)F)cc3)C2)nnc1-c1ccccc1C(N)=O,7.4,4.961600000000004
C#CC1=CCC(N(CCC)CCCCNC(=O)c2ccc(-c3ccccc3)cc2)CC1,7.4,5.687700000000006
COc1ccccc1N1CCN(CCCCN2C(=O)c3cccc4cccc(c34)C2=O)CC1,7.4,4.046800000000004
CCN1[C@H](c2ccccc2)CC[C@H]1c1ccc(-c2cc(S(=O)(=O)CC)ccc2OC)[nH]1,7.4,5.382000000000005
COc1ccccc1N1CCN(CCCCNC(=O)c2ccc(-c3ccc(C(C)=O)cc3)cc2)CC1,7.4,4.897000000000005
CCS(=O)(=O)c1ccc(OC)c(-c2ccc(C3CCCN3Cc3ccccc3)[nH]2)c1,7.4,4.821000000000004
O=C1CCc2ccc(OCCCCN3CC=C(c4cn(S(=O)(=O)c5ccccc5)c5ccccc45)CC3)cc2N1,7.4,5.711300000000005
O[C@@]1(c2cccc(Cl)c2Cl)C[C@H]2CC[C@@H](C1)N2Cc1coc2ccccc12,7.4,5.754200000000004
Cc1cccc2c(C3=CCN(CCCCCN4C(=O)c5ccccc5C4=O)CC3)c[nH]c12,7.4,5.031920000000004
N#Cc1ccc2c(c1)[C@@H]1CN(Cc3ccc(F)cc3)C[C@H]1CO2,7.4,3.3053800000000013
CN1CCc2cc(Cl)c(NS(=O)(=O)c3ccc(-c4ccc(Cl)cc4)cc3)cc2CC1,7.4,5.4916000000000045
CC(C)C(=O)N[C@H]1CC[C@H](CCN2CCC(c3coc4ccccc34)CC2)CC1,7.4,5.333300000000006
COc1ccccc1N1CCN(CCCCNC(=O)c2ccc(Br)cc2)CC1,7.4,3.789900000000002
COc1cc2ccccc2cc1C(=O)NC1CCN(Cc2ccccc2)C1,7.4,3.8527000000000022
CCCN(CCC)[C@@H]1CCc2cccc(C(C)=O)c2[C@@H]1C,7.4,4.429500000000004
O=C(NC1CCC(CCN2CCN(c3ccccc3)CC2)CC1)c1cccs1,7.4,4.249000000000003
CC(=O)Nc1ccc(CCN2CC3COc4ccc(C#N)cc4C3C2)cc1,7.4,3.167180000000002
CSc1ccccc1OCCN1CCC(NS(=O)(=O)c2ccc(F)cc2)C1,7.39,2.9792000000000014
Cn1c(=O)c2c(ncn2CCCN2CCC(C(c3ccccc3)c3ccccc3)CC2)n(C)c1=O.O=C(O)/C=C/C(=O)O,7.39,3.0797
c1ccc2c(N3CCN(CCCCOc4ccc5c(c4)CNC5)CC3)cccc2c1,7.39,4.4242000000000035
CCCN1CCC(c2cccc3ccccc23)CC1,7.39,4.429200000000003
Nc1ccccc1C(=O)CCCN1CC[C@H]2[C@@H](C1)c1cccc3c1N2CCS3,7.39,4.015500000000004
O=C(CCCN1CCCN(c2ccc(Cl)cn2)CC1)c1ccc(F)cc1,7.39,4.049300000000003
CCc1ccc2c3c1CCN(C)[C@H]3Cc1ccc(OC)c(OC)c1-2,7.39,4.0183000000000035
COc1ccccc1N1CCN(CCCCCCN2C(=O)[C@@H]3[C@H]4CC[C@H](C4)[C@@H]3C2=O)CC1,7.39,3.4087000000000023
CCCN(CCC)[C@H]1CCn2c(C=O)ccc2C1,7.39,2.737400000000001
Cc1ncc(/C=C/C(=O)N[C@H]2CC[C@](F)(CCN3CCc4ccc(OCC(C)(F)F)nc4CC3)CC2)cn1,7.39,4.485220000000004
CN(CCCN1c2ccccc2Sc2ccc(Cl)cc21)Cc1ccc(OCCCN2CCCCC2)cc1,7.39,7.719600000000008
O=C(NC/C=C/CN1CCN(c2ccccc2OCCF)CC1)c1cc2ccccc2[nH]1.O=C(O)C(=O)O,7.39,2.78
O=C1COc2ccccc2N1CCCN1CCC(n2c(=O)[nH]c3cccc(F)c32)CC1,7.39,2.9213000000000013
Fc1ccc(OCCCN2CCC(c3ccc(Cl)cc3)CC2)cc1,7.39,5.127600000000005
CCc1cc2c(s1)C[C@H]1c3cc(O)c(OC)cc3CCN1C2,7.39,3.680200000000002
CCCN(CCN1CCN(c2ccccc2)CC1)[C@@H]1CCc2ccc(O)cc2C1,7.39,3.783700000000003
O=C(NCCCc1ccccc1)c1cc2c3c(ccc2[nH]1)OCC(CNCCCc1ccccc1)O3,7.39,4.892700000000004
C[C@@H](O)[C@@H]1NC(=O)[C@H](CCCCN)NC(=O)[C@@H](Cc2c[nH]c3ccccc23)NC(=O)[C@H](Cc2ccccc2)NC(=O)[C@H](Cc2ccccc2)NC(=O)[C@H](CCCNC(=N)N)NC(=O)[C@H](NCCSC[C@@H]2C[C@@H]3c4cccc5[nH]cc(c45)C[C@H]3N(C)C2)CCCCNC(=O)[C@H](Cc2c(F)c(F)c(F)c(F)c2F)NC1=O,7.39,4.433670000000009
COc1cc2c(cc1O)[C@@H]1Cc3ccc(OC)c(OC)c3CN1CC2,7.38,3.073500000000001
Clc1cccc(C2CCN(CCCCOc3ccc4scnc4c3)CC2)c1Cl,7.38,6.6417000000000055
COc1ccccc1N1CCN(CCCNC(=O)NN(Cc2ccc(-c3ccccc3)cc2)c2ccc(F)cc2)CC1,7.38,5.934400000000006
CN(C)C(=O)c1cccc(CN2CCc3cc4nc(N)sc4cc3CC2)c1,7.38,3.1811000000000016
CCCN1CCN(c2cccc3c2CCN3S(=O)(=O)c2ccccc2)CC1,7.38,2.9700000000000015
CC(C)(O)CC(=O)N[C@H]1CC[C@H](CCN2CCC(c3coc4ccccc34)CC2)CC1,7.38,4.838300000000005
O=C(NCCN1CCC(c2cccc(F)n2)CC1)C1CCOCC1,7.38,1.9428999999999996
N#[11C]c1cccc(N2CCN(CCN3CCC(C(F)(F)F)CC3)C2=O)c1,7.38,3.074580000000002
O=C1CCc2ccccc2N1CCCN1CCC(c2ccc3[nH]ccc3c2)CC1,7.38,4.716800000000004
CCCN(CCN1CCN(c2ccc(O)c3ncccc23)CC1)C1CCc2c(O)cccc2C1,7.38,4.037500000000003
Nc1nc2cc3c(cc2s1)CCN(Cc1cccc(F)c1)CC3,7.38,3.618400000000003
Cn1c(SCCCN2CC[C@]3(C[C@@H]3c3ccc(C(F)(F)F)cc3)C2)nnc1N1CCOCC1,7.38,4.032300000000003
O=S(=O)(c1cccc2ncccc12)N1CCC[C@H]1CCN1CCN(c2cccc3[nH]ccc23)CC1,7.38,4.081500000000003
CN1CCc2ccccc2Cc2[nH]c3ccccc3c2CC1,7.38,3.789100000000002
CN1CCCc2ccccc2Cc2ccc(O)cc2CC1,7.38,3.403500000000002
CCN(CC)CCNC(=O)c1cc(Cl)c(N)cc1OC,7.38,2.0023999999999997
Cl.O=C1C[C@@H](CN2CCC(c3noc4cc(F)ccc34)CC2)Cc2occc21,7.38,4.606400000000004
CC(C)Oc1ccccc1N1CCN([C@H]2CC[C@H](NS(=O)(=O)c3ccc(Cl)cc3F)CC2)CC1,7.38,4.678000000000004
N#CCC(=O)N[C@H]1CC[C@H](CCN2CCC(c3coc4ccccc34)CC2)CC1,7.38,4.5909800000000045
CC(C)Oc1ccccc1N1CCN([C@H]2CC[C@@H](NS(=O)(=O)c3ccc(Cl)cc3Cl)CC2)CC1,7.38,5.192300000000005
CCCCCCCCCN1CCC(c2cccc(O)c2)C1,7.38,4.932100000000006
O=C(NC1CCC(CCN2CCN(c3cccc(Cl)c3Cl)CC2)CC1)c1ccccc1,7.38,5.494300000000005
CCCN1COC[C@@H]2c3cc(O)ccc3OC[C@H]21,7.38,1.9364999999999999
CN(C)C(=O)c1ccc(CN2CCc3cc4nc(N)sc4cc3CC2)cc1,7.38,3.1811000000000016
COc1ccccc1N1CCN(CCC2CCc3ccc([N+](=O)[O-])cc3C2=O)CC1,7.38,3.560800000000002
O[C@@]1(c2ccc(F)cc2)C[C@H]2CC[C@@H](C1)N2Cc1c[nH]c2ccccc12,7.38,4.321600000000003
COc1ccccc1N1CCN(CCCCNC(=O)c2ccc(-c3ccccc3)cc2)CC1,7.38,4.694400000000004
COc1ccccc1N1CCN(CCCCNC(=O)c2cc3cc(OCCOCCOCCF)ccc3[nH]2)CC1.O=C(O)C(=O)O,7.37,3.0458000000000007
COc1ccccc1N1CCN(CCCN2C(=O)COc3ccccc32)CC1,7.37,2.632900000000001
Cc1nn(-c2ccccc2)cc1CN1CCN(c2ccccc2)CC1,7.37,3.5029200000000023
CC(C)(C)OC(=O)NCCCCCN1CCN(c2cccc(Cl)c2Cl)CC1,7.37,4.810400000000005
CN(C)C(=O)NC[C@H]1CC[C@H](CN2CCN(c3cccc(Cl)c3Cl)CC2)CC1,7.37,4.193000000000003
COc1ccncc1S(=O)(=O)N[C@H]1CC[C@H](N2CCN(c3ccccc3OC(C)C)CC2)CC1,7.37,3.2891000000000012
COc1ccc(F)cc1C1CC1CNCCCCOc1ccc2ccc(=O)[nH]c2c1,7.37,4.228100000000002
COc1ccccc1N1CCN(CCCCc2cn(-c3cccc4cnccc34)nn2)CC1,7.37,3.969000000000003
C=CCN1CCC[C@H]1CNC(=O)c1cc(CCCSC2CC(=O)N(CCCCCC(=O)NCCOCCOCCOCCOCCOCCOCCOCCOCCC(=O)N[C@H](C(=O)N[C@@H](Cc3ccccc3)C(=O)N[C@@H](Cc3ccccc3)C(=O)N[C@@H](Cc3ccc(O)cc3)C(=O)NCC(=O)NCC(=O)N[C@@H](CO)C(=O)N[C@@H](CCCNC(=N)N)C(=O)NCC(=O)N[C@@H](CCCCNC(=O)CN3CCN(CC(=O)O)CCN(CC(=O)O)CCN(CC(=O)O)CC3)C(=O)N[C@@H](CCCNC(=N)N)C(=O)N[C@@H](CC(N)=O)C(=O)N[C@@H](CC(N)=O)C(=O)N[C@@H](Cc3ccccc3)C(=O)N[C@@H](CCCCN)C(=O)N[C@H](C(=O)N[C@@H](CCC(=O)O)C(=O)N[C@@H](CCC(=O)O)C(=O)N[C@@H](Cc3ccc(O)cc3)C(=O)O)[C@@H](C)O)[C@@H](C)O)C2=O)cc(OC)c1OC,7.37,-10.456760000000116
COc1c(Cl)cccc1N1CCN(CCCCNC(=O)c2cnc3ccccc3c2)CC1,7.37,4.229000000000003
CCCN(CCCCNC(=O)c1ccc(-c2ccccc2)cc1)C1CCn2ncc(Cl)c2C1,7.37,5.440500000000005
Cl.Cl.Cn1c(=O)c2c(ncn2CCCN2CCN(C(c3ccc(F)cc3)c3ccc(F)cc3)CC2)n(C)c1=O,7.37,3.352800000000002
CN(C)CCC(C(=O)NCCCCN1CCN(c2cccc(Cl)c2Cl)CC1)(c1ccccc1)c1ccccc1,7.37,5.949800000000006
O=C(NCCCCN1CCN(c2cccc(Cl)c2Cl)CC1)c1cc2ccccc2s1,7.37,5.540300000000004
CCN1CCC[C@H]1CNC(=O)c1cc(S(N)(=O)=O)ccc1OC,7.37,0.5567000000000012
COc1ccccc1N1CCN(CCCCn2cc(-c3ccc4ncccc4c3)nn2)CC1,7.37,4.104300000000003
CN1CCc2ccc(CO)c3c2[C@H]1Cc1ccc(O)c(O)c1-3.Cl,7.37,2.7640000000000025
O=C(CC(F)(F)F)N[C@H]1CC[C@H](CCN2CCC(c3coc4ccccc34)CC2)CC1,7.37,5.629700000000006
COc1cc2c(cc1O)CCN1Cc3c(ccc(OC)c3OC)C[C@@H]21,7.37,3.073500000000002
Cc1cccc(S(=O)(=O)NCCN2CCN(c3nsc4ccccc34)CC2)c1,7.37,2.7052200000000006
C[C@@H]1Cc2ccccc2N1C(=O)CN1CCN(Cc2ccc(Cl)c(Cl)c2)CC1,7.37,4.0888000000000035
OC1(c2ccc(Cl)cc2)C[C@H]2CC[C@@H](C1)N2CCCCc1nc2ccccc2s1,7.36,5.787000000000005
O=C1Cc2cc(CCN3CCN(c4cccc5ccccc45)CC3)ccc2N1,7.36,3.6991000000000023
O=C(CCCN1CCCN(c2ccc(Cl)cc2)CC1)c1ccc(F)cc1,7.36,4.6543000000000045
O=C(NC/C=C/CN1CCN(c2cccc(Cl)c2Cl)CC1)c1ccc(-c2ccncc2)cc1,7.36,5.163600000000004
c1ccc(OC[C@@H]2CC[C@H]3CN(c4ccccc4)CCN3C2)cc1,7.36,3.6662000000000026
Cn1cc(/C=C/C(=O)N[C@H]2CC[C@H](CCN3CCc4nc(OCC(F)(F)F)sc4CC3)CC2)cn1,7.36,3.996800000000003
O=S(=O)(N[C@H]1CCN(CCCc2noc3ccccc23)C1)c1csc2ccccc12,7.36,4.027900000000003
NC(=O)c1ccccc1OCCCN1CCN(c2cccc3c2ccn3Cc2ccc(F)cc2)CC1,7.36,4.518700000000004
CCc1cccc(N2CCN(CCCCNCCC(C(=O)N(C)C)(c3ccccc3)c3ccccc3)CC2)c1Cl,7.36,5.858800000000006
O=C(NCCCCN1CCN(c2cccc(Cl)c2Cl)CC1)c1cccc(F)n1,7.36,3.859700000000003
CCOCCOc1cccc(C(=O)NCCCCN2CCN(c3ccccc3OC)CC2)c1,7.36,3.442700000000002
C[C@H]1CN(CC[C@H]2CC[C@H](N3C(=O)[C@@H]4[C@H](C3=O)[C@@H]3C=C[C@H]4C3)CC2)CCc2ccc(Cl)cc21,7.36,5.057600000000005
CCCN(Cc1ccc(F)cc1)[C@@H]1CCc2c(cccc2OC)C1,7.36,4.603800000000004
CC(C)CC(=O)N[C@H]1CC[C@H](CCN2CCC(c3coc4ccccc34)CC2)CC1,7.36,5.723400000000006
Cn1c(SCCCN2C[C@@H]3CCN(c4ccc(F)cc4)[C@@H]3C2)nnc1C1CCCCC1,7.36,4.694800000000004
COc1ccccc1N1CCN(CCCCn2cc(-c3ccc4[nH]ccc4c3)nn2)CC1,7.36,4.0374000000000025
CCCN1CCc2cc(OC)cc3c2[C@H]1Cc1cccc(O)c1-3,7.36,3.9331000000000036
COc1ccccc1N1CCN(CCCNC(=O)Cc2cccc3ccccc23)CC1.O=C(O)C(=O)O,7.36,2.875
CCCN(CCCCN1C(=O)CC(C)(C)CC1=O)[C@@H]1CCc2ccc3[nH]c(C#N)cc3c2C1,7.36,4.564280000000004
Cc1c(S(=O)(=O)NCCCCN2CCN(c3nsc4ccccc34)CC2)sc2ccc(F)cc12,7.36,4.839220000000005
COc1ccccc1N1CCCN(CCCCNC(=O)c2ccc(Br)s2)CC1,7.36,4.241500000000004
Cc1cccc(S(=O)(=O)NCCCCN2CCN(c3noc4ccccc34)CC2)c1,7.36,3.0169200000000016
COc1ccc(F)cc1[C@@H]1C[C@H]1CNCCCCOc1ccc2ccc(=O)[nH]c2c1,7.36,4.228100000000002
O=S(=O)(NCCN1CC=C(c2c[nH]c3ccc(Cl)cc23)CC1)c1ccc2ccccc2c1,7.36,5.042100000000004
O=C(CCCc1cn(-c2ccc([N+](=O)[O-])cc2)nn1)NCCCCN1CCN(c2cccc(Cl)c2Cl)CC1,7.36,4.523600000000004
COc1ccccc1N1CCN(CCCc2cn(-c3ccc(SC)cc3)nn2)CC1,7.36,3.752600000000003
Cl.OC1(c2ccc(Cl)cc2)CC2CCC(C1)N2CCCCc1nc2ccccc2s1,7.36,6.208800000000006
CCN1CC=C(C2=Cc3ccccc3Cc3ccccc32)CC1.Cl,7.36,5.205200000000005
Clc1cccc(N2CCN(CCCOc3ccc(-c4cn5ccccc5n4)cc3)CC2)c1Cl,7.36,5.899200000000005
CN1CCc2ccccc2Cc2sccc2CC1,7.35,3.3693000000000017
c1cc2c(c(N3CCN(CCc4c[nH]c5ccccc45)CC3)c1)OCCO2,7.35,3.3038000000000016
O=C1Cc2c(ccc3c2OC[C@H](CNCCCC2CCc4c([nH]c5ccc(F)cc45)C2)O3)N1,7.35,4.1163000000000025
NC(=O)c1ccccc1OCCCN1CCN(c2cccc3c2ccn3Cc2cccc(F)c2)CC1,7.35,4.518700000000004
COc1ccc2c(c1OC)-c1ccc(Br)c3c1[C@@H](C2)N(C)CC3,7.35,4.2184000000000035
CN1CCC[C@@H]1CCO[C@](C)(c1ccccc1)c1ccc(Cl)cc1,7.35,5.104400000000005
Br.Cc1ccc(N2CCN(C[C@H]3C[C@@H]3c3ccccc3)CC2)c(C)c1,7.35,4.807040000000004
C=CCN1CCC[C@H]1CNC(=O)c1cc(CCCSC2CC(=O)N(CCCCCC(=O)NCCOCCOCCOCCOCCOCCOCCOCCOCCOCCOCCC(=O)N[C@H](C(=O)N[C@@H](Cc3ccccc3)C(=O)N[C@@H](Cc3ccccc3)C(=O)N[C@@H](Cc3ccc(O)cc3)C(=O)NCC(=O)NCC(=O)N[C@@H](CO)C(=O)N[C@@H](CCCNC(=N)N)C(=O)NCC(=O)N[C@@H](CCCCNC(=O)CN3CCN(CC(=O)O)CCN(CC(=O)O)CCN(CC(=O)O)CC3)C(=O)N[C@@H](CCCNC(=N)N)C(=O)N[C@@H](CC(N)=O)C(=O)N[C@@H](CC(N)=O)C(=O)N[C@@H](Cc3ccccc3)C(=O)N[C@@H](CCCCN)C(=O)N[C@H](C(=O)N[C@@H](CCC(=O)O)C(=O)N[C@@H](CCC(=O)O)C(=O)N[C@@H](Cc3ccc(O)cc3)C(=O)O)[C@@H](C)O)[C@@H](C)O)C2=O)cc(OC)c1OC,7.35,-10.423560000000139
O=C(NCCCCN1CCN(c2cccc(Cl)c2Cl)CC1)c1cc2ccccc2o1,7.35,5.071800000000004
O=C1c2ccccc2S(=O)(=O)N1CCCCCCN1CCN(c2ccccc2Cl)CC1,7.35,3.8671000000000033
O=C1NCc2ccc(OCCCN3CCN(c4cccc5cc(F)ccc45)CC3)cc21,7.35,3.8134000000000023
COc1cccc(N2CCN(CCOc3ccc4[nH]c(=O)[nH]c4c3)CC2)c1,7.35,2.0657999999999994
COc1ccccc1N1CCN(Cc2cccc(CNC(=O)c3ccc4ccccc4c3)c2)CC1.O=C(O)C(=O)O,7.35,4.256200000000002
O=S(=O)(NCCCCN1CCN(c2nsc3ccccc23)CC1)c1cc2ccc(Cl)cc2s1,7.35,5.045100000000005
Cn1cc2c(C(=O)N[C@H]3CC[C@H](CCN4CCC(c5nocc5C(F)(F)C5CC5)CC4)CC3)cccc2n1,7.35,5.621400000000006
CC(C)c1ccccc1OCCN1CCC(N(C)S(=O)(=O)c2cccc(F)c2)CC1,7.35,4.113000000000003
COc1cc(CN2CCN(c3ccccc3OC)CC2)ccc1OCc1cn(CCCCCCCCN(C)CCCCCNC(=O)COc2cncc(C#Cc3csc(C)n3)c2)nn1,7.35,7.394120000000009
COc1ccc([N+](=O)[O-])cc1S(=O)(=O)N[C@H]1CC[C@@H](N2CCN(c3ccccc3OC(C)C)CC2)CC1,7.35,3.8023000000000025
O=c1c2ccccc2ncn1CCCCN1CCN(c2ccccc2)CC1,7.34,2.9989000000000017
C[C@@H](O)[C@@H]1NC(=O)[C@H](CCCCN)NC(=O)[C@@H](Cc2c[nH]c3ccccc23)NC(=O)[C@H](Cc2ccccc2)NC(=O)[C@H](Cc2ccccc2)NC(=O)[C@H](CCCNC(=N)N)NC(=O)[C@H](NCCCCC[C@@H]2C[C@@H]3c4cccc5[nH]cc(c45)C[C@H]3N(C)C2)CCCCNC(=O)[C@H](Cc2ccc(F)cc2)NC1=O,7.34,4.704470000000006
CCCCN(CCC)[C@@H]1CCc2c(F)cccc2C1,7.34,4.195100000000004
Cc1c(S(=O)(=O)NCCCCN2CCN(c3noc4ccccc34)CC2)sc2ccc(F)cc12,7.34,4.370720000000004
CCCC(=O)N[C@H]1CC[C@H](CCN2CCC(c3coc4ccccc34)CC2)CC1,7.34,5.477400000000006
Cc1ccc(C)c(C(=O)CCCN2CCC(O)(c3cc(C)ccc3C)CC2)c1,7.34,4.866780000000005
O=S(=O)(NCCCCN1CCN(c2nsc3ccccc23)CC1)c1cnc2ccccn12,7.34,2.824700000000001
O=S(=O)(NCC1CCN(CCOc2ccccc2-c2ccccc2)CC1)c1ccc(F)cc1,7.34,4.562000000000005
O=c1[nH]c2ccc(OCCN3CCN(c4cccc(Cl)c4)CC3)cc2[nH]1,7.34,2.7106000000000003
O=C1c2ccoc2CCC1CCN1CCC(c2noc3cc(F)ccc23)CC1,7.34,4.574700000000004
COc1ccccc1N1CCN(CCCNC(=O)NN(Cc2cccc(F)c2)c2ccc(F)cc2)CC1,7.34,4.406500000000004
CCC(C)C(=O)N[C@H]1CC[C@H](CCN2CCC(c3coc4ccccc34)CC2)CC1,7.34,5.723400000000006
FCCOc1ccccc1N1CCN(Cc2cc3ccccn3n2)CC1,7.34,3.0048000000000012
O=c1ccc2c(N3CCCN(CCCCOc4ccn5nccc5c4)CC3)ccc(O)c2[nH]1,7.34,3.252700000000002
Cc1ncoc1-c1nnc(SCCCN2C[C@H]3CCN(c4ccc(F)cc4)[C@H]3C2)n1C,7.34,3.610520000000002
COc1ccccc1N1CCN(CCCCNc2nc(N)nc(N)n2)CC1,7.34,1.0589000000000013
CCOc1ccccc1N1CCN(CCC[C@@H]2CC(c3ccc(OC)c(OC)c3)=NO2)CC1,7.34,4.197900000000003
O=S(=O)(N[C@H]1CC[C@H](CCN2CCN(c3cccc4c3OCO4)CC2)CC1)c1ccc(F)cc1,7.34,3.6038000000000032
C#CCOc1ccc(NC(=O)NCCCN2CCN(c3ccccc3OC)CC2)c(-c2ccccc2)c1,7.34,4.708000000000005
O=C1COc2ccc(CCN3CCN(c4cc(F)cc5sccc45)CC3)cc2N1,7.34,3.7360000000000024
CC(C)c1ccccc1OCCN1CCC(N(C)S(=O)(=O)c2cnn(C)c2)CC1,7.34,2.7074000000000007
O=C(CCCCCCCCCCC(=O)OC1(c2ccc(Cl)cc2)CCN(CCCC(=O)c2ccc(F)cc2)CC1)OC1(c2ccc(Cl)cc2)CCN(CCCC(=O)c2ccc(F)cc2)CC1,7.34,12.86759999999998
c1cnc(N[C@H]2CC[C@H](CCN3CCN(c4nccs4)CC3)CC2)nc1,7.34,3.116100000000002
CN1CCN(c2cccc(Cl)c2Cl)CC1,7.34,2.7452000000000014
O=C(NC/C=C/CN1CCN(c2cccc(Cl)c2Cl)CC1)c1ccc(-c2ncccn2)cc1,7.34,4.558600000000004
COc1cc2c(cc1OC)CN(Cc1ccccc1CNC(=O)c1cccc(C#N)c1)CC2,7.34,4.063780000000003
CCN(CCN1CCC(c2c[nH]c3cc(F)ccc23)CC1)C(=O)[C@H](C)O,7.34,2.7157000000000013
CCCN1CCC[C@@H]2Cc3c(ccc4c3OCO4)C[C@H]21,7.34,3.004500000000002
COc1ccccc1N1CCN(CCCCOc2ccc(-c3cn4cc(C)ccc4n3)cc2)CC1,7.33,5.299520000000006
Brc1ccc(N2CCN(Cc3ccccc3)CC2)c2cc[nH]c12,7.33,4.252600000000003
Cc1ccc(C(=O)OC2(c3ccc(Cl)cc3)CCN(CCCC(=O)c3ccc(F)cc3)CC2)cc1,7.33,6.598720000000006
CO/N=C(/CCN1CCN(c2ccccn2)CC1)c1cccc(F)c1,7.33,2.783500000000001
Nc1ccc2c(c1)C(=O)C(CCN1CCC(c3noc4cc(F)ccc34)CC1)CC2,7.33,4.563900000000004
CS(=O)(=O)N[C@H]1CC[C@H](CCN2CCC(c3coc4ccccc34)CC2)CC1,7.33,4.110300000000004
O=C(N[C@H]1CC[C@H](CCN2CCC(c3coc4ccccc34)CC2)CC1)C(O)C(F)(F)F,7.33,4.600500000000005
CN1CCc2ccc(Cc3ccc(O)cc3)c3c2[C@H]1Cc1ccc(O)c(O)c1-3.Cl,7.33,4.568100000000006
CCCN(CCC)C1COc2ccc3nc(N)sc3c2C1,7.33,3.304000000000001
O=C(N[C@H]1CC[C@H](CCN2CCC(c3coc4ccccc34)CC2)CC1)c1ccc(-n2cccn2)cc1,7.33,6.176800000000006
CN(C)S(=O)(=O)N[C@H]1CC[C@H](CCN2CCC(c3coc4ccccc34)CC2)CC1,7.33,3.957100000000003
COc1cc2c(cc1O)CN(Cc1ccccc1CNC(=O)c1ccc(Cl)cc1)CC2,7.33,4.542500000000004
O=S(=O)(c1ccccc1)n1ccc2c(N3CCN(CCCCOc4ccc(F)cc4)CC3)cccc21,7.33,4.998600000000005
CCOc1ccc2c(c1)C(C1=C[C@H](C)N(C)CC1)=Nc1cc(Cl)ccc1N2,7.33,5.566900000000004
COc1ccccc1N1CCN(CCCCNC(=O)c2coc3ccccc3c2=O)CC1.O=C(O)C(=O)O,7.33,2.2893999999999997
Cl.O=C1C(c2ccc(F)cc2)COC12CCN(Cc1ccccc1)CC2,7.33,3.965200000000003
CC(=O)N(CCCN[C@@H]1CCCCNC(=O)[C@H](Cc2ccc(F)cc2)NC(=O)[C@H]([C@@H](C)O)NC(=O)[C@H](CCCCN)NC(=O)[C@@H](Cc2c[nH]c3ccccc23)NC(=O)[C@H](Cc2ccccc2)NC(=O)[C@H](Cc2ccccc2)NC(=O)[C@H](CCCNC(=N)N)NC1=O)C[C@@H]1C[C@@H]2c3cccc4[nH]cc(c34)C[C@H]2N(C)C1,7.33,3.3826699999999983
COc1ccccc1N1CCN(CCCCNS(=O)(=O)c2ccc3ccccc3c2)CC1,7.33,3.7291000000000025
COc1ccccc1N1CCN(CCCCc2cn(-c3ccc(F)cc3)nn2)CC1,7.33,3.5599000000000025
O=C(OCCN1CCN(CCCN2c3ccccc3Sc3ccc(C(F)(F)F)cc32)CC1)c1ccc(OCCCN2CCCCC2)cc1,7.33,7.427600000000008
O=C(CO)N[C@H]1CC[C@H](CCN2CCC(c3coc4ccccc34)CC2)CC1,7.33,3.6696000000000026
CCCCCc1cc2c(s1)C[C@H]1c3cc(O)c(OC)cc3CCN1C2,7.33,4.850500000000005
O=C(O)C(=O)O.OC1(c2ccccc2)CCN(Cc2cc3ccccc3s2)CC1,7.33,3.5405000000000024
COc1ccccc1N1CCN(CCCNC(=O)NN(Cc2ccccc2F)c2ccc(F)cc2)CC1,7.33,4.406500000000003
Clc1cccc(N2CCN(CCCCc3cn(-c4ccc5[nH]ccc5c4)nn3)CC2)c1Cl,7.33,5.200300000000005
Cc1ccc(Cl)c(N2CCN(CCCCNC(=O)c3ccc4oc(=O)[nH]c4c3)CC2)c1,7.33,3.4151200000000017
C[C@H]1C[C@H](NS(=O)(=O)c2ccc3ccccc3c2)CN1CCCc1noc2cc(F)ccc12,7.33,4.494000000000004
O=C(CCCN1CCC(O)(c2ccc(Cl)cc2)CC1)c1cccc(F)c1F,7.33,4.564700000000004
O=C1c2ccccc2S(=O)(=O)N1CCCCCCN1CCN(c2ccccc2)CC1,7.32,3.213700000000002
CCS(=O)(=O)N[C@H]1CC[C@H](CCN2CCC(c3coc4ccccc34)CC2)CC1,7.32,4.500400000000004
COc1ccccc1N1CCN(CCNC(=O)c2sc3nc(OC)c(Cl)c(C)c3c2N)CC1,7.32,3.4095200000000014
CCC(=O)N[C@H]1CC[C@H](CCN2CCC(c3coc4ccccc34)CC2)CC1,7.32,5.087300000000005
COc1ccccc1OCCNCCc1ccc(O)c(O)c1,7.32,2.317500000000001
CCCN(CCCCc1cn(CCOCCOCCOCCOCCOCCn2cc(CCCCN(CCC)C3Cc4ccccc4C3)nn2)nn1)C1Cc2ccccc2C1,7.32,6.057000000000009
Cn1c(SCCCN2CC3CCN(c4cccc(C#N)c4)C3C2)nnc1-c1cnccn1,7.32,2.836680000000001
O=C(N[C@H]1CC[C@H](CCN2CCC(c3coc4ccccc34)CC2)CC1)C1(O)CC1,7.32,4.202200000000003
CCCN(CCN1CCN(C(=O)c2cc3ccccc3[nH]2)CC1)[C@H]1CCc2c(O)cccc2C1,7.32,3.900800000000002
CCCN1CCC[C@@H](c2cccc(OS(=O)(=O)C(F)(F)F)c2)C1,7.32,3.504400000000003
CCCN(CCC)C1COc2c(cccc2-c2ccoc2)C1,7.32,4.372100000000004
Brc1ccc(NCCN2CCN(CCc3c[nH]c4ccccc34)CC2)cc1,7.32,4.202600000000003
O=C(NCCCCN1CCN(c2cccc(Cl)c2Cl)CC1)c1cc2ccccc2[te]1,7.32,4.535800000000004
O=S(=O)(NCCCCN1CCN(c2nsc3ccccc23)CC1)c1ccc(OC(F)(F)F)cc1,7.32,4.075600000000003
COc1ccccc1N1CCN(C/C=C/CNC(=O)c2ccc3c(c2)Cc2ccccc2-3)CC1,7.32,4.374600000000004
O=S(=O)(NCCCN1CCN(c2nsc3ccccc23)CC1)c1cc2ccccc2s1,7.32,4.001600000000003
C#Cc1ccc(C(=O)NCCN2CCN(c3cccc(Cl)c3Cl)CC2)cc1,7.32,3.5267000000000017
COc1ccc(F)cc1C1CC1CNCCCCOc1ccc2c(c1)NC(=O)CC2,7.31,4.271300000000003
CCCN(CCCCNC(=O)c1ccc(-c2ccccc2)cc1)[C@@H]1CCn2nccc2C1,7.31,4.787100000000005
CNc1ncc2c(n1)CC(CN1CCC(c3noc4cc(F)ccc34)CC1)CC2=O,7.31,3.423300000000002
O=C(Cc1ccncc1)Nc1ccc(CCN2CCN(c3ccccc3)CC2)cc1,7.31,3.627500000000002
Fc1ccc(-c2cccc(CN3CCN(c4ncccn4)CC3)c2)cc1,7.31,3.6049000000000015
O=c1[nH]c2ccc(CCN3CCN(c4cccc5sccc45)CC3)cc2s1,7.31,4.169000000000004
Cc1ccc(C(=O)NCN2CCN(c3ccccc3Cl)CC2)cc1,7.31,3.1579200000000016
CC(C)(C)c1nc(N2CCN(CCCCNC(=O)c3cn4ccncc4n3)CC2)cc(C(F)(F)F)n1,7.31,3.1678000000000006
COc1ccccc1N1CCN(CCCOc2ccc(-c3cn4cccc(C)c4n3)cc2)CC1,7.31,4.909420000000004
COc1ccccc1N1CCN(CCCOc2ccc(-c3cn4ccccc4n3)cc2)CC1,7.31,4.601000000000004
O=C(CCCN1CCc2ccccc2C1)c1ccc(F)cc1,7.31,3.8469000000000033
COc1ccccc1N1CCN(CCCCNC(=O)CCc2ccccc2)CC1.O=C(O)C(=O)O,7.31,2.502
COc1ccccc1OCCNCC(O)COc1cccc2[nH]c3ccccc3c12,7.31,3.738000000000002
COc1ccccc1OCCNC[C@H](O)COc1cccc2[nH]c3ccccc3c12,7.31,3.738000000000002
O=S(=O)(NCCCCN1CCN(c2nsc3ccccc23)CC1)c1ccc2cc(Cl)ccc2c1,7.31,4.983600000000005
COc1c(O)ccc2c1CN1CCc3cc4c(cc3[C@@H]1C2)OCO4,7.31,2.785000000000001
CN(C[C@H]1C[C@@H]1CCNC(=O)c1cc2ccccc2[nH]1)[C@@H]1Cc2cccc3[nH]c(=O)n(c23)C1,7.31,3.1236000000000015
COC(CC(=O)N[C@H]1CC[C@H](CCN2CCC(c3coc4ccccc34)CC2)CC1)OC,7.31,4.686300000000005
O=C(Nc1ccncc1)Nc1cccc(CCN2CCN(c3ccccc3)CC2)c1,7.31,4.090300000000004
COc1ccc(-n2cc(C(=O)NCCCCN3CCN(c4cccc(Cl)c4Cl)CC3)nn2)cc1,7.31,3.914900000000003
CC(=O)N1CCC(C)c2cc(Cl)cc(CCN3CCN(c4nsc5ccccc45)CC3)c21,7.301029995663981,5.174500000000005
COc1ccccc1N1CCN(CC2CN=C3c4ccccc4N=C(SC)N32)CC1,7.301029995663981,3.3123000000000022
CN(CCN1CCN(c2cccc(Cl)c2)C1=O)Cc1cc2ccccc2s1,7.3,4.9287000000000045
COc1ccc(-c2cccc(CN3CCN(c4ncccn4)CC3)c2)cc1,7.3,3.474400000000002
COc1cc2c(cc1OC)CN(Cc1ccccc1CNC(=O)c1ccc(C#N)cc1)CC2,7.3,4.063780000000003
Cc1ncoc1-c1nnc(SCCCN2CC3CCN(c4ccc(C(F)(F)F)cc4F)C3C2)n1C,7.3,4.629320000000004
C=CCN1CC[C@@H]2c3cccc(OC)c3CC[C@H]21,7.3,2.9853000000000014
COc1cccc(CCN(C)CCN2CCN(c3cccc(Cl)c3)C2=O)c1,7.3,3.765100000000003
CCCN[C@@H]1CCc2ccc(OS(=O)(=O)C(F)(F)F)cc2C1.Cl,7.3,3.193700000000002
CC(=O)N[C@H]1CC[C@H](CCN2CCC(c3coc4ccccc34)CC2)CC1,7.3,4.697200000000005
CC(C)c1ccccc1OCCN1CCC(N(C)S(=O)(=O)c2ccc(F)cc2)CC1,7.3,4.113000000000003
CC(C)Nc1cc2c(cc1NS(=O)(=O)c1ccc(-c3ccc(Cl)cc3)cc1)CCN(C)CC2,7.3,5.658500000000005
O=c1[nH]c2cccc(N3CCN(CCCC4CCc5c([nH]c6ccc(F)cc56)C4)CC3)c2o1,7.3,4.448800000000004
COc1ccc(C)cc1S(=O)(=O)N[C@H]1CC[C@H](N2CCN(c3ccccc3OC(C)C)CC2)CC1,7.3,4.202520000000003
N#Cc1ccc2c(c1)[C@@H]1CN(CCCCNC(=O)c3ccc(-c4ccccc4)cc3)C[C@H]1CO2,7.3,4.843280000000004
Clc1cccc(C2CCN(CCCOc3ccc4scnc4c3)CC2)c1Cl,7.3,6.251600000000005
CN1CCN(c2ccc(C(=O)N[C@H]3CC[C@H](CCN4CCC(c5coc6ccccc56)CC4)CC3)cc2)CC1,7.3,5.742900000000006
CSc1ccccc1OCCN1CCC(CNS(=O)(=O)c2cccc(Cl)c2)CC1,7.3,4.131200000000003
CN1CCc2ccc(NS(=O)(=O)c3ccc(-c4ccc(F)c(Cl)c4)cc3)cc2CC1,7.3,4.977300000000004
CC(C)c1ccccc1OCCN1CCC(CNS(=O)(=O)c2ccc(F)cc2)CC1,7.3,4.018400000000002
O=C(C[C@@H](O)C(F)(F)F)N[C@H]1CC[C@H](CCN2CCC(c3coc4ccccc34)CC2)CC1,7.3,4.990600000000005
CC(=O)c1ccc2c(c1)CC(CN1CCC(c3noc4cc(F)ccc34)CC1)CC2=O,7.3,4.7942000000000045
COc1ccccc1N1CCN(CCCCNC(=O)/C=C/c2cccc(C(F)(F)F)c2)CC1.O=C(O)C(=O)O,7.3,3.6014000000000017
Nc1cc(O)ccc1C(=O)CCCN1CC[C@H]2[C@@H](C1)c1cccc3c1N2CCCS3,7.3,4.111200000000004
COc1ccccc1N1CCN(CCC2CCc3ccc(N)cc3C2=O)CC1,7.3,3.234800000000001
COc1ccccc1N1CCN(CCCCn2cc(-c3ccc4c(c3)Cc3ccccc3-4)nn2)CC1,7.3,5.127300000000004
Brc1ccc2c(c1)C1CN(Cc3ccccc3)CC1CO2,7.3,4.057100000000004
COc1ccccc1N1CCN(CCCCN2C(=O)c3ccccc3C2=O)CC1.O=C(O)C(=O)O,7.3,2.0492
O=S(=O)(CC1CCN(CCCc2noc3cc(F)ccc23)C1)c1ccc(Cl)c(Cl)c1,7.3,5.002100000000005
O=C(CCCCCN1CCN(c2ccccc2Cl)CC1)NC1CCCc2ccccc21,7.29,5.216200000000005
O=C1Cc2cc(CCN3CCC(c4cccc5sccc45)CC3)c(Cl)cc2N1,7.29,5.4714000000000045
CS(=O)(=O)CC(=O)N[C@H]1CC[C@H](CCN2CCC(c3coc4ccccc34)CC2)CC1,7.29,3.7219000000000024
Cc1cccc(N2CCN(CCc3ccc4[nH]nnc4c3)CC2)c1C,7.29,2.939440000000001
COc1ccccc1N1CCN(CCCCc2cn(-c3ccc4[nH]ccc4c3)nn2)CC1,7.29,3.9021000000000026
O=Cc1cnn2ccc(-n3cc(CCCCN4CCN(c5cccc(Cl)c5Cl)CC4)nn3)cc12,7.29,4.179200000000003
O=C(N[C@H]1CC[C@H](CCN2CCC(c3coc4ccccc34)CC2)CC1)c1ccc(N2CCOCC2)nc1,7.29,5.222700000000005
COc1ccc(C2CC(=O)c3c(O)cc(OCCCCN4CCC(c5noc6cc(F)ccc56)CC4)cc3O2)cc1,7.29,6.426200000000007
CCCN(CCN1CCN(CCc2c[nH]c3ccccc23)CC1)c1ccc(Br)cc1,7.29,5.007100000000005
CCOC(=O)/C=C1\[C@@H]2CCC[C@@]1(c1cccc(O)c1)CCN2CCN1CCN(c2cccc(Cl)c2Cl)CC1,7.29,5.506700000000007
COc1ccccc1N1CCN(CCCNC(=O)/N=N/c2ccc(F)cc2)CC1,7.29,3.8399000000000028
O=[N+]([O-])c1ccc(CCN2CCN(c3ccccc3)CC2)cc1[N+](=O)[O-],7.29,2.867700000000001
CC(C)c1ccccc1OCCN1CCC(NS(=O)(=O)c2ccccc2F)CC1,7.29,3.770800000000002
CC(C)Oc1ccccc1N1CCN([C@H]2CC[C@@H](NS(=O)(=O)c3ccccc3[N+](=O)[O-])CC2)CC1,7.29,3.793700000000003
O=C1NCc2cc(Cl)c(OCCCN3CCN(c4cccc5ccccc45)CC3)cc21,7.29,4.327700000000004
O=S(=O)(NCCCCN1CCN(c2noc3ccccc23)CC1)c1ccc2cc(Cl)ccc2c1,7.29,4.515100000000004
CN1CCc2cc(Cl)c(O)cc2[C@H]2c3cccc(-c4ccc5[nH]ccc5c4)c3CC[C@@H]21,7.29,6.128500000000006
O=C1c2ccccc2S(=O)(=O)N1CCCCCCN1CCN(c2ncccn2)CC1,7.29,2.0037000000000003
Cc1nc2ccc(CCCCCN3CCN(c4cccc5sccc45)CC3)cc2c(=O)[nH]1,7.29,4.981220000000004
CC(C)c1ccccc1OCCN1CCC(NS(=O)(=O)c2ccc(F)cc2)CC1,7.29,3.770800000000002
CN(C)C(=O)N[C@H]1CC[C@H](CCN2CCC(c3cccc4c3OCO4)CC2)CC1,7.28,3.8148000000000026
COc1ccccc1N1CCN(CCCCNC(=O)c2ccc(OCCOCCOCCF)cc2)CC1.O=C(O)C(=O)O,7.28,2.5645000000000016
Clc1cncc(NCCCCN2CCN(c3ccccc3)CC2)n1,7.28,3.144300000000002
O=C(CCCN1CCN(c2ccccn2)CC1)c1ccc(F)cc1,7.28,3.0058000000000016
CC1(C)C(=O)Nc2cccc3c2N1[C@H]1CCN(CCCOc2ccc(F)cc2)C[C@@H]31,7.28,4.003400000000004
CC(C)(C)CC(=O)N[C@H]1CC[C@H](CCN2CCC(c3coc4ccccc34)CC2)CC1,7.28,6.113500000000006
CC[C@H](C)[C@@H](CO[C@@H](Cc1ccccc1)C(=O)N[C@@H](CCS(C)(=O)=O)C(=O)OC(C)C)NC[C@@H](N)CS,7.28,1.746800000000003
Cn1cc2c(C(=O)N[C@H]3CC[C@H](CCN4CCN(c5nocc5C(C)(F)F)CC4)CC3)cccc2n1,7.28,4.173900000000003
COc1ccccc1N1CCN(CCCCOc2ccc(-c3cn4ccc(C)cc4n3)cc2)CC1,7.28,5.299520000000006
c1ccc(CN2CCN(c3cccc4[nH]ccc34)CC2)cc1,7.28,3.4901000000000018
C=CCN1CCC[C@H]1CNC(=O)c1cc(CCCSC2CC(=O)N(CCCCCC(=O)NCCOCCOCCOCCOCCC(=O)N[C@@H](CCCCNC(=O)CN3CCN(CC(=O)O)CCN(CC(=O)O)CCN(CC(=O)O)CC3)C(=O)N[C@@H](Cc3cnc[nH]3)C(=O)N[C@@H](C)C(=O)N[C@H](C(=O)N[C@@H](Cc3ccc(O)cc3)C(=O)N3CCC[C@H]3C(=O)N[C@@H](CCCNC(=N)N)C(=O)N[C@@H](Cc3cnc[nH]3)C(=O)O)[C@@H](C)CC)C2=O)cc(OC)c1OC,7.28,-1.5493299999999497
Cc1ccc(S(=O)(=O)N[C@H]2CC[C@H](N3CCN(c4ccccc4OC(C)C)CC3)CC2)cc1Cl,7.28,4.847320000000004
COc1c(Cl)cccc1N1CCN(CCCCNC(=O)c2cc3ccccc3[nH]2)CC1,7.28,4.162100000000002
COCCS(=O)(=O)n1ccc2c(-c3ccc(C(F)(F)F)cc3)cc(N3CCN(C)CC3)nc21,7.28,3.2982000000000022
O=C1Cc2c(cccc2N2CCN(CCCCNC(=O)c3ccc4ccccc4c3)CC2)N1,7.28,3.6666000000000025
COc1cc2c(cc1O)CN(Cc1ccccc1CNC(=O)c1ccc(F)cc1)CC2,7.28,4.028200000000003
Cc1ccc(-c2nc(O)n(C3CCN(Cc4ccccc4)CC3)c2C)cc1,7.28,4.709640000000004
COc1ccc(NC(=O)NCCCN2CCN(c3ccccc3OC)CC2)cc1-c1ccc(F)cc1,7.28,4.843700000000005
CC1Cc2ccccc2N1C(=O)CC1CCN(Cc2cccc(F)c2)CC1,7.28,4.405600000000004
CCOc1ccc(N2CCN(CCCCOc3ccc4c(c3)NC(=O)CC4)CC2)cc1,7.28,3.9512000000000027
OC1(c2ccc(Cl)cc2)CC2CCC(C1)N2CCc1c[nH]c2ccccc12,7.28,4.878400000000004
C[C@H](NC(=O)CCCCCN1CCN(c2ccccc2-c2ccccc2)CC1)c1ccccc1,7.28,5.913400000000006
Nc1nc(NCCCCN2CCN(c3ccccc3)CC2)nc(NCCc2c[nH]c3ccccc23)n1,7.28,3.604000000000001
Cc1ccc(C2CCN(Cc3ccc4c(c3)NC(=O)CO4)CC2)cc1,7.28,3.7055200000000017
COc1ccccc1N1CCN(CCCCN2CCc3c(cccc3-c3ccccc3)C2=O)CC1,7.28,4.962900000000005
O=C(NCCCCN1CCN(c2cccc(C(F)(F)F)c2)CC1)c1cc2ccccc2[nH]1,7.28,4.518900000000003
CN1CCN(C2=Nc3ccccc3Oc3ccc(OS(=O)(=O)C(F)(F)F)cc32)CC1,7.28,3.346400000000002
O=C(CC1CCCO1)N[C@H]1CC[C@H](CCN2CCC(c3coc4ccccc34)CC2)CC1,7.28,5.246400000000006
CN(CC/C=C1\c2ccccc2Sc2ccc(Cl)cc21)Cc1ccc(OCCCN2CCCCC2)cc1,7.28,8.013200000000008
O=C(N[C@H]1CC[C@H](CCN2CCC(c3coc4ccccc34)CC2)CC1)C1CCOC1,7.28,4.713800000000004
CCN(CCN1CCC(c2noc3cc(F)ccc23)CC1)C(=O)C1(O)CCNC1,7.28,1.7191999999999996
CN(C1CCN(CCOc2ccccc2-c2ccccc2)CC1)S(=O)(=O)c1ccccc1,7.28,4.5175000000000045
CCCCn1cc(CCCCOc2ccc(CN3CCN(c4ccccc4OC)CC3)cc2OC)nn1,7.28,4.819300000000005
Cc1ccc2c3c1-c1c(ccc(O)c1O)C[C@H]3N(C)CC2.Cl,7.27,3.580120000000003
O=C1c2cccnc2CCN1CCN1CCC(c2noc3cc(F)ccc23)CC1,7.27,3.2398000000000016
Clc1cccc(N2CCN(CCCc3cn(-c4ccn5nccc5c4)nn3)CC2)c1Cl,7.27,3.976600000000003
Cc1ncoc1-c1nnc(SCCCN2C[C@H]3CCN(c4ccc(C(F)(F)F)cc4)[C@H]3C2)n1C,7.27,4.490220000000003
O=S(=O)(NCCCCN1CCN(c2noc3ccccc23)CC1)c1cc2ccc(Cl)cc2s1,7.27,4.5766000000000036
O=C(NC[C@H]1C[C@@H]1CN1CCN(c2cccc(Cl)c2Cl)CC1)c1ccc(-c2ccccn2)cc1,7.27,5.2435000000000045
Cc1ncoc1-c1nnc(SCCCN2C[C@H]3CCN(c4ccc(C(F)(F)F)cc4F)[C@H]3C2)n1C,7.27,4.629320000000004
CC(C)(O)C(=O)N[C@H]1CC[C@H](CCN2CCC(c3coc4ccccc34)CC2)CC1,7.27,4.4482000000000035
CC(C)Oc1ccccc1N1CCN(C2CCC(NC(=O)Nc3ccc(F)c(F)c3)CC2)CC1,7.27,5.006900000000004
CN(C1CCN(CCOc2ccccc2-c2ccccc2)CC1)S(=O)(=O)c1ccc(F)cc1,7.27,4.6566000000000045
C[C@H]1C[C@H](NS(=O)(=O)c2csc3ccccc23)CN1CCCc1noc2cc(F)ccc12,7.27,4.555500000000004
C[C@H]1C[C@H](NS(=O)(=O)c2cc3ccc(F)cc3s2)CN1CCCc1noc2cc(F)ccc12,7.27,4.694600000000004
Cc1c(S(=O)(=O)N[C@H]2C[C@H](C)N(CCCc3noc4cc(F)ccc34)C2)sc2ccc(Cl)cc12,7.27,5.517320000000005
C=CCN1CCC[C@H]1CNC(=O)c1cc(CCCSC2CC(=O)N(CCCCCC(=O)NCCOCCOCCOCCOCCOCCOCCOCCOCCC(=O)N[C@@H](Cc3cnc[nH]3)C(=O)N[C@@H](C)C(=O)N[C@H](C(=O)N[C@@H](Cc3ccc(O)cc3)C(=O)N3CCC[C@H]3C(=O)N[C@@H](CCCNC(=N)N)C(=O)N[C@@H](Cc3cnc[nH]3)C(=O)O)[C@@H](C)CC)C2=O)cc(OC)c1OC,7.27,1.2703699999999836
COc1cc2c(cc1O)C1Cc3ccc(OCC4CC4)c(OC)c3CN1CC2,7.27,3.8537000000000026
c1cc2c3c(c[nH]c3c1)CC1CN(CC3CCCCC3)CCN21,7.27,3.794900000000003
COc1ccccc1N1CCN(CCCCNC(=O)c2ccc3ccccc3n2)CC1.O=C(O)C(=O)O,7.27,2.7312000000000003
CSc1ccc(C2(O)CCN(Cc3coc4ccccc34)CC2)cc1,7.27,4.638300000000004
Clc1cccc(N2CCN(CCCCn3cc(-c4ccc5ncccc5c4)nn3)CC2)c1Cl,7.27,5.402500000000005
CN(CC1CCN(CCOc2ccccc2)CC1)C(c1ccc(Cl)cc1)c1ccccn1,7.26,5.5472000000000055
O=C(N[C@H](c1ccc2c(c1)OC(F)(F)O2)c1ccccn1)C1CCN(CCOc2ccccc2F)CC1,7.26,4.538800000000005
O=C(N[C@@H](c1ccc2c(c1)OC(F)(F)O2)c1ccccn1)C1CCN(CCOc2ccccc2F)CC1,7.26,4.538800000000005
CS(=O)(=O)Nc1cccc(N2CCN(CCCCNC(=O)c3ccc4ccccc4c3)CC2)c1,7.26,3.5435000000000016
Cn1cnc(S(=O)(=O)N[C@H]2CC[C@H](CCN3CCN(c4cccc5c4OCO5)CC3)CC2)c1,7.26,2.1982
COc1ccccc1N1CCN(CCCCNC(=O)c2ccc(CCF)cc2)CC1,7.26,3.5394000000000023
FC(F)(F)CN(CC1CCN(CCOc2ccccc2)CC1)C(c1ccc(Cl)cc1)c1ccccn1,7.26,6.479700000000007
CC1(C(=O)NC(c2ccc(F)cc2)c2ccccn2)CCN(CCOc2ccccc2)CC1,7.26,4.607400000000005
O=C(NC(c1ccc(Cl)cc1)c1ccc(F)cn1)C1CCN(CCOc2ccccc2F)CC1,7.26,5.009800000000005
O=C(NCCC(O)CN1CCN(c2cccc(Cl)c2Cl)CC1)c1ccc2c(c1)-c1ccccc1C2,7.26,4.867600000000005
O=C(NC(c1ccc(F)cc1)c1ccccn1)C1CCN(CCOc2ccccc2Cl)CC1,7.26,4.870700000000005
O=C(NC/C=C/CN1CCN(c2cccc(Cl)c2Cl)CC1)c1ccc(-c2cccnc2)cc1,7.26,5.163600000000004
CC(C)Oc1ccccc1N1CCN([C@H]2CC[C@@H](NS(=O)(=O)c3ccccc3C#N)CC2)CC1,7.26,3.7571800000000026
O=C(NCCCCN1CCN(c2cccc(Cl)c2Cl)CC1)c1ccc2c(c1)Cc1ccccc1-2,7.26,5.896800000000005
O=C(NC(c1ccc(F)cc1)c1ccc(Cl)cc1)C1CCN(CCOc2ccccc2)CC1,7.26,5.475700000000005
O=C(O)C(=O)O.O=C1CCc2ccccc2N1CCCN1CCN(c2cccc(Cl)c2Cl)CC1,7.26,3.640500000000002
COc1ccc(S(=O)(=O)N[C@H]2CC[C@H](N3CCC(c4ccccc4OC(C)C)CC3)CC2)cc1OC,7.26,4.960100000000005
CN1CCc2ccc(OCCCN3CCN(c4ccccc4F)CC3)cc2C1=O,7.26,3.044900000000002
C[C@H]1C[C@H](NS(=O)(=O)c2cc3ccccc3s2)CN1CCCc1noc2cc(F)ccc12,7.26,4.555500000000004
O=C(NC(c1ccc(Cl)cc1)c1ccccn1)C1CCN(CCOc2ccccc2Cl)CC1,7.26,5.385000000000005
O=C(NC(c1ccc(Cl)cc1)c1ccccn1)C1CCN(CCOc2ccccc2C(F)(F)F)CC1,7.26,5.750400000000005
O=C1CCc2ccccc2N1OCCN1CCC(n2c(=O)[nH]c3ccccc32)CC1,7.26,2.8775000000000013
CN1CCC(=C2c3ccccc3C=Cc3ccccc32)CC1,7.26,4.697900000000004
CC1(C)CCNc2c(CCN3CCN(c4nsc5ccccc45)CC3)cc(F)cc21,7.26,4.893300000000004
CN1CCc2ccccc2Cc2c([nH]c3ccccc23)CC1,7.26,3.789100000000002
CN(CC1CCN(CCOc2ccccc2F)CC1)C(c1ccc(Cl)cc1)c1ccccn1,7.26,5.6863000000000055
COc1cccc(C(c2ccccn2)N(C)CC2CCN(CCOc3ccccc3F)CC2)c1,7.26,5.0415000000000045
O=S(=O)(NCCCN1CCN(c2noc3ccccc23)CC1)c1cccs1,7.26,2.3799
Cc1ccc2c(c1)N1OC(CN(C)C)CC1c1ccccc1C2,7.26,3.7124200000000025
CCCN[C@@H]1Cc2cccc3c2n(c(=O)n3CCCCCCOCCCCc2ccccc2)C1,7.26,5.327200000000006
CN1CCc2ccc3c(=O)[nH]c4cccc5c4c3c2[C@H]1C5,7.26,2.766400000000001
Clc1ccc([C@@H](NCC2CCN(CCOc3ccccc3)CC2)c2ccccn2)cc1,7.26,5.2050000000000045
O=C(NC(c1ccc(Cl)cc1)c1ccccn1)C1CCN(CCOc2ccccc2)CC1,7.26,4.731600000000005
O=C(NC(c1ccc2c(c1)OCO2)c1ccccn1)C1CCN(CCOc2ccccc2F)CC1,7.26,3.9460000000000033
Clc1ccc(C(NCC2CCN(CCOc3ccccc3)CC2)c2ccccn2)cc1,7.26,5.2050000000000045
CN(CC1CCN(CCOc2ccccc2)CC1)[C@H](c1ccc(Cl)cc1)c1ccccn1,7.26,5.5472000000000055
O=C1[C@@H]2[C@H]3CC[C@H](C3)[C@@H]2C(=O)N1CCCCCCN1CCN(c2cccc(Cl)c2Cl)CC1,7.26,4.7069000000000045
CCCN(CCC)[C@@H]1CCc2c(O)cccc2C1,7.26,3.371500000000002
COc1ccccc1N1CCN(C/C=C/CNC(=O)c2ccc(OCCF)cc2)CC1.O=C(O)C(=O)O,7.26,2.3072999999999997
CC(C)Oc1ccccc1N1CCN([C@H]2CC[C@H](NS(=O)(=O)c3cccnc3)CC2)CC1,7.26,3.2805000000000017
CCN(CCN1CCC(c2noc3cc(F)ccc23)CC1)C(=O)C1CCCCC1O,7.26,3.5459000000000027
Br.C=CCN1CCc2c(cc(O)c(O)c2Cl)C(c2ccccc2)C1,7.26,4.505100000000004
CC[C@@H](O)CC(=O)N[C@H]1CC[C@H](CCN2CCC(c3coc4ccccc34)CC2)CC1,7.26,4.838300000000005
O=C1CC(CN2CC=C(c3c[nH]c4cc(F)ccc34)CC2)Cc2nc(N3CCCC3)sc21,7.26,4.898100000000005
COc1ccccc1N1CCN(CCCCNC(=O)c2ccc3c(c2)Cc2ccccc2-3)CC1,7.26,4.598600000000004
CCCC(=O)Oc1cccc2c1-c1cccc3c1[C@@H](C2)N(CCC)CC3,7.26,4.924400000000005
Cn1c(C(N)=O)ccc1-c1cccc(OC(=O)NCCN2CCN(c3ccccc3)CC2)c1,7.25,2.7016
Cc1c(-c2ccccc2)nc(O)n1C1CCN(Cc2ccccc2)CC1,7.25,4.401220000000003
C[C@H]1CO[C@@H](c2ccc(N)nc2)CN1C/C=C1\CCC(CNC(=O)c2cc3ccccc3[nH]2)C1,7.25,4.063400000000002
O=C(NCc1ccccc1CN1CCc2cc(O)c(O)cc2C1)c1cccc(Br)c1,7.25,4.348600000000005
CCCN(CCC)[C@@H]1Cc2cccc3c2n(c(=O)n3CCCCNC(=O)c2cc3ccccc3[nH]2)C1,7.25,4.5412000000000035
CN1CCc2ccccc2Cc2ccccc2CC1,7.25,3.307800000000002
COc1ccccc1N1CCCN(CCCCNC(=O)c2ccc(C)s2)CC1,7.25,3.7874200000000027
O=C1c2cccc3cccc(c23)N1CCCCCCN1CCN(c2nsc3ccccc23)CC1,7.25,5.792300000000006
Clc1cccc(N2CCN(CCCCn3cc(-c4ccc5[nH]ccc5c4)nn3)CC2)c1Cl,7.25,5.335600000000005
Br.Fc1ccc([C@H]2C[C@@H]2CN2CCN(c3cccc(Cl)c3)CC2)cc1,7.25,4.982700000000004
COc1ccc2cc(S(=O)(=O)N[C@H]3CCN(CCCc4noc5ccccc45)C3)ccc2c1,7.25,3.975000000000003
COc1ccccc1N1CCN(CCCNC(=O)Cc2ccc3ccccc3c2)CC1.O=C(O)C(=O)O,7.25,2.875
Cc1cccc(S(=O)(=O)NCCCCN2CC=C(c3c(C)[nH]c4ccc(Cl)cc34)CC2)c1,7.25,5.2859400000000045
C[C@@H](O)[C@@H]1NC(=O)[C@H](CCCCN)NC(=O)[C@@H](Cc2c[nH]c3ccccc23)NC(=O)[C@H](Cc2ccccc2)NC(=O)[C@H](Cc2ccccc2)NC(=O)[C@H](CCCNC(=N)N)NC(=O)[C@H](NCCS(=O)(=O)C[C@@H]2C[C@@H]3c4cccc5[nH]cc(c45)C[C@H]3N(C)C2)CCCCNC(=O)[C@H](Cc2ccc(F)cc2)NC1=O,7.25,2.5588699999999944
CN1C[C@H](C(=O)N2CCN(c3cccc(=O)n3C)CC2)C[C@@H]2c3cccc4[nH]c(Br)c(c34)C[C@H]21,7.25,2.937900000000001
COc1cccc2cc(C(=O)NCCCCN3CCN(c4[nH]nc5ccccc45)CC3)oc12,7.25,3.6499000000000024
CCCN1CCCN(c2ccc(O)c3c2OCC(=O)N3)CC1,7.25,1.6452
C(=C/Cn1c(-c2ccc(OCCCN3CCCC3)cc2)nc2ccccc21)\Cn1c(-c2ccc(OCCCN3CCCC3)cc2)nc2ccccc21,7.25,8.705800000000005
O=C1Cc2cc(CCN3CCN(c4cccc5c4CCS5)CC3)c(Cl)cc2N1,7.25,3.847500000000003
O=S(=O)(NCCCN1CCN(c2nsc3ccccc23)CC1)c1cccs1,7.25,2.8484000000000016
O=S(=O)(N[C@@H]1CCN(CCCc2noc3ccccc23)C1)c1cccc(Cl)c1,7.25,3.4666000000000023
O=S(=O)(N[C@@H]1CCN(CCCc2noc3ccccc23)C1)c1ccc(F)c(Cl)c1,7.25,3.6057000000000023
COc1ccccc1N1CCN(CCCCNC(=O)C2(c3ccc(Cl)cc3)CCCC2)CC1.O=C(O)C(=O)O,7.25,4.034600000000002
Cc1ncoc1-c1nnc(SCCCN2CC[C@]3(C[C@@H]3c3ccc(F)cc3)C2)n1C,7.24,4.2794200000000036
CCc1cccc(N2CCN(C)CC2)c1Cl,7.24,2.6542000000000012
CNc1cc(OC)c(C(=O)NC[C@@H]2CCN(Cc3ccccc3)C2)cc1Cl,7.24,3.6422000000000025
O=S(=O)(N[C@H]1CC[C@@H](N2CCC(c3ccccc3OCC(F)(F)F)CC2)CC1)c1ccc2c(c1)OCCO2,7.24,4.868000000000004
COc1ccccc1N1CCN(CCCCNC(=O)c2ccn3nccc3c2)CC1,7.24,2.6751000000000005
O=C1CC(CN2CCC(c3noc4cc(F)ccc34)CC2)Cc2ccccc21,7.24,4.591600000000004
C/C=C/CC(=O)N[C@H]1CC[C@H](CCN2CCC(c3coc4ccccc34)CC2)CC1,7.24,5.643500000000006
Cn1c(SCCCN2CC3CCN(c4ccc(C(F)(F)F)cc4)C3C2)nc2ccccc21,7.24,5.2850000000000055
COc1ccccc1N1CCN(Cc2cccc(OCCF)c2)CC1,7.24,3.365700000000002
COc1ccccc1N1CCN(C/C=C/CNC(=O)c2cc(Br)cc(OC)c2OCCF)CC1.O=C(O)C(=O)O,7.24,3.0784000000000002
Cl.O=C1c2cccc3cccc(c23)N1CCCCCCN1CCN(c2ccccc2Cl)CC1,7.24,6.257800000000006
CCCN(CCC)C1CCc2nc(N)sc2C1,7.24,2.7046
Cc1nc2n(c(=O)c1CCN1CCN(c3cccc4sccc34)CC1)CCCC2=O,7.24,3.1076200000000016
O=C(CC1CCC1)N[C@H]1CC[C@H](CCN2CCC(c3coc4ccccc34)CC2)CC1,7.24,5.867500000000006
CC1(C)CC(=O)N(CCCCN2CCN(c3ncccn3)CC2)C(=O)C1,7.24,1.5539999999999996
COc1ccccc1N1CCN(Cc2cc(CN3CCN(C)CC3)c3cccccc2-3)CC1,7.24,3.869600000000003
CN1CCOc2c(C(=O)NC[C@H]3CCCN3CCc3ccccc3)cc(Cl)cc21,7.24,3.605500000000003
COc1ccc2[nH]cc(C3=CCN(Cc4cc(=O)[nH]c5ccccc45)CC3)c2c1,7.24,4.307300000000003
O=C(O)c1cc2c3c(ccc2[nH]1)OCC(CN1CCC2(CC1)C(=O)NCN2c1ccccc1)O3,7.24,2.4344
O=C1NCc2ccc(OCCCCN3CCN(c4cccc5cc(F)ccc45)CC3)cc21,7.24,4.203500000000004
O=S(=O)(NCCCCN1CCN(c2noc3ccccc23)CC1)c1ccc(Cl)c(Cl)c1,7.24,4.015300000000003
COc1ccccc1N1CCN(CCCCc2cn(-c3ccc4c(c3)Cc3ccccc3-4)nn2)CC1,7.24,4.992000000000004
O=C(NCCCCN1CCN(c2cccc3ccccc23)CC1)c1ccccc1,7.24,4.172000000000003
COc1ccccc1N1CCN(CCCCOc2cc(O)c3c(c2)OC(c2ccc(F)cc2)CC3=O)CC1,7.24,5.227600000000005
CC(=O)n1cc(CCCCN2CCN(c3cccc4sccc34)CC2)c2cc(C#N)ccc21,7.24,5.532680000000005
Oc1cc2c(cc1O)[C@H]1c3ccccc3CN[C@@H]1CC2,7.24,2.6477000000000004
CC(C)Oc1ccccc1N1CCN([C@H]2CC[C@H](NS(=O)(=O)c3ccc(OC(F)(F)F)cc3)CC2)CC1,7.24,4.784100000000005
CCCN(CCN1CCN(c2cccc3ncccc23)CC1)[C@H]1CCc2nc(N)sc2C1,7.24,3.665000000000002
Cc1cccc(C2CCN(CCNC(=O)C3CCOC3)CC2)n1,7.24,1.7221199999999999
C=C1c2ccccc2C=C(N2CCN(C)CC2)c2ccccc21,7.24,3.807000000000003
Clc1cccc(C(OC2CC3CCC(C2)N3CCCc2ccccc2)c2ccccc2)c1,7.23,7.074200000000007
COc1ccccc1N1CCN(C/C=C/CNC(=O)c2ccc(OCCOCCF)cc2)CC1.O=C(O)C(=O)O,7.23,2.3239000000000005
CCOC(=O)c1[nH]c2ccccc2c1CCN(C)C,7.23,2.4487000000000005
CC1(C)CCNc2c(CCN3CCN(c4nsc5ccccc45)CC3)cccc21,7.23,4.754200000000004
CC(C)(C)c1nc(N2CCN(CCCCNC(=O)N3CCC(N4CCCCC4)CC3)CC2)cc(C(F)(F)F)n1,7.23,4.355000000000003
O=C1c2cccc3cccc(c23)C(=O)N1CCCCCCN1CCN(c2nsc3ccccc23)CC1,7.23,5.428100000000005
CCCN(Cc1ccc([N+](=O)[O-])cc1)[C@@H]1CCc2c(cccc2OC)C1,7.23,4.372900000000004
COc1cc(Br)cc(C(=O)NCCCCN2CCN(c3cccc(Cl)c3Cl)CC2)c1OC,7.23,5.105300000000005
Clc1cccc(N2CCN(CCCOC3(c4ccccn4)CCOCC3)CC2)c1Cl,7.23,4.623000000000004
CCOC(=O)C1(c2ccc(Cl)cc2)CCN(Cc2c[nH]c3ccccc23)CC1,7.23,4.918200000000004
CCCN(CCC)[C@@H]1CCc2cccc(C(=O)OC)c2[C@@H]1C,7.23,4.013500000000003
CN1CCc2cccc3c2[C@H]1Cc1cccc(O)c1-3,7.23,3.1443000000000025
Cc1ncoc1-c1nnc(SCCCN2CC3CCN(c4ccc(C(F)(F)F)cc4)C3C2)n1C,7.23,4.490220000000003
O=C(N[C@H]1CC[C@H](CCN2CCN(c3cccc4c3OCO4)CC2)CC1)C1CCS(=O)(=O)C1,7.23,2.037099999999999
CN1CCc2cc(O)ccc2Cc2ccc(O)cc2CC1,7.23,2.719000000000001
CCCN(CCCCNC(=O)c1ccc(-c2ccc(OCc3cn(CCOCCOCCOCCOCCOCCn4cc(COc5ccc(-c6ccc(C(=O)NCCCCN(CCC)C7Cc8ccccc8C7)cc6)cc5)nn4)nn3)cc2)cc1)C1Cc2ccccc2C1,7.23,10.923599999999993
Cc1cn2c3c(=O)n(C)c(=O)n(C)c3nc2n1CCCCCN1CCN(c2ccc(Cl)c(Cl)c2)CC1,7.23,3.2941200000000013
Cc1ccc(S(=O)(=O)N[C@H]2CC[C@H](CCN3CCC(c4coc5ccccc45)CC3)CC2)cc1,7.23,5.848020000000006
C=CCN1CCC2c3cccc(O)c3CC[C@@H]21,7.23,2.6823000000000006
COc1ccc(OC)c(CN2CCN(CC(=O)N3c4ccccc4C[C@H]3C)CC2)c1,7.23,2.799200000000001
CC(C)(C)c1nc(N2CCN(CCCCNC(=O)Nc3ccccc3)CC2)cc(C(F)(F)F)n1,7.23,4.5168000000000035
CC(C)c1cccc(OCCN2C3CCC2CC(NS(=O)(=O)c2ccc(F)cc2)C3)c1,7.22,4.301800000000004
O=S(=O)(NC1CCN(CCOc2cccc3c2CCCC3)C1)c1cc(F)ccc1F,7.22,3.2752000000000026
Br.Cc1ccc(N2CCN(CC3CC3c3ccccc3)CC2)c(C)c1,7.22,4.807040000000004
CCCN(CCc1ccccc1)[C@@H]1CCc2c(O)cccc2C1,7.22,4.204200000000004
Nc1ccccc1C(=O)CCCN1CC[C@@H]2[C@H](C1)c1cccc3c1N2CCO3,7.22,3.302200000000002
O=C(NCCCCN1CCN(c2cccc(C(F)(F)F)c2)CC1)c1cn2ccccc2n1,7.22,3.6853000000000025
Cc1ccc2c(c1)N=C(C1CCN(CC(C)(C)C(=O)O)CC1)c1cc(C)ccc1O2,7.22,5.352740000000004
COC(=O)C1(c2ccc(Cl)cc2)CCN(Cc2c[nH]c3ccccc23)CC1,7.22,4.528100000000003
Cc1ccc(S(=O)(=O)N[C@H]2CC[C@@H](N3CCN(c4ccccc4OC(C)C)CC3)CC2)cc1Cl,7.22,4.847320000000004
O=C(N[C@H]1CCN(Cc2ccccc2)C1)c1cccc(-c2cccs2)c1,7.22,4.419400000000004
Cc1c(-c2ccccc2)nc(O)n1C1CCN(Cc2ccc(Cl)cc2)CC1,7.22,5.054620000000004
CCCC#Cc1cc(CN2CCN(c3ccccc3OC)CC2)c2cccccc1-2,7.22,5.273800000000005
CN[C@@H]1Cc2cccc3c2n(c(=O)n3CCCCCCOCCCCc2ccccc2)C1,7.22,4.547000000000004
CCCCc1ccccc1N1CCN(CCCCCC(=O)NC2CCCc3ccccc32)CC1,7.22,5.905400000000006
O=c1n(CCCCCCN2CCN(c3cccc4c3OCCO4)CC2)nc2ccccn12,7.22,2.649800000000001
O=C(CCCN1CCC(O)(c2ccc(Cl)cc2)CC1)c1c(F)cccc1F,7.22,4.564700000000004
C[C@@H]1C[C@H](C)N1C(=O)[C@@H]1C=C2c3cccc4[nH]cc(c34)CC2N(C)C1,7.22,3.0469000000000017
COc1ccccc1C1CC1CNCCCCOc1ccc2ccc(=O)[nH]c2c1,7.22,4.089000000000002
O=C1CCc2c(F)cccc2N1CCCN1CCC(n2c(=O)[nH]c3ccccc32)CC1,7.22,3.475100000000002
CC(C)c1ccccc1OCCN1CCC(N(C)S(=O)(=O)c2ccccc2)CC1,7.22,3.973900000000003
COc1ccccc1N1CCN(C/C=C/CNC(=O)c2cc3cc(OCCF)ccc3[nH]2)CC1.O=C(O)C(=O)O,7.22,2.7885999999999997
CS(=O)(=O)c1ccc(C(=O)N[C@H]2CC[C@H](CCN3CCC(c4coc5ccccc45)CC3)CC2)s1,7.22,5.456100000000006
Cc1ccc(CN2CC[C@H](NC(=O)c3cccc(-c4cccs4)c3)C2)cc1,7.22,4.727820000000004
Fc1ccc(-c2cncc(CN3CCN(c4ccccn4)CC3)c2)cc1,7.22,3.6049000000000024
O=c1n(CCCCCCN2CCN(c3cccc(C(F)(F)F)c3)CC2)nc2ccccn12,7.21,3.897400000000003
COc1ccc(S(=O)(=O)N[C@H]2CC[C@H](N3CCN(c4ccccc4OC(C)C)CC3)CC2)cc1OC,7.21,3.902700000000003
COc1ccc(OC)c(S(=O)(=O)N[C@H]2CC[C@H](N3CCN(c4ccccc4OC(C)C)CC3)CC2)c1,7.21,3.902700000000003
CN(C)CCc1cn(S(=O)(=O)c2ccccc2)c2ccccc12,7.21,2.982400000000002
OC1(c2ccc(Cl)cc2)CCN(CCCc2ccc(F)cc2)CC1,7.21,4.395300000000003
O=C(N[C@H]1CC[C@H](CCN2CCN(c3cccc4c3OCO4)CC2)CC1)C1(O)CC1,7.21,2.127299999999998
Cc1ncoc1-c1nnc(SCCCN2CC[C@]3(C[C@@H]3c3cc(Cl)cc(Cl)c3)C2)n1C,7.21,5.447120000000005
Clc1ccc(N2CC3CC2CN3Cc2c[nH]c3ncccc23)cc1,7.21,3.679400000000002
CC(C)(C)c1ccc(C(=O)CCCN2CCC(OC(c3ccccc3)c3ccccc3)CC2)cc1,7.21,7.217600000000008
CCN1CC=C(C2=Cc3ccccc3Oc3ccccc32)CC1.Cl,7.21,5.406700000000005
O=S(=O)(c1ccccc1)n1ccc2c(N3CCN(CCCCOc4ccccc4)CC3)cccc21,7.21,4.859500000000005
c1ccc(CCN2CCC(c3cc(C4CCCCC4)n[nH]3)CC2)cc1,7.21,4.879500000000004
O=C(CCCCCCCCCCCCC(=O)OC1(c2ccc(Cl)cc2)CCN(CCCC(=O)c2ccc(F)cc2)CC1)OC1(c2ccc(Cl)cc2)CCN(CCCC(=O)c2ccc(F)cc2)CC1,7.21,13.647799999999977
Cc1cccc(OCCNCCCOc2ccccc2)c1,7.21,3.432520000000002
CCCN(CCC)C1CCc2cccc(OS(=O)(=O)C(F)(F)F)c2C1,7.21,3.894300000000003
c1cc2c(c(N3CCN(Cc4c[nH]c5ccccc45)CC3)c1)OCCO2,7.21,3.261300000000002
O=C(O)C(=O)O.OC1(c2ccc(I)cc2)CCN(Cc2c[nH]c3ncccc23)CC1,7.21,2.806700000000001
O=C1c2ccc(F)cc2CCC1C1CCN(Cc2ccccc2)CC1,7.21,4.483000000000004
Cc1cc2c(cn1)C(=O)N(CCN1CCC(c3noc4ccccc34)CC1)CC2,7.21,3.4091200000000024
COc1ccccc1N1CCN(CCCCNC(=O)c2ccc3ccccc3c2)CC1.Cl,7.21,4.602400000000005
Cl.O=C1c2ccccc2CCC1C1CCN(Cc2ccc(F)cc2)CC1,7.21,4.904800000000004
NC(=O)c1ccccc1OCCCN1CCC(c2cn(S(=O)(=O)c3ccccc3)c3ccccc23)CC1,7.21,4.625700000000005
O=C1Cc2cc(CCN3CCN(c4cccc5sc(F)cc45)CC3)c(Cl)cc2N1,7.21,4.553100000000004
O=C(c1ccc(F)cc1)C1CCN(CCn2c(=S)[nH]c3ccccc3c2=O)CC1,7.21,3.793090000000002
Cc1nc(Cl)c(Sc2ccc(Cl)cc2)c(N2CCN(C)CC2)n1,7.21,3.9948200000000034
COc1cccc(CN(NC(=O)NCCCN2CCN(c3ccccc3OC)CC2)c2ccc(F)cc2)c1,7.21,4.276000000000003
CN(C)C[C@H]1C[C@@H]2c3ccccc3Cc3ccccc3[C@H]2O1,7.21,3.766200000000003
CO/N=C(/CCN1CCN(c2ccccn2)CC1)c1ccc(Cl)c(C)c1,7.21,3.606220000000002
COc1ccc2c(c1)Cc1ccccc1CCN(C)CC2,7.21,3.3164000000000016
Cc1nc(Cl)c(Sc2ccc(Cl)cc2)c(NC2CCN(Cc3ccccc3)CC2)n1,7.21,6.319520000000005
CC(C)Oc1ccccc1N1CCN([C@H]2CC[C@@H](NS(=O)(=O)c3cnc(Cl)c(Br)c3)CC2)CC1,7.21,4.696400000000005
COc1ccc2[nH]cc(C3CC(=O)N(CCCCN4CCC(c5c[nH]c6ccc(F)cc56)CC4)C3=O)c2c1,7.21,5.299200000000005
CN1C[C@H](C(=O)N[C@]2(C)O[C@@]3(O)[C@@H]4CCCN4C(=O)[C@H](Cc4ccccc4)N3C2=O)C[C@@H]2c3cccc4[nH]cc(c34)C[C@H]21.CS(=O)(=O)O,7.21,1.585100000000004
COc1ccccc1C1CC1CNCCCCOc1ccc2c(c1)NC(=O)CC2,7.21,4.132200000000003
O=C1COc2cc(F)c(CCN3CCN(c4cccc5sccc45)CC3)cc2N1,7.21,3.7360000000000024
COc1ccccc1N1CCN(CCCNC(=O)NCc2ccccc2-c2ccc(C)cc2)CC1,7.21,4.682120000000004
O=C(CCC(F)(F)F)N[C@H]1CC[C@H](CCN2CCC(c3coc4ccccc34)CC2)CC1,7.21,6.019800000000006
CC1Cc2ccccc2N1C(=O)CC1CCN(Cc2cccc(Cl)c2)CC1,7.21,4.919900000000005
COc1ccccc1N1CCN(CCCCNC(=O)c2ccc(C(=O)c3ccccc3)cc2)CC1.O=C(O)C(=O)O,7.2,3.4140000000000015
O=[N+]([O-])c1ccccc1S(=O)(=O)NC[C@H]1CC[C@H](CNCC2CCc3ccccc3C2)CC1,7.2,4.074200000000003
O=S(=O)(NCCCN1CCN(c2noc3ccccc23)CC1)c1ccc(OC(F)(F)F)cc1,7.2,3.2170000000000014
O=C(NCCCCN1CCN(c2cccc(Cl)c2Cl)CC1)c1ccc(-c2ccsc2)cc1,7.2,6.054100000000005
Cc1ncoc1-c1nnc(SCCCN2CC3CCN(c4cccc(F)c4)C3C2)n1C,7.2,3.610520000000002
Cc1ccccc1S(=O)(=O)N1c2ccc(Cl)cc2N=C(N2CCN(C)CC2)c2ccccc21,7.2,4.814520000000005
CO/N=C(\CCN1CCN(c2ccccn2)CC1)c1ccc(Cl)cc1,7.2,3.2978000000000023
OCCOCCN1CCN(C2=Nc3ccccc3Sc3ccccc32)CC1,7.2,2.8560000000000016
COc1ccc2[nH]cc(C3=CCN(Cc4ccccc4)CC3)c2c1,7.2,4.465800000000003
Cc1ccn(CCCCN2CCN(c3cc(C(F)(F)F)nc(C(C)(C)C)n3)CC2)c(=O)c1,7.2,3.865420000000003
O=S(=O)(N[C@H]1CC[C@H](CCN2CCC(c3cccc4c3OCO4)CC2)CC1)c1ccccc1,7.2,4.5221000000000044
COc1ccccc1N1CCN(CCCCCc2cn(-c3ccc(N(C)C)cc3)nn2)CC1,7.2,3.8769000000000027
Cc1ncoc1-c1nnc(SCCCN2CC[C@@]3(C[C@@H]3c3ccccc3C(F)(F)F)C2)n1C,7.2,5.159120000000005
O=C(NCCCCN1CCN(c2cccc(Cl)c2Cl)CC1)c1c[nH]c2ccccc12,7.2,4.806900000000004
CN1CCc2cc(Br)c(NS(=O)(=O)c3ccc(-c4ccc(Cl)cc4)cc3)cc2CC1,7.2,5.600700000000004
OCCN1CCN(c2cccc(Cl)c2Cl)CC1,7.2,2.1076999999999995
COc1ccccc1N1CCN(CCCCCc2cn(-c3ccccc3OC)nn2)CC1,7.2,3.8195000000000032
Cn1cc(/C=C/C(=O)N[C@H]2CC[C@](F)(CCN3CCc4nc(OCC(C)(F)F)sc4CC3)CC2)cn1,7.2,4.1818000000000035
O=S(=O)(NC1CCN(CCOc2ccccc2-c2ccccc2)CC1)c1ccc(F)c(F)c1,7.2,4.4535000000000045
COc1ccccc1N1CCN(CCCCNC(=O)/C=C/c2ccccc2I)CC1,7.2,4.031600000000003
O=C(NC/C=C/CN1CCN(c2cccc(Cl)c2Cl)CC1)c1cccc2c1-c1ccccc1C2,7.2,5.672800000000006
Cc1noc2c1C(=O)CC(CN1CCC(c3c[nH]c4cc(F)ccc34)CC1)C2,7.2,4.228120000000003
O=C(CCO)N[C@H]1CC[C@H](CCN2CCC(c3coc4ccccc34)CC2)CC1,7.2,4.059700000000004
COc1cc(CCNCCc2ccc(O)c(O)c2)ccc1OCCCc1ccccc1,7.2,4.492800000000004
CCOc1cccc2cc(CNCC[C@H]3CC[C@H](NC(=O)C4CC4)CC3)oc12,7.2,4.396200000000003
CCCCn1cc(COc2ccc(CN3CCN(c4ccccc4OC)CC3)cc2OC)nn1,7.2,3.9966000000000035
CS(=O)(=O)Oc1ccc2c(c1)CCN(CC[C@H]1CC[C@H](NC(=O)/C=C/c3ccc(F)cc3)CC1)CC2.Cl,7.2,4.765000000000005
Nc1ccccc1C(=O)CCCN1CC[C@@H]2[C@H](C1)c1cccc3c1N2CCC3,7.2,3.8560000000000034
Cl.Fc1cccc(Nc2nc(Cc3ccccc3)nc3c2CCNCC3)c1,7.2,4.060100000000003
CC(C)(C)C(=O)NCCCCN1CCN(c2ccccc2Cl)CC1,7.2,3.4045000000000023
Cc1ccc2c(OCCN3CCC(Cc4cccc(NS(C)(=O)=O)c4)CC3)cccc2n1,7.2,4.248220000000003
O=C(NCCCCN1CC[C@H]2c3cccc(O)c3CC[C@@H]21)c1ccc(-c2ccccc2)cc1,7.2,5.373500000000005
Cc1ccc2c(c1)C(C1=C[C@H](C)N(C)CC1)=Nc1cc(Cl)ccc1N2,7.2,5.476620000000004
COc1cccc(/C=C/C(=O)N[C@H]2CC[C@H](CCN3CCc4ccc(OS(C)(=O)=O)cc4CC3)CC2)c1.Cl,7.2,4.634500000000005
O=S(=O)(N[C@H]1CC[C@H](CCN2CCN(c3cccc4c3OCO4)CC2)CC1)N1CCOCC1,7.2,1.6528000000000014
CN1CCC(C(=O)N[C@H]2CC[C@H](CCN3CCN(c4cccc5c4OCO5)CC3)CC2)CC1,7.2,2.9442000000000013
CN1CCCc2ccccc2Cc2cc(O)ccc2CC1,7.2,3.403500000000002
c1ccc(CCN2CCC(c3cc(-c4cccs4)[nH]n3)CC2)cc1,7.19,4.560300000000003
CC(C)Oc1ccccc1N1CCN([C@H]2CC[C@H](NS(=O)(=O)c3cccc(F)c3)CC2)CC1,7.19,4.024600000000003
Cc1ccc(C)c(N2CCN(CCCCNC(=O)c3cc4ccccc4s3)CC2)c1,7.19,4.8503400000000045
CO/N=C(\CCN1CCN(c2ccccn2)CC1)c1ccc(Cl)c(Cl)c1,7.19,3.9512000000000027
COc1ccccc1N1CCN(Cc2cn(-c3ccccc3)nn2)CC1,7.19,2.5981000000000005
CC(C)(C)c1nc(N2CCN(CCCCN3CCC(=O)CCC3=O)CC2)cc(C(F)(F)F)n1,7.19,3.2767000000000017
O=C(NCCCCN1CCN(c2cccc(Cl)c2Cl)CC1)c1csc2ccccc12,7.19,5.540300000000005
Cc1ccc(OCCCNCCOc2ccccc2)cc1,7.19,3.432520000000002
CC(C)c1ccccc1N1CCN(CCCCCC(=O)N2Cc3ccccc3C2)CC1,7.19,5.034800000000005
COc1ccccc1N1CCN(Cc2cc(C#Cc3ccccc3)c3cccccc2-3)CC1,7.19,5.522000000000006
Cc1ccc(CN2CCN(C3=Nc4cc(Cl)ccc4Nc4ccccc43)CC2)c(C)c1,7.19,5.909940000000006
COc1ccccc1N1CCN(CCCN2CCc3ncsc3CC2)CC1,7.19,2.7646000000000006
O=C(NC/C=C/CN1CCN(c2ccccc2OCCF)CC1)c1ccc(OCCOCCF)cc1.O=C(O)C(=O)O,7.19,2.6635999999999997
C=CCN1CCC[C@H]1CNC(=O)c1cc(CCCSC2CC(=O)N(CCCCCC(=O)N[C@H](C(=O)N[C@@H](Cc3ccccc3)C(=O)N[C@@H](Cc3ccccc3)C(=O)N[C@@H](Cc3ccc(O)cc3)C(=O)NCC(=O)NCC(=O)N[C@@H](CO)C(=O)N[C@@H](CCCNC(=N)N)C(=O)NCC(=O)N[C@@H](CCCCNC(=O)CN3CCN(CC(=O)O)CCN(CC(=O)O)CCN(CC(=O)O)CC3)C(=O)N[C@@H](CCCNC(=N)N)C(=O)N[C@@H](CC(N)=O)C(=O)N[C@@H](CC(N)=O)C(=O)N[C@@H](Cc3ccccc3)C(=O)N[C@@H](CCCC[n+]3c(C)cc(/C=C/C=C/c4ccc(N(C)C)cc4)cc3C)C(=O)N[C@H](C(=O)N[C@@H](CCC(=O)O)C(=O)N[C@@H](CCC(=O)O)C(=O)N[C@@H](Cc3ccc(O)cc3)C(=O)O)[C@@H](C)O)[C@@H](C)O)C2=O)cc(OC)c1OC,7.19,-5.657419999999966
CSc1ccccc1N1CCN(CCCCCC(=O)NCc2ccncc2)CC1,7.19,3.8023000000000025
CCCN(CCc1ccccc1)CCc1cccc(O)c1,7.19,3.889400000000003
COc1cc(CCNCCc2ccc(O)c3[nH]c(=O)ccc23)ccc1OCCCc1ccccc1,7.19,4.628700000000004
COc1cc(CCNC[C@H](O)c2ccc(O)c3c2OCC(=O)N3)ccc1OCCCc1ccccc1,7.19,3.6090000000000027
O=C(CCCCCN1CCN(c2ccccc2-c2ccccc2)CC1)NCc1ccc(OCCCN2CCOCC2)cc1,7.19,5.453500000000005
COc1ccccc1N1CCN(CCCc2cn(-c3ccccc3)nn2)CC1,7.19,3.0307000000000013
O=S(=O)(NCCCCN1CCC(c2noc3cc(F)ccc23)CC1)c1ccc(OC(F)(F)F)cc1,7.19,4.803600000000004
Br.Clc1ccc(N2CCN(C[C@H]3C[C@@H]3c3ccccc3)CC2)c(Cl)c1,7.19,5.497000000000005
COc1ccccc1N1CCN(CCCCNC(=O)c2cnn3ccccc23)CC1,7.19,2.6751000000000005
COc1ccccc1N1CCN(CCCCNC(=O)/C=C/c2ccc(Oc3ccccc3)cc2)CC1,7.19,5.219300000000005
Clc1ccc(N2CCN(C[C@@H]3C[C@H]3c3ccccc3)CC2)c(Cl)c1,7.19,4.919100000000005
Nc1nc2c(s1)C[C@H](CCCNCCCCCc1ccc(O)c(O)c1)CC2,7.18,4.024200000000004
c1ccc(CN2CCC(c3cc(-c4ccccc4)[nH]n3)CC2)cc1,7.18,4.456300000000003
Clc1cccc(N2CCN(CCCCOc3ccc4cn[nH]c4c3)CC2)c1Cl,7.18,4.850900000000004
COc1ccc2[nH]c(C(=O)NC/C=C/CN3CCN(c4ccccc4OCCF)CC3)cc2c1.O=C(O)C(=O)O,7.18,2.7885999999999997
CC(C)CCC(=O)N[C@H]1CC[C@H](CCN2CCC(c3coc4ccccc34)CC2)CC1,7.18,6.113500000000006
NC(=O)c1ccn(-c2cccc(OC(=O)NCCCN3CCN(c4ccccc4)CC3)c2)c1,7.18,2.876900000000001
CCCCC(=O)N[C@H]1CC[C@H](CCN2CCC(c3coc4ccccc34)CC2)CC1,7.18,5.867500000000006
CCCN1CCC(CNC(=O)c2c(O)c(CC)cc(Cl)c2OC)C1,7.18,3.0783000000000014
CCCN(CCCCc1cn(CCOCCOCCOCCOCCn2cc(CCCCN(CCC)C3Cc4ccccc4C3)nn2)nn1)C1Cc2ccccc2C1,7.18,6.040400000000007
O=S(=O)(N[C@H]1CC[C@@H](N2CCC(c3ccccc3OC3CC3)CC2)CC1)c1ccc2c(c1)OCO2,7.18,4.425600000000004
CCCN(Cc1ccccc1)[C@@H]1CCc2c(cccc2OC)C1,7.18,4.464700000000004
O=C(O)C(=O)O.Oc1ccc2c(c1)O[C@@H](CNCCN1CCN(c3ccc(I)cc3)CC1)CC2,7.18,2.2577999999999996
Cc1ncoc1-c1nnc(SCCCN2CC[C@]3(C[C@H]3c3cc(Cl)cc(Cl)c3)C2)n1C,7.18,5.447120000000005
CC(C)(C)NC(=O)NCCCCN1CCN(c2cc(C(F)(F)F)nc(C(C)(C)C)n2)CC1,7.18,3.7928000000000033
COC(CN1CCN(c2cccc3sccc23)CC1)c1cccc2c1OCC(=O)N2,7.18,3.741900000000002
CN(C)C[C@H]1CC2c3ccccc3Oc3ccc(Br)cc3[C@H]2O1,7.18,4.730200000000004
Cc1ncoc1-c1nnc(SCCCN2CC[C@]3(C[C@@H]3c3ccc(F)cc3F)C2)n1C,7.18,4.4185200000000036
O=C(NCN1CCN(c2ccccc2Cl)CC1)c1ccc(Cl)cc1,7.18,3.502900000000002
CC(C)c1ccccc1OCCN1CCC(CNS(=O)(=O)c2cccc(Cl)c2)CC1,7.18,4.532700000000004
COc1ccccc1N1CCN(CCCNC(=O)c2ccc(COCCOCCOCCOCCOCCOCCOCCOCCOCc3ccc(C(=O)NCCCN4CCN(c5ccccc5OC)CC4)cc3)cc2)CC1,7.18,5.437600000000015
O=C(NC/C=C/CN1CCN(c2cccc(Cl)c2Cl)CC1)c1cnc2ccccc2n1,7.18,4.044800000000003
CO/N=C(/CCN1CCN(c2ccccn2)CC1)c1cccc(C)c1,7.17,2.952820000000001
COc1ccccc1N1CCN(CCCCNC(=O)c2ccc3ccccc3n2)CC1,7.17,3.5756000000000023
CC(=O)N[C@H]1CC[C@H](CCN2CCN(c3cccc4c3OCO4)CC2)CC1,7.17,2.622300000000001
CCOCCn1cc(COc2ccc(CN3CCN(c4ccccc4OC)CC3)cc2OC)nn1,7.17,3.2330000000000023
COc1ccccc1N1CCN(CCC(O)CNC(=O)c2ccc3c(c2)Cc2ccccc2-3)CC1,7.17,3.5694000000000026
Br.Cc1cc(F)ccc1N1CCN(C[C@H]2C[C@@H]2c2ccccc2)CC1,7.17,4.637720000000004
COc1cc(CCNC[C@H](O)c2ccc(O)c(O)c2)ccc1OCCCc1ccccc1,7.17,3.9837000000000033
O=C1CC2(CCCC2)CC(=O)N1CCCCNCC1COc2ccccc2C1,7.17,3.316900000000002
C[C@@H](O)[C@@H]1NC(=O)[C@H](CCCCN)NC(=O)[C@@H](Cc2c[nH]c3ccccc23)NC(=O)[C@H](Cc2ccncc2)NC(=O)[C@H](Cc2ccccc2)NC(=O)[C@H](CCCNC(=N)N)NC(=O)[C@H](NC[C@H](CCCCNC(=O)C[S+]([O-])C[C@@H]2C[C@@H]3c4cccc5[nH]cc(c45)C[C@H]3N(C)C2)NC(=O)C[S+]([O-])C[C@@H]2C[C@@H]3c4cccc5[nH]cc(c45)C[C@H]3N(C)C2)CCCCNC(=O)[C@H](Cc2ccccc2)NC1=O,7.17,3.8101699999999807
Cn1c(=O)c2c(nc3n(CCCCN4CCN(c5ccc(Cl)cc5)CC4)c(=O)ccn23)n(C)c1=O,7.17,1.302399999999999
CO[C@H]1CC[C@H](CC(=O)N[C@H]2CC[C@H](CCN3CCC(c4coc5ccccc45)CC3)CC2)CC1,7.17,6.272600000000007
Cc1ncc(CC(=O)N[C@H]2CC[C@H](CCN3CCN(c4nocc4C(C)(F)F)C(C)C3)CC2)s1,7.17,4.369520000000004
COc1ccccc1N1CCN(CCCCNC(=O)c2ccc3cc(F)ccc3n2)CC1,7.17,3.7147000000000023
CC(C)C(=O)NC1CCc2ccc(CCN3CCN(c4nsc5ccccc45)CC3)cc21,7.17,4.420500000000004
Fc1ccc(OC[C@H]2CC[C@H]3CN(c4ncc(F)cn4)CCN3C2)cc1,7.17,2.734400000000001
Clc1cccc(N2CCN(CCCCOc3ccc(-c4cn5ccccc5n4)cc3)CC2)c1Cl,7.17,6.289300000000006
O=C1CN2c3c(cccc3[C@@H]3CN(CCCOc4ccc(F)cc4O)CC[C@@H]32)N1,7.17,2.9304000000000006
CCc1cc(Cl)c(OC)c(N2CCN(CC[C@H]3CC[C@H](NC(=O)OC(C)(C)C)CC3)CC2)c1,7.17,5.506600000000005
COc1cc(CCCCCNCCC[C@@H]2CCc3nc(N)sc3C2)ccc1O,7.17,4.327200000000003
COc1ccccc1N1CCN(CCCCNC(=O)c2cc3cc(C#N)ccc3s2)CC1,7.17,4.113780000000003
CCN(C)CCc1c(-c2cccc(F)c2)[nH]c2ccccc12,7.17,4.468200000000003
Clc1ccc2c(c1)C(N1CCNCC1)=Nc1ccccc1O2,7.17,3.4292000000000025
O=S(=O)(c1ccccc1)n1ccc2c(N3CCN(CCCOc4ccc(F)cc4)CC3)cccc21,7.17,4.608500000000005
COc1ccccc1N1CCN(CCCNC(=O)NCc2ccccc2-c2cccc(F)c2)CC1,7.17,4.512800000000003
CC(=O)c1ccccc1N1CCN(CCCCCC(=O)NC2CCCc3ccccc32)CC1,7.17,4.765400000000004
CO/N=C(\CCN1CCN(c2ccccn2)CC1)c1cccc(C)c1,7.17,2.952820000000001
O=S(=O)(NC1CCN(CCOc2cccc(Cl)c2Cl)C1)c1ccc(Cl)s1,7.17,4.1399000000000035
CCc1cccc(N2CCN(C[C@H](O)CCNC(=O)c3cc4ccccc4[nH]3)CC2)c1Cl,7.17,3.686700000000002
CCCN1CCC(c2cccc(O)c2)C1,7.17,2.591500000000001
CCCCN1C2CCC1CC(OC(c1ccc(F)cc1)c1ccc(F)cc1)C2,7.17,5.866300000000006
Nc1ccccc1C(=O)CCCN1CC[C@H]2[C@@H](C1)c1cccc3c1N2CCC3,7.17,3.8560000000000034
CCC(F)(F)c1conc1C1CCN(CC[C@H]2CC[C@H](NC(=O)Cc3nnc(C)s3)CC2)CC1,7.17,4.823520000000004
Oc1ccc(N2CCN(CCCCOc3ccn4nccc4c3)CC2)c2c1OCCO2,7.17,2.792300000000001
CN(C)C[C@@H]1CC2c3ccccc3Oc3ccc(Cl)cc3[C@H]2O1,7.17,4.621100000000004
Cc1cccc(S(=O)(=O)NCCCN2CC=C(c3c(C)[nH]c4ccc(Cl)cc34)CC2)c1,7.17,4.895840000000004
COc1ccccc1N1CCN(Cc2cc(CO)c3cccccc2-3)CC1,7.17,3.6145000000000023
COC1(c2ccc(Cl)cc2)CCN(Cc2c[nH]c3ccccc23)CC1,7.17,4.959000000000004
CCOc1cccc2cc(CNCC[C@H]3CC[C@H](NC(=O)N4CCCC4)CC3)oc12,7.17,4.675400000000004
Oc1nc2c3c(ccc2[nH]1)CC[C@@H](CNCc1ccccc1)O3,7.17,2.751900000000001
COc1ccccc1N1CCN(CCCCNC(=O)c2cccc(I)c2)CC1.O=C(O)C(=O)O,7.17,2.7876000000000003
CC(C)Oc1ccccc1N1CCN([C@H]2CC[C@@H](NS(=O)(=O)c3ccc(F)cc3)CC2)CC1,7.16,4.024600000000003
O=C1Cc2c(CCN3CCN(c4cccc5sccc45)CC3)cccc2N1,7.16,3.760600000000003
O=C1CCc2ccc(OCCCCNCCc3cn(Cc4ccccc4)c4ccccc34)cc2N1,7.16,5.565600000000005
Fc1ccc(-c2cncc(CN3CCN(c4ccc(F)cc4)CC3)c2)cc1,7.16,4.349000000000004
CN1CCC(c2cn(-c3ccc(F)cc3)c3ccc(-c4nnn(C)n4)cc23)CC1,7.16,3.769300000000003
O=C(N[C@H]1CC[C@H](CCN2CCC(c3coc4ccccc34)CC2)CC1)c1ccc(F)cc1,7.16,6.1302000000000065
Cl.O=C(CCCN1CCC2(CC1)OC=C(c1ccccc1)C2=O)c1ccc(F)cc1,7.16,4.685400000000004
CN(C)C(=O)N[C@H]1CC[C@H](CCN2CCC(c3cccc4c3CCO4)CC2)CC1,7.16,4.0210000000000035
CCCN[C@@H]1CCc2cccc(CS(=O)(=O)C(F)(F)F)c2C1.Cl,7.16,3.399900000000003
COC(=O)N[C@H]1CC[C@H](CCN2CCN(c3cccc4c3OCO4)CC2)CC1,7.16,2.842200000000001
COc1ccccc1N1CCN(C/C=C/CNC(=O)c2ccc(-c3ccccn3)cc2)CC1,7.16,3.865400000000003
O=C(NCCCCN1CCN(c2ccccc2)CC1)c1n[nH]c2ccccc12,7.16,2.8951000000000002
c1ccc(N2CCN(CCCOc3ccc(-c4nc5ccccc5[nH]4)cc3)CC2)nc1,7.16,4.216000000000003
CC(C)(C)c1ccc(S(=O)(=O)N[C@H]2CC[C@H](CCN3CCC(c4coc5ccccc45)CC3)CC2)cc1,7.16,6.8371000000000075
CCCN(CCCCN1CCN(c2ccccc2OC)CC1)Cc1csc2ccccc12,7.16,5.724300000000007
CCCN1CCN(c2cccc(O)c2)CC1,7.16,1.9242000000000001
CCOc1ccccc1N1CCN(CCC[C@H]2CC(c3ccc(OC)c(OC)c3)=NO2)CC1,7.16,4.197900000000003
CN1CCN(C2=Nc3cc(Cl)ccc3N(NC(=O)c3cc(F)ccc3C(F)(F)F)c3ccc(Cl)cc32)CC1,7.16,6.273500000000005
CCCN1CCC[C@@H](c2cccc(CC#N)c2)C1,7.16,3.342080000000002
CN1CCc2cc(Cl)c(O)cc2[C@H]2c3cccc(/C=N/OCc4ccccc4)c3CC[C@@H]21,7.16,5.530900000000005
COc1ccc(Cl)cc1S(=O)(=O)N[C@H]1CC[C@@H](N2CCC(c3ccccc3OCC(F)(F)F)CC2)CC1,7.16,5.758800000000006
O=C(N[C@H]1CCN(Cc2ccccc2)C1)c1cccc(-c2ccsc2)c1,7.16,4.419400000000004
C#CCOc1ccc(CN2CCN(c3ccccc3OC)CC2)cc1OC,7.16,3.038000000000002
COc1ccc2c(c1)C(C1=C[C@H](C)N(C)CC1)=Nc1cc(Cl)ccc1N2,7.16,5.176800000000004
COc1ccccc1N1CCN(CCCCn2cc(-c3ccc(-c4ccccc4)cc3)nn2)CC1,7.16,5.223100000000005
O=C(Cc1cccnc1)Nc1ccc(CCN2CCN(c3ccccc3)CC2)cc1,7.16,3.627500000000002
O=C(N[C@H]1CC[C@H](CCN2CCN(c3ccccn3)CC2)CC1)c1cccs1,7.15,3.644000000000003
CC1Cc2ccccc2N1C(=O)CC1CCN(Cc2ccc(F)cc2)CC1,7.15,4.405600000000004
O=C(Cc1ccccn1)Nc1ccc(CCN2CCN(c3ccccc3)CC2)cc1,7.15,3.627500000000002
COc1c(C(=O)NCCN2CCN(c3ccccc3)CC2)cc(C#N)c2ccccc12,7.15,3.2720800000000017
COCCC(=O)N[C@H]1CC[C@H](CCN2CCC(c3coc4ccccc34)CC2)CC1,7.15,4.713800000000004
CCCN(CCN1CCN(c2ccccc2)CC1)C1CCc2cc(O)c(O)cc2C1,7.15,3.4893000000000036
CC(C)Oc1ccccc1N1CCN([C@H]2CC[C@H](NS(=O)(=O)Cc3ccccc3)CC2)CC1,7.15,4.026600000000004
Clc1ccc(N2CCN(Cc3c[nH]c4ccccc34)CC2)cc1,7.15,4.143500000000002
OC1(c2ccc(Cl)cc2)CCN(CCC#Cc2ccc(F)cc2)CC1,7.15,4.2043000000000035
CO[C@@]1(C)c2cccc3c2-c2c1ccc1c2[C@@H](C3)N(C)CC1,7.15,3.6620000000000026
CCO[C@]1(CC)c2cccc3c2-c2c1ccc1c2[C@@H](C3)N(C)CC1,7.15,4.442200000000004
Cc1cc2c(n1C)CCCN(CCN1CCN(c3nsc4ccccc34)CC1)C2=O,7.15,3.1538200000000023
Cc1ncoc1-c1nnc(SCCCN2CC[C@]3(CC3c3ccc(C(F)(F)F)cc3F)C2)n1C,7.15,5.298220000000005
O=C(NC/C=C/CN1CCN(c2ccccc2OCCF)CC1)c1ccc(-c2ccsc2)cc1.O=C(O)C(=O)O,7.15,4.0272000000000014
COc1ccccc1N1CCN(CCNC(=O)NN(Cc2ccccc2)c2ccc(F)cc2)CC1,7.15,3.8773000000000026
O=S(=O)(N[C@H]1CC[C@H](N2CCC(c3ccccc3OC3CC3)CC2)CC1)c1ccc2c(c1)OCO2,7.15,4.425600000000004
CN1CN(c2ccccc2)C2(CCN(Cc3csc4ccccc34)CC2)C1=O.O=C(O)C(=O)O,7.15,3.3276000000000003
O=c1c2ccccc2ncn1CCCCN1CCN(c2cccc(C(F)(F)F)c2)CC1,7.14,4.017700000000003
CC1Cc2cccc(CCN3CCN(c4nsc5ccccc45)CC3)c2NC1=O,7.14,3.7917000000000023
CCCN1CCc2cccc3c2[C@H]1Cc1cccc(OC(C)=O)c1-3,7.14,4.144200000000003
COc1ccccc1N1CCN(CCCNC(=O)NN(Cc2ccccc2)c2ccccc2)CC1,7.14,4.128300000000003
COc1ccccc1N1CCN(CCCCNS(=O)(=O)c2ccc(F)cc2)CC1,7.14,2.7150000000000007
O=C(N[C@H]1CC[C@H](CCN2CCC(c3coc4ccccc34)CC2)CC1)C1CCC(C(F)(F)F)CC1,7.14,7.046000000000007
CCCN(CCCCc1cn(CCOCCOCCOCCn2cc(CCCCN(CCC)C3Cc4ccccc4C3)nn2)nn1)C1Cc2ccccc2C1,7.14,6.023800000000006
O=S(=O)(N[C@H]1CC[C@H](CCN2CCN(c3cccc4c3OCO4)CC2)CC1)c1ccccc1,7.14,3.4647000000000023
Br.Cc1ccc(N2CCN(C[C@@H]3C[C@H]3c3ccccc3)CC2)c(C)c1,7.14,4.807040000000004
COc1ccccc1N1CCN(CCCCNC(=O)c2sc3ccccc3c2Cl)CC1,7.14,4.895500000000005
CN(C)Cc1c(C(=O)NCCCCN2CCN(c3cc(C(F)(F)F)nc(C(C)(C)C)n3)CC2)nc2ccccn12,7.14,3.834400000000003
O=C(CCCN1CCC(O)(c2ccc(Cl)cc2)CC1)c1ccc(OCCSSCCO)cc1.O=CO,7.14,4.739800000000005
O=C(N[C@H]1CC[C@H](CCN2CCC(c3cccc4c3CCO4)CC2)CC1)c1ccc(Cl)cc1,7.14,5.833200000000007
COc1ccccc1N1CCN(Cc2cn3cc(I)ccc3n2)CC1,7.14,3.269700000000002
O=S(=O)(NC1CCN(CCOc2cccc3c2CCCC3)C1)c1cccs1,7.14,3.0585000000000013
O=S(=O)(NC1CCN(CCOc2cccc3c2CCCC3)C1)c1ccc(F)cc1,7.14,3.1361000000000017
C1=C(c2c[nH]c3ccccc23)CCN(Cc2cccs2)C1,7.14,4.518700000000003
CCCN(CCNC(=O)/N=N/c1cc(F)c(F)c(F)c1)C1Cc2ccccc2C1,7.14,4.776600000000004
O[C@@H](CCCN1CCC(O)(c2ccc(Cl)cc2)CC1)c1ccc(F)cc1,7.14,4.2763000000000035
COc1c(Cl)cccc1N1CCN(CCCCNC(=O)c2cc3ccccc3o2)CC1,7.14,4.427000000000003
CC(=O)Nc1cc(OCCCCN2CCN(c3cccc(Cl)c3Cl)CC2)ccc1C,7.14,5.241420000000005
O=C1CCc2ccc(OCCCCN3CC=C(c4cn(Cc5ccccc5)c5ccccc45)CC3)cc2N1,7.14,6.522600000000007
Cc1c(-c2cccc(Cl)c2)nc(O)n1C1CCN(Cc2ccccc2)CC1,7.14,5.054620000000004
COC(=O)c1ccc(CSc2nc3ccccc3n2Cc2ccc(Cl)cc2)cc1,7.14,5.816900000000004
O=S(=O)(Oc1cccc([C@@H]2CCCN(CCc3ccccc3)C2)c1)C(F)(F)F,7.14,4.337100000000004
CC(C)N(CCN1CCC(c2noc3cc(F)ccc23)CC1)C(=O)[C@@H](C)O,7.13,2.764100000000002
O=C(NC/C=C/CN1CCN(c2cccc(Cl)c2Cl)CC1)c1ccc(-c2ccccn2)cc1,7.13,5.163600000000004
CCCN1CCO[C@@H]2c3cc(O)ccc3SC[C@@H]21,7.13,2.649800000000001
COCCOCCOc1ccc(NC(=O)NCCCN2CCN(c3ccccc3OC)CC2)c(-c2ccccc2)c1,7.13,4.737800000000005
CN1CCc2cc(O)ccc2Cc2[nH]c3ccccc3c2CC1,7.13,3.4947000000000017
O=S(=O)(CC(F)(F)F)N[C@H]1CC[C@H](CCN2CCN(c3cccc4c3OCO4)CC2)CC1,7.13,2.967900000000001
CC(C)Oc1ccccc1N1CCN([C@H]2CC[C@@H](NS(=O)(=O)c3cccc(F)c3)CC2)CC1,7.13,4.024600000000003
CC(C)=CC(=O)N[C@H]1CC[C@H](CCN2CCC(c3cccc4c3CCO4)CC2)CC1,7.13,4.832200000000005
CCc1cc(Cl)c(OC)c(C(=O)NC[C@@H]2CCCN2CCc2c(C)nc3n(c2=O)CCCC3)c1O,7.13,3.2549200000000016
Cc1ncoc1-c1nnc(SCCCN2CC[C@@]3(C[C@H]3c3ccc(C(F)(F)F)cc3)C2)n1C,7.13,5.159120000000005
COc1ccccc1N1CCN(CCCc2cn(-c3ccc(F)cc3)nn2)CC1,7.13,3.1698000000000013
CCC(=O)N[C@H]1CC[C@H](CCN2CCN(c3cccc4c3OCO4)CC2)CC1,7.13,3.0124000000000013
COc1ccc(C(=O)NCc2ccccc2CN2CCc3cc(OC)c(O)cc3C2)cc1,7.13,3.897700000000003
O=C(O)C(=O)O.Oc1ccc2c(c1)O[C@H](CN1CCc3ccccc3C1)CC2,7.13,2.2996999999999996
O=C(N[C@H]1CC[C@H](CCN2CCC(c3cccc4c3CCO4)CC2)CC1)c1ccc(F)cc1,7.13,5.3189000000000055
CC(C)[C@H](O)C(=O)N[C@H]1CC[C@H](CCN2CCN(c3cccc4c3OCO4)CC2)CC1,7.13,2.6193
Cc1nc2n(c(=O)c1CCN1CCC(c3cccc4sccc34)CC1)CCCC2O,7.12,4.015720000000004
Oc1cccc(OCCNCc2ccccc2)c1,7.12,2.5608000000000004
COc1ccccc1N1CCN(CCCCNC(=O)/C=C/c2ccc(I)cc2)CC1,7.12,4.031600000000003
COc1ccccc1N1CCN(CCCCNC(=O)c2ccc(-c3ccccc3)cc2)CC1.O=C(O)C(=O)O,7.12,3.8500000000000023
Cc1cncc2c1CCN(CCN1CCC(c3noc4ccccc34)CC1)C2=O,7.12,3.4091200000000024
CCOc1ccccc1C(=O)NC1CCN(CCOc2cccc(F)c2)CC1,7.12,3.497600000000002
Cn1ccc2c1CCCN(CCN1CCN(c3nsc4ccccc34)CC1)C2=O,7.12,2.8454000000000015
CN(C)Cc1ccc(CNC(=O)CCCCCN2CCN(c3ccccc3-c3ccccc3)CC2)cc1,7.12,5.414000000000005
CC(C)(O)CC(=O)N[C@H]1CC[C@H](CCN2CCN(c3cccc4c3OCO4)CC2)CC1,7.12,2.7634000000000007
C=CCN1CC[C@H]2c3cccc(O)c3CC[C@H]21,7.12,2.6823000000000006
Cl.O=C1c2cccc3cccc(c23)N1CCCCCCN1CCN(c2cccc(Cl)c2)CC1,7.12,6.257800000000006
CO/N=C(\CCN1CCN(c2ccccn2)CC1C)c1ccc(Cl)cc1,7.12,3.686300000000003
C#Cc1cc(CN2CCN(c3ccccc3OC)CC2)c2cccccc1-2,7.12,4.103500000000004
O=C(NCCCCN1CCN(c2cccc(F)c2)CC1)c1n[nH]c2ccccc12,7.12,3.0342000000000002
O=C(NC/C=C/CN1CCN(c2cccc(Cl)c2Cl)CC1)c1cc2ccccc2o1,7.12,4.847800000000004
COc1cc2c(cc1O)CN(Cc1ccccc1CNC(=O)c1ccc(Br)cc1)CC2,7.12,4.651600000000004
Nc1nc2cc3c(cc2s1)CCN(Cc1ccc(F)cc1)CC3,7.12,3.618400000000003
c1ccc(N2CCN(Cc3cnn(-c4ccccc4)c3)CC2)cc1,7.12,3.1945000000000014
O=C(NCCCCN1CCN(c2ccccc2F)CC1)c1cc2ccccc2o1,7.12,3.9041000000000023
CCCN1CC[C@@H]2Cc3c(cccc3OC)C[C@H]21,7.12,2.894300000000001
N#CCC(=O)N[C@H]1CC[C@H](CCN2CCN(c3cccc4c3OCO4)CC2)CC1,7.12,2.5160800000000005
CS(=O)(=O)Nc1cc(OCCNCc2ccccc2)ccc1Cl,7.12,2.8801000000000005
C[C@@H](O)[C@@H]1NC(=O)[C@H](CCCCN)NC(=O)[C@@H](Cc2c[nH]c3ccccc23)NC(=O)[C@H](Cc2ccccc2)NC(=O)[C@H](Cc2ccccc2)NC(=O)[C@H](CCCNC(=N)N)NC(=O)[C@H](NCC[S+]([O-])C[C@@H]2C[C@@H]3c4cccc5[nH]cc(c45)C[C@H]3N(C)C2)CCCCNC(=O)[C@H](Cc2ccc(F)cc2)NC1=O,7.12,2.892769999999995
CN1CCC(c2cn(-c3ccc(F)cc3)c3ccc(-c4cccnc4)cc23)CC1,7.12,5.640800000000006
COc1ccccc1N1CCN(CCCNC(=O)NCc2ccccc2-c2ccc(F)cc2)CC1,7.12,4.512800000000003
CC(C)Oc1ccccc1N1CCN([C@H]2CC[C@H](NS(=O)(=O)c3ccc(Cl)cc3Cl)CC2)CC1,7.12,5.192300000000005
CCN(CCN1CCC(c2noc3cc(F)ccc23)CC1)C(=O)C1CC(O)C1,7.12,2.7657000000000007
NC(=O)c1ccccc1OCCCN1CCN(c2cccc3c2ccn3Cc2cccc(Cl)c2)CC1,7.12,5.033000000000005
O=S(=O)(c1cccc2ncccc12)N1CCC(CCN2CCN(c3cccc(Cl)c3)CC2)CC1,7.12,4.501200000000004
O=S(=O)(NCCCCN1CCN(c2noc3ccccc23)CC1)c1ccc(F)c(Cl)c1,7.11,3.501000000000002
CCCN(CCCCNC(=O)c1ccc(-c2ccccc2)cc1)C1CCn2nccc2C1,7.11,4.787100000000005
CN1CCc2ccc(Cc3ccccc3)c3c2[C@H]1Cc1ccc(O)c(O)c1-3.Cl,7.11,4.862500000000006
O=S(=O)(N[C@H]1CC[C@@H](N2CCC(c3ccccc3OCC(F)(F)F)CC2)CC1)c1cc(Cl)ccc1F,7.11,5.889300000000006
Br.CN1CCc2c(cc(O)c(O)c2Cl)C(c2ccccc2)C1,7.11,3.9489000000000045
[O-][S+](CCN1CCN(CC(O)Cc2ccccc2)CC1)C(c1ccc(F)cc1)c1ccc(F)cc1,7.11,4.024100000000003
CCCCC1CCN(CCCC(=O)c2ccccc2C)CC1,7.11,4.860120000000005
COc1ccccc1N1CCN(CCCNC(=O)Nc2ccccc2-c2ccc(C(C)(C)C)cc2)CC1,7.11,5.993500000000005
CCN(CCCN1CCN(c2noc3cc(F)ccc23)CC1)S(=O)(=O)C(C)CO,7.11,1.5114999999999998
COc1ccccc1N1CCN(CCCOc2ccc(-c3cn4ccc(C)cc4n3)cc2)CC1,7.11,4.909420000000004
COc1ccccc1C(=O)CCCCCN1CCN(c2noc3ccccc23)CC1,7.11,4.4017000000000035
O=S(=O)(NC1CCN(CCOc2cc(Cl)ccc2Cl)C1)c1ccc(Cl)s1,7.11,4.139900000000004
C#Cc1cccc(C(=O)NCCCCN2CCN(c3ccccc3OC)CC2)c1,7.11,3.008700000000002
COc1ccc(-c2ccccc2)c(CNC(=O)NCCCN2CCN(c3ccccc3OC)CC2)c1,7.11,4.382300000000003
COc1cccc(C(=O)NCCCCN2CCN(c3cccc(C)c3C)CC2)c1,7.11,3.6442400000000026
O=C(CC1CCOCC1)N[C@H]1CC[C@H](CCN2CCC(c3coc4ccccc34)CC2)CC1,7.11,5.494000000000006
COc1ccc(Cl)cc1S(=O)(=O)N[C@H]1CC[C@H](N2CCN(c3ccccc3OC(C)C)CC2)CC1,7.11,4.547500000000005
C=CCN1CCC2c3c(cccc3OC)CC[C@@H]21,7.11,2.9853000000000014
NC(=O)c1ccccc1OCCCCN1CCN(c2cccc3c2ccn3S(=O)(=O)c2ccccc2)CC1,7.11,3.9584000000000037
CN1CCN(C2=Nc3cc(Cl)ccc3N(NC(=O)c3sccc3-c3ccccc3)c3ccccc32)CC1,7.11,6.190700000000006
COc1cc2c(cc1O)CN(Cc1ccccc1CNC(=O)c1ccccc1OC)CC2,7.11,3.897700000000002
CCN(C)CCc1c(-c2cccs2)[nH]c2ccccc12,7.11,4.390600000000003
COc1ccccc1N1CCN(CCCOc2ccc(-c3cn4cc(C)ccc4n3)cc2)CC1,7.11,4.909420000000004
C=CCN1CCC2c3cccc(OC)c3CC[C@H]21,7.11,2.9853000000000014
O=C(O)C(=O)O.Oc1cc2c(cc1Cl)CC[C@@H](CNCc1ccccc1)O2,7.11,2.6846000000000005
CCN1CCc2ccccc2Cc2ccc(O)cc2CC1,7.11,3.403500000000002
CO[C@H]1CC[C@H](C(=O)NCCN2CCC(c3cccc(C(F)(F)F)n3)CC2)CC1,7.11,3.601200000000003
O=c1[nH]c2c(O)ccc([C@@H](O)CNCCCc3cccc(CNCCc4c(Cl)cccc4Cl)c3)c2s1,7.1,5.190100000000004
c1ccc(CNCCOc2cccc3[nH]ncc23)cc1,7.1,2.7315000000000005
COCC(=O)N[C@H]1CC[C@H](CCN2CCC(c3coc4ccccc34)CC2)CC1,7.1,4.323700000000004
CC(F)(F)COc1nc2c(s1)CCN(CC[C@H]1CC[C@H](NS(=O)(=O)c3cccc(F)c3)CC1)C2,7.1,4.601700000000004
COc1ccc(C2=NO[C@H](CCCN3CCN(C(c4ccc(F)cc4)c4ccc(F)cc4)CC3)C2)cc1OC,7.1,5.662400000000006
CC(C)Oc1ccccc1N1CCN([C@H]2CC[C@H](NS(=O)(=O)c3cnc(Cl)c(Br)c3)CC2)CC1,7.1,4.696400000000005
CCN(CCN1CCC(c2c[nH]c3cc(F)ccc23)CC1)C(=O)CCO,7.1,2.717300000000001
CCc1cccc2c1-c1cccc3c1[C@@H](C2)N(C)CC3,7.1,4.001100000000003
CCN(CCN1CCC(c2noc3cc(F)ccc23)CC1)C(=O)C(F)(F)CO,7.1,2.622400000000001
CCc1cccc(N2CCN(C[C@H](F)CCNC(=O)c3cc4ccccc4[nH]3)CC2)c1Cl,7.1,4.6639000000000035
COc1ccccc1N1CCN(Cc2cn3nc(Cl)ccc3n2)CC1,7.1,2.7135000000000007
CCS(=O)(=O)c1ccc(OC)c(-c2ccc(C(C)N3CCCCCC3)[nH]2)c1,7.1,4.420900000000004
COC[C@@H]1CCCN1N1CCN(c2cccc(Cl)c2)C1=O,7.1,2.607800000000001
CS(=O)(=O)c1ccc(C(=O)N[C@H]2CC[C@H](CCN3CCC(c4coc5ccccc45)CC3)CC2)cc1,7.1,5.394600000000006
C[C@@H](O)[C@@H]1NC(=O)[C@H](CCCCN)NC(=O)[C@@H](Cc2c[nH]c3ccccc23)NC(=O)[C@H](Cc2ccncc2)NC(=O)[C@H](Cc2ccccc2)NC(=O)[C@H](CCCNC(=N)N)NC(=O)[C@H](NCC[S@+]([O-])C[C@@H]2C[C@@H]3c4cccc5[nH]cc(c45)C[C@H]3N(C)C2)CCCCNC(=O)[C@H](Cc2ccc(O)cc2)NC1=O,7.1,1.854269999999991
Cc1ccc2c(N3CCN(CCc4cccc(NC(=O)Nc5ccccc5)c4)CC3)cccc2n1,7.1,5.551920000000004
CS(=O)(=O)Oc1ccc2c(c1)CCN(CC[C@H]1CC[C@H](NC(=O)/C=C/c3ccccc3F)CC1)CC2.Cl,7.1,4.765000000000005
CC(C)Oc1ccccc1C1CCN([C@H]2CC[C@@H](NS(=O)(=O)c3ccc(F)c(F)c3)CC2)CC1,7.1,5.221100000000005
CC(=O)Nc1ccc(OCCCN2CCN(c3nsc4ccccc34)CC2)cc1,7.1,3.845800000000003
CNc1cc(OC)c(C(=O)NC[C@H]2CN(Cc3ccccc3)C[C@H]2C)cc1Cl,7.1,3.888200000000003
Nc1nc2cc3c(cc2s1)CCN(Cc1ccccc1)CC3,7.1,3.479300000000003
CC(C)Oc1ccccc1C1CCN([C@H]2CC[C@H](NS(=O)(=O)c3ccc(F)c(F)c3)CC2)CC1,7.1,5.221100000000005
CN1CCc2cccc3c2[C@H]1Cc1ccc(OCCCNC(=O)CCCCCCCCC(=O)NCCCOc2ccc4c(c2O)-c2cccc5c2[C@@H](C4)N(C)CC5)c(O)c1-3,7.1,8.193200000000008
CN(C)c1ccc(Cc2ccc3c4c2-c2c(ccc(O)c2O)C[C@H]4N(C)CC3)cc1.Cl.Cl,7.1,5.350300000000007
CCN(CCN1CCC(c2noc3cc(F)ccc23)CC1)C(=O)C(C)(C)CO,7.1,3.0133000000000014
O=C1CC(c2c[nH]c3ccccc23)C(=O)N1CCN1CCC(c2c[nH]c3ccc(F)cc23)CC1,7.1,4.510400000000004
CO[C@H]1CC[C@H](C(=O)NCCN2CCC(c3cccc(C)n3)CC2)CC1,7.1,2.8908200000000006
CC(C)c1ccccc1OCCN1CCC(NC(=O)c2ccc3ccccc3n2)C1,7.1,4.241300000000003
O=C1COc2c(F)cc(CCN3CCN(c4cccc5sccc45)CC3)cc2N1,7.1,3.7360000000000024
CS(=O)(=O)Oc1ccc2c(c1)CCN(CC[C@H]1CC[C@H](NC(=O)/C=C/c3cccc(F)c3)CC1)CC2.Cl,7.1,4.765000000000005
CCN(Cc1cccc(OC)c1)Cc1ccc(-c2cc(S(=O)(=O)CC)ccc2OC)[nH]1,7.1,4.514600000000003
COCC(C)(C)C(=O)NCCN1CCC(c2cccc(C)n2)CC1,7.1,2.3582199999999993
Clc1ccc2c(c1)N=C(N1CCN(Cc3cccc4c3OCO4)CC1)c1ccccc1N2,7.1,5.021800000000005
COc1ccccc1N1CCN(CCCn2cc(CCCCN3CCc4cc(O)c(O)cc4C(c4cccc(C)c4)C3)nn2)CC1,7.1,5.231520000000006
N#Cc1ccc2c(c1)C1CN(Cc3ccc(F)cc3)CC1CO2,7.1,3.3053800000000013
CN1CCc2cc(Cl)c(O)cc2[C@H]2c3cccc(-c4ccccc4)c3CC[C@@H]21,7.1,5.647200000000005
N#Cc1ccc2c(c1)C1CN(CCCCNC(=O)c3ccc(-c4ccccc4)cc3)CC1CO2,7.1,4.843280000000004
CS(=O)(=O)c1ccc2c(c1)CCN(CC[C@H]1CC[C@H](NC(=O)/C=C/c3ccc(F)cc3)CC1)CC2.Cl,7.1,4.830100000000005
CCCN(CCc1ccc(NC(=O)CCc2cn(CCCCCCCCCCN(C)CCCCCNC(=O)COc3cncc(C#Cc4csc(C)n4)c3)nn2)cc1)C1CCc2c(O)cccc2C1,7.1,9.344820000000002
COc1ccc2c(c1OC)CN1CCc3cc4c(cc3[C@@H]1C2)OCO4,7.1,3.088000000000002
N#Cc1ccc2[nH]cc(CCCCN3CCN(c4cccc5sccc45)CC3)c2c1,7.1,5.399180000000006
COc1ccccc1N1CCN(CCCc2cn(-c3cccc4cnccc34)nn2)CC1,7.1,3.5789000000000017
O=C1N(CCN2CCCC(OCc3ccccc3)C2)CCN1c1cccc(Cl)c1,7.1,4.263200000000004
COc1cc2c(cc1O)[C@@H]1Cc3sc(CCC(C)C)cc3CN1CC2,7.1,4.706400000000005
COc1ccccc1N1CCN(CCCc2cn(-c3ccn4nccc4c3)nn2)CC1,7.09,2.678400000000001
CN1CCC(C2=Cc3ccccc3Oc3ccccc32)CC1.Cl,7.09,5.096500000000004
COc1ccccc1N1CCN(CCCCNC(=O)C2CC2c2ccccc2)CC1.O=C(O)C(=O)O,7.09,2.6729
Fc1ccc(C(O[C@H]2C[C@H]3CC[C@@H](C2)N3CCCCc2ccccc2)c2ccc(F)cc2)cc1,7.09,7.089100000000007
Fc1cccc(-c2cccc(CN3CCN(c4ncccn4)CC3)c2)c1,7.09,3.6049000000000015
C[C@H]1CO[C@@H](c2ccc(N)nc2)CN1CC[C@@H]1CC[C@H](CNC(=O)c2cc3ccccc3[nH]2)C1,7.09,4.143300000000002
O=C(c1ccccn1)N1CCN(CCCN2CCN(c3cccc(Cl)c3Cl)CC2)CC1,7.09,3.358500000000002
N#Cc1cccnc1N1CCN(CCCOc2ccc3c(c2)NC(=O)CC3)CC1,7.09,2.429080000000001
COc1ccccc1N1CCN(CCCN2C(=O)CCc3ccccc32)CC1.O=C(O)C(=O)O,7.09,2.3423
O=C1CCc2cc(Cl)c(CCN3CCN(c4cccc5sccc45)CC3)cc2N1,7.09,4.8041000000000045
Clc1ccc2[nH]ccc2c1N1CCN(Cc2ccccc2)CC1,7.09,4.143500000000003
Clc1cccc(N2CCN(CCCCc3cn(-c4ccc5ccccc5c4)nn3)CC2)c1Cl,7.09,5.872200000000006
C#Cc1cc(C(=O)N[C@@H]2CCN(Cc3ccccc3)C2)c(OC)c2ccccc12,7.09,3.8340000000000023
O=C(N[C@H]1CC[C@H](CCN2CCN(c3cccc4c3OCO4)CC2)CC1)C1CC(Cl)C1,7.09,3.6198000000000015
COc1ccc(Cl)cc1S(=O)(=O)N[C@H]1CC[C@H](N2CCC(c3ccccc3OCC(F)(F)F)CC2)CC1,7.09,5.758800000000006
COc1ccccc1N1CCN(CCCCNC2=CC=CC3=[N+]4[N+](=Cc5c(C)cc(C)n5[B-]4(F)F)[B-](F)(F)N23)CC1,7.09,3.400640000000002
Oc1nc(-c2ccccc2)cn1C1CCN(Cc2ccccc2)CC1,7.09,4.092800000000003
CC1CC(=O)N(C)c2c(CCN3CCN(c4nsc5ccccc45)CC3)cccc21,7.09,4.131000000000004
Cn1c(SCCCN2CC[C@]3(CC3c3ccc(C(F)(F)F)cc3F)C2)nnc1-c1ccncn1,7.09,4.791800000000005
CC1(C(=O)N[C@H]2CC[C@H](CCN3CCN(c4cccc5c4OCO5)CC3)CC2)COC1,7.09,2.6389000000000005
CC(C)(C)c1nc(N2CCN(CCCCn3ccc(N4CCC4)nc3=O)CC2)cc(C(F)(F)F)n1,7.09,3.1621000000000015
O=C(N[C@H]1CC[C@H](CCN2CCC(c3coc4ccccc34)CC2)CC1)C1CCCO1,7.09,4.8563000000000045
O=C1c2cccc3cccc(c23)N1CCCCCCN1CCN(c2cccc3cccnc23)CC1,7.09,5.730800000000006
c1ccc(CNCCOc2cccc3[nH]ccc23)cc1,7.09,3.336500000000002
COc1ccc(OC)c(S(=O)(=O)N[C@H]2CC[C@@H](N3CCN(c4ccccc4OC(C)C)CC3)CC2)c1,7.09,3.902700000000003
Fc1ccc2cccc(N3CCN(CCCCOc4ccc5c(c4)CNC5)CC3)c2c1,7.09,4.5633000000000035
O=C(N[C@H]1CC[C@H](CCN2CCN(c3ccc(Cl)cc3)CC2)CC1)C1CCCCC1,7.09,5.107400000000005
CCN1CCN(c2cccc3c2CCN3S(=O)(=O)c2ccccc2)CC1,7.08,2.579900000000001
O=C1CN2c3c(cccc3[C@@H]3CN(CCCc4noc5cc(F)ccc45)CC[C@@H]32)N1,7.08,3.529700000000002
O=C(NCC(O)CCN1CCN(c2cccc(Cl)c2Cl)CC1)c1ccc2c(c1)Cc1ccccc1-2,7.08,4.867600000000005
Cc1cc(CC(=O)N[C@H]2CC[C@H](CCN3CCC(c4coc5ccccc45)CC3)CC2)on1,7.08,5.216420000000006
CN1CCc2ccc3c4c2[C@H]1Cc1cccc(c1-4)C3,7.08,3.342900000000002
CCOCCOCc1ccc(C(=O)NCCCCN2CCN(c3ccccc3OC)CC2)cc1,7.08,3.5805000000000025
O=S(=O)(NC1CCN(CCOc2ccccc2)CC1)c1cccs1,7.08,2.5698000000000008
O=C(CCCN1CCC(O)(c2ccc(Cl)cc2)CC1)c1ccc(F)cc1F,7.08,4.564700000000004
O=C(Cc1cccnc1)Nc1cccc(CCN2CCN(c3ccccc3)CC2)c1,7.08,3.627500000000002
CCCC(=O)N[C@H]1CC[C@H](CCN2CCc3ccc(Cl)cc3[C@@H](C)C2)CC1,7.08,5.166800000000006
C[C@@H](O)[C@@H]1NC(=O)[C@H](CCCCN)NC(=O)[C@@H](Cc2c[nH]c3ccccc23)NC(=O)[C@H](Cc2ccccc2)NC(=O)[C@H](Cc2ccccc2)NC(=O)[C@H](CCCNC(=N)N)NC(=O)[C@H](NC[C@H](CCCCNC(=O)CSC[C@@H]2C[C@@H]3c4cccc5[nH]cc(c45)C[C@H]3N(C)C2)NC(=O)CSC[C@@H]2C[C@@H]3c4cccc5[nH]cc(c45)C[C@H]3N(C)C2)CCCCNC(=O)[C@H](Cc2ccc(F)cc2)NC1=O,7.08,6.523269999999996
CCCN[C@@H]1CCc2c(cccc2OC)C1,7.08,2.552100000000001
CC(C)(C)c1nc(N2CCN(CCCCN3C(=O)CCSc4ccccc43)CC2)cc(C(F)(F)F)n1,7.08,5.224100000000005
COc1ccccc1N1CCN(CCCCc2cn(-c3ccc4cnccc4c3)nn2)CC1,7.08,3.969000000000003
CC(=O)NC1(c2ccc(Cl)cc2)CCN(Cc2c[nH]c3ccccc23)CC1,7.08,4.448700000000003
CN1CCc2ccccc2Cc2c(O)cccc2CC1,7.08,3.0134000000000016
Cc1ccn2cc(-c3ccc(OCCCN4CCN(c5cccc(Cl)c5Cl)CC4)cc3)nc2c1,7.08,6.207620000000006
CC(C)Oc1ccccc1N1CCN(C2CCC(NC(=O)Nc3cccc(Cl)c3)CC2)CC1,7.08,5.382100000000005
COc1cc2c(cc1O)CN(Cc1ccccc1CNC(=O)c1ccc(I)cc1)CC2,7.08,4.493700000000003
C=CCN1CC=C(C2=Cc3ccccc3Cc3ccccc32)CC1.Cl,7.08,5.371300000000005
COc1ccccc1N1CCN(CCCCNC(=O)c2cc3c4ccc(c3o2)CCc2ccc(cc2)CC4)CC1,7.08,5.657400000000005
O=C(NCCCCN1CCN(c2cc3ccc2CCc2ccc(cc2)CC3)CC1)c1cc2ccccc2s1,7.08,6.117300000000006
C#Cc1cccc(C(=O)NCCN2CCN(c3cccc(Cl)c3Cl)CC2)c1,7.08,3.5267000000000026
COc1ccc(S(=O)(=O)N[C@H]2CC[C@H](N3CCC(c4ccccc4OCC(F)(F)F)CC3)CC2)cc1OC,7.08,5.114000000000005
CN1CCN(c2cc(-c3ccsc3)cc(CC3CCCCC3)n2)CC1,7.08,4.684700000000004
O=C(N[C@H]1CC[C@H](CCN2CCN(c3cccc4c3OCO4)CC2)CC1)c1ccc(F)cc1,7.08,4.055300000000003
CCC(=O)NCCCCN1CCN(c2ccccc2OC)CC1,7.08,2.1235999999999997
Cc1c(-c2ccccc2)nc(O)n1C1CCN(CC2CCCCC2)CC1,7.08,4.781320000000004
N#Cc1ccc(C(=O)NCc2ccccc2CN2CCc3cc(O)c(O)cc3C2)cc1,7.08,3.457780000000003
CCCN(CCC)C1CCc2cccc(O)c2C1,7.08,3.371500000000002
COc1ccccc1N1CCN(CCCCNC(=O)c2ccc3ccnn3c2)CC1,7.08,2.6751000000000005
COc1ccccc1N1CCN(CCCCNC(=O)c2cc3ccccc3o2)CC1,7.08,3.7736000000000027
O=c1ccc2ccc(CCN3CCN(c4cccc5c4CCS5)CC3)cc2[nH]1,7.07,3.541000000000002
S=c1n(CCCCCCN2CCN(c3cccc(Cl)c3)CC2)c2cccc3c2n1CCC3,7.07,6.154490000000006
C[C@H]1Cc2c([nH]c3ccccc23)Cc2ccccc2CCN1C,7.07,4.1776000000000035
O=C(N[C@H]1CC[C@H](CCN2CCN(c3cccc4c3OCO4)CC2)CC1)C1(O)CCC1,7.07,2.5173999999999994
COC(=O)c1coc2c1C(=O)CC(CN1CCC(c3noc4cc(F)ccc34)CC1)C2,7.07,3.971200000000003
Cc1ccc(C)c(C(=O)NCCCCN2CCN(c3cc(C)ccc3C)CC2)c1,7.07,4.252480000000004
COc1ccccc1N1CCN(CCCCN2CCc3ncsc3CC2)CC1,7.07,3.154700000000002
Cc1ccc2c(c1)c1c(n2CCc2ccccc2)CCN(C)C1,7.07,4.180320000000003
COCCC(=O)N1CCC(CCN2CCN(c3cccc(Cl)c3Cl)CC2)CC1,7.07,3.7806000000000024
O=C(N[C@H]1CC[C@H](CCN2CCC(c3cccc4c3CCO4)CC2)CC1)c1ccc(-n2cccc2)cc1,7.07,5.970500000000007
COc1cccc2c3c(oc12)CN(CCCCOc1ccc2ccc(=O)[nH]c2c1)CC3,7.07,4.500200000000003
CN1Cc2c(C(=O)N[C@H]3CC[C@H](CCN4C[C@@H]5C[C@]5(c5cc(C(C)(F)F)on5)C4)CC3)cccc2C1=O,7.07,4.324100000000003
CC(C)Oc1ccccc1N1CCN([C@H]2CC[C@H](NS(=O)(=O)c3ccccc3[N+](=O)[O-])CC2)CC1,7.07,3.793700000000003
O=C(CC1COCCO1)N[C@H]1CC[C@H](CCN2CCC(c3coc4ccccc34)CC2)CC1,7.07,4.482800000000004
CCCN(CCN1CCN(c2ccc(O)c3ncccc23)CC1)C1CCc2ccc(O)cc2C1,7.07,4.037500000000003
CNc1cc(OC)c(C(=O)NC[C@H]2CCN(Cc3ccccc3)C2)cc1Cl,7.07,3.6422000000000025
CCN(C)CCc1c(-c2ccccc2)[nH]c2ccccc12,7.07,4.329100000000003
O=S(=O)(N[C@H]1CC[C@@H](N2CCC(c3ccccc3OCC(F)(F)F)CC2)CC1)c1cccc(OC(F)F)c1,7.07,5.698200000000006
O=C(Nc1ccccc1)NC1CCN(Cc2ccccc2)CC1,7.07,3.4727000000000023
Cc1cccc(N2CCN(CCCCNC(=O)c3cc4ccccc4o3)CC2)c1C,7.07,4.381840000000003
COc1ccccc1N1CCN(CCNC(=O)c2cnn3ccccc23)CC1,7.07,1.8948999999999996
Cl.Clc1cccc(Nc2nc(Cc3ccccc3)nc3c2CCNCC3)c1,7.07,4.574400000000004
CC(C)CS(=O)(=O)n1ccc2c(-c3ccc(OCc4ccccc4)cc3)cc(N3CCN(C)CC3)nc21,7.07,4.868000000000004
COc1ccc(Br)cc1-c1nc(CN2CCN(Cc3ccccc3)CC2)cs1,7.07,4.8990000000000045
O=S(=O)(NC1CCN(CCOc2ccccc2-c2ccccc2)CC1)c1cccc(Cl)c1,7.07,4.828700000000005
c1ccc(CNCCOc2cccc3[nH]cnc23)cc1,7.07,2.7315000000000005
O=C1c2ncccc2CCN1CCN1CCC(c2noc3cc(F)ccc23)CC1,7.06,3.2398000000000016
C[C@H]1CO[C@@H](c2ccc(N)nc2)CN1CCC1CCC(CNC(=O)c2cc3ccccc3[nH]2)C1,7.06,4.143300000000002
COC1(C(=O)N[C@H]2CC[C@H](CCN3CCN(c4cccc5c4OCO5)CC3)CC2)CC1,7.06,2.7814000000000005
CN1CCc2cc(-c3ccccc3)cc3c2[C@H]1Cc1ccc(O)c(O)c1-3,7.06,4.516900000000005
Cn1c(SCCCN2CC[C@]3(CC3c3ccc(C(F)(F)F)cc3F)C2)nnc1-c1cnccn1,7.06,4.791800000000005
COc1ccc(S(=O)(=O)N[C@H]2CC[C@H](N3CCC(c4ccccc4OCC(F)F)CC3)CC2)cc1OC,7.06,4.816800000000005
C[C@H]1CO[C@@H](c2ccc(N)nc2)CN1C[C@H]1C[C@@H]1CCNC(=O)c1cc2ccccc2[nH]1,7.06,3.363100000000001
CCCN(CCC)[C@@H]1CCc2ccccc2[C@@H]1C,7.06,4.226900000000004
Nc1ccc2c(c1)C(O)C(CCN1CCC(c3noc4cc(F)ccc34)CC1)CC2,7.06,4.414600000000004
COc1ccc2c(c1)CCN(C)CCCc1ccccc1C2,7.06,3.706500000000003
C[C@H]1CO[C@@H](c2ccc(N)nc2)CN1CC[C@H]1CC[C@H](NC(=O)c2cc3ccccc3[nH]2)CC1,7.06,4.285800000000003
CCCN1CCc2cccc3c2C1Cc1cccc(OCCCCN2CCN(c4ccccc4OC)CC2)c1-3,7.06,6.208700000000007
CN1CCc2ccccc2Cc2cc(Cl)c(O)c(Cl)c2CC1,7.06,4.320200000000003
Cc1ncc(CC(=O)N[C@H]2CC[C@H](CCN3CCN(c4nocc4C(C)(F)F)CC3)CC2)s1,7.06,3.9810200000000036
COc1ccccc1N1CCN(CCCCNC(=O)c2ccc3c(c2)OCO3)CC1,7.06,2.756100000000001
O=C1CC(c2ccc(F)cc2)Oc2cc(OCCCCN3CCC(c4noc5cc(F)ccc45)CC3)cc(O)c21,7.06,6.556700000000007
Cl.Nc1ncc(-c2cn(S(=O)(=O)c3ccccc3)c3ccccc23)[nH]1,7.06,3.272400000000001
COc1ccc(CN2CC=C(c3c[nH]c4ccccc34)CC2)cc1,7.06,4.465800000000003
COc1ccccc1N1CCN(Cc2cn3cc(C)cc(I)c3n2)CC1,7.06,3.578120000000003
COc1cccc(-c2ccccc2CNC(=O)NCCCN2CCN(c3ccccc3OC)CC2)c1,7.06,4.382300000000003
Oc1nc2c(N3CCN(Cc4ccccc4)CC3)cccc2[nH]1,7.06,2.5907
COc1cc2c(cc1O)[C@@H]1Cc3sccc3CN1CC2,7.05,3.1178000000000017
COc1ccccc1N1CCN(CCCCNC(=O)c2ccccc2)CC1,7.05,3.027400000000002
Cc1c(C2CCN(Cc3ccccc3)CC2)n[nH]c1-c1ccccc1,7.05,4.764720000000004
c1ccc(CCCCN2CCN(Cc3cc4ccccc4o3)CC2)cc1,7.05,4.573300000000004
O=C(N[C@H]1CC[C@H](CCN2CCN(c3cccc4c3OCO4)CC2)CC1)c1cccnc1,7.05,3.3112000000000013
COc1ccccc1N1CCN(CCCNC(=O)Nc2ccccc2-c2ccc(C(C)C)cc2)CC1,7.05,5.819400000000005
CCN1C(=O)c2ccccc2[S@+]([O-])c2ccc(C(=O)NCc3ccc(F)cc3)cc21,7.05,3.9025000000000025
COc1ccccc1N1CCN(CCCNC(=O)c2ccc3nonc3c2)CC1,7.05,2.1734999999999998
O=c1ccc2c(N3CCCN(CCCCOc4ccc5ccnn5c4)CC3)ccc(O)c2[nH]1,7.05,3.252700000000002
CC(O)C(=O)N(CCN1CCC(c2noc3cc(F)ccc23)CC1)C(C)C,7.05,2.764100000000001
CCCN(CCC)[C@@H]1CCc2cccc(O)c2C1,7.05,3.371500000000002
CN(C)C(=O)N1CCC(O)(CCCN2CCN(c3cccc(Cl)c3Cl)CC2)C1,7.05,3.014000000000002
CN1CCc2cc(Cl)c(O)cc2[C@H]2c3cccc(-c4ccc(CO)cc4)c3CC[C@@H]21,7.05,5.139500000000005
CC(C)(C)c1nc(N2CCN(CCCCn3ccc(N4CCCCC4)nc3=O)CC2)cc(C(F)(F)F)n1,7.05,3.942300000000003
CC(C)Oc1cccc2c3c(oc12)CN(CCCCOc1ccc2ccc(=O)[nH]c2c1)CC3,7.05,5.278800000000005
O=C(NCCCCN1CCN(c2cccc(Cl)c2Cl)CC1)c1ccc2c(c1)C(=O)c1ccccc1-2,7.05,5.537000000000004
Cc1c(-c2ccccc2)n[nH]c1C1=CCN(CCc2ccccc2)CC1,7.05,4.7169200000000036
O=C1CCc2ccc(F)cc2N1CCCN1CCC(n2c(=O)[nH]c3ccccc32)CC1,7.05,3.475100000000002
Cn1c(SCCCN2C[C@@H]3CCN(c4ccc(C(F)(F)F)cc4)[C@@H]3C2)nnc1N1CCOCC1,7.05,3.363400000000002
Cl.O=S1(=O)c2cccc3cccc(c23)N1CCCCCCN1CCN(c2ccccc2F)CC1,7.05,5.292000000000004
CO[C@@H](C(=O)N[C@H]1CC[C@H](CCN2CCN(c3cccc4c3OCO4)CC2)CC1)C(C)C,7.05,3.2734000000000014
CN1CC=C(C2=Cc3ccccc3Cc3ccccc32)CC1.Cl,7.05,4.815100000000005
C[C@@H](O)C(=O)N[C@H]1CC[C@H](CCN2CCN(c3cccc4c3OCO4)CC2)CC1,7.05,1.9831999999999994
CN1CCCc2c1cccc2N1CCN(CCCc2c[nH]c3ccccc23)CC1,7.05,4.305100000000003
COc1ccncc1S(=O)(=O)N[C@H]1CC[C@@H](N2CCN(c3ccccc3OC(C)C)CC2)CC1,7.04,3.2891000000000012
COc1ccccc1N1CCN(CCCCCC(=O)NCc2ccc(OS(C)(=O)=O)cc2)CC1,7.04,3.0324000000000018
CCC(=O)N[C@H]1CC[C@H](CCN2CCC(c3cccc4occc34)CC2)CC1,7.04,5.087300000000005
O=C(CC(F)(F)F)N[C@H]1CC[C@H](CCN2CCN(c3cccc4c3OCO4)CC2)CC1,7.04,3.554800000000003
CC1Cc2ccccc2N1C(=O)CC1CCN(Cc2ccc(Cl)cc2)CC1,7.04,4.919900000000005
COc1ccccc1N1CCN(Cc2cc(CN3CCOCC3)c3cccccc2-3)CC1,7.04,3.9544000000000032
CC(C)(C)CNC(=O)NCCCCN1CCN(c2cc(C(F)(F)F)nc(C(C)(C)C)n2)CC1,7.04,4.0404000000000035
CCCN1CCC[C@@H](c2cccc(S(=O)(=O)N(C)C)c2)C1,7.04,2.526300000000001
CCN(CC)C(=O)N[C@H]1CC[C@H](CCN2CCc3ccc(Cl)cc3[C@@H](C)C2)CC1,7.04,5.301900000000005
OC(CCCN1CCC(O)(c2ccc(Cl)cc2)CC1)c1ccc(F)cc1,7.04,4.2763000000000035
COC[C@@H]1CCCN1CCc1c(-c2ccccc2)[nH]c2ccccc12,7.04,4.4882000000000035
CCCN(CCN1CCN(c2ccccc2)CC1)C1CCc2ccc3c(c2C1)CC(=O)N3,7.04,3.572700000000002
CN(C)C(=O)CCC(=O)N[C@H]1CC[C@H](CCN2CCC(c3coc4ccccc34)CC2)CC1,7.04,4.545700000000004
COc1ccc(CN2CCc3cc4nc(N)sc4cc3CC2)cc1,7.04,3.4879000000000016
Cc1cccnc1-c1ccc(C(=O)NC/C=C/CN2CCN(c3cccc(Cl)c3Cl)CC2)cc1,7.04,5.472020000000005
COc1ccc(Br)cc1-c1nc(CNCC2CCN(Cc3ccccc3)C2)cs1,7.04,5.192900000000005
CC(C)[C@@H](O)C(=O)N[C@H]1CC[C@H](CCN2CCN(c3cccc4c3OCO4)CC2)CC1,7.04,2.6193
O=C1c2ccccc2S(=O)(=O)N1CCCCCN1CCN(c2ccccn2)CC1,7.04,2.2186000000000003
CC1CC(=O)Nc2c(CCN3CCN(c4n[s+]([O-])c5ccccc45)CC3)cc(F)cc21,7.04,3.911900000000003
O=C(N[C@H]1CC[C@H](CCN2CCN(c3cccc4c3OCO4)CC2)CC1)C1CCC1,7.04,3.4025000000000007
CN1CCN(C2=Nc3cc(Cl)ccc3N(NC(=O)c3c(N)cccc3C(F)(F)F)c3ccccc32)CC1,7.04,5.063200000000004
CCn1c(C(=O)N[C@H]2CC[C@H](CCN3C[C@@H]4C[C@]4(c4cc(C(C)(F)F)on4)C3)CC2)cccc1=O,7.04,3.9201000000000032
O=S(=O)(NC1CC2CCC(C1)N2CCOc1cccc(-c2ccccc2)c1)c1cccc(Cl)c1,7.03,5.3597000000000055
N#Cc1ccccc1N1CCN(CCCCNC(=O)c2ccc(-c3ccsc3)cc2)CC1,7.03,4.618980000000004
Clc1ccc(N2CCN(C[C@H]3C[C@@H]3c3ccccc3)CC2)c(Cl)c1,7.03,4.919100000000005
CCc1cc(Cl)c(OC)c(C(=O)NCC2CCCN2CCCCNCCC(C(=O)N(C)C)(c2ccccc2)c2ccccc2)c1O,7.03,5.645200000000006
CC1c2ccccc2C=C(N2CCN(C)CC2)c2ccccc21,7.03,3.897300000000003
Clc1ccc(N2CCN(C[C@H]3C[C@@H]3c3ccccc3)CC2)cc1Cl,7.03,4.919100000000005
O=C1c2sccc2CCN1CCN1CCC(c2noc3ccccc23)CC1,7.03,3.7672000000000025
O=C(N[C@@H]1CCN(Cc2ccccc2)C1)c1cccc(-c2ccsc2)c1,7.03,4.419400000000004
C[C@H]1CN(CC[C@H]2CC[C@H](NC(=O)c3ccco3)CC2)CCc2ccc(Cl)cc21,7.03,5.273500000000005
COc1cc(CN2CCN(c3ccccc3OC)CC2)ccc1OCc1cn(CCCCCCCCN(C)CCCCCNC(=O)COc2cccc(C#Cc3csc(C)n3)c2)nn1,7.03,7.99912000000001
COc1ccccc1N1CCN(CCCNC(=O)NN(Cc2ccc(C#N)cc2)c2ccc(Cl)cc2Cl)CC1,7.03,5.306780000000005
O=C(CCCCCN1CCN(c2ccccc2-c2ccccc2)CC1)N1Cc2ccccc2C1,7.03,5.5784000000000065
COc1ccccc1N1CCN(CCNC(=O)OC(C)(C)C)CC1,7.03,2.3419000000000008
Cc1nccc2c1C(=O)N(CCN1CCC(c3noc4ccccc34)CC1)CC2,7.03,3.4091200000000024
O=C(Cc1ccc2c(c1)OCO2)N[C@H]1CC[C@H](CCN2CCC(c3coc4ccccc34)CC2)CC1,7.03,5.648700000000006
CN1CCc2cc(Cl)c(O)cc2[C@H]2c3cccc(-c4cccs4)c3CC[C@@H]21,7.03,5.708700000000005
COc1ccc(S(=O)(=O)N[C@H]2CC[C@H](N3CCC(c4cc(F)ccc4OC(C)C)CC3)CC2)cc1OC,7.03,5.099200000000005
COc1ccc(S(=O)(=O)N[C@H]2CC[C@@H](N3CCN(c4ccccc4OC(C)C)CC3)CC2)cc1OC,7.03,3.902700000000003
CCc1cc2c(cn1)C(=O)N(CCN1CCN(c3nsc4ccccc34)CC1)CC2,7.03,3.074200000000002
Br.c1ccc(N2CCN(CCCCCNC3=Nc4ccccc4OC3)CC2)cc1,7.03,4.269000000000003
CC(C)(C)c1nc(N2CCN(CCCCN3C(=O)CCCc4c(O)cccc43)CC2)cc(C(F)(F)F)n1,7.03,4.770200000000004
Cc1cccc(S(=O)(=O)CC2CCN(CCCc3noc4cc(F)ccc34)C2)c1,7.03,4.003720000000004
CCCN1CC[C@@H]2c3cccc(O)c3CC[C@H]21,7.03,2.9063000000000017
CC[C@H](O)CN1CCN(c2cccc(Cl)c2Cl)CC1,7.03,2.886300000000001
Cl.O=C1c2cccc3cccc(c23)N1CCCCCCN1CCN(c2cccc(Cl)c2Cl)CC1,7.03,6.911200000000005
COc1ccccc1N1CCN(CCCCNC(=O)NN(Cc2ccccc2)c2ccc(F)cc2)CC1,7.03,4.657500000000003
COc1cc(CN2CCN(c3ccccc3OC)CC2)c(OCCF)cc1OC,7.03,3.382900000000002
COc1ccccc1N1CCN(CCCCc2cn(-c3ccc(-c4ccsc4)cc3)nn2)CC1,7.03,5.1493000000000055
O=C1CSc2ccc(CCN3CCN(c4cccc5sccc45)CC3)cc2N1,7.03,4.310200000000004
O=S(=O)(CC1CCN(CCCc2noc3cc(F)ccc23)C1)c1ccc(C(F)(F)F)cc1,7.02,4.714100000000005
CCOc1ccccc1N1CCN(CCCCc2cc(-c3cccc([N+](=O)[O-])c3)no2)CC1.Cl,7.02,5.2152000000000065
O=C(CC1(O)CCC1)N[C@H]1CC[C@H](CCN2CCN(c3cccc4c3OCO4)CC2)CC1,7.02,2.9075000000000006
Cn1c(SCCCN2CC3CCN(c4cccc(OC(F)(F)F)c4)C3C2)nnc1-c1cnccn1,7.02,3.8636000000000026
O=C1CCc2cccc(F)c2N1CCCN1CCC(n2c(=O)[nH]c3ccccc32)CC1,7.02,3.475100000000002
Cc1ncoc1-c1nnc(SCCN2CC[C@]3(C[C@H]3c3ccc(C(F)(F)F)cc3)C2)n1C,7.02,4.769020000000005
COc1ccccc1N1CCN(Cc2cc(CN3CCN(c4ccc(Cl)cc4)CC3)c3cccccc2-3)CC1,7.02,6.0978000000000065
COc1cc(CCNC[C@@H](O)c2ccc(O)c3c2OCC(=O)N3)ccc1OCCCc1ccccc1,7.02,3.6090000000000027
NC(=O)c1ccccc1OCCCN1CCN(c2cccc3c2ccn3Cc2ccccc2)CC1,7.02,4.3796000000000035
CS(=O)(=O)CC(=O)N[C@H]1CC[C@H](CCN2CCN(c3cccc4c3OCO4)CC2)CC1,7.02,1.6470000000000002
O=c1[nH]c2cc(Cl)ccc2n1C1CCN(CCCCc2nc3ccccc3o2)CC1,7.02,4.784000000000004
Cc1cccc(CN2CCC(n3c(O)nc(-c4ccccc4)c3C)CC2)c1,7.02,4.709640000000004
C[C@@H]1Cc2ccccc2N1C(=O)CN1CCN(Cc2cc(Cl)ccc2Cl)CC1,7.02,4.0888000000000035
CC[C@@H]1Cc2ccccc2N1C(=O)CN1CCN(Cc2ccc(C)cc2)CC1,7.02,3.480520000000003
COc1ccccc1N1CCN(CCCCNC(=O)c2cc3cc(Br)ccc3o2)CC1,7.02,4.536100000000004
O=S(=O)(N[C@@H]1CCN(CCCc2noc3ccccc23)C1)c1ccc(F)cc1,7.02,2.952300000000001
COc1ccccc1N1CCCN(CCCCNC(=O)c2ccc(F)cc2)CC1,7.02,3.556600000000002
CCCN1CCN(c2ccc3c(c2)N(S(=O)(=O)c2ccccc2)CC3)CC1,7.02,2.9700000000000015
Cc1nc(-c2ccc(CSc3nc4ccccc4n3Cc3ccc(Cl)cc3)cc2)no1,7.02,6.388720000000005
COc1ccc2cc([C@H](C)C(=O)NCCCN3CCN(c4ccccc4OC)CC3)ccc2c1.O=C(O)C(=O)O,7.02,3.444600000000001
O=C(NCCCCN1CCN(c2cccc3[nH]ccc23)CC1)c1ccc2ccccc2c1,7.02,4.653300000000003
CSc1ccccc1N1CCN(CCCCCC(=O)N2Cc3ccccc3C2)CC1,7.02,4.633300000000005
Cc1ncoc1-c1nnc(SCCCN2CC[C@]3(CC3c3ccc(F)cc3F)C2)n1C,7.02,4.4185200000000036
CSc1ccccc1C1CC1CNCCCCOc1ccc2ccc(=O)[nH]c2c1,7.02,4.802300000000003
CCC(C)N1CCC[C@@H](c2cccc(C#N)c2)C1,7.01,3.5361800000000025
COc1ccccc1N1CCN(CCCc2ccc3nc[nH]c3c2)CC1,7.01,3.3263000000000016
OC1(c2ccc(-c3ccccc3)cc2)CCN(Cc2c[nH]c3ccccc23)CC1,7.01,5.318500000000004
O=C(N[C@H]1CC[C@H](CCN2CCC(c3coc4ccccc34)CC2)CC1)c1ccnc2ccccc12,7.01,6.539300000000007
Cc1ncoc1-c1nnc(SCCCN2C[C@H]3CCCN(c4ccc(C(F)(F)F)cc4)[C@H]3C2)n1C,7.01,4.880320000000005
CCCCCN1CCN2c3cccc4[nH]cc(c34)CC2C1,7.01,3.4048000000000016
O=C(CCCN1CCN(c2ncccn2)CC1)c1ccc(F)cc1,7.01,2.4008000000000003
Cc1ccc2c(c1)N=C(C1=C[C@H](C)N(C)CC1)c1cc(Cl)ccc1N2,7.01,5.476620000000004
COc1cccc(OC)c1C(=O)NN1c2ccc(Cl)cc2N=C(N2CCN(C)CC2)c2cc(Cl)ccc21,7.01,5.132800000000005
O=c1ccc2ccc(OCCCCNCC3CC3c3cccc4ccccc34)cc2[nH]1,7.01,5.233600000000004
COc1ccccc1N1CCN(CCCOc2ccc(C)cc2C)CC1.Cl,7.01,4.324940000000005
Cc1ncoc1-c1nnc(SCCCN2C[C@@H]3CCCN(c4ccc(C(F)(F)F)cc4)[C@@H]3C2)n1C,7.01,4.880320000000005
Cc1cc(-c2nnc(SCCCN3CC[C@]4(C[C@@H]4c4ccc(C(F)(F)F)cc4)C3)n2C)on1,7.01,5.159120000000005
COc1ccccc1N1CCN(CCCCNC(=O)c2ccc(F)cc2)CC1,7.01,3.166500000000002
Cn1c(SCCCN2CC[C@]3(CC3c3ccc(C(F)(F)F)cc3)C2)nnc1N1CCOCC1,7.01,4.032300000000003
CC(C)(C)c1nc(N2CCN(CCCCNC(=O)N3CCN(c4ccncc4)CC3)CC2)cc(C(F)(F)F)n1,7.01,3.621900000000003
CO/N=C(\CCN1CCN(c2ccccn2)CC1)c1cccc(Cl)c1,7.01,3.2978000000000023
O[C@@H](CCCN1CCN(c2ccccn2)CC1)c1ccc(F)cc1,7.0,2.8565000000000014
C[C@@H](O)[C@@H]1NC(=O)[C@H](CCCCN)NC(=O)[C@@H](Cc2c[nH]c3ccccc23)NC(=O)[C@H](Cc2ccccc2)NC(=O)[C@H](Cc2ccccc2)NC(=O)[C@H](CCCNC(=N)N)NC(=O)[C@H](NCCSC[C@@H]2C[C@@H]3c4cccc5[nH]cc(c45)C[C@H]3N(C)C2)CCCCNC(=O)[C@H](Cc2ccc(F)cc2)NC1=O,7.0,3.8772699999999976
CCCOc1ccc2c(c1OC)CN1CCc3cc(OC)c(O)cc3C1C2,7.0,3.8537000000000035
CC1(C(=O)NC(c2ccc(Cl)cc2)c2ccccn2)CCN(CCOc2ccccc2)CC1,7.0,5.121700000000005
CC(C)N(CCN1CCC(c2noc3cc(F)ccc23)CC1)C(=O)CCO,7.0,2.765700000000002
C#CC(O)C(=O)N(CC)CCN1CCC(c2noc3cc(F)ccc23)CC1,7.0,1.9889000000000001
Nn1c(CCCCN2CCN(c3ccc4ccccc4n3)CC2)nc2c(c1=O)CCCC2,7.0,2.529
COc1ccc(N2CCN(CCCCNC(=O)c3ccc4nonc4c3)CC2)cc1,7.0,2.5636
CC1(C)C[C@@H]2C[C@@](C)(CN2CCN2CCN(c3cccc(Cl)c3)C2=O)C1,7.0,4.482600000000004
O=C(NCCCCN1CCN(c2cccc(OCCF)c2)CC1)c1ccc2nonc2c1,7.0,2.9033000000000007
COc1ccc(CCN(C)CCN2CCN(c3cccc(Cl)c3)C2=O)cc1OC,7.0,3.7737000000000025
O=C1N(CCN2Cc3ccccc3C2)CCN1c1cccc(Cl)c1,7.0,3.597800000000003
O=C1Cc2c(ccc3c2OC[C@H](CNCC2CCc4c([nH]c5ccc(F)cc45)C2)O3)N1,7.0,3.336100000000001
O=C(NC1CCC(CCN2CCN(c3ccccc3)CC2)CC1)C1CCCCC1,7.0,4.454000000000003
CCN(CCN1CCC(c2noc3cc(F)ccc23)CC1)C(=O)C1(O)CCCNC1,7.0,2.1092999999999993
CCN(CCN1CCC(c2noc3cc(F)ccc23)CC1)C(=O)C1(O)CCCN(C(C)=O)C1,7.0,2.3682
CCN(CCCN1CCC(c2noc3cc(F)ccc23)CC1)S(=O)(=O)C(C)CO,7.0,2.5689000000000015
CCOc1cccc2cc(CNCC[C@H]3CC[C@H](NC(=O)N(C)C)CC3)oc12,7.0,4.141200000000003
CC(CN1c2ccccc2Sc2ccccc21)N(C)C,7.0,4.239400000000003
Cc1cccc2c1C(=O)N(CCCCCN1CC=C(c3c[nH]c4ccccc34)CC1)C2=O,7.0,5.031920000000004
Cn1ncc2c1CCCC(CCN1CCN(c3nsc4ccccc34)CC1)C2=O,7.0,3.3773000000000026
Fc1ccc([Si]2(c3ccc(F)cc3)CCC(N3CCN(c4ccccc4)CC3)C2)cc1,7.0,4.122300000000004
CCCN(CCN1CCC(c2noc3cc(F)ccc23)CC1)C(=O)C(C)O,7.0,2.765700000000002
CCN(CCN1CCC(c2noc3cc(F)ccc23)CC1)C(=O)C(C)CO,7.0,2.623200000000001
NC(=O)C1CCC(CN2CCC(=C(c3ccccc3)c3ccc(F)cc3)CC2)O1,7.0,3.756300000000002
CCCN(CCC)[C@@H]1CCc2c(ccc(CCc3ccc(C(F)(F)F)cc3)c2OC)C1,7.0,6.4785000000000075
CCN(CCN1CCC(c2noc3cc(F)ccc23)CC1)C(=O)C1CCC(O)CC1,7.0,3.5459000000000023
CCN(CCN1CCC(c2noc3cc(F)ccc23)CC1)C(=O)C1(O)CC1,7.0,2.5197000000000003
CCN(CCN1CCC(c2noc3cc(F)ccc23)CC1)C(=O)C1(O)CCOCC1,7.0,2.5363000000000007
CCN(CCN1CCC(c2noc3cc(F)ccc23)CC1)C(=O)CC(C)O,7.0,2.765700000000001
COc1ccccc1N1CCN(CCCCCCNS(=O)(=O)c2ccc3ccccc3c2)CC1,7.0,4.509300000000004
CNC(=O)c1ccc(-c2ccc(C(=O)NCCCCN3CCc4ccc(OS(=O)(=O)C(F)(F)F)cc4C3)cc2)cc1,7.0,4.5099000000000045
COc1ccccc1N1CCN(CCCCNC(=O)c2cc3ccccn3n2)CC1,7.0,2.6751000000000005
O=S(=O)(CCCOCCc1ccccc1)CCNCCc1ccc(O)c2nc(O)sc12,7.0,2.9038000000000013
COc1cc2c(cc1O)CN(Cc1ccccc1CNC(=O)c1cccc(Cl)c1)CC2,7.0,4.542500000000004
COc1ccccc1/C=C/C(=O)N[C@H]1CC[C@H](CCN2CCc3ccc(OS(C)(=O)=O)cc3CC2)CC1.Cl,7.0,4.634500000000005
O=C(/C=C/c1ccc(F)cc1)N[C@H]1CC[C@H](CCN2Cc3ccc(Br)cc3C2)CC1,7.0,5.682300000000005
O=C(N[C@H]1CC[C@H](CCN2CCC(c3cccc4c3OCO4)CC2)CC1)C1CCC1,7.0,4.459900000000004
Cc1nnc(-c2ccc(-c3ccc(C(=O)NCCCCN4CCc5ccc(OS(=O)(=O)C(F)(F)F)cc5C4)cc3)cc2)o1,7.0,5.508720000000005
COc1ccccc1N1CCCN(CCCCNC(=O)c2ccc(SC)cc2)CC1,7.0,4.139400000000003
O=C(N[C@H]1CCN(Cc2ccc(OC3CCNCC3)c(Br)c2)C1)c1ccc(Cl)c(Cl)c1,7.0,4.891000000000004
CCS(=O)(=O)c1ccc(OC)c(-c2ccc(CN3CCc4ccccc4C3)[nH]2)c1,7.0,4.042200000000003
COc1ccc(OC)c(N2CCN(CCCCNC(=O)c3ccc(Br)cc3)CC2)c1,7.0,3.7985000000000024
Cc1[nH]c2ccc(Cl)cc2c1C1=CCN(CCCNS(=O)(=O)c2ccc3ccccc3c2)CC1,7.0,5.740620000000006
Cc1[nH]c2ccc(Cl)cc2c1C1=CCN(CCCCNS(=O)(=O)c2ccc3ccccc3c2)CC1,7.0,6.130720000000006
O=S(=O)(NCCCCN1CCN(c2noc3ccccc23)CC1)c1cnc2ccccn12,7.0,2.3562000000000003
COc1ccccc1N1CCCN(CCCCNC(=O)c2cccc3c2-c2ccccc2C3=O)CC1,7.0,4.628900000000004
CC(C)c1cc2c(cc1NS(=O)(=O)c1ccc(-c3ccc(Cl)cc3)cc1)CCN(C)CC2,7.0,5.961600000000006
O=C(N[C@H]1CC[C@H](CCN2CCC(c3cccc4c3CCO4)CC2)CC1)c1ccc(-c2cccnc2)cc1,7.0,6.241800000000007
Cc1noc(C)c1-c1ccc(S(=O)(=O)Nc2ccc3c(c2)CCN(C)CC3)cc1,7.0,3.789640000000003
O=S(=O)(N[C@H]1CCN(CCCc2noc3ccccc23)C1)c1cccc(Cl)c1,7.0,3.4666000000000023
COc1ccc(S(=O)(=O)N2CCOCC2)cc1-c1ccc(CN2CCCCCC2c2ccccc2)[nH]1,7.0,4.8285000000000045
COc1ccccc1N1CCN(CCCNC(=O)Nc2ccccc2-c2ccccc2)CC1,7.0,4.696000000000003
N#Cc1ccc(C(=O)N[C@H]2CC[C@H](CCN3CCN(c4cccc5c4OCO5)CC3)CC2)cc1,7.0,3.787880000000003
c1ccc2[nH]c(CN3CCN(c4cccc5sccc45)CC3)nc2c1,7.0,4.099800000000003
O=C1CCc2cc(CCCCN3CCC(c4cccc5sccc45)CC3)ccc2N1,7.0,5.988300000000006
O=C1CCc2cccc(CCN3CCN(c4nsc5ccccc45)CC3)c2N1,7.0,3.545700000000002
CC1CC(=O)Nc2c(CCN3CCN(c4noc5ccccc45)CC3)cccc21,7.0,3.638200000000002
CC1CC(=O)Nc2c(CCN3CCN(c4nsc5ccccc45)CC3)cc(Cl)cc21,7.0,4.760100000000004
Cl.N#Cc1ccc2c(c1)CN(CC[C@H]1CC[C@H](NC(=O)c3cc4ccccc4[nH]3)CC1)CC2,7.0,5.198380000000004
CC1CC(=O)Nc2c(CCN3CCN(c4noc5ccccc45)CC3)cc(F)cc21,7.0,3.777300000000003
C[C@H]1CN(CC[C@H]2CC[C@H](NC(=O)C3CCCCC3)CC2)CCc2ccc(Cl)cc21,7.0,5.947000000000006
COc1ccc(S(=O)(=O)N(C)C)cc1-c1ccc(CN2CCCCCC2c2ccccc2)[nH]1,7.0,5.0579000000000045
CCS(=O)(=O)c1ccc(OC)c(-c2ccc(CN3CCCCC[C@H]3c3ccccc3)[nH]2)c1,7.0,5.601200000000006
CN(CCC=C1c2ccccc2CCc2ccccc21)Cc1ccc(OCCCN2CCCCC2)cc1,7.0,6.993800000000008
COc1cc2c(cc1O)[C@H]1C[C@](O)(c3ccc(Cl)cc3)CCN1CC2,7.0,3.6350000000000025
CN1C(=O)c2ccccc2[S@+]([O-])c2ccc(C(=O)NCCc3cccs3)cc21,7.0,3.4773000000000023
CCCN(CCCCNC(=O)c1ccc(-c2ccccc2)cc1)C1CCc2c(C#N)cccc2C1,7.0,6.0047800000000064
CN1CCc2cccc3c2[C@H]1Cc1ccc2c(c1-3)OCO2,7.0,3.1674000000000015
CC(=O)Oc1ccc2c(c1OC(C)=O)-c1cccc3c1[C@@H](C2)N(C)CC3,7.0,3.2893000000000017
COc1ccccc1N1CCN(Cc2cn3cc(C)cc(N4CCOCC4)c3n2)CC1,7.0,2.8101200000000013
COc1ccccc1N1CCN(CCCCCN2Cc3c(Cl)nc4ccccc4c3C2=O)CC1,7.0,4.845100000000005
COc1ccc(Cl)cc1S(=O)(=O)N[C@H]1CC[C@@H](N2CCN(c3ccccc3OC(C)C)CC2)CC1,7.0,4.547500000000005
c1ccc(CCCN2CCN(Cc3ccccc3)CC2)cc1,7.0,3.437000000000002
COc1cccc(N2CCN(CCCCNC(=O)c3ccc4nonc4c3)CC2)c1,7.0,2.5636
COc1ccc(N2CCN(CCCCNC(=O)c3ccc(-n4ccnc4)cc3)CC2)cc1,7.0,3.2131000000000016
O=C(NCCCCN1CCN(c2cccc(C(F)(F)F)c2)CC1)c1ccc(-c2ccsc2)cc1,7.0,5.766100000000005
CO/N=C(\CCN1CCN(c2ccccn2)CC1)c1cccc(F)c1,7.0,2.783500000000001
Clc1ccc(C(c2ccccn2)N2CCC3(CCN(CCOc4ccccc4)CC3)C2)cc1,7.0,5.691300000000005
Fc1ccccc1OCCN1CCC2(CC1)CCN2c1ccc(Cl)cc1,7.0,4.602800000000004
CCN(CCN1CCC(c2noc3cc(F)ccc23)CC1)C(=O)[C@H]1CC[C@H](O)CC1,7.0,3.5459000000000023
CC(C)N(CCN1CCC(c2noc3cc(F)ccc23)CC1)C(=O)[C@H](C)O,7.0,2.764100000000002
CC1(Oc2ccc(Cl)cc2)CCN(CCOc2ccccc2F)CC1,7.0,4.791400000000004
FC(F)(F)c1ccccc1OCCN1CCC2(CCCN2c2ccc(Cl)cc2)CC1,7.0,5.872600000000006
CC(=O)NC1(C)CCN(C[C@H]2COc3ccc(Br)cc3O2)CC1,7.0,2.5795000000000012
CCN(CCN1CCC(c2noc3cc(F)ccc23)CC1)C(=O)C1CNCCC1O,7.0,1.9651999999999998
CC1(Oc2ccccc2)CCN(CCOc2ccccc2OC(F)(F)F)CC1,7.0,4.897500000000004
COC1(C)CCN(CCOc2ccccc2C(F)(F)F)CC1,7.0,3.5851000000000024
CCN(CCN1CCC(c2noc3cc(F)ccc23)CC1)C(=O)[C@H]1CC[C@@H](O)CC1,7.0,3.5459000000000023
CCN(CCCN1CCC(c2noc3cc(F)ccc23)CC1)S(=O)(=O)CCO,7.0,2.180400000000001
CC1(Oc2ccc(Cl)cc2)CCCN(CCOc2ccccc2F)C1,7.0,4.791400000000004
CC1(C(=O)c2ccccc2)CCN(CCOc2ccccc2C(F)(F)F)CC1,7.0,5.069200000000005
Cc1nn(C)c2c1C(=O)N(CCN1CCC(c3noc4ccccc34)CC1)CCC2,6.99,3.1377200000000016
Cn1ncc2c1C(=O)N(CCN1CCC(c3noc4ccccc34)CC1)CC2,6.99,2.4392000000000005
Cn1ncc2c1CCCC(CCN1CCC(c3noc4ccccc34)CC1)C2=O,6.99,3.9662000000000033
COc1cc2c(cc1O)C1Cc3ccc(OC)c(OC)c3CN1CC2,6.99,3.073500000000001
COc1ccccc1N1CCN(C2CC3CC(NC4CC5CC(N6CCN(c7ccccc7OC)CC6)CC5C4)CC3C2)CC1.O=C(O)C(=O)O,6.99,4.507600000000004
O=C(NCCCCN1CCN(c2cccc(Cl)c2Cl)CC1)N1CCC(c2ccccc2)CC1,6.99,5.484800000000006
Clc1cccc(N2CCN(CCCCn3cc(-c4ccc5ccccc5c4)nn3)CC2)c1Cl,6.99,6.007500000000006
CC(C)c1ccccc1OCCN1CCC(NS(=O)(=O)c2cccc(F)c2)CC1,6.99,3.770800000000002
O=C(NC1CCC(CCN2CCC(c3coc4ccccc34)CC2)CC1)c1ccc2ncccc2c1,6.99,6.539300000000007
CN(C)C(=O)N[C@H]1CC[C@@H](CCN2CCN(c3cccc(Cl)c3Cl)CC2)CC1,6.99,4.335500000000003
O=C(NCCCCN1CCN(c2cccc(Cl)c2Cl)CC1)c1cc2ccccc2[nH]1,6.99,4.806900000000003
O=S(=O)(N[C@H]1CCN(CCCc2noc3ccccc23)C1)c1ccc2cc(Cl)ccc2c1,6.99,4.619800000000004
CCCCC(Oc1cc(Cl)ccc1Cl)c1nc(N)nc(N2CCN(C)CC2)n1,6.99,3.822700000000001
COc1ccc(N2CCN(CCCCOc3ccc4c(c3)NC(=O)CC4)CC2)cc1.O=C(O)C(=O)O,6.99,2.7167
Cn1c(SCCCN2CC3CCN(c4ccc(F)cc4)C3C2)nnc1-c1cnccn1,6.98,3.1041000000000016
CC1(C)CN(CCN2CCC(c3noc4cc(F)ccc34)CC2)C(=O)c2ncccc21,6.98,3.9749000000000034
O=C(N[C@H]1CC[C@H](CCN2CCC(c3coc4ccccc34)CC2)CC1)c1cnc(N2CCOCC2)cn1,6.98,4.617700000000005
CN1CCN(CC(=O)N[C@H]2CC[C@H](CCN3CCC(c4cccc5c4OCO5)CC3)CC2)CC1,6.98,2.9072000000000013
COc1cc2c(cc1O)[C@H]1Cc3ccc(OC)c(OC)c3CN1CC2,6.98,3.073500000000001
Cc1cccc(-c2ccc(C(=O)NC/C=C/CN3CCN(c4cccc(Cl)c4Cl)CC3)cc2)n1,6.98,5.472020000000006
O=C1c2ccccc2S(=O)(=O)N1CCCCCCN1CCN(c2ccc(Cl)c(Cl)c2)CC1,6.98,4.520500000000005
O=S(=O)(N[C@H]1CC[C@H](CCN2CCC(c3cccc4c3CCO4)CC2)CC1)c1ccc(F)cc1,6.98,4.867400000000005
CN[C@@H]1Cc2cccc3c2n(c(=O)n3CCCCOc2ccc3c(c2)NC(=O)CC3)C1,6.98,2.6910000000000007
COc1ccc(N2CCN(CCOc3ccc4[nH]c(=S)[nH]c4c3)CC2)cc1,6.98,3.4350900000000015
O=S(=O)(N[C@H]1CC[C@H](N2CCC(c3ccccc3OCC(F)(F)F)CC2)CC1)c1ccc(OC(F)F)cc1,6.98,5.698200000000005
O=C1Nc2cccc3c2[C@]1(CCCCN1CC=C(c2ccccc2)CC1)CCC3,6.98,5.172400000000005
Cc1cccc(S(=O)(=O)N[C@H]2CCN(CCCc3noc4ccccc34)C2)c1,6.98,3.121620000000002
Clc1cccc(N2CCN(CCCOc3ccc4cn[nH]c4c3)CC2)c1Cl,6.98,4.460800000000003
COc1ccc(S(=O)(=O)N[C@H]2CC[C@H](N3CCC(c4ccc(F)cc4OC(C)C)CC3)CC2)cc1OC,6.98,5.099200000000005
O=S(=O)(N[C@H]1CC[C@H](CCN2CCC(c3cccc4c3OCO4)CC2)CC1)c1ccc(F)cc1,6.98,4.6612000000000045
CC(C)c1ccccc1OCCN1CCC(NS(=O)(=O)c2cccc3ncccc23)CC1,6.98,4.1799000000000035
CCN(CCN1CCC(c2c[nH]c3cc(F)ccc23)CC1)S(=O)(=O)CCO,6.98,2.1304000000000003
CCN(CCN1CCC(c2n[nH]c3cc(F)ccc23)CC1)C(=O)C(C)O,6.98,2.1107
O=C1CC(CN2CCC(C(=O)c3ccc(F)cc3)CC2)Cc2ccccc21,6.98,4.165700000000004
COc1ccc(Br)cc1-c1nc(CNC2CCN(Cc3ccccc3)CC2)cs1,6.98,5.335400000000005
Cn1c(SCCCN2CC[C@]3(CC3c3ccc(C(F)(F)F)cc3)C2)nnc1-c1ccccn1,6.97,5.257700000000005
O=C(NCCCCN1CCN(c2cccc(Cl)c2Cl)CC1)c1[nH]nc2ccccc12,6.97,4.201900000000003
COc1cccc(N2CCN(CCCCNC(=O)c3n[nH]c4ccccc34)CC2)c1,6.97,2.9037000000000006
c1ccc(CNC[C@H]2CCc3ccc4[nH]ccc4c3O2)cc1,6.97,3.6513000000000018
CCCNC1CCc2cccc(OS(=O)(=O)C(F)(F)F)c2C1,6.97,2.7719000000000014
O=c1ccc2ccc(CCN3CCN(c4cc(F)cc5sccc45)CC3)cc2[nH]1,6.97,4.2466000000000035
Cc1cn2c3c(=O)n(C)c(=O)n(C)c3nc2n1CCCCCN1CCN(c2ccc(Cl)cc2)CC1,6.97,2.64072
C=CCN1CCC2c3cccc(O)c3CC[C@H]21,6.97,2.6823000000000006
CC(C)N1CCC[C@@H](c2cccc(C#N)c2)C1,6.97,3.146080000000002
CNc1cccc(C2CCN(CCNC(=O)C3CCOCC3)CC2)n1,6.97,1.8454999999999995
Cn1c(SCCCN2CC[C@@]3(C[C@@H]3c3ccc(C(F)(F)F)cc3)C2)nnc1-c1ccncn1,6.97,4.652700000000004
C=CCN1C[C@H](OCCN)C[C@H]1CNC(=O)c1cc(CCCF)cc(OC)c1OC,6.97,1.9399000000000008
COc1cc2c(cc1OC)C(=O)CC(CN1CCC(c3noc4cc(F)ccc34)CC1)C2,6.97,4.608800000000004
O=C(CC1COC1)N[C@H]1CC[C@H](CCN2CCN(c3cccc4c3OCO4)CC2)CC1,6.97,2.6389000000000005
CC(C)CS(=O)(=O)n1ccc2c(-c3ccc(O)cc3)cc(N3CCN(C)CC3)nc21,6.97,2.994600000000001
O=C1CCc2ccc(Oc3ccc(CN4CCN(c5cccc(Cl)c5Cl)CC4)cc3)cc2N1,6.97,5.992600000000005
Cc1ccc(S(=O)(=O)N(CCCCCCN2CCN(c3nsc4ccccc34)CC2)c2ccccc2)cc1,6.97,6.182620000000007
CCOc1ccc2[nH]cc(C3=CCN(Cc4cccc(OC)c4)CC3)c2c1,6.97,4.864500000000004
COc1ccc(S(=O)(=O)N[C@H]2CC[C@@H](N3CCC(c4ccc(F)cc4OC(C)C)CC3)CC2)cc1OC,6.97,5.099200000000005
COc1ccccc1N1CCCN(CCCCNC(=O)c2ccc(CCF)cc2)CC1,6.97,3.9295000000000027
CNc1ccccc1N1CCN(CCCCCC(=O)NC2CCCc3ccccc32)CC1,6.97,4.604500000000004
OC1(c2cccc(C(F)(F)F)c2)CCN(Cc2c[nH]c3ccccc23)CC1,6.97,4.670300000000003
COc1ccccc1N1CCCN(CCCCNC(=O)c2ccc(-c3ccccc3)s2)CC1,6.97,5.146000000000005
C[C@H]1C=C(C2=Nc3cc(Cl)ccc3Nc3ccc(Cl)cc32)CCN1C,6.97,5.8216000000000045
CCOc1cccc2cc(CNCCCOc3ccc4c(c3)NC(=O)CC4)oc12,6.96,4.274900000000002
C[C@H]1C[C@H](C)N1C(=O)[C@@H]1C=C2c3cccc4[nH]cc(c34)CC2N(C)C1,6.96,3.0469000000000017
CCCN1CCC(n2ccc3ccccc32)CC1,6.96,3.688200000000003
Cc1ccn2cc(-c3ccc(OCCCCN4CCN(c5cccc(Cl)c5Cl)CC4)cc3)nc2c1,6.96,6.597720000000006
COc1ccc(C)cc1S(=O)(=O)N[C@H]1CC[C@@H](N2CCN(c3ccccc3OC(C)C)CC2)CC1,6.96,4.202520000000003
COc1ccc(S(=O)(=O)N[C@H]2CC[C@@H](N3CCC(c4ccccc4OCC(F)(F)F)CC3)CC2)cc1OC,6.96,5.114000000000005
CN[C@@H]1Cc2cccc3c2n(c(=O)n3CCOCCOCCCCc2ccccc2)C1,6.96,3.0032000000000005
COc1ccccc1N1CCN(CCCCNC(=O)c2cc3cc(Br)ccc3[nH]2)CC1,6.96,4.271200000000003
COc1ccccc1N1CCN(Cc2cn3ccccc3n2)CC1,6.96,2.6651000000000007
COc1ccc(N(Cc2ccc(F)cc2)NC(=O)NCCCN2CCN(c3ccccc3OC)CC2)cc1,6.96,4.276000000000003
COc1ccc(N(Cc2cccc(OC)c2)NC(=O)NCCCN2CCN(c3ccccc3OC)CC2)cc1,6.96,4.145500000000004
O=C1c2ccccc2S(=O)(=O)N1CCCCN1CCN(c2ncccn2)CC1,6.96,1.2234999999999998
COc1ccccc1N1CCN(CCCNC(=O)NN(Cc2ccc(F)cc2)c2ccccc2)CC1,6.96,4.267400000000003
CCCN(CCN1CCN(c2ccnc3ccccc23)CC1)[C@H]1CCc2nc(N)sc2C1,6.96,3.665000000000002
C[C@H]1C=C(C2=Nc3cc(Cl)ccc3Nc3ccc(OC(F)(F)F)cc32)CCN1C,6.96,6.066800000000003
O=C(CCCN1CCN(c2cccc(Cl)c2Cl)CC1)N1C=CN(C2CCCCC2)C(=O)C1,6.96,4.370300000000004
COc1ccccc1N1CCN(CCCN2CCN(c3ncccc3C#N)CC2)CC1,6.96,2.2961799999999997
C=CCN1CC=C(C2=Cc3ccccc3Oc3ccccc32)CC1.Cl,6.96,5.572800000000005
COc1ccc(N(Cc2ccc(C#N)cc2)NC(=O)NCCCN2CCN(c3ccccc3OC)CC2)cc1,6.96,4.008580000000004
CN1CCc2cccc3c2[C@H]1Cc1ccc(OCCCNC(=O)CCCCCCCCCCC(=O)NCCCOc2ccc4c(c2O)-c2cccc5c2[C@@H](C4)N(C)CC5)c(O)c1-3,6.96,8.973400000000003
COc1ccc(-c2nc(O)n(C3CCN(Cc4ccccc4)CC3)c2C)cc1,6.96,4.409820000000003
Cc1sc(C)c2c1SCc1cnn(C)c1-2,6.96,3.3711400000000022
c1ccc(C2CCN(Cc3c[nH]c4ccccc34)CC2)cc1,6.96,4.547500000000003
COc1cc(C(=O)NCCCCN2CCN(c3ccccc3OC)CC2)ccc1OCCCc1cn(CCCCCCCCn2cc(CCCOc3ccc(C(=O)NCCCCN4CCN(c5ccccc5OC)CC4)cc3OC)nn2)nn1,6.96,8.632400000000006
COc1ccccc1N1CCN(CCCCCc2cn(-c3ccc(-c4ccsc4)cc3)nn2)CC1,6.96,5.539400000000006
CC(C)Oc1ccccc1OCCCN1CCN(c2cccc3c2ccn3S(=O)(=O)c2ccccc2)CC1,6.96,5.256600000000005
CCCN(CCc1ccc(N/C(S)=N/c2ccc3c(c2)C(=O)OC32c3ccc(O)cc3Oc3cc(O)ccc32)cc1)[C@@H]1CCc2c(O)cccc2C1,6.96,8.212800000000009
COc1cc(C(C)=O)ccc1OCCCN1CCC(c2noc3cc(F)ccc23)CC1,6.96,4.826600000000004
COC(CN1CCc2sc(OCC(C)(F)F)nc2C1)C1CC2(CC(NC(=O)c3cccc4nn(C)cc34)C2)C1,6.96,4.4257000000000035
c1cnc(N[C@H]2CC[C@H](CCN3CCc4ccccc4C3)CC2)nc1,6.96,3.8957000000000033
C1=C(c2ccccc2)CCN(Cc2cn(-c3ccccc3)nn2)C1,6.96,3.556600000000002
CC(C)C(=O)Nc1cccc(C2CCN(Cc3ccc(Oc4ccc(Cl)cc4)cc3)CC2)c1,6.96,7.106400000000007
COc1ccccc1N1CCCN(CCCCNC(=O)c2ccc(Cl)cc2)CC1,6.96,4.0709000000000035
CCCCN1CCN2c3cccc4[nH]cc(c34)CC2C1,6.96,3.0147000000000013
O=C(NCCCCN1CCN(c2cccc(C(F)(F)F)c2)CC1)c1n[nH]c2ccccc12,6.96,3.9139000000000017
COc1ccccc1N1CCN(CCCNC(=O)Nc2ccccc2-c2cccc(F)c2)CC1,6.96,4.835100000000004
COc1ccc(Br)cc1C1=N[C@@H](CN2CCN(c3ccccc3)CC2)CO1,6.96,3.425300000000002
COc1cccc(-c2ccccc2NC(=O)NCCCN2CCN(c3ccccc3OC)CC2)c1,6.96,4.704600000000004
C[C@H]1CO[C@@H](c2ccc(N)nc2)CN1CC[C@H]1CC[C@@H](NC(=O)c2cc3ccccc3[nH]2)CC1,6.96,4.285800000000003
O=C1CC(CN2CCC(c3noc4cc(F)ccc34)CC2)Cc2[nH]ncc21,6.950007143079858,3.314700000000002
Clc1ccccc1OCCNCCCOc1ccccc1,6.95,3.7775000000000025
Cc1ccc(CN2CCN(CC(=O)N3c4ccccc4C[C@H]3C)CC2)cc1,6.95,3.0904200000000017
CC(C)CS(=O)(=O)n1ccc2c(-c3ccccc3C(F)(F)F)cc(N3CCN(C)CC3)nc21,6.95,4.307800000000004
Cn1c(SCCCN2CC3CCN(c4ccc(C(F)(F)F)cc4)C3C2)nnc1-c1ccncn1,6.95,3.983800000000003
COc1cccc(N2CCN(CCCCCCN3C(=O)c4ccccc4S3(=O)=O)CC2)c1,6.95,3.2223000000000024
COc1cc2c(cc1O)CCN1Cc3c(ccc(O)c3OC)C[C@@H]21,6.95,2.770500000000001
O=C(N[C@H]1CC[C@H](CCN2CCN(c3cccc4c3OCO4)CC2)CC1)C(F)(F)F,6.95,3.1647000000000007
CO/N=C(\CCN1CCN(c2ccccn2)CC1)c1ccccc1C,6.95,2.9528200000000018
CO[C@H](C(=O)N[C@H]1CC[C@H](CCN2CCN(c3cccc4c3OCO4)CC2)CC1)C(C)C,6.95,3.2734000000000014
CCN([C@H]1CC[C@@H](N2CCN(c3ccccc3OC(C)C)CC2)CC1)S(=O)(=O)c1ccc(OC)c(OC)c1,6.95,4.635000000000004
O=C(CCCN1CCC(O)(c2ccc(Cl)cc2)CC1)c1cc(F)ccc1F,6.95,4.564700000000004
O=C1CCc2ccc(Oc3cccc(CN4CCN(c5cccc(Cl)c5Cl)CC4)c3)cc2N1,6.95,5.992600000000005
C=C(CCC(=O)OCC)Cc1ccc(O[Si](C)(C)C(C)(C)C)c(OC)c1,6.95,5.521200000000006
O=C1c2ccccc2S(=O)(=O)N1CCCCN1CCN(c2cccc(C(F)(F)F)c2)CC1,6.95,3.452300000000003
C[C@H]1C[C@H](NS(=O)(=O)c2cc3ccc(Cl)cc3s2)CN1CCCc1noc2cc(F)ccc12,6.95,5.208900000000004
C[C@@H](O)[C@@H]1NC(=O)[C@H](CCCCN)NC(=O)[C@@H](Cc2c[nH]c3ccccc23)NC(=O)[C@H](Cc2ccncc2)NC(=O)[C@H](Cc2ccccc2)NC(=O)[C@H](CCCNC(=N)N)NC(=O)[C@H](NC[C@H](CCCCNC(=O)CSC[C@@H]2C[C@@H]3c4cccc5[nH]cc(c45)C[C@H]3N(C)C2)NC(=O)CSC[C@@H]2C[C@@H]3c4cccc5[nH]cc(c45)C[C@H]3N(C)C2)CCCCNC(=O)[C@H](Cc2ccc(O)cc2)NC1=O,6.95,5.48476999999999
COc1ccccc1N1CCN(CC2COCC(c3ccccc3)(c3ccccc3)O2)CC1,6.95,4.176400000000004
COc1cccc(CN2CC=C(c3c[nH]c4ccc(OC)cc34)CC2)c1,6.95,4.474400000000004
Nc1ccc2c(c1)C(=O)C(CCN1CCC(C(=O)c3ccc(F)cc3O)CC1)CC2,6.95,3.843600000000003
O=C1Nc2ccccc2OC1CCN1CCN(c2cccc3sccc23)CC1,6.94,3.813100000000003
COc1ccccc1N1CCN(CCCCNC(=O)/C=C/c2cccc(Oc3ccccc3)c2)CC1.O=C(O)C(=O)O,6.94,4.374900000000003
Cc1ncoc1-c1nnc(SCCCN2CC3CCN(c4ccc(F)cc4)C3C2)n1C,6.94,3.610520000000002
COc1ccc(C2CC(=O)c3c(O)cc(OCCCN4CCC(c5noc6cc(F)ccc56)CC4)cc3O2)cc1,6.94,6.0361000000000065
Nc1nc2c(s1)C[C@@H](CCCNCCCCCc1ccc(O)c(O)c1)CC2,6.94,4.024200000000004
Cn1ncc2c1C(=O)N(CCN1CCC(c3noc4ccccc34)CC1)CCC2,6.94,2.829300000000001
N[C@@H]1Cc2cccc3[nH]c(=O)n(c23)C1,6.94,0.2129999999999997
COc1cc2c(cc1O)C1Cc3ccc(O)c(OC)c3CN1CC2,6.94,2.7705
CCN(CCN1CCC(c2noc3cc(F)ccc23)CC1)C(=O)C(O)CCC(=O)OC,6.94,2.3088999999999995
CCN(CCCN1CCC(c2noc3ccccc23)CC1)S(=O)(=O)C(C)CO,6.94,2.4298000000000006
C[C@@H](NC(=O)CCCCCN1CCN(c2ccccc2-c2ccccc2)CC1)c1ccccc1,6.94,5.913400000000006
CCc1cc(Cl)c(OC)c(N2CCN(CC[C@H]3CC[C@H](NC(=O)C4=CC5C=CC=CC5N4)CC3)CC2)c1,6.94,4.696000000000003
COc1ccccc1N1CCN(CCCn2cc(CCCN3CCc4cc(O)c(O)cc4C(c4cccc(C)c4)C3)nn2)CC1,6.94,4.841420000000006
Cn1cnc(S(=O)(=O)N[C@H]2CC[C@H](CCN3CCC(c4cccc5c4OCO5)CC3)CC2)c1,6.94,3.255600000000001
C[C@@H](O)[C@@H]1NC(=O)[C@H](CCCCN)NC(=O)[C@@H](Cc2c[nH]c3ccccc23)NC(=O)[C@H](Cc2ccncc2)NC(=O)[C@H](Cc2ccccc2)NC(=O)[C@H](CCCNC(=N)N)NC(=O)[C@H](NCCS(=O)(=O)C[C@@H]2C[C@@H]3c4cccc5[nH]cc(c45)C[C@H]3N(C)C2)CCCCNC(=O)[C@H](Cc2ccc(O)cc2)NC1=O,6.94,1.52036999999999
CCc1cccc(N2CCN(CC(O)CCNCCC(C(=O)N(C)C)(c3ccccc3)c3ccccc3)CC2)c1Cl,6.94,4.829600000000005
C[C@H]1CO[C@@H](c2ccc(N)nc2)CN1CC[C@@H]1CC[C@@H](CNC(=O)c2cc3ccccc3[nH]2)C1,6.94,4.143300000000002
O=C(NCCCN1CCN(c2cccc(C(F)(F)F)c2)CC1)c1n[nH]c2ccccc12,6.94,3.5238000000000014
COc1cccc(N2CCN(CCCCCCN3C(=O)c4cccc5cccc3c45)CC2)c1,6.94,5.191200000000006
COc1cc(CN2CCN(c3ccccc3OC)CC2)ccc1OCc1cn(CCCCCCCCCCN(C)CCCCCNC(=O)COc2cncc(C#Cc3csc(C)n3)c2)nn1,6.94,8.174320000000009
CN1CCCc2c([nH]c3ccccc23)Cc2ccccc2CC1,6.94,4.1792000000000025
COc1ccc(S(=O)(=O)N[C@H]2CC[C@H](N3CCN(c4ccccc4OCC(F)(F)F)CC3)CC2)cc1OC,6.94,4.056600000000003
O=C1C(N2CCN(Cc3ccc(Cl)cc3)CC2)CCc2cccc3c2N1CC3,6.94,3.3617000000000017
O=C(N[C@H]1CC[C@H](CCN2CCN(c3cccc4c3OCO4)CC2)CC1)C1CCCO1,6.93,2.7813999999999997
Cn1c(SCCCN2CC[C@]3(C[C@H]3c3ccc(C(F)(F)F)cc3)C2)nnc1-c1csnn1,6.93,4.714200000000004
COC(C)(C)C(=O)N[C@H]1CC[C@H](CCN2CCN(c3cccc4c3OCO4)CC2)CC1,6.93,3.027400000000001
COc1ccccc1N1CCN(CCCNC(=O)c2ccc(I)cc2)CC1,6.93,3.241900000000002
Fc1ccc(C(c2ccc(F)cc2)N2CCN(C/C=C/c3ccccc3)CC2)cc1,6.93,5.3852000000000055
CN(C)C(=O)C(CCN1CCC(CCN2CCN(c3cccc(Cl)c3Cl)CC2)C1)(c1ccccc1)c1ccccc1,6.93,6.292000000000007
Cn1c(SCCCN2CC[C@]3(CC3c3ccc(C(F)(F)F)cc3)C2)nnc1-c1ccncn1,6.93,4.652700000000004
Cc1ncoc1-c1nnc(SCCCN2CC[C@]3(CC3c3ccc(F)cc3)C2)n1C,6.93,4.2794200000000036
CC(C)(C)c1nc(N2CCN(CCCCN3C(=O)CCCc4ccccc43)CC2)cc(C(F)(F)F)n1,6.93,5.064600000000005
Nc1nc2c(s1)CC(CCCNCCCCCc1cc(O)ccc1O)CC2,6.93,4.024200000000003
CC(C)Oc1ccccc1N1CCN([C@H]2CC[C@@H](NS(=O)(=O)c3cccc(C(F)(F)F)c3)CC2)CC1,6.93,4.9043000000000045
O=C(N[C@H]1CC[C@H](CCN2CCN(c3nccc4c3CCO4)CC2)CC1)c1ccc(N2CCS(=O)(=O)CC2)cc1,6.93,2.752200000000001
Cn1c(SCCCN2C[C@@H]3CCN(c4ccc(C(F)(F)F)cc4)[C@@H]3C2)nnc1-c1ccncn1,6.93,3.983800000000003
O=C(C[C@H]1C[C@H](CO)C1)N[C@H]1CC[C@H](CCN2CCN(c3cccc4c3OCO4)CC2)CC1,6.93,3.011000000000001
CCCN(Cc1ccco1)[C@@H]1CCc2c(cccc2OC)C1,6.93,4.057700000000003
CC#CC(=O)N[C@H]1CC[C@H](CCN2CCC(c3cccc4c3CCO4)CC2)CC1,6.93,3.889300000000003
CC1(C)Cc2ccccc2N1C(=O)CN1CCN(Cc2ccc(Cl)cc2)CC1,6.93,3.8255000000000035
Oc1cccc(CCN(CCc2ccccc2)CC2CC2)c1,6.93,3.889400000000003
Cc1ccc(OCCNCCCSc2ccccc2)cc1,6.93,4.145820000000003
O=S1(=O)c2cccc3cccc(c23)N1CCCCCCN1CCN(c2ccccn2)CC1,6.93,4.126100000000003
Cn1cc2c(n1)CCCN(CCN1CCN(c3nsc4ccccc34)CC1)C2=O,6.92,2.2404
CCN(CC)C(=O)[C@@H]1C=C2c3cccc4[nH]cc(c34)C[C@H]2N(C)C1,6.92,2.9060000000000015
CNc1cc(OC)c(C(=O)NC[C@H]2CN(Cc3ccccc3)C[C@@H]2C)cc1Cl,6.92,3.888200000000003
COc1ccccc1N1CCN(CCCCCCNC(=O)c2ccc3ccccc3c2)CC1,6.92,4.960800000000004
CC(=O)Nc1ccc(OCC(O)CN2CCC(c3noc4cc(F)ccc34)CC2)cc1,6.92,3.5446000000000017
Cc1cc2c(s1)Nc1ccccc1N=C2N1CC[N+](C)([O-])CC1,6.92,3.451820000000003
FC1(c2ccc(Cl)cc2)CCN(Cc2c[nH]c3ccccc23)CC1,6.92,5.282100000000004
Fc1ccc2[nH]c(CN3CCN(c4ccccn4)CC3)cc2c1,6.92,3.0242000000000013
Cn1ncc2c1CCCN(CCN1CCN(c3nsc4ccccc34)CC1)C2=O,6.92,2.2404
CCc1cccc(N2CCN(CC(O)CCNC(=O)c3cc4ccccc4[nH]3)CC2)c1Cl,6.92,3.686700000000002
CCN1Cc2c(C(=O)N[C@H]3CC[C@H](CCN4CCc5ccc(OCC(F)(F)F)nc5CC4)OC3)cccc2C1=O,6.92,3.766700000000003
COc1cc2c(c(C(=O)NC[C@@H]3CCCN3CCc3ccccc3)c1)OCC2,6.92,3.067000000000002
O=C1CC2(CCCC2)CC(=O)N1CCN1CCN(c2cc(F)ccc2F)CC1,6.92,2.7962000000000016
c1ccc(N2CCN(Cc3c[nH]c4ccccc34)CC2)cc1,6.92,3.4901000000000018
CCCCOc1ccc2c(c1OC)CN1CCc3cc(OC)c(O)cc3C1C2,6.92,4.243800000000004
COc1ccccc1N1CCN(CCCNC(=O)NN(Cc2ccc(C#N)cc2)c2ccc(F)cc2)CC1,6.92,4.1390800000000025
O=[N+]([O-])c1ccc2c(c1)C(O)C(CCN1CCC(c3noc4cc(F)ccc34)CC1)CC2,6.92,4.740600000000004
O=c1[nH]c2cccc(CN3CCN(CC4CCc5[nH]c6ccc(F)cc6c5C4)CC3)c2o1,6.92,3.664200000000003
CC(C)Oc1ccccc1OCCCCN1CCN(c2cccc3c2ccn3S(=O)(=O)c2ccccc2)CC1,6.92,5.646700000000006
O=C1CCc2ccc(OCCCCNCCc3cn(S(=O)(=O)c4ccccc4)c4ccccc34)cc2N1,6.92,4.754300000000004
CC(=O)Nc1nc2cc(CCN3CCN(c4cccc5sccc45)CC3)ccc2s1,6.92,4.834100000000004
CC(=O)N1CC(CCN2CCN(c3cccc4sccc34)CC2)c2ccccc21,6.92,4.563700000000004
Cn1c(SCCCN2CC[C@]3(C[C@@H]3c3ccc(C(F)(F)F)cc3)C2)nnc1-c1cnccn1,6.92,4.652700000000004
COc1ccccc1N1CCCN(CCCCNC(=O)c2ccc(N(C)C)cc2)CC1,6.92,3.483500000000003
c1ccc(-c2ccc(CN3CCN4c5cccc6[nH]cc(c56)CC4C3)cc2)cc1,6.92,5.081800000000004
COc1ccccc1N1CCN(CCCNC(=O)NCc2ccccc2-c2ccccc2)CC1,6.92,4.373700000000003
Clc1cccc(N2CCN(CCC3(c4ccccn4)CCOCC3)CC2)c1Cl,6.92,4.648900000000004
COc1ccccc1N1CCN(C/C=C/CNC(=O)c2cc3cc(OCCOCCF)ccc3[nH]2)CC1.O=C(O)C(=O)O,6.92,2.8052
O=C(NC1CCN(Cc2ccccc2)C1)c1ccc(-c2ccc(F)cc2)cc1,6.92,4.497000000000003
CN[C@@H]1Cc2cccc3c2n(c(=O)n3CCCCOCCCCc2ccccc2)C1,6.92,3.7668000000000026
Nc1nc2c(s1)CC(CCCNCCC/C=C/c1ccc(O)c(O)c1)CC2,6.92,4.104800000000004
Cc1nn2c(N3CCN(Cc4ccccc4)CC3)cccc2c1CN1CCN(c2ccc(Cl)cc2)CC1,6.92,4.940520000000005
Clc1ccc(-c2cc(C3CCN(Cc4ccccc4)C3)[nH]n2)cc1,6.92,4.719600000000004
CC(=O)N[C@H]1CC[C@H](CCN2CCN(c3nccc4sccc34)CC2)CC1,6.92,3.503300000000003
Clc1ccc(-c2cc(C3CCN(CC4CCCCC4)CC3)[nH]n2)cc1,6.92,5.489800000000004
CCN(CC)C1CCc2c(cccc2OC)C1,6.92,2.894300000000001
O=C(/C=C(\O)c1ccc(Cl)cc1)C1CCN(Cc2ccccc2)CC1,6.92,4.720200000000003
O=C(N[C@H]1CC[C@H](CCN2CCC(c3cccc4c3OCO4)CC2)CC1)c1ccccc1,6.92,4.973600000000005
O=S(=O)(c1cccc2ncccc12)N1CCC(CCN2CCN(c3ccc(Cl)c(Cl)c3)CC2)CC1,6.92,5.154600000000006
COc1ccccc1N1CCCN(CCCCNC(=O)c2ccc(Cl)nc2)CC1,6.92,3.465900000000002
CC(C)C(=O)Nc1cccc(C2CCN(Cc3ccc(Oc4ccccc4)cc3)CC2)c1,6.92,6.4530000000000065
COc1ccc2[nH]c(C(=O)NC/C=C/CN3CCN(c4ccccc4OC)CC3)cc2c1.O=C(O)C(=O)O,6.92,2.4488999999999996
CCOc1ccccc1N1CCN(CCCCc2cc(-c3ccc(OC)c(OC)c3)no2)CC1.Cl,6.92,5.3242000000000065
Cc1noc2c1C(=O)CC(CN1CCC(c3noc4cc(F)ccc34)CC1)C2,6.92,3.8880200000000036
CCCN(CCN1CCN(CCc2c[nH]c3ccccc23)CC1)c1ccc(OC)cc1,6.92,4.253200000000003
COc1ccccc1N1CCN(CCCNC(=O)c2ccc(-n3ccnc3)cc2)CC1,6.92,2.8230000000000013
COc1ccccc1N1CCN(CCCCOc2ccc3c(c2)C(=O)N(C)CC3)CC1,6.92,3.3045000000000018
CCCN(CCC)C1CCn2ncc(Cl)c2C1,6.92,2.973300000000002
CC1(Oc2ccc(Cl)cc2)CCN(CCOc2ccccc2)CC1,6.92,4.652300000000004
Cl.O=S1(=O)c2cccc3cccc(c23)N1CCCCCCN1CCN(c2cccc(Cl)c2)CC1,6.92,5.806300000000006
O=C(c1ccccc1)N1CCN(CCCN2CCN(c3cccc(Cl)c3Cl)CC2)CC1,6.92,3.9635000000000034
CCCN(CCCCN1CCN(c2ccccc2OC)CC1)Cc1ccc2ccccc2c1,6.92,5.662800000000006
COc1ccccc1N1CCN(Cc2ccc(OCCF)cc2)CC1,6.92,3.365700000000002
Fc1ccc(-c2cncc(CN3CCN(c4ncccn4)CC3)c2)cc1,6.92,2.999900000000001
CN1CCC(c2cn(-c3ccc(F)cc3)c3ccc(-c4cncnc4)cc23)CC1,6.92,5.0358000000000045
CCCN1CCC[C@@H](c2cccc(C#N)c2)C1,6.92,3.147680000000002
CC(C)Oc1ccccc1N1CCN(C2CCC(NC(=O)NCc3cccc(F)c3)CC2)CC1,6.92,4.545500000000003
Cc1ccc(C)c(CN2CCN(CC(=O)N3c4ccccc4CC3C)CC2)c1,6.92,3.3988400000000025
O=C1c2ccccc2C(=O)N1CCCCN1CCN(c2cccc(Cl)c2Cl)CC1,6.92,4.191800000000004
C[C@@H]1c2ccccc2N(C(=O)CN2CCN(Cc3ccc(Cl)cc3)CC2)[C@@H]1C,6.92,3.996400000000003
c1ccc(OCCCN2CCN(c3ccccc3)CC2)cc1,6.92,3.277700000000002
Fc1ccc(CCCCN2CCN(c3ccccn3)CC2)cc1,6.91,3.3656000000000024
CCCN(CCC)[C@@H]1CCc2cccc(OS(=O)(=O)C(F)(F)F)c2[C@@H]1C,6.91,4.455300000000005
C[C@H]1C=C(C2=Nc3ccccc3Nc3ccc(Cl)cc32)CCN1C,6.91,5.168200000000004
COc1ccc(S(=O)(=O)N[C@H]2CC[C@@H](N3CCN(c4ccccc4OCC4CC4)CC3)CC2)cc1OC,6.91,3.9043000000000028
CCN(CCN1CCC(c2noc3cc(F)ccc23)CC1)C(=O)C1CN(C)CC1O,6.91,1.9172999999999996
Cc1cc(C(=O)N[C@H]2CC[C@H](CCN3CCC(c4cccc5c4CCO5)CC3)CC2)on1,6.91,4.476220000000004
CCC1(CC)CC(OCCCN2CCN(c3cccc(Cl)c3Cl)CC2)(c2ccccn2)CCO1,6.91,6.181800000000006
O=C(NCCCCN1CCN(c2ccccc2)CC1)N1CCN(c2ccccc2)CC1,6.91,3.1206000000000014
O=C(N[C@H]1CC[C@H](CCN2CCN(c3cccc4c3OCO4)CC2)CC1)C1(O)CCCC1,6.91,2.9074999999999998
O=C(CF)N[C@H]1CC[C@H](CCN2CCN(c3cccc4c3OCO4)CC2)CC1,6.91,2.5719000000000003
Cl.O=C(CCCN1C2CCC1CC(c1ccccc1)C2)c1ccc(F)cc1,6.91,5.621000000000006
CN1CCc2cc(Cl)c(O)cc2[C@H]2c3cccc(/C=N/Oc4ccccc4)c3CC[C@@H]21,6.91,5.393100000000005
CCC(O)C(=O)N[C@H]1CC[C@H](CCN2CCN(c3cccc4c3OCO4)CC2)CC1,6.91,2.3732999999999995
Cn1c(SCCCN2CC[C@]3(C[C@@H]3c3ccc(C(F)(F)F)cc3)C2)nnc1C1CCCCC1,6.91,6.2434000000000065
O=C1NCN(c2ccccc2)C12CCN(Cc1ccc3nsnc3c1)CC2,6.91,2.6198000000000006
Cc1cn2c3c(=O)n(C)c(=O)n(C)c3nc2n1CCCCN1CCN(c2ccc(Cl)cc2)CC1,6.91,2.2506199999999996
CC(C)Oc1ccccc1N1CCN([C@H]2CC[C@@H](NS(=O)(=O)c3ccc(S(C)(=O)=O)cc3)CC2)CC1,6.91,3.2890000000000024
CN[C@@H]1Cc2cccc3c2n(c(=O)n3CCCCCCCCCCCCOCCCCc2ccccc2)C1,6.91,6.887600000000008
Cl.Fc1ccc(SCCCN2CCc3ccccc3C2)cc1,6.91,4.788000000000004
CCCc1ccccc1N1CCN(CCCCCC(=O)NC2CCCc3ccccc32)CC1,6.91,5.515300000000005
CCc1cccc(N2CCN(CC(F)CCNC(=O)c3cc4ccccc4[nH]3)CC2)c1Cl,6.91,4.6639000000000035
Cc1ncoc1-c1nnc(SCCCN2CC[C@]3(C[C@H]3c3ccccc3C(F)(F)F)C2)n1C,6.91,5.159120000000005
O=C(CCCN1C2CCC1CC(c1ccccc1)C2)c1ccc(F)cc1,6.91,5.199200000000006
CCOc1ccccc1N1CCN(CC(O)CN2C(=O)NC(C)(c3ccc(F)cc3)C2=O)CC1,6.9,2.1745
COCCC(=O)N1CCC(O)(CCCN2CCN(c3cccc(Cl)c3Cl)CC2)CC1,6.9,3.2856000000000023
O=C(NCCCCN1CCc2ccc(OS(=O)(=O)C(F)(F)F)cc2C1)c1ccc(-c2ccc(N3CCCC3=O)cc2)cc1,6.9,5.277100000000005
O=C(CCCN1CCc2ccccc2C1)c1ccc(Cl)cc1,6.9,4.361200000000004
CN1C[C@H](C(=O)N2CCN(c3ccc4nonc4c3)CC2)C[C@@H]2c3cccc4[nH]c(Br)c(c34)C[C@H]21,6.9,3.775400000000002
COc1cc2ccccc2cc1C(=O)NCC1CCN(Cc2ccccc2)CC1,6.9,4.490400000000004
C[C@H]1C=C(C2=Nc3cc(Cl)ccc3Nc3ccc(F)cc32)CCN1C,6.9,5.307300000000004
COc1ccc(S(=O)(=O)Cc2ccccc2)cc1-c1ccc(CN2CCCCCC2c2ccccc2)[nH]1,6.9,6.781500000000007
CN(C)C(=O)c1cccnc1NCCCN1CCN(c2ccccc2-c2ccccc2)CC1,6.9,4.074600000000003
CC(Cc1cccc(CNCCc2c(Cl)cccc2Cl)c1)NC[C@H](O)c1ccc(O)c2[nH]c(=O)sc12,6.9,5.1885000000000066
Cl.O=C1c2ccc(Cl)cc2CCC1C1CCN(CCc2ccccc2)CC1,6.9,5.461600000000005
COCCC(=O)N[C@H]1CC[C@H](CCN2CCN(c3cccc(C(F)(F)F)n3)CC2)CC1,6.9,3.3240000000000016
CC(C)c1nc(N2CCN(CCCCNC(=O)N3CCN(C(C)C)CC3)CC2)cc(C(F)(F)F)n1,6.9,3.2566000000000024
COc1ccccc1C1CC1CNC/C=C/COc1ccc2ccc(=O)[nH]c2c1,6.9,3.865000000000002
COc1ccccc1C1CC1CNCCCOc1ccc2c(c1)NC(=O)CC2,6.9,3.7421000000000024
CCCN(CCCCNC(=O)c1ccc(-c2ccccc2)cc1)C1CCc2c(cccc2OC)C1,6.9,6.141700000000006
CS(=O)(=O)c1ccc2c(c1)CCN(CC[C@H]1CC[C@H](NC(=O)/C=C/c3ccccc3F)CC1)CC2.Cl,6.9,4.830100000000005
CS(=O)(=O)c1ccc2c(c1)CCN(CC[C@H]1CC[C@H](NC(=O)/C=C/c3ccc(C#N)cc3)CC1)CC2.Cl,6.9,4.562680000000005
Cl.N#Cc1ccc2c(c1)CN(CC[C@H]1CC[C@H](NC(=O)/C=C/c3c[nH]c4ccccc34)CC1)CC2,6.9,5.597980000000004
CS(=O)(=O)c1ccc2c(c1)CCN(CC[C@H]1CC[C@H](NC(=O)/C=C/c3cccc(F)c3)CC1)CC2.Cl,6.9,4.830100000000005
CCCN(CCC)[C@@H]1CCc2c(ccc(CCc3ccc(Cl)cc3)c2OC)C1,6.9,6.113100000000007
COc1cccc(N2CCN(CCN(C)C[C@]34CC[C@H](CC3)C4(C)C)C2=O)c1,6.9,4.0854000000000035
CCCN1CC2COc3ccc(C#N)cc3C2C1,6.9,2.376080000000001
COc1ccccc1N1CCN(CCCNC(=O)c2ccccc2I)CC1.O=C(O)C(=O)O,6.9,2.3975
Cn1ncc2c1C(=O)N(CCN1CCN(c3nsc4ccccc34)CC1)CC2,6.9,1.8503
CO/N=C(/CCN1CCN(c2ccccn2)CC1)c1cccc(C#N)c1,6.9,2.5160800000000005
OC1(c2ccc(F)cc2)CCN(Cc2c[nH]c3ccccc23)CC1,6.9,3.790600000000002
CNC(=O)c1cccc(-c2ccc(C(=O)NCCCCN3CCc4ccc(OS(=O)(=O)C(F)(F)F)cc4C3)cc2)c1,6.9,4.509900000000004
COc1ccccc1N1CCCN(CCCCNC(=O)c2cc3ccccc3o2)CC1,6.9,4.163700000000003
CN(CCN1CCN(c2cccc(Cl)c2)C1=O)C[C@]12CC[C@H](CC1)C2(C)C,6.9,4.730200000000004
Clc1ccccc1N1CCN(CCCOc2ccc(-c3nc4ccccc4[nH]3)cc2)CC1,6.9,5.4744000000000055
COc1ccccc1N1CCCN(CCCCNC(=O)c2cc3ccccc3s2)CC1,6.9,4.632200000000004
CN1CCC(N2CCN(C(=O)NCCCCN3CCN(c4cc(C(F)(F)F)nc(C(C)(C)C)n4)CC3)CC2)CC1,6.9,3.116500000000002
Cc1cccn2cc(-c3ccc(OCCCN4CCN(c5cccc(Cl)c5Cl)CC4)cc3)nc12,6.9,6.207620000000006
Clc1ccc(-c2cc(C3CCN(Cc4ccccc4)CC3)[nH]n2)cc1,6.9,5.109700000000005
CN1CCC2C(C1)c1cccc3c1N2c1ccccc1CS3,6.9,4.231700000000004
CN(CCCCNC(=O)c1ccc(-c2ccccc2)cc1)C1CCc2c(O)cccc2C1,6.9,5.058500000000006
CCCN(CCC)[C@H]1CCc2cc(CCc3ccc(Cl)cc3)ccc2C1,6.9,6.104500000000007
CC(C)(C)c1nc(N2CCN(CCCCN3C(=O)CCc4ccccc43)CC2)cc(C(F)(F)F)n1,6.9,4.6745000000000045
CC(C)Oc1ccccc1N1CCN([C@H]2CC[C@@H](NS(=O)(=O)c3ccc(Cl)cc3F)CC2)CC1,6.89,4.678000000000004
COc1cccc(OCCN2CCN(C(=O)c3cc4cccnc4[nH]3)CC2)c1,6.89,2.4083000000000006
O=C(N[C@H]1CC[C@H](CCN2CCC(c3cccc4c3CCO4)CC2)CC1)c1ccc(N2CCOCC2)cc1,6.89,5.016400000000005
CCC1(CC)Cc2ccccc2N1C(=O)CN1CCN(Cc2ccc(Cl)cc2)CC1,6.89,4.605700000000004
Cc1cc2c(cn1)C(=O)N(CCN1CCN(c3nsc4ccccc34)CC1)CC2,6.89,2.820220000000001
Cn1ccc2c1CCCN(CCN1CCC(c3noc4ccccc34)CC1)C2=O,6.89,3.434300000000002
O=C1COc2cc(CN3CCN(c4ccccc4)CC3)ccc2N1,6.89,2.3396999999999997
Cn1c(SCCCN2CC[C@]3(C[C@H]3c3ccc(C(F)(F)F)cc3)C2)nnc1C1CCCCC1,6.89,6.2434000000000065
CCN1CCN(C(=O)NCCCCN2CCN(c3cc(C(F)(F)F)nc(C(C)(C)C)n3)CC2)CC1,6.89,3.042200000000001
O=C(NCCCCN1CCN(c2ccccc2Cl)CC1)c1ccc(-c2ccccc2)cc1,6.89,5.339200000000004
O=c1ccc2ccc(OCCCCNCC3CC3c3cccc(Cl)c3Cl)cc2[nH]1,6.89,5.387200000000004
COc1ccccc1N1CCN(Cc2cc3c(=O)[nH]c(N(C)C)nc3[nH]2)CC1,6.89,1.6479999999999997
COc1ccccc1N1CCN(CCCCNC(=O)c2cc(-c3ccco3)[nH]n2)CC1,6.89,3.0105000000000013
O=C(N[C@H]1CC[C@H](CCN2CCC(c3cccc4c3OCO4)CC2)CC1)C1CCS(=O)(=O)C1,6.89,3.094500000000001
C[C@H]1C[C@H](NS(=O)(=O)c2ccc(F)c(Cl)c2)CN1CCCc1noc2cc(F)ccc12,6.89,4.133300000000003
COc1ccccc1N1CCN(CCN2CCN(c3ncccc3C#N)CC2)CC1,6.89,1.9060799999999998
COc1cc2c(cn1)C(=O)N(CCN1CCN(c3nsc4ccccc34)CC1)CC2,6.89,2.5204000000000004
Cn1nc(C(=O)N2CCN(CCN3CCN(c4cccc(Cl)c4Cl)CC3)CC2)c2ccccc21,6.89,3.4601000000000033
O=S(=O)(N[C@H]1CC[C@H](N2CCC(c3ccccc3OCC(F)(F)F)CC2)CC1)c1cccc(OC(F)F)c1,6.89,5.698200000000006
Clc1ccc(CN2CCC(c3cc(-c4ccc(Cl)cc4)no3)CC2)cc1,6.89,6.028000000000005
CC(C)(C)c1nc(N2CCN(CCCCn3cc(Cl)ccc3=O)CC2)cc(C(F)(F)F)n1,6.89,4.2104000000000035
COc1ccc(Cl)cc1S(=O)(=O)N[C@H]1CC[C@@H](N2CCC(c3ccccc3OC3CC3)CC2)CC1,6.89,5.3589000000000055
Cn1ncc2c1C(=O)N(CCN1CCN(c3nsc4ccccc34)CC1)CCC2,6.89,2.2404
Br.Cc1cc(Cl)ccc1N1CCN(C[C@H]2C[C@@H]2c2ccccc2)CC1,6.89,5.152020000000006
COc1ccccc1N1CCN(CCCNC(=O)Nc2ccc(-c3ccccc3)cc2)CC1,6.89,4.696000000000003
O=C1c2ccccc2C(=O)N1CCCCN1CCC(N(Cc2ccccc2)c2ccccc2)CC1,6.89,5.234000000000005
c1ccc(N2CCN(CCCc3ccc4nc[nH]c4c3)CC2)cc1,6.89,3.317700000000001
c1ccc(CN2CCN3c4cccc5[nH]cc(c45)CC3C2)cc1,6.89,3.4148000000000014
C=Cc1ccc(C(=O)NCCCCN2CCCN(c3ccccc3OC)CC2)cc1,6.89,4.060500000000004
COc1ccccc1N1CCN(CCCCNC(=O)c2cc3cc(C#N)ccc3o2)CC1,6.89,3.6452800000000023
COc1ccccc1N1CCCN(CCCCNC(=O)c2ccc(-c3ccsc3)cc2)CC1,6.89,5.146000000000004
COc1ccccc1N1CCN(CCCCNC(=O)/C=C/c2ccc(C(C)(C)C)cc2)CC1.O=C(O)C(=O)O,6.89,3.8801000000000023
O=C(N[C@H]1CC[C@H](CCN2CCC(c3coc4ccccc34)CC2)CC1)C12CC3CC(CC(C3)C1)C2,6.89,6.893700000000008
CCCN(CCC)[C@H]1CCn2c(C#N)ccc2C1,6.89,2.7965800000000014
CN(C)S(=O)(=O)N[C@H]1CC[C@H](CCN2CCN(c3cccc4c3OCO4)CC2)CC1,6.89,1.8821999999999997
CN(C)CCSc1nc(-c2ccncc2)cs1,6.89,2.8588000000000013
CCCN1CCc2nn3ccccc3c2C1,6.89,2.1024000000000003
Cn1c(SCCCN2CC[C@]3(C[C@@H]3c3ccc(C(F)(F)F)cc3)C2)nnc1-c1csnn1,6.89,4.714200000000004
OC1(c2cccc(Cl)c2)CCN(Cc2c[nH]c3ccccc23)CC1,6.89,4.304900000000003
CCCN(CCC)C1COc2c(O)cccc2C1,6.89,2.817700000000001
CNc1cc(OC)c(C(=O)N[C@H]2CCCN(Cc3ccccc3)C2)cc1Cl,6.89,3.7847000000000026
COc1c(C(=O)N[C@@H]2CCN(Cc3ccccc3)C2)cc(Br)c2ccccc12,6.89,4.615200000000004
COc1ccccc1N1CCN(Cc2cn3cc(Br)ccc3n2)CC1,6.89,3.4276000000000018
CCO/N=C(\CCN1CCN(c2ccccn2)CC1)c1ccccc1,6.89,3.034500000000002
Cn1cc2c(n1)CCCN(CCN1CCC(c3noc4ccccc34)CC1)C2=O,6.88,2.829300000000001
Fc1ccc(C(OC2CC3CCC(C2)N3Cc2ccccc2)c2ccc(F)cc2)cc1,6.88,6.266400000000006
CO/N=C(\CCN1CCN(c2ccccn2)CC1)c1cc(F)cc(F)c1,6.88,2.922600000000001
O=C1c2ccccc2S(=O)(=O)N1CCCCCCN1CCN(c2cccc(Cl)c2Cl)CC1,6.88,4.520500000000005
Cc1cc2c(cc1O)[C@H]1C[C@](O)(c3ccc(Cl)cc3)CCN1CC2,6.88,3.934820000000003
COc1cc(F)cc(N2CCN(CCCCNC(=O)c3ccc(-n4ccnc4)cc3)CC2)c1,6.88,3.3522000000000016
COC(=O)N[C@H]1CC[C@H](CCN2CCC(c3cccc4c3OCO4)CC2)CC1,6.88,3.899600000000003
CN1C(=O)C(N2CCN(Cc3ccc(Cl)cc3)CC2)Cc2ccccc21,6.88,3.045300000000002
CC(C)CC(=O)N[C@H]1CC[C@H](CCN2CCN(c3cccc4c3OCO4)CC2)CC1,6.88,3.648500000000002
COc1ccc(S(=O)(=O)N[C@H]2CC[C@H](N3CCC(c4ccccc4OC4CC4)CC3)CC2)cc1OC,6.88,4.714100000000005
C(#Cc1ccccc1)COCCC1CCN(CCc2ccccc2)CC1,6.88,4.399500000000004
CCOc1ccc2[nH]cc(C3=CCN(Cc4ccc(OC)cc4)CC3)c2c1,6.88,4.864500000000004
Cc1ncoc1-c1nnc(SCCN2CC[C@@]3(C[C@@H]3c3ccc(C(F)(F)F)cc3)C2)n1C,6.88,4.769020000000005
CNC1CCc2c(cccc2OC)C1,6.88,1.7719
Cc1ccc(C(=O)N[C@H]2CC[C@H](CCN3CCC(c4cccc5c4OCO5)CC3)CC2)cn1,6.88,4.677020000000004
FC(F)(F)c1nc2c3c(ccc2[nH]1)CCC(CNCc1ccccc1)O3,6.88,4.065100000000003
CC(=O)NCCCOc1ccc2c(c1O)-c1cccc3c1[C@@H](C2)N(C)CC3,6.88,3.0493000000000015
O=C(O)C(=O)O.O=C1CCc2ccccc2N1CCCN1CCN(c2ccccc2[N+](=O)[O-])CC1,6.88,2.2419000000000002
COc1ccccc1N1CCN(C/C=C/CNC(=O)c2ccc(CCF)cc2)CC1.O=C(O)C(=O)O,6.88,2.4709999999999996
O=C(NCCCCN1CCN(c2cccc3[nH]c(=O)[nH]c23)CC1)c1ccc2ccccc2c1,6.88,3.3416000000000015
COc1ccccc1N1CCN(CCCNS(=O)(=O)c2ccc3ccccc3c2)CC1,6.88,3.339000000000002
O=C(CCN1CCC(O)(c2ccc(Cl)cc2)CC1)c1ccc(F)cc1,6.88,4.035500000000003
Nc1cccc(C2CCN(CCNC(=O)C3CCOCC3)CC2)n1,6.88,1.3859999999999995
COc1ccc(Cl)cc1OC[C@@H]1CN(Cc2ccc(Cl)cc2)CCO1,6.88,4.281800000000004
COc1c(C(=O)N[C@H]2CN(Cc3ccccc3)C[C@H]2C)cc(Br)c2ccccc12,6.87,4.861200000000004
CN1CCc2ccc(OCCCN3CCN(c4cccc5ccccc45)CC3)cc2C1=O,6.87,4.059000000000003
Cn1c(SCCCN2CC[C@]3(CC3c3ccc(C(F)(F)F)cc3)C2)nnc1-c1ccncc1,6.87,5.257700000000005
O=C(N[C@H]1CC[C@H](CCN2CCC(c3cccc4c3CCO4)CC2)CC1)C1CCOC1,6.87,3.9025000000000025
COc1ccccc1N1CCN(CCCCn2cc(-c3ccc(-c4cnco4)cc3)nn2)CC1,6.87,4.211100000000003
CC1CC(=O)c2ccc(N3CCN(C)CC3)cc2N1S(=O)(=O)c1ccc2ccccc2c1,6.87,3.7618000000000027
O=C(CCCCCN1CCN(c2ccccc2-c2ccccc2)CC1)NCc1ccc(OCCN2CCOCC2)cc1,6.87,5.063400000000005
O=c1[nH]c2cc(Cl)ccc2n1C1CCN(CCCCc2c[nH]c3ccccc23)CC1,6.87,5.124100000000005
CCCN1CCC[C@@H](c2cccc(-c3ccsc3)c2)C1,6.87,5.004500000000005
CCN1CCN(c2ccc3c(c2)N(S(=O)(=O)c2ccccc2)CC3)CC1,6.87,2.579900000000001
C[C@H]1C=C(C2=Nc3cc(Cl)ccc3Nc3ccc(C#N)cc32)CCN1C,6.87,5.039880000000005
CCOc1ccc(Cl)cc1CN1CCN(CC(=O)N2c3ccccc3C[C@H]2C)CC1,6.87,3.834100000000003
COc1cccc(N2CCN(CC[C@H]3CC[C@H](NC(=O)N(C)C)CC3)CC2)c1F,6.87,3.176400000000002
Cn1ccc2c1CCN(CCN1CCN(c3nsc4ccccc34)CC1)C2=O,6.87,2.4553000000000003
O=C1c2cn[nH]c2CCCN1CCN1CCC(c2noc3ccccc23)CC1,6.87,2.818900000000001
O=C(NCCCCN1CCCN(C(c2ccccc2)c2ccccc2)CC1)c1ccc2ccccc2c1,6.87,6.147100000000006
CC(C)C(=O)N[C@H]1CC[C@H](CCN2CCN(c3cccc4c3OCO4)CC2)CC1,6.87,3.2584000000000017
CC(=O)OC(CCNC(=O)c1ccc(-c2ccccn2)cc1)CN1CCN(c2cccc(Cl)c2Cl)CC1,6.87,4.929200000000005
COc1cc2c(cn1)C(=O)N(CCN1CCC(c3noc4ccccc34)CC1)CC2,6.87,3.109300000000002
O=S(=O)(CC1CCN(CCCc2noc3cc(F)ccc23)C1)c1ccc(F)c(Cl)c1,6.87,4.4878000000000045
C[C@@H](O)[C@@H]1NC(=O)[C@H](CCCCN)NC(=O)[C@@H](Cc2c[nH]c3ccccc23)NC(=O)[C@H](Cc2ccncc2)NC(=O)[C@H](Cc2ccccc2)NC(=O)[C@H](CCCNC(=N)N)NC(=O)[C@H](N(CCSC[C@@H]2C[C@@H]3c4cccc5[nH]cc(c45)C[C@H]3N(C)C2)CCSC[C@@H]2C[C@@H]3c4cccc5[nH]cc(c45)C[C@H]3N(C)C2)CCCCNC(=O)[C@H](Cc2ccccc2)NC1=O,6.87,6.720270000000002
Clc1ccc2c(c1)C(NC1CC3CCC(C1)N3Cc1ccccc1)=Nc1cccnc1N2,6.87,5.655500000000004
CCc1cc(Cl)c(OC)c(N2CCN(CCCCCNC(=O)c3cc4ccccc4o3)CC2)c1,6.86,5.379500000000005
Cl.Clc1ccc2sc(CCCCN3CCc4ccccc4C3)nc2c1,6.86,5.752500000000005
COc1ccccc1N1CCN(CCCCn2cc(-c3ccccc3)nn2)CC1,6.86,3.5561000000000025
Clc1cccc(N2CCNCC2)c1Cl,6.86,2.4030000000000005
COc1ccccc1N1CCCN(CCCCNC(=O)c2cc3ccccc3[nH]2)CC1,6.86,3.8988000000000023
CC1Cc2cccc3c2N1C(=O)C(N1CCN(Cc2ccc(Cl)cc2)CC1)CC3,6.86,3.750200000000003
Cc1ccc2cc(C(=O)N3CCN(CCOc4cccnc4)CC3)[nH]c2c1,6.86,2.708120000000001
Fc1ccc(CCCCN2CCCN(c3ccc(Cl)cc3)CC2)cc1,6.86,5.014100000000004
COc1cccc2c3c(oc12)CN(C/C=C/COc1ccc2ccc(=O)[nH]c2c1)CC3,6.86,4.276200000000002
Cc1cc2c(n1C)CCCN(CCN1CCC(c3noc4ccccc34)CC1)C2=O,6.86,3.742720000000003
COc1ccc2cc(C(=O)N3CCN(CCOc4cccnc4)CC3)[nH]c2c1,6.86,2.4082999999999997
CO/N=C(\CCN1CCN(c2ccccn2)CC1)c1ccc(C)c(C)c1,6.86,3.2612400000000017
COc1cccc(C(=O)NN2c3ccc(Cl)cc3N=C(N3CCN(C)CC3)c3cc(Cl)ccc32)c1,6.86,5.1242000000000045
CC(C)(C)c1nc(N2CCN(CCCCNC(=O)NCc3ccccc3)CC2)cc(C(F)(F)F)n1,6.86,4.194500000000002
CCc1cccc(N2CCNCC2)c1Cl,6.86,2.3120000000000003
CCN(CCN1CCC(c2noc3cc(F)ccc23)CC1)C(=O)C1CN(C(C)=O)CCC1O,6.86,2.2241000000000004
CCc1cc(Cl)c(OC)c(N2CCN(CCCCNC(=O)c3cc4ccccc4o3)CC2)c1,6.86,4.989400000000004
O=S(=O)(N[C@H]1CC[C@H](CCN2CCC(c3cccc4c3CCO4)CC2)CC1)c1ccccc1,6.86,4.728300000000004
COc1ccccc1N1CCN(CCCCc2cn(-c3ccccc3OC)nn2)CC1,6.86,3.429400000000002
O=C(C[C@@H]1CCCOC1)N[C@H]1CC[C@H](CCN2CCN(c3cccc4c3OCO4)CC2)CC1,6.86,3.419100000000001
O=C(CC1CCOCC1)N[C@H]1CC[C@H](CCN2CCN(c3cccc4c3OCO4)CC2)CC1,6.86,3.419100000000001
O=c1[nH]c2[nH]c(-c3ccccc3)cc2c(=O)n1CCN1CCN(c2ccccc2Cl)CC1,6.86,3.1605000000000016
Cc1cc(C(N)=O)c(-c2cccc(OC(=O)NCCN3CCN(c4ccccc4)CC3)c2)o1,6.86,3.264520000000002
O=c1n(CCCCCCN2CCN(c3cccc(Cl)c3)CC2)nc2ccccn12,6.86,3.532000000000002
Cc1ncoc1-c1nnc(SCCCN2C[C@@H]3CCN(c4ccc(C(F)(F)F)cc4)[C@@H]3C2)n1C,6.86,4.490220000000003
N#CCC(=O)N[C@H]1CC[C@H](CCN2CCC(c3cccc4c3CCO4)CC2)CC1,6.86,3.7796800000000026
CN(C)CCCN1c2ccccc2CCc2ccc(Cl)cc21,6.86,4.528400000000004
O=C(O)C(=O)O.O=C1CCc2ccccc2N1CCCN1CCN(c2ccccc2Cl)CC1,6.86,2.9871000000000016
Cn1c(SCCCN2C[C@H]3CCN(c4ccc(C(F)(F)F)cc4)[C@H]3C2)nnc1[C@@H]1COCCO1,6.86,3.6147000000000027
COc1ccc(F)cc1S(=O)(=O)N[C@H]1CC[C@H](N2CCN(c3ccccc3OC(C)C)CC2)CC1,6.86,4.0332000000000034
COc1ccccc1N1CCN(CCNC(=O)/N=N/c2ccc(F)cc2)CC1,6.85,3.4498000000000024
O=C(NCCCCN1CCN(c2cccc(Cl)c2Cl)CC1)c1cc2ccc1CCc1ccc(cc1)CC2,6.85,6.209400000000006
O=C(NCCCCN1CCN(c2cccc(O)c2)CC1)c1ccc(-c2ccsc2)cc1,6.85,4.452900000000003
CCCN(CCN1CCN(c2ccccc2)CC1)C1CCc2ccc(O)cc2C1,6.85,3.783700000000003
N#CCO/N=C(\CCN1CCN(c2ccccn2)CC1)c1ccccc1,6.85,2.5381800000000005
CN(C)C(=O)C(CCN1C[C@H](O)C[C@H]1C(=O)NCCCCN1CCN(c2cccc(Cl)c2Cl)CC1)(c1ccccc1)c1ccccc1,6.85,4.911600000000004
CCN1CCN2c3cccc4[nH]cc(c34)CC2C1,6.85,2.2344999999999997
COc1ccc2[nH]cc(C3=CCN(Cc4cccs4)CC3)c2c1,6.85,4.527300000000004
O=C(CC1CC1)N[C@H]1CC[C@H](CCN2CCN(c3cccc4c3OCO4)CC2)CC1,6.85,3.4025000000000016
COc1ccc2[nH]cc(C3=CCN(Cc4ccco4)CC3)c2c1,6.85,4.058800000000002
O=C1c2cccc3cccc(c23)C(=O)N1CCCCCCN1CCN(c2ccccc2[N+](=O)[O-])CC1,6.85,4.726600000000004
COc1ccccc1N1CCN(CCCCNC(=O)c2ccc(N3CCOCC3)cc2)CC1,6.85,2.8640000000000008
Cn1nnc(-c2ccc3c(c2)c(C2CCN(CCN4CCNC4=O)CC2)cn3-c2ccc(F)cc2)n1,6.85,3.1647000000000016
Cn1c(SCCCN2CC3CCN(c4cccc(F)c4)C3C2)nnc1-c1cnccn1,6.85,3.1041000000000016
Cn1c(SCCCN2C[C@H]3CCN(c4ccc(C(F)(F)F)cc4)[C@H]3C2)nnc1-c1cnccn1,6.85,3.983800000000003
COc1ccccc1N1CCN(CCCNC(=O)NCc2c(F)cccc2-c2ccccc2)CC1,6.85,4.512800000000003
Cc1c(-c2ccccc2)cnn1C1CCN(Cc2ccccc2)CC1,6.85,4.6956200000000035
COc1ccccc1N1CCN(CCCCNC(=O)c2cc3cc(C#N)ccc3[nH]2)CC1,6.85,3.3803800000000015
CCCN(CCc1ccc(NC(=O)CCc2cn(CCCCCCNC(=O)COc3cncc(C#Cc4csc(C)n4)c3)nn2)cc1)C1CCc2c(O)cccc2C1,6.85,6.682320000000009
CC(C)(C)c1nc(N2CCN(CCCCN3C(=O)CC(=O)c4ccccc43)CC2)cc(C(F)(F)F)n1,6.85,4.314700000000004
N#Cc1ccc(CNC(=O)CCCCCN2CCN(c3ccccc3-c3ccccc3)CC2)cc1,6.85,5.224080000000005
CN1CCN(C2=Nc3ccccc3Nc3ccc(OS(=O)(=O)C(F)(F)F)cc32)CC1,6.85,3.2977000000000016
Cl.O=S1(=O)c2cccc3cccc(c23)N1CCCCCCN1CCN(c2ccccc2Cl)CC1,6.85,5.806300000000006
CCCN1CCc2cccc3c2[C@H]1Cc1cccc(OCCCCN2CCN(c4ccccc4OC)CC2)c1-3,6.85,6.208700000000007
CC(C)c1ccccc1OCCN1CCC(NS(=O)(=O)c2cnn(C)c2)CC1,6.85,2.3651999999999997
CCOc1ccccc1N1CCN(CCCC(=O)NCc2nc3ccc(F)cc3c(=O)n2-c2ccc(OC)cc2)CC1,6.85,4.150700000000003
CN1Cc2c(C(=O)N[C@H]3CC[C@H](CCN4CCc5ccc(OCC(C)(F)F)nc5CC4)CC3)cccc2C1=O,6.85,4.480700000000004
Cn1cc(/C=C/C(=O)N[C@H]2CC[C@H](CCN3CCc4nc(OCC(F)(F)F)sc4CC3)OC2)cn1,6.85,2.9856000000000007
Cc1ncc(/C=C/C(=O)N[C@H]2CC[C@H](CCN3CCc4nc(OCC(F)F)sc4CC3)CC2)s1,6.85,4.731020000000004
O=c1c2ccccc2ncn1CCCCN1CCN(c2ccc(Cl)cc2)CC1,6.85,3.652300000000002
O=C(O)C(F)(F)F.[N-]=[N+]=NCCSSCCn1cc(C(=O)CCCN2CCC(O)(c3ccc(Cl)cc3)CC2)nn1,6.85,5.203000000000006
CCOCCOc1cccc(C(=O)NCCCN2CCN(c3ccccc3OC)CC2)c1,6.85,3.052600000000001
COc1cccc(C(=O)NCc2ccccc2CN2CCc3cc(OC)c(O)cc3C2)c1,6.85,3.897700000000003
CC(C)(O)c1ccc(CSc2nc3ccccc3n2Cc2ccc(Cl)cc2)cc1,6.85,6.257700000000006
O=c1[nH]c2cccc(OC3CCN(CC4CCc5[nH]c6ccc(F)cc6c5C4)CC3)c2o1,6.85,4.389800000000004
O=C(CCCN1CCC(O)(c2cc3ccc2CCc2ccc(cc2)CC3)CC1)c1cc2ccc1CCc1ccc(cc1)CC2,6.85,7.400700000000009
O=C1CC2(CCCC2)CC(=O)N1CCN1CCN(c2ccccc2F)CC1,6.85,2.6571000000000007
O=S(=O)(c1cccc2ncccc12)N1CCC(CCN2CCN(c3ccc(Cl)cc3)CC2)CC1,6.85,4.501200000000004
O=C(CCCCCCCCCCCCCCC(=O)OC1(c2ccc(Cl)cc2)CCN(CCCC(=O)c2ccc(F)cc2)CC1)OC1(c2ccc(Cl)cc2)CCN(CCCC(=O)c2ccc(F)cc2)CC1,6.85,14.42799999999997
COc1ccccc1N1CCN(Cc2cc(CN(C)C)c3cccccc2-3)CC1,6.85,4.183800000000003
O=C(NCCCCN1CCN(c2cccc(Cl)c2Cl)CC1)c1cc2cc(I)ccc2s1,6.85,6.144900000000004
COc1ccccc1N1CCCN(CCCCNC(=O)c2ccc(Br)nc2)CC1,6.84,3.575000000000002
CC[C@@H](O)C(=O)N(CC)CCN1CCC(c2noc3cc(F)ccc23)CC1,6.84,2.7657000000000007
COc1ccc(S(=O)(=O)N[C@H]2CC[C@@H](N3CCC(c4ccccc4OC4CC4)CC3)CC2)cc1OC,6.84,4.714100000000005
O=S(=O)(c1cncc2ccccc12)N1CCC(CCN2CCN(c3ccc(Cl)c(Cl)c3)CC2)CC1,6.84,5.154600000000006
O=C(CC1CCOCC1)N[C@H]1CC[C@H](CCN2CCN(c3nccc4sccc34)CC2)CC1,6.84,4.300100000000003
COc1ccccc1N1CCN(CCCCNC(=O)c2ccc(I)cc2)CC1,6.84,3.6320000000000023
COc1ccccc1N1CCN(CCCCN2C(=O)c3cc4ccccc4cc3C2=O)CC1,6.84,4.046800000000004
CS(=O)(=O)N[C@H]1CC[C@H](CCN2CCN(c3cccc4c3OCO4)CC2)CC1,6.84,2.0354
CN(CCCC12CCC(c3ccccc31)c1ccccc12)Cc1ccc(OCCCN2CCCCC2)cc1,6.84,7.378800000000008
Cc1ncoc1-c1nnc(SCCCN2C[C@H]3CCN(c4ccccc4)[C@H]3C2)n1C,6.84,3.471420000000002
CO/N=C(/c1ccc(Cl)cc1)C(C)CN1CCN(c2ccccn2)CC1,6.84,3.543800000000002
COc1ccc(S(=O)(=O)N[C@H]2CC[C@@H](N3CCC(c4ccccc4OC(C)C)CC3)CC2)cc1OC,6.84,4.960100000000005
Cc1cc(-c2nnc(SCCCN3CC4CCN(c5ccc(C(F)(F)F)cc5)C4C3)n2C)on1,6.84,4.490220000000003
O=C(O)C(=O)O.O=C1CCc2ccc(OCCCCN3CCC(n4c(=O)[nH]c5ccccc54)CC3)cc2N1,6.84,2.8660000000000005
CN1CCc2cc(Cl)c(O)cc2[C@@H]1Cc1ccccc1,6.84,3.817300000000002
Br.Clc1cccc(N2CCN(C[C@H]3C[C@@H]3c3ccccc3)CC2)c1,6.84,4.843600000000006
CC1CCC(CN2CCN(c3cccc(Cl)c3Cl)CC2)CN1CCC(C(=O)N(C)C)(c1ccccc1)c1ccccc1,6.84,6.680500000000008
O=C1CCc2ccc(OC[C@H]3CC[C@H](CN4CCN(c5cccc(Cl)c5Cl)CC4)CC3)cc2N1,6.84,5.885500000000007
O=c1n(CCCCCCN2CCN(c3cccc4cccnc34)CC2)nc2ccccn12,6.84,3.426800000000002
CCCN[C@@H]1CCc2c(OC)cccc2[C@@H]1C,6.84,3.113100000000002
O=C(N[C@H]1CC[C@H](CCN2CCN(c3cccc4c3OCO4)CC2)CC1)C1CC1(F)F,6.84,3.257600000000001
CCCC(=O)N[C@H]1CC[C@H](CCN2CCN(c3cccc4c3OCO4)CC2)CC1,6.84,3.4025000000000016
CN(CCc1ccccc1OC(F)(F)F)CCN1CCCCC1,6.84,3.5454000000000025
Cn1ncc2c1CCC(CCN1CCN(c3nsc4ccccc34)CC1)C2=O,6.84,2.9872000000000014
Cc1ccccc1N1CCN(CCCCCC(=O)NC2CCCc3ccccc32)CC1,6.84,4.8712200000000045
O=C1c2cn(-c3ccccc3)nc2CCN1CCN1CCN(c2nsc3ccccc23)CC1,6.84,3.302500000000002
Cc1ccc(OCCNCCCOc2ccccc2)cc1C,6.84,3.740940000000003
O=C1CCc2ccc(OCC3CCC(CN4CCN(c5cccc(Cl)c5Cl)CC4)CC3)cc2N1,6.84,5.885500000000007
CCCN1CCC[C@@H](c2cccc(C=O)c2)C1,6.84,3.0885000000000016
O=C(N[C@H]1CC[C@H](CCN2CCC(c3cccc4c3CCO4)CC2)CC1)C1CCC1,6.84,4.666100000000005
O=C(O)C(=O)O.Oc1ccc2c(c1)O[C@@H](CNCc1ccccc1OCCCCF)CC2,6.84,3.1597000000000017
O=S(=O)(c1cncc2ccccc12)N1CCC(CCN2CCN(c3cccc(C(F)(F)F)c3)CC2)CC1,6.83,4.866600000000005
O=S(=O)(c1cccc2ncccc12)N1CCC(CCN2CCN(c3cccc(C(F)(F)F)c3)CC2)CC1,6.83,4.866600000000005
Cc1ccc2c(c1)C(NC1CC3CCC(C1)N3Cc1ccccc1)=Nc1cccnc1N2,6.83,5.310520000000004
COc1cc2c(cc1O)[C@@H]1Cc3c(CO)c(OC)cc(OC)c3CN1CC2,6.83,2.5658000000000003
COc1cccc2c3c(oc12)CN(CCCOc1ccc2ccc(=O)[nH]c2c1)CC3,6.83,4.110100000000002
Cn1c(SCCCN2CC3CCN(c4ccc(C(F)(F)F)cc4)C3C2)nnc1N1CCOCC1,6.83,3.363400000000002
CC(=O)Nc1ccc(OCCCN2CCC(c3noc4cc(F)ccc34)CC2)cc1F,6.83,4.712900000000005
O=C(NC/C=C/CN1CCN(c2cccc(Cl)c2Cl)CC1)c1cc2ccccc2s1,6.83,5.316300000000004
COc1ccc(CN2CC=C(c3c[nH]c4ccc(OC)cc34)CC2)cc1,6.83,4.474400000000004
CN1CCN(c2ccc(C(=O)N[C@H]3CC[C@H](CCN4CCC(c5cccc6c5CCO6)CC4)CC3)cc2)CC1,6.83,4.931600000000005
O=c1n(Cc2ccc(CN3CCN(c4cccc(Cl)c4)CC3)cc2)nc2ccccn12,6.83,3.5199000000000025
Cn1ncc2c1CCC(CCN1CCC(c3noc4ccccc34)CC1)C2=O,6.83,3.576100000000002
CC(C)c1ccccc1OCCN1CCC(NS(=O)(=O)c2cc(F)ccc2F)CC1,6.83,3.909900000000003
COc1c(O)ccc2c1CN1CCc3cc4c(cc3[C@@H]1C2)OCC4,6.83,2.991200000000001
Cc1ccc2nc(-c3ccc(OCCCCN4CCN(c5cccc(Cl)c5Cl)CC4)cc3)cn2c1,6.83,6.597720000000007
CC(C)Oc1ccccc1N1CCN([C@H]2CC[C@@H](NS(=O)(=O)c3ccccc3F)CC2)CC1,6.83,4.024600000000003
CCc1cn(CCCCN2CCN(c3cc(C(F)(F)F)nc(C(C)(C)C)n3)CC2)c(=O)[nH]c1=O,6.83,2.8077000000000005
CC(C)(C)OC(=O)NC[C@H]1CC[C@H](CN2CCN(c3cccc(Cl)c3Cl)CC2)CC1,6.83,5.446500000000006
CN1CCc2cccc3c2[C@H]1Cc1ccc(OCCCNC(=O)CCCCC(=O)NCCCOc2ccc4c(c2O)-c2cccc5c2[C@@H](C4)N(C)CC5)c(O)c1-3,6.83,6.6328000000000085
CN1CCC(C(=O)N[C@H]2CC[C@H](CCN3CCC(c4cccc5c4OCO5)CC3)CC2)CC1,6.83,4.0016000000000025
CC(C)(C)c1nc(N2CCN(CCCCNC(=O)c3cn4ccccc4n3)CC2)cc(C(F)(F)F)n1,6.83,3.772800000000002
Cl.c1ccc(Cc2nc3c(c(Nc4ccccc4)n2)CCNCC3)cc1,6.83,3.921000000000002
OC1(c2ccc(Cl)c(C(F)(F)F)c2)CCN(CCCN(c2ccc(F)cc2)c2ccc(F)cc2)CC1,6.83,7.148800000000006
C[C@@H](O)[C@@H]1NC(=O)[C@H](CCCCN)NC(=O)[C@@H](Cc2c[nH]c3ccccc23)NC(=O)[C@H](Cc2ccncc2)NC(=O)[C@H](Cc2ccccc2)NC(=O)[C@H](CCCNC(=N)N)NC(=O)[C@H](NC[C@H](Cc2ccc(O)cc2)NC(=O)C[S+]([O-])C[C@@H]2C[C@@H]3c4cccc5[nH]cc(c45)C[C@H]3N(C)C2)CCCCNC(=O)[C@H](Cc2ccccc2)NC1=O,6.83,2.5817699999999855
O=C(N[C@H]1CC[C@H](CCN2CCC(c3cccc4c3OCO4)CC2)CC1)c1ccc(Cl)cc1,6.83,5.627000000000006
CC(F)(F)COc1nc2c(s1)CCN(CC[C@H]1CC[C@H](NC(=O)c3cccc4ncccc34)CC1)C2,6.82,5.462300000000005
Cl.O=C(CCCN1CCCC2(C1)OC(c1ccccc1)=CC2=O)c1ccc(F)cc1,6.82,4.685400000000004
COc1ccccc1N1CCCN(CCCCNC(=O)c2ccc(CCO)cc2)CC1,6.82,2.952300000000001
COc1cc2c(cc1O)CN(Cc1ccccc1CNC(=O)c1cccc(Br)c1)CC2,6.82,4.651600000000004
O=C1CC(CN2CCC(C(=O)c3ccc(F)cc3)CC2)Cc2occc21,6.82,3.758700000000003
CCN(C)CCc1c(-c2ccccc2F)[nH]c2ccccc12,6.82,4.468200000000003
CCN[C@@H]1Cc2cc3nc(N)sc3cc2C1,6.82,1.9552
CN1CCC(c2cn(-c3ccc(F)cc3)c3ccc(-c4cnn(C)c4)cc23)CC1,6.82,4.979300000000005
CO[C@@H](C)C(=O)N[C@H]1CC[C@H](CCN2CCN(c3cccc4c3OCO4)CC2)CC1,6.82,2.6373000000000006
CCc1cccc(N2CCN(CCC(O)CCNC(=O)c3nc(C)c[nH]3)CC2)c1Cl,6.82,2.627020000000001
O=C(NC1CCN(Cc2ccccc2)C1)c1cccc(-c2ccccc2)c1,6.82,4.357900000000003
COc1c(C(=O)NCCN2CCN(c3ccccc3[N+](=O)[O-])CC2)cc(Br)c2ccccc12,6.82,4.071100000000003
Cc1ccc2c(c1)Oc1ccc(C)cc1C(C1CCN(CC(C)(C)C(=O)O)CC1)=N2,6.82,5.352740000000004
COc1ccc2c(c1)C(CCCN1CCN(c3ccccc3OC)CC1)CCC2,6.82,4.726100000000004
COc1ccccc1N1CCN(CCCNC(=O)c2cc3ccccn3n2)CC1,6.82,2.285
CC(C)(C)c1nc(N2CCN(CCCCn3c(=O)ccc4ccccc43)CC2)cc(C(F)(F)F)n1,6.82,4.710200000000005
O=C(N[C@H]1CC[C@H](CCN2CCC(c3coc4ccccc34)CC2)CC1)c1ccc(C(F)(F)F)cc1,6.82,7.009900000000007
O=C1c2ccccc2CCCN1CCCCN1CCN(c2ncccn2)CC1,6.82,2.4674000000000005
O=C(Nc1nccc2ccccc12)NC1CCN(Cc2ccccc2)CC1,6.82,4.020900000000004
COc1ccccc1N1CCCN(CCCCNC(=O)c2cccc(OC)c2OC)CC1,6.82,3.434700000000002
CC(O)C(=O)N(CCN1CCC(c2noc3cc(F)ccc23)CC1)CC1CC1,6.82,2.7657000000000007
Brc1cccc(N2CCN(Cc3cnn4ccccc34)CC2)n1,6.82,2.814000000000001
N#Cc1ccc(C(=O)N[C@H]2CC[C@H](CCN3CCC(c4cccc5c4OCO5)CC3)CC2)cc1,6.82,4.845280000000005
COc1ccccc1N1CCN(CCN2CCc3ncsc3CC2)CC1,6.82,2.3745000000000003
COc1ccccc1N1CCN(Cc2cn3cc(C)cc(Br)c3n2)CC1,6.82,3.7360200000000026
O=C(N[C@H]1CC[C@H](CCN2CCC(c3cccc4c3CCO4)CC2)CC1)C1CC1,6.82,4.276000000000003
CCCN(Cc1cccs1)[C@@H]1CCc2c(cccc2OC)C1,6.82,4.526200000000004
CC(=O)Nc1ccc(OCCCN2CCC(c3noc4cc(F)ccc34)CC2)cc1C,6.82,4.882220000000005
Cc1ncoc1-c1nnc(SCCCN2C[C@H]3CC[C@H](c4ccc(C(F)(F)F)cc4)[C@H]3C2)n1C,6.82,5.4051200000000055
Cl.O=C1C(c2ccccc2)=COC12CCN(CCc1ccsc1)CC2,6.82,4.187400000000003
CCOc1ccc2[nH]cc(C3=CCN(Cc4ccccc4)CC3)c2c1,6.82,4.8559000000000045
CCc1cccc(N2CCN(CC(O)CCNC(=O)c3nc(C)c[nH]3)CC2)c1Cl,6.82,2.2369200000000005
Cn1c(N2CCCC2)nc2c(CN3CCN(c4ccccn4)CC3)c[nH]c2c1=O,6.82,1.579
CN1CCN(C2=Nc3cc(Cl)ccc3Oc3ccccc32)CC1,6.82,3.7714000000000025
Cc1ccc(C(=O)N[C@H]2CC[C@H](CCN3CCC(c4cccc5c4CCO5)CC3)CC2)cn1,6.82,4.883220000000005
O=C(CCCCCCCCCCCCCCCCC(=O)OC1(c2ccc(Cl)cc2)CCN(CCCC(=O)c2ccc(F)cc2)CC1)OC1(c2ccc(Cl)cc2)CCN(CCCC(=O)c2ccc(F)cc2)CC1,6.82,15.208199999999966
FCCOc1ccccc1N1CCN(Cc2cnn3ccccc23)CC1,6.82,3.0048000000000012
C[C@H]1C[C@H](NS(=O)(=O)c2ccc3cc(Cl)ccc3c2)CN1CCCc1noc2cc(F)ccc12,6.81,5.147400000000005
COc1ccccc1C1CC1CNCCCOc1ccc2ccc(=O)[nH]c2c1,6.81,3.698900000000002
CCN(CCN1CCC(c2noc3cc(F)ccc23)CC1)C(=O)CCO,6.81,2.3772000000000006
CS(=O)(=O)CC(=O)N[C@H]1CC[C@H](CCN2CCC(c3cccc4occc34)CC2)CC1,6.81,3.7219000000000024
C[C@H]1C[C@H](NS(=O)(=O)c2cccc(Cl)c2)CN1CCCc1noc2cc(F)ccc12,6.81,3.9942000000000037
COc1ccc(Cl)cc1S(=O)(=O)N[C@H]1CC[C@H](N2CCC(c3ccccc3OC3CC3)CC2)CC1,6.81,5.3589000000000055
Cn1c(SCCCN2CC3CCN(c4ccc(C(F)(F)F)cc4)C3C2)nnc1-c1nccs1,6.81,4.650300000000004
Cn1c(SCCCN2C[C@@H]3CCN(c4ccc(C(F)(F)F)cc4)[C@@H]3C2)nnc1-c1cnccn1,6.81,3.983800000000003
O=C(CCCN1CC2CCC(C1)N2c1ccccc1)c1ccc(F)cc1,6.81,4.1418000000000035
O=S(=O)(N[C@H]1CC[C@@H](N2CCC(c3ccccc3OCC(F)(F)F)CC2)CC1)c1ccc(OC(F)F)cc1,6.81,5.698200000000005
Cc1nc(N)sc1CCCN/C(N)=N/C(=O)N[C@H](C)c1ccccc1,6.81,2.3414200000000003
CC(C)(C)c1nc(N2CCN(CCCCn3ccc(C4CC4)nc3=O)CC2)cc(C(F)(F)F)n1,6.81,3.8294000000000032
COc1ccccc1N1CCN(C/C=C/CNC(=O)c2cc3cc(OCCOCCOCCF)ccc3[nH]2)CC1.O=C(O)C(=O)O,6.81,2.8218000000000005
CCN(CCCOc1ccc2c(c1)NC(=O)CC2)CC1CC1c1cc(F)ccc1OC,6.8,4.613500000000004
CC(=O)N(Cc1ccc([C@H]2CN(C)CCc3cc(Cl)c(O)cc32)cc1)C1CCC1,6.8,4.566400000000004
O=C(CC1(O)CCCCC1)N[C@H]1CC[C@H](CCN2CCN(c3cccc4c3OCO4)CC2)CC1,6.8,3.687700000000002
c1ccc(N2CCN(C3CCC(Nc4ncccn4)CC3)CC2)cc1,6.8,3.0219000000000014
N#Cc1cccc(N2CCN(CCN3CCC(C(F)(F)F)CC3)C2=O)c1,6.8,3.074580000000002
Br.CCCN1C[C@H](c2ccc(O)cc2)C[C@@H]2c3cc(O)c(O)cc3CC[C@H]21,6.8,4.679200000000004
O=C1CC(CN2CCC(c3c[nH]c4cc(F)ccc34)CC2)Cc2nc(N3CCCC3)sc21,6.8,4.988400000000005
Cc1cc(CN(C)CCN2CCN(c3cccc(Cl)c3)C2=O)on1,6.8,3.0104200000000017
CNC(=O)c1ccc2c(c1)CCO[C@@H]2CCN1CCN(c2ccc(OC)cc2)CC1,6.8,2.8809000000000013
COc1ccccc1N1CCN(CCCCOc2ccc(-c3cn4cccc(C)c4n3)cc2)CC1,6.8,5.299520000000006
COc1ccccc1N1CCN(CCCc2cn(-c3ccc(-c4ccsc4)cc3)nn2)CC1,6.8,4.759200000000004
CN1CCC(c2cn(-c3ccc(F)cc3)c3ccc(-c4ccn(C)n4)cc23)CC1,6.8,4.979300000000005
COc1ccc2c(c1)OCCN(C)CCc1ccccc1C2,6.8,3.152700000000002
O=C(NCCCCN1CCN(C(c2ccccc2)c2ccc(Cl)cc2)CC1)c1cccs1,6.8,5.318700000000006
CS(=O)(=O)c1ccc2c(c1)CCN(CC[C@H]1CC[C@H](NC(=O)/C=C/c3ccccc3C#N)CC1)CC2.Cl,6.8,4.562680000000005
OC1(c2ccc(Cl)c(C(F)(F)F)c2)CCN(CCCC(c2ccc(F)cc2)c2ccc(F)cc2)CC1,6.8,7.532700000000006
COc1ccccc1N1CCN(CCCCNC(=O)c2ccc(F)nc2)CC1,6.8,2.5615000000000006
CCCN(CCC)C1CCn2nccc2C1,6.8,2.3199000000000005
CS(=O)(=O)c1ccc2c(c1)CCN(CC[C@H]1CC[C@H](NC(=O)/C=C/c3cccc(C#N)c3)CC1)CC2.Cl,6.8,4.562680000000005
Cc1cc(-c2cccc(C(=O)N[C@H]3CC[C@H](CCN4CCc5ccc(OS(C)(=O)=O)cc5CC4)CC3)c2)on1.Cl,6.8,5.1897200000000066
Cl.N#Cc1ccc2c(c1)CN(CC[C@H]1CC[C@H](NC(=O)/C=C/c3ccccc3)CC1)CC2,6.8,5.116680000000004
CCCCCCOc1ccc(C2(O)CCN(Cc3c[nH]c4ccccc34)CC2)cc1,6.8,5.610600000000005
NC(=O)c1ccccc1OCCCN1CC=C(c2cn(S(=O)(=O)c3ccccc3)c3ccccc23)CC1,6.8,4.5354000000000045
CC(C)(C)c1ccccc1OCCN1CCC(N(CC2CC2)S(=O)(=O)c2ccc(F)cc2)CC1,6.8,5.067300000000006
Fc1ccc(CN2CCC(Nc3ccc(C(F)(F)F)nn3)CC2)cc1F,6.8,3.850100000000003
CCCN(CCCCNC(=O)c1ccc(-c2ccccc2)cc1)C1CCc2nc(N)ncc2C1,6.8,4.505300000000004
COc1ccc(CN2CCC(CC(=O)N3c4ccccc4CC3C)CC2)cc1,6.8,4.275100000000004
CCOc1ccc2c(c1OC)CN1CCc3cc(OC)c(O)cc3C1C2,6.8,3.4636000000000022
CCCN1CCC(c2cn(C)c3cc(F)ccc23)CC1,6.8,3.906800000000003
C#Cc1ccc(C(=O)NCCCCN2CCN(c3ccccc3OC)CC2)cc1,6.8,3.008700000000002
O=C(N[C@H]1CC[C@H](CCN2CCC(c3nocc3C3CC3)CC2)CC1)c1cccc2ncccc12,6.8,5.658500000000006
CCN1[C@@H](c2ccc(-c3cc(S(=O)(=O)CC)ccc3OC)[nH]2)CC[C@H]1c1ccccc1,6.8,5.382000000000005
O=C(NCCCCN1CCN(c2cccc(F)c2)CC1)c1cc2ccccc2cn1,6.8,3.706100000000002
Cc1ncoc1-c1nnc(SCCCN2CC3CCN(c4ccccc4)C3C2)n1C,6.8,3.471420000000002
Cn1c(SCCCN2CC3CCN(c4ccc(C(F)(F)F)cc4)C3C2)nnc1C1CCCC1,6.8,5.1844000000000054
Cn1c(SCCCN2CC3CCN(c4ccc(C(F)(F)F)cc4)C3C2)nnc1-c1cnccn1,6.8,3.983800000000003
COc1cccc(N2CCN(CCCCN3CCc4ccccc4C3=O)CC2)c1,6.8,3.2959000000000023
COc1ccccc1N1CCN(CCCCNC(=O)c2cc3ccc(C#N)cc3[nH]2)CC1,6.8,3.3803800000000015
COc1cc(N)c(Cl)cc1C(=O)NC1CCN(CCCOc2ccc(F)cc2)CC1OC,6.8,3.358100000000002
CC(Oc1cc(Cl)cc(Cl)c1)c1nc(N)nc(N2CCN(C)CC2)n1,6.8,2.652400000000001
O=C(/C=C/c1ccc2nc(O)ccc2c1)NCCCCN1CCc2ccc(OS(=O)(=O)C(F)(F)F)cc2C1,6.8,4.136700000000004
Cl.Oc1cc2c(cc1O)C(c1ccccc1)CNCC2,6.8,2.797200000000001
c1ccc2c(c1)CCN(CCCCc1c[nH]c3ccccc13)C2,6.8,4.548900000000003
O=C1CN2c3c(cccc3[C@@H]3CN(CCCOc4ccc(F)cc4)CC[C@H]32)N1,6.8,3.224800000000001
CN1CCc2ccc(NS(=O)(=O)c3ccc(-c4ccc(Cl)cc4)cc3)cc2CC1,6.8,4.838200000000004
CC(C)(C)c1nc(N2CCN(CCCCNC(=O)NCC3CCCCC3)CC2)cc(C(F)(F)F)n1,6.8,4.574600000000003
O=C1CC(CN2CCC(c3noc4cc(F)ccc34)CC2)Cc2ncncc21,6.8,3.3816000000000024
COc1ccccc1N1CCN(CC2CN=C3c4ccccc4NC(=O)N32)CC1,6.8,2.4937000000000005
COc1ccc(N2CCN(Cc3c(C)nc4cc(C)nc(C)n34)CC2)cc1,6.8,2.985360000000002
Clc1ccc(N2CCN(CCCCCc3cc4ccccn4n3)CC2)cc1,6.8,4.522700000000004
CCCCc1ccc(S(=O)(=O)Nc2ccc3c(c2)CCNCC3)cc1,6.8,3.518200000000002
CCCN1CCC(c2ccccc2)CC1,6.8,3.2760000000000025
O=C(Nc1ccc(Cl)cc1)N[C@H]1CC[C@H](CCN2CCN(c3cccc4c3OCO4)CC2)CC1,6.8,4.961300000000005
O=S(=O)(N[C@H]1CC[C@H](N2CCC(c3ccccc3OC3CC3)CC2)CC1)c1cc(Cl)ccc1F,6.8,5.489400000000006
CCS(=O)(=O)c1ccc(OC)c(-c2ccc(CN3CCCCCC3)[nH]2)c1,6.8,3.8599000000000023
COc1cc(Cl)ccc1N1CCN(CCCCNC(=O)C(C)(C)C)CC1,6.8,3.413100000000002
O=C(CCCCN1CCN(C(c2ccc(F)cc2)c2ccc(F)cc2)CC1)c1nc2ccccc2s1,6.8,6.334700000000006
Clc1ccc(CN2CCC(c3cc(-c4ccc(Cl)cc4)on3)CC2)cc1,6.8,6.028000000000005
O=C1CN2c3c(cccc3[C@@H]3CN(CCCOc4ccc(F)cc4)CC[C@@H]32)N1,6.8,3.224800000000001
CCS(=O)(=O)c1ccc(OC)c(-c2ccc(CN3CCCCC3)[nH]2)c1,6.8,3.469800000000002
COc1ccccc1NC1CCN(CCCCNC(=O)c2ccc3ccccc3c2)CC1,6.79,4.934900000000004
COc1cc2c(cc1O)[C@@H]1Cc3cc(C)cc(C)c3CN1CC2,6.79,3.673140000000002
O=C(NCCCCN1CCN(c2ccnc3ccccc23)CC1)c1cn2ccccc2n1,6.79,3.2147000000000014
COc1ccc2[nH]cc(C3CCN(CCCCN4C(=O)CC(c5c[nH]c6ccccc56)C4=O)CC3)c2c1,6.79,5.160100000000005
COc1cccc(Nc2nc(Cc3ccccc3)nc3c2CCNCC3)c1.Cl,6.79,3.929600000000003
O=S(=O)(c1ccccc1)N(CCCCCCN1CCN(c2nsc3ccccc23)CC1)c1cccc(C(F)(F)F)c1,6.79,6.893000000000007
O=C1Cc2ccccc2N1CCCCN1CCN(c2ccccc2)CC1,6.79,3.1781000000000024
CCc1cc(Cl)c(OC)c(C(=O)NC[C@@H]2CCCN2CCCc2ccccc2)c1O,6.79,4.443600000000004
COc1cccc2c1Cc1ccccc1CCN(C)CC2,6.79,3.3164000000000016
Cn1c(CCCN2CCN(c3cccc(Cl)c3Cl)CC2)nc(-c2ccccc2)c1C(=O)NC(C)(C)C,6.79,5.677000000000005
O=S(=O)(CC1CCN(CCCc2noc3cc(F)ccc23)C1)c1cccc(Cl)c1,6.79,4.348700000000004
CCC(=O)N[C@H]1CC[C@H](CCN2CCN(c3nccc4sccc34)CC2)CC1,6.79,3.8934000000000033
O=C(N[C@H]1CC[C@H](CCN2CCN(c3nccc4c3CCO4)CC2)CC1)c1ccc(-n2cccc2)cc1,6.79,4.308100000000003
CO/N=C(/c1ccc(Cl)cc1)C(CNOC)CN1CCN(c2ccccn2)CC1,6.79,2.674900000000001
CS(=O)(=O)c1ccc(C(=O)N[C@H]2CC[C@H](CCN3CCC(c4cccc5c4CCO5)CC3)CC2)cc1,6.79,4.583300000000005
Cc1ncoc1-c1nnc(SCCCN2CC[C@@]3(C[C@@H]3c3ccc(C(F)(F)F)cc3F)C2)n1C,6.79,5.298220000000005
COc1ccccc1N1CCN(CCCCNC(=O)/C=C/c2cccc(I)c2)CC1,6.79,4.031600000000003
O=C(N[C@H]1CC[C@H](CCN2CCN(c3cccc(C(F)(F)F)n3)CC2)CC1)c1ccnc2ccccc12,6.79,5.149500000000005
COc1ccccc1N1CCN(CCOCCOc2cc(C)cc(C)c2C)CC1.Cl.Cl,6.79,4.681660000000006
O=C(/C=C/c1ccccc1)NCCCCN1CCCN(C(c2ccccc2)c2ccccc2)CC1,6.79,5.393500000000006
Cl.O=C1c2cccc3cccc(c23)N1CCCCCCN1CCN(c2ccccc2C(F)(F)F)CC1,6.79,6.623200000000006
CCc1cccc(N2CCN(CC(O)CCNC(=O)c3cc4ccccc4o3)CC2)c1Cl,6.79,3.9516000000000027
COc1ccccc1N1CCN(CCCc2cn(-c3ccc(N(C)C)cc3)nn2)CC1,6.79,3.096700000000002
CCCN(CCCCN1CCN(c2cccc(Cl)c2Cl)CC1)Cc1csc2ccccc12,6.79,7.022500000000008
CCc1cccc(N2CCN(CCC(O)CCNC(=O)c3cc4ccccc4o3)CC2)c1Cl,6.79,4.341700000000004
Nc1nc2c(s1)CC(CCCNCCN1CCN(c3ccc(-c4ccc5c(c4)C(=O)C(=O)N5)cc3)CC1)CC2,6.79,3.8240000000000025
CCOc1ccccc1N1CCN(Cc2cccs2)CC1,6.79,3.469000000000002
O=C1[C@@H]2[C@H]3CC[C@H](C3)[C@@H]2C(=O)N1CCCCCCN1CCN(c2cccc(C(F)(F)F)c2)CC1,6.78,4.418900000000004
C=CCOC1(c2ccc(Cl)cc2)CCN(Cc2c[nH]c3ccccc23)CC1,6.78,5.515200000000004
Cc1cccc(CN2CCC(CC(=O)N3c4ccccc4CC3C)CC2)c1,6.78,4.574920000000004
CN(C)C(=O)C(CCNCCC(O)CN1CCN(c2cccc(Cl)c2Cl)CC1)(c1ccccc1)c1ccccc1,6.78,4.920600000000005
COc1ccc2[nH]c(C)c(CCNCc3ccc(-c4ccc(O)cc4)o3)c2c1,6.78,4.7828200000000045
CN1CCN(C(=O)NCCCCN2CCN(c3cc(C(F)(F)F)nc(C(C)(C)C)n3)CC2)CC1,6.78,2.652100000000001
CC(C)(C)c1nc(N2CCN(CCCCn3ccc(-c4ccccc4)nc3=O)CC2)cc(C(F)(F)F)n1,6.78,4.619000000000004
CN(C)CCCN1c2ccccc2Sc2ccccc21,6.78,4.241000000000003
O=C(N[C@H]1CC[C@H](CCN2CCC(c3cccc4c3OCO4)CC2)CC1)C1CCOC1,6.78,3.6963000000000026
O=C(NC/C=C/CN1CCN(c2cccc(Cl)c2Cl)CC1)c1ccc2c(c1)Cc1ccccc1-2,6.78,5.672800000000005
O=C1c2ccccc2S(=O)(=O)N1CCCCCN1CCN(c2ccccc2)CC1,6.78,2.8236000000000008
O=CN[C@H]1CC[C@H](CCN2CCC(c3cccc4c3CCO4)CC2)CC1,6.78,3.495800000000002
Cl.Fc1ccc(OCCCN2CCc3ccccc3C2)cc1,6.78,4.074700000000003
COc1ccc(-c2cc3c(=O)n(CCN4CCN(c5ccccc5Cl)CC4)c(=O)[nH]c3[nH]2)cc1,6.78,3.169100000000001
CS(=O)(=O)CC(=O)N[C@H]1CC[C@H](CCN2CCC(c3cccc4c3OCO4)CC2)CC1,6.78,2.7044000000000015
CCCN(CCCN1CCN(c2ccccc2)CC1)C1CCc2ccc(O)cc2C1,6.78,4.1738000000000035
CCc1ccc2c(c1)C(C1=C[C@H](C)N(C)CC1)=Nc1ccccc1N2,6.78,5.077200000000004
COc1cccn(CCCCN2CCN(c3cc(C(F)(F)F)nc(C(C)(C)C)n3)CC2)c1=O,6.78,3.5656000000000025
COc1ccc(CN2CC=C(c3c[nH]c4ccc(OC(C)C)cc34)CC2)cc1,6.78,5.2530000000000046
Cn1c(SCCCN2C[C@H]3CCN(c4ccc(C(F)(F)F)cc4)[C@H]3C2)nnc1-c1ccncn1,6.78,3.983800000000003
CCCN[C@@H]1CCc2c(F)cccc2C1,6.78,2.6826000000000008
CO/N=C(\CCN1CCN(c2ccccn2)CC1)c1ccc(F)cc1,6.78,2.783500000000001
CC(=O)Nc1ccc(OCCCN2CCN(c3cccc(Cl)c3Cl)CC2)cc1,6.78,4.542900000000004
CCOc1ccc2[nH]cc(C3=CCN(Cc4cccs4)CC3)c2c1,6.78,4.917400000000004
Cc1ncoc1-c1nnc(SCCCN2CC[C@]3(C[C@H]3c3ccc(F)cc3C(F)(F)F)C2)n1C,6.78,5.298220000000005
COc1cc2c(cc1O)CN1CCc3cc(OC)c(O)cc3[C@@H]1C2,6.78,2.770500000000001
COc1ccccc1N1CCN(CCCCNC(=O)C2CCCCC2)CC1,6.78,3.2939000000000016
Cc1ccc(CN2CCN(C3CCc4cccc5c4N(C3=O)C(C)(C)C5)CC2)cc1,6.78,3.795320000000003
Cn1cc2c(C(=O)N[C@H]3CC[C@H](CCN4CCc5sc(OCC(C)(F)F)nc5C4)CC3)cccc2n1,6.77,4.800800000000004
Cn1c(F)cc2c1CCN(CCN1CCN(c3nsc4ccccc34)CC1)C2=O,6.77,2.594400000000001
O=S(=O)(N[C@H]1CCN(CCCc2noc3ccccc23)C1)c1ccc(F)c(Cl)c1,6.77,3.6057000000000023
O=C(N[C@H]1CC[C@H](CCN2CC[C@H]3CN(c4ccccc4)C[C@@H]3C2)CC1)c1cccc2ncccc12,6.77,5.371800000000006
c1ccc(-c2c[nH]c(CN3CCN(c4ccccc4)CC3)c2)cc1,6.77,4.003900000000003
CCCN(CCc1ccc(C)cc1)[C@@H]1CCc2c(O)cccc2C1,6.77,4.512620000000004
C#CC1=CCC(N(CCC)CCCCn2cc(-c3ccc(-c4ccccc4)cc3)nn2)CC1,6.77,6.216400000000007
Cc1c(-c2ccc(Cl)cc2)nc(O)n1C1CCN(Cc2ccccc2)CC1,6.77,5.054620000000004
O=C(CCCN1CCC(O)(c2ccc(Cl)cc2)CC1)c1cc(F)cc(F)c1,6.77,4.564700000000005
O=S(=O)(NCCCCN1CCN(c2noc3ccccc23)CC1)c1cccc2scnc12,6.77,3.318200000000002
O=C(CCCN1CC2CC1CN2c1ccc(Cl)cc1)c1ccc(F)cc1,6.77,4.4051000000000045
Cl.O=C(NCCCCN1CCN(c2cccc(Cl)c2Cl)CC1)c1cc2ccccc2s1,6.77,5.962100000000005
CO/N=C(\CCN1CCN(c2ccccn2)CC1)c1ccc(F)c(Cl)c1,6.77,3.4369000000000023
CCc1cccc(N2CCN(CCC(c3cccc(OC)c3)c3cccc(OC)c3)CC2)c1Cl,6.77,6.263800000000007
CNc1ccc(C(=O)NCCCCN2CCCN(c3ccccc3OC)CC2)cc1,6.77,3.459200000000002
CCCN(CCC)C1CCC2=C(CCC/C2=N\O)C1,6.77,3.971600000000003
Cn1c(SCCCN2C[C@H]3CCN(c4ccc(C(F)(F)F)cc4)[C@H]3C2)nnc1N1CCOCC1,6.77,3.363400000000002
CN1CCc2ccc(Cc3ccc(O)c4ccccc34)c3c2[C@H]1Cc1ccc(O)c(O)c1-3.Cl,6.77,5.7213000000000065
Cc1cccn(CCCCN2CCN(c3cc(C(F)(F)F)nc(C(C)(C)C)n3)CC2)c1=O,6.77,3.865420000000003
O=C(NCCC(O)CN1CCN(c2cccc(Cl)c2Cl)CC1)c1cc2ccccc2[nH]1,6.77,3.777700000000003
O=C(NCCCCN1CCN(c2ccccc2Cl)CC1)c1ccc(-c2ccsc2)cc1,6.77,5.400700000000005
COc1ccccc1N1CCN(CCCCc2cn(-c3ccc(N(C)C)cc3)nn2)CC1,6.77,3.4868000000000023
Br.COc1cccc(N2CCN(C[C@H]3C[C@@H]3c3ccccc3)CC2)c1,6.77,4.198800000000003
O=C1c2cnn(C3CC3)c2CCN1CCN1CCN(c2nsc3ccccc23)CC1,6.77,2.648200000000001
COc1ccccc1N1CCN(CCCNC(=O)NCc2ccccc2-c2ccc(C(C)C)cc2)CC1,6.77,5.497100000000005
CC(C)(C)Oc1ccc(C(=O)N[C@H]2CC[C@H](CCN3CCC(c4coc5ccccc45)CC3)CC2)cc1,6.77,7.168400000000008
CCCN1CCC[C@@H](c2cccc(Br)c2)C1,6.77,4.0385000000000035
Cn1cc2c(C(=O)N[C@H]3CC[C@H](CCN4CCC(c5nocc5C(C)(F)F)CC4)CC3)cccc2n1,6.77,5.231300000000005
O=C(CCCN1CC2CC1N(c1ccc(Cl)cc1)C2)c1ccc(F)cc1,6.77,4.610200000000004
Fc1ccc(OCCCN2CCCN(c3ccc(Cl)cc3)CC2)cc1,6.76,4.460300000000004
COc1cc(CCCCCNCCC[C@H]2CCc3nc(N)sc3C2)ccc1O,6.76,4.327200000000003
CN1CCN(C2=Nc3cc(Cl)ccc3N(NC(=O)c3cccc(C#N)c3)c3ccc(Cl)cc32)CC1,6.76,4.987280000000005
Cc1nc2c(o1)CC(CN1CC=C(c3c[nH]c4cc(F)ccc34)CC1)CC2=O,6.76,4.137820000000003
O=C(CCCCN1CCN(c2ccccc2F)CC1)Nc1nc2ccccc2s1,6.76,4.366400000000003
COc1ccccc1N1CCN(CNC(=O)c2ccc(C)cc2)CC1,6.76,2.5131200000000007
CCc1cc(Cl)c(OC)c(C(=O)NC[C@@H]2CCCN2CCCCNC(=O)c2cc3ccccc3[nH]2)c1O,6.76,4.5023000000000035
COCCC(=O)N[C@H]1CC[C@H](CCN2CCN(c3cccc4c3OCO4)CC2)CC1,6.76,2.6389000000000005
Cc1ccccc1C(=O)NN1c2ccc(Cl)cc2N=C(N2CCN(C)CC2)c2cc(Cl)ccc21,6.76,5.424020000000005
CC(C)(O)CC(=O)N[C@H]1CC[C@H](CCN2CCC(c3cccc4c3CCO4)CC2)CC1,6.76,4.027000000000004
CO/N=C(\CCN1CCN(c2ccccn2)CC1)c1ccccc1,6.76,2.644400000000001
O=C(C[C@@H]1COCCO1)N[C@H]1CC[C@H](CCN2CCN(c3cccc4c3OCO4)CC2)CC1,6.76,2.4078999999999997
COc1ccc2c(c1)CCCN(C)CCCc1ccccc1C2,6.76,4.096600000000004
COc1cc2c3c(c1OC)-c1ccccc1CC3N(C)CC2,6.76,3.4559000000000015
CCCN1CCc2cccc3c2[C@H]1Cc1cccc(OC(=O)CCCCC2CCSS2)c1-3,6.76,6.838400000000007
CCc1ccccc1N1CCN(CCCCCC(=O)NC2CCCc3ccccc32)CC1,6.76,5.125200000000005
CC(C)(C)c1nc(N2CCN(CCCCCC(=O)NCc3ccccc3)CC2)cc(C(F)(F)F)n1,6.76,4.791700000000004
COCCC(=O)N1CCC(O)(CCCN2CCN(c3cccc(Cl)c3Cl)CC2)C1,6.76,2.895500000000002
O=C(N[C@H]1CC[C@H](CCN2CCN(c3cccc4c3OCO4)CC2)CC1)C1(O)CCCCC1,6.76,3.2976
CCCN1CCc2cccc3c2[C@@H]1Cc1cccc(OCCCCN2CCN(c4ccccc4OC)CC2)c1-3,6.76,6.208700000000007
C[C@@H](O)[C@@H]1NC(=O)[C@H](CCCCN)NC(=O)[C@@H](Cc2c[nH]c3ccccc23)NC(=O)[C@H](Cc2ccncc2)NC(=O)[C@H](Cc2ccccc2)NC(=O)[C@H](CCCNC(=N)N)NC(=O)[C@H](NC(=O)CSC[C@@H]2C[C@@H]3c4cccc5[nH]cc(c45)C[C@H]3N(C)C2)CCCCNC(=O)[C@H](Cc2ccccc2)NC1=O,6.76,2.6597699999999938
COc1ccc(F)cc1S(=O)(=O)N[C@H]1CC[C@@H](N2CCN(c3ccccc3OC(C)C)CC2)CC1,6.76,4.0332000000000034
O=C(CCCCN1[C@@H]2CC[C@H]1CC(O)(c1ccc(Cl)cc1)C2)c1nc2ccccc2s1,6.75,5.817300000000006
COc1ccc(N2CCN(CC[C@H]3CC[C@H](NC(=O)c4cccs4)CC3)CC2)cc1,6.75,4.257600000000003
COc1ccccc1N1CCN(CCCCNC(=O)c2cccn3nccc23)CC1,6.75,2.6751000000000005
Fc1ccc(CN2CCN(C3=Nc4cc(Cl)ccc4Nc4ccccc43)CC2)c(F)c1,6.75,5.571300000000004
COc1ccccc1N1CCN(C2CC3CC(NC(=O)c4ccc5ccccc5c4)CC3C2)CC1.O=C(O)C(=O)O,6.75,4.113200000000003
O=S1(=O)c2cccc3cccc(c23)N1CCCN1CCN(c2ccc(F)cc2)CC1,6.75,3.699900000000003
C[C@@H](O)[C@@H]1NC(=O)[C@H](CCCCN)NC(=O)[C@@H](Cc2c[nH]c3ccccc23)NC(=O)[C@H](Cc2cccnc2)NC(=O)[C@H](Cc2ccccc2)NC(=O)[C@H](CCCNC(=N)N)NC(=O)[C@H](NC[C@H](Cc2ccc(O)cc2)NC(=O)CSC[C@@H]2C[C@@H]3c4cccc5[nH]cc(c45)C[C@H]3N(C)C2)CCCCNC(=O)[C@H](Cc2ccccc2)NC1=O,6.75,3.566269999999988
CC(Oc1ccc2c(n1)CCN(CC[C@H]1CC[C@H](NC(=O)c3cccc4nn(C)cc34)CC1)CC2)C(F)F,6.75,4.780200000000004
Cc1cccc2[nH]c(C(=O)N3CCN(CCOc4cccnc4)CC3)cc12,6.75,2.708120000000001
NC(=O)c1ccccc1OCCCNCCc1cn(S(=O)(=O)c2ccccc2)c2ccccc12,6.75,3.578400000000002
COc1ccccc1N1CCN(CCC2CCc3ccc(N)cc3C2O)CC1,6.75,3.0855000000000006
O=C1c2ccccc2S(=O)(=O)N1CCCCN1CCN(c2ccc(Cl)cc2)CC1,6.75,3.0869000000000018
c1cnc(N[C@H]2CC[C@H](CCN3CCN(c4cnccn4)CC3)CC2)nc1,6.75,2.4496
O=C(CCCN1C2CCC1CN(c1ccc(Cl)cc1)CC2)c1ccc(F)cc1,6.75,5.185300000000005
CCCN(CCCCn1cc(-c2ccc(-c3ccccc3)cc2)nn1)C1CC=C(C#Cc2ccccc2)CC1,6.75,7.634900000000008
C=CCN(NC(=O)NCCCN1CCN(c2ccccc2OC)CC1)c1ccc(OC)cc1,6.75,3.122700000000002
Cc1[nH]c2ccc(Cl)cc2c1C1=CCN(CCNS(=O)(=O)c2ccc3ccccc3c2)CC1,6.75,5.350520000000005
COc1ccccc1N1CCN(CCCCNC(=O)c2ccc3nccnc3c2)CC1,6.75,2.970600000000001
O=C(NCN1CCN(c2ccccc2Cl)CC1)c1ccccc1,6.75,2.849500000000001
Cl.O=C(CCCCN1C2CCC1CC(O)(c1ccc(Cl)cc1)C2)c1nc2ccccc2s1,6.75,6.239100000000007
CCCN(Cc1ccccc1)[C@@H]1CCc2c(F)cccc2C1,6.75,4.595200000000005
CN(C)Cc1cccc2nc(C(=O)NCCCCN3CCN(c4cc(C(F)(F)F)nc(C(C)(C)C)n4)CC3)cn12,6.75,3.834400000000003
O=c1ccc2ccc(OCCCCNCC3CC3c3cccc4c3OCCO4)cc2[nH]1,6.75,3.851600000000002
Cc1sc(C)c2c1CCCc1cnn(C)c1-2,6.75,3.2541400000000014
O=C(NCCCCN1CCN(c2ccccc2)CC1)c1cn2ccccc2n1,6.75,2.6665
C=Cc1cccc2c1-c1cccc3c1[C@@H](C2)N(C)CC3,6.75,4.081700000000004
COc1ccccc1N1CCN(CCCN2CCCc3ncsc3C2)CC1,6.75,3.1122000000000023
COc1ccc(-c2ccccc2N2CCN(CCCCCC(=O)N[C@@H](C)c3ccccc3)CC2)cc1,6.75,5.922000000000006
CCCN1CCC(c2cccc(C(F)(F)F)c2)CC1,6.75,4.294800000000004
C[C@@H]1CN(c2ccccc2-c2ccccc2)CCN1CCCCCC(=O)NCc1ccccc1,6.75,5.740900000000005
COc1ccc(N2CCN(CCCCCCN3C(=O)c4cccc5cccc3c45)CC2)cc1,6.75,5.191200000000006
COc1ccccc1N1CCN(CCCCOc2ccc(-c3cn4ccccc4n3)cc2)CC1,6.75,4.991100000000005
COc1ccc(S(=O)(=O)N[C@H]2CC[C@@H](N3CCC(c4cc(F)ccc4OC(C)C)CC3)CC2)cc1OC,6.75,5.099200000000005
CN1CCN(c2ccc(C(=O)N[C@H]3CC[C@H](CCN4CCN(c5nccc6c5CCO6)CC4)CC3)cc2)CC1,6.75,3.2692000000000014
CCNC1CCc2c(cccc2OC)C1,6.75,2.162
COc1ccc(C2(O)CCN(Cc3c[nH]c4ccccc34)CC2)cc1,6.75,3.6601000000000017
Cn1c(N2CCCC2)nc2c(CN3CCN(c4ccccc4)CC3)c[nH]c2c1=O,6.75,2.184
CCOc1csc(C(=O)NN2c3ccc(Cl)cc3N=C(N3CCN(C)CC3)c3ccccc32)c1,6.75,4.922400000000004
CCCN1CCN(c2cccc3c2CN(S(=O)(=O)c2ccccc2)C3)CC1,6.75,2.9231000000000016
OC1CCc2c(c3ccccc3n2CCCN2CCN(c3ccccc3)CC2)C1,6.75,3.7032000000000025
COc1cccc2[nH]cc(CCNCc3ccc(-c4ccc(O)cc4)o3)c12,6.75,4.474400000000004
COC(C)CC(=O)N[C@H]1CC[C@H](CCN2CCN(c3cccc4c3OCO4)CC2)CC1,6.74,3.027400000000001
CC(C)(C)c1nc(N2CCN(CCCCNC(=O)N3CCN(CC4CC4)CC3)CC2)cc(C(F)(F)F)n1,6.74,3.4323000000000015
O=C(c1cc2ccc(Cl)cc2[nH]1)N1CCN(CCOc2cccnc2)CC1,6.74,3.0531000000000015
CN1CCN(C2=Nc3cc(Cl)ccc3N(NC(=O)c3ccccc3Cl)c3ccccc32)CC1,6.74,5.115600000000005
CN1CCN(C2=Nc3cc(Cl)ccc3N(NC(=O)c3cccc(Cl)c3)c3ccccc32)CC1,6.74,5.115600000000005
COc1ccccc1N1CCN(CCCCn2cc(-c3cccnc3)nn2)CC1,6.74,2.951100000000001
Clc1ccc2c(c1)C(NC1CCN(Cc3ccccc3)CC1)=Nc1cccnc1N2,6.74,5.124500000000004
Cc1ccc2c(c1)C(NC1CCN(Cc3ccccc3)CC1)=Nc1cccnc1N2,6.74,4.779520000000003
NC1(c2ccc(Cl)cc2)CCN(Cc2c[nH]c3ccccc23)CC1,6.74,4.271300000000004
O=C(C[C@H]1CCCOC1)N[C@H]1CC[C@H](CCN2CCN(c3cccc4c3OCO4)CC2)CC1,6.74,3.419100000000001
CCCN(C(=O)C1CCCCC1)[C@H]1CC[C@H](CCN2CCN(c3cccc(Cl)c3Cl)CC2)CC1,6.74,6.883200000000008
Fc1ccc(SCCCN2CCN(c3ccccn3)CC2)cc1,6.74,3.525100000000002
COc1cccc2c1CCC(N(C)C)C2,6.74,2.1140999999999996
O=C(CO)N[C@H]1CC[C@H](CCN2CCN(c3cccc4c3OCO4)CC2)CC1,6.74,1.5946999999999998
CN1CCc2cccc3c2[C@H]1Cc1cccc(C#N)c1-3,6.74,3.310380000000002
C[C@@H](O)[C@@H]1NC(=O)[C@H](CCCCN)NC(=O)[C@@H](Cc2c[nH]c3ccccc23)NC(=O)[C@H](Cc2ccncc2)NC(=O)[C@H](Cc2ccccc2)NC(=O)[C@H](CCCNC(=N)N)NC(=O)[C@H](NC[C@H](Cc2ccc(O)cc2)NC(=O)CSC[C@@H]2C[C@@H]3c4cccc5[nH]cc(c45)C[C@H]3N(C)C2)CCCCNC(=O)[C@H](Cc2ccccc2)NC1=O,6.74,3.566269999999988
N#Cc1ccc2c(c1)CN(C[C@@H]1C[C@H]1CCNC(=O)c1cc3ccccc3[nH]1)CC2,6.74,3.853880000000002
COc1cccc2cc(CNCCCOc3ccc4ccc(=O)[nH]c4c3)sc12,6.74,4.310100000000003
C[C@@H]1[C@@H](C)c2ccccc2N1C(=O)CN1CCN(Cc2ccc(Cl)cc2)CC1,6.74,3.996400000000003
O=C(CCCN1CCCN(c2ccccn2)CC1)c1ccc(F)cc1,6.74,3.395900000000003
CO[C@@H]1CC[C@@H](CC(=O)N[C@H]2CC[C@H](CCN3CCN(c4cccc5c4OCO5)CC3)CC2)C1,6.74,3.8076000000000016
Cc1nc2sccn2c(=O)c1CCN1CCC(=C(c2ccc(F)cc2)c2ccc(F)cc2)CC1,6.74,5.483020000000005
Cn1c(SCCCN2CC[C@]3(C[C@@H]3c3ccc(C(F)(F)F)cc3)C2)nnc1-c1nccs1,6.74,5.319200000000005
CN1CCc2ccc3c4c2[C@H]1Cc1cccc(c1-4)[C@@]3(C)O,6.74,3.0079000000000025
C[C@@H](CO)NC(=O)[C@@H]1C=C2c3cccc4[nH]cc(c34)C[C@H]2N(C)C1,6.74,1.5346000000000002
CC(C)(O)C(=O)N[C@H]1CC[C@H](CCN2CCN(c3cccc4c3OCO4)CC2)CC1,6.74,2.3732999999999995
O=C(N[C@H]1CC[C@H](CCN2CCC(c3cccc4c3OCO4)CC2)CC1)C1CCOCC1,6.74,4.086400000000003
COc1ccccc1N1CCN(CCCCNC2=CC=CC3=[N+]4[N+](=Cc5cc6ccccc6n5[B-]4(F)F)[B-](F)(F)N23)CC1,6.74,3.937000000000003
COc1ccccc1N1CCN(CCCCn2cnc3ccccc3c2=O)CC1,6.74,3.007500000000001
NC(=O)c1ccn(-c2cccc(OC(=O)NCCN3CCN(c4ccccc4)CC3)c2)c1,6.73,2.4867999999999997
CCCN1CCC(c2n[nH]c3ccccc23)CC1,6.73,3.152300000000001
Cc1ncc2c(n1)CCC(CCN1CCC(c3noc4ccccc34)CC1)C2=O,6.73,3.9410200000000035
Cc1ccc(CN2CCN(CC(=O)N3c4ccccc4CC3C)CC2)cc1,6.73,3.0904200000000017
COc1cc(CN2CCN(c3ccccc3OC)CC2)ccc1OCc1cn(CCOCCOCCOCCOCCOCCNC(=O)COc2cncc(C#Cc3csc(C)n3)c2)nn1,6.73,4.034420000000006
Fc1ccc(SCCCN2CCC(c3ccc(Cl)cc3)CC2)cc1,6.73,5.840900000000006
CCc1cccc(N2CCN(CCC(c3cccc(O)c3)c3cccc(O)c3)CC2)c1Cl,6.73,5.657800000000007
Cc1ncoc1-c1nnc(SCCCN2CC[C@]3(C[C@H]3c3ccc(C(F)(F)F)cc3)C2)n1C,6.73,5.159120000000005
O=C(CN1CCN(Cc2ccc(Cl)cc2)CC1)N1c2ccccc2CC12CCCC2,6.73,4.359700000000004
Cc1ncc2c(n1)CCN(CCN1CCC(c3noc4ccccc34)CC1)C2=O,6.73,2.804120000000001
c1ccc(OCC2CCC3CN(c4ncccn4)CCN3C2)cc1,6.73,2.4562
CCOC(=O)/C=C1\[C@@H]2CCC[C@@]1(c1cccc(O)c1)CCN2CCc1ccccc1,6.73,4.6204000000000045
Cc1cccc(N2CCC3CN(CCCSc4nnc(-c5cnccn5)n4C)CC32)c1,6.73,3.2734200000000016
O=C(CCCCCN1CCN(c2ccccc2-c2ccccc2)CC1)NCc1ccncc1,6.73,4.747400000000004
Fc1ccc(OCCCN2CCN(c3ccccn3)CC2)cc1,6.73,2.8118000000000016
CCCCCCn1cc(CN2CCC(O)(c3ccc(Cl)cc3)CC2)c2ccccc21,6.73,6.358600000000007
O=S(=O)(N[C@H]1CC[C@@H](N2CCC(c3ccccc3OC3CC3)CC2)CC1)c1cc(Cl)ccc1F,6.73,5.489400000000006
O=C1c2cccc3cccc(c23)N1CCCCCCN1CCN(c2ncccn2)CC1,6.73,3.9726000000000026
CNc1nc(Cl)c(Sc2ccccc2)c(N2CCN(C)CC2)n1,6.73,3.0747000000000018
CCN(C)CCc1c(-c2cc(C(F)(F)F)cc(C(F)(F)F)c2)[nH]c2ccccc12,6.73,6.366700000000004
CC(=O)N[C@H]1CC[C@H](CCN2CCC(c3cccc4occc34)CC2)CC1,6.73,4.697200000000005
c1ccc(OC[C@@H]2CC[C@H]3CN(c4ccccn4)CCN3C2)cc1,6.73,3.0612000000000013
O=C1CC(c2c[nH]c3ccc(F)cc23)C(=O)N1CCCCN1CCC(c2c[nH]c3ccccc23)CC1,6.72,5.290600000000005
Cn1c(SCCCN2C[C@H]3CCN(c4ccc(F)cc4)[C@H]3C2)nnc1-c1ccc(C(N)=O)nc1,6.72,2.8080000000000007
Cn1c(SCCCN2CC3CCN(c4ccc(OC(F)(F)F)cc4)C3C2)nnc1-c1cnccn1,6.72,3.8636000000000026
COc1ccccc1N1CCN(CCOCCOc2c(C)cc(C)cc2C)CC1.Cl.Cl,6.72,4.681660000000006
CCN1Cc2c(C(=O)N[C@H]3CC[C@H](CCN4CCc5sc(CCC(F)(F)F)nc5C4)CC3)cccc2C1=O,6.72,5.350700000000006
O=C(NCCCCN1CCN(C(c2ccccc2)c2ccc(Cl)cc2)CC1)C1CCCCC1,6.72,5.523700000000006
C=CCN1C[C@@H](OC(=O)Nc2ccc(-c3ccsc3)cc2)C[C@@H]1CNC(=O)c1cc(CCCF)cc(OC)c1OC,6.72,5.941800000000006
CC(C)(C)c1nc(C2CC2)cc(N2CCN(CCCCNC(=O)c3cn4ccccc4n3)CC2)n1,6.72,3.631400000000002
CC(C)Oc1ccccc1N1CCN([C@H]2CC[C@@H](NS(=O)(=O)c3ccccc3)CC2)CC1,6.72,3.885500000000003
COc1ccccc1N1CCN(CC(O)CCn2cc(-c3ccc4ccccc4c3)nn2)CC1,6.72,3.680100000000002
c1ccc(N2CCN(Cc3cnn(-c4ccccn4)c3)CC2)cc1,6.72,2.589500000000001
Cc1ccccc1N1CCN(CCCCNC(=O)c2ccc(-c3ccsc3)cc2)CC1,6.72,5.055720000000004
N#Cc1ccc2c(c1)CN(CC[C@@H]1C[C@H]1CNC(=O)c1cc3cccnc3[nH]1)CC2,6.72,3.2488800000000015
Cn1c(SCCCN2CC3CCN(c4ccc(F)cc4)C3C2)nnc1-c1ccc(C(N)=O)nc1,6.72,2.8080000000000007
N#Cc1ccc(C(=O)N[C@H]2CC[C@H](CCN3CCC(c4cccc5c4CCO5)CC3)CC2)cc1,6.72,5.051480000000005
C[C@H]1CN(CC[C@H]2CC[C@H](NC(=O)N(C)c3ccccc3)CC2)CCc2ccc(Cl)cc21,6.72,6.096500000000007
Cn1cc(-c2nnc(SCCCN3CC4CCN(c5ccc(C(F)(F)F)cc5)C4C3)n2C)cn1,6.72,3.9273000000000025
CCCC[C@H](NC(=O)[C@H]1CC[C@@H]2c3[nH]c4ccccc4c3CCN2C1)C(=O)N[C@@H](Cc1ccc(F)c(F)c1)C(=O)N[C@@H](CCCCN)C(N)=O,6.72,3.2569000000000017
Cc1nnc(CC(=O)N[C@H]2CC[C@](F)(CCN3CCc4ccc(OCC(C)(F)F)nc4CC3)CC2)s1,6.72,4.076020000000002
CCCN1CCC[C@@H](c2cccc(OS(C)(=O)=O)c2)C1,6.72,2.6144000000000007
Cc1ncccc1C(=O)N[C@H]1CC[C@H](CCN2C[C@@H]3C[C@]3(c3cc(C(C)(F)F)on3)C2)CC1,6.72,4.441920000000004
O=C1Cc2cc(C(O)CN3CCN(c4cccc5sccc45)CC3)ccc2N1,6.72,3.251500000000002
O=C(CC1CCCO1)N[C@H]1CC[C@H](CCN2CCN(c3cccc4c3OCO4)CC2)CC1,6.72,3.171500000000001
O=C1c2ccccc2CN1CCCCN1CCN(c2ccccc2)CC1,6.72,3.2448000000000023
CCC[C@@H]1CN(Cc2ccccc2)C[C@@H]1CNC(=O)c1cc(Cl)c(NC)cc1OC,6.72,4.668400000000004
N#Cc1cc(N2CCN(CCCCNC(=O)c3cn4ccccc4n3)CC2)cc(C(F)(F)F)c1,6.72,3.556980000000002
CN1C(=O)c2ccccc2[S+]([O-])c2ccc(C(=O)NCCc3cccs3)cc21,6.72,3.4773000000000023
CN(C)C[C@@H]1CC2c3ccccc3Oc3ccc(F)cc3[C@H]2O1,6.72,4.106800000000003
CCc1cccc(N2CCN(CCC(c3cccc(O)c3)c3cccc(OC)c3)CC2)c1Cl,6.72,5.960800000000007
C[C@@H]1Cc2ccccc2N1C(=O)CN1CCN(Cc2ccc(Cl)cc2)CC1,6.72,3.4354000000000022
C#CCCCCN(CCC)C1Cc2ccccc2C1,6.72,3.6693000000000024
Cl.O=C(CCCN1C2CCC1CC(c1ccc(Cl)cc1)C2)c1ccc(F)cc1,6.72,6.274400000000006
COc1cc2c(cc1O)CN(Cc1ccccc1CNC(=O)c1ccccc1Cl)CC2,6.72,4.542500000000004
COc1cc2c(cc1O)CN(Cc1ccccc1CNC(=O)c1ccc(C#N)cc1)CC2,6.72,3.7607800000000022
Cc1ccc(C)c(C(=O)CCCN2CCC(c3ccc(Cl)cc3)CC2)c1,6.72,5.799340000000006
O=C(Nc1ccccn1)NC1CCN(Cc2ccccc2)CC1,6.72,2.867700000000001
COc1ccc(S(=O)(=O)N[C@H]2CC[C@@H](N3CCN(c4ccccc4OCC(F)(F)F)CC3)CC2)cc1OC,6.72,4.056600000000003
COc1ccccc1N1CCN(CCCCNC(=O)c2ccc(C#Cc3ccccc3)cc2)CC1,6.72,4.427200000000004
CN1CCc2ccccc2Cc2ccsc2CC1,6.72,3.3693000000000026
C[C@@H](Oc1ccc2c(n1)CCN(CC[C@H]1CC[C@H](NC(=O)COc3cnn(C)c3)CC1)CC2)C(F)(F)F,6.72,3.6894000000000027
COc1cc2c(cc1O)[C@@H]1Cc3sc(CC(C)(C)C)cc3CN1CC2,6.72,4.706400000000005
CCCN(CCCCN1CCN(c2ccccc2OC)CC1)Cc1ccc2c(c1)Cc1ccccc1-2,6.71,6.080800000000007
O=C(NCCC(F)CN1CCN(c2cccc(Cl)c2Cl)CC1)c1ccc2ccccc2c1,6.71,5.426800000000005
Fc1ccc(C(c2ccc(F)cc2)N2CCN(CCCCc3nc4ccccc4s3)CC2)cc1,6.71,6.3044000000000056
CCc1cccc(N2CCN(CC(O)CCNC(=O)c3cn4ccccc4n3)CC2)c1Cl,6.71,2.8531000000000004
Fc1ccc(OC[C@H]2CC[C@@H]3CN(c4ncc(F)cn4)CCN3C2)cc1,6.71,2.734400000000001
COc1cccc(OC)c1C(=O)NN1c2ccccc2N=C(N2CCN(C)CC2)c2cc(Cl)ccc21,6.71,4.479400000000004
CN1CCN(C2=Nc3cc(Cl)ccc3N(NC(=O)c3ccc(C#N)cc3)c3ccc(Cl)cc32)CC1,6.71,4.987280000000005
COc1ccc(C(F)(F)F)cc1S(=O)(=O)N[C@H]1CC[C@@H](N2CCN(c3ccccc3OC(C)C)CC2)CC1,6.71,4.912900000000005
CCOc1c(C(=O)NN2c3ccc(Cl)cc3N=C(N3CCN(C)CC3)c3ccccc32)sc2ccccc12,6.71,6.075600000000006
OC1(c2ccc(Cl)c(C(F)(F)F)c2)CCN(CCCCC(c2ccc(F)cc2)c2ccc(F)cc2)CC1,6.71,7.922800000000007
O=C(NCCCCN1CCN(c2cccc(OCCF)c2)CC1)c1ccc(-n2ccnc2)cc1,6.71,3.552800000000002
O[C@@]1(c2ccc3ccccc3c2)C[C@H]2CC[C@@H](C1)N2Cc1c[nH]c2ccccc12,6.71,5.3357000000000046
CN(C)CCC=C1c2ccccc2CCc2ccccc21,6.71,4.168600000000003
Cc1nn(C)c2c1C(=O)N(CCN1CCN(c3nsc4ccccc34)CC1)CC2,6.71,2.1587199999999998
O=C(N[C@H]1CC[C@H](CCN2CCC(c3cccc4c3OCO4)CC2)CC1)C1CC1(F)F,6.71,4.315000000000003
CCc1cccc(N2CCN(CCC(O)CCNC(=O)c3cn4ccccc4n3)CC2)c1Cl,6.71,3.2432000000000007
CCN(CCN1CCC(C2NOc3cc(F)ccc32)CC1)C(=O)C(O)CN,6.71,0.6439000000000012
COc1ccc2nc(NC(=O)CCCCN3CCN(c4ccc(Cl)cc4)CC3)sc2c1,6.71,4.889300000000004
COc1ccc2c(c1)CCN1CC[C@](O)(c3ccc(Cl)cc3)C[C@H]21,6.71,3.929400000000003
O=C(CC1COC1)N[C@H]1CC[C@H](CCN2CCC(c3cccc4c3CCO4)CC2)CC1,6.71,3.9025000000000034
CCOc1ccccc1N1CCN(CCCCc2cc(-c3cccs3)no2)CC1.Cl,6.71,5.368500000000006
CCCC(=O)N[C@H]1CC[C@H](CCN2CCC(c3cccc4c3CCO4)CC2)CC1,6.71,4.666100000000005
CC(C)(C)c1nc(N2CCN(CCCCn3ccc(=O)[nH]c3=O)CC2)cc(C(F)(F)F)n1,6.71,2.2453000000000003
Cl.O=C1c2cccc3cccc(c23)N1CCCCCCN1CCN(c2ccc(Cl)cc2)CC1,6.71,6.257800000000006
Cc1cccc(=O)n1CCCCN1CCN(c2cc(C(F)(F)F)nc(C(C)(C)C)n2)CC1,6.71,3.865420000000003
Fc1ccc(CCCCN2CCN(c3ccc(Cl)cn3)CC2)cc1,6.71,4.019000000000003
CS(=O)(=O)c1ccc(C(=O)N[C@H]2CC[C@H](CCN3CCC(c4cccc5c4CCO5)CC3)CC2)s1,6.71,4.6448000000000045
COC1(C(=O)N[C@H]2CC[C@H](CCN3CCC(c4cccc5c4OCO5)CC3)CC2)CCCCC1,6.71,5.0091000000000045
CCN(CCN1CCC(c2noc3cc(F)ccc23)CC1)C(=O)C1CN(C)CCC1O,6.71,2.307400000000001
COc1ccc2c(c1)CC(CN1CCC(C(=O)c3ccc(F)cc3)CC1)CC2=O,6.71,4.174300000000003
CCCN1CCOC2c3cc(O)ccc3[S+]([O-])CC21,6.71,1.6653
CN1CCc2cccc3c2[C@H]1Cc1cccc(OS(=O)(=O)C(F)(F)F)c1-3,6.71,3.667100000000003
O=c1[nH]c2c(O)ccc([C@@H](O)CNCCCSCCOCCc3cccc4ccccc34)c2s1,6.7,4.454000000000003
Cc1ccc2c(N3CCN(CCc4cccc(NC(=O)c5cnccn5)c4)CC3)cccc2n1,6.7,3.9502200000000025
COC(=O)Nc1cccc(CCN2CCN(c3cccc4nc(C)ccc34)CC2)c1,6.7,4.0862200000000035
CC1(C)Cc2cccc3c2N1C(=O)C(N1CCN(Cc2ccc(Cl)cc2)CC1)CC3,6.7,4.140300000000003
CC(=O)N(CCCNC[C@@H]1C[C@@H]2c3cccc4[nH]cc(c34)C[C@H]2N(C)C1)[C@@H]1CCCCNC(=O)[C@H](Cc2ccc(F)cc2)NC(=O)[C@H]([C@@H](C)O)NC(=O)[C@H](CCCCN)NC(=O)[C@@H](Cc2c[nH]c3ccccc23)NC(=O)[C@H](Cc2ccccc2)NC(=O)[C@H](Cc2ccccc2)NC(=O)[C@H](CCCNC(=N)N)NC1=O,6.7,3.382670000000001
OC1(c2ccc(Cl)cc2)CCN(CCCCc2nc3ccccc3s2)CC1,6.7,5.256000000000005
C[C@@H](O)C1NC(=O)[C@H](CCCCN)NC(=O)[C@@H](Cc2c[nH]c3ccccc23)NC(=O)[C@H](Cc2ccccc2)NC(=O)[C@H](Cc2ccccc2)NC(=O)[C@H](CCCNC(=N)N)NC(=O)[C@H](NC(=O)CSC[C@@H]2C[C@@H]3c4cccc5[nH]cc(c45)C[C@H]3N(C)C2)CCCCNC(=O)[C@H](Cc2ccccc2)NC1=O,6.7,3.2647699999999977
COc1ccc(S(=O)(=O)N[C@H]2CC[C@@H](N3CCC(c4ccccc4OCCF)CC3)CC2)cc1OC,6.7,4.521200000000004
CC(C)(C)c1nc(N2CCN(CCCCNC(=O)c3cc4ccccn4n3)CC2)cc(C(F)(F)F)n1,6.7,3.772800000000002
O=C(NCC[C@@H](O)CN1CCN(c2cccc(Cl)c2Cl)CC1)c1cnc2ccccc2c1,6.7,3.8446000000000033
CN1CCN(c2ccc(O)c3c2OCC(=O)N3)CC1,6.7,0.4749
NCCCC[C@H](NC(=O)[C@H](Cc1ccc(F)c(F)c1)NC(=O)[C@H]1CCCN1C(=O)CCCCCNC(=O)[C@H]1CC[C@@H]2c3[nH]c4ccccc4c3CCN2C1)C(N)=O,6.7,3.2495000000000056
CCCCc1ccc(S(=O)(=O)Nc2ccc3c(c2)CN(C)C3)cc1,6.7,3.775400000000003
COc1ccccc1CNN1c2ccc(Cl)cc2N=C(N2CCN(C)CC2)c2ccccc21,6.7,4.830600000000004
C#Cc1ccc2cc(C(=O)NCCCCN3CCN(c4ccccc4OC)CC3)sc2c1,6.7,4.223400000000003
CCCCn1cc(CCCOc2ccc(C(=O)NCCCCN3CCCN(c4ccc(O)c5[nH]c(=O)ccc45)CC3)cc2OC)nn1,6.7,4.3678000000000035
CC(C)Oc1ccccc1N1CCN([C@H]2CC[C@@H](NS(=O)(=O)c3cccc(Cl)c3F)CC2)CC1,6.7,4.678000000000004
N#CC1(c2ccc(Cl)cc2)CCN(Cc2c[nH]c3ccccc23)CC1,6.7,4.878680000000003
Fc1ccc(N2CCN(CCC3OCCc4ccccc43)CC2)cc1,6.7,3.6518000000000033
OC1(c2ccc(Cl)cc2)CCCN(Cc2c[nH]c3ccccc23)CC1,6.7,4.695000000000003
COc1ccccc1OCCNC[C@@H](O)c1ccc(O)c(O)c1,6.7,1.8083999999999996
Cc1cccc(C2CN(CCCc3cn(CCCN4CCN(c5nsc6ccccc56)CC4)nn3)CCc3cc(O)c(O)cc32)c1,6.7,5.442520000000007
CN(CCN1CCN(c2ccccc2)C1=O)C[C@]12CC[C@H](CC1)C2(C)C,6.7,4.076800000000003
CC(=O)c1cccc(/C=C/C(=O)N[C@H]2CC[C@H](CCN3CCc4ccc(C#N)cc4CC3)CC2)c1,6.7,4.939980000000006
c1ccc(CCC2CCN(Cc3cc4ccc[nH]c-4n3)CC2)cc1,6.7,4.359300000000003
CCCN(CCCCNC(=O)c1ccc(-c2ccccc2)cc1)C1CCc2nc(N)sc2C1,6.7,5.171800000000005
O=C(CCCCN1CCN(c2ccccc2)CC1)c1nc2ccccc2s1,6.7,4.471500000000004
O=C(Cc1ccncc1)Nc1cccc(CCN2CCN(c3ccccc3)CC2)c1,6.7,3.627500000000002
CC(C)c1cccc(OCCN2C3CCC2CC(NS(=O)(=O)c2cccc(F)c2)C3)c1,6.7,4.301800000000004
COc1ccc(S(=O)(=O)C(C)C)cc1-c1ccc(CN2CCCCCC2c2ccccc2)[nH]1,6.7,5.989700000000006
COc1ccc(S(=O)(=O)N2CCc3ccccc3C2)cc1-c1ccc(CN2CCCCCC2c2ccccc2)[nH]1,6.7,6.554600000000007
Cn1c(SCCCN2CC3CCN(c4ccccc4)C3C2)nnc1C1CCOCC1,6.7,3.402000000000002
Cn1c(SCCCN2CC3CCN(c4ccccc4C#N)C3C2)nnc1-c1cnccn1,6.7,2.836680000000001
C[C@@H]1Cc2ccccc2N1C(=O)CN1CCN(Cc2ccc(F)c(F)c2Cl)CC1,6.7,3.713600000000003
Nc1nc2cc3c(cc2s1)CCN(Cc1cccnc1)CC3,6.7,2.8743000000000016
O=C(/C=C/c1ccc2[nH]ccc2c1)NCCCCN1CCc2ccc(OS(=O)(=O)C(F)(F)F)cc2C1,6.7,4.364200000000003
COc1ccc2c(c1)C1CN(Cc3ccccc3)CC1CO2,6.7,3.303200000000002
COc1ccccc1N1CCN(CCCCNC(=O)c2ccc(-c3ccc(Cl)cc3)o2)CC1.O=C(O)C(=O)O,6.7,4.096400000000002
Cc1cccc2c1-c1cccc3c1[C@@H](C2)N(C)CC3,6.7,3.7471200000000024
COc1ccccc1N1CCN(Cc2ccc(CNC(=O)c3ccc4ccccc4c3)cc2)CC1.O=C(O)C(=O)O,6.7,4.256200000000002
C1=C(c2c[nH]c3ccccc23)CCNC1,6.7,2.5446
CC(=O)c1ccc(-c2ccc(C(=O)NCCCCN3CCc4ccc(OS(=O)(=O)C(F)(F)F)cc4C3)cc2)cc1,6.7,5.352900000000005
Cl.O=C1c2cccc(F)c2CCC1C1CCN(CCc2ccccc2)CC1,6.7,4.947300000000005
Cc1c(C2CCN(Cc3ccccc3)CC2)n[nH]c1-c1ccc(Cl)cc1,6.7,5.418120000000005
Cn1c(SCCCN2C[C@H]3CCN(c4ccc(C(F)(F)F)cc4)[C@H]3C2)nnc1C1CCCC1,6.7,5.1844000000000054
Cl.N#Cc1ccc2c(c1)CCN(CC[C@H]1CC[C@H](NC(=O)/C=C/c3ccc(F)cc3)CC1)C2,6.7,5.255780000000005
Cl.N#Cc1ccc2c(c1)CCN(CC[C@H]1CC[C@H](NC(=O)/C=C/c3ccccc3)CC1)C2,6.7,5.116680000000005
O=C(CC1COCCO1)N[C@H]1CC[C@H](CCN2CCN(c3cccc4c3OCO4)CC2)CC1,6.7,2.4078999999999997
COc1ccc2c(c1)CN(CC[C@H]1CC[C@H](NC(=O)/C=C/c3ccc(F)cc3)CC1)C2,6.7,4.928400000000004
CC(C)=CC(=O)N[C@H]1CC[C@H](CCN2CCN(c3nccc4c3CCO4)CC2)CC1,6.7,3.1698000000000013
COc1ccccc1N1CCN(CCCCn2cc(-c3ccc(N)cc3)nn2)CC1,6.7,3.138300000000001
CCCN(CCC)[C@@H]1CCc2cc(CS(=O)(=O)c3ccc(I)cc3)ccc2C1,6.7,5.244400000000005
CCCN(CCC)C1CCc2cc(CSc3ccc(OC)cc3)ccc2C1,6.7,5.966800000000006
Cc1coc(-c2cccc(C(=O)N[C@H]3CC[C@H](CCN4CCc5ccc(OS(C)(=O)=O)cc5CC4)CC3)c2)n1.Cl,6.7,5.189720000000006
CS(=O)(=O)Oc1ccc2c(c1)CCN(CC[C@H]1CC[C@H](NC(=O)c3cccc4ncccc34)CC1)CC2.Cl,6.7,4.774500000000005
Cc1ccc2c(C(=O)N[C@H]3CC[C@H](CCN4CCc5ccc(OS(C)(=O)=O)cc5CC4)CC3)cccc2n1.Cl,6.7,5.082920000000006
Cc1ncc(-c2cccc(C(=O)N[C@H]3CC[C@H](CCN4CCc5ccc(OS(C)(=O)=O)cc5CC4)CC3)c2)o1.Cl,6.7,5.1897200000000066
Br.Fc1ccc([C@H]2C[C@@H]2CN2CCN(c3ccc(Cl)cc3)CC2)cc1,6.7,4.982700000000005
CCc1cccc(N2CCN(C[C@@H](O)CCNC(=O)c3cc4ccccc4[nH]3)CC2)c1Cl,6.7,3.686700000000002
Cc1nc2c(o1)CC(CN1CCC(c3c[nH]c4cc(F)ccc34)CC1)CC2=O,6.7,4.228120000000003
Cc1nc(-c2cccc(C(=O)N[C@H]3CC[C@H](CCN4CCc5ccc(OS(C)(=O)=O)cc5CC4)CC3)c2)no1.Cl,6.7,4.584720000000005
CCN(CCN1CCC(C2NOc3cc(F)ccc32)CC1)C(=O)C(O)COC,6.7,1.3315999999999995
O=C1CC(CN2CCC(c3noc4cc(F)ccc34)CC2)Cc2nc(N3CCCC3)sc21,6.7,4.648300000000004
c1ccc(-c2ccccc2CN2CCN3c4cccc5[nH]cc(c45)CC3C2)cc1,6.7,5.081800000000003
O=C(NCCC(O)CN1CCN(c2cccc3ccccc23)CC1)c1cnc2ccccc2c1,6.7,3.6910000000000025
Cn1cc2c(C(=O)N[C@H]3CC[C@H](CCN4CC5CC5(c5cc(C(F)F)on5)C4)CC3)cccc2n1,6.7,4.451100000000004
CCc1cc([C@]23C[C@H]2CN(CC[C@H]2CC[C@H](NC(=O)c4ccc(F)c5nn(C)cc45)CC2)C3)no1,6.7,4.215000000000003
COc1ccc(C2CC(=O)c3c(O)cc(OCCCCN4CCN(c5ccccc5OC)CC4)cc3O2)cc1,6.69,5.0971000000000055
CCC(=O)N[C@H]1CC[C@H](CCN2CCC(c3cccc4c3OCO4)CC2)CC1,6.69,4.069800000000003
COc1cccc2c3c(oc12)CN(CCCOc1ccc2c(c1)NC(=O)CC2)CC3,6.69,4.153300000000002
O=C1c2occc2CCN1CCN1CCC(c2noc3ccccc23)CC1,6.69,3.298700000000002
CC(C)CS(=O)(=O)n1ccc2c(-c3ccc(C#N)cc3)cc(N3CCN(C)CC3)nc21,6.69,3.160680000000002
CCN(CCN1CCC(c2noc3cc(F)ccc23)CC1)C(=O)C1CN(C(C)=O)CC1O,6.69,1.8339999999999996
COc1ccccc1N1CCN(CC2CC(=O)c3ccccc3C2)CC1,6.69,3.262500000000002
Cl.O=C1c2cccc3cccc(c23)N1CCCCCCN1CCN(c2ccc(Br)cc2)CC1,6.69,6.366900000000006
Cl.O=C(NCCCCN1CCN(c2cccc(Cl)c2Cl)CC1)c1cc2ccccc2[nH]1,6.69,5.228700000000004
Fc1ccc(OC[C@@H]2CC[C@H]3CN(c4ccc(F)cc4)CCN3C2)cc1,6.69,3.9444000000000035
CN1CCN(c2nc(N)nc(CCCOc3cccc(Cl)c3Cl)n2)CC1,6.69,2.524
CCc1cc(Cl)c(OC)c(C(=O)NC[C@@H]2CCCN2Cc2ccccc2)c1O,6.69,4.011000000000004
Cn1c(SCCCN2CC3CCN(c4ccc(F)cc4)C3C2)nnc1-c1ccc(=O)[nH]c1,6.69,3.0024000000000015
CCCN1CCc2cccc3c2C1Cc1cccc(OCCCn2cc(CCCCN4CCN(c5ccccc5OC)CC4)nn2)c1-3,6.69,6.433000000000007
CCc1ccc(C(=O)N[C@H]2CC[C@H](CCN3CCC(c4coc5ccccc45)CC3)CC2)cc1,6.69,6.553500000000007
N#CCC(=O)N[C@H]1CC[C@H](CCN2CCC(c3cccc4c3OCO4)CC2)CC1,6.69,3.5734800000000027
Cc1ncc(/C=C/C(=O)N[C@H]2CC[C@H](CCN3CCc4sc(C5CC(F)(F)C5)nc4C3)CC2)cn1,6.68,4.890820000000005
O=C(c1cc2cccnc2[nH]1)N1CCN(CCOc2cccnc2)CC1,6.68,1.7947
CCN(CCN1CCC(c2c[nH]c3ccccc23)CC1)S(=O)(=O)CCO,6.68,1.9913000000000003
Cn1cc2c(C(=O)N[C@H]3CC[C@H](CCN4CCc5sc(OCC(C)(F)F)nc5C4)CC3)ccc(F)c2n1,6.68,4.939900000000004
O=C(NCCCCN1CCN(c2cccc(Cl)c2Cl)CC1)c1cccc(C#Cc2ccccc2)c1,6.68,5.725400000000005
O=C1c2cn(C3CC3)nc2CCN1CCN1CCN(c2nsc3ccccc23)CC1,6.68,2.6482
O=C1c2ncccc2CCC1CCN1CCN(c2nsc3ccccc23)CC1,6.68,3.6487000000000025
Cc1ccc(CN2CCN(C3CCc4cccc5c4N(CC5)C3=O)CC2)cc1,6.68,3.016720000000002
Br.Clc1ccc(N2CCN(C[C@H]3C[C@@H]3c3ccccc3)CC2)cc1Cl,6.68,5.497000000000005
CN1C(=O)c2ccccc2[S@+]([O-])c2ccc(C(=O)NCCN3CCCC3)cc21,6.68,2.2689000000000004
O=C1CN2c3c(cccc3[C@H]3CN(CCCOc4ccc(F)cc4)CC[C@H]32)N1,6.68,3.224800000000001
Cn1cc2c(C(=O)N[C@H]3CC[C@H](CCN4CCc5sc([C@H]6C[C@@H](F)C6)nc5C4)CC3)cccc2n1,6.68,4.982300000000005
Br.Cc1cccc(-c2c(O)c(O)cc3c2CCN(C)CC3c2cccc(C)c2)c1,6.68,5.579340000000006
Fc1ccc(SCCCN2CCN(c3ccc(Cl)cc3)CC2)cc1,6.68,4.7835000000000045
CN1CCN(c2cccc3c2CCN3S(=O)(=O)c2ccccc2)CC1,6.68,2.1898
CC1Cc2ccccc2N1C(=O)CN1CCN(Cc2ccc(Cl)cc2)CC1,6.68,3.4354000000000022
COc1c(Cl)cc2c(c1Cl)Cc1ccccc1CCN(C)CC2,6.68,4.623200000000005
Cn1cc(-c2nnc(SCCCN3CC[C@]4(CC4c4ccc(C(F)(F)F)cc4)C3)n2C)cn1,6.68,4.596200000000004
O=C(N[C@H]1CC[C@H](CCN2CCC(c3cccc4c3OCO4)CC2)CC1)[C@H](O)C(F)(F)F,6.68,3.5830000000000033
O=C(CC(F)(F)F)N[C@H]1CC[C@H](CCN2CCC(c3cccc4c3OCO4)CC2)CC1,6.68,4.612200000000005
COc1ccc(Br)cc1-c1nc(CNCC2CCN(Cc3ccccc3)C2)co1,6.68,4.724400000000004
C=C(C)CN(NC(=O)NCCCN1CCN(c2ccccc2OC)CC1)c1ccc(OC)cc1,6.68,3.512800000000003
N#Cc1cccnc1N1CCN(CCN2CCN(c3cccc(Cl)c3Cl)CC2)CC1,6.68,3.2042800000000016
COc1cccc(C(=O)NCCCCN2CCN(c3noc4ccccc34)CC2)c1,6.68,3.1686000000000014
Cn1nc2c(c1Br)C(=O)N(CCN1CCC(c3noc4ccccc34)CC1)CC2,6.68,3.2017000000000015
COc1cc2c(cc1O)C1Cc3ccc(OCCCO)c(OC)c3CN1CC2,6.68,2.826100000000001
COc1ccc2c(c1)c(CCN(C)C)cn2S(=O)(=O)c1ccccc1,6.68,2.9910000000000014
CC(C)(C)c1nc(N2CCN(CCCCNC(=O)N3CCCc4ccccc43)CC2)cc(C(F)(F)F)n1,6.67,4.857500000000004
COc1cc2c(cc1O)[C@@H]1Cc3ccc(OC)c(O)c3CN1CC2,6.67,2.770500000000001
Cn1c(=O)[nH]c2cc(CCN3CCN(c4cccc5sccc45)CC3)ccc21,6.67,3.4460000000000015
CC(=O)Nc1nc2c(CCN3CCN(c4cccc5sccc45)CC3)cccc2s1,6.67,4.834100000000004
CCN(CCN1CCC(c2noc3cc(F)ccc23)CC1)C(=O)C(C)O,6.67,2.375600000000001
CCN(CCN1CCC(c2noc3cc(F)ccc23)CC1)C(=O)C1CNCC1O,6.67,1.5750999999999997
O=C1c2cnn(C3CC3)c2CCN1CCN1CCC(c2noc3ccccc23)CC1,6.67,3.2371000000000025
CCOC(=O)c1oc2c(c1C)C(=O)CC(CN1CCC(c3noc4cc(F)ccc34)CC1)C2,6.67,4.669720000000004
CCCN(CCC)[C@@H]1CCc2ccc3[nH]c(C(N)=O)cc3c2C1,6.67,3.246100000000001
CC(C)CC(=O)N[C@H]1CC[C@H](CCN2CCC(c3cccc4c3CCO4)CC2)CC1,6.67,4.912100000000005
CN1CCc2ccc3c4c2[C@H]1Cc1cccc(c1-4)[C@@H]3O,6.67,2.8338000000000014
CCN(CCc1ccccc1OC(F)(F)F)CCN1CCCCC1,6.67,3.935500000000003
COc1ccc(-c2cn(CCCCN3CCN(c4ccccc4OC)CC3)nn2)cc1,6.67,3.564700000000002
O=c1[nH]c(CCN2CCN(c3cccc4sccc34)CC2)nc2ccccc12,6.67,3.502500000000002
CC(C)(C)c1nc(N2CCN(CCCCNC(=O)N3CCN(C4CCCCC4)CC3)CC2)cc(C(F)(F)F)n1,6.67,4.355000000000003
CC1Cc2ccccc2N1C(=O)CN1CCN(Cc2cc(Cl)cc(Cl)c2)CC1,6.67,4.0888000000000035
CCN(CCCOc1ccc2c(c1)NC(=O)CC2)CC1CC1c1cc(Cl)ccc1OC,6.67,5.127800000000005
COc1ccc(Cl)cc1C1CC1CN(CCCSc1nnc(-c2ccccc2)n1C)CC1CC1.Cl,6.67,6.563800000000008
Cc1cc(C(N)=O)c(-c2cccc(OC(=O)NCCN3CCN(c4ccccc4)CC3)c2)s1,6.67,3.7330200000000033
CCN(Cc1ccccc1)C(=O)NCCCCN1CCN(c2cc(C(F)(F)F)nc(C(C)(C)C)n2)CC1,6.67,4.926800000000005
Cn1c(=O)c2c(nc3n(CCCCCN4CCN(c5ccc(Cl)cc5)CC4)c(=O)ccn23)n(C)c1=O,6.67,1.6924999999999997
CN1CCN(C2=Nc3cc(Cl)ccc3N(NC(=O)c3ccccc3N3CCCCC3)c3ccccc32)CC1,6.67,5.452500000000005
CC(C)(C)c1ccn(CCCCN2CCN(c3cc(C(F)(F)F)nc(C(C)(C)C)n3)CC2)c(=O)n1,6.67,4.249500000000004
O=c1[nH]c2cc(Cl)ccc2n1C1CCN(CCCCc2nc3ccccc3s2)CC1,6.67,5.252500000000005
O=C(O)C(=O)O.OC1(c2ccc(Br)cc2)CCN(Cc2c[nH]c3ncccc23)CC1,6.67,2.964600000000001
Cc1ncoc1-c1nnc(SCCCN2CC[C@]3(C[C@@H]3c3ccc(C(F)(F)F)cc3)C2)n1C,6.67,5.159120000000005
C#Cc1cccc([C@@H]2CCCN(CCC)C2)c1,6.66354026615147,3.2573000000000016
CCCN1CCC[C@@H](c2cccc(CO)c2)C1,6.66354026615147,2.768300000000001
CN1CCC[C@@H](c2cccc(OS(=O)(=O)C(F)(F)F)c2)C1,6.66354026615147,2.7242000000000015
CCCN1CCC[C@@H](c2cccc(C)c2)C1,6.66354026615147,3.5844200000000024
CCCN1CCC2c3cccc(OS(=O)(=O)C(F)(F)F)c3CCC21,6.66354026615147,3.429100000000002
CCCN1CCC[C@@H](c2ccc(OS(=O)(=O)C(F)(F)F)cc2)C1,6.66354026615147,3.504400000000002
C#CCN1CCC[C@@H](c2cccc(C#N)c2)C1,6.66354026615147,2.3708800000000005
CCN1CCC[C@H]1CNC(=O)c1c(OC)ccc(Br)c1OC,6.66354026615147,2.6804000000000006
CCCN1CCC[C@@H](c2cccc(C(=O)OC)c2)C1,6.66354026615147,3.0626000000000015
N#Cc1cccc([C@@H]2CCCNC2)c1,6.66354026615147,2.0252799999999995
C=CCN1CCC[C@@H](c2cccc(C#N)c2)C1,6.66354026615147,2.923680000000002
CCCN1CCC[C@@H](c2ccc(OS(=O)(=O)C(F)(F)F)c(OS(=O)(=O)C(F)(F)F)c2)C1,6.66354026615147,3.732800000000003
CN1CCC[C@@H](c2cccc(C#N)c2)C1,6.66354026615147,2.3674800000000005
CCN1CCC[C@@H](c2cccc(OS(=O)(=O)C(F)(F)F)c2)C1,6.66354026615147,3.114300000000002
CCCN1CCC[C@@H](c2cccc(OC)c2)C1,6.66354026615147,3.284600000000002
C=CCN1CCC2c3cccc(OS(=O)(=O)C(F)(F)F)c3CCC21,6.66354026615147,3.2051000000000016
C=CCN1CCC2c3cccc(C(N)=O)c3CCC21,6.66354026615147,2.0756
N#Cc1cccc([C@@H]2CCCN(CC3CC3)C2)c1,6.66354026615147,3.147680000000001
CCCN1CCC[C@@H](c2cccc(N)c2)C1,6.66354026615147,2.8582
CCN1CCC[C@@H](c2cccc(C#N)c2)C1,6.66354026615147,2.757580000000001
CCCN1CCC[C@@H](c2cccc(OS(=O)(=O)c3ccc(C)cc3)c2)C1,6.66354026615147,4.352120000000004
C=CCN1CC[C@@H]2c3cccc(OC)c3CC[C@@H]21,6.66354026615147,2.9853000000000014
CCCN1CCC[C@@H](c2cccc(S(C)(=O)=O)c2)C1,6.66354026615147,2.679500000000001
CCCN1CCC[C@@H](c2cccc(NS(=O)(=O)C(F)(F)F)c2)C1,6.66354026615147,3.5375000000000023
CCCN1CCC[C@@H](c2cccc(SC)c2)C1,6.66354026615147,3.997900000000003
CCCCN1CCC[C@@H](c2cccc(C#N)c2)C1,6.66354026615147,3.5377800000000024
CCCN1CCC[C@@H](c2ccccc2)C1,6.66354026615147,3.2760000000000025
CCCc1cccc([C@@H]2CCCN(CCC)C2)c1,6.66354026615147,4.228500000000004
CCCN1CCC[C@@H](c2ccccc2OS(=O)(=O)C(F)(F)F)C1,6.66354026615147,3.504400000000002
C=CCN1CC[C@@H]2c3cccc(OS(=O)(=O)C(F)(F)F)c3CC[C@@H]21,6.66354026615147,3.2051000000000016
CCCN1CCC[C@@H](c2cccc(C(C)=O)c2)C1,6.66354026615147,3.478600000000003
CCCN1CCC[C@@H](c2cccc(C(N)=O)c2)C1,6.66354026615147,2.3749000000000002
CCCN1CCCC2c3cccc(OS(=O)(=O)C(F)(F)F)c3CCC21,6.66354026615147,3.819200000000003
C=CCN1CCC2c3cccc(C#N)c3CCC21,6.66354026615147,2.8483800000000015
CCCN1CCC[C@@H](c2cccc(OCC(F)(F)F)c2)C1,6.66354026615147,4.217100000000004
CNS(=O)(=O)Cc1ccc2[nH]cc(CCN(C)C)c2c1,6.661543506395395,1.3211999999999997
COc1ccc2[nH]c(C(=O)NCCC(O)CN3CCN(c4cccc(Cl)c4Cl)CC3)cc2c1,6.66,3.7863000000000024
COc1ccc2[nH]cc(CCNCc3ccc(-c4ccc(O)cc4)o3)c2c1,6.66,4.474400000000004
CCO/N=C/c1cccc2c1CC[C@H]1[C@H]2c2cc(O)c(Cl)cc2CCN1C,6.66,4.3506000000000045
O=C(CCCCN1CCC(n2c(=O)[nH]c3cc(Cl)ccc32)CC1)c1nc2ccccc2s1,6.66,5.282800000000004
CCOc1ccccc1N1CCN(Cc2ccccc2)CC1,6.66,3.4075000000000024
Cn1c(SCCCN2CC[C@]3(C[C@@H]3c3ccc(C(F)(F)F)cc3)C2)nnc1-c1ccc(S(N)(=O)=O)cc1,6.66,4.510100000000003
O=S(=O)(c1ccccc1)n1ccc2c(N3CCN(CCCOc4ccc5ccoc5c4)CC3)cccc21,6.66,5.215600000000006
Fc1ccc(C(OC2CC3CCC(C2)N3Cc2cc3ccccc3[nH]2)c2ccc(F)cc2)cc1,6.66,6.747700000000006
COc1cccc(N2CCN(CCCCNC(=O)c3cc4ccccc4n3C)CC2)c1,6.66,3.5191000000000026
CN1Cc2c(C(=O)N[C@H]3CC[C@H](CCN4CCc5sc(CCC(F)(F)F)nc5C4)CC3)cccc2C1=O,6.66,4.960600000000005
COc1ccc(Cl)cc1CN1CCN(C2CCc3cccc4c3N(C2=O)C(C)(C)C4)CC1,6.66,4.148900000000004
CCOc1ccccc1N1CCN(Cc2csc3ccccc23)CC1,6.66,4.622200000000005
CCCN1CC[C@H]2c3cccc(O)c3CC[C@H]21,6.66,2.9063000000000017
Cn1cc2c(C(=O)N[C@H]3CC[C@H](CCN4CC=C(c5nocc5C(C)(F)F)CC4)CC3)cccc2n1,6.66,5.141000000000005
NC(=O)c1ccc(C(=O)CCCN2CCc3ccccc3C2)cc1,6.66,2.806700000000001
O=C1c2c(Br)n[nH]c2CCN1CCN1CCC(c2noc3ccccc23)CC1,6.66,3.191300000000002
CC(C)c1ccc(Cl)cc1CN1CCN(CC(=O)N2c3ccccc3C[C@H]2C)CC1,6.66,4.558800000000004
CC[C@@H]1Cc2ccccc2N1C(=O)CN1CCN(Cc2ccc(Cl)cc2)CC1,6.66,3.8255000000000035
CCS(=O)(=O)N[C@H]1CC[C@H](CCN2CCN(c3nccc4sccc34)CC2)CC1,6.66,3.3065000000000024
COc1ccccc1C1CC1CNCCCCCOc1ccc2ccc(=O)[nH]c2c1,6.66,4.4791000000000025
Clc1ccc(N2CCN(CCCCc3nc4ccccc4s3)CC2)cc1,6.66,5.094600000000004
N#Cc1ccc2cc(CN3CCN(c4ccccc4Cl)CC3)[nH]c2c1,6.66,4.015180000000003
COc1ccccc1N1CCN(CCOCCOc2c(C)cccc2C)CC1.Cl,6.66,3.951440000000004
CCc1cc(Cl)c(OC)c(C(=O)NCC2CCN(C)C2)c1O,6.66,2.2981000000000003
O=C1c2ccccc2CCCN1CCCN1CCN(c2cccc(Cl)c2Cl)CC1,6.66,4.5941000000000045
COc1ccc2[nH]cc(C3CCN(CCCCN4C(=O)CC(c5c[nH]c6ccc(OC)cc56)C4=O)CC3)c2c1,6.66,5.168700000000005
Cl.O=C1C(c2ccc(F)cc2)=COC12CCN(CCc1ccccc1)CC2,6.66,4.265000000000003
O=C(CO)N[C@H]1CC[C@H](CCN2CCN(c3nccc4sccc34)CC2)CC1,6.66,2.4757
c1ccc(C2CCN(Cc3cn(-c4ccccc4)nn3)CC2)cc1,6.66,3.6469000000000023
Cl.O=S1(=O)c2cccc3cccc(c23)N1CCCCCCN1CCN(c2cccc(Cl)c2Cl)CC1,6.66,6.459700000000005
CCCN(CCN1CCN(Cc2cc3ccccc3[nH]2)CC1)c1ccc(Br)cc1,6.66,4.964600000000004
CO/N=C(/CCN1CCN(c2ccccn2)CC1)c1ccc(F)cc1,6.66,2.783500000000001
CC(C)(CCCN1CCCC(c2ccccc2)C1)S(=O)(=O)c1ccccc1,6.66,4.898700000000005
CC(C)(C)c1nc(N2CCN(CCCCn3cc(Cl)c(=O)[nH]c3=O)CC2)cc(C(F)(F)F)n1,6.66,2.8987000000000007
COc1ccc2c(c1)CCC(C1CCN(CCc3ccccc3)CC1)C2=O,6.66,4.395000000000004
CN1CCC(c2cn(-c3ccc(F)cc3)c3ccc(-c4ncn(C)n4)cc23)CC1,6.66,4.374300000000003
COCC(=O)N[C@H]1CC[C@H](CCN2CCN(c3nccc4sccc34)CC2)CC1,6.66,3.129800000000002
O=C(CC1CCOCC1)N[C@H]1CC[C@H](CCN2CCC(c3cccc4occc34)CC2)CC1,6.66,5.494000000000006
COc1cc2c(cc1O)C[C@@H]1c3c(ccc(O)c3O2)CCN1C,6.66,2.9838000000000013
O=C(N[C@H]1CC[C@H](CCN2CCC(c3cccc4c3OCO4)CC2)CC1)C1(O)CCCCC1,6.66,4.355000000000004
O=c1[nH]c2cccc(N3CCN(CC4CCc5c([nH]c6ccc(F)cc56)C4)CC3)c2o1,6.66,3.6686000000000023
O=C(CC1COCCO1)N[C@H]1CC[C@H](CCN2CCC(c3cccc4occc34)CC2)CC1,6.66,4.482800000000004
Cn1cc(OCC(=O)N[C@H]2CC[C@H](CCN3C[C@@H]4C[C@]4(c4cc(C(C)(F)F)on4)C3)CC2)cn1,6.66,3.2372000000000014
O=C(NCCCCN1CCN(c2cccc(Cl)c2Cl)CC1)c1ccc2c(c1)-c1ccccc1C2,6.66,5.896800000000005
COc1ccc(C2CC(=O)c3c(O)cc(OCCCN4CCN(c5ccccc5OC)CC4)cc3O2)cc1,6.66,4.707000000000004
O=C(c1cc2c(Cl)cccc2[nH]1)N1CCN(CCOc2cccnc2)CC1,6.66,3.0531000000000015
CCCN(CCCCNC(=O)c1ccc(-c2ccccc2)cc1)C1CC=C(C#C[Si](C)(C)C)CC1,6.66,6.935300000000009
O=C(C[C@@H]1CCCCO1)N[C@H]1CC[C@H](CCN2CCN(c3cccc4c3OCO4)CC2)CC1,6.66,3.561600000000001
Cc1c(-c2ccccc2)nc(O)n1C1CCN(CCc2ccccc2)CC1,6.66,4.4437200000000034
Fc1cccc(N2CCN(Cc3cnn4ccccc34)CC2)n1,6.66,2.1906
O=C(N[C@H]1CC[C@H](CCN2CCN(c3cccc4c3OCO4)CC2)CC1)C1CCOCC1,6.66,3.029
Cc1ncoc1-c1nnc(SCCCN2CC[C@@]3(C[C@H]3c3ccc(C(F)(F)F)cc3F)C2)n1C,6.65,5.298220000000005
CC1(C(=O)N[C@H]2CC[C@H](CCN3CCC(c4cccc5c4OCO5)CC3)CC2)COC1,6.65,3.6963000000000026
COc1cc2c(cc1OC)[C@@H]1Cc3cc(C)cc(C)c3CN1CC2,6.65,3.9761400000000027
Cn1c(SCCCN2C[C@@H]3CCN(c4ccccc4C(F)(F)F)[C@@H]3C2)nnc1-c1cnccn1,6.65,3.983800000000003
CN1CCc2cc(Cl)c(O)cc2[C@H]2c3cccc(-c4cccc(F)c4)c3CC[C@@H]21,6.65,5.786300000000005
CN1CCc2cccc3c2[C@H]1Cc1ccc(OCCCNC(=O)CCCCCCCCCCCCC(=O)NCCCOc2ccc4c(c2O)-c2cccc5c2[C@@H](C4)N(C)CC5)c(O)c1-3,6.65,9.753599999999999
Cn1ncc2c1CCCN(CCN1CCC(c3noc4ccccc34)CC1)C2=O,6.65,2.829300000000001
O=C1c2ncccc2CCN1CCN1CCC(c2nsc3ccccc23)CC1,6.65,3.569200000000002
CCCN[C@H]1CCc2cccc(CS(=O)(=O)C(F)(F)F)c2C1.Cl,6.65,3.399900000000003
Cc1c2c(nn1C)CCN(CCN1CCN(c3nsc4ccccc34)CC1)C2=O,6.65,2.1587199999999998
O=C1c2cnc(Br)cc2CCN1CCN1CCN(c2nsc3ccccc23)CC1,6.65,3.274300000000002
CO/N=C(/CCN1CCN(c2ccccn2)CC1)c1cc(F)cc(F)c1,6.65,2.922600000000001
COc1ccccc1CN1CCN(CC(=O)N2c3ccccc3CC2C)CC1,6.65,2.7906000000000013
O=C1[C@@H]2[C@H]3CC[C@H](C3)[C@@H]2C(=O)N1CCCCCCN1CCN(c2cccc(Cl)c2)CC1,6.65,4.053500000000003
Cc1ccc(SCCNCCCOc2ccccc2)cc1,6.65,4.145820000000003
CCN(CCN1CCC(c2noc3cc(F)ccc23)CC1)C(=O)[C@@H](C)O,6.65,2.375600000000001
O=C(CCCCCN1CCN(c2ccccc2-c2ccccc2)CC1)NC1CCCc2ccccc21,6.65,6.229800000000007
COc1ccccc1N1CCN(CCCCCC(=O)NCc2ccccc2)CC1,6.65,3.6940000000000026
COc1ccc2c(c1)CC(CN1CCN(c3ccccc3OC)CC1)CC2=O,6.65,3.2711000000000023
O=S(=O)(c1cccc2ncccc12)N1CCC(CCN2CCN(c3ccc(F)cc3)CC2)CC1,6.65,3.986900000000004
O=C1c2ccccc2C(=O)N1CCCCN1CCCN(C(c2ccccc2)c2ccc(Cl)cc2)CC1,6.65,5.513500000000006
CCN(CCN1CCC(C2NOc3cc(F)ccc32)CC1)C(=O)C(O)CNC(C)=O,6.65,0.8213
O=C(N[C@H]1CC[C@H](CCN2CCN(c3nccc4c3CCO4)CC2)CC1)c1ccc(-c2cccnc2)cc1,6.65,4.579400000000003
O[C@@]1(c2ccc(Cl)cc2)C[C@H]2CC[C@@H](C1)N2Cc1n[nH]c2ccccc12,6.65,4.230900000000003
O=C1c2ncccc2CCN1CCN1CCN(c2nsc3cc(F)ccc23)CC1,6.64,2.650900000000001
Br.COc1c(Cl)cc(N2CCN(C[C@H]3C[C@@H]3c3ccccc3)CC2)cc1Cl,6.64,5.505600000000004
O=C1c2ncccc2CCC1CCN1CCC(c2noc3ccccc23)CC1,6.64,4.237600000000004
Cn1cc(S(=O)(=O)N(CC2CC2)C2CCN(CCOc3ccccc3C(C)(C)C)CC2)cn1,6.64,3.6617000000000024
O=C(O)C(=O)O.Oc1ccc2c(c1)O[C@H](CNCc1ccccc1)CC2,6.64,2.0311999999999997
NS(=O)(=O)NCCCCCCN1CCN(c2cccc(Cl)c2)CC1,6.64,1.8155000000000001
Clc1ccc(OCCNCCCOc2ccccc2)cc1,6.64,3.7775000000000025
Cc1ncc(CC(=O)N[C@H]2CC[C@H](CCN3CCC(c4nocc4C4CC4)CC3)CC2)s1,6.64,4.804120000000005
Cc1ncc(CC(=O)N[C@H]2CC[C@H](CCN3CCC(c4nocc4C(C)(F)F)CC3)CC2)s1,6.64,5.038420000000005
Oc1ccc2c(c1O)C[C@@H](c1ccccc1)[C@@H]1CCNC[C@@H]21,6.64,3.1308000000000007
CC(=O)N[C@H]1CC[C@H](CCN2CCc3nc(OCC(C)(F)F)sc3CC2)CC1,6.64,3.6627000000000027
Nc1nc2c(CCN3CCN(c4cccc5sccc45)CC3)cccc2s1,6.64,4.457900000000004
Cc1nc(-c2ccc(C(=O)N[C@H]3CC[C@H](CCN4CCC(c5coc6ccccc56)CC4)CC3)cc2)no1,6.64,6.349520000000006
CCn1c(C(=O)N[C@H]2CC[C@H](CCN3CCc4ccc(OCC(F)(F)F)nc4CC3)CC2)cccc1=O,6.64,3.983800000000003
COc1cc2c(cc1OC)C1=NO[C@@H](CN3CCN(C/C(C)=C/c4ccccc4)CC3)[C@@H]1CO2,6.64,3.536400000000002
CN1CC=C(C2=Cc3ccccc3Oc3ccccc32)CC1,6.64,4.594800000000004
COc1cc2c3c(c1O)-c1cc(N)ccc1CC3N(C)CC2,6.64,2.735100000000001
CCc1cc([C@]23C[C@H]2CN(CC[C@H]2CC[C@H](NC(=O)c4cccn5nccc45)CC2)C3)no1,6.64,3.8369000000000026
CN(C)S(=O)(=O)N[C@H]1CC[C@H](CCN2CCC(c3cccc4c3OCO4)CC2)CC1,6.64,2.9396000000000013
CN1CCN(C2=Nc3ccccc3N(NC(=O)c3ccccc3I)c3ccc(Cl)cc32)CC1,6.64,5.066800000000005
O=C(C[C@H]1CCCO1)N[C@H]1CC[C@H](CCN2CCC(c3cccc4c3OCO4)CC2)CC1,6.64,4.228900000000004
CCCC(Oc1cc(Cl)ccc1Cl)c1nc(N)nc(N2CCN(C)CC2)n1,6.64,3.4326000000000016
COc1ccccc1N1CCN(CCCCn2cc(-c3ccc(Br)cc3)nn2)CC1,6.64,4.3186000000000035
COc1ccc2[nH]c(C(=O)NCCC(F)CN3CCN(c4cccc(Cl)c4Cl)CC3)cc2c1,6.64,4.763500000000004
Fc1ccc(C(SCCNCCCc2ccccc2)c2ccc(F)cc2)cc1,6.64,6.009800000000005
O=C1c2ccccc2CCCN1CCCCN1CCN(c2ccccn2)CC1,6.64,3.072400000000002
O=C(CF)N[C@H]1CC[C@H](CCN2CCC(c3cccc4c3OCO4)CC2)CC1,6.64,3.6293000000000024
O=C(N[C@H]1CCN(Cc2ccc(Cl)cc2)C1)c1cccc(-c2cccs2)c1,6.64,5.0728000000000035
O=S(=O)(N[C@H]1CC[C@H](CCN2CCC(c3cccc4c3OCO4)CC2)CC1)N1CCOCC1,6.64,2.7102000000000004
COc1ccc(S(=O)(=O)N[C@H]2CC[C@@H](N3CCC(c4ccccc4OCC(F)F)CC3)CC2)cc1OC,6.64,4.816800000000005
Clc1ccc(OCCNCCCSc2ccccc2)cc1,6.64,4.490800000000004
CC(C)(C)c1nc(N2CCN(CCCCn3ccc(C(F)(F)F)cc3=O)CC2)cc(C(F)(F)F)n1,6.64,4.5758000000000045
O=C(N[C@H]1CC[C@H](CCN2CCC(c3cccc4c3OCO4)CC2)CC1)N1CCc2ccccc21,6.64,5.315900000000005
CNc1ncc2c(n1)CC(CN1CCC(C(=O)c3ccc(F)cc3)CC1)CC2=O,6.63,2.9974000000000016
CN1CCc2cccc3c2[C@H]1Cc1cccc(-c2ccccc2)c1-3,6.63,5.105700000000004
Cc1cccc(C(=O)NCN2CCC(c3ccccc3)CC2)c1,6.63,3.5619200000000024
C=CCN1CC[C@H]2Cc3c(O)cccc3C[C@@H]21,6.63,2.3673
NC(=O)NCCCCCCN1CCN(c2cccc(Cl)c2)CC1,6.63,2.6907000000000005
CN1CCc2ccc(OCCCN3CCN(c4ccc5c(c4)OCO5)CC3)cc2C1=O,6.63,2.634500000000001
Cn1nc2c(c1Br)C(=O)N(CCN1CCN(c3nsc4ccccc34)CC1)CC2,6.63,2.612800000000001
CO[C@@H]1CC[C@@H](CC(=O)N[C@H]2CC[C@H](CCN3CCN(c4nccc5sccc45)CC3)CC2)C1,6.63,4.6886000000000045
O=C1c2cnc(C3CC3)nc2CCN1CCN1CCN(c2nsc3ccccc23)CC1,6.63,2.784200000000001
O=C(N[C@H]1CC[C@H](CCN2CCC(c3cccc4c3CCO4)CC2)CC1)C1CC1(F)F,6.63,4.521200000000004
O=C(N[C@H]1CC[C@H](CCN2CCC(c3cccc4c3OCO4)CC2)CC1)C(O)C(F)(F)F,6.63,3.5830000000000033
COc1cc2c3c(c1)-c1c(O)cccc1C[C@H]3N(C)CC2,6.63,3.1529000000000007
CC(C)(C)c1nc(N2CCN(CCCCNC(=O)NCCc3ccccc3)CC2)cc(C(F)(F)F)n1,6.63,4.237000000000003
O=C1CCc2ccc(CO[C@@H]3C[C@H]3CN3CCN(c4cccc(Cl)c4Cl)CC3)cc2N1,6.63,4.605400000000004
O=C1c2ccccc2CCCN1CCN1CCC(n2c(O)nc3cc(F)ccc32)CC1,6.63,3.6065000000000023
COc1cc(/C=C/CCCNCCCC2CCc3nc(N)sc3C2)ccc1O,6.63,4.4078000000000035
COc1ccccc1N1CCN(CCCNC(=O)c2cccc(I)c2)CC1.O=C(O)C(=O)O,6.63,2.3975
CCc1cc(Cl)c(OC)c(N2CCN(C)CC2)c1,6.63,2.6628000000000007
O=C(N[C@H]1CC[C@H](CCN2CCC(c3cccc4c3OCO4)CC2)CC1)c1ccc(F)cc1,6.63,5.112700000000006
O=C(N[C@H]1CC[C@H](CCN2CCC(c3cccc4c3CCO4)CC2)CC1)c1ccc(Cl)cc1Cl,6.63,6.486600000000007
CO[C@@H]1[C@@H](OC)[C@H](C)[C@@](O)(CC(=O)O)O[C@H]1[C@H](C)[C@H]1O[C@@]2(CC[C@@](C)([C@H]3CC[C@@](C)([C@@H]4O[C@@H]([C@H]5O[C@](C)(O)[C@H](C)C[C@@H]5C)C[C@@H]4O[C@@H]4C[C@H](OC)[C@@H](OC)[C@H](C)O4)O3)O2)C[C@H](O)[C@H]1C,6.63,4.31690000000001
CCCN(CCCSc1nnc(-c2ccccc2)n1C)CC1CC1c1cc(Cl)ccc1OC.Cl,6.63,6.563800000000008
Cn1c(SCCCN2C[C@@H]3CCN(c4ccccc4C(F)(F)F)[C@@H]3C2)nnc1-c1ccncc1,6.63,4.588800000000004
C(=C/c1ccccc1)\COCC1CCN(CCc2ccccc2)CC1,6.62,4.6711000000000045
NCCCC[C@H](NC(=O)[C@H](Cc1c[nH]c2ccccc12)NC(=O)[C@@H]1CCCN1C(=O)CCCCCNC(=O)[C@H]1CC[C@@H]2c3[nH]c4ccccc4c3CCN2C1)C(N)=O,6.62,3.4526000000000048
O=C(N[C@H]1CC[C@H](CCN2CCC(c3cccc4c3CCO4)CC2)CC1)C(O)C(F)(F)F,6.62,3.7892000000000032
O=C(C[C@@H](O)C(F)(F)F)N[C@H]1CC[C@H](CCN2CCC(c3cccc4c3CCO4)CC2)CC1,6.62,4.179300000000004
c1c2c(cc3c1OCO3)CN1CCc3cc4c(cc3[C@@H]1C2)OCO4,6.62,2.799500000000001
Cn1c(SCCCN2CC3CCN(c4ccccc4F)C3C2)nnc1-c1cnccn1,6.62,3.1041000000000016
CC1CN(CCN2CCN(c3nsc4ccccc34)CC2)C(=O)c2ccn(C)c21,6.62,3.016300000000001
CN1CCN(c2ccc3ccn(S(=O)(=O)c4ccccc4)c3c2)CC1,6.62,2.6301000000000005
CN1C(=O)c2ccccc2[S@+]([O-])c2ccc(C(=O)NCc3ccc(Br)cc3)cc21,6.62,4.135800000000003
CC(C)C(=O)N[C@H]1CC[C@H](CCN2CCc3nc(OCC(F)(F)F)sc3CC2)CC1,6.62,4.205900000000003
O=c1ccc2ccc(CCN3CCN(c4cncc5sccc45)CC3)cc2[nH]1,6.62,3.502500000000002
c1cnc(N[C@H]2CC[C@H](CCN3CCN(c4ncccn4)CC3)CC2)nc1,6.62,2.4496
C1=C(c2nc3ccccc3o2)CCN(Cc2ccccc2)C1,6.62,4.117100000000003
CC1(c2cc(-c3ccc(Cl)cc3)[nH]n2)CCN(Cc2ccccc2)CC1,6.62,5.283800000000005
O=S(=O)(N[C@H]1CC[C@H](CCN2CCN(c3nccc4c3CCO4)CC2)CC1)c1ccccc1,6.62,3.065900000000001
Cn1c(SCCCN2CC3CCN(c4ccc(F)cc4F)C3C2)nnc1-c1cnccn1,6.62,3.2432000000000016
O=C(NCCCCN1CCN(c2ccccc2Cl)CC1)c1ccc2ccccc2c1,6.62,4.825400000000004
CCCN1CCc2cccc3c2[C@H]1Cc1ccc(C)c(OC)c1-3,6.62,4.535920000000004
Cc1ncc(CC(=O)N[C@H]2CC[C@H](CCN3C[C@@H]4C[C@]4(c4cc(C(C)(F)F)on4)C3)CC2)o1,6.62,3.963820000000003
COCC(=O)N[C@H]1CC[C@H](CCN2CCN(c3cccc4c3OCO4)CC2)CC1,6.62,2.2488
COc1ccc2c(c1)c(C1=CCNCC1)cn2S(=O)(=O)c1ccc2cccnc2c1,6.62,3.8118000000000025
COc1cccc(OC)c1-c1cccc2c1CC[C@H](N(C)C)C2,6.62,3.7897000000000025
CC(C)CC(=O)N[C@H]1CC[C@H](CCN2CCC(c3cccc4c3OCO4)CC2)CC1,6.62,4.705900000000004
COc1ncc2c(n1)CCN(CCN1CCN(c3nsc4ccccc34)CC1)C2=O,6.62,1.9153999999999998
Cn1c(SCCCN2CC[C@]3(CC3c3ccc(C(F)(F)F)cc3)C2)nnc1-c1cnccn1,6.62,4.652700000000004
CNC(=O)c1ccc2c(c1)CCO[C@H]2CCN1CCN(c2ccc(OC)cc2)CC1,6.62,2.8809000000000013
O=C(c1ccc(F)cc1)C1CCN(CCn2c(=O)[nH]c3ccccc3c2=O)CC1,6.62,2.423800000000001
Cc1ncc(/C=C/C(=O)N[C@H]2CC[C@H](CCN3CCc4nc(OCC(C)(F)F)sc4CC3)CC2)cn1,6.62,4.454620000000004
Cn1cc(OCC(=O)N[C@H]2CC[C@](F)(CCN3CCc4nc(OCC(C)(F)F)sc4CC3)CC2)cn1,6.62,3.5474000000000014
CCN(CCCSc1nnc(-c2ccccc2)n1C)CC1CC1c1cc(Cl)ccc1OC.Cl,6.62,6.173700000000006
Clc1ccc(CN2CCC(c3cc(-c4ccc(Cl)cc4)[nH]n3)CC2)cc1,6.62,5.763100000000005
O=c1ccc2ccc(OCCCCNCc3cc4ccccc4o3)cc2[nH]1,6.62,4.223100000000002
O=C(NCCCCN1CCN(c2ccccn2)CC1)c1n[nH]c2ccccc12,6.62,2.290099999999999
Cc1ncc(/C=C/C(=O)NC23CCC(CCN4CCc5nc(OCC(F)(F)F)sc5CC4)(CC2)CC3)cn1,6.62,4.895920000000005
Cn1cc(CC(=O)N[C@H]2CC[C@](F)(CCN3CCc4ccc(OCC(C)(F)F)nc4CC3)CC2)cn1,6.62,3.649600000000002
O=C(N[C@H]1CC[C@H](CCN2CCN(c3cccc4c3OCO4)CC2)CC1)N1CCc2ccccc21,6.62,4.258500000000003
O=S(=O)(N[C@H]1CC[C@H](CCN2CCN(c3nccc4c3CCO4)CC2)CC1)c1ccc(F)cc1,6.62,3.205000000000002
CN1CCN(C2=Nc3cc(Cl)ccc3N(NC(=O)c3c(Cl)cccc3Cl)c3ccccc32)CC1,6.62,5.7690000000000055
O=C1c2ccccc2S(=O)(=O)N1CCCCCCN1CCN(c2ccccn2)CC1,6.62,2.6087000000000007
COc1ccccc1N1CCN(CC(F)CCNC(=O)c2cc3ccccc3s2)CC1,6.62,4.190100000000003
Cc1ncoc1-c1nnc(SCCCN2CC[C@@]3(C[C@H]3c3ccc(F)cc3)C2)n1C,6.62,4.2794200000000036
Clc1cccc(N2CCN(Cc3ccccc3)CC2)c1Cl,6.62,4.315600000000003
CCCN(CCCCNC(=O)c1ccc(-c2ccccc2)cc1)C1Cc2cccn3ncc(c23)C1,6.62,5.390700000000005
COc1ccc(-c2ccccc2N2CCN(CCCCCC(=O)N[C@H](C)c3ccc(C#N)cc3)CC2)cc1,6.61,5.7936800000000055
C[C@H]1CN(c2ccccc2-c2ccccc2)CCN1CCCCCC(=O)NCc1ccccc1,6.61,5.740900000000005
CN1CCc2cccc3c2[C@H]1Cc1ccc(OCCCNC(=O)CCCCCCCCCCCCCCCCCCC(=O)NCCCOc2ccc4c(c2O)-c2cccc5c2[C@@H](C4)N(C)CC5)c(O)c1-3,6.61,12.094199999999987
O=C(CCCCCCCCCCCCCCCCC(=O)NCCCN1CCN(C2=Nc3cc(Cl)ccc3Nc3ccccc32)CC1)NCCCN1CCN(C2=Nc3cc(Cl)ccc3Nc3ccccc32)CC1,6.61,12.453599999999987
CC(C)(C)c1nc(N2CCN(CCCCNC(=O)CCc3ccccc3)CC2)cc(C(F)(F)F)n1,6.61,4.444100000000003
CC(C)(C)c1nc(N2CCN(CCCCN3C(=O)CCC(=O)c4ccccc43)CC2)cc(C(F)(F)F)n1,6.61,4.704800000000004
CC(C)(C)NC(=O)N[C@H]1CC[C@H](CCN2CCc3ccccc3C2)CC1,6.61,4.091300000000003
O=C(Cc1noc2ccccc12)N[C@H]1CC[C@H](CCN2CCC(c3cccc4c3CCO4)CC2)CC1,6.61,5.249900000000006
C#CCN(CCN1CCN(c2ccccc2)CC1)C1CCc2ccc(O)cc2C1,6.61,3.0069000000000017
COc1ncc2c(n1)CCN(CCN1CCC(c3noc4ccccc34)CC1)C2=O,6.61,2.5043000000000006
COc1cccc2c1CCCC(=O)N2CCCCN1CCN(c2cc(C(F)(F)F)nc(C(C)(C)C)n2)CC1,6.61,5.073200000000005
COc1cccc(N2CCN(CCCCNC(=O)c3ccc(-n4ccnc4)cc3)CC2)c1,6.61,3.2131000000000016
N#Cc1ccc2[nH]cc(CCN3CCN(c4cccc5sccc45)CC3)c2c1,6.61,4.618980000000004
CO[C@H]1CC[C@H](CC(=O)N[C@H]2CC[C@H](CCN3CCN(c4nccc5sccc45)CC3)CC2)C1,6.61,4.6886000000000045
O[C@@H](COc1ccccc1)CN1CCC(Oc2ccccc2)CC1,6.61,2.9697000000000013
O=C(NCCCCN1CCN(c2ncnc3ccccc23)CC1)c1cn2ccccc2n1,6.61,2.6097
O=C(CCCCCN1CCN(c2noc3ccccc23)CC1)c1ccccc1O,6.61,4.0987000000000045
CCN(CCN1CCC(c2noc3cc(F)ccc23)CC1)C(=O)C(O)C(F)(F)F,6.61,2.9180000000000015
Cl.O=C1c2cccc3cccc(c23)N1CCCCCCN1CCN(c2ccc(Cl)c(Cl)c2)CC1,6.61,6.911200000000005
Fc1ccc(OCCCNCCOc2ccc(Cl)cc2)cc1,6.61,3.9166000000000025
O=C(N[C@H]1CC[C@H](CCN2CCC(c3cccc4c3OCO4)CC2)CC1)C1(C(F)(F)F)CC1,6.61,5.002300000000005
O=C(N[C@H]1CC[C@H](CCN2CCC(c3cccc4c3OCO4)CC2)CC1)C1(O)CC1,6.61,3.184700000000001
OC(CCn1cc(-c2ccc3ncccc3c2)nn1)CN1CCN(c2cccc(Cl)c2Cl)CC1,6.61,4.373300000000004
Cn1c(SCCCN2C[C@@H]3CCN(c4ccccc4C(F)(F)F)[C@@H]3C2)nnc1-c1ccc(=O)[nH]c1,6.61,3.882100000000002
CCCN1CCN(c2ccc3c(c2)CCN3S(=O)(=O)c2ccccc2)CC1,6.61,2.9700000000000015
O=C1CCc2ccc(OCCCCNCC3CC3c3cccc(Cl)c3Cl)cc2N1,6.61,5.430400000000005
Br.Clc1ccc(N2CCN(C[C@H]3C[C@@H]3c3ccccc3)CC2)cc1,6.61,4.843600000000006
COc1ccc(Br)cc1-c1nc(CNC[C@@H]2CCN(Cc3ccccc3)C2)co1,6.61,4.724400000000004
O=C(Cc1noc2ccccc12)N[C@H]1CC[C@H](CCN2CCC(c3coc4ccccc34)CC2)CC1,6.61,6.061200000000007
COc1c(C)ccc2c1-c1cccc3c1[C@@H](C2)N(C)CC3,6.61,3.755720000000002
CS(=O)(=O)c1ccc2c(c1)CCN(CC[C@H]1CC[C@H](NC(=O)/C=C/c3cc(F)cc(F)c3)CC1)CC2.Cl,6.6,4.969200000000006
CO[C@H](C)C(=O)N[C@H]1CC[C@H](CCN2CCN(c3cccc4c3OCO4)CC2)CC1,6.6,2.6373000000000006
O=C(CCC(F)(F)F)N[C@H]1CC[C@H](CCN2CCC(c3cccc4c3CCO4)CC2)CC1,6.6,5.208500000000005
O=C(NCCN1CCN(c2ccc(Cl)c(Cl)c2)CC1)c1ccccn1,6.6,2.9404000000000012
Cn1c(SCCCN2CC3CCN(c4ccccc4C(F)(F)F)C3C2)nnc1-c1ccncc1,6.6,4.588800000000004
COc1cc(CN2CCN(c3ccccc3OC)CC2)ccc1OCc1cn(CCOCCOCCOCCNC(=O)COc2cncc(C#Cc3csc(C)n3)c2)nn1,6.6,4.0012200000000036
OC[C@@H]1[C@@H]2CN(Cc3ccccc3)[C@@H](c3ccccc3)[C@@H]2[C@H]1N1CCCC1,6.6,3.562400000000002
Cn1cc2c(C(=O)N[C@H]3CC[C@](F)(CCN4CCC(c5nocc5C(C)(F)F)CC4)CC3)cccc2n1,6.6,5.323400000000006
COc1cccc(C(=O)NCCCCCN2CCN(c3ccccc3OC)CC2)c1,6.6,3.4261000000000026
CCCN(CCCCNC(=O)c1ccc(-c2ccccc2)cc1)C1CCc2c(cccc2OS(C)(=O)=O)C1,6.6,5.471500000000006
CCCN(CCc1cccs1)[C@H]1CCc2ccc(OC)cc2C1,6.6,4.568700000000004
Cn1c(SCCCN2CC3CCN(c4ccc(F)cc4)C3C2)nnc1C1CCOCC1,6.6,3.541100000000003
CCS(=O)(=O)c1ccc(OC)c(-c2ccc(CN3CCCC3)[nH]2)c1,6.6,3.0797000000000017
COc1ccc2c(c1)OCC1CN(Cc3ccccc3)CC21,6.6,3.303200000000002
COc1ccccc1N1CCN(CC(O)CCNC(=O)c2ccc3c(c2)Cc2ccccc2-3)CC1,6.6,3.5694000000000026
C=C1c2ccccc2C=C(C2=CCN(C)CC2)c2ccccc21,6.6,4.864000000000004
COc1cc(CN2CCN(c3ccccc3OC)CC2)ccc1OCc1cn(CCCCCCCCCCN(C)CCCCCNC(=O)COc2cccc(C#Cc3csc(C)n3)c2)nn1,6.6,8.779320000000006
CC(C)Oc1ccccc1N1CCC2CN(CCCSc3nnc(-c4cnccn4)n3C)CC21,6.6,3.752200000000003
O=c1[nH]c2c(O)ccc([C@@H](O)CNCCc3cccc(CNCCc4c(Cl)cccc4Cl)c3)c2s1,6.6,4.800000000000003
CS(=O)(=O)Oc1ccc2c(c1)CCN(CC[C@H]1CC[C@H](NC(=O)c3cccc(-n4cccc4)c3)CC1)CC2.Cl,6.6,5.017000000000006
O=c1[nH]c2c(O)ccc([C@@H](O)CNCCc3cccc(CNCc4ccccc4Cl)c3)c2s1,6.6,4.1041000000000025
Cn1c(SCCCN2CC3CCN(c4ccccc4C(F)(F)F)C3C2)nnc1-c1cnccn1,6.6,3.983800000000003
Cc1c(CN2CCN(c3ccccc3)CC2)cnn1-c1ccccc1,6.6,3.5029200000000023
CCCN(CCC)C1CCc2cc(CCc3ccc(OC)cc3)ccc2C1,6.6,5.459700000000006
CCCN(CCC)C1CCc2cc(CCc3ccc(C(=O)OCC)cc3)ccc2C1,6.6,5.627800000000006
Fc1ccccc1-c1cccc(CN2CCN(c3ncccn3)CC2)c1,6.6,3.6049000000000024
O=C(/C=C/c1ccc2ncccc2c1)NCCCCN1CCc2ccc(OS(=O)(=O)C(F)(F)F)cc2C1,6.6,4.431100000000003
CC(=O)c1ccc(/C=C/C(=O)NCCCCN2CCc3ccc(OS(=O)(=O)C(F)(F)F)cc3C2)cc1,6.6,4.085500000000004
COc1ccccc1CNCc1cccc(CCNC[C@H](O)c2ccc(O)c3[nH]c(=O)sc23)c1,6.6,3.4593000000000016
c1ccc(OCCCNCCOc2ccccc2)cc1,6.6,3.124100000000001
CC(C)(C)C(=O)NCCCCN1CCN(c2cccc(Cl)c2)CC1,6.6,3.4045000000000023
CCCN(CCCCNC(=O)c1ccc(-c2ccc(OCc3cn(CCOCCOCCOCCOCCn4cc(COc5ccc(-c6ccc(C(=O)NCCCCN(CCC)C7Cc8ccccc8C7)cc6)cc5)nn4)nn3)cc2)cc1)C1Cc2ccccc2C1,6.6,10.906999999999993
CC(=O)Nc1ccc(CCN(C)CC2Cc3ccc4c(ccn4S(=O)(=O)c4ccccc4)c32)cc1,6.6,4.6509000000000045
CC(=O)N[C@H]1CC[C@H](CCN2CCN(c3nc(C)cc4occc34)CC2)CC1,6.6,3.3432200000000023
CCCN1CCc2cccc3c2[C@H]1Cc1ccc(C)c(O)c1-3,6.6,4.2329200000000045
CCN(C)CCc1c(-c2ccc(Cl)cc2)[nH]c2ccccc12,6.6,4.9825000000000035
O=S1(=O)N(CCCCCCN2CCN(c3cccc(Cl)c3)CC2)c2cccc3c2N1CCC3,6.6,4.540000000000004
CC(=O)N[C@H]1CC[C@H](CCN2CCC(c3cccc4c3OCO4)CC2)CC1,6.6,3.679700000000003
CCCN1CCN(c2cccc(C#N)c2)CC1,6.6,2.0902800000000004
COC1(C(=O)N[C@H]2CC[C@H](CCN3CCN(c4cccc5c4OCO5)CC3)CC2)CCCCC1,6.6,3.9517000000000024
COc1ccc(C(=O)CCCN2CCc3ccccc3C2)cc1,6.6,3.716400000000003
Cc1cccc(N2CCN(CCN(C)C[C@]34CC[C@H](CC3)C4(C)C)C2=O)c1,6.6,4.385220000000004
O=C1N(CCN2CCC(c3ccc(Cl)cc3)CC2)CCN1c1cccc(Cl)c1,6.6,5.1150000000000055
COc1ccc(OC)c(C(=O)NCCN2CCN(c3ccccc3OC)CC2)c1,6.6,2.2643999999999993
CS(=O)(=O)Oc1cccc2c1CC[C@H]1[C@H]2CCCN1CCCCNC(=O)c1ccc(-c2ccccc2)cc1,6.6,5.396400000000005
CCCN(CCC)C1CCc2cc3c(cc2C1)OCC3,6.6,3.600800000000003
CCCN(CCCCNC(=O)c1ccc(-c2ccccc2)cc1)C1CCc2c(Br)cccc2C1,6.6,6.895600000000008
Cl.O=C(CCCN1CCN(c2ccc(Cl)cc2)CC1)c1ccc(F)cc1,6.6,4.686000000000004
CCN1CCc2ccccc2Cc2[nH]c3ccccc3c2CC1,6.6,4.179200000000003
CN1CCN(c2ccc(O)c3[nH]c(=O)ccc23)CC1,6.6,0.9855
O=C(NCCCCN1CCC(=C2c3ccc(Cl)cc3CCc3cccnc32)CC1)c1ccc2ccccc2c1,6.6,7.094700000000007
CN(C)S(=O)(=O)N[C@H]1CC[C@H](CCN2CCC(c3cccc4c3CCO4)CC2)CC1,6.6,3.1458000000000013
O=C(c1cc2ccccc2[nH]1)N1CCN(CCOc2cccnc2)CC1,6.6,2.3997
COc1ccc(F)cc1C1CC1CNCCCSc1nnc(-c2ccccc2)n1C.Cl,6.6,4.927100000000005
COc1ccccc1C1CC1CNCCCCCOc1ccc2c(c1)NC(=O)CC2,6.59,4.522300000000003
O=C1c2ccccc2S(=O)(=O)N1CCCCCN1CCN(c2ccc(Cl)cc2)CC1,6.59,3.477000000000002
Clc1ccc(N2CCCN(CCCCc3nc4ccccc4s3)CC2)cc1,6.59,5.4847000000000055
COc1ccccc1N1CCN(CCCCCNC(=O)c2ccc3ccccc3c2)CC1,6.59,4.570700000000004
Cc1ncoc1-c1nnc(SCCCN2CC[C@@]3(C[C@H]3c3ccc(F)cc3F)C2)n1C,6.59,4.4185200000000036
CC(C)Oc1ccccc1N1CC[C@@H]2CN(CCCSc3nnc(-c4cnccn4)n3C)C[C@@H]21,6.59,3.752200000000003
O/N=C(\CCN1CCN(c2ccccn2)CC1)c1ccccc1,6.59,2.472200000000001
CCO/N=C(\CCN1CCN(c2nccs2)CC1)c1ccccc1,6.59,3.096000000000002
c1ccc(CN2CCN(c3cccc4[nH]cnc34)CC2)cc1,6.59,2.8851000000000013
CSc1ccc(C2(O)CCN(Cc3c[nH]c4ncccc34)CC2)cc1.O=C(O)C(=O)O,6.59,2.9240000000000004
O=S(=O)(CC1CCN(CCCc2noc3cc(F)ccc23)C1)c1ccc(F)cc1,6.59,3.834400000000003
CCOc1ccccc1N1CCN(Cc2cccnc2)CC1,6.59,2.802500000000001
c1ccc(-c2nc(CN3CCN(c4ccccc4)CC3)c[nH]2)cc1,6.59,3.398900000000001
COC(=O)c1ccc(OC[C@@H]2CC[C@H]3CN(c4ncccn4)CCN3C2)cc1,6.59,2.2428
O=C(CC1COC1)N[C@H]1CC[C@H](CCN2CCC(c3cccc4c3OCO4)CC2)CC1,6.59,3.6963000000000026
CCOC(=O)C1CCN(CC2COc3ccc4[nH]c(C(=O)OC)cc4c3O2)CC1,6.59,2.3693999999999997
C(=C/c1ccccc1)\CN1CCN(C(c2ccccc2)c2ccccc2)CC1,6.59,5.1070000000000055
O=C(NCCCCN1CCN2c3ccccc3Cc3ccccc3C2C1)C1CCCCC1,6.59,4.930800000000005
Cl.O=S1(=O)c2cccc3cccc(c23)N1CCCCCCN1CCN(c2ccc(Cl)c(Cl)c2)CC1,6.59,6.459700000000005
CCCCN[C@@H]1CCc2c(F)cccc2C1,6.59,3.072700000000002
Cn1c(=O)c2c(nc3n(CCCCCN4CCN(c5ccc(Cl)cc5)CC4)ccn23)n(C)c1=O,6.59,2.3323
CC(C)(C)c1nc(N2CCN(C/C=C/CN3C(=O)CCc4ccccc43)CC2)cc(C(F)(F)F)n1,6.59,4.4505000000000035
COCC(=O)N[C@H]1CC[C@H](CCN2CCC(c3cccc4occc34)CC2)CC1,6.59,4.323700000000004
C1=C(c2c[nH]c3ccccc23)CCN(Cc2ccco2)C1,6.59,4.050200000000002
CCC(Oc1cc(F)ccc1C(F)(F)F)c1nc(N)nc(N2CCN(C)CC2)n1,6.58,2.893600000000001
CN1CCC(c2cn(-c3ccncc3)c3ccc(-c4ccncc4)cc23)CC1,6.58,4.8967000000000045
Cc1ncc(/C=C/C(=O)N[C@H]2CC[C@H](CCN3CCc4ccc(CCC(F)(F)F)nc4CC3)CC2)cn1,6.58,4.854020000000005
O=C(NCCCCN1CCN(c2ncccn2)CC1)c1n[nH]c2ccccc12,6.58,1.6850999999999996
COc1c(C(=O)N[C@H]2CN(Cc3ccccc3)C[C@@H]2C)cc(Br)c2ccccc12,6.58,4.861200000000004
C[C@H](CCN1CCN(c2cc(C(F)(F)F)nc(C(C)(C)C)n2)CC1)CN1C(=O)CCc2ccccc21,6.58,4.920500000000005
N#Cc1ccccc1N1CCN(CCCCCC(=O)NC2CCCc3ccccc32)CC1,6.58,4.434480000000003
CN1CCc2ccc3c4c2[C@H]1Cc1cccc(c1-4)[C@H]3N,6.58,2.8002000000000002
CN1CCc2cccc3c2[C@H]1Cc1ccc(OCCCNC(=O)CCCCCNC(=O)OC(C)(C)C)c(O)c1-3,6.58,5.114500000000006
CC1(c2ccc(F)cc2)NC(=O)N(CC(O)CN2CCN(C(c3ccccc3)c3ccccc3)CC2)C1=O,6.58,3.360800000000002
Cn1c(=O)c2c(nc3n(CCCCCN4CCN(c5ccccc5O)CC4)ccn23)n(C)c1=O,6.58,1.3844999999999992
CS(=O)(=O)N[C@H]1CC[C@H](CCN2CCN(c3nccc4sccc34)CC2)CC1,6.58,2.916400000000002
O=C(NCCCCN1CCN(c2ccccc2C(F)(F)F)CC1)c1ccc(-c2ccsc2)cc1,6.58,5.766100000000005
Cc1nc(N)sc1CCCN/C(N)=N/C(=O)NCC(C)C1CCCCC1,6.58,2.7966200000000008
Cn1cc2c(C(=O)N[C@H]3CC[C@H](CCN4CCc5ccc(OCC(F)(F)F)nc5CC4)OC3)cccc2n1,6.58,3.6777000000000024
COc1ccc2c(c1)C(NCCN1CCN(c3ccc(Cl)cc3)CC1)CCC2,6.58,4.137800000000004
COc1ccc(-c2ccccc2N2CCN(CCCCCC(=O)NCc3ccc(OCCCN4CCOCC4)cc3)CC2)cc1,6.58,5.462100000000005
CCOc1ccccc1N1CCN(Cc2cccc3ccccc23)CC1,6.58,4.560700000000004
O=[N+]([O-])c1ccccc1N1CCN(CCCCCCN2c3cccc4cccc(c34)S2(=O)=O)CC1,6.58,4.639300000000004
Cc1ncc(OCC(=O)N[C@H]2CC[C@](F)(CCN3CCc4ccc(OCC(C)(F)F)nc4CC3)CC2)cn1,6.58,3.8508200000000024
Oc1cc(CN2CCN(c3ccccn3)CC2)c(Cl)c2cccnc12,6.58,3.3110000000000017
COc1ccccc1N1CCN(CCCSc2nnc(-c3ccccc3)n2C)CC1,6.58,3.7951000000000024
O=C(N[C@H]1CC[C@H](CCN2CCN(c3nccc4occc34)CC2)CC1)C1CC1,6.58,3.424900000000002
COc1ccccc1N1CCN(CCCN2CCN(C(=O)c3ccccc3)CC2)CC1,6.58,2.665300000000001
COc1ccccc1N1CCN(C)CC1,6.58,1.4469999999999998
COc1ccccc1N1CCN(CCCCNC(=O)c2cccc(F)n2)CC1,6.58,2.5615000000000006
Cn1cc2c(C(=O)N[C@H]3CC[C@H](CCN4CCc5nc(OCC(F)(F)F)sc5CC4)CC3)cccc2n1,6.58,4.750400000000004
CCN(CCc1ccccc1OC(F)(F)F)CCN1CCCC1,6.58,3.5454000000000025
Cn1ccc2c1CCN(CCN1CCC(c3noc4ccccc34)CC1)C2=O,6.58,3.044200000000002
CN1Cc2c(C(=O)N[C@H]3CC[C@H](CCN4CCc5sc(C6CC(F)(F)C6)nc5C4)CC3)cccc2C1=O,6.58,4.978400000000005
O=C(CC1(O)CCC1)N[C@H]1CC[C@H](CCN2CCC(c3cccc4c3OCO4)CC2)CC1,6.58,3.9649000000000036
Cl.c1ccc([C@H]2C[C@@H]2CN2CCN(c3ccccn3)CC2)cc1,6.58,3.429100000000002
O=S(=O)(c1ccccc1F)C1(F)CCN(CCc2ccc(F)cc2F)CC1,6.58,3.8819000000000035
O=C1c2ncccc2CCN1CCN1CCN(c2nsc3ccccc23)CC1,6.58,2.511800000000001
CCCN(CCN1CCN(c2ccc(-c3ccccc3)cc2)CC1)[C@H]1CCc2nc(N)sc2C1,6.58,4.783800000000004
CCN(CCCCOc1ccc2c(c1)NC(=O)CC2)CC1CC1c1cc(Cl)ccc1OC,6.58,5.517900000000005
O=C(NCCCCN1CCN(c2cccc(Cl)c2Cl)CC1)c1ccc2c(c1)-c1ccccc1-2,6.58,5.973000000000005
COc1cc2c3c(c1OC)-c1cc(N)ccc1CC3N(C)CC2,6.58,3.038100000000002
Cc1ccc(C)c(C(=O)CCCN2CCC(c3cc(C)ccc3C)CC2)c1,6.58,5.762780000000006
CN1CCc2ccc3oc(=O)c4cccc5c4c3c2[C@H]1C5,6.58,3.0313000000000017
CN1Cc2cc(Cl)c(O)cc2[C@H](c2ccccc2)C1,6.58,3.6229000000000022
Cc1cccc(N2CCN(CCCCNC(=O)c3cc4ccccc4o3)CC2)c1,6.58,4.073420000000003
Cc1c2c(nn1C)CCN(CCN1CCC(c3noc4ccccc34)CC1)C2=O,6.57,2.7476200000000004
Fc1ccc(CCCCN2CCN(c3ncccn3)CC2)cc1,6.57,2.760600000000001
CCCN(CCCCNC(=O)c1ccc(-c2ccc(OCc3cn(CCOCCOCCOCCn4cc(COc5ccc(-c6ccc(C(=O)NCCCCN(CCC)C7Cc8ccccc8C7)cc6)cc5)nn4)nn3)cc2)cc1)C1Cc2ccccc2C1,6.57,10.890399999999994
COc1ccccc1N1CCN(CCCc2cn(-c3ccccc3OC)nn2)CC1,6.57,3.0393000000000017
O=C(N[C@H]1CC[C@H](CCN2CCN(c3cccc4c3OCO4)CC2)CC1)c1ccccc1,6.57,3.9162000000000026
COc1ccccc1N1CCN(CC(O)CN2C(=O)NC(C)(c3ccc(Br)cc3)C2=O)CC1.Cl,6.57,2.8296000000000014
COc1ccccc1N1CCN(CC(O)CN2C(=O)NC(C)(c3cccc(F)c3)C2=O)CC1.Cl,6.57,2.2062000000000004
O=C(NCCC(O)CN1CCN(c2cccc(Cl)c2Cl)CC1)c1cnc2ccccc2c1,6.57,3.8446000000000033
COc1cc(COCCOCCOCCOCCOCc2ccc(N3CCN(CCCCNC(=O)c4ccccc4)CC3)c(OC)c2)ccc1N1CCN(CCCCNC(=O)c2ccccc2)CC1,6.57,6.1514000000000095
Cc1ccc(OCCNCCCOc2ccccc2)cc1,6.57,3.432520000000002
CC(C)Oc1ccccc1N1CCN([C@H]2CC[C@H](NS(=O)(=O)c3cccc(Cl)c3F)CC2)CC1,6.57,4.678000000000004
O=C(CCOCCN1CCN(c2ncccc2-c2ccccc2)CC1)NCc1ccc(C(F)(F)F)cc1,6.57,4.612500000000003
Cl.Clc1cccc2c1CN(CCCCc1nc3ccccc3s1)CC2,6.57,5.752500000000005
C[C@@H]1Cc2ccccc2N1C(=O)CN1CCN(Cc2cc(Cl)cc(Cl)c2)CC1,6.57,4.0888000000000035
CN1CCN(C2=Nc3cc(Cl)ccc3N(NC(=O)c3cc(F)c(F)c(F)c3F)c3ccc(Cl)cc32)CC1,6.57,5.672000000000004
COc1cc(C(=O)NN2c3ccc(Cl)cc3N=C(N3CCN(C)CC3)c3cc(Cl)ccc32)cc(OC)c1OC,6.57,5.141400000000005
Cc1c(-c2ccccn2)nc(O)n1C1CCN(Cc2ccccc2)CC1,6.57,3.7962200000000026
C=C[C@@H]1Cc2ccccc2N1C(=O)CN1CCN(Cc2ccc(Cl)cc2)CC1,6.57,3.6015000000000024
c1cnc(N2CCN(CCCOc3ccc(-c4nc5ccccc5[nH]4)cc3)CC2)nc1,6.57,3.6110000000000015
CN1CCc2ccccc2Cc2[nH]c3ccccc3c2C[C@@H]1CO,6.57,3.1500000000000017
Cn1nnc2cccc(C(=O)N[C@H]3CC[C@H](CCN4CCc5nc(OCC(C)(F)F)sc5CC4)CC3)c21,6.57,4.238300000000003
O=C1Cc2cc(CCN3CCN(c4cncc5sccc45)CC3)c(Cl)cc2N1,6.57,3.809000000000002
CC(O)c1ccc(CSc2nc3ccccc3n2Cc2ccc(Cl)cc2)cc1,6.57,6.083600000000005
CC[C@@H](CO)NC(=O)[C@@H]1C=C2c3cccc4c3c(cn4C)C[C@H]2N(C)C1,6.57,1.9351
O=C(CC1CC1)N[C@H]1CC[C@H](CCN2CCC(c3cccc4c3CCO4)CC2)CC1,6.57,4.666100000000005
CCCN(CCC)C1CCc2ncccc2C1,6.57,3.060900000000002
CCCCC(Oc1cc(Cl)cc(Cl)c1)c1nc(N)nc(N2CCN(C)CC2)n1,6.57,3.822700000000001
COC(CN1CCc2sc(OCC(F)(F)F)nc2C1)[C@H]1CC[C@H](NC(=O)c2cccc3nn(C)cc23)CC1,6.57,4.332800000000003
NC(=O)c1ccccc1OCCCNCCc1cn(Cc2ccccc2)c2ccccc12,6.57,4.389700000000003
COc1ccccc1N1CCN(CNC(=O)c2ccc(Cl)cc2)CC1,6.57,2.858100000000001
CN(C)C(=O)C(CCN1C[C@H](F)C[C@H]1C(=O)NCCCCN1CCN(c2cccc(Cl)c2Cl)CC1)(c1ccccc1)c1ccccc1,6.57,5.888800000000005
Cn1cc(CC(=O)N[C@H]2CC[C@H](CCN3C[C@@H]4C[C@]4(c4cc(C(C)(F)F)on4)C3)CC2)cn1,6.57,3.400900000000002
CCCN(CCN1CCN(c2ccc(-c3ccncc3)cc2)CC1)[C@H]1CCc2nc(N)sc2C1,6.57,4.1788000000000025
CCCN(CCN1CCN(c2nccc3ccccc23)CC1)[C@H]1CCc2nc(N)sc2C1,6.57,3.665000000000002
C[C@@H](O)[C@@H]1NC(=O)[C@H](CCCCN)NC(=O)[C@@H](Cc2c[nH]c3ccccc23)NC(=O)[C@H](Cc2ccncc2)NC(=O)[C@H](Cc2ccccc2)NC(=O)[C@H](CCCNC(=N)N)NC(=O)[C@H](NC(=O)CSC[C@@H]2C[C@@H]3c4cccc5[nH]cc(c45)C[C@H]3N(C)C2)CCCCNC(=O)[C@H](Cc2ccc(O)cc2)NC1=O,6.57,2.3653699999999924
CCCN(CCCCN1CCN(c2cccc(Cl)c2Cl)CC1)Cc1ccc2c(c1)Cc1ccccc1-2,6.57,7.379000000000008
C[C@@H](O)C(=O)N[C@H]1CC[C@H](CCN2CCC(c3cccc4c3OCO4)CC2)CC1,6.57,3.0406000000000013
COc1cccc(N2CCN(CCCCCCN3C(=O)c4cccc5cccc(c45)C3=O)CC2)c1,6.57,4.827000000000005
Cc1ccc(OCCCNCCOc2ccc(C)cc2)cc1,6.56,3.740940000000003
O=C(Cc1ccccn1)Nc1cccc(CCN2CCN(c3ccccc3)CC2)c1,6.56,3.627500000000002
N#Cc1cccc(C2CCN(CCNC(=O)C3CCOCC3)CC2)n1,6.56,1.6754799999999996
COc1cc(Cl)ccc1CN1CCN(CC(=O)N2c3ccccc3C[C@H]2C)CC1,6.56,3.4440000000000026
Cc1cc2occc2c(N2CCN(CC[C@H]3CC[C@H](NC(=O)C4CCOCC4)CC3)CC2)n1,6.56,3.749920000000003
CCN(CCN1CCC(c2noc3cc(F)ccc23)CC1)C(=O)C(C)(C)O,6.56,2.765700000000001
CC[C@@H](CO)NC(=O)[C@@H]1C=C2c3cccc4[nH]cc(c34)C[C@H]2N(C)C1,6.56,1.9247
CCOc1ccc2ccccc2c1C(=O)NN1c2ccc(Cl)cc2N=C(N2CCN(C)CC2)c2ccccc21,6.56,6.014100000000005
Cn1c(SCCCN2C[C@H]3CCN(c4ccc(C(F)(F)F)cc4)[C@H]3C2)nnc1-c1ccc(C(N)=O)nc1,6.56,3.6877000000000013
CN1CCOc2cc(O)ccc2Cc2ccccc2CC1,6.56,2.8497000000000012
Cc1ccc2c(C3CCN(CCN4CCc5cccnc5C4=O)CC3)noc2c1,6.56,3.4091200000000024
O=C1COc2ccccc2N1CCCN1CCN(c2cccc(Cl)c2Cl)CC1,6.56,3.9311000000000034
Cc1ccc2c(C3CCN(CCn4ccc5cccnc5c4=O)CC3)noc2c1,6.56,3.7257200000000026
CCCC(=O)N[C@H]1CC[C@H](CCN2CCC(c3cccc4c3OCO4)CC2)CC1,6.56,4.459900000000004
CC(C)(C)c1nc(N2CCN(CCCCn3ccc(C4CCC4)nc3=O)CC2)cc(C(F)(F)F)n1,6.56,4.219500000000004
COc1cc2c(cc1OC)C(=O)CC(CN1CCC(C(=O)c3ccc(F)cc3)CC1)C2,6.56,4.182900000000004
CCCN(CCC)[C@H]1CCc2ccc(O)cc2C1,6.56,3.371500000000002
CCN(CCCSc1nnc(-c2ccccc2)n1C)CC1CC1c1cc(F)ccc1OC.Cl,6.56,5.659400000000007
CC(=O)N(CCC(=O)N[C@@H](CN[C@@H]1CCCCNC(=O)[C@H](Cc2ccc(F)cc2)NC(=O)[C@H]([C@@H](C)O)NC(=O)[C@H](CCCCN)NC(=O)[C@@H](Cc2c[nH]c3ccccc23)NC(=O)[C@H](Cc2ccccc2)NC(=O)[C@H](Cc2ccccc2)NC(=O)[C@H](CCCNC(=N)N)NC1=O)Cc1ccc(O)cc1)C[C@@H]1C[C@@H]2c3cccc4[nH]cc(c34)C[C@H]2N(C)C1,6.56,3.815769999999983
COc1ccc2oc(C(=O)NCCC(F)CN3CCN(c4ccccc4OC)CC3)cc2c1,6.56,3.7302000000000026
O=C(O)C(=O)O.O=C1CCc2ccccc2N1CCCCCN1CCN(c2ccccc2)CC1,6.55,3.113900000000001
C1=C(/C=C/c2ccccc2)CCN(CCc2c[nH]c3ncccc23)C1,6.55,4.4509000000000025
COc1ccccc1N1CCN(Cc2cn3c(-n4cccn4)cccc3n2)CC1,6.55,2.8508000000000013
COc1ccc(Br)cc1-c1nc(CNC[C@@H]2CCN(Cc3ccccc3)C2)cs1,6.55,5.192900000000005
Cn1cc2c(C(=O)N[C@H]3CC[C@H](CCN4CCc5sc(CCC(F)F)nc5C4)CC3)cccc2n1,6.55,4.964500000000005
CN1Cc2c(C(=O)N[C@H]3CC[C@H](CCN4CCc5nc(OCC(F)(F)F)sc5CC4)CC3)cccc2C1=O,6.55,4.449300000000004
Fc1ccc(CCCCN2CCN(c3ccc(Cl)cc3)CC2)cc1,6.55,4.624000000000004
Cn1c(SCCCN2C[C@H]3CCN(c4ccc(C(F)(F)F)cc4)[C@H]3C2)nnc1C1CCCCC1,6.55,5.574500000000006
COc1ccccc1N1CCN(Cc2cc3ccccn3n2)CC1,6.55,2.6651000000000007
O=C(CCCCCCCCCCCCCCCCCCCCC(=O)OC1(c2ccc(Cl)cc2)CCN(CCCC(=O)c2ccc(F)cc2)CC1)OC1(c2ccc(Cl)cc2)CCN(CCCC(=O)c2ccc(F)cc2)CC1,6.55,16.768599999999967
O[C@H](CCCN1CCC(O)(c2ccc(Cl)cc2)CC1)c1ccc(F)cc1,6.55,4.2763000000000035
COc1ccccc1N1CCN(Cc2cn3cc(C)cc(-n4cccn4)c3n2)CC1,6.55,3.1592200000000012
COC(=O)CN(CC(=O)NCCOCCOCCNC(C)=O)CC(=O)NCCOCCOCCNC(=O)CCC(=O)Nc1ccc(CCN2CN(c3ccccc3)C3(CCN(CCCC(=O)c4ccc(F)cc4)CC3)C2=O)cc1,6.55,1.9169999999999998
COc1ccc(S(=O)(=O)N[C@H]2CC[C@H](N3CCC(c4ccccc4OCCF)CC3)CC2)cc1OC,6.55,4.521200000000004
Cc1nc(O)n(C2CCN(Cc3ccccc3)CC2)c1-c1ccccc1,6.55,4.401220000000004
COc1ccc(C(=O)NCCCCN2CCN(c3ccccc3Cl)CC2)cc1OC,6.55,3.6894000000000027
OC1(c2ccc(Cl)cc2)CCN(CC#Cc2ccc(F)cc2)CC1,6.55,3.8142000000000023
COc1ccccc1N1CCN(CCNC2=Nc3ccccc3OC2)CC1,6.55,2.5294000000000008
CN(C1CCN(CCOc2ccccc2C(C)(C)C)CC1)S(=O)(=O)c1cnn(C)c1,6.55,2.8815000000000017
COc1cc2c(cc1O)CN(Cc1ccccc1CNC(=O)c1cccc(Cl)c1Cl)CC2,6.55,5.1959000000000035
COc1ccccc1N1CCN(CC(O)CCNC(=O)c2ccc(-c3ccccn3)cc2)CC1,6.55,3.060200000000002
O=C(N[C@H]1CC[C@H](CCN2CCC(c3cccc4c3OCO4)CC2)CC1)[C@@H](O)C(F)(F)F,6.55,3.5830000000000033
COc1cccc(NC(=O)CCN2CCN(c3ccc(Cl)cc3)CC2)c1,6.55,3.4994000000000023
NCCCC[C@H](NC(=O)[C@H](Cc1ccc(F)c(F)c1)NC(=O)[C@@H]1CCCN1C(=O)CCCCCNC(=O)[C@H]1CC[C@@H]2c3[nH]c4ccccc4c3CCN2C1)C(N)=O,6.55,3.2495000000000056
Cc1n[nH]c2c1C(=O)N(CCN1CCC(c3noc4ccccc34)CC1)CC2,6.55,2.7372200000000007
CC(C)(C)c1nc(N2CCN(CCCCNC(=O)N3CCc4ccccc43)CC2)cc(C(F)(F)F)n1,6.55,4.467400000000003
COc1ccccc1N1CCN(CCCNC2=Nc3ccccc3OC2)CC1.O=C(O)/C=C/C(=O)O,6.55,2.6312999999999995
COc1ccccc1N1CCCN(CCCCNC(=O)c2ccc(-c3ccc(F)cc3)s2)CC1,6.55,5.285100000000005
CCCCCOc1ccc2c(c1OC)CN1CCc3cc(OC)c(O)cc3C1C2,6.55,4.633900000000005
COc1ccccc1N1CCN(CCCCNC(=O)c2cccc(C#Cc3ccccc3)c2)CC1,6.55,4.427200000000004
CC(C)(O)CC(=O)N[C@H]1CC[C@H](CCN2CCC(c3cccc4c3OCO4)CC2)CC1,6.55,3.820800000000003
COC(=O)C1=C(C)NC(C)=C(C(=O)OCCCN2CCC(c3ccccc3)(c3ccccc3)CC2)[C@H]1c1cccc([N+](=O)[O-])c1,6.55,6.018000000000007
CN[C@@H]1Cc2cccc3c2n(c(=O)n3CCCCCCCCCCCCOc2ccc3c(c2)NC(=O)CC3)C1,6.55,5.811800000000006
O[C@@]1(c2cccc(Cl)c2Cl)C[C@H]2CC[C@@H](C1)N2Cc1csc2ccccc12,6.55,6.222700000000004
COc1ccc2oc(C(=O)NCCC(F)CN3CCN(c4cccc(Cl)c4Cl)CC3)cc2c1,6.55,5.028400000000004
CC(C)C(=O)N[C@H]1CC[C@H](CCN2CCC(c3cccc4c3CCO4)CC2)CC1,6.54,4.522000000000004
N#Cc1ccc2[nH]c(CN3CCN(c4ccccc4)CC3)cc2c1,6.54,3.361780000000002
COc1cc(/C=C/C(=O)N[C@H]2CC[C@H](CCN3CCc4ccc(OCC(F)F)nc4CC3)CC2)on1,6.54,3.901200000000003
CCc1cc([C@]23C[C@H]2CN(CC[C@H]2CC[C@H](NC(=O)c4cccc5nn(C)cc45)CC2)C3)no1,6.54,4.075900000000003
O=C(N[C@H]1CC[C@H](CCN2CCC(c3cccc4c3CCO4)CC2)CC1)C(F)(F)F,6.54,4.428300000000004
Cc1nnc(CC(=O)N[C@H]2CC[C@](F)(CCN3CCc4nc(OCC(F)(F)F)sc4CC3)CC2)s1,6.54,4.044620000000003
Cc1nc(/C=C/C(=O)N[C@H]2CC[C@H](CCN3CCc4sc(N5CC(F)(F)C5)nc4C3)CC2)cs1,6.54,4.499920000000005
Clc1ccc2c(c1)N=C(N1CCN(Cc3ccc(OCCCN4CCCCC4)cc3)CC1)c1ccccc1N2,6.54,6.547900000000007
C[C@@H]1CN(c2cccc3cc(F)ccc23)CCN1CCC1OCCc2c1sc(C(N)=O)c2Cl,6.54,5.007300000000004
COc1ccccc1N1CCN(CCCNC(=O)NCc2ccccc2-c2ccc(-c3ccccc3)cc2)CC1,6.54,6.0407000000000055
Cc1c(C2CCN(CCc3ccccc3)CC2)n[nH]c1-c1ccc(Cl)cc1,6.54,5.460620000000005
Cn1c(SCCCN2C[C@H]3CCN(c4ccc(F)cc4F)[C@H]3C2)nnc1-c1cnccn1,6.54,3.2432000000000016
C[C@H]1CCCCN1CCc1c(-c2ccccc2)[nH]c2ccccc12,6.54,5.251800000000005
CCc1cc(Cl)c(OC)c(N2CCN(CCCCc3cn(CCC(C(=O)N(C)C)(c4ccccc4)c4ccccc4)nn3)CC2)c1,6.54,6.112000000000006
C[C@@H](CCCN1C(=O)CCc2ccccc21)N1CCN(c2cc(C(F)(F)F)nc(C(C)(C)C)n2)CC1,6.54,5.063000000000005
Cn1c(C(=O)N[C@H]2CC[C@](F)(CCN3CCc4nc(OCC(F)(F)F)sc4CC3)CC2)cccc1=O,6.54,3.6545000000000023
Cc1nnc(CC(=O)N[C@H]2CC[C@H](CCN3CCc4ccc(O[C@@H](C)C(F)(F)F)nc4CC3)CC2)o1,6.54,3.811020000000002
CCOc1ccn(CCCCN2CCN(c3cc(C(F)(F)F)nc(C(C)(C)C)n3)CC2)c(=O)n1,6.54,3.3507000000000025
CN1CCN(C2=Nc3cc(Cl)ccc3N(NC(=O)c3ccc4c(c3)OCO4)c3ccc(Cl)cc32)CC1,6.54,4.844300000000005
O=C1c2nc[nH]c2CCN1CCN1CCC(c2noc3ccccc23)CC1,6.54,2.4288
Cc1cccc(C)c1C(=O)NN1c2ccc(Cl)cc2N=C(N2CCN(C)CC2)c2ccccc21,6.54,5.079040000000004
O=C1NCc2ccc(OCCCN3CCN(c4cccc5c4COCC5)CC3)cc21,6.54,2.5938000000000008
Cc1cccc(N2CCN(CCCCNC(=O)c3cc4ccccc4cn3)CC2)c1,6.54,3.8754200000000028
C[C@@H](O)[C@@H]1NC(=O)[C@H](CCCCN)NC(=O)[C@@H](Cc2c[nH]c3ccccc23)NC(=O)[C@H](Cc2ccccc2)NC(=O)[C@H](Cc2ccccc2)NC(=O)[C@H](CCCNC(=N)N)NC(=O)[C@H](NC[C@H](Cc2ccc(O)cc2)NC(=O)CCN(C[C@@H]2C[C@@H]3c4cccc5[nH]cc(c45)C[C@H]3N(C)C2)S(C)(=O)=O)CCCCNC(=O)[C@H](Cc2ccc(F)cc2)NC1=O,6.54,3.228869999999988
Cc1c(-c2ccc(F)cc2)nc(O)n1C1CCN(Cc2ccccc2)CC1,6.54,4.540320000000003
Cc1ccc(C2CCN(Cc3ccc4c(c3)OCC(=O)N4)CC2)cc1,6.54,3.7055200000000017
Cn1c(SCCCN2C[C@@H]3CCN(c4ccc(F)cc4)[C@@H]3C2)nnc1C1CCOCC1,6.54,3.541100000000003
O=C(CCCN1CCN(c2ccc(Cl)cn2)CC1)c1ccc(F)cc1,6.54,3.659200000000003
CC(C)=C1c2ccccc2C=C(N2CCN(C)CC2)c2ccccc21,6.54,4.587200000000005
C[C@@H]1Cc2ccccc2N1C(=O)CN1CCN(Cc2ccc(F)cc2)CC1,6.54,2.921100000000002
Cc1nnc(CC(=O)N[C@H]2CC[C@H](CCN3CCc4ccc(O[C@H](C)C(F)(F)F)nc4CC3)CC2)s1,6.54,4.279520000000003
O=S(=O)(c1ccccc1)n1ccc2c(N3CCN(CCCOc4ccccc4)CC3)cccc21,6.54,4.469400000000004
CCN1C(=O)c2ccccc2[S@+]([O-])c2ccc(C(=O)N[C@H](C)c3ccc4ccccc4c3)cc21,6.54,5.477600000000004
O=C(CCCCCN1CCN(c2ccccc2F)CC1)NC1CCCc2ccccc21,6.54,4.701900000000005
CN(C1CCN(CCOc2ccccc2C(C)(C)C)CC1)S(=O)(=O)c1cccc(F)c1,6.54,4.287100000000004
C[C@@H]1CN(CC[C@H]2CC[C@H](NC(=O)N(C)C)CC2)CCc2ccc(Cl)cc21,6.54,4.521700000000004
CN1Cc2c(C(=O)N[C@H]3CC[C@H](CCN4CCc5sc(OC6CC(F)(F)C6)nc5C4)CC3)cccc2C1=O,6.54,4.642200000000004
CN1CCc2cc(O)c(O)cc2C1Cc1ccccc1Br,6.54,3.6320000000000032
Cc1ccc(OCCNCCCOc2cccc(C)c2)cc1,6.54,3.740940000000003
COCCC(=O)N[C@H]1CC[C@H](CCN2CCC(c3cccc4occc34)CC2)CC1,6.54,4.713800000000004
COc1ccc(NC(=O)NC2CCC(N3CCN(c4ccccc4OC(C)C)CC3)CC2)c(OC)c1,6.54,4.745900000000004
O=C(N[C@H]1CC[C@H](CCN2CCN(c3nccc4c3CCO4)CC2)CC1)c1ccc(Cl)cc1,6.54,4.1708000000000025
COc1cc(CCC(=O)N[C@H]2CC[C@H](CCN3CCc4nc(OCC(F)F)sc4CC3)CC2)on1,6.54,3.882100000000003
COc1cccc2c3c(oc12)CN(CCCCOc1ccc2ccc(=O)oc2c1)CC3,6.54,4.765100000000004
CC(C)Cc1ccc(C(=O)N[C@H]2CC[C@H](CCN3CCC(c4coc5ccccc45)CC3)CC2)cc1,6.54,7.189600000000008
CCCN1CCc2cccc3c2[C@@H]1Cc1cccc(OCc2cn(CCCCN4CCN(c5ccccc5OC)CC4)nn2)c1-3,6.53,6.000400000000006
O=C(CO)N[C@H]1CC[C@H](CCN2CCC(c3cccc4c3OCO4)CC2)CC1,6.53,2.6521
CC(O)CN1CCN(CC[S+]([O-])C(c2ccc(F)cc2)c2ccc(F)cc2)CC1,6.53,2.8013000000000012
CCCN1CCc2cccc3c2[C@H]1Cc1cccc(OC(=O)CCCC[C@@H]2CCSS2)c1-3,6.53,6.838400000000007
O=C(N[C@H]1CC[C@H](CCN2CCC(c3cccc4c3CCO4)CC2)CC1)C1(O)CC1,6.53,3.390900000000002
Cn1c(SCCCN2CC[C@]3(C[C@@H]3c3ccc(C(F)(F)F)cc3)C2)nnc1-c1ccncn1,6.53,4.652700000000004
CC(=O)N[C@H]1CC[C@H](CCN2CCC(c3cccc4c3CCO4)CC2)CC1,6.53,3.885900000000003
COc1ccc(-c2ccccc2N2CCN(CCCCCC(=O)NCc3ccc(C#N)cc3)CC2)cc1,6.53,5.232680000000005
COc1ccc(-c2ccccc2N2CCN(CCCCCC(=O)N[C@H](C)c3ccccc3)CC2)cc1,6.53,5.922000000000006
CCCCCNC(=N)N/N=C/c1c[nH]c2ccc(OC)cc12.O=C(O)/C=C\C(=O)O,6.53,2.52637
Cc1ncoc1-c1nnc(SCCCN2C[C@@H]3CCN(c4ccc(F)cc4)[C@@H]3C2)n1C,6.53,3.610520000000002
N#Cc1cc(N2CCN(CCCCNC(=O)N3CCN(c4ccccc4)CC3)CC2)cc(C(F)(F)F)c1,6.53,4.011080000000003
Cc1ccc(OCCNCCCOc2ccccc2C)cc1,6.53,3.740940000000003
COc1ccccc1N1CCN(CCCCc2cc(-c3cccc([N+](=O)[O-])c3)no2)CC1.Cl,6.53,4.825100000000005
CCc1cccc(N2CCN(CC(F)CCNC(=O)c3cc4ccccc4o3)CC2)c1Cl,6.53,4.928800000000004
c1ccc(-c2nc(CN3CCN(c4cccnc4)CC3)c[nH]2)cc1,6.53,2.7939000000000007
O=C(NCC[C@@H](O)CN1CCN(c2cccc(Cl)c2Cl)CC1)c1cc2ccccc2[nH]1,6.53,3.777700000000003
COc1ccc(N2CCN(CCCOc3ccc(-c4nc5ccccc5[nH]4)cc3)CC2)cc1,6.53,4.829600000000005
CCN(CCN1CCC(c2noc3cc(F)ccc23)CC1)C(=O)C(O)C(C)C,6.53,3.011700000000001
c1ccc(CN2CCN(c3ccccc3)CC2)cc1,6.522878745280337,3.0088000000000017
CCN(CCN1CCC(c2noc3ccc(F)cc23)CC1)C(=O)[C@H](C)O,6.522878745280337,2.375600000000001
CS(=O)(=O)Nc1cc(OCCNCc2cccs2)ccc1F,6.522878745280337,2.4273
Oc1ccccc1N1CCN(Cc2ccccc2)CC1,6.522878745280337,2.7144000000000013
Oc1ccc(N2CCN(Cc3ccccc3)CC2)cc1,6.522878745280337,2.7144000000000013
c1ccc(CNCCOc2ccccc2)cc1,6.522878745280337,2.855200000000001
CO[C@H]1CC[C@H](CC(=O)N[C@H]2CC[C@H](CCN3CCN(c4nccc5sccc45)CC3)CC2)CC1,6.52,5.078700000000005
O=C(NCCCCN1CCN(c2cccc(C(F)(F)F)c2)CC1)N1CCN(c2ccccc2)CC1,6.52,4.139400000000004
C[C@@H](O)[C@@H]1NC(=O)[C@H](CCCCN)NC(=O)[C@@H](Cc2c[nH]c3ccccc23)NC(=O)[C@H](Cc2ccccc2)NC(=O)[C@H](Cc2ccccc2)NC(=O)[C@H](CCCNC(=N)N)NC(=O)[C@H](NC(=O)CSC[C@@H]2C[C@@H]3c4cccc5[nH]cc(c45)C[C@H]3N(C)C2)CCCCNC(=O)[C@H](Cc2ccc(F)cc2)NC1=O,6.52,3.4038699999999977
COc1ccc2[nH]c(C(=O)NCCC(F)CN3CCN(c4ccccc4OC)CC3)cc2c1,6.52,3.4653000000000027
c1cnc(N2CCN(Cc3cccc(-c4ccsc4)c3)CC2)nc1,6.52,3.527300000000002
COc1cccc(CN2CC=C(c3c[nH]c4ccc(OC(C)C)cc34)CC2)c1,6.52,5.2530000000000046
CN1CCN(c2nc(N)nc(C(C)(C)Sc3ccc4ccccc4c3)n2)CC1,6.52,3.3862000000000023
COc1ccc(S(=O)(=O)n2cc(C)c3cc(Cl)ccc32)cc1NC1CCN(C)CC1,6.52,4.354820000000003
CC1(c2ccc(F)cc2)NC(=O)N(CC(O)CN2CCN(c3cccc(Cl)c3Cl)CC2)C1=O,6.52,3.082600000000001
Cl.O=S1(=O)c2cccc3cccc(c23)N1CCCCCCN1CCN(c2cccc(C(F)(F)F)c2)CC1,6.52,6.171700000000006
O=C(N[C@H]1CC[C@H](CCN2CCC(c3cccc4c3OCO4)CC2)CC1)C1CC(Cl)C1,6.52,4.6772000000000045
CC(C)(C)c1nc(N2CCN(CCCCn3ccc(C4CCCCC4)nc3=O)CC2)cc(C(F)(F)F)n1,6.52,4.999700000000005
Cc1ccc(OCCNCCCOc2ccccc2)cc1Cl,6.52,4.085920000000003
O=C(N[C@H]1CC[C@H](CCN2CCC(c3cccc4occc34)CC2)CC1)C1CCOCC1,6.52,5.103900000000005
CC(C)(C)c1nc(N2CCN(CCCCNC(=O)c3nc4ccccc4[nH]3)CC2)cc(C(F)(F)F)n1,6.52,4.001400000000002
Cn1ncc(CC(=O)N[C@H]2CC[C@H](CCN3C[C@@H]4C[C@]4(c4cc(C(C)(F)F)on4)C3)CC2)n1,6.52,2.7959000000000014
COc1cc2c(cc1OC)[C@@H]1Cc3ccc(O)c(OC)c3CN1CC2,6.52,3.073500000000001
O=C(CC1CC1)N[C@H]1CC[C@H](CCN2CCC(c3cccc4c3OCO4)CC2)CC1,6.52,4.459900000000004
COc1ccc2c(c1)c(C1=CCNCC1)cn2S(=O)(=O)c1cccc2ncccc12,6.52,3.8118000000000025
CCN1C(=O)c2ccccc2[S+]([O-])c2ccc(C(=O)NCc3ccc(OC)cc3)cc21,6.52,3.772000000000002
CC(=O)c1ccc(CSc2nc3ccccc3n2Cc2ccc(Cl)cc2)cc1,6.52,6.232900000000004
CCCN1CCN(c2cccc(OC)c2)CC1,6.52,2.2272
O=S(=O)(CC1CCN(CCCc2noc3cc(F)ccc23)C1)c1cccc(C(F)(F)F)c1,6.52,4.714100000000005
Cc1ncc(CC(=O)NC2CC3CCC(C2)N3CCN2CCc3sc(OCC(F)(F)F)nc3C2)s1,6.52,3.5615200000000025
Cc1cc(OCCCN2CCN(c3ccccc3)CC2)ccc1Cl.Cl.Cl,6.52,5.083120000000006
C[C@@H](Oc1ccc2c(n1)CCN(CC[C@H]1CC[C@H](NC(=O)c3cccc(=O)n3C)CC1)CC2)C(F)(F)F,6.52,3.889400000000003
COc1ccccc1N1CCN(CCNC(=O)c2cc(Br)c3ccccc3c2OC)CC1,6.52,4.1715000000000035
O=C(CC1CCC1)N[C@H]1CC[C@H](CCN2CCC(c3cccc4c3CCO4)CC2)CC1,6.52,5.056200000000005
CN1CCCC[C@H]1CCN1c2ccccc2Sc2ccc([S+](C)[O-])cc21,6.52,4.901100000000005
O=C1CCc2ccc(OCCCCNCC3CC3c3cccc4ccccc34)cc2N1,6.52,5.276800000000005
CCc1nc2c(o1)C(=O)N(CCN1CCN(c3nsc4ccccc34)CC1)CC2,6.52,2.667200000000001
Cc1cccc(N2CCN(CCCCNC(=O)c3ccc4ccccc4c3)CC2)c1C,6.52,4.788840000000004
COCCC(=O)N[C@H]1CC[C@H](CCN2CCN(c3nccc4sccc34)CC2)CC1,6.52,3.5199000000000025
O=C(C[C@H]1COCCO1)N[C@H]1CC[C@H](CCN2CCN(c3cccc4c3OCO4)CC2)CC1,6.52,2.4078999999999997
COc1ccccc1N1CCN(CC(O)CN2C(=O)NC(C)(c3ccccc3F)C2=O)CC1.Cl,6.52,2.2062000000000004
CN1C[C@H](C(=O)N[C@@H](Cc2ccc([N+](=O)[O-])cc2)C(=O)N[C@@H](CCC2CCCCC2)C(=O)N2CCCC(C(N)=O)C2)C=C2c3cccc4[nH]cc(c34)C[C@H]21,6.52,4.242500000000002
CCOc1ccccc1N1CCN(CC(O)CN2C(=O)NC(C)(c3ccccc3)C2=O)CC1.Cl,6.52,2.4572000000000007
Cc1ccc2c(c1)[C@@H]1c3cc(O)c(O)cc3CC[C@H]1NC2,6.52,2.956120000000001
COc1ccccc1N1CCN(CCCN2C(=O)c3ccccc3C2=O)CC1.O=C(O)C(=O)O,6.52,1.6590999999999998
O=C1c2[nH]ncc2CCN1CCN1CCC(c2noc3ccccc23)CC1,6.51,2.4288
Cc1ncoc1-c1nnc(SCCCN2CC[C@]3(C[C@H]3c3ccc(C(F)(F)F)cc3F)C2)n1C,6.51,5.298220000000005
O=C(O)C(=O)O.O=C1CCc2ccc(OCCCCN3CCC(n4c(=O)[nH]c5cc(Cl)ccc54)CC3)cc2N1,6.51,3.519400000000001
COc1ccc(-c2ccccc2N2CCN(CCCCCC(=O)N[C@@H](C)c3ccc(C#N)cc3)CC2)cc1,6.51,5.7936800000000055
Cn1cc(-c2ccc3c(c2)c(C2CCN(CCN4CCNC4=O)CC2)cn3-c2ccc(F)cc2)nn1,6.51,3.769700000000002
COc1cc(CN2CCN(c3ccccc3OC)CC2)ccc1OCCF,6.51,3.3743000000000025
O=C(NCCCN1CCN(c2ncccn2)CC1)NN(Cc1ccc(F)cc1)c1ccccc1,6.51,3.0488000000000017
Cc1ncoc1-c1nnc(SCCCN2C[C@H]3CCN(c4cccc(C#N)c4)[C@H]3C2)n1C,6.51,3.3431000000000024
CN1C(=O)c2ccccc2[S@+]([O-])c2ccc(C(=O)NCc3cccnc3)cc21,6.51,2.768300000000001
CCN(CCN1CCC(c2noc3cc(F)ccc23)CC1)S(=O)(=O)CCO,6.51,1.7902999999999998
Cc1noc(-c2ccc(CSc3nc4ccccc4n3Cc3ccc(Cl)cc3)cc2)n1,6.51,6.388720000000005
Cc1ncc(OCC(=O)N[C@H]2CC[C@](F)(CCN3CCc4ccc(OCC(F)(F)F)nc4CC3)CC2)cn1,6.51,3.757920000000002
CC(C)(C)c1cc(N2CCN(CCCCNC(=O)N3CCc4[nH]c5ccccc5c4C3)CC2)nc(C(C)(C)C)n1,6.51,5.223000000000005
O=S(=O)(c1ccc(F)cc1)C1(F)CCN(CCc2ccc(F)cc2F)CC1,6.51,3.8819000000000035
O=C1c2cn[nH]c2CCN1CCN1CCC(c2noc3ccccc23)CC1,6.51,2.4288
CCn1c(C(=O)N[C@H]2CC[C@H](CCN3CCc4ccc(OCC(F)F)nc4CC3)CC2)cccc1=O,6.51,3.686600000000002
Cn1cc2c(C(=O)N[C@H]3CC4(C3)C[C@](F)(CCN3CCc5nc(OCC(F)(F)F)sc5CC3)C4)cccc2n1,6.51,4.842500000000005
CN1CCc2cc(Cl)c(O)cc2[C@H]2c3cccc(-c4cc(F)cc(F)c4)c3CC[C@@H]21,6.51,5.925400000000005
Cc1ccc(CN2CCC(CC(=O)N3c4ccccc4CC3C)CC2)cc1C,6.51,4.883340000000005
CCN1CCN(c2cccc3c2CN(S(=O)(=O)c2ccccc2)C3)CC1,6.51,2.5330000000000004
O=C(N[C@H]1CC[C@H](CCN2CCC(c3cccc4c3CCO4)CC2)CC1)C1(O)CCC1,6.51,3.7810000000000024
O=c1c2ncccc2ccn1CCN1CCC(c2noc3cc(F)ccc23)CC1,6.51,3.5564000000000027
COc1cc2c(cc1O)CN(Cc1ccccc1CNC(=O)c1ccc3ccccc3c1)CC2,6.51,5.0423000000000044
O=C(C[C@H]1CCCCO1)N[C@H]1CC[C@H](CCN2CCN(c3cccc4c3OCO4)CC2)CC1,6.51,3.561600000000001
C[C@@H](O)[C@@H]1NC(=O)[C@H](CCCCN)NC(=O)[C@@H](Cc2c[nH]c3ccccc23)NC(=O)[C@H](Cc2ccccc2)NC(=O)[C@H](Cc2ccccc2)NC(=O)[C@H](CCCNC(=N)N)NC(=O)[C@H](NCCSC[C@@H]2C[C@@H]3c4cccc5[nH]cc(c45)C[C@H]3N(C)C2)CCCCNC(=O)[C@H](Cc2ccccc2)NC1=O,6.51,3.7381699999999976
O=C(NCCCCN1CCN(c2ccccc2F)CC1)c1ccc2ccccc2c1,6.51,4.311100000000003
CC(C)(C)OC(=O)N[C@H]1CC[C@H](CN2CCN(c3cccc(Cl)c3Cl)CC2)CC1,6.51,5.198900000000005
CC(C)CN1CCN2c3cccc4[nH]cc(c34)CC2C1,6.51,2.8706000000000014
Br.Oc1cc2c(c(Cl)c1O)CCNCC2c1ccccc1,6.51,3.606700000000002
Cc1ncccc1C(=O)N[C@H]1CC[C@H](CCN2CCc3sc(OCC(C)(F)F)nc3C2)CC1,6.51,4.617520000000004
Cc1cc(-c2ccccc2)n(C2CCN(Cc3ccccc3)CC2)n1,6.51,4.6956200000000035
CCC(F)(F)c1conc1C1(F)CCN(CC[C@H]2CC[C@H](NC(=O)Cc3cnc(C)s3)CC2)CC1,6.51,5.509720000000005
Cn1cnc2c1C(=O)N(CCN1CCC(c3noc4ccccc34)CC1)CCC2,6.51,2.829300000000001
Cc1nc(C)c2c(=O)n(CCN3CCC(c4noc5ccccc45)CC3)ccc2n1,6.51,3.429140000000002
Cc1ccn(CCCCN2CCN(c3cc(C(F)(F)F)nc(C(C)(C)C)n3)CC2)c(=O)n1,6.51,3.2604200000000017
COc1ccccc1N1CCN(CCCCCC(=O)NCc2ccc(C#N)cc2)CC1,6.51,3.565680000000002
CN[C@@H]1Cc2cccc3c2n(c(=O)n3CCOCCOCCOCCOc2ccc3c(c2)NC(=O)CC3)C1,6.51,1.9605999999999997
CC(=O)c1cccc2c1-c1cccc3c1[C@@H](C2)N(C)CC3,6.51,3.641300000000003
CN(C)Cc1c(C(=O)NCCCCN2CCN(c3cc(C(F)(F)F)nc(C(C)(C)C)n3)CC2)[nH]c2ccccc12,6.51,4.668000000000004
COc1ccc(Br)cc1-c1nc(CNCCC2CCN(Cc3ccccc3)C2)co1,6.51,5.114500000000004
CCc1c(C)c2n(c1C)[B-](F)(F)[N+]1=C3C=CC=C(NCCCCN4CCN(c5ccccc5OC)CC4)N3[B-](F)(F)[N+]1=C2,6.51,3.963040000000004
c1ccc(Cc2cc(C3CCN(Cc4ccccc4)CC3)[nH]n2)cc1,6.51,4.380100000000003
O=c1[nH]c2cccc(OC3CCN(CCC4CCc5[nH]c6ccc(F)cc6c5C4)CC3)c2o1,6.51,4.779900000000004
CC(C)(C)c1cc(N2CCN(CCCCNC(=O)N3CCc4c([nH]c5ccccc45)C3)CC2)nc(C(C)(C)C)n1,6.51,5.223000000000005
O=C(CC1(O)CCOCC1)N[C@H]1CC[C@H](CCN2CCC(c3cccc4c3OCO4)CC2)CC1,6.51,3.591400000000002
Cc1nc(N)sc1CCCN/C(N)=N/C(=O)NC(C)c1cccc(F)c1,6.5,2.4805200000000003
CC1CCN(CC[C@H]2CCCN2S(=O)(=O)c2cccc(O)c2)CC1,6.5,2.667300000000001
CCC(Oc1cc(Cl)ccc1Cl)c1nc(N)nc(N2CCN(C)CC2)n1,6.5,3.0425000000000013
CCCN(CCCCN1CCN(c2cccc(Cl)c2Cl)CC1)Cc1ccc2ccccc2c1,6.5,6.961000000000008
COc1ccc(/C=C/C(=O)NCCCCN2CCc3ccc(OS(=O)(=O)C(F)(F)F)cc3C2)cc1,6.5,3.8915000000000033
Nc1nc2cc3c(cc2s1)CCN(Cc1cnco1)CC3,6.5,2.4673000000000007
O=C(NCC[C@H](O)CN1CCN(c2cccc(Cl)c2Cl)CC1)c1cnc2ccccc2c1,6.5,3.8446000000000033
O=C(NCCC(O)CN1CCN(c2cccc(Cl)c2Cl)CC1)c1ccc2c(c1)Cc1ccccc1-2,6.5,4.867600000000005
CN1CCc2ccc3c4c2[C@H]1Cc1cccc(c1-4)C3=O,6.5,2.983100000000001
C[C@H](O)CN1CCN(c2cccc(Cl)c2Cl)CC1,6.5,2.496200000000001
CCOCCOCc1ccc(C(=O)NCCCN2CCN(c3ccccc3OC)CC2)cc1,6.5,3.1904000000000012
c1ccc(CN2CC3COc4ccccc4C3C2)cc1,6.5,3.2946000000000017
O=C(/C=C/c1cnc2ccccc2c1)NCCCCN1CCc2ccc(OS(=O)(=O)C(F)(F)F)cc2C1,6.5,4.431100000000003
O=C(/C=C/c1ccccc1)NCCCCN1CCc2ccc(OS(=O)(=O)C(F)(F)F)cc2C1,6.5,3.882900000000003
O=C(/C=C\c1ccccc1)NCCCCN1CCc2ccc(OS(=O)(=O)C(F)(F)F)cc2C1,6.5,3.882900000000003
O=c1[nH]c2c(O)ccc([C@@H](O)CNCCc3cccc(CNCCCc4ccccc4)c3)c2s1,6.5,3.883300000000002
CS(=O)(=O)Oc1ccc2c(c1)CCN(CC[C@H]1CC[C@H](NC(=O)c3cccc4ccccc34)CC1)CC2.Cl,6.5,5.379500000000006
Cc1ccc(-c2ccc(S(=O)(=O)Nc3ccc4c(c3)CCN(C)CC4)cc2)s1,6.5,4.554720000000004
Cn1c(SCCCN2CC3CCN(c4ccccc4C(F)(F)F)C3C2)nnc1-c1ccccn1,6.5,4.588800000000004
Cc1cn(CCCCN2CCN(c3cc(C(F)(F)F)nc(C(C)(C)C)n3)CC2)c(=O)[nH]c1=O,6.5,2.55372
Cc1ccc2c(N3CCN(CCc4ccc5c(c4)NC(=O)CO5)CC3)cccc2n1,6.5,3.2388200000000014
Cn1c(SCCCN2CC3CCN(c4ccc(C(F)(F)F)cc4)C3C2)nnc1-c1cccnn1,6.5,3.983800000000003
Cn1c(=O)ccc2cc(/C=C/C(=O)NCCCCN3CCc4ccc(OS(=O)(=O)C(F)(F)F)cc4C3)ccc21,6.5,3.7348000000000026
CS(=O)(=O)c1cccc(/C=C/C(=O)N[C@H]2CC[C@H](CCN3CCc4cc(C#N)ccc4C3)CC2)c1.Cl,6.5,4.520180000000005
CCN(CC)Cc1ccc(-c2cc(S(=O)(=O)CC)ccc2OC)[nH]1,6.5,3.325700000000002
COc1ccccc1N1CCC2CN(CCCSc3nnc(-c4cnccn4)n3C)CC21,6.5,2.973600000000001
CCS(=O)(=O)c1ccc(OC)c(-c2ccc(C(C)N3CCCCC3)[nH]2)c1,6.5,4.030800000000003
CCS(=O)(=O)c1ccc(OC)c(-c2ccc(CN3CCCCCCC3c3ccccc3)[nH]2)c1,6.5,5.991300000000006
COc1ccc2c(c1OC)-c1c(Br)ccc3c1[C@H](C2)N(C)CC3,6.5,4.218400000000004
COc1ccccc1C(c1ccccc1OC)N1CCN(CCCCNC(=O)c2ccc3ccccc3c2)CC1,6.5,5.774200000000005
COc1ccccc1N1CCN(CCCCN2Cc3ccccc3C2=O)CC1,6.5,3.253400000000002
Cc1cnc(-c2cccc(C(=O)N[C@H]3CC[C@H](CCN4CCc5ccc(OS(C)(=O)=O)cc5CC4)CC3)c2)o1.Cl,6.5,5.1897200000000066
OC1(c2ccc(Cl)c(C(F)(F)F)c2)CCN(CCCC=C(c2ccc(F)cc2)c2ccc(F)cc2)CC1,6.5,7.832500000000007
Cc1ccc2c(C(=O)N[C@H]3CC[C@H](CCN4CCc5ccc(S(C)(=O)=O)cc5CC4)CC3)cccc2n1.Cl,6.5,5.148020000000006
COc1ccc(CCCN2CCC(CCC(=O)c3cc(Cl)c(N)c4c3OCCO4)CC2)cc1OC,6.5,5.018300000000004
COc1cccc(/C=C/C(=O)NCCCCN2CCc3ccc(OS(=O)(=O)C(F)(F)F)cc3C2)c1,6.5,3.8915000000000033
CCCN(CCC)[C@@H]1CCc2cc(CCc3ccc(/C(C)=N\O)cc3)ccc2C1,6.5,5.6493000000000055
CCCN(CCC)C1CCc2cc(CCc3ccc(O)cc3)ccc2C1,6.5,5.156700000000006
CCCN(CCC)[C@@H]1CCc2c(ccc(C(O)Cc3ccc(Cl)cc3)c2OC)C1,6.5,5.604000000000007
COc1cc2c(cc1OC)Oc1c(O)ccc3c1[C@@H](C2)N(C)CC3,6.5,3.286800000000002
CS(=O)(=O)Oc1cccc2c1CC[C@H]1[C@H]2CCN1CCCCNC(=O)c1ccc(-c2ccccc2)cc1,6.5,5.006300000000005
O=S(=O)(NC1CCN(CCOc2ccccc2)C1)c1ccc(Cl)s1,6.5,2.833100000000001
CS(=O)(=O)Oc1cccc2c1CCC1C2CCCN1CCCCNC(=O)c1ccc(-c2ccccc2)cc1,6.5,5.396400000000005
COc1cc(CCN(C)C)c2c(c1OC)-c1ccccc1CC2,6.5,3.573500000000003
O=C(NCCCCN1CC[C@H]2c3ccc(O)cc3CC[C@@H]21)c1ccc(-c2ccccc2)cc1,6.5,5.373500000000005
CS(=O)(=O)Oc1ccc2c(c1)CCN(CC[C@H]1CC[C@H](NC(=O)c3cccc(-c4ncccn4)c3)CC1)CC2.Cl,6.5,4.6833000000000045
Cl.O=C1c2cccc3cccc(c23)N1CCCCCCN1CCN(c2ccccc2F)CC1,6.5,5.743500000000005
Cc1cc(CC(=O)N[C@H]2CC[C@H](CCN3CCN(c4cccc5c4OCO5)CC3)CC2)on1,6.5,3.1415200000000016
C[C@@H]1OC(c2ccccc2)=N[C@H]1CN1CCN(c2ccccc2)CC1,6.5,3.0427000000000017
Cl.Fc1ccc(CCCCN2CCc3ccccc3C2)cc1,6.5,4.628500000000004
COc1ccc2c(c1)CCN1Cc3ccccc3CC21,6.5,3.3507000000000025
CC1(C)[C@@H]2CC[C@]13CCN(CCN1CCN(c4cccc(Cl)c4)C1=O)C3C2,6.5,4.482600000000004
COCC1[C@@H]2CC[C@H]1CN(CCN1CCN(c3cccc(Cl)c3)C1=O)C2,6.5,3.1864000000000017
N#Cc1ccc2c(c1)CCN(CC[C@H]1CC[C@H](NC(=O)c3cc4ccccc4[nH]3)CC1)CC2,6.5,4.819080000000004
CCCN(CCCCNC(=O)c1ccc(-c2ccccc2)cc1)C1CCc2ccccc2C1,6.5,6.133100000000007
COc1cc2c3c(c1O)-c1cc([N+](=O)[O-])ccc1CC3N(C)CC2,6.5,3.0611000000000015
COc1cccc2c1CCC(N(C)CCCCNC(=O)c1ccc(-c3ccccc3)cc1)C2,6.5,5.361500000000005
c1ccc(CN2CCC(n3cccc3-c3cnco3)CC2)cc1,6.5,3.9802000000000026
Cc1ccc2c(-c3nnc(SCCCN4CCc5ccc(-c6cc(C)nn6C)cc5CC4)n3C)cccc2n1,6.5,5.630640000000005
Cc1ccc(C(=O)N[C@H]2CC[C@H](CCN3CCN(c4nccc5c4CCO5)CC3)CC2)cn1,6.5,3.2208200000000016
O=c1c2cnccc2ccn1CCN1CCN(c2nsc3ccccc23)CC1,6.5,2.828400000000001
O=C(N[C@H]1CC[C@H](CCN2CCC(c3cccc4c3CCO4)CC2)CC1)c1ccccc1,6.5,5.1798000000000055
CCNC(=O)Nc1cccc(CCN2CCN(c3cccc4nc(C)ccc34)CC2)c1,6.5,4.049320000000003
COc1ccc(C)cc1CN1CCN(C2CCc3cccc4c3N(C2=O)C(C)(C)C4)CC1,6.5,3.8039200000000033
O=C1NCN(c2ccccc2)C12CCN([C@@H]1Cc3cccc4cccc1c34)CC2,6.499996931948306,3.8655000000000026
CN(CCCCOc1ccc2c(c1)NC(=O)CC2)CC1CC1c1cccc(Cl)c1Cl,6.49,5.772600000000006
CN(C)C(=O)N[C@H]1CC[C@H](CCN2CCN(c3nccc4c3CCO4)CC2)CC1,6.49,2.3586
CC(C)n1ncc2c1CCN(CCN1CCN(c3nsc4ccccc34)CC1)C2=O,6.49,2.8942000000000014
CC(C)Oc1ccc2[nH]cc(C3=CCN(Cc4ccccc4)CC3)c2c1,6.49,5.244400000000005
COc1ccccc1OCCNCC1OCCOC1(c1ccccc1)c1ccccc1,6.49,4.022800000000003
CCN(CCCCOc1ccc2c(c1)NC(=O)CC2)CC1CC1c1cc(F)ccc1OC,6.49,5.003600000000005
O=c1[nH]cnc2ccc(CCCCCN3CCN(c4cccc5sccc45)CC3)cc12,6.49,4.672800000000005
Clc1cccc(N2CCN(Cc3cccnc3)CC2)c1Cl,6.49,3.710600000000002
COCOc1ccc(CNC(=O)CCCCCN2CCN(c3ccccc3-c3ccc(OC)cc3)CC2)cc1,6.49,5.3437000000000054
CCCN1CCC(c2ccc3c(c2)N(S(=O)(=O)c2ccccc2)CC3)CC1,6.49,4.027400000000004
CN(C)C(=O)C(CCN1C[C@H](F)C[C@H]1C(=O)NCCCCN1CCN(c2nsc3ccccc23)CC1)(c1ccccc1)c1ccccc1,6.49,5.191700000000004
O=S(=O)(NC1CCN(CCOc2ccccc2C2CCCC2)CC1)c1cccc(F)c1,6.49,4.305000000000004
COc1ccc(N2CCN(CC[C@@H]3OCCc4cc(C(N)=O)ccc43)CC2)cc1,6.49,2.6202000000000005
O=C1Cc2ccccc2N1CCCCN1CCN(c2cccc(C(F)(F)F)c2)CC1,6.49,4.196900000000004
CN(C1CCN(CCOc2ccccc2C(C)(C)C)CC1)S(=O)(=O)c1ccc(F)cc1,6.49,4.287100000000004
O=C(Cc1ccc2c(c1)OCO2)N[C@H]1CC[C@H](CCN2CCC(c3cccc4c3OCO4)CC2)CC1,6.49,4.631200000000004
COc1ccc(F)cc1C1CC1CN(C)CCCSc1nnc(-c2ccccc2)n1C.Cl,6.49,5.269300000000006
COc1ccccc1N1CCN(CCCCNC(=O)CC2CCCCC2)CC1,6.49,3.684000000000003
CN1CCc2ccc3ncc4cccc5c4c3c2[C@H]1C5,6.49,3.4731000000000023
O=S(=O)(N[C@H]1CCN(CCCc2noc3ccccc23)C1)c1ccc(F)cc1,6.49,2.952300000000001
O=C(C[C@@H]1CCCOC1)N[C@H]1CC[C@H](CCN2CCC(c3cccc4c3OCO4)CC2)CC1,6.49,4.476500000000004
COc1ccccc1N1CCN(CCCCc2cc(-c3ccc(F)cc3)no2)CC1.Cl,6.49,5.056000000000006
CN1CCc2c3c(cc4nc(N)sc24)-c2c(ccc(O)c2O)C[C@H]31,6.48,3.041800000000001
Cn1c(SCCCN2CC[C@]3(C[C@@H]3c3ccc(C(F)(F)F)cc3)C2)nnc1-c1ccsc1,6.48,5.924200000000005
COc1cc2c(cc1OC)[C@@H]1Cc3c(OC)ccc(OC)c3CN1CC2,6.48,3.376500000000002
Clc1ccc(CN2CC=C(c3nc4cc(Cl)ccc4[nH]3)CC2)cc1,6.48,5.159000000000003
Cn1cc2c(C(=O)N[C@H]3CC[C@H](CCN4CCc5ccc(OCC(C)(F)F)nc5CC4)CC3)cccc2n1,6.48,4.781800000000004
CN1CCN(c2nc(N)nc(CSc3ccccc3Cl)n2)CC1,6.48,2.1513
Cc1c(-c2ccccc2)nc(O)n1C1CCN(CCCc2ccccc2)CC1,6.48,4.833820000000005
COc1cccc2c1CCC(N)C2,6.48,1.5112
CN1CCc2cc(Cl)c(O)cc2[C@@H](c2ccc(CN(C)S(=O)(=O)c3ccccc3)cc2)C1,6.48,4.486100000000004
Clc1ccc(Br)c(CN2CCN([C@@H]3CC[C@@]4(c5ccc6c(c5)OCO6)C[C@H]4C3)CC2)c1,6.48,5.4592000000000045
CC(C)c1ccccc1OCCCN1CCC(NS(=O)(=O)c2ccc(F)cc2)CC1,6.48,4.160900000000003
CCS(=O)(=O)N[C@H]1CC[C@H](CCN2CCC(c3cccc4c3CCO4)CC2)CC1,6.48,3.6891000000000025
CC(C)(C)c1nc(N2CCN(CCCCNC(=O)N3CCN(C4CC4)CC3)CC2)cc(C(F)(F)F)n1,6.48,3.184700000000001
O=C(NCCC(O)CN1CCN(c2cccc(Cl)c2Cl)CC1)c1cc2cc(F)ccc2[nH]1,6.48,3.916800000000003
CO[C@@H]1CC[C@@H](CC(=O)N[C@H]2CC[C@H](CCN3CCC(c4cccc5c4OCO5)CC3)CC2)C1,6.48,4.865000000000005
COc1ccccc1N1CCN(CC(F)CCNC(=O)c2cc3ccccc3o2)CC1,6.48,3.7216000000000022
CN1CCN(c2ccc3[nH]nc(S(=O)(=O)c4cccc5ccccc45)c3c2)CC1,6.48,3.3007000000000017
CC1C(SCCCN2CC3CCN(c4ccccc4C(F)(F)F)C3C2)=NN=C1c1ccccc1,6.48,5.791700000000006
C[C@@H](O)[C@@H]1NC(=O)[C@H](CCCCN)NC(=O)[C@@H](Cc2c[nH]c3ccccc23)NC(=O)[C@H](Cc2ccncc2)NC(=O)[C@H](Cc2ccccc2)NC(=O)[C@H](CCCNC(=N)N)NC(=O)[C@H](NCCSC[C@@H]2C[C@@H]3c4cccc5[nH]cc(c45)C[C@H]3N(C)C2)CCCCNC(=O)[C@H](Cc2ccccc2)NC1=O,6.48,3.1331699999999945
C[C@@H](O)[C@@H]1NC(=O)[C@H](CCCCN)NC(=O)[C@@H](Cc2c[nH]c3ccccc23)NC(=O)[C@H](Cc2ccccc2)NC(=O)[C@H](Cc2ccccc2)NC(=O)[C@H](CCCNC(=N)N)NC(=O)[C@H](N(CCSC[C@@H]2C[C@@H]3c4cccc5[nH]cc(c45)C[C@H]3N(C)C2)CCSC[C@@H]2C[C@@H]3c4cccc5[nH]cc(c45)C[C@H]3N(C)C2)CCCCNC(=O)[C@H](Cc2ccc(F)cc2)NC1=O,6.48,7.464370000000017
O=C(C[C@@H]1COCCO1)N[C@H]1CC[C@H](CCN2CCC(c3cccc4c3OCO4)CC2)CC1,6.48,3.465300000000002
C[C@@H]1C[C@@H](C)N1C(=O)[C@@H]1C=C2c3cccc4[nH]cc(c34)CC2N(C)C1,6.48,3.0469000000000017
COc1ccccc1N1CCN(CCCCN2C(=O)C=C(c3ccccc3)C2=O)CC1.O=C(O)C(=O)O,6.48,2.2053999999999996
Cc1ncoc1-c1nnc(SCCCN2CC3CCCN(c4ccc(C(F)(F)F)cc4)C3C2)n1C,6.48,4.880320000000005
Cc1ncc(OCC(=O)N[C@H]2CC[C@H](CCN3C[C@@H]4C[C@]4(c4cc(C(C)(F)F)on4)C3)CC2)cn1,6.48,3.602120000000002
Cc1cc(C)n2c1C=[N+]1[N+](=C3C=CC=C(NCCCCN4CCN(c5cccc(Cl)c5Cl)CC4)N3[B-]1(F)F)[B-]2(F)F,6.48,4.698840000000003
COc1ccc(Br)cc1-c1nc(CN2CCN(c3ccccc3)CC2)co1,6.48,4.434900000000003
O=C(N[C@H]1CC[C@H](CCN2CCC(c3cccc4c3CCO4)CC2)CC1)c1ccc(N2CCS(=O)(=O)CC2)cc1,6.48,4.414600000000004
CS(=O)(=O)N[C@H]1CC[C@H](CCN2CCC(c3cccc4c3CCO4)CC2)CC1,6.48,3.2990000000000013
COC(=O)Cc1ccc(CSc2nc3ccccc3n2Cc2ccc(Cl)cc2)cc1,6.48,5.7458000000000045
C[C@H](CNc1cncc(Cl)n1)N1CCN(c2ccccc2)CC1,6.48,2.752600000000001
Cc1cc2c(C(=O)N[C@H]3CC[C@H](CCN4CCc5ccc(OCC(F)(F)F)nc5CC4)OC3)cccn2n1,6.48,3.7471200000000033
CN1Cc2c(C(=O)N[C@H]3CC[C@H](CCN4CCc5sc(OCC(F)(F)F)nc5C4)CC3)cccc2C1=O,6.48,4.406800000000004
CN(C)CCSC(C)(C)C,6.48,2.0797
O=C1Nc2ccc(F)cc2C1CCCCN1CCN(c2ccccc2)CC1,6.48,3.853900000000003
Cc1ncc(CC(=O)N[C@H]2CC[C@H](CCN3CCC(c4noc(C)c4C(C)(F)F)CC3)CC2)s1,6.48,5.346840000000006
c1ccc(C2=N[C@@H](CN3CCN(c4ccccc4)CC3)CO2)cc1,6.48,2.6542000000000012
CCC(F)(F)c1cc(N2CCC(S(C)(=O)=O)CC2)nc2sc(C(N)=O)c(N)c12,6.48,2.4926
CCCN(CCCCN1C(=O)CC(C)(C)CC1=O)[C@H]1CCc2ccc3[nH]c(C#N)cc3c2C1,6.47755576649368,4.564280000000004
Cc1ccc(S(=O)(=O)N2c3ccc(Cl)cc3N=C(N3CCN(C)CC3)c3ccccc32)cc1,6.47,4.814520000000004
CC(C)CC1Cc2ccccc2N1C(=O)CN1CCN(Cc2ccc(Cl)cc2)CC1,6.47,4.461600000000004
O=C(N[C@H]1CC[C@H](CCN2CCN(c3cccc(Cl)c3Cl)CC2)CC1)C12CC3CC(CC(C3)C1)C2,6.47,6.396900000000007
COc1cccc(OC)c1C(=O)NN1c2ccc(Cl)cc2N=C(N2CCN(C)CC2)c2ccccc21,6.47,4.479400000000004
CC(C)(C)c1nc(N2CCN(CCCCNC(=O)N3CCN(c4ccc(C#N)cc4)CC3)CC2)cc(C(F)(F)F)n1,6.47,4.098580000000004
CC(C)(C)c1nc(N2CCN(CCCCNC(=O)C3CCN(Cc4ccccc4)CC3)CC2)cc(C(F)(F)F)n1,6.47,4.723500000000004
CC1(CCN2CCN(c3noc4ccccc34)CC2)CCc2cccnc2C1=O,6.47,3.5703000000000022
Clc1cccc(CN2CC=C(c3nc4ccccc4s3)CC2)c1,6.47,5.239000000000003
Cn1c(SCCCN2CC[C@]3(C[C@@H]3c3ccc(C(F)(F)F)cc3)C2)nnc1C1=CCC(=O)N=C1,6.47,4.580200000000004
CC(C)(C)c1cc(N2CCN(CCCCNC(=O)N3CCN(c4ccccc4)CC3)CC2)nc(C(C)(C)C)n1,6.47,4.505600000000004
CCCN1Cc2ccccc2C2c3cc(O)c(O)cc3OCC21.Cl,6.47,3.6381000000000037
CCOc1ccccc1N1CCN(CCCCc2cc(-c3ccccc3)no2)CC1.Cl,6.47,5.307000000000007
Cl.O=S1(=O)c2cccc3cccc(c23)N1CCCCCCN1CCN(c2ccc(Cl)cc2)CC1,6.47,5.806300000000006
N#Cc1ccc2cc(C(=O)NCCCCN3CCN(c4cccc(Cl)c4Cl)CC3)[nH]c2c1,6.47,4.678580000000004
O=C(N[C@H]1CC[C@H](CCN2CCN(c3nccc4c3CCO4)CC2)CC1)c1ccc(F)cc1,6.47,3.656500000000002
COc1ccccc1N1CCN(Cc2cn(-c3ccc(OCCCF)cc3)nn2)CC1,6.47,3.336500000000002
Cn1cc(OCC(=O)N[C@H]2CC[C@](F)(CCN3CCc4nc(OCC(F)(F)F)sc4CC3)CC2)cn1,6.47,3.4545000000000012
Cn1c(=O)c2c(nc3n(CCCCCN4CCN(c5ccccc5O)CC4)c(=O)ccn23)n(C)c1=O,6.47,0.7447000000000001
CCCN1CCc2cccc3c2[C@H]1Cc1cccc(OC(=O)CCCC[C@H]2CCSS2)c1-3,6.47,6.838400000000007
Cn1cc2c(C(=O)N[C@H]3CC[C@H](CCN4CCc5sc(OCC(C)(F)F)nc5C4)CC3)c(F)ccc2n1,6.47,4.939900000000004
CCCCC(=O)Oc1cccc2c1-c1cccc3c1[C@@H](C2)N(CCC)CC3,6.47,5.314500000000005
Cc1c(F)cccc1C(=O)N[C@H]1CC[C@H](CCN2CCc3nc(OCC(C)(F)F)sc3CC2)OC1,6.47,4.392920000000004
CN(C)C1CCc2cc(O)c(O)cc2C1,6.47,1.5166999999999997
COc1cccc2c1C1CCN(CCc3ccccc3)[C@@H]1CC2,6.4698003017969175,4.042000000000003
Cn1c(SCCCN2CC[C@]3(C[C@@H]3c3ccc(C(F)(F)F)cc3)C2)nnc1-c1cccs1,6.46,5.924200000000005
Cc1ncoc1-c1nnc(SCCCN2CC[C@]3(CC3c3ccc(C(F)(F)F)cc3)C2)n1C,6.46,5.159120000000005
C=CCN1CCc2c(cc(O)c(O)c2Br)[C@@H](c2ccccc2)C1,6.46,4.036300000000004
Cn1nc2c(c1C(F)(F)F)C(=O)N(CCN1CCN(c3nsc4ccccc34)CC1)CC2,6.46,2.8691000000000013
COc1ccc2c(c1)C[C@H]1c3cc(O)c(OC)cc3CCN1C2,6.46,3.0649000000000015
Cc1cnc(CC(=O)N[C@H]2CC[C@H](CCN3C[C@@H]4C[C@]4(c4cc(C(C)(F)F)on4)C3)CC2)o1,6.46,3.963820000000003
CN1CCN(C2=Nc3cc(Cl)ccc3N(NC(=O)c3cccc(I)c3)c3ccccc32)CC1,6.46,5.066800000000005
Cn1cc(OCC(=O)N[C@H]2CC[C@H](CCN3CCc4sc(OCC(C)(F)F)nc4C3)CC2)cn1,6.46,3.4128000000000025
O=C(N[C@H]1CC[C@H](CCN2CCC(c3cccc4c3OCO4)CC2)CC1)C(F)(F)F,6.46,4.222100000000004
Cc1cc(CC(=O)N[C@H]2CC[C@H](CCN3CCC(c4nocc4C(C)(F)F)CC3)CC2)on1,6.46,4.569920000000004
Cc1ncc(/C=C/C(=O)N[C@H]2CC[C@H](CCN3CCc4ccc(OCC(F)F)nc4CC3)CC2)cn1,6.46,4.003020000000003
O=C(N[C@H]1CC[C@H](CCN2CCC(c3cccc4c3OCO4)CC2)CC1)c1ccc2c(c1)OCCO2,6.46,4.744800000000004
CC(C)(C)c1nc(N2CCN(CCCSc3nccc(O)n3)CC2)cc(C(F)(F)F)n1,6.46,3.592900000000003
Cc1ncoc1-c1nnc(SCCCCN2CCC3CCN(c4ccc(C(F)(F)F)cc4)C3C2)n1C,6.46,5.270420000000006
O=C1c2ccc(F)cc2CCC1C1CCN(CCc2ccccc2)CC1,6.46,4.5255000000000045
CN(C)c1ccc(C(=O)NCCCCN2CCC(c3cccc(O)c3)C2)cc1,6.46,3.4577000000000027
Cn1ncc(CC(=O)N[C@H]2CC[C@](F)(CCN3CCc4ccc(OCC(F)(F)F)nc4CC3)CC2)n1,6.46,2.9517000000000007
O=S(=O)(NC1CCN(CC(O)COc2ccccc2-c2ccccc2)CC1)c1cccc(Cl)c1,6.46,4.189600000000005
CCC(=O)N[C@H]1CC[C@H](CCN2CCC(c3cccc4c3CCO4)CC2)CC1,6.46,4.276000000000003
COc1ccccc1N1CCN(CCCCOc2cc(O)c3c(c2)OC(c2ccc(C)cc2)CC3=O)CC1,6.46,5.396920000000005
O=C(CCO)N[C@H]1CC[C@H](CCN2CCC(c3cccc4c3CCO4)CC2)CC1,6.46,3.248400000000002
CCCN(CCC)CCCOc1ccc(-c2nc3ccccc3n2C/C=C/Cn2c(-c3ccc(OCCCN(CCC)CCC)cc3)nc3ccccc32)cc1,6.46,10.758199999999993
Cc1cccc(S(=O)(=O)NCCN2CC=C(c3c(C)[nH]c4ccc(Cl)cc34)CC2)c1,6.46,4.505740000000004
c1ccc(CCN2CCC(c3c(-c4ccccc4)[nH]c4ccccc34)CC2)cc1,6.46,6.257000000000006
O=C(N[C@H]1CC[C@H](CCN2CCC(c3coc4ccccc34)CC2)CC1)c1ccc(N2CCCCC2)cc1,6.46,6.981400000000008
COc1ccc(N2CCN(CCC3OCCc4cc(C(N)=O)ccc43)CC2)cc1,6.46,2.6202000000000005
Cc1ccc(N2CCN(Cc3ccc4c(c3)OCC(=O)N4)CC2)cc1C,6.46,2.9565400000000013
CCN(CCN1CCC(n2ncc3cc(F)ccc32)CC1)S(=O)(=O)C(C)CO,6.46,1.8447999999999993
Cn1ccc(CN2CCc3cc4nc(N)sc4cc3CC2)n1,6.46,2.2128000000000005
CCCCn1cc(CCCOc2ccc(C(=O)NCCCN3CCCN(c4ccc(O)c5[nH]c(=O)ccc45)CC3)cc2OC)nn1,6.46,3.9777000000000022
CCCN1CCC(c2cccc(O)c2)CC1,6.46,2.981600000000001
O=C(CC(F)(F)F)N[C@H]1CC[C@H](CCN2CCC(c3cccc4c3CCO4)CC2)CC1,6.46,4.818400000000005
Clc1cccc(N2CCN(Cc3cccc4ccccc34)CC2)c1Cl,6.46,5.468800000000004
CC(C)(C)C1CCC(C(=O)N[C@H]2CC[C@H](CCN3CCC(c4coc5ccccc45)CC3)CC2)CC1,6.46,7.529800000000009
C[C@@H](O)[C@@H]1NC(=O)[C@H](CCCCN)NC(=O)[C@@H](Cc2c[nH]c3ccccc23)NC(=O)[C@H](Cc2ccncc2)NC(=O)[C@H](Cc2ccccc2)NC(=O)[C@H](CCCNC(=N)N)NC(=O)[C@H](N(CCSC[C@@H]2C[C@@H]3c4cccc5[nH]cc(c45)C[C@H]3N(C)C2)CCSC[C@@H]2C[C@@H]3c4cccc5[nH]cc(c45)C[C@H]3N(C)C2)CCCCNC(=O)[C@H](Cc2ccc(O)cc2)NC1=O,6.46,6.425870000000002
COc1ccc2[nH]cc(C3CCN(CCCN4C(=O)CC(c5c[nH]c6ccccc56)C4=O)CC3)c2c1,6.46,4.770000000000004
Cn1c(SCCCN2CC[C@]3(C[C@@H]3c3ccc(C(F)(F)F)cc3)C2)nnc1-c1ccc(C#N)cc1,6.46,5.734380000000006
O=C(CCOCCN1CCN(c2ccccc2-c2ccccc2)CC1)NCc1ccc(C(F)(F)F)cc1,6.46,5.217500000000005
CC(C)(C)OC(=O)N[C@H]1CC[C@H](CN2CCc3ccccc3C2)CC1,6.45,4.128200000000003
Cn1c(SCCCN2CC[C@]3(C[C@@H]3c3ccc(C(F)(F)F)cc3)C2)nnc1-c1ccc(C(N)=O)cc1,6.45,4.961600000000004
CN[C@@H]1Cc2cccc3ncn(c23)C1,6.45,1.1803999999999997
CC(C)Oc1ccccc1N1CCN([C@H]2CC[C@@H](NS(=O)(=O)c3cc(Cl)ccc3F)CC2)CC1,6.45,4.678000000000004
O=C(NCCN(CCCN1CCN(c2ccccc2)CC1)C1CCc2ccc(O)cc2C1)c1ccccc1,6.45,4.193800000000004
CCN(CCCN1CCC(c2noc3cc(F)ccc23)CC1)C(=O)[C@H](C)O,6.45,2.765700000000002
CC[C@@H](O)CC(=O)N[C@H]1CC[C@H](CCN2CCC(c3cccc4c3CCO4)CC2)CC1,6.45,4.027000000000004
Cn1c(SCCCN2CC3CCN(c4ccc(C(F)(F)F)cc4)C3C2)nnc1-c1ccc(=O)[nH]c1,6.45,3.882100000000002
CCCN1CCc2cccc3c2[C@H]1Cc1cccc(N)c1-3,6.45,3.8011000000000017
O=C(CC1CCOCC1)N[C@H]1CC[C@H](CCN2CCC(c3cccc4c3OCO4)CC2)CC1,6.45,4.476500000000004
O=c1[nH]c2[nH]c(-c3ccccc3Cl)cc2c(=O)n1CCN1CCN(c2ccccc2Cl)CC1,6.45,3.813900000000003
CC(C)(C)c1nc(N2CCN(CCCCNC(=O)N3CCN(c4ccnc5cc(Cl)ccc45)CC3)CC2)cc(C(F)(F)F)n1,6.45,5.428500000000005
Cc1cn(CCCCN2CCN(c3cc(C(F)(F)F)nc(C(C)(C)C)n3)CC2)c(=O)n(C)c1=O,6.45,2.564120000000001
CCC(C)C(=O)N[C@H]1CC[C@H](CCN2CCC(c3cccc4c3OCO4)CC2)CC1,6.45,4.705900000000004
CC(C)(C)c1nc(N2CCN(CCCCN3C(=O)COc4ccccc43)CC2)cc(C(F)(F)F)n1,6.45,4.120700000000003
O=C(N[C@H]1CC[C@H](CCN2CCC(c3coc4ccccc34)CC2)CC1)c1ccc(C2CC2)cc1,6.45,6.868500000000007
CN(C)[C@@H]1CCN(c2cc(-c3ccccc3)nc3ccnn23)C1,6.45,2.536600000000001
Cc1nc(N)sc1CCCN/C(N)=N/C(=O)NCC(C)CCc1ccccc1,6.45,2.849120000000001
Cc1ncoc1-c1nnc(SCCCN2CC[C@H]3CCN(c4ccc(C(F)(F)F)cc4)[C@H]3C2)n1C,6.45,4.880320000000005
CN1CCN(c2nc(N)nc(CCCOc3ccc(Cl)c(Cl)c3)n2)CC1,6.45,2.524
Clc1ccc(SCCNCCCOc2ccccc2)cc1,6.45,4.490800000000004
N#Cc1ccccc1N1CCN(CCCN2C(=O)CCc3ccccc32)CC1.O=C(O)C(=O)O,6.45,2.2053800000000003
O=S(=O)(c1ccccc1)N1CCc2c(N3CCN(C4CCC4)CC3)cccc21,6.45,3.1125000000000016
CN1CCN(c2ccc3[nH]nc(S(=O)(=O)c4ccccc4)c3c2)CC1,6.45,2.1475
Cn1nc(Br)c2c1CCN(CCN1CCN(c3nsc4ccccc34)CC1)C2=O,6.44,2.612800000000001
CN(C1CCN(CCOc2ccccc2C(C)(C)C)CC1)S(=O)(=O)c1ccccc1,6.44,4.148000000000004
Cc1cc(N2CCN(CCCCNC(=O)c3cn4ccccc4n3)CC2)nc(C(C)(C)C)n1,6.44,3.0624200000000013
CC(C)(C)c1cc(N2CCN(CCCCNC(=O)c3cn4ccccc4n3)CC2)nc(C(C)(C)C)n1,6.44,4.051500000000003
O=C1c2ccc(F)cc2CC1CCN1CCCN(c2ccc(Cl)cn2)CC1,6.44,3.831500000000003
O=C(Nc1cccc(CCN2CCN(c3ccccc3)CC2)c1)Nc1ccccn1,6.44,4.090300000000003
Cl.Clc1ccc(N2CCN(Cc3c[nH]c4ncccc34)CC2)cc1,6.44,3.960300000000002
O=C(CCCCCN1CCN(c2ccccc2-c2ccccc2)CC1)N1CCc2ccccc2C1,6.44,5.620900000000006
COC(CC(=O)N[C@H]1CC[C@H](CCN2CCC(c3cccc4c3CCO4)CC2)CC1)OC,6.44,3.8750000000000027
CC1CN(CCN2CCC(c3noc4ccccc34)CC2)C(=O)c2ccn(C)c21,6.44,3.6052000000000026
Cn1c(SCCCN2CC[C@]3(C[C@@H]3c3ccc(C(F)(F)F)cc3F)C2)nnc1C1CCOCC1,6.44,5.228800000000005
O=C(CCCN1CCc2ccccc2C1)c1ccc(O)cc1,6.44,3.413400000000002
CCc1cc(Cl)c(OC)c(N2CCN(CC(O)CCNC(=O)c3ccc4c(c3)OCO4)CC2)c1,6.44,2.942700000000001
Cn1c(C(=O)N[C@H]2CC[C@H](CCN3CCc4nc(OCC(F)(F)F)sc4CC3)CC2)ccc(F)c1=O,6.44,3.701500000000003
COc1ccccc1N1CCN(CC(O)CN2C(=O)NC(C)(c3ccc(Cl)cc3)C2=O)CC1.Cl,6.44,2.7205000000000017
CC(Sc1cc(Cl)cc(Cl)c1)c1nc(N)nc(N2CCN(C)CC2)n1,6.44,3.365700000000002
CCC(Sc1cc(Cl)cc(Cl)c1)c1nc(N)nc(N2CCN(C)CC2)n1,6.44,3.7558000000000016
COc1ccccc1N1CCN(CCCCN2C(=O)c3ccccc3S2(=O)=O)CC1,6.44,2.442100000000001
O=C(N[C@H]1CC[C@H](CCN2CCC(c3ccc(F)c4occc34)CC2)CC1)C1CCOCC1,6.44,5.243000000000006
O=C(NCN1CCN(c2ccccc2Cl)CC1)c1cccc(Cl)c1,6.44,3.502900000000002
COc1ccccc1-c1cc2c(=O)n(CCN3CCN(c4ccccc4Cl)CC3)c(=O)[nH]c2[nH]1,6.44,3.1691000000000003
Cc1cc(N2CCN(CCCCNC(=O)N3CCN(c4ccccc4)CC3)CC2)nc(C(C)(C)C)n1,6.44,3.5165200000000016
Nc1nc(N)nc(NCCCCN2CCN(c3ccccc3)CC2)n1,6.44,1.0502999999999998
O=C1c2c(Br)nn(Br)c2CCN1CCN1CCN(c2nsc3ccccc23)CC1,6.44,3.2338000000000013
CO[C@H]1CC[C@H](CC(=O)N[C@H]2CC[C@H](CCN3CCC(c4cccc5c4OCO5)CC3)CC2)CC1,6.44,5.255100000000005
O=C(CC1(O)CCCCC1)N[C@H]1CC[C@H](CCN2CCC(c3cccc4c3OCO4)CC2)CC1,6.44,4.745100000000004
Cn1c(SCCCN2CC[C@]3(C[C@@H]3c3ccc(C(F)(F)F)cc3)C2)nnc1-c1ccc(-c2ncco2)cc1,6.44,6.517700000000007
COc1ccccc1-c1cccc(CN2CCN(c3ncccn3)CC2)c1,6.44,3.474400000000002
CSc1ccccc1C1CC1CNCCCCOc1ccc2c(c1)NC(=O)CC2,6.44,4.845500000000004
Cc1ccc(CCCNCCCOc2ccccc2)cc1,6.44,3.9863200000000028
CCC(Oc1cc(Cl)cc(Cl)c1)c1nc(N)nc(N2CCN(C)CC2)n1,6.43,3.0425000000000013
O=C(c1cccc(CN2CCc3c([nH]c4ccccc34)C2)c1)N1CCCCC1,6.43,4.352300000000003
CO/N=C(/c1ccc(Cl)cc1)C(O)CN1CCN(c2ccccn2)CC1,6.43,2.2686
CN1CCN(C2=Nc3cc(Cl)ccc3N(NC(=O)c3ccccc3F)c3ccccc32)CC1,6.43,4.601300000000004
Cn1c(SCCCN2CC3CCN(c4c(F)cccc4C(F)(F)F)C3C2)nnc1-c1cnccn1,6.43,4.122900000000003
CN(CCc1c[nH]c2ccccc12)Cc1ccc(-c2ccccc2)o1,6.43,5.102400000000005
Cc1ncoc1-c1nnc(SCCCN2C[C@@H]3CCN(c4ccccc4)[C@@H]3C2)n1C,6.43,3.471420000000002
Cc1c(-c2ccccc2)cnn1C1CCN(Cc2cccc(Cl)c2)CC1,6.43,5.349020000000005
CC(C)n1ncc2c1CCN(CCN1CCC(c3noc4ccccc34)CC1)C2=O,6.43,3.483100000000002
O=C(N[C@H]1CC[C@H](CCN2CCC(c3cccc4c3OCO4)CC2)CC1)c1ccnc2ccccc12,6.43,5.521800000000006
CCCCCCCCN1CCC(c2cccc(O)c2)C1,6.43,4.542000000000005
CCCN1CC(c2ccccc2)OC2c3cc(O)ccc3CCC21,6.43,4.231600000000004
CCCCCCCN1CCC(c2cccc(O)c2)C1,6.43,4.151900000000003
Cn1c(SCCCN2CC3CCN(c4ccccc4C(F)(F)F)C3C2)nnc1-c1ccc(=O)[nH]c1,6.43,3.882100000000002
CCCN1CCC(n2c(=O)[nH]c3cc(Cl)ccc32)CC1,6.43,3.0299000000000014
CN(C)C[C@@H]1CC2c3ccccc3Oc3ccc(Br)cc3[C@H]2O1,6.43,4.730200000000004
CC(Oc1cc(Cl)ccc1Cl)c1nc(N)nc(N2CCN(C)CC2)n1,6.43,2.652400000000001
Cc1ncc(CC(=O)N[C@H]2CC[C@H](CCN3CCc4sc(OCC(F)F)nc4C3)CC2)s1,6.43,4.217820000000003
COc1ccccc1N1CCN(CCCCNC(=O)c2cc3cccc(OC)c3o2)CC1,6.43,3.7822000000000022
COc1cccc2cc(C(=O)NCCCCN3CCN(c4cccc(Cl)c4Cl)CC3)oc12,6.43,5.080400000000005
CC(C)CS(=O)(=O)n1ccc2c(-c3ccc(C(F)(F)F)cc3)cc(N3CCN(C)CC3)nc21,6.43,4.307800000000004
Cn1c(C(=O)N[C@H]2CC[C@H](CCN3CCc4nc(OCC(F)(F)F)sc4CC3)CC2)cccc1=O,6.43,3.562400000000003
C[C@H]1CO[C@@H](c2ccc(N)nc2)CN1C[C@H]1C[C@H]1CCNC(=O)c1cc2ccccc2[nH]1,6.43,3.363100000000001
CC(C)(C)NC(=O)Cn1c(CCCN2CCN(c3cccc(Cl)c3Cl)CC2)nc2ccccc21,6.43,5.012600000000004
C[C@H](Nc1ccnc(NCCOc2ccc(F)cc2)c1)c1ccccc1,6.43,4.884700000000003
O=C(N[C@H]1CC[C@H](CCN2CCC(c3cccc4c3CCO4)CC2)CC1)C1CCCO1,6.43,4.045000000000003
COc1ccc(-c2ccccc2N2CCN(CCCCCC(=O)NCc3ccc(OCCN4CCOCC4)cc3)CC2)cc1,6.43,5.0720000000000045
O=C(NCCCCN1CCN(c2cccc(O)c2)CC1)c1ccc2ccccc2c1,6.43,3.877600000000003
O=C1[C@@H]2[C@H]3CC[C@H](C3)[C@@H]2C(=O)N1CCCCCCN1CCN(c2ccc(Cl)cc2)CC1,6.43,4.053500000000003
Cn1ncc2ccc(C(=O)N[C@H]3CC[C@H](CCN4CCc5nc(OCC(C)(F)F)sc5CC4)OC3)cc21,6.43,3.8321000000000023
C[C@@H](Oc1ccc2c(n1)CCN(CC[C@]1(F)CC[C@@H](NC(=O)Cc3cnn(C)n3)CC1)CC2)C(F)(F)F,6.43,3.340200000000001
O=C(CN1CCN(Cc2ccc(Cl)cc2)CC1)N1c2ccccc2[C@H]2CCCC[C@H]21,6.42,4.530600000000004
CC(C)CS(=O)(=O)n1ccc2c(-c3ccc4[nH]ccc4c3)cc(N3CCN(C)CC3)nc21,6.42,3.7703000000000024
Cc1ccc(C(=O)NCN2CCN(c3ccccc3C#N)CC2)cc1,6.42,2.3762000000000008
Cc1cc2c(C(=O)N[C@H]3CC[C@H](CCN4CCc5nc(OCC(F)(F)F)sc5CC4)OC3)cccn2n1,6.42,3.808620000000003
Cc1noc2c1C(=O)N(CCN1CCN(c3nsc4ccccc34)CC1)CCC2,6.42,2.803320000000001
CN1CCCc2ccccc2Cc2ccc(O)cc2CCC1,6.42,3.7936000000000023
CC(C)(C)OC(=O)N[C@H]1CC[C@H](CCN2CCc3ccc([N+](=O)[O-])cc3C2)CC1,6.42,4.426500000000004
CN1CCN(C2=Nc3cc(Cl)ccc3N(NC(=O)c3c(F)cccc3C(F)(F)F)c3ccccc32)CC1,6.42,5.620100000000005
CCc1cc([C@]23C[C@H]2CN(CC[C@H]2CC[C@H](NC(=O)/C=C/c4cnc(C)nc4)CC2)C3)no1,6.42,3.6872200000000026
Cn1c(SCCCN2CC3CCN(c4ccc(C(F)(F)F)cc4)C3C2)nnc1-c1ccncc1,6.42,4.588800000000004
O=c1c2cnc(C(F)(F)F)cc2ccn1CCN1CCN(c2nsc3ccccc23)CC1,6.42,3.8472000000000026
Clc1cccc(N2CCN(Cc3csc4ccccc34)CC2)c1Cl,6.42,5.530300000000005
OCCOCCN1CCN(C(c2ccccc2)c2ccc(Cl)cc2)CC1,6.42,3.055900000000001
Cc1ncc(CC(=O)N[C@H]2CC[C@H](CCN3CCC(c4nocc4CC4CC4)CC3)CC2)s1,6.42,4.8792200000000046
Cn1cc2c(C(=O)N[C@H]3CC[C@H](CCN4CC5CC5(c5cc(C6CC6)on5)C4)CC3)cccc2n1,6.42,4.390900000000004
CCCNC1CCc2c(cccc2OC)C1,6.42,2.552100000000001
Cc1nnc2n1CCN(C(=O)NCCCCN1CCN(c3cc(C(F)(F)F)nc(C(C)(C)C)n3)CC1)C2,6.42,2.8204200000000013
Cn1c(N2CCCC2)nc2c(CN3CCN(c4ccc(Cl)c(Cl)c4)CC3)c[nH]c2c1=O,6.42,3.490800000000002
CCn1c(C(=O)N[C@H]2CC[C@H](CCN3CCc4sc(CCC(F)(F)F)nc4C3)CC2)cccc1=O,6.42,4.556600000000004
O=C(NCCC(F)CN1CCN(c2cccc(Cl)c2Cl)CC1)c1ccc(-c2ccccn2)cc1,6.42,5.335600000000005
OC1(c2ccccc2Cl)CCN(Cc2c[nH]c3ccccc23)CC1,6.42,4.304900000000003
O=C1CCc2ccc(OCCCCNCC3CC3c3cccc4c3OCCO4)cc2N1,6.42,3.8948000000000027
CN1CCc2cccc3c2[C@H]1Cc1ccc(OCCCNC(=O)CCCCCCCCCCCCCCCCC(=O)NCCCOc2ccc4c(c2O)-c2cccc5c2[C@@H](C4)N(C)CC5)c(O)c1-3,6.42,11.313999999999991
CC(C)(C)c1nc(N2CCN(CCCCNC(=O)N3CCN(c4ccccc4C#N)CC3)CC2)cc(C(F)(F)F)n1,6.42,4.098580000000004
Fc1ccc(C(OC2CC3CCC(C2)N3Cc2cccc3ccccc23)c2ccc(F)cc2)cc1,6.42,7.419600000000007
Oc1ccc(-c2ccc(CNCCc3c[nH]c4ccc(F)cc34)o2)cc1,6.42,4.604900000000002
CCCC(Oc1cc(Cl)cc(Cl)c1)c1nc(N)nc(N2CCN(C)CC2)n1,6.42,3.4326000000000016
O=C(NCCCN1CCN(c2ccc(Cl)cc2)CC1)NN(Cc1ccc(F)cc1)c1ccccc1,6.42,4.912200000000004
O=C(CC1CCCO1)N[C@H]1CC[C@H](CCN2CCC(c3cccc4c3CCO4)CC2)CC1,6.42,4.435100000000004
CCOc1ccc(F)cc1C1CC1CN(CC)CCCSc1nnc(-c2ccccc2)n1C.Cl,6.42,6.049500000000007
N#Cc1ccc(C(=O)N[C@H]2CC[C@H](CCN3CCN(c4nccc5c4CCO5)CC3)CC2)cc1,6.42,3.3890800000000016
CC(C)(C)C(=O)N[C@H]1CC[C@H](CCN2CCC(c3cccc4c3CCO4)CC2)CC1,6.42,4.912100000000005
CCN(CCCCNC(=O)c1cc2ccccc2[nH]1)CC1CC1c1cc(F)ccc1OC.Cl,6.42,5.3730000000000055
COC(=O)c1cc2c3c(ccc2[nH]1)OCC(CN1CCC(Nc2ccccc2)(C(N)=O)CC1)O3,6.411168274405792,2.5263
CCN(CCN1CCC(c2noc3cc(F)ccc23)CC1)C(=O)[C@H](C)O,6.41,2.375600000000001
O=C(NNS(=O)(=O)c1ccccc1F)c1cc(F)cc(-c2ccccn2)c1,6.41,2.6501
Cc1ccc(OCCNCCCOc2ccc(F)cc2)cc1,6.41,3.571620000000003
COc1ccccc1NC(=O)NC1CCC(N2CCN(c3ccccc3OC(C)C)CC2)CC1,6.41,4.737300000000005
O=C(C[C@H]1CC[C@H](O)CC1)N[C@H]1CC[C@H](CCN2CCN(c3nccc4sccc34)CC2)CC1,6.41,4.424600000000004
Cn1c(SCCCN2CC3CCN(c4ccc(C(F)(F)F)cc4)C3C2)nnc1-c1ccc(C(N)=O)nc1,6.41,3.6877000000000013
COc1cc2c(cc1OC)[C@@H]1Cc3ccc(OC)c(OC)c3CN1CC2,6.41,3.376500000000002
Fc1ccc(OCCCN2CCN(c3ccc(Cl)cc3)CC2)cc1,6.41,4.070200000000003
COc1ccccc1N1CCN(CC(F)CCNC(=O)c2ccc(-c3ccccn3)cc2)CC1,6.41,4.0374000000000025
O=C(N[C@H]1CC[C@H](CCN2CCc3nc(OCC(F)(F)F)sc3CC2)CC1)c1cccnc1C(F)F,6.41,5.196300000000005
Cn1c(SCCCN2C[C@H]3CCN(c4ccc(F)cc4)[C@H]3C2)nnc1C1CCCCC1,6.41,4.694800000000004
CCCN(CC1CC1)[C@@H]1CCc2ccc3[nH]c(C(N)=O)cc3c2C1,6.41,3.246100000000001
CCOCCC(=O)N[C@H]1CC[C@H](CCN2CCC(c3cccc4c3OCO4)CC2)CC1,6.41,4.086400000000003
COc1ccc(N2CCN(CC[C@H]3OCCc4cc(C(N)=O)ccc43)CC2)cc1,6.41,2.6202000000000005
O=C(c1ccc(OCCN2CCCCC2)cc1)c1c(-c2ccc(O)cc2)sc2cc(O)ccc12,6.41,6.075200000000007
O=C(CCOCCN1CCN(c2ncccc2-c2ccc(F)cc2)CC1)NCc1ccc(C(F)(F)F)cc1,6.41,4.751600000000003
CC(C)(C)c1ccc(CN2CCC3(CCc4ccccc4C3=O)CC2)cc1.Cl,6.41,5.817200000000007
O=C1c2ccccc2CN1CCCCN1CCN(c2cccc(C(F)(F)F)c2)CC1,6.41,4.263600000000004
O=C(CC1CCCO1)N[C@H]1CC[C@H](CCN2CCC(c3cccc4c3OCO4)CC2)CC1,6.41,4.228900000000004
CS(=O)(=O)c1cccc(C2CCN(Cc3ccccc3)CC2)c1,6.41,3.4697000000000022
Oc1ccc2c(c1)CCNCCc1ccccc1C2,6.41,2.6712000000000007
CN1CCN(C2=Nc3cc(Cl)ccc3N(NC(=O)c3c(Cl)cc(Cl)cc3Cl)c3ccccc32)CC1,6.41,6.422400000000005
COc1ccc2[nH]cc(CCNCc3ccc(-c4cccc(O)c4)o3)c2c1,6.41,4.474400000000004
O=C(NCCN1CCN(c2ccc(Br)cc2)CC1)NN(Cc1ccccc1)c1ccccc1,6.41,4.492100000000003
Cc1ncoc1-c1nnc(SCCCN2CC[C@@]3(C[C@@H]3c3ccc(C(F)(F)F)cc3)C2)n1C,6.41,5.159120000000005
CCCN(CCC)C1COc2c(cccc2-c2ccsc2)C1,6.4,4.840600000000005
CS(=O)(=O)c1ccc2c(c1)CCN(CC[C@H]1CC[C@H](NC(=O)/C=C/c3c(F)cccc3F)CC1)CC2.Cl,6.4,4.969200000000006
CN1CCO[C@@H]2c3cc4c(cc3CC[C@H]21)CCO4,6.4,1.9394
CC(C)(C)C(=O)NCCCCN1CCN2c3ccc(Cl)cc3CCC2C1,6.4,3.7193000000000023
O=C(NCCN1CCN(c2ccc(Cl)cc2)CC1)C12CC3CC(CC(C3)C1)C2,6.4,3.7946000000000026
CCCN1CCO[C@@H]2c3cc4c(cc3CC[C@H]21)CCO4,6.4,2.7196000000000007
CC(C)(C)C(=O)NCCCCCN1CCN(c2ccc(Cl)cc2)CC1,6.4,3.7946000000000026
Cn1cc2c(C(=O)NC3CC4(CC(CCN5CCc6sc(OCC(C)(F)F)nc6C5)C4)C3)cccc2n1,6.4,4.800800000000004
O=c1[nH]c2c(O)ccc([C@@H](O)CNCCOc3cccc(CNCCc4ccccc4F)c3)c2s1,6.4,3.4686000000000012
O=C(NCCCCN1CCN(c2ccc(Cl)cc2)CC1)c1ccccc1,6.4,3.672200000000003
COc1ccc(NS(=O)(=O)c2sc3ccc(Cl)cc3c2C)cc1N1CCN2CCCCC2C1,6.4,5.347020000000005
CC(C)(C)CC(=O)N[C@H]1CC[C@H](CCN2CCC(c3cccc4c3CCO4)CC2)CC1,6.4,5.302200000000005
CCCC(=O)NN1c2ccc(Cl)cc2N=C(N2CCN(C)CC2)c2ccccc21,6.4,3.9485000000000037
Cc1cccc2c(CCNCc3cccc(CCNC[C@H](O)c4ccc(O)c5[nH]c(=O)sc45)c3)c[nH]c12,6.4,4.282920000000002
COc1cccc(N2CCC3CN(CCCSc4nnc(-c5cnccn5)n4C)CC32)c1,6.4,2.973600000000001
O=c1[nH]c2c(O)ccc([C@@H](O)CNCCc3cccc(CNCCc4ccccc4F)c3)c2s1,6.4,3.6323000000000016
Cl.N#Cc1ccc2c(c1)CCN(CC[C@H]1CC[C@H](NC(=O)c3cccc4ccccc34)CC1)C2,6.4,5.8702800000000055
CCn1ncc2c1-c1c(C)sc(C)c1CCC2,6.4,3.737040000000003
CC1CCN(CC[C@H]2CCCCN2S(=O)(=O)c2cccc3ccccc23)CC1,6.4,4.505000000000004
Cn1c(SCCCN2CC3CCN(c4ccccc4C(F)(F)F)C3C2)nnc1-c1cccnc1,6.4,4.588800000000004
CC(C)(C)c1nc(N2CCN(CCCCn3cc(C(F)(F)F)ccc3=O)CC2)cc(C(F)(F)F)n1,6.4,4.5758000000000045
Cn1c(SCCCN2CC3CCN(c4ccc(F)cc4)C3C2)nnc1-c1ccn(C)c(=O)c1,6.4,3.0128000000000013
Cn1c(SCCCN2CC3CCN(c4ccc(C(F)(F)F)cc4)C3C2)nnc1-c1ccccn1,6.4,4.588800000000004
CN1CCc2ccc(NS(=O)(=O)c3ccc(-c4ccc(Cl)cc4)s3)cc2CC1,6.4,4.899700000000004
CCCN(CCCCNC(=O)c1ccc(-c2ccccc2)cc1)C1CCc2c(cccc2OS(=O)(=O)C(F)(F)F)C1,6.4,6.3615000000000075
Cc1cc(C(=O)N[C@H]2CC[C@H](CCN3CCN(c4nccc5c4CCO5)CC3)CC2)on1,6.4,2.8138200000000007
CCCN1CCc2cccc3c2C1Cc1cccc(OCCCN(CCCN2CCN(c4ccccc4OC)CC2)S(C)(=O)=O)c1-3,6.4,5.470300000000006
O=C1c2ncccc2CCN1CCN1CCN(c2noc3cc(F)ccc23)CC1,6.4,2.1824000000000003
Fc1ccc(N2CCN(Cc3cnn(-c4ccccc4)c3)CC2)cc1,6.4,3.3336000000000023
Cc1ccc2c(N3CCN(CCc4cccc(-n5cccn5)c4)CC3)cccc2n1,6.4,4.093620000000003
CCCCc1ccc(S(=O)(=O)Nc2ccc3c(c2)CN(C)CC3)cc1,6.4,3.8179000000000034
Cc1ccc2c(N3CCN(CCc4cccc(NC(=O)c5ccccc5)c4)CC3)cccc2n1,6.4,5.160220000000004
CC(=O)Nc1cccc(CCN2CCN(c3cccc4nc(C)ccc34)CC2)c1,6.4,3.8663200000000026
Cc1ccc2c(N3CCN(CCc4cccc(NS(C)(=O)=O)c4)CC3)cccc2n1,6.4,3.279420000000002
CC(C)C(=O)N[C@H]1CC[C@H](CCN2CCC(c3cccc4c3OCO4)CC2)CC1,6.4,4.315800000000004
O=C(NCCCCN1CCN(c2ccccc2)CC1)c1ccc(Br)cc1,6.4,3.7813000000000025
CC(=O)c1cccc(/C=C/C(=O)NCCCCN2CCc3ccc(OS(=O)(=O)C(F)(F)F)cc3C2)c1,6.4,4.085500000000004
O=C(/C=C/c1ccc2ccccc2n1)NCCCCN1CCc2ccc(OS(=O)(=O)C(F)(F)F)cc2C1,6.4,4.431100000000003
Cc1ccc(C2CCN(Cc3ccc(Oc4ccc(F)c(F)c4)cc3)CC2)cc1NC(=O)C(C)C,6.4,7.0396200000000055
N#Cc1ccc2c(c1)CCN(CC[C@H]1CC[C@H](NC(=O)c3ccnc4ccccc34)CC1)C2,6.4,4.843480000000004
CC(C)c1ccc(C(=O)N[C@H]2CC[C@H](CCN3CCC(c4coc5ccccc45)CC3)CC2)cc1,6.4,7.114500000000008
COC(=O)[C@@H]1[C@H]2C[C@H]3c4[nH]c5ccccc5c4CCN3C[C@@H]2CC[C@@H]1O,6.4,2.6471000000000013
CCCN(CCC)C1CCc2cc(CCc3ccccc3)ccc2C1,6.4,5.4511000000000065
O=S(=O)(NCCCCN1CCN(c2noc3ccccc23)CC1)c1ccc(OC(F)(F)F)cc1,6.4,3.6071000000000026
O=C1CC(CN2CCN(c3ccccn3)CC2)Cc2ccccc21,6.4,2.648900000000001
Cc1nc(-c2cccc(C(=O)N[C@H]3CC[C@H](CCN4CCc5ccc(S(C)(=O)=O)cc5CC4)CC3)c2)no1,6.4,4.228020000000004
c1ccc(OCC2CN(Cc3c[nH]c4ccccc34)CCO2)cc1,6.4,3.447700000000002
Cn1c(N2CCCC2)nc2c(CN3CCN(c4ccc(F)cc4)CC3)c[nH]c2c1=O,6.4,2.3231
COc1ccc(C2=NO[C@@H](CCCN3CCN(C(c4ccc(F)cc4)c4ccc(F)cc4)CC3)C2)cc1OC,6.4,5.662400000000006
O=c1[nH]c2c(O)ccc([C@@H](O)CNCCSCCCNCCc3cccc(Cl)c3Cl)c2s1,6.4,4.180600000000003
CCCN(CCC)[C@@H]1CCc2cc(CCc3ccc(Cl)cc3)ccc2C1,6.4,6.104500000000007
CCCN(CCCCNC(=O)c1ccc(-c2ccccc2)cc1)C1CCc2c(Cl)cccc2C1,6.4,6.786500000000007
Cn1cc(CC(=O)N[C@H]2CC[C@](F)(CCN3CCc4ccc(OCC(F)(F)F)nc4CC3)CC2)cn1,6.4,3.556700000000002
NCCCC[C@H](NC(=O)[C@H](Cc1ccc(F)c(F)c1)NC(=O)[C@H]1CCCN1C(=O)CCCCCNC(=O)[C@@H]1CC[C@H]2c3[nH]c4ccccc4c3CCN2C1)C(N)=O,6.4,3.2495000000000056
CS(=O)(=O)Oc1cccc2c1CC[C@H]1[C@@H]2CCCN1CCCCNC(=O)c1ccc(-c2ccccc2)cc1,6.4,5.396400000000005
O=C(/C=C/c1ccc(F)cc1)N[C@H]1CC[C@H](CCN2Cc3ccc(C(F)(F)F)cc3C2)CC1,6.4,5.938600000000005
Clc1ccc(N2CCN(Cc3cnn4c(N5CCN(Cc6ccccc6)CC5)cccc34)CC2)cc1,6.4,4.632100000000005
CCS(=O)(=O)c1ccc(OC)c(-c2ccc(C(C)N3CCCC3)[nH]2)c1,6.4,3.6407000000000025
Cc1cncc2c1CN[C@@H]1CCc3cc(O)c(O)cc3[C@@H]21,6.4,2.3511200000000008
Cc1ccccc1N1CCN(CCCN2C(=O)CCc3ccccc32)CC1.O=C(O)C(=O)O,6.4,2.6421200000000002
O=C1CC(CN2CCC(C(=O)c3ccc(F)cc3)CC2)Cc2[nH]ncc21,6.4,2.8888000000000007
CN1CCc2cccc3c2[C@H]1Cc1ccc(OCCCNC(=O)CCC(=O)NCCCOc2ccc4c(c2O)-c2cccc5c2[C@@H](C4)N(C)CC5)c(O)c1-3,6.4,5.852600000000007
N#Cc1ccc2c(c1)CCN(CC[C@H]1CC[C@H](NC(=O)/C=C/c3cccc(F)c3)CC1)CC2,6.4,4.876480000000004
O=C1c2ncccc2CCC1CCN1CCN(c2noc3cc(F)ccc23)CC1,6.4,3.319300000000002
N#Cc1ccc2c(c1)CCN(CC[C@H]1CC[C@H](NC(=O)/C=C/c3ccc(F)cc3)CC1)CC2,6.4,4.876480000000004
COc1cc2ccccc2cc1C(=O)CCC1CCN(Cc2ccccc2)CC1,6.4,5.723500000000005
COc1ccc(S(N)(=O)=O)cc1-c1ccc(CN2CCCCCC2c2ccccc2)[nH]1,6.4,4.455000000000004
Cc1nc(-c2cccc(C(=O)N[C@H]3CC[C@H](CCN4CCc5ccc(S(C)(=O)=O)cc5CC4)CC3)c2)no1.Cl,6.4,4.649820000000005
Cc1ncc(CC(=O)N[C@H]2CC[C@H](CCN3CCc4ccc(O[C@H](C)C(F)(F)F)nc4CC3)CC2)cn1,6.39,4.218020000000004
CC(C)(C)c1ccc(CN2CCC(C3CCc4ccccc4C3=O)CC2)cc1,6.39,5.641400000000006
Cc1ncc(OCC(=O)N[C@H]2CC[C@H](CCN3CCc4ccc(O[C@H](C)C(F)(F)F)nc4CC3)CC2)cn1,6.39,4.054320000000003
CCCCC(=O)N[C@H]1CC[C@H](CCN2CCC(c3cccc4c3CCO4)CC2)CC1,6.39,5.056200000000005
CCN(CCCCNC(=O)c1ccc2ccccc2c1)CC1CC1c1cc(Cl)ccc1OC.Cl,6.39,6.559200000000007
CCN(CCCCNC(=O)c1ccc2ccccc2c1)CC1CC1c1cc(F)ccc1OC.Cl,6.39,6.044900000000006
O[C@H](CCCN1CCN(c2ccccn2)CC1)c1ccc(F)cc1,6.39,2.8565000000000014
CCC(Oc1cccc(Cl)c1Cl)c1nc(Nc2ccccc2)nc(N2CCN(C)CC2)n1,6.39,5.203900000000005
CC(C)(C)c1nc(N2CCN(CCCCn3cccc(C(F)(F)F)c3=O)CC2)cc(C(F)(F)F)n1,6.39,4.5758000000000045
CC(Oc1cc(F)ccc1C(F)(F)F)c1nc(N)nc(N2CCN(C)CC2)n1,6.39,2.5035000000000007
O=C(N[C@H]1CC[C@H](CCN2CCC(c3coc4ccccc34)CC2)CC1)c1ccc(N2CCOCC2)cc1,6.39,5.827700000000006
CCCN1CCN(C2=Nc3cc(Cl)ccc3N(NC(=O)c3ccccc3Cl)c3ccccc32)CC1,6.39,5.895800000000007
c1ccc(N2CCN(CCCOc3ccc(-c4nc5ccccc5[nH]4)cc3)CC2)cc1,6.39,4.821000000000004
O=C(NCCCN1CCN(c2ccc(Cl)cc2)CC1)NN(Cc1ccccc1)c1ccccc1,6.39,4.773100000000004
c1ccc(N2CCN(CCCCc3nc4ccccc4s3)CC2)nc1,6.39,3.8362000000000025
O=C(CC1(O)CCC1)N[C@H]1CC[C@H](CCN2CCN(c3nccc4c3CCO4)CC2)CC1,6.39,2.5087
CCc1ccc2c(c1OC)-c1cccc3c1[C@@H](C2)N(C)CC3,6.39,4.009700000000002
CCN(CC)CCNC(=O)c1cc(S(C)(=O)=O)ccc1OC,6.39,1.1702999999999997
Cc1nnc(CC(=O)N[C@H]2CC[C@](F)(CCN3CCc4ccc(OCC(F)(F)F)nc4CC3)CC2)o1,6.39,3.5146200000000016
CN(C)CCCN1c2ccccc2CCc2ccccc21,6.39,3.8750000000000027
CC(C)(O)C(=O)N[C@H]1CC[C@H](CCN2CCC(c3cccc4c3OCO4)CC2)CC1,6.39,3.4307000000000016
CC1(C(=O)/C=C(\O)c2ccc(Cl)cc2)CCN(Cc2ccccc2)CC1,6.39,5.110300000000004
Cc1ccccc1N1CCN(CCCCNC(=O)c2ccc3ccccc3c2)CC1,6.39,4.480420000000004
C#Cc1ccc2sc(C(=O)NCCCCN3CCN(c4ccccc4OC)CC3)cc2c1,6.39,4.223400000000004
O=S(=O)(c1ccccc1)N1CCc2ccc(N3CCN(C4CCC4)CC3)cc21,6.39,3.1125000000000016
COc1ccccc1N1CCN(CCCCN2C(=O)Cc3ccccc32)CC1,6.39,3.186700000000002
O=C(CCC(F)(F)F)N[C@H]1CC[C@H](CCN2CCC(c3cccc4c3OCO4)CC2)CC1,6.39,5.002300000000005
CCCN1CCc2cccc3c2[C@H]1Cc1ccc(OS(=O)(=O)C(F)(F)F)c(OC)c1-3,6.39,4.455900000000004
O=C(C[C@H]1CCCOC1)N[C@H]1CC[C@H](CCN2CCC(c3cccc4c3OCO4)CC2)CC1,6.39,4.476500000000004
CC(=O)N[C@H]1CC[C@H](CCN2CCC(c3ccc(F)c4occc34)CC2)CC1,6.39,4.836300000000005
COC(C)CC(=O)N[C@H]1CC[C@H](CCN2CCC(c3cccc4c3OCO4)CC2)CC1,6.39,4.084800000000003
CCC(Oc1cccc(Cl)c1Cl)c1nc(N)nc(N2CCN(C)CC2)n1,6.38,3.0425000000000013
COc1ccccc1N1CCN(CC(F)CCNC(=O)c2cc3ccccc3[nH]2)CC1,6.38,3.4567000000000014
CCC(Oc1cc(Cl)ccc1Cl)c1nc(Nc2ccccc2)nc(N2CCN(C)CC2)n1,6.38,5.203900000000005
CCCN(CCC)C1CCc2c(cccc2OC)C1,6.38,3.6745000000000028
COc1c(C(=O)NC[C@@H]2CCN(Cc3ccccc3)C2)cc(Br)c2ccccc12,6.38,4.8628000000000045
CC(Oc1cc(Cl)ccc1F)c1nc(N)nc(N2CCN(C)CC2)n1,6.38,2.1380999999999997
CS(=O)(=O)N[C@H]1CC[C@H](CCN2CCC(c3cccc4c3OCO4)CC2)CC1,6.38,3.0928000000000013
COc1ccc(OCCN2CCN(C(=O)c3cc4cccnc4[nH]3)CC2)cc1,6.38,2.4083000000000006
Cn1ncc2c1-c1c(Cl)sc(Cl)c1CCC2,6.38,3.9441000000000024
CS(=O)(=O)CC(=O)N[C@H]1CC[C@H](CCN2CCC(c3cccc4c3CCO4)CC2)CC1,6.38,2.9106000000000014
O=C1COc2cc(CN3CCN(c4ccc(Cl)cc4)CC3)ccc2N1,6.38,2.993100000000001
Nc1nc(NCCc2c[nH]c3ccccc23)nc(NCCN2CCN(c3ccccc3)CC2)n1,6.38,2.8238000000000003
CC(C)(C)c1nc(N2CCN(CCCCNC(=O)c3cc4ccccc4[nH]3)CC2)cc(C(F)(F)F)n1,6.38,4.606400000000003
COc1cc2c(cc1OC)CN(CCCCc1nc3cc(Cl)ccc3s1)CC2.Cl,6.38,5.769700000000006
Cn1nccc1-c1nnc(SCCCN2C[C@@H]3CCN(c4ccccc4C(F)(F)F)[C@@H]3C2)n1C,6.38,3.9273000000000033
CN1CCc2cc(Cl)c(O)cc2[C@H]2c3cccc(C(=O)O)c3CC[C@@H]21,6.38,3.6784000000000017
Cn1c(SCCCN2CC[C@@]3(C[C@@H]3c3ccc(C(F)(F)F)cc3)C2)nnc1C1CCCCC1,6.38,6.2434000000000065
O=C(C[C@@H]1CCCCO1)N[C@H]1CC[C@H](CCN2CCC(c3cccc4c3OCO4)CC2)CC1,6.38,4.619000000000004
COc1ccc(N(CCCCN2CCC(O)(c3ccc(Cl)c(C(F)(F)F)c3)CC2)c2ccc(OC)cc2)cc1,6.38,7.277900000000008
CN1CCN(C2=Nc3ccccc3N(NC(=O)c3cc(F)ccc3C(F)(F)F)c3ccc(Cl)cc32)CC1,6.38,5.620100000000005
O=C(C[C@@H]1COCCO1)N[C@H]1CC[C@H](CCN2CCC(c3cccc4c3CCO4)CC2)CC1,6.38,3.6715000000000018
CCc1ccc2c(c1)[C@@H]1c3cc(O)c(O)cc3CC[C@H]1NC2,6.38,3.2101000000000024
COc1ccc(-c2ccccc2N2CCN(CCCCCC(=O)NCc3ccc(OCCO)cc3)CC2)cc1,6.38,4.7321000000000035
COc1ccc(-c2cc(CCCCN3CCN(c4ccccc4OC)CC3)on2)cc1OC.Cl,6.38,4.934100000000005
Cl.[O-][S+](CCCN1CCc2ccccc2C1)c1ccc(F)cc1,6.38,3.803500000000003
CN1CCc2cccc3c2[C@H]1Cc1ccc(OCCCNC(=O)CCCCCCC(=O)NCCCOc2ccc4c(c2O)-c2cccc5c2[C@@H](C4)N(C)CC5)c(O)c1-3,6.38,7.41300000000001
O=S(=O)(c1cncc2ccccc12)N1CCC(CCN2CCN(c3ccc(F)cc3)CC2)CC1,6.38,3.986900000000004
O=C(NCCCCN1CCO[C@@H]2c3ccccc3OC[C@H]21)c1cccs1,6.38,3.092600000000001
COc1cc2c(cc1O)CN(Cc1ccccc1CNC(=O)c1ccccc1Br)CC2,6.38,4.651600000000004
CN1CCN(c2nc(N)nc(CCCOc3cc(Cl)ccc3Cl)n2)CC1,6.38,2.524
O=C(NCCCN1CCN(c2cccc(Cl)c2Cl)CC1)C1c2ccccc2-c2ccccc21,6.38,5.434200000000005
Cc1noc2c1C(=O)N(CCN1CCC(c3noc4ccccc34)CC1)CCC2,6.37,3.392220000000002
COc1ccc2nc(CCCN3CCC(c4ccccn4)CC3)sc2c1,6.37,4.512100000000005
CCc1cccc(N2CCN(CC(O)CCNC(=O)c3ccc4c(c3)OCO4)CC2)c1Cl,6.37,2.934100000000001
COc1ccccc1OCCNC[C@H](O)c1ccc(O)c(O)c1,6.37,1.8083999999999996
Cc1ncc(CC(=O)N[C@H]2CC[C@H](CCN3CCc4ccc(OCC(F)F)nc4CC3)CC2)s1,6.37,4.198820000000003
O=C(NCCCCN1CCN(c2cccc(Cl)c2Cl)CC1)c1cc2cc(I)ccc2o1,6.37,5.6764000000000046
CN1CCN(C2=Nc3cc(Cl)ccc3N(NC(=O)c3ccccc3Oc3ccccc3)c3ccccc32)CC1,6.37,6.2545000000000055
CCn1ncc2c1CCN(CCN1CCN(c3nsc4ccccc34)CC1)C2=O,6.37,2.3332000000000006
COc1cc(N2CC[C@@H]3CN(CCCSc4nnc(-c5cnccn5)n4C)C[C@@H]32)ccc1F,6.37,3.112700000000002
Cn1c(SCCCN2C[C@@H]3CCN(c4ccccc4C(F)(F)F)[C@@H]3C2)nnc1-c1cccnc1,6.37,4.588800000000004
Fc1ccc(SCCCN2CCN(c3ncccn3)CC2)cc1,6.37,2.9201000000000015
Cc1ncoc1-c1nnc(SCCCN2C[C@@H]3OCCN(c4ccc(C(F)(F)F)cc4)[C@@H]3C2)n1C,6.37,3.8691200000000032
CCOc1cccc2cc(CNCCCOc3ccc4ccc(=O)[nH]c4c3)oc12,6.37,4.231700000000003
CCCN(CCC)[C@H]1CCc2ccc3[nH]cc(C(C)=O)c3c2C1,6.37,4.349800000000004
O=S(=O)(CC1CCN(CCCc2noc3cc(F)ccc23)C1)c1ccc(F)c(F)c1,6.37,3.973500000000003
CC(F)(F)COc1nc2c(s1)CCN(CC[C@H]1CC[C@H](NC(=O)c3cccnc3C(F)F)CC1)CC2,6.37,5.289200000000005
CC(C)Oc1ccccc1N1CCN([C@H]2CC[C@@H](NS(=O)(=O)c3ccc(OC(F)(F)F)cc3)CC2)CC1,6.37,4.784100000000005
CC#CC(=O)N[C@H]1CC[C@H](CCN2CCN(c3nccc4c3CCO4)CC2)CC1,6.37,2.2268999999999997
O=C1c2cccc3cccc(c23)N1CCCCCCN1CCN(c2ccccc2[N+](=O)[O-])CC1,6.37,5.090800000000005
COCCC(=O)N[C@H]1CC[C@H](CCN2CCN(c3nc(C)cc4occc34)CC2)CC1,6.37,3.359820000000002
CC(C)(C)c1nc(N2CCN(CCCCNC(=O)N3CCN(c4ccc(C(F)(F)F)cc4)CC3)CC2)cc(C(F)(F)F)n1,6.37,5.245700000000006
COc1ccccc1CCCCN1CCN(Cc2cc3ccccc3o2)CC1,6.37,4.5819000000000045
C#CCOc1c(OC)cc2c3c1-c1cc(N)ccc1CC3N(C)CC2,6.37,3.041500000000002
COCCC(=O)N[C@H]1CC[C@H](CCN2CCC(c3cccc4c3OCO4)CC2)CC1,6.37,3.6963000000000026
CCCN(CCCCOc1ccc2ccc(=O)[nH]c2c1)CC1CC1c1cccc(Cl)c1Cl,6.37,6.509600000000006
Cc1ncoc1-c1nnc(SCCCN2C[C@H]3OCCN(c4ccc(C(F)(F)F)cc4)[C@H]3C2)n1C,6.37,3.8691200000000032
CS(=O)(=O)c1cccc(N2CCN(Cc3ccccc3)CC2)c1,6.37,2.412300000000001
Cc1cn2c3c(=O)n(C)c(=O)n(C)c3nc2n1CCCCN1CCN(c2ccccc2O)CC1,6.37,1.3028199999999992
Clc1cccc(N2CCN(CCCCc3cn(-c4ccc5c(c4)Cc4ccccc4-5)nn3)CC2)c1Cl,6.37,6.290200000000007
COc1ccccc1N1CCN(CC(O)CCn2cc(-c3ccc4ncccc4c3)nn2)CC1,6.37,3.0751000000000017
O=C(NCCCCN1CCN(c2cccc(Cl)c2Cl)CC1)c1ccnc2ccccc12,6.37,4.873800000000004
COc1ccc(NCCN2CCN(CCc3c[nH]c4ccccc34)CC2)cc1,6.37,3.4487000000000014
O=S(=O)(N[C@H]1CC[C@@H](N2CCN(c3ccccc3OCC3CC3)CC2)CC1)c1cc(Cl)ccc1F,6.37,4.679600000000004
O=C(/C=C/c1ccccc1)NCCCCN1CCN2c3ccccc3Cc3ccccc3C2C1,6.37,5.063900000000006
COc1cc(N2CC[C@@H]3CN(CCCSc4nnc(-c5cnncn5)n4C)C[C@@H]32)ccc1F,6.37,2.5077
CC(Oc1cccc(Cl)c1Cl)c1nc(N)nc(N2CCN(C)CC2)n1,6.37,2.652400000000001
CCCN(CCc1ccsc1)CCc1ccsc1,6.36,4.3068000000000035
O=C(NCCCCN1CCN(C(c2ccccc2)c2ccccc2)CC1)C1CCCCC1,6.36,4.870300000000005
COc1ccc(-c2cc(CCCCN3CCN(c4ccccc4OC)CC3)on2)c(OC)c1.Cl,6.36,4.934100000000005
CCOc1cccc2cc(CNCCCCCOc3ccc4c(c3)NC(=O)CC4)oc12,6.36,5.055100000000004
COc1ccc2c(c1)CC(CN1CCC(c3noc4cc(F)ccc34)CC1)CC2=O,6.36,4.600200000000004
O=c1c2cccnc2ccn1CCN1CCN(c2nsc3ccccc23)CC1,6.36,2.828400000000001
O=C(c1cc2ccccc2[nH]1)N1CCN(CCOc2ccc3[nH]ccc3c2)CC1,6.36,3.4860000000000015
O=C(CCCN1CCN(c2ccc(Cl)cc2)CC1)c1cc2ccc1CCc1ccc(cc1)CC2,6.36,6.008900000000007
COc1ccc(Br)cc1-c1nc(CN2CCN(c3ccccc3)CC2)cs1,6.36,4.903400000000004
CN1CCc2cc(Cl)c(O)cc2[C@H]2c3cccc(O)c3CC[C@@H]21,6.36,3.685800000000003
Cn1c(SCCCN2CC[C@]3(C[C@H]3c3ccc(C(F)(F)F)cc3)C2)nnc1-c1ccncn1,6.36,4.652700000000004
C/C=C/CC(=O)N[C@H]1CC[C@H](CCN2CCC(c3cccc4c3CCO4)CC2)CC1,6.36,4.832200000000005
COc1ccc2c3c(c(=O)oc2c1)CN(Cc1ccccc1)CC3,6.36,3.3599000000000023
COc1ccc2[nH]cc(CCN3CCN(c4cccc5sccc45)CC3)c2c1,6.36,4.755900000000004
O=C(N[C@H]1CC[C@H](CCN2CCN(c3nccc4c3CCO4)CC2)CC1)C1CC1(F)F,6.36,2.8588000000000005
CCOc1cccc2cc(CNCCCCOc3ccc4c(c3)OCO4)oc12,6.36,4.509000000000003
O=C(c1cc2ccccc2[nH]1)N1CCN(CCOc2ccc3cc[nH]c3c2)CC1,6.36,3.4860000000000015
COc1ccccc1N1CCN(Cc2cn(-c3ccc(OCCCOCCF)cc3)nn2)CC1,6.36,3.353100000000002
COc1ccccc1N1CCN(CCCCCNS(=O)(=O)c2ccc3ccccc3c2)CC1,6.36,4.119200000000003
OC1(c2ccc(Cl)cc2)CCN(CCCCc2nc3ccccc3o2)CC1,6.36,4.787500000000004
CCN1CCN(c2ccc3c(c2)CCN3S(=O)(=O)c2ccccc2)CC1,6.36,2.579900000000001
OC1(c2ccc(Cl)c(Cl)c2)CCN(Cc2n[nH]c3ccccc23)CC1,6.36,4.353300000000003
O=C(NCCCN1CCN(c2ncccn2)CC1)NN(Cc1ccccc1)c1ccccc1,6.36,2.9097000000000017
CC(C)=C1c2ccccc2C=C(C2=CCN(C)CC2)c2cc(Cl)ccc21,6.36,6.297600000000005
Cc1nnc(CC(=O)N[C@H]2CC[C@](F)(CCN3CCc4nc(OCC(C)(F)F)sc4CC3)CC2)s1,6.35,4.137520000000003
CCCCCNC(=O)/N=C(\N)NCCCc1sc(N)nc1C,6.35,1.7704200000000003
Clc1ccc(N2CCN(CCCOc3ccccc3)CC2)cc1,6.35,3.9311000000000034
Fc1ccc(-c2cncc(CN3CCN(c4cnccn4)CC3)c2)cc1,6.35,2.999900000000001
CC(C)(C)NC(=O)Cn1c(CCCN2CCN(c3cccc(Cl)c3Cl)CC2)nc2cc(Br)c(Br)cc21,6.35,6.537600000000006
Oc1ccc(-c2ccc(CNCCc3c[nH]c4cc(F)ccc34)o2)cc1,6.35,4.604900000000003
CC(=O)c1ccc(-c2nnc(SCCCN3CC[C@]4(C[C@@H]4c4ccc(C(F)(F)F)cc4)C3)n2C)cc1,6.35,6.065300000000006
COc1ccccc1OCCNCC1(F)CCN(C(=O)c2ccc(Cl)c(Cl)c2)CC1,6.35,4.614900000000004
c1ccc(CN2CCC(n3cnc(-c4ccccc4)c3)CC2)cc1,6.35,4.3872000000000035
CN(C)CC1CC2c3cc(F)ccc3Cc3ccc(F)cc3N2O1,6.35,3.6822000000000026
Oc1cccc(CCN(CCc2ccccc2)CC2CCC2)c1,6.35,4.279500000000004
Cc1nnc(CC(=O)N[C@H]2CC[C@H](CCN3CCc4sc(C5CC(F)(F)C5)nc4C3)CC2)s1,6.35,4.481620000000004
CCCc1ccc2c(n1)CN[C@@H]1CCc3cc(O)c(O)cc3[C@@H]21,6.35,2.9952000000000014
CC(C)(C)CC(=O)N[C@H]1CC[C@H](CCN2CCN(c3nccc4c3CCO4)CC2)CC1,6.35,3.639800000000002
CN(C)CCSc1cccc(-c2ccccc2)n1,6.35,3.402300000000002
C[C@@H](O)[C@@H]1NC(=O)[C@H](CCCCN)NC(=O)[C@@H](Cc2c[nH]c3ccccc23)NC(=O)[C@H](Cc2ccccc2)NC(=O)[C@H](Cc2ccccc2)NC(=O)[C@H](CCCNC(=N)N)NC(=O)[C@H](N(CCSC[C@@H]2C[C@@H]3c4cccc5[nH]cc(c45)C[C@H]3N(C)C2)CCSC[C@@H]2C[C@@H]3c4cccc5[nH]cc(c45)C[C@H]3N(C)C2)CCCCNC(=O)[C@H](Cc2ccccc2)NC1=O,6.35,7.325270000000015
COc1ccccc1N1CCN(CNC(=O)c2cccc(Cl)c2)CC1,6.35,2.858100000000001
CC(C)(C)c1cc(N2CCN(CCCCNC(=O)N3CCN(S(=O)(=O)c4ccccc4)CC3)CC2)nc(C(C)(C)C)n1,6.35,3.6899000000000033
O=C(CN1CCN(Cc2ccc(Cl)cc2)CC1)N1CCc2ccc([N+](=O)[O-])cc21,6.35,2.9551000000000016
Cn1c(SCCCN2C[C@@H]3CCN(c4ccc(F)cc4)[C@@H]3C2)nnc1-c1cc[nH]c(=O)c1,6.35,3.0024000000000015
Clc1ccc(N2CCN(Cc3c[nH]c4ncccc34)CC2)cc1,6.35,3.5385000000000018
CC(C)(C)c1nc(N2CCN(CCCCn3cccnc3=O)CC2)cc(C(F)(F)F)n1,6.35,2.9520000000000017
Cn1c(SCCCN2C[C@@H]3CCN(c4ccc(C(F)(F)F)cc4)[C@@H]3C2)nnc1C1CCOCC1,6.34,4.420800000000004
Cc1ncoc1-c1nnc(SCCCN2CC3CCN(c4ccc(Cl)cc4Cl)C3C2)n1C,6.34,4.778220000000005
OC1(c2ccc(Cl)c(C(F)(F)F)c2)CCN(CCCCCc2ccc(F)cc2)CC1,6.34,6.194300000000005
COc1ccc(NS(=O)(=O)c2sc3ccc(Cl)cc3c2C)cc1N1CCNCC1,6.34,4.082120000000003
CN1CCN(C2=Nc3cc(Cl)ccc3N(NC(=O)c3cccc4ccccc34)c3ccccc32)CC1,6.34,5.6154000000000055
COc1ccccc1N1CCN(Cc2cn(CCCCCCF)nn2)CC1,6.34,3.1388000000000016
Cn1c(SCCCN2C[C@H]3CCN(c4ccc(C(F)(F)F)cc4)[C@H]3C2)nnc1-c1cccnc1,6.34,4.588800000000004
O=c1c2ncccc2ccn1CCN1CCN(c2nsc3ccccc23)CC1,6.34,2.828400000000001
COc1ccccc1C1CC1CNC/C=C/COc1ccc2c(c1)NC(=O)CC2,6.34,3.9082000000000026
CN1CCN(C2=Nc3cc(Cl)ccc3N(NC(=O)c3ccon3)c3ccccc32)CC1,6.34,3.4502000000000015
Cn1c(SCCCN2C[C@H]3CCN(c4c(F)cc(F)cc4F)[C@H]3C2)nnc1-c1ccc(C(N)=O)nc1,6.34,3.0862000000000007
Cc1cnc(CC(=O)N[C@H]2CC[C@H](CCN3CCc4ccc(OCC(F)(F)F)nc4CC3)OC2)o1,6.34,3.0163200000000012
Oc1ccccc1OCCNCc1ccccc1,6.34,2.5608000000000004
COc1ccc(SC)cc1C(=O)NC[C@@H]1CCCN1CCc1ccccc1,6.34,3.8540000000000028
c1ccc(CN2CCC(n3cc(-c4ccccc4)nn3)CC2)cc1,6.34,3.7822000000000022
Cc1ncc(CC(=O)N[C@H]2CC[C@H](CCN3CCC(c4nscc4C(C)(F)F)CC3)CC2)s1,6.34,5.506920000000005
CN1CCN(c2ccc3c(c2)N(S(=O)(=O)c2ccccc2)CC3)CC1,6.34,2.1898
CCN(CCN1CCC(c2c[nH]c3ccccc23)CC1)C(=O)CCO,6.34,2.578200000000001
CC(C)(C)c1nc(N2CCN(CCCCNC(=O)N3CCN(c4cccnc4)CC3)CC2)cc(C(F)(F)F)n1,6.34,3.621900000000003
CC(=O)NC1CCC(c2nnc(SCCCN3CC[C@]4(C[C@@H]4c4ccc(C(F)(F)F)cc4)C3)n2C)CC1,6.34,5.358000000000005
O=C1[C@@H]2[C@H]3CC[C@H](C3)[C@@H]2C(=O)N1CCCCN1CCN(c2ncccn2)CC1,6.34,1.4098999999999995
O=C(NCCCCN1CCN(C(c2ccccc2)c2ccccc2)CC1)c1ccc2ccccc2c1,6.34,5.757000000000007
Cc1nc(CC(=O)N[C@H]2CC[C@H](CCN3CCc4nc(OCC(F)(F)F)sc4CC3)OC2)no1,6.34,2.4728199999999996
Cc1ccc2c(c1)N=C(C1=C[C@H](C)N(C)CC1)c1cc(F)ccc1N2,6.34,4.9623200000000045
O=C(N[C@H]1CC[C@H](CCN2CCN(c3nccc4occc34)CC2)CC1)c1ccnc2ccccc12,6.34,4.8769000000000045
Cc1ncc(CC(=O)N[C@H]2CC[C@H](CCN3CCc4nc(OCC(F)(F)F)sc4CC3)CC2)cn1,6.34,3.891020000000003
COc1ccccc1N1CCN(CCCOc2ccc(NC(C)=O)cc2)CC1,6.33,3.2447000000000017
CC(C)Oc1ccc2[nH]cc(C3=CCN(Cc4cccs4)CC3)c2c1,6.33,5.305900000000005
O=C(N[C@H]1CC[C@H](CCN2CCC(c3cccc4c3OCO4)CC2)CC1)C1CCCO1,6.33,3.8388000000000027
O=C(NCCCN1CCN(c2ccccc2)CC1)c1cccc2c1Cc1ccccc1-2,6.33,4.199900000000003
Cn1c(SCCCN2CC[C@]3(C[C@@H]3c3ccc(C(F)(F)F)cc3)C2)nnc1-c1ccc(CC(N)=O)cc1,6.33,4.890500000000004
O=C1c2cn(C3CC3)nc2CCN1CCN1CCC(c2noc3ccccc23)CC1,6.33,3.2371000000000016
CCCN1CCN(c2ccccc2)CC1,6.33,2.2186000000000003
Cn1c(SCCCN2C[C@H]3CCN(c4ccc(C(F)(F)F)cc4)[C@H]3C2)nnc1C1CCOCC1,6.33,4.420800000000004
COc1cc2c(cc1OC)N(CCCCN1CCN(c3cc(C(F)(F)F)nc(C(C)(C)C)n3)CC1)C(=O)CCC2=O,6.33,4.722000000000005
Cn1c(SCCCN2C[C@@H]3CCN(c4ccc(C(F)(F)F)cc4)[C@@H]3C2)nnc1[C@H]1COCCO1,6.33,3.6147000000000027
CO[C@@H](C)C(=O)N[C@H]1CC[C@H](CCN2CCC(c3cccc4c3OCO4)CC2)CC1,6.33,3.694700000000002
O=C(CCC(=O)N1CCC(O)(c2ccc(Cl)cc2)CC1)c1ccc(F)cc1,6.33,3.952200000000003
O=C(NCCCCN1CCO[C@@H]2c3ccccc3OC[C@H]21)c1ccc(Cl)cc1,6.33,3.6845000000000026
COc1ccc(C[C@H]2c3cc(O)c(OC)cc3CCN2C)cc1O,6.33,2.8867000000000016
CC(C)C(=O)Nc1cccc(C2CCN(Cc3ccc(Oc4ccc(F)c(F)c4)cc3)CC2)c1,6.33,6.731200000000006
O=C(C[C@H]1COCCO1)N[C@H]1CC[C@H](CCN2CCC(c3cccc4c3OCO4)CC2)CC1,6.33,3.465300000000002
CC(C)(C)c1nc(N2CCN(CCCCNC(=O)N3CCN(c4ccccc4)CC3)CC2)cc(C(F)(F)F)n1,6.33,4.226900000000003
CC(C)(C)c1nc(N2CCN(CCCCNC(=O)N3CCN(c4cnccn4)CC3)CC2)cc(C(F)(F)F)n1,6.33,3.0169000000000015
CCCCN(CCCC)CCCOc1ccc(-c2nc3ccccc3n2C/C=C/Cn2c(-c3ccc(OCCCN(CCCC)CCCC)cc3)nc3ccccc32)cc1,6.33,12.318599999999984
Cc1cccc(C(=O)NCN2CCN(c3ccccc3Cl)CC2)c1,6.33,3.1579200000000016
CN(C)C(=O)C(CCN1CCN(c2nsc3ccccc23)CC1)(c1ccccc1)c1ccccc1,6.33,4.882900000000006
Cc1cn2c3c(=O)n(C)c(=O)n(C)c3nc2n1CCCCCN1CCN(c2ccccc2O)CC1,6.33,1.6929199999999986
O=C(NCCCCN1CCN(c2ccccc2Cl)CC1)c1ccc(Cl)cc1,6.33,4.325600000000003
CCCCCCCCCCN1CCC(c2cccc(O)c2)C1,6.33,5.322200000000006
CC(Oc1cccc(Cl)c1F)c1nc(N)nc(N2CCN(C)CC2)n1,6.33,2.1381000000000006
Cn1c(SCCCN2CC[C@]3(C[C@H]3c3ccc(C(F)(F)F)cc3)C2)nnc1-c1nccs1,6.33,5.319200000000005
Cc1sc(C)c2c1CCc1cnn(C)c1-2,6.33,2.864040000000001
O=C(NCCC(F)CN1CCN(c2cccc(Cl)c2Cl)CC1)c1cc2ccccc2s1,6.33,5.488300000000004
CCc1cc(-c2ccoc2)nc(N2CCN(C)CC2)n1,6.33,2.0507999999999997
COc1cccc(C(=O)NCCN2CCN(c3ccccc3OC)CC2)c1,6.33,2.2558
CCCN1[C@@H](C)C[C@@H]2Cc3cccc(OC)c3C[C@@H]21,6.33,3.2828000000000017
CCOc1ccccc1N1CCN(Cc2c[nH]c3ccccc23)CC1,6.33,3.8888000000000025
CC(C)(C)c1nc(N2CCN(CCCCn3cc(C#N)c(=O)[nH]c3=O)CC2)cc(C(F)(F)F)n1,6.33,2.11698
Cc1ccc(CN2CCC(n3c(O)nc4ccccc43)CC2)c(Cl)c1,6.32,4.5408200000000045
COCCC(=O)N[C@H]1CC[C@H](CCN2CCN(c3cccc(OC)c3F)CC2)CC1,6.32,3.057900000000001
CO/N=C/c1cccc2c1CC[C@H]1[C@H]2c2cc(O)c(Cl)cc2CCN1C,6.32,3.9605000000000032
O=C(Nc1ccccc1)Nc1ccc(CCN2CCN(c3ccccc3)CC2)cc1,6.32,4.695300000000004
Cc1nc2c(o1)CCCN(CCN1CCN(c3nsc4ccccc34)CC1)C2=O,6.32,2.803320000000001
Cc1ncc(CC(=O)N[C@H]2CC[C@H](CCN3CCc4cc(C)c(OCC(F)F)nc4CC3)CC2)s1,6.32,4.507240000000004
Cn1cc(CC(=O)N[C@H]2CC[C@](F)(CCN3CCc4nc(OCC(F)(F)F)sc4CC3)CC2)cn1,6.32,3.6182000000000025
Cc1ncsc1CCN1CCN(c2cccc3sccc23)CC1,6.32,4.030920000000004
COc1ccccc1N1CCN(CCCCNC(=O)N2CCOCC2)CC1,6.32,1.6392000000000007
O=C(N[C@H]1CC[C@H](CCN2CCN(c3nccc4c3CCO4)CC2)CC1)c1ccccc1,6.32,3.517400000000002
COc1cccc(CCCCN2CCN(Cc3cc4ccccc4o3)CC2)c1,6.32,4.5819000000000045
COc1cc2c3c(c1OC)-c1cc([N+](=O)[O-])ccc1CC3N(C)CC2,6.32,3.3641000000000023
O=C1c2cnccc2CCN1CCN1CCC(c2noc3ccccc23)CC1,6.32,3.1007000000000016
COc1ccccc1N1CCN(CCNC(=O)c2cc3ccccn3n2)CC1,6.32,1.8949
Cn1c(SCCCN2CC[C@]3(C[C@@H]3c3ccc(C(F)(F)F)cc3)C2)nnc1-c1ccco1,6.32,5.4557000000000055
N#Cc1ccc2[nH]cc(CN3CCN(c4ccc(Cl)c(Cl)c4)CC3)c2c1,6.32,4.668580000000004
Cc1nc(N)sc1CCCN/C(N)=N/C(=O)NCC(C)CC1CCCCC1,6.32,3.186720000000001
N#Cc1ccc2c(c1)CN(CC[C@@H]1C[C@H]1CNC(=O)c1cc3ccccc3[nH]1)CC2,6.32,3.853880000000002
O=C(N[C@H]1CC[C@H](CCN2CCN(c3nccc4c3CCO4)CC2)CC1)c1ccc(-n2cccn2)cc1,6.32,3.703100000000002
CN1CCN(C2=Nc3cc(Cl)ccc3N(NC(=O)c3nccc4ccccc34)c3ccccc32)CC1,6.32,5.010400000000004
Cc1ncc(CC(=O)N[C@H]2CC[C@H](CCN3CCc4cc(C)c(OCC(F)F)nc4CC3)OC2)s1,6.32,3.4960400000000025
Cc1nnc(CC(=O)N[C@H]2CC[C@](F)(CCN3CCc4nc(OCC(F)(F)C(F)F)sc4CC3)CC2)o1,6.32,3.914220000000003
O=c1c2cnccc2ccn1CCN1CCC(c2noc3ccccc23)CC1,6.32,3.417300000000002
C[C@H]1C=C(C2=Nc3cc(Cl)ccc3Nc3ccccc32)CCN1C,6.32,5.168200000000004
c1ccc(CCN2CCN(c3ccccc3)CC2)cc1,6.32,3.0513000000000012
CC(C)(C)c1nc(N2CCN(CCCCNC(=O)c3sc4ncccc4c3N)CC2)cc(C(F)(F)F)n1,6.32,4.317000000000003
COc1c(C(=O)NCCN2CCN(c3ccccc3C)CC2)cc(Br)c2ccccc12,6.32,4.471320000000004
C[C@]1(O)CC[C@@H](C(=O)N[C@H]2CC[C@H](CCN3CCN(c4nccc5c4CCO5)CC3)CC2)CC1,6.32,3.144800000000002
CCCN1CCN(c2ccc(O)c3[nH]c(=O)ccc23)CC1,6.32,1.7657
CCCCN1CCN(c2cccc(C#N)c2)CC1,6.31,2.4803800000000003
O=C(C[C@H]1CCCCO1)N[C@H]1CC[C@H](CCN2CCC(c3cccc4c3OCO4)CC2)CC1,6.31,4.619000000000004
Cn1cnc2c1C(=O)N(CCN1CCN(c3nsc4ccccc34)CC1)CC2,6.31,1.8502999999999996
CCCN1CCc2cc(OCCCF)cc3c2[C@H]1Cc1cccc(O)c1-3,6.31,4.662900000000005
O=C(N[C@H]1CC[C@H](CCN2CCN(c3nccc4c3CCO4)CC2)CC1)C1CC1,6.31,2.6136
COC(=O)[C@@H]1Cc2ccccc2N1C(=O)CN1CCN(Cc2ccc(C)cc2)CC1,6.31,2.24352
Oc1ccc2c(c1)CCN1Cc3ccccc3CC21,6.31,3.0477000000000016
COc1cccc(-c2cccc(CN3CCN(c4ncccn4)CC3)c2)c1,6.31,3.474400000000002
COc1cccc2c1CCN2C(=O)CN1CCN(Cc2ccc(Cl)cc2)CC1,6.31,3.055500000000001
CC(C)(C)c1nc(N2CCN(CCCCNC(=O)N3CCc4ccccc4C3)CC2)cc(C(F)(F)F)n1,6.31,4.463000000000004
Cc1ccc(N2CCN(Cc3ccc4c(c3)NC(=O)CO4)CC2)cc1,6.31,2.6481200000000005
C(=C/c1cc(CCCCN2CCN(C(c3ccccc3)c3ccccc3)CC2)on1)\c1ccccc1.Cl,6.31,6.996700000000008
Cc1ncc(CC(=O)N[C@H]2CC[C@H](CCN3CCc4ccc(OCC(F)(F)F)nc4CC3)OC2)o1,6.31,3.0163200000000012
Cn1c(SCCCN2CC3CCN(c4ccccc4C(F)(F)F)C3C2)nnc1-c1cc[nH]c(=O)c1,6.31,3.882100000000002
Cn1c(C(=O)N[C@H]2CC[C@H](CCN3CCc4nc(OCC(C)(F)F)sc4CC3)CC2)cccc1=O,6.31,3.655300000000003
CN(CCC(=O)N1CCN(c2ccc(F)c(F)c2)CC1)CCC1c2ccccc2Oc2ccccc21,6.31,5.263200000000006
N#Cc1ccc2c(c1)CN(CC[C@H]1CC[C@H](NC(=O)c3cc4ccccc4[nH]3)CC1)CC2,6.31,4.776580000000004
Br.CN1CCc2c(cc(O)c(O)c2Br)C(c2ccccc2)C1,6.31,4.058000000000004
O=C(NCCN1CCN(c2ccc(I)cc2)CC1)NN(Cc1ccccc1)c1ccccc1,6.31,4.334200000000003
Br.Oc1ccc([C@H]2CN[C@@H]3CCc4cc(O)c(O)cc4[C@H]3C2)cc1,6.31,3.5568000000000026
CCn1ncc2c1-c1c(Cl)sc(Cl)c1CCC2,6.31,4.427000000000002
Nc1nc2cc3c(cc2s1)CCN(Cc1cscn1)CC3,6.31,2.9358000000000013
COc1ccc(OC)c2c1C[C@H]1c3cc4c(cc3CCN1C2)OCO4,6.31,3.088000000000002
CC(=O)N[C@H]1CC[C@H](CCN2CCN(c3nccc4occc34)CC2)CC1,6.31,3.0348000000000015
Fc1ccc(CCN2CCC3(CCc4ccc(F)cc4O3)CC2)c(F)c1,6.31,4.506200000000004
Cl.c1ccc(-c2cc(CCCCN3CCN(C(c4ccccc4)c4ccccc4)CC3)on2)cc1,6.31,6.493300000000007
[3H]C([3H])([3H])Oc1cc(I)c(OC)cc1CCNCc1ccccc1OC([3H])([3H])[3H],6.301029995663981,3.649300000000002
CC(C)(C)c1nc(N2CCN(CCCCNC(=O)[C@H]3CC[C@H](c4ccccc4)CC3)CC2)cc(C(F)(F)F)n1,6.301029995663981,5.785300000000006
Cc1ccc2c(OCCN3CCC(Cc4cccc(N5CCCS5(=O)=O)c4)CC3)cccc2n1,6.3,4.4166200000000035
Cn1ncc(CC(=O)N[C@H]2CC[C@H](CCN3CCc4ccc(OCC(C)(F)F)nc4CC3)CC2)n1,6.3,2.9525000000000006
CCCN1CCC[C@@H]2c3cc4c(cc3CC[C@H]21)CCO4,6.3,3.5257000000000023
CN1CCN(c2nc(N)nc(C[Se]c3ccccc3)n2)CC1,6.3,-0.2646999999999975
CC(=O)Nc1cccc(/C=C/C(=O)N[C@H]2CC[C@H](CCN3CCc4ccc(C#N)cc4CC3)CC2)c1F,6.3,4.8348800000000045
CCCCC(Oc1cccc(Cl)c1Cl)c1nc(N)nc(N2CCN(C)CC2)n1,6.3,3.822700000000001
O=C(CCCCN1CCN(c2ncccn2)CC1)c1nc2ccccc2s1,6.3,3.2615000000000025
CCCC(Oc1cccc(Cl)c1Cl)c1nc(N)nc(N2CCN(C)CC2)n1,6.3,3.4326000000000016
CC(=O)Nc1ccc(OCCCN2CCN(c3ncccn3)CC2)cc1,6.3,2.0260999999999996
CN1CCN(C2=Nc3cc(Cl)ccc3N(NC(=O)c3c(N)cccc3Cl)c3ccccc32)CC1,6.3,4.6978000000000035
CC(C)(O)C(=O)N[C@H]1CC[C@H](CCN2CCC(c3cccc4c3CCO4)CC2)CC1,6.3,3.6369000000000025
CCC(=O)Nc1cccc2c1CC[C@H]1[C@H]2c2cc(O)c(Cl)cc2CCN1C,6.3,4.328700000000004
O=c1[nH]c2c(O)ccc([C@@H](O)CNCCSCCCNCCc3cccc(C(F)(F)F)c3)c2s1,6.3,3.8926000000000025
O=C(NCCCCN1CC[C@H]2c3ccccc3CC[C@@H]21)c1ccc(-c2ccccc2)cc1,6.3,5.667900000000006
Cn1c(SCCCN2CC3CCN(c4ccc(C(F)(F)F)cc4)C3C2)nnc1-c1ccc(=O)n(C)c1,6.3,3.8925000000000027
Cn1c(SCCCN2CC[C@]3(C[C@@H]3c3ccc(C(F)(F)F)cc3)C2)nnc1-c1cccc(-c2ncco2)c1,6.3,6.517700000000007
Cn1c(SCCCN2CC[C@]3(C[C@@H]3c3ccc(C(F)(F)F)cc3)C2)nnc1-c1ccoc1,6.3,5.4557000000000055
Cn1cc2c(C(=O)N[C@H]3CC[C@H](CCN4CCc5sc(N6CC(F)(F)C6)nc5C4)CC3)cccc2n1,6.3,4.222100000000004
O=C1Cc2cccc(C(=O)N[C@H]3CC[C@H](CCN4CCc5nc(OCC(F)F)sc5CC4)CC3)c2N1,6.3,4.061100000000003
O=C(N[C@H]1CC[C@H](CCN2CCN(c3nccc4c3CCO4)CC2)CC1)c1ccc2ncccc2c1,6.3,4.0656000000000025
Cn1c(-c2ccccc2)nc2c1CCN(CC[C@H]1CC[C@H](NC(=O)c3cccc4ncccc34)CC1)C2,6.3,5.372300000000005
CCCN(CCC)C1Cc2ccc3nc(N)sc3c2C1,6.3,3.4677000000000016
CCN(Cc1ccccc1)S(=O)(=O)c1ccc(OC)c(-c2ccc(CN3CCCCCC3c3ccccc3)[nH]2)c1,6.3,7.018400000000008
O=C(NCCCCN1CCN2c3ccccc3Cc3ccccc3C2C1)c1cccs1,6.3,4.725800000000004
CCCN(CCC)[C@@H]1CCc2cc(CS(=O)(=O)c3ccc(OC)cc3)ccc2C1,6.3,4.648400000000005
CS(=O)(=O)Oc1ccc2c(c1)CN(CC[C@H]1CC[C@H](NC(=O)/C=C/c3ccc(F)cc3)CC1)C2,6.3,4.258200000000003
O=C(NCCCCN1CCC[C@@H]2c3ccccc3CC[C@H]21)c1ccc(-c2ccccc2)cc1,6.3,6.058000000000006
Cc1ccc2c(N3CCN(CCc4cccc(N5CCNC5=O)c4)CC3)cccc2n1,6.3,3.437520000000002
O=C(NCCCCN1CCc2ccc(OS(=O)(=O)C(F)(F)F)cc2C1)c1cccc(-c2ccccc2)c1,6.3,5.150300000000005
Cc1ncoc1-c1nnc(SCCCN2CC3CCN(c4c(F)cccc4F)C3C2)n1C,6.3,3.749620000000003
O=C(CCCCCN1CCN(c2ccccc2-c2ccccc2)CC1)NCc1ccccc1,6.3,5.352400000000006
Cc1ncoc1-c1nnc(SCCCN2C[C@@H]3CCN(c4ccc(C(F)(F)F)cc4F)[C@@H]3C2)n1C,6.3,4.629320000000004
CC(=O)N[C@@H]1CC2(CCN(Cc3ccc4[nH]c5ccc(Cl)cc5c4c3)CC2)c2ccccc21,6.3,6.089200000000005
N#Cc1ccc2c(c1)OCC1CN(Cc3ccccc3)CC21,6.3,3.1662800000000013
Cn1cnc2ccc(OCCCCN3CCc4ccccc4C3)cc2c1=O,6.3,3.150800000000002
CO[C@H](C)C(=O)N[C@H]1CC[C@H](CCN2CCC(c3cccc4c3OCO4)CC2)CC1,6.3,3.694700000000002
Cc1cc(-c2cccc(C(=O)N[C@H]3CC[C@H](CCN4CCc5ccc(S(C)(=O)=O)cc5CC4)CC3)c2)on1.Cl,6.3,5.254820000000006
CCCN(CCCCNC(=O)c1ccc(-c2ccccc2)cc1)C1CCc2n[nH]cc2C1,6.3,4.856200000000004
COc1cccc2c1CC[C@H]1[C@H]2CCCN1CCCCNC(=O)c1ccc(-c2ccccc2)cc1,6.3,6.066600000000006
CN(C)c1ccc(/C=C/C(=O)NCCCCN2CCc3ccc(OS(=O)(=O)C(F)(F)F)cc3C2)cc1,6.3,3.9489000000000027
O=C(NCCCCN1CC[C@@H]2c3ccccc3CC[C@@H]21)c1ccc(-c2ccccc2)cc1,6.3,5.667900000000006
CCCN1CCO[C@H]2c3cc4c(cc3CC[C@@H]21)CNC4=O,6.3,2.0281000000000002
Clc1cccc(N2CCN(Cc3c[nH]c4ccccc34)CC2)c1Cl,6.3,4.7969000000000035
Nc1nc2c(s1)CC(CCCNCCCc1ccc(O)c(O)c1)CC2,6.3,3.2440000000000024
O=C(N[C@H]1CC[C@H](CCN2CCN(c3nccc4c3CCO4)CC2)CC1)C1CCOCC1,6.3,2.6301999999999994
O=C(NCCCCN1CCc2ccccc2C1)c1ccc(-c2ccccc2)cc1,6.3,4.921900000000004
Cl.O=C1c2cccc3cccc(c23)N1CCCCCCN1CCN(c2cccc(C(F)(F)F)c2)CC1,6.3,6.623200000000006
COc1ccccc1N1CCN(CC(O)CN2C(=O)NC(c3ccccc3)(c3ccccc3)C2=O)CC1.Cl,6.3,3.0955000000000017
CC1(c2ccc(Br)cc2)NC(=O)N(CC(O)CN2CCN(c3ccccc3C#N)CC2)C1=O.Cl,6.3,2.6926800000000015
Cc1cnc(OCC(=O)N[C@H]2CC[C@H](CCN3CCc4sc(OCC(C)(F)F)nc4C3)CC2)cn1,6.3,3.777720000000003
COc1cc(N2CCC3CN(CCCSc4nnc(-c5cnccn5)n4C)CC32)ccc1F,6.3,3.112700000000002
N#Cc1ccc2c(c1)CCN(CC[C@H]1CC[C@H](NC(=O)c3ccc4ccc(O)nc4c3)CC1)CC2,6.3,4.591580000000004
CC(=O)Nc1cccc(/C=C/C(=O)N[C@H]2CC[C@H](CCN3CCc4ccc(C#N)cc4CC3)CC2)c1,6.3,4.6957800000000045
CCc1c(C)c2n(c1C)[B-](F)(F)[N+]1=C3C=CC=C(NCCCCN4CCN(c5cccc(Cl)c5Cl)CC4)N3[B-](F)(F)[N+]1=C2,6.3,5.261240000000005
COc1ccc(S(=O)(=O)N(C)c2ccccc2)cc1-c1ccc(CN2CCCCC[C@@H]2c2ccccc2)[nH]1,6.3,6.632700000000007
CCCC[C@H](NC(=O)CCCCCNC(=O)[C@H]1CC[C@@H]2c3[nH]c4ccccc4c3CCN2C1)C(=O)N[C@@H](Cc1ccc(F)cc1)C(=O)N1C[C@@H](N)C[C@H]1C(N)=O,6.3,3.108800000000005
CCCN1CCc2cccc3c2[C@H]1Cc1ccc2c(c1-3)OCO2,6.3,3.947600000000003
CN1CCc2ccc(NS(=O)(=O)c3ccc(-c4ccc(C#N)cc4)cc3)cc2CC1,6.3,4.056480000000002
O=C(N[C@H]1CC[C@H](CCN2CCC(c3cccc4c3CCO4)CC2)CC1)c1ccc(-c2ccccc2)cc1,6.3,6.846800000000008
O=C(NCCCCN1CCc2ccc(OS(=O)(=O)C(F)(F)F)cc2C1)c1ccc(-c2ccccc2)cc1,6.3,5.150300000000005
O=C1N(CCN2CCC(c3nnc(-c4ccccc4)o3)CC2)CCN1c1cccc(Cl)c1,6.3,4.511600000000004
c1ccc(CCN2CCCC(c3c(-c4ccccc4)[nH]c4ccccc34)C2)cc1,6.3,6.257000000000006
Fc1ccc2c([C@@H]3CNCC[C@H]3F)c(-c3ccc4ccccc4c3)[nH]c2c1,6.3,5.542200000000004
O=C(NCCCCN1CCC[C@H]2c3ccc(O)cc3CC[C@@H]21)c1ccc(-c2ccccc2)cc1,6.3,5.763600000000006
O=C(N[C@H]1CC[C@H](CCN2CCN(c3nccc4c3CCO4)CC2)CC1)c1cnc(N2CCOCC2)cn1,6.3,2.144
Cc1ccc(CC(C)CNC(=O)/N=C(\N)NCCCc2sc(N)nc2C)cc1,6.3,2.7674400000000006
Oc1ccc(-c2ccc(CNCCc3c[nH]c4ncc(F)cc34)o2)cc1,6.3,3.999900000000002
O=C1CCc2cc(CCCCN3CCN(c4ccccn4)CC3)ccc2N1,6.3,3.111200000000001
Cc1cccc(C#N)c1-c1cccc2c1-c1cccc3c1[C@@H](C2)N(C)CC3,6.3,5.2858000000000045
Cl.Cn1nccc1-c1cccc(C(=O)N[C@H]2CC[C@H](CCN3CCc4ccc(S(C)(=O)=O)cc4CC3)CC2)c1,6.3,4.691900000000005
COc1ccccc1N1CCN(CCCCCC(=O)NCc2ccncc2)CC1,6.3,3.0890000000000013
O=C(N[C@H]1CCN(Cc2ccc(OC(F)(F)F)cc2)C1)c1cccc(-c2cccs2)c1,6.3,5.318000000000004
OC1c2ccc(F)cc2CC1CCN1CCN(c2ccccn2)CC1,6.29,2.638700000000001
C[C@@H](Oc1ccc2c(n1)CCN(CC[C@H]1CC[C@H](NC(=O)Cc3cnn(C)n3)CC1)CC2)C(F)(F)F,6.29,3.248100000000001
CC(C)n1cc2c(n1)CCN(CCN1CCN(c3nsc4ccccc34)CC1)C2=O,6.29,2.8942000000000014
Cc1cccc(C(=O)NN2c3ccc(Cl)cc3N=C(N3CCN(C)CC3)c3ccccc32)c1,6.29,4.770620000000004
CN(CCc1ccccc1OC(F)(F)F)CCN1CCCC1,6.29,3.1553000000000013
c1ccc(CCCNCCCOc2ccccc2)cc1,6.29,3.677900000000003
CC(C)(C)c1nc(C2CC2)cc(N2CCN(CCCCNC(=O)N3CCN(c4ccccc4)CC3)CC2)n1,6.29,4.085500000000003
Cc1ncc(CC(=O)N[C@H]2CC[C@H](CCN3CCc4nc(N(C)CC(F)(F)F)sc4CC3)CC2)s1,6.29,4.614920000000004
COc1ccc(F)cc1C1CC1CN(CCCSc1nnc(-c2ccccc2)n1C)C(C)C.Cl,6.29,6.0479000000000065
O=C(O)/C=C/C(=O)O.O=C1c2c(F)cc(F)cc2CCC12CCN(CCc1ccccc1)CC2,6.29,4.130400000000004
CC1Cc2ccccc2N1C(=O)CC1CCN(Cc2ccc(F)cc2Cl)CC1,6.29,5.0590000000000055
CN1CCCc2cc(O)ccc2Cc2ccccc2CC1,6.29,3.403500000000002
CCC1Cc2ccccc2N1C(=O)CN1CCN(Cc2ccc(Cl)cc2)CC1,6.29,3.8255000000000035
COc1c(C(=O)NCCN2CCN(c3ccccc3Cl)CC2)cc(Br)c2ccccc12,6.29,4.8163000000000045
C[C@]1(O)CC[C@H](C(=O)N[C@H]2CC[C@H](CCN3CCN(c4nccc5c4CCO5)CC3)CC2)CC1,6.29,3.144800000000002
COCC(=O)N[C@H]1CC[C@H](CCN2CCC(c3cccc4c3OCO4)CC2)CC1,6.29,3.3062000000000014
C=CCN1CCc2c(cc(O)c(O)c2Cl)[C@@H](c2ccccc2)C1,6.29,3.9272000000000036
O=C(N[C@H]1CC[C@H](CCN2CCN(c3nccc4c3CCO4)CC2)CC1)c1ccc(Cl)cc1Cl,6.29,4.824200000000004
CCCN(CCCCNC(=O)c1cc2ccccc2[nH]1)CC1CC1c1cc(F)ccc1OC.Cl,6.29,5.763100000000007
COc1cc(N2CC[C@H]3CN(CCCSc4nnc(-c5cnccn5)n4C)C[C@H]32)ccc1F,6.29,3.112700000000002
O=C(C[C@H]1CCCO1)N[C@H]1CC[C@H](CCN2CCC(c3cccc4c3CCO4)CC2)CC1,6.29,4.435100000000004
CS(=O)(=O)c1ccc(C(=O)N[C@H]2CC[C@H](CCN3CCN(c4nccc5c4CCO5)CC3)CC2)s1,6.29,2.982400000000001
CCN(CCN1CCC(c2noc3ccccc23)CC1)S(=O)(=O)CCO,6.29,1.6511999999999998
Cc1cc(CC(=O)N[C@H]2CC[C@H](CCN3CCC(c4cccc5c4OCO5)CC3)CC2)on1,6.29,4.198920000000004
Cc1ncoc1-c1nnc(SCCCN2CC[C@]3(C[C@H]3c3ccccc3)C2)n1C,6.29,4.140320000000003
c1ccc(CN2CCC(n3nccc3-c3ccccc3)CC2)cc1,6.29,4.3872000000000035
CC(C)(C)c1nc(N2CCN(CCCCNC(=O)N3CCCN(c4ccccc4)CC3)CC2)cc(C(F)(F)F)n1,6.29,4.6170000000000035
O=C(N[C@H]1CC[C@H](CCN2CCN(c3cccc4c3OCO4)CC2)CC1)c1ccnc2ccccc12,6.29,4.464400000000004
COc1ccc2ccnc(N3CCN(CCCCNC(=O)c4cc5cccc(OC)c5o4)CC3)c2c1,6.29,4.330400000000004
Cc1ccc(N2CCN(C[C@@H]3C[C@@H]3c3ccccc3)CC2)c(C)c1,6.29,4.229140000000004
COc1cccnc1N1CCN(CCCc2nc3ccccc3s2)CC1,6.29,3.4547000000000025
C(=C/Cn1c(-c2ccc(OCCCN3CCCCC3)cc2)nc2ccccc21)\Cn1c(-c2ccc(OCCCN3CCCCC3)cc2)nc2ccccc21,6.29,9.486
COCCC(=O)N[C@H]1CC[C@H](CCN2CCC(c3cccc4c3CCO4)CC2)CC1,6.29,3.9025000000000034
O=C(NCCCN1CCN(c2cccc(Cl)c2Cl)CC1)c1cccc2c1-c1ccccc1C2=O,6.29,5.146900000000004
O=C(N[C@H]1CC[C@H](CCN2CCN(c3nccc4occc34)CC2)CC1)C1CCOCC1,6.29,3.4415000000000013
CN1CCN(C2=Cc3cc(Cl)ccc3Cc3ccccc32)CC1,6.28,3.9897000000000036
Cc1ncccc1C(=O)N[C@H]1CC[C@H](CCN2CCc3nc(OCC(F)(F)F)sc3CC2)OC1,6.28,3.555920000000002
Cc1ncoc1-c1nnc(SCCN2CC[C@]3(CC3c3ccc(C(F)(F)F)cc3)C2)n1C,6.28,4.769020000000005
CCC(CNC(=O)/N=C(\N)NCCCc1sc(N)nc1C)c1ccccc1,6.28,2.77402
CC(C)(C)c1nc(N2CCN(CCCCn3ccc(-c4ccccc4)cc3=O)CC2)cc(C(F)(F)F)n1,6.28,5.2240000000000055
CC(Sc1ccccc1Cl)c1nc(N)nc(N2CCN(C)CC2)n1,6.28,2.7123
CC(C)=C1c2ccccc2C=C(C2=CCN(C)CC2)c2ccccc21,6.28,5.644200000000006
O=C(NCCC(F)CN1CCN(c2cccc(Cl)c2Cl)CC1)c1cc2ccccc2[nH]1,6.28,4.754900000000004
CCc1cc([C@]23C[C@H]2CN(CC[C@H]2CC[C@H](NC(=O)c4cccnc4C)CC2)C3)no1,6.28,3.8926200000000026
CC(C)(C)c1nc(N2CCN(CCCCNC(=O)N3CCN(c4ccnc5ccccc45)CC3)CC2)cc(C(F)(F)F)n1,6.28,4.775100000000004
CC(C)(C)c1nc(N2CCN(CCCCNC(=O)N3CCN(Cc4ccccc4)CC3)CC2)cc(C(F)(F)F)n1,6.28,4.222500000000004
O=C(CC1CCCCO1)N[C@H]1CC[C@H](CCN2CCC(c3cccc4c3OCO4)CC2)CC1,6.28,4.619000000000004
CCCN(CCc1ccccc1)C1CCc2ccc(O)cc2C1,6.28,4.204200000000004
O=C(NCCCN1CCN(c2ccc(Br)cc2)CC1)NN(Cc1ccccc1)c1ccccc1,6.28,4.8822000000000045
Cn1c(SCCCN2C[C@@H]3CCN(c4ccc(C(F)(F)F)cc4)[C@@H]3C2)nnc1-c1ccc(=O)n(C)c1,6.28,3.8925000000000027
COc1ccc(-c2cc(F)ccc2N2CCN(CCCCCC(=O)NCc3ccc(C#N)cc3)CC2)cc1,6.28,5.3717800000000056
CC(Sc1ccc(Cl)c(Cl)c1)c1nc(N)nc(N2CCN(C)CC2)n1,6.28,3.3657000000000012
Cn1cc(CC(=O)N[C@H]2CC[C@H](CCN3CCc4nc(OCC(F)(F)F)sc4CC3)CC2)cn1,6.28,3.5261000000000013
CCN1C(=O)c2ccccc2[S@+]([O-])c2ccc(C(=O)N[C@H](C)c3ccc(Br)cc3)cc21,6.28,5.086900000000004
CCCN(CCC)C1CCc2n[nH]cc2C1,6.28,2.3890000000000002
CCN(CCN1CCC(c2c[nH]c3ccccc23)CC1)C(=O)C(C)O,6.28,2.5766000000000004
O=C(CCCN1CCC(c2ccccc2)CC1)c1nc2ccccc2s1,6.28,5.138800000000005
O=C(CC1COCCO1)N[C@H]1CC[C@H](CCN2CCC(c3cccc4c3OCO4)CC2)CC1,6.28,3.465300000000002
Cn1c(SCCCN2CC[C@]3(C[C@@H]3c3ccc(F)cc3F)C2)nnc1-c1cccnc1,6.28,4.517100000000004
Cc1ncoc1-c1nnc(SCCN2CC[C@]3(C[C@@H]3c3ccc(C(F)(F)F)cc3)C2)n1C,6.28,4.769020000000005
COc1cc(CC(=O)N[C@H]2CC[C@H](CCN3CCc4nc(OCC(F)(F)F)sc4CC3)OC2)on1,6.28,2.7780000000000005
CN1CCc2cccc3c2[C@H]1Cc1ccccc1-3,6.28,3.4387000000000025
Cn1cc2c(C(=O)N[C@H]3CC[C@H](CCN4CCc5ccc(CCC(F)(F)F)nc5CC4)CC3)ccc(F)c2n1,6.28,5.3818000000000055
Cn1c(SCCCN2CC[C@]3(C[C@@H]3c3ccc(C(F)(F)F)cc3)C2)nnc1-c1ccccn1,6.28,5.257700000000005
c1ccc(CCN2CCC3(CCc4ccccc4O3)CC2)cc1,6.28,4.088900000000003
O=C(C[C@@H]1CCCO1)N[C@H]1CC[C@H](CCN2CCC(c3cccc4c3OCO4)CC2)CC1,6.28,4.228900000000004
CC(C)(C)C(=O)N[C@H]1CC[C@H](CCN2CCN(c3nccc4c3CCO4)CC2)CC1,6.28,3.2497000000000016
COc1ccc2c(n1)CN[C@@H]1CCc3cc(O)c(O)cc3[C@@H]21,6.28,2.0513
O=S(=O)(NC1CCN(CCOc2cccc(F)c2)C1)c1ccc(F)c(F)c1,6.28,2.5355000000000008
CCCN(CCN1CCN(Cc2cc3ccccc3[nH]2)CC1)c1ccc(OC)cc1,6.28,4.210700000000003
Clc1ccc(-c2cc(C3CCN(CCc4ccccc4)CC3)[nH]n2)cc1,6.28,5.152200000000004
Cn1c(SCCCN2CC[C@]3(C[C@@H]3c3ccc(C(F)(F)F)cc3)C2)nnc1C1CC2CCC(C1)O2,6.27,5.620700000000006
O=C1Cc2c(ccc(Cl)c2N2CCN(Cc3ccccc3)CC2)N1,6.27,3.1568000000000005
O=C(CCC(F)(F)F)N[C@H]1CC[C@H](CCN2CCc3sc(N4CC(F)(F)C4)nc3C2)CC1,6.27,4.364100000000004
N#Cc1ccc2[nH]cc(CN3CCN(c4ccccc4Cl)CC3)c2c1,6.27,4.0151800000000035
Cc1ncoc1-c1nnc(SCCCN2CC[C@]3(C[C@H]3c3ccc(F)cc3F)C2)n1C,6.27,4.4185200000000036
O=C(c1cc2ccccc2[nH]1)N1CCN(CCOc2ccccc2)CC1,6.27,3.0047000000000015
CCC[C@H]1CN(Cc2ccccc2)C[C@@H]1CNC(=O)c1cc(Cl)c(NC)cc1OC,6.27,4.668400000000004
O=C1NCN(c2ccccc2)C12CCN(Cc1cccc(Oc3ccccc3)c1)CC2,6.27,4.407400000000004
CC(C)(C)c1nc(N2CCN(CCCCNC(=O)N3CCc4c([nH]c5ccccc45)C3)CC2)cc(C(F)(F)F)n1,6.27,4.944300000000005
CCc1cc2c(cc1N1CCN(CC(O)CCCC(=O)c3cc4ccccc4[nH]3)CC1)OCO2,6.27,3.9951000000000016
CN1CCN(C2=Nc3cc(Cl)ccc3N(NC(=O)c3cccc(F)c3F)c3ccccc32)CC1,6.27,4.740400000000005
Cl.N#Cc1ccccc1N1CCN(CC(O)CN2C(=O)NC(c3ccccc3)(c3ccccc3)C2=O)CC1,6.27,2.9585800000000013
Cn1ncc2c1CCN(CCN1CCC(c3noc4ccccc34)CC1)C2=O,6.27,2.4392000000000005
CC(CN1CCC(c2noc3cc(F)ccc23)CC1)N1CCc2cccnc2C1=O,6.27,3.628300000000003
CN1CCc2ccc3c(=O)oc4cccc5c4c3c2[C@H]1C5,6.27,3.0313000000000017
COc1ccc2c(c1)CCC(C1CCN(Cc3ccccc3)CC1)C2=O,6.27,4.352500000000004
CC1(Oc2ccc(Cl)cc2)CCN(CCOc2ccccc2C(F)(F)F)CC1,6.27,5.671100000000004
CCN(CCN1CCC(n2ncc3cc(F)ccc32)CC1)S(=O)(=O)CCO,6.27,1.4562999999999993
CC(C)(C)c1nc(N2CCN(CCCCNC(=O)N3CCc4[nH]c5ccccc5c4C3)CC2)cc(C(F)(F)F)n1,6.27,4.944300000000004
CCc1cc2c(cc1N1CCN(CC(O)CCNC(=O)c3cc4ccccc4[nH]3)CC1)OCO2,6.27,2.7620000000000005
CCCN(CCC)C1COc2c(ccc3sc(N)nc23)C1,6.27,3.304000000000001
CN(C)S(=O)(=O)N[C@H]1CC[C@H](CCN2CCN(c3nccc4occc34)CC2)CC1,6.27,2.2947000000000006
Cc1cc(CC(=O)N[C@H]2CC[C@H](CCN3CCC(c4cccc5c4CCO5)CC3)CC2)on1,6.27,4.405120000000004
COc1cc(N)c(Cl)cc1C(=O)NC[C@H]1CCN(Cc2ccccc2)C1,6.27,3.1827000000000023
N#Cc1ccc(CNC(=O)CCOCCN2CCN(c3ncccc3-c3ccccc3)CC2)cc1,6.27,3.4653800000000015
Cc1ccc(N2CCN(C[C@H]3C[C@@H]3c3ccccc3)CC2)c(C)c1,6.27,4.229140000000004
CCCN1CCOC2c3cc(O)ccc3SCC21,6.27,2.649800000000001
CCCN(CCCCNC(=O)c1cc2ccccc2[nH]1)C[C@@H]1C[C@H]1c1cccc(Cl)c1Cl.Cl,6.27,6.922200000000007
CCOc1cccc2cc(CN(C)CCCCOc3ccc4c(c3)NC(=O)CC4)oc12,6.27,5.0072000000000045
Clc1sc(Cl)c2c1CCCc1c[nH]nc1-2,6.27,3.9337000000000018
Cn1cc(OCC(=O)N[C@H]2CC[C@H](CCN3CCc4ccc(CCC(F)(F)F)nc4CC3)CC2)cn1,6.27,3.854700000000003
Cn1cc(-c2nnc(SCCCN3CC[C@]4(C[C@@H]4c4ccc(C(F)(F)F)cc4)C3)n2C)cn1,6.27,4.596200000000004
Cl.O=C1C(c2ccccc2)=COC12CCN(CCc1ccccc1)CC2,6.26,4.125900000000003
Cc1sc(C)c2c1CCCc1cnn(C(C)C)c1-2,6.26,4.298040000000004
CCCN(CCC)[C@@H]1CCc2c(OS(=O)(=O)C(F)(F)F)cccc2[C@@H]1C,6.26,4.455300000000005
COc1ccc2[nH]cc(CCCN3CCN(c4cccc5sccc45)CC3)c2c1,6.26,5.146000000000004
O=C(N[C@H]1CC[C@H](CCN2CCN(c3nccc4c3CCO4)CC2)CC1)c1ccnc2ccccc12,6.26,4.0656000000000025
OC1(c2ccc(Cl)c(C(F)(F)F)c2)CCN(CCCCN(c2ccc(F)cc2)c2ccc(F)cc2)CC1,6.26,7.538900000000006
O=C(N[C@H]1CC[C@H](CCN2CCN(c3nccc4c3CCO4)CC2)CC1)C1CCC1,6.26,3.0037000000000003
CCCN(CCCCNC(=O)c1ccc(-c2ccccn2)cc1)C[C@@H]1C[C@H]1c1cccc(Cl)c1Cl.Cl,6.26,7.5029000000000075
OC1(c2ccc(Cl)cc2)CCN(Cc2n[nH]c3ccccc23)CC1,6.26,3.699900000000002
Cl.N#Cc1ccc2[nH]cc(CCCCN3CCN(c4ccc5oc(C(N)=O)cc5c4)CC3)c2c1,6.26,4.451380000000002
FC(F)(F)c1ccccc1OCCN1CCC(COC(c2ccc(Cl)cc2)c2ccccn2)CC1,6.26,6.6508000000000065
CC(C)CS(=O)(=O)n1ccc2c(-c3ccccc3)cc(N3CCN(C)CC3)nc21,6.26,3.2890000000000024
CC(=O)NC1(C)CCN(C[C@H]2COc3ccc(F)cc3O2)CC1,6.26,1.9561000000000002
Cc1ncc(CC(=O)N[C@H]2CC[C@H](CCN3CCc4sc(OC5CC(F)(F)C5)nc4C3)CC2)o1,6.26,4.281920000000004
O=C(NC(c1ccc(F)cc1)c1ccccn1)C1CCN(CCOc2ccccc2)CC1,6.26,4.217300000000003
COc1cccc([C@@H](NC(=O)C2CCN(CCOc3ccccc3)CC2)c2ccccn2)c1,6.26,4.086800000000004
O=C(NC(c1ccc(Cl)cc1)c1ccccc1F)C1CCN(CCOc2ccccc2)CC1,6.26,5.475700000000005
CC1(Oc2ccc(Cl)cc2)CCN(CCOc2ccc(F)cc2C(F)(F)F)CC1,6.26,5.810200000000004
CC(=O)NC1(C)CCN(C[C@H]2COc3ccccc3O2)CC1,6.26,1.817
CC1(C(=O)N2CCCC2)CCN(C[C@H]2COc3ccccc3O2)CC1,6.26,2.5509000000000004
CC1(C(=O)Nc2ccccc2)CCN(CC2COc3ccccc3O2)CC1,6.26,3.5672000000000024
Cc1nc(CC(=O)N[C@H]2CC[C@H](CCN3CCc4ccc(OCC(C)(F)F)nc4CC3)CC2)no1,6.26,3.5154200000000024
Cn1c(SCCCN2C[C@@H]3CCN(c4ccc(F)cc4)[C@@H]3C2)nnc1-c1ccc(C(N)=O)nc1,6.26,2.8080000000000007
CC1(NC(=O)C2CC2)CCN(C[C@H]2COc3ccccc3O2)CC1,6.26,2.2070999999999996
CN(C)C(=O)C1(C)CCN(C[C@H]2COc3ccccc3O2)CC1,6.26,2.0166999999999993
CSc1ccc(CSc2nc3ccccc3n2Cc2ccc(Cl)cc2)cc1,6.26,6.7522000000000055
Cn1c(SCCCN2CC[C@]3(C[C@@H]3c3ccc(C(F)(F)F)cc3)C2)nnc1-c1ccc(C(N)=O)nc1,6.26,4.356600000000003
CCc1cc([C@]23C[C@H]2CN(CC[C@H]2CC[C@H](NC(=O)Cc4nnc(C)s4)CC2)C3)no1,6.26,3.2780200000000015
CCc1cc([C@]23C[C@H]2CN(CC[C@H]2CC[C@H](NC(=O)COc4cnn(C)c4)CC2)C3)no1,6.26,2.6879
CC(F)c1cc(C23CC2CN(CC[C@H]2CC[C@H](NC(=O)c4cccc5nn(C)cc45)CC2)C3)no1,6.26,4.544000000000004
Clc1ccc2c(c1)CC1(CCN(CCOc3ccccc3)C1)O2,6.26,3.7984000000000027
c1ccc(CCCOCC2CCN(Cc3ccccc3)CC2)cc1,6.26,4.5480000000000045
COc1ccc2[nH]cc(CN3[C@@H]4CC[C@H]3C[C@](O)(c3ccc(SC)cc3)C4)c2c1,6.26,4.913000000000005
CC(C)(C)OC(=O)Nc1ccc(CCN2CCc3ccccc3C2)cc1,6.26,4.634400000000004
O=C(O)C(=O)O.O=C1CCc2ccccc2N1CCCN1CCN(c2ccc(Cl)cc2Cl)CC1,6.26,3.640500000000003
N#Cc1ccc(CCOC(=O)NC2CCN(CCCC(c3ccc(F)cc3)c3ccc(F)cc3)CC2)cc1,6.26,6.181880000000007
COc1ccc(-c2cccc3c2CC[C@H]2[C@H]3c3cc(O)c(Cl)cc3CCN2C)cc1,6.26,5.6558000000000055
FC(F)(F)c1ccccc1OCCN1CCC2(CC1)CC2c1ccccc1,6.26,5.353900000000005
CN(c1ccccc1)C1(C)CCN(CCOc2ccccc2C(F)(F)F)CC1,6.26,5.075100000000005
COC(=O)c1ccc(C[S+]([O-])c2nc3ccccc3n2Cc2ccc(Cl)cc2)cc1,6.26,4.832400000000004
CC1(Oc2ccc(Cl)cc2)CCN(CCOc2cc(F)ccc2C(F)(F)F)CC1,6.26,5.810200000000004
CN1CCc2cc(Cl)c(O)cc2[C@@H](c2ccc(CN(Cc3ccccc3)c3ccc(F)cc3F)cc2)C1,6.26,7.1504000000000065
CC1(Oc2ccccc2)CCN(CCOc2ccccc2C(F)(F)F)CC1,6.26,5.017700000000005
CC1(Oc2ccc(Cl)cc2)CCCN(CCOc2ccccc2)C1,6.26,4.652300000000003
CC1(Oc2ccc(Cl)cc2)CCCN(CCOc2ccc3scnc3c2)C1,6.26,5.262000000000004
Brc1cccc(N2CCN(Cc3cc4ccccn4n3)CC2)n1,6.26,2.814
O[C@@]1(c2cccc(Cl)c2Cl)C[C@H]2CC[C@@H](C1)N2Cc1c[nH]c2ccccc12,6.26,5.4893000000000045
COc1cccc2c1-c1cccc3c1[C@@H](C2)N(C)CC3,6.26,3.447300000000002
C(#Cc1c[nH]c(CN2CCN(c3ccccc3)CC2)c1)c1ccccc1,6.26,3.7367000000000035
Cn1cc2c(C(=O)N[C@H]3CC[C@H](CCN4CC5CC5(c5cc(CF)on5)C4)CC3)cccc2n1,6.26,3.983000000000003
CC1(Oc2ccccc2)CCN(CCOc2ccc(C(F)(F)F)cc2)CC1,6.26,5.017700000000005
N/C(=N\C(=O)NCc1ccccc1)NC1CCc2nc(N)sc2C1,6.26,1.3966999999999996
O=C(O)/C=C/C(=O)O.c1ccc(N2CCN(CCCCCNC3=Nc4ccccc4OC3)CC2)nc1,6.26,2.797900000000001
CCCN(CCc1cccs1)[C@@H]1CCc2ccc(OC)cc2C1,6.26,4.568700000000004
CC1(Oc2ccc(Cl)cc2)CCN(CCCCOc2ccccc2F)C1,6.26,5.181500000000004
CC1(Oc2ccccc2)CC2CCC(C1)N2CCOc1ccccc1C(F)(F)F,6.26,5.5487000000000055
O=c1n(CC2CCC(CN3CCN(c4cccc(Cl)c4)CC3)CC2)nc2ccccn12,6.25,3.7780000000000022
Cc1ncccc1C(=O)N[C@H]1CC[C@H](CCN2CCc3nc(OCC(C)(F)F)sc3CC2)CC1,6.25,4.660020000000005
CCC(Oc1cc(Cl)cc(Cl)c1)c1nc(Nc2ccccc2)nc(N2CCN(C)CC2)n1,6.25,5.203900000000005
Clc1ccc(-c2cc(C3CCN(CCCc4ccccc4)CC3)[nH]n2)cc1,6.25,5.542300000000005
CC(C)Oc1cccnc1N(C)C1CCN(Cc2ccc(I)cc2)CC1,6.25,4.574200000000004
CC(Oc1cccc(Cl)c1)c1nc(N)nc(N2CCN(C)CC2)n1,6.25,1.999
CSc1ccc([C@]2(O)C[C@H]3CC[C@@H](C2)N3Cc2c[nH]c3ccccc23)cc1,6.25,4.904400000000004
O=C1c2ccccc2C(=O)N1CCCCN1CCN(C(c2ccccc2)c2ccc(Cl)cc2)CC1,6.25,5.1234000000000055
O=C1NCN(c2ccccc2)C12CCN(Cc1ccc3c(c1)OCO3)CC2,6.25,2.3438
Cc1cccn2cc(-c3ccc(OCCCCN4CCN(c5cccc(Cl)c5Cl)CC4)cc3)nc12,6.25,6.597720000000006
Cc1ncc(CC(=O)N[C@H]2CC[C@](F)(CCN3CCc4nc(OCC(F)(F)F)sc4CC3)CC2)o1,6.25,4.1811200000000035
Oc1ccc(OCCNCCCOc2ccccc2)cc1,6.25,2.8297000000000008
CN1CCC(C2=Cc3cc(Cl)ccc3Cc3ccccc32)CC1,6.25,5.126600000000004
O=C(N[C@H]1CC[C@H](CCN2CCC(c3cccc4c3CCO4)CC2)CC1)c1ccnc2ccccc12,6.25,5.728000000000006
O=C(NCCCCN1CCN(c2cccnc2)CC1)c1n[nH]c2ccccc12,6.25,2.290099999999999
COc1ccc(N2CCN(C(=O)NCCCCN3CCN(c4cc(C(F)(F)F)nc(C(C)(C)C)n4)CC3)CC2)cc1,6.25,4.235500000000004
CC(C)(C)c1nc(C(F)F)cc(N2CCN(CCCCNC(=O)N3CCc4[nH]c5ccc(C(F)(F)F)cc5c4C3)CC2)n1,6.25,5.881900000000005
O=C(C[C@@H]1CCCO1)N[C@H]1CC[C@H](CCN2CCC(c3cccc4c3CCO4)CC2)CC1,6.25,4.435100000000004
COc1cccc(CCCN2CCN(Cc3cc4ccccc4o3)CC2)c1,6.25,4.191800000000003
CC(C)(C)c1nc(N2CCN(CCCCNC(=O)N3CCc4[nH]c5ccc(C(F)(F)F)cc5c4C3)CC2)cc(C(F)(F)F)n1,6.25,5.963100000000006
O=S(=O)(NCC1CCN(CCOc2cccc(F)c2)CC1)c1cccc(Cl)c1,6.25,3.5484000000000027
COc1ccc2c(c1)[C@H]1OCCN(CCCCNC(=O)c3ccccc3)[C@@H]1CO2,6.25,3.0397000000000016
COc1ccc(C(=O)NCCCCN2CCO[C@@H]3c4ccccc4OC[C@H]32)cc1,6.25,3.0397000000000016
O=C(NCCCCN1CCO[C@@H]2c3ccccc3OC[C@H]21)c1cccc2ccccc12,6.25,4.184300000000003
CN1CCc2cc(Cl)c(O)cc2[C@H]2c3cccc(NC(=O)Nc4c(Cl)cccc4Cl)c3CC[C@@H]21,6.25,6.931000000000005
CCCCCCNC(=O)/N=C(\N)NCCCc1sc(N)nc1C,6.25,2.16052
Cn1cc2c(n1)C(=O)N(CCN1CCC(c3noc4ccccc34)CC1)CCC2,6.24,2.829300000000001
COc1ccc2[nH]cc(CCNCc3ccc(-c4ccc(Cl)cc4)o3)c2c1,6.24,5.422200000000004
CC1=CC[C@@H]2C[C@H]1[C@H](c1ccc(C(F)(F)F)c(F)c1)NC2(C)C,6.24,5.239900000000004
CCCN1CCN(c2ccccc2S(C)(=O)=O)CC1,6.24,1.6221000000000003
CCC(Oc1ccc(Cl)c(Cl)c1)c1nc(N)nc(N2CCN(C)CC2)n1,6.24,3.0425000000000013
Cn1cc2c(C(=O)N[C@H]3CC[C@H](CCN4CCc5sc(OCC(F)(F)F)nc5C4)CC3)cccc2n1,6.24,4.707900000000005
Cn1cc(OCC(=O)N[C@H]2CC[C@H](CCN3CCc4ccc(OCC(F)F)nc4CC3)CC2)cn1,6.24,3.0037000000000003
Cl.O=C1c2ccccc2CCC1C1CCN(Cc2ccc(C(F)(F)F)cc2)CC1,6.24,5.784500000000005
Cn1c(SCCCN2CC3CCN(c4ccc(C(F)(F)F)cc4)C3C2)nnc1C1CCC(O)CC1,6.24,4.545300000000005
Cc1ccc(C2CCN(Cc3ccc4c(c3)NC(=O)CO4)CC2)cc1C,6.24,4.0139400000000025
COc1ccc(CCC(=O)NN2c3ccc(Cl)cc3N=C(N3CCN(C)CC3)c3ccccc32)cc1Cl,6.24,5.443200000000005
O=C(CO)N[C@H]1CC[C@H](CCN2CCC(c3cccc4c3CCO4)CC2)CC1,6.24,2.8583
COc1ccccc1N1CCN(Cc2cnc3cc(C)nc(C)n23)CC1,6.24,2.676940000000001
CC(C)(C)c1nc(N2CCN(CCCCNC(=O)N3CCN(c4ccc(Cl)c(Cl)c4)CC3)CC2)cc(C(F)(F)F)n1,6.24,5.533700000000006
CC(C)(C)c1nc(N2CCN(CCCCNC(=O)N3CCN(c4cccc(Cl)c4)CC3)CC2)cc(C(F)(F)F)n1,6.24,4.8803000000000045
Clc1ccc(-c2cc(C3CCN(Cc4cccc(Cl)c4)CC3)[nH]n2)cc1,6.24,5.763100000000004
CCCN1CCC(c2cc3ccccc3s2)CC1,6.24,4.490700000000004
Cc1ncc(OCC(=O)N[C@H]2CC[C@](F)(CCN3CCc4nc(OCC(F)(F)F)sc4CC3)CC2)cn1,6.24,3.819420000000002
C[C@H](CN1CCN(c2cc(F)c(F)cc2F)CC1)N1C(=O)CC2(CCCC2)CC1=O,6.24,3.323800000000002
CCCN1CCN2c3cccc4[nH]cc(c34)CC2C1,6.24,2.624600000000001
O=C1CCc2ccc(OCCCCNCc3cc4ccccc4o3)cc2N1,6.24,4.266300000000003
Nc1nc2cc3c(cc2s1)CCN(Cc1cnc[nH]1)CC3,6.24,2.2024
COc1ccccc1OCCNCC1(F)CCN(C(=O)c2ccc(F)c(Cl)c2)CC1,6.24,4.100600000000003
Cc1nnc(CC(=O)N[C@H]2CC[C@H](CCN3CCc4nc(OCC(F)F)sc4CC3)CC2)o1,6.24,3.186820000000001
COc1ccc2c(c1)CCC1(CCN(CCc3ccc(F)cc3F)CC1)O2,6.24,4.375700000000004
C#Cc1c[nH]c(CN2CCN(c3ccccc3)CC2)c1,6.24,2.3182
O=C(N[C@H]1CC[C@](F)(CCN2CCc3nc(OCC(F)(F)F)sc3CC2)CC1)c1cccnc1C(F)F,6.24,5.2884000000000055
COc1c(-c2ccco2)ccc2c1-c1cccc3c1[C@@H](C2)N(C)CC3,6.24,4.7073000000000045
O=C(N[C@H]1CC[C@H](CCN2CCN(c3cccc4c3OCO4)CC2)CC1)C1COc2ccccc2C1,6.24,3.8537000000000017
Clc1ccc2c(c1)C(N1CCN(C3CCCCC3)CC1)=Nc1cccnc1N2,6.24,4.820600000000003
CN1CCc2cc(Cl)c(O)cc2[C@H]2c3cccc(-c4cccc(C#N)c4)c3CC[C@@H]21,6.23,5.518880000000005
N[C@@H]1CCc2c(F)cccc2C1,6.23,1.6417
O=C1c2cccnc2CCN1CCN1CCN(c2nsc3ccccc23)CC1,6.23,2.511800000000001
Cc1nc(N)sc1CCCN/C(N)=N/C(=O)NCC(C)CCCc1ccccc1,6.23,3.2392200000000013
COc1ccccc1N1CCN(CCCN2CCN(C(=O)c3ccccn3)CC2)CC1,6.23,2.0603
COc1ccc2c(c1)[C@H]1OCCN(CCCCNC(=O)c3ccc([N+](=O)[O-])cc3)[C@@H]1CO2,6.23,2.9479000000000015
OC1(c2ccc(Cl)cc2)CC2CCC(C1)N2Cc1c[nH]c2ncccc12,6.23,4.230900000000002
CC(C)(C)c1nc(N2CCN(CCCCNC(=O)N3CCN(CC=Cc4ccccc4)CC3)CC2)cc(C(F)(F)F)n1,6.23,4.735700000000004
O=C(CC1CC1)N[C@H]1CC[C@H](CCN2CCN(c3nccc4c3CCO4)CC2)CC1,6.23,3.003700000000001
CCCCOc1c(O)ccc2c1CN1CCc3cc(OCCC)c(O)cc3[C@@H]1C2,6.23,4.721000000000005
Cc1ncccc1C(=O)N[C@H]1CC[C@](F)(CCN2CCc3nc(OCC(F)(F)F)sc3CC2)CC1,6.23,4.659220000000005
O=C(NCCCCN1CCN(C(c2ccccc2)c2ccccc2)CC1)c1cc2ccccc2s1,6.23,5.8185000000000064
O=C(NCCCCN1CCN(C(c2ccccc2)c2ccc(Cl)cc2)CC1)c1ccc2ccccc2c1,6.23,6.410400000000007
CCCN(CCC)C1COc2c(cccc2-c2ccccc2)C1,6.23,4.779100000000004
Clc1ccc2[nH]c(C3=CCN(Cc4ccccc4)CC3)nc2c1,6.23,4.505600000000003
O=C(N[C@H]1CC[C@H](CCN2CCC(c3cccc4c3OCO4)CC2)CC1)c1ccc(N2CCOCC2)cc1,6.23,4.8102000000000045
COc1ccc(Cl)cc1S(=O)(=O)N[C@H]1CC[C@@H](N2CCN(c3ccccc3OCC3CC3)CC2)CC1,6.23,4.549100000000005
Cl.Fc1ccccc1N1CCN(CCCCc2cc(/C=C/c3ccccc3)no2)CC1,6.23,5.550800000000006
CC[C@@H](O)CN1CCN(c2cccc(Cl)c2Cl)CC1,6.23,2.886300000000001
O=C(N[C@H]1CC[C@H](CCN2CCN(c3nccc4c3CCO4)CC2)CC1)C1(O)CC1,6.23,1.728499999999999
FCCOc1cccc(CN2CCN(c3ccc(Cl)cc3)CC2)c1,6.23,4.010500000000003
CN1CCC(c2cc(-c3ccc(Cl)cc3)[nH]n2)CC1,6.229147988357855,3.5393000000000017
Cc1nc2c(o1)C(=O)N(CCN1CCN(c3nsc4ccccc34)CC1)CC2,6.22,2.413220000000001
Cc1nc(N)sc1CCCN/C(N)=N/C(=O)NCc1ccccc1,6.22,1.7804200000000001
Cn1ccc2c1CCCN(CCN1CCN(c3noc4ccccc34)CC1)C2=O,6.22,2.376900000000001
CC1CN(CCN2CCN(c3nsc4ccccc34)CC2)C(=O)c2cnn(C)c21,6.22,2.4113000000000007
Fc1ccc2c(c1)CC(CCN1CCCN(c3ccccn3)CC1)C2,6.22,3.5379000000000023
O=C(NC1CCN(Cc2ccccc2)C1)c1ccc(-c2ccccc2)cc1,6.22,4.357900000000003
N#Cc1ccccc1N1CCN(CNC(=O)c2ccc(Cl)cc2)CC1,6.22,2.7211800000000013
O=C(CC1CCC1)N[C@H]1CC[C@H](CCN2CCN(c3nccc4c3CCO4)CC2)CC1,6.22,3.3938000000000015
c1c[nH]c2nc(CN3CCc4ccccc4C3)cc-2c1,6.22,3.0728000000000018
Br.O=C1c2ccccc2CCC1C1CCN(CCc2ccccc2)CC1,6.22,4.964300000000004
Cn1c(SCCCN2CC3CCN(c4c(F)cc(F)cc4F)C3C2)nnc1-c1cnccn1,6.22,3.3823000000000025
CC(=O)Oc1c(Cl)cc2c(c1OC(C)=O)-c1cccc3c1[C@@H](C2)N(C)CC3,6.22,3.942700000000002
O=C1c2ccccc2C(=O)N1CCCCN1CCN(C(c2ccccc2)c2ccccc2)CC1,6.22,4.470000000000004
Cn1nccc1-c1nnc(SCCCN2CC3CCN(c4ccccc4C(F)(F)F)C3C2)n1C,6.22,3.9273000000000033
COc1ccccc1N1CCN(CC(O)CCn2cc(-c3ccc4c(c3)Cc3ccccc3-4)nn2)CC1,6.22,4.098100000000003
CCCC[C@H](NC(=O)CCCCCNC(=O)[C@H]1CC[C@@H]2c3[nH]c4ccccc4c3CCN2C1)C(=O)N[C@@H](Cc1c[nH]c2ccccc12)C(=O)N1C[C@@H](N)C[C@H]1C(N)=O,6.22,3.451000000000005
O=C(NCCCN1CCN(c2ccccc2)CC1)C1c2ccccc2-c2ccccc21,6.22,4.127400000000003
CN1CCN(C2=Nc3cc(Cl)ccc3N(NC(=O)c3cc(Cl)cc(Cl)c3)c3ccccc32)CC1,6.22,5.769000000000005
CCCN1CCc2cccc3c2[C@@H]1Cc1cccc(OCCCn2cc(CCN4CCN(c5ccccc5OC)CC4)nn2)c1-3,6.22,5.652800000000005
CC1(c2ccc(Cl)cc2)NC(=O)N(CC(O)CN2CCN(C(c3ccccc3)c3ccccc3)CC2)C1=O.Cl,6.22,4.296900000000004
CC(C)(C)c1nc(N2CCN(CCCCn3cc(F)c(=O)[nH]c3=O)CC2)cc(C(F)(F)F)n1,6.22,2.384400000000001
O=S(=O)(c1cccc2ccccc12)c1nn(Cc2ccccc2)c2ccc(N3CCNCC3)cc12,6.22,4.4802000000000035
CCC(Oc1cc(F)ccc1Cl)c1nc(N)nc(N2CCN(C)CC2)n1,6.22,2.5282
O=C1CCc2cccnc2N1CCCN1CCC(n2c(=O)[nH]c3ccccc32)CC1,6.22,2.7310000000000008
CCC(Oc1cccc(Cl)c1F)c1nc(N)nc(N2CCN(C)CC2)n1,6.22,2.528200000000001
CC(C)(C)c1nc(N2CCN(CCCCNC(=O)N3CC(c4ccncc4)C3)CC2)cc(C(F)(F)F)n1,6.22,3.8991000000000025
COCCC(=O)NC1CCC(CCN2C[C@H]3CCN(c4ccc(C(F)(F)F)cc4)[C@H]3C2)CC1,6.22,4.3175000000000034
CC(C)(C)c1nc(N2CCN(CCCCNC(=O)N3CCC(Cc4ccccc4)CC3)CC2)cc(C(F)(F)F)n1,6.22,5.359400000000005
C1=C(c2nc3ccccc3s2)CCN(Cc2ccccc2)C1,6.22,4.585600000000003
Cc1cc(NC(=O)NCCN2CCC(O)(Cc3ccccc3)CC2)c2ccccc2n1,6.22,3.734320000000003
O=C(NCCCCN1CCN(c2ccc(F)cc2)CC1)c1n[nH]c2ccccc12,6.22,3.034200000000001
O=C(CN1CCN(Cc2ccc(Cl)cc2)CC1)N1CCc2ccc(Cl)cc21,6.22,3.700300000000003
CN1CCc2cc(Cl)c(O)cc2[C@H]2c3cccc(-c4cccc([N+](=O)[O-])c4)c3CC[C@@H]21,6.21,5.555400000000005
CN1CCN(C2=Nc3cc(Cl)ccc3N(NC(=O)CCc3ccccc3)c3ccccc32)CC1,6.21,4.781200000000004
O=C(N[C@H]1CC[C@H](CCN2CCN(c3nccc4c3CCO4)CC2)CC1)C1CCOC1,6.21,2.240099999999999
Cn1c(SCCCN2CC[C@]3(C[C@@H]3c3ccc(C(F)(F)F)cc3)C2)nnc1-c1ccncc1,6.21,5.257700000000005
CC(C)Oc1cccnc1N(C)C1CCN(Cc2ccccc2)CC1.O=C(O)/C=C\C(=O)O,6.21,3.681400000000002
CCS(=O)(=O)Nc1cccc2c1CC[C@H]1[C@H]2c2cc(O)c(Cl)cc2CCN1C,6.21,3.7418000000000022
CCc1cc(Cl)c(OC)c(N2CCNCC2)c1,6.21,2.3205999999999998
CC(C)(C)c1nc(N2CCN(CCCCNC(=O)N3CCN(c4ccc(-c5ccccc5)cc4)CC3)CC2)cc(C(F)(F)F)n1,6.21,5.893900000000007
Cn1c(C(=O)N[C@H]2CC[C@](F)(CCN3CCc4ccc(OCC(F)F)nc4CC3)CC2)cccc1=O,6.21,3.2958000000000016
CCCN(C(C)C)[C@@H]1CCc2cccc(O)c2[C@@H]1C,6.21,3.930900000000003
CCCN1CCc2cccc3c2[C@H]1Cc1cccc(OCc2cn(CCCCN4CCN(c5ccccc5OC)CC4)nn2)c1-3,6.21,6.000400000000006
Cc1cnc(CC(=O)N[C@H]2CC[C@H](CCN3CCc4sc(C5CC(F)(F)C5)nc4C3)CC2)o1,6.21,4.618120000000005
CN1CN(c2ccccc2)C2(CCN(CCCCOc3ccc4c(c3)NC(=O)CC4)CC2)C1=O.O=C(O)C(=O)O,6.21,2.6566
CCCN(CC[C@]1(O)C[C@@H](NC(=O)c2ccc3ccccc3c2)C1)[C@@H]1C[C@H]1c1ccc(Cl)cc1,6.21,5.7747000000000055
Cn1c(SCCCN2C[C@@H]3CCN(c4ccc(C(F)(F)F)cc4)[C@@H]3C2)nnc1-c1cc[nH]c(=O)c1,6.21,3.882100000000002
Cc1ncc(OCC(=O)N[C@H]2CC[C@](F)(CCN3CCc4ccc(OCC(F)F)nc4CC3)CC2)cn1,6.21,3.460720000000002
Cc1ncc(CC(=O)N[C@H]2CC[C@H](CCN3CCc4sc(OCC(F)(F)F)nc4C(C)C3)CC2)s1,6.21,5.1185200000000055
Cn1c(=O)ccn(CCCCN2CCN(c3cc(C(F)(F)F)nc(C(C)(C)C)n3)CC2)c1=O,6.21,2.2557
CC1Cc2ccccc2N1C(=O)CN1CCN(Cc2cccc(OC(F)(F)F)c2)CC1,6.21,3.6806000000000028
CC(C)C(=O)Nc1cccc(C2CCN(CCCC(=O)c3ccc(Cl)cc3)CC2)c1,6.21,5.7770000000000055
Cc1ccc(C2CCN(Cc3ccc4c(c3)OCC(=O)N4)CC2)cc1C,6.21,4.0139400000000025
O=C(c1cc2ccccc2s1)N1CCN(CCOc2cccnc2)CC1,6.21,3.1331000000000016
O=C(c1cc2cccc(Cl)c2[nH]1)N1CCN(CCOc2cccnc2)CC1,6.21,3.0531000000000015
O=C(NCCCCN1CCN(C(c2ccccc2)c2ccccc2)CC1)c1cccs1,6.21,4.665300000000005
Cn1c(SCCCN2CC3CCN(c4ccc(F)cc4)C3C2)nnc1-c1cc[nH]c(=O)c1,6.21,3.0024000000000015
Cc1ncccc1C(=O)N[C@H]1CC[C@H](CCN2CCc3sc(OCC(F)(F)F)nc3C2)CC1,6.21,4.524620000000004
Cl.c1ccc(C(c2ccccc2)N2CCN(CCCCc3cc(-c4cccs4)no3)CC2)cc1,6.21,6.554800000000007
CC[C@@H](C)Oc1ccc2c(n1)CCN(CC[C@]1(F)CC[C@@H](NC(=O)Cc3nnc(C)s3)CC1)CC2,6.21,4.219320000000003
Cc1ncoc1-c1nnc(SCCCN2CC3CCN(c4ccc(OC(F)(F)F)cc4)C3C2)n1C,6.21,4.370020000000004
COCCC(=O)N[C@H]1CC[C@H](CCN2CCC(c3ccc(F)c4occc34)CC2)CC1,6.21,4.852900000000004
Cc1nnc(CC(=O)N[C@H]2CC[C@](F)(CCN3CCc4nc(OCC(F)(F)F)sc4CC3)CC2)o1,6.21,3.576120000000002
N#CCCCN(CCCN1CCN(c2ccccc2)CC1)C1CCc2ccc(O)cc2C1,6.21,4.067580000000003
O=C(CC1CCOCC1)N[C@H]1CC[C@H](CCN2CCC(c3ccc(F)c4occc34)CC2)CC1,6.21,5.633100000000005
Cn1c(C(=O)N[C@H]2CC[C@H](CCN3CCc4ccc(CCC(F)(F)F)nc4CC3)CC2)cccc1=O,6.21,4.054700000000003
CCCOc1cc2c(cc1O)[C@@H]1Cc3ccc(O)c(OCCOCC)c3CN1CC2,6.21,3.9574000000000025
CCc1ccc(-c2cc(N3CCN(C)CC3)nc3c2ccn3S(=O)(=O)CC(C)C)cc1,6.21,3.8514000000000026
O=C(NCCCN1CCN(c2ccc(Br)cc2)CC1)NN(Cc1ccc(F)cc1)c1ccccc1,6.21,5.0213000000000045
COc1ccccc1C(c1ccccc1OC)N1CCN(CCCCNC(=O)c2cc3ccccc3s2)CC1,6.21,5.835700000000005
C(COCC1CCN(Cc2ccccc2)CC1)=C(c1ccccc1)c1ccccc1,6.21,6.047100000000007
C=CCN1CCc2nc(N)sc2CC1,6.21,1.3119
Cc1ncc(OCC(=O)N[C@H]2CC[C@](F)(CCN3CCc4nc(OCC(C)(F)F)sc4CC3)CC2)cn1,6.21,3.912320000000002
Cn1c(SCCCN2CC[C@]3(CC3c3ccc(C(F)(F)F)cc3)C2)nnc1-c1cccnc1,6.21,5.257700000000005
COc1ccc(S(=O)(=O)N(C)c2ccccc2)cc1-c1ccc(CN2CCCCCC2c2ccccc2)[nH]1,6.2,6.632700000000007
CCCN(CCN1CCN(c2ccccc2)CC1)C1CCc2ccc(N)cc2C1,6.2,3.660300000000002
O=C1c2cccnc2CCN1CCN1CCC(c2noc3ccccc23)CC1,6.2,3.1007000000000016
CCCCN1CCC[C@@H]1CNC(=O)c1cc(Cl)cc2c1OCCN2C,6.2,3.1629000000000014
Cn1c(SCCCN2CC[C@]3(C[C@H]3c3ccc(C(F)(F)F)cc3)C2)nnc1-c1ccccn1,6.2,5.257700000000005
Cc1nc(C)c2c(n1)CCN(CCN1CCC(c3noc4ccccc34)CC1)C2=O,6.2,3.112540000000002
Cc1ncc(-c2cccc(C(=O)N[C@H]3CC[C@H](CCN4CCc5ccc(S(C)(=O)=O)cc5CC4)CC3)c2)o1.Cl,6.2,5.254820000000007
COc1ccc(S(=O)(=O)Nc2ccccc2)cc1-c1ccc(CN2CCCCCC2c2ccccc2)[nH]1,6.2,6.608400000000007
O=C(/C=C/c1c[nH]c2ccccc12)NCCCCN1CCc2ccc(OS(=O)(=O)C(F)(F)F)cc2C1,6.2,4.364200000000004
Cc1ccc2c(c1)c1c(n2CCc2ccc(C)nc2)CCN(C)C1,6.2,3.883740000000002
CCCN(CCCCNC(=O)c1ccc(-c2ccccc2)cc1)C1CCc2c(cccc2C(N)=O)C1,6.2,5.232000000000005
COc1ccccc1N1CCN(C2CC3CC(N4CCN(c5ccccc5OC)CC4)CC3C2)CC1.O=C(O)C(=O)O,6.2,3.360800000000002
O=C(N[C@H]1CC[C@H](CCN2CCC(c3cccc4c3CCO4)CC2)CC1)C1CCCOC1,6.2,4.292600000000004
Cn1cc(CC(=O)N[C@H]2CC[C@H](CCN3CCc4nc(OCC(F)(F)F)sc4CC3)CC2)c(F)n1,6.2,3.6652000000000022
CCCN(CCC)C1CCc2cc(CN(C(C)=O)c3ccc(OC)cc3)ccc2C1,6.2,5.227600000000006
CCCN(CCC)C1CCc2cc(CS(=O)(=O)c3ccc(OC)cc3)ccc2C1,6.2,4.648400000000005
N#Cc1ccc(CNC(=O)CCOCCN2CCN(c3ccccc3-c3ccccc3)CC2)cc1,6.2,4.070380000000003
CCCN(CCC)[C@@H]1CCc2c(ccc(C(O)Cc3ccc(Cl)cc3)c2OC)[C@@H]1C,6.2,6.165000000000008
O=C1CC(CN2CCC(C(=O)c3ccc(F)cc3)CC2)Cc2ncncc21,6.2,2.955700000000001
O=c1[nH]c2c(O)ccc([C@@H](O)CNCCc3cccc(CNCCc4ccccc4Cl)c3)c2s1,6.2,4.146600000000003
C=CCN1CCc2cc(Br)c(O)cc2C(c2ccccc2)C1.Cl,6.2,4.752500000000004
COc1ccccc1C(c1ccccc1)N1CCN(CCCCNC(=O)c2cc3ccccc3s2)CC1,6.2,5.827100000000006
N#Cc1ccc2c(c1)CCN(CC[C@H]1CC[C@H](NC(=O)/C=C/c3ccccc3F)CC1)CC2,6.2,4.876480000000004
O=C(NCCCCN1CCCN(C(c2ccccc2)c2ccccc2)CC1)c1cc2ccccc2s1,6.2,6.208600000000007
CC1CCN(CC[C@H]2CCCN2S(=O)(=O)c2cccc3ccccc23)CC1,6.2,4.114900000000004
Cn1c(SCCCN2CC3CCN(c4ccc(C(F)(F)F)cc4)C3C2)nnc1-c1cc[nH]c(=O)c1,6.2,3.882100000000002
[O-][S+](CCCN1CCN(c2ccc(Cl)cc2)CC1)c1ccc(F)cc1,6.2,3.799000000000003
Cl.O=C(/C=C/c1c[nH]c2ccccc12)NCCCCN1CCc2ccc(OS(=O)(=O)C(F)(F)F)cc2C1,6.2,4.786000000000003
Cc1ccc2c(c1)C(N1CCN(CCc3ccccc3)CC1)=Nc1cccnc1N2,6.2,4.385620000000003
CC(C)(C)c1nc(N2CCN(CCCCNC(=O)N3CCN(C4CC4)CC3Cc3ccccc3)CC2)cc(C(F)(F)F)n1,6.2,4.796000000000005
CCCN1CCOC2c3ccsc3CCC21,6.2,2.8462000000000014
Cn1c(SCCCN2CC3CCN(c4c(F)cccc4F)C3C2)nnc1-c1cnccn1,6.2,3.2432000000000016
Cn1c(SCCCN2CC3CCN(c4ccc(C(F)(F)F)cc4)C3C2)nnc1-c1ccnnc1,6.2,3.983800000000003
O=c1[nH]c2c(O)ccc([C@@H](O)CNCCCSCCCOCCc3ccccc3)c2s1,6.2,3.6909000000000027
COc1cccc(/C=C/C(=O)N[C@H]2CC[C@H](CCN3CCc4ccc(C#N)cc4CC3)CC2)c1,6.2,4.745980000000005
COc1ccccc1CCNCc1ccc(CCNC[C@H](O)c2ccc(O)c3[nH]c(=O)sc23)cc1,6.2,3.501800000000002
COc1ccc(Br)cc1-c1nc(CNC2CCN(Cc3ccccc3)CC2)co1,6.2,4.866900000000004
CN1CCN(C2=Nc3cc(Cl)ccc3N(NC(=O)c3cccnc3Cl)c3ccccc32)CC1,6.2,4.510600000000004
Cc1ccc(N2CCC3CN(CCCSc4nnc(-c5cnccn5)n4C)CC32)cc1,6.2,3.2734200000000016
Cc1cnc(-c2cccc(C(=O)N[C@H]3CC[C@H](CCN4CCc5ccc(S(C)(=O)=O)cc5CC4)CC3)c2)o1.Cl,6.2,5.254820000000007
CS(=O)(=O)c1ccc2c(c1)CCN(CC[C@H]1CC[C@H](NC(=O)c3cccc4ccccc34)CC1)CC2.Cl,6.2,5.4446000000000065
Cc1cc(C(=O)N[C@H]2CC[C@H](CCN3CCc4ccc(OS(C)(=O)=O)cc4CC3)CC2)c2ccccc2n1.Cl,6.2,5.082920000000006
O=c1[nH]c2c(O)ccc([C@@H](O)CNCCc3cccc(CNCc4ccccc4F)c3)c2s1,6.2,3.589800000000002
O=C(NCCCCN1CCN(c2ccc(Cl)cc2)CC1)C12CC3CC(CC(C3)C1)C2,6.2,4.574800000000004
CN(CCN1CCN(c2ccc(F)cc2)C1=O)C[C@]12CC[C@H](CC1)C2(C)C,6.2,4.215900000000004
Fc1ccc(OCCCN2CCN(c3ncccn3)CC2)cc1,6.2,2.2068000000000003
N#Cc1ccc2c(c1)CN(CC[C@H]1CC[C@H](NC(=O)/C=C/c3ccc(F)cc3)CC1)C2,6.2,4.791480000000004
CC(C)CS(=O)(=O)n1ccc2c(-c3cccc(C(F)(F)F)c3)cc(N3CCN(C)CC3)nc21,6.2,4.307800000000004
Cc1cc(OCC(=O)N[C@H]2CC[C@H](CCN3CCc4nc(OCC(C)(F)F)sc4CC3)CC2)no1,6.2,4.018220000000003
COc1cccc2c1CC[C@H]1[C@H]2CCN1CCCCNC(=O)c1ccc(-c2ccccc2)cc1,6.2,5.676500000000006
Cc1ccccc1-c1cc2c(=O)n(CCN3CCN(c4ccccc4Cl)CC3)c(=O)[nH]c2[nH]1,6.2,3.4689200000000007
O=C(NCCCCN1CCC[C@@H]2c3cccc(O)c3CC[C@H]21)c1ccc(-c2ccccc2)cc1,6.2,5.7636000000000065
COc1ccccc1N1CCN(CCN2CCN(C(=O)c3nn(C)c4ccccc34)CC2)CC1,6.2,2.1619
Cn1c(SCCCN2CC[C@]3(C[C@@H]3c3ccc(C(F)(F)F)cc3)C2)nnc1-c1cccc(C(N)=O)c1,6.2,4.961600000000004
Fc1ccc(C(OC2CC3CCC(C2)N3Cc2ccc(Cl)c(Cl)c2)c2ccc(F)cc2)cc1,6.2,7.573200000000006
Cc1ccc2c(-c3nnc(SCCCN4CCc5ccc6oc(C)nc6c5CC4)n3C)cccc2n1,6.199998172182031,5.3713400000000044
Cn1cc(CC(=O)N[C@H]2CC[C@H](CCN3CCc4ccc(OCC(F)(F)F)nc4CC3)OC2)cn1,6.19,2.4533999999999994
CC(Oc1nc2c(s1)CCN(CC[C@H]1CC[C@H](NC(=O)c3cccc4c3CN(C)C4=O)CC1)CC2)C(F)(F)F,6.19,4.837800000000004
Cn1cc(OCC(=O)N[C@H]2CC[C@H](CCN3CCc4nc(OCC(F)(F)F)sc4CC3)OC2)cn1,6.19,2.3511999999999995
COc1cc(N)c(Cl)cc1C(=O)NC[C@@H]1CCN(Cc2ccccc2)C1,6.19,3.1827000000000023
CC(C)(C)c1nc(N2CCN(CCCCn3cc(C(F)(F)F)c(=O)[nH]c3=O)CC2)cc(C(F)(F)F)n1,6.19,3.2641000000000018
c1ccc(CN2CCC3(CCCc4ccccc43)CC2)cc1,6.19,4.556700000000004
Cl.Fc1ccc(CCCCN2CCN(c3cccc(-c4ccccc4)n3)CC2)cc1,6.19,5.454400000000006
O=C1COc2ccccc2N1CCCN1CCC(n2c(=O)[nH]c3ncccc32)CC1,6.19,2.177199999999999
Cn1cc2c(C(=O)NN3CCC(F)(CCN4CCc5sc(OCC(F)(F)F)nc5C4)CC3)cccc2n1,6.19,3.8682000000000025
O=C1c2ccc(F)cc2CC1CCN1CCCN(c2ccccn2)CC1,6.19,3.1781000000000024
Cl.O=C1C(c2ccccc2)=COC12CCN(CC1CCCCC1)CC2,6.19,4.463500000000003
CC(=O)c1sc(NC(=O)N[C@@H]2CN(C(C)=O)CC[C@H]2CN2CCC[C@@H](Cc3ccc(F)cc3)C2)nc1C,6.19,4.1064200000000035
Cc1nc2c(o1)CCCN(CCN1CCC(c3noc4ccccc34)CC1)C2=O,6.19,3.3922200000000027
CCCN(CCN1CCN(c2ccccc2)CC1)C1CCc2cc(O)ccc2C1,6.19,3.783700000000003
O=C(CC1CCOCC1)N[C@H]1CC[C@H](CCN2CCC(c3cccc4c3CCO4)CC2)CC1,6.19,4.682700000000004
C[C@@H]1c2ccccc2C=C(C2=CCN(C)CC2)c2ccccc21,6.19,4.954300000000005
Cc1ncc(CC(=O)N[C@H]2CC[C@H](CCN3CCc4sc(OCC(C)(F)F)nc4C3)CC2)o1,6.19,4.139420000000004
O=C(c1ccc(Cl)c(Cl)c1)N1CCC(F)(CNCCOc2cccc3cccnc23)CC1,6.19,5.154500000000005
O=C(/C=C/c1ccccc1)NCCCCN1CCN(C(c2ccccc2)c2ccccc2)CC1,6.19,5.003400000000005
COc1ccc2c(c1)[C@H]1OCCN(CCCCNC(=O)c3ccc4ccccc4c3)[C@@H]1CO2,6.19,4.192900000000003
Cc1cc(-c2cc(N3CCN(C)CC3)nc3c2ccn3S(=O)(=O)CC(C)C)c(C)s1,6.19,3.9673400000000028
COc1ccc2c(c1)CC(NC(=O)CCN1CCN(c3ccccc3OC)CC1)CC2.Cl.Cl,6.19,3.733200000000003
CC(C)(C)c1nc(N2CCN(CCCCNC(=O)N3CCN(c4ccc(Cl)cc4)CC3)CC2)cc(C(F)(F)F)n1,6.19,4.8803000000000045
O=S(=O)(CC1CCN(CCCc2noc3cc(F)ccc23)C1)c1cccc(F)c1,6.19,3.834400000000003
CN1CCN(C2=Nc3cc(Cl)ccc3N(N)c3ccccc32)CC1,6.19,2.9909000000000017
Cn1c(SCCCN2CC[C@]3(CC3c3ccc(C(F)(F)F)cc3)C2)nnc1-c1ccc(=O)[nH]c1,6.19,4.551000000000004
O=C(CCCN1CCc2ccccc2C1)c1ccccc1,6.19,3.7078000000000024
Fc1ccc(CCN2CCC3(C=Cc4cc(F)ccc4O3)CC2)c(F)c1,6.19,4.586800000000005
Cc1cc(C2CCN(Cc3ccccc3)CC2)[nH]n1,6.19,3.0977200000000016
Cn1cc2c(C(=O)NN3CCC(CCN4CCc5sc(OCC(F)(F)F)nc5C4)CC3)ccc(F)c2n1,6.19,3.915200000000003
c1ccc2c(c1)CCN(Cc1c[nH]c3ncccc13)C2,6.19,3.121200000000001
O=C(CCCCN1CCC(c2ccccc2)CC1)c1nc2ccccc2s1,6.19,5.5289000000000055
O=C(N[C@H]1CC[C@H](CCN2CCc3ccc(OCC(F)F)nc3CC2)CC1)c1cccnc1C(F)F,6.19,4.837600000000005
O=C(N[C@H]1CC[C@H](CCN2CCc3sc(OCC(F)(F)F)nc3C2)OC1)c1cccc2ncccc12,6.19,4.358200000000004
Nc1ccc2c(c1)C(O)C(CCN1CCC(C(=O)c3ccc(F)cc3O)CC1)CC2,6.19,3.694300000000003
NC(=O)c1cccc(S(=O)(=O)C2CCN(CCc3ccc(F)cc3F)CC2)c1,6.19,2.5445
O=C(N[C@H]1CC[C@H](CCN2CCc3sc(OCC(F)(F)F)nc3C2)CC1)c1cccc2ncccc12,6.19,5.369400000000006
CC(C)(C)c1nc(N2CCN(CCCCNC(=O)N3CCc4ccccc4CC3)CC2)cc(C(F)(F)F)n1,6.19,4.505500000000004
Cc1cc2occc2c(N2CCN(CC[C@H]3CC[C@H](NC(=O)CC4CCOCC4)CC3)CC2)n1,6.19,4.140020000000003
Cc1sc(C)c2c1CCCc1cn(C)nc1-2,6.19,3.2541400000000014
CCCC(Sc1cc(Cl)cc(Cl)c1)c1nc(N)nc(N2CCN(C)CC2)n1,6.18,4.145900000000002
O=C(NCCCCN1CCCN(C(c2ccccc2)c2ccccc2)CC1)c1cccs1,6.18,5.055400000000005
N#Cc1ccc2[nH]cc(CCCCN3CCN(c4ccc5oc(C(N)=O)cc5c4)CC3)c2c1,6.18,4.029580000000003
CCOc1ccc(F)cc1C1CC1CNCCCSc1nnc(-c2ccccc2)n1C.Cl,6.18,5.317200000000005
Cn1c(SCCCN2CC[C@]3(C[C@@H]3c3ccc(F)cc3)C2)nnc1-c1cccnc1,6.18,4.378000000000004
COc1ccc2c3c(c(=O)oc2c1OC)CN(Cc1ccccc1)CC3,6.18,3.368500000000002
CCCN1CCN(c2cccc(S(C)(=O)=O)c2)CC1,6.18,1.6221000000000003
CN1CCN2c3cccc4[nH]cc(c34)CC2C1,6.18,1.8443999999999998
COc1cccc(OCCN2CCN(C(=O)c3nc4ccccc4[nH]3)CC2)c1,6.18,2.4083000000000006
CCCN(CC[C@]1(O)C[C@@H](NC(=O)c2ccc3ccccc3c2)C1)C1CC1c1ccc(Cl)cc1,6.18,5.7747000000000055
CCCN1CCc2cccc3c2C1Cc1cccc(OCc2cn(CCCCN4CCN(c5ccccc5OC)CC4)nn2)c1-3,6.18,6.000400000000006
CC(C)CC(=O)N[C@H]1CC[C@H](CCN2CCN(c3nccc4c3CCO4)CC2)CC1,6.18,3.2497000000000016
O=C(NCCCCN1CCO[C@@H]2c3ccccc3OC[C@H]21)c1cccc(Cl)c1,6.18,3.6845000000000026
Cn1c(SCCCN2C[C@H]3CCN(c4ccccc4C(F)(F)F)[C@H]3C2)nnc1-c1cnccn1,6.18,3.983800000000003
CNCCCC12CCC(c3ccccc31)c1ccccc12,6.18,4.211400000000004
CC([Se]c1ccccc1)c1nc(N)nc(N2CCN(C)CC2)n1,6.18,0.29630000000000045
Cc1ncc(OCC(=O)N[C@H]2CC[C@H](CCN3CCc4nc(OCC(F)(F)F)sc4CC3)OC2)cn1,6.17,2.71612
CN1C2CCC1CC(OC1c3ccccc3Cc3ccccc31)C2,6.17,4.322000000000004
C/C(=C\CN1CCN(c2cc(C(F)(F)F)nc(C(C)(C)C)n2)CC1)CN1C(=O)CCc2ccccc21,6.17,4.840600000000005
O=C(Cc1ccc2c(c1)OCO2)N[C@H]1CC[C@H](CCN2CCN(c3cccc4c3OCO4)CC2)CC1,6.17,3.573800000000002
CN1CCN(c2nc(N)nc(COc3cccc(Cl)c3)n2)CC1,6.17,1.4379999999999995
Cn1c(SCCCN2C[C@H]3CCN(c4ccc(C(F)(F)F)cc4)[C@H]3C2)nnc1C1CCC(O)CC1,6.17,4.545300000000005
COc1ccc(CN2CCN(CC(=O)N3c4ccccc4C[C@H]3C)CC2)cc1,6.17,2.7906000000000013
O=C(CC1CCOCC1)N[C@H]1CC[C@H](CCN2CCN(c3nccc4occc34)CC2)CC1,6.17,3.8316000000000026
COCC(=O)N[C@H]1CC[C@H](CCN2CCC(c3cccc4c3CCO4)CC2)CC1,6.17,3.512400000000002
Cn1c(SCCCN2C[C@H]3CCN(c4ccccc4C(F)(F)F)[C@H]3C2)nnc1-c1ccncc1,6.17,4.588800000000004
CC1c2ccccc2C=C(C2=CCN(C)CC2)c2ccccc21,6.17,4.954300000000005
CC(C)(C)c1nc(N2CCN(CCCCNC(=O)N3CCCC(c4ccccc4)CC3)CC2)cc(C(F)(F)F)n1,6.17,5.674400000000006
O=C(CCCCCN1CCN(c2ccccc2[N+](=O)[O-])CC1)NC1CCCc2ccccc21,6.17,4.471000000000004
COc1cccnc1OCCNCC1(F)CCN(C(=O)c2ccc(F)c(Cl)c2)CC1,6.17,3.4956000000000023
CSc1ccccc1OCCNCC1(F)CCN(C(=O)c2ccc(Cl)c(Cl)c2)CC1,6.17,5.328200000000005
CC1c2ccccc2C=C(C2=CCN(C)CC2)c2ccccc21.Cl,6.17,5.376100000000005
CO[C@H](C)C(=O)N[C@H]1CC[C@H](CCN2CCN(c3nccc4c3CCO4)CC2)CC1,6.17,2.2385
Clc1ccc(CN2CC=C(c3nc4ccccc4[nH]3)CC2)cc1,6.17,4.505600000000003
N#Cc1ccccc1S(=O)(=O)C1CCN(CCc2ccc(F)cc2F)CC1,6.17,3.317280000000002
CN1CCc2cccc3c2C1Cc1ccc(N)cc1-3,6.17,3.020900000000001
CCCCC1CCN(CCCN2C(=O)CCc3ccccc32)CC1,6.17,4.258100000000004
Clc1ccc2nc(CN3CCN(c4ccc(Cl)c(Cl)c4)CC3)cn2n1,6.17,4.011700000000003
Cc1cc(N2CCN(CCCCNC(=O)N3CCC(n4c(=O)[nH]c5ccccc54)CC3)CC2)nc(C(C)(C)C)n1,6.17,3.6744200000000022
O=C(NCCCN1CCN(c2ccc(I)cc2)CC1)NN(Cc1ccccc1)c1ccccc1,6.17,4.724300000000004
COc1ccccc1N1CCN(CC(O)CCNC(=O)c2cnc3ccc(F)cc3c2)CC1,6.17,2.6855
COc1cccc(C(=O)NCCCCN2CCN(c3ccccc3OC)CC2)c1,6.17,3.0360000000000014
Cn1c(SCCCN2C[C@@H]3CCN(c4ccc(C(F)(F)F)cc4)[C@@H]3C2)nnc1C1CCC(O)CC1,6.17,4.545300000000005
Nc1ccc(CCCCN2CCN(c3ccccn3)CC2)cc1,6.17,2.808700000000001
COc1ccccc1N1CCNCC1,6.17,1.1047999999999998
c1ccc(-c2ccc(CNCCc3c[nH]c4ccccc34)o2)cc1,6.17,4.760200000000003
COc1cccc2nc(CCCN3CCC(c4ccccn4)CC3)sc12,6.17,4.512100000000005
Cc1ncoc1-c1nnc(SCCCN2CC[C@]3(CC3c3ccccc3)C2)n1C,6.17,4.140320000000003
CCCN(CCCCNC(=O)c1ccc2ccccc2c1)C[C@@H]1C[C@H]1c1cccc(Cl)c1Cl.Cl,6.17,7.594100000000007
CCCN(CCCCn1cc(-c2ccc(-c3ccccc3)cc2)nn1)C1CC=C(C#C[Si](C)(C)C)CC1,6.17,7.464000000000008
CC(C)(C)c1nc(N2CCN(CCCCNC(=O)c3cc4cccnc4s3)CC2)cc(C(F)(F)F)n1,6.17,4.7348000000000035
Cc1ncc(/C=C/C(=O)N[C@H]2CC[C@H](CCN3CCc4nc(OC5CC(F)(F)C5)sc4CC3)CC2)cn1,6.17,4.597120000000005
Cc1ncc(OCC(=O)N[C@H]2CC[C@H](CCN3CCc4sc(C5CC(F)(F)C5)nc4C3)CC2)cn1,6.17,4.256420000000004
Cc1ncc(CC(=O)N[C@H]2CC[C@H](CCN3CCc4nc(OCCC(F)(F)F)sc4CC3)CC2)o1,6.17,4.479120000000004
O=C(CN1CCN(Cc2ccc(Cl)cc2)CC1)N1CCc2ccccc21,6.16,3.0469000000000017
CN[C@@H]1CCc2[nH]c3ccc(C(N)=O)cc3c2C1.O.O=C(O)CCC(=O)O,6.16,0.4545999999999998
Cn1cc2c(n1)C(=O)N(CCN1CCN(c3nsc4ccccc34)CC1)CCC2,6.16,2.2404
O=C(CCCN1CCN(c2ccccn2)CC1)c1ccc2c(c1)CCC2,6.16,3.355400000000002
CCCCNC1CCc2c(cccc2OC)C1,6.16,2.9422000000000015
Cc1ncc(CC(=O)N[C@H]2CC[C@H](CCN3CCc4ccc(CCC(F)(F)F)nc4CC3)CC2)s1,6.16,5.049820000000005
CC(O)CN1CCN(CCSC(c2ccc(F)cc2)c2ccc(F)cc2)CC1,6.16,3.7858000000000036
COc1cc2c(cc1O)CN(CCCCNC(=O)c1ccc3ccccc3c1)CC2,6.16,4.122300000000003
Clc1ccc(-c2cc(C3CCN(Cc4ccccc4Cl)CC3)[nH]n2)cc1,6.16,5.763100000000004
COc1cc2c(cn1)CCN(CCN1CCN(c3nsc4ccccc34)CC1)C2=O,6.16,2.5204000000000004
Cn1c(SCCCN2CC[C@]3(C[C@@H]3c3ccc(C(F)(F)F)cc3)C2)nnc1C1CCOCC1,6.16,5.089700000000005
Cn1cnc2c1C(=O)N(CCN1CCN(c3nsc4ccccc34)CC1)CCC2,6.16,2.2404
c1ccc(CCN2CCC3(CCc4c3n[nH]c4-c3ccccc3)CC2)cc1,6.16,4.599200000000004
Cc1ncoc1-c1nnc(SCCCN2CC3CCCN(c4cccc(C#N)c4)C3C2)n1C,6.16,3.7332000000000027
Cn1c(=O)c2c(nc3n(CCCCN4CCN(c5ccccc5O)CC4)ccn23)n(C)c1=O,6.16,0.9943999999999986
COc1ccc(OCCCN2CCN(C(=O)c3cc4ccccc4[nH]3)CC2)cc1,6.16,3.403400000000002
CC(=O)N1CCC(c2nnc(SCCCN3CC4CCN(c5ccc(C(F)(F)F)cc5)C4C3)n2C)CC1,6.16,4.2527000000000035
Cn1cc2c(n1)CCN(CCN1CCC(c3noc4ccccc34)CC1)C2=O,6.16,2.4392000000000005
O=C(C[C@H]1COCCO1)N[C@H]1CC[C@H](CCN2CCC(c3cccc4c3CCO4)CC2)CC1,6.16,3.6715000000000018
Cc1nc(CC(=O)N[C@H]2CC[C@H](CCN3CCc4ccc(CCC(F)(F)F)nc4CC3)CC2)cs1,6.16,5.049820000000005
COc1ccc(C2CCN(Cc3ccc4c(c3)NC(=O)CO4)CC2)cc1,6.16,3.4057000000000013
N#Cc1ccc(CNC(=O)CCOCCN2CCN(c3ncccc3-c3ccc(F)cc3)CC2)cc1,6.16,3.6044800000000023
N#Cc1ccc2c(c1)CN(C[C@@H]1C[C@H]1CNC(=O)c1cc3ccccc3[nH]1)CC2,6.16,3.4637800000000016
Cn1c(SCCCN2CC[C@]3(C[C@@H]3c3ccc(C(F)(F)F)cc3)C2)nnc1-c1ccc(C#N)nc1,6.16,5.129380000000006
O=C1CC2(CCCC2)CC(=O)N1CCN1CCN(c2cc(F)c(F)cc2F)CC1,6.16,2.9353000000000016
O=C(CC(F)(F)F)N[C@H]1CC[C@H](CCN2CCN(c3nccc4c3CCO4)CC2)CC1,6.16,3.1560000000000024
COc1ccc2c(c1)[C@H]1OCCN(CCCCNC(=O)C3CCCCC3)[C@@H]1CO2,6.16,3.3062000000000022
CC(C)=C1c2ccc(Cl)cc2C=C(N2CCN(C)CC2)c2ccccc21,6.16,5.240600000000006
Cn1cc(CC(=O)N[C@H]2CC[C@H](CCN3CCc4nc(OCC(C)(F)F)sc4CC3)CC2)cn1,6.16,3.6190000000000015
COc1ccc(C(=O)NCCCCN2CCO[C@@H]3c4cc(OC)ccc4OC[C@H]32)cc1,6.16,3.048300000000002
O=C(Nc1ccc2[nH]cc(C3CCN(CCCCCCCN4CCC(c5c[nH]c6ccc(NC(=O)c7ccc(F)cc7)cc56)CC4)CC3)c2c1)c1ccc(F)cc1,6.16,10.441499999999994
Cn1cc2c(C(=O)N[C@H]3CC[C@H](CCN4CCc5nc(OCC(C)(F)F)sc5CC4)OC3)cccc2n1,6.16,3.8321000000000023
CCN1CCN(C2=Nc3cc(Cl)ccc3N(NC(=O)c3ccccc3Cl)c3ccccc32)CC1,6.15,5.505700000000005
COc1cc(C(=O)NCCCCN2CCO[C@@H]3c4ccccc4OC[C@H]32)cc(OC)c1OC,6.15,3.0569000000000015
CN1CCc2ccccc2Cc2ccn(C)c2CC1,6.15,2.646300000000001
O=C1c2nc(F)ccc2CCN1CCN1CCC(c2noc3ccccc23)CC1,6.15,3.2398000000000016
COc1cccc2cc(CNCCCCOc3ccc4ccc(=O)[nH]c4c3)sc12,6.15,4.700200000000003
Cc1ccc(CN2CCN(CC(=O)N3c4ccccc4C[C@H]3C)CC2)cc1F,6.15,3.2295200000000017
CCOC(=O)[C@@H]1CCCN(CCCC(C)(C)S(=O)(=O)c2ccccc2)C1,6.15,3.294200000000002
CCCc1cc2c(s1)CN[C@@H]1CCc3cc(O)c(O)cc3[C@@H]21,6.15,3.6617000000000033
N#CCC(=O)N[C@H]1CC[C@H](CCN2CCN(c3nccc4c3CCO4)CC2)CC1,6.15,2.1172799999999996
O=C(NCCCCN1CCC(N(Cc2ccccc2)c2ccccc2)CC1)c1ccc2ccccc2c1,6.15,6.521000000000007
COc1c(C(=O)NCCN2CCN(c3cccc(Cl)c3)CC2)cc(Br)c2ccccc12,6.15,4.8163000000000045
CCC(C)C(=O)N[C@H]1CC[C@H](CCN2CCN(c3nccc4c3CCO4)CC2)CC1,6.15,3.2497000000000016
CC(C)(C)c1nc(N2CCN(CCCCNC(=O)N3CCC(n4c(=O)[nH]c5ccccc54)CC3)CC2)cc(C(F)(F)F)n1,6.15,4.384800000000003
Clc1ccc(N2CCN(Cc3cn4nc(N5CCCCC5)ccc4n3)CC2)cc1Cl,6.15,4.348600000000004
Cc1ncoc1-c1nnc(SCCCN2CC[C@@]3(C[C@@H]3c3ccccc3)C2)n1C,6.15,4.140320000000003
CC(C)(C)c1nc(N2CCN(CCCCNC(=O)N3CCN(c4cccc(C#N)c4)CC3)CC2)cc(C(F)(F)F)n1,6.15,4.098580000000003
CN1CCc2cc(Br)c(O)cc2C(c2ccc(Nc3ccc([N+](=O)[O-])c4nonc34)cc2)C1,6.15,4.962500000000003
CC(C)C(=O)N[C@H]1CC[C@H](CCN2CCN(c3nccc4c3CCO4)CC2)CC1,6.15,2.8596000000000013
COC1=CC2C[C@@H]3c4cc(O)c(OC)cc4CCN3CC2C=C1O,6.15,2.921900000000001
O[C@H](COc1ccccc1)CN1CCC(Oc2ccccc2)CC1,6.15,2.9697000000000013
Cc1nc2c(o1)C(=O)N(CCN1CCN(c3nsc4ccccc34)CC1)CCC2,6.15,2.803320000000001
CCN(CCN1CCC(c2noc3cc(F)ccc23)CC1)C(=O)CO,6.15,1.9871000000000003
O=C(NCC[C@H](O)CN1CCN(c2cccc(Cl)c2Cl)CC1)c1cc2ccccc2[nH]1,6.15,3.777700000000003
Cc1nc(N)[nH]c1-c1ccc2ccn(S(=O)(=O)c3ccccc3)c2c1.Cl,6.15,3.5808200000000014
COc1ccccc1N1CCN(CC(O)CN2C(=O)NC(C)(c3ccc(F)cc3)C2=O)CC1,6.15,1.7843999999999998
Fc1ccc(CCN2CCC3(CCc4c(F)cccc4O3)CC2)c(F)c1,6.15,4.506200000000004
O=C(O)C(=O)O.c1ccc(N2CCN(CCCN3CCCc4ccccc43)CC2)cc1,6.15,2.807100000000001
COc1ccccc1N1CCN(CC(O)CCNC(=O)c2cnc3ccc(C)cc3c2)CC1,6.15,2.854820000000001
Cn1c(SCCCN2CC[C@]3(CC3c3ccc(C(F)(F)F)cc3F)C2)nnc1C1CCOCC1,6.15,5.228800000000005
Cn1c(SCCCN2CC3CCN(c4ccc(C(F)(F)F)cc4)C3C2)nnc1-c1cccnc1,6.14,4.588800000000004
COc1ccccc1N1CCN(CCCCc2cc(-c3cccs3)no2)CC1.Cl,6.14,4.978400000000006
O=c1[nH]c2cccc(OCC3CCN(CCC4CCc5[nH]c6ccc(F)cc6c5C4)CC3)c2o1,6.14,5.027500000000004
O=C(N[C@H]1CC[C@H](CCN2CCC(c3cccc4c3CCO4)CC2)CC1)C1CCOCC1,6.14,4.292600000000004
Cc1ncc(CC(=O)N[C@H]2CC[C@H](CCN3CCc4nc(OCC(F)(F)F)sc4CC3)CC2)s1,6.14,4.557520000000004
C[C@H]1c2ccccc2C=C(C2=CCN(C)CC2)c2ccccc21,6.14,4.954300000000005
CCC(Oc1cc(Cl)cc(Cl)c1)c1nc(Nc2ccncc2)nc(N2CCN(C)CC2)n1,6.14,4.598900000000005
O=C(c1ccc(F)cc1)C1CCN(CCC2CCc3occc3C2=O)CC1,6.14,4.148800000000003
CN1CCN(c2nc(N)nc(C(C)(C)Sc3ccccc3Cl)n2)CC1,6.14,2.886400000000002
O=C(NCCCCN1CCO[C@@H]2c3ccccc3OC[C@H]21)c1ccc2ccccc2c1,6.14,4.184300000000003
O=C(NCCCCN1CCO[C@@H]2c3ccccc3OC[C@H]21)C1CCCCC1,6.14,3.297600000000002
Cc1nc2c(o1)C(=O)N(CCN1CCC(c3noc4ccccc34)CC1)CCC2,6.14,3.392220000000002
C/C=C1/c2ccccc2C=C(N2CCN(C)CC2)c2ccccc21,6.14,4.197100000000003
Cn1cc(CC(=O)N[C@H]2CC[C@](F)(CCN3CCc4nc(OCC(F)(F)F)sc4CC3)CC2)c(F)n1,6.14,3.7573000000000025
O=S(=O)(NC1CCN(CCOc2cccc(F)c2)C1)c1cccs1,6.14,2.3188000000000004
Cc1ncc(OCC(=O)N[C@H]2CC[C@H](CCN3C[C@@H]4C[C@]4(c4cc(C5CC5)on4)C3)CC2)cn1,6.14,3.367820000000002
Cn1cc(CC(=O)N[C@H]2CC[C@H](CCN3C[C@@H]4C[C@]4(c4cc(C5CC5)on4)C3)CC2)cn1,6.14,3.1666000000000007
Cn1c(SCCCN2CC[C@]3(C[C@@H]3c3ccc(C(F)(F)F)cc3F)C2)nnc1-c1cccnc1,6.14,5.396800000000006
O=C(CC1COCCO1)N[C@H]1CC[C@H](CCN2CCC(c3cccc4c3CCO4)CC2)CC1,6.14,3.6715000000000018
Cc1ncoc1-c1nnc(SCCCN2CC[C@]3(C[C@@H]3c3ccccc3)C2)n1C,6.14,4.140320000000003
CS(=O)(=O)Oc1ccc(CNC(=O)CCCCCN2CCN(c3ccccc3-c3ccccc3)CC2)cc1,6.14,4.690800000000004
O=C(C[C@@H](O)C(F)(F)F)N[C@H]1CC[C@H](CCN2CCN(c3nccc4c3CCO4)CC2)CC1,6.14,2.5169000000000006
Cn1ncc(CC(=O)N[C@H]2CC[C@H](CCN3CCc4sc(OCC(C)(F)F)nc4C3)CC2)n1,6.14,2.9715000000000016
Cc1ncsc1-c1nnc(SCCCN2CC3CCN(c4ccc(C(F)(F)F)cc4)C3C2)n1C,6.14,4.958720000000005
Cn1c(SCCCN2CC3CCN(c4c(F)cccc4F)C3C2)nnc1-c1ccc(C(N)=O)nc1,6.14,2.9471000000000007
O=C(Cc1ccc2c(c1)OCO2)N[C@H]1CC[C@H](CCN2CCC(c3cccc4c3CCO4)CC2)CC1,6.14,4.837400000000005
Cn1c(N2CCOCC2)nc2c(CN3CCN(c4ccccc4)CC3)c[nH]c2c1=O,6.14,1.4203999999999992
COc1ccccc1N1CCN(CCCCCC(=O)N2Cc3ccccc3C2)CC1,6.14,3.9200000000000035
CCc1cc(C23CC2CN(CC[C@H]2CC[C@H](NC(=O)c4cccc5nn(C)cc45)CC2)C3)no1,6.14,4.075900000000003
O=C(O)C(=O)O.c1ccc(N2CCN(CCCn3ccc4ccccc43)CC2)cc1,6.14,3.0092000000000008
c1ccc(C2=N[C@@H](CN3CCN(c4ccccc4)CC3)CS2)cc1,6.14,3.3708000000000027
Cc1nn(C)c2c1C(=O)N(CCN1CCN(c3noc4ccccc34)CC1)CCC2,6.13,2.080319999999999
Cn1cc2c(n1)C(=O)N(CCN1CCC(c3noc4ccccc34)CC1)CC2,6.13,2.4392000000000005
CC(C)(C)c1nc(N2CCN(CCCCNC(=O)N3CCN(c4ccccc4Cl)CC3)CC2)cc(C(F)(F)F)n1,6.13,4.8803000000000045
CC(F)(F)COc1nc2c(s1)CCN(CC[C@]1(F)CC[C@@H](NC(=O)c3cccnc3C(F)F)CC1)CC2,6.13,5.381300000000005
CCOc1cccc2cc(CNCCCCCOc3ccc4ccc(=O)[nH]c4c3)oc12,6.13,5.011900000000004
COc1ccc2c(c1)[C@H]1OCCN(CCCCNC(=O)c3cccnc3)[C@@H]1CO2,6.13,2.4347000000000003
Cn1ncc(CC(=O)N[C@H]2CC[C@H](CCN3CCc4nc(OCC(F)(F)F)sc4CC3)CC2)n1,6.13,2.921100000000001
Cc1ncc(CC(=O)N[C@H]2CC[C@H](CCN3CCc4nc(OCC(F)(F)F)sc4CC3)CC2)o1,6.13,4.089020000000003
CC(C)(C)OC(=O)N[C@H]1CC[C@H](CCN2CCc3ccccc3C2)CC1,6.13,4.518300000000004
CCc1nn(CCCN2CCN(c3cccc(Cl)c3)CC2)c(=O)n1CCOc1ccccc1.Cl,6.13,3.973700000000003
C[C@@H]1Cc2ccccc2N1C(=O)CN1CCN(Cc2cccc(Cl)c2)CC1,6.13,3.4354000000000022
CN1CCN(c2nc(N)nc(CSc3ccccc3)n2)CC1,6.13,1.4979
COc1ccc2c(c1)[C@H]1OCCN(CCCCNC(=O)c3cc4ccccc4[nH]3)[C@@H]1CO2,6.13,3.5210000000000017
Cc1cccc(OCc2nc(N)nc(N3CCN(C)CC3)n2)c1,6.13,1.0930199999999994
c1ccc2c(c1)CC(CN1CCN(c3ccc4c(c3)OCCO4)CC1)C2,6.13,2.9948000000000015
CC(C)(C)c1nc(N2CCN(CCCCNC(=O)N3CCN(c4ccccn4)CC3)CC2)cc(C(F)(F)F)n1,6.13,3.621900000000003
COc1ccc(C[C@H](C)CN2C[C@@H]3CCCC[C@@H]3[C@H](C(=O)N3CCN(c4ccc(F)c(F)c4)CC3)C2)cn1.O=C(O)/C=C/C(=O)O,6.13,4.345800000000003
COc1ccc(OCCN2CCN(C(=O)c3cc4c(C)cccc4[nH]3)CC2)cc1,6.13,3.321720000000002
O=C(CCO)N[C@H]1CC[C@H](CCN2CCN(c3nccc4c3CCO4)CC2)CC1,6.13,1.5860000000000003
N#Cc1cccc(N2CCN(CCCCNC(=O)c3ccc(-c4ccsc4)cc3)CC2)c1,6.13,4.618980000000003
COc1ccc2oc(N3CCN(CCCCNC(=O)c4cc5cccc(OC)c5o4)CC3)nc2c1,6.1249387366083,3.9234000000000027
COc1ccc2onc(N3CCN(CCCCNC(=O)c4cc5ccccc5oc4=O)CC3)c2c1,6.1249387366083,3.275000000000002
COc1ccc2onc(N3CCN(CCCCNC(=O)c4cc5cccc(OC)c5o4)CC3)c2c1,6.1249387366083,3.9234000000000027
COc1ccc2onc(N3CCN(CCCCNC(=O)c4ccc5nccnc5c4)CC3)c2c1,6.1249387366083,3.1118000000000015
COc1cccc2cc(C(=O)NCCCCN3CCN(c4nc5ccccc5[nH]4)CC3)oc12,6.1249387366083,3.6499000000000024
COc1ccc2onc(N3CCN(CCCCNC(=O)c4cc(-c5ccco5)[nH]n4)CC3)c2c1,6.1249387366083,3.151700000000001
COc1ccc2onc(N3CCN(CCCCNC(=O)c4ccc5nonc5c4)CC3)c2c1,6.1249387366083,2.7048000000000005
COc1ccc2onc(N3CCN(CCCCNC(=O)c4ccc(N5CCOCC5)cc4)CC3)c2c1,6.1249387366083,3.005200000000001
COc1ccc2onc(N3CCN(CCCCNC(=O)c4ccc(-n5ccnc5)cc4)CC3)c2c1,6.1249387366083,3.354300000000002
COc1ccc2onc(N3CCN(CCCCNC(=O)c4ccc5c(c4)OCO5)CC3)c2c1,6.1249387366083,2.8973000000000013
Fc1ccc(SCCCN2CCCN(c3ccc(Cl)cc3)CC2)cc1,6.12,5.173600000000005
CCCN(CCC)C1COc2c(cccc2-c2ccc(C(F)(F)F)cc2)C1,6.12,5.797900000000006
CC(Oc1ccc(Cl)c(Cl)c1)c1nc(N)nc(N2CCN(C)CC2)n1,6.12,2.652400000000001
CN1CCc2cc(Cl)c(O)cc2[C@H]2c3cccc(-c4ccncc4)c3CC[C@@H]21,6.12,5.042200000000005
CN1CCN(C2=Nc3ccccc3N(NC(=O)c3cc(F)c(F)c(F)c3F)c3ccc(Cl)cc32)CC1,6.12,5.018600000000005
Oc1ccc(-c2ccc(CNCCc3c[nH]c4ccccc34)o2)cc1,6.12,4.465800000000003
Cc1ncsc1-c1nnc(SCCCN2CC[C@]3(C[C@@H]3c3ccc(C(F)(F)F)cc3)C2)n1C,6.12,5.627620000000006
O=C1c2ccc(F)cc2CC1CCN1CCc2ccccc2C1,6.12,3.629100000000003
CCN1CCc2cc(OCCF)cc3c2[C@H]1Cc1cccc(O)c1-3,6.12,3.882700000000004
C=CCOc1c(OC)cc2c3c1-c1cc(N)ccc1CC3N(C)CC2,6.12,3.5943000000000023
Cc1noc2ccn(CCN3CCC(c4noc5ccccc45)CC3)c(=O)c12,6.12,3.3187200000000017
Fc1ccc(CCN2CCC3(CCc4ccccc4O3)CC2)c(F)c1,6.12,4.367100000000004
CCc1ccc(CN2CCN(CC(=O)N3c4ccccc4CC3C)CC2)cc1,6.12,3.344400000000002
Cl.OC1(c2ccc(Cl)cc2)CCN(CCCc2nc3ccccc3s2)CC1,6.12,5.2877000000000045
CCn1cc2c(n1)CCN(CCN1CCN(c3nsc4ccccc34)CC1)C2=O,6.12,2.3332000000000006
O=C(O)C(=O)O.O=C1CCc2ccccc2N1CCCN1CCN(c2cccc(Cl)c2)CC1,6.12,2.9871000000000008
O=C(CC1COC1)N[C@H]1CC[C@H](CCN2CCN(c3nccc4c3CCO4)CC2)CC1,6.12,2.2401
CO[C@H]1CC[C@H](CC(=O)N[C@H]2CC[C@H](CCN3CCN(c4cccc5c4OCO5)CC3)CC2)CC1,6.12,4.197700000000003
COc1cccc(N2CCN(C(=O)NCCCCN3CCN(c4cc(C(F)(F)F)nc(C(C)(C)C)n4)CC3)CC2)c1,6.12,4.235500000000004
CC(C)(C)c1nc(N2CCN(CCCCNC(=O)N3CCN(c4cccc(Cl)c4Cl)CC3)CC2)cc(C(F)(F)F)n1,6.12,5.533700000000006
O=C(NCCCCN1CCN(c2ccc(Cl)cc2Cl)CC1)c1ccc(-c2ccsc2)cc1,6.12,6.054100000000005
Br.COc1ccc(N2CCN(C[C@H]3C[C@@H]3c3ccccc3)CC2)cc1,6.12,4.198800000000003
O=C(N[C@H]1CC[C@H](CCN2CCN(c3nccc4c3CCO4)CC2)CC1)C1CCCOC1,6.12,2.6301999999999994
O=C1c2ccccc2CN1CCCCN1CCN(c2ccc(Cl)cc2)CC1,6.12,3.8982000000000037
CN(C)CCc1cccc2c1cc(C(=O)c1ccccc1)n2S(=O)(=O)c1ccccc1,6.12,4.213400000000004
Cl.c1ccc([C@H]2C[C@@H]2CN2CCN(c3ncccn3)CC2)cc1,6.12,2.8241000000000005
COc1ccccc1N1CCN(Cc2cn(CCOCCF)nn2)CC1,6.12,1.5949999999999998
COc1ccccc1N1CCN(CCC(=O)NC2CCc3c(cccc3OC)C2)CC1,6.12,2.8896000000000015
Cc1cnc(CC(=O)NC23CCC(CCN4CCc5ccc(OCC(C)(F)F)nc5CC4)(CC2)CC3)o1,6.12,4.654620000000004
CCCN1CCOC2c3cc(C(N)=O)ccc3CCC21,6.12,1.8836
CCc1ccc(CN2CCN(CC(=O)N3c4ccccc4C[C@H]3C)CC2)cc1,6.12,3.344400000000002
COc1cc(CN2CCN(c3ccc(Cl)cc3)CC2)c(OCCF)cc1OC,6.12,4.027700000000004
CN1C2CCC1CC(OC(c1ccc(F)cc1)c1ccc(F)cc1)C2.Cl,6.12,5.117800000000005
O=C1c2cncnc2CCN1CCN1CCN(c2nsc3ccccc23)CC1,6.11,1.9067999999999998
COc1cccc(C(=O)NCCCCN2CCN(c3nccc4ccccc34)CC2)c1,6.11,3.5756000000000023
N#Cc1cccnc1N1CCN(CCCN2CCN(c3ccccc3)CC2)CC1,6.11,2.28758
COc1ccc2ncc(C(=O)NCCC(O)CN3CCN(c4ccccc4OC)CC3)cc2c1,6.11,2.5550000000000006
COc1ccccc1N1CCN(CCCCNC(=O)c2ccc(-c3cn(Cc4ccc(-c5ccc(Cn6cc(-c7ccc(C(=O)NCCCCN8CCN(c9ccccc9OC)CC8)cc7)nn6)cc5)cc4)nn3)cc2)CC1,6.11,8.648800000000005
O=C1c2nc(Cl)ccc2CCN1CCN1CCC(c2noc3ccccc23)CC1,6.11,3.754100000000003
CCCCCCCCCC(=O)N1c2ccc(Cl)cc2N=C(N2CCN(C)CC2)c2ccccc21,6.11,6.7845000000000075
CCc1cc([C@]23C[C@H]2CN(CC[C@H]2CC[C@H](NC(=O)Cc4ncc(C)o4)CC2)C3)no1,6.11,3.414520000000002
CCC(=O)N[C@H]1CC[C@H](CCN2CCN(c3nccc4occc34)CC2)CC1,6.11,3.4249000000000027
Cc1cnc(CC(=O)N[C@H]2CC[C@H](CCN3CCc4sc(CCC(F)(F)F)nc4C3)CC2)o1,6.11,4.600320000000004
O=C(NCCCCN1CCO[C@@H]2c3ccccc3OC[C@H]21)c1cc2ccccc2[nH]1,6.11,3.5124000000000013
Cc1ccc2c(n1)C(=O)N(CCN1CCC(c3noc4ccccc34)CC1)CC2,6.11,3.4091200000000024
COc1ccc2c(n1)C(=O)N(CCN1CCC(c3noc4ccccc34)CC1)CC2,6.11,3.109300000000002
COCCC(=O)NC1CCC(CCN2C[C@@H]3CCN(c4ccc(C(F)(F)F)cc4)[C@@H]3C2)CC1,6.11,4.3175000000000034
O=C(N[C@H]1CC[C@H](CCN2CCN(c3nccc4c3CCO4)CC2)CC1)C(F)(F)F,6.11,2.7659000000000002
Cn1cc2c(C(=O)N[C@H]3CC[C@H](CCN4CCc5ccc(OCC(C)(C)F)nc5CC4)CC3)cccc2n1,6.11,4.874700000000004
CCCN1CCc2cccc3c2[C@H]1Cc1cccc(OCCCn2cc(CCN4CCN(c5ccccc5OC)CC4)nn2)c1-3,6.11,5.652800000000005
Cc1ccc2c3c(c(=O)oc2c1)CN(Cc1ccccc1)CC3,6.11,3.659720000000002
Cn1c(SCCCN2C[C@@H]3CCN(c4ccc(F)cc4F)[C@@H]3C2)nnc1-c1cnccn1,6.11,3.2432000000000016
CCCN1CCO[C@@H]2c3cc4c(cc3CC[C@H]21)CCNC4=O,6.11,2.0706
Cc1nnc(CC(=O)N[C@H]2CC[C@H](CCN3CCc4nc(O[C@@H](C)C(F)(F)F)sc4CC3)CC2)o1,6.11,3.8725200000000024
Cn1cc2c(C(=O)N[C@H]3CC[C@H](CCN4CCc5ccc(OC6CCC(F)(F)C6)nc5CC4)CC3)cccc2n1,6.11,5.314400000000005
O=C(NCCCCN1CCN(c2cccc(Cl)c2Cl)CC1)c1ccc(C#Cc2ccccc2)cc1,6.11,5.725400000000005
CCS(=O)(=O)N[C@H]1CC[C@H](CCN2CCN(c3nccc4occc34)CC2)CC1,6.11,2.838000000000001
Cn1ncc(CC(=O)N[C@H]2CC[C@](F)(CCN3CCc4nc(OCC(F)(F)C(F)F)sc4CC3)CC2)n1,6.11,3.351300000000002
Cn1cc2ccc(C(=O)N[C@H]3CC[C@H](CCN4CCc5nc(OCC(C)(F)F)sc5CC4)OC3)cc2n1,6.11,3.832100000000003
Cc1nc(CC(=O)N[C@H]2CC[C@H](CCN3CCc4sc(C5CC(F)(F)C5)nc4C3)CC2)no1,6.11,4.013120000000003
O=C(NCCCN1CCN(c2ccccc2)CC1)c1cccc2c1-c1ccccc1C2=O,6.11,3.8401000000000023
O=C(NCCCCN(CCCN1CCN(c2ccccc2)CC1)C1CCc2ccc(O)cc2C1)c1ccccc1,6.11,4.974000000000005
Cc1cccc2cc(C(=O)N3CCN(CCOc4cccnc4)CC3)[nH]c12,6.11,2.70812
CC(C)(C)c1nc(N2CCN(CCCCNC(=O)N3Cc4ccccc4C3)CC2)cc(C(F)(F)F)n1,6.11,4.420500000000003
Br.CC(C1CC1)N1CCC(C2CCc3ccccc3C2=O)CC1,6.11,4.520100000000004
O=C(NCCCCN1CCO[C@@H]2c3ccccc3OC[C@H]21)c1ccccc1,6.11,3.0311000000000012
Fc1cccc2c1CC[C@@H](NCc1ccccc1)C2,6.11,3.472800000000002
CN(CCC(=O)N1CCN(c2ccc(F)c(F)c2)CC1)CCC1c2ccccc2-c2ccccc21.Cl,6.11,5.5597000000000065
CN(C)S(=O)(=O)N[C@H]1CC[C@H](CCN2CCN(c3nccc4c3CCO4)CC2)CC1,6.11,1.4834000000000005
COc1ccc(C2(C)NC(=O)N(CC(O)CN3CCN(c4ccccc4C#N)CC3)C2=O)cc1.Cl,6.11,1.938779999999999
O=C(Cc1ccccc1)Nc1cccc(C2CCN(CCCC(=O)c3ccc(Cl)cc3)CC2)c1,6.11,6.363700000000007
COc1ccc2c(c1)[C@H]1OCCN(CCCCNC(=O)c3cccc(Cl)c3)[C@@H]1CO2,6.11,3.693100000000002
CC(=O)N[C@H]1CC[C@H](CCN2CCN(c3nccc4c3CCO4)CC2)CC1,6.11,2.2234999999999996
CCc1cc([C@]23C[C@H]2CN(CC[C@H]2CC[C@H](NC(=O)Cc4noc(C)n4)CC2)C3)no1,6.1,2.809520000000001
COc1ccccc1N1CCN(CC(O)CCn2cc(-c3ccc4[nH]ccc4c3)nn2)CC1,6.1,3.0082000000000013
Cc1nc(N)sc1CCCN/C(N)=N/C(=O)N[C@@H](C)c1ccccc1,6.1,2.3414200000000003
Cc1ccccc1N1CCN(C(=O)NCCCCN2CCN(c3cc(C(F)(F)F)nc(C(C)(C)C)n3)CC2)CC1,6.1,4.535320000000004
Cn1ncc2c1CCN(CCN1CCN(c3nsc4ccccc34)CC1)C2=O,6.1,1.8502999999999996
Cn1ncc(CC(=O)N[C@H]2CC[C@](F)(CCN3CCc4ccc(OCC(F)F)nc4CC3)CC2)n1,6.1,2.6545000000000005
CCCN(CCC)C1CCc2cc(CCc3ccc(/C(C)=N\O)cc3)ccc2C1,6.1,5.6493000000000055
O=S(=O)(c1cccc(F)c1)C1(F)CCN(CCc2ccc(F)cc2F)CC1,6.1,3.8819000000000035
Cn1cc(CC(=O)N[C@H]2CC[C@H](CCN3CCc4sc(OCC(C)(F)F)nc4C3)CC2)c(F)n1,6.1,3.715600000000002
CCCN(CCCCNC(=O)c1ccc(-c2ccccc2)cc1)C1CCc2c(cccc2OCC2CC2)C1,6.1,6.921900000000008
CC1CCN(CC[C@H]2CCCN2S(=O)(=O)c2cccc(Br)c2)CC1,6.1,3.7242000000000033
Cc1ncoc1-c1nnc(SCCCN2CC[C@@]3(C[C@H]3c3ccccc3)C2)n1C,6.1,4.140320000000003
CO[C@@H]1CC[C@@H](CC(=O)N[C@H]2CC[C@H](CCN3CCN(c4nccc5occc45)CC3)CC2)C1,6.1,4.220100000000003
O=C(NCC[C@@H](F)CN1CCN(c2cccc(Cl)c2Cl)CC1)c1cc2ccccc2o1,6.1,5.0198000000000045
O=C(c1cc2ccccc2[nH]1)N1CCN(CCOc2cncc(Cl)c2)CC1,6.1,3.0531000000000015
O=c1[nH]c2c(O)ccc([C@@H](O)CNCCS(=O)(=O)CCCNCCc3cccc(Cl)c3)c2s1,6.1,2.2088
O=S(=O)(c1ccccc1)n1ccc2c3c(ccc21)[C@H]1CCNCC[C@@H]31,6.1,3.4425000000000017
CCCN1CCO[C@@H]2c3cc(C#N)ccc3CC[C@H]21,6.1,2.6563800000000013
O=c1[nH]c2c(O)ccc([C@@H](O)CNCCCOCCOCCc3ccccc3)c2s1,6.1,2.5842
Cn1c(SCCCN2CC3CCN(c4c(F)cccc4F)C3C2)nnc1-c1ccc(=O)[nH]c1,6.1,3.1415000000000015
CC1(C(=O)NCCN2CCN(c3ccc(Cl)cc3)CC2)CCCCC1,6.1,3.548600000000003
COc1ccc(NS(=O)(=O)c2sc3ccc(Cl)cc3c2C)cc1N1CCN(C)CC1,6.1,4.424320000000003
Cl.N#Cc1ccc2c(c1)CCN(CC[C@H]1CC[C@H](NC(=O)c3cc4ccccc4[nH]3)CC1)C2,6.1,5.198380000000004
CO[C@@H](C)C(=O)N[C@H]1CC[C@H](CCN2CCN(c3nccc4c3CCO4)CC2)CC1,6.1,2.2385
Clc1ccc(N2CCN(CCc3cc4ccc[nH]c-4n3)CC2)cc1,6.1,3.5326000000000013
Cc1ncoc1-c1nnc(SCCCN2CC[C@@]3(C[C@@H]3c3ccc(F)cc3)C2)n1C,6.1,4.2794200000000036
Cl.N#Cc1ccc2c(c1)CN(CCCCNC(=O)/C=C/c1c[nH]c3ccccc13)CC2,6.1,4.429280000000003
CCCN(CCC)[C@@H]1CCc2cc(CCc3ccc(C(C)=O)cc3)ccc2C1,6.1,5.653700000000006
Cc1ncc(CC(=O)N[C@H]2CC[C@H](CCN3CCc4sc(CCC(F)(F)F)nc4C3)CC2)o1,6.1,4.600320000000004
Cc1ccc2c(N3CCN(CCc4cccc(N5CCOC5=O)c4)CC3)cccc2n1,6.1,3.8645200000000033
CCCCc1ccc(S(=O)(=O)Nc2ccc3c(c2)CNCC3)cc1,6.1,3.4757000000000025
CCCN(CCC)C1CCc2cc(CN(C(=O)OC)c3ccc(OC)cc3)ccc2C1,6.1,5.447500000000006
CCCCc1ccc(S(=O)(=O)Nc2ccc3c(c2)CNC3)cc1,6.1,3.433200000000002
COc1cccc(CNCc2cccc(CCNC[C@H](O)c3ccc(O)c4[nH]c(=O)sc34)c2)c1,6.1,3.4593000000000007
N#Cc1ccc2c(c1)CCN(CC[C@H]1CC[C@H](NC(=O)c3ccc4c(c3)NC(=O)CO4)CC1)CC2,6.1,3.668680000000002
CN(C)CCN(Cc1ccc(-c2ccc(CNCCc3ccccc3)cc2)cc1)C(=O)/C=C/c1ccccc1.O=C(O)C(F)(F)F,6.1,6.922800000000007
COC(=O)c1ccc(-c2nc3ccccc3n2Cc2ccc(Cl)cc2)cc1,6.1,5.191600000000004
CN1CCOc2c(C(=O)NC[C@@H]3CCCN3CCc3ccccc3)cc(Cl)cc21,6.1,3.605500000000003
CCS(=O)(=O)c1ccc(OC)c(-c2ccc(CN3CCCCCC3c3cccc(OC)c3)[nH]2)c1,6.1,5.609800000000005
Nc1nc2cc3c(cc2s1)CCN(CCO)CC3,6.1,1.2714
C=CCN1C[C@@H](OCCCN)C[C@H]1CNC(=O)c1cc(CCCF)cc(OC)c1OC,6.1,2.330000000000001
O=c1[nH]c2c(O)ccc([C@@H](O)CNCCc3ccccc3CNCCc3ccccc3F)c2s1,6.1,3.6323000000000016
COc1ccccc1N1CCN(CCCN2CCCc3ccccc3C2=O)CC1,6.1,3.2959000000000023
COc1cc2ncnc(Nc3cccc(Cl)c3F)c2cc1OC(=O)N1CCN(C)C[C@H]1C,6.1,4.309200000000003
COc1cc2c(cc1O)CN(CCCCNC(=O)c1ccc(-c3ccccc3)cc1)CC2,6.1,4.636100000000003
Cc1ccc(N2CCN(C(=O)NCCCCN3CCN(c4cc(C(F)(F)F)nc(C(C)(C)C)n4)CC3)CC2)cc1,6.1,4.535320000000004
COc1ccc(Br)cc1-c1nc(CN2CCN(Cc3ccccc3)CC2)co1,6.1,4.430500000000004
Cc1nc(N)[nH]c1-c1cn(S(=O)(=O)c2ccccc2)c2ccccc12.Cl,6.1,3.5808200000000023
CN(C)C(=O)c1ccc(CSc2nc3ccccc3n2Cc2ccc(Cl)cc2)cc1,6.1,5.732100000000005
CC(C)(C)C(=O)NCCCCN1CCN(c2ccccc2)CC1,6.1,2.751100000000001
CC(C)c1nc(C2CC2)cc(N2CCN(CCCCNC(=O)N3CCc4[nH]c5ccccc5c4C3)CC2)n1,6.1,4.628800000000004
COc1ccc(CNCc2cccc(CCNC[C@H](O)c3ccc(O)c4[nH]c(=O)sc34)c2)cc1,6.1,3.4593000000000016
Cc1ccc2c(C(=O)N[C@H]3CC[C@H](CCN4CCc5ccc(S(C)(=O)=O)cc5CC4)CC3)ccc(F)c2n1.Cl,6.1,5.287120000000006
COC(C)CC(=O)N[C@H]1CC[C@H](CCN2CCN(c3nccc4c3CCO4)CC2)CC1,6.1,2.6286000000000005
COc1cccc2c1CC[C@@H]1[C@@H]2CCCN1CCCCNC(=O)c1ccc(-c2ccccc2)cc1,6.1,6.066600000000006
O=C(NCCCCN1CCC[C@@H]2c3ccccc3CC[C@@H]21)c1ccc(-c2ccccc2)cc1,6.1,6.058000000000006
COCCNCc1cccc(CCNC[C@H](O)c2ccc(O)c3[nH]c(=O)sc23)c1,6.1,1.8969
CN1CCN(C2=Nc3cc(Cl)ccc3N(NC(=O)c3ccccc3Br)c3ccccc32)CC1,6.1,5.224700000000005
CC(C)(C)c1nc(C2CC2)cc(N2CCN(CCCCNC(=O)N3CCc4c([nH]c5ccccc45)C3)CC2)n1,6.1,4.802900000000004
CN1CCN(c2nc(N)nc(C(C)(C)Oc3ccccc3Cl)n2)CC1,6.1,2.1731
O=c1[nH]c2c(O)ccc([C@@H](O)CNCCSCCCNCCc3cccc(Cl)c3)c2s1,6.0999990348465305,3.5272000000000014
COc1ccccc1CCNCc1cccc(CCNC[C@H](O)c2ccc(O)c3[nH]c(=O)sc23)c1,6.0999990348465305,3.501800000000001
Cc1cccc2c(CCNCc3ccc(CCNC[C@H](O)c4ccc(O)c5[nH]c(=O)sc45)cc3)c[nH]c12,6.0999990348465305,4.282920000000002
COc1ccc2c(c1)[C@H]1OCCN(CCCCNC(=O)c3cccs3)[C@@H]1CO2,6.09,3.1012000000000013
CC(C)c1nc2c(o1)C(=O)N(CCN1CCC(c3noc4ccccc34)CC1)CC2,6.09,3.8171000000000026
Oc1ccc(C2CNCCc3c2cc(O)c(O)c3Cl)cc1,6.09,2.734400000000001
CC(C)(C)c1nc(N2CCN(CCCCNC(=O)N3CCN(Cc4cccc(C#N)c4)CC3)CC2)cc(C(F)(F)F)n1,6.09,4.094180000000003
CC(Oc1cc(C(F)(F)F)ccc1C(F)(F)F)c1nc(N)nc(N2CCN(C)CC2)n1,6.09,3.383200000000002
Cc1ncc(CC(=O)N[C@H]2CC[C@](F)(CCN3CCc4nc(OCC(C)(F)F)sc4CC3)CC2)s1,6.09,4.742520000000004
O=C(N[C@H]1CC[C@H](CCN2CCC(c3cccc4c3CCO4)CC2)CC1)c1ccc2c(c1)OCO2,6.09,4.9085000000000045
C#CCN(C)Cc1ccc(OCCCCCN2CCN(c3cccc4c3ccn4S(=O)(=O)c3ccccc3)CC2)cc1,6.09,5.314600000000006
COc1c2c(nn1C)CCN(CCN1CCN(c3nsc4ccccc34)CC1)C2=O,6.09,1.8588999999999993
COc1ccccc1N1CCN(CC(O)CCn2cc(-c3ccc(-c4ccccc4)cc3)nn2)CC1,6.09,4.193900000000003
Cc1cc(OCC(=O)N[C@H]2CC[C@H](CCN3CCc4sc(N5CC(F)(F)C5)nc4C3)CC2)no1,6.09,3.397020000000002
CCN(CC)CCCOc1ccc(-c2nc3ccccc3n2C/C=C/Cn2c(-c3ccc(OCCCN4CCN(c5ccccc5)CC4)cc3)nc3ccccc32)cc1,6.09,9.6782
CC(C)(C)c1nc(N2CCN(CCCCNC(=O)C3CCN(c4ccccc4)CC3)CC2)cc(C(F)(F)F)n1,6.09,4.7279000000000035
COc1ccccc1C(=O)NCCN1CCN(c2ccccc2OC)CC1,6.09,2.2558
Cc1ccc2c(c1)C(C1=C[C@H](C)N(C)CC1)=Nc1ccccc1N2,6.09,4.823220000000004
Cn1c(SCCCN2CC3CCN(c4c(F)cc(F)cc4F)C3C2)nnc1-c1ccc(C(N)=O)nc1,6.09,3.0862000000000007
CCCN1CCC(c2coc3ccccc23)CC1,6.09,4.022200000000003
CCC(Oc1cc(Cl)ccc1F)c1nc(N)nc(N2CCN(C)CC2)n1,6.09,2.528200000000001
Cn1c(SCCCN2C[C@@H]3CCN(c4c(F)cccc4F)[C@@H]3C2)nnc1-c1ccc(C(N)=O)nc1,6.09,2.9471000000000007
O=C1c2ccccc2C(=O)N1CCCCN1CCN2c3ccccc3Cc3ccccc3C2C1,6.09,4.530500000000004
Cc1nnc(CC(=O)N[C@H]2CC[C@H](CCN3CCc4ccc(CCC(F)(F)F)nc4CC3)CC2)s1,6.09,4.4448200000000035
CCCOc1cc2c(cc1O)[C@@H]1Cc3ccc(O)c(OCCC)c3CN1CC2,6.09,4.330900000000003
Cl.Cl.c1ccc2c(c1)CCN(CCCc1nc3ccccc3[nH]1)C2,6.09,4.397400000000004
CCC(Oc1cc(C(F)(F)F)ccc1C(F)(F)F)c1nc(N)nc(N2CCN(C)CC2)n1,6.09,3.7733000000000017
CCC(=O)N[C@H]1CC[C@H](CCN2CCN(c3nccc4c3CCO4)CC2)CC1,6.09,2.613600000000001
Cc1nnc(CC(=O)N[C@H]2CC[C@](F)(CCN3CCc4ccc(OCC(F)F)nc4CC3)CC2)o1,6.09,3.2174200000000015
CNC(=O)c1cc(C(=O)N[C@H]2[C@@H]3COC[C@@H]32)cc2c1O[C@H](CF)[C@H]2c1ccccc1,6.09,2.2832
CC(C)(C)c1nc(N2CCN(CCCCNC(=O)N3CCC(O)(c4ccc(Cl)cc4)CC3)CC2)cc(C(F)(F)F)n1,6.08,5.041700000000005
CCCCN1CCc2ccc(C#N)cc2C1,6.08,2.7164800000000007
Fc1ccc(CCN2CCC3(CCc4cccc(F)c4O3)CC2)c(F)c1,6.08,4.506200000000004
CN1CCN(C2=Nc3cc(Cl)ccc3N(NC(=O)c3ccco3)c3ccccc32)CC1,6.08,4.055200000000003
Cn1c(SCCCN2CC[C@]3(CC3c3ccc(C(F)(F)F)cc3)C2)nnc1C1CC2CCC(C1)O2,6.08,5.620700000000006
CCCC(=O)N[C@H]1CC[C@H](CCN2CCN(c3nccc4c3CCO4)CC2)CC1,6.08,3.003700000000001
Cn1cc2c(n1)C(=O)N(CCN1CCN(c3nsc4ccccc34)CC1)CC2,6.08,1.8502999999999996
CC(C)c1nc2c(o1)C(=O)N(CCN1CCN(c3nsc4ccccc34)CC1)CC2,6.08,3.228200000000002
COc1c(C(=O)NCCCCN2CCN(c3cccc(Cl)c3Cl)CC2)ccc2ccccc12,6.08,5.4874000000000045
O=C(Cc1ccccc1)NC1CCN(CCCN2C(=O)COc3ccccc32)CC1,6.08,2.625400000000001
Cn1c(SCCCN2C[C@H]3CCN(c4c(F)cccc4F)[C@H]3C2)nnc1-c1ccc(C(N)=O)nc1,6.08,2.9471000000000007
CCc1cc([C@]23C[C@H]2CN(CC[C@H]2CC[C@H](NC(=O)COc4cnc(C)nc4)CC2)C3)no1,6.08,3.0528200000000014
CN1CCc2c(c3cccc4c3n2-c2ccccc2CC4)C1,6.08,3.7170000000000023
CCCN1CCO[C@@H]2c3cc4c(cc3CC[C@H]21)CNC4=O,6.08,2.0281000000000002
CCCCCCN(CCc1ccccc1)CCc1cccc(O)c1,6.08,5.059700000000006
CC1Cc2ccccc2N1C(=O)CC1CCN(Cc2ccccc2Cl)CC1,6.08,4.919900000000005
Cn1c(C(=O)NC23CCC(CCN4CCc5nc(OCC(F)(F)F)sc5CC4)(CC2)CC3)cccc1=O,6.08,4.096600000000004
C[C@H]1CO[C@@H](c2ccc(N)nc2)CN1C[C@@H]1C[C@H]1CCNC(=O)c1cc2ccccc2[nH]1,6.08,3.363100000000001
CCCN1CCc2cccc3c2[C@H]1Cc1cccc(OC)c1-3,6.08,4.227500000000004
O=CN[C@H]1CC[C@H](CCN2CCN(c3nccc4c3CCO4)CC2)CC1,6.08,1.833399999999999
Cn1ncc(CC(=O)N[C@H]2CC[C@H](CCN3CCc4sc(OCC(C)(F)F)nc4C3)CC2)c1F,6.08,3.715600000000003
O=C(NCCC(O)CN1CCN(c2cccc(Cl)c2Cl)CC1)c1cnc2ccc(F)cc2c1,6.08,3.9837000000000033
CC1(c2ccc(F)cc2)NC(=O)N(CC(O)CN2CCN(c3ccccc3Cl)CC2)C1=O,6.08,2.4292000000000007
CCc1ncc2c(n1)CCN(CCN1CCN(c3nsc4ccccc34)CC1)C2=O,6.08,2.4692000000000007
COc1ccccc1N1CCN(CNC(=O)c2cccc(C)c2)CC1,6.08,2.5131200000000007
CN1CCN(C2=Nc3cc(Cl)ccc3N(NC(=O)c3ccc4c(c3)OCO4)c3ccccc32)CC1,6.08,4.190900000000004
Clc1ccc(N2CCN(CCCCc3nc4ccccc4s3)CC2)nc1,6.08,4.489600000000004
O=C(NCCCN1CCN(c2ccccc2)CC1)c1ccc2c(c1)Cc1ccccc1-2,6.08,4.199900000000003
C[C@@H](Oc1nc2c(s1)CCN(CC[C@H]1CC[C@H](NC(=O)COc3cnn(C)c3)CC1)CC2)C(F)(F)F,6.08,3.7509000000000023
O=C(NC1CCN(Cc2ccccc2)C1)c1ccc(-c2cccs2)cc1,6.08,4.419400000000004
CN(C)C(=O)N[C@H]1CC[C@H](CCNCC2CC2c2cccc3ccccc23)CC1,6.08,4.753000000000004
O=S(=O)(NCC1CCN(CCOc2cccc(F)c2)CC1)c1ccc(F)cc1,6.08,3.0341000000000014
COc1cc2c(cc1OC)C(=O)CC(CN1CCN(c3ccccc3OC)CC1)C2,6.08,3.279700000000002
CN1CCC(c2cn(-c3ccncc3)c3ccc(-c4cncnc4)cc23)CC1,6.08,4.291700000000003
COc1cccc(C(=O)N(C)CCN2CCN(c3ccc(Cl)cc3)CC2)c1,6.070581074285707,3.2428000000000017
COc1cccc(C(=O)CCCCCN2CCN(c3ccc(Cl)cc3)CC2)c1,6.070581074285707,4.913900000000004
COc1cccc(C(=O)NCCCCCN2CCN(c3ccc(Cl)cc3)CC2)c1,6.070581074285707,4.0709000000000035
COc1cccc(C(=O)CCCCN2CCN(c3ccc(Cl)cc3)CC2)c1,6.070581074285707,4.523800000000004
CNc1cccc(OCCNCC2(F)CCN(C(=O)c3ccc(F)c(Cl)c3)CC2)n1,6.07,3.5287000000000024
O=C(N[C@H]1CC[C@H](CCN2CCN(c3nccc4c3CCO4)CC2)CC1)C(O)C(F)(F)F,6.07,2.1268
CC(C)(C)c1nc(N2CCN(CCCCNC(=O)N3CCC(C#N)(c4ccccc4)CC3)CC2)cc(C(F)(F)F)n1,6.07,4.962080000000005
Oc1ccc2c(c1)CCCNCCc1ccccc1C2,6.07,3.061300000000002
C#CCOc1c(OC)cc2c3c1-c1cc(NC(C)=O)ccc1CC3N(C)CC2,6.07,3.4177000000000017
COc1ccccc1N1CCN(C(=O)NCCCCN2CCN(c3cc(C(F)(F)F)nc(C(C)(C)C)n3)CC2)CC1,6.07,4.235500000000004
N#Cc1cc2c(cn1)C(=O)N(CCN1CCN(c3nsc4ccccc34)CC1)CC2,6.07,2.3834800000000005
O=C(N[C@H]1CC[C@H](CCN2CCC(c3conc3-c3ccccc3)CC2)CC1)c1cccc2ncccc12,6.07,6.448100000000006
COc1cc2c3c(c1OC)-c1cc4c(cc1CC3N(C)CC2)OCO4,6.07,3.1846000000000014
O=C(NCCCCN1CCO[C@@H]2c3ccccc3OC[C@H]21)c1ccco1,6.07,2.6241000000000003
CN(C)C(=O)C(CCN[C@@H]1C[C@H]1c1ccc(Cl)cc1)(c1ccccc1)c1ccccc1,6.07,5.250100000000005
CCCN[C@@H]1CCc2ccc3[nH]c(C(N)=O)cc3c2C1,6.07,2.1237000000000004
CC[C@@H](O)CC(=O)N[C@H]1CC[C@H](CCN2CCN(c3nccc4c3CCO4)CC2)CC1,6.07,2.3646000000000003
Cn1cc2c(C(=O)NN3CCC(CCN4CCc5ccc(OCC(F)(F)F)nc5CC4)CC3)cccc2n1,6.07,3.757100000000003
Cn1cc(CC(=O)N[C@H]2CC[C@H](CCN3CCc4sc(OC5CCC(F)(F)C5)nc4C3)CC2)cn1,6.07,4.109100000000003
COc1cc2c(cc1O)CN(CCCCNC(=O)c1ccc(C(N)=O)cc1)CC2,6.07,2.0679999999999996
O=C(N[C@H]1CC2[C@@H](CCN3CCc4sc(OCC(F)F)nc4C3)[C@@H]2C1)c1cccc2ncccc12,6.07,4.538000000000004
COc1ccc2c(c1)[C@H]1OCCN(CCCCNC(=O)c3cccc4ccccc34)[C@@H]1CO2,6.07,4.192900000000003
O=C1c2oc(C3CC3)nc2CCN1CCN1CCC(c2noc3ccccc23)CC1,6.07,3.571100000000002
CCCN1CCO[C@H]2c3cc(O)ccc3SC[C@@H]21,6.07,2.649800000000001
O=C(N[C@H]1C[C@@H]2[C@@H](CCN3CCc4sc(OCC(F)F)nc4C3)[C@@H]2C1)c1cccc2ncccc12,6.07,4.538000000000004
O=C(C[C@@H]1CCCO1)N[C@H]1CC[C@H](CCN2CCN(c3nccc4c3CCO4)CC2)CC1,6.07,2.7727000000000013
c1ccc(CCN2CCC(c3cc(-c4ccccn4)[nH]n3)CC2)cc1,6.07,3.8938000000000024
CCCN1CCc2cccc3c2C1Cc1cccc(OC(=O)CSc2ccccc2)c1-3,6.07,5.916600000000006
Cl.Clc1ccc2sc(CCCCN3CCc4c(Cl)cccc4C3)nc2c1,6.07,6.405900000000004
c1ccc(N2CCN(Cc3cn(-c4ccccc4)nn3)CC2)cc1,6.07,2.5895
O=C(NCCCCN1CCC(=C2c3ccc(Cl)cc3CCc3cccnc32)CC1)c1cc2ccccc2s1,6.07,7.156200000000006
Cn1c(SCCCN2CC[C@]3(C[C@H]3c3ccc(C(F)(F)F)cc3)C2)nnc1-c1cnccn1,6.07,4.652700000000004
CCCN1CCc2cccc3c2C1Cc1cccc(O)c1-3,6.07,3.924500000000004
Cc1nc(CC(=O)N[C@H]2CC[C@](F)(CCN3CCc4ccc(O[C@H](C)C(F)(F)F)nc4CC3)CC2)nn1C,6.07,3.648620000000002
Cn1ncc(CC(=O)N[C@H]2CC[C@H](CCN3C[C@@H]4C[C@]4(c4cc(C5CC5)on4)C3)CC2)n1,6.07,2.5616000000000003
CCN(CCCSc1nnc(-c2ccccc2)n1C)CC1CC1c1cc(F)ccc1OCCF.Cl,6.07,5.999100000000007
COc1ccccc1N1CCN(CCCNC(=O)c2cnccn2)CC1,6.07,1.4272999999999996
CCc1cc([C@]23C[C@H]2CN(CC[C@H]2CC[C@H](NC(=O)Cc4cc(C)no4)CC2)C3)no1,6.07,3.414520000000002
Cn1nccc1-c1nnc(SCCCN2CC[C@]3(C[C@@H]3c3ccc(C(F)(F)F)cc3)C2)n1C,6.07,4.596200000000004
Cn1c(SCCCN2CC[C@]3(C[C@H]3c3ccc(C(F)(F)F)cc3)C2)nnc1-c1ccncc1,6.06,5.257700000000005
CN(C)CC1CC2c3ccccc3Cc3ccccc3N2O1,6.06,3.4040000000000026
COc1ccccc1N1CCN(CC(O)CN2C(=O)NC(C)(c3ccc(C)cc3)C2=O)CC1.Cl,6.06,2.3755200000000003
Cn1nc(Br)c2c1CCN(CCN1CCC(c3noc4ccccc34)CC1)C2=O,6.06,3.2017000000000015
O=C1c2ncccc2CCC1CCN1CCN(c2noc3ccccc23)CC1,6.06,3.180200000000002
Cn1cc2c(C(=O)NN3CCC(CCN4C[C@@H]5C[C@]5(c5cc(C(C)(F)F)on5)C4)CC3)cccc2n1,6.06,3.6934000000000022
COc1cc2c(cc1OC)CN(CCCCn1cc(-c3ccc(F)cc3)c3ccccc31)CC2,6.06,6.303100000000007
CN(CCC(O)CN1CCN(c2cccc(Cl)c2Cl)CC1)Cc1ccc2c(c1)Cc1ccccc1-2,6.06,5.569600000000006
CCCN1CCc2cccc3c2[C@H]1Cc1cccc(OC(=O)NC(C)(C)C)c1-3,6.06,5.105800000000005
CCC(Sc1cccc(Cl)c1Cl)c1nc(N)nc(N2CCN(C)CC2)n1,6.06,3.7558000000000007
CCc1cc(Cl)c(OC)c(N2CCN(C[C@@H]3C[C@@H](O)CN3CCC(C(=O)N(C)C)(c3ccccc3)c3ccccc3)CC2)c1,6.06,4.932800000000005
Cn1c(SCCCN2C[C@H]3CCN(c4ccc(C(F)(F)F)cc4)[C@H]3C2)nnc1[C@H]1COCCO1,6.06,3.6147000000000027
Clc1ccc(N2CCN(CCCOc3ccc(-c4nc5ccccc5[nH]4)cc3)CC2)cc1,6.06,5.474400000000005
COc1cccc(-c2csc(CCN3CCN(c4ccccc4OC)CC3)n2)c1.Cl,6.06,4.613800000000005
O=C(CC1CCOCC1)N[C@H]1CC[C@H](CCN2CCN(c3nccc4c3CCO4)CC2)CC1,6.06,3.0203000000000015
Cn1c(SCCCN2CC[C@]3(C[C@@H]3c3ccc(C(F)(F)F)cc3)C2)nnc1-c1ccc(=O)n(C)c1,6.06,4.561400000000004
O=C(N[C@H]1CC[C@H](CCN2CCN(c3nccc4c3CCO4)CC2)CC1)c1ccc(N2CCOCC2)cc1,6.06,3.354000000000002
CC(C)(C)c1nc(N2CCN(CCCCNC(=O)N3CCN(C4CC4)CC3c3ccccc3)CC2)cc(C(F)(F)F)n1,6.06,4.926000000000004
CN(C)CCSc1cccc(Br)n1,6.06,2.4978000000000007
Cn1c(CCCCN2CC[C@]3(C[C@@H]3c3ccc(C(F)(F)F)cc3F)C2)nnc1C1CCOCC1,6.06,5.069300000000005
CS(=O)(=O)N[C@H]1CC[C@H](CCN2CCN(c3nccc4occc34)CC2)CC1,6.06,2.4479000000000006
N#Cc1ccc(S(=O)(=O)C2(F)CCN(CCc3ccc(F)cc3F)CC2)cc1,6.06,3.614480000000003
Cc1ncc(OCC(=O)N[C@H]2CC[C@H](CCN3CCc4nc(OCC(C)(F)F)sc4CC3)OC2)cn1,6.06,2.8090200000000003
Cn1ncc(CC(=O)N[C@H]2CC[C@H](CCN3CCc4nc(OCC(C)(F)F)sc4CC3)CC2)c1F,6.06,3.7581000000000024
O=C(N[C@H]1CC[C@H](CCN2CCN(c3nccc4c3CCO4)CC2)CC1)c1ccc(C(F)(F)F)cc1,6.06,4.536200000000004
COc1ccccc1C(=O)NCCCCN1CCO[C@@H]2c3ccccc3OC[C@H]21,6.06,3.0397000000000016
CN1CCC(c2cn(-c3ccncc3)c3ccc(-c4ccnn4C)cc23)CC1,6.06,4.235200000000003
O=C1c2cccc3cccc(c23)N1CCCCCCN1CCN(c2ccccn2)CC1,6.06,4.577600000000003
CN1CCc2cc(Cl)c(O)cc2[C@H]2c3cccc(/C=N/O)c3CC[C@@H]21,6.05,3.788300000000002
Cn1c(SCCCN2CC[C@]3(C[C@@H]3c3ccc(C(F)(F)F)cc3)C2)nnc1-c1cccnc1,6.05,5.257700000000005
CCCN(CCC)[C@H]1CCc2ccc3[nH]c(C#N)cc3c2C1,6.05,4.018880000000003
CC(C)(C)c1nc(N2CCN(CCCCNC(=O)N3CCN(c4cc(C#N)cc(C(F)(F)F)c4)CC3)CC2)cc(C(F)(F)F)n1,6.05,5.117380000000005
Clc1cccc(N2CCN(CCCCn3cc(-c4ccc5c(c4)Cc4ccccc4-5)nn3)CC2)c1Cl,6.05,6.425500000000007
Fc1ccc(-c2[nH]c3cc(F)ccc3c2[C@@H]2CNCC[C@H]2F)cc1,6.05,4.528100000000003
O=C(NCCCCN1CCO[C@@H]2c3ccccc3OC[C@H]21)c1ccc(Br)cc1,6.05,3.7936000000000023
N#Cc1cccc(C(=O)NCc2ccccc2CN2CCc3cc(O)c(O)cc3C2)c1,6.05,3.457780000000003
COc1ccccc1N1CCN(CCNC(=O)c2ccc3ccccc3c2)CC1,6.05,3.400400000000002
COc1c(Cl)cccc1N1CCN(CC(O)CCNC(=O)c2cnc3ccccc3c2)CC1,6.05,3.1998000000000015
c1ccc(CCN2CCC(c3cc(-c4cccnc4)[nH]n3)CC2)cc1,6.05,3.8938000000000024
CCCn1ncc2c1-c1c(C)sc(C)c1CCC2,6.05,4.127140000000003
O=c1c(-c2ccccc2Cl)c2n(c(=O)n1CCCCN1CCCC(c3c[nH]c4ccccc34)C1)CCCC2,6.05,5.807800000000006
N#Cc1ccccc1N1CCN(CNC(=O)c2cccc(Cl)c2)CC1,6.05,2.7211800000000013
COc1cccc(CN2CCC(n3c(O)nc(-c4ccccc4)c3C)CC2)c1,6.05,4.409820000000003
CC(C)(C)c1nc(N2CCN(CCCCNC(=O)N3CCC(c4ccc(Cl)cc4)CC3)CC2)cc(C(F)(F)F)n1,6.05,5.937700000000007
Clc1ccc2c(c1)C(N1CCN(CCc3ccccc3)CC1)=Nc1cccnc1N2,6.05,4.7306000000000035
Oc1cc2c(cc1O)[C@H]1c3cncc(F)c3CN[C@@H]1CC2,6.05,2.1818
CCc1cccc(N2CCN(C[C@@H](F)CCNC(=O)c3cc4ccccc4[nH]3)CC2)c1Cl,6.05,4.6639000000000035
CN1CCc2cc(Cl)c(O)cc2[C@@H](c2ccccc2)C1,6.05,3.6654000000000027
Cn1c(SCCCN2C[C@H]3CCN(c4ccccc4C(F)(F)F)[C@H]3C2)nnc1-c1ccc(=O)[nH]c1,6.05,3.882100000000002
CCC(Sc1ccc(Cl)c(Cl)c1)c1nc(N)nc(N2CCN(C)CC2)n1,6.05,3.7558000000000016
CCCN1CCC(c2ccc(Cl)cc2)CC1,6.05,3.929400000000003
C(#Cc1ccccc1)CN(c1ccccc1)C1CCN(Cc2ccccc2)CC1.O=C(O)/C=C/C(=O)O,6.05,4.921100000000003
CC[C@H](O)CC(=O)N[C@H]1CC[C@H](CCN2CCN(c3nccc4c3CCO4)CC2)CC1,6.05,2.3646000000000003
CCNC(=O)Nc1cccc2c1CC[C@H]1[C@H]2c2cc(O)c(Cl)cc2CCN1C,6.05,4.1216000000000035
Cc1ncc(CC(=O)N[C@H]2CC[C@](F)(CCN3CCc4nc(OCC(F)(F)F)sc4CC3)CC2)cn1,6.05,3.983120000000003
c1ccc(-c2[nH]c3ccccc3c2CCN2CCCCC2)cc1,6.05,4.863300000000003
CC1Cc2ccccc2N1C(=O)CN1CCN(Cc2ccc(F)cc2)CC1,6.05,2.921100000000002
CC(C)(CCCN1CC[C@@H]2CCCC[C@H]2C1)S(=O)(=O)c1ccccc1,6.05,4.531200000000005
CC1N(C(=O)CN2CCN(Cc3ccc(Cl)cc3)CC2)c2ccccc2C1(C)C,6.05,4.170500000000003
Cc1nnc(CC(=O)N[C@H]2CC[C@](F)(CCN3CCc4nc(OCC(F)F)sc4CC3)CC2)s1,6.05,3.7474200000000026
COc1ccc(N2CCN(CCc3c[nH]c4ncccc34)CC2)cc1,6.05,2.9362000000000013
CC(C)(C)OC(=O)NCCCCCCN1CCC(O)(c2ccc(Cl)cc2)CC1,6.05,4.708500000000004
Cc1ncc(OCC(=O)N[C@H]2CC[C@H](CCN3CCc4ccc(OCC(F)F)nc4CC3)CC2)cn1,6.05,3.3686200000000026
CCCC[C@H](NC(=O)[C@H]1CC[C@@H]2c3[nH]c4ccccc4c3CCN2C1)C(=O)N[C@@H](Cc1c[nH]c2ccccc12)C(=O)N[C@@H](CCCCN)C(N)=O,6.05,3.4600000000000017
O=C(N[C@@H]1CCN(Cc2ccccc2)C1)c1ccc(-c2ccsc2)cc1,6.05,4.419400000000004
COc1ccc(OC[C@@H]2CC[C@H]3CN(c4ncccn4)CCN3C2)cc1,6.04,2.4648000000000003
Cn1cnc2c1C(=O)N(CCN1CCC(c3noc4ccccc34)CC1)CC2,6.04,2.4392000000000005
COC(=O)c1cccc2c1CC[C@H]1[C@H]2c2cc(O)c(Cl)cc2CCN1C,6.04,3.7668000000000026
OC(COc1ccccc1)CN1CCC(Oc2ccccc2)CC1,6.04,2.9697000000000013
Cn1cc2c(n1)CCN(CCN1CCN(c3nsc4ccccc34)CC1)C2=O,6.04,1.8502999999999996
Cc1cc(N2CCN(CCCCNC(=O)N3CCN(S(=O)(=O)c4ccccc4)CC3)CC2)nc(C(C)(C)C)n1,6.04,2.700820000000002
Cc1ncoc1-c1nnc(SCCCN2CCC3CCN(c4ccc(C(F)(F)F)cc4)C3C2)n1C,6.04,4.880320000000005
CC(=O)N[C@H]1CC[C@H](CCN2CCN(c3nc(C)cc4c3CCO4)CC2)CC1,6.04,2.5319200000000013
CN1CCN(C2=Nc3cc(Cl)ccc3N(NC(=O)c3cccc(F)c3)c3ccccc32)CC1,6.04,4.601300000000004
Cc1ncccc1C(=O)N[C@H]1CC[C@H](CCN2CCc3ccc(CCC(F)(F)F)nc3CC2)CC1,6.04,5.059420000000006
Cc1cc(C)c2c(N)c(C(=O)NCCN3CCC(O)(c4ccc(Cl)cc4)CC3)sc2n1,6.04,3.862140000000003
Cn1c(OCCCN2CC3CCN(c4ccc(C(F)(F)F)cc4)C3C2)nnc1C1CCOCC1,6.04,3.707500000000003
Cc1nc(C(=O)NCCN2CCN(c3cccc(Cl)c3Cl)CC2)c(C)n1-c1ccccc1.Cl.Cl.Cl.Cl,6.04,6.035140000000006
CCc1cc([C@]23C[C@H]2CN(CC[C@H]2CC[C@H](NC(=O)Cc4cnc(C)o4)CC2)C3)no1,6.04,3.414520000000002
O=C(C[C@H]1CCCO1)N[C@H]1CC[C@H](CCN2CCN(c3nccc4c3CCO4)CC2)CC1,6.04,2.7727000000000013
O=C(N[C@H]1CC[C@H](CCN2CCc3ccccc3C2)CC1)Oc1ccccc1,6.04,4.782200000000005
COc1ccc2c(c1)[C@H]1OCCN(CCCCNC(=O)c3ccco3)[C@@H]1CO2,6.04,2.6327000000000007
Cc1cnc(OCC(=O)N[C@H]2CC[C@H](CCN3CCc4ccc(CCC(F)(F)F)nc4CC3)CC2)cn1,6.04,4.2196200000000035
CCCN1CC[C@H]2Cc3c(O)cccc3C[C@@H]21,6.04,2.5913000000000004
CCOC(=O)Nc1cccc(N2CCN(CCCCNC(=O)c3ccc4ccccc4c3)CC2)c1,6.04,4.740400000000005
COc1ccccc1N1CCN(CC(O)CCNC(=O)c2cnc3ccccc3c2)CC1,6.04,2.5464
Brc1ccc(NCCN2CCN(Cc3cc4ccccc4[nH]3)CC2)cc1,6.04,4.160100000000003
CCCN(CCN1CCN(Cc2cc3ccccc3[nH]2)CC1)Cc1ccc(Br)cc1,6.04,4.960200000000005
CCCN(CCCCN1C(=O)CC(C)(C)CC1=O)[C@H]1CCc2ccc3[nH]c(C(N)=O)cc3c2C1,6.04,3.791500000000002
CCCN(CC[C@]1(O)C[C@@H](NC(=O)c2ccc3ccccc3c2)C1)[C@H]1C[C@@H]1c1ccccc1Cl,6.04,5.774700000000006
CCN(CCN1CCC(c2noc3cc(F)ccc23)CC1)C(=O)[C@H]1NCC[C@H]1O,6.04,1.7175999999999993
N#CC(CCNCCC(O)CN1CCN(c2cccc(Cl)c2Cl)CC1)(c1ccccc1)c1ccccc1,6.04,5.355980000000006
Cc1cc(CC(=O)N[C@H]2CC[C@H](CCN3CCc4ccc(OCC(F)F)nc4CC3)CC2)no1,6.04,3.7303200000000025
Cc1cnc(CC(=O)N[C@H]2CC[C@H](CCN3CCc4nc(OCC(C)(F)F)sc4CC3)CC2)o1,6.04,4.181920000000003
CN(CCC=C1c2ccccc2CCc2ccccc21)C(=O)Cc1ccc(OCCCN2CCCCC2)cc1,6.04,6.562900000000007
Cn1cc2c(C(=O)N[C@H]3CC[C@H](CCN4CCc5sc(CCC(C)(F)F)nc5C4)CC3)cccc2n1,6.04,5.354600000000006
CNC[C@H](O)c1ccc(O)c(O)c1,6.04,0.35060000000000013
Cc1nc(CC(=O)N[C@H]2CC[C@](F)(CCN3CCc4nc(OCC(C)(F)F)sc4CC3)CC2)no1,6.04,3.6690200000000015
O=C(N[C@H]1CC[C@H](CCN2CCC(c3cccc4c3CCO4)CC2)CC1)c1ccc(N2CCOCC2)nc1,6.04,4.411400000000004
COc1ccc(C2(C)NC(=O)N(CC(O)CN3CCN(C(c4ccccc4)c4ccccc4)CC3)C2=O)cc1.Cl,6.03,3.652100000000003
Fc1ccc(C(OCCN2C3CCC2CC(OC(c2ccc(F)cc2)c2ccc(F)cc2)C3)c2ccc(F)cc2)cc1,6.03,8.150600000000006
O=C(N[C@H]1CC[C@H](CCN2CCc3nc(OCC(F)F)sc3CC2)CC1)c1cccnc1C(F)F,6.03,4.899100000000004
CC(C)(C)c1nc(N2CCN(CCCCNC(=O)c3cn4c(CO)cccc4n3)CC2)cc(C(F)(F)F)n1,6.03,3.2651000000000003
Cc1ccc(N2CCN(C[C@H]3C[C@H]3c3ccccc3)CC2)c(C)c1,6.03,4.229140000000004
O=C(NCCCCN1CCN(c2ccnc3cc(Cl)ccc23)CC1)N1CCN(c2ccccc2)CC1,6.03,4.322200000000003
COc1cc(CC(=O)N[C@H]2CC[C@H](CCN3CCc4nc(OCC(C)(F)F)sc4CC3)OC2)on1,6.03,2.8709000000000007
CCOc1cccc2cc(CNCCCCOc3ccc4oc(C)nc4c3)oc12,6.03,5.229920000000005
Cc1cccc(N2CCN(C(=O)NCCCCN3CCN(c4cc(C(F)(F)F)nc(C(C)(C)C)n4)CC3)CC2)c1,6.03,4.535320000000004
COc1cc(CCN2CCC(O)(c3ccc(Cl)cc3)CC2)ccc1OCCCSSCCN.O=C(O)C(F)(F)F.O=C(O)C(F)(F)F,6.03,6.2503000000000055
Cc1ncccc1C(=O)N[C@H]1CC[C@H](CCN2CCc3ccc(OCC(F)F)nc3CC2)CC1,6.03,4.208420000000004
CN1CCN(C2=Nc3cc(Cl)ccc3N(NC(=O)c3ccc4ccccc4n3)c3ccccc32)CC1,6.03,5.010400000000004
Cl.O=S1(=O)c2cccc3cccc(c23)N1CCCCCCN1CCN(c2ccc(C(F)(F)F)cc2)CC1,6.03,6.171700000000006
Cl.O=C1c2cccc3cccc(c23)N1CCCCCCN1CCN(c2ccc(C(F)(F)F)cc2)CC1,6.03,6.623200000000006
CC1(c2ccc(F)cc2)NC(=O)N(CC(O)CN2CCN(c3ccccc3C#N)CC2)C1=O,6.03,1.64748
CC(Oc1cc(C(F)(F)F)ccc1F)c1nc(N)nc(N2CCN(C)CC2)n1,6.03,2.5035000000000007
COc1ccccc1N1CCN(CC(O)CCNC(=O)c2ccc3ccccc3n2)CC1,6.03,2.5464
CC(C)(C)c1nc(N2CCN(CCCCn3ccc(C(F)(F)F)nc3=O)CC2)cc(C(F)(F)F)n1,6.03,3.970800000000003
COc1cccc(C(=O)NCCCCN2CCN(c3cccc4ccccc34)CC2)c1,6.03,4.180600000000004
O=C(CC1C[C@H](O)CO1)N[C@H]1CC[C@H](CCN2CCN(c3nccc4c3CCO4)CC2)CC1,6.03,1.7434999999999998
Cl.O=C1C(c2ccc(F)cc2)=COC12CCN(CC1CCCCC1)CC2,6.02,4.602600000000004
Cc1ncoc1-c1nnc(SCCCN2CC[C@@]3(C[C@@H]3c3ccc(F)cc3F)C2)n1C,6.02,4.4185200000000036
COc1cc2c3c(c1OC1CC1)-c1cc(N)ccc1CC3N(C)CC2,6.02,3.570700000000002
O=c1c2cnc(C(F)(F)F)cc2ccn1CCN1CCC(c2noc3ccccc23)CC1,6.02,4.436100000000003
Cc1ncc(CC(=O)N[C@H]2CC[C@H](CCN3CCc4nc(OCC(C)(F)F)sc4CC3)CC2)cn1,6.02,3.983920000000003
CC(=O)Nc1ccc(OC[C@@H]2CC[C@H]3CN(c4ncccn4)CCN3C2)cc1,6.02,2.4146
O=C(NCCCCN1CCO[C@@H]2c3ccccc3OC[C@H]21)c1ccc([N+](=O)[O-])cc1,6.02,2.939300000000001
O=C(N[C@H]1CC[C@H](CCN2CCN(c3nccc4c3CCO4)CC2)CC1)C1(O)CCC1,6.02,2.118599999999999
Cl.O=C1c2ccc(Cl)cc2CC1CCN1CCc2ccccc2C1,6.02,4.565200000000004
O=C(/C=C/c1ccccc1)NCCCCN1CCN(C(c2ccccc2)c2ccc(Cl)cc2)CC1,6.02,5.656800000000006
COc1ccc2c(c1)[C@H]1OCCN(CCCCNC(=O)c3ccc(Br)cc3)[C@@H]1CO2,6.02,3.802200000000002
Cc1nc2n(c(=O)c1CCN1CCN(c3cncc4sccc34)CC1)CCCC2O,6.02,2.3533200000000005
CC(C)(C)c1nc(N2CCN(CCCCNC(=O)N3CCN(c4ccccc4)C(=O)C3)CC2)cc(C(F)(F)F)n1,6.02,3.7535000000000025
O=C(O)C(=O)O.O=C1CCc2ccccc2N1CCCN1CCN(c2ccc(Cl)c(Cl)c2)CC1,6.02,3.640500000000003
Clc1ccc(-c2cc(C3CCCN(Cc4ccccc4)C3)[nH]n2)cc1,6.02,5.109700000000005
COc1ccccc1N1CCN(CCCCc2cc(/C=C/c3ccccc3)no2)CC1.Cl,6.02,5.420300000000006
COc1cc2c(cc1OC)C1=NO[C@@H](CN3CCN(C/C=C/c4ccccc4)CC3)[C@@H]1CO2,6.02,3.146300000000002
Cc1nnc(CC(=O)N[C@H]2CC[C@H](CCN3CCc4sc(C5CC(F)(F)C5)nc4C3)OC2)o1,6.02,3.001920000000001
COc1ccc(N2CCN(CCCCCCN3C(=O)c4ccccc4S3(=O)=O)CC2)cc1,6.02,3.2223000000000024
Clc1cccc(N2CCN(CCCCNCCC3(c4ccccn4)CCOCC3)CC2)c1Cl,6.02,5.018700000000004
Cc1ncc(OCC(=O)NC23CCC(CCN4CCc5nc(OCC(F)(F)F)sc5CC4)(CC2)CC3)cn1,6.02,4.2615200000000035
COc1ccc2c(c1)[C@H]1OCCN(CCCCNC(=O)c3cc(OC)c(OC)c(OC)c3)[C@@H]1CO2,6.02,3.065500000000001
N#Cc1ccc2[nH]c(CN3CCN(c4ccccc4Cl)CC3)cc2c1,6.02,4.0151800000000035
Cn1ncc(CC(=O)N[C@H]2CC[C@](F)(CCN3CCc4nc(OCC(C)(F)F)sc4CC3)CC2)n1,6.02,3.1061000000000014
O=c1c(-c2ccc(F)cc2)c2ccccn2c(=O)n1CCCCN1CCCC(c2c[nH]c3ccccc23)C1,6.02,5.408400000000005
Cn1c(SCCCN2CC[C@]3(C[C@@H]3c3ccc(C(F)(F)F)cc3)C2)nnc1-c1cccnc1C(F)(F)F,6.02,6.276500000000005
C(=C/c1ccccc1)\COCC1CCN(CCCc2ccccc2)CC1,6.02,5.061200000000005
O=C(CCO)N[C@H]1CC[C@H](CCN2CCN(c3nccc4occc34)CC2)CC1,6.02,2.3973000000000004
O=C1Nc2ccccc2C1CCCCN1CCN(c2ccc(Cl)cc2)CC1,6.02,4.368200000000003
C/C=C/CC(=O)N[C@H]1CC[C@H](CCN2CCN(c3nccc4c3CCO4)CC2)CC1,6.02,3.1698000000000013
CCC1(CCCCN2CCN(c3ccc(Cl)cc3)CC2)C(=O)Nc2cc(F)ccc21,6.02,5.071500000000005
O=C1c2ccccc2S(=O)(=O)N1CCCCCN1CCN(c2ncccn2)CC1,6.02,1.6135999999999997
OC(CCn1cc(-c2ccc3[nH]ccc3c2)nn1)CN1CCN(c2cccc(Cl)c2Cl)CC1,6.02,4.306400000000004
COc1cc(C)ccc1CN1CCN(C2CCc3cccc4c3N(C2=O)C(C)(C)C4)CC1,6.02,3.8039200000000033
Cc1ncc(CC(=O)N[C@H]2CC[C@H](CCN3CCc4nc(OCC(C)(F)F)sc4CC3)OC2)s1,6.02,3.6392200000000026
O=S1(=O)Cc2ccccc2N1CCCN1CCN(Cc2ccc(Cl)cc2)CC1,6.01,3.197700000000002
Cc1cc(N2CCN(CCCCNC(=O)C3CCN(c4ccc(C(F)(F)F)cn4)CC3)CC2)nc(C(C)(C)C)n1,6.01,4.431320000000004
Clc1ccc(N2CCCN(Cc3c[nH]c4ncccc34)CC2)cc1,6.01,3.928600000000002
CCCC(Sc1cc(Cl)ccc1Cl)c1nc(N)nc(N2CCN(C)CC2)n1,6.01,4.145900000000002
Cn1c(SCCCN2C[C@@H]3CCN(c4c(F)cc(F)cc4F)[C@@H]3C2)nnc1-c1ccn(C)c(=O)c1,6.01,3.291000000000002
Cc1ncoc1-c1nnc(SCCCCN2CC[C@]3(C[C@@H]3c3ccc(C(F)(F)F)cc3)C2)n1C,6.01,5.549220000000006
Cc1ncoc1-c1nnc(SCCCN2CC[C@]3(C[C@H]3c3ccc(F)cc3)C2)n1C,6.01,4.2794200000000036
Cc1ncc(CC(=O)N[C@H]2CC[C@](F)(CCN3CCc4nc(OCC(C)(F)F)sc4CC3)CC2)o1,6.01,4.274020000000004
C#CCOc1ccc(-c2ccc(C(=O)NCCCCN(CCC)C3Cc4ccccc4C3)cc2)cc1,6.01,5.755000000000006
O=C1c2cncnc2CCN1CCN1CCC(c2noc3ccccc23)CC1,6.01,2.4957000000000003
O=C(N[C@H]1CCN(Cc2ccccc2)C1)c1ccc(-c2cccs2)cc1,6.01,4.419400000000004
Cc1cc(C)c2c(N)c(C(=O)NCCCCCCN3CCC(O)(c4ccc(Cl)cc4)CC3)sc2n1,6.01,5.422540000000005
CC(C)(C)c1nc(N2CCN(CCCCNC(=O)N3CCN(S(=O)(=O)c4ccccc4)CC3)CC2)cc(C(F)(F)F)n1,6.01,3.4112000000000027
Oc1cccc(C(CCNCCCCN2CCN(c3ccccc3)CC2)c2cccc(O)c2)c1,6.01,4.811800000000006
COc1ccccc1C1CC1CNCC[C@H]1CC[C@H](NS(=O)(=O)c2ccccc2)CC1,6.01,4.315700000000003
CN1CCc2cc(Cl)c(O)cc2[C@H]2c3ccccc3CC[C@@H]21,6.01,3.9802000000000026
COc1ccccc1C(c1ccccc1OC)N1CCN(CCCCNC(=O)/C=C/c2ccccc2)CC1,6.01,5.0206000000000035
O=C(CCCCCN1CCN(c2ccccc2O)CC1)NC1CCCc2ccccc21,6.01,4.268400000000003
Cc1ncoc1-c1nnc(SCCCN2CC3OCCN(c4ccc(C(F)(F)F)cc4)C3C2)n1C,6.01,3.8691200000000032
COc1cc2c3c(c1OC)-c1cc(NC(C)=O)ccc1CC3N(C)CC2,6.01,3.4143000000000017
Fc1ccc(OC[C@@H]2CC[C@@H]3CN(c4ncc(F)cn4)CCN3C2)cc1,6.01,2.734400000000001
COc1ccc2c(c1)C(CCCN1CCN(c3ccc(Cl)cc3)CC1)CCC2,6.01,5.370900000000005
COc1ccc2c(c1)[C@H]1OCCN(CCCCNC(=O)c3ccc(Cl)cc3)[C@@H]1CO2,6.01,3.693100000000002
Cn1c(SCCCN2CC[C@@]3(C[C@@H]3c3ccc(C(F)(F)F)cc3)C2)nnc1-c1cnccn1,6.01,4.652700000000004
CCCN(CCC(C(=O)N(C)C)(c1ccccc1)c1ccccc1)[C@@H]1C[C@H]1c1ccc(Cl)cc1,6.01,6.372500000000008
Cc1nnc(CC(=O)N[C@H]2CC[C@](F)(CCN3CCc4nc(OCC(C)(F)F)sc4CC3)CC2)o1,6.01,3.6690200000000024
N#CC(C#N)=Cc1cc(CN2CCN(c3ccccc3)CC2)c[nH]1,6.01,2.7674600000000007
c1ccc2c(CCC3CCNCC3)c[nH]c2c1,6.0,3.100100000000001
CN(C)CCSc1cccc(C2(O)CCCCC2)n1,6.0,2.8870000000000013
CN(C)CCSc1nc(-c2ccccc2)cs1,6.0,3.4638000000000027
CN(C)CCSc1nc(C(C)(C)C)cs1,6.0,3.0943000000000014
Cc1ccc(CN2CCN(C3CCc4ccccc4NC3=O)CC2)cc1,6.0,3.0661200000000015
Cc1ccc(CN2CCN(C3(C)C(=O)N(C)c4ccccc43)CC2)cc1,6.0,3.0044200000000014
CCN1C(=O)C(N2CCN(Cc3ccc(C)cc3)CC2)CCc2ccccc21,6.0,3.480520000000002
COc1cccc(C(=O)NCCN2CCN(c3cccc(Cl)c3)CC2)c1,6.0,2.9006000000000007
COc1cccc(C(=O)NCCN2CCN(c3ccccc3Cl)CC2)c1,6.0,2.9006000000000007
COc1ccc(N2CCN(CCNC(=O)c3cccc(OC)c3)CC2)cc1,6.0,2.2558
O=C(NCCCCN1CCN(c2cccc(Cl)c2Cl)CC1)c1ccc(-c2ccccc2)cc1,6.0,5.992600000000006
c1ccc(-c2[nH]c3ccccc3c2CCN2CCCC2)cc1,6.0,4.473200000000003
CCC(Sc1cc(Cl)ccc1Cl)c1nc(N)nc(N2CCN(C)CC2)n1,6.0,3.7558000000000016
Cn1c(SCCCN2CC3CCN(c4c(F)cccc4F)C3C2)nnc1-c1ccncc1,6.0,3.848200000000003
Cn1nccc1-c1nnc(SCCCN2CC3CCN(c4c(F)cccc4F)C3C2)n1C,6.0,3.186700000000002
CS(=O)(=O)c1ccccc1N1CCN(CCCCCC(=O)NC2CCCc3ccccc32)CC1,6.0,3.966300000000003
CCCN(CCC)[C@@H]1CCc2c(ccc(C(O)Cc3ccccc3)c2OC)C1,6.0,4.950600000000005
O=C(NCCCCN1CCN(C(c2ccccc2)c2ccc(Cl)cc2)CC1)c1cc2ccccc2s1,6.0,6.471900000000006
Oc1cccc2c1-c1cccc3c1[C@@H](C2)NCC3,6.0,2.8021000000000003
CN(C)CCSc1nc2ccccc2s1,6.0,2.950000000000001
CC1(C(=O)NCCCCN2CCN(c3ccc(Cl)cc3)CC2)CCCCC1,6.0,4.328800000000004
O=S(=O)(c1ccc(F)cc1)c1ccc(CCc2ccc(F)cc2)cn1,6.0,3.977800000000003
O=S(=O)(c1ccc(F)cc1)c1ccc(CCc2ccc(F)cc2)nc1,6.0,3.977800000000003
O=S(=O)(c1ccc(F)cc1)c1ccc(/C=C/c2ccc(F)cc2)cn1,6.0,4.363000000000003
O=S(=O)(c1ccc(F)cc1)c1ccc(/C=C/c2ccc(F)cc2)nc1,6.0,4.363000000000003
NC(=O)c1cccc2c1C[C@@H](N)CO2,6.0,0.047699999999999965
CC(C)N[C@H]1COc2cccc(C(N)=O)c2C1,6.0,1.0869999999999997
CCN(C(C)C)[C@H]1COc2cccc(C(=O)NC(C)C)c2C1,6.0,2.858600000000001
CCCN(C1CCCC1)[C@H]1COc2cccc(C(N)=O)c2C1,6.0,2.7436000000000007
COc1ccc(CNC(=O)/C=C/c2ccc3[nH]cc(CCN(C)C)c3c2)cc1,6.0,3.6102000000000025
O=C(N[C@H]1CC[C@H](CCN2CCN(c3nccc4c3CCO4)CC2)CC1)c1ccc(N2CCOCC2)nc1,6.0,2.7490000000000006
C[C@@H](O)[C@@H]1NC(=O)[C@H](CCCCN)NC(=O)[C@@H](Cc2c[nH]c3ccccc23)NC(=O)[C@H](Cc2ccncc2)NC(=O)[C@H](Cc2ccccc2)NC(=O)[C@H](CCCNC(=N)N)NC(=O)[C@H](NC[C@H](Cc2ccc(O)cc2)NC(=O)CS(=O)(=O)C[C@@H]2C[C@@H]3c4cccc5[nH]cc(c45)C[C@H]3N(C)C2)CCCCNC(=O)[C@H](Cc2ccccc2)NC1=O,6.0,2.2478699999999834
C[C@@H](O)[C@@H]1NC(=O)[C@H](CCCCN)NC(=O)[C@@H](Cc2c[nH]c3ccccc23)NC(=O)[C@H](Cc2ccccc2)NC(=O)[C@H](Cc2ccccc2)NC(=O)[C@H](CCCNC(=N)N)NC(=O)[C@H](NC[C@H](Cc2ccc(O)cc2)NC(=O)CS(=O)(=O)C[C@@H]2C[C@@H]3c4cccc5[nH]cc(c45)C[C@H]3N(C)C2)CCCCNC(=O)[C@H](Cc2ccc(F)cc2)NC1=O,6.0,2.9919699999999887
Oc1cccc2c1-c1cccc3c1[C@@H](C2)N(Cc1ccccc1)CC3,6.0,4.714700000000004
O=C(O)[C@@H]1Cc2ccccc2N1C(=O)CN1CCN(Cc2ccc(Cl)cc2)CC1,6.0,2.5001000000000007
CN(C)CC1CC2c3cccnc3Cc3ccccc3N2O1,6.0,2.7990000000000013
Cn1c(SCCCN2CC[C@]3(C[C@@H]3c3ccc(C(F)(F)F)cc3)C2)nnc1C1CCN(C(N)=O)CC1,6.0,4.453800000000003
C[C@@H]1Cc2ccccc2N1C(=O)CN1CCN(Cc2ccccc2F)CC1,6.0,2.921100000000002
CC(=O)c1cccc(NC(=O)N[C@@H]2CCCC[C@H]2CN2CCC[C@@H](Cc3ccc(F)cc3)C2)c1,6.0,5.663300000000006
CC(C)N1CCN(C2=Nc3cc(Cl)ccc3N(NC(=O)c3ccccc3Cl)c3ccccc32)CC1,6.0,5.894200000000006
Cc1ncc(CN2CC=C(c3ccccc3)CC2)c(N)n1,6.0,2.6565199999999995
Cc1cc(C(=O)NCCCCN2CCc3ccc(OS(=O)(=O)C(F)(F)F)cc3C2)ccc1-c1ccccc1,6.0,5.458720000000005
O=C(NCc1ccccc1)[C@@H]1Cc2ccccc2N1C(=O)CN1CCN(Cc2ccc(Cl)cc2)CC1,6.0,3.731900000000002
CCCN(CCC)[C@H]1COc2cccc(C(=O)NC(C)C)c2C1,6.0,3.250300000000002
CC(C)NC(=O)c1cccc2c1C[C@@H](NC(C)C)CO2,6.0,2.1262999999999996
COc1ccc(S(=O)(=O)Oc2ccccc2)cc1-c1ccc(CN2CCCCCC2c2ccccc2)[nH]1,6.0,6.575300000000007
NC1CCc2cc(O)c(O)cc2[C@H]1c1ccccc1,6.0,2.5032000000000005
Nc1cc(OCCNCc2ccccc2)ccc1Cl,6.0,3.0908000000000015
O=S(=O)(c1ccc(/C=C/c2ccc(F)cc2F)nc1)c1ccccc1F,6.0,4.502100000000003
Cc1ccc(CN2CCN(C3CCc4ccccc4N(C)C3=O)CC2)cc1,6.0,3.0904200000000017
O=C1Nc2ccccc2CCC1N1CCN(Cc2ccc(Cl)cc2)CC1,6.0,3.411100000000002
CCN1C(=O)C(CC)(N2CCN(Cc3ccc(C)cc3)CC2)c2ccccc21,6.0,3.784620000000003
CCN1C(=O)C(CC)(N2CCN(Cc3ccc(Cl)cc3)CC2)c2ccccc21,6.0,4.1296000000000035
CN(C(=O)CN1CCN(Cc2ccc(Cl)cc2)CC1)c1ccccc1,6.0,3.1206000000000014
O=C1Nc2ccccc2C1N1CCN(Cc2ccc(Cl)cc2)CC1,6.0,3.1510000000000016
CCC(C)(C)C(=O)NCCCCN1CCN(c2ccc(Cl)cc2)CC1,6.0,3.7946000000000026
COc1ccc2c(c1)CN(C(=O)NCCCCN1CCN(c3cc(C(F)(F)F)nc(C(C)(C)C)n3)CC1)C2,6.0,4.4291000000000045
CC(C)(C)c1nc(N2CCN(CCCCNC(=O)N3CCN(C(=O)c4ccccc4)CC3)CC2)cc(C(F)(F)F)n1,6.0,3.862700000000003
O=S(=O)(c1ccc(/C=C/c2ccc(F)cc2)nc1)c1cccc(F)c1,6.0,4.363000000000002
O=S(=O)(c1ccc(/C=C/c2ccc(F)cc2)nc1)c1ccccc1F,6.0,4.363000000000002
O=C1c2cnc(OC3COC3)cc2CCN1CCN1CCN(c2nsc3ccccc23)CC1,6.0,2.2893999999999997
Cl.O=C1c2ccccc2CCC1C1CCN(Cc2ccccc2)CC1,6.0,4.765700000000004
O=c1[nH]c2c(O)ccc([C@@H](O)CNCCc3ccc(CNCCc4c(Cl)cccc4Cl)cc3)c2s1,6.0,4.800000000000003
COc1ccccc1CN(C)Cc1cccc(CCNC[C@H](O)c2ccc(O)c3[nH]c(=O)sc23)c1,6.0,3.8015000000000017
Cc1nc2c(o1)CCN(CCN1CCN(c3nsc4ccccc34)CC1)C2=O,6.0,2.413220000000001
COc1cccc2c1-c1cccc3c1[C@@H](C2)N(C(C)C)CC3,6.0,4.225900000000003
O=S(=O)(c1cncc2ccccc12)N1CCC(CCN2CCN(c3cccc(F)c3)CC2)CC1,6.0,3.986900000000003
CC1(c2ccc(Cl)cc2)CCN(Cc2c[nH]c3ccccc23)CC1,6.0,5.3750000000000036
CS(=O)(=O)Oc1ccc2c(c1)CC[C@H]1[C@H]2CCN1CCCCNC(=O)c1ccc(-c2ccccc2)cc1,6.0,5.006300000000005
Cc1noc2c1C(=O)N(CCN1CCC(c3noc4ccccc34)CC1)CC2,6.0,3.0021200000000015
O=S(=O)(c1ccccc1)c1ccc(/C=C/c2ccc(F)cc2)nc1,6.0,4.223900000000003
COc1cccc(/C=C/C(=O)N[C@H]2CC[C@H](CCN3Cc4ccc(C#N)cc4C3)CC2)c1,6.0,4.660980000000005
CCCN[C@H]1COc2cccc(C(N)=O)c2C1,6.0,1.0886
O=S(=O)(c1ccccc1)c1cnc2c(N3CCNCC3)cccc2c1,6.0,2.4772000000000007
CCCN1CCC[C@@H]2CC3=C(CCCC3=O)C[C@H]21,6.0,3.320400000000002
COc1cc2ncnc(N3CCC(CN4CCN(c5ccc(Cl)cc5)CC4)C3)c2cc1OC,6.0,3.9489000000000027
COc1cccc(N2CCN(CC3CCN(c4ncnc5cc(OC)c(OC)cc45)C3)CC2)c1,6.0,3.304100000000002
[O-][S+](CCCN1CCC(c2ccc(Cl)cc2)CC1)c1ccc(F)cc1,6.0,4.856400000000004
COc1ccc(Oc2cccc(CN3CCC(c4cccc(NC(=O)C(C)C)c4)CC3)c2)cc1,6.0,6.461600000000006
O=S(=O)(c1cccc(F)c1)N1CCC(CCc2ccc(F)cc2F)CC1,6.0,4.137400000000004
O=S(=O)(c1ccccc1F)N1CCC(CCc2ccc(F)cc2F)CC1,6.0,4.137400000000004
O=S(=O)(c1ccccc1Cl)N1CCC(CCc2ccc(F)cc2F)CC1,6.0,4.651700000000004
N#Cc1ccccc1S(=O)(=O)N1CCC(CCc2ccc(F)cc2F)CC1,6.0,3.8699800000000035
O=S(=O)(c1ccccc1-c1cccc2ccccc12)N1CCC(CCc2ccc(F)cc2F)CC1,6.0,6.818500000000005
O=S(=O)(c1ccccc1-c1cccc2cccnc12)N1CCC(CCc2ccc(F)cc2F)CC1,6.0,6.213500000000004
O=C1COc2ccccc2N1CCN1CCN(Cc2ccc(Cl)cc2)CC1,6.0,2.8832000000000013
CCCCN1CCC(CNC(=O)c2c3n(c4ccccc24)CCCO3)CC1,6.0,3.665700000000003
COc1cc2ccccc2cc1COCC1CCN(Cc2ccccc2)CC1,6.0,5.277200000000005
O=S(=O)(c1ccc(F)cc1)N1CC=C(CCc2ccc(F)cc2F)CC1,6.0,4.057500000000004
c1ccc2c(c1)CN(CCCCc1nc3ccccc3s1)C2,6.0,4.634800000000004
O=S(=O)(c1ccc(F)cc1)N1CCC(CCc2ccc(F)cc2F)CC1,6.0,4.137400000000004
COc1cccc(C(=O)NCCN2CCN(c3ccc(Cl)cc3)CC2)c1,6.0,2.9006000000000007
COc1cccc(C(=O)NCCCN2CCN(c3ccccc3OC)CC2)c1,6.0,2.645900000000001
COc1cccc(-c2csc(CN3CCN(c4ccccc4OC)CC3)n2)c1.Cl.Cl.Cl.O,6.0,4.5902000000000065
COc1cccc(C(=O)NCCN2CCN(Cc3ccc(Cl)cc3)CC2)c1.Cl.Cl.O,6.0,2.9151000000000025
COc1cccc(C(=O)NCCN2CCN(Cc3ccccc3OC)CC2)c1.Cl.Cl.O,6.0,2.2703000000000015
Cc1ccc2c(c1O)-c1cccc3c1[C@@H](C2)N(C(C)C)CC3,6.0,4.231320000000003
COc1ccc(OCCNCC2(F)CCN(C(=O)c3ccc(F)c(Cl)c3)CC2)nc1,6.0,3.4956000000000023
COc1cccc(OCCNCC2(F)CCN(C(=O)c3ccc(F)c(Cl)c3)CC2)n1,6.0,3.4956000000000023
C[C@H](Cc1cc2c(c(C(N)=O)c1)N(CCCO)CC2)NCCOc1ccccc1OCC(F)(F)F,6.0,3.0711000000000013
Cc1cnc(OCCNCC2(F)CCN(C(=O)c3ccc(F)c(Cl)c3)CC2)nc1,6.0,3.1904200000000014
Cc1ccc(OCCNCC2(F)CCN(C(=O)c3ccc(F)c(Cl)c3)CC2)nc1,6.0,3.7954200000000027
O=S(=O)(c1ccc(F)cc1)N1CCC(F)(CCc2ccc(F)cc2F)CC1,6.0,4.229500000000004
O=C(c1ccc(F)c(Cl)c1)N1CCC(F)(CNCCOc2ncccn2)CC1,6.0,2.8820000000000014
O=C(c1ccc(F)c(Cl)c1)N1CCC(F)(CNCCOc2cccc(-n3cccn3)n2)CC1,6.0,3.6727000000000025
O=C(c1ccc(F)c(Cl)c1)N1CCC(F)(CNCCOc2cccc(N3CCCC3)n2)CC1,6.0,4.087200000000004
CN(C)c1cccc(OCCNCC2(F)CCN(C(=O)c3ccc(F)c(Cl)c3)CC2)n1,6.0,3.5530000000000026
O=C(c1ccc(F)c(Cl)c1)N1CCC(F)(CNCCOc2cccc(F)n2)CC1,6.0,3.626100000000002
O=C(c1ccc(F)c(Cl)c1)N1CCC(F)(CNCCOc2cc(C(F)(F)F)ccn2)CC1,6.0,4.505800000000003
O=C(c1ccc(F)c(Cl)c1)N1CCC(F)(CNCCOc2ccc(Cl)cn2)CC1,6.0,4.140400000000003
C[C@H]1CO[C@@H](c2ccc(N)nc2)CN1CC(O)CCNC(=O)c1cc2ccccc2[nH]1,6.0,2.0878999999999994
CC(Oc1ccccc1Cl)c1nc(N)nc(N2CCN(C)CC2)n1,6.0,1.999
COc1cc2c(cc1OC)C1=NO[C@@H](CN3CCN(Cc4ccc5ccccc5c4)CC3)[C@@H]1CO2,6.0,3.7863000000000024
COc1cc2c(cc1OC)C1=NO[C@@H](CN3CCN(C/C=C(\C)c4ccccc4)CC3)[C@@H]1CO2,6.0,3.536400000000002
O=C(N1CCN(Cc2ccc(Cl)cc2)CC1)N1CCc2ccccc21,6.0,3.6403000000000025
O=C(CN1CCN(Cc2ccc(Cl)cc2)CC1)N1CCc2cc([N+](=O)[O-])ccc21,6.0,2.9551000000000016
O=C(CN1CCN(Cc2ccc(Cl)cc2)CC1)N1CCc2c(F)cccc21,6.0,3.1860000000000017
O=C(c1ccccc1F)N1CCC(CCc2ccc(F)cc2F)CC1,6.0,4.588900000000004
O=C(c1ccc(F)c(Cl)c1)N1CCC(F)(CNCCOc2ccc(Cl)cc2)CC1,6.0,4.7454000000000045
c1ccc(CCN2[C@@H]3CC[C@H]2CC(c2c(-c4ccccc4)[nH]c4ccccc24)C3)cc1,6.0,6.788000000000006
COc1ccc2onc(N3CCN(CCCCNC(=O)c4cccc(-c5noc(C)n5)c4)CC3)c2c1,6.0,3.527020000000002
CC(Nc1nccc(NCCOc2ccc(F)cc2)n1)c1ccccc1,6.0,4.279700000000003
C[C@H](Nc1ccnc(NCCOc2ccc(F)cc2)n1)c1ccccc1,6.0,4.279700000000003
C[C@H](Nc1cc(NCCOc2ccc(F)cc2)ccn1)c1ccccc1,6.0,4.884700000000003
O=C(c1ccc(F)c(Cl)c1)N1CCC(F)(CNCCOc2ccc(F)cn2)CC1,6.0,3.626100000000002
CC1Cc2ccccc2N1C(=O)CN1CCN(C(c2ccccc2)c2ccc(Cl)cc2)CC1,6.0,5.024800000000005
COc1cccc(SCCNCC2(F)CCN(C(=O)c3ccc(F)c(Cl)c3)CC2)c1,6.0,4.813900000000004
O=C(c1ccc(F)c(Cl)c1)N1CCC(F)(CNCCSc2ccccn2)CC1,6.0,4.200300000000003
c1ccc2c(N3CCNCC3)cccc2c1,6.0,2.2494000000000005
CC(=O)Nc1cc(Cl)ccc1/C=C/C(=O)N1CCN(Cc2ccc(F)cc2)C[C@H]1C,6.0,4.183600000000003
COc1ccc2onc(N3CCN(CCCCNC(=O)c4cccc(-n5ccnc5)c4)CC3)c2c1,6.0,3.354300000000002
COc1ccnc(OCCNCC2(F)CCN(C(=O)c3ccc(F)c(Cl)c3)CC2)c1,6.0,3.4956000000000023
C[C@H](Nc1cncc(NCCOc2ccc(F)cc2)c1)c1ccccc1,6.0,4.884700000000003
COc1cccc(C(=O)NCCN2CCN(c3ccc(F)cc3)CC2)c1,6.0,2.3863000000000003
Cc1ccc2c(c1O)-c1cccc3c1[C@@H](C2)N(Cc1ccccc1)CC3,6.0,5.023120000000004
CC(C(O)c1ccc(O)cc1)N1CCC(Cc2ccccc2)CC1,6.0,3.7688000000000033
COc1c(C)ccc2c1-c1cccc3c1[C@@H](C2)N(C(C)C)CC3,6.0,4.534320000000004
COc1cccc2c1CC[C@@H](NCc1ccccc1)C2,6.0,3.3423000000000016
CN1CCc2cccc3c2[C@H]1Cc1ccc(-c2ccccc2)c(O)c1-3,6.0,4.811300000000005
c1c2c(cc3c1CC[C@H]1NCCO[C@H]31)OCC2,6.0,1.5971999999999997
COc1cccc(C(=O)NCCN2CCN(c3ccccn3)CC2)c1,6.0,1.6421999999999994
COc1cccc(C(=O)NCCN2CCN(c3cccc4ccccc34)CC2)c1,6.0,3.400400000000002
COc1cccc(C(=O)NCCN2CCN(c3ccc(Cl)cn3)CC2)c1,6.0,2.2956000000000003
O=C(NCCCCN1CCC(=C2c3ccccc3CC(=O)c3sccc32)CC1)c1ccc2ccccc2c1,6.0,6.748000000000006
CCC(=O)N(c1ccccc1OC)C1CCN(CCCCNC(=O)c2ccc3ccccc3c2)CC1,6.0,5.266000000000005
COc1ccccc1NC1CCN(CCCCNC(=O)/C=C/c2ccccc2)CC1,6.0,4.181300000000003
O=C(NC1CCN(Cc2ccccc2)CC1)c1ccc2ccccc2c1,6.0,4.234200000000003
O=C(c1ccc(F)c(Cl)c1)N1CCC(F)(CNCCOc2ccnnc2)CC1,6.0,2.8820000000000014
CCCN(CCC)C1CCc2cc(CCc3ccc(C(C)=O)cc3)ccc2C1,6.0,5.653700000000006
CC(C)N1CCc2cccc3c2[C@H]1Cc1cccc(O)c1-3,6.0,3.9229000000000034
CCN(C)CCc1c(-c2ccco2)[nH]c2ccccc12,6.0,3.922100000000002
CCN(CC)CCc1c(-c2ccccc2)[nH]c2ccccc12,6.0,4.719200000000004
CCc1c(S(=O)(=O)Nc2ccc3nccc(N4CCNCC4)c3c2)sc2ccc(Cl)cc12,6.0,4.875700000000004
c1ccc(-c2[nH]c3ccccc3c2CCN2CCC2)cc1,6.0,4.083100000000003
O=C(NC1CCN(Cc2ccccc2)CC1)c1cccc2ccccc12,6.0,4.234200000000004
CN(C)CCc1c(-c2ccccc2)[nH]c2ccccc12,6.0,3.9390000000000027
CCN1C(=O)C(N2CCN(Cc3ccc(Cl)cc3)CC2)CCc2ccccc21,6.0,3.8255000000000026
CN1C(=O)C(C)(N2CCN(Cc3ccc(Cl)cc3)CC2)c2ccccc21,6.0,3.349400000000002
COc1cccc2c1-c1cccc3c1[C@@H](C2)NCC3,6.0,3.105100000000001
Cc1ccc(CN2CCN(C3C(=O)Nc4ccccc43)CC2)cc1,6.0,2.806020000000001
CC(C)(C)c1ccccc1N1CCN(CCCCCC(=O)NC2CCCc3ccccc32)CC1,6.0,5.860300000000006
NC(=O)c1ccccc1N1CCN(CCCCCC(=O)NC2CCCc3ccccc32)CC1,6.0,3.6617000000000024
COc1cccc2c1-c1cccc3c1[C@@H](C2)N(Cc1ccccc1)CC3,6.0,5.017700000000004
O=C(c1ccc(F)c(Cl)c1)N1CCC(F)(CNCCOc2cncnc2)CC1,6.0,2.8820000000000014
CCCN(CCCCNC(=O)c1cc2ccccc2[nH]1)C[C@H]1C[C@@H]1c1cccc(Cl)c1Cl.Cl,6.0,6.922200000000007
CC(C)(C)c1nc(N2CCN(CCCCNC(=O)N3CCN(C(c4ccccc4)c4ccc(Cl)cc4)CC3)CC2)cc(C(F)(F)F)n1,6.0,6.465300000000006
O=C(c1cccc(CN2CCN3c4ccccc4OCC3C2)c1)N1CCc2ccccc21,6.0,3.9727000000000032
CC(C)Oc1ccccc1N1CCN(Cc2cccc(C(=O)N3CCc4ccccc43)c2)CC1,6.0,4.998900000000005
O=C(c1cccc(CN2CCc3c([nH]c4ccccc34)C2)c1)N1CCc2ccccc21,6.0,4.9291000000000045
C[C@@H]1CN(CC(=O)N2CCc3ccccc32)CCN1Cc1ccc(Cl)cc1,6.0,3.4354000000000013
O=C(CCCCCN1CCN(c2ccccc2)CC1)NC1CCCc2ccccc21,6.0,4.562800000000005
O=C(c1ccc(F)c(Cl)c1)N1CCC(F)(CNCCOc2cnccn2)CC1,6.0,2.8820000000000014
O=C(c1ccc(F)c(Cl)c1)N1CCC(F)(CNCCOc2ccncc2)CC1,6.0,3.4870000000000028
O=C(c1ccc(F)c(Cl)c1)N1CCC(F)(CNCCOc2cccnc2)CC1,6.0,3.4870000000000028
Cc1cnc(CNCC2(F)CCN(C(=O)c3ccc(F)c(Cl)c3)CC2)nc1,6.0,3.3116200000000022
O=C(c1ccc(Cl)c(Cl)c1)N1CCC(F)(CNCCOc2ccccn2)CC1,6.0,4.001300000000003
O=C(c1ccc(Cl)c(Cl)c1)N1CCC(F)(CNCCOc2ccccc2)CC1,6.0,4.6063000000000045
COc1cccc(C(=O)NCCN2CCN(c3cc(C)ccn3)CC2)c1.Cl.Cl,6.0,2.794220000000002
CCCN(CCC)C1CCC2=C(CCC/C2=N\OC)C1,6.0,4.143800000000003
O=c1[nH]c2c(O)ccc([C@@H](O)CNCCCSCCNCCc3cccc(Cl)c3Cl)c2s1,6.0,4.180600000000003
O=S(=O)(c1ccc(F)cc1)N1CCN(CCc2ccc(F)cc2F)CC1,6.0,2.6529000000000016
N#Cc1c[nH]c2c(C(=O)N3CCN(CCc4ccc(F)cc4F)CC3)cccc12,6.0,3.3182800000000023
O=C(CCCCCN1CCN(c2ccccn2)CC1)NC1CCCc2ccccc21,6.0,3.9578000000000024
O=C(c1ccc(F)c(Cl)c1)N1CCC(F)(CNCCOc2ccccn2)CC1,6.0,3.487000000000002
CC(=O)Nc1ccccc1N1CCN(CCCCCC(=O)NC2CCCc3ccccc32)CC1,6.0,4.521200000000004
O=C(c1ccc(F)c(Cl)c1)N1CCC(F)(CNCCCc2ccccc2)CC1,6.0,4.645800000000004
O=C(c1ccc(F)c(Cl)c1)N1CCC(F)(CNCCCc2ccccn2)CC1,6.0,4.040800000000003
O=C(c1ccc(F)c(Cl)c1)N1CCC(F)(CNCCNc2ccccc2)CC1,6.0,4.125100000000002
O=C(c1ccc(F)c(Cl)c1)N1CCC(F)(CNCCNc2ccccn2)CC1,6.0,3.520100000000002
O=C(c1ccc(F)c(Cl)c1)N1CCC(F)(CNCCSc2ccccc2)CC1,6.0,4.805300000000004
O=C(c1ccc(F)c(Cl)c1)N1CCC(F)(CNCCOc2ccccc2)CC1,6.0,4.092000000000003
CS(=O)(=O)Nc1ccccc1N1CCN(CCCCCC(=O)NC2CCCc3ccccc32)CC1,6.0,3.934300000000003
FC(F)(F)c1cccc(N2CCN(CCCc3ccc4nc[nH]c4c3)CC2)c1,6.0,4.336500000000003
Clc1ccc(N2CCN(CCCc3ccc4nc[nH]c4c3)CC2)cc1,6.0,3.9711000000000025
COc1ccc(N2CCN(CCCc3ccc4nc[nH]c4c3)CC2)cc1,6.0,3.3263000000000016
FC(F)(F)c1cccc(N2CCN(CCOc3ccc4nc[nH]c4c3)CC2)c1,6.0,3.782700000000001
COc1cccc(N2CCN(CCOc3ccc4nc[nH]c4c3)CC2)c1,6.0,2.772500000000001
COc1ccc(N2CCN(CCOc3ccc4nc[nH]c4c3)CC2)cc1,6.0,2.772500000000001
S=c1[nH]c2ccc(OCCN3CCN(c4ccc(Cl)cc4)CC3)cc2[nH]1,6.0,4.0798900000000025
COc1ccc(N2CCN(CCOc3ccc4[nH]c(=O)[nH]c4c3)CC2)cc1,6.0,2.0658
CN1CCc2cc(-c3ccc(O)cc3)c(O)cc2C(c2ccccc2)C1,6.0,4.384600000000003
CN1CCc2cc(-c3ccc4ccccc4c3)c(O)cc2C(c2ccccc2)C1,6.0,5.8322000000000065
Cc1ccccc1-c1cc2c(cc1O)C(c1ccccc1)CN(C)CC2,6.0,4.987420000000005
Cc1cccc(-c2cc3c(cc2O)C(c2ccccc2)CN(C)CC3)c1,6.0,4.9874200000000055
Cc1ccc(-c2cc3c(cc2O)C(c2ccccc2)CN(C)CC3)cc1,6.0,4.9874200000000055
CN1CCc2cc(-n3cccc3)c(O)cc2C(c2ccccc2)C1,6.0,3.8027000000000024
Cl.NC(N)=NC(=O)c1ccc2c(c1)C(O)c1ccccc1-2,6.0,1.5840999999999998
Cn1cc(CC(=O)N[C@H]2CC[C@](F)(CCN3CCc4ccc(OCC(F)F)nc4CC3)CC2)cn1,6.0,3.259500000000002
Cc1cnc(CC(=O)N[C@H]2CC[C@](F)(CCN3CCc4nc(OCC(C)(F)F)sc4CC3)CC2)o1,6.0,4.274020000000004
CCN(CC)c1cc2c(cc1O)C(c1ccccc1)CN(C)CC2,6.0,3.8582000000000027
CC(=O)Nc1cc2c(cc1O)C(c1ccccc1)CN(C)CC2,6.0,2.9704000000000006
Cc1ccc(CNc2cc3c(cc2O)C(c2ccccc2)CN(C)CC3)cc1,6.0,4.932520000000005
Cc1ccc(N2CCN(CCN(C)C[C@]34CC[C@H](CC3)C4(C)C)C2=O)cc1,6.0,4.385220000000004
COc1ccccc1N1CCN(CC(O)CCNC(=O)c2ccc3cc(F)ccc3n2)CC1,6.0,2.685500000000001
Cc1ccc(N2CCN(CCCSc3ccc(F)cc3)CC2)nc1,6.0,3.8335200000000027
N=C(N)NCCC[C@H](NC(=O)[C@H](CCCNC(=N)N)NC(=O)[C@H](CCCNC(=N)N)NC(=O)[C@H](CCC(N)=O)NC(=O)[C@@H]1CCCN1C(=O)[C@H](CCCNC(=N)N)NC(=O)[C@H](CCCCN)NC(=O)[C@H](CCCCN)NC(=O)[C@@H](N)CCCNC(=N)N)C(=O)O,6.0,-8.37724999999994
CSCC[C@H](NC(=O)[C@H](CC(C)C)NC(=O)[C@H](CCCCN)NC(=O)[C@H](CCC(N)=O)NC(=O)[C@H](CCCNC(=N)N)NC(=O)[C@H](CCCCN)NC(=O)[C@H](CCCNC(=N)N)NC(=O)[C@H](CCC(N)=O)NC(=O)[C@@H](N)C(C)C)C(=O)N1CCC[C@H]1C(=O)O,6.0,-4.961559999999978
CC[C@H](C)[C@H](NC(=O)[C@H](C)NC(=O)[C@@H](N)Cc1cnc[nH]1)C(=O)N[C@@H](Cc1ccc(O)cc1)C(=O)N1CCC[C@H]1C(=O)N[C@@H](CCCNC(=N)N)C(=O)N[C@@H](Cc1cnc[nH]1)C(=O)O,6.0,-1.9775300000000033
CC[C@H](C)[C@H](NC(=O)[C@H](C)NC(=O)[C@H](Cc1cnc[nH]1)NC(=O)[C@H](CCCCNC(=O)O/N=C/c1ccc([Si](F)(C(C)(C)C)C(C)(C)C)cc1)NC(=O)CCOCCOCCOCCOCCNC(=O)CCCCCN1C(=O)CC(SC[C@H](N)C(=O)O)C1=O)C(=O)N[C@@H](Cc1ccc(O)cc1)C(=O)N1CCC[C@H]1C(=O)N[C@@H](CCCNC(=N)N)C(=O)N[C@@H](Cc1cnc[nH]1)C(=O)O,6.0,1.723269999999972
COc1ccc(OCCNCC2(F)CCN(C(=O)c3ccc(Cl)c(Cl)c3)CC2)cc1,6.0,4.614900000000004
COc1ccc(OCCNCC2(F)CCN(C(=O)c3ccc(F)c(Cl)c3)CC2)cc1,6.0,4.100600000000003
COc1cccc(OCCNCC2(F)CCN(C(=O)c3ccc(Cl)c(Cl)c3)CC2)c1,6.0,4.614900000000004
COc1cccc(OCCNCC2(F)CCN(C(=O)c3ccc(F)c(Cl)c3)CC2)c1,6.0,4.100600000000003
O=C(c1ccc(F)c(Cl)c1)N1CCC(F)(CNCCOc2cccc(F)c2)CC1,6.0,4.231100000000003
O=C(c1ccc(F)c(Cl)c1)N1CCC(F)(CNCCOc2cccc(Cl)c2)CC1,6.0,4.7454000000000045
CC(=O)Nc1cccc(OCCNCC2(F)CCN(C(=O)c3ccc(Cl)c(Cl)c3)CC2)c1,6.0,4.564700000000004
CC(=O)Nc1cccc(OCCNCC2(F)CCN(C(=O)c3ccc(F)c(Cl)c3)CC2)c1,6.0,4.050400000000002
Cc1ncccc1C(=O)N[C@H]1CC[C@](F)(CCN2CCc3nc(OCC(C)(F)F)sc3CC2)CC1,6.0,4.752120000000005
O=C1CCc2ccc(OCC#CCN3CCN(c4cccc(Cl)c4Cl)CC3)cc2N1,6.0,4.082500000000003
CN1CCc2cc3oc(=O)[nH]c3cc2C(c2ccccc2)C1,6.0,2.740900000000001
CN1CCc2ccc(N(C)C)cc2C(c2ccccc2)C1,6.0,3.3724000000000025
Cl.N#Cc1ccc2c(c1)CCN(CC[C@H]1CC[C@H](NC(=O)c3ccnc4ccccc34)CC1)C2,6.0,5.265280000000005
CN1CCc2ccc(N)cc2C(c2ccccc2)C1,6.0,2.888600000000001
CN1CCc2cc(N)ccc2C(c2ccccc2)C1,6.0,2.888600000000001
CCOCC(=O)N[C@H]1CC[C@H](CCN2CCN(c3nccc4occc34)CC2)CC1,6.0,3.051400000000001
O=C(/C=C/c1ccc2ccccc2c1)NCCCCN1CCc2ccc(OS(=O)(=O)C(F)(F)F)cc2C1,6.0,5.036100000000004
O=C(c1ccc(F)c(Cl)c1)N1CCC(F)(CNCCOc2ccc(F)cc2)CC1,6.0,4.231100000000003
Cc1cccc(OCCNCC2(F)CCN(C(=O)c3ccc(F)c(Cl)c3)CC2)c1,6.0,4.400420000000003
O=C(c1ccc(F)c(Cl)c1)N1CCC(F)(CNCCOc2ccccc2Cl)CC1,6.0,4.7454000000000045
O=C(c1ccc(F)c(Cl)c1)N1CCC(F)(CNCCOc2ccccc2F)CC1,6.0,4.231100000000003
CC(=O)Nc1cccc(OCCNCC2(F)CCN(C(=O)c3ccc(F)c(Cl)c3)CC2)n1,6.0,3.445400000000002
NC(=O)c1cccc(OCCNCC2(F)CCN(C(=O)c3ccc(F)c(Cl)c3)CC2)c1,6.0,3.190900000000002
O=C(c1ccc(F)c(Cl)c1)N1CCC(F)(CNCCOc2cccc(C(F)(F)F)c2)CC1,6.0,5.110800000000005
CN(C)c1cccc(OCCNCC2(F)CCN(C(=O)c3ccc(F)c(Cl)c3)CC2)c1,6.0,4.158000000000003
O=C(c1ccc(F)c(Cl)c1)N1CCC(F)(CNCCOc2cccc3[nH]ccc23)CC1,6.0,4.573300000000003
CC1CCN(CC[C@H]2CCCN2S(=O)(=O)c2ccc(Cl)c(Cl)c2)CC1,6.0,4.268500000000004
CNc1ccc2c(c1)C(c1ccccc1)CN(C)CC2,6.0,3.3481000000000014
CN1CCc2cc(Cl)c(O)cc2[C@H]2c3cccc(NS(C)(=O)=O)c3CC[C@@H]21,6.0,3.351700000000002
O=C(c1cccc2cccnc12)N1CCC(CCc2ccc(F)cc2F)CC1,6.0,4.998000000000004
O=S(=O)(c1ccc(F)cc1)C1CCN(CCc2ccc(F)cc2F)CC1,6.0,3.5847000000000024
CC(C)(CCCN1CCCC(C(F)(F)F)C1)S(=O)(=O)c1ccccc1,6.0,4.2934000000000045
O=S(=O)(c1ccccc1)C1(F)CCN(CCc2ccc(F)cc2F)CC1,6.0,3.7428000000000035
Fc1ccc2c(c1)CC(CC1CN=CN1)C2,6.0,1.9306999999999996
COc1cccc2c1CCC[C@H]2CN(C)CCc1ccc2ccoc2c1,6.0,5.0358000000000045
O=S(=O)(c1ccc(F)cc1)N1CCC(O)(CCc2ccc(F)cc2F)CC1,6.0,3.2523000000000026
CN1CCc2cccc3c2[C@H]1Cc1cccc(-c2c(O)cccc2O)c1-3,6.0,4.516900000000005
O=C(c1cccc(CN2CCN3c4ccccc4OCC3C2)c1)N1CCCCC1,6.0,3.395900000000002
CN1CCc2cc(O)c(CN)cc2C(c2ccccc2)C1,6.0,2.4707
Cc1cccc(OCCNCC2(F)CCN(C(=O)c3ccc(F)c(Cl)c3)CC2)n1,6.0,3.7954200000000027
O=C(c1ccc(F)c(Cl)c1)N1CCC(F)(CNCCOc2cccc(Cl)n2)CC1,6.0,4.140400000000003
O=C(c1ccc(F)c(Cl)c1)N1CCC(F)(CNCCOc2cc(F)ccn2)CC1,6.0,3.626100000000002
O=C(c1ccc(Cl)c(Cl)c1)N1CCC(F)(CNCCOc2cccc3c2OCCO3)CC1,6.0,4.377500000000004
O=C(c1ccc(F)c(Cl)c1)N1CCC(F)(CNCCOc2cccc3cccnc23)CC1,6.0,4.640200000000004
COc1ccc2onc(N3CCN(CCCCNC(=O)c4cccc(N5CCOCC5)c4)CC3)c2c1,6.0,3.005200000000001
O=S(=O)(c1ccc(Cl)cc1)C1(F)CCN(CCc2ccc(F)cc2F)CC1,6.0,4.396200000000004
COc1ccc2onc(N3CCN(CCCCNC(=O)c4cccc(-c5ncccn5)c4)CC3)c2c1,6.0,3.625600000000002
O=c1[nH]c2c(O)ccc([C@@H](O)CNCCCSCCNCCc3ccccc3Cl)c2s1,6.0,3.5272000000000014
CCCN[C@@H]1CCc2nc(N)sc2C1,6.0,1.5822
Cc1ccc(CNCC2(F)CCN(C(=O)c3ccc(F)c(Cl)c3)CC2)nc1,6.0,3.9166200000000027
CN1CCc2cc(O)c(CO)cc2C(c2ccccc2)C1,6.0,2.5043000000000006
CC(C)(O)CC(=O)N[C@H]1CC[C@H](CCN2CCN(c3nccc4c3CCO4)CC2)CC1,6.0,2.3646000000000003
CO/N=C(\c1ccc(Cl)cc1)C(O)CN1CCN(c2ccccn2)CC1,6.0,2.2686
NC(=O)c1ccc(S(=O)(=O)C2CCN(CCc3ccc(F)cc3F)CC2)cc1,6.0,2.544500000000001
CN1CCc2cc(N)c(O)cc2C(c2ccccc2)C1,6.0,2.5942000000000007
CN1CCc2ccc(O)cc2C(c2ccccc2)C1,6.0,3.0120000000000013
Nc1nc(N)nc(NCCCCCCN2CCN(c3ccccc3)CC2)n1,6.0,1.8304999999999991
Cc1c(C#Cc2ccc(CN3CCC(CO)CC3)cc2)cc(C(F)F)c2cn(C(C(=O)Nc3nccs3)c3ncn4c3CCC43CC3)nc12,6.0,6.202820000000006
CCc1cc([C@]23C[C@H]2CN(CC[C@H]2CC[C@H](NC(=O)Cc4cnn(C)c4)CC2)C3)no1,6.0,2.8516000000000004
CN1CCc2cc(O)ccc2C(c2ccccc2)C1,6.0,3.0120000000000013
CC1(O)c2ccccc2-c2ccc(C(=O)N=C(N)N)cc21.Cl,6.0,1.7581999999999995
CN1CCc2cc(O)c(N)cc2C(c2ccccc2)C1,6.0,2.5942000000000007
O=S(=O)(NCCCN1CCC(c2noc3cc(F)ccc23)CC1)c1cccc2scnc12,6.0,4.124600000000004
O=S(=O)(NCCCCN1CCC(c2noc3cc(F)ccc23)CC1)c1cnc2ccccn12,6.0,3.5527000000000024
O=S(=O)(NCCCCN1CCC(c2noc3cc(F)ccc23)CC1)c1cccs1,6.0,3.9665000000000026
C[C@@H]1Cc2ccccc2N1C(=O)CN1CCN(Cc2cccc(F)c2)CC1,6.0,2.921100000000002
Fc1ccc(CCN2CCC3(CCc4ccccc4C3)CC2)c(F)c1,6.0,4.778400000000004
COc1ccccc1CNCCc1cccc(CCNC[C@H](O)c2ccc(O)c3[nH]c(=O)sc23)c1,6.0,3.501800000000001
Cc1ccccc1CNc1cc2c(cc1O)C(c1ccccc1)CN(C)CC2,6.0,4.932520000000006
Cc1cccc(CNc2cc3c(cc2O)C(c2ccccc2)CN(C)CC3)c1,6.0,4.932520000000006
CN1CCc2cc(NCc3cccc(Cl)c3)c(O)cc2C(c2ccccc2)C1,6.0,5.277500000000006
CN1CCc2cc(NCc3ccccc3)c(O)cc2C(c2ccccc2)C1,6.0,4.624100000000003
CSc1cccc(C(=O)NC[C@H]2CCCN2CCc2ccccc2)c1,6.0,3.8454000000000033
O=C(NC[C@@H]1CCCN1CCc1ccccc1)C1CCCCC1,6.0,3.3900000000000015
O=C(NC[C@@H]1CCCN1CCc1ccccc1)c1ccccc1,6.0,3.1235000000000017
CSc1cccc(C(=O)NC[C@@H]2CCCN2CCc2ccccc2)c1,6.0,3.8454000000000033
O=C(NC[C@H]1CCCN1CCc1ccccc1)C1CCCCC1,6.0,3.3900000000000015
O=c1[nH]c2c(O)ccc([C@@H](O)CNCCSCCCOCCc3ccccc3)c2s1,6.0,3.3008000000000015
O=c1[nH]c2c(O)ccc([C@@H](O)CNCCCSCCOCCc3ccccc3)c2s1,6.0,3.3008000000000015
O=c1[nH]c2c(O)ccc([C@@H](O)CNCCCOCCOCCc3cccc4ccccc34)c2s1,6.0,3.737400000000002
CCC1CC(=O)c2c(N3CCN(C)CC3)cccc2N1S(=O)(=O)c1ccc2ccccc2c1,6.0,4.151900000000004
CCCN(CCC)[C@H]1CCc2ccc3[nH]c(C(N)=O)cc3c2C1,6.0,3.246100000000001
CCCN(CC1CC1)[C@H]1CCc2ccc3[nH]c(C(N)=O)cc3c2C1,6.0,3.246100000000001
CCCN(CCC)C1COc2c(cccc2C(=O)c2ccccc2)C1,6.0,4.343100000000004
O=C(NCCCCN1CCN(c2ccccn2)CC1)c1ccc2ccccc2n1,6.0,2.9620000000000006
CSc1ccccc1OCCNCC1(F)CCN(C(=O)c2ccc(F)c(Cl)c2)CC1,6.0,4.813900000000005
CCCN(CCC)C1COc2c(cccc2C(=O)c2ccc(C(C)=O)cc2)C1,6.0,4.5457000000000045
CCCN(CCC)C1COc2c(cccc2C(=O)c2ccsc2)C1,6.0,4.404600000000004
Cc1nc(-c2ccc(-c3ccc(C(=O)N4CCc5cc6c(cc54)C4(CCN(C)CC4)CO6)cc3)c(C)c2)no1,6.0,5.579140000000006
CCCN(CCC)C1COc2c(cccc2C(=O)c2ccc(C(F)(F)F)cc2)C1,6.0,5.361900000000006
CCCN(CCC)C1COc2c(cccc2C(=O)c2ccc(OC)cc2)C1,6.0,4.351700000000004
c1ccc(CCN2C3CCC2CC3)cc1,6.0,2.855900000000001
O=C(N[C@H]1CCN(Cc2ccccc2)C1)c1ccc(-c2ccsc2)cc1,6.0,4.419400000000004
CCOC(=O)N1CCc2ccccc2Cc2ccsc2CC1,6.0,3.8960000000000035
CCOC(=O)N1CCc2ccccc2Cc2sccc2CC1,6.0,3.8960000000000026
Cl.NC(N)=NC(=O)c1ccc2c(c1)C1(CCCO1)c1ccccc1-2,6.0,2.556400000000001
Cn1c(SCCCN2CC3CCN(c4c(F)cc(F)cc4F)C3C2)nnc1-c1ccn(C)c(=O)c1,6.0,3.291000000000002
COc1cccc(N2CCN(CCCCNC(=O)c3cc4ccccc4o3)CC2)c1,6.0,3.773600000000002
Cc1cccc(N2CCN(CCCCNC(=O)c3cc4ccccc4o3)CC2)n1,6.0,3.468420000000002
O=C(NCCCCN1CCN(Cc2ccccc2)CC1)c1cc2ccccc2o1,6.0,3.760600000000003
CCCN(CCC)C1COc2c(cccc2-c2ccccc2OC)C1,6.0,4.7877000000000045
COCCN(CCOC)c1nc(C)nc2c(-c3cc(C)c(OC)cc3C)c(C)nn12,6.0,3.132780000000002
CCC(CC)Nc1nc(C)nc2c(-c3cc(F)c(OC)cc3Cl)c(C)nn12,6.0,4.809740000000004
COCCN(CCOC)c1nc(C)nc2c(-c3ccc(OC)cc3C)c(C)nn12,6.0,2.8243600000000013
CCCN1CCO[C@@H]2c3cc(C(=O)OC)ccc3CC[C@H]21,6.0,2.571300000000001
NCCc1c[nH]c2ccc(OCC(=O)N3CCN(c4cccc5ccccc45)CC3)cc12,6.0,3.549900000000002
O=C(NC[C@H]1CCCN1CCc1ccccc1)c1ccccc1,6.0,3.1235000000000017
Cn1cc2c(C(=O)N[C@H]3CC[C@H](CCN4CCc5sc(CCC(F)(F)F)nc5C4)CC3)cccc2n1,6.0,5.261700000000006
CCOC(=O)N1CCc2ccccc2Cc2sc3ccccc3c2CC1,6.0,5.049200000000004
CN(C)C(=O)N[C@H]1CC[C@H](CCN2CCc3ccccc3C2)CC1,6.0,3.264800000000001
CCOc1ccccc1N1CCN(CCCC(=O)NCc2nc3ccc(F)cc3c(=O)n2-c2ccccc2)CC1,6.0,4.142100000000003
O=C(N[C@H]1CC[C@H](CCN2CCN(c3nccc4sccc34)CC2)CC1)C1CCOCC1,6.0,3.910000000000003
O=C(c1ccc(F)c(Cl)c1)N1CCC(F)(CNCCOc2cccc(C(F)(F)F)n2)CC1,6.0,4.505800000000003
COc1ccc(OC)c(C2CCN(Cc3cnn(-c4ccccc4F)c3C)C2)c1,6.0,4.326520000000004
CC(C)(C)c1ccc(SCCc2c[nH]cn2)cc1,6.0,4.0420000000000025
Cc1[nH]cnc1Cc1nc(-c2ccccc2)cs1,6.0,3.4324200000000022
CN1CCN(C2=Nc3ccccc3Oc3ccc(OS(C)(=O)=O)cc32)CC1,6.0,2.4564000000000004
CN(CCC=C1c2ccccc2CCc2ccccc21)C(=O)c1ccc(OCCCN2CCCCC2)cc1,6.0,6.6340000000000074
Cc1cc2c(cc1C(F)(F)F)N(C(=O)Nc1ccc(Oc3cccnc3C)nc1)CC2,6.0,5.499140000000003
COc1ccc(S(=O)(=O)N2CCCc3ccccc32)cc1-c1ccc(CN2CCCCCC2c2ccccc2)[nH]1,6.0,6.949100000000008
CC[C@@H](C)Nc1nc(C)nc2c(-c3c(C)cc(OC)cc3OC)c(C)nn12,6.0,3.9441600000000028
CCN/C(=N\S(=O)(=O)c1cccc(Cl)c1)N1N=CCC1c1ccccc1,6.0,3.4270000000000023
CCN/C(=N\S(=O)(=O)c1cccc(Cl)c1)N1CC(CC)C=N1,6.0,2.3218000000000005
O=C(NCCCCN1CCN(c2ccccc2)CC1)c1cc2ccccc2o1,6.0,3.7650000000000023
CCCN(CCC)C1COc2c(cccc2C(=O)c2ccccc2OC)C1,6.0,4.351700000000004
CN1CCc2cc3c(cc2C(c2ccccc2)C1)NC(=O)CO3,6.0,2.6372999999999998
CCN(CCN1CCC(c2noc3cc(F)c(C)cc23)CC1)C(=O)[C@H](C)O,6.0,2.6840200000000007
CCN(CCN1CCC(n2ncc3cc(F)ccc32)CC1)C(=O)[C@@H](C)O,6.0,2.0415999999999994
CCN(CCN1CCC(n2ncc3cc(F)ccc32)CC1)C(=O)CCO,6.0,2.0431999999999992
O=C(NCCCCN1CCN(c2ccccc2)CC1)[C@@H]1CCc2ccccc2N1,6.0,3.1319
Cc1cccc(N2CCN(CCCCNC(=O)[C@@H]3CCc4ccccc4N3)CC2)c1,6.0,3.4403200000000016
Cn1ncc(CC(=O)N[C@H]2CC[C@H](CCN3CCc4nc(OCC(C)(F)F)sc4CC3)CC2)n1,6.0,3.014000000000001
C[C@H](Oc1nc2c(s1)CCN(CC[C@H]1CC[C@H](NC(=O)c3cccc(=O)n3C)CC1)CC2)C(F)(F)F,6.0,3.9509000000000025
O=C(NCCCCN1CCN(c2ccccc2)CC1)c1ccc2ncccc2c1,6.0,3.567000000000002
Cc1cccc(N2CCN(CCCCNC(=O)c3ccccc3)CC2)n1,6.0,2.722220000000001
COc1cccc(N2CCN(CCCCNC(=O)c3ccccc3)CC2)n1,6.0,2.4224000000000006
O=C(NCCCCN1CCN(c2ccccc2)CC1)c1ccccn1,6.0,2.4138
COc1cccc(N2CCN(CCCCNC(=O)c3ccccn3)CC2)c1,6.0,2.4224000000000006
COc1cccc(N2CCN(CCCCNC(=O)c3c[nH]c4ccccc34)CC2)c1,6.0,3.508700000000002
CNc1ccccc1OCCNCC1(F)CCN(C(=O)c2ccc(F)c(Cl)c2)CC1,6.0,4.133700000000003
NC(=O)c1ccccc1OCCNCC1(F)CCN(C(=O)c2ccc(F)c(Cl)c2)CC1,6.0,3.190900000000002
CN1CCc2cc3ocnc3cc2C(c2ccccc2)C1,6.0,3.447600000000002
CCN(CCN1CCC(c2noc3cc(Cl)ccc23)CC1)S(=O)(=O)CCO,6.0,2.304600000000001
Cn1cc(CC(=O)N[C@H]2CC[C@H](CCN3CCc4ccc(CCC(F)(F)F)nc4CC3)CC2)c(F)n1,6.0,4.157500000000002
Cc1nc(CC(=O)N[C@H]2CC[C@H](CCN3CCc4nc(OCC(F)(F)F)sc4CC3)CC2)n(C)n1,6.0,3.229520000000001
CCN(CCN1CCC(c2noc3ccc(C)cc23)CC1)S(=O)(=O)CCO,6.0,1.9596199999999997
CCN(CCN1CCC(c2noc3cc(F)c(C)cc23)CC1)S(=O)(=O)CCO,6.0,2.0987200000000006
CCN(CCN1CCC(n2ccc3cc(F)ccc32)CC1)C(=O)C(C)O,6.0,2.6466000000000007
CCN(CCN1CCC(c2c[nH]c3ccccc23)CC1)C(=O)[C@@H](C)O,6.0,2.5766000000000004
O=C(c1ccc(F)c(Cl)c1)N1CCC(F)(CNCCOc2cccc3c2OCCO3)CC1,6.0,3.8632000000000026
CNc1cccc(OCCNCC2(F)CCN(C(=O)c3ccc(F)c(Cl)c3)CC2)c1,6.0,4.133700000000003
O=C(NCCCCN1CCN(c2ccccc2)CC1)c1cc2ccccc2cn1,6.0,3.567000000000002
COc1cccc(N2CCN(CCCCNC(=O)c3cc4ccccc4cn3)CC2)c1,6.0,3.5756000000000023
Cc1cccc(N2CCN(CCCCNC(=O)c3cc4ccccc4cn3)CC2)n1,6.0,3.2704200000000023
O=C(NCCCCN1CCN(c2ncccn2)CC1)c1cc2ccccc2cn1,6.0,2.3569999999999993
O=C(NCCCCN1CCN(c2cnc3ccccc3c2)CC1)c1cc2ccccc2cn1,6.0,4.115200000000002
O=C(NCCCCN1CCN(c2ccc(F)cc2)CC1)c1cc2ccccc2cn1,6.0,3.706100000000003
O=C(NCCCCN1CCN(c2ccc(O)cc2)CC1)c1cc2ccccc2cn1,6.0,3.2726000000000015
O=C(NCCCCN1CCN(c2ccccc2)CC1)c1ccc2ccccc2n1,6.0,3.567000000000002
Cc1cccc(N2CCN(CCCCNC(=O)c3ccc4ccccc4n3)CC2)c1,6.0,3.8754200000000028
COc1cccc(N2CCN(CCCCNC(=O)c3ccc4ccccc4n3)CC2)c1,6.0,3.5756000000000023
CCN(CCN1CCC(c2c[nH]c3ccccc23)CC1)C(=O)[C@H](C)O,6.0,2.5766000000000004
CCN(CCN1CCC(n2ncc3cc(F)ccc32)CC1)C(=O)[C@H](C)O,6.0,2.0415999999999994
CCN(CCN1CCC(c2noc3cc(Cl)ccc23)CC1)C(=O)[C@H](C)O,6.0,2.8899000000000012
CCN(CCN1CCC(c2noc3ccc(C)cc23)CC1)C(=O)[C@H](C)O,6.0,2.5449200000000007
c1ccc(Cc2ccccc2OCCCN2CCCC2)cc1,6.0,4.142100000000004
CNCC1Cc2ccc3c(ccn3S(=O)(=O)c3cccc4ccccc34)c21,6.0,3.8906000000000027
O=c1[nH]c2ccc(OCCN3CCN(c4ccccc4Cl)CC3)cc2[nH]1,6.0,2.7106000000000003
O=c1[nH]c2ccc(OCCN3CCN(c4ccc(Cl)cc4)CC3)cc2[nH]1,6.0,2.7106000000000003
c1ccc(N2CCN(CCOc3ccc4nn[nH]c4c3)CC2)cc1,6.0,2.1589
FC(F)(F)c1cccc(N2CCN(CCOc3ccc4nn[nH]c4c3)CC2)c1,6.0,3.1777000000000006
Cc1cccc(N2CCN(CCCCNC(=O)c3ccccn3)CC2)n1,6.0,2.1172199999999997
COc1cccc(N2CCN(CCCCNC(=O)c3ccccn3)CC2)n1,6.0,1.8173999999999997
COc1cccc(N2CCN(CCCCNC(=O)c3cccc(C)n3)CC2)c1,6.0,2.7308200000000005
O=C(NCCCCN1CCN(c2ccccc2)CC1)c1cccnc1,6.0,2.4138
CN1CCN(c2nc3cc4c(cc3o2)CCN(C)CC4c2ccccc2)CC1,6.0,3.1994000000000016
COc1c(C(=O)NCCN2CCN(c3ccc(C)cc3)CC2)cc(Br)c2ccccc12,6.0,4.471320000000004
O=C(N[C@H]1CC[C@H](CCN2CCc3nc(OC4CC(F)(F)C4)sc3CC2)CC1)c1cccnc1C(F)F,6.0,5.4317000000000055
O=C(NCCCCN1CCN(c2ccccc2)CC1)[C@H]1CCc2ccccc2N1,6.0,3.1319
COc1ccccc1N1CCN(CC(O)CN2C(=O)NC(C)(c3ccccc3)C2=O)CC1.Cl,5.99,2.0670999999999995
O=C1c2ccc(F)cc2CC1CCN1CCCN(c2ccc(Cl)cc2)CC1,5.99,4.436500000000004
CC(C)(C)c1nc(N2CCN(CCCCNC(=O)N3CCN(c4ccccc4-c4ccccc4)CC3)CC2)cc(C(F)(F)F)n1,5.99,5.893900000000006
O=C(NCCCCN1CCO[C@@H]2c3ccccc3OC[C@H]21)c1ccc(-c2ccccc2)cc1,5.99,4.698100000000004
Cn1c(SCCCN2C[C@@H]3CCN(c4ccc(C(F)(F)F)cc4)[C@@H]3C2)nnc1-c1ccc(C(N)=O)nc1,5.99,3.6877000000000013
CC(Oc1cc(F)ccc1F)c1nc(N)nc(N2CCN(C)CC2)n1,5.99,1.6238
O=C(NCCCCN1CCN(c2ccnc3cc(Cl)ccc23)CC1)C1CCC(c2ccccc2)CC1,5.99,5.8806000000000065
O=C1c2cnc(C(F)(F)F)cc2CCN1CCN1CCN(c2nsc3ccccc23)CC1,5.99,3.5306000000000024
c1ccc(Cc2ccccc2OCCN2CCCCC2)cc1,5.99,4.142100000000003
Oc1ccc2c(c1)CCN2,5.99,1.3601999999999996
c1ccc(CCCN2CCN(Cc3cc4ccccc4o3)CC2)cc1,5.99,4.183200000000004
Cn1cnc2c1CCCN(CCN1CCC(c3noc4ccccc34)CC1)C2=O,5.99,2.829300000000001
CCc1nc2c(o1)C(=O)N(CCN1CCC(c3noc4ccccc34)CC1)CC2,5.99,3.2561000000000018
COc1ccc2[nH]cc(CCNCc3ccc(-c4cnc5ccccc5c4)o3)c2c1,5.99,5.317000000000004
Cc1cccc(N)c1C(=O)NN1c2ccc(Cl)cc2N=C(N2CCN(C)CC2)c2ccccc21,5.99,4.352820000000004
COc1ccccc1N1CCN(CC(O)CCNC(=O)c2ccc3cccnc3c2)CC1,5.99,2.5464
COc1ccccc1-c1cn(CCC(O)CN2CCN(c3ccccc3OC)CC2)nn1,5.99,2.5355000000000008
CS(=O)(=O)CC(=O)N[C@H]1CC[C@H](CCN2CCN(c3nccc4c3CCO4)CC2)CC1,5.99,1.2482000000000009
CCN(CC)CCCOc1ccc(-c2nc3ccccc3n2C/C=C/Cn2c(-c3ccc(OCCCC4CCCCC4)cc3)nc3ccccc32)cc1,5.99,10.826399999999992
COc1cc2c(cc1OC)Cc1ccccc1CCCN(C)CC2,5.99,3.7151000000000023
CCCN(CCCCNC(=O)c1ccc(-c2ccccn2)cc1)C[C@H]1C[C@@H]1c1cccc(Cl)c1Cl.Cl,5.99,7.5029000000000075
O=S(=O)(c1ccccc1)N1CCc2c(C3CCN(C4CCC4)CC3)cccc21,5.98,4.169900000000004
O=c1c(-c2ccc(F)cc2)c2n(c(=O)n1CCCCN1CCCC(c3c[nH]c4ccc(F)cc34)C1)CCCC2,5.98,5.432600000000006
Cn1c(SCCCN2CC3CCN(c4ccc(C(F)(F)F)cc4)C3C2)nnc1-c1cncnc1,5.98,3.983800000000003
CCCN(CCc1cccs1)C1CCc2c(cccc2OC2CCCC2)C1,5.98,5.881500000000006
O=C1c2oc(C3CC3)nc2CCN1CCN1CCN(c2nsc3ccccc23)CC1,5.98,2.9822000000000015
Cc1ccc(N2CCN(CCCCc3nc4ccccc4s3)CC2)nc1,5.98,4.144620000000003
Cl.OC1(c2ccc(Cl)cc2)CC2CCC(C1)N2Cc1ccc(F)cc1,5.98,4.915500000000004
CCCN(CCC)[C@H]1CCc2cccc(OC)c2[C@H]1C,5.98,4.235500000000004
Nc1nc(N)nc(NCCCCCN2CCN(c3ccccc3)CC2)n1,5.98,1.4403999999999992
OC1(c2ccc(Cl)cc2)CC2CCC(C1)N2Cc1ccc(F)cc1,5.98,4.493700000000004
S=c1sc2ccccc2n1CCCCN1CCN(C2CCCCC2)CC1,5.98,5.162790000000005
COc1ccccc1C1CC1CNCC[C@H]1CC[C@H](NC(=O)c2ccccc2)CC1,5.98,4.767200000000003
O=C1c2ccc(Cl)cc2CC1CCCCN1CCN(c2ccccn2)CC1,5.98,4.082500000000002
CC(C)(C)c1nc(N2CCN(CCCCNC(=O)N3CCc4[nH]c5ccc(C#N)cc5c4C3)CC2)cc(C(F)(F)F)n1,5.98,4.815980000000004
O=C(N[C@H]1CC[C@H](CCN2CCN(c3nccc4c3CCO4)CC2)CC1)C1CCCO1,5.98,2.382599999999999
Cc1ccc(N2CCN(CCCOc3ccc(F)cc3)CC2)nc1,5.98,3.1202200000000015
CC(C)(C)c1nc(N2CCN(CCCCNC(=O)N3CCN(c4cccc(C(F)(F)F)c4)CC3)CC2)cc(C(F)(F)F)n1,5.98,5.245700000000005
O=C(NC[C@H]1C[C@H]1CN1CCN(c2cccc(Cl)c2Cl)CC1)c1ccc(-c2ccccn2)cc1,5.98,5.2435000000000045
O=C(N[C@H]1CC[C@H](CCN2CCC(c3cccc4c3OCO4)CC2)CC1)C1COc2ccccc2C1,5.98,4.911100000000005
COc1c(OS(=O)(=O)C(F)(F)F)ccc2c1-c1cccc3c1[C@@H](C2)N(C)CC3,5.98,3.6757000000000026
CCCN(C/C=C/I)C1CCc2cccc(O)c2C1,5.97,3.9102000000000032
CC(C)CCC(=O)N[C@H]1CC[C@H](CCN2CCC(c3cccc4c3CCO4)CC2)CC1,5.97,5.302200000000005
O=S(=O)(NCC1CCN(CCOc2cccc(F)c2)CC1)c1cccs1,5.97,2.956500000000002
Cc1ncc2c(n1)CCN(CCN1CCN(c3nsc4ccccc34)CC1)C2=O,5.97,2.2152199999999995
c1ccc(-c2nc(CN3CCN(c4ccccc4)CC3)cs2)cc1,5.97,4.132300000000003
Cc1noc2ccn(CCN3CCN(c4nsc5ccccc45)CC3)c(=O)c12,5.97,2.729820000000001
Cc1ccc2c(c1O)-c1cccc3c1[C@@H](C2)N(C)CC3,5.97,3.452720000000002
Cc1nccc2c1C(=O)N(CCN1CCN(c3noc4ccccc34)CC1)CC2,5.97,2.3517200000000003
Cl.O=C1CC2(CCN(CCc3ccccc3)CC2)OC=C1c1cccs1,5.97,4.577500000000004
COc1ccc2c(c1)[C@H]1OCCN(CCCCNC(=O)c3ccc(-c4ccccc4)cc3)[C@@H]1CO2,5.97,4.706700000000004
CCC(Oc1cc(C(F)(F)F)ccc1F)c1nc(N)nc(N2CCN(C)CC2)n1,5.97,2.893600000000002
Br.O=C1c2ccccc2CCC1C1CCN(CC2CC2)CC1,5.97,4.131600000000003
CN(C)c1ccc(C(=C2C=CC(=[N+](C)C)C=C2)c2ccc(N(C)C)cc2)cc1.[Cl-],5.97,1.4636000000000002
CCCN(CCc1ccsc1)CCc1cccs1,5.97,4.306800000000004
CC(C)(C)OC(=O)N[C@H]1CC[C@@H](CCN2CCc3ccccc3C2)CC1,5.97,4.518300000000004
Cc1cncc2c1CCN(CCN1CCN(c3noc4ccccc34)CC1)C2=O,5.97,2.3517200000000003
CN(C)C(=O)CCC(=O)N[C@H]1CC[C@H](CCN2CCC(c3cccc4c3CCO4)CC2)CC1,5.97,3.7344000000000017
COc1ccc(Br)cc1-c1nc(CNCC[C@@H]2CCN(Cc3ccccc3)C2)co1,5.97,5.114500000000004
Cc1[nH]c(-c2ccccc2)cc1C(=O)NCCCN1CCN(c2cccc(Cl)c2Cl)CC1,5.97,5.2390200000000045
Fc1ccc(C#CCOCCC2CCN(CCc3ccccc3)CC2)cc1,5.97,4.538600000000004
FCCOc1ccc(CN2CCN(c3ccc(Cl)cc3)CC2)cc1,5.96,4.010500000000003
c1ccc(CN2CCC(n3nnc(-c4ccccc4)n3)CC2)cc1,5.96,3.177200000000002
CC1(CCCN2CCN(c3ccccn3)CC2)Cc2cc(Cl)ccc2C1=O,5.96,4.082500000000003
CC(=O)Nc1ccc(C(=O)CCCN2CCN(c3ccccn3)CC2)cc1.O=C(O)C(=O)O,5.96,1.9807
CC(C)(C)c1nc(N2CCN(CCCCNC(=O)N3CCN(c4cccc(-c5ccccc5)c4)CC3)CC2)cc(C(F)(F)F)n1,5.96,5.893900000000006
Cc1ccc(C(C)C)c(OCc2nc(N)nc(N3CCN(C)CC3)n2)c1,5.96,2.2164199999999994
CCCN(CCCCNC(=O)c1ccc2ccccc2c1)CC1CC1c1cc(F)ccc1OC.Cl,5.96,6.435000000000008
Nc1nc2cc3c(cc2s1)CCN(C1CC1)CC3,5.96,2.4415000000000004
Cl.Clc1ccc2sc(CCCCN3CCC4CCCCC4C3)nc2c1,5.96,6.206300000000005
COc1cc(N)c(Cl)cc1C(=O)N[C@H]1CCCN(Cc2ccccc2)C1,5.96,3.3252000000000024
CCS(=O)(=O)N[C@H]1CC[C@H](CCN2CCN(c3nccc4c3CCO4)CC2)CC1,5.96,2.0267
CCCN1CCC[C@@H]2Cc3c(ccc(O)c3O[C@@H]3O[C@H](C(=O)O)[C@@H](O)[C@H](O)[C@H]3O)C[C@H]21,5.96,0.2523999999999997
COc1cccc2c1CC1(CCCN1CCCCN1C(=O)CC3(CCCC3)CC1=O)CO2,5.96,3.9543000000000035
Cc1ncc(CC(=O)N[C@H]2CC[C@H](CCN3CCc4ccc(CCC(F)(F)F)nc4CC3)CC2)o1,5.96,4.581320000000004
Cc1ncc(OCC(=O)N[C@H]2CC[C@H](CCN3CCc4ccc(CCC(F)(F)F)nc4CC3)CC2)cn1,5.96,4.2196200000000035
O=C(N[C@H]1CC[C@](F)(CCN2CCc3nc(OCC(F)F)sc3CC2)CC1)c1cccnc1C(F)F,5.96,4.9912000000000045
O=C(CN1CCN(Cc2ccc(Cl)cc2)CC1)N1c2ccccc2C[C@H]1CF,5.96,3.3850000000000025
Cc1nc(CC(=O)N[C@H]2CC[C@H](CCN3CCc4ccc(OCC(F)(F)F)nc4CC3)OC2)no1,5.96,2.41132
OC(CCCN1CCCCC1)(c1ccccc1)c1ccccc1,5.96,4.188600000000004
CN1CCC(c2cn(-c3ccncc3)c3ccc(-c4cccnc4)cc23)CC1,5.96,4.8967000000000045
COc1cc2c(cc1O)CN(CCCCNC(=O)c1ccc(Cl)cc1)CC2,5.96,3.6225000000000023
O=C(NCCCCN1CCc2ccc(OCC(F)(F)F)nc2CC1)c1cc2ccccc2[nH]1,5.96,4.114800000000003
CS(=O)(=O)c1ccc(CSc2nc3ccccc3n2Cc2ccc(Cl)cc2)cc1,5.96,5.433800000000005
COC(=O)c1cccc(CSc2nc3ccccc3n2Cc2ccc(Cl)cc2)c1,5.96,5.816900000000004
COC(=O)c1ccc(CNc2nc3ccccc3n2Cc2ccc(Cl)cc2)cc1,5.96,5.136700000000004
Cn1c(C#N)cc2c1CCN(CC[C@H]1CC[C@H](NC(=O)c3cccc4ncccc34)CC1)C2,5.96,4.181980000000003
COc1cc2c(cc1O)C(C)N(Cc1cccc(O)c1OC)CC2,5.96,3.234300000000002
Cc1cnc(CC(=O)N[C@H]2CC[C@H](CCN3CCc4nc(OCC(F)(F)F)sc4CC3)OC2)o1,5.96,3.0778200000000018
Cn1ncc(CC(=O)N[C@H]2CC[C@H](CCN3CCc4ccc(CCC(F)(F)F)nc4CC3)CC2)c1F,5.96,4.157500000000003
Cc1nnc(CC(=O)N[C@H]2CC[C@H](CCN3CCc4nc(O[C@H](C)C(F)(F)F)sc4CC3)CC2)s1,5.96,4.341020000000003
Cc1nnc(CC(=O)N[C@H]2CC[C@H](CCN3CCc4ccc(CCC(F)(F)F)nc4CC3)CC2)o1,5.96,3.976320000000003
Cc1ncc(CC(=O)N[C@H]2CC[C@](F)(CCN3CCc4ccc(OCC(F)F)nc4CC3)CC2)o1,5.96,3.822420000000003
CC(C)Oc1ccc2c(n1)CCN(CC[C@H]1CC[C@H](NC(=O)c3cnn4ccccc34)CC1)CC2,5.96,4.296000000000003
CC(F)(F)COc1nc2c(s1)CCN(CC[C@H]1CC[C@H](NC(=O)c3cnn4ccccc34)CC1)CC2,5.96,4.604300000000004
O=C1CCc2ccccc2N1CCCN1CCN(c2ccccc2)CC1,5.96,3.1781000000000024
Cn1cc2ccc(C(=O)N[C@H]3CC[C@H](CCN4CCc5nc(OCC(F)F)sc5CC4)CC3)cc2n1,5.96,4.453200000000004
Cc1ncccc1C(=O)N[C@H]1CC[C@H](CCN2CCc3nc(OCC(F)F)sc3CC2)CC1,5.96,4.269920000000004
Cc1nc(CC(=O)N[C@H]2CC[C@H](CCN3CCc4sc(N5CC(F)(F)C5)nc4C3)CC2)no1,5.96,2.9557200000000012
Cc1nnc(CC(=O)N[C@H]2CC[C@H](CCN3CCc4sc(CCC(F)(F)F)nc4C3)CC2)o1,5.96,3.995320000000003
CN1CCC(NC2=Nc3cccnc3Nc3ccc(Cl)cc32)CC1,5.96,3.554100000000002
CCCN(CCC)C1COc2c(cccc2-c2ccc(OC)cc2)C1,5.96,4.7877000000000045
O=C1c2ccc(Cl)cc2CCC12CCN(CCc1ccccc1)CC2,5.96,4.793800000000004
Cc1cccc(C(=O)NCN2CCN(c3ccccc3C#N)CC2)c1,5.96,2.3762000000000008
Cc1ncoc1-c1nnc(SCC(O)CN2CCC3(CC3c3ccc(C(F)(F)F)cc3)C2)n1C,5.96,4.129920000000003
Cc1ncc(CC(=O)N[C@H]2CC[C@H](CCN3CC4CC4(c4cc(CF)on4)C3)CC2)s1,5.96,3.7901200000000026
CN1CCN(C2=Nc3cc(Cl)ccc3N(C)c3ccccc32)CC1,5.96,3.7470000000000026
O=C(CCCCCCCCCCC(=O)NCCCN1CCN(C2=Nc3cc(Cl)ccc3Nc3ccccc32)CC1)NCCCN1CCN(C2=Nc3cc(Cl)ccc3Nc3ccccc32)CC1,5.96,10.112999999999998
O=C(N[C@H]1CC[C@H](CCN2CCC(c3ccnn3-c3ccccc3)CC2)CC1)c1cccc2ncccc12,5.96,5.978800000000007
O=S(=O)(c1ccc(Cl)cc1)C1CCN(CCc2ccc(F)cc2F)CC1,5.96,4.099000000000004
OC(CCc1ccccc1)CN1CCC2(CCc3cc(F)ccc3O2)CC1,5.96,3.9790000000000036
CCc1cc([C@]23C[C@H]2CN(CC[C@H]2CC[C@H](NC(=O)Cc4cnn(C)n4)CC2)C3)no1,5.96,2.246599999999999
CN1CCc2cc(Cl)c(O)cc2[C@H]2c3ccc(NC(=O)Nc4c(Cl)cccc4Cl)cc3CC[C@@H]21,5.96,6.931000000000005
FC(F)(F)c1ccc(OCCCN2CCN(c3ccccn3)CC2)cc1,5.96,3.6915000000000022
O=C(CCCN1CCC(S(=O)(=O)c2ccccc2)CC1)c1ccc(F)cc1,5.96,3.726900000000003
Nc1ccc(C(=O)CCCN2CCN(c3ccccn3)CC2)cc1,5.96,2.4489
c1ccc(CCC2CCN(Cc3c[nH]c4ncccc34)CC2)cc1,5.96,4.407700000000004
O=C1CCc2cnccc2N1CCCN1CCC(n2c(=O)[nH]c3ccccc32)CC1,5.96,2.7310000000000008
CC(C)(C)c1ccc(C(=O)N[C@H]2CC[C@H](CCN3CCC(c4coc5ccccc45)CC3)CC2)cc1,5.95,7.288600000000009
COc1cccc(C(=O)NCCCN2CCN(c3cccc(Cl)c3Cl)CC2)c1,5.95,3.9441000000000033
Cn1ncc2c1CCCN(CCN1CCN(c3noc4ccccc34)CC1)C2=O,5.95,1.7719
COc1cccc(C(=O)NN2c3ccc(Cl)cc3N=C(N3CCN(C)CC3)c3ccccc32)c1,5.95,4.470800000000004
Cc1ncoc1-c1nnc(SCCCN2CCC3(CC2)C[C@@H]3c2ccccc2)n1C,5.95,4.530420000000004
Cc1cnc(N2CCN(CC[C@H]3CC[C@H](NC(=O)C4CCOCC4)CC3)CC2)c2ccoc12,5.95,3.749920000000002
O=c1[nH]c2ccccc2n1C1CCN(C2CCN(Cc3ccccc3[N+](=O)[O-])CC2)CC1,5.95,3.5393000000000026
O=C(N[C@H]1CC[C@H](CCN2CCN(c3nccc4c3CCO4)CC2)CC1)c1ccc(-c2ccccc2)cc1,5.95,5.184400000000005
Fc1ccc(C(OCCOC2CC3CCC(C2)N3)c2ccc(F)cc2)cc1,5.95,4.370400000000004
O=C(O)C(=O)O.O=C1CCc2ccccc2N1CCCCN1CCN(c2ccccc2)CC1,5.95,2.7238000000000007
COc1ccc(C2CCN(Cc3ccc4c(c3)OCC(=O)N4)CC2)cc1,5.95,3.4057000000000013
CN(C)C(=O)N[C@H]1CC[C@H](CCNCC2CC2c2cccc(Cl)c2Cl)CC1,5.95,4.906600000000004
O=C(C[C@@H]1COCCO1)N[C@H]1CC[C@H](CCN2CCN(c3nccc4c3CCO4)CC2)CC1,5.95,2.0091
COc1ccccc1C(=O)NN1c2ccc(Cl)cc2N=C(N2CCN(C)CC2)c2ccccc21,5.95,4.470800000000004
CCCN(CCCCNC(=O)c1ccc2ccccc2c1)CC1CC1c1cc(Cl)ccc1OC.Cl,5.95,6.949300000000008
COc1ccc(-c2c(=O)n(CCCCN3CCCC(c4c[nH]c5ccccc45)C3)c(=O)n3ccccc23)cc1,5.95,5.277900000000005
C[C@@H]1Cc2ccccc2N1C(=O)CN1CCN(Cc2ccccc2Cl)CC1,5.94,3.4354000000000022
CN1CCN(C2=Nc3cc(Cl)ccc3N(NC(=O)c3ccccc3)c3ccccc32)CC1,5.94,4.462200000000004
CCCN(CCCCNC(=O)c1ccc2ccccc2c1)C[C@H]1C[C@@H]1c1cccc(Cl)c1Cl.Cl,5.94,7.594100000000007
O=C(NC/C=C/C[N+]1([O-])CCN(c2cccc(Cl)c2Cl)CC1)c1ccc(-c2ccccn2)cc1,5.94,5.176200000000004
COCC(=O)N[C@H]1CC[C@H](CCN2CCN(c3nccc4occc34)CC2)CC1,5.94,2.6613000000000007
O=C(NCCCCN1CCN(c2cccc(Cl)c2Cl)CC1)c1ccc2ccccc2c1,5.94,5.478800000000005
COc1ncccc1-c1nnc(SCCCN2CC[C@]3(C[C@@H]3c3ccc(C(F)(F)F)cc3)C2)n1C,5.94,5.2663000000000055
CC(=O)Nc1ccc(OCCCCN2CCC(c3noc4cc(F)ccc34)CC2)cc1,5.94,4.963900000000005
c1ccc(OC[C@@H]2CC[C@H]3CN(c4ncccn4)CCN3C2)cc1,5.94,2.4562
O=C1Cc2ccccc2C(=C2CCN(CCCCN3C(=O)c4ccccc4C3=O)CC2)c2ccsc21,5.94,5.461000000000006
Cl.O=C1c2ccccc2CCC12CCN(Cc1ccc(F)cc1)CC2,5.94,4.658800000000004
Cc1ncoc1-c1nnc(CCCCN2CC3CCN(c4ccc(F)cc4)C3C2)n1C,5.94,3.4510200000000024
CC(C)(C)OC(=O)NC[C@H]1CC[C@H](CN2CCc3ccccc3C2)CC1,5.94,4.375800000000004
Cl.Fc1ccc2c(c1)CC(CCN1CCc3ccccc3C1)C2,5.94,4.410700000000004
CCCCC(=O)N[C@H]1CC[C@H](CCN2CCN(c3nccc4c3CCO4)CC2)CC1,5.94,3.3938000000000015
Cc1nc(C(N)=O)ccc1-c1nnc(SCCCN2CC[C@]3(C[C@@H]3c3ccc(C(F)(F)F)cc3)C2)n1C,5.94,4.665020000000005
COc1ccc(C2(C)NC(=O)N(CC(O)CN3CCN(c4ccccc4OC)CC3)C2=O)cc1.Cl,5.93,2.0757
Cl.O=C(CCCN1CCc2ccccc2CC1)c1ccc(Cl)cc1,5.93,4.825500000000004
Cc1nc(N)sc1CCCN/C(N)=N/C(=S)N[C@H](C)c1ccccc1,5.93,2.5063200000000005
O=C(CCCN1CCN(c2cccnc2)CC1)c1ccc(F)cc1.O=C(O)C(=O)O,5.93,2.1614
O=C(NCCCCN1CCN(c2ccnc3ccccc23)CC1)N1CCN(c2ccccc2)CC1,5.93,3.6688000000000027
Cc1cccc(N2CCN(C(=O)NCCCCN3CCN(c4cc(C(F)(F)F)nc(C(C)C)n4)CC3)CC2)c1C,5.93,4.669640000000005
c1cnc(N2CCN(Cc3c[nH]c4ncccc34)CC2)nc1,5.93,1.6751
Cn1c(SCCCN2CC[C@@]3(C[C@@H]3c3ccc(C(F)(F)F)cc3)C2)nnc1C1CCOCC1,5.93,5.089700000000005
CN1CCCC(n2nc(Cc3ccc(Cl)cc3)c3ccccc3c2=O)CC1.Cl,5.93,4.719300000000006
Cc1cccc(N2CCN(C(=O)NCCCCN3CCN(c4cc(C(F)(F)F)nc(C(C)(C)C)n4)CC3)CC2)c1C,5.93,4.843740000000005
CN(C)C(=O)C(CCN1C[C@H](O)C[C@H]1CN1CCN(c2cccc(Cl)c2Cl)CC1)(c1ccccc1)c1ccccc1,5.93,5.015200000000005
CN1CCN(C2=Nc3ccccc3N(NC(=O)c3cccc(C#N)c3)c3ccc(Cl)cc32)CC1,5.93,4.333880000000003
COc1ccc2c3c(c(=O)oc2c1)CN(Cc1ccc(C)cc1)CC3,5.93,3.6683200000000022
Cc1ccc2c3c(c(=O)oc2c1)CN(Cc1ccc(Cl)cc1)CC3,5.93,4.313120000000003
CC(=O)N1CCC(c2nnc(SCCCN3CC[C@]4(C[C@@H]4c4ccc(C(F)(F)F)cc4)C3)n2C)CC1,5.93,4.921600000000004
CCc1ccc2c(n1)C(=O)N(CCN1CCC(c3noc4ccccc34)CC1)CC2,5.93,3.6631000000000027
COC(=O)[C@@H]1Cc2ccccc2N1C(=O)CN1CCN(Cc2ccc(Cl)cc2)CC1,5.93,2.5885000000000007
COc1c(C(=O)NCCN2CCN(c3cccc(C)c3C)CC2)cc(Br)c2ccccc12,5.93,4.779740000000004
O=S(=O)(c1ccc2cccnc2c1)n1cc(C2=CCNCC2)c2cc(Cl)ccc21,5.93,4.4566000000000034
CN1CCC(C2=Nc3cc(Cl)ccc3Nc3ccccc32)=CC1(C)C,5.93,5.5583000000000045
Cl.O=C1c2ccccc2CCC12CCN(CC1CCCCC1)CC2,5.93,4.899800000000004
COc1ccc2c(c1)c(-c1[nH]c(NCc3ccccc3)nc1C)cn2S(=O)(=O)c1ccccc1,5.93,5.1975200000000035
CCCN(CCCSc1nnc(-c2ccccc2)n1C)CC1CC1c1cc(F)ccc1OC.Cl,5.93,6.049500000000007
O=C1c2ccccc2C(=O)N1CCCCN1CCCN(C(c2ccccc2)c2ccccc2)CC1,5.93,4.8601000000000045
Cc1nc(N)[nH]c1-c1cn(S(=O)(=O)c2cccc3ccccc23)c2ccccc12.Cl,5.93,4.734020000000004
Cc1ncoc1-c1nnc(SCCCN2C[C@@H]3CN(c4ccc(C(F)(F)F)cc4)[C@@H]3C2)n1C,5.92,4.100120000000003
Cc1cc2c(cn1)C(=O)N(CCN1CCN(c3noc4ccccc34)CC1)CC2(C)C,5.92,3.0868200000000012
O=C(NCCN1CCN(c2cccc(Cl)c2Cl)CC1)c1cccc(C#Cc2ccccc2)c1,5.92,4.945200000000004
CCCN(CCC)[C@H]1CCc2c(cccc2-c2c(OC)cccc2OC)C1,5.92,5.350100000000006
CC(C)(C)c1nc(N2CCN(CCCCNC(=O)N3CCN(c4ncccn4)CC3)CC2)cc(C(F)(F)F)n1,5.92,3.0169000000000015
Cn1c(SCCCN2C[C@H]3CCN(c4ccc(F)cc4)[C@H]3C2)nnc1-c1cc[nH]c(=O)c1,5.92,3.0024000000000015
CC(C)(C)c1nc(N2CCN(CCCCNC(=O)N3CCc4[nH]c5ccc(Cl)cc5c4C3)CC2)cc(C(F)(F)F)n1,5.92,5.597700000000005
O=c1ccc2c(N3CCNCC3)ccc(O)c2[nH]1,5.92,0.6432999999999996
Cc1ccc(C2CCN(CCC3NC(=O)c4ccccc43)CC2)cc1C,5.92,4.3576400000000035
O=C(NC1CCN(Cc2ccccc2)C1)c1ccc(-c2ccsc2)cc1,5.92,4.419400000000004
NS(=O)(=O)c1ccc(CSc2nc3ccccc3n2Cc2ccc(Cl)cc2)cc1,5.92,4.677700000000003
CCCN1CCO[C@@H]2c3cc(C(N)=O)ccc3CC[C@H]21,5.92,1.8836
Fc1ccc(OC[C@@H]2CC[C@H]3CN(c4ncccn4)CCN3C2)cc1,5.92,2.595300000000001
COc1c(C(=O)NCCN2CCN(c3cccc(C)c3)CC2)cc(Br)c2ccccc12,5.92,4.471320000000004
CCCN1CCO[C@@H]2c3cc4c(=O)[nH]ccc4cc3CC[C@H]21,5.92,2.6262000000000008
O=C(NCCCCN1CCc2sc(OCC(F)(F)F)nc2C1)c1ccc2ccccc2c1,5.92,4.805700000000004
Cc1nnn(C2CCN(Cc3ccccc3)CC2)c1-c1ccccc1,5.92,4.090620000000003
Fc1ccc2c(CCNCc3cccc(OCC(F)(F)C(F)F)c3)c[nH]c2c1,5.92,4.918500000000003
Cc1nc(CC(=O)N[C@H]2CC[C@](F)(CCN3CCc4ccc(CCC(F)(F)F)nc4CC3)CC2)nn1C,5.92,3.813920000000002
Cn1cc(CC(=O)N[C@H]2CC[C@H](CCN3CCc4ccc(CCC(F)(F)F)nc4CC3)CC2)cn1,5.92,4.018400000000002
Cc1nc(CC(=O)N[C@H]2CC[C@H](CCN3CCc4ccc(CCC(F)(F)F)nc4CC3)CC2)no1,5.92,3.976320000000003
Cn1cc(CC(=O)N[C@H]2CC[C@H](CCN3CCc4ccc(OCC(F)F)nc4CC3)CC2)c(F)n1,5.92,3.3065000000000007
CCCN1CCc2cccc3c2C1Cc1cccc(OCc2cn(CCCN4CCN(c5ccccc5OC)CC4)nn2)c1-3,5.92,5.610300000000006
COc1ccccc1N1CCN(CC(O)CCn2cc(-c3ccccc3)nn2)CC1,5.92,2.5269000000000004
Cc1nnc(CC(=O)N[C@H]2CC[C@H](CCN3CCc4ccc(OCC(F)F)nc4CC3)CC2)o1,5.92,3.1253200000000003
O=c1sc2ccccc2n1CCN1CCN(Cc2ccc(Cl)cc2)CC1,5.92,3.534200000000002
Cc1nc(CC(=O)N[C@H]2CC[C@](F)(CCN3CCc4nc(OCC(F)F)sc4CC3)CC2)no1,5.92,3.278920000000001
CCCN(CCC)C1CCc2nc(OC)ccc2C1,5.92,3.0695000000000014
Cc1cccc(OCCOCCN2CCN(CCc3ccccc3)CC2)c1C.Cl.Cl,5.92,4.402740000000006
Cn1cc2c(C(=O)N[C@H]3CC[C@H](CCN4CCC5CC5(c5cc(C(C)(F)F)on5)C4)CC3)cccc2n1,5.92,5.015300000000005
CCC(C)C(=O)N[C@H]1CC[C@H](CCN2CCC(c3cccc4c3CCO4)CC2)CC1,5.92,4.912100000000005
Cn1cc2c(CC(=O)N[C@H]3CC[C@H](CCN4CCc5nc(OCC(F)(F)F)sc5CC4)CC3)cccc2n1,5.92,4.679300000000004
COc1ccc2c(c1)c(-c1cnc(N)[nH]1)cn2S(=O)(=O)c1ccccc1.Cl,5.92,3.281000000000001
COc1ccc(OCCCCN2CCN(C(=O)c3cc4ccccc4[nH]3)CC2)cc1,5.92,3.7935000000000025
Cc1ncc(CC(=O)NC23CCC(CCN4CCc5nc(OCC(F)(F)F)sc5CC4)(CC2)CC3)cn1,5.92,4.425220000000004
CC[C@@H](C)Oc1ccc2c(n1)CCN(CC[C@]1(F)CC[C@@H](NC(=O)Cc3nnc(C)o3)CC1)CC2,5.92,3.750820000000002
CC(Oc1nc2c(s1)CCN(CC[C@H]1CC[C@H](NC(=O)c3cccc4nn(C)cc34)CC1)CC2)C(F)F,5.92,4.841700000000005
Cc1nc(CC(=O)N[C@H]2CC[C@H](CCN3CCc4ccc(O[C@H](C)C(F)(F)F)nc4CC3)CC2)nn1C,5.92,3.5565200000000017
CC(C)(C)OC(=O)N1CCCC1CNC1CCC(c2cc(F)ccc2F)(S(=O)(=O)c2ccc(Cl)cc2)CC1,5.91,6.219100000000006
O=c1c2cncnc2ccn1CCN1CCC(c2noc3ccccc23)CC1,5.91,2.8123000000000014
Cc1oc(-c2ccco2)nc1CN1CCN([C@@H]2CCc3ccccc3C2)CC1,5.91,3.9181200000000027
Cc1cc(OCc2nc(N)nc(N3CCN(C)CC3)n2)ccc1Cl,5.91,1.7464199999999996
CCCN(CC[C@]1(O)C[C@@H](NC(=O)c2ccc3ccccc3c2)C1)[C@H]1C[C@@H]1c1cccc(Cl)c1,5.91,5.7747000000000055
Cc1ccc(-c2nnc(SCCCN3CC[C@]4(C[C@@H]4c4ccc(C(F)(F)F)cc4)C3)n2C)c(C)n1,5.91,5.874540000000006
CCCCN(CCc1ccccc1)CCc1cccc(O)c1,5.91,4.279500000000005
Cl.O=C(CN1C2CCC1CC(O)(c1ccc(Cl)cc1)C2)c1ccc(F)cc1,5.91,4.598200000000004
Cc1ncsc1-c1nnc(SCCCN2CC[C@]3(C[C@H]3c3ccc(C(F)(F)F)cc3)C2)n1C,5.91,5.627620000000006
O=S(=O)(c1cncc2ccccc12)N1CCC(CCN2CCN(c3ccccc3)CC2)CC1,5.91,3.847800000000003
O=S(=O)(c1cccc2ncccc12)N1CCC(CCN2CCN(c3ccccc3)CC2)CC1,5.91,3.847800000000003
Clc1ccc2c(c1)CC(CCN1CCN(c3ccccn3)CC1)C2,5.91,3.6621000000000024
CN(C)C(=O)C(CCNCCCCN1CCc2ccc(C#N)cc2C1)(c1ccccc1)c1ccccc1,5.91,4.750780000000004
CCCN(CCCCNC(=O)c1ccc(-c2ccccn2)cc1)C[C@H]1C[C@@H]1c1cc(F)ccc1OC.Cl,5.91,6.343800000000008
O=C1C(=O)N(CCN2CCN(Cc3ccc(Cl)cc3)CC2)c2ccccc21,5.91,2.687100000000001
Cc1ccc2c(c1)N=C(C1=C[C@H](C)N(C)CC1)c1cc(OC(F)(F)F)ccc1N2,5.91,5.721820000000004
Cn1c(SCCCN2C[C@@H]3CCN(c4ccc(C(F)(F)F)cc4)[C@@H]3C2)nnc1[C@@H]1COCCO1,5.91,3.6147000000000027
O=C(CN1C2CCC1CC(O)(c1ccc(Cl)cc1)C2)c1ccc(F)cc1,5.91,4.176400000000004
CN1CCN(c2cc(-c3ccc(C(F)(F)F)cc3)c3ccn(S(C)(=O)=O)c3n2)CC1,5.91,3.281600000000002
CN1CCN(c2nc(N)nc(COc3ccc(Cl)cc3Cl)n2)CC1,5.91,2.0913999999999997
CCC1(CC)CC(OCCCN2CCN(c3cccc(C(F)(F)F)n3)CC2)(c2ccccn2)CCO1,5.91,5.2888000000000055
COc1ccc2c(c1)c(-c1nc3n(c1C)CCCN3)cn2S(=O)(=O)c1ccccc1.Cl,5.91,4.296220000000004
CCCN(CCCCNC(=O)c1ccc(-c2ccccc2)cc1)C1CCc2nc(SC)ncc2C1,5.9,5.645000000000006
Cn1c(SCCCN2CC3CCN(c4ccc(F)cc4C(F)(F)F)C3C2)nnc1-c1cnccn1,5.9,4.122900000000003
O=C(CCCN1C2CCC1CN(c1ccc(Cl)cn1)C2)c1ccc(F)cc1,5.9,4.1902000000000035
CC(=O)Oc1c(Br)cc2c(c1OC(C)=O)-c1cccc3c1[C@@H](C2)N(C)CC3,5.9,4.051800000000003
Nc1nc(-c2ccccc2)c2c(n1)-c1cc(OCCCN3CCCC3)ccc1C2,5.9,4.161700000000003
CS(=O)(=O)N[C@H]1CC[C@H](CCN2CCN(c3nccc4c3CCO4)CC2)CC1,5.9,1.6366000000000005
COc1cccc2cc(C(=O)NCCCCN3CCN(c4cccc5nccnc45)CC3)oc12,5.9,3.7168000000000028
N#Cc1ccc2c(c1)CCN(CC[C@H]1CC[C@H](NC(=O)c3ccnc4ccccc34)CC1)CC2,5.9,4.885980000000004
O=C(CCC(F)(F)F)N[C@H]1CC[C@H](CCN2CCN(c3nccc4c3CCO4)CC2)CC1,5.9,3.5461000000000027
CN(C)CCN(Cc1ccc(-c2ccc(CNCCc3ccccc3)cc2)cc1)C(=O)CCC1CCCC1.O=C(O)C(F)(F)F.O=C(O)C(F)(F)F,5.9,7.813100000000008
O=C(NCCCCN1CCN(c2ccc3ccccc3n2)CC1)c1cn2cccnc2n1,5.9,2.6097
O=C(/C=C/c1ccccc1)N(Cc1ccc(-c2ccc(CNCCc3ccccc3)cc2)cc1)Cc1cccnc1.O=C(O)C(F)(F)F,5.9,7.9564000000000075
CC(C)(O)C(=O)N[C@H]1CC[C@H](CCN2CCN(c3nccc4c3CCO4)CC2)CC1,5.9,1.9744999999999993
O=C(/C=C/c1ccccc1)NCCCCN1CCc2ccccc2C1,5.9,3.654500000000003
O=C1COc2ccccc2N1CCCN1CCC(n2c(=O)[nH]c3cccnc32)CC1,5.9,2.1772
CS(=O)(=O)Oc1cccc2c1CC[C@@H]1[C@@H]2CCCN1CCCCNC(=O)c1ccc(-c2ccccc2)cc1,5.9,5.396400000000005
CCCN(CCCCNC(=O)c1ccc(-c2ccccc2)cc1)C1CCc2ncncc2C1,5.9,4.923100000000005
Cc1ccc2c(OCCN3CCC(Cc4ccc5c(c4)NC(=O)CO5)CC3)cccc2n1,5.9,4.207620000000003
Cc1ccc2c(OCCN3CCC(Cc4ccc5c(c4F)NC(=O)CO5)CC3)cc(Cl)cc2n1,5.9,5.0001200000000035
Cc1ccc2c(OCCN3CCC(Cc4ccc5c(c4F)NC(=O)CO5)CC3)cc(F)cc2n1,5.9,4.485820000000003
Cn1c(SCCCN2CC[C@@]3(C[C@@H]3c3ccc(C(F)(F)F)cc3F)C2)nnc1C1CCOCC1,5.9,5.228800000000005
Cc1cc2c(cn1)C(=O)N(CCN1CCN(c3noc4ccccc34)CC1)CC2,5.9,2.3517200000000003
O=C(CC1CCCO1)N[C@H]1CC[C@H](CCN2CCN(c3nccc4c3CCO4)CC2)CC1,5.9,2.7727000000000013
CCS(=O)(=O)c1ccc(OC)c(-c2ccc(CN3CCCCCC3c3ccccc3C)[nH]2)c1,5.9,5.909620000000006
CN1CCN(C2=Nc3ccccc3N(NC(=O)c3ccc4c(c3)OCO4)c3ccc(Cl)cc32)CC1,5.9,4.190900000000004
COc1cc2ccccc2cc1CC(=O)CC1CCN(Cc2ccccc2)CC1,5.9,5.262300000000005
N#Cc1ccc2c(c1)CCN(CC[C@H]1CC[C@H](NC(=O)c3cccc4ccccc34)CC1)CC2,5.9,5.490980000000005
O=C(/C=C/c1ccc(Cl)c(Cl)c1)N[C@H]1CC[C@@H](CN2[C@@H]3CC[C@H]2C[C@H](c2c[nH]c4ccc(O)cc24)C3)CC1,5.9,7.279100000000007
Cc1cnc2c(c1)CCN(CCN1CCN(c3noc4ccccc34)CC1)C2=O,5.9,2.3517200000000003
CCCCCCNC(=O)/N=C(\N)NC1CCc2nc(N)sc2C1,5.9,1.7768
CCOc1ccccc1CNCc1cccc(CCNC[C@H](O)c2ccc(O)c3[nH]c(=O)sc23)c1,5.9,3.849400000000002
CC(c1ccc(Cl)cc1)N1CCN(CC(=O)N2c3ccccc3CC2C)CC1,5.9,3.996400000000003
O=c1[nH]c2ccccc2n1C1CCN(C2CCCCC2)CC1,5.899998417198648,3.2992000000000017
COc1cccc([C@H](O)C2CCN(CCc3ccc(F)cc3)CC2)c1OC,5.89,3.831000000000003
O=C1c2cnccc2CCN1CCN1CCN(c2nsc3ccccc23)CC1,5.89,2.511800000000001
CC1(c2ccc(Cl)cc2)NC(=O)N(CC(O)CN2CCN(c3ccccc3C#N)CC2)C1=O.Cl,5.89,2.583580000000001
Cc1cc(CC(=O)N[C@H]2CC[C@H](CCN3C[C@@H]4C[C@]4(c4cc(C(C)(F)F)on4)C3)CC2)on1,5.89,3.963820000000003
Cc1ncoc1-c1nnc(SCCCN2CC[C@@]3(C[C@H]3c3ccc(F)cc3C(F)(F)F)C2)n1C,5.89,5.298220000000005
Cc1ccc2[nH]c(C(=O)N3CCN(CCOc4cccnc4)CC3)cc2c1,5.89,2.708120000000001
Cn1c(SCCCN2C[C@H]3CCN(c4ccccc4)[C@H]3C2)nnc1C1CCOCC1,5.89,3.402000000000002
Cn1cc(CC(=O)N[C@H]2CC[C@](F)(CCN3CCc4nc(OCC(F)F)sc4CC3)CC2)c(F)n1,5.89,3.4601000000000015
Cc1nnc(CC(=O)NC23CCC(CCN4CCc5nc(OCC(F)(F)F)sc5CC4)(CC2)CC3)o1,5.89,4.018220000000003
CCc1ncccc1C(=O)N[C@H]1CC[C@H](CCN2CCc3ccc(OC4CCC4)nc3CC2)CC1,5.89,4.749800000000005
O=S(=O)(NCCCCN1CCN(c2noc3ccccc23)CC1)c1cc2ccccc2s1,5.89,3.923200000000003
Cn1c(SCCCN2CC[C@]3(CC3c3ccc(C(F)(F)F)cc3)C2)nnc1C1CCOCC1,5.89,5.089700000000005
CCCN(CCCCOc1ccc2c(c1)NC(=O)CC2)Cc1cc2cccc(OCC)c2o1,5.89,5.787400000000006
CC(C)(C)c1nc(N2CCN(CCCCNC(=O)N3CCC(O)(c4ccccc4)CC3)CC2)cc(C(F)(F)F)n1,5.89,4.388300000000003
Cn1cc2c(C(=O)NN3CCC(CCN4CCc5sc(OCC(F)(F)F)nc5C4)CC3)cccc2n1,5.89,3.776100000000003
COc1cccc(N2CCN(CCNC(=O)c3cc(Br)c4ccccc4c3OC)CC2)c1,5.89,4.1715000000000035
CN(C)CCSc1cccc(C2CCCCC2)n1,5.89,3.783000000000003
CC(C)CCC(=O)N[C@H]1CC[C@H](CCN2CCN(c3nccc4c3CCO4)CC2)CC1,5.89,3.639800000000002
Cc1ncc(CC(=O)N[C@H]2CC[C@H](CCN3CCc4nc(OCC(C)(F)F)sc4CC3)CC2)o1,5.89,4.181920000000003
C1=C(/C=C/c2ccccc2)CCN(CCc2cc3ccc[nH]c-3n2)C1,5.89,4.4025000000000025
CCCN1CCC[C@@H]2Cc3c(ccc(O[C@@H]4O[C@H](C(=O)O)[C@@H](O)[C@H](O)[C@H]4O)c3O)C[C@H]21,5.89,0.2523999999999997
c1ccc(CCC2CN(Cc3c[nH]c4ccccc34)CCO2)cc1,5.89,4.001500000000003
CC(C)(C)c1nc(N2CCN(CCCCNC(=O)N3CCC(Oc4ccccc4)CC3)CC2)cc(C(F)(F)F)n1,5.89,4.948100000000004
COc1c(C(=O)NCCN2CCN(c3cccc([N+](=O)[O-])c3)CC2)cc(Br)c2ccccc12,5.89,4.071100000000003
O=C(N[C@H]1CCN(Cc2ccc(C(F)(F)F)cc2)C1)c1cccc(-c2cccs2)c1,5.89,5.438200000000004
c1ccc(CCN2CCC(c3cc(-c4ccncc4)[nH]n3)CC2)cc1,5.89,3.8938000000000024
Oc1cc2c(cc1O)[C@H]1c3cnccc3CN[C@@H]1CC2,5.89,2.042699999999999
COc1ccc2c(n1)C(=O)N(CCN1CCN(c3noc4ccccc34)CC1)CC2,5.89,2.0519
Cc1c(-c2ccccc2)nc(O)n1C1CCN(Cc2cccc(Cl)c2)CC1,5.89,5.054620000000004
Cc1nc2c(o1)C(=O)N(CCN1CCC(c3noc4ccccc34)CC1)CC2,5.89,3.0021200000000015
CN1CCN(C2=Nc3cc(Cl)ccc3N(NC(=O)c3cc(F)c(F)c(F)c3F)c3ccccc32)CC1,5.89,5.018600000000005
NC[C@H](O)c1ccc(O)c(O)c1,5.89,0.08989999999999998
Cc1ccc(Oc2cccc(CN3CCC(c4cccc(NC(=O)C(C)C)c4)CC3)c2)cc1,5.89,6.761420000000006
Cl.Clc1ccc(N2CCN(CCCCNc3noc(-c4ccccc4)n3)CC2)c(Cl)c1,5.89,5.479500000000004
CO[C@H]1CC[C@H](CC(=O)N[C@H]2CC[C@H](CCN3CCN(c4nccc5c4CCO5)CC3)CC2)C1,5.89,3.408800000000002
CN(C)[C@@H]1Cc2cccc3ncn(c23)C1,5.89,1.5226
c1ccc(-c2[nH]c3ccccc3c2C2CCCNC2)cc1,5.886056647693163,4.3019000000000025
O=C1NCCN1CCN1CCCC(c2c(-c3ccccc3)[nH]c3ccccc23)C1,5.886056647693163,4.039500000000003
c1ccc2c(CN3CCCCC3)c[nH]c2c1,5.886056647693163,3.1538000000000013
CN1CCN(C2=Nc3cc(Cl)ccc3N(NC(=O)c3ccc4ccccc4c3)c3ccccc32)CC1,5.88,5.6154000000000055
CN1CCc2cc(Cl)c(O)cc2[C@H]2c3cccc(C#N)c3CC[C@@H]21,5.88,3.851880000000002
Clc1ccc(N2CCN(Cc3cc4ccccn4n3)CC2)cc1,5.88,3.3099000000000016
Cc1ccc(OCCCNCCOc2ccc(Cl)cc2)cc1,5.88,4.085920000000003
CC(C)(C)c1cc(N2CCN(CCCCNC(=O)c3cn4ccccc4n3)CC2)cc(C(C)(C)C)c1,5.88,5.261500000000005
Cn1c(SCCCN2C[C@H]3CCN(c4ccc(F)cc4)[C@H]3C2)nnc1C1CCOCC1,5.88,3.541100000000003
O=C1c2cccc3cccc(c23)C(=O)N1CCCCCCN1CCN(c2ccccn2)CC1,5.88,4.213400000000003
O=C(NCCCCN1CCN2c3ccccc3Cc3ccccc3C2C1)c1ccc2ccccc2c1,5.88,5.817500000000006
COc1ccccc1-c1cccc2c1-c1cccc3c1[C@@H](C2)N(C)CC3,5.88,5.1143000000000045
Cc1ccc2c3c(ccc2n1)OC[C@H](CN1CCN(c2ccc4cc(C#N)ccc4n2)CC1)O3,5.88,3.9251000000000023
Cc1cc(CC(=O)N[C@H]2CC[C@H](CCN3CCN(c4nccc5c4CCO5)CC3)CC2)on1,5.88,2.7427200000000003
FC(F)(F)c1cccc(N2CCN(CCCOC3(c4ccccn4)CCOC4(CCCC4)C3)CC2)n1,5.88,5.042800000000004
COc1ccc2c(c1)c(-c1[nH]c(N)nc1C)cn2S(=O)(=O)c1cccc2ccccc12.Cl,5.88,4.742620000000004
CCCN1C[C@H](c2ccc(N)nc2)OC[C@@H]1C,5.88,1.8356000000000001
O=C(Cc1noc2ccccc12)N[C@H]1CC[C@H](CCN2CCN(c3nccc4c3CCO4)CC2)CC1,5.88,3.587500000000002
CN1CCc2ccc3cnc4cccc5c4c3c2[C@H]1C5,5.88,3.4731000000000023
CCc1cc(Cl)c(OC)c(C(=O)NCC2CCCN(CCCCNC(=O)c3cc4ccccc4[nH]3)C2)c1O,5.88,4.749900000000005
CCC(Oc1cccc(F)c1F)c1nc(N)nc(N2CCN(C)CC2)n1,5.88,2.0139
O=C(NCCCCN1CC[C@]2(c3cccc(O)c3)CCC[C@H]1[C@H]2O)c1cc2ccccc2[nH]1,5.88,3.9406000000000025
Cn1c(SCCCN2CC[C@]3(C[C@@H]3c3ccc(C(F)(F)F)cc3)C2)nnc1C1CCNC(=O)C1,5.87,4.189300000000003
Cc1ccc2[nH]c3c(c2c1)CN(C(=O)NCCCCN1CCN(c2cc(C(F)(F)F)nc(C(C)(C)C)n2)CC1)CC3,5.87,5.252720000000005
COc1ccc2[nH]c3c(c2c1)CN(C(=O)NCCCCN1CCN(c2cc(C(F)(F)F)nc(C(C)(C)C)n2)CC1)CC3,5.87,4.952900000000006
COc1cc(F)cc(N2CCN(CCCCNC(=O)c3ccc4nonc4c3)CC2)c1,5.87,2.702700000000001
COc1cccc2c3c(oc12)CN(CCCCOc1ccc2cccnc2c1)CC3,5.87,5.206900000000005
C(#Cc1ccccc1)COC1CCN(CCc2ccccc2)CC1,5.87,3.7618000000000027
COCCC(=O)N[C@H]1CC[C@H](CCN2CCN(c3nccc4occc34)CC2)CC1,5.87,3.051400000000001
CCCN(CCCCNC(=O)c1ccc(-c2ccccn2)cc1)C[C@@H]1C[C@H]1c1cc(F)ccc1OC.Cl,5.87,6.343800000000008
Cn1c(SCCCN2CC[C@]3(C[C@H]3c3ccc(C(F)(F)F)cc3)C2)nnc1-c1cccnc1,5.87,5.257700000000005
O=C1COc2ccccc2N1CCCN1CCC(n2c(=O)[nH]c3cnccc32)CC1,5.87,2.177199999999999
CN1CCN(C2=Nc3cc(Cl)ccc3N(NC(=O)c3cccc(C(F)(F)F)c3)c3ccccc32)CC1,5.87,5.481000000000005
CC(Oc1cccc(F)c1F)c1nc(N)nc(N2CCN(C)CC2)n1,5.87,1.6238000000000004
CCCN(CCC)C1COc2c(cccc2C(=O)c2ccoc2)C1,5.87,3.9361000000000033
CN1CCN(c2nc(N)nc(COc3ccccc3)n2)CC1,5.87,0.7845999999999991
CN1CCc2cc(Br)c(O)cc2C(c2ccccc2)C1,5.87,3.7745000000000024
O=S(=O)(c1cccc(Cl)c1)n1ccc2c(N3CCNCC3)nc3ccccc3c21,5.87,3.4895000000000023
CC(C)(C)OC(=O)NCCCN1CCC(O)(c2ccc(Cl)cc2)CC1,5.87,3.5382000000000025
O=C(CO)N[C@H]1CC[C@H](CCN2CCN(c3nccc4occc34)CC2)CC1,5.87,2.007199999999999
CCCNC1Cc2cc3nc(N)sc3cc2C1,5.87,2.3453
Cc1ncoc1-c1nnc(SCCCCN2CC[C@]3(CC3c3ccc(C(F)(F)F)cc3)C2)n1C,5.87,5.549220000000006
COc1ccc(-c2ccc(CNCCc3c[nH]c4ccc(OC)cc34)o2)cc1,5.87,4.777400000000004
O=C(c1ccc(F)cc1)C1CCN([C@H]2CCN(Cc3ccc(F)cc3)C[C@@H]2O)CC1,5.87,3.494900000000002
Br.Oc1cc2c(cc1Cl)CCNCC2c1ccccc1,5.86,3.901100000000003
COc1ccc2c(c1)Cc1ccccc1CCCN(C)CC2,5.86,3.706500000000002
O=C1Nc2ccccc2CC1N1CCN(Cc2ccc(Cl)cc2)CC1,5.86,3.0210000000000017
Cc1nc(C(=O)NCCCN2CCN(c3cccc(Cl)c3Cl)CC2)c(C)n1-c1ccccc1.Cl.Cl.Cl.Cl,5.86,6.425240000000008
CN1CCc2cc(Cl)c(O)cc2[C@H]2c3cccc(C=O)c3CC[C@@H]21,5.86,3.7927000000000026
O=c1n(Cc2ccc(CN3CCN(c4ccc(Cl)cc4)CC3)cc2)nc2ccccn12,5.86,3.5199000000000025
Cn1c(SCCCN2CC[C@]3(C[C@@H]3c3ccc(C(F)(F)F)cc3)C2)nnc1-c1cccnn1,5.86,4.652700000000004
COC(CC(=O)N[C@H]1CC[C@H](CCN2CCN(c3nccc4c3CCO4)CC2)CC1)OC,5.86,2.2126
CCN(CCN1CCC(c2noc3ccccc23)CC1)C(=O)C(C)O,5.86,2.236500000000001
O=C(CCCN1CCN(c2cccc(Cl)c2Cl)CC1)N1C=CN(Cc2ccccc2)C(=O)C1,5.86,4.237800000000004
CN1CC=C(C2=Nc3cc(Cl)ccc3Nc3ccccc32)CC1,5.86,4.779700000000004
COc1cccc(C(=O)NN2c3ccccc3N=C(N3CCN(C)CC3)c3cc(Cl)ccc32)c1,5.86,4.470800000000004
COc1ccc2[nH]cc(CN3CCC(O)(c4ccccc4)CC3)c2c1.O=C(O)C(=O)O,5.86,2.8157000000000005
N#Cc1ccc(CNC(=O)CCCCCN2CCN(c3ccc(F)cc3-c3ccc(C#N)cc3)CC2)cc1,5.86,5.234860000000006
CN1CCc2cc(Cl)c(O)cc2[C@H]2c3cccc(N4CCCC4=O)c3CC[C@@H]21,5.86,4.107000000000003
C[C@@H]1C=C(C2=Nc3cc(Cl)ccc3Nc3ccccc32)CCN1C,5.853871964321762,5.168200000000004
COc1ccc2c(c1)C(C1=C[C@H](C)N(C)CC1)=Nc1cc(C)ccc1N2,5.853871964321762,4.831820000000004
Cc1ccc2c(c1)N=C(C1=C[C@H](C)N(C)CC1)c1cc(C)ccc1N2,5.853871964321762,5.131640000000004
Cc1ccc2c(c1)N=C(C1=C[C@H](C)N(C)CC1)c1ccccc1N2,5.853871964321762,4.823220000000004
Cc1cc(CC(=O)N[C@H]2CC[C@H](CCN3CCc4nc(OCC(F)F)sc4CC3)CC2)no1,5.85,3.791820000000003
O=C(c1cc2cc(Cl)ccc2[nH]1)N1CCN(CCOc2cccnc2)CC1,5.85,3.0531000000000015
N#Cc1ccc2cc(CN3CCN(c4ccc(Cl)c(Cl)c4)CC3)[nH]c2c1,5.85,4.668580000000004
O=C(NC12CCC(CCN3CCc4nc(OCC(F)(F)F)sc4CC3)(CC1)CC2)c1cccnc1C(F)F,5.85,5.730500000000006
NC(N)=NC(=O)c1ccc2c(c1)Cc1ccccc1-2,5.85,1.6714
Cn1c(SCCCN2CC3CCN(c4ccc(C(F)(F)F)cc4)C3C2)nnc1C(=O)N1CCCC1,5.85,3.762800000000003
CCN(CC)CCCOc1ccc(-c2nc3ccccc3n2C/C=C/Cn2c(-c3ccc(OC)cc3)nc3ccccc32)cc1,5.85,8.095700000000008
CN(C)C(=O)C(CCN1C[C@H](O)C/C1=C\N1CCN(c2cccc(Cl)c2Cl)CC1)(c1ccccc1)c1ccccc1,5.85,5.488000000000007
Cc1c2c(nn1C)CCN(CCN1CCN(c3noc4ccccc34)CC1)C2=O,5.85,1.6902199999999996
Cn1ncc(CC(=O)NC23CCC(CCN4CCc5nc(OCC(F)(F)F)sc5CC4)(CC2)CC3)n1,5.85,3.455300000000002
CC1CCN(C2=Cc3cc(Cl)ccc3Cc3ccccc32)CC1,5.85,5.474200000000005
Cn1cc(CC(=O)N[C@H]2CC[C@H](CCN3CCc4sc(OCC(F)F)nc4C3)CC2)cn1,5.85,3.1864000000000017
C[C@@H](O)CN1CCN(c2cccc(Cl)c2Cl)CC1,5.85,2.496200000000001
Cc1ncc(CC(=O)N[C@H]2CC[C@H](CCN3CCc4nc(OCC(F)F)sc4CC3)CC2)cn1,5.85,3.593820000000002
O=c1c2cnc(C3CC3)nc2ccn1CCN1CCN(c2nsc3ccccc23)CC1,5.85,3.1008000000000013
Cc1ncc(CC(=O)N[C@H]2CC[C@H](CCN3CCc4ccc(OCC(C)F)nc4CC3)CC2)s1,5.85,4.291720000000003
Cn1c(SCCCN2C[C@H]3CCN(c4ccccc4C(F)(F)F)[C@H]3C2)nnc1-c1cccnc1,5.85,4.588800000000004
Cc1noc2c1C(=O)N(CCN1CCN(c3nsc4ccccc34)CC1)CC2,5.85,2.413220000000001
O=[N+]([O-])c1ccc(OCCNCCCOc2ccccc2)cc1,5.85,3.032300000000001
CCCN(CCCCNC(=O)c1cc2ccccc2[nH]1)CC1CC1c1cc(Cl)ccc1OC.Cl,5.85,6.277400000000007
COc1ccc(-c2cc(CCCCN3CCN(c4ccccc4C)CC3)on2)cc1OC.Cl,5.85,5.233920000000006
Fc1ccc2c([C@@H]3CNCC[C@H]3F)c(-c3cccc4ccccc34)[nH]c2c1,5.85,5.542200000000004
O=S(=O)(c1ccccc1)C1CCN(CCc2ccc(F)cc2F)CC1,5.85,3.4456000000000024
CCCCCN(CCc1ccccc1)CCc1cccc(O)c1,5.85,4.669600000000005
CC1Cc2ccccc2N1C(=O)CC1CCN(Cc2ccccc2F)CC1,5.85,4.405600000000004
O=S(=O)(c1ccc2ncccc2c1)n1cc(C2=CCNCC2)c2ccccc21,5.85,3.803200000000002
Cn1cc(CC(=O)N[C@H]2CC[C@H](CCN3CCc4ccc(OCC(F)F)nc4CC3)CC2)cn1,5.85,3.1674000000000007
Cc1ncc(CC(=O)N[C@H]2CC[C@](F)(CCN3CCc4nc(OCC(F)F)sc4CC3)CC2)o1,5.85,3.8839200000000034
Clc1cccc(N2CCN(CCCOc3ccc(-c4nc5ccccc5[nH]4)cc3)CC2)c1,5.85,5.4744000000000055
CC(=O)Nc1cccc(C2CCN(CCCC(=O)c3ccc(Cl)cc3)CC2)c1,5.85,5.140900000000005
COc1ccc(Oc2ccc(CN3CCC(c4cccc(NC(=O)C(C)C)c4)CC3)cc2)cc1,5.85,6.461600000000006
Fc1ccc2c(c1)CC(CCN1CCN(c3ccc(Cl)cc3)CC1)C2,5.85,4.406200000000004
COc1cccc(C(=O)NCCCCN2CCN(c3cccc(Cl)c3Cl)CC2)c1,5.85,4.334200000000004
Cc1ccc2c(n1)CN[C@@H]1CCc3cc(O)c(O)cc3[C@@H]21,5.85,2.3511200000000008
CNc1cc[n+](CCNC(=O)c2ccn3c(-c4c(C)noc4C)cnc3c2)cc1.[Cl-],5.85,-0.6306599999999998
O=Cc1cccn1C1CCN(Cc2ccccc2)CC1,5.85,3.1377000000000015
Cl.O=C1C(c2ccc(F)cc2)=COC12CCN(Cc1ccccc1)CC2,5.85,4.222500000000003
COc1ccc(CN2CCC3(CCc4ccccc4C3=O)CC2)cc1.Cl,5.85,4.528300000000005
C1=C(c2nc3ccccc3[nH]2)CCN(Cc2ccccc2)C1,5.85,3.8522000000000016
CC(C)(C)c1nc(N2CCN(CCCCNC(=O)c3cn4ccccc4n3)CC2)c2ccccc2n1,5.84,3.9072000000000022
Cl.O=C1CC2(CCN(Cc3ccccc3)CC2)OC=C1c1ccccc1,5.84,4.473500000000004
Br.CCCN(CCC)C1CCc2ccc(O)cc2C1,5.84,3.9494000000000034
Cn1c(SCCCN2CC[C@]3(C[C@@H]3c3ccc(C(F)(F)F)cc3)C2)nnc1C1=CC=NC(=O)C1,5.84,4.580200000000004
Cc1ncoc1-c1nnc(CCCCN2CC[C@]3(CC3c3ccc(C(F)(F)F)cc3)C2)n1C,5.84,4.999620000000005
CCc1cc(Cl)c(OC)c(N2CCN(Cc3cn(CCC(C(=O)N(C)C)(c4ccccc4)c4ccccc4)nn3)CC2)c1,5.84,5.289300000000005
CC(Oc1cc(F)ccc1Cl)c1nc(N)nc(N2CCN(C)CC2)n1,5.84,2.1380999999999997
Cc1cccc(N2CCN(CCCN3C(=O)CCc4ccccc43)CC2)c1.O=C(O)C(=O)O,5.84,2.6421200000000002
C[C@@H]1Cc2ccccc2N1C(=O)CN1CCN(Cc2ccc3c(c2)OCO3)CC1,5.84,2.510700000000001
OC(COc1cccc2ccccc12)CN1CCC(Cc2ccccc2)CC1,5.84,4.534200000000004
Cc1[nH]c(-c2ccccc2)nc1CN1CCN(c2ncccn2)CC1,5.84,2.497320000000001
N#Cc1ccc2c(c1)CN(C[C@@H]1C[C@H]1CNC(=O)c1ccnc3ccccc13)CC2,5.84,3.530680000000002
CCc1cc2c(cc1N1CCN(CC(O)CCCC(=O)c3cc4ccccc4o3)CC1)OCO2,5.84,4.260000000000003
CCCCCOc1cc2c(cc1O)[C@@H]1Cc3ccc(O)c(OC)c3CN1CC2,5.84,4.330900000000004
N#Cc1ccc(C(=O)CCCN2CCc3ccccc3C2)cc1,5.84,3.579480000000003
CCc1cc2c(cc1N1CCN(CC(O)CCNC(=O)c3cc4ccccc4o3)CC1)OCO2,5.84,3.0269000000000004
COc1ccc(N2CCN(CCC3OCCc4ccccc43)CC2)cc1,5.84,3.5213000000000028
O=C(CC1COCCO1)N[C@H]1CC[C@H](CCN2CCN(c3nccc4c3CCO4)CC2)CC1,5.83,2.0091
c1ccc2c(c1)CCN1CCc3[nH]c4ccccc4c3C21,5.83,3.6715000000000018
CN(C)CC1=Cc2cn(S(=O)(=O)c3cccc4ccccc34)c3cccc(c23)O1,5.83,4.326400000000004
O=C(N[C@H]1CC[C@H](CCN2CCC(c3cccc4c3CCO4)CC2)CC1)c1ccc(C(F)(F)F)cc1,5.83,6.198600000000007
CN1CCN(C2=Nc3cc(Cl)ccc3N(NC(=O)c3cccs3)c3ccccc32)CC1,5.83,4.523700000000003
COCCC(=O)N[C@H]1CC[C@H](CCN2CCN(c3nccc4c3CCO4)CC2)CC1,5.83,2.2401
CN(C)C(=O)C(CCN1CCN(c2cccc(C(F)(F)F)n2)CC1)(c1ccccc1)c1ccccc1,5.83,4.687000000000005
Cn1c(SCCCN2C[C@@H]3CCN(c4cccnc4)[C@@H]3C2)nnc1C1CCCCC1,5.83,3.950700000000003
CC(C)OC(=O)N[C@H]1CC[C@H](CCN2CCc3ccccc3C2)CC1,5.83,4.128200000000004
CCN(CC)CCCOc1ccc(-c2nc3ccccc3n2CCCCn2c(-c3ccc(OCCCN(CC)CC)cc3)nc3ccccc32)cc1,5.83,9.421800000000001
CC(=O)N[C@H]1CC[C@H](CCN2CCN(c3ncc(C)c4occc34)CC2)CC1,5.83,3.3432200000000023
Cl.Fc1ccc(-c2cc(CCCCN3CCN(C(c4ccccc4)c4ccccc4)CC3)on2)cc1,5.83,6.632400000000008
Cc1ncccc1-c1nnc(SCCCN2CC[C@]3(C[C@@H]3c3ccc(C(F)(F)F)cc3)C2)n1C,5.83,5.566120000000006
COCCC(=O)N[C@H]1CC[C@H](CCN2CCN(c3nc(C)cc4c3CCO4)CC2)CC1,5.83,2.548520000000001
Cn1c(SCCCN2CCOC(c3ccc(C(F)(F)F)cc3)C2)nnc1-c1ccc(-c2ncco2)cc1,5.83,5.711600000000005
CCCN1CCO[C@@H]2c3cc4c(cc3CC[C@H]21)CCOC4=O,5.83,2.497600000000001
Cl.O=[N+]([O-])c1cccc(-c2cc(CCCCN3CCN(c4ccccc4)CC3)on2)c1,5.83,4.816500000000004
O=C(C[C@H]1COCCO1)N[C@H]1CC[C@H](CCN2CCN(c3nccc4c3CCO4)CC2)CC1,5.83,2.0091
COc1ccc(C2=COC3(CCN(CCc4ccccc4)CC3)CC2=O)cc1.Cl,5.83,4.524600000000005
CN1CCN(C(=O)CCCN2CCN(c3cccc(Cl)c3Cl)CC2)C(C(=O)NC(C)(C)C)C1,5.83,2.9529000000000014
NC1CCc2c(O)cccc2C1,5.83,1.2082
COc1ccc(C(=O)C2CCN([C@H]3CCN(Cc4ccc(F)cc4)C[C@@H]3O)CC2)cc1,5.83,3.3644000000000025
CCCCCCOc1cc2c(cc1O)[C@@H]1Cc3ccc(O)c(OC)c3CN1CC2,5.83,4.7210000000000045
CO[C@H]1CC[C@H](CC(=O)N[C@H]2CC[C@H](CCN3CCN(c4nccc5occc45)CC3)CC2)CC1,5.83,4.610200000000004
N#Cc1cccc(S(=O)(=O)C2CCN(CCc3ccc(F)cc3F)CC2)c1,5.823908740944319,3.317280000000002
O=S(=O)(c1ccccc1)C1CCN(CCc2ccccc2)CC1,5.823908740944319,3.1674000000000015
O=C(CN1CCC(S(=O)(=O)c2ccccc2)CC1)c1ccc(F)cc1,5.823908740944319,2.9467000000000017
O=C(CN1CCC(S(=O)(=O)c2ccccc2)CC1)c1ccc(F)cc1F,5.823908740944319,3.0858000000000017
COc1ccc(N2CCN(Cc3c[nH]c4ncccc34)CC2)cc1,5.823908740944319,2.893700000000001
O=S(=O)(c1ccccc1)C1CCN(Cc2ccccc2)CC1,5.823908740944319,3.124900000000002
Cc1c(-c2ccc(Cl)cc2)nc(N)nc1C1CCN(CCc2ccccc2)CC1,5.823908740944319,5.109720000000004
N#Cc1ccc(S(=O)(=O)C2CCN(CCc3ccc(F)cc3F)CC2)cc1,5.823908740944319,3.317280000000002
O=C1NCCN1CCN1CCC(S(=O)(=O)c2ccccc2)CC1,5.823908740944319,0.9499000000000004
O=S(=O)(c1ccccc1)C1CCN(CCCc2ccccc2)CC1,5.823908740944319,3.5575000000000028
Fc1ccc2c([C@@H]3CNCC[C@H]3F)c(-c3ccccc3)[nH]c2c1,5.823908740944319,4.389000000000002
Cc1c(-c2ccccc2)nc(O)n1C1CCN(Cc2ccccc2Cl)CC1,5.823908740944319,5.054620000000003
Cc1cccc(N2CCN(CCCC(=O)NCc3nc4cc(F)ccc4c(=O)n3-c3ccccc3)CC2)c1C,5.82,4.360240000000004
CCN(CC)CCCOc1ccc(-c2nc3ccccc3n2C/C=C\Cn2c(-c3ccc(OCCCN(CC)CC)cc3)nc3ccccc32)cc1,5.82,9.197800000000003
O=C(C#Cc1ccccc1)N(c1ccccc1)C1CCN(Cc2ccccc2)CC1.O=C(O)/C=C/C(=O)O,5.82,4.447700000000003
CC(=O)N[C@@H]1CC2(CCN(Cc3ccc4c(c3)c3ccccc3n4C(N)=O)CC2)c2ccccc21,5.82,4.836000000000004
CCOc1ccccc1N1CCN(CCCC(=O)NCc2nc3cc(F)ccc3c(=O)n2-c2ccc(OC)cc2)CC1,5.82,4.150700000000003
COc1cc(CCN2CCC(O)(c3ccc(Cl)cc3)CC2)ccc1OCCSSCCN.O=C(O)C(F)(F)F.O=C(O)C(F)(F)F,5.82,5.860200000000005
Cn1c(SCCCN2CC3CCN(c4c(F)cccc4F)C3C2)nnc1-c1cccnc1,5.82,3.848200000000003
Cc1ncc(OCC(=O)NC23CCC(CCN4CCc5nc(OCC(F)(F)F)sc5CC4)(CC2)OC3)cn1,5.82,3.250320000000001
Cn1ncc(CC(=O)N[C@H]2CC[C@](F)(CCN3CCc4ccc(CCC(F)(F)F)nc4CC3)CC2)n1,5.82,3.5055000000000023
Cc1ccc(C(=O)NN2c3ccc(Cl)cc3N=C(N3CCN(C)CC3)c3ccccc32)cc1,5.82,4.770620000000004
CC(C)(C)c1nc(N2CCN(CCCCNC(=O)N3CCN(c4cc(C(F)(F)F)nc(C(C)(C)C)n4)CC3)CC2)cc(C(F)(F)F)n1,5.82,5.333200000000005
O=C(NCCN1CCC(O)(c2ccc(Cl)cc2)CC1)NCCN1C(=O)C=CC1=O.O=C(O)C(F)(F)F,5.82,1.4808999999999997
COc1cccc(CC2NCCc3c2[nH]c2ccc(OC)cc32)c1,5.82,3.614600000000002
O=C(N[C@H]1CO[C@H](CCN2CCc3sc(OCC(F)(F)F)nc3C2)OC1)OCc1ccccc1,5.82,3.500300000000002
CCCN(C(C)C)[C@@H]1CCc2c(F)cccc2C1,5.82,3.8034000000000034
COc1ccccc1N1CCN(Cc2cn(-c3ccc(OCCCOC4O[C@H](CO)[C@@H](O)[C@H](O)[C@H]4F)cc3)nn2)CC1,5.82,1.1606999999999996
CN1CCN(c2ccc(O)c3c2OCCO3)CC1,5.82,0.9151999999999998
CC(C)(C)c1nc(N2CCN(CCCCNC(=O)C3CCC(c4ccccc4)CC3)CC2)cc(C(F)(F)F)n1,5.82,5.785300000000006
COC(=O)c1ccc(Nc2nc3ccccc3n2Cc2ccc(Cl)cc2)cc1,5.82,5.268200000000004
O=C(N[C@@H]1CCN(Cc2ccccc2)C1)c1ccc(-c2cccs2)cc1,5.82,4.419400000000004
O=S1(=O)c2ccccc2CCC12CCN(CCc1ccc(F)cc1F)CC2,5.82,3.762000000000003
CCCN(CCCCNC(=O)c1cc2ccccc2[nH]1)CC1CC1c1cccc(Cl)c1Cl.Cl,5.82,6.922200000000007
Cc1ccccc1CN1CCN(CC(=O)N2c3ccccc3CC2C)CC1,5.82,3.0904200000000017
Cc1nnc(CC(=O)N[C@H]2CC[C@H](CCN3CCc4nc(OCCC(F)(F)F)sc4CC3)CC2)o1,5.82,3.8741200000000022
Cl.O=[N+]([O-])c1cccc(-c2cc(CCCCN3CCN(C(c4ccccc4)c4ccccc4)CC3)on2)c1,5.82,6.401500000000007
CN1CCc2cc3nc(N)sc3cc2CC1,5.82,1.9089
Cl.O=C1CC2(CCN(CCc3ccccc3)CC2)OCC1c1ccc(F)cc1,5.82,4.397800000000004
O=C(N[C@H]1CC[C@H](CCN2CCN(c3cccc4c3OCO4)CC2)CC1)c1ccc(N2CCOCC2)cc1,5.82,3.7528000000000024
COc1ccc(Br)cc1C(=O)NC[C@H]1CCN(Cc2ccccc2)C1,5.82,3.7096000000000027
Cn1ncc(CC(=O)N[C@H]2CC[C@H](CCN3CCc4nc(OCC(F)F)sc4CC3)CC2)c1F,5.82,3.368000000000002
O=C(N[C@H]1CCN(Cc2ccc(F)cc2)C1)c1ccc(-c2cccs2)cc1,5.82,4.558500000000004
CC(C)(CCCN1CCCC(c2cnco2)C1)S(=O)(=O)c1ccccc1,5.82,3.886700000000003
CCC(Oc1ccccc1)c1nc(N)nc(N2CCN(C)CC2)n1,5.82,1.7356999999999998
Cc1oc(-c2ccc3ccccc3c2)nc1CN1CCO[C@H](CCN)C1,5.82,3.352820000000002
Cl.Cn1c(SCCCNCC2CC2c2cc(F)ccc2OCCF)nnc1-c1ccccc1,5.82,5.266800000000004
CCCN1CCC(c2cccc(OC)c2)CC1,5.82,3.284600000000002
Cc1nnc(CC(=O)N[C@H]2CC[C@H](CCN3CCc4ccc(OC(C)C)nc4CC3)CC2)s1,5.82,3.7371200000000018
C=CCN1CCc2cc(OC)c(O)cc2C(c2c(Cl)cccc2Cl)C1,5.82,4.883600000000005
COc1ccc(N2CCN(CCCN3CCN(c4ncccc4C#N)CC3)CC2)cc1,5.82,2.2961799999999997
Cc1ncoc1-c1nnc(SCCCN2CC3CN(c4ccc(C(F)(F)F)cc4)C3C2)n1C,5.82,4.100120000000003
COc1ccc(CCN2CCC(Nc3nc4ccccc4n3Cc3ccc(F)cc3)CC2)cc1,5.82,5.351300000000005
O=C(CCCN1CCN(c2ncccn2)CC1)c1nc2ccccc2s1,5.82,2.8714000000000013
CC1CN(CCN2CCC(c3noc4ccccc34)CC2)C(=O)c2ncccc21,5.81,3.6617000000000033
COCC(=O)N[C@H]1CC[C@H](CCN2CCN(c3nccc4c3CCO4)CC2)CC1,5.81,1.85
CC(C)c1ncc2c(n1)CCN(CCN1CCN(c3nsc4ccccc34)CC1)C2=O,5.81,3.0302000000000016
Clc1cccc(N2CCN(Cc3cccs3)CC2)c1Cl,5.81,4.377100000000003
Cn1c(SCCCN2CC[C@]3(C[C@@H]3c3ccc(C(F)(F)F)cc3)C2)nnc1-c1ccnnc1,5.81,4.652700000000004
O=C(NCCCCN1CCN(c2ccnc3cc(C(F)(F)F)ccc23)CC1)N1CCN(c2ccccc2)CC1,5.81,4.687600000000004
NC[C@@H]1O[C@H](C23CC4CC(CC(C4)C2)C3)Cc2c1ccc(O)c2O,5.81,3.2553000000000027
COc1ccccc1[C@@H]1C[C@H]1NCCC(C(=O)N(C)C)(c1ccccc1)c1ccccc1,5.81,4.605300000000004
CCCN1CCC(c2ccc3ccccc3c2)CC1,5.81,4.429200000000004
CN(CC(=O)NC(C)(C)C)C(=O)CCCN1CCN(c2cccc(Cl)c2Cl)CC1,5.81,3.2687000000000017
O=C(NCCCCN1CCN(c2ccc3ccccc3n2)CC1)c1cn2ccccc2n1,5.81,3.2147000000000014
Cn1c(SCCCN2C[C@@H]3CCN(c4ccccc4)[C@@H]3C2)nnc1C1CCOCC1,5.81,3.402000000000002
COc1cccc(C(=O)NCCCCCN2CCN(c3cccc(Cl)c3Cl)CC2)c1,5.81,4.724300000000005
COc1ccccc1N1CCN(CCCCNC(=O)N(C)c2ccccc2)CC1,5.81,3.4434000000000022
O=C(NCCCCN1CCN(c2cccc(C(F)(F)F)c2)CC1)c1ccc2ccccc2c1,5.81,5.190800000000005
O=C(C[C@H]1CC[C@H](O)CC1)N[C@H]1CC[C@H](CCN2CCN(c3nccc4occc34)CC2)CC1,5.81,3.956100000000003
O=C1c2ccc(F)cc2CC1CCN1CCN(c2ccc(Cl)cc2)CC1,5.81,4.046400000000003
CC(=O)NCc1ccc(OCCCN2CCC(c3noc4cc(F)ccc34)CC2)cc1,5.8,4.251500000000004
Cc1ncc2c(=O)n(CCN3CCN(c4noc5ccccc45)CC3)ccc2n1,5.8,2.06332
Cn1cc(CC(=O)NC2CCC(CCN3CCc4ccc(OCC(F)F)nc4CC3)CC2)c(F)n1,5.8,3.3065000000000007
Cc1nc(CC(=O)N[C@H]2CC[C@](F)(CCN3CCc4nc(OCC(F)(F)F)sc4CC3)CC2)nn1C,5.8,3.321620000000001
CC1CN(CCCCNC(=O)C(C)(C)C)CCN1c1ccc(Cl)cc1,5.8,3.793000000000003
Fc1ccc2c([C@@H]3CNCC[C@H]3F)c(-c3ccsc3)[nH]c2c1,5.8,4.450500000000003
CN1CCc2cc(Br)c(O)cc2C(c2ccc(N)cc2)C1,5.8,3.356700000000001
CCCN(CCCCNC(=O)c1ccc(-c2ccccc2)cc1)C1CCc2ncnc(OC)c2C1,5.8,4.931700000000005
O=c1[nH]c2c(O)ccc([C@@H](O)CNCCSCCCNCCc3ccccc3Cl)c2s1,5.8,3.5272000000000014
Cn1cc2c(C(=O)NC34CCC(CCN5CCc6nc(OCC(F)(F)F)sc6CC5)(CC3)CC4)cccc2n1,5.8,5.2846000000000055
Cc1cccc(S(=O)(=O)N2CCC[C@@H]2CCN2CCC(C)CC2)c1,5.8,3.270120000000002
Cc1ncc(OCC(=O)N[C@H]2CC[C@H](CCN3CCc4nc(OCC(F)F)sc4CC3)CC2)cn1,5.8,3.4301200000000014
Cc1cc(CC(=O)N[C@H]2CC[C@H](CCN3CCc4sc(C5CC(F)(F)C5)nc4C3)CC2)on1,5.8,4.618120000000005
O=c1[nH]c2c(O)ccc([C@@H](O)CNCCCSCCNCCc3cccc(Cl)c3)c2s1,5.8,3.5272000000000014
O=C(NCCCCN1CCC(N(Cc2ccccc2)c2ccccc2)CC1)c1cc2ccccc2s1,5.8,6.582500000000007
O=S(=O)(c1ccccc1)N1Cc2cccc(N3CCN(C4CCC4)CC3)c2C1,5.8,3.0656000000000017
Cc1ncoc1-c1nnc(SCCCN2CC[C@]3(C[C@@H]3c3ccccc3C(F)(F)F)C2)n1C,5.8,5.159120000000005
CCCN(CCCCNC(=O)c1ccc(-c2ccccc2)cc1)C1CCc2nc(C(C)(C)C)ncc2C1,5.8,6.220600000000007
Cn1ncc(CC(=O)N[C@H]2CC[C@H](CCN3CCc4ccc(OCC(F)F)nc4CC3)CC2)c1F,5.8,3.3065000000000015
CC(C)(C)C(=O)NCCCCN1CCN(c2ccc(Br)cc2)CC1,5.8,3.513600000000002
COc1ccc(Br)cc1C(=O)NC[C@@H]1CCN(Cc2ccccc2)C1,5.8,3.7096000000000027
Clc1ccc(N2CCN(Cc3cccs3)CC2)cc1Cl,5.8,4.377100000000003
Cc1ncc2c(=O)n(CCN3CCC(c4noc5ccccc45)CC3)ccc2n1,5.8,3.120720000000002
C[C@H](Oc1nc2c(s1)CCN(CC[C@H]1CC[C@H](NC(=O)Cc3cnn(C)n3)CC1)CC2)C(F)(F)F,5.8,3.3096000000000014
O=C(CO)N[C@H]1CC[C@H](CCN2CCN(c3nccc4c3CCO4)CC2)CC1,5.8,1.1958999999999995
CN(C)CCc1cccc2c1ccn2S(=O)(=O)c1ccccc1,5.8,2.982400000000002
Nc1nc(-c2ccccc2)c2c(n1)-c1cc(OCCCN3CCCCC3)ccc1C2=O,5.8,4.192000000000004
CN1CCN(C2=Nc3cc(Cl)ccc3N(NC(=O)/C=C/c3ccccc3)c3ccccc32)CC1,5.8,4.861800000000004
CCc1nc(N)[nH]c1-c1cn(S(=O)(=O)c2ccccc2)c2ccccc12.Cl,5.8,3.8348000000000027
COc1cc2ccccc2cc1OCCC1CCN(Cc2ccccc2)CC1,5.8,5.529500000000006
Cc1c(-c2ccccc2)nnn1C1CCN(Cc2ccccc2)CC1,5.8,4.090620000000003
Cc1ncccc1C(=O)N[C@H]1CC[C@H](CCN2CCc3nc(OCCC(F)(F)F)sc3CC2)CC1,5.8,4.957220000000005
c1ccc(-c2[nH]c3ccccc3c2C2CNCCO2)cc1,5.8,3.495800000000002
CN(CCCCNC(=O)c1ccc(-c2ccccc2)cc1)C1CCc2nc(N)ncc2C1,5.8,3.725100000000002
CC(=O)NCCCCN1CCN(c2ccc(Cl)cc2)CC1,5.8,2.3783000000000003
CC[C@@H](C)Oc1ccc2c(n1)CCN(CC[C@H]1CC[C@H](NC(=O)Cc3cnn(C)n3)CC1)CC2,5.8,3.0958000000000006
c1ccc(CN2CCCC(c3c(-c4ccccc4)[nH]c4ccccc34)C2)cc1,5.8,6.2145000000000055
COc1ccccc1N1CCN(Cc2cn(-c3ccc(OCCF)cc3)nn2)CC1,5.8,2.9464000000000015
CCCCC(C)(C)C(=O)NCCN1CCN(c2ccc(Cl)cc2)CC1,5.8,3.7946000000000026
CCCC(C)(C)C(=O)NCCCCN1CCN(c2ccc(Cl)cc2)CC1,5.8,4.184700000000004
COc1cccc(CC2NCCc3c2[nH]c2ccccc32)c1,5.8,3.6060000000000016
CC(=O)OC1CCc2ccc(/N=C/N(C)Cc3ccccc3)cc21,5.8,4.028800000000003
COc1ccc(NS(=O)(=O)c2sc3ccc(Cl)cc3c2C)cc1N1CCN2CCC[C@H]2C1,5.8,4.956920000000005
Cn1cc(CC(=O)N[C@H]2CC[C@H](CCN3CCc4nc(OCC(F)F)sc4CC3)CC2)c(F)n1,5.8,3.368000000000002
Cc1ccccc1-c1ccc(C(=O)NCCCCN2CCc3ccc(OS(=O)(=O)C(F)(F)F)cc3C2)cc1,5.8,5.458720000000005
Cc1ccccc1C(=O)NN1c2ccccc2N=C(N2CCN(C)CC2)c2cc(Cl)ccc21,5.8,4.7706200000000045
Cc1cc(CC(=O)N[C@H]2CC[C@H](CCN3CCc4sc(N5CC(F)(F)C5)nc4C3)CC2)on1,5.8,3.5607200000000025
CCN(CC)C(=O)[C@@H]1C=C2c3cccc4[nH]cc(c34)C[C@H]2N(C(=O)Nc2ccccc2)C1,5.8,4.508300000000003
CN(CCN1CCN(C2COOC2)C1=O)C[C@]12CC[C@H](CC1)C2(C)C,5.8,2.2025999999999994
O=c1[nH]c2c(O)ccc([C@@H](O)CNCCc3cccc(CNCCc4ccccn4)c3)c2s1,5.8,2.888200000000001
COc1ccc(S(=O)(=O)N(C)c2ccccc2)cc1-c1ccc(CN2CCCCC[C@H]2c2ccccc2)[nH]1,5.8,6.632700000000007
COc1ccc(N2CCC3CN(CCCSc4nnc(-c5cnccn5)n4C)CC32)cc1,5.8,2.973600000000001
Cc1ccnc(N2CCN(CCCc3nc4ccccc4s3)CC2)c1,5.8,3.754520000000003
Cl.N#Cc1ccc2c(c1)CCN(CC[C@H]1CC[C@H](NC(=O)c3ccc4ccccc4c3)CC1)C2,5.8,5.8702800000000055
CCCN(CCCCNC(=O)c1ccc(-c2ccccc2)cc1)C1CCc2nc(N(C)C)ncc2C1,5.8,4.989100000000005
Cn1ncc(CC(=O)N[C@H]2CC[C@](F)(CCN3CCc4nc(OCC(F)(F)F)sc4CC3)CC2)n1,5.8,3.013200000000002
Fc1ccc2c([C@@H]3CNCC[C@H]3F)c(-c3cccnc3)[nH]c2c1,5.795880017344075,3.7840000000000016
Cc1c(-c2ccccc2)nc(O)n1C1CCN(C)CC1,5.795880017344075,2.830820000000001
CN1CCN(C)C(c2c(-c3ccccc3)[nH]c3ccccc23)C1,5.795880017344075,3.7532000000000023
O=C(Nc1ccccc1)c1[nH]c2cc(F)ccc2c1[C@@H]1CNCC[C@H]1F,5.795880017344075,3.974300000000002
F[C@@H]1CCNC[C@H]1c1c(-c2ccccc2)[nH]c2cc(Cl)ccc12,5.795880017344075,4.903300000000003
Fc1cccc2c([C@@H]3CNCC[C@H]3F)c(-c3ccccc3)[nH]c12,5.795880017344075,4.389000000000003
F[C@@H]1CCNC[C@H]1c1c(-c2ccccc2)[nH]c2c(Cl)cccc12,5.795880017344075,4.903300000000003
Fc1ccc2c([C@@H]3CNCC[C@H]3F)c(C3CCCCC3)[nH]c2c1,5.795880017344075,4.769700000000003
F[C@@H]1CCNC[C@H]1c1c(-c2ccccc2)[nH]c2ccc(Cl)cc12,5.795880017344075,4.903300000000003
Clc1ccc(CN2CC=C(c3nc4ccccc4s3)CC2)cc1,5.795880017344075,5.239000000000003
Fc1ccc2[nH]c(-c3ccccc3)c([C@@H]3CNCC[C@H]3F)c2c1,5.795880017344075,4.389000000000003
Clc1ccc2sc(C3=CCN(Cc4ccccc4)CC3)nc2c1,5.795880017344075,5.239000000000004
Fc1ccc2c([C@@H]3CNCC[C@H]3F)c(-c3ccoc3)[nH]c2c1,5.795880017344075,3.982000000000002
COC(=O)c1[nH]c2cc(F)ccc2c1[C@@H]1CNCC[C@H]1F,5.795880017344075,2.5086000000000004
O=C(NCc1ccccc1)NC1CCN(Cc2ccccc2)CC1,5.795880017344075,3.150400000000002
c1ccc(-c2[nH]c3ccccc3c2C2CCNCC2)cc1,5.795880017344075,4.3019000000000025
O[C@@H]1CCNC[C@H]1c1c(-c2ccccc2)[nH]c2ccccc12,5.795880017344075,3.2727000000000013
Cn1c(SCCCN2C[C@@H]3CCN(c4cccnc4)[C@@H]3C2)nnc1C1CCOCC1,5.79,2.7970000000000015
Cc1cccc(N2CCN(CCCNC(=O)c3cn[nH]c3C)CC2)c1,5.79,1.9686399999999997
CCc1nc(N)[nH]c1-c1cn(S(=O)(=O)c2ccccc2)c2ccc(OC)cc12.Cl,5.79,3.843400000000002
CC(C)(C)c1nc(N2CCN(CCCCNC(=O)N3CCC(c4ccccc4)CC3)CC2)cc(C(F)(F)F)n1,5.79,5.284300000000005
CCC(Oc1cc(F)ccc1F)c1nc(N)nc(N2CCN(C)CC2)n1,5.79,2.0139
CN1CCc2cc(Cl)c(O)cc2[C@H]2c3cccc(-c4cccc(OC(F)(F)F)c4)c3CC[C@H]21,5.79,6.545800000000005
Br.O=C(CC1CCN(CC2CC2)CC1)c1ccc(F)cc1,5.79,4.098400000000003
CCc1cc2c(c(OC(C)=O)c1OC(C)=O)-c1cccc3c1[C@@H](C2)N(C)CC3,5.79,3.851700000000003
CN1CCN(C2=Nc3cc(Cl)ccc3N(NC(=O)CCC(=O)N3CCN(C(=O)CCC(=O)NN4c5ccc(Cl)cc5N=C(N5CCN(C)CC5)c5ccccc54)CC3)c3ccccc32)CC1,5.79,5.541600000000006
CCc1cc(Cl)c(OC)c(N2CCN(CCC(O)CCNC(=O)c3cc4ccccc4o3)CC2)c1,5.79,4.350300000000003
CN1CCN(C2=Nc3cc(Cl)ccc3N(NC(=O)c3ccc(F)cc3C(F)(F)F)c3ccccc32)CC1,5.79,5.620100000000005
O=C1Cc2ccccc2N1CCN1CCN(Cc2ccc(Cl)cc2)CC1,5.79,3.0469000000000017
O=C1CN2c3c(cccc3[C@@H]3CN(CCCOc4ccc(F)c(F)c4)CC[C@@H]32)N1,5.79,3.363900000000001
CCc1cc(Cl)c(OC)c(N2CCN(CC(O)CCNC(=O)c3cc4ccccc4o3)CC2)c1,5.79,3.960200000000003
O=C(NCCCN1CCN(c2cccc(Cl)c2Cl)CC1)c1cccc2c1Cc1ccccc1-2,5.78,5.506700000000005
Cl.O=C1C(c2ccc(F)cc2)=COC12CCN(Cc1ccc(F)cc1)CC2,5.78,4.361600000000004
COc1ccccc1CCN1CCN(Cc2cc3ccccc3o2)CC1,5.78,3.801700000000003
O=c1c(-c2ccc(Cl)cc2)c2n(c(=O)n1CCCCN1CCCC(c3c[nH]c4ccccc34)C1)CCCC2,5.78,5.807800000000006
CN1CCc2ccc(OCCCN3CCN(c4ccc(F)cc4)CC3)cc2C1=O,5.78,3.044900000000002
CN1CCc2cc(Cl)c(O)cc2[C@H]2c3cccc(CO)c3CC[C@@H]21,5.78,3.472500000000002
Cn1c(SCCCN2C[C@H]3CCN(c4ccc(C(F)(F)F)cc4)[C@H]3C2)nnc1-c1ccc(=O)n(C)c1,5.78,3.8925000000000027
CC(C)(C)c1ccc(C(=O)N[C@H]2CC[C@H](CCN3CCN(c4nccc5c4CCO5)CC3)CC2)cc1,5.78,4.814900000000005
CCCN[C@H]1CCc2ccc3[nH]c(C(N)=O)cc3c2C1,5.778064400171995,2.1237000000000004
CC(=O)OC1CCc2ccc(/N=C/N3CCc4ccccc4C3)cc21,5.77,3.9551000000000034
Cn1ccc2c1CCN(CCN1CCN(c3noc4ccccc34)CC1)C2=O,5.77,1.9867999999999997
COc1cc2c(cc1OC)CN(/C=N/c1ccc3c(c1)C(O)CCCC3)CC2,5.77,4.181700000000003
Cc1nc(N)sc1CCCN/C(N)=N/C(=O)NC(C)c1ccco1,5.77,1.93442
CC(C)CS(=O)(=O)n1ccc2c(-c3ccc(C(F)(F)F)cc3)cc(N3CCNCC3)nc21,5.77,3.965600000000003
Cc1ccc2c(c1)CCN2C(=O)CN1CCN(Cc2ccc(Cl)cc2)CC1,5.77,3.3553200000000025
CC1(c2ccc(F)cc2)NC(=O)N(CC(O)CN2CCN(c3ccccc3F)CC2)C1=O,5.77,1.9149
O=C(c1cc2ccccc2o1)N1CCN(CCOc2cccnc2)CC1,5.77,2.664600000000001
Cn1cnc2c1CCN(CCN1CCN(c3nsc4ccccc34)CC1)C2=O,5.77,1.8502999999999996
CCN(CC)[C@H]1[C@H](CO)[C@@H]2CN(Cc3ccccc3)[C@@H](c3ccccc3)[C@@H]21,5.77,3.8084000000000024
COc1cccc(OCCN2CCN(C(=O)c3cc4cc(OC)ccc4[nH]3)CC2)c1,5.77,3.0219000000000014
CC1(c2ccccc2)NC(=O)N(CC(O)CN2CCN(c3ccccc3C#N)CC2)C1=O.Cl,5.77,1.9301799999999996
Cc1nc(CC(=O)N[C@H]2CC[C@H](CCN3CCc4ccc(CCC(F)(F)F)nc4CC3)CC2)n(C)n1,5.77,3.721820000000002
Fc1cccc(N2CCN(Cc3cc4ccccn4n3)CC2)n1,5.77,2.1906
Cc1ncccc1C(=O)NC12CCC(CCN3CCc4nc(OCC(F)(F)F)sc4CC3)(CC1)CC2,5.77,5.101320000000006
CN1CCc2cc(Cl)c(O)cc2[C@H]2c3cccc(Br)c3CC[C@@H]21,5.77,4.742700000000003
COC(CN1CCc2ccc(OCC(F)(F)F)nc2CC1)[C@H]1CC[C@H](NC(=O)Cc2cnc(C)o2)CC1,5.77,3.652420000000002
Cc1cc(C)c2c(N)c(C(=O)NCCCN3CCC(O)(c4ccc(Cl)cc4)CC3)sc2n1,5.77,4.252240000000003
COc1cc(CCNC[C@@H](O)c2ccc(O)c(O)c2)ccc1OCCCc1ccccc1,5.77,3.9837000000000033
Cn1cc2c(C(=O)N[C@H]3CC[C@H](CCN4CCC5(c6nocc6C(C)(F)F)CC5C4)CC3)cccc2n1,5.77,5.015300000000004
CC(C)Oc1ccc2c(n1)CCN(CC[C@H]1CC[C@H](NC(=O)c3cccc4c(=O)n(C)ccc34)CC1)CC2,5.77,4.500200000000004
O=C(O)C(=O)O.c1ccc(N2CCN(CCCc3nc4ccccc4o3)CC2)cc1,5.77,2.738200000000001
O=C(N[C@H]1CC[C@H](CCN2CCC(c3cccc4c3CCO4)CC2)CC1)c1ccc(-n2cccn2)cc1,5.77,5.365500000000006
CC(=O)c1conc1C1=CCN(CC[C@H]2CC[C@H](NC(=O)c3cccc4nn(C)cc34)CC2)CC1,5.77,4.231900000000003
CNCC1CC2c3ccccc3Cc3ccccc3N2O1,5.77,3.0618000000000016
OC1c2ccccc2CCC12CCN(CCc1ccccc1)CC2,5.77,3.991100000000003
Cc1cc(CC(=O)N[C@H]2CC[C@H](CCN3CCc4nc(OCC(C)(F)F)sc4CC3)CC2)on1,5.77,4.181920000000003
CN1CCC(c2nnc(SCCCN3CC[C@]4(C[C@@H]4c4ccc(C(F)(F)F)cc4)C3)n2C)CC1=O,5.77,4.531500000000004
FC(F)(F)c1cccc(N2CCN(CCCOC3(c4ccccn4)CCOCC3)CC2)n1,5.77,3.730000000000002
Cc1ccc(S(=O)(=O)n2cc3c4c(cccc42)[C@H](O)[C@@H](N(C)C)C3)cc1,5.769551078621726,2.7064200000000014
Cc1cnc(CC(=O)N[C@H]2CC[C@](F)(CCN3CCc4nc(OCC(F)F)sc4CC3)CC2)o1,5.769551078621726,3.8839200000000034
Cc1ncc(CC(=O)N[C@H]2CC[C@H](C(F)CN3CCc4ccc(OCC(F)(F)F)nc4CC3)CC2)s1,5.769551078621726,4.4440200000000045
Cc1cc(CC(=O)N[C@H]2CC[C@H](CCN3CCc4nc(OCC(F)(F)F)sc4CC3)OC2)on1,5.769551078621726,3.077820000000001
CN1CCCCC1c1c(-c2ccccc2)[nH]c2ccccc12,5.769551078621726,4.991700000000004
Cn1cc2c(C(=O)N[C@H]3CC[C@H](CCN4CCc5ccc(OCC(F)F)nc5CC4)CC3)cccc2n1,5.769551078621726,4.391700000000004
O=C(N[C@H]1CC[C@H](CCN2CCC(c3nccn3-c3ccccn3)CC2)CC1)c1cccc2ncccc12,5.769551078621726,5.3738000000000055
Cc1cn2c(C(=O)N[C@H]3CC[C@H](CCN4CCc5nc(OCC(F)F)sc5CC4)CC3)cccc2n1,5.769551078621726,4.522620000000004
F[C@@H]1CCNC[C@H]1c1c(-c2ccccc2)[nH]c2ccccc12,5.769551078621726,4.249900000000003
Cc1c(C2CCN(CCc3ccccc3)CC2)noc1-c1ccc(Cl)cc1,5.769551078621726,5.725520000000006
CC(CF)Oc1nc2c(s1)CCN(CC[C@H]1CC[C@H](NC(=O)c3cccc4nn(C)cc34)CC1)CC2,5.769551078621726,4.546100000000004
Cn1cc2c(C(=O)N[C@H]3CC[C@H](CCN4CCc5nc(O[C@H]6C[C@H](F)C6)sc5CC4)CC3)cccc2n1,5.769551078621726,4.6886000000000045
O=C(N[C@H]1CC[C@H](CCN2CCc3sc(Cc4ccccc4)nc3C2)CC1)c1cccc2ncccc12,5.769551078621726,6.019100000000007
Cn1cc2c(C(=O)N[C@H]3CC[C@H](CCN4CCc5nc(OCC(C)(C)F)sc5CC4)CC3)cccc2n1,5.769551078621726,4.936200000000005
Cc1ncc(/C=C/C(=O)N[C@H]2CC[C@H](CCN3CCc4nc(OCC(F)(F)F)sc4CC3)CC2)cn1,5.769551078621726,4.361720000000004
F[C@H]1CCNC[C@@H]1c1c(-c2ccccc2)[nH]c2ccccc12,5.769551078621726,4.249900000000003
Cn1cc2c(C(=O)N[C@H]3CC[C@H](CCN4CCc5ccc(OC6CC(F)(F)C6)nc5CC4)CC3)cccc2n1,5.769551078621726,4.924300000000005
Cc1cc(OCC(=O)N[C@H]2CC[C@](F)(CCN3CCc4ccc(OCC(F)(F)F)nc4CC3)CC2)no1,5.769551078621726,3.9559200000000025
O=C(NC(=O)c1ccccc1)NC1CCN(Cc2ccccc2)CC1,5.769551078621726,2.7906000000000013
Cc1c(-c2ccccc2)cnn1C1CCN(Cc2cccc(C#N)c2)CC1,5.769551078621726,4.567300000000003
Clc1ccc(CN2CC=C(c3nc4cc(Cl)ccc4o3)CC2)cc1,5.769551078621726,5.423900000000004
O=C(N[C@H]1CC[C@H](CCN2CCc3nc(-c4ccccc4)sc3C2)CC1)c1cccc2ncccc12,5.769551078621726,6.095300000000006
Cc1c(-c2ccc(Cl)cc2)noc1C1CCN(CCc2ccccc2)CC1,5.769551078621726,5.725520000000006
CC1c2nc(OCC(F)F)sc2CCN1CC[C@H]1CC[C@H](NC(=O)c2cccc3ncccc23)CC1,5.769551078621726,5.633200000000005
O=C(N[C@H]1CC[C@H](CCN2CCc3sc(N4CC5CC5C4)nc3C2)CC1)c1cccc2ncccc12,5.769551078621726,4.884400000000005
Cn1cc2c(C(=O)N[C@H]3CC[C@H](CCN4CCc5nc(OCC(F)F)sc5CC4)CC3)cccc2n1,5.769551078621726,4.453200000000004
O=C(N[C@H]1CC[C@H](CCN2CCc3sc(C4=CCOCC4)nc3C2)CC1)c1cccc2ncccc12,5.769551078621726,5.2320000000000055
CN1Cc2c(C(=O)N[C@H]3CC[C@](F)(CCN4CCc5nc(OCC(F)F)sc5CC4)CC3)cccc2C1=O,5.769551078621726,4.244200000000003
Cc1ncc(CC(=O)N[C@H]2CC[C@H](CCN3CCc4cnc(OCC(F)F)nc4CC3)CC2)s1,5.769551078621726,3.593820000000002
O=C(N[C@H]1CC[C@H](CCN2CCc3ccc(OCC(F)F)nc3C2)CC1)c1cccc2ncccc12,5.769551078621726,5.010700000000005
O=C(N[C@H]1CC[C@H](CCN2CCc3cn(Cc4ccccc4)nc3C2)CC1)c1cccc2ncccc12,5.769551078621726,5.216600000000005
O=C(N[C@H]1CC[C@H](CCN2CCc3cnc(CC4CC4)nc3C2)CC1)c1cccc2ncccc12,5.769551078621726,4.714300000000004
Ic1ccc(N2CCN(Cc3c[nH]c4ncccc34)CC2)cc1,5.769551078621726,3.489700000000002
CCCOc1nc2c(s1)CCN(CC[C@H]1CC[C@H](NC(=O)c3cccc4nn(C)cc34)CC1)C2,5.769551078621726,4.555600000000004
COc1cc(CC(=O)N[C@H]2CC[C@H](CCN3CCc4sc(N5CC(F)(F)C5)nc4C3)CC2)on1,5.769551078621726,3.260900000000002
Cn1cc2c(CC(=O)N[C@H]3CC[C@H](CCN4CCc5ccc(OCC(F)F)nc5CC4)CC3)cccc2n1,5.769551078621726,4.320600000000003
Cc1cc2c(C(=O)N[C@H]3CC[C@](F)(CCN4CCc5nc(OCC(F)F)sc5CC4)CC3)cccn2n1,5.769551078621726,4.614720000000005
NCCc1cccc2c1ccn2S(=O)(=O)c1ccccc1,5.769551078621726,2.3795
Cn1cc(CC(=O)N[C@H]2CC[C@](F)(CCN3CCc4nc(OCC(F)F)sc4CC3)CC2)cn1,5.769551078621726,3.3210000000000015
O=C(CCCN1C2C3C4CC5C6C4C2C6C1(O)C53)c1ccc(F)cc1,5.76,2.549100000000001
COc1ccccc1N1CCN(CCCCc2cc(-c3ccccc3)no2)CC1.Cl,5.76,4.916900000000005
CC(C)(C)N1C=CN(C(=O)CCCN2CCN(c3cccc(Cl)c3Cl)CC2)CC1=O,5.76,3.8361000000000027
CN1C2CCC1CC(OC(c1ccccc1)c1ccc(Cl)cc1)C2,5.76,5.071200000000005
CC(C)(C)c1ccc(OC[C@@H]2CC[C@H]3CN(c4ncccn4)CCN3C2)cc1,5.76,3.753700000000003
CN1CCC(=C2c3ccccc3CC(=O)c3sccc32)CC1.O=C(O)/C=C/C(=O)O,5.76,3.7262000000000013
Cn1c(CCCN2CCN(c3cccc(Cl)c3Cl)CC2)nc(-c2ccccc2)c1C(=O)NC1CCCCC1,5.76,6.211200000000006
CCCN1CC(c2ccc(N)nc2)OC[C@@H]1C,5.76,1.8356000000000001
CCN(CC)CCCOc1ccc(-c2nc3ccccc3n2CCCCCCn2c(-c3ccc(OCCCN(CC)CC)cc3)nc3ccccc32)cc1,5.76,10.201999999999998
C=Cc1ccc2c(c1OC)-c1cccc3c1[C@@H](C2)N(C)CC3,5.76,4.090300000000003
O=c1c2ncccc2ccn1CCN1CCN(c2noc3ccccc23)CC1,5.76,2.3599000000000006
O=C1Cc2ccccc2N1CCCCN1CCN(c2ccc(Cl)cc2)CC1,5.76,3.831500000000003
COc1ccc(CCN(CCCc2ccccc2)CCc2ccc3c(c2)OCO3)cc1OC,5.76,5.152500000000005
CN1CCc2cccc3c2C1Cc1ccc2nc(N)sc2c1-3,5.76,3.630600000000002
Cc1ncoc1-c1nnc(SCC(O)CN2CC[C@@]3(C[C@H]3c3ccc(C(F)(F)F)cc3)C2)n1C,5.76,4.129920000000003
Cc1ccc(-c2cc3c(=O)n(CCN4CCN(c5ccccc5Cl)CC4)c(=O)[nH]c3[nH]2)cc1,5.76,3.4689200000000016
CCc1cc(Cl)c(OC)c(C(=O)NC[C@@H]2CCCN2CCCCNCCC(C(=O)N(C)C)(c2ccccc2)c2ccccc2)c1O,5.76,5.645200000000006
COc1ccc2[nH]cc(CCNCc3ccc(-c4cn[nH]c4)o3)c2c1,5.76,3.491900000000001
c1ccc(-c2nc(CN3CCN(c4ccccc4)CC3)co2)cc1,5.76,3.663800000000003
O=C(O)C(=O)O.c1ccc(N2CCN(CCCc3nc4ccccc4s3)CC2)cc1,5.75,3.2067000000000014
CCC(Oc1cc(F)ccc1OC)c1nc(N)nc(N2CCN(C)CC2)n1,5.75,1.8833999999999997
N#Cc1ccc2[nH]cc(CN3CCN(c4ccc(F)cc4)CC3)c2c1,5.75,3.500880000000002
CC(C)(C)c1nc(N2CCN(CCCCNC(=O)C3CCN(c4ccc(C(F)(F)F)cn4)CC3)CC2)cc(C(F)(F)F)n1,5.75,5.141700000000005
O=C(N[C@H]1CCN(Cc2ccc3c(c2)OCO3)C1)c1ccc(-c2cccs2)cc1,5.75,4.148100000000003
Cn1ncc(CC(=O)N[C@H]2CC[C@](F)(CCN3CCc4ccc(OCC(F)F)nc4CC3)CC2)c1F,5.75,3.398600000000002
CCc1cc(Cl)c(OC)c(C(=O)NCC2CCCN(CCCCNC(=O)c3cc4ccccc4o3)C2)c1O,5.75,5.0148000000000055
O=C1COc2c(N3CCNCC3)ccc(O)c2N1,5.75,0.13269999999999949
Cc1cc(N2CCN(C)CC2)c2c(c1)N(S(=O)(=O)c1ccc3ccccc3c1)C(C)CC2=O,5.75,4.0702200000000035
CN1CCN(C2=Nc3cc(Cl)ccc3N(C(=O)CCCCCCC(=O)N3c4ccc(Cl)cc4N=C(N4CCN(C)CC4)c4ccccc43)c3ccccc32)CC1,5.75,8.641800000000007
Cn1c(SCCCN2CC[C@]3(C[C@H]3c3ccc(C(F)(F)F)cc3)C2)nnc1-c1cccnn1,5.75,4.652700000000004
CN1CCN(C2=Nc3cc(Cl)ccc3N(NC(=O)C3CCCCC3)c3ccccc32)CC1,5.75,4.728700000000004
O=C(c1cc2cnccc2[nH]1)N1CCN(CCOc2cccnc2)CC1,5.75,1.7947
CCCN(CCCCN1C(=O)CC2(CCCC2)CC1=O)CC1COc2cccc(OC)c2C1,5.75,4.447900000000004
Cc1ncc(CC(=O)N[C@H]2CC[C@H](CCN3CCc4ccc(CCC(F)(F)F)nc4CC3)CC2)cn1,5.75,4.383320000000004
CC(C)c1ccc(CN2CCN(CC(=O)N3c4ccccc4CC3C)CC2)cc1,5.75,3.905400000000003
Fc1ccc2c(c1)CCC1(CCN(C3CCc4ccccc4C3)CC1)O2,5.75,4.542800000000004
Cn1cc2c(C(=O)N[C@H]3CC[C@H](CCN4CCc5ccc(C6CC6)nc5CC4)CC3)cccc2n1,5.7447274948966935,4.625200000000004
CC(C)Oc1nc2c(s1)CCN(CC[C@H]1CC[C@H](NC(=O)Cc3cccc4nn(C)cc34)CC1)CC2,5.7447274948966935,4.525400000000004
Cn1cc(CC(=O)N[C@H]2CC[C@H](CCN3CCc4sc(COC(F)(F)F)nc4C3)CC2)cn1,5.7447274948966935,3.5789000000000017
Cc1ncc(CC(=O)N[C@H]2CC[C@H](CCN3CCc4ccc(OC5CCOC5)nc4CC3)CC2)s1,5.7447274948966935,3.7226200000000027
O=C(N[C@H]1CC[C@H](CCN2CCc3nc(OCC(F)F)ncc3C2)CC1)c1cccc2ncccc12,5.7447274948966935,4.405700000000003
Clc1ccc2oc(C3=CCN(Cc4ccccc4)CC3)nc2c1,5.7447274948966935,4.770500000000004
Cc1cc(C23CC2CN(CC[C@H]2CC[C@H](NC(=O)Cc4cnc(C)s4)CC2)C3)no1,5.7447274948966935,3.6290400000000025
Cc1nnc(CC(=O)N[C@H]2CC[C@H](CCN3CCc4nc(OC5CC(F)(F)C5)sc4CC3)CC2)o1,5.7447274948966935,3.719420000000002
Cc1ncccc1C(=O)N[C@H]1CC[C@H](CCN2CCc3nc(OC4CC(F)(F)C4)sc3CC2)CC1,5.7447274948966935,4.802520000000005
Cc1cc(C23CC2CN(CC[C@H]2CC[C@H](NC(=O)c4cccc5nn(C)cc45)CC2)C3)no1,5.7447274948966935,3.821920000000003
O=C(N[C@H]1CC[C@H](CCN2CCC(n3nccc3-c3ccccc3)CC2)CC1)c1cccc2ncccc12,5.7447274948966935,6.114100000000007
Cn1cc2c(C(=O)N[C@H]3CC[C@H](CCN4CCc5cnc(CCC(F)(F)F)nc5CC4)CC3)cccc2n1,5.7447274948966935,4.637700000000004
Cn1cc2c(C(=O)NN3CCC(CCN4CCc5sc(OCC(C)(F)F)nc5C4)CC3)cccc2n1,5.7447274948966935,3.8690000000000033
Cc1ncc(/C=C/C(=O)N[C@H]2CC[C@](F)(CCN3CCc4nc(OCC(F)F)sc4CC3)CC2)cn1,5.7447274948966935,4.156620000000004
COc1cc(CC(=O)N[C@H]2CC[C@H](CCN3CCc4ccc(OCC(F)(F)F)nc4CC3)CC2)on1,5.7447274948966935,3.727700000000003
CC(C)Oc1ccc2c(n1)CCN(CC[C@H]1CC[C@H](NC(=O)c3cccc4nn(C)cc34)CC1)CC2,5.7447274948966935,4.535000000000004
Cc1nc(CC(=O)N[C@H]2CC[C@](F)(CCN3CCc4ccc(OCC(C)(F)F)nc4CC3)CC2)no1,5.7447274948966935,3.607520000000002
Cn1ccc2c(C(=O)N[C@H]3CC[C@H](CCN4CCc5nc(OCC(C)(F)F)sc5CC4)CC3)cccc2c1=O,5.7447274948966935,4.808500000000005
Cn1cc2ccc(C(=O)N[C@H]3CC[C@H](CCN4CCc5nc(OCC(C)(F)F)sc5CC4)CC3)cc2n1,5.7447274948966935,4.8433000000000055
Cc1cc(OCC(=O)N[C@H]2CC[C@](F)(CCN3CCc4ccc(OCC(C)(F)F)nc4CC3)CC2)no1,5.7447274948966935,4.048820000000003
Cc1cc(CC(=O)N[C@H]2CC[C@](F)(CCN3CCc4nc(OCC(F)(F)F)sc4CC3)CC2)no1,5.7447274948966935,4.1811200000000035
Cc1cnc(CC(=O)N[C@H]2CC[C@](F)(CCN3CCc4nc(OCC(F)(F)F)sc4CC3)CC2)o1,5.7447274948966935,4.1811200000000035
Cc1nc(CC(=O)N[C@H]2CC[C@](F)(CCN3CCc4nc(OCC(F)(F)F)sc4CC3)CC2)no1,5.7447274948966935,3.5761200000000013
Cn1cc2c(C(=O)N[C@H]3CC[C@H](CCN4CCc5sc(COC(F)(F)F)nc5C4)CC3)cccc2n1,5.7447274948966935,4.803200000000005
Cc1cc(OCC(=O)N[C@H]2CC[C@H](CCN3CCc4ccc(OCC(F)(F)F)nc4CC3)CC2)no1,5.7447274948966935,3.863820000000003
Cn1cc2c(C(=O)N[C@H]3CC[C@H](CCN4C[C@@H]5C[C@]5(c5cc(C(C)(F)F)on5)C4)CC3)cccc2n1,5.7447274948966935,4.625200000000004
c1ccc(CN2CCC(n3nnnc3-c3ccccc3)CC2)cc1,5.7447274948966935,3.177200000000002
Clc1ccc(-c2cc(C3CCNCC3)[nH]n2)cc1,5.7447274948966935,3.1971000000000007
Cc1nc(C(=O)N[C@H]2CC[C@H](CCN3CCc4nc(OCC(F)(F)F)sc4CC3)CC2)no1,5.7447274948966935,3.5551200000000023
O=C(CCC(F)(F)F)N[C@H]1CC[C@H](CCN2CCc3nc(CCC(F)(F)F)sc3CC2)CC1,5.7447274948966935,5.4462000000000055
Cc1nc(CC(=O)N[C@H]2CC[C@H](CCN3CCc4nc(CCC(F)(F)F)sc4CC3)CC2)no1,5.7447274948966935,4.037820000000003
O=C(CCC(F)(F)F)N[C@H]1CC[C@H](CCN2CCc3nc(OCC(F)(F)F)sc3CC2)CC1,5.7447274948966935,4.892400000000005
COc1ccc(-c2c3n(c(=O)n(CCCCN4CCCC(c5c[nH]c6ccc(OC)cc56)C4)c2=O)CCCC3)cc1,5.74,5.171600000000005
CC(=O)Oc1c(C)cc2c(c1OC(C)=O)-c1cccc3c1[C@@H](C2)N(C)CC3,5.74,3.5977200000000025
O=S(=O)(c1ccccc1)N1Cc2cccc(C3CCN(C4CCC4)CC3)c2C1,5.74,4.123000000000004
CO/N=C(/CCN1CCN(c2ccccn2)CC1)c1cccnc1,5.74,2.0394
COc1ccccc1C1CC1CNCC[C@H]1CC[C@H](NC(=O)N(C)C)CC1,5.74,3.6084000000000023
Cc1ccc(N2CCN(CCC3NC(=O)c4ccccc43)CC2)cc1C,5.74,3.3002400000000023
Cc1ccc(N2CCN(CCC3C(=O)Nc4ccccc43)CC2)cc1C,5.74,3.551440000000003
Oc1cc2c(cc1Cl)CNC[C@H]2c1ccccc1,5.74,3.2807000000000013
N#Cc1c(CN2CCN(CCc3ccccc3)CC2)cn2ccccc12,5.74,3.171280000000002
COc1ccc(S(=O)(=O)n2cc(C)c3cc(Cl)cnc32)cc1NC1CCN(C)CC1,5.74,3.7498200000000024
COc1cccc(N2CCN(CCCCNC(=O)c3ccc(-c4ccsc4)cc3)CC2)c1,5.74,4.755900000000004
Fc1ccc(CCN2CCC(CCOCC#Cc3ccccc3)CC2)cc1,5.74,4.538600000000004
O=S(=O)(c1cccc2ncccc12)N1CCC(CCN2CCN(c3cccc(F)c3)CC2)CC1,5.74,3.986900000000003
Cc1ccc(C)c(N2CCN(CC(O)CN3C(=O)NC(C)(c4ccc(F)cc4)C3=O)CC2)c1,5.74,2.39264
CCCN1CCO[C@@H]2c3cc(C(=O)N(C)C)ccc3CC[C@H]21,5.73,2.4865000000000004
CC(C)(C)c1cc(N2CCN(CCCCNC(=O)N3CCN(c4ccccc4)CC3)CC2)cc(C(C)(C)C)c1,5.73,5.715600000000006
Cc1ccc(N2CCN(CCCCc3ccc(F)cc3)CC2)nc1,5.73,3.6740200000000023
C[C@H]1CO[C@@H](c2ccc(N)nc2)CN1CC(=O)N1CCC(CNC(=O)c2cc3ccccc3[nH]2)C1,5.73,2.1854000000000005
CCCC(CCC)C(=O)NN1c2ccc(Cl)cc2N=C(N2CCN(C)CC2)c2ccccc21,5.73,5.364800000000005
Fc1ccc(OC[C@@H]2CC[C@H]3CN(c4ccc(Cl)cn4)CCN3C2)cc1,5.73,3.8537000000000026
Cc1nc2c(o1)CCN(CCN1CCC(c3noc4ccccc34)CC1)C2=O,5.73,3.0021200000000015
Cn1cncc1-c1c[nH]c2ccc(Br)cc12,5.73,3.3309000000000015
C=CCN(CC=C)CCc1c[nH]c2ccc(Cl)cc12,5.73,4.0378000000000025
CN1CCc2cc(Cl)c(O)cc2[C@@H]1c1ccccc1,5.73,3.6229000000000022
COc1ccccc1N1CCN(CNC(=O)c2ccccc2)CC1,5.73,2.2047
CC[C@@H](C)Oc1ccc2c(n1)CCN(CC[C@H]1CC[C@H](NC(=O)c3cccc4nn(C)cc34)CC1)CC2,5.721246399047171,4.925100000000005
Cc1ncc(CC(=O)N[C@H]2CC[C@H](CCN3CCc4nc(OCC5CC5)sc4CC3)CC2)s1,5.721246399047171,4.405220000000004
Cn1cc2c(C(=O)N[C@H]3CC[C@H](CCN4CCc5nc(OC6CC(F)(F)C6)sc5CC4)CC3)cccc2n1,5.721246399047171,4.985800000000006
Cn1cc2c(C(=O)N[C@H]3CC[C@H](C(O)CN4CCc5ccc(OCC(F)(F)F)nc5CC4)CC3)cccc2n1,5.721246399047171,3.6597000000000026
O=C(N[C@H]1CC[C@H](CCN2CCc3sc(Br)nc3C2)CC1)c1cccc2ncccc12,5.721246399047171,5.190800000000005
Cc1ncc(CC(=O)N[C@H]2CC[C@H](CCN3CCc4nc(OCC(C)(C)F)sc4CC3)CC2)s1,5.721246399047171,4.743320000000004
Cn1ccc2c(C(=O)N[C@H]3CC[C@H](CCN4CCc5sc(OCC(C)(F)F)nc5C4)CC3)cccc2c1=O,5.721246399047171,4.7660000000000045
Cc1ncc(CC(=O)N[C@H]2CC[C@H](CCN3CCc4ccc(N5CC(F)(F)C5)nc4CC3)CC2)s1,5.721246399047171,4.010220000000003
Cc1ncc(CC(=O)N[C@H]2CC[C@H](CCN3CCc4cn(CCC(F)(F)F)nc4CC3)CC2)s1,5.721246399047171,4.308820000000003
Cc1nc(CC(=O)N[C@H]2CC[C@H](CCN3CCc4nc(OCC(C)(F)F)sc4CC3)OC2)no1,5.721246399047171,2.56572
Cc1ncc(CC(=O)N[C@H]2CC[C@H](CCN3CCc4ccc(OC(C)C)nc4CC3)CC2)o1,5.721246399047171,3.8736200000000025
CC(Oc1nc2c(s1)CCN(CC[C@H]1CC[C@H](NC(=O)c3cccc4nn(C)cc34)CC1)CC2)C(F)(F)F,5.721246399047171,5.138900000000005
Cc1ncc(CC(=O)N[C@H]2CC[C@H](CCN3CCc4nc(N5CC(F)(F)C5)sc4CC3)CC2)s1,5.721246399047171,4.071720000000003
Cc1c(-c2ccccc2)nc(O)n1C1CCN(Cc2cccc(C#N)c2)CC1,5.721246399047171,4.2729000000000035
c1ccc(CCN2CCN(c3cc(-c4ccccc4)[nH]n3)CC2)cc1,5.721246399047171,3.4414000000000016
O=C1c2cn[nH]c2CCN1CCN1CCN(c2nsc3ccccc23)CC1,5.72,1.8398999999999994
COc1c(C(=O)NCCN2CCN(c3ccccc3)CC2)cc(Br)c2ccccc12,5.72,4.162900000000003
Cn1ncc(CC(=O)N[C@H]2CC[C@](F)(CCN3CCc4nc(OCC(F)F)sc4CC3)CC2)n1,5.72,2.716000000000001
Cn1ncc(CC(=O)N[C@H]2CC[C@H](CCN3CCc4nc(OCC(F)F)sc4CC3)CC2)n1,5.72,2.6239
O=C(NCCCCN1CCN(c2ccnc3cc(Cl)ccc23)CC1)c1cn2ccccc2n1,5.72,3.8681000000000028
Cn1cc(CC(=O)N[C@H]2CC[C@H](CCN3CCc4nc(OC5CC(F)(F)C5)sc4CC3)CC2)cn1,5.72,3.7615000000000016
CN1CCc2cc(O)c(O)cc2C(c2ccccc2)C1.Cl,5.72,3.1394000000000024
Cc1ccc2c(c1)N=C(C1CCN(CC(C)(C)C(=O)O)CC1)c1ccc(C)cc1O2,5.72,5.352740000000004
Oc1cc2c(cc1O)C1c3ccccc3CNC1CO2,5.72,2.0939
CN(C)CC1CC2c3ccccc3Cc3ccncc3N2O1,5.72,2.7990000000000013
CN1CCc2cc(O)c(O)cc2C1Cc1ccc(O)c(O)c1,5.72,2.280700000000002
COc1ccc2[nH]c3c(c2c1)CCNC3Cc1ccc2c(c1)OCO2,5.72,3.3347000000000016
CC1Cc2ccccc2N1C(=O)CN1CCN(Cc2ccc(C(C)(C)C)cc2)CC1,5.72,4.079500000000004
CC(C)Cn1nc(S(=O)(=O)c2cccc3ccccc23)c2cc(N3CCNCC3)ccc21,5.72,4.087900000000003
CN1CCN(C2=Nc3cc(Cl)ccc3N(NC(=O)C(F)(F)F)c3ccccc32)CC1,5.72,3.710700000000002
CCCN1CCc2cc(Cl)c(O)cc2[C@@H]1c1ccccc1,5.72,4.403100000000004
CCCCc1cnc2c(c1)[C@@H]1c3cc(O)c(O)cc3CC[C@H]1NC2,5.72,3.3853000000000018
COc1c(C(=O)NCC[C@@H]2CCN(Cc3ccccc3)C2)cc(Br)c2ccccc12,5.72,5.252900000000005
CC(CN1CCN(C(=O)c2cc3ccccc3[nH]2)CC1)Oc1ccc(Cl)cc1,5.72,4.046600000000003
Clc1ccc(N2CCN(Cc3cnn(-c4ccccc4)c3)CC2)cc1,5.72,3.8479000000000028
COc1cc2c(cn1)C(=O)N(CCN1CCN(c3noc4ccccc34)CC1)CC2,5.72,2.0519
c1ccc2sc(SSc3nc4ccccc4s3)nc2c1,5.71,5.705400000000002
Cc1ccc2c(c1)N(C(=O)CN1CCN(Cc3ccc(Cl)cc3)CC1)C(C)(C)CC2C,5.71,5.085020000000005
O=C(NCCCCCCn1nc2ccccn2c1=O)N1CCN(c2cccc(Cl)c2)CC1,5.71,3.241600000000002
COc1ccc2c(c1OC)-c1ccc(Br)c3c1[C@H](C2)N(C)CC3,5.71,4.2184000000000035
Cc1cc2c(c(N3CCN(CC[C@H]4CC[C@H](NC(=O)C5CCOCC5)CC4)CC3)n1)CCO2,5.71,2.938620000000001
CN1CCN(C2=Nc3ccccc3N(NC(=O)c3ccc(C#N)cc3)c3ccc(Cl)cc32)CC1,5.71,4.333880000000003
CN1CCN(C2=Nc3cc(Cl)ccc3N(NC(=O)CCC3CCCC3)c3ccccc32)CC1,5.71,5.118800000000005
COc1ccc(OCCNCCCOc2ccccc2)cc1,5.71,3.1327000000000016
N#CC(CCNCCCCC(=O)N1CCN(c2cccc(Cl)c2Cl)CC1)(c1ccccc1)c1ccccc1,5.71,6.301880000000007
CN1CCN(c2nc(N)nc(Cc3c[nH]c4ccccc34)n2)CC1,5.71,1.2776999999999998
CC(=O)Nc1ccc(CCCCN2CCN(c3ccccn3)CC2)cc1,5.71,3.1849000000000016
N#Cc1ccc(CNC(=O)CCOCCN2CCN(c3cccnc3-c3ccc(F)cc3)CC2)cc1,5.71,3.6044800000000023
Cl.O=C1c2ccccc2CCC12CCN(Cc1ccc([N+](=O)[O-])cc1)CC2,5.71,4.427900000000004
CC1=CC(C)=[N+]2C1=C(c1ccc(OCCCN3CCCCC3)cc1)c1c(C)cc(C)n1[B-]2(F)F,5.71,5.788740000000006
Cc1cc2c(c(N3CCN(CC[C@H]4CC[C@H](NC(=O)CC5CCOCC5)CC4)CC3)n1)CCO2,5.71,3.3287200000000015
Clc1ccc(N2CCN(CCCc3cc4ccccc4o3)CC2)cc1,5.7,4.841000000000004
CCCN1CCC(n2c(=O)n(C)c3cc(Cl)ccc32)CC1,5.7,3.040300000000001
Clc1ccc(CN2CC=C(c3nc4cc(Cl)ccc4s3)CC2)cc1,5.7,5.892400000000004
CCN(CC)[C@H]1[C@H](CO)[C@@H]2CN(Cc3ccccc3)[C@@H](c3ccc(Br)cc3)[C@@H]21,5.7,4.5709000000000035
OC[C@@H]1[C@@H]2CN(Cc3ccccc3)[C@@H](c3ccccc3)[C@@H]2[C@H]1N1CCCCC1,5.7,3.9525000000000032
CC1(c2ccc(F)cc2)NC(=O)N(CC(O)CN2CCN(c3ccc(Cl)c(Cl)c3)CC2)C1=O,5.7,3.082600000000001
CCCC[C@H](NC(=O)CCCCCNC(=O)[C@H]1CC[C@@H]2c3[nH]c4ccccc4c3CCN2C1)C(=O)N[C@@H](Cc1ccc(F)cc1)C(=O)N[C@@H](CCCCN)C(N)=O,5.7,3.794400000000005
CC(=O)NCC1(c2ccc(Cl)cc2)CCN(Cc2c[nH]c3ccccc23)CC1,5.7,4.491200000000004
CN(C)C(=O)C(CCN1C[C@H](F)C[C@H]1C(=O)NCCCCN1CCN(c2cccc(C(F)(F)F)n2)CC1)(c1ccccc1)c1ccccc1,5.7,4.9958000000000045
O=c1c(-c2ccc(F)cc2)c2n(c(=O)n1CCCCN1CCCC(c3c[nH]c4ccccc34)C1)CCCC2,5.7,5.293500000000005
O=C(OCC1CCN(Cc2ccccc2)CC1)c1ccc(Cl)cc1,5.7,4.409000000000004
CN1CCc2cc(Cl)c(O)cc2[C@@H](c2ccc(CNc3ccccc3)cc2)C1,5.7,5.277500000000004
Cc1cc(C)c2c(N)c(C(=O)NCCCCCN3CCC(O)(c4ccc(Cl)cc4)CC3)sc2n1,5.7,5.032440000000006
Cn1nccc1-c1nnc(SCCCN2C[C@H]3CCN(c4ccccc4C(F)(F)F)[C@H]3C2)n1C,5.7,3.9273000000000033
O=C(O)/C=C/C(=O)O.c1ccc(N2CCN(CCCNC3=Nc4ccccc4OC3)CC2)cc1,5.7,2.622700000000001
Cc1cccc(S(=O)(=O)NCCCN2CCN(c3noc4ccccc34)CC2)c1,5.7,2.6268200000000004
O=c1[nH]c2c(O)ccc([C@@H](O)CNCCCOCCNCCc3cccc(Cl)c3Cl)c2s1,5.7,3.464000000000002
CC(C)(C)C(=O)NCCCCN1CCN(c2ccc(F)cc2)CC1,5.7,2.890200000000001
COc1ccc(NS(=O)(=O)c2sc3ccc(Cl)cc3c2C)cc1N1CCN2CCC[C@@H]2C1,5.7,4.956920000000005
CN1CCc2ccc(OCCCN3CCN(c4ccc5ccccc5n4)CC3)cc2C1=O,5.7,3.4540000000000024
O=c1[nH]c2c(O)ccc([C@@H](O)CNCCc3ccc(CNCCc4ccccc4)cc3)c2s1,5.7,3.4932000000000016
O=c1[nH]c2c(O)ccc([C@@H](O)CNCCc3ccc(CNCCc4ccccc4F)cc3)c2s1,5.7,3.6323000000000016
O=C(CCCCN1CCCN(c2ccc(Cl)cc2)CC1)c1nc2ccccc2s1,5.7,5.515000000000005
CNCC1Cc2ccc3c(ccn3S(=O)(=O)c3ccccc3)c21,5.7,2.737400000000001
CS(=O)(=O)Oc1ccc2c(c1)CC[C@H]1[C@H]2CCCN1CCCCNC(=O)c1ccc(-c2ccccc2)cc1,5.7,5.396400000000005
COc1ccc(Br)cc1-c1nc(CN[C@@H]2CCN(Cc3ccccc3)C2)co1,5.7,4.476800000000003
CC(C)C(=O)NCCCCN1CCN(c2ccc(Cl)cc2)CC1,5.7,3.014400000000002
CN1CCc2cc(Cl)c(O)cc2[C@@H](c2ccc(CNC3CCC3)cc2)C1,5.7,4.307500000000003
CC(C)[C@H](NC(=O)[C@H](Cc1ccc([N+](=O)[O-])cc1)NC(=O)[C@@H]1C=C2c3cccc4[nH]cc(c34)C[C@H]2N(C)C1)C(=O)N1c2ccccc2C[C@H]1C(N)=O,5.7,3.2573000000000008
CN1CCc2cc(Cl)c(O)cc2[C@@H](c2ccc(CN(C3CCC3)S(C)(=O)=O)cc2)C1,5.7,3.9795000000000025
O=S(=O)(c1ccc(N2CCC2)cc1)C1(F)CCN(CCc2ccc(F)cc2F)CC1,5.7,3.952900000000003
Cn1ncc(CC(=O)N[C@H]2CC[C@H](CCN3CCc4ccc(OCC(F)F)nc4CC3)CC2)n1,5.7,2.5624000000000002
CCCN1CCc2cccc3c2C1Cc1cccc(OC(=O)Nc2cccc4ccccc24)c1-3,5.7,6.983000000000006
N#Cc1ccc2c(c1)CCN(CC[C@H]1CC[C@H](NC(=O)c3cccc4ncccc34)CC1)CC2,5.7,4.885980000000004
CCOc1ccc([C@H](O)CN2CCN(c3ccccc3F)CC2)cc1,5.7,3.080000000000002
COc1ccccc1CNCc1ccc(CCNC[C@@H](O)c2ccc(O)c3[nH]c(=O)sc23)cc1,5.7,3.4593000000000007
CNCc1ccccc1-c1csc([C@H](C)Nc2nc(C)nc3cc(OC)c(OC)cc23)c1,5.7,5.576420000000005
Cn1ncc(CC(=O)N[C@H]2CC[C@H](CCN3CCc4nc(OCC(F)(F)F)sc4CC3)CC2)c1F,5.7,3.6652000000000022
Cc1ccc2c(OCCN3CCC(Cc4cc5c(cc4F)OCC(=O)N5)CC3)cc(F)cc2n1,5.7,4.485820000000003
N#Cc1cc(F)ccc1/C=C/c1ccc(S(=O)(=O)c2ccccc2F)cn1,5.698970004336019,4.234680000000003
O=S(=O)(c1ccc(-n2cccn2)cc1)C1(F)CCN(CCc2ccc(F)cc2F)CC1,5.698970004336019,3.928500000000003
O=S(=O)(c1ccc(/C=C/c2ccc(F)cc2O)nc1)c1ccccc1F,5.698970004336019,4.068600000000002
O=S(=O)(c1ccc(/C=C/c2ccccc2F)nc1)c1ccccc1F,5.698970004336019,4.363000000000002
[O-][S+](c1ccccc1)c1ccc(/C=C/c2ccc(F)cc2F)nc1,5.698970004336019,4.696900000000003
O=S(=O)(c1ccc(/C=C/c2ccc(F)cc2Cl)nc1)c1ccccc1F,5.698970004336019,5.016400000000003
O=S(=O)(c1ccc(-n2ccnn2)cc1)C1(F)CCN(CCc2ccc(F)cc2F)CC1,5.698970004336019,3.323500000000002
Cn1cnc2ccc(OCCCCN3CCN(c4ccc(F)cc4)CC3)cc2c1=O,5.698970004336019,3.0538000000000016
Clc1ccccc1CN1CC=C(c2nc3ccccc3s2)CC1,5.698970004336019,5.239000000000003
CN1CCc2ccc(OCCCN3CCN(c4ccc(Cl)cc4)CC3)cc2C1=O,5.698970004336019,3.5592000000000024
CN1CCc2ccc(OCCCN3CCN(c4ccccc4)CC3)cc2C1=O,5.698970004336019,2.905800000000001
CN1CCc2ccc(OCCCN3CCN(c4ccccn4)CC3)cc2C1=O,5.698970004336019,2.3008000000000006
COc1ccc(N2CCN(CCCOc3ccc4c(c3)C(=O)N(C)CC4)CC2)cc1,5.698970004336019,2.9144000000000014
Cn1cnc2ccc(OCCCCN3CCN(Cc4ccccc4)CC3)cc2c1=O,5.698970004336019,2.910300000000001
O=S(=O)(c1ccccc1Cl)n1cc(C2=CCNCC2)c2ccccc21,5.698970004336019,3.908400000000003
O=C(NN1c2ccc(Cl)cc2N=C(N2CCN(Cc3ccc4c(c3)OCCO4)CC2)c2ccccc21)c1ccccc1Cl,5.698970004336019,6.457200000000006
CN1CCC[C@@H]1Cc1c[nH]c2ccc(NS(=O)(=O)c3cccc(Cl)c3)cc12,5.698970004336019,4.258800000000003
O=C(Nc1ccc2cnn(S(=O)(=O)c3cccc4ccccc34)c2c1)C1CCCNC1,5.698970004336019,3.364600000000002
NCCC(=O)Nc1cccc2c1cnn2S(=O)(=O)c1cccc2ccccc12,5.698970004336019,2.713800000000001
O=S(=O)(c1ccccc1F)n1cc(C2=CCNCC2)c2ccccc21,5.698970004336019,3.3941000000000017
O=C(Nc1ccc2cnn(S(=O)(=O)c3cccc4ccccc34)c2c1)C1CCNCC1,5.698970004336019,3.364600000000002
O=S(=O)(c1ccc(/C=C/c2cccc(F)c2)nc1)c1ccccc1F,5.698970004336019,4.363000000000003
Cc1cc(F)ccc1/C=C/c1ccc(S(=O)(=O)c2ccccc2F)cn1,5.698970004336019,4.671420000000004
COc1cc(F)ccc1/C=C/c1ccc(S(=O)(=O)c2ccccc2F)cn1,5.698970004336019,4.371600000000003
O=S(=O)(c1ccc(/C=C/c2ccccc2O)nc1)c1ccccc1F,5.698970004336019,3.9295000000000018
O=S(=O)(c1ccccc1)c1ccc(/C=C/c2ccc(F)cc2F)nc1,5.698970004336019,4.363000000000002
[O-][S+](c1ccccc1)c1ccc(/C=C/c2ccc(F)cc2)nc1,5.698970004336019,4.557800000000004
[O-][S+](c1ccc(/C=C/c2ccc(F)cc2)nc1)c1ccccc1F,5.698970004336019,4.696900000000003
[O-][S+](c1ccc(/C=C/c2ccc(F)cc2F)nc1)c1ccccc1F,5.698970004336019,4.836000000000003
O=S(=O)(c1ccc(/C=C/c2ccncc2)nc1)c1ccccc1F,5.698970004336019,3.6189000000000027
O=S(=O)(Cc1ccccc1I)Nc1ccc2[nH]cc(C[C@H]3CCCN3)c2c1,5.698970004336019,4.0089000000000015
CN1CCN(c2cc(-c3ccc(C(F)(F)F)cc3)c3ccn(S(=O)(=O)C4CCCCC4)c3n2)CC1,5.698970004336019,4.984500000000005
Cc1noc(C)c1-c1cc(N2CCN(C)CC2)nc2c1ccn2S(=O)(=O)CC(C)C,5.698970004336019,2.8938400000000017
CN1CCc2ccc(OCCCN3CCN(c4ccccc4Cl)CC3)cc2C1=O,5.698970004336019,3.5592000000000024
O=C(NN1c2ccc(Cl)cc2N=C(N2CCN(Cc3cccc4c3OCO4)CC2)c2ccccc21)c1ccccc1Cl,5.698970004336019,6.414700000000005
O=C(NN1c2ccc(Cl)cc2N=C(N2CCN(Cc3ccccc3F)CC2)c2ccccc21)c1ccccc1Cl,5.698970004336019,6.825100000000006
CN1CCN(C2=Nc3cc(Cl)ccc3N(NC(=O)c3ccc(C#N)cc3)c3ccccc32)CC1,5.698970004336019,4.333880000000003
CN1CCC[C@@H]1Cc1c[nH]c2ccc(NS(=O)(=O)c3ccccc3Cl)cc12,5.698970004336019,4.258800000000003
CC(C)CS(=O)(=O)n1ccc2c(-c3cnn(C)c3)cc(N3CCN(C)CC3)nc21,5.698970004336019,2.0225
CC(C)CS(=O)(=O)n1ccc2c(-c3ccc(C(=O)N(C)C)cc3)cc(N3CCN(C)CC3)nc21,5.698970004336019,2.990800000000002
CC(C)CS(=O)(=O)n1ccc2c(-c3cccnc3)cc(N3CCN(C)CC3)nc21,5.698970004336019,2.684000000000001
CC(C)CS(=O)(=O)n1ccc2c(-c3ccc(=O)[nH]c3)cc(N3CCN(C)CC3)nc21,5.698970004336019,1.9773
O=c1[nH]cnc2ccc(OCCCCN3CCN(c4ccccn4)CC3)cc12,5.698970004336019,2.2993000000000006
CC(=O)Nc1cccc(N2CCN(CCCCNS(=O)(=O)CC3CCCCC3)CC2)c1,5.698970004336019,3.046900000000001
CN1CCN(c2cc(-c3ccc(C(F)(F)F)cc3)c3ccn(S(=O)(=O)C4CCOCC4)c3n2)CC1,5.698970004336019,3.8308000000000026
Cn1c(SCCCN2C[C@@H]3CCN(c4ccc(C(F)(F)F)cc4)[C@@H]3C2)nnc1-c1cccnc1,5.69,4.588800000000004
Cl.O=C1CC2(CCN(CCc3ccccc3)CC2)OC=C1c1ccccc1,5.69,4.516000000000004
COc1cccc(OC)c1-c1cccc2c1-c1cccc3c1[C@@H](C2)N(C)CC3,5.69,5.122900000000005
CN1CCN(C2=Nc3cc(Cl)ccc3N(NC(=O)CCCCC(=O)NN3c4ccc(Cl)cc4N=C(N4CCN(C)CC4)c4ccccc43)c3ccccc32)CC1,5.69,6.870800000000008
O=c1[nH]c2ccccc2n1C1CCN(C2CCN(Cc3ccccc3Cl)CC2)CC1,5.69,4.284500000000004
C#CCOc1c(OC)cc2c3c1-c1cc([N+](=O)[O-])ccc1CC3N(C)CC2,5.69,3.3675000000000024
CN(CCC(F)CN1CCN(c2cccc(Cl)c2Cl)CC1)Cc1ccc2c(c1)Cc1ccccc1-2,5.69,6.546800000000007
CC(C)(C)c1ccc(C(O)CCCN2CCC(C(O)(c3ccccc3)c3ccccc3)CC2)cc1,5.69,6.445800000000008
CCCN(CCC)CC1CCc2sccc2C1,5.69,3.975000000000003
CCc1ccc2c(c1O)-c1cccc3c1[C@@H](C2)N(C)CC3,5.69,3.7067000000000023
CC(C)(C)OC(=O)NCCCCCN1CCC(O)(c2ccc(Cl)cc2)CC1,5.69,4.318400000000004
CCCN1CCO[C@@H]2c3cc4c(cc3CC[C@H]21)COC4=O,5.69,2.4551000000000007
CC(C)n1nc(S(=O)(=O)c2cccc3ccccc23)c2cc(N3CCNCC3)ccc21,5.69,4.012800000000002
CCN(CC)CCOc1ccccc1Cc1ccccc1,5.69,3.9980000000000038
O=C(NCCCCN1CCN(c2cc(Cl)cc(Cl)c2)CC1)c1ccc(-c2ccsc2)cc1,5.69,6.054100000000005
Cn1c(SCCCN2C[C@@H]3CCN(c4c(F)cc(F)cc4F)[C@@H]3C2)nnc1-c1ccc(C(N)=O)nc1,5.68,3.0862000000000007
Cc1sc(C)c2c1CCCc1c[nH]nc1-2,5.68,3.2437400000000016
COc1ccc(CN2CCN(CC(=O)N3c4ccccc4CC3C)CC2)cc1,5.68,2.7906000000000013
CCCCC(Oc1cc(Cl)cc(Cl)c1)c1nc(Nc2ccncc2)nc(N2CCN(C)CC2)n1,5.68,5.3791000000000055
COc1ccc(C2=COC3(CCN(CCc4ccccc4)CC3)C2=O)cc1.Cl,5.68,4.1345000000000045
CN1CCN(C2=Nc3cc(Cl)ccc3N(NC(=O)c3cnn(-c4ccccc4)c3C(F)(F)F)c3ccccc32)CC1,5.68,5.666700000000006
COc1ccccc1[C@]1(O)C[C@H]2CC[C@@H](C1)N2Cc1c[nH]c2ccccc12,5.68,4.191100000000003
CN1CCc2cc(Cl)c(O)cc2[C@H]2c3cccc(N)c3CC[C@@H]21,5.68,3.562400000000001
N#Cc1cccnc1N1CCN(CCCCOc2ccc3c(c2)NC(=O)CC3)CC1,5.68,2.819180000000001
Cl.O=C1C(c2ccccc2)=COC12CCN(Cc1cccc(Cl)c1)CC2,5.68,4.736800000000003
CCOc1cc2c(cc1O)[C@@H]1Cc3ccc(O)c(OC)c3CN1CC2,5.68,3.1606000000000014
O=C(c1ccccc1)N1CCN(CCCN2CCN(c3ccccc3)CC2)CC1,5.68,2.6567000000000007
OC(CCNCc1ccc2c(c1)Cc1ccccc1-2)CN1CCN(c2cccc(Cl)c2Cl)CC1,5.68,5.227400000000005
Cn1c(C(=O)NN2CCC(CCN3CCc4sc(OCC(F)(F)F)nc4C3)CC2)cccc1=O,5.68,2.5881000000000007
CCOc1cccc2cc(CNCCCCOc3ccc4c(C)noc4c3)oc12,5.68,5.229920000000004
CC(C)(C)OC(=O)NCCCCN1CCC(O)(c2ccc(Cl)cc2)CC1,5.68,3.9283000000000037
CCCN(CCCCNC(=O)c1ccc(-c2ccccn2)cc1)CC1CC1c1cc(Cl)ccc1OC.Cl,5.68,6.858100000000008
Cc1ncoc1-c1nnc(SCCCN2C[C@@H]3C[C@]3(c3ccc(C(F)(F)F)cc3F)C2)n1C,5.68,4.6921200000000045
Cc1ccccc1N1CCN(CCCCc2cc(-c3cccs3)no2)CC1.Cl,5.68,5.278220000000006
c1cc2c3c(c[nH]c3c1)CC1CNCCN21,5.68,1.5021999999999993
CC#CC1=CCC(N(CCC)CCCCn2cc(C)nn2)CC1,5.68,3.5809200000000025
OCc1[nH]c2ccccc2c1CN1CCN(c2ccccc2)CC1,5.68,2.982400000000001
CCCN(CCCCNC(=O)c1ccc2ccccc2c1)CC1CC1c1cccc(Cl)c1Cl.Cl,5.68,7.594100000000007
Cc1ncccc1C(=O)NC12CCC(CCN3CCc4ccc(OCC(F)F)nc4CC3)(CC1)CC2,5.68,4.742620000000005
Cc1cc2c(cn1)C(=O)N(CCN1CCN(c3noc4ccccc34)CC1)CC21CC1,5.67,2.840820000000001
CN1CCc2cc(Cl)c(O)cc2[C@H]2c3cccc(NC(=O)C4CC4)c3CC[C@@H]21,5.67,4.328700000000003
O=C(CN1CCN(Cc2ccc(Cl)cc2)CC1)N1CCc2c(Cl)cccc21,5.67,3.700300000000003
Cc1cc2c(cn1)C(=O)N(CCN1CCC(c3noc4ccccc34)CC1)CC21CC1,5.67,3.898220000000003
COc1ccc2c(c1)c(-c1[nH]c(NCCc3ccccc3)nc1C)cn2S(=O)(=O)c1ccccc1,5.67,5.240020000000003
Cc1cccc(S(=O)(=O)n2ccc3c(N4CCNCC4)nc4ccccc4c32)c1,5.67,3.1445200000000018
CNC(=O)CN1CN(c2ccccc2)C2(CCN(Cc3cc4c(cc3Cl)OCO4)CC2)C1=O,5.67,2.4555999999999996
Cc1nc(-c2cccc(C(=O)N[C@H]3CC[C@H](CCN4CCN(c5nccc6c5CCO6)CC4)CC3)c2)no1,5.67,3.8758200000000027
CCOc1cccc2cc(C(C)NCC3(O)CCCCC3)oc12,5.67,4.177300000000003
O=C1c2ccccc2C(=O)N1CCCCN1CCN(c2cccc(F)c2F)CC1,5.67,3.1632000000000016
CCN(CCN1CCN(c2noc3cc(F)ccc23)CC1)C(=O)C(C)O,5.67,1.3181999999999996
CC1(Oc2ccc(Cl)cc2)CCN(CCOc2ccccc2)C1,5.67,4.262200000000003
Clc1ccc(N2CCN(Cc3cnn4ccccc34)CC2)cc1,5.66,3.3099000000000016
Clc1cncc(NCCCN2CCN(c3ccccc3)CC2)n1,5.66,2.754200000000001
Cl.O=C1c2ccccc2CCC12CCN(CCc1ccccc1)CC2,5.66,4.562200000000003
CCCN1CCc2cccc3c2[C@H]1Cc1cccc(OC(=O)NCc2ccccc2)c1-3,5.66,5.507500000000006
Cn1cc(CC(=O)N[C@H]2CC[C@H](CCN3CCc4nc(OCCC(F)(F)F)sc4CC3)CC2)cn1,5.66,3.9162000000000026
COc1ccc(-c2cc(CCCCN3CCN(c4ccccc4)CC3)on2)c(OC)c1.Cl,5.66,4.925500000000005
COc1cc2c(cc1OC)CN(CCCCNC(=O)c1cc(Br)cc(OC)c1OC)CC2,5.66,4.051800000000003
O=C1CC2(CCCC2)CC(=O)N1CCN1CCN(c2ccc(F)cc2)CC1,5.66,2.6571000000000007
CN1CCN2c3ccccc3Cc3ccccc3C2C1,5.66,3.0839000000000016
Clc1ccccc1N1CCN(Cc2cccs2)CC1,5.66,3.7237000000000027
Oc1ccc(N2CCN(Cc3cccs3)CC2)cc1,5.66,2.775900000000001
O=C1CCc2ncccc2N1CCCN1CCC(n2c(=O)[nH]c3ccccc32)CC1,5.66,2.7310000000000008
Oc1cc2c(cc1O)[C@H]1c3ccc(F)nc3CN[C@@H]1CC2,5.66,2.1818
COc1ccccc1C1CC1CNCC[C@H]1CC[C@H](NC(=O)N2CCCC2)CC1,5.66,4.142600000000003
O=C1COc2ccc(CN3CCN(c4ccccc4)CC3)cc2N1,5.66,2.3396999999999997
O=C(O)CC(O)C(=O)O.O=C1c2ccccc2CCC12CCN(Cc1ccc(C(F)(F)F)cc1)CC2,5.66,4.023300000000003
Cc1ncoc1-c1nnc(SCCCN2CC[C@@]3(C[C@@H]3c3ccc(F)cc3C(F)(F)F)C2)n1C,5.66,5.298220000000005
Fc1ccc(/C=C/COCC2CCN(Cc3ccccc3)CC2)cc1,5.66,4.767700000000004
O=S(=O)(c1cccc(N2CCNCC2)c1)n1cccc1-c1ccccc1,5.66,2.8017000000000003
c1ccc(-c2nc(CN3CCN(c4ccccn4)CC3)c[nH]2)cc1,5.66,2.7939000000000007
COc1ccccc1N1CCN(C[C@H]2OCCOC2(c2ccccc2)c2ccccc2)CC1,5.66,4.176400000000004
O=C1CC2(CCCC2)CC(=O)N1CCN1CCN(c2ccc(F)c(F)c2)CC1,5.66,2.7962000000000007
Cn1ncc(CC(=O)N[C@H]2CC[C@](F)(CCN3CCc4nc(OCC(F)(F)F)sc4CC3)CC2)c1F,5.657577319177793,3.7573000000000034
Cc1cnc(OCC(=O)N[C@H]2CC[C@](F)(CCN3CCc4nc(OCC(F)(F)F)sc4CC3)CC2)cn1,5.657577319177793,3.819420000000002
Cc1cnc(OCC(=O)N[C@H]2CC[C@](F)(CCN3CCc4ccc(OCC(F)F)nc4CC3)CC2)cn1,5.657577319177793,3.460720000000002
Cc1ncc(CC(=O)N[C@H]2CC[C@H](CCN3CCc4ccc(OC5CCC5)nc4CC3)CC2)o1,5.657577319177793,4.017720000000003
Cc1nc(CC(=O)N[C@H]2CC[C@](F)(CCN3CCc4ccc(OCC(F)F)nc4CC3)CC2)no1,5.657577319177793,3.2174200000000006
Cc1ncc(CC(=O)N[C@H]2CC[C@H](CCN3CCc4cc(F)c(OCC(F)F)nc4CC3)CC2)o1,5.657577319177793,3.8694200000000025
Cc1cnc(OCC(=O)N[C@H]2CC[C@](F)(CCN3CCc4nc(OCCC(F)(F)F)sc4CC3)CC2)cn1,5.657577319177793,4.209520000000003
Cc1nc(CC(=O)N[C@H]2CC[C@](F)(CCN3CCc4nc(OCCC(F)(F)F)sc4CC3)CC2)no1,5.657577319177793,3.9662200000000025
Cc1cnc(CC(=O)N[C@H]2CC[C@](F)(CCN3CCc4nc(OCCC(F)(F)F)sc4CC3)CC2)o1,5.657577319177793,4.571220000000005
Cc1ncc(/C=C/C(=O)N[C@H]2CC[C@](F)(CCN3CCc4nc(OCCC(F)(F)F)sc4CC3)CC2)cn1,5.657577319177793,4.843920000000005
CN1Cc2c(C(=O)NC34CCC(CCN5CCc6nc(OCC(F)(F)F)sc6CC5)(CC3)CC4)cccc2C1=O,5.657577319177793,4.983500000000005
Cc1cc(OCC(=O)N[C@H]2CC[C@](F)(CCN3CCc4ccc(OCC(F)F)nc4CC3)CC2)no1,5.657577319177793,3.6587200000000024
Cn1ncc(CC(=O)N[C@H]2CC[C@H](CCN3CCc4nc(OC5CC(F)(F)C5)sc4CC3)CC2)n1,5.657577319177793,3.156500000000001
CN(C)CCc1cn(C(=O)c2ccccc2)c2ccc(O)cc12,5.657577319177793,3.1395000000000017
Cc1nnc(CC(=O)N[C@H]2CC[C@](F)(CCN3CCc4nc(OCCC(F)(F)F)sc4CC3)CC2)s1,5.657577319177793,4.434720000000003
C[C@@H](Oc1nc2c(s1)CCN(CC[C@H]1CC[C@H](NC(=O)c3cccc4nn(C)cc34)CC1)CC2)C(F)(F)F,5.657577319177793,5.138900000000005
Cc1cnc(CC(=O)N[C@H]2CC[C@](F)(CCN3CCc4ccc(OCC(F)F)nc4CC3)CC2)o1,5.657577319177793,3.822420000000003
Cn1cc2c(C(=O)N[C@H]3CC[C@H](CCN4CCc5ccc(OC6CCC6)nc5CC4)CC3)cccc2n1,5.657577319177793,4.6791000000000045
Cn1ncc(CC(=O)N[C@H]2CC[C@](F)(CCN3CCc4nc(OCC(F)F)sc4CC3)CC2)c1F,5.657577319177793,3.4601000000000024
Cn1c(C(=O)N[C@H]2CC[C@](F)(CCN3CCc4nc(OCCC(F)(F)F)sc4CC3)CC2)cccc1=O,5.657577319177793,4.044600000000003
Cn1cc(CC(=O)N[C@H]2CC[C@H](CCN3CCc4nc(OCC(C)(F)F)sc4CC3)CC2)c(F)n1,5.657577319177793,3.7581000000000024
Cc1ncc(/C=C/C(=O)N[C@H]2CC[C@](F)(CCN3CCc4nc(OCC(F)(F)F)sc4CC3)CC2)cn1,5.657577319177793,4.453820000000004
COc1cc(CC(=O)N[C@H]2CC[C@](F)(CCN3CCc4ccc(OCC(F)F)nc4CC3)CC2)on1,5.657577319177793,3.5226000000000024
Cn1cc(CC(=O)N[C@H]2CC[C@H](CCN3CCc4ccc(OC5CCC5)nc4CC3)CC2)cn1,5.657577319177793,3.4548000000000005
Cc1cc(C)c2c(N)c(C(=O)NCCCCN3CCC(O)(c4ccc(Cl)cc4)CC3)sc2n1,5.65,4.6423400000000035
CN1CCc2ccc3c4c2[C@H]1Cc1cccc(c1-4)[C@@H]3N,5.65,2.8002000000000002
Cc1ccn(CCN2CCC(Cc3ccccc3F)CC2)n1,5.65,3.2853200000000022
Cn1c(SCCCN2C[C@H]3CCN(c4ccc(C(F)(F)F)cc4)[C@H]3C2)nnc1-c1cc[nH]c(=O)c1,5.65,3.882100000000002
CC(C)(C)OC(=O)N[C@H]1CC[C@H](CCN2CCc3ccc(C#N)cc3C2)CC1,5.65,4.389980000000004
CN1CCN(C2=Nc3cccnc3Nc3ccc(Cl)cc32)CC1,5.65,3.117700000000001
Cc1ccc2onc(C3CCN(CCN4CCc5cccnc5C4=O)CC3)c2c1,5.65,3.4091200000000024
Cc1ccc(N2CCN(CC(O)CN3C(=O)NC(C)(c4ccc(F)cc4)C3=O)CC2)cc1C,5.65,2.39264
CC1CCc2cc(F)ccc2N1C(=O)CN1CCN(Cc2ccc(Cl)cc2)CC1,5.65,3.9646000000000035
N#Cc1ccc(CCOC(=O)N2CCN(CCCC(c3ccc(F)cc3)c3ccc(F)cc3)CC2)cc1,5.65,5.745480000000006
CN1CCc2cccc3c2[C@H]1Cc1cccc(-c2c(OS(=O)(=O)C(F)(F)F)cccc2OS(=O)(=O)C(F)(F)F)c1-3,5.65,5.562500000000004
Cn1nc(S(=O)(=O)c2cccc3ccccc23)c2cc(N3CCNCC3)ccc21,5.65,2.9689000000000014
Cn1c(SCCCN2CC[C@]3(C[C@@H]3c3ccc(C(F)(F)F)cc3)C2)nnc1-c1ccn(C)c(=O)c1,5.65,4.5614000000000035
Cc1ncoc1-c1nnc(SCCCN2CCC3(CCC3c3ccccc3)C2)n1C,5.65,4.530420000000004
CN(C)C(=O)C(CCN1C[C@H](O)C[C@H]1C(=O)NCCCCN1CCN(c2cccc(C(F)(F)F)n2)CC1)(c1ccccc1)c1ccccc1,5.65,4.018600000000004
O=C1c2cnccc2C2(CC2)CN1CCN1CCN(c2noc3ccccc23)CC1,5.64,2.532400000000001
Cc1ncoc1-c1nnc(SCCCN2CCO[C@H](c3ccc(C(F)(F)F)cc3)C2)n1C,5.64,4.353020000000003
Cc1cc2c(cn1)C(=O)N(CCN1CC=C(c3noc4ccccc34)CC1)CC2,5.64,3.3188200000000023
COc1cccc(OCCN2CCN(C(=O)c3cc4ccccc4[nH]3)CC2)c1,5.64,3.013300000000001
COc1ccccc1N1CCN(Cc2c(C)nc3cc(C)nc(C)n23)CC1,5.64,2.985360000000002
O=C(NCCCCN1CCN(c2cccc(Cl)c2Cl)CC1)c1cc2cc(Br)ccc2[nH]1,5.64,5.569400000000004
Cn1c(SCCCN2CC3CCN(c4c(F)cccc4F)C3C2)nnc1-c1cc[nH]c(=O)c1,5.64,3.1415000000000015
COc1ccccc1NC1CCN(CCCCN2C(=O)c3ccccc3C2=O)CC1,5.64,3.6479000000000026
c1cnc(N2CCN(Cc3cccc4c3-c3ccccc3C4)CC2)nc1,5.64,3.370000000000002
CN(C)C(=O)C(CCN1CCc2ccc(C#N)cc2C1)(c1ccccc1)c1ccccc1,5.64,4.380980000000004
O=C(N[C@H]1CC[C@H](CCN2CCC(c3cccc4c3CCO4)CC2)CC1)c1ccc(N2CCCCC2)cc1,5.64,6.170100000000007
N#Cc1cccc(N2CCN(C[C@@H]3C[C@H]3CNC(=O)c3ccnc4ccccc34)CC2)c1,5.64,3.2945800000000016
FCCOc1cccc(CN2CCN(Cc3cc4ccccc4o3)CC2)c1,5.64,4.098900000000004
COc1cccc2c3c(oc12)CN(CCCCOc1ccc2ccc(=O)n(C)c2c1)CC3,5.64,4.510600000000004
CC(=O)N[C@H]1CC[C@H](CCN2CCN(c3ncc(C)c4c3CCO4)CC2)CC1,5.64,2.5319200000000004
COc1cc(CCNC[C@@H](O)c2ccc(O)c3[nH]c(=O)ccc23)ccc1OCCCc1ccccc1,5.64,4.119600000000003
OC(CNC1CCN(CCSC(c2ccc(F)cc2)c2ccc(F)cc2)CC1)Cc1ccccc1,5.64,5.445000000000006
O=C(NCCN1CCN(c2ccc(Cl)cc2)CC1)c1ccncc1,5.64,2.287
CN(C)C(=O)N[C@H]1CC[C@H](CCNCC2CC2c2cccc3c2OCCO3)CC1,5.64,3.3710000000000013
Cn1cc2c(C(=O)N[C@H]3CC[C@](F)(CCN4C[C@@H]5C[C@]5(c5cc(C(C)(F)F)on5)C4)CC3)cccc2n1,5.638272163982407,4.717300000000004
Cc1nnc(CC(=O)N[C@H]2CC[C@](F)(CCN3CCc4ccc(CCC(F)(F)F)nc4CC3)CC2)s1,5.638272163982407,4.536920000000004
Cn1cc(CC(=O)N[C@H]2CC[C@](F)(CCN3CCc4ccc(OC5CCC5)nc4CC3)CC2)cn1,5.638272163982407,3.5469000000000017
Cc1cnc(CC(=O)N[C@H]2CC[C@](F)(CCN3CCc4ccc(OC5CCC5)nc4CC3)CC2)o1,5.638272163982407,4.109820000000004
Cn1ncc(CC(=O)N[C@H]2CC[C@](F)(CCN3CCc4ccc(OC5CCC5)nc4CC3)CC2)n1,5.638272163982407,2.9419000000000004
Cc1cc(CC(=O)N[C@H]2CC[C@H](CCN3CCc4ccc(CCC(F)(F)F)nc4CC3)CC2)on1,5.638272163982407,4.581320000000004
Cc1cnc(CC(=O)N[C@H]2CC[C@](F)(CCN3CCc4ccc(CCC(F)(F)F)nc4CC3)CC2)o1,5.638272163982407,4.673420000000005
Cc1nc(CC(=O)N[C@H]2CC[C@H](CCN3CCc4ccc(CCC(F)(F)F)nc4CC3)CC2)nn1C,5.638272163982407,3.721820000000002
Cc1cc(CC(=O)N[C@H]2CC[C@](F)(CCN3CCc4ccc(CCC(F)(F)F)nc4CC3)CC2)on1,5.638272163982407,4.673420000000005
Cc1cc(CC(=O)N[C@H]2CC[C@H](CCN3CCc4ccc(CCC(F)(F)F)nc4CC3)CC2)no1,5.638272163982407,4.581320000000004
Cn1cc2c(C(=O)NC34CCC(CCN5CCc6nc(OCC(F)(F)F)sc6CC5)(CC3)OC4)cccc2n1,5.638272163982407,4.273400000000003
Cc1cc(OCC(=O)N[C@H]2CC[C@H](CCN3CCc4nc(OC5CC(F)(F)C5)sc4CC3)CC2)no1,5.638272163982407,4.160720000000003
CN1Cc2c(C(=O)NC34CCC(CCN5CCc6nc(OCC(F)F)sc6CC5)(CC3)CC4)cccc2C1=O,5.638272163982407,4.686300000000004
COc1cc(CC(=O)N[C@H]2CC[C@H](CCN3CCc4ccc(CCC(F)(F)F)nc4CC3)CC2)on1,5.638272163982407,4.281500000000004
Cc1nnc(CC(=O)N[C@H]2CC[C@](F)(CCN3CCc4nc(O[C@H](C)C(F)(F)F)sc4CC3)CC2)s1,5.638272163982407,4.433120000000003
Cc1cc(OCC(=O)N[C@H]2CC[C@H](CCN3CCc4ccc(CCC(F)(F)F)nc4CC3)CC2)no1,5.638272163982407,4.417620000000004
Cl.O=C1CC2(CCN(CCc3ccccc3)CC2)OC=C1c1ccccc1F,5.63,4.6551000000000045
COC(CCC(=O)N[C@H]1CC[C@H](CCN2CCN(c3nccc4c3CCO4)CC2)CC1)OC,5.63,2.6027000000000005
Clc1ccc(N2CCN(CCCc3nc4ccccc4s3)CC2)cc1,5.63,4.704500000000004
OC(COc1cccc2ccccc12)CN1CCC(Oc2ccccc2)CC1,5.63,4.122900000000004
CCN(CC)CCCOc1ccc(-c2nc3ccccc3n2C/C=C/Cn2c(-c3ccc(OCCCN(CC)CC)cc3)nc3ccccc32)cc1,5.63,9.197800000000003
CN1CCN(c2nc(N)nc(COc3ccccc3Cl)n2)CC1,5.63,1.4379999999999995
O=c1c(-c2ccccc2)c2n(c(=O)n1CCCCN1CCCC(c3c[nH]c4ccccc34)C1)CCCC2,5.63,5.154400000000004
COc1cccc(C(=O)NCCCCN2CCN(c3ccc(Cl)cc3)CC2)c1,5.63,3.6808000000000023
COc1ccc2c(c1)c(-c1[nH]c(N)nc1C)cn2S(=O)(=O)c1ccc2ccccc2c1.Cl,5.63,4.742620000000003
C=CCN1C[C@H](OCCCN)C[C@@H]1CNC(=O)c1cc(CCCF)cc(OC)c1OC,5.63,2.330000000000001
CCCN(CCCCNC(=O)c1ccc(-c2ccccn2)cc1)CC1CC1c1cccc(Cl)c1Cl.Cl,5.63,7.5029000000000075
CCCN[C@@H]1CCc2c(C(=O)OC)cccc2[C@@H]1C,5.63,2.8911000000000016
CN1CCN(C(=O)C(C)(C)c2ccc(C(=O)Nc3cn4cc(-c5cc(C(C)(C)C)cc(C(C)(C)C)c5)ccc4n3)cc2)CC1,5.63,6.900200000000007
Cn1c(SCCCN2CC[C@]3(C[C@@H]3c3ccc(C(F)(F)F)cc3)C2)nnc1-c1ccno1,5.63,4.850700000000004
O=C(NCCCCN1CCN(c2ccnc3ccccc23)CC1)c1nc2ccccn2c1Br,5.63,3.9772000000000025
Cc1ccc(N2CCN(Cc3ccc4c(c3)NC(=O)CO4)CC2)cc1C,5.63,2.9565400000000013
Cc1ccc(CN2CCN(CC(=O)N3c4ccccc4C[C@@H]3C)CC2)cc1,5.63,3.0904200000000017
OC[C@H]1O[C@H](Oc2ccc(CC3NCCc4cc(O)c(O)cc43)cc2)[C@H](O)[C@H](O)[C@H]1O,5.62,-0.29400000000000015
Clc1ccc2nc(CCCN3CCN(c4ccccn4)CC3)sc2c1,5.62,4.0995000000000035
CC(=O)OC1CCCc2ccc(/N=C/N3CCc4ccccc4C3)cc21,5.62,4.345200000000004
c1ccc(N2CCN(Cc3ccc(-n4cccn4)cc3)CC2)cc1,5.62,3.1945000000000014
Cl.O=C1C(c2ccccc2)=COC12CCN(Cc1ccccc1)CC2,5.62,4.083400000000003
CN1CCN(C2=Nc3cc(Cl)ccc3N(NC(=O)CCC(=O)OCCOC(=O)CCC(=O)NN3c4ccc(Cl)cc4N=C(N4CCN(C)CC4)c4ccccc43)c3ccccc32)CC1,5.62,5.957200000000006
OCC1(c2ccc(Cl)cc2)CCN(Cc2c[nH]c3ccccc23)CC1,5.62,4.347400000000003
Cl.O=C1C(c2ccccc2)=COC12CCN(Cc1ccc(F)cc1)CC2,5.62,4.222500000000003
O=c1[nH]c2[nH]c(-c3ccc(Cl)cc3)cc2c(=O)n1CCN1CCN(c2ccccc2Cl)CC1,5.62,3.813900000000003
CCCN(CCC)CC[C@H]1CC[C@H](Nc2ncccn2)CC1,5.62,3.959400000000003
COc1cc(CCCNCCCC2CCc3nc(N)sc3C2)ccc1O,5.62,3.547000000000002
CN1CCN(C2=Nc3cc(Cl)ccc3N(NC(=O)c3ccc(Br)cc3)c3ccccc32)CC1,5.62,5.224700000000005
O=C(c1nc2ccccc2[nH]1)N1CCN(CCOc2cccnc2)CC1,5.62,1.7947
CCc1cc(Cl)c(OC)c(C(=O)NCC2CCCN2CC(=O)N2CCC(c3ccccc3)(c3ccccc3)C2)c1O,5.62,5.029400000000005
COc1ccc(Br)cc1C1=N[C@@H](CN2CCN(c3ccccc3)CC2)[C@@H](C)O1,5.62,3.8138000000000023
N#Cc1cc(CN2CCN(c3ccccc3)CC2)c[nH]1,5.62,2.20858
Cc1cnc(CC(=O)N[C@H]2CC[C@H](CCN3CCc4ccc(OC5CCC5)nc4CC3)CC2)o1,5.619788758288394,4.017720000000003
COc1ccc(F)cc1OC(C)c1nc(N)nc(N2CCN(C)CC2)n1,5.61,1.4932999999999996
O=C(CCOCCN1CCN(c2ccccc2-c2ccccc2)CC1)NCc1ccncc1,5.61,3.593700000000002
C=CCN(CC=C)CCc1c[nH]c2ccc(F)cc12,5.61,3.523500000000002
O=C1c2ncoc2CCN1CCN1CCC(c2noc3ccccc23)CC1,5.61,2.6937000000000006
COCCC(=O)N[C@H]1CC[C@H](CCN2CCN(c3ncc(C)c4occc34)CC2)CC1,5.61,3.359820000000002
CN1CCN(C2=Nc3cc(Cl)ccc3N(NC(=O)CCCCCCC(=O)NN3c4ccc(Cl)cc4N=C(N4CCN(C)CC4)c4ccccc43)c3ccccc32)CC1,5.61,7.651000000000009
CN(CCCSc1nnc(-c2ccccc2)n1C)CC1CC1c1cc(F)ccc1OCCF.Cl,5.61,5.609000000000006
CC(C)(C)c1cc(N2CCN(CCCCNC(=O)N3CCc4[nH]c5ccccc5c4C3)CC2)cc(C(C)(C)C)c1,5.61,6.433000000000007
CC(C)(C)c1cc(N2CCN(CCCCNC(=O)N3CCc4c([nH]c5ccccc45)C3)CC2)cc(C(C)(C)C)c1,5.61,6.433000000000007
CC(C)N[C@@H]1CCc2c(F)cccc2C1,5.61,2.681000000000001
CO[C@H]1CC[C@H](CC(=O)N[C@H]2CC[C@H](CCN3CCN(c4nccc5c4CCO5)CC3)CC2)CC1,5.61,3.7989000000000024
O=C(O)C(=O)O.O=C1CCc2ccccc2N1CCCN1CCN(c2cccc([N+](=O)[O-])c2)CC1,5.6,2.2418999999999993
Cc1cccc(O)c1-c1cccc2c1-c1cccc3c1[C@@H](C2)N(C)CC3,5.6,5.119720000000004
CCC(C)(C)C(=O)NCCN1CCN(c2ccc(Cl)cc2)CC1,5.6,3.014400000000002
CCCCCCNC(=O)/N=C(\N)Nc1cccc(-c2csc(N)n2)c1,5.6,3.4088000000000003
CN1CCN(C2=Nc3ccccc3Nc3ccccc32)CC1,5.6,3.069300000000002
O=C(C#Cc1ccccc1)NC1CCN(Cc2ccccc2)CC1.O=C(O)/C=C/C(=O)O,5.6,2.5307000000000004
CC(C)C1Cc2ccccc2N1C(=O)CN1CCN(Cc2ccc(Cl)cc2)CC1,5.6,4.071500000000004
COc1c(C(=O)NCCN2CCN(c3ccccc3)CC2)cc(Cl)c2ccccc12,5.6,4.053800000000003
CC(C)(C)C(=O)NCCCCN1CCN(c2ccc(Cl)cc2)CC1,5.6,3.4045000000000023
Oc1cc2c(cc1O)[C@H]1c3ccccc3CN[C@@H]1CO2,5.6,2.0939
Cc1ccc2c(OCCN3CCC(Cc4cc(F)c5c(c4)NC(=O)CO5)CC3)cc(Cl)cc2n1,5.6,5.0001200000000035
CN(CCOCCCNC[C@H](O)c1ccc(O)c2[nH]c(=O)sc12)CCc1ccccc1,5.6,2.4994000000000005
CC(C)(C)C(=O)NCCN1CCN(c2ccc(Cl)cc2)CC1,5.6,2.6243000000000007
CCCC(C)(C)C(=O)NCCN1CCN(c2ccc(Cl)cc2)CC1,5.6,3.4045000000000023
COc1ccc(S(=O)(=O)N2CCc3ccc(I)cc32)cc1N1CCNCC1,5.6,2.4608000000000008
CCN1CCc2cc3nc(N)sc3cc2CC1,5.6,2.2990000000000004
N#Cc1ccc2c(c1)CN(CC[C@H]1CC[C@H](NC(=O)c3cc4ccccc4[nH]3)CC1)C2,5.6,4.734080000000003
Oc1cc2c(cc1O)[C@H]1c3cccnc3CN[C@@H]1CC2,5.6,2.042699999999999
O=C(NCC[C@H](F)CN1CCN(c2cccc(Cl)c2Cl)CC1)c1cc2ccccc2o1,5.6,5.0198000000000045
N#Cc1ccc2c(c1)CN(CC[C@H]1CC[C@H](NC(=O)c3ccnc4ccccc34)CC1)C2,5.6,4.8009800000000045
Clc1ccc(N2CCCN(CCCc3cc4ccccc4o3)CC2)cc1,5.6,5.231100000000004
CO/N=C(\CN1CCN(c2ccccn2)CC1)c1ccc(F)cc1,5.6,2.3934000000000006
c1c2c(cc3c1CC[C@@H]1[C@@H]3OCCN1CC1CC1)OCC2,5.6,2.7196000000000007
c1cnc(N2CCN(CCCCN3CCc4ncsc4CC3)CC2)nc1,5.6,1.9360999999999995
COc1ccc(OCCN2CCN(C(=O)c3ccc4[nH]ccc4c3)CC2)cc1,5.6,3.013300000000002
CCCN(CCCCNC(=O)c1ccc(-c2ccccc2)cc1)C1CCc2nc(C)ncc2C1,5.6,5.231520000000005
CCc1ccc(CCNCCCSCCNC[C@H](O)c2ccc(O)c3[nH]c(=O)sc23)cc1,5.6,3.4362000000000013
O=c1[nH]c2c(O)ccc([C@@H](O)CNCCc3ccc(CNCCc4ccccn4)cc3)c2s1,5.6,2.8882000000000003
C=C1CCC[C@]2(C)Cc3occ(C)c3C[C@@H]12,5.6,4.049220000000004
COc1ccc(NS(=O)(=O)c2sc3ccc(Cl)cc3c2C)cc1N1CCNCC1.Cl,5.6,4.503920000000004
Cl.Fc1ccc(-c2cc(CCCCN3CCN(c4ccccc4)CC3)on2)cc1,5.6,5.047400000000005
COc1ccccc1CNCc1ccc(CCNC[C@H](O)c2ccc(O)c3[nH]c(=O)sc23)cc1,5.6,3.4593000000000007
CC(CNCc1ccc(CCNC[C@H](O)c2ccc(O)c3[nH]c(=O)sc23)cc1)c1ccccc1,5.6,4.0542000000000025
CNCC1Cc2cc3ccn(S(=O)(=O)c4cccc5ccccc45)c3cc21,5.6,3.8906000000000027
CCCN(CCCCNC(=O)c1ccc(-c2ccccc2)cc1)C1CCc2nc(NC)ncc2C1,5.6,4.964800000000005
N#Cc1ccc2cc(CN3CCN(c4ccccc4)CC3)[nH]c2c1,5.6,3.3617800000000013
O=c1[nH]c2c(O)ccc([C@@H](O)CNCCCOCCNCCc3cccc(Cl)c3)c2s1,5.59999938302362,2.810600000000001
O=c1[nH]c2c(O)ccc([C@@H](O)CNCCc3cccc(CNCCCc4ccccn4)c3)c2s1,5.59999938302362,3.2783000000000015
CC1=NC2C=C3CCN(CCCSc4nnc(-c5cccc6nc(C)ccc56)n4C)CCC3=CC2O1,5.59999938302362,4.968920000000005
Cl.O=C1c2ccccc2CC1CCN1CCc2ccccc2C1,5.59,3.911800000000002
Cc1ncc2c(=O)n(CCN3CCN(c4nsc5ccccc45)CC3)ccc2n1,5.59,2.5318200000000006
COc1cccc(C(=O)CCCN2CCN(c3ccc(Cl)cc3)CC2)c1,5.59,4.133700000000003
Clc1cccc(N2CCN(CCCCn3cc(-c4ccc(-c5ccccc5)cc4)nn3)CC2)c1Cl,5.59,6.521300000000007
COc1ccc2c(c1OC)-c1ccc(C)c3c1[C@@H](C2)N(C)CC3,5.59,3.7643200000000023
CCCN[C@@H]1CCc2c(OS(=O)(=O)C(F)(F)F)cccc2[C@@H]1C,5.59,3.332900000000002
CCCN(CCC)CC1COc2cccc(OC)c2C1,5.59,3.3683000000000023
CCc1cc(Cl)c(OC)c(C(=O)NC[C@@H]2CCCN2Cc2ccccc2)c1OCc1ccccc1,5.59,5.884400000000006
C[C@@H]1Cc2ccccc2N1C(=O)CN1CCN(Cc2cc(F)c(Cl)cc2F)CC1,5.59,3.713600000000003
CCCCC(Oc1cc(Cl)cc(Cl)c1)c1nc(Nc2ccccc2)nc(N2CCN(C)CC2)n1,5.59,5.984100000000006
Cc1ccc2c(c1)C(NC1CCN(C)CC1)=Nc1cccnc1N2,5.59,3.2091200000000013
O=C(O)/C=C/C(=O)O.c1cnc(N2CCN(CCCCCNC3=Nc4ccccc4OC3)CC2)nc1,5.59,2.1929
CN(C)C(=O)CCC(=O)N[C@H]1CC[C@H](CCN2CCN(c3nccc4c3CCO4)CC2)CC1,5.59,2.072
O=C(NCCCN1CCN(c2cccc(Cl)c2Cl)CC1)c1ccc2c(c1)Cc1ccccc1-2,5.59,5.506700000000005
COc1cccc(N2CCN(CCCCn3ncc(=O)n(C)c3=O)CC2)c1,5.59,0.5530000000000015
Cc1c(C(=O)NCCCN2CCN(c3cccc(Cl)c3Cl)CC2)cc(-c2ccccc2)n1C,5.59,5.249420000000004
O=C(CN1CCN(Cc2ccc(Cl)cc2)CC1)N1CCc2ccc(F)cc21,5.59,3.1860000000000017
Cn1c(SCCCN2CC[C@]3(C[C@H]3c3ccc(C(F)(F)F)cc3)C2)nnc1-c1ccnnc1,5.59,4.652700000000004
O=C(CN1CCN(Cc2ccc(Cl)cc2)CC1)N1CCOc2ccccc21,5.58,2.8832000000000013
CN1CCN(C2=Nc3cc(Cl)ccc3N(NC(=O)CCCC(=O)N3CCN(C(=O)CCCC(=O)N4CCN(C(=O)CCCC(=O)NN5c6ccc(Cl)cc6N=C(N6CCN(C)CC6)c6ccccc65)CC4)CC3)c3ccccc32)CC1,5.58,6.16290000000001
COc1ccc(-c2cc(CCCCN3CCN(C(c4ccccc4)c4ccccc4)CC3)on2)cc1OC.Cl,5.58,6.5105000000000075
O=C(NCCCCN1CCN(c2ccc3ccccc3n2)CC1)N1CCN(c2ccccc2)CC1,5.58,3.6688000000000027
COc1ccccc1N1CCN(Cc2c(C)[nH]c3nc(N(C)C)ncc23)CC1,5.58,2.663120000000001
CN1CCC2(CC1)OC=C(c1ccc(F)cc1)C2=O.Cl,5.58,2.6521000000000012
FC(F)(F)c1ccc(CSc2nc3ccccc3n2Cc2ccc(Cl)cc2)cc1,5.58,7.049100000000005
N#CC(CCN1CCN(c2cccc(Cl)c2Cl)CC1)(c1ccccc1)c1ccccc1,5.58,6.015380000000006
Clc1nccc2c(CN3CCN(c4ccccc4)CC3)c[nH]c12,5.58,3.5385000000000018
COc1ccc2[nH]c(C(=O)N3CCN(CCOc4cccnc4)CC3)cc2c1,5.58,2.4083000000000006
Cc1ccccc1CN1CCC(N2CCC(n3c(=O)[nH]c4ccccc43)CC2)CC1,5.58,3.9395200000000026
O=C(O)C(=O)O.O=C1CCc2ccc(OCCCCN3CCC(O)(c4ccc(Cl)cc4)CC3)cc2N1,5.58,3.5229000000000017
O=C1c2ncccc2CCN1CCN1CCC(c2noc3ccccc23)CC1,5.58,3.1007000000000016
N#Cc1ccc2[nH]cc(CN3CCN(c4ccc(Cl)cc4)CC3)c2c1,5.58,4.0151800000000035
O=C(OCCc1ccc(F)cc1)N1CCN(CCCC(c2ccc(F)cc2)c2ccc(F)cc2)CC1,5.58,6.012900000000006
O=C1c2ncccc2CCN1CCN1CCN(c2noc3ccccc23)CC1,5.58,2.0433
O=C(CN1CCN(Cc2ccc(Cl)cc2)CC1)N1CCCc2ccccc21,5.58,3.437000000000002
O=C(NC1CCN(Cc2ccccc2)C1)c1ccc(-c2ccc(Cl)cc2)cc1,5.58,5.011300000000004
Cl.NC(=O)c1ccc(OC(=O)NCCCCN2CCN(c3cccc(Cl)c3Cl)CC2)c2ccccc12,5.58,5.358100000000005
COc1ccccc1N1CCN(Cc2cn3cc(C)cc(C#N)c3n2)CC1,5.57,2.845200000000001
CCCOc1cc2c(cc1O)[C@@H]1Cc3ccc(O)c(OC)c3CN1CC2,5.57,3.5507000000000017
O=C1CCc2cc(OCCCN3CCN(c4ccccn4)CC3)ccc2N1,5.57,2.5574000000000003
CCOC(=O)N[C@H]1CC[C@H](CCN2CCc3ccccc3C2)CC1,5.57,3.7397000000000027
O=S(=O)(c1ccccc1)n1cccc1-c1cccc(N2CCNCC2)c1,5.57,2.801700000000001
CN(C)CCC1(c2ccccc2)OC=C(c2ccccc2)C1=O.Cl,5.57,3.8958000000000035
COc1c(OCCF)cccc1[C@H](O)C1CCN(CCc2ccc(F)cc2)CC1,5.57,4.170700000000004
Cc1cnc(N2CCN(CC[C@H]3CC[C@H](NC(=O)CC4CCOCC4)CC3)CC2)c2ccoc12,5.57,4.1400200000000025
CC(C)(C)c1nc(N2CCN(CCCCNC(=O)c3cc4ccccc4s3)CC2)cc(C(F)(F)F)n1,5.57,5.339800000000005
Cc1ccccc1CC1c2ccc(O)cc2CCN1C,5.57,3.4723200000000025
COc1ccccc1N1CCN(Cc2cn(-c3ccc(OCCOCCOCCF)cc3)nn2)CC1,5.57,2.9796000000000014
O=C(Nc1ccc(Cl)cc1)N[C@H]1CC[C@H](CCN2CCC(c3cccc4c3OCO4)CC2)CC1,5.57,6.018700000000005
O=c1[nH]c2cc(F)ccc2n1C1CCN(C2CCN(Cc3ccccc3C(F)(F)F)CC2)CC1,5.57,4.789000000000005
COc1ccc(CN2CCN(Cc3cc4ccccc4o3)CC2)cc1,5.57,3.7592000000000025
Clc1ccc(N2CCN(Cc3cn4ccccc4n3)CC2)cc1Cl,5.57,3.963300000000003
COc1ccc(Br)cc1-c1nc(CNC[C@@H]2CCN(Cc3ccccc3)C2)c[nH]1,5.56,4.459500000000003
O=C(O)C(=O)O.O=C1CCc2ccccc2N1CCCN1CCN(c2ccccn2)CC1,5.56,1.7286999999999995
CCCCOc1cc2c(cc1O)[C@@H]1Cc3ccc(O)c(OC)c3CN1CC2,5.56,3.940800000000003
O=C(CCOCCN1CCN(c2cccnc2-c2ccccc2)CC1)NCc1ccc(C(F)(F)F)cc1,5.56,4.612500000000003
Cc1ccc(N2CCN(CC[C@H]3NC(=O)c4ccccc43)CC2)cc1C,5.56,3.3002400000000023
Cc1ccc2c(c1)Oc1sc(Cl)cc1C(N1CCN(CC(C)(C)C(=O)O)CC1)=N2,5.56,4.622320000000005
O=c1oc2cc(O)ccc2c2c1CN(Cc1ccc(Cl)cc1)CC2,5.56,3.710300000000003
CC1CN(CCN2CCN(c3noc4ccccc34)CC2)C(=O)c2ccn(C)c21,5.56,2.5478000000000005
COc1cccc(CCCCN2CCN(c3ccc(Cl)cc3)CC2)c1,5.56,4.493500000000004
Nc1nc2c(s1)CCN(CCCCN1CCN(c3ncccn3)CC1)CC2,5.56,1.5182999999999993
O=C(O)/C=C/C(=O)O.c1ccc(N2CCN(CCCCNC3=Nc4ccccc4OC3)CC2)cc1,5.56,3.0128000000000013
CN(C)CCOc1ccccc1Cc1ccccc1,5.56,3.217800000000002
CC(C)(C)OC(=O)NCCN1CCC(O)(c2ccc(Cl)cc2)CC1,5.56,3.1481000000000012
CC(=O)c1ccc2c(c1O)-c1cccc3c1[C@@H](C2)N(C)CC3,5.56,3.3469000000000015
O=C(O)C(=O)O.O=C1CCc2cc(OCCCN3CCCN(c4ccccn4)CC3)ccc2N1,5.55,2.1031
OC12C3C4CC5C6C4C1C6C(C53)N2CC1CCCCC1,5.55,2.3272000000000004
Oc1cccc([C@@]23CCC[C@@H]([C@H]2O)N(C/C=C/c2ccccc2)CC3)c1,5.55,3.962500000000003
O=C1C[C@H](CN2CCN(c3ccccc3)CC2)N=C(c2ccccc2)N1,5.55,2.1439
COCC1=C(C(=O)OC)[C@H](c2ccc(F)c(F)c2)N(C(=O)NCCCN2CCC(c3cccc(NC(C)=O)c3)CC2)C(=O)N1,5.55,4.042300000000003
CCCN1CCc2cccc3c2C1Cc1cccc(OC(=O)NC(C)(C)C)c1-3,5.55,5.105800000000005
O=C(NCCCCN1CCN(c2ccnc3cc(Cl)ccc23)CC1)N1CCC(c2ccccc2)CC1,5.55,5.379600000000005
C[Si](C)(C)c1cccc2c(CN3CCN(c4ccc(Cl)cc4)CC3)cnn12,5.55,3.855100000000003
CN1CCN(C2=c3ccccc3=Nc3ccc(Cl)cc3N2)CC1,5.55,2.0298999999999996
Clc1ccc(N2CCN(Cc3cnn4c(-c5ccccc5)cccc34)CC2)cc1,5.55,4.976900000000004
OC1(Cc2ccc(Cl)cc2)CCN(Cc2c[nH]c3ccccc23)CC1,5.54,4.390900000000003
O=C(c1ccccc1)N1CCC(NCCSC(c2ccc(F)cc2)c2ccc(F)cc2)CC1,5.54,5.681800000000005
CN1CCC2(CC1)OC(c1ccccc1)=CC2=O.Cl,5.54,2.5130000000000012
Fc1ccc(CN2CCC(NCCSC(c3ccc(F)cc3)c3ccc(F)cc3)CC2)cc1,5.54,6.180700000000006
CCOC(=O)/C=C1\[C@@H]2CCC[C@@]1(c1cccc(O)c1)CCN2C[C@H]1C[C@@H]1CCNC(=O)c1cc2ccccc2[nH]1,5.54,5.315200000000005
COc1cc2c(cc1OC)CN(CCNC(=O)c1cc(C)ccc1OC)CC2,5.54,2.8089200000000014
COc1ccc(C(=O)N2CCN(CCOc3cccnc3)CC2)cc1,5.54,1.9270000000000003
CC1(c2ccc(F)cc2)NC(=O)N(CC(O)CN2CCN(c3ccccc3)CC2)C1=O,5.54,1.7757999999999998
N[C@@H]1CCN(c2ccc3[nH]nc(S(=O)(=O)c4cccc5ccccc45)c3c2)C1,5.54,3.0863000000000014
CCCCN1CCC(c2cccc(O)c2)C1,5.54,2.981600000000002
FCCCOc1cccc(CN2CCN(Cc3cc4ccccc4o3)CC2)c1,5.54,4.489000000000004
CC(C)C(=O)Nc1cccc(C2CCN(Cc3ccc(Oc4ccc(Cl)c(Cl)c4)cc3)CC2)c1,5.54,7.7598000000000065
CCOc1ccc(CCNC(=O)N2CCN(CCCC(c3ccc(F)cc3)c3ccc(F)cc3)CC2)cc1,5.54,5.845500000000006
COc1ccccc1N1CCN(CC(F)CCNC(=O)c2ccc3c(c2)Cc2ccccc2-3)CC1,5.54,4.546600000000003
Cc1ccc(OCc2nc(N)nc(N3CCN(C)CC3)n2)cc1,5.54,1.0930199999999997
CC(C)(CN1CCC(C2=Nc3ccccc3Oc3ccccc32)CC1)C(=O)O,5.54,4.7359000000000036
Cc1cccc(NC(=O)CN2CCC(c3ccccn3)CC2)c1,5.54,3.208120000000002
Cl.O=C1CC2(CCN(CCc3ccccc3)CC2)OC=C1c1ccc(F)cc1,5.54,4.6551000000000045
CC(C)c1nc2c(N3CCNCC3)ccnc2n1Cc1cccc(Cl)c1,5.53,3.666000000000002
CN1CCc2ccccc2Cc2[nH]c3ccccc3c2C[C@H]1CO,5.53,3.1500000000000017
CCOC(=O)/C=C1\[C@@H]2CCC[C@@]1(c1cccc(O)c1)CCN2CCCCNC(=O)c1cc2ccccc2[nH]1,5.53,5.069200000000005
c1ccc(N2CCN(CCCc3nc4ccccc4s3)CC2)nc1,5.53,3.446100000000002
Cc1ccc(N2CCN(Cc3ccc4c(c3)OCC(=O)N4)CC2)cc1,5.53,2.6481200000000005
Cc1cnc(N2CCN(CC[C@H]3CC[C@H](NC(=O)CC4CCOCC4)CC3)CC2)c2c1OCC2,5.53,3.3287200000000015
CC1(C)CC(=O)N(CCCCN2Cc3ccccc3C2)C(=O)C1,5.53,2.957600000000001
CCCOc1cccc(CN2CCN(Cc3cc4ccccc4o3)CC2)c1,5.53,4.539400000000004
O=C(CCCCN1Cc2ccccc2C1)c1nc2ccccc2s1,5.53,4.665100000000004
COc1c(C(C)=O)ccc2c1-c1cccc3c1[C@@H](C2)N(C)CC3,5.53,3.6499000000000024
CCCN(CCC)C1COc2cccc(O)c2C1,5.522878745280337,2.817700000000001
Cc1ccc(CN2CCN(C3=Nc4cc(Cl)ccc4N(NC(=O)c4ccccc4Cl)c4ccccc43)CC2)c(C)c1,5.522878745280337,7.302840000000007
CCC(CC)CN1CCN(C2=Nc3cc(Cl)ccc3N(NC(=O)c3ccccc3Cl)c3ccccc32)CC1,5.522878745280337,6.922000000000008
CC(C)CN1CCN(C2=Nc3cc(Cl)ccc3N(NC(=O)c3ccccc3Cl)c3ccccc32)CC1,5.522878745280337,6.141800000000007
CC(C)(C)CN1CCN(C2=Nc3cc(Cl)ccc3N(NC(=O)c3ccccc3Cl)c3ccccc32)CC1,5.522878745280337,6.531900000000007
O=C(NN1c2ccc(Cl)cc2N=C(N2CCN(CC3CCCCC3)CC2)c2ccccc21)c1ccccc1Cl,5.522878745280337,7.066100000000007
O=C(NN1c2ccc(Cl)cc2N=C(N2CCN(Cc3ccc(F)cc3F)CC2)c2ccccc21)c1ccccc1Cl,5.522878745280337,6.964200000000005
O=C(NN1c2ccc(Cl)cc2N=C(N2CCN(Cc3cccc(OC(F)(F)F)c3)CC2)c2ccccc21)c1ccccc1Cl,5.522878745280337,7.584600000000005
O=C(NN1c2ccc(Cl)cc2N=C(N2CCN(Cc3cccc4c3OC(F)(F)O4)CC2)c2ccccc21)c1ccccc1Cl,5.522878745280337,7.007500000000006
COc1ccc(C(=O)NN2c3ccc(Cl)cc3N=C(N3CCN(C)CC3)c3ccccc32)cc1,5.522878745280337,4.470800000000004
N#Cc1ccccc1N1CCN(CNC(=O)c2ccccc2)CC1,5.52,2.06778
CC1Cc2ccccc2N1C(=O)CN1CCN(Cc2cc(F)cc(F)c2)CC1,5.52,3.060200000000002
CN1CCN(C2=Nc3cc(Cl)ccc3N(NC(=O)c3ccccc3-n3ccnc3)c3ccccc32)CC1,5.52,4.6479000000000035
CN1CCc2cc(Cl)c(O)cc2[C@H]2c3ccc(NS(C)(=O)=O)cc3CC[C@@H]21,5.52,3.351700000000002
O=C(Cc1ccc2c(c1)OCO2)N[C@H]1CC[C@H](CCN2CCN(c3nccc4c3CCO4)CC2)CC1,5.52,3.1750000000000007
O=C(CN1CCN(Cc2ccc(Cl)cc2)CC1)N1c2ccccc2C[C@H]1CO,5.52,2.4078000000000013
CCn1cncc1-c1c[nH]c2c(F)cc(I)cc12,5.52,3.7950000000000017
CN1CCN(C2=Nc3cc(Cl)ccc3N(NC(=O)c3ccsc3)c3ccccc32)CC1,5.52,4.523700000000003
COC[C@H]1CCCN1CCc1c(-c2ccccc2)[nH]c2ccccc12,5.52,4.4882000000000035
c1ccc(N2CCN(Cc3ccc[nH]3)CC2)cc1,5.52,2.3369
COc1cccc(N2CCN(CCCN3C(=O)CCc4ccccc43)CC2)c1.O=C(O)C(=O)O,5.51,2.3423
Clc1ccc(N2CCN(CCCCCc3nc4ccccc4o3)CC2)cc1,5.51,5.016200000000005
O=C1c2cc(Cl)c(Cl)cc2CC1CCN1CCN(c2ccccn2)CC1,5.51,3.955700000000003
CCCN(CCC)CC1CCc2ccsc2C1,5.51,3.975000000000003
O=C(NCCCCN1CCN(c2ccc3ccccc3n2)CC1)C1CCC(c2ccccc2)CC1,5.51,5.227200000000005
CCCN1CCO[C@@H]2c3cc(C(C)=O)ccc3CC[C@H]21,5.51,2.987300000000002
CCCCSC1CCc2ccc(/N=C/N3CCc4cc(OC)c(OC)cc4C3)cc21,5.51,5.942500000000007
Nc1nc(NCCc2cccc(Cl)c2Cl)nc(NCCc2c[nH]c3ccccc23)n1,5.51,4.551100000000003
O=Cc1ccccc1-c1ccc(C(=O)NC2CCN(Cc3ccccc3)C2)cc1,5.51,4.170400000000003
COc1cc2ccccc2cc1C(=O)OCC1CCN(Cc2ccccc2)CC1,5.5,4.917400000000004
COc1cccc2c1CCCC2NCCN1CCN(c2ccc(Cl)cc2)CC1.Cl.Cl,5.5,4.981400000000006
c1ccc(CN2CCC(n3ccc(-c4cnco4)c3)CC2)cc1,5.5,3.9802000000000035
Cl.O=C1C(c2ccc3ccccc3c2)=COC12CCN(CCc1ccccc1)CC2,5.5,5.279100000000005
COc1cccc2c3c(oc12)CN(CCCCOc1ccc2c(c1)NC(=O)C2)CC3,5.5,4.153300000000002
Cc1ccc2c(OCCN3CCN(Cc4cccc5cccnc45)CC3)cccc2n1,5.5,4.288020000000003
COc1cc(CCNC[C@H](O)c2ccc(O)c3[nH]c(=O)ccc23)ccc1OCCCc1ccccc1,5.5,4.119600000000003
N#Cc1ccc2c(c1)CCN(CC[C@H]1CC[C@H](NC(=O)c3ccc4ccccc4c3)CC1)CC2,5.5,5.490980000000005
C[C@H]1c2c([nH]c3ccc(C(F)(F)F)cc23)C[C@H]2CCN(CCC3(C(=O)O)CCCCC3)C[C@@H]21,5.5,6.209600000000006
O=c1[nH]c2c(O)ccc([C@@H](O)CNCCc3cccc(CN4CCCC4)c3)c2s1,5.5,2.7567000000000013
Cc1ccc2c(OCCN3CCC(Cc4cc5c(cc4F)OCC(=O)N5)CC3)cc(Cl)cc2n1,5.5,5.000120000000004
CCS(=O)(=O)c1ccc(OC)c(-c2ccc(CN3CCOCC3)[nH]2)c1,5.5,2.3161000000000005
CCCN(CCCCNC(=O)c1ccc(-c2ccccn2)cc1)CC1CC1c1cc(F)ccc1OC.Cl,5.5,6.343800000000008
O=c1[nH]c2c(O)ccc([C@@H](O)CNCCOCCCNCCc3cccc(Cl)c3)c2s1,5.5,2.810600000000001
N[C@H]1CCCC[C@@H]1NC(=O)c1c2c(c3c4c(ncnc14)-c1ccccc1C3=O)N[C@@H]1CCCC[C@H]1N2,5.5,3.9895000000000023
C[C@@H]1CN(CCCNC(=O)CN2CCc3ccccc3C2)C[C@H](C)O1,5.5,1.6602000000000003
CCCN(CCCCNC(=O)c1cc2ccccc2[nH]1)CC1CC1c1ccc(Cl)cc1.Cl,5.5,6.268800000000007
CC(C)(C)Oc1ccc(C(=O)N[C@H]2CC[C@H](CCN3CCN(c4nccc5c4CCO5)CC3)CC2)cc1,5.5,4.6947000000000045
COc1cccc2c1CCN(CCN1CCN(c3ccc(Cl)cc3)CC1)C2=O,5.5,3.169100000000002
Cc1ccccc1N1CCC2CN(CCCSc3nnc(-c4cnccn4)n3C)CC21,5.5,3.2734200000000024
COCc1nc2cnc3cc(-c4c(C)noc4C)c(OC[C@H]4CCNC4)cc3c2n1[C@H](C)c1ccccc1,5.5,5.600340000000005
COc1ccc2c(c1)c(-c1[nH]c3cccc[n+]3c1C)cn2S(=O)(=O)c1ccccc1.[Br-],5.5,0.9331199999999991
CC(C)c1nc(CN2CC[C@H](c3ccccc3)C2)cs1,5.5,4.256000000000004
O=c1[nH]c2c(O)ccc([C@@H](O)CNCC[S+]([O-])CCCNCCc3cccc(Cl)c3)c2s1,5.499999678657065,2.542700000000001
Cc1c(S(=O)(=O)Nc2ccc3nccc(N4CCN[C@@H](C)C4)c3c2)sc2ccc(Cl)cc12,5.499999678657065,5.010220000000004
O=[N+]([O-])c1cc(O)c2c(c1)S(=O)(=O)N=C(Nc1ccccc1Oc1ccccc1)N2,5.494850021680094,3.6750000000000016
O=C(NC1CCC(CCN2CCC(c3cccc4c3CCO4)CC2)CC1)c1ccc2ncccc2c1,5.49,5.728000000000006
COc1cc(C(=O)NN2c3ccccc3N=C(N3CCN(C)CC3)c3cc(Cl)ccc32)cc(OC)c1OC,5.49,4.488000000000004
O=C(Nc1ccccc1)Nc1cccc(CCN2CCN(c3ccccc3)CC2)c1,5.49,4.695300000000003
CC1(CCCCN2CCN(c3ccccn3)CC2)Cc2cc(Cl)ccc2C1=O,5.49,4.472600000000004
CCCN[C@H]1CCc2ccc(OC)cc2C1,5.49,2.5521000000000003
c1ccc(-c2nc(CN3CCCN(c4nccs4)CC3)co2)cc1,5.49,3.5104000000000024
COc1ccc(Br)cc1-c1nc(CN(C)C[C@@H]2CCN(Cc3ccccc3)C2)co1,5.49,5.066600000000005
Nc1nc(NCCc2c[nH]c3ccccc23)nc(N2CCN(c3cccc(Cl)c3Cl)CC2)n1,5.49,4.223100000000003
Fc1ccc(OC[C@@H]2CC[C@H]3CN(c4ncc(F)cn4)CCN3C2)cc1,5.480172006224281,2.734400000000001
Cn1c(SCCCN2CC[C@]3(C[C@@H]3c3ccccc3)C2)nnc1-c1cccnc1,5.48,4.238900000000004
Cc1cc2nc(C)c(CN3CCN(c4ccc(Cl)c(Cl)c4)CC3)n2c(C)n1,5.48,4.283560000000004
O=C(NCCN1CCC(c2cccc(C(F)(F)F)n2)CC1)C1CCCO1,5.48,2.575
CCS(=O)(=O)Nc1ccc2c(c1)CC[C@H]1[C@H]2c2cc(O)c(Cl)cc2CCN1C,5.48,3.7418000000000022
O=C(CN1CCN(Cc2ccc(Cl)cc2)CC1)N1c2ccccc2CC12CCCCC2,5.48,4.749800000000005
O=C(NCCCCN1CCN(c2cccc(Cl)c2)CC1)c1ccc2ccccc2c1,5.48,4.825400000000004
COc1ccc2c(c1)c(C1=CCNCC1)cn2S(=O)(=O)c1cncc2ccccc12,5.48,3.8118000000000025
O=C1NCCN(C(=O)CCCN2CCN(c3cccc(Cl)c3Cl)CC2)C1C(=O)NC1CCCCC1,5.48,2.6715
COc1ccc(OC(C)CN2CCN(C(=O)c3cc4ccccc4[nH]3)CC2)cc1,5.48,3.4018000000000015
CN1CCN(CCCOc2ccc(-c3nc4ccccc4[nH]3)cc2)CC1,5.47716468633947,3.246200000000001
CCN(CC)CCCOc1ccc(-c2nc3ccccc3n2C/C=C/Cn2c(C)nc3ccccc32)cc1,5.47716468633947,6.728520000000008
C(=C/Cn1c(-c2ccc(OCCCN3CCOCC3)cc2)nc2ccccc21)\Cn1c(-c2ccc(OCCCN3CCOCC3)cc2)nc2ccccc21,5.47716468633947,7.178600000000009
OC(CCCN1CCN(c2ncc(F)cn2)CC1)c1ccc(F)cc1,5.47,2.390600000000001
Cc1cccc(N2CCN(CCCCNC(=O)[C@H]3CCc4ccccc4N3)CC2)c1,5.47,3.4403200000000016
Cl.c1ccc(-c2cc(CCCCN3CCN(c4ccccc4)CC3)on2)cc1,5.47,4.908300000000004
COc1cccc2c1CCCC2CCCN1CCN(c2ccc(Cl)cc2)CC1,5.47,5.370900000000005
CCC(Oc1cccc(F)c1Cl)c1nc(N)nc(N2CCN(C)CC2)n1,5.47,2.528200000000001
Clc1ccc(-c2cc(C3CCCCN3Cc3ccccc3)[nH]n2)cc1,5.47,5.4573000000000045
CCCN(CCC)[C@H]1CCc2ccc(OC)cc2C1,5.47,3.6745000000000028
Fc1ccc(N2CCN(CCNc3cncc(Cl)n3)CC2)cc1,5.47,2.5032000000000005
COc1ccccc1N1CCN(Cc2cn(CCOCCOCCF)nn2)CC1,5.47,1.6115999999999997
CCCN1CCC(COc2nc3ccccc3c3c2CCCN3)CC1,5.47,4.093700000000003
Oc1ccc(CC2NCCc3cc(O)c(O)cc32)cc1O,5.47,1.9385000000000008
CCCN1CCO[C@@H]2c3cc(C(=O)NCc4ccc(OC)cc4)ccc3CC[C@H]21,5.47,3.7233000000000027
CN1CCCN(c2ccc(O)c3c2OCC(=O)N3)CC1,5.47,0.8649999999999999
O=C(N[C@H]1CC[C@H](CCN2CCN(c3nccc4c3CCO4)CC2)CC1)c1ccc2c(c1)OCO2,5.47,3.246100000000001
COc1ccc(-c2cc(CCCCN3CCN(c4ccccc4)CC3)on2)cc1OC.Cl,5.47,4.925500000000005
Cn1ccc2c1CCCN(CCN1CCC(c3noc4ccccc34)C1)C2=O,5.46,3.044200000000002
COc1ccc(OCCN2CCN(C(=O)c3cc4ccc(Cl)cc4[nH]3)CC2)cc1,5.46,3.6667000000000023
Cc1cccc(C(=O)NCN2CCC(c3ccccn3)CC2)c1,5.46,2.956920000000001
CCCN(CCCCNC(=O)c1cc2ccccc2[nH]1)CC1CC1c1cccc(Cl)c1.Cl,5.46,6.268800000000007
CCc1nc2c(N3CCNCC3)ccnc2n1Cc1cccc(F)c1,5.46,2.590700000000001
Cc1cc2nc(C)c(CN3CCN(c4ccc(F)cc4)CC3)n2c(C)n1,5.46,3.1158600000000014
Clc1ccc(N2CCN(Cc3cn4cc(Br)ccc4n3)CC2)cc1Cl,5.46,4.725800000000003
O=C(CCOCCN1CCN(c2cccnc2-c2ccc(F)cc2)CC1)NCc1ccc(C(F)(F)F)cc1,5.46,4.751600000000003
CCN(CC)CCCOc1ccc(-c2nc3ccccc3n2Cc2ccc(Cn3c(-c4ccc(OCCCN(CC)CC)cc4)nc4ccccc43)cc2)cc1,5.46,10.037999999999998
N#Cc1ccc2[nH]cc(CN3CCN(c4ccccc4)CC3)c2c1,5.46,3.361780000000002
CC(C)c1nc2c(N3CCNCC3)ccnc2n1Cc1cccc(F)c1,5.46,3.1517000000000017
Cl.O=C1c2ccccc2CCC12CCN(Cc1ccccc1)CC2,5.46,4.519700000000004
O=C(NCCCCN1CCN(c2ccccc2O)CC1)c1ccc(-c2ccsc2)cc1,5.46,4.452900000000003
O=C(O)c1ccc(CSc2nc3ccccc3n2Cc2ccc(Cl)cc2)cc1,5.46,5.728500000000004
Cl.O=C(NCCCCN1CCN(c2cccc(Cl)c2Cl)CC1)Oc1cccc2c1OCCO2,5.46,4.877200000000005
CCCN(CCCCNC(=O)c1cc2ccccc2[nH]1)CC1CC1c1cccc(F)c1.Cl,5.46,5.754500000000007
Cc1cccc2c1CCN2C(=O)CN1CCN(Cc2ccc(Cl)cc2)CC1,5.46,3.3553200000000025
c1ccc(-c2nc(CN3CCN(c4ccncc4)CC3)c[nH]2)cc1,5.455931955649724,2.7939000000000007
COCCC(=O)N[C@H]1CC[C@H](CCN2CCN(c3ncc(C)c4c3CCO4)CC2)CC1,5.45,2.548520000000001
O=C(Cc1ccccc1)Nc1cccc(CCN2CCN(c3ccccc3)CC2)c1,5.45,4.2325000000000035
O=C(NCCCCN1CCN(c2ccnc3ccccc23)CC1)c1nc2ccccn2c1Cl,5.45,3.8681000000000028
Cc1c(C(=O)c2ccc(Cl)cc2)c2ccc(OC(F)(F)F)cc2n1Cc1cccc(O[C@H](C)C(=O)O)c1,5.45,6.632920000000006
Cl.O=C(CCCN1CCCc2ccccc2C1)c1ccc(Cl)cc1,5.45,5.173100000000004
CCCCCCN1CCC(c2cccc(O)c2)C1,5.45,3.7618000000000027
CN1CCN(C2=Nc3cc(Cl)ccc3N(NC(=O)c3cccc(C#N)c3)c3ccccc32)CC1,5.44,4.333880000000003
CC(=O)N[C@@H]1c2cccc3c2-c2c1ccc1c2[C@@H](C3)N(C)CC1,5.44,2.9776000000000016
Cc1cc(N2CCN(CCCCNC(=O)c3cn4ccccc4n3)CC2)nc(C(F)(F)F)n1,5.44,2.7837200000000006
Oc1cc2c(cc1O)[C@H]1c3cc4c(nc3CN[C@@H]1CC2)CCCC4,5.44,2.921500000000001
CCC(=O)Nc1nc(C)c(-c2ccc3ccn(S(=O)(=O)c4ccccc4)c3c2)[nH]1,5.44,3.925320000000002
CN(C)C(=O)C(CCNCCc1ccccc1)(c1ccccc1)c1ccccc1,5.44,4.283300000000003
Oc1ccc2c(c1)C1OCCN(CCc3ccccc3)C1CC2,5.434624497285927,3.323000000000002
Cc1c2c(nn1C)CCN(CCN1CC=C(c3noc4ccccc34)CC1)C2=O,5.43,2.6573200000000003
Cc1nc(-c2ccc(C(=O)N[C@H]3CC[C@H](CCN4CCC(c5cccc6c5CCO6)CC4)CC3)cc2)no1,5.43,5.538220000000006
COc1cccc(C(=O)NCCN2CCN(c3cccc(Cl)c3Cl)CC2)c1,5.43,3.554000000000002
C#Cc1cccc2c(CN3CCN(c4ccc(Cl)cc4)CC3)cnn12,5.43,3.2912000000000017
COc1ccc2c3c(c(=O)oc2c1)CN(Cc1ccc(C(F)(F)F)cc1)CC3,5.43,4.378700000000004
O=Cc1ccc(-c2ccc(C(=O)NC3CCN(Cc4ccccc4)C3)cc2)cc1,5.43,4.170400000000003
Oc1cc2c(cc1Cl)CCN[C@H]2c1ccccc1,5.43,3.2807000000000013
CCCn1c(-c2ccccc2)cc(C(=O)NCCCN2CCN(c3cccc(Cl)c3Cl)CC2)c1C,5.43,6.122420000000007
CN([C@@H]1CCc2c(CC(=O)O)c3ccccc3n2C1)S(=O)(=O)c1ccc(F)cc1,5.43,3.043000000000002
CC(C)c1ncc2c(=O)n(CCN3CCN(c4nsc5ccccc45)CC3)ccc2n1,5.43,3.3468000000000018
Oc1ccc2c(c1)C1OCCN(CCc3cccs3)C1CC2,5.43,3.384500000000002
CN1CCN(CCCNC(=O)c2cc(=O)c3ccccc3[nH]2)CC1,5.43,0.8953999999999994
N#Cc1c[nH]c(CN2CCN(c3ccccc3)CC2)c1,5.43,2.2085800000000004
CCCN[C@@H]1CCc2c(cccc2CS(=O)(=O)C(F)(F)F)C1.Cl,5.42021640338319,3.399900000000003
CN1CCN(C2=Nc3cc(Cl)ccc3N(NC(=O)c3ccccc3NC3CCCCC3)c3ccccc32)CC1,5.42,6.206800000000006
CCCN(CCC)[C@H]1CCc2c(F)ccc(O)c2C1,5.42,3.510600000000003
CSc1ccc2c(c1)CCN2C(=O)CN1CCN(Cc2ccc(Cl)cc2)CC1,5.42,3.7688000000000033
COc1ccc2c(c1)c(-c1c(C)nc(N)n1CC(F)F)cn2S(=O)(=O)c1ccccc1,5.42,3.9061200000000023
O=C(Cn1c(CCCN2CCN(c3cccc(Cl)c3Cl)CC2)nc2cc(Br)c(Br)cc21)NC1CCCCC1,5.42,7.071800000000007
COC1=CC2CCN(C)C3CC(c4ccccc4)C(=C1OC)C23,5.42,3.554800000000003
CC1Cc2ccccc2N1C(=O)CN1CCN(Cc2ccc(OC(F)(F)F)cc2)CC1,5.42,3.6806000000000028
COc1c(C(=O)NCCCCN2CCN(c3cccc(Cl)c3Cl)CC2)cc(Br)c2ccccc12,5.42,6.249900000000006
Cc1ncoc1-c1nnc(SCCCN2CC[C@]3(C[C@@H]3c3ccc(F)cc3C(F)(F)F)C2)n1C,5.42,5.298220000000005
CCCN1CCC(c2cccc(S(=O)(=O)C3CCCC3)c2)CC1,5.42,3.9923000000000037
COc1c(OCCF)cccc1C(=O)C1CCN(CCc2ccc(F)cc2)CC1,5.42,4.320000000000004
CN1CCN(C2=Nc3cc(Cl)ccc3N(NC(=O)c3ccccc3N3CCN(C)CC3)c3ccccc32)CC1,5.42,4.214000000000003
CN(C)S(=O)(=O)c1ccc2c(c1)CCN2C(=O)CN1CCN(Cc2ccc(Cl)cc2)CC1,5.42,2.297200000000001
O=c1ccn([C@@H]2O[C@H](COP(=O)([O-])OP(=O)([O-])OP(=O)([O-])O)[C@@H](O)[C@H]2O)c(=O)[nH]1.[Na+].[Na+].[Na+],5.42,-13.384900000000005
COc1ccc(-c2cc(CCCCN3CCN(C(c4ccccc4)c4ccccc4)CC3)on2)c(OC)c1.Cl,5.42,6.5105000000000075
Oc1ccc(CC2NCCc3cc(O)c(O)cc32)cc1,5.41,2.2329
CCN(CC)[C@H]1[C@H](CO)[C@@H]2CN(Cc3ccccc3)[C@@H](C)[C@@H]21,5.41,2.4555999999999996
Nc1nc2cc3c(cc2s1)CCNCC3,5.41,1.5667
CCOC(=O)/C=C1\[C@@H]2CCC[C@@]1(c1cccc(O)c1)CCN2CC1CC1CCNC(=O)c1cc2ccccc2[nH]1,5.41,5.315200000000005
CCOC(=O)Nc1ccc2c(c1)CC[C@H]1[C@H]2c2cc(O)c(Cl)cc2CCN1C,5.41,4.548600000000005
CCCN(CCC)C1CCc2cc(OC)ccc2C1,5.41,3.6745000000000028
COc1cc(N)c(Cl)cc1C(=O)NC[C@H]1CCN2CCC[C@H]12,5.41,2.1449
CN1CCN(C2=Nc3cc(Cl)ccc3N(C(=O)Nc3cc(Cl)cc(Cl)c3)c3ccccc32)CC1,5.41,6.656100000000006
Cc1cc(N2CCN(CCCCNC(=O)N3CCN(c4ccccc4)CC3)CC2)nc(C(F)(F)F)n1,5.41,3.237820000000002
COc1ccccc1NCCNc1nc(N)nc(NCCc2c[nH]c3ccccc23)n1,5.41,3.1223
Cc1sc2ccc(Cl)cc2c1S(=O)(=O)Nc1ccc2nccc(N3CCNCC3)c2c1,5.40000018605658,4.621720000000004
C(=C/Cn1c(-c2ccc(OCCCN3CCN(c4ccccc4)CC3)cc2)nc2ccccc21)\Cn1c(-c2ccc(OCCCN3CCN(c4ccccc4)CC3)cc2)nc2ccccc21,5.4,10.158599999999996
Clc1ccc(N2CCN(CCCc3nc4ccccc4o3)CC2)cc1,5.4,4.236000000000003
Cl.Nc1ncc(-c2cccc3c2ccn3S(=O)(=O)c2ccccc2)[nH]1,5.4,3.2724
Cc1cccc(S(=O)(=O)N(C)[C@H](C)CCN2CCC(C)CC2)c1,5.4,3.1260200000000022
CCCc1cc2c(s1)CN[C@H]1CCc3cc(O)c(O)cc3[C@H]21.Cl,5.4,4.083500000000005
O=c1[nH]c2c(O)ccc([C@@H](O)CNCCSCCCNCCc3ccccc3)c2s1,5.4,2.873800000000001
COc1c(C(=O)N[C@@H]2CCN(Cc3ccccc3)C2)cc(C#Cc2ccccc2)c2ccccc12,5.4,5.252500000000005
CCOc1ccc(CCNCCCSCCNC[C@H](O)c2ccc(O)c3[nH]c(=O)sc23)cc1,5.4,3.272500000000001
CC(C)(C)C(=O)NCCCCN1CCN(c2ccc(C(F)(F)F)cc2)CC1,5.4,3.7699000000000025
COc1ccc(CNCCN2CCN(Cc3cc4ccccc4[nH]3)CC2)cc1,5.4,3.0839000000000008
O=C(O)C(=O)O.O=C1CCc2ccccc2N1CCCN1CCN(c2ncccn2)CC1,5.4,1.1236999999999997
Cc1cccc(N2CCN(CCCC(=O)NCc3nc4ccc(F)cc4c(=O)n3-c3ccccc3)CC2)c1C,5.4,4.360240000000004
COc1cccc(C(=O)NCCCN2CCN(c3ccc(Cl)cc3)CC2)c1,5.4,3.290700000000002
CCCN(CCCCNC(=O)c1ccc2ccccc2c1)CC1CC1c1cccc(Cl)c1.Cl,5.4,6.940700000000008
COc1ccc2c(c1)c(-c1[nH]c(NCC(F)F)nc1C)cn2S(=O)(=O)c1ccccc1,5.4,4.262420000000002
CCCN(CCC)C1CCn2ncc(C=O)c2C1,5.4,2.1324000000000005
OC(Cc1ccccc1)CN1CCC(NCCSC(c2ccc(F)cc2)c2ccc(F)cc2)CC1,5.4,5.445000000000005
N#CC(C#N)=Cc1[nH]ccc1CN1CCN(c2ccccc2)CC1,5.4,2.7674600000000007
CSc1ccc(-c2ccc(C(=O)NC3CCN(Cc4ccccc4)C3)cc2)cc1,5.4,5.079800000000004
Cc1ccc2nc(CNCCCOc3ccccc3)cc(O)c2c1,5.4,3.807520000000002
COc1ccc(NS(=O)(=O)c2ccc(Br)cc2)cc1N1CCN(C)CC1,5.4,3.010300000000001
O=C(NC1CCN(Cc2ccccc2)C1)c1ccc(-c2cccc(F)c2)cc1,5.4,4.497000000000003
COc1ccc2c(c1)C(=O)N(CCN1CCN(c3ccc(Cl)cc3)CC1)CC2,5.4,3.169100000000002
O=C(O)/C=C/C(=O)O.c1cnc(N2CCN(CCCCNC3=Nc4ccccc4OC3)CC2)nc1,5.3979400086720375,1.8028000000000002
CCCN(CC[C@]1(O)C[C@H](NC(=O)c2ccc3ccccc3c2)C1)[C@H]1CCc2nc(N)sc2C1,5.3979400086720375,4.161400000000002
O=C(O)/C=C/C(=O)O.c1cnc(N2CCN(CCCNC3=Nc4ccccc4OC3)CC2)nc1,5.3979400086720375,1.4127
O=C(O)/C=C/C(=O)O.c1ccc(N2CCN(CCCNC3=Nc4ccccc4OC3)CC2)nc1,5.3979400086720375,2.0176999999999996
CC(C)(C)c1nc(N2CCN(CCCCNC(=O)N3CCN(c4ccccc4)CC3)CC2)c2ccccc2n1,5.39,4.3613000000000035
CCCN(CCN1CCN(Cc2cc3ccccc3[nH]2)CC1)Cc1ccc(OC)cc1,5.39,4.206300000000003
COc1ccccc1N1CCN(CCCNC(=O)Oc2cccc3ccccc23)CC1,5.39,4.149100000000003
CN(CC#Cc1ccccc1)C1CCN(Cc2ccccc2)CC1.O=C(O)/C=C/C(=O)O,5.39,3.346300000000001
Clc1ccccc1C(c1ccccc1)(c1ccccc1)n1ccnc1,5.39,5.376700000000004
O=C(c1n[nH]c2ccccc12)N1CCN(CCOc2cccnc2)CC1,5.39,1.7947
NCCCCN(Cc1nc2ccccc2[nH]1)[C@H]1CCCc2cccnc21,5.39,3.5764000000000022
Clc1ccc([C@@H]2C[C@H]2NCCC2(c3ccccn3)CCOCC2)cc1,5.39,4.3190000000000035
CN(C)CC1(C)CC(=O)C(c2ccccc2)=CO1.Cl,5.39,2.7590000000000017
c1ccc(-c2nc(CN3CCN(c4cnccn4)CC3)c[nH]2)cc1,5.384049948343598,2.1889000000000003
c1ccc(-c2nc(CN3CCN(c4ccncn4)CC3)c[nH]2)cc1,5.384049948343598,2.1889000000000003
Cl.c1ccc(N2CCN(CCCCc3cc(-c4cccs4)no3)CC2)cc1,5.38,4.969800000000005
CC1CCc2ccccc2N1C(=O)CN1CCN(Cc2ccc(Cl)cc2)CC1,5.38,3.8255000000000035
Cc1sc(C)c2c1CCc1c[nH]nc1-2,5.38,2.8536400000000004
O=C(Cc1ccccc1)Nc1ccc(CCN2CCN(c3ccccc3)CC2)cc1,5.38,4.2325000000000035
Cl.O=C1C=C(c2ccccc2)OC2(CCN(CCc3ccccc3)CC2)C1,5.38,4.516000000000004
Clc1ccc(COC(Cn2ccnc2)c2ccc(Cl)cc2Cl)c(Cl)c1,5.38,6.454800000000002
N#Cc1ccc(CSc2nc3ccccc3n2Cc2ccc(Cl)cc2)cc1,5.38,5.901980000000004
c1ccc(Cc2ccccc2OCCN2CCN(c3ccccc3)CC2)cc1,5.38,4.478400000000004
c1ccc(C2=NC[C@H](N3CCN(c4ccccc4)CC3)CCN2)cc1,5.38,2.6173
O=S(=O)(c1cccc2ccccc12)n1cc2c3c(cccc31)OC(CO)=C2,5.37,3.757100000000003
CC1(c2ccc(F)cc2)NC(=O)N(CC(O)CN2CCN(c3ccc(Cl)cc3)CC2)C1=O,5.37,2.4292000000000007
CCCN1CCc2cccc3c2C1Cc1cccc(OC(=O)NCc2ccccc2)c1-3,5.37,5.507500000000006
Nc1nc2cc3c(cc2s1)CCN(C(=O)c1ccccc1)CC3,5.37,3.119500000000002
Clc1ccc(COC(Cn2ccnc2)c2ccc(Cl)cc2Cl)cc1,5.37,5.801400000000003
OC1(c2ccc(Cl)cc2)CCCN(Cc2c[nH]c3ccccc23)C1,5.37,4.304900000000003
Cc1ccccc1OCc1nc(N)nc(N2CCN(C)CC2)n1,5.37,1.09302
O=C(NCCC(F)CN1CCN(c2cccc(Cl)c2Cl)CC1)c1ccc2c(c1)Cc1ccccc1-2,5.37,5.8448000000000055
COc1ccccc1OCCNc1nc(N)nc(NCCc2c[nH]c3ccccc23)n1,5.36,3.089200000000001
O=S(=O)(c1cccc(F)c1)n1ccc2c(N3CCNCC3)nc3ccccc3c21,5.36,2.975200000000001
N#Cc1ccc(CNC(=O)CCOCCN2CCN(c3cccnc3-c3ccccc3)CC2)cc1,5.36,3.4653800000000015
CCN(CC)CC1=Cc2cn(S(=O)(=O)c3ccccc3)c3cccc(c23)O1,5.36,3.953400000000003
Cc1ncccc1-c1nnc(SCCCN2CC3CCN(c4c(F)cccc4F)C3C2)n1C,5.36,4.156620000000003
Cn1cc(C(=O)N2CCN(CCOc3cccnc3)CC2)c2ccccc21,5.36,2.4101
Cc1cc(Cl)ccc1OCc1nc(N)nc(N2CCN(C)CC2)n1,5.36,1.7464199999999996
O=S(=O)(c1cccc(N2CCNCC2)c1)n1cccc1-c1cccc(F)c1,5.36,2.940800000000001
C=CCN(CC=C)CCc1c[nH]c2ccc(Br)cc12,5.36,4.146900000000003
Cl.Oc1ccc2c(c1)C(c1ccccc1)CNCC2,5.36,3.0916000000000015
CC1CN(C(=O)CN2CCN(Cc3ccc(Cl)cc3)CC2)c2ccccc21,5.36,3.6079000000000025
Oc1ccc(Br)cc1-c1nc(CN2CCN(c3ccccc3)CC2)co1,5.36,4.131900000000003
Oc1cc2c(cc1O)[C@H]1c3ccncc3CN[C@@H]1CC2,5.36,2.042699999999999
FC(F)(F)c1ccc(/C=C/COCC2CCN(Cc3ccccc3)CC2)cc1,5.36,5.647400000000005
Nc1nc(NCCOc2cccc(Cl)c2Cl)nc(NCCc2c[nH]c3ccccc23)n1,5.36,4.387400000000003
Cc1cnc(N2CCN(CC[C@H]3CC[C@H](NC(=O)C4CCOCC4)CC3)CC2)c2c1OCC2,5.35,2.938620000000001
Oc1ccccc1N1CCN(Cc2cnn3ccccc23)CC1,5.35,2.3621
O=C1c2cc(Cl)ccc2CC1CCN1CCN(c2ccccn2)CC1,5.35,3.3023000000000016
CC/C(=C(/CC)c1ccc(O)cc1)c1ccc(O)cc1,5.35,4.828600000000005
COc1cccc(CN2CC[C@H](NC(=O)c3ccc(-c4cccs4)cc3)C2)c1,5.35,4.4280000000000035
c1ccc2c(c1)CCN1CCc3cccc4[nH]cc(c34)C21,5.35,3.6715000000000018
Cc1ccc(S(=O)(=O)[O-])cc1.O=C(NCCCCN1CC[N+]2(CCOc3ccccc32)CC1)c1cc2ccccn2n1,5.35,3.4589200000000018
CCOc1cccc(CN2CCN(Cc3cc4ccccc4o3)CC2)c1,5.34,4.149300000000004
COc1ccc(C(=O)N2CCN(CCOc3cccnc3)CC2)c(C)c1,5.34,2.2354200000000004
CCCCNC(=O)c1ccc2c(c1)[C@H]1OCCN(CCC)[C@@H]1CC2,5.34,3.314600000000002
O=C(NCCCCN1CC[C@]2(c3cccc(O)c3)CCC[C@H]1[C@@H]2O)c1cc2ccccc2[nH]1,5.34,3.9406000000000025
c1ccc2c3c([nH]c2c1)C(Cc1ccc2c(c1)OCO2)NCC3,5.34,3.326100000000001
Cc1nc(N2CCN(CCCCNC(=O)c3cn4ccccc4n3)CC2)cc(C(C)(C)C)n1,5.34,3.0624200000000004
CCCN(CCCCNC(=O)c1ccc2ccccc2c1)CC1CC1c1ccc(Cl)cc1.Cl,5.34,6.940700000000008
CC/C(=C(\c1ccccc1)c1ccc(OCCN(C)C)cc1)c1ccccc1,5.33,5.9961000000000055
COc1ccccc1N(C(=O)c1ccccc1)C1CCN(CCCCNC(=O)c2ccc3ccccc3c2)CC1,5.33,6.169800000000007
COc1cc(/C=C/CNCCCC2CCc3nc(N)sc3C2)ccc1O,5.33,3.6276000000000024
COc1ccccc1N1CCN(Cc2cn(CCOCCOCCOCCF)nn2)CC1,5.33,1.6282
CCCN(CCCCNC(=O)c1ccc(-c2ccccc2)cc1)C1CC=C(C#Cc2ccccc2)CC1,5.33,7.106200000000007
O=C(NCCN1CCN(c2cccc(Cl)c2Cl)CC1)c1ccc(C#Cc2ccccc2)cc1,5.33,4.945200000000004
Oc1cc2c(cc1O)[C@@H](c1ccccc1)CNCC2,5.33,2.3754
CCCN(CCCCNC(=O)c1ccc(-c2ccccc2)cc1)C1CCn2ncc(C=O)c2C1,5.33,4.599600000000004
Clc1ccc2c(c1)N=C(N1CCN(c3ccccc3)CC1)CCN2,5.33,4.007800000000003
COc1c(C)ccc2c1-c1cccc3c1[C@@H](C2)NCC3,5.33,3.413520000000001
Cc1cccc2c1N(C(=O)CN1CCN(Cc3ccc(Cl)cc3)CC1)CC2,5.33,3.3553200000000025
O=C(/C=C/c1ccccc1)NC1CCN(Cc2ccccc2)CC1.O=C(O)/C=C/C(=O)O,5.33,3.192400000000001
CN(C)C(=O)C(CCN1C[C@H](O)C[C@H]1CN1CCN(c2cccc(C(F)(F)F)n2)CC1)(c1ccccc1)c1ccccc1,5.33,4.122200000000004
CCCC[C@H](NC(=O)[C@H]1CC[C@@H]2c3[nH]c4ccccc4c3CCN2C1)C(=O)N[C@@H](Cc1ccc(O)cc1)C(=O)N[C@@H](CCCCN)C(N)=O,5.33,2.6843000000000017
CCCN(CCCCNC(=O)c1ccc(-c2ccccc2)cc1)C1CCCCC1,5.33,5.908300000000007
c1cc2c(s1)CCC1NCCOC21,5.320572103387882,1.7237999999999998
c1cnc(N[C@H]2CC[C@H](CCN3CCN(c4ccncc4)CC3)CC2)nc1,5.32,3.0546000000000015
Fc1ccc(SCCCN2CCN(c3ccc(C(F)(F)F)cc3)CC2)cc1,5.32,5.148900000000005
CCCN(CCCCNC(=O)c1ccc2ccccc2c1)CC1CC1c1cccc(F)c1.Cl,5.32,6.426400000000007
CC(Sc1cc(Cl)ccc1Cl)c1nc(N)nc(N2CCN(C)CC2)n1,5.32,3.365700000000002
O=C(NCCCCN1CCN(c2ccc(O)cc2)CC1)c1ccc(-c2ccsc2)cc1,5.32,4.452900000000003
C[C@@H]1CN(Cc2ccc(Cl)cc2)CC[N@@+]1(C)CC(=O)N1CCc2ccccc21,5.32,3.5800000000000027
O=C(N[C@H]1CC[C@H](CCN2CCN(c3cccc4c3OCO4)CC2)CC1)c1ccc2c(c1)OCCO2,5.32,3.687400000000002
O=C(CCCCN1CCN(c2ccc(Cl)cc2)CC1)c1nc2ccccc2s1,5.32,5.124900000000005
CCn1cncc1-c1c[nH]c2ccc(I)cc12,5.32,3.6559000000000017
CCOc1ccc(CN2CCN(Cc3cc4ccccc4o3)CC2)cc1,5.31,4.149300000000004
C=CCOc1cc(F)c(F)cc1C1CC1CN.Cl,5.31,3.0136000000000007
Cc1cccc2c(CN3CCN(c4ccc(Cl)cc4)CC3)cnn12,5.31,3.6183200000000024
C=CCN1CCC2(CC1)OC=C(c1ccccc1)C2=O.Cl,5.31,3.0692000000000017
O=C(NCCCCN1CCN2c3ccccc3Cc3ccccc3C2C1)c1cc2ccccc2s1,5.31,5.879000000000006
C[Si](C)(C)C#Cc1cccn1C1CCN(Cc2ccccc2)CC1,5.31,4.554100000000004
CCOC(=O)/C=C1\[C@@H]2CCC[C@@]1(c1cccc(O)c1)CCN2C[C@@H]1C[C@H]1CCNC(=O)c1cc2ccccc2[nH]1,5.31,5.315200000000005
Cc1ccccc1C(=O)N1c2ccc(Cl)cc2N=C(N2CCN(C)CC2)c2ccccc21,5.31,5.2660200000000055
N#Cc1[nH]c2ccccc2c1CN1CCN(c2ccccc2)CC1,5.31,3.361780000000002
Cc1ccc(Cn2ncc(N3CCNCC3)c(Cl)c2=O)cc1NC(=O)c1ccc(-c2ccccc2)cc1,5.31,4.582320000000004
CN(C(=O)C#Cc1ccccc1)C1CCN(Cc2ccccc2)CC1.O=C(O)/C=C/C(=O)O,5.31,2.8729000000000005
N#Cc1cccc(N2CCNCC2)c1,5.31,0.9678799999999999
O=C(CO)NC[C@H]1CCN(Cc2csc(-c3ccccc3)n2)C1,5.31,1.7405
COc1ccc2[nH]c3c(c2c1)CN(C(=O)NCCCCN1CCN(c2cc(C(C)(C)C)nc(C)n2)CC1)CC3,5.301029995663981,4.242520000000004
O[C@H](CCCN1CCN(c2ncc(F)cn2)CC1)c1ccc(F)cc1,5.301029995663981,2.390600000000001
CCCN(C/C=C/I)C1COc2ccc(O)cc2C1,5.301029995663981,3.3564000000000016
CC(=O)Nc1cccc(N2CCN(CCCCNS(=O)(=O)CC(C)C)CC2)c1,5.301029995663981,2.1225999999999994
CCCN(CCCCNC(=O)c1ccc(-c2ccccn2)cc1)CC1CC1c1ccc(F)cc1.Cl,5.301029995663981,6.3352000000000075
CCCN(CCCCNC(=O)c1ccc(-c2ccccn2)cc1)CC1CC1c1cccc(F)c1.Cl,5.301029995663981,6.3352000000000075
CCOc1ccc(F)cc1C1CC1CN(C)CCCSc1nnc(-c2ccccc2)n1C.Cl,5.301029995663981,5.659400000000006
CN1CCN(c2cc(-c3ccsc3)cc(C34CC5CC(CC(C5)C3)C4)n2)CC1,5.301029995663981,5.0297000000000045
Br.CN1CCc2ccccc2Cc2cc(O)c(O)cc2CC1,5.301029995663981,3.2969000000000026
c1ccc2c(c1)CCN(CC1CC1)CCc1c([nH]c3ccccc13)C2,5.301029995663981,4.569300000000004
COc1c(C)ccc2c1-c1cccc3c1[C@@H](C2)N(Cc1ccccc1)CC3,5.301029995663981,5.326120000000005
O=S(=O)(Nc1ccc2[nH]cc(C[C@H]3CCCN3)c2c1)c1ccccc1Cl,5.301029995663981,3.9166000000000025
COc1cc2c(cc1OC)Cc1ccccc1CCN(C)CC2,5.301029995663981,3.325000000000002
O=C(CN1CCN(Cc2ccc(Cl)cc2)CC1)N1CCCSc2ccccc21,5.301029995663981,3.9866000000000037
CCCN(CCCCNC(=O)c1ccc(-c2ccccn2)cc1)CC1CC1c1ccc(Cl)cc1.Cl,5.301029995663981,6.849500000000008
CCCN(CCCCNC(=O)c1ccc(-c2ccccn2)cc1)CC1CC1c1cccc(Cl)c1.Cl,5.301029995663981,6.849500000000008
CN1CCN(c2cc(-c3ccsc3)cc(C3CCCCC3)n2)CC1,5.301029995663981,4.609600000000004
CN1CCc2cc(Br)c(O)cc2C(c2ccc(N/C(S)=N/c3ccc4c(c3)C(=O)OC43c4ccc(O)cc4Oc4cc(O)ccc43)cc2)C1,5.301029995663981,7.78310000000001
CCCN(CCCCNC(=O)c1ccc2ccccc2c1)CC1CC1c1ccc(C(F)(F)F)cc1.Cl,5.301029995663981,7.306100000000008
COc1ccc(F)cc1C1CC1CN(CCCSc1nnc(-c2ccccc2)n1C)CC1CC1.Cl,5.301029995663981,6.049500000000006
CCCN(CCCCNC(=O)c1cc2ccccc2[nH]1)CC1CC1c1ccc(C(F)(F)F)cc1.Cl,5.301029995663981,6.634200000000007
Cc1ccc(N2CCN(CCC3NC(=O)c4ccccc43)CC2)cc1,5.301029995663981,2.9918200000000015
CN1C(=O)c2ccccc2C1CCN1CCN(c2ccc(Cl)cc2)CC1,5.301029995663981,3.679000000000003
Cc1nc(N2CCN(CCC3NC(=O)c4ccccc43)CC2)sc1C,5.301029995663981,2.7567400000000006
Cc1ccnc(N2CCN(CCC3NC(=O)c4ccccc43)CC2)c1,5.301029995663981,2.38682
Cc1ccc(N2CCN(CCC3c4ccccc4C(=O)N3C)CC2)cc1C,5.301029995663981,3.6424400000000032
NCCn1cc(S(=O)(=O)c2cccc(Cl)c2)c2cccnc21,5.301029995663981,2.4812000000000003
CN(C)CCn1cc(S(=O)(=O)c2cccc(Cl)c2)c2cccnc21,5.301029995663981,3.084100000000001
CCCN(CCCCNC(=O)c1ccc(-c2ccccn2)cc1)CC1CC1c1ccc(C(F)(F)F)cc1.Cl,5.301029995663981,7.214900000000008
COc1cccc2c1CC[C@@H](N(Cc1ccccc1)Cc1ccccc1)C2,5.301029995663981,5.254900000000005
NCCn1cc(S(=O)(=O)c2ccccc2)c2cccnc21,5.301029995663981,1.8277999999999999
CN(C)CCn1cc(S(=O)(=O)c2cccc(F)c2)c2cccnc21,5.301029995663981,2.5698000000000008
COc1ccc(N2CCN(CCC3c4ccccc4C(=O)N3C)CC2)cc1,5.301029995663981,3.034200000000002
CCCCNC(=O)c1ccc(-c2ccsc2)cc1,5.301029995663981,3.945000000000003
COc1cc2c(cc1O)CCN1Cc3c(ccc(OC)c3O)C[C@@H]21,5.301029995663981,2.770500000000001
O=C1NC(CCN2CCN(c3ccc(Cl)cc3)CC2)c2ccccc21,5.301029995663981,3.336800000000002
Cl.O=C(Nc1ccc2[nH]nc(S(=O)(=O)c3cccc4ccccc34)c2c1)C1CCNCC1,5.301029995663981,3.908800000000002
CC(C)c1ccc(S(=O)(=O)c2n[nH]c3ccc(NC4CCNCC4)cc23)cc1.Cl,5.301029995663981,4.104800000000004
Cl.O=S(=O)(c1cccc2ccccc12)c1n[nH]c2ccc(NC3CCNCC3)cc12,5.301029995663981,4.134600000000002
O=C1NC(CCN2CCN(c3ccc4ccccc4c3)CC2)c2ccccc21,5.301029995663981,3.8366000000000025
Cl.NCCC(=O)Nc1ccc2[nH]nc(S(=O)(=O)c3cccc4ccccc34)c2c1,5.301029995663981,3.258000000000002
Cl.O=S(=O)(c1ccc2ccccc2c1)c1n[nH]c2ccc(NC3CCNCC3)cc12,5.301029995663981,4.134600000000002
COc1ccc2c(c1O)CN1CCc3cc4c(cc3[C@@H]1C2)OCO4,5.301029995663981,2.785000000000001
O=S(=O)(c1cccc2ccccc12)c1n[nH]c2ccc(N3CCNCC3)cc12,5.301029995663981,2.958500000000001
Cl.O=S(=O)(c1cccc(Cl)c1)c1n[nH]c2ccc(NC3CCNCC3)cc12,5.301029995663981,3.634800000000001
CN(C)CCn1cc(S(=O)(=O)c2cccc3ccccc23)c2cccnc21,5.301029995663981,3.5839000000000025
COc1ccc(N2CCN(CCC3NC(=O)c4ccccc43)CC2)cc1,5.301029995663981,2.692000000000001
O=S(=O)(Nc1ccc2nccc(N3CCNCC3)c2c1)c1ccc2c(Cl)cccc2c1,5.300000202445418,4.251800000000003
O=S(=O)(Nc1ccc2nccc(N3CCNCC3)c2c1)c1ccc(-c2ccccc2)cc1,5.300000202445418,4.112200000000003
COc1ccc(S(=O)(=O)Nc2cc(Br)cc(F)c2Br)cc1N1CCNCC1,5.300000202445418,3.5697000000000028
Nc1nc2cc3c(cc2s1)CCN(CC(F)(F)F)CC3,5.3,2.841400000000001
CC(C)CN1CCO[C@@H]2c3cc4c(cc3CC[C@H]21)CCO4,5.3,2.965600000000001
c1ccc(CCc2ccccc2OCc2cccnc2)cc1,5.3,4.445800000000003
CCCc1nc(CN2CC[C@H](c3ccccc3)C2)cs1,5.3,4.085100000000003
O=c1[nH]c2c(O)ccc([C@@H](O)CNCCc3cccc(CNCc4ccccn4)c3)c2s1,5.3,2.845700000000001
O=C(NCCCCN1CCN(c2ccnc3cc(C(F)(F)F)ccc23)CC1)c1cn2ccccc2n1,5.3,4.233500000000003
COc1cccc(CNCCN2CCN(c3ccc(Cl)cc3)CC2)c1,5.3,3.2604000000000015
CN(C)C(=O)CN1CCc2cc3nc(N)sc3cc2CC1,5.3,1.3672999999999988
Nc1nc2cc3c(cc2s1)CCN(Cc1ncon1)CC3,5.3,1.8623
Nc1nc2cc3c(cc2s1)CCN(Cc1ccccn1)CC3,5.3,2.8743000000000016
COc1c(O)ccc2c1CN1CCc3cc(OCCF)c(O)cc3[C@@H]1C2,5.3,3.1102000000000016
COc1cccc(CCc2ccccc2OCc2cccnc2)c1,5.3,4.454400000000003
c1ccc2c(c1)Cc1ccccc1C21CCNC1,5.3,2.8702000000000005
CN(C)CCCOc1ccc(-c2nc3ccccc3n2C/C=C/Cn2c(-c3ccc(OCCCN(C)C)cc3)nc3ccccc32)cc1,5.3,7.637400000000009
c1ccc(CCc2ccccc2OCc2ccccc2)cc1,5.3,5.050800000000004
Nc1cccc(-c2ccc(C(=O)NC3CCN(Cc4ccccc4)C3)cc2)c1,5.3,3.940100000000003
COc1cccc(CCc2ccccc2OCc2ccccc2)c1,5.3,5.059400000000005
C=C1/C(=C\C=C2/CCC[C@]3(C)[C@@H]([C@H](C)C[C@@H]4OC(=O)C(=C)[C@H]4CCCC)CC[C@@H]23)C[C@@H](O)[C@H](C)[C@@H]1O,5.3,6.687600000000009
c1ccc(CN2CC[C@@H](CNCc3csc(-c4ccccc4)n3)C2)cc1,5.3,4.421800000000003
c1ccc(CCc2ccccc2OCc2ccccn2)cc1,5.3,4.445800000000003
CCN(CC)[C@@H]1[C@@H](CO)[C@H]2CN(Cc3ccccc3)[C@H](c3ccc(Br)cc3)[C@H]21,5.3,4.5709000000000035
O=C(NCCCCN1CCN(c2ccccc2O)CC1)c1ccc2ccccc2c1,5.3,3.877600000000003
C[C@@H]1NCCc2cc(O)c(O)cc21,5.3,1.3045
COc1cccc(CCc2ccccc2OCc2ccccn2)c1,5.3,4.454400000000003
COc1ccc(N2CCN(CCCOc3c(C)cc(C)cc3C)CC2)cc1.Cl.Cl,5.3,5.055160000000007
Nc1nc(NCCNc2cccc(Cl)c2Cl)nc(NCCc2c[nH]c3ccccc23)n1,5.3,4.420500000000002
CCCC[C@H](NC(=O)[C@H]1CC[C@H]2c3[nH]c4ccccc4c3CCN2C1)C(=O)N[C@@H](Cc1ccc(F)cc1)C(=O)N1C[C@@H](N)C[C@H]1C(N)=O,5.3,2.4322000000000012
COc1cccc(CCc2ccccc2OCc2cccc(OC)c2)c1,5.3,5.068000000000004
NS(=O)(=O)c1ccc(N2CCN(CC[C@@H]3OCCc4ccccc43)CC2)cc1,5.29,2.1601
COc1ccc(-c2cc(CCCCN3CCN(c4ccccc4F)CC3)on2)cc1OC.Cl,5.29,5.064600000000006
CC(C)Oc1ccccc1N1CC[C@H]2CN(CCCSc3nnc(-c4cnccn4)n3C)C[C@H]21,5.29,3.752200000000003
O=CC1=Cc2cn(S(=O)(=O)c3cccc4ccccc34)c3cccc(c23)O1,5.29,3.963700000000003
COc1ccc(OCCN2CCN(C(=O)c3cc4ccccc4s3)CC2)cc1,5.29,3.7467000000000033
NS(=O)(=O)c1ccc(N2CCN(CCC3OCCc4ccccc43)CC2)cc1,5.29,2.1601
O=C(NCCCCN1CCN(c2ccnc3ccccc23)CC1)C1CCC(c2ccccc2)CC1,5.29,5.227200000000005
Cc1sc(N)nc1-c1cn(S(=O)(=O)c2ccccc2)c2ccccc12,5.29,3.8924200000000013
Cc1c(Cn2ncc(N3CCNCC3)c(Cl)c2=O)cccc1NC(=O)c1ccc(-c2ccccc2)cc1,5.29,4.582320000000004
CN[C@@H]1Cc2cc(C#N)cc3[nH]c(=O)n(c23)C1,5.29,0.34537999999999963
C=CCN(CC=C)CCc1c[nH]c2ccc(C)cc12,5.29,3.692820000000002
CN(CCc1ccccc1)[C@H]1C2C3CC4C5C3CC2C5C41,5.29,3.3073000000000023
Cc1ccc(N2CCN(CCCN3C(=O)CCc4ccccc43)CC2)cc1.O=C(O)C(=O)O,5.29,2.6421200000000002
COc1cccc(N2CCN(CC(O)CN3C(=O)NC(C)(c4ccc(F)cc4)C3=O)CC2)c1,5.29,1.7843999999999998
COc1ccccc1CN1CCN(Cc2cc3ccccc3o2)CC1,5.29,3.7592000000000034
CC(C)COC(=O)N[C@H]1CC[C@H](CCN2CCc3ccccc3C2)CC1,5.28,4.375800000000004
CCOc1cc(N)c(Cl)cc1C(=O)NC[C@@H]1CCN2CCC[C@@H]12,5.28,2.535000000000001
Ic1cccn1C1CCN(Cc2ccccc2)CC1,5.28,3.929800000000002
Cn1c(SCCCN2CCO[C@H](c3ccc(C(F)(F)F)cc3)C2)nnc1-c1ccc(-c2ncco2)cc1,5.28,5.711600000000005
COc1cccc(-c2cccn2S(=O)(=O)c2cccc(N3CCNCC3)c2)c1,5.28,2.8103000000000007
Cc1ccccc1N1CCN(CCCCNC(=O)Oc2cccc3ccccc23)CC1.Cl,5.28,5.260820000000006
CC1Cc2ccccc2N1C(=O)CN1CCN(CCc2ccc(Cl)cc2)CC1,5.28,3.4779000000000027
CCCN(CCC)C1CCC(=C(C#Cc2ccccc2)C#Cc2ccccc2)CC1,5.28,6.451000000000007
Brc1ccc(CNCCN2CCN(Cc3cc4ccccc4[nH]3)CC2)cc1,5.28,3.8378000000000023
COc1cccc(C(=CCNCCCCN2CCN(c3cccc(Cl)c3Cl)CC2)c2cccc(OC)c2)c1,5.28,6.634300000000008
CC(=O)Nc1nc(C)c(-c2ccc3ccn(S(=O)(=O)c4ccccc4)c3c2)[nH]1,5.28,3.5352200000000016
O=C(Nc1cccc(Cn2ncc(N3CCNCC3)c(Cl)c2=O)c1)c1ccc(-c2ccccc2)cc1,5.28,4.273900000000003
COc1ccccc1N1CCN(CCCC(=O)NCc2nc3ccc(F)cc3c(=O)n2-c2ccccc2)CC1,5.28,3.7520000000000033
FC(CCNCc1ccc2c(c1)Cc1ccccc1-2)CN1CCN(c2cccc(Cl)c2Cl)CC1,5.28,6.204600000000006
COc1ccc(OCCN2CCN(C(=O)C3Cc4c(cccc4OC)N3)CC2)cc1,5.28,2.2635999999999994
COc1ccc(OCCN2CCN(C(=O)c3cc4ccc(OC)cc4[nH]3)CC2)cc1,5.28,3.0219000000000014
CC1Cc2ccccc2N1C(=O)CN1CCN(Cc2ccc(C(F)(F)F)cc2)CC1,5.28,3.8008000000000033
CN1CCc2cc(Cl)c(O)cc2[C@H]2c3ccc(N)cc3CC[C@@H]21,5.27,3.562400000000001
O=C(c1ccccc1)c1ccccc1OCCN1CCCC1,5.27,3.3922000000000017
CC1NCCc2cc(O)c(O)cc21,5.27,1.3045
O=C(N[C@H]1CC[C@H](CCN2CCN(c3nccc4c3CCO4)CC2)CC1)c1ccc(N2CCCCC2)cc1,5.27,4.507700000000003
Oc1ccc(C2(O)CCN(Cc3c[nH]c4ccccc34)CC2)cc1,5.27,3.3571000000000017
O=C1Cc2cc(C(=O)CCCN3CCc4ccccc4C3)ccc2N1,5.27,3.2024000000000017
Cc1cc2ccn(CCN3CCN(c4noc5ccccc45)CC3)c(=O)c2cn1,5.27,2.6683200000000005
Cl.O=C1C=C(c2ccc(F)cc2)OC12CCN(CCc1ccccc1)CC2,5.27,4.265000000000003
CN1CCN2c3ncccc3Cc3ccccc3C2C1,5.263284866394389,2.4789000000000003
CC1(Oc2ccc(C(F)(F)F)cc2)CCN(CCOc2ccccc2)C1,5.26,4.627600000000004
CC1(Oc2ccncc2)CCN(CCOc2ccccc2)C1,5.26,3.003800000000002
CC1(Oc2ccc(Cl)cc2)CCN(CCOc2ccc3ncsc3c2)C1,5.26,4.871900000000004
Clc1ccc([C@@H]2C[C@H]2NCCC2(c3ccccn3)CCOC3(CCCC3)C2)cc1,5.26,5.631800000000005
Cc1ccc2[nH]c3c(c2c1)CN(C(=O)NCCCCN1CCN(c2cc(C(C)(C)C)nc(C)n2)CC1)CC3,5.26,4.542340000000004
COc1ccc2c3c(c(=O)oc2c1)CN(Cc1cccc(Cl)c1)CC3,5.26,4.013300000000004
CC1(Oc2ccc(Cl)cc2)CCN(CCOc2ccc(C(F)(F)F)cc2)CC1,5.26,5.6711000000000045
CC1(Oc2cccc(C(F)(F)F)c2)CCN(CCOc2ccccc2)C1,5.26,4.627600000000005
COc1ccc(N2CCN(CCCN3CCN(C(=O)c4ccccc4)CC3)CC2)cc1,5.26,2.6653000000000002
FC(F)(F)c1cccc(N2CCN(CCC3(c4ccccn4)CCOC4(CCCC4)C3)CC2)n1,5.26,5.068700000000003
FC(F)(F)Oc1ccc(CN2CCO[C@H](CCc3ccccc3)C2)cc1,5.26,4.418800000000004
O=C(O)C(=O)O.O=C1CCc2ccccc2N1CCCN1CCN(c2ccc(Cl)cc2)CC1,5.26,2.9871000000000016
CC1CCN(Cc2c[nH]c3ccccc23)CC1,5.26,3.3998000000000017
O=C(NCCCCN1CCc2ncsc2CC1)C12CC3CC(CC(C3)C1)C2,5.26,3.656500000000002
FC(F)(F)Oc1ccc(CN2CCOC(CCc3ccccc3)C2)cc1,5.26,4.418800000000004
COc1ccc(OCCN2CCN(C(=O)c3cc4cnccc4[nH]3)CC2)cc1,5.26,2.4083000000000006
CNC(=O)C1(C)CCN(CC2COc3ccccc3O2)CC1,5.26,1.674499999999999
CCCN(CCCCNC(=O)c1ccc2ccccc2c1)CC1CC1c1ccc(F)cc1.Cl,5.25,6.426400000000007
Cc1nc(N2CCN(CCCCNC(=O)N3CCc4[nH]c5ccc(Cl)cc5c4C3)CC2)cc(C(C)(C)C)n1,5.25,4.887320000000004
Cn1cncc1-c1c[nH]c2ccc(C(N)=O)cc12,5.25,1.6672999999999998
COc1c(C(=O)NCCN2CCN(c3ccc([N+](=O)[O-])cc3)CC2)cc(Br)c2ccccc12,5.25,4.071100000000003
C1=C(CCN2CCc3ccccc3C2)CCc2ccccc21,5.25,4.464600000000004
COc1ccc(N2CCN(Cc3ccc4c(c3)NC(=O)CO4)CC2)cc1,5.25,2.3483
Cl.O=C(CCCCN1CCN(c2ccc(Cl)cc2Cl)CC1)Nc1nc2ccccc2s1,5.25,5.955900000000005
CC1(c2ccc(F)cc2)NC(=O)N(CC(O)CN2CCN(c3ccc(F)cc3)CC2)C1=O,5.25,1.9149
O=C(NCCCCN1CCN(c2ccccn2)CC1)c1cc2ccccc2cn1,5.25,2.9620000000000006
COc1ccc(N2CCN(CCNC(=O)c3cc(Br)c4ccccc4c3OC)CC2)cc1,5.25,4.171500000000003
Cc1c(C)c2c(c(C)c1O)CCC(C)(CN1CCN(c3cc(N4CCCC4)nc(N4CCCC4)n3)CC1)O2,5.25,4.213760000000003
COc1cc(C(=O)NN2c3ccc(Cl)cc3N=C(N3CCN(C)CC3)c3ccccc32)cc(OC)c1OC,5.25,4.488000000000004
Cc1cc(C)n(C2CN(CCCc3nc(-c4ccccc4)no3)C2)n1,5.25,3.0394400000000017
C1C2C3CC4C2C2C1C3[C@H](NCC13C5C6C7C5C1C7C63)C42,5.25,2.0902
Cc1ccc(OCCNCCCOc2ccc(Br)cc2)cc1,5.24,4.195020000000003
Cl.O=C(NCCCCN1CCN(c2cccc(Cl)c2Cl)CC1)c1cc2ccccc2o1,5.24,5.493600000000004
COc1ccc(CCCCN2CCN(Cc3cc4ccccc4o3)CC2)cc1,5.24,4.5819000000000045
COc1ccc2c(c1)CC(N)CC2,5.24,1.5111999999999999
Cc1oc(-c2ccco2)nc1CN(C)C[C@@H]1Cc2ccccc2O1,5.24,3.6785200000000025
Br.Oc1cc2c(cc1Br)CCNCC2c1ccccc1,5.24,4.010200000000003
Fc1ccc(CN2CCN(c3ccc4c(c3)OCCO4)CC2)cc1,5.24,2.919100000000001
CCCN1CCN(c2ccc(O)c3c2OCCO3)CC1,5.24,1.6954000000000002
COc1cccc(CN2CCN(Cc3cc4ccccc4o3)CC2)c1,5.24,3.7592000000000025
CN(C)C(=O)C(CCN1CCC(O)(c2ccc(Cl)cc2)CC1)(c1ccccc1)c1ccccc1,5.24,5.088000000000005
NCCCCN(C[C@H]1Cc2ccccc2CN1)[C@H]1CCCc2cccnc21,5.24,3.2144000000000013
COc1ccc2c3c(c(=O)oc2c1)CN(Cc1ccc(Cl)c(Cl)c1)CC3,5.236572006437063,4.666700000000003
COc1ccc2c3c(c(=O)oc2c1)CN(Cc1ccc(F)cc1)CC3,5.236572006437063,3.4990000000000023
COc1ccc2c3c(c(=O)oc2c1)CN(CCc1ccccc1)CC3,5.236572006437063,3.402400000000002
COc1ccc2c3c(c(=O)oc2c1)CN(Cc1ccccc1Cl)CC3,5.236572006437063,4.013300000000004
COc1cc2oc(=O)c3c(c2cc1OC)CCN(Cc1ccc(Cl)cc1)C3,5.236572006437063,4.021900000000003
COc1ccc2c3c(c(=O)oc2c1)CN(Cc1ccc(Cl)cc1)CC3,5.236572006437063,4.013300000000004
Cc1ccc2c3c(c(=O)oc2c1)CN(Cc1ccc(F)cc1)CC3,5.236572006437063,3.7988200000000028
COc1ccc(CN2CCc3c(c(=O)oc4cc(OC)ccc34)C2)cc1,5.236572006437063,3.3685000000000027
COc1ccc2c3c(c(=O)oc2c1)CN(Cc1ccc([N+](=O)[O-])cc1)CC3,5.236572006437063,3.2681000000000022
COc1ccc2c3c(c(=O)oc2c1)CN(Cc1ccncc1)CC3,5.236572006437063,2.754900000000001
COc1ccc(N2CCN(Cc3ccc4c(c3)OCC(=O)N4)CC2)cc1,5.230622673923861,2.3483
O=C1COc2ccc(CN3CCN(c4ccc(Cl)cc4)CC3)cc2N1,5.230622673923861,2.993100000000001
Clc1ccc(OCCNCCCOc2ccc(Br)cc2)cc1,5.230622673923861,4.540000000000004
OCc1ccc(N2CCN(Cc3nc4ccccc4[nH]3)CC2)cc1Cl,5.23047497982895,3.030800000000001
CCCN(CCCCNC(=O)c1cc2ccccc2[nH]1)CC1CC1c1ccc(F)cc1.Cl,5.23,5.754500000000006
O=C(NCCCCN1CCO[C@H]2c3cc(O)ccc3OC[C@@H]21)c1cc2ccccc2[nH]1,5.23,3.2180000000000017
C[C@@H]1CN(Cc2ccc(Cl)cc2)CCN1CC(=O)N1CCc2ccccc21,5.23,3.4354000000000022
O=C(CCN1CCN(Cc2ccc(Cl)cc2)CC1)N1CCc2ccccc21,5.23,3.437000000000002
Cc1ccc2c(c1)C(N1CCN(C)CC1)=Nc1cccnc1N2,5.23,2.7727200000000005
O=C(CN1CCN(Cc2ccc(Cl)cc2)CC1)N1CCCC2CCCCC21,5.23,3.6388000000000025
CCN(CCc1ccccn1)Cc1csc(C2CCCC2)n1,5.23,4.2603000000000035
C[C@@H]1Cc2ccccc2N1C(=O)CN1CCN(Cc2ccc(C(F)(F)F)cc2)CC1,5.23,3.8008000000000033
Cc1ccc(N2CCN(CC[C@@H]3NC(=O)c4ccccc43)CC2)cc1C,5.23,3.3002400000000023
COc1ccccc1CCCN1CCN(Cc2cc3ccccc3o2)CC1,5.23,4.191800000000003
CCCN(CCC)[C@@H]1CCc2ccc(OC)cc2C1,5.23,3.6745000000000028
Cc1ccc(N2CCN(Cc3nc4ccccc4[nH]3)CC2)cc1C,5.221848749616356,3.501940000000002
CN1CCc2cc(Cl)c(O)cc2[C@@H](c2ccc(CN(C)S(C)(=O)=O)cc2)C1,5.22,3.0568000000000017
Oc1ccc(N2CCNCC2)c2c1OCCO2,5.22,0.5729999999999997
CC(=O)N[C@H]1CC[C@H](CCN2CCc3ccccc3C2)CC1,5.22,3.1297000000000015
CCOc1ccccc1CN1CCN(Cc2cc3ccccc3o2)CC1,5.22,4.149300000000004
COc1ccc(OCCN2CCN(C(=O)c3cc4cccc(OC)c4[nH]3)CC2)cc1,5.22,3.0219000000000014
CCNC(=O)Nc1ccc2c(c1)CC[C@H]1[C@H]2c2cc(O)c(Cl)cc2CCN1C,5.22,4.1216000000000035
CC(C)(C)C(=O)N1CCC(NCCSC(c2ccc(F)cc2)c2ccc(F)cc2)CC1,5.22,5.414100000000006
c1ccc(-n2cc(CN3CCN(c4ncccn4)CC3)cn2)cc1,5.22,1.9845
Oc1cc(CN2CCN(c3ccc4c(c3)OCCO4)CC2)ccc1F,5.21,2.6247000000000007
CC(=O)Nc1cccc(C2CCN(CCCC(=O)c3ccc(C)c(C)c3)CC2)c1,5.21,5.104340000000005
CCc1nc2c(N3CCNCC3)ccnc2n1Cc1cccc(Cl)c1,5.21,3.1050000000000013
CN1CCc2ccc3[nH]c(=O)c4cccc5c4c3c2[C@H]1C5,5.21,2.766400000000001
Oc1ccc(N2CCN(Cc3cnn4ccccc34)CC2)cc1,5.21,2.3621
O=C(O)C(=O)O.c1ccc(N2CCN(CCCc3nc4ccccc4[nH]3)CC2)cc1,5.21,2.4733
Clc1ccc(N2CCN(CCCCNc3noc(-c4ccccc4)n3)CC2)c(Cl)c1,5.21,5.057700000000004
COc1ccccc1N1CCC2(CCN(CCCSc3nnc(-c4ccccc4)n3C)CC2)C1,5.21,4.965400000000005
Cn1c(C(=O)N2CCN(CCOc3cccnc3)CC2)cc2ccccc21,5.21,2.4101
COC(=O)c1ccc(Cc2nc3ccccc3n2Cc2ccc(Cl)cc2)cc1,5.21,5.115400000000005
O=C(c1ccc[nH]1)N1CCN(CCOc2cccnc2)CC1,5.21,1.2465
Cc1cc(N2CCNCC2)c2cc(NS(=O)(=O)c3sc4ccc(Cl)cc4c3C)ccc2n1,5.200000237109354,4.930140000000004
OC(c1ccccc1)c1ccccc1OCCN1CCCC1,5.2,3.2429000000000014
C#Cc1cccn1C1CCN(Cc2ccccc2)CC1,5.2,3.3065000000000024
Cc1ccc2c(c1)N(C(=O)CN1CCN(Cc3ccc(Cl)cc3)CC1)CC2,5.2,3.3553200000000025
Cn1cccc1-c1nnc(SCCCN2CCOC(c3ccc(C(F)(F)F)cc3)C2)n1C,5.2,4.395100000000004
c1cnc(N2CCN(CCCc3nc4ccccc4s3)CC2)nc1,5.2,2.841100000000001
CN[C@H]1c2cc3c(ccn3S(=O)(=O)c3ccccc3)cc2[C@@H]1CCO,5.2,2.6184000000000016
c1nc2c(s1)CCN(CCCCN1CCc3ncsc3CC1)CC2,5.2,2.8812000000000015
Cn1c(SCCCN2CC3CCN(c4ccc(C(F)(F)F)cc4)C3C2)nnc1C1CCCCC1,5.2,5.574500000000006
CCCC[C@H](NC(=O)CCCCCNC(=O)[C@H]1CC[C@H]2c3[nH]c4ccccc4c3CCN2C1)C(=O)N[C@@H](Cc1ccc(O)cc1)C(=O)N[C@@H](CCCCN)C(N)=O,5.2,3.3609000000000044
COc1cccc(CCc2ccccc2OCCCN2CCN(c3ccccc3OC)CC2)c1,5.2,5.080100000000005
CCCN(CCC)C1CCc2cc(CN(C(N)=O)c3ccc(OC)cc3)ccc2C1,5.2,4.759800000000004
COc1ccccc1N1CCC2(CCN(CCCSc3nnc(-c4ccccc4)n3C)C2)C1,5.2,4.575300000000004
CCCN1CCN(c2ccc(OC)cc2)CC1,5.2,2.2272
Cn1c(SCCCN2CC3CCN(c4ccc(C#N)cc4)C3C2)nnc1-c1cnccn1,5.2,2.836680000000001
c1ccc(Cc2cn(C3CCN(Cc4ccccc4)CC3)nn2)cc1,5.2,3.706000000000002
CCCCCCc1ccc2c(c1)Cc1ccccc1C2CN,5.2,4.804200000000004
COc1ccc(OCCCN2CCN(C(=O)c3ccc(OC)cc3)CC2)cc1,5.19,2.9307000000000016
Cc1ccccc1N1CCN(CCCCc2cc(-c3ccccc3)no2)CC1.Cl,5.19,5.216720000000006
CN1CCN(C2=Nc3cc(Cl)ccc3N(NC(=O)c3ccc(Cl)c(Cl)c3)c3ccccc32)CC1,5.19,5.769000000000005
O=C1C[C@@H](CN2CCN(c3ccccc3)CC2)N=C(c2ccccc2)N1,5.19,2.1439
Cc1nc(N2CCN(CCCCNC(=O)N3CCc4[nH]c5ccc(C(F)(F)F)cc5c4C3)CC2)cc(C(C)(C)C)n1,5.19,5.252720000000005
CN1CCC(c2cn(-c3ccncc3)c3ccc(-c4cnn(C)c4)cc23)CC1,5.19,4.235200000000003
Clc1cccc2sc(CCCN3CCN(c4ccccn4)CC3)nc12,5.19,4.0995000000000035
COc1ccc(Br)cc1-c1nc(CNC2CCN(Cc3ccccc3)C2)co1,5.18,4.476800000000003
CCN(CC)CCCOc1ccc(-c2nc3ccccc3n2C/C=C/Cn2c(-c3ccccc3)nc3ccccc32)cc1,5.18,8.087100000000008
O=C(CCCN1CCN(c2cccc(C(F)(F)F)c2)CC1)NCc1nc2cc(F)ccc2c(=O)n1-c1ccccc1,5.18,4.762200000000004
CCCCc1oc2ccccc2c1C(=O)c1cc(I)c(OCCN(CC)CC)c(I)c1,5.18,6.936200000000007
[O-][S+](CCNC1CCN(CC(O)Cc2ccccc2)CC1)C(c1ccc(F)cc1)c1ccc(F)cc1,5.18,4.460500000000005
Oc1cc2c(cc1O)[C@@H]1c3ccccc3CN[C@H]1CO2,5.17,2.0939
COc1ccc(-c2nc(CN(C)C[C@@H]3Cc4ccccc4O3)c(C)o2)cc1C,5.17,4.402540000000004
COc1ccc(CCCN2CCN(C(=O)c3ccc(OC)cc3)CC2)cc1,5.17,3.094400000000002
CN(C)CC1=CC2=CN(S(=O)(=O)c3ccccc3)C3=CC=CC(O1)C23,5.17,2.4890000000000008
CC1(c2ccc(F)cc2)NC(=O)N(CC(O)CN2CCN(c3ccc(F)cc3F)CC2)C1=O,5.17,2.054
Clc1ccc(Cn2c(SCc3ccccc3)nc3ccccc32)cc1,5.17,6.030300000000005
C[C@@H]1CN(CC(=O)N2CCc3ccccc32)[C@@H](C)CN1Cc1ccc(Cl)cc1,5.17,3.823900000000002
COc1c(C(=O)NCCN2CCN(c3ccccc3)CC2)ccc2ccccc12,5.16,3.400400000000002
O=C1c2[nH]cnc2CCCN1CCN1CCN(c2nsc3ccccc23)CC1,5.16,2.2299999999999995
COC[C@@H](C)N1CCN(c2cccc(F)c2C#N)CC1,5.16,1.8542800000000002
Cc1ccc2nc(CCCN3CCC(c4ccccn4)CC3)sc2c1,5.16,4.811920000000004
Cc1cccc(N2CCN(CCCC(=O)NCc3nc4ccccc4c(=O)n3-c3ccccc3)CC2)c1C,5.16,4.221140000000004
OC[C@H]1[C@H]2CN(Cc3ccccc3)[C@H](c3ccccc3)[C@H]2[C@@H]1N1CCCCC1,5.16,3.9525000000000032
CC(C(=O)N1CCc2ccccc21)N1CCN(Cc2ccc(Cl)cc2)CC1,5.154901959985743,3.4354000000000022
COc1ccc2c(c1)c(-c1cnc(N)[nH]1)cn2S(=O)(=O)c1cccc(F)c1.Cl,5.15,3.420100000000001
COc1ccc(OCCN2CCN(C(=O)c3cc4c(Cl)cccc4[nH]3)CC2)cc1,5.15,3.6667000000000023
CN(C(=O)/C=C/c1ccccc1)C1CCN(Cc2ccccc2)CC1.O=C(O)/C=C/C(=O)O,5.15,3.534600000000001
CCn1cncc1-c1c[nH]c2ccc(I)c(F)c12,5.15,3.7950000000000017
Cc1cc(C(F)(F)F)nc(Nc2ccccc2-c2nnn[nH]2)n1,5.14,2.72752
Cl.O=C1C=C(c2ccccc2)OC12CCN(CCc1ccccc1)CC2,5.14,4.125900000000003
O=C(NCCCCN1CCN(c2cc(C(F)(F)F)nc3ccccc23)CC1)N1CCN(c2ccccc2)CC1,5.14,4.687600000000004
O=S(=O)(NCCCN1CCN(c2noc3ccccc23)CC1)c1ccc2ccccc2c1,5.14,3.4716000000000022
CCC(Sc1ccccc1)c1nc(N)nc(N2CCN(C)CC2)n1,5.14,2.4490000000000007
Cn1c(SCCCN2CCOC(c3ccc(C(F)(F)F)cc3)C2)nnc1-c1nccs1,5.14,4.513100000000004
COc1cccc(C(=O)NCCN2CCN(c3ccc(C)cc3)CC2)c1,5.13,2.5556200000000002
FC(F)(F)c1cccc(N2CCN(CCC3(c4ccccn4)CCOCC3)CC2)n1,5.13,3.7559000000000013
OC[C@H]1[C@H]2CN(Cc3ccccc3)[C@H](c3ccccc3)[C@H]2[C@@H]1N1CCCC1,5.13,3.562400000000002
CN(C)C(=O)C(CCN(CCO)[C@@H]1C[C@H]1c1ccc(Cl)cc1)(c1ccccc1)c1ccccc1,5.13,4.954800000000006
COc1ccc2c(c1)CCN(C)C2Cc1ccccc1C,5.13,3.7753200000000033
COc1ccc(C(=O)N2CCN(CCOc3ccc4c(c3)OCO4)CC2)cc1,5.13,2.260700000000001
CCCN1CCc2cccc3c2C1Cc1cccc(OCCCn2cc(CCN4CCN(c5ccccc5OC)CC4)nn2)c1-3,5.13,5.652800000000005
Cc1ccc(NC(=O)C(C)C)cc1C1CCN(Cc2ccc(Oc3ccc(F)c(F)c3)cc2)CC1,5.13,7.039620000000006
CN1C(=O)C(N2CCN(Cc3ccc(Cl)cc3)CC2)CCc2ccccc21,5.13,3.4354000000000022
O=C(NCCC(CF)N1CCN(c2cccc(Cl)c2Cl)CC1)c1cc2ccccc2o1,5.13,5.0198000000000045
O=C(c1ccc(F)cc1F)N1CCC(NCCSC(c2ccc(F)cc2)c2ccc(F)cc2)CC1,5.13,5.960000000000005
N#CC(C#N)=Cc1cc(CN2CCN(c3ccc(Cl)cc3)CC2)c[nH]1,5.13,3.420860000000001
COc1ccc(NCCN2CCN(Cc3cc4ccccc4[nH]3)CC2)cc1,5.12,3.406200000000002
CCCN1CCC(c2cccc(S(C)(=O)=O)c2)CC1,5.12,2.679500000000001
Clc1ccc(N2CCN(Cc3cnn4c(I)cccc34)CC2)cc1,5.12,3.914500000000003
CCN(CC)C(=S)SSC(=S)N(CC)CC,5.12,3.6212000000000026
CN1CCN(CCCN2C(=O)c3ccccc3/C=C\c3ccccc32)CC1,5.12,3.4547000000000025
N#Cc1ccc2[nH]c(CN3CCN(c4ccc(Cl)cc4)CC3)cc2c1,5.12,4.015180000000003
Cc1nc(C(=O)O)ccc1-c1nnc(SCCCN2CC[C@]3(C[C@@H]3c3ccc(C(F)(F)F)cc3)C2)n1C,5.12,5.264320000000005
CCCN1CCO[C@H]2c3cc(O)ccc3OC[C@@H]21,5.12,1.9364999999999999
Cl.O=C1C(c2ccccc2)=COC12CCN(Cc1ccco1)CC2,5.12,3.676400000000002
Cl.O=C1C=C(c2ccco2)OC2(CCN(CCc3ccccc3)CC2)C1,5.12,4.109000000000003
Cn1c(SCCCN2CCC3(CC2)CCN(c2cccc(Cl)c2Cl)CC3)nnc1-c1ccccc1,5.12,6.653700000000008
FC(F)(F)c1cc(Oc2nccc3occc23)ccc1-c1cccc2nccn12,5.12,5.953600000000003
COc1ccc(OCCN2CCN(C(=O)c3cc4ccncc4[nH]3)CC2)cc1,5.11,2.4083000000000006
O=C1c2ncccc2CCN1CCN1CCC(c2noc3ccc(F)cc23)CC1,5.11,3.2398000000000016
CN1CCN(c2ccc3nc(CN4CCN(c5ccc(Cl)c(Cl)c5)CC4)cn3n2)CC1,5.11,3.110100000000002
COc1ccc(OCCN2CCN(C(=O)c3cc4cc(OC)ccc4[nH]3)CC2)cc1,5.11,3.0219000000000014
O[C@@H](COC[C@@H]1CCCO1)CN1CCN(c2ccccc2F)CC1,5.11,1.5041999999999995
N#CC(C#N)=Cc1cccn1C1CCN(Cc2ccccc2)CC1,5.11,3.755760000000002
COc1ccc(OCCN2CCN(C(=O)c3cc4ccccc4o3)CC2)cc1,5.11,3.278200000000002
O=C(NC1CCNCC1)c1ccn(S(=O)(=O)c2cccc(Cl)c2)c1-c1cccc(F)c1,5.11,3.666400000000002
Cc1c(S(=O)(=O)Nc2ccc3nccc(N4CCN(C)CC4)c3c2)sc2ccc(Cl)cc12,5.100000128334196,4.963920000000004
OCc1cc([C@@H](O)CNCCc2ccc(CNCCc3ccccc3)cc2)ccc1O,5.100000128334196,3.082500000000002
CC(=O)N[C@H]1c2cccc3c2-c2c1ccc1c2[C@@H](C3)N(C)CC1,5.1,2.9776000000000016
O=C(NC1CCN(Cc2ccccc2)C1)c1ccc(-c2ccc(C(F)(F)F)cc2)cc1,5.1,5.376700000000004
Oc1cc2c(c(Cl)c1O)CCNC[C@@H]2c1ccccc1,5.1,3.0288000000000013
Cn1c(SCCCN2CCOC(c3ccc(C(F)(F)F)cc3)C2)nnc1C1CCCCC1,5.1,5.437300000000005
CN(C)Cc1cccc(CN/C=C2/C(=O)NC(=O)c3ccccc32)c1,5.1,2.1488999999999994
COc1cc2ccccc2cc1OC(=O)CC1CCN(Cc2ccccc2)CC1,5.1,5.056100000000004
CN(C)C(=O)C(CCN[C@@H]1C[C@H]1c1ccc(F)cc1)(c1ccccc1)c1ccccc1,5.1,4.735800000000004
CCCN1CCO[C@@H]2c3cc(C(=O)NC)ccc3CC[C@H]21,5.1,2.1443000000000003
Cn1c(SCCCN2CCOC(c3ccc(C(F)(F)F)cc3)C2)nnc1-c1ccsc1,5.1,5.1181000000000045
Clc1ccc(N2CCN(Cc3cn4nc(Cl)ccc4n3)CC2)cc1,5.09,3.3583000000000016
CCCCSC1=CCc2ccc(/N=C/N3CCc4cc(OC)c(OC)cc4C3)cc21,5.09,5.852200000000007
O=c1oc2ccccc2n1CCN1CCN(Cc2ccc(Cl)cc2)CC1,5.09,3.0657000000000014
NCCCCCCn1cc(CCCCN2CCC(c3ccc(-c4cc(C(=O)O)cc5cc(-c6ccc(C(F)(F)F)cc6)ccc45)cc3)CC2)nn1,5.09,9.203700000000001
COc1cccc(C(=O)NCCN2CCN(c3ccccc3)CC2)c1,5.080921907623926,2.2472000000000003
Cc1cc2c(C3CCN(CCN4CCc5cccnc5C4=O)CC3)noc2cc1F,5.08,3.5482200000000024
Nc1nc(NCCc2c[nH]c3ccccc23)nc(N2CCN(c3ccccc3)CC2)n1,5.08,2.9163000000000014
Cc1cc(Oc2nccc3occc23)ccc1-c1c(C)ncc2nccn12,5.08,4.946640000000004
C(#Cc1cccn1C1CCN(Cc2ccccc2)CC1)c1ccccc1,5.08,4.725000000000004
O=C(CCCN1CCN(c2ccc(Cl)cc2)CC1)c1nc2ccccc2s1,5.08,4.734800000000004
CCCCN1CCc2cc(C#N)ccc2C1,5.08,2.7164800000000007
COc1ccc(C2=CC(=O)C3(CCN(CCc4ccccc4)CC3)O2)cc1.Cl,5.08,4.1345000000000045
c1ccc(CN2CCC(n3cccc3)CC2)cc1,5.07,3.3252000000000024
O=C(NCCCCN1CCN(c2ccccc2)CC1)c1ccc(-c2ccsc2)cc1,5.07,4.7473000000000045
Cc1n[nH]c2ncc(C(=O)N3CCC[C@H]3c3ccc(Cl)cc3)cc12,5.07,3.897020000000002
Cc1cc2nc(C)c(CN3CCN(c4ccccc4)CC3)n2c(C)n1,5.07,2.9767600000000014
Nc1nc(NCCNc2ccccc2)nc(NCCc2c[nH]c3ccccc23)n1,5.06,3.1137000000000015
CCn1cncc1-c1c[nH]c2ccc(C(F)(F)F)cc12,5.06,4.070100000000002
FC(F)(F)c1cc(Oc2nccc3ccsc23)ccc1-c1cccc2nccn12,5.06,6.422100000000003
Cl.O=C1CC2(CCCN(Cc3ccccc3)C2)OC=C1c1ccc(F)cc1,5.06,4.612600000000005
O/N=C/c1c(CN2CCN(c3ccccc3)CC2)[nH]c2ccccc12,5.06,3.2982000000000014
c1ccc(CN2CCC(NCc3coc(-c4ccccc4)n3)CC2)cc1,5.06,4.095800000000003
CCCN(CCC)CCCCNC(=O)c1ccc(-c2ccccc2)cc1,5.06,4.985600000000005
COc1ccc([C@@H]2C[C@H]2NCCC(C(=O)N(C)C)(c2ccccc2)c2ccccc2)cc1,5.06,4.605300000000004
C[C@@H]1CN(CC(=O)N2CCc3ccccc32)C[C@H](C)N1Cc1ccc(Cl)cc1,5.06,3.823900000000002
O=C1COc2c(N3CCCNCC3)ccc(O)c2N1,5.05,0.5227999999999994
CCCCCCCCCC(=O)NN1c2ccc(Cl)cc2N=C(N2CCN(C)CC2)c2ccccc21,5.05,6.289100000000007
CC(C)(C(=O)O)c1ccc(C(O)CCCN2CCC(C(O)(c3ccccc3)c3ccccc3)CC2)cc1.Cl,5.05,5.932300000000009
CN(C)CCCN1C(=O)c2ccccc2/C=C\c2ccccc21,5.05,3.768900000000003
O=C(c1ccc(F)cc1)N1CCC(NCCSC(c2ccc(F)cc2)c2ccc(F)cc2)CC1,5.05,5.820900000000005
COc1ccc(C(=O)N2CCN(CCOc3ccccc3OC)CC2)cc1,5.05,2.5406000000000004
COc1ccc(OCCCN2CCN(C(=O)c3ccc(Cl)cc3)CC2)cc1,5.05,3.5755000000000026
N#CC(C#N)=Cc1[nH]ccc1CN1CCN(c2ccc(Cl)cc2)CC1,5.05,3.420860000000002
O=Cc1cccc2c(CN3CCN(c4ccc(Cl)cc4)CC3)cnn12,5.04,3.1224000000000016
Cn1c(SCCCN2CCOC(c3ccc(C(F)(F)F)cc3)C2)nnc1-c1ccc(-n2cnnc2)cc1,5.04,4.637300000000003
Cc1cc2c(nc1C)CN[C@@H]1CCc3cc(O)c(O)cc3[C@@H]21,5.04,2.6595400000000016
OC1(c2ccc(Cl)cc2)CCNCC1,5.04,1.9109999999999998
COc1ccc(N2CCN(Cc3c(C)nc4cc(C)ncn34)CC2)cc1,5.04,2.676940000000001
O=C(Cn1c(CCCN2CCN(c3cccc(Cl)c3Cl)CC2)nc2ccccc21)NC1CCCCC1,5.04,5.5468000000000055
NCCCCN(C[C@H]1Cc2ncccc2CN1)[C@H]1CCCc2cccnc21,5.03,2.609399999999999
CCn1cncc1-c1c[nH]c2ccc(Cl)c(F)c12,5.03,3.8438000000000017
O=C(NCCCCN1CCO[C@@H]2c3cc(O)ccc3OC[C@@H]21)c1cc2ccccc2[nH]1,5.03,3.2180000000000017
Cn1cc2c(n1)CCN(CCN1CCN(c3noc4ccccc34)CC1)C2=O,5.03,1.3817999999999993
CN1CCN(C2=Nc3cc(Cl)ccc3N(NC(=O)c3ccc(Cl)cc3)c3ccccc32)CC1,5.03,5.115600000000005
C[C@H]1Cc2ccccc2N1C(=O)CN1CCN(Cc2ccc(Cl)cc2)CC1,5.03,3.4354000000000022
O=C1COc2ccccc2N1CCCN1CCC(n2c(=O)[nH]c3ccncc32)CC1,5.022276394711152,2.177199999999999
N#Cc1ccc2c(c1)CCN(C[C@@H]1C[C@H]1CNC(=O)c1ccnc3ccccc13)C2,5.02,3.530680000000002
CN(C)CCC1CC2c3ccccc3Cc3ccccc3N2O1,5.02,3.794100000000003
Cc1ncc2nccn2c1-c1ccc(Oc2nccc3occc23)cc1C(F)(F)F,5.02,5.657020000000003
CCOCCOCc1ccc(N2CCN(CCCCNC(=O)c3ccccc3)CC2)c(OC)c1,5.01,3.5805000000000025
C(=C/c1cc(CCCCN2CCN(c3ccccc3)CC2)on1)\c1ccccc1.Cl,5.01,5.411700000000007
CCc1cc(Cl)c(OC)c(N2CCN(CC(F)CCNC(=O)c3cc4ccccc4o3)CC2)c1,5.01,4.937400000000005
Cc1cc(NC(=O)Nc2ccc(N(C)C)cc2)c2cc(F)cc(F)c2n1,5.01,4.531420000000003
O=C(c1cc2ccccc2[nH]1)N1CCN(CCOc2ccc(F)cc2)CC1,5.01,3.1438000000000015
Cn1c(SCCCN2CCC3(CC2)CCN(c2ccc(F)cc2)CC3)nnc1-c1ccccc1,5.01,5.486000000000006
C=CCN1C[C@@H](OC(=O)Nc2ccc(-c3ccsc3)cc2)C[C@H]1CNC(=O)c1cc(CCCF)cc(OC)c1OC,5.01,5.941800000000006
c1cnc2c(c1)CN[C@@H](CN(CCCC1CCNCC1)[C@H]1CCCc3cccnc31)C2,5.01,3.6503000000000023
c1cnc(N2CCN(Cc3cccc4c3Cc3ccccc3-4)CC2)nc1,5.01,3.370000000000002
CCc1ccc(OCCN2CCN(C(=O)c3ccc(Cl)cc3)CC2)cc1,5.0,3.739200000000003
CN(C)CCC1(c2ccccc2)OC=CC1=O.Cl,5.0,2.3684000000000007
c1ccc(CCN[C@H]2C3C4CC5C6C4CC3C6C52)nc1,5.0,2.3601
CCn1cncc1-c1c[nH]c2ccc(C(N)=O)cc12,5.0,2.1502
CCn1cncc1-c1c[nH]c2ccccc12,5.0,3.0513000000000012
CCn1cncc1-c1c[nH]c2ccc(F)cc12,5.0,3.1904000000000012
CCn1cncc1-c1c[nH]c2ccc(C)cc12,5.0,3.359720000000002
CCn1cncc1-c1c[nH]c2ccc(Cl)cc12,5.0,3.7047000000000017
CCn1cncc1-c1c[nH]c2ccc(Br)cc12,5.0,3.8138000000000014
CCn1cncc1-c1c[nH]c2ccc(OC(F)(F)F)cc12,5.0,3.949900000000002
CCOc1ccc2[nH]cc(-c3cncn3CC)c2c1,5.0,3.450000000000001
CCn1cncc1-c1c[nH]c2cc(F)ccc12,5.0,3.1904000000000012
CCn1cncc1-c1c[nH]c2cc(F)c(Cl)cc12,5.0,3.8438000000000017
CCn1cncc1-c1c[nH]c2cccc(F)c12,5.0,3.1904000000000012
Cn1cncc1-c1c[nH]c2ccc(F)c(F)c12,5.0,2.8466000000000014
CCn1cncc1-c1c[nH]c2ccc(F)c(F)c12,5.0,3.329500000000002
Cn1cncc1-c1c[nH]c2ccc(Cl)c(F)c12,5.0,3.3609000000000018
Cn1cncc1-c1c[nH]c2ccc(Br)c(F)c12,5.0,3.4700000000000015
CCC(CC(=O)c1ccc(Cl)c(Cl)c1)N1CCCC1,5.0,4.440600000000004
CCC(CC(=O)c1ccc(C)cc1)N1CCCC1,5.0,3.4422200000000025
CCCC(C(=O)c1ccc(-c2cccs2)cc1)N1CCCC1,5.0,4.862300000000005
CCCC(C(=O)c1ccc2ccccc2c1)N1CCCC1,5.0,4.2870000000000035
CCCC(C(=O)c1cccc(C)c1)N1CCCC1,5.0,3.4422200000000025
CCCC(C(=O)c1ccccc1C)N1CCCC1,5.0,3.4422200000000025
CCCC(C(=O)c1ccc(C(F)(F)F)cc1)N1CCCC1,5.0,4.152600000000003
CCCC(C(=O)c1ccc(NC(C)=O)cc1)N1CCCC1,5.0,3.092200000000002
CCCC(C(=O)c1ccc(OC)cc1)N1CCCC1,5.0,3.142400000000002
CCCC(C(=O)c1ccc([N+](=O)[O-])cc1)N1CCCC1,5.0,3.0420000000000016
CCCC(C(=O)c1ccc(O)cc1)N1CCCC1,5.0,2.8394000000000013
Cn1cc2c(n1)CCN(CCN1CCC(c3noc4ccccc34)C1)C2=O,5.0,2.0490999999999997
Cc1nc2c(o1)C(=O)N(CCN1CCN(c3noc4ccccc34)CC1)CC2,5.0,1.94472
COc1ncc2c(n1)CCN(CCN1CCN(c3noc4ccccc34)CC1)C2=O,5.0,1.4468999999999994
COc1ccc(NC(=O)N2CCN(c3ccc(F)cc3)CC2)cc1N1CCN(C)CC1,5.0,2.9402000000000017
COc1ccc(NC(=O)N2CCN(c3ccc(-c4ccccc4)cc3)CC2)cc1N1CCN(C)CC1,5.0,4.468100000000003
COc1ccc(NC(=O)N2CCN(c3ccc(C(F)(F)F)cc3)CC2)cc1N1CCN(C)CC1,5.0,3.8199000000000023
COc1ccc(NC(=O)N2CCN(c3ccc(SC)cc3)CC2)cc1N1CCN(C)CC1,5.0,3.5230000000000024
COc1ccccc1N1CCC(C(=O)Nc2ccc(OC)c(N3CCN(C)CC3)c2)CC1,5.0,3.3107000000000015
COc1ccc(NC(=O)c2ccc(-c3ccc(-c4noc(C)n4)cc3C)cc2)cc1N1CCN(C)CC1,5.0,5.033140000000005
c1ccc(Cc2ccccc2OCCN2CCCC2)cc1,5.0,3.7520000000000024
c1ccc(Cc2ccccc2OCCN2CCOCC2)cc1,5.0,2.9884000000000013
CC1CN(CCOc2ccccc2Cc2ccccc2)CCO1,5.0,3.3769000000000027
c1ccc(Cc2ccccc2NCCN2CCCC2)cc1,5.0,3.7851000000000026
O=C(CN1CCN(Cc2ccc(Cl)cc2)CC1)N1CCSc2ccccc21,5.0,3.5965000000000025
CC1Cc2ccccc2N1C(=O)CC1CCN(Cc2ccc([N+](=O)[O-])cc2)CC1,5.0,4.174700000000003
O=S1(=O)Cc2ccccc2N1CCN1CCN(Cc2ccc(Cl)cc2)CC1,5.0,2.8076000000000008
COc1cc(N)c(Cl)cc1C(=O)N[C@@H]1C2CC3CN(C2)CC31,5.0,1.6107000000000002
O=C(NC[C@@H]1CCN2CCC[C@@H]12)c1cc(Cl)cn2ccnc12,5.0,2.2017999999999995
CCC[C@@H](C(=O)c1ccc(C)cc1)N1CCCC1,5.0,3.4422200000000025
Cl.O=C1C=C(c2ccccc2)OC12CCCNC2,5.0,2.1708
CCN(CC)CCC1(C)OC(c2ccccc2)=CC1=O.Cl,5.0,3.5392000000000032
Cl.O=C1C=C(c2ccccc2)OC12CCCN(Cc1ccccc1)C2,5.0,4.083400000000002
CCN(CC)CCCC1(C)OC=C(c2ccccc2)C1=O.Cl,5.0,3.9293000000000036
CN1CCC2(CC1)OC=C(c1ccccc1)C2=O.Cl,5.0,2.5130000000000012
CN(C)CC1(C)OC=C(c2ccccc2)C1=O.Cl,5.0,2.3689000000000013
Cl.O=C1C=C(c2ccccc2)OC12CCNCC2,5.0,2.1708
Cl.O=C1C=C(c2ccccc2)OC12CCN(Cc1ccccc1)CC2,5.0,4.083400000000003
Cl.O=C1C(c2ccccc2)=COC12CCCNC2,5.0,2.1708
Cl.O=C1C=C(c2ccccc2)OC12CN1CCC2CC1,5.0,2.513
Cl.O=C1C(c2ccccc2)=COC12CCCN(Cc1ccccc1)C2,5.0,4.083400000000002
CCCCN1CCC(COC(=O)c2cc(Cl)c(N)c3c2OCCO3)CC1,5.0,3.362300000000002
O=C(CN1CCc2ccccc21)N1CCN(Cc2ccc(Cl)cc2)CC1,5.0,3.0469000000000017
COc1ccc(S(=O)(=O)Nc2cc(Br)ccc2Br)cc1N1CCNCC1,5.0,3.430600000000002
CC(C)(C)C(=O)NCCCN1CCN(c2ccc(Cl)cc2)CC1,5.0,3.014400000000002
COc1ccc(NC(=O)N2CCN(c3ccc(Cl)cc3)CC2)cc1N1CCN(C)CC1,5.0,3.454500000000002
C(=C/c1ccccc1)\CN(c1ccccc1)C1CCN(Cc2ccccc2)CC1.O=C(O)/C=C/C(=O)O,5.0,5.582800000000003
COc1ccc(N2CCN(CCCCNC(=O)C(C)(C)C)CC2)cc1,5.0,2.7597000000000005
c1ccc(CCN2CCO[C@@H]3c4cc5c(cc4CC[C@H]32)CCO5)cc1,5.0,3.5523000000000025
CCCN1CCO[C@H]2c3cc4c(cc3CC[C@H]21)CCO4,5.0,2.7196000000000007
c1ccc(CN2CCO[C@@H]3c4cc5c(cc4CC[C@H]32)CCO5)cc1,5.0,3.509800000000002
Cc1coc2ccc(N3C[C@@]4(CN5CCC4CC5)OC3=O)cc12,5.0,3.1622200000000014
Cc1cccc(NC(=O)CN2CCC(c3cccc[n+]3[O-])CC2)c1,5.0,2.4465200000000005
Oc1ccc(N2CCN(Cc3nc4ccccc4[nH]3)CC2)nc1,5.0,1.9856999999999998
Cc1cc(F)ccc1NC(=O)CN1CCC(c2cccc[n+]2[O-])CC1,5.0,2.5856200000000005
Cc1cccc(C(=O)NCN2CCC(c3cccc[n+]3[O-])CC2)c1,5.0,2.1953199999999997
N#Cc1cc(F)cc(C#Cc2csc(CF)n2)c1,5.0,3.023180000000001
CCCC(C(=O)c1ccc(Br)cc1)N1CCCC1,5.0,3.8963000000000028
COc1ccc2c(C3CCN(CCN4CCc5cccnc5C4=O)CC3)noc2c1,5.0,3.109300000000002
O=C1c2cccnc2CCN1CCN1CCN(c2noc3ccccc23)CC1,5.0,2.0433
O=c1c2cnc(C(F)(F)F)cc2ccn1CCN1CCN(c2noc3ccccc23)CC1,5.0,3.378700000000002
Cc1cc(NC(=O)c2cccc(S(F)(F)(F)(F)F)c2)cc(-n2ccn3nc(-c4cccnc4)cc23)c1,5.0,7.405120000000004
C(=C/c1ccccc1)\CN(C/C=C/c1ccccc1)C1CCN(Cc2ccccc2)CC1.O=C(O)/C=C/C(=O)O,5.0,6.091600000000004
O=C1C[C@]2(CC[C@H](OCc3ccccc3)CC2)OC=C1c1ccccc1,5.0,4.915100000000004
Cl.O=C1CC2(CN3CCC2CC3)OC=C1c1ccccc1,5.0,2.903100000000001
O=C1C[C@]2(CC[C@@H](OCc3ccccc3)CC2)OC=C1c1ccccc1,5.0,4.915100000000004
CCN(CC)CCCC1(C)CC(=O)C(c2ccccc2)=CO1.Cl,5.0,4.319400000000004
CN1C2CCC1CC1(CC(=O)C(c3ccccc3)=CO1)C2.Cl,5.0,3.434100000000003
COc1ccc(S(=O)(=O)Nc2cc(Cl)cc(Cl)c2Cl)cc1N1CCNCC1,5.0,3.865800000000002
C(#Cc1ccccc1)CNC1CCN(Cc2ccccc2)CC1.O=C(O)/C=C/C(=O)O,5.0,3.004100000000001
C(=C/c1ccccc1)\CNC1CCN(Cc2ccccc2)CC1.O=C(O)/C=C/C(=O)O,5.0,3.6658000000000017
Cc1ccc2c(c1O)-c1cccc3c1[C@@H](C2)NCC3,5.0,3.110520000000001
O=C(/C=C/c1ccccc1)N(c1ccccc1)C1CCN(Cc2ccccc2)CC1.O=C(O)/C=C/C(=O)O,5.0,5.109400000000003
OC1(c2ccc(Cl)cc2)CCN(Cc2cc3ccccc3[nH]2)CC1,5.0,4.304900000000003
NCC1(c2ccc(Cl)cc2)CCN(Cc2c[nH]c3ccccc23)CC1,5.0,4.313800000000003
Cc1ccc2c(OCCN3CCC(Cc4cc(F)c5c(c4)NC(=O)CO5)CC3)cc(F)cc2n1,5.0,4.485820000000003
Cc1c(S(=O)(=O)Nc2ccc3nccc(N4CCNCC4)c3c2)sc2ccc(Cl)cc12,5.0,4.621720000000003
CC(C)(C)c1ccc(S(=O)(=O)Nc2ccc3nccc(N4CCNCC4)c3c2)cc1,5.0,3.742700000000002
CCCN1CCO[C@@H]2c3cc(O)ccc3OC[C@@H]21,5.0,1.9364999999999999
COc1ccc2c(c1)CC(CN1CCN(c3ccccn3)CC1)CC2=O,5.0,2.6575000000000006
COc1cc2c(cc1OC)C(=O)CC(CN1CCN(c3ccccn3)CC1)C2,5.0,2.666100000000001
CN1CCc2cccc3c2[C@H]1Cc1cccc(C(N)=O)c1-3,5.0,2.5376000000000003
COc1ccc2onc(C3CCN(CCN4CCc5cccnc5C4=O)CC3)c2c1,5.0,3.109300000000002
O=C1c2nc(Cl)ccc2CCN1CCN1CCN(c2noc3ccccc23)CC1,5.0,2.6967000000000008
O=C1c2ncccc2CCN1CCN1CCN(c2noc3ccc(F)cc23)CC1,5.0,2.1824000000000003
O=C1c2ncccc2CCN1CCN1CCC(c2noc3cc(F)c(F)cc23)CC1,5.0,3.3789000000000025
CC1(c2cccc(OCc3ccccc3)c2)C(=O)Nc2cc(Cl)cc(Cl)c2C1=O,5.0,5.6651000000000025
CC1(c2ccc(O)cc2)C(=O)Nc2cc(Cl)cc(Cl)c2C1=O,5.0,3.7917000000000014
C[C@@H]1CN(CCCn2c3ccccc3c3ccccc32)C[C@H](C)N1,5.0,3.866800000000003
Cl.OC1c2ccccc2CCC12CCN(CCc1ccccc1)CC2,5.0,4.412900000000003
O=C1CCc2ccccc2C12CCN(CCc1ccccc1)CC2,5.0,3.7782000000000027
CN1C2CCC1CC(OC(=O)c1cnn3ccccc13)C2,5.0,2.1163
CN1CCC2(CCc3ccccc3C2=O)CC1.Cl,5.0,2.9493000000000023
O=C(O)CC(O)C(=O)O.O=C1c2ccccc2CCC12CCN(Cc1ccc3ccccc3c1)CC2,5.0,4.157700000000003
CS(=O)(=O)Nc1cc(OCCNCc2ccccc2)ccc1F,5.0,2.3657999999999992
OC1CCc2ccccc2C12CCN(CCc1ccccc1)CC2,5.0,3.570000000000002
COc1cc(N)c(Cl)cc1C(=O)NC[C@@H]1CCN2CCC[C@@H]12,5.0,2.1449
CCN(C)C1CCCc2ccncc21.O=C(O)/C=C\C(=O)O.O=C(O)/C=C\C(=O)O,5.0,1.8342999999999998
CN(C/C=C/c1ccccc1)C1CCN(Cc2ccccc2)CC1.O=C(O)/C=C/C(=O)O,5.0,4.008000000000003
COc1cc2c(cc1Cl)CCN1CCCc3ccccc3C21,5.0,4.242300000000004
COc1ccc(CCN2CCCc3ccccc3C2)cc1Cl,5.0,4.339500000000005
COc1ccc2c(c1)CCCN1CCCc3ccccc3C21,5.0,3.9790000000000036
O=c1c2cccnc2ccn1CCN1CCN(c2noc3ccccc23)CC1,5.0,2.3599000000000006
O=c1c2cnccc2ccn1CCN1CCN(c2noc3ccccc23)CC1,5.0,2.3599000000000006
Cc1cccc2c(C3CCN(CCN4CCc5cccnc5C4=O)CC3)noc12,5.0,3.4091200000000024
O=C1c2ncccc2CCN1CCN1CCN(c2noc3cc(Cl)ccc23)CC1,5.0,2.6967000000000008
Cn1ncc2c1CCN(CCN1CCN(c3noc4ccccc34)CC1)C2=O,5.0,1.3817999999999993
O=C1c2ncccc2CCN1CCN1CCC(c2noc3c(F)cccc23)CC1,5.0,3.2398000000000016
O=C1c2ncccc2CCN1CCN1CCC(c2noc3cccc(F)c23)CC1,5.0,3.2398000000000016
Cn1ncc2c1CC(CN1CCC(C(=O)c3ccc(F)cc3)CC1)CC2=O,5.0,2.8992000000000013
Cc1noc2c1C(=O)CC(CN1CCC(C(=O)c3ccc(F)cc3)CC1)C2,5.0,3.4621200000000023
Cn1ncc2c1CC(CN1CCC(c3noc4cc(F)ccc34)CC1)CC2=O,5.0,3.3251000000000017
Oc1ccc(OCCNCc2ccccc2)cc1,5.0,2.5608000000000004
CN1C2CCC1CC(NC(=O)c1cnn3ccccc13)C2,5.0,1.6892999999999994
COc1cc(N)c(Cl)cc1C(=O)NC1C2CC3CN(C2)CC31.Cl,5.0,2.0325
COc1cc(N)c(Cl)cc1C(=O)NCC12CC3CN(CC3C1)C2,5.0,2.0023999999999997
CC1(c2ccccc2)C(=O)Nc2cc(Cl)cc(Cl)c2C1=O,5.0,4.086100000000002
COc1cc(NC(=O)c2ccc(-c3ccc(Cl)cc3)o2)cc(OC)c1,5.0,4.869500000000003
CCN(CCc1ccc(OC(F)(F)F)cc1)CCN1CCCCC1,5.0,3.935500000000003
CN(CCc1ccc(OC(F)(F)F)cc1)CCN1CCCCC1,5.0,3.5454000000000025
CCN(CCc1ccc(OC(F)(F)F)cc1)CCN1CCCC1,5.0,3.5454000000000025
CN(CCc1ccc(OC(F)(F)F)cc1)CCN1CCCC1,5.0,3.1553000000000013
COc1ccc(CCN(C)CCN2CCCCC2)cc1,5.0,2.655400000000001
CCN(CCc1cccc(OC(F)(F)F)c1)CCN1CCCCC1,5.0,3.935500000000003
CN(CCc1cccc(OC(F)(F)F)c1)CCN1CCCCC1,5.0,3.5454000000000025
CCN(CCc1cccc(OC(F)(F)F)c1)CCN1CCCC1,5.0,3.5454000000000025
CN(CCc1cccc(OC(F)(F)F)c1)CCN1CCCC1,5.0,3.155300000000002
O=C1CC(CN2CCN(C(=O)c3ccc(F)cc3)CC2)Cc2occc21,5.0,2.6218000000000012
COC(=O)c1coc2c1C(=O)CC(CN1CCC(C(=O)c3ccc(F)cc3)CC1)C2,5.0,3.545300000000003
CCOC(=O)c1oc2c(c1C)C(=O)CC(CN1CCC(C(=O)c3ccc(F)cc3)CC1)C2,5.0,4.243820000000004
O=C1CC(CN2CCC(C(=O)c3ccc(F)cc3)CC2)Cc2oc(-c3ccccc3)cc21,5.0,5.425700000000005
Cn1c(SCCCN2CCOC(c3ccc(C(F)(F)F)cc3)C2)nnc1-c1ccc(C(N)=O)cc1,5.0,4.155500000000003
Cn1c(SCCCN2CCOC(c3ccc(C(F)(F)F)cc3)C2)nnc1-c1ccc(C#N)cc1,5.0,4.928280000000004
Cl.c1ccc(C2=NC[C@H](CN3CCN(c4ccccc4)CC3)N2)cc1,5.0,2.649
CCN(CCN1CCN(c2noc3ccccc23)CC1)C(=O)C(C)O,5.0,1.1790999999999998
CC(O)C(=O)N(CC#N)CCN1CCC(c2noc3cc(F)ccc23)CC1,5.0,1.8792799999999998
CCN(CCN1CCC(c2noc3cc(F)ccc23)CC1)S(=O)(=O)C(C)CO,5.0,2.1788000000000003
CNC[C@@H]1OCCc2ccsc21,5.0,1.5813
Cc1ncoc1-c1nnc(SCCCN2CCOC(c3ccc(C(F)(F)F)cc3F)C2)n1C,5.0,4.492120000000004
NCCCCN(C[C@H]1Cc2cccnc2CN1)[C@H]1CCCc2cccnc21,5.0,2.609399999999999
CC1(c2cccc(O)c2)C(=O)Nc2cc(Cl)cc(Cl)c2C1=O,5.0,3.7917000000000014
Cc1sc(C)c2c1CCCc1nnc(C)n1-2,5.0,2.7427600000000014
COc1c(OCCF)cccc1C(O)C1CCN(CCc2ccc(F)cc2)CC1,5.0,4.170700000000004
Cn1c(SCCCN2CCOC(c3ccc(C(F)(F)F)cc3)C2)nnc1-c1cnccn1,5.0,3.8466000000000022
Cn1ccc2cc3c(cc21)CCN3C(=O)Nc1cccnc1,5.0,3.1679000000000004
Cc1cccc(C2=CCN(CCNC(=O)C3CCCCO3)CC2)n1,5.0,2.16442
CC(C)n1ncc2c1-c1c(Cl)sc(Cl)c1CCC2,5.0,4.988000000000003
NCC1c2ccccc2Cc2ccccc21,5.0,2.681400000000001
NCC1c2ccccc2Cc2cc(Br)ccc21,5.0,3.443900000000002
CCCN1CCc2cccc3c2[C@H]1Cc1ccc(OC(=O)CCCC(=O)Oc2cccc4c2-c2cccc5c2[C@@H](C4)N(CCC)CC5)cc1-3,5.0,8.432500000000006
CCCN1CCc2cccc3c2[C@H]1Cc1ccc(OC(=O)CCC(=O)Oc2cccc4c2-c2cccc5c2[C@@H](C4)N(CCC)CC5)cc1-3,5.0,8.04240000000001
CCCN1CCc2cccc3c2[C@H]1Cc1cccc(OC(=O)CNC(=O)OCc2ccccc2)c1-3,5.0,5.050700000000004
CCCCCCC(=O)Oc1cccc2c1-c1cccc3c1[C@@H](C2)N(CCC)CC3,5.0,6.094700000000007
CCCCCC(=O)Oc1cccc2c1-c1cccc3c1[C@@H](C2)N(CCC)CC3,5.0,5.704600000000006
Cc1sc(C)c2c1CCCc1cnn(-c3ccccc3)c1-2,5.0,4.7063400000000035
COCC1(C(=O)NCCN2CCC(c3cccc(C(F)(F)F)n3)CC2)CC1,5.0,2.8226000000000013
Cc1sc(C)c2c1CCCc1ncn(C)c1-2,5.0,3.2541400000000014
Cc1sc(C)c2c1CCCc1nccn1-2,5.0,3.039340000000001
Cn1cc2c(n1)-c1ccccc1CCC2,5.0,2.575800000000001
Cc1nc2cnccc2n1-c1ccc(OCc2cccc(/C=C/c3nc4cc(F)ccc4s3)c2)cc1,5.0,7.2271200000000055
Clc1sc(Cl)c2c1CCCc1cnn(Cc3ccccc3)c1-2,5.0,5.455400000000004
CCCN1CCc2cccc3c2[C@H]1Cc1cccc(OC(=O)CC)c1-3,5.0,4.534300000000004
CCOC(=O)N1CCC(N2CCC(n3c(=O)[nH]c4ccccc43)CC2)CC1,5.0,2.5874000000000006
O=c1[nH]c2ccc(F)cc2n1C1CCN(C2CCN(Cc3ccccc3C(F)(F)F)CC2)CC1,5.0,4.789000000000005
COc1c(OCCF)cccc1C(O)C1CCN(CCc2ccc(C)cc2)CC1,5.0,4.3400200000000035
COc1c(OCCF)cccc1C(=O)C1CCN(CCc2ccc(C)cc2)CC1,5.0,4.489320000000005
Cc1ccc(N2CCN([C@@H](C)[C@H]3C[C@]3(C)c3ccccc3)CC2)c(C)c1,5.0,4.791740000000005
Cc1ccc(N2CCN([C@H](C)[C@H]3C[C@]3(C)c3ccccc3)CC2)c(C)c1,5.0,4.791740000000005
Cc1ccc(N2CCN(C[C@H]3C[C@]3(C)c3ccccc3)CC2)c(C)c1,5.0,4.403240000000004
Br.Oc1cc2c(cc1O)[C@@H](c1ccccc1)CNCC2,5.0,2.9533000000000014
CCCN1CCO[C@H]2c3cc(C(N)=O)ccc3CC[C@@H]21,5.0,1.8836
CCCN1CCO[C@@H]2c3cc(C(=O)O)ccc3CC[C@H]21,5.0,2.4829000000000008
CCCN1CCO[C@@H]2c3cc(-c4nnn[nH]4)ccc3CC[C@H]21,5.0,1.9647999999999999
CCCN1CCO[C@@H]2c3cc(C(=O)Nc4ccc(OC)cc4)ccc3CC[C@H]21,5.0,4.045600000000003
CCCN1CCO[C@@H]2c3cc4c(cc3CC[C@H]21)CN(C)C4=O,5.0,2.3703000000000003
O=C(Nc1ccc(Oc2cccnc2Cl)nc1)c1c[nH]c2ccccc12,5.0,4.655900000000002
O=C(Nc1ccc(Oc2cccnc2)nc1)c1c[nH]c2ccccc12,5.0,4.002500000000001
Cc1ccc2c(C(=O)Nc3ccc(Oc4cccnc4C)nc3)c[nH]c2c1,5.0,4.619340000000003
COc1ccc2[nH]cc(C(=O)Nc3ccc(Oc4cccnc4C)nc3)c2c1,5.0,4.319520000000002
Cc1ccc2[nH]cc(C(=O)Nc3ccc(Oc4cccnc4C)nc3)c2c1,5.0,4.619340000000003
Clc1ccc(N2CCC3CCC(C2)N3Cc2c[nH]c3ncccc23)cc1,5.0,4.459600000000004
CCCn1ncc2c1-c1c(Cl)sc(Cl)c1CCC2,5.0,4.817100000000003
c1ccc2c(c1)CCCc1c[nH]nc1-2,5.0,2.5653999999999995
Cn1ncc2c1-c1ccccc1CCC2,5.0,2.575800000000001
Cc1ccccc1N1CCN(C(=O)COc2ccc3[nH]cc(CCN)c3c2)CC1,5.0,2.705120000000001
Cc1nc2cnccc2n1-c1ccc(OCc2cccc(/C=C/c3ccc4ccc(Cl)cc4n3)c2)cc1,5.0,7.679920000000005
Clc1ccc(N2CCN(Cc3nc4ccccc4[nH]3)CC2)cc1,5.0,3.5385000000000018
Clc1cccc(N2CCN(Cc3nc4ccccc4[nH]3)CC2)c1,5.0,3.5385000000000018
Clc1ccccc1N1CCN(Cc2nc3ccc[nH]c-3n2)CC1,5.0,2.8850999999999996
Cc1sc(C)c2c1CC(C)(C)Cc1c[nH]nc1-2,5.0,3.8798400000000024
Cc1sc(C)c2c1CCCc1nncn1-2,5.0,2.4343400000000006
Cc1ccc(C)c2c1CCCc1c[nH]nc1-2,5.0,3.182240000000001
COc1cc(C(=O)NS(=O)(=O)c2ccccc2C)ccc1Cc1cn(C)c2ccc(NC(=O)OC3CCCC3)cc12,5.0,5.695920000000005
Br.c1ccc([C@H]2C[C@@H]2CN2CCN(c3ccncc3)CC2)cc1,5.0,3.585200000000002
C(=C/c1ccccc1)\COCC1CCN(Cc2ccccc2)CC1,5.0,4.628600000000004
C(=C/c1ccccc1)\COCC1CCN(Cc2cccc3ccccc23)CC1,5.0,5.781800000000006
COc1ccc2c(c1)CCN1CCc3ccccc3C21,5.0,3.198800000000002
Oc1ccc2c(c1)CCN1CCc3ccccc3C21,5.0,2.8958000000000013
COc1ccc2c(c1)CCN(C)Cc1ccccc1CC2,5.0,3.468300000000002
O=c1[nH]c2c(F)cccc2n1C1CCN(C2CCN(Cc3ccccc3C(F)(F)F)CC2)CC1,5.0,4.789000000000005
Cc1ccccc1CN1CCC(N2CCC(n3c(=O)[nH]c4ccc(F)cc43)CC2)CC1,5.0,4.0786200000000035
Cc1ccccc1CN1CCC(N2CCC(n3c(=O)[nH]c4c(F)cccc43)CC2)CC1,5.0,4.0786200000000035
COc1ccc2c(c1)CCCN(C)Cc1ccccc1C2,5.0,3.6640000000000024
CN1CCCc2cc(O)ccc2Cc2ccccc2C1,5.0,3.3610000000000024
CN1CCCc2cc3c(cc2-c2ccccc2CC1)OCO3,5.0,3.5028000000000024
CCc1cc(OC)ccc1C1Cc2ccccc2CN1C,5.0,3.9868000000000032
CN(C)Cc1nc(-c2ccc(C(C)(C)C)cc2)n(-c2cccc(O)c2)n1,5.0,3.999000000000003
C[C@@H]1Cc2ccc3c(c2O1)-c1cccc2c1[C@@H](C3)N(C)CC2,5.0,3.762100000000002
C[C@H]1Cc2ccc3c(c2O1)-c1cccc2c1[C@@H](C3)N(C)CC2,5.0,3.762100000000002
CC1Cc2ccc3c(c2O1)-c1cccc2c1[C@@H](C3)N(C)CC2,5.0,3.762100000000002
C=CCc1ccc2c(c1O)-c1cc(OC)cc3c1[C@@H](C2)N(C)CC3,5.0,3.881400000000003
C=CCOc1cccc2c1-c1cc(OC)cc3c1[C@@H](C2)N(C)CC3,5.0,4.012100000000003
Cc1cc2ccc3c(c2o1)-c1cccc2c1[C@@H](C3)N(C)CC2,5.0,4.493320000000004
C#CCOc1cccc2c1-c1cccc3c1[C@@H](C2)N(C)CC3,5.0,3.450700000000002
C=CCc1ccc2c(c1O)-c1cccc3c1[C@@H](C2)N(C)CC3,5.0,3.8728000000000034
CCN(CC)C(=O)[C@@H]1C=C2c3cccc4[nH]cc(c34)C[C@H]2NC1,5.0,2.5638000000000005
CCCN1CCc2cccc3c2[C@H]1Cc1ccc2cc(C)oc2c1-3,5.0,5.273520000000005
CC#CCOc1cccc2c1-c1cccc3c1[C@@H](C2)N(CCC)CC3,5.0,4.621000000000004
C#CCOc1cccc2c1-c1cccc3c1[C@@H](C2)N(CCC)CC3,5.0,4.230900000000004
CCCN1CCc2cccc3c2[C@H]1Cc1c(CC=C(C)C)ccc(O)c1-3,5.0,5.4332000000000065
CCCN1CCc2cccc3c2[C@H]1Cc1ccc2c(c1-3)OC(C)(C)C2,5.0,4.932400000000005
C=C(C)Cc1ccc2c(c1O)-c1cccc3c1[C@@H](C2)N(CCC)CC3,5.0,5.043100000000004
C=CCc1ccc2c(c1O)-c1cccc3c1[C@@H](C2)N(CCC)CC3,5.0,4.653000000000004
CCCN1CCc2cccc3c2[C@H]1Cc1cccc(OCC=C(C)C)c1-3,5.0,5.5639000000000065
C=C(C)COc1cccc2c1-c1cccc3c1[C@@H](C2)N(CCC)CC3,5.0,5.173800000000005
C=CCOc1cccc2c1-c1cccc3c1[C@@H](C2)N(CCC)CC3,5.0,4.783700000000004
CN1CCc2cc(Cl)c(O)cc2[C@H]2c3ccc(NC(=O)C4CC4)cc3CC[C@@H]21,5.0,4.328700000000003
c1ccc2c(c1)CCN1Cc3cccc4[nH]cc(c34)C21,5.0,3.6290000000000022
CN1CCc2ccccc2Cc2c[nH]c3cccc(c23)C1,5.0,3.7466000000000026
O=C(c1ccc(-c2ccccc2)cc1)N1CCN(C(=O)c2ccc3cc[nH]c3c2)CC1,5.0,4.433100000000003
CN1CCc2cc(O)ccc2CCc2ccccc2C1,5.0,3.165300000000002
COc1ccc2c(c1)CCCN1Cc3ccccc3C21,5.0,3.546400000000003
C[C@H]1CN(C(=O)c2ccc(-c3cccc(OC(F)(F)F)c3)cc2)CCN1C(=O)c1ccc2cc[nH]c2c1,5.0,5.7202000000000055
C[C@H]1CN(C(=O)c2ccc(-c3cccc(C(F)(F)F)c3)cc2)CCN1C(=O)c1ccc2cc[nH]c2c1,5.0,5.840400000000005
C[C@H]1CN(C(=O)c2ccc(-c3cccc(F)c3)cc2)CCN1C(=O)c1ccc2cc[nH]c2c1,5.0,4.9607000000000046
C[C@H]1CN(C(=O)c2ccc(-c3ccccc3)cc2)CCN1C(=O)c1ccc2cc[nH]c2c1,5.0,4.821600000000004
COc1ccccc1-c1ccc(C(=O)N2CCN(C(=O)c3ccc4cc[nH]c4c3)[C@@H](C)C2)cc1,5.0,4.830200000000004
C[C@H]1CN(C(=O)c2ccc(-c3ccccc3F)cc2)CCN1C(=O)c1ccc2cc[nH]c2c1,5.0,4.9607000000000046
C[C@H]1CN(C(=O)c2ccc(-c3ccccc3Cl)cc2)CCN1C(=O)c1ccc2cc[nH]c2c1,5.0,5.475000000000005
C[C@H]1CN(C(=O)c2ccc(-c3ccccc3C(F)(F)F)cc2)CCN1C(=O)c1ccc2cc[nH]c2c1,5.0,5.840400000000005
Cc1ccccc1-c1ccc(C(=O)N2CCN(C(=O)c3ccc4cc[nH]c4c3)[C@@H](C)C2)cc1,5.0,5.1300200000000045
COc1ccc(-c2ccc(C(=O)N3CCN(C(=O)c4ccc5cc[nH]c5c4)[C@@H](C)C3)cc2)cc1,5.0,4.830200000000004
C[C@H]1CN(C(=O)c2ccc(-c3ccc(OC(F)(F)F)cc3)cc2)CCN1C(=O)c1ccc2cc[nH]c2c1,5.0,5.7202000000000055
C[C@H]1CN(C(=O)c2ccc(-c3ccc(F)cc3)cc2)CCN1C(=O)c1ccc2cc[nH]c2c1,5.0,4.960700000000004
O=C(CNC(=O)c1cccc(C(F)(F)F)c1)N[C@@H]1CCN(CCC2CCN(C(=O)c3ccccc3)CC2)C1,5.0,3.5682000000000027
O=C(CNC(=O)c1cccc(C(F)(F)F)c1)N[C@@H]1CCN(CCC2CCN(C(=O)c3ccccc3F)CC2)C1,5.0,3.7073000000000027
C=CCOc1cccc2c1-c1cccc3c1[C@@H](C2)N(C)CC3,5.0,4.0035000000000025
CCCN1CCc2cccc3c2[C@H]1Cc1ccc2c(C)c(C)oc2c1-3,5.0,5.581940000000006
O=C(CNC(=O)c1cccc(C(F)(F)F)c1)N[C@@H]1CCN(CCC2CCN(C(=O)c3ccccc3Cl)CC2)C1,5.0,4.221600000000004
O=C(CNC(=O)c1cccc(C(F)(F)F)c1)N[C@@H]1CCN(CCN2CCN(C(=O)c3ccccc3)CC2)C1,5.0,2.0837
O=C(CNC(=O)c1cccc(C(F)(F)F)c1)N[C@@H]1CCN(CCN2CCN(C(=O)c3ccccc3Cl)CC2)C1,5.0,2.7371000000000008
O=C(CNC(=O)c1cccc(C(F)(F)F)c1)N[C@@H]1CCN(CCN2CCN(C(=O)c3ccccc3F)CC2)C1,5.0,2.2228000000000003
O=C(CNC(=O)c1cccc(C(F)(F)F)c1)N[C@@H]1CCN(CCN2CCN(C(=O)c3cc(F)ccc3F)CC2)C1,5.0,2.3619000000000003
C/C(=N\OC(=O)Nc1ccccc1)c1cccc(-c2cccs2)c1,5.0,5.387800000000003
c1ccc(CN2CCN(Cc3cc4ccccc4o3)CC2)cc1,5.0,3.750600000000003
FC(F)CCOc1ccc(CN2CCN(Cc3cc4ccccc4o3)CC2)cc1,5.0,4.784600000000005
CCCOc1ccc(CN2CCN(Cc3cc4ccccc4o3)CC2)cc1,5.0,4.539400000000004
FCCCOc1ccc(CN2CCN(Cc3cc4ccccc4o3)CC2)cc1,5.0,4.489000000000004
FCCOc1ccccc1CN1CCN(Cc2cc3ccccc3o2)CC1,5.0,4.098900000000004
CCCOc1ccccc1CN1CCN(Cc2cc3ccccc3o2)CC1,5.0,4.539400000000004
FCCCOc1ccccc1CN1CCN(Cc2cc3ccccc3o2)CC1,5.0,4.489000000000004
CC(C)N(c1cccc(N2CCN(C)CC2)c1)S(=O)(=O)c1ccc2ccccc2c1,5.0,4.195300000000004
COc1cccc(-c2ccc(C(=O)N3CCN(C(=O)c4ccc5cc[nH]c5c4)[C@@H](C)C3)cc2)c1,5.0,4.830200000000003
COc1cccc(-c2ccc(C(=O)N3CCN(C(=O)c4ccc5cc[nH]c5c4)[C@H](C)C3)cc2)c1,5.0,4.830200000000003
C/C=C/CN1CCC(COC/C=C/c2ccccc2)CC1,5.0,4.004500000000004
CC(C)N(c1cccc(N2CCN(C)CC2)c1)S(=O)(=O)c1ccccc1,5.0,3.0421000000000022
CC(C)N(c1cccc(N2CCN(C)CC2)c1)S(=O)(=O)c1cccc2ccccc12,5.0,4.195300000000004
CN1CCN(c2cccc(N(C)S(=O)(=O)c3ccc4ccccc4c3)c2)CC1,5.0,3.4167000000000023
CCCN(c1cccc(N2CCN(C)CC2)c1)S(=O)(=O)c1ccc2ccccc2c1,5.0,4.196900000000004
CCN(c1cccc(N2CCN(C)CC2)c1)S(=O)(=O)c1ccc2ccccc2c1,5.0,3.8068000000000026
CN1CCN(c2cccc(N(CC3CC3)S(=O)(=O)c3ccc4ccccc4c3)c2)CC1,5.0,4.196900000000004
CN1CCN(c2cccc(N(Cc3ccccc3)S(=O)(=O)c3ccc4ccccc4c3)c2)CC1,5.0,4.987100000000005
CN1CCN(c2cccc(NS(=O)(=O)c3ccc4ccccc4c3)c2)CC1,5.0,3.392400000000002
C[C@H]1Cc2c([nH]c3cc(Cl)c(F)cc23)[C@@]2(N1)C(=O)Nc1ccc(Cl)cc12,5.0,4.343700000000003
COC(=O)CCCCCN1CCC(CNC(=O)c2c3n(c4ccccc24)CCCO3)CC1,5.0,3.599000000000002
O=C(O)CCCCCN1CCC(CNC(=O)c2c3n(c4ccccc24)CCCO3)CC1,5.0,3.510600000000003
CN1CCN(c2ccc3c(c2)N(S(=O)(=O)c2ccc4ccccc4c2)CCC3=O)CC1,5.0,3.373300000000002
CN1CCN(c2cccc3c2C(=O)CCN3S(=O)(=O)c2ccc3ccccc3c2)CC1,5.0,3.373300000000002
CC1CC(=O)c2c(N3CCN(C)CC3)cccc2N1S(=O)(=O)c1ccc2ccccc2c1,5.0,3.7618000000000027
O=C(CNC(=O)c1cccc(C(F)(F)F)c1)N[C@@H]1CCN(CCC2CCN(C(=O)c3cc(F)ccc3F)CC2)C1,5.0,3.8464000000000036
Cc1ccc2c(n1)C(=O)N(CCN1CCN(c3noc4ccccc34)CC1)CC2,5.0,2.3517200000000003
O=C(NCCN1CCC(c2cccc(C(F)(F)F)n2)CC1)C1CCCOC1,5.0,2.8226000000000004
N#Cc1ccc(OCC2CCN(CCCF)CC2)cc1,5.0,3.008680000000002
OCCN1CCC(COc2ccc(I)cc2)CC1,5.0,2.3743000000000007
FCCCN1CCC(COc2ccc(Br)cc2)CC1,5.0,3.8995000000000033
N#Cc1ccc(OCC2CCN(CCF)CC2)cc1,5.0,2.6185800000000006
Brc1ccc(OCC2CCN(CC3CC3)CC2)cc1,5.0,3.949900000000003
N#Cc1ccc(OCC2CCN(Cc3ccc(F)cc3)CC2)cc1,5.0,3.988380000000003
Brc1cccc(OCC2CCN(CC3CC3)CC2)c1,5.0,3.949900000000003
C(#Cc1ccccc1)COCC1CCN(Cc2ccccc2)CC1,5.0,3.9669000000000034
Br.c1ccc([C@H]2C[C@@H]2CN2CCN(c3cccnc3)CC2)cc1,5.0,3.585200000000002
C(=C/c1ccccc1)\COCC1CCN(CC2CC2)CC1,5.0,3.8384000000000027
C(#Cc1ccccc1)COCCC1CCN(CC2CC2)CC1,5.0,3.5668000000000024
C(=C\c1ccccc1)\COCC1CCN(Cc2ccccc2)CC1,5.0,4.628600000000004
C(/C=C/c1ccccc1)=C\OCC1CCN(Cc2ccccc2)CC1,5.0,5.142300000000004
N#Cc1ccc(OCC2CCN(C/C=C/I)CC2)cc1,5.0,3.597780000000003
COc1ccc(CCCN2CCN(Cc3cc4ccccc4o3)CC2)cc1,5.0,4.191800000000003
COCCNCc1ccc(CCNC[C@H](O)c2ccc(O)c3[nH]c(=O)sc23)cc1,5.0,1.8968999999999998
Cc1ncc2c(n1)CCN(CCN1CCN(c3noc4ccccc34)CC1)C2=O,5.0,1.7467199999999994
CN1CCN(C2=Nc3cc(Cl)ccc3N(C(=O)CCCCCCCCCCC(=O)N3c4ccc(Cl)cc4N=C(N4CCN(C)CC4)c4ccccc43)c3ccccc32)CC1,5.0,10.202199999999998
CN1CCN(C2=Nc3cc(Cl)ccc3N(C(=O)CCCCCCCCC(=O)N3c4ccc(Cl)cc4N=C(N4CCN(C)CC4)c4ccccc43)c3ccccc32)CC1,5.0,9.422000000000002
O=C(CCCCCCCCCCCCCCCCCCC(=O)NCCCN1CCN(C2=Nc3cc(Cl)ccc3Nc3ccccc32)CC1)NCCCN1CCN(C2=Nc3cc(Cl)ccc3Nc3ccccc32)CC1,5.0,13.233799999999983
CN1CCN(C2=Nc3cc(Cl)ccc3N(NC(=O)CCCCCCCCCCCCCCCCCCC(=O)NN3c4ccc(Cl)cc4N=C(N4CCN(C)CC4)c4ccccc43)c3ccccc32)CC1,5.0,12.332199999999986
CN1CCN(C2=Nc3cc(Cl)ccc3N(NC(=O)CCCCCCCCCCCCCCCCC(=O)NN3c4ccc(Cl)cc4N=C(N4CCN(C)CC4)c4ccccc43)c3ccccc32)CC1,5.0,11.55199999999999
N#Cc1cc(F)cc(C#Cc2csc(F)n2)c1,5.0,2.692780000000001
COc1ccc(CCN2C3C4C5CC6C7C5C3C7C2(O)C64)cc1OCCc1ccccc1,5.0,3.6197000000000026
COc1ccc(C)cc1C(=O)NCCN1C2C3C4CC5C6C4C2C6C1(O)C53,5.0,1.4939199999999997
CCCN(CCC)CCc1ccc(OC)c(OCCc2ccccc2)c1.Cl,5.0,5.403000000000007
COc1ccc(CC(C)NCC(O)c2ccc(O)c(NC=O)c2)cc1,5.0,2.2233
CCOc1c(C(=O)NCCN2CCN(c3ccccc3)CC2)cc(Br)c2ccccc12,5.0,4.5530000000000035
O=C(NCCN1CCN(c2ccccc2)CC1)c1cc(Br)c2ccccc2c1,5.0,4.154300000000003
O=C(NCCN1CCN(c2ccccc2)CC1)c1cc(Br)c2ccccc2c1O,5.0,3.8599000000000028
Ic1ccc(OCC2CCN(CC3CC3)CC2)cc1,5.0,3.7920000000000034
O=[N+]([O-])c1ccc(OCC2CCN(Cc3ccc(F)cc3)CC2)cc1,5.0,4.024900000000003
FCCN1CCC(COc2ccc(I)cc2)CC1,5.0,3.3515000000000024
O=C(NC1CCCC1)c1ccc(-c2ccc3c(c2)CCN(CCN2CCCC2)C3=O)cc1,5.0,4.120100000000003
CN(C)C(=O)c1ccc(-c2ccc3c(c2)CCN(CCN2CCCC2)C3=O)cc1,5.0,3.1495000000000024
C[C@@H]1CCCN1C(=O)c1ccc(-c2ccc3c(c2)CCN(CCN2CCCC2)C3=O)cc1,5.0,4.072200000000003
C[C@H]1CCCN1C(=O)c1ccc(-c2ccc3c(c2)CCN(CCN2CCCC2)C3=O)cc1,5.0,4.072200000000003
CCNC(=O)c1ccc(-c2ccc3c(c2)CCN(CCN2CCC[C@H]2C)C3=O)cc1,5.0,3.585900000000003
O=c1ccc2c([C@@H](O)CNCCc3cccc(CNCCc4ccccn4)c3)ccc(O)c2[nH]1,5.0,2.826700000000001
C[C@@H]1Cc2c([nH]c3ccccc23)Cc2ccccc2CCN1C,5.0,4.1776000000000035
CN1CCc2ccccc2Cc2[nH]c3ccccc3c2CC1C(=O)O,5.0,3.242300000000001
CN1CCN(C2=Nc3cc(Cl)ccc3N(NC(=O)CCCCCCCCCCCCC(=O)NN3c4ccc(Cl)cc4N=C(N4CCN(C)CC4)c4ccccc43)c3ccccc32)CC1,5.0,9.991599999999998
CN1CCN(C2=Nc3cc(Cl)ccc3N(NC(=O)CCCCCCCCCCC(=O)NN3c4ccc(Cl)cc4N=C(N4CCN(C)CC4)c4ccccc43)c3ccccc32)CC1,5.0,9.211400000000003
CN1CCN(C2=Nc3cc(Cl)ccc3N(NC(=O)CCCCCCCCC(=O)NN3c4ccc(Cl)cc4N=C(N4CCN(C)CC4)c4ccccc43)c3ccccc32)CC1,5.0,8.431200000000008
CN1CCN(C2=Nc3cc(Cl)ccc3N(C(=O)CCCCCCCCCCCCCCCCCCC(=O)N3c4ccc(Cl)cc4N=C(N4CCN(C)CC4)c4ccccc43)c3ccccc32)CC1,5.0,13.322999999999979
CN1CCN(C2=Nc3cc(Cl)ccc3N(C(=O)CCCCCCCCCCCCCCCCC(=O)N3c4ccc(Cl)cc4N=C(N4CCN(C)CC4)c4ccccc43)c3ccccc32)CC1,5.0,12.542799999999984
CN1CCN(C2=Nc3cc(Cl)ccc3N(C(=O)CCCCCCCCCCCCC(=O)N3c4ccc(Cl)cc4N=C(N4CCN(C)CC4)c4ccccc43)c3ccccc32)CC1,5.0,10.982399999999993
c1cncc(CN2C3CCC2CC3)c1,5.0,2.2084
C1=C(CN2CCOCC2)COc2c1cccc2OC[C@@H]1CNCCO1.Cl,5.0,1.5836000000000001
C1=C(CN2CCOCC2)COc2c1cccc2OC[C@H]1CNCCO1.CS(=O)(=O)O,5.0,0.6658000000000022
Nc1cccc(-c2ccc(CCN3CCN(CC(=O)c4ccccc4)CC3)cc2)n1,5.0,3.373800000000003
C[C@@H]1CCCN1CCc1cc2cc(C(=O)c3ccc(F)cc3)ccc2o1,5.0,4.829700000000004
C[C@@H]1CCCN1CCc1cc2cc(C(=O)c3ccc([N+](=O)[O-])cc3)ccc2o1,5.0,4.598800000000004
Cn1c(CCCCN2C[C@@H]3CCN(c4ccc(C(F)(F)F)cc4)[C@@H]3C2)nnc1C1CCOCC1,5.0,4.261300000000004
Fc1cccc(CCN2C3CCC2CC3)c1,5.0,2.995000000000002
c1ccc(CCN2C3CCC2CC3)nc1,5.0,2.2509000000000006
Fc1cccc(CCCN2C3CCC2CC3)c1,5.0,3.385100000000002
Fc1cccc(CCN2CCCC2)c1,5.0,2.4640000000000004
c1ccc(CCN2CCCC2)nc1,5.0,1.7199
O=C(CCCN1CCN(c2ccccc2)CC1)c1nc2ccccc2s1,5.0,4.081400000000003
COc1ccc(OCCN2CCN(C(=O)c3cc4cccc(C)c4[nH]3)CC2)cc1,5.0,3.321720000000002
C[C@@H]1CCCN1CCN1CCc2cc(-c3ccc(C(=O)N4CCCC4)cc3)ccc2C1=O,5.0,4.072200000000003
c1ccc(CN2C3CCC2CC3)cc1,5.0,2.8134000000000015
Fc1cccc(CN2C3CCC2CC3)c1,5.0,2.9525000000000015
COc1ccc(CN2C3CCC2CC3)cc1OC,5.0,2.8306000000000013
C=CCN(CC=C)CCc1c[nH]c2ccc(OC)cc12,5.0,3.3930000000000016
CC(N)Cc1c[nH]c2ccccc12,5.0,2.0576
COc1ccccc1N1CCN(CCCCn2ncc(=O)n(C)c2=O)CC1,5.0,0.5530000000000006
Clc1ccc(N2CCN(Cc3cccs3)CC2)cc1,5.0,3.7237000000000027
Fc1ccc(N2CCN(Cc3cccs3)CC2)cc1,5.0,3.2094000000000023
Oc1ccccc1N1CCN(Cc2cccs2)CC1,5.0,2.775900000000001
Fc1ccccc1N1CCN(Cc2cccs2)CC1,5.0,3.2094000000000023
c1ccc(N2CCN(Cc3cccs3)CC2)cc1,5.0,3.0703000000000014
Fc1cccc(CCCN[C@H]2C3C4CC5C6C4CC3C6C52)c1,5.0,3.4943000000000026
c1ccc(CCN[C@H]2C3C4CC5C6C4CC3C6C52)cc1,5.0,2.9651000000000014
c1cncc(CN[C@H]2C3C4CC5C6C4CC3C6C52)c1,5.0,2.3176000000000005
Cn1c(SCCCN2CC3CCN(c4cnc(C(F)(F)F)cn4)C3C2)nnc1C1CCOCC1,5.0,3.2108000000000017
Cn1c(SCCCN2CC3CCN(c4ccc(C(F)(F)F)nc4)C3C2)nnc1C1CCOCC1,5.0,3.815800000000003
Cn1c(SCCCN2CC3CCN(c4cccnc4)C3C2)nnc1C1CCCCC1,5.0,3.950700000000003
Cn1c(SCCCN2C[C@H]3CCN(c4cccnc4)[C@H]3C2)nnc1C1CCCCC1,5.0,3.950700000000003
Cn1nccc1-c1nnc(SCCCN2CCOC(c3ccc(C(F)(F)F)cc3)C2)n1C,5.0,3.7901000000000025
Cc1nc(-c2ccc(-c3nnc(SCCCN4CCOC(c5ccc(C(F)(F)F)cc5)C4)n3C)cc2)no1,5.0,5.4150200000000055
Fc1ccc(N2CCN(Cc3cn4nc(Cl)ccc4n3)CC2)cc1,5.0,2.844000000000001
Cl.NC1=Nc2ccc(Cl)cc2CN1,5.0,1.8111999999999997
CNc1cc(-c2csc(N(C)C(=O)c3ccc(F)cc3)n2)ncn1,5.0,3.057500000000001
O=C1CC(CN2CCC(C(=O)c3ccc(F)cc3)CC2)Cc2cc(-c3ccccc3)ccc21,5.0,5.832700000000006
CN1CCc2c(c3cccc4c3n2CCc2ccccc2-4)C1,5.0,3.852300000000003
CN1CCc2c(c3cccc4c3n2Cc2ccccc2C4)C1,5.0,3.5817000000000023
O=C1c2ccccc2CC1CCN1CCN(c2ccc(Cl)cc2)CC1,5.0,3.907300000000003
COc1ccc2c(c1)CCN1CC[C@@](O)(c3ccc(Cl)cc3)C[C@H]21,5.0,3.929400000000003
COc1c(C(=O)NCCN2CCN(c3cccc(Cl)c3Cl)CC2)cc(Br)c2ccccc12,5.0,5.469700000000004
CCc1ccccc1NC(=O)N1C[C@@H](C)Oc2cc(-c3ccc([C@H]4CC[C@H](CC(=O)O)CC4)cc3)ccc21,5.0,7.483900000000006
O=C(NCCN1CCC(n2c(=O)[nH]c3ccccc32)C(F)C1)c1ccc(F)c(F)c1,5.0,2.622700000000001
Cc1ncoc1-c1nnc(SCCCN2CCOC(c3ccc(F)cc3)C2)n1C,5.0,3.473320000000002
Cc1ncoc1-c1nnc(SCCCN2CCO[C@@H](c3ccc(F)cc3)C2)n1C,5.0,3.473320000000002
Cc1ncoc1-c1nnc(SCCCCN2CCOC(c3ccc(C(F)(F)F)cc3)C2)n1C,5.0,4.743120000000005
Cc1ncoc1-c1nnc(SCCCCN2CCO[C@H](c3ccc(C(F)(F)F)cc3)C2)n1C,5.0,4.743120000000005
O=S(=O)(NCCCN1CCN(c2noc3ccccc23)CC1)c1ccc(Cl)c(Cl)c1,5.0,3.625200000000002
O=S(=O)(NCCCN1CCN(c2noc3ccccc23)CC1)c1ccc(F)c(Cl)c1,5.0,3.1109000000000018
O=S(=O)(NCCCN1CCN(c2noc3ccccc23)CC1)c1ccc2cc(Cl)ccc2c1,5.0,4.1250000000000036
Cc1c(S(=O)(=O)NCCCN2CCN(c3noc4ccccc34)CC2)sc2ccc(F)cc12,5.0,3.9806200000000027
O=S(=O)(NCCCN1CCN(c2noc3ccccc23)CC1)c1cccc2scnc12,5.0,2.9281000000000006
Cn1c(SCCCN2CC[C@]3(CC3c3ccccc3)C2)nnc1C1CCOCC1,5.0,4.0709000000000035
Cn1c(SCCCN2CC[C@]3(C[C@@H]3c3ccccc3)C2)nnc1C1CCOCC1,5.0,4.0709000000000035
Cn1c(SCCCN2CC[C@]3(CC3c3ccc(C(F)(F)F)nc3)C2)nnc1C1CCOCC1,5.0,4.484700000000004
Cn1c(SCCCN2CC[C@]3(CC3c3ccc(C(F)(F)F)cc3)C2)nnc1-c1ccnnc1,5.0,4.652700000000004
Cn1c(CCCCN2CC[C@]3(CC3c3ccc(C(F)(F)F)cc3)C2)nnc1C1CCOCC1,5.0,4.930200000000005
Cn1c(CCCCN2CC[C@]3(C[C@H]3c3ccc(C(F)(F)F)cc3)C2)nnc1C1CCOCC1,5.0,4.930200000000005
Cn1c(CCCCN2CC[C@@]3(C[C@@H]3c3ccc(C(F)(F)F)cc3)C2)nnc1C1CCOCC1,5.0,4.930200000000005
Cn1c(OCCCN2CC[C@]3(C[C@H]3c3ccc(C(F)(F)F)cc3)C2)nnc1C1CCOCC1,5.0,4.376400000000004
Cn1c(OCCCN2CC[C@@]3(C[C@@H]3c3ccc(C(F)(F)F)cc3)C2)nnc1C1CCOCC1,5.0,4.376400000000004
Cc1ncoc1-c1nnc(SCCCN2CCC[C@]3(C[C@@H]3c3ccc(C(F)(F)F)cc3)C2)n1C,5.0,5.549220000000005
Cc1ncoc1-c1nnc(SCCCN2CC[C@]3(CC[C@H]3c3ccccc3)C2)n1C,5.0,4.530420000000004
CCn1cncc1-c1c[nH]c2ccc(Br)c(F)c12,5.0,3.9529000000000014
COc1ccc2c(c1)c(-c1[nH]c(NC(C)=O)nc1C)cn2S(=O)(=O)c1cccc2ccccc12,5.0,4.697020000000003
COc1ccc2c(c1)c(-c1[nH]c(NC(C)=O)nc1C)cn2S(=O)(=O)c1ccc2ccccc2c1,5.0,4.697020000000004
CCC(=O)Nc1nc(C)c(-c2cn(S(=O)(=O)c3ccc4ccccc4c3)c3ccc(OC)cc23)[nH]1,5.0,5.087120000000004
CC(=O)N1CCn2c1nc(C)c2-c1cn(S(=O)(=O)c2ccccc2)c2ccccc12,5.0,3.4167200000000024
CC(=O)N1CCCn2c1nc(C)c2-c1cn(S(=O)(=O)c2ccccc2)c2ccccc12,5.0,3.8068200000000028
COc1ccc2c(c1)c(-c1[nH]c3nccc[n+]3c1C)cn2S(=O)(=O)c1ccccc1.[Br-],5.0,0.32811999999999975
CC(=O)Nc1nc(C)c(-c2cn(S(=O)(=O)c3ccccc3)c3ccccc23)[nH]1,5.0,3.5352200000000016
O=C(Nc1ccc(OC(F)F)nc1)NC1CCN(c2ncnc3c2nc(-c2ccccc2Cl)n3-c2ccc(Cl)cc2)CC1,5.0,6.576200000000005
O=c1c(-c2ccccc2F)c2n(c(=O)n1CCCCN1CCCC(c3c[nH]c4ccccc34)C1)CCCC2,5.0,5.293500000000005
CCn1cncc1-c1c[nH]c2ccc(C(=O)OC)cc12,5.0,2.837900000000001
CCn1cncc1-c1c[nH]c2ccc(S(N)(=O)=O)cc12,5.0,1.6986999999999999
CCn1cncc1-c1c[nH]c2ccc(OC)cc12,5.0,3.0599000000000007
CC(=O)Nc1ncc(-c2cn(S(=O)(=O)c3ccccc3)c3ccccc23)[nH]1,5.0,3.226800000000001
Cc1ccc2[nH]c(CNCCc3c(C)n[nH]c3C)cc(=O)c2c1,5.0,2.5087600000000005
O=c1cc(CNCCCOc2cccnc2)[nH]c2ccc(F)cc12,5.0,2.6209000000000007
Cc1ccc2nc(CNCCCN3CCOCC3)cc(O)c2c1,5.0,2.06072
Cc1ccc2[nH]c(CNCC[C@@H]3CCCCO3)cc(=O)c2c1,5.0,2.885320000000001
Clc1ccc2c(c1)C(N1CCN(Cc3ccccc3)CC1)=Nc1cccnc1N2,5.0,4.688100000000004
COc1ccccc1N1CCN(CCCCNC(=O)c2cccc(-c3cn(Cc4ccc(-c5ccc(Cn6cc(-c7cccc(C(=O)NCCCCN8CCN(c9ccccc9OC)CC8)c7)nn6)cc5)cc4)nn3)c2)CC1,5.0,8.648800000000005
Cc1cc2nc(C)c(CN3CCN(c4ccccn4)CC3)n2c(C)n1,5.0,2.37176
O=c1cc(CNC[C@H]2CCOC2)[nH]c2c(F)cccc12,5.0,1.7932999999999997
CC(=O)c1ccc2c(c1)oc(=O)n2CCCCN1CCN(c2ccc(F)cc2)CC1,5.0,3.5386000000000024
Cn1c(SCCCN2CC[C@]3(C[C@H]3c3ccc(C(F)(F)F)cc3)C2)nnc1C1CCOCC1,5.0,5.089700000000005
Cn1c(SCCCN2CC[C@]3(C[C@H]3c3ccc(C(F)(F)F)cc3F)C2)nnc1C1CCOCC1,5.0,5.228800000000005
CN(CCCc1nccn1C)Cc1cc(O)c2cccc(Cl)c2n1,5.0,3.3919000000000024
Cc1ccc2nc(CNCCCn3ccnc3)cc(O)c2c1,5.0,2.6252200000000006
CCc1nccn1CCCNCc1cc(=O)c2cc(C)ccc2[nH]1,5.0,2.7753200000000007
Cc1ccc2[nH]c(CNCCCc3ccncc3)cc(=O)c2c1,5.0,2.953920000000001
Cc1ccc2[nH]c(CNCc3csc(-c4ncccn4)n3)cc(=O)c2c1,5.0,3.0398200000000015
Cc1ccc2[nH]c(CNCCc3nc(-c4cccnc4)n[nH]3)cc(=O)c2c1,5.0,2.3489199999999997
Cc1ccc2[nH]c(CNCCSc3nc(C)n[nH]3)cc(=O)c2c1,5.0,2.14494
O=c1cc(CNCCCN2CCCC[C@H]2CO)[nH]c2ccc(F)cc12,5.0,1.9936999999999996
CCn1nc(C)c(CCNCc2cc(=O)c3cc(C)ccc3[nH]2)c1C,5.0,3.002060000000001
CC(C)C[C@H](CO)NCc1cc(=O)c2cc(F)ccc2[nH]1,5.0,2.1637999999999997
O=c1cc(CNCC2(O)CCCCC2)[nH]c2ccc(F)cc12,5.0,2.452
CO[C@H](CNCc1cc(=O)c2cc(F)ccc2[nH]1)c1cccs1,5.0,3.2060000000000013
NC(=O)[C@H](Cc1ccccc1)NCc1cc(=O)c2cc(F)ccc2[nH]1,5.0,1.8533999999999995
Oc1cc(CNCCc2nccs2)nc2c(F)cccc12,5.0,2.8683000000000014
CCc1nc(CCNCc2cc(=O)c3cc(F)ccc3[nH]2)cs1,5.0,3.0184000000000006
Cc1n[nH]c(C)c1CCCNCc1cc(=O)c2cc(F)ccc2[nH]1,5.0,2.729540000000001
O=c1cc(CNCCc2nc3c(s2)CCC3)[nH]c2ccc(F)cc12,5.0,2.944700000000001
O=c1cc(CNCCc2csc(-c3ncccn3)n2)[nH]c2ccc(F)cc12,5.0,2.913000000000001
O=c1cc(CNCCCn2ccnn2)[nH]c2ccc(F)cc12,5.0,1.438599999999999
O=c1cc(CNCCCc2nnc3ccccn23)[nH]c2ccc(F)cc12,5.0,2.4322999999999997
Cc1nc(CCNCc2cc(=O)c3cc(F)ccc3[nH]2)cc(=O)[nH]1,5.0,1.39122
Cc1n[nH]c(SCCNCc2cc(=O)c3cc(F)ccc3[nH]2)n1,5.0,1.97562
CC(C)c1csc(CCNCc2cc(=O)c3cc(C(N)=O)ccc3[nH]2)n1,5.0,2.5392
O=c1cc(CNCCSc2cn[nH]n2)[nH]c2ccc(F)cc12,5.0,1.6671999999999996
Cc1ccc2nc(CNCCCN3CCCC3=O)cc(O)c2c1,5.0,2.3509200000000003
Cc1csc(CCCNCc2cc(=O)c3cc(F)ccc3[nH]2)n1,5.0,3.1545200000000007
O=c1cc(CN[C@@H]2CCSC2)[nH]c2ccc(F)cc12,5.0,2.2623000000000006
O=c1cc(CN[C@@H]2COC3(CCCC3)C2)[nH]c2ccc(F)cc12,5.0,2.8585000000000003
CCCn1cc(CNCc2cc(=O)c3cc(F)ccc3[nH]2)cn1,5.0,2.5635000000000003
O=c1cc(CNC[C@@H](O)c2ccccn2)[nH]c2ccc(F)cc12,5.0,1.8853999999999997
Cc1ccc2[nH]c(CNCCC[C@H]3CCOC3)cc(=O)c2c1,5.0,2.742820000000001
C=CCN(CC=C)CCc1c[nH]c2ccccc12,5.0,3.384400000000002
Cn1cncc1-c1nnc(SCCCN2CCOC(c3ccc(C(F)(F)F)cc3)C2)n1C,5.0,3.7901000000000025
CCN(CCc1ccc(O)c(OC)c1)Cc1cccc(O)c1OC,5.0,3.1796000000000015
COc1cc(CCN(C)Cc2cccc(O)c2OC)ccc1O,5.0,2.7895000000000016
Fc1ccc2c(CN3CCO[C@H](COc4cccc(Cl)n4)C3)c[nH]c2c1,5.0,3.635200000000001
Clc1ccc(CN2CCO[C@H](CSc3ccccc3)C2)cc1,5.0,4.333100000000003
Cc1ccc(CN2CCO[C@H](CSc3ccccc3)C2)cc1C,5.0,4.296540000000004
O=C(NCCCCN1CCN(c2cccc(Cl)c2Cl)CC1)Oc1cccc2[nH]ccc12,5.0,5.165500000000004
O=C1c2ccccc2C(=O)N1CCCCN1CCC2CCCCC2C1,5.0,3.574900000000002
Cn1nccc1CNCCNc1cccc(Br)c1,5.0,2.3842999999999996
O=c1cc(CNC[C@@H](CO)Cc2ccsc2)[nH]c2ccc(F)cc12,5.0,2.6695
Cc1ccc2nc(CN[C@H](c3cccs3)C3CC3)cc(=O)n2c1,5.0,3.305320000000002
Cc1ccsc1CN(C)Cc1cc(=O)n2ccccc2n1,5.0,2.6964200000000007
C[C@@H](Cc1cncs1)NCc1cc(=O)c2cc(F)ccc2[nH]1,5.0,2.844500000000001
CCCC[C@@H](NCc1cc(=O)c2cc(F)ccc2[nH]1)C(N)=O,5.0,1.8008999999999997
O=c1cc(CNC[C@@H](O)c2ccccc2)[nH]c2ccc(F)cc12,5.0,2.4904
CC(C)(O)c1ccc(N2Cc3c(ccnc3-c3ccc(F)cc3OCC(F)(F)F)C2=O)cc1,5.0,5.216600000000003
CCCN1CCN(c2ccc3c(c2)C(N(C)C(=O)OCc2ccccc2)CCC3)CC1,5.0,4.864600000000005
NCCc1c[nH]c2ccc(C(N)=O)cc12.O=C(O)/C=C\C(=O)O,5.0,0.47979999999999995
CN1CC[C@H]2CC(=O)[C@H](Cc3ccccc3)[C@H]3CCC[C@@H]1[C@H]23,5.0,3.554700000000002
CCCN1CC[C@H]2c3cc4ccc(C(F)(F)F)cc4nc3[C@H](CC)[C@H]3CCC[C@@H]1[C@@H]32,5.0,6.745000000000006
CN[C@@H]1c2ccc3c(ccn3S(=O)(=O)c3ccccc3)c2[C@@H]1CCO,5.0,2.6184000000000016
CN[C@H]1c2ccc3c(ccn3S(=O)(=O)c3ccccc3)c2[C@@H]1CCO,5.0,2.6184000000000016
CN[C@H]1c2c(ccc3c2ccn3S(=O)(=O)c2ccccc2)[C@H]1CCO,5.0,2.6184000000000016
CN[C@@H]1c2cc3c(ccn3S(=O)(=O)c3ccccc3)cc2[C@@H]1CCO,5.0,2.6184000000000016
CN(C)[C@H]1c2cc3ccn(S(=O)(=O)c4ccccc4)c3cc2[C@H]1CCO,5.0,2.9606000000000017
CCS[C@H]1CC[C@@H](N(C)CC(=O)Nc2ccc(C)c(C)c2)C1,5.0,3.847940000000002
CCOC(=O)c1sc2[nH]cn/c(=N\[C@H]3CCN(CC)C3)c2c1C,5.0,2.10442
CCOC(=O)c1nn(-c2ccccc2)cc1CN(C)[C@@H]1CCSC1,5.0,2.9863000000000017
CN(C)[C@@H](CNC(=O)NC[C@H]1Cc2ccccc21)CC1CCCCC1,5.0,3.5261000000000013
COc1cccc(CCC2=NCCN2CCc2ccccc2)c1,5.0,3.5846000000000027
Oc1cccc(OCCNCC2COCC(c3ccccc3)(c3ccccc3)O2)c1,5.0,3.719800000000003
COc1ccccc1OCCNCC1COCC(c2ccccc2)(c2ccccc2)O1,5.0,4.022800000000003
Fc1ccc(CN2CCCC23CCN(Cc2cc4ccc(Cl)cc4[nH]2)C3)cc1F,5.0,5.340000000000005
Fc1ccc(CN2CCCC3(CCN(Cc4cc5ccc(Cl)cc5[nH]4)C3)C2)cc1F,5.0,5.5876000000000055
O=S(=O)(c1ccccc1)n1ccc2cc3c(cc21)[C@H]1CCNCC[C@@H]31,5.0,3.4425000000000017
CC1=C(CO)Oc2cccc3c2c1cn3S(=O)(=O)c1cccc2ccccc12,5.0,4.147200000000002
CC1=C(CO)Oc2cccc3c2c1cn3S(=O)(=O)c1ccccc1,5.0,2.9940000000000015
O=S(=O)(c1ccccc1)n1cc2c3c(cccc31)OC(CO)=C2,5.0,2.6039000000000003
N#CC1=Cc2cn(S(=O)(=O)c3cccc4ccccc34)c3cccc(c23)O1,5.0,4.288380000000003
Cl.O=C(NCCCCN1CCN(c2cccc(Cl)c2Cl)CC1)Oc1cccc2[nH]cnc12,5.0,4.982300000000004
Clc1cccc(N2CCNCC2)c1,5.0,1.7495999999999998
O=C(NCCCCN1CCN(c2cccc(Cl)c2Cl)CC1)c1cc2cc(Br)ccc2o1,5.0,5.834300000000005
CC(C)N1C[C@H](NC(=O)N2Cc3ccccc3[C@@H]2C)[C@@H](C)C1,5.0,3.001500000000002
CC(C)N1C[C@H](C)[C@H](NC(=O)c2cc3ccc(Br)cc3[nH]2)C1,5.0,3.3889000000000014
Clc1ccc(-n2cc(CNC[C@@H]3CCCOC3)nn2)c(Cl)c1,5.0,3.090300000000001
COc1cc2c(cc1O)CN(CCCCNC(=O)c1ccc(Br)cc1)CC2,5.0,3.731600000000002
O=C(Nc1ccc(OCCCN2CCC(c3noc4cc(F)ccc34)CC2)cc1)c1ccccc1,5.0,5.8677000000000055
CC(=O)Nc1ccc(OCCN2CCC(c3noc4cc(F)ccc34)CC2)cc1,5.0,4.1837000000000035
CC(=O)Nc1cccc(OCCCN2CCC(c3noc4cc(F)ccc34)CC2)c1,5.0,4.573800000000004
O=C1CCc2cc(C(=O)CCCN3CCN(c4ccccn4)CC3)ccc2N1,5.0,2.7514000000000003
Cc1cn([C@H](C)CC#N)c(=O)c2cc(Cn3nc(C(F)F)cc3Cl)nn12,5.0,3.1149000000000013
COc1ccc(CC[C@@H](OC(=O)[C@@H]2CCCCN2C(=O)[C@H](c2cc(OC)c(OC)c(OC)c2)C2CCCCC2)c2cccc(OCCN3CCOCC3)c2)cc1OC,5.0,7.402900000000009
Cc1nccn1CC1CCc2c(c3ccccc3n2C)C1=O,5.0,3.1285200000000017
CC(=O)Oc1c(C(C)C)cc2c(c1OC(C)=O)-c1cccc3c1[C@@H](C2)N(C)CC3,5.0,4.412700000000004
Clc1ccccc1OCCCCN1CCNCC1,5.0,2.4042000000000003
CCN1CCN(CCCNC(=O)c2ccc(F)cc2Cl)CC1,5.0,2.2364999999999995
CN1CCN(CCCCNC(=O)c2cn3ccccc3n2)CC1,5.0,1.091699999999999
CC(=O)N1CCc2cc(C(=O)NCCCN3CCN(C)CC3)ccc21,5.0,0.9629000000000014
CN1CCN(c2ccccc2CNC(=O)c2ccccc2Cl)CC1,5.0,3.0218000000000016
Cc1ccc(-c2cc(C(=O)NCCCCN3CCOCC3)n[nH]2)s1,5.0,2.28882
Cc1cccc(N2CCN(CCNc3cncc(Cl)n3)CC2)c1,5.0,2.6725200000000013
O=C(CCN1CCN(Cc2ccccc2)CC1)Nc1nccs1,5.0,2.2895000000000003
COC(=O)c1ccc(-c2nc(CN(C)C[C@@H]3Cc4ccccc4O3)c(C)o2)cc1,5.0,3.8721200000000033
CO[C@@H]1CCCN(Cc2nc(-c3cccc(Oc4ccccc4)c3)oc2C)C1,5.0,5.053120000000004
Cc1oc(-c2cccc(F)c2F)nc1CN(C)C[C@@H]1Cc2ccccc2O1,5.0,4.363720000000003
Cc1ccc(-c2nc(CN(C)C[C@@H]3Cc4ccccc4O3)c(C)o2)s1,5.0,4.455440000000004
CC(C)(C)c1nc(CN2CCN(Cc3ccccn3)CC2)cs1,5.0,3.153400000000002
CCCCCN1CCC(c2cccc(O)c2)C1,5.0,3.3717000000000024
CC(=O)Nc1ccc(OCCCN2CCN(c3cccc(C(F)(F)F)c3)CC2)cc1,5.0,4.254900000000004
CC(=O)Nc1ccc(OCCCN2CCN(c3ccccn3)CC2)cc1,5.0,2.631100000000001
CCC(=O)Nc1ccc(OCCCN2CCC(c3noc4cc(F)ccc34)CC2)cc1,5.0,4.963900000000004
C[C@@]12CN(c3ccccc3)c3ccccc3[C@@H]1CCN2,5.0,3.6739000000000015
CC[C@H]1c2cc(OC)ccc2CC[C@@]1(C)N,5.0,2.8524000000000003
CC[C@H]1c2cc(C)ccc2OC[C@@]1(C)N,5.0,2.59842
CC[C@H]1c2ccccc2N(c2ccccc2)C[C@@]1(C)N,5.0,4.049300000000002
COc1cc(OC)c2c(c1)OC[C@@]1(C)NCC[C@@H]21,5.0,1.9318
CCc1nc(NC(C)=O)[nH]c1-c1cn(S(=O)(=O)c2ccccc2)c2ccccc12,5.0,3.789200000000003
COc1ccc2c(c1)c(-c1cnc(NC(C)=O)[nH]1)cn2S(=O)(=O)c1ccccc1,5.0,3.235400000000001
COc1ccc2c(c1)c(-c1[nH]c(NC(C)=O)nc1C)cn2S(=O)(=O)c1ccccc1,5.0,3.543820000000002
CCc1nc(NC(C)=O)[nH]c1-c1cn(S(=O)(=O)c2ccccc2)c2ccc(OC)cc12,5.0,3.7978000000000023
CCC(=O)Nc1nc(C)c(-c2cn(S(=O)(=O)c3ccccc3)c3ccc(OC)cc23)[nH]1,5.0,3.9339200000000023
CCC(=O)Nc1nc(CC)c(-c2cn(S(=O)(=O)c3ccccc3)c3ccc(OC)cc23)[nH]1,5.0,4.187900000000003
CC(=O)Nc1nc(C)c(-c2c(C)n(S(=O)(=O)c3ccccc3)c3ccccc23)[nH]1,5.0,3.8436400000000024
COc1ccc2c(c1)c(-c1[nH]c(NC(=O)Cc3ccccc3)nc1C)cn2S(=O)(=O)c1ccccc1,5.0,4.766620000000003
CC(=O)Nc1nc(C)c(-c2cn(S(=O)(=O)c3ccccc3)c3ccc(F)cc23)[nH]1,5.0,3.6743200000000016
COc1ccc2c(c1)c(-c1cnc(NC(C)=O)[nH]1)cn2S(=O)(=O)c1cccc(F)c1,5.0,3.374500000000001
COc1ccc2c(c1)c(-c1[nH]c(NC(C)=O)nc1C)cn2S(=O)(=O)c1cccc(F)c1,5.0,3.682920000000002
CCC(=O)Nc1nc(C)c(-c2cn(S(=O)(=O)c3cccc(F)c3)c3ccc(OC)cc23)[nH]1,5.0,4.073020000000002
CCC(=O)Nc1nc(C)c(-c2cn(S(=O)(=O)c3cccc4ccccc34)c3ccccc23)[nH]1,5.0,5.078520000000004
Fc1ccc(CCCCN2CCN(c3ccc(-c4ccccc4)cn3)CC2)cc1,5.0,5.032600000000004
CN1CCC2(CC1)OC(C)(c1ccccc1)CC2=O.O=C(O)/C=C/C(=O)O,5.0,2.0674
COc1ccc(OCCN2CCN(C(=O)c3cc4ccccc4[nH]3)CC2)cc1,5.0,3.013300000000001
CN(C)CCc1c[nH]c2cccc(O)c12,5.0,1.9776000000000002
COc1cc(C(F)(F)F)c(OC)cc1C1CCCNC1,5.0,3.1896000000000013
Cc1nccc2c1C(C)(C)Nc1cc(Br)ccc1-2,5.0,4.480120000000003
N#Cc1ccc(N2CCN(Cc3ccc(COc4cccc5c4CN(C4CCC(=O)NC4=O)C5=O)cc3)CC2)c(F)c1,5.0,3.359580000000001
Cn1cncc1-c1c[nH]c2ccc(I)cc12,5.0,3.173000000000001
COc1ccc2[nH]cc(-c3cncn3C)c2c1F,5.0,2.716100000000001
CCn1cncc1-c1c[nH]c2ccc(OC)c(F)c12,5.0,3.1990000000000016
Cn1cncc1-c1c[nH]c2ccc(C(N)=O)c(F)c12,5.0,1.8063999999999998
CCn1cncc1-c1c[nH]c2ccc(C(N)=O)c(F)c12,5.0,2.2893
C#CCNC1CCc2cc(OCCCN3CCCCC3)ccc21,5.0,3.151500000000002
COc1cc2ccccc2cc1C(=O)OCC1CCN(Cc2ccccc2)C1,5.0,4.527300000000004
CN1C2CCC1CC1(C2)OC=C(c2ccccc2)C1=O.Cl,5.0,3.044000000000002
COc1ccc(NC(=O)N2CCN(c3ccccc3OC)CC2)cc1N1CCN(C)CC1,5.0,2.809700000000001
COc1ccc(NC(=O)N2CCN(c3ccccc3Cl)CC2)cc1N1CCN(C)CC1,5.0,3.454500000000002
COc1ccc(NC(=O)N2CCN(c3ccccc3F)CC2)cc1N1CCN(C)CC1,5.0,2.9402000000000017
Cc1ccc(-c2cc3[nH]c(=O)n(CCN4CCN(c5ccccc5Cl)CC4)c(=O)c3[nH]2)cc1,5.0,3.4689200000000016
Cn1nc(C(=O)OC[C@@H]2CCN3CCC[C@@H]23)c2ccccc21,5.0,2.2144000000000004
O=C(OC[C@@H]1CCN2CCC[C@@H]12)c1[nH]nc2ccccc12,5.0,2.2040000000000006
O=C(OC[C@@H]1CCN2CCC[C@@H]12)c1c[nH]c2ccccc12,5.0,2.809000000000001
COc1cc(N)c(Cl)cc1C(=O)OC[C@@H]1CCN2CCC[C@@H]12,5.0,2.571900000000001
Cl.O=C1C(c2ccccc2)=COC12CCNCC2,5.0,2.1708
CCN(CC)CCC1(C)OC=C(c2ccccc2)C1=O.Cl,5.0,3.5392000000000032
Fc1cccc(CCCN2CCCC2)c1,5.0,2.8541000000000016
CCc1cc(Cl)c(OC)c(N2CCN(C[C@H](O)CCNC(=O)c3cc4ccccc4[nH]3)CC2)c1,4.99,3.6953000000000014
CCOC(=O)N1CCN(Cc2cnn(-c3ccc(Cl)cc3)c2)CC1,4.99,2.799800000000001
Cc1nc(N2CCN(CCCCNC(=O)N3CCn4c(C)nnc4C3)CC2)cc(C(C)(C)C)n1,4.98,2.1100400000000006
O=S(=O)(c1cccc(NC2CCNCC2)c1)n1cccc1-c1ccccc1,4.97,3.5560000000000027
CCCN1CCC(n2cnc3ccccc32)CC1,4.97,3.0832000000000015
O=C(CCCCCCCCCCCCC(=O)NCCCN1CCN(C2=Nc3cc(Cl)ccc3Nc3ccccc32)CC1)NCCCN1CCN(C2=Nc3cc(Cl)ccc3Nc3ccccc32)CC1,4.97,10.893199999999995
COc1ccccc1N1CCC2(CCN(CCCSc3nnc(-c4ccccc4)n3C)CC2)CC1,4.96,5.3555000000000055
CCCN(CCC)C1CCC(=C(C#C[Si](C)(C)C)C#C[Si](C)(C)C)CC1,4.96,6.1092000000000075
COc1cc2c(cc1OC)CN(/C=N/c1ccc3c(c1)C(OC(C)=O)CCC3)CC2,4.96,4.362400000000004
COc1ccc(-c2c(=O)n(CCCCN3CCCC(c4c[nH]c5ccc(OC)cc45)C3)c(=O)n3ccccc23)cc1,4.95,5.286500000000005
CCc1cc(Cl)c(OC)c(N2CCN(C[C@@H](O)CCNC(=O)c3cc4ccccc4[nH]3)CC2)c1,4.94,3.6953000000000014
N#Cc1ccc2c(c1)CNCC2,4.94,1.20398
CCc1cc(Cl)c(OC)c(N2CCN(CC(O)CCNC(=O)c3cc4ccccc4[nH]3)CC2)c1,4.94,3.6953000000000014
CN(C)CCN1C(=O)c2ccccc2/C=C\c2ccccc21,4.94,3.378800000000002
Cn1c(SCCCN2CCOC(c3ccc(C(F)(F)F)cc3)C2)nnc1-c1ccncc1,4.93,4.4516000000000036
O=C(O)C(=O)O.c1ccc(N2CCN(CCCn3cnc4ccccc43)CC2)cc1,4.92,2.4042000000000003
O=C(NCCCCN1CCN(c2ccc(Cl)cc2)CC1)c1ccc2ccccc2c1,4.92,4.825400000000005
Cc1cccn2ncc(CN3CCN(c4ccc(Cl)cc4)CC3)c12,4.92,3.6183200000000024
CC(C)NCC(O)c1ccc(O)c(O)c1,4.92,1.1291999999999998
COc1cc2c(cc1OC)CN(/C=N/c1ccc3c(c1)C(OC(C)=O)CC3)CC2,4.92,3.9723000000000024
CCCN1CCC(N2C(=O)C(=O)c3ccccc32)CC1,4.92,2.0903
Cc1cnc2c(c1)[C@@H]1c3cc(O)c(O)cc3CC[C@H]1NC2,4.92,2.35112
C#CC(C#C)=C1CCC(N(CCC)CCC)CC1,4.92,3.6140000000000025
CCN(CC)[C@H]1[C@H](CO)[C@@H]2CN(Cc3ccccc3)[C@@H](c3ccccn3)[C@@H]21,4.92,3.203400000000001
CCN(CC)[C@@H]1[C@@H](CO)[C@H]2CN(Cc3ccccc3)[C@H](c3ccccc3)[C@H]21,4.92,3.8084000000000024
CC(O)CN1[C@H](C)CN(CCSC(c2ccc(F)cc2)c2ccc(F)cc2)C[C@@H]1C,4.92,4.562800000000005
O=C(NCCCCN1CCN(c2cccc(Cl)c2)CC1)c1ccc(-c2ccsc2)cc1,4.92,5.400700000000005
[O-][S+](CCNC1CCN(Cc2ccc(F)cc2)CC1)C(c1ccc(F)cc1)c1ccc(F)cc1,4.91,5.196200000000005
CCc1cc(Cl)c(OC)c(C(=O)NC[C@@H]2CCCN2CCC(C#N)(c2ccccc2)c2ccccc2)c1O,4.91,5.710780000000006
Cn1c(SCCCN2CCOC(c3ccc(C(F)(F)F)cc3)C2)nnc1-c1ccc(-c2nnco2)cc1,4.91,5.106600000000005
CCCN1CCO[C@@H]2c3cc4c(cc3OC[C@H]21)CCO4,4.9,2.1658
Cc1ncoc1-c1nnc(SCCCN2CCOC(c3ccc(C(F)(F)F)cc3)C2)n1C,4.9,4.353020000000003
CN1CCN(C2=Nc3cc(Cl)ccc3N(NC(=O)c3cccnc3)c3ccccc32)CC1,4.9,3.8572000000000024
Cc1nc(N2CCN(CCCCNC(=O)N3CCN(c4ccccc4)CC3)CC2)cc(C(C)(C)C)n1,4.89,3.5165200000000025
COc1ccc(OCCN2CCN(C(=O)c3cc4cccc(Cl)c4[nH]3)CC2)cc1,4.89,3.6667000000000023
N#CC(C#N)=Cc1ccn(C2CCN(Cc3ccccc3)CC2)c1,4.89,3.755760000000003
Clc1ccc(N2CCN(Cc3ccc4ccnn4c3)CC2)cc1,4.89,3.3099000000000016
O=C(O)C(=O)O.O=C1CCc2ccccc2N1CCN1CCN(c2ccccc2)CC1,4.89,1.9435999999999996
Cc1cccnc1C1CCN(CCCc2nc3ccccc3s2)CC1,4.88,4.811920000000005
COc1ccccc1CCNc1nc(N)nc(NCCc2c[nH]c3ccccc23)n1,4.88,3.2529000000000012
COc1ccccc1N(C(C)=O)C1CCN(CCCCNC(=O)c2ccc3ccccc3c2)CC1,4.88,4.875900000000004
CCC1(CC)CC(OCCCNCc2cccc(Cl)c2Cl)(c2ccccn2)CCO1,4.87,6.149400000000007
O=C(NCCCCN1CCN(c2cc(C(F)(F)F)nc3ccccc23)CC1)c1cn2ccccc2n1,4.87,4.233500000000003
CCCC(CCC)NC(=O)c1cc2ccccc2[nH]1,4.87,3.866500000000002
CN(C)C(=O)N[C@H]1CC[C@@H](CCN2CCc3ccccc3C2)CC1,4.87,3.264800000000001
c1ccc(CN2CCC(NCc3csc(-c4ccccc4)n3)CC2)cc1,4.87,4.564300000000004
O=C(Cn1c(CCCN2CCN(c3cccc(Cl)c3Cl)CC2)nc2ccccc21)NCc1ccccc1,4.87,5.414300000000005
CCCCNC(=O)c1cc2ccccc2[nH]1,4.87,2.6978
COc1ccccc1N1CCN(c2nc(N)nc(NCCc3c[nH]c4ccccc34)n2)CC1,4.87,2.924900000000001
C[C@H]1CO[C@@H](c2ccc(N)nc2)CN1CCn1cc(CNC(=O)c2cc3ccccc3[nH]2)nn1,4.87,2.1285999999999987
Cn1c(SCCCN2CCO[C@H](c3ccc(C(F)(F)F)cc3)C2)nnc1-c1ccc(C(N)=O)cc1,4.86,4.155500000000003
Cc1ccccc1N1CCN(CCCNC(=O)Oc2cccc3ccccc23)CC1.Cl,4.85,4.870720000000006
COC(=O)N1CCc2ccc(/N=C/N3CCc4cc(OC)c(OC)cc4C3)cc21,4.85,3.5508000000000024
Cc1nn2c(-c3ccc(F)cc3)cccc2c1CN1CCN(c2ccc(Cl)cc2)CC1,4.85,5.424420000000005
Clc1ccc2sc(CCCN3CCN(c4ccccn4)CC3)nc2c1,4.85,4.099500000000003
COc1ccc(Br)cc1C1=NCC[C@@H](CN2CCN(c3ccccc3)CC2)N1,4.85,3.3884000000000016
c1ccc(C2=NC[C@@H](N3CCN(c4ccccc4)CC3)CCN2)cc1,4.85,2.6173
COc1cc2c(cc1OC)CN(/C=N/c1ccc3c(c1)C(OC(C)=O)CCCC3)CC2,4.85,4.752500000000004
COc1ccc(OCCN2CCN(C(=O)c3ccc(OC)cc3)CC2)cc1,4.85,2.5406000000000004
Cn1c(SCCCN2CCOC(c3ccc(C(F)(F)F)cc3F)C2)nnc1-c1ccc(C(N)=O)cc1,4.84,4.2946000000000035
Cn1c(SCCCN2CCOC(c3ccc(C(F)(F)F)cc3)C2)nnc1-c1cccnc1,4.83,4.4516000000000036
Fc1ccc(-c2cccc3c(CN4CCN(c5ccc(Cl)cc5)CC4)cnn23)cc1,4.82,5.116000000000005
Cc1ncoc1-c1nnc(SCCCN2CCOC(c3ccc(Br)cc3)C2)n1C,4.82,4.096720000000003
Cn1c(SCCCN2CCOC(c3ccc(C(F)(F)F)cc3)C2)nnc1-c1cccc(C(N)=O)c1,4.82,4.155500000000003
Clc1ccc(N2CCN(Cc3cn4ccccc4n3)CC2)cc1,4.82,3.3099000000000016
CCCN(CCC)C1CC=C(C#Cc2ccccc2)CC1,4.82,4.639000000000005
OC(CCn1cc(-c2ccc(-c3ccccc3)cc2)nn1)CN1CCN(c2cccc(Cl)c2Cl)CC1,4.82,5.492100000000005
CCCN(CCC)C1CCC(=C(C#N)C#N)CC1,4.82,3.3947600000000024
Cn1c(SCCCN2CCO[C@@H](c3ccc(C(F)(F)F)cc3)C2)nnc1-c1ccc(-c2ncco2)cc1,4.81,5.711600000000005
COc1cc(CN2CCN(c3ccc4c(c3)OCCO4)CC2)ccc1F,4.8,2.9277000000000015
CN[C@H]1c2c(ccc3c2ccn3S(=O)(=O)c2ccccc2)[C@@H]1CCO,4.8,2.6184000000000016
C[C@H]1[C@H]2[C@@H](CN1Cc1ccccc1)[C@@H](CO)[C@@H]2N1CCCC1,4.8,2.2096
Clc1ccc(N2CCN(Cc3cccn4nccc34)CC2)cc1,4.8,3.3099000000000016
Cn1c(SCCCN2CCOC(c3ccc(C(F)(F)F)cc3)C2)nnc1-c1cncc(C(N)=O)c1,4.8,3.5505000000000013
CC(C)[C@H](NC(=O)[C@@H]1C=C2c3cccc4[nH]cc(c34)C[C@H]2N(C)C1)C(=O)N[C@@H](Cc1ccc(F)cc1)C(=O)N1CCC[C@H]1C(N)=O,4.8,2.5213
CN[C@@H]1c2cc3ccn(S(=O)(=O)c4ccccc4)c3cc2[C@H]1CCO,4.8,2.6184000000000016
COc1ccc(OCCN2CCN(C(=O)c3cc4ccccc4n3C)CC2)cc1,4.8,3.0237000000000016
Cc1cccc(N2CCN(CCCCNC(=O)c3ccc(-c4ccsc4)cc3)CC2)c1,4.79,5.055720000000004
Nc1ccc2oc(=O)c(CN3CCCC3)cc2c1,4.79,1.971
Cn1c(SCCCN2CCOC(c3ccc(C(F)(F)F)cc3)C2)nnc1-c1ccc(C(N)=O)cn1,4.79,3.5505000000000013
Oc1ccc(CN2CCO[C@H](CCc3ccccc3)C2)cc1,4.78,3.225800000000002
COc1ccc(CN2CCOC(CCc3ccccc3)C2)cc1,4.78,3.528800000000002
COc1ccc(N2CCN(CCCCNC(=O)c3ccc(-c4ccsc4)cc3)CC2)cc1,4.769551078621726,4.755900000000004
NCCc1ccc(O)cc1,4.769551078621726,0.8934
COc1ccc(C2CCN(CCCc3nc4ccccc4s3)CC2)nc1,4.76,4.512100000000004
COc1c(-c2nc(CNC[C@@H]3CCN(Cc4ccccc4)C3)co2)cc(Br)c2ccccc12,4.76,5.8776000000000055
O=C(N[C@H]1CCN(Cc2ccc(F)c(F)c2)C1)c1ccc(-c2cccs2)cc1,4.75,4.697600000000003
COc1ccc(OCCN(C)CCN(C)C(=O)c2ccc(OC)cc2)cc1,4.75,2.786600000000001
O=c1c(-c2ccccc2)c2ccccn2c(=O)n1CCCCN1CCCC(c2c[nH]c3ccccc23)C1,4.75,5.269300000000005
N#CC(CCNCCc1ccccc1)(c1ccccc1)c1ccccc1,4.75,4.7186800000000035
CN(C)CCC(C#N)(c1ccccc1)c1ccccc1,4.75,3.447980000000002
OC(CCn1cc(-c2ccc3ccccc3c2)nn1)CN1CCN(c2cccc(Cl)c2Cl)CC1,4.73,4.978300000000005
CN1CCc2cc(Cl)c(O)cc2[C@H]1c1ccccc1,4.72,3.6229000000000022
N#Cc1ccc2[nH]c(CN3CCN(c4ccc(F)cc4)CC3)cc2c1,4.72,3.500880000000002
CCc1cc(Cl)c(OC)c(N2CCN(C[C@@H](F)CCNC(=O)c3cc4ccccc4[nH]3)CC2)c1,4.72,4.672500000000003
COc1cc(NC(C)=O)c(Cl)cc1C(=O)NC[C@@H]1CCN(Cc2ccccc2)C1,4.72,3.558900000000002
Fc1ccc(N2CCN(Cc3cn4ccccc4n3)CC2)cc1,4.72,2.795600000000001
CN1CCCN(C2=Nc3cccnc3Nc3ccc(Cl)cc32)CC1,4.72,3.5078000000000022
O=C1c2ccccc2/C=C\c2ccccc2N1CCCN1CCOCC1,4.72,3.539500000000002
COc1cc(N(C)C(C)=O)c(Cl)cc1C(=O)NC[C@@H]1CCN(Cc2ccccc2)C1,4.72,3.5832000000000024
c1ccc(CN2CCN(Cc3csc(-c4ccccc4)n3)CC2)cc1,4.71,4.127900000000003
COc1cccc(CCc2ccccc2OCCCN2CCN(c3ncccn3)CC2)c1,4.7,3.861500000000003
CC1(Oc2ccccn2)CCN(CCOc2ccc(C(F)(F)F)cc2)CC1,4.7,4.412700000000004
CC1(Oc2ccc(Cl)cc2)CCN(CCn2ccccc2=O)C1,4.7,3.0451000000000006
CC1(O)CCN(CC2COc3ccccc3O2)CC1,4.7,1.6732
Cc1ccc(CNCC2(F)CCN(C(=O)c3csc4ccccc34)CC2)nc1,4.7,4.338820000000004
Cl.O=C1C(c2ccccc2)=COC12CCN(Cc1ccccc1)C2,4.7,3.6933000000000016
O=C(NC(c1ccc(Cl)cc1)c1ccccn1)C1CCN(CCn2ccc(=O)cc2)CC1,4.7,3.5145000000000026
CC(=O)c1ccc(-c2nnc(SCCCN3CCOC(c4ccc(C(F)(F)F)cc4)C3)n2C)cc1,4.7,5.259200000000005
O=C(NC(c1ccc(Cl)cc1)c1ccccn1)C1CCN(CCOc2ccc3cccnc3c2)CC1,4.7,5.279800000000005
NCCc1cccc(O)c1,4.7,0.8934
CCCN(CCC)[C@@H]1CCn2nccc2C1,4.698970004336019,2.3199000000000005
CCCN(CCC)C1CCC(=CC#N)CC1,4.698970004336019,3.500980000000003
N#Cc1ccc(N2CCN(CCCCNC(=O)c3ccc(-c4ccsc4)cc3)CC2)cc1,4.698970004336019,4.618980000000004
CCCN(CCC)C1CCn2ncc(CO)c2C1,4.698970004336019,1.8122
CCCN(CCC)C1CCn2ncc(C(=O)OC)c2C1,4.698970004336019,2.1065
CCCN(CCC)C1CC=C(C#N)CC1,4.698970004336019,3.1108800000000016
Cc1noc(C)c1-c1cnc2cc(C(=O)NCCC[n+]3ccc(N(C)C)cc3)ccn12.O=C[O-],4.698970004336019,1.1458400000000006
COc1ccc(N2CCN(CCCN3C(=O)CCc4ccccc43)CC2)cc1.O=C(O)C(=O)O,4.68,2.3422999999999994
CCC(=O)N(c1ccccc1)C1CCN(CCc2ccccc2)CC1,4.68,4.136700000000004
COc1cc(CN2CCN(c3ccc(Cl)cc3)CC2)ccc1OCCF,4.68,4.0191000000000034
C#Cc1cccc2c(CN3CCN(c4ccc(Cl)cc4)CC3)c(C)nn12,4.68,3.5996200000000025
CCc1cc(Cl)c(OC)c(N2CCN(CC(F)CCNC(=O)c3cc4ccccc4[nH]3)CC2)c1,4.68,4.672500000000003
CCCNCCCCNC(=O)c1ccc(-c2ccccc2)cc1,4.68,3.8632000000000026
COc1ccccc1N1CC2(CN(CCCSc3nnc(-c4ccccc4)n3C)C2)C1,4.67,3.7951000000000024
CCc1cc(Cl)c(OC)c(N2CCN(C[C@H](F)CCNC(=O)c3cc4ccccc4[nH]3)CC2)c1,4.67,4.672500000000003
c1ccc(CN2CCN(Cc3coc(-c4ccccc4)n3)CC2)cc1,4.67,3.6594000000000024
CCOC(=O)c1[nH]c2ccc(F)cc2c1CN1CCN(c2ccccc2)CC1,4.66,3.805900000000003
OCc1ccc2c(CN3CCN(c4ccc(Cl)cc4)CC3)cnn2c1,4.66,2.802200000000001
CCCN1CCC(c2ccc(OC)cc2)CC1,4.64,3.284600000000002
COc1ccccc1N1CCN(Cc2cn([C@@H]3O[C@H](CO)[C@@H](O)[C@H](O)[C@H]3F)nn2)CC1,4.64,-0.4415
Cl.O=C(NCCCCN1CCN(c2ccc(Cl)cc2Cl)CC1)c1cc2ccccc2[nH]1,4.6218020295540825,5.228700000000004
O=C(NCCCCN1CCN(c2ccc(Cl)cc2Cl)CC1)c1cc2ccccc2[nH]1,4.6217838502501225,4.806900000000004
COc1ccccc1N1CCN(Cc2cn([C@@H]3O[C@H](CF)[C@@H](O)[C@H](O)[C@H]3O)nn2)CC1,4.62,-0.4415
C#CCN1CCC2(CC1)OC=C(c1ccccc1)C2=O.Cl,4.62,2.5164000000000013
O=C(O)C(=O)O.O=C1CCc2ccccc2N1CCCN1CCN(c2ccc([N+](=O)[O-])cc2)CC1,4.62,2.2419000000000002
Cc1nn2c(-c3ccccc3)cccc2c1CN1CCN(c2ccc(Cl)cc2)CC1,4.62,5.285320000000006
Cn1c(SCCCN2CCOC(c3ccc(C(F)(F)F)cc3)C2)nnc1-c1ccc(C(N)=O)nc1,4.61,3.5505000000000013
c1ccc(C2=NCC[C@H](CN3CCN(c4ccccc4)CC3)N2)cc1,4.6,2.6173
COc1cc(NC(C)=O)c(Cl)cc1C(=O)NC[C@H]1CCN(Cc2ccccc2)C1,4.6,3.558900000000002
COc1cccc(C2=NCCc3c2[nH]c2ccc(OC)cc32)c1,4.6,3.5786000000000024
Cc1ccc(C2CN(CCCSc3nnc(-c4ccc(-c5noc(C)n5)cc4)n3C)CCO2)cc1,4.6,4.704640000000004
NC(=O)C(c1ccccc1)(c1ccccc1)[C@@H]1CCN(CCc2ccc3c(c2)CCO3)C1,4.6,3.957500000000003
Cc1ccc(N2CCN(CCCCNC(=O)c3ccc(-c4ccsc4)cc3)CC2)cc1,4.6,5.055720000000005
Cc1nc(N2CCN(CCCCNC(=O)c3cn4ccccc4n3)CC2)cc(C(F)(F)F)n1,4.6,2.7837200000000006
COc1cccc2c3c(oc12)CN(CCCCOc1ccc2scnc2c1)CC3,4.59,5.268400000000005
O=c1oc2ccc(OC(F)(F)F)cc2cc1CN1CCCC1,4.585026652029182,3.2874000000000017
Cc1cc2nc(C)c(CN3CCN(c4ccc(Cl)cc4)CC3)n2c(C)n1,4.58,3.6301600000000027
Cc1ccc(CNCC2(F)CCN(C(=O)c3coc4ccccc34)CC2)nc1,4.57,3.870320000000003
O=C(NCCCCN1CCN(c2ccc(Cl)cc2)CC1)c1ccc(-c2ccsc2)cc1,4.56,5.400700000000005
COc1cc(N(C)C(C)=O)c(Cl)cc1C(=O)NC[C@H]1CCN(Cc2ccccc2)C1,4.55,3.5832000000000024
CN1CCN(C2=Nc3cc(Cl)ccc3N(NC(=O)c3ccncc3)c3ccccc32)CC1,4.55,3.8572000000000024
Fc1ccc(CN2CCN(c3ccc4c(c3)OCCO4)CC2)cn1,4.54,2.3141000000000007
c1ccc(C2=NCC[C@@H](CN3CCN(c4ccccc4)CC3)N2)cc1,4.54,2.6173
O=C(N[C@H]1CCN(Cc2ccc(Cl)c(Cl)c2)C1)c1ccc(-c2cccs2)cc1,4.54,5.726200000000004
COc1ccccc1N1CCC12CCN(CCCSc1nnc(-c3ccccc3)n1C)CC2,4.53,4.717800000000005
O=C(NCCCCN1CCN(c2ccc(C(F)(F)F)cc2)CC1)c1ccc(-c2ccsc2)cc1,4.522878745280337,5.766100000000005
c1cnc2c(c1)CN[C@@H](CN(CCCCN1CCOCC1)[C@H]1CCCc3cccnc31)C2,4.522878745280337,2.9829000000000008
CCCC(C)NC(=O)c1cc2ccccc2[nH]1,4.522878745280337,3.0863000000000005
CN(CCCCN(C[C@H]1Cc2ncccc2CN1)[C@H]1CCCc2cccnc21)C1CCC(F)(F)CC1,4.522878745280337,5.1604000000000045
c1cnc2c(c1)CN[C@@H](CN(CCCCNC1CCOCC1)[C@H]1CCCc3cccnc31)C2,4.522878745280337,3.4193000000000007
CN(CCCCN(C[C@H]1Cc2ncccc2CN1)[C@H]1CCCc2cccnc21)C1CCOCC1,4.522878745280337,3.7615000000000025
c1cnc2c(c1)CN[C@@H](CN(CCCCNC1COC1)[C@H]1CCCc3cccnc31)C2,4.522878745280337,2.6391
CN(C)[C@@H]1CC[C@H](c2c[nH]c3ccc(C#N)cc23)C1,4.522878745280337,3.237280000000001
CCC(=O)N1CC[C@H](Nc2ncnc3c2CN(c2cnc(OC)c(C(F)(F)F)c2)CC3)C1,4.522878745280337,2.884500000000002
CN(C)[C@H]1CC[C@@H](c2c[nH]c3ccc(F)cc23)C1,4.522878745280337,3.5047000000000015
COc1ccc2oc(=O)c(CN3CCCC3)cc2c1,4.522878745280337,2.3974
O=c1oc2ccc(C(F)(F)F)cc2cc1CN1CCCC1,4.522878745280337,3.407600000000002
O=c1oc2ccc([N+](=O)[O-])cc2cc1CN1CCCC1,4.522878745280337,2.2969999999999997
CCCNCc1cc2ccccc2oc1=O,4.522878745280337,2.2926
CCCN1CCC[C@@H]2Cc3c(ccc(O)c3CS(=O)(=O)O)C[C@H]21,4.522878745280337,2.3692
FCCOc1ccc(N2CCN(Cc3cc4ccccn4n3)CC2)cc1,4.52,3.0048000000000012
CN(C)CCN1C(=O)c2ccccc2N(C)c2ccccc21,4.52,2.976300000000001
CCCN(C(C)C)[C@@H]1COc2cccc(C(C)=O)c2C1,4.52,3.313100000000002
COc1ccc(S(=O)(=O)Nc2c(C)cc(C)cc2C)cc1,4.519999959791458,3.421260000000002
COc1cccc(C2=NCCc3c2[nH]c2ccccc32)c1,4.51,3.570000000000002
Clc1ccc(N2CCN(Cc3cccc4ccnn34)CC2)cc1,4.51,3.3099000000000016
OCc1cc(C(O)CNCCCCCCOCCCCc2ccccc2)ccc1O,4.5,4.107400000000005
Cc1cc(CN2CCC3(CC2)OC=C(c2ccccc2)C3=O)on1.Cl,4.5,3.3798200000000027
Cn1c(SCCCN2CCOC(c3ccc(C(F)(F)F)cc3)C2)nnc1-c1ccc(S(N)(=O)=O)cc1,4.499999953328896,3.7040000000000015
Cc1cc(NC(=O)Nc2ccc3c(ccn3C)c2)sn1,4.499999953328896,3.587220000000001
Cn1cnc2c1CCN(CCN1CCC(c3noc4ccccc34)CC1)C2=O,4.47,2.4392000000000005
CCC(=O)C(CCN(C)C)(c1ccccc1)c1ccccc1,4.46,3.903500000000003
N#Cc1ccc2[nH]c(CN3CCN(c4ccc(Cl)c(Cl)c4)CC3)cc2c1,4.44,4.668580000000004
CCOC(=O)c1cnn2cccc(CN3CCN(c4ccc(Cl)cc4)CC3)c12,4.43,3.486600000000003
CCN(CC)[C@@H]1[C@@H](CO)[C@H]2CN(Cc3ccccc3)[C@H](C)[C@H]21,4.42,2.4555999999999996
O=C(N[C@H]1CCN(Cc2ccccc2F)C1)c1ccc(-c2cccs2)cc1,4.42,4.558500000000004
COc1ccccc1N1CC2(CCN(CCCSc3nnc(-c4ccccc4)n3C)CC2)C1,4.42,4.575300000000004
OCc1cnn2cccc(CN3CCN(c4ccc(Cl)cc4)CC3)c12,4.41,2.802200000000001
COc1ccc(N2CCN(CCCCCCN3C(=O)c4cccc5cccc(c45)C3=O)CC2)cc1,4.4,4.827000000000004
COc1ccccc1N1CCN(Cc2c(C)nc3cc(C)ncn23)CC1,4.4,2.676940000000001
C=CCN1C[C@H](OC(=O)Nc2ccc(-c3ccsc3)cc2)C[C@@H]1CNC(=O)c1cc(CCCF)cc(OC)c1OC,4.3872161432802645,5.941800000000006
CCN(CC)[C@@H]1[C@@H](CO)[C@H]2CN(Cc3ccccc3)[C@H](c3ccccn3)[C@H]21,4.38,3.203400000000001
CCCOC1CCCc2ccc(/N=C/N3CCc4cc(OC)c(OC)cc4C3)cc21,4.38,5.2259000000000055
O=C(c1ccccc1)N1CCN(CCN2CCc3ncsc3CC2)CC1,4.38,2.0017
Fc1ccc(CSc2nc3ccccc3n2Cc2ccc(Cl)cc2)cc1,4.376750709602099,6.169400000000005
COc1ccc(Br)cc1C1=NCC[C@H](CN2CCN(c3ccccc3)CC2)N1,4.37,3.3884000000000016
CCOC(=O)c1cc(CSc2nc3ccccc3n2Cc2ccc(Cl)cc2)cc(C(=O)OCC)c1,4.366531544420414,6.3837000000000055
N#Cc1cccc2c(CN3CCN(c4ccc(Cl)cc4)CC3)cnn12,4.36,3.181580000000001
CC1(C)OC(=O)N([C@H]2CC[C@H](c3cnc(N)c(-c4ncccn4)c3)CC2)[C@H]1c1ccccc1,4.314258261397736,5.119100000000004
O=Cc1ccn(C2CCN(Cc3ccccc3)CC2)c1,4.31,3.1377000000000015
Fc1ccc(N2CCN(Cc3cn4cccnc4n3)CC2)cc1,4.31,2.1906
Cc1noc2c1C(=O)N(CCN1CCN(c3noc4ccccc34)CC1)CC2,4.31,1.94472
N#CC(C#N)=Cc1ccc(CN2CCN(c3ccc(Cl)cc3)CC2)[nH]1,4.31,3.420860000000001
COc1ccc(OCCN2CCN(C(=O)c3ccc(OC(F)(F)F)cc3)CC2)cc1,4.301029995663981,3.4306000000000028
CN1C(=O)c2ccccc2[S@@+]([O-])c2ccc(C(=O)NCCc3cccs3)cc21,4.301029995663981,3.4773000000000023
CCc1ccc(OCCN2CCN(C(=O)c3ccc(OC)cc3)CC2)cc1,4.301029995663981,3.094400000000002
Fc1ccc(-c2noc(C3CCN(c4cnc5ccc(Cl)cc5c4)CC3)n2)c(Cl)c1,4.301029995663981,6.114700000000004
CCCN(C(C)C)[C@@H]1COc2cccc(C(=O)NC(C)C)c2C1,4.301029995663981,3.248700000000002
Cc1ccc(OCCN2CCN(C(=O)c3cc4ccccc4[nH]3)CC2)cc1,4.301029995663981,3.3131200000000014
CCCN(C(C)C)[C@H]1COc2cccc(C(N)=O)c2C1,4.301029995663981,2.2094000000000005
CCc1ccc(OCCN2CCN(C(=O)c3cc4ccccc4[nH]3)CC2)cc1,4.301029995663981,3.5671000000000017
COc1ccc(OCCN2CCN(C(=O)c3ccc(OC)cn3)CC2)cc1,4.301029995663981,1.9355999999999998
COc1ccc(OCCN2CCN(C(=O)c3cc4ccccc4[nH]3)CC2)c(Cl)c1,4.301029995663981,3.6667000000000023
COc1ccc(OCCN2CCN(C(=O)C3CCCCC3)CC2)cc1,4.301029995663981,2.7985000000000007
COc1ccc(OCCN2CCN(C(=O)c3ccccc3)CC2)cc1,4.301029995663981,2.532000000000001
COc1ccc(OCCN2CCN(C(=O)c3nc4ccccc4[nH]3)CC2)cc1,4.301029995663981,2.4083000000000006
COc1ccc(OCCN2CCN(C(=O)c3cc4cc(C)ccc4[nH]3)CC2)cc1,4.301029995663981,3.321720000000002
COc1ccc(OCCN2CCN(C(=O)c3cc4ccccc4[nH]3)CC2)cc1OC,4.301029995663981,3.0219000000000014
O=C(c1cc2ccccc2[nH]1)N1CCN(CCOc2ccc(Cl)cc2)CC1,4.301029995663981,3.658100000000003
CCCN(C(C)C)[C@H]1COc2cccc(C(=O)NC(C)C)c2C1,4.301029995663981,3.248700000000002
Cc1ccc2c(c1)Oc1cc(C)ccc1C(N1CCN(CC(C)(C)C(=O)O)CC1)=N2,4.301029995663981,4.215840000000003
CN1CCN(c2nc(N)nc(CS(=O)(=O)c3ccccc3Cl)n2)CC1,4.3,0.8329
Cc1ccc2nc(CCCN3CCN(c4ccccn4)CC3)sc2c1,4.3,3.754520000000003
COc1cc2c(cc1OC)CN(/C=N/c1ccc3c(c1)N(C(=O)OC(C)(C)C)CC3)CC2,4.27,4.7195000000000045
N#Cc1ccc2c(c1)CCNC2,4.27,1.20398
OCc1cccn2ncc(CN3CCN(c4ccc(Cl)cc4)CC3)c12,4.25,2.802200000000001
Cc1nn2c(C#N)cccc2c1CN1CCN(c2ccc(Cl)cc2)CC1,4.24,3.490000000000002
Cn1c(SCCCN2CCC3(CC2)CCN(c2cccc(C#N)c2)CC3)nnc1-c1ccccc1,4.24,5.2185800000000055
CN(/C=N/c1ccc2c(c1)C(O)CC2)Cc1ccccc1,4.23,3.458000000000002
CCCN[C@@H]1CCc2ccc(OC)cc2C1,4.23,2.5521000000000003
COc1ccccc1N1CCC2(CN(CCCSc3nnc(-c4ccccc4)n3C)C2)C1,4.22,4.185200000000004
Fc1ccc(N2CCN(Cc3cn4ccncc4n3)CC2)cc1,4.19,2.1906
C[C@@H]1[C@@H]2[C@H](CN1Cc1ccccc1)[C@H](CO)[C@H]2N1CCCC1,4.18,2.2096
CN(C)CCN1C(=O)c2ccccc2N(C)C(=O)c2ccccc21,4.18,2.4850000000000003
FCCOc1ccc(N2CCN(Cc3cnn4ccccc34)CC2)cc1,4.18,3.0048000000000012
COc1cccc(CCc2ccccc2OCCCCN2CCN(c3ccccc3OC)CC2)c1,4.17,5.4702000000000055
Cc1ccc(CNCC2(F)CCN(C(=O)c3cc(Br)cs3)CC2)nc1,4.14,3.948120000000003
Cl.Clc1ccc(N2CCN(CCCCNc3noc(-c4ccccc4)n3)CC2)cc1,4.1,4.826100000000003
COc1ccsc1CNCC[C@@]1(c2ccccn2)CCOC2(CCCC2)C1,4.08,4.692600000000004
Cn1c(SCCCN2CCC3(CC2)CCN(c2ccccn2)CC3)nnc1-c1ccccc1,4.08,4.741900000000005
CCC(NC(C)C)C(O)c1ccc(O)c2[nH]c(=O)ccc12,4.07,2.0436999999999994
Oc1cccc(C2NCCc3c2[nH]c2ccccc32)c1,4.06,3.108600000000001
COc1ccc(OCCN2CCN(S(=O)(=O)c3ccc(OC)cc3)CC2)cc1,4.0,2.0890999999999993
COc1ccc(N(C)CCN2CCN(C(=O)c3cc4ccccc4[nH]3)CC2)cc1,4.0,3.0707000000000013
COc1ccc(OCCN2CCN(C(=O)c3cc4ncccc4[nH]3)CC2)cc1,4.0,2.4083000000000006
COc1ccc(C(=O)N2CCN(c3ccc(OC)cc3)CC2)cc1,4.0,2.666200000000001
COc1ccc(OCC(C)N2CCN(C(=O)c3ccc(OC)cc3)CC2)cc1,4.0,2.929100000000002
CC(C)(C)c1ccc(OCCN2CCN(C(=O)c3cc4ccccc4[nH]3)CC2)cc1,4.0,4.302200000000004
COc1ccc(OCCN2CCN(C(=O)c3ccccc3OC)CC2)cc1,4.0,2.5406000000000004
c1ccc(CCC2CN(Cc3nc4ccccc4[nH]3)CCO2)cc1,4.0,3.3965000000000014
c1ccc(CC[C@H]2CN(Cc3nc4ccccc4[nH]3)CCO2)cc1,4.0,3.3965000000000014
c1ccc(CC[C@@H]2CN(Cc3nc4ccccc4[nH]3)CCO2)cc1,4.0,3.3965000000000014
N#CC(C#N)=Cc1ccc(CN2CCN(c3ccccc3)CC2)[nH]1,4.0,2.7674600000000007
CN1CCC2(CC1)CC(=O)C(c1ccccc1)=CO2.Cl,4.0,2.9031000000000016
CC(=O)Nc1c(F)cc(C(=O)N[C@H]2CC[C@H](O)CC2)cc1O[C@@H](C)c1ccccc1,4.0,3.9574000000000034
CNC(=O)c1cc(C(=O)NC2CC2)cn(Cc2ccccc2)c1=O,4.0,1.1483999999999992
Fc1cncc(CNCC[C@@]2(c3ccccn3)CCOC3(CCCC3)C2)c1,4.0,4.156600000000004
Cn1cc(C(=O)C(=O)N[C@@H]2CN3CCC2CC3)c2ccccc21,4.0,1.5713999999999997
Cn1cc(C(=O)C(=O)N[C@H]2CN3CCC2CC3)c2ccccc21,4.0,1.5713999999999997
CCC1(CC)CC(OCCCNCc2cccc(C(F)(F)F)n2)(c2ccccn2)CCO1,4.0,5.256400000000005
COc1cc2c(cc1-c1c(C)noc1C)ncc1[nH]c(=O)n([C@H](C)c3ccccn3)c12,4.0,4.162540000000002
CCNC(=O)C[C@@H]1N=C(c2ccc(Cl)cc2)c2cc(OC)ccc2-n2c(C)nnc21,4.0,3.6560200000000025
CN1CCC2(CC1)CC(=O)C(c1ccc(F)cc1)=CO2.Cl,4.0,3.0422000000000016
O=C(c1cc2ccccc2[nH]1)N1CCN(CCOc2ccncc2)CC1,4.0,2.3997
COc1ccc(N2CCN(CCCN3CCCc4ccccc4C3=O)CC2)cc1,4.0,3.2959000000000023
O=C(c1cc2ccccc2[nH]1)N1CCN(CCOc2ccc(OC(F)(F)F)cc2)CC1,4.0,3.9033000000000024
O=C(c1cc2ccccc2[nH]1)N1CCN(CCOc2ccc(Br)cc2)CC1,4.0,3.7672000000000025
O=C(NCCCCN1CCN(c2cc(C(F)(F)F)nc3ccccc23)CC1)N1CCC(c2ccccc2)CC1,4.0,5.745000000000006
CC(C)NC(=O)c1cc2ccccc2[nH]1,4.0,2.3061
Oc1cccc([C@]23CCC[C@H](NCC2)[C@@H]3O)c1,4.0,1.5366999999999997
O=C(NCC1CC1)c1cc2ccccc2[nH]1,4.0,2.3076999999999996
NC(=O)C[S+]([O-])C(c1ccccc1)c1ccccc1,4.0,2.01
COc1cc2c(cc1OC)CN(/C=N/c1ccc3c(c1)C1SCCSC1CC3)CC2,4.0,5.257800000000005
Oc1cccc([C@]23CCC[C@H](NCC2)[C@H]3O)c1,4.0,1.5366999999999997
CCOC(=O)/C=C1\[C@@H]2CCC[C@@]1(c1cccc(O)c1)CCN2,4.0,2.6653000000000002
CCC(=O)N1CCC(c2ccccc2)(c2ccccc2)C1,4.0,3.615000000000003
CN1CCC(c2ccccc2)(c2ccccc2)C1,4.0,3.308200000000002
CN(C)CCC(C(=O)N(C)C)(c1ccccc1)c1ccccc1,4.0,3.0126000000000017
CCC(=O)C(CC(C)N(C)C)(c1ccccc1)c1ccccc1,4.0,4.292000000000004
COc1cc2c(cc1OC)CN(/C=N/c1ccc3c(c1)C1SCCSC1C3)CC2,4.0,4.867700000000005
CCCNC1CCn2ncc(C(=O)OC)c2C1,4.0,0.9840999999999998
COc1ccc(C(=O)N2CCN(CCOc3ccc(OC)c(OC)c3)CC2)cc1,4.0,2.549200000000001
CSc1cccc(OCCN2CCN(C(=O)c3cc4ccccc4[nH]3)CC2)c1,4.0,3.726600000000002
Cc1nc(N2CCCC2)nc2ccc(NC(=O)COc3ccc(Cl)cc3)cc12,4.0,4.2093200000000035
CCCN1CCO[C@H]2c3cc4c(cc3OC[C@H]21)CCO4,4.0,2.1658
CCOc1ccc(OCCN2CCN(C(=O)c3cc4ccccc4[nH]3)CC2)cc1,4.0,3.403400000000002
COc1ccc(N2CCC3(CCN(CCCSc4nnc(-c5ccccc5)n4C)CC3)CC2)cc1,3.979443991541845,5.3555000000000055
Cn1c(SCCCN2CC3(CCN3c3ccc(F)cc3)C2)nnc1-c1ccccc1,3.960292484137053,4.068100000000004
COc1cccc(CCc2ccccc2OCCCN2CCc3ccccc3C2)c1,3.9430951486635273,5.307600000000005
COc1ccccc1N1CCC12CN(CCCSc1nnc(-c3ccccc3)n1C)C2,3.9395099153876325,3.9376000000000033
NC(=O)N1CCN(c2cccc(Cl)c2)CC1,3.935916564036404,1.5406999999999997
O=C(c1ccc(F)cc1)N1CCC(NCC[S+]([O-])C(c2ccc(F)cc2)c2ccc(F)cc2)CC1,3.806875401645538,4.836400000000005
COc1cccc(CCc2ccccc2OCCN2CCN(C)CC2)c1,3.7495799976911064,3.106600000000002
COc1ccc2[nH]c3c(c2c1)CCN=C3c1cc([N+](=O)[O-])cn1C,3.6989700043360187,2.8167000000000018
COc1cccc(CCc2ccccc2OCCCN2CCN(c3cccc(Cl)c3)CC2)c1,3.5257837359237447,5.724900000000006
OC1CCc2ccc(/N=C/N3CCc4ccccc4C3)cc21,3.5228787452803374,3.3843000000000023
COc1cc2c(cc1OC)CN(/C=N/c1ccc3c(c1)C(O)CC3)CC2,3.5228787452803374,3.4015000000000013
c1ccc(C2NCCc3c2[nH]c2ccccc32)cc1,3.5228787452803374,3.4030000000000014
COc1cccc(CCc2ccccc2OCCN2CCN(c3ccccc3OC)CC2)c1,3.369572124974976,4.690000000000005
COc1cccc(CCc2ccccc2OCCCN2CCN(C)CC2)c1,3.2479515521805613,3.4967000000000024
COc1cccc(CCc2ccccc2OCCN2CCN(c3ncccn3)CC2)c1,3.201349354554731,3.4714000000000027
COc1cccc(CCc2ccccc2OCCCN2CCN(c3ccc(F)cc3)CC2)c1,3.183758700008217,5.210600000000006
Oc1cc2c(cc1O)C(c1ccccc1)CNCC2,3.142667503568732,2.3754
CN1CCc2c(Cl)c(O)c(O)c(Cl)c2C(c2ccccc2)C1.Cl,3.0915149811213505,4.446200000000005
COc1cccc(CCc2ccccc2OCCCCCN2CCN(c3ccc(F)cc3)CC2)c1,3.0721165896692932,5.990800000000006
COc1cccc(CCc2ccccc2OCCCCN2CCN(c3ncccn3)CC2)c1,3.0685421293109947,4.251600000000003
COc1cccc(CCc2ccccc2OCCN2CCc3cc(OC)c(OC)cc3C2)c1,3.0,4.934700000000005
COc1cccc(CCc2ccccc2OCCCCCN2CCN(c3ncccn3)CC2)c1,3.0,4.641700000000005
COc1cccc(CCc2ccccc2OCCCCN2CCN(c3cccc(Cl)c3)CC2)c1,3.0,6.115000000000007
COc1cccc(CCc2ccccc2OCCCCCN2CCN(c3cccc(Cl)c3)CC2)c1,3.0,6.505100000000008
COc1cccc(CCc2ccccc2OCCN2CCN(c3cccc(C(F)(F)F)c3)CC2)c1,3.0,5.700200000000006
COc1cccc(CCc2ccccc2OCCCCN2CCN(c3cccc(C(F)(F)F)c3)CC2)c1,3.0,6.4804000000000075
COc1cccc(CCc2ccccc2OCCCCCN2CCc3cc(OC)c(OC)cc3C2)c1,3.0,6.105000000000007
COc1cccc(CCc2ccccc2OCCCCCN2CCc3ccccc3C2)c1,3.0,6.087800000000007
COc1cccc(CCc2ccccc2OCCN2CCN(c3cccc(Cl)c3)CC2)c1,3.0,5.334800000000006
COc1cccc(CCc2ccccc2OCCCCCN2CCN(c3ccccc3OC)CC2)c1,3.0,5.860300000000007
COc1cccc(CCc2ccccc2OCCN2CCN(c3ccc(F)cc3)CC2)c1,3.0,4.8205000000000044
COc1cccc(CCc2ccccc2OCCN2CCc3ccccc3C2)c1,3.0,4.917500000000005
COc1cccc(CCc2ccccc2OCCCCCN2CCN(C)CC2)c1,3.0,4.276900000000004
COc1cccc(CCc2ccccc2OCCCCN2CCN(C)CC2)c1,3.0,3.8868000000000036
COc1cccc(CCc2ccccc2OCCCCN2CCc3cc(OC)c(OC)cc3C2)c1,3.0,5.714900000000006
COc1cccc(CCc2ccccc2OCCCN2CCc3cc(OC)c(OC)cc3C2)c1,3.0,5.324800000000006
COc1cccc(CCc2ccccc2OCCCCN2CCc3ccccc3C2)c1,3.0,5.697700000000006
COc1cccc(CCc2ccccc2OCCCCN2CCN(c3ccc(F)cc3)CC2)c1,2.8781120148963186,5.600700000000006
COc1cccc(CCc2ccccc2OCCCN2CCN(c3cccc(C(F)(F)F)c3)CC2)c1,2.850165303284215,6.090300000000007
CC(C)(C)Oc1ccc(C(=O)N[C@H]2CC[C@H](CCN3CCC(c4cccc5c4CCO5)CC3)CC2)cc1,2.0,6.357100000000007
CC(C)(C)c1ccc(C(=O)N[C@H]2CC[C@H](CCN3CCC(c4cccc5c4CCO5)CC3)CC2)cc1,2.0,6.477300000000008
