SMILES,pIC50
CCN1CCC[C@H]1CNC(=O)c1cc(Br)cc(OC)c1OC,11.522878745280337
CCN(CC)C(=O)N[C@H]1C=C2c3cccc4[nH]cc(c34)C[C@H]2N(C)C1,11.0
CCCCCNC(=O)/N=C(\N)NCCCc1cnc(N)s1.O=C(O)C(F)(F)F.O=C(O)C(F)(F)F,10.83
CCCCCNC(=O)/N=C(\N)NCCCc1nnc(N)s1.O=C(O)C(F)(F)F.O=C(O)C(F)(F)F,10.83
CCCN[C@H]1CCc2nc(N)sc2C1,10.83
CC(CNC(=O)/N=C(\N)NCCCc1nnc(N)s1)C1CCCCC1.O=C(O)C(F)(F)F.O=C(O)C(F)(F)F,10.83
N/C(=N\C(=O)NCc1ccccc1)NCCCc1nnc(N)s1.O=C(O)C(F)(F)F.O=C(O)C(F)(F)F,10.83
CCCCCCNC(=O)/N=C(\N)NCCCc1nnc(N)s1.O=C(O)C(F)(F)F.O=C(O)C(F)(F)F,10.83
C[C@@H](NC(=O)/N=C(\N)NCCCc1ncn[nH]1)c1ccccc1.Cl.Cl,10.83
Cc1ccc(CC(C)CNC(=O)/N=C(\N)NCCCc2cnc(N)s2)cc1.O=C(O)C(F)(F)F.O=C(O)C(F)(F)F,10.83
CC(NC(=O)/N=C(\N)NCCCc1nnc(N)s1)c1cccc(F)c1.Cl.Cl,10.83
Cc1ccc(CC(C)CNC(=O)/N=C(\N)NCCCc2nnc(N)s2)cc1.O=C(O)C(F)(F)F.O=C(O)C(F)(F)F,10.83
N/C(=N\C(=O)NCc1ccccc1)NCCCc1cnc(N)s1.O=C(O)C(F)(F)F.O=C(O)C(F)(F)F,10.83
C[C@@H](NC(=O)/N=C(\N)NCCCc1nnc(N)s1)c1ccccc1.Cl.Cl,10.83
N/C(=N\C(=O)NCCCCCCNC(=O)/N=C(\N)NCCCc1nnc(N)s1)NCCCc1nnc(N)s1.O=C(O)C(F)(F)F.O=C(O)C(F)(F)F.O=C(O)C(F)(F)F.O=C(O)C(F)(F)F,10.83
CC(CCCc1ccccc1)CNC(=O)/N=C(\N)NCCCc1nnc(N)s1.O=C(O)C(F)(F)F.O=C(O)C(F)(F)F,10.83
C=CCN1CCC[C@H]1CNC(=O)c1cc(CCCF)cc(OC)c1OC,10.7
O=C(CCCN1CCC(n2c(=O)[nH]c3ccccc32)CC1)c1ccc(F)cc1,10.57
O=C(NCCC(F)CN1CCN(c2cccc(Cl)c2Cl)CC1)c1cc2ccccc2o1,10.52
NC(=O)C1CCS[C@@H]2C[C@]3(CCCN3C(=O)[C@@H]3CCCN3)C(=O)N12,10.51
O=c1[nH]c2cccc(N3CCN(Cc4cccc(-c5ccccc5)c4)CC3)c2o1,10.4
CC(C)(C)[C@]1(O)CCN2C[C@H]3c4ccccc4CCc4cccc(c43)[C@@H]2C1,10.4
CC(C)C[C@H](NC(=O)[C@@H]1CCCN1)C(=O)NCC(N)=O,10.4
NC(=O)[C@H]1CS[C@@H]2CC[C@]3(CCCN3C(=O)[C@@H]3CCCN3)C(=O)N12,10.3
O=C(CCCN1[C@@H]2CC[C@H]1CC(O)(c1ccc(Cl)cc1)C2)c1ccc(F)cc1,10.28
O=C1NCc2ccc(OCCCCN3CCN(c4cccc5c4CCC5)CC3)cc21,10.24
CCCN(CCc1cccs1)[C@H]1CCc2c(O)cccc2C1,10.22
O=C(CCCN1CCC2(CC1)C(=O)NCN2c1ccccc1)c1ccc(F)cc1,10.22
CN1CN(c2ccccc2)C2(CCN(CCCC(=O)c3ccc(F)cc3)CC2)C1=O,10.15
O=C(O)C(=O)O.O=c1ccc2ccc(OCCCCN3CCN(c4ccccc4OCCF)CC3)cc2[nH]1,10.15
CS(=O)(=O)c1ccc2c(c1)N(CCCN1CCC(C(N)=O)CC1)c1ccccc1S2,10.15
CCCN1CCc2cccc3c2[C@H]1Cc1ccc(O)c(O)c1-3.Cl,10.13
CCc1cc(Cl)c(OC)c(C(=O)NC[C@@H]2CCCN2CC)c1O,10.07
O=C1CCc2cc(CCN3CCN(c4cccc5sc(F)cc45)CC3)ccc2N1,10.04
COc1ccccc1N1CCN(CCCCOc2ccn3ncc(/C=N/O)c3c2)CC1,10.03
Cc1cccc(C2=CCN(CCNC(=O)C3CCC(F)(F)CC3)CC2)n1,10.0
O=S(=O)(c1cncc2ccccc12)N1CCC[C@H]1CCN1CCC(c2noc3cc(F)ccc23)CC1,10.0
CCCN(CCCCOc1ccn2ncc(C=O)c2c1)[C@H]1CCc2c(O)cccc2C1,9.96
CCCN(CCCCOc1ccc2ccnn2c1)[C@H]1CCc2c(O)cccc2C1,9.96
O=C(CCCN1CCC(O)(c2cccc(Cl)c2Cl)CC1)c1ccc(F)cc1,9.92
O=C(CCCN1CCC(O)(c2ccc(Cl)cc2)CC1)c1ccc(F)cc1,9.92
CCOc1cccc2cc(CNCCCCOc3ccc4ccc(=O)[nH]c4c3)oc12,9.92
CCCN(CCCCOc1ccn2nccc2c1)[C@H]1CCc2c(O)cccc2C1,9.92
CCCN(CCCCOc1ccc2c(C=O)cnn2c1)[C@H]1CCc2c(O)cccc2C1,9.92
O=S(=O)(c1cncc2ccccc12)N1CCC[C@H]1CCN1CCN(c2nsc3ccccc23)CC1,9.85
CCCN(CCc1ccsc1)C1CCc2c(O)cccc2C1,9.85
COc1ccccc1N1CCN(CCCCOc2ccc3ccc(=O)[nH]c3c2)CC1.O=C(O)C(=O)O,9.85
CCN1CCN(c2cc(-c3ccc(F)cc3)c3c(n2)CCCCCC3)CC1,9.85
O=C(CCCN1CCC2(c3ccc(Cl)cc3)CC2C1)c1ccc(F)cc1,9.84
O=C(CCCN1CCC(O)(c2ccc(Cl)c(Cl)c2)CC1)c1ccc(F)cc1,9.84
CCCN(CCCCOc1ccc2c(/C=N/O)cnn2c1)[C@H]1CCc2c(O)cccc2C1,9.8
COc1ccccc1N1CCN(CCCCOc2ccn3ncc(C#N)c3c2)CC1,9.8
O=C(O)C(=O)O.Oc1ccc2c(c1)O[C@@H](CNCc1ccccc1I)CC2,9.79
CCCN(CCCCOc1ccn2ncc(/C=N\O)c2c1)[C@H]1CCc2c(O)cccc2C1,9.77
O=C(NCCCCN1CCN(c2ccccc2OCCF)CC1)c1ccc(-c2ccsc2)cc1,9.77
O/N=C/c1cnn2ccc(OCCCCN3CCN(c4cccc(Cl)c4Cl)CC3)cc12,9.77
CN(C)C(=O)N[C@H]1CC[C@H](CCN2CCN(c3cccc(Cl)c3Cl)CC2)CC1,9.74
O=C(N[C@H]1CC[C@H](CCN2CCN(c3nsc4ccccc34)CC2)CC1)c1cccs1,9.72
COc1ccccc1N1CCN(CCOc2ccc3[nH]c(=S)[nH]c3c2)CC1,9.72
O=C1CCc2ccc(OCCCCN3CCN(c4cccc(Cl)c4Cl)CC3)cc2N1,9.7
O=C(NCCN1CC=C(c2cccc(C(F)(F)F)n2)CC1)C1CCC(F)(F)CC1,9.7
O=C1CCc2ccc(OCCCCN3CCCN(c4cccc(Cl)c4Cl)CC3)cc2N1,9.7
O=S(=O)(N[C@@H]1CCN(CCCc2noc3ccccc23)C1)c1ccc2ccccc2c1,9.7
Oc1ccc(C2=CCC[C@@H](CN3CC=C(c4ccccc4)CC3)C2)cc1,9.7
O=C1NCN(c2ccccc2)C12CCN(CC1COc3ccc4[nH]ccc4c3O1)CC2,9.7
CCCCc1cc(-c2ccsc2)cc(N2CCN(C)CC2)n1,9.7
O=C(N[C@H]1CC[C@H](CCN2CCN(c3nsc4ccccc34)CC2)CC1)c1ccc[nH]1,9.68
CN1CCN(C(=O)CCCN2CCN(c3cccc(Cl)c3Cl)CC2)C(C(=O)NCc2ccccc2)C1,9.67
COc1ccccc1N1CCN(CCCCOc2ccc3c(c2)NC(=O)CC3)CC1.O=C(O)C(=O)O,9.66
O=c1[nH]c2ccc(CCN3CCN(c4cccc5sc(F)cc45)CC3)cc2[nH]1,9.66
O=C(Cc1coc2ccccc12)N[C@H]1CC[C@H](CCN2CCN(c3nsc4ccccc34)CC2)CC1,9.64
c1ccc(-c2cccc(CN3CCN4c5cccc6[nH]cc(c56)CC4C3)c2)cc1,9.64
O=C1CCc2ccc(CCN3CCN(c4cccc5sc(F)cc45)CC3)cc2N1,9.62
COc1cc(N)c(Cl)cc1C(=O)NC1CC2CCCC(C1)N2Cc1ccccc1,9.6
O=C(O)C(=O)O.O=C1CCc2ccc(OCCCCN3CCN(c4ccccc4OCCF)CC3)cc2N1,9.59
O=C(Cc1cccs1)N[C@H]1CC[C@H](CCN2CCN(c3nsc4ccccc34)CC2)CC1,9.57
COc1ccccc1N1CCN(CCCCOc2ccc3c(c2)NC(=O)CO3)CC1,9.52
O=c1ccc2ccc(OCCCCN3CCN(c4cccc5sccc45)CC3)cc2[nH]1,9.52
O=C1NCc2ccc(OCCCN3CCN(c4cccc5c4CCC5)CC3)cc21,9.52
COc1ccccc1N1CCN(CCCCOc2ccc3c(c2)NC(=O)CC3)CC1,9.52
CCCN(CCc1ccc(Nc2ccc([N+](=O)[O-])c3nonc23)cc1)[C@H]1CCc2c(O)cccc2C1,9.52
O=C1CCc2ccc(OCCCCN3CCN(c4cccc5c4OCCO5)CC3)cc2N1,9.52
OCCN1CCN(CCCN2c3ccccc3Sc3ccc(Cl)cc32)CC1,9.52
O=Cc1cnn2ccc(NC(=O)CCCN3CCN(c4cccc(Cl)c4Cl)CC3)cc12,9.52
O=S(=O)(c1cccc2cnccc12)N1CCC[C@@H]1CCN1CCN(c2nsc3ccccc23)CC1,9.52
CC(C)(C)C(=O)NCCN1CC=C(c2cccc(C(F)(F)F)n2)CC1,9.52
O=S(=O)(NCCCCN1CC=C(c2c[nH]c3ccc(F)cc23)CC1)c1ccc2ccccc2c1,9.52
C=CCN1CC[C@@H]2Cc3c(O)cccc3C[C@H]21,9.52
CN([C@H]1CC[C@H](CCN2CCN(c3nsc4ccccc34)CC2)CC1)S(=O)(=O)c1cccs1,9.52
COCOc1ccc2c(c1OCOC)-c1cccc3c1[C@@H](C2)N(C)CC3,9.52
O=C(CCCN1C2CCC1CC(O)(c1ccc(Cl)cc1)C2)c1ccc(F)cc1,9.51
N#Cc1cnn2ccc(OCCCCN3CCN(c4cccc(Cl)c4Cl)CC3)cc12,9.49
O=C(CCCN1CCC(O)(c2ccc(C(F)(F)F)cc2)CC1)c1ccc(F)cc1,9.49
O=C1CCc2cc(CCCCN3CCN(c4cccc5sc(F)cc45)CC3)ccc2N1,9.49
O=C(N[C@H]1CC[C@H](CCN2CCN(c3nsc4ccccc34)CC2)CC1)c1cc2ccccc2o1,9.49
O=C(N[C@H]1CC[C@H](CCN2CCN(c3nsc4ccccc34)CC2)CC1)c1ccccc1,9.48
CCCN1CCO[C@@H]2c3cc(O)ccc3CC[C@H]21.Cl,9.47
CN1CCN(C2Cc3ccccc3Sc3ccc(Cc4nnn(C)n4)cc32)CC1,9.46
O=S(=O)(N[C@H]1CC[C@H](CCN2CCN(c3nsc4ccccc34)CC2)CC1)c1cccnc1,9.46
CCCN1C[C@H](CSC)C[C@@H]2c3cccc4[nH]cc(c34)C[C@H]21,9.45
C=CCN1C[C@H](C(=O)N(CCCN(C)C)C(=O)NCC)C[C@@H]2c3cccc4[nH]cc(c34)C[C@H]21,9.44
CC(C)(C)NC(=O)C1C(=O)NCCN1C(=O)CCCN1CCN(c2cccc(Cl)c2Cl)CC1,9.43
CC(C)(C)[C@@]1(O)CCN2C[C@@H]3c4ccccc4CCc4cccc(c43)[C@H]2C1,9.43
O=C1NCCN1CCN1CCC(c2cn(-c3ccc(F)cc3)c3ccc(Cl)cc23)CC1,9.42
O=c1[nH]c2ccc(CCN3CCN(c4cccc5sccc45)CC3)cc2[nH]1,9.42
COc1ccccc1N1CCN(CCCNC(=O)OC(C)(C)C)CC1,9.41
O=C(NCCN1CCC(c2cccc(C(F)(F)F)n2)CC1)C1CCC(F)(F)CC1,9.4
O=c1ccc2ccc(OCCCCN3CCN(c4cccc5c4OCCO5)CC3)cc2[nH]1,9.4
COc1ccccc1N1CCN(CCCc2ccc3[nH]c(=S)[nH]c3c2)CC1,9.4
Cc1cccc(C2=CCN(CCNC(=O)C3CCOCC3)CC2)n1,9.4
CN(C)C(=O)N[C@H]1CC[C@H](CCN2CCc3cccc(Cl)c3C2)CC1,9.4
CCN(Cc1ccc(C)cc1)Cc1ccc(-c2cc(S(=O)(=O)CC)ccc2OC)[nH]1,9.4
Clc1cccc(N2CCN(CCCCNc3ccccn3)CC2)c1Cl,9.4
Cc1cccc(C2CCN(CCNC(=O)C3CCC(F)(F)CC3)CC2)n1,9.4
Oc1nc2cccc(N3CCN(Cc4ccc(O)c(-c5ccccc5)c4)CC3)c2o1,9.39
Fc1ccc(-c2ccc(CN3CCN(c4cccc5ccoc45)CC3)[nH]2)cc1,9.38
CCN(C)CCc1c(-c2ccc(C#N)cc2)[nH]c2ccccc12,9.38
Cc1ccc(S(=O)(=O)N[C@H]2CC[C@H](CCN3CCN(c4nsc5ccccc45)CC3)CC2)cc1,9.38
O=C(N[C@H]1CC[C@H](CCN2CCN(c3nsc4ccccc34)CC2)CC1)c1cc2ccccc2[nH]1,9.37
O=S(=O)(N[C@H]1CC[C@H](CCN2CCN(c3nsc4ccccc34)CC2)CC1)c1cccs1,9.37
CN1CCc2cc(F)cc3c2[C@H]1Cc1ccc(O)c(O)c1-3,9.37
Cc1nc2n(c(=O)c1CCN1CCC(c3noc4cc(F)ccc34)CC1)CCCC2,9.36
CCCN(CCCCCCCCCCN(CCC)[C@H]1CCc2c(O)cccc2C1)[C@@H]1CCc2c(O)cccc2C1,9.36
CN1CCN(C2Cc3ccccc3Sc3ccc(-c4nnn(C)n4)cc32)CC1,9.36
O=S(=O)(N[C@@H]1CCN(CCCc2noc3ccccc23)C1)c1cc2ccccc2s1,9.35
CCCN(CCc1ccc(Nc2ccc([N+](=O)[O-])c3nonc23)cc1)C1CCc2c(O)cccc2C1,9.35
O=C1CCc2ccc(OCCCCN3CCN(c4cccc5c4OCCO5)CC3)nc2N1,9.35
O=C(CCCN1CCC(O)(c2cc(Cl)cc(Cl)c2)CC1)c1ccc(F)cc1,9.35
CCCCCCCCCC(=O)OC1(c2ccc(Cl)cc2)CCN(CCCC(=O)c2ccc(F)cc2)CC1,9.34
CC(C)Oc1ccccc1N1CCN(C2CCC(NC(=O)Nc3cc(F)ccc3F)CC2)CC1,9.34
CCCCn1cc(CCCOc2ccc(C(=O)NCCCCN(CCC)[C@H]3CCc4c(O)cccc4C3)cc2OC)nn1,9.33
O=C1CCc2ccc(OCCCCN3CCN(c4cccc5c4OCC(=O)N5)CC3)cc2N1,9.33
Oc1nc2cccc(N3CCN(Cc4cc(-c5ccc(F)cc5)ccn4)CC3)c2o1,9.33
O=c1ccc2ccc(CCN3CCN(c4cccc5sc(F)cc45)CC3)cc2[nH]1,9.32
CCc1cccc(N2CCN(CC[C@H]3CC[C@H](NC(=O)NC)CC3)CC2)c1Cl,9.32
CC(C)[C@@]1(NC(=O)[C@@H]2C[C@@H]3c4cccc5[nH]cc(c45)C[C@H]3N(C)C2)O[C@@]2(O)[C@@H]3CCCN3C(=O)[C@H](Cc3ccccc3)N2C1=O.CS(=O)(=O)O,9.31
CN1CCN(C2=Nc3ccccc3Sc3ccc(Cl)cc32)CC1,9.31
CC(C)C[C@H]1C(=O)N2CCC[C@H]2[C@]2(O)O[C@](NC(=O)[C@@H]3C=C4c5cccc6[nH]c(Br)c(c56)C[C@H]4N(C)C3)(C(C)C)C(=O)N12,9.3
O=c1[nH]c2ccccc2n1C1CCN(CCCOc2ccc(F)cc2)CC1,9.3
CCCN1CC[C@@H]2Cc3c(O)cccc3C[C@H]21,9.3
Nc1ccc(C#CCCN2CC=C(c3ccccc3)CC2)cn1,9.3
CCCNC1CCc2c(O)cccc2C1,9.3
O=S(=O)(c1cccc2cnccc12)N1CCC[C@H]1CCN1CCN(c2nsc3ccccc23)CC1,9.3
O=C(CCCN1CCN(c2cccc(Cl)c2Cl)CC1)Nc1ccn2ncc(/C=N\O)c2c1,9.3
CCCN(CCc1ccccc1)C1CCc2c(O)cccc2C1,9.3
Nc1ccc(C#CCCN2CC=C(c3ccccc3)CC2)cc1,9.3
CCCN(CCC)[C@@H]1CCc2ccc(O)cc2C1,9.3
O=C(Nc1cccnc1)N[C@H]1CC[C@H](CCN2CCN(c3nsc4ccccc34)CC2)CC1,9.29
CCN(C)C(=O)N[C@H]1CC[C@H](CCN2CCN(c3nsc4ccccc34)CC2)CC1,9.29
C#CC1=CC[C@@H](N(CCC)CCCCNC(=O)c2ccc(OCCCc3cnn(CCCC)n3)c(OC)c2)CC1,9.28
CN(C)C(=O)N[C@H]1CC[C@H](CCN2CCN(c3nsc4ccccc34)CC2)CC1,9.28
COc1ccccc1N1CCN(CCCC(=O)Nc2ccn3ncc(/C=N\O)c3c2)CC1,9.28
N#Cc1cnn2ccc(NC(=O)CCCN3CCN(c4cccc(Cl)c4Cl)CC3)cc12,9.28
OCCN1CCN(CCCN2c3ccccc3Sc3ccc(C(F)(F)F)cc32)CC1,9.27
O=c1ccc2c(N3CCN(CCCCOc4ccn5ncc(/C=N/O)c5c4)CC3)ccc(O)c2[nH]1,9.27
O=C(CCCN1CC[Si](O)(c2ccc(Cl)cc2)CC1)c1ccc(F)cc1,9.26
COc1ccccc1N1CCN(CCCC(=O)Nc2ccn3ncc(C#N)c3c2)CC1,9.26
C#CC1=CC[C@H](N(CCC)CCCCNC(=O)c2cnn3ccccc23)CC1,9.26
Clc1cccc(N2CCN(CCCCNc3cc(-c4ccccc4)ccn3)CC2)c1Cl,9.26
O=S(=O)(N[C@H]1CC[C@H](CCN2CCN(c3nsc4ccccc34)CC2)CC1)c1cc2ccccc2o1,9.24
O=C1NCc2ccc(OCCCCN3CCN(c4cccc5c4COC5)CC3)cc21,9.24
O=C1NCc2ccc(OCCCCN3CCN(c4cccc5c4OCCC5)CC3)cc21,9.24
O=Cc1cnn2ccc(OCCCCN3CCN(c4ccc(O)c5[nH]c(=O)ccc45)CC3)cc12,9.24
COc1ccccc1N1CCN(CCCCCNC(=O)c2nnn(Cc3ccccc3Br)c2C)CC1,9.24
COc1ccccc1N1CCN(CCCCNC(=O)c2cnn3ccc(OCCOCCOCCOCCOc4ccn5ncc(C(=O)NCCCCN6CCN(c7ccccc7OC)CC6)c5c4)cc23)CC1,9.23
Clc1cccc(N2CCN(CCCCNc3ccc(-c4ccccc4)cn3)CC2)c1Cl,9.23
COc1ccccc1N1CCN(CCCCNC(=O)OC(C)(C)C)CC1,9.22
O=C(N[C@H]1CC[C@H](CCN2CCN(c3cccc(Cl)c3Cl)CC2)CC1)c1cccs1,9.22
C#CC1=CC[C@H](N(CCC)CCCCNC(=O)c2ccc(-c3ccccc3)cc2)CC1,9.22
Clc1cccc(N2CCN(CCCCNc3ccc4ccccc4n3)CC2)c1Cl,9.22
COc1nc2sc(C(=O)NCCCCCCN3CCC(c4ccc(Cl)cc4)CC3)c(N)c2c(C)c1Cl,9.22
CN1CCN(C2Cc3ccccc3Sc3ccc(-c4cccnc4)cc32)CC1,9.21
O=C1COc2ccc(OCCCCN3CCN(c4cccc(Cl)c4Cl)CC3)cc2N1,9.21
CN1CCc2cccc3c2[C@H]1Cc1ccc(O)c(O)c1-3,9.21
O=C1COc2ccccc2N1CCCN1CCN(c2cccc3[nH]c(=O)oc23)CC1,9.2
C=CCN1CCC[C@H]1CNC(=O)c1cccc(CCCF)c1,9.2
Cc1c(S(=O)(=O)N[C@@H]2CCN(CCCc3noc4ccccc34)C2)sc2ccc(F)cc12,9.2
O=C(Nc1ccccc1)N[C@H]1CC[C@H](CCN2CCN(c3nsc4ccccc34)CC2)CC1,9.2
CCN1CCC[C@H]1CNC(=O)c1c(O)c(Br)cc(OC)c1OC,9.19
CC(C)C[C@H]1C(=O)N2CCC[C@H]2[C@]2(O)O[C@](NC(=O)[C@@H]3C=C4c5cccc6[nH]cc(c56)C[C@H]4N(C)C3)(C(C)C)C(=O)N12,9.19
O=C(CCCN1CCC2(CC1)C(=O)N(CCc1ccc(Nc3ccc([N+](=O)[O-])c4nonc34)cc1)CN2c1ccccc1)c1ccc(F)cc1,9.18
CN(C)C1C=CC2(CC1)c1ccccc1C=Cc1ccc(Cl)cc12,9.18
C=CCN1CCC[C@H]1CNC(=O)c1cc(I)cc(OC)c1OC,9.17
CCCN(C)C1CCc2ccc(O)cc2C1,9.17
O=C1COc2c(N3CCN(CCCCOc4ccn5ncc(/C=N/O)c5c4)CC3)ccc(O)c2N1,9.17
O=C1CCc2ccc(OCCCCN3CCN(c4ccc(O)c5c4OCC(=O)N5)CC3)cc2N1,9.17
NCCc1ccc(O)c(O)c1,9.17
CN1CCN(C2Cc3ccccc3Sc3ccc(Cl)cc32)CC1,9.17
O=C1COc2c(F)cc(CCCCN3CCN(c4cccc5sccc45)CC3)cc2N1,9.17
S=c1[nH]c2ccc(OCCN3CCN(c4ccccc4)CC3)cc2[nH]1,9.17
CC(C)Oc1ccccc1N1CCN(C2CCC(NC(=O)Nc3ccc(F)cc3F)CC2)CC1,9.16
CCCN1CCC[C@H]1CNC(=O)c1c(O)c(CC)cc(Cl)c1OC,9.16
CCOC(=O)N[C@H]1CC[C@H](CCN2CCN(c3nsc4ccccc34)CC2)CC1,9.15
CCCN(CCC)C1CCc2c(ccc(O)c2O)C1,9.15
O=C1CCc2ccc(OCCCCN3CCN(c4cccc5c4OCCC5)CC3)nc2N1,9.15
O=S(=O)(NCCCN1CC=C(c2c[nH]c3ccc(F)cc23)CC1)c1ccc2ccccc2c1,9.15
O=C1CCc2ccc(OCCCCN3CCN(c4cccc5[nH]ccc45)CC3)cc2N1,9.15
O=S(=O)(c1cccc2ncccc12)N1CCC[C@@H]1CCN1CCN(c2nsc3ccccc23)CC1,9.15
Clc1ccc2c(c1)C(N1CCNCC1)=Nc1ccccc1S2,9.15
O=Cc1cnn2ccc(OCCCCN3CCN(c4ccc(O)c5c4OCC(=O)N5)CC3)cc12,9.14
CN1CCN(C2Cc3ccccc3Sc3ccc(-c4cncnc4)cc32)CC1,9.14
Cc1ccc(C2(O)CCN(CCCC(=O)c3ccc(F)cc3)CC2)cc1,9.14
CC(C)N(C(=O)N[C@H]1CC[C@H](CCN2CCN(c3nsc4ccccc34)CC2)CC1)C(C)C,9.14
COc1ccccc1N1CCN(CCCCOc2ccc3ccnn3c2)CC1,9.13
FC(F)(F)c1cccc(N2CCN(CCCCNc3cc(-c4ccccc4)ccn3)CC2)c1,9.12
CCCN(CCc1cccs1)C1CCc2ccc(O)cc2C1,9.12
CCc1cccc(N2CCN(CC[C@H]3CC[C@H](NC(=O)N(C)C)CC3)CC2)c1Cl,9.12
CN(C)C(=O)NC1CCC(CCN2CCN(c3cccc(Cl)c3Cl)CC2)CC1,9.11
O=C(Nc1ccco1)N[C@H]1CC[C@H](CCN2CCN(c3nsc4ccccc34)CC2)CC1,9.1
COc1ccccc1N1CCN(CCCCNc2ccccn2)CC1,9.1
O=C1Cc2cc(CCN3CCN(c4nsc5ccccc45)CC3)c(Cl)cc2N1,9.1
O=C(CCCN1CC=C(n2c(=O)[nH]c3ccccc32)CC1)c1ccc(F)cc1,9.1
CCN(Cc1ccc(-c2cc(S(=O)(=O)CC)ccc2OC)[nH]1)C1CCc2ccccc21,9.1
C[C@H]1Oc2c(cccc2N2CCN(CCCc3c[nH]c4ccc(F)cc34)CC2)NC1=O,9.1
CCN(Cc1ccccc1)Cc1ccc(-c2cc(S(=O)(=O)CC)ccc2OC)[nH]1,9.1
OC1(c2ccc(Cl)cc2)CCN(CCCOc2ccc(F)cc2)CC1,9.1
O=C(NCCN1CC=C(c2cccc(C(F)(F)F)n2)CC1)C1CCOCC1,9.1
Cc1cc2c(cc1OCCCCN1CCN(c3cccc4cc(F)ccc34)CC1)C(=O)NC2,9.09
O=C(N[C@H]1CC[C@@H](CCN2CCN(c3nsc4ccccc34)CC2)CC1)c1ccco1,9.09
O=C1CCc2ccc(OCCCCN3CCCN(c4ccc(O)c5[nH]c(=O)ccc45)CC3)cc2N1,9.09
CN(C)C(=O)N[C@H]1CC[C@H](CCN2CCN(c3cccc(Cl)c3Cl)CC2)CC1.Cl,9.09
O=C1CCc2ccc(OCCCCN3CCN(c4cccc5ccccc45)CC3)nc2N1,9.09
CCCN(CCc1ccc(NC(=O)CCC(=O)NCCCC[C@H](NC(C)=O)C(=O)NCCCC[C@H](NC(C)=O)C(=O)NCCCCCCNC(=O)c2nn(-c3ccc(Cl)cc3Cl)c(-c3ccc(Cl)cc3)c2C)cc1)C1CCc2c(O)cccc2C1,9.08
O=C(N[C@H]1CC[C@H](CCN2CCN(c3nsc4ccccc34)CC2)CC1)C1CC1,9.07
C=CCN1CCC[C@H]1CNC(=O)c1cc(Br)cc(OC)c1OC,9.07
O=C(N[C@H]1CC[C@H](CCN2CCN(c3nsc4ccccc34)CC2)CC1)c1cccnc1,9.07
CN1CCN(C2Cc3ccccc3Sc3ccc(-c4ccnn4C)cc32)CC1,9.07
O=C1COc2c(N3CCN(CCCCOc4ccn5nccc5c4)CC3)ccc(O)c2N1,9.07
O=C1NCc2cc(F)c(OCCCCN3CCN(c4cccc5ccccc45)CC3)cc21,9.06
CC(C)Oc1ccccc1N1CCCN(CCCCOc2ccc3c(c2)NC(=O)CC3)CC1,9.06
CCc1cccc(N2CCN(CC[C@H]3CC[C@H](NC(=O)N4CCc5ncccc5C4)CC3)CC2)c1Cl,9.06
O=c1[nH]c2ccccc2n1CCCN1CCC(n2c(=O)[nH]c3cc(Cl)ccc32)CC1,9.05
O=C1CCc2ccc(OCCCCN3CCN(c4ccc(O)c5[nH]c(=O)ccc45)CC3)cc2N1,9.05
COc1ccc2[nH]cc(CN3CCC(O)(c4ccc(I)cc4)CC3)c2c1.O=C(O)C(=O)O,9.05
CCCN(CCC)[C@@H]1Cc2cccc3c2n(c(=O)n3CCC)C1,9.05
O=S(=O)(c1cncc2ccccc12)N1CCC[C@@H]1CCN1CCN(c2nsc3ccccc23)CC1,9.05
COc1cccc2[nH]cc(CN3CCC(O)(c4ccc(I)cc4)CC3)c12.O=C(O)C(=O)O,9.05
O=S(=O)(NCCCCN1CCN(c2nsc3ccccc23)CC1)c1ccc2ccccc2c1,9.05
O=C1NCc2cc(F)c(OCCCCN3CCN(c4cccc5cc(F)ccc45)CC3)cc21,9.05
COc1cccc2[nH]cc(CN3CCC(O)(c4ccc(I)cc4)CC3)c12,9.05
CN(C(=O)N[C@H]1CC[C@H](CCN2CCN(c3nsc4ccccc34)CC2)CC1)c1cccs1,9.04
CCCc1c(C(=O)NCCCCCN2CCN(c3ccccc3OC)CC2)nnn1Cc1ccccc1Br,9.04
COc1ccc2c(c1)CCCN(CCCCN1CCN(c3ccccc3OC)CC1)C2=O,9.03
O=C(N[C@H]1CC[C@H](CCN2CCN(c3nsc4ccccc34)CC2)CC1)C1CCCCC1,9.03
Cn1ccc2cc(S(=O)(=O)N[C@@H]3CCN(CCCc4noc5ccccc45)C3)ccc21,9.03
c1ccc(-c2cccc(CN3CCN(c4cccc5c4OCCN5)CC3)c2)cc1,9.03
CC(C)Oc1ccccc1N1CCCN(CCCCOc2ccc3ccc(=O)[nH]c3c2)CC1,9.03
CCc1cc(Cl)c(OC)c(C(=O)NC[C@@H]2C[C@@H](OCCCCNC(=O)c3cc4ccccc4o3)CN2CC)c1O,9.02
O=C(N[C@H]1CC[C@@H](CCN2CCN(c3nsc4ccccc34)CC2)CC1)OCc1ccccc1,9.01
Cc1cccc(N2CCN(CCCCOc3ccc4c(n3)NC(=O)CC4)CC2)c1Cl,9.0
O=C1CCc2ccc(OCCCCN3CCN(c4cccc(Cl)c4F)CC3)nc2N1,9.0
CN1CCc2ccc(OCCCN3CCC(c4noc5cc(F)ccc45)CC3)cc2C1=O,9.0
CCCN[C@@H]1Cc2cccc3nc(O)n(c23)C1,9.0
O=c1n(CCCCCCN2CCN(c3nsc4ccccc34)CC2)c2cccc3c2n1CCC3,9.0
O=S(=O)(N[C@H]1CC[C@@H](CCN2CCN(c3nsc4ccccc34)CC2)CC1)c1cc2ccccc2[nH]1,9.0
COc1ccc(-n2cc(CCCC(=O)NCCCCN3CCN(c4cccc(Cl)c4Cl)CC3)nn2)cc1,9.0
O=C1CCc2ccc(OCCCCN3CCN(c4cccc(C(F)(F)F)c4Cl)CC3)nc2N1,9.0
COc1ccccc1N1CCN(CCCCNC(=O)c2cc3cc(I)ccc3s2)CC1,9.0
O=S(=O)(NCCCCN1CC=C(c2c[nH]c3ccc(Cl)cc23)CC1)c1cccc(Cl)c1,9.0
O=c1ccc2cnc(OCCCCN3CCN(c4cccc(Cl)c4Cl)CC3)nc2[nH]1,9.0
O=C1CCc2ccc(OCCCCN3CCN(c4cccc5cc(F)ccc45)CC3)nc2N1,9.0
O=C(N[C@H]1CC[C@H](CCN2CCN(c3ccccc3Cl)CC2)CC1)c1cccs1,9.0
COc1ccccc1N1CCN(CCCCCCN2C(=O)c3ccccc3S2(=O)=O)CC1,9.0
C[C@@H]1Oc2c(cccc2N2CCN(CCCc3c[nH]c4ccccc34)CC2)NC1=O,9.0
C[C@@H]1Oc2c(cccc2N2CCN(CCCc3c[nH]c4c(F)cccc34)CC2)NC1=O,9.0
CCCN(CCCCNC(=O)c1ccc(-c2ccccc2)cc1)[C@H]1CCn2nccc2C1,9.0
O=C1CCc2ccc(OCCCCN3CCN(c4cccc(Cl)c4Cl)CC3)nc2N1,9.0
O=c1ccc2ccc(OCCCCN3CCN(c4cccc(Cl)c4Cl)CC3)nc2[nH]1,9.0
O=C1CCc2ccc(OCCCCN3CCN(c4cccc5c4CCC5)CC3)nc2N1,9.0
O=C(CCCN1CCC(O)(c2cccc(Cl)c2)CC1)c1ccc(F)cc1,9.0
O=C1CCc2ccc(OCCCCN3CCN(c4cccc5c4CCCO5)CC3)nc2N1,9.0
O=c1ccc2ccc(OCCCCN3CCCN(c4cccc(Cl)c4Cl)CC3)cc2[nH]1,9.0
O=C1COc2c(cccc2N2CCN(Cc3cccc(-c4ccccc4)c3)CC2)N1,9.0
C(#Cc1ccncc1)CCN1CC=C(c2ccccc2)CC1,9.0
CCN(Cc1ccc(Cl)cc1)Cc1ccc(-c2cc(S(=O)(=O)CC)ccc2OC)[nH]1,9.0
O=S(=O)(NCCCCN1CCC(c2noc3cc(F)ccc23)CC1)c1ccc2cc(Cl)ccc2c1,9.0
O=S(=O)(NCCCN1CCC(c2noc3cc(F)ccc23)CC1)c1ccc2ccccc2c1,9.0
CN1CCc2ccccc2Cc2c(ccc(O)c2Cl)CC1,9.0
FC(F)(F)c1cccc(N2CCN(CCCCNc3nccc4ccccc34)CC2)c1,9.0
COc1ccccc1N1CCN(CCCCNc2nccc3ccccc23)CC1,9.0
O=C(CCc1cn(CCOCCOCCOCCn2cc(CCC(=O)OC3(c4ccc(Cl)cc4)CCN(CCCC(=O)c4ccc(F)cc4)CC3)nn2)nn1)OC1(c2ccc(Cl)cc2)CCN(CCCC(=O)c2ccc(F)cc2)CC1,9.0
O=S(=O)(c1cccc2ncccc12)N1CCC[C@H]1CCN1CCN(c2nsc3ccccc23)CC1,9.0
CN1CCN(C2=Cc3ccccc3Cc3ccc(Cl)cc32)CC1,9.0
O=C1[C@@H]2[C@H]3CC[C@H](C3)[C@@H]2C(=O)N1CCCCCCN1CCN(c2nsc3ccccc23)CC1,9.0
O=C(NCCCCN1CCN(c2cnc3ccccc3c2)CC1)c1ccccc1,9.0
O=C(NCc1ccccc1)N[C@H]1CC[C@@H](CCN2CCN(c3nsc4ccccc34)CC2)CC1,8.99
O=C(O)C(=O)O.Oc1ccc2c(c1)O[C@@H](CNCc1cccc(I)c1)CC2,8.99
O=C(CCCN1CCC(O)(c2cc(Cl)ccc2Cl)CC1)c1ccc(F)cc1,8.99
COc1ccc2oc(C(=O)N[C@H]3CC[C@H](CCN4CCN(c5nsc6ccccc56)CC4)CC3)cc2c1,8.98
O[C@@]1(c2ccc(Cl)cc2)C[C@H]2CC[C@@H](C1)N2Cc1coc2ccccc12,8.97
CC(C)(C)C(=O)NCCN1CCC(c2cccc(C(F)(F)F)n2)CC1,8.96
CN1CCN(C2=Nc3ccccc3Sc3ccc(F)cc32)CC1,8.96
FC(F)(F)c1cccc(N2CCN(CCCCNc3ccc(-c4ccccc4)cn3)CC2)c1,8.96
CN1CCc2cc(O)cc3c2[C@H]1Cc1ccc(O)c(O)c1-3,8.96
Cc1cccc(C2=CCN(CCNC(=O)[C@H]3C[C@@H]4CC[C@H]3O4)CC2)n1,8.96
CC(C)(C)[C@]1(O)CCN2C[C@@H]3c4ccccc4CCc4cccc(c43)[C@@H]2C1,8.96
O/N=C/c1cnn2ccc(OCCCCN3CCN(c4ccc(O)c5c4OCCO5)CC3)cc12,8.96
C#CC1=CC[C@@H](N(CCC)CCCCNC(=O)c2cnn3ccccc23)CC1,8.96
O=C1CCc2ccc(OCCCCN3CCN(c4cc(F)cc5ccccc45)CC3)nc2N1,8.96
CN(CCCCNC(=O)c1cc2ccccc2[nH]1)[C@@H]1Cc2cccc3[nH]c(=O)n(c23)C1,8.96
O=S(=O)(NCCCCN1CCC(c2noc3cc(F)ccc23)CC1)c1ccc2ccccc2c1,8.96
CCCN(CCc1ccc(NC(=O)CCC(=O)NCCOCCOCC(=O)NCCOCCOCC(=O)NCCCC[C@H](NC(C)=O)C(=O)NCCCC[C@H](NC(C)=O)C(=O)NCCCCCCNC(=O)c2nn(-c3ccc(Cl)cc3Cl)c(-c3ccc(Cl)cc3)c2C)cc1)C1CCc2c(O)cccc2C1,8.96
O=C(CCN1CCN(CCC(=O)OC2(c3ccc(Cl)cc3)CCN(CCCC(=O)c3ccc(F)cc3)CC2)CC1)OC1(c2ccc(Cl)cc2)CCN(CCCC(=O)c2ccc(F)cc2)CC1,8.96
CN1CCN(C2Cc3ccccc3Sc3ccc(-c4ccncc4)cc32)CC1,8.96
CN1CCN([C@H]2Cc3ccccc3Sc3ccc(Cl)cc32)CC1,8.96
O=C1NCCN(C(=O)CCCN2CCN(c3cccc(Cl)c3Cl)CC2)C1C(=O)NCc1ccccc1,8.94
CCCN1CCO[C@@H]2c3cc(O)ccc3SC[C@H]21,8.94
COC(=O)N[C@H]1CC[C@H](CCN2CCN(c3nsc4ccccc34)CC2)CC1,8.93
CCCN1CCc2cccc3c2[C@H]1Cc1ccc(O)c(O)c1-3,8.93
O=C1Cc2cc(CCN3CCN(c4cccc5sc(F)cc45)CC3)ccc2N1,8.92
CN(C)CCCN1c2ccccc2Sc2ccc(Cl)cc21,8.92
O=C1CCc2ccc(OCCCCN3CCCN(c4cccc(Cl)c4Cl)CC3)nc2N1,8.92
CN1CCc2c(sc3ncn(CCN4CCN(c5cncc6ccccc56)CC4)c(=O)c23)C1,8.92
O=C(N[C@H]1CC[C@@H](CCN2CCN(c3nsc4ccccc34)CC2)CC1)c1cccs1,8.92
CNC(=O)N[C@H]1CC[C@H](CCN2CCN(c3cccc(Cl)c3Cl)CC2)CC1,8.92
CN1CCCC[C@@H]1CCN1c2ccccc2Sc2ccc([S+](C)[O-])cc21,8.92
CCCN1CCC[C@@H]2Cc3[nH]ncc3C[C@H]21,8.92
CCN1CCC[C@H]1CNC(=O)c1c(O)c(Cl)cc(Cl)c1OC,8.92
COc1ccc(Cl)cc1NC(=O)NC1CCC(N2CCN(c3ccccc3OC(C)C)CC2)CC1,8.92
O=C1CCc2ccc(OCCCCN3CCN(c4cccc5ccc(F)cc45)CC3)nc2N1,8.92
C#CC1=CC[C@@H](N(CCC)CCCCNC(=O)c2ccc(-c3ccccc3)cc2)CC1,8.92
O[C@@]1(c2ccc(Cl)cc2)C[C@H]2CC[C@@H](C1)N2Cc1coc2ccc(F)cc12,8.92
O=S(=O)(NCCCCN1CCC(c2noc3cc(F)ccc23)CC1)c1cc2ccc(Cl)cc2s1,8.92
O=C(O)C(=O)O.Oc1ccc2c(c1)O[C@@H](CNCc1ccccc1)CC2,8.91
O=S(=O)(N[C@@H]1CCN(CCCc2noc3ccccc23)C1)c1cc2ccccc2o1,8.91
O=S(=O)(N[C@H]1CC[C@@H](CCN2CCN(c3nsc4ccccc34)CC2)CC1)c1ccco1,8.91
O=C(CCCCCCCCC(=O)NCCCN1CCN(C2=Nc3cc(Cl)ccc3Nc3ccccc32)CC1)NCCCN1CCN(C2=Nc3cc(Cl)ccc3Nc3ccccc32)CC1,8.91
COc1nc(N)c(Cl)cc1C(=O)NC1CC2CCCC(C1)N2Cc1ccccc1,8.9
COc1ccccc1N1CCN(CCOc2ccc3[nH]c(=O)[nH]c3c2)CC1,8.89
O=C1CCc2ccc(OCCCCN3CCN(c4cccc5c4ccn5S(=O)(=O)c4ccccc4)CC3)cc2N1,8.89
O=C1CCc2ccc(OCCCCN3CCN(c4cccc5c4ccn5Cc4cccc(Cl)c4)CC3)cc2N1,8.89
COc1ccccc1N1CCN(Cc2ccn(-c3ccccc3)c2)CC1,8.89
O=C1Cc2cc(CCCCN3CCN(c4cccc5sc(F)cc45)CC3)ccc2N1,8.89
Nc1ccc(C#CCCN2CC=C(c3ccccc3)CC2)nc1,8.89
O=C(CCc1cn(CCCCCCCCn2cc(CCC(=O)OC3(c4ccc(Cl)cc4)CCN(CCCC(=O)c4ccc(F)cc4)CC3)nn2)nn1)OC1(c2ccc(Cl)cc2)CCN(CCCC(=O)c2ccc(F)cc2)CC1,8.89
Oc1nc2cccc(N3CCN(Cc4cccc(-c5ccsc5)c4)CC3)c2o1,8.89
CCCN1CCC[C@@H]2Cc3c(ccc(O)c3O)C[C@H]21,8.89
CC(C)Oc1ccccc1N1CCCN(CCCCOc2ccc3c(n2)NC(=O)CC3)CC1,8.89
CC(C)c1ccccc1N1CCN(CCCCCC(=O)N2CCc3ccccc3C2)CC1,8.89
CN1CCc2cc(Cl)c(O)cc2[C@H]2c3cc(CN4CCN(c5ccccn5)CC4)ccc3CC[C@@H]21,8.89
CC(C)c1cc(-c2ccsc2)cc(N2CCN(C)CC2)n1,8.88
O=C(CCCCCCC(=O)NCCCN1CCN(C2=Nc3cc(Cl)ccc3Nc3ccccc32)CC1)NCCCN1CCN(C2=Nc3cc(Cl)ccc3Nc3ccccc32)CC1,8.87
NC(=O)C1CCN(CCCN2c3ccccc3Sc3ccc(Cl)cc32)CC1,8.87
O=S(=O)(N[C@@H]1CCN(CCCc2noc3ccccc23)C1)c1cc2ccc(F)cc2s1,8.85
O=C(NCc1ccccc1)N[C@H]1CC[C@H](CCN2CCN(c3nsc4ccccc34)CC2)CC1,8.85
O=C1NCc2cc(F)c(OCCCCN3CCN(c4cccc5cccc(F)c45)CC3)cc21,8.85
Cc1cccc(C2=CCN(CCNC(=O)C(C)(C)C)CC2)n1,8.85
O=C1CCc2ccc(OCCCCN3CCN(c4cccc5c4CCCC5)CC3)nc2N1,8.85
O=c1[nH]c2ccccc2n1C1CCN(CCCC(c2ccc(F)cc2)c2ccc(F)cc2)CC1,8.85
COc1ccccc1N1CCN(CCCCCNC(=O)OC(C)(C)C)CC1,8.85
COc1ccccc1N1CCN(CCCC(=O)Nc2ccn3ncc(C=O)c3c2)CC1,8.85
CN1CCN(C2Cc3ccccc3Sc3ccc(C#N)cc32)CC1,8.85
CSc1ccccc1N1CCN(CCCNC(=O)c2cnn3ccccc23)CC1,8.85
O[C@@]1(c2ccc(Cl)c(Cl)c2)C[C@H]2CC[C@@H](C1)N2Cc1coc2ccc(F)cc12,8.85
COc1ccccc1N1CCN(CC[C@H]2CC[C@H](NC(=O)c3cccs3)CC2)CC1,8.85
CCNC(=O)N(CCCN(C)C)C(=O)[C@@H]1C[C@@H]2c3cccc4c3c(cn4C)C[C@H]2N(C)C1,8.85
Cc1cccc(C2CCN(CCNC(=O)C(C)(C)C)CC2)n1,8.85
Cc1cccc(C2CCN(CCNC(=O)C3CCOCC3)CC2)n1,8.85
CN1C[C@H](C(=O)N[C@]2(C)O[C@@]3(O)[C@@H]4CCCN4C(=O)[C@H](Cc4ccccc4)N3C2=O)C=C2c3cccc4[nH]cc(c34)C[C@H]21,8.84
CN(C(=O)N[C@H]1CC[C@H](CCN2CCN(c3nsc4ccccc34)CC2)CC1)c1ccccc1,8.84
CN1CCc2c(sc3ncn(CCN4CCN(c5ccnc6ccccc56)CC4)c(=O)c23)C1,8.84
C=CCN1CCC[C@H]1CNC(=O)c1cc(CCCSC2CC(=O)N(CCCCCC(=O)NCCOCCOCCOCCOCCC(=O)N[C@@H](Cc3cnc[nH]3)C(=O)N[C@@H](C)C(=O)N[C@H](C(=O)N[C@@H](Cc3ccc(O)cc3)C(=O)N3CCC[C@H]3C(=O)N[C@@H](CCCNC(=N)N)C(=O)N[C@@H](Cc3cnc[nH]3)C(=O)O)[C@@H](C)CC)C2=O)cc(OC)c1OC,8.83
NC(=O)N[C@H]1CC[C@H](CCN2CCN(c3cccc(Cl)c3Cl)CC2)CC1,8.83
O=C(CCCN1CCC(O)(c2c(Cl)cccc2Cl)CC1)c1ccc(F)cc1,8.83
O=S(=O)(NCCN1CC=C(c2c[nH]c3ccc(Cl)cc23)CC1)c1cccc(O)c1,8.82
Fc1ccc2c(C3CCN(CCCOc4ccc(CN5CCOCC5)cc4)CC3)noc2c1,8.82
CN1CCc2ccccc2Cc2sc3ccccc3c2CC1,8.82
CCN1CCCC1CNC(=O)c1cc(S(=O)(=O)CC)c(N)cc1OC,8.82
CCCN(CCCCOc1ccn2nccc2c1)[C@@H]1CCc2c(O)cccc2C1,8.82
OC1(c2ccc(Cl)cc2)CCN(CC[C@H]2C[C@@H]2c2ccc(F)cc2)CC1,8.82
COc1ccccc1N1CCN(CCCCN2CCCc3ccccc3C2=O)CC1,8.82
Fc1ccccc1N1CCN(CCCCNc2cc(-c3ccccc3)ccn2)CC1,8.82
COc1ccccc1N1CCN(CCOc2ccc3nn[nH]c3c2)CC1,8.82
COc1ccc2occ(CN3[C@@H]4CC[C@H]3C[C@](O)(c3ccc(Cl)cc3)C4)c2c1,8.82
O[C@@]1(c2ccc(Br)cc2)C[C@H]2CC[C@@H](C1)N2Cc1coc2ccccc12,8.82
Cc1c(S(=O)(=O)NCCCCN2CCC(c3noc4cc(F)ccc34)CC2)sc2ccc(Cl)cc12,8.82
O=C1CCc2ccc(OCCCCN3CCN(c4ccc(O)c5ncccc45)CC3)cc2N1,8.82
N#Cc1cc2c3c(ccc2[nH]1)OCC(CN1CCC2(CC1)C(=O)NCN2c1ccccc1)O3,8.82
COc1ccc(Cn2nnc(C(=O)NCCCCCN3CCN(c4cccc(Cl)c4Cl)CC3)c2C)cc1,8.82
O=C1NCc2ccc(OCCCCN3CCN(c4cccc5c4CCCC5)CC3)cc21,8.81
O=C(CCc1cn(CCOCCOCCOCCOCCn2cc(CCC(=O)OC3(c4ccc(Cl)cc4)CCN(CCCC(=O)c4ccc(F)cc4)CC3)nn2)nn1)OC1(c2ccc(Cl)cc2)CCN(CCCC(=O)c2ccc(F)cc2)CC1,8.8
O=C1CCc2ccc(OCCCCN3CCN(c4c(F)ccc5ccccc45)CC3)nc2N1,8.8
FC(F)(F)c1cccc(N2CCN(CCCCNc3ccc4ccccc4n3)CC2)c1,8.8
C#CC1=CC[C@@H](N(CCC)CCCCNC(=O)c2ccc(OCCCc3cn(CCCC)nn3)c(OC)c2)CO1,8.8
O=C1CCc2ccc(OCCCCN3CCCN(c4ccc(O)c5c4OCC(=O)N5)CC3)cc2N1,8.8
Cc1ccccc1-c1ccc2c(c1)C(N1CCN(C)CC1)Cc1ccccc1S2,8.8
Cc1nc2n(c(=O)c1CCN1CCC(c3noc4cc(F)ccc34)CC1)CCCC2O,8.8
O=C(N[C@H]1CC[C@H](CCN2CCN(c3nsc4ccccc34)CC2)CC1)OCc1ccccc1,8.8
CN1CCN(C2Cc3ccccc3Sc3ccc(-c4ccn(C)n4)cc32)CC1,8.8
CCC(=O)OC1(c2ccc(Cl)cc2)CCN(CCCC(=O)c2ccc(F)cc2)CC1,8.8
CNc1cc(OC)c(C(=O)NC2CCN(Cc3ccccc3)C2C)cc1Cl,8.79
c1ccc2c(N3CCN(CCc4ccc5[nH]cnc5c4)CC3)cccc2c1,8.78
CC(C)[C@H]1C(=O)N2CCC[C@H]2[C@]2(O)O[C@](NC(=O)[C@@H]3C=C4c5cccc6[nH]cc(c56)C[C@H]4N(C)C3)(C(C)C)C(=O)N12,8.78
CN1CCN(C(=O)CCCN2CCN(c3cccc(Cl)c3Cl)CC2)C(C(=O)NC2CCCCC2)C1,8.78
c1ccc2c(N3CCN(CCc4ccc5c(c4)NCN5)CC3)cccc2c1,8.78
CCCN(CCCCCCCCCN(CCC)[C@H]1CCc2c(O)cccc2C1)[C@@H]1CCc2c(O)cccc2C1,8.77
O[C@]1(c2ccc(Cl)c(Cl)c2)C[C@H]2CC[C@@H](C1)N2Cc1coc2ccccc12,8.77
O=S(=O)(N[C@H]1CC[C@H](CCN2CCN(c3nsc4ccccc34)CC2)CC1)c1cc2ccccc2s1,8.77
COc1ccccc1N1CCN(CCCCOc2ccc3c(/C=N/O)cnn3c2)CC1,8.77
O=C(N[C@H]1CC[C@H](CCN2CCN(c3nsc4ccccc34)CC2)CC1)C(F)(F)F,8.77
CN(C)C[C@H]1CC2c3ccccc3Sc3ccc(F)cc3[C@H]2O1,8.77
C(#Cc1cccnc1)CCN1CC=C(c2ccccc2)CC1,8.77
O=C(N[C@H]1CC[C@H](CCN2CCN(c3cccc(Cl)c3Cl)CC2)CC1)C1CCCC1,8.77
O=S(=O)(NCCCN1CC=C(c2c[nH]c3ccc(Cl)cc23)CC1)c1cccc(F)c1,8.77
CN1CCN(Cc2ccc(OCCCN3CCC(c4noc5cc(F)ccc45)CC3)cc2)CC1,8.77
CCCN(CCCCOc1ccc2ccnn2c1)[C@@H]1CCc2c(O)cccc2C1,8.77
O=S(=O)(c1cccc2ncccc12)N1CCC[C@H]1CCN1CCC(c2noc3cc(F)ccc23)CC1,8.77
c1ccc(-c2cccc(CN3CCN(c4cccc5c4OCCO5)CC3)c2)cc1,8.77
O=C1[C@@H]2[C@H]3CC[C@H](C3)[C@@H]2C(=O)N1C[C@@H]1CCCC[C@H]1CN1CCN(c2nsc3ccccc23)CC1,8.77
COc1ccccc1N1CCN(CCCCOc2ccc3c(n2)NC(=O)CC3)CC1,8.77
COc1ccc2c(c1)c1c(n2C)Cc2ccccc2CCN(C)CC1,8.77
O=C1C2C3CCC(C3)C2C(=O)N1CC1CCCCC1CN1CCN(c2nsc3ccccc23)CC1,8.77
Cc1c(OCCCN2CCN(c3cccc4cc(F)ccc34)CC2)ccc2c1C(=O)NC2,8.77
O=C1CCc2ccc(OCCCCN3CCN(c4cccc5cccc(F)c45)CC3)nc2N1,8.77
FC(F)(F)c1nc2c(OCCNCc3ccccc3)cccc2[nH]1,8.76
O=C(N[C@H]1CC[C@@H](CCN2CCN(c3nsc4ccccc34)CC2)CC1)c1cc2ccccc2o1,8.76
O=C(CCCN1CCC(c2ccc(Cl)cc2)CC1)c1ccc(F)cc1,8.76
Cc1ccc2sc(S(=O)(=O)N[C@@H]3CCN(CCCc4noc5ccccc45)C3)cc2c1,8.76
O=S(=O)(N[C@H]1CC[C@@H](CCN2CCN(c3nsc4ccccc34)CC2)CC1)c1cccs1,8.76
O=S(=O)(N[C@H]1CC[C@@H](CCN2CCN(c3nsc4ccccc34)CC2)CC1)c1cc2ccccc2s1,8.75
CCc1cc(Cl)c(OC)c(C(=O)NC[C@@H]2C[C@@H](OCCCCOc3ccc4c(c3)NC(=O)CC4)CN2)c1O,8.75
O=C(CCCN1CCC(O)(c2ccc(Cl)cc2)CC1)c1ccccc1,8.75
CCc1cccc(N2CCN(CC[C@H]3CC[C@H](NC(=O)COC)CC3)CC2)c1Cl,8.75
CCc1c(C(=O)N[C@H]2CC[C@H](CCN3CCN(c4nsc5ccccc45)CC3)CC2)sc2ccccc12,8.75
O=C(N[C@H]1CC[C@H](CCN2CCN(c3nsc4ccccc34)CC2)CC1)c1cc2ccccc2s1,8.74
Oc1nc2cccc(N3CCN(Cc4cncc(-c5ccccc5)c4)CC3)c2o1,8.74
O=S(=O)(NCCCCN1CC=C(c2c[nH]c3ccc(Cl)cc23)CC1)c1cccc(F)c1,8.74
CC(C)(C)NS(=O)(=O)c1ccc(-c2sc(C(=O)N[C@H]3C[C@H](C(=O)O)C3)nc2CC2CCCCC2)c2ccccc12,8.74
O=S(=O)(NCCCCN1CCC(c2noc3cc(F)ccc23)CC1)c1cc2ccccc2s1,8.74
NC(=O)c1cc2c3c(ccc2[nH]1)OCC(CN1CCC2(CC1)C(=O)NCN2c1ccccc1)O3,8.74
COc1ccccc1N1CCN(CCCCOc2ccn3ncc(C=O)c3c2)CC1,8.74
CN1CCN(C2Cc3ccccc3Sc3ccc(-c4ccccc4)cc32)CC1,8.74
CN(C)CCC(=O)OC1(c2ccc(Cl)cc2)CCN(CCCC(=O)c2ccc(F)cc2)CC1,8.74
CCc1cccc(N2CCN(CC[C@H]3CC[C@H](NC(=O)c4ccc(-c5cccnc5)cc4)CC3)CC2)c1Cl,8.74
COc1ccccc1N1CCN(CCCCNC(=O)c2cccc(OCCOCCOCCOCCOc3cccc(C(=O)NCCCCN4CCN(c5ccccc5OC)CC4)c3)c2)CC1,8.74
O=C(Nc1ccccc1)N[C@H]1CC[C@@H](CCN2CCN(c3nsc4ccccc34)CC2)CC1,8.73
COC1(c2ccc(Cl)cc2)CCN(CCCC(=O)c2ccc(F)cc2)CC1,8.73
O=C(N[C@H]1CC[C@H](CCN2CCN(c3cccc(Cl)c3Cl)CC2)CC1)N1CCc2ncccc2C1,8.73
CCc1cc(Cl)c(OC)c(C(=O)NC[C@@H]2C[C@@H](OCCCCNC(=O)c3cc4ccccc4[nH]3)CN2CC)c1O,8.73
O=C1NCc2cc(F)c(OCCCN3CCN(c4cccc5cc(F)ccc45)CC3)cc21,8.73
CN1CCN(Cc2ccc(OCCCCN3CCC(c4noc5cc(F)ccc45)CC3)cc2)CC1,8.72
CCCS(=O)(=O)N[C@H]1CC[C@H](CCN2CCN(c3nsc4ccccc34)CC2)CC1,8.72
COc1ccccc1N1CCN(CCCCOc2ccn3nc(/C=N/O)cc3c2)CC1,8.72
CN1CCN(C2Cc3ccccc3Sc3ccc(Cc4nnnn4C)cc32)CC1,8.72
O=C(N[C@H]1CC[C@@H](CCN2CCN(c3nsc4ccccc34)CC2)CC1)c1cc2ccccc2[nH]1,8.72
Fc1ccc2c(C3CCN(CCCOc4ccc(CN5CCOCC5)cc4F)CC3)noc2c1,8.72
CCc1cc(Cl)c(OC)c(C(=O)NC[C@@H]2C[C@@H](OCCCCO)CN2)c1O,8.72
CN1CCN(C2Cc3ccccc3Sc3ccc(-c4ccccn4)cc32)CC1,8.72
COc1ccc(C(F)(F)F)cc1S(=O)(=O)N[C@H]1CC[C@H](N2CCN(c3ccccc3OC(C)C)CC2)CC1,8.72
Cc1c(S(=O)(=O)NCCCCN2CCC(c3noc4cc(F)ccc34)CC2)sc2ccc(F)cc12,8.72
COc1cccc(OC(=O)N[C@H]2CC[C@H](CCN3CCN(c4nsc5ccccc45)CC3)CC2)c1,8.71
CCOC(=O)N[C@H]1CC[C@@H](CCN2CCN(c3nsc4ccccc34)CC2)CC1,8.71
OC1(c2ccc(Cl)cc2)CCN(CCCSc2ccc(F)cc2)CC1,8.71
Cc1ccccc1C(=O)CCCN1CCC(O)(c2ccc(Cl)cc2)CC1,8.71
COc1ccc2c(c1)CCC1(CCN(CCCC(=O)c3ccc(F)cc3)CC1)O2,8.7
CN1C[C@H](C(N)=O)C=C2c3cccc4[nH]c(Br)c(c34)C[C@H]21,8.7
O=S(=O)(c1cccc2ncccc12)N1CCC[C@@H]1CCN1CCC(c2noc3cc(F)ccc23)CC1,8.7
O=C1NCN(c2ccccc2)C12CCN(CC1COc3ccc4[nH]c(CO)cc4c3O1)CC2,8.7
Fc1ccc2c(C3CCN(CCCCOc4ccc(CN5CCOCC5)cc4)CC3)noc2c1,8.7
Br.Clc1cccc(N2CCN(C[C@H]3C[C@@H]3c3ccccc3)CC2)c1Cl,8.7
Fc1ccc2c(C3CCN(CCCOc4ccc(CN5CCOCC5)c(F)c4)CC3)noc2c1,8.7
COc1ccccc1N1CCN(CCCCCCn2c(=O)n3c4c(cccc42)CCC3)CC1,8.7
O=S(=O)(N[C@H]1CC[C@H](CCN2CCN(c3nsc4ccccc34)CC2)CC1)c1ccco1,8.7
CCN(Cc1ccc(OC)cc1)Cc1ccc(-c2cc(S(=O)(=O)CC)ccc2OC)[nH]1,8.7
Cl.NCCc1ccc(O)c(O)c1,8.7
N#Cc1ccccc1-c1cccc(CN2CCN(c3cccc4nc(O)oc34)CC2)c1,8.7
CNc1cc(OC)c(C(=O)N[C@H]2CN(Cc3ccccc3)C[C@H]2C)cc1Cl,8.7
Nc1nc2ccc(CCN3CCN(c4cccc5sccc45)CC3)cc2s1,8.7
Cc1cccc(-c2ccc3c(c2)C(N2CCN(C)CC2)Cc2ccccc2S3)c1C,8.7
O=C1CCc2ccc(OCCCCN3CCN(c4ccc(F)c5ccccc45)CC3)nc2N1,8.7
O=C(O)C(=O)O.O=C1N(Cc2cn(CCF)nn2)CN(c2ccccc2)C12CCN(Cc1coc3ccccc13)CC2,8.7
CN1CCc2ccccc2Cc2cc(O)c(Cl)cc2CC1,8.7
COc1ccc2[nH]cc(C(=O)NCCCCN3CCN(c4ccccc4OCCF)CC3)c2c1.O=C(O)C(=O)O,8.7
COc1ccccc1N1CCN(Cc2ccc(CN3C(=O)c4ccccc4S3(=O)=O)cc2)CC1,8.7
CN(C)C1C=CC2(CC1)c1ccccc1CCc1ccc(Cl)cc12,8.7
O=c1ccc2cnc(OCCCCN3CCN(c4cccc(Cl)c4Cl)CC3)cc2[nH]1,8.7
C#CC1=CC[C@@H](N(CCC)CCCCNC(=O)c2cc3ccccc3s2)CC1,8.7
O=C1CCc2ccc(OCCCCN3CCN(c4ccc(O)c5oc(=O)ccc45)CC3)cc2N1,8.7
O=C(O)C(=O)O.Oc1ccc2c(c1)O[C@@H](CNCc1ccc(I)cc1)CC2,8.69
O=c1ccc2ccc(CCCCCN3CCN(c4cccc5sccc45)CC3)cc2[nH]1,8.69
CN(CC[C@@H]1CC[C@H](CNC(=O)c2cc3ccccc3[nH]2)C1)[C@@H]1Cc2cccc3[nH]c(=O)n(c23)C1,8.69
COc1ccccc1N1CCN(CCCCN2CCCc3cc(-c4cccs4)ccc3C2=O)CC1,8.68
Cc1ccc(S(=O)(=O)N[C@H]2CC[C@@H](CCN3CCN(c4nsc5ccccc45)CC3)CC2)o1,8.68
O=C(Nc1ccco1)N[C@H]1CC[C@@H](CCN2CCN(c3nsc4ccccc34)CC2)CC1,8.68
COc1ccccc1N1CCCN(CCCCOc2ccc3ccc(=O)[nH]c3c2)CC1,8.68
O=C(NCCN1CCC(c2cccc(C(F)(F)F)n2)CC1)C1CCOCC1,8.68
O=C1NCc2ccc(OCCCCN3CCN(c4cccc5c4CCO5)CC3)cc21,8.68
Cc1ccccc1OC(=O)N[C@H]1CC[C@H](CCN2CCN(c3nsc4ccccc34)CC2)CC1,8.68
CCCN(CCc1ccccc1)[C@H]1CCc2c(O)cccc2C1,8.68
CC(=O)Nc1ccc(OCCCN2CCC(c3noc4cc(F)ccc34)CC2)cc1,8.68
Cc1cc2c(s1)Nc1ccccc1N=C2N1CCN(C)CC1,8.68
Clc1ccc2c(CCCN3CCN(c4cccc5c4OCCO5)CC3)c[nH]c2c1,8.68
NC(=O)C[S@@+]([O-])C(c1ccccc1)c1ccccc1,8.68
O=C(NC[C@H]1CC[C@H](CN2CCN(c3nsc4cc(Cl)ccc34)CC2)CC1)c1ccco1,8.68
Clc1cccc(N2CCN(CCCCOc3ccc4ccnn4c3)CC2)c1Cl,8.68
O=C(CCCN1CCC(O)(c2ccccc2Cl)CC1)c1ccc(F)cc1,8.67
O=C1CCc2ccc(CCCCN3CCN(c4cccc5sccc45)CC3)cc2N1,8.67
Oc1ccc(C2=CCN(C[C@@H]3CCC=C(c4ccc(O)cc4)C3)CC2)cc1,8.66
CC(C)Oc1ccccc1N1CCN(Cc2cccc(C(=O)N3CCCCC3)c2)CC1,8.66
O=C(N[C@H]1CC[C@H](CCN2CCN(c3nsc4ccccc34)CC2)CC1)N1CCOCC1,8.66
O=S(=O)(NCCCN1CCN(c2nsc3ccccc23)CC1)c1ccc2ccccc2c1,8.66
Cc1ncoc1-c1nnc(SCCCN2C[C@@H]3CCN(c4cccc(C#N)c4)[C@@H]3C2)n1C,8.66
C=CCN1C[C@H](OCCCCN)C[C@H]1CNC(=O)c1cc(CCCF)cc(OC)c1OC,8.66
CN(CCC(=O)OC1(c2ccc(Cl)cc2)CCN(CCCC(=O)c2ccc(F)cc2)CC1)CCN(C)CCC(=O)OC1(c2ccc(Cl)cc2)CCN(CCCC(=O)c2ccc(F)cc2)CC1,8.66
O=C1CCc2ccc(OCCCCN3CCN(c4ccc(O)c5c4OCCO5)CC3)cc2N1,8.66
CCCN(CCc1ccc(NC(=O)CCC(=O)NCCCCCC(=O)NCc2ccc(C(=O)NCCCCCC(=O)NCCCCCCNC(=O)c3nn(-c4ccc(Cl)cc4Cl)c(-c4ccc(Cl)cc4)c3C)cc2)cc1)C1CCc2c(O)cccc2C1,8.66
O=C(Cn1c(CCCN2CCN(c3cccc(Cl)c3Cl)CC2)nc2cc(Br)c(Br)cc21)NCc1ccccc1,8.66
Oc1nc2cccc(N3CCN(Cc4cccc(-c5cccs5)c4)CC3)c2o1,8.66
O=C1CCc2ccc(CCN3CCN(c4cccc5sccc45)CC3)cc2N1,8.65
COC(=O)N[C@H]1CC[C@@H](CCN2CCN(c3nsc4ccccc34)CC2)CC1,8.65
CCc1cc(Cl)c(OC)c(C(=O)NC[C@@H]2CCCN2)c1O.Cl,8.65
CN1CCN(C2Cc3ccccc3Sc3ccc(-c4cnn(C)c4)cc32)CC1,8.64
Cl.O=C(CCCN1C2CCC1CC(O)(c1ccccc1)C2)c1ccc(F)cc1,8.64
COc1cccc2[nH]cc(CN3CCC(O)(c4ccc(Br)cc4)CC3)c12,8.64
O=C(CCCN1C2CCC1CC(O)(c1ccccc1)C2)c1ccc(F)cc1,8.64
Nc1cc(F)ccc1C(=O)CCCN1CC[C@H]2[C@@H](C1)c1cccc3c1N2CCO3,8.64
CCc1cc(Cl)c(OC)c(C(=O)NC[C@@H]2C[C@@H](OCCCCNC(=O)c3cc4ccccc4o3)CN2)c1O,8.64
O=S(=O)(NCCCCN1CC=C(c2c[nH]c3ccc(Cl)cc23)CC1)c1cccc2ccccc12,8.64
O=C(CCCCC(=O)OC1(c2ccc(Cl)cc2)CCN(CCCC(=O)c2ccc(F)cc2)CC1)OC1(c2ccc(Cl)cc2)CCN(CCCC(=O)c2ccc(F)cc2)CC1,8.64
O/N=C/c1cc2cc(OCCCCN3CCN(c4cccc(Cl)c4Cl)CC3)ccn2n1,8.64
CCCN(CCC)C1CCc2ccc(O)cc2C1,8.64
OCc1cc2cc(OCCCCN3CCN(c4cccc(Cl)c4Cl)CC3)ccn2n1,8.64
Nc1cc(Cl)ccc1C(=O)CCCN1CC[C@H]2[C@@H](C1)c1cccc3c1N2CCCS3,8.64
CN(CC(=O)NC1CCCCC1)C(=O)CCCN1CCN(c2cccc(Cl)c2Cl)CC1,8.63
Cc1cc2c(cc1OCCCCN1CCN(c3cccc4cccc(F)c34)CC1)C(=O)NC2,8.63
OC1(c2ccc(Cl)cc2)CCN(Cc2c[nH]c3ccccc23)CC1,8.62
CCCN(CCc1ccc(NC(=O)CCC(=O)NCCOCCOCC(=O)NCCCC[C@H](NC(C)=O)C(=O)NCCCC[C@H](NC(C)=O)C(=O)NCCCCCCNC(=O)c2nn(-c3ccc(Cl)cc3Cl)c(-c3ccc(Cl)cc3)c2C)cc1)C1CCc2c(O)cccc2C1,8.62
CC(C)Oc1ccccc1N1CCN(C2CCC(NC(=O)Nc3c(F)cccc3F)CC2)CC1,8.62
O=C(O)C(=O)O.OC1(c2ccc(I)cc2)CCN(Cc2coc3ccccc23)CC1,8.62
CC(C)Oc1ccccc1N1CCN([C@H]2CC[C@H](NS(=O)(=O)c3ccccc3C#N)CC2)CC1,8.62
O=C(CCCN1CCC(O)(c2ccc(Cl)cc2Cl)CC1)c1ccc(F)cc1,8.62
CN1CCC(=C2c3ccccc3CCc3sccc32)CC1,8.62
O=S(=O)(NCCN1CC=C(c2c[nH]c3ccc(Cl)cc23)CC1)c1cccc(F)c1,8.62
Cc1cc2c(cc1OCCCCN1CCN(c3cccc4ccccc34)CC1)C(=O)NC2,8.61
O=C(CCCN1CCC(O)(c2ccccc2-c2ccccc2Cl)CC1)c1ccc(F)cc1,8.61
O=C(N[C@H]1CC[C@H](CCN2CCN(c3nsc4ccccc34)CC2)CC1)OCc1cccs1,8.6
O=C1COc2ccccc2N1CCCN1CCC(n2c(=O)[nH]c3cc(F)ccc32)CC1,8.6
Fc1ccccc1N1CCN(CCCCNc2ccc(-c3ccccc3)cn2)CC1,8.6
O=C(NC/C=C\CN1CCN(c2cccc(Cl)c2Cl)CC1)c1ccccc1,8.6
O=S(=O)(NCCCCN1CC=C(c2c[nH]c3ccc(Cl)cc23)CC1)c1cccc(O)c1,8.6
COc1ccc2[nH]cc(CN3CCC(O)(c4ccc(Br)cc4)CC3)c2c1,8.6
C=CCN1C[C@H](OCc2cccnc2)C[C@H]1CNC(=O)c1cc(CCCF)cc(OC)c1OC,8.6
O=C(CCCCCCC(=O)OC1(c2ccc(Cl)cc2)CCN(CCCC(=O)c2ccc(F)cc2)CC1)OC1(c2ccc(Cl)cc2)CCN(CCCC(=O)c2ccc(F)cc2)CC1,8.6
Cc1cccc(S(=O)(=O)NCCCCN2CC=C(c3c[nH]c4ccc(Cl)cc34)CC2)c1,8.6
O=C1CCc2ccc(OC3CCN(C[C@@H]4COc5c(ccc6c5CC(=O)N6)O4)CC3)cc2N1,8.6
COc1ccccc1N1CCN(CCCCCNC(=O)c2nnn(Cc3ccccc3)c2C)CC1,8.6
CCN(C)C1CCc2ccc(O)cc2C1,8.6
O=C(O)C(=O)O.Oc1ccc2c(c1)O[C@@H](CN1CCc3ccccc3C1)CC2,8.6
CCCN(CCC)[C@@H]1Cc2cccc3nc(O)n(c23)C1,8.6
Cc1cccc(N2CCN(CCCCOc3ccc4c(n3)NC(=O)CC4)CC2)c1C,8.6
O=C1CCc2ccc(OCCCCN3CCN(c4cccc(F)c4Cl)CC3)nc2N1,8.6
CCc1cc(Cl)c(OC)c(C(=O)NC[C@@H]2C[C@@H](OCCCCNC(=O)c3cc4ccccc4[nH]3)CN2)c1O,8.6
CN1CCN(C2=Cc3ccccc3Oc3ccc(Cl)cc32)CC1,8.6
Fc1ccc2c(C3CCN(CCCOc4ccc(CN5CCOCC5)cc4Cl)CC3)noc2c1,8.6
O=C(CCCCCC(=O)OC1(c2ccc(Cl)cc2)CCN(CCCC(=O)c2ccc(F)cc2)CC1)OC1(c2ccc(Cl)cc2)CCN(CCCC(=O)c2ccc(F)cc2)CC1,8.59
COc1ccccc1N1CCN(CCCCOc2ccc3c(C=O)cnn3c2)CC1,8.59
COc1cc(CN2CCOCC2)ccc1OCCCN1CCC(c2noc3cc(F)ccc23)CC1,8.59
Oc1nc2c(OCCNCc3ccccc3)cc(Cl)cc2[nH]1,8.59
CCCN1C[C@H](OCCCCOc2ccc3c(c2)NC(=O)CC3)C[C@H]1CNC(=O)c1c(O)c(CC)cc(Cl)c1OC,8.59
O=S(=O)(NCCCN1CC=C(c2c[nH]c3ccc(Cl)cc23)CC1)c1cccc(O)c1,8.59
Cc1cc(=O)oc2c(Cl)c(OCCCCN3CCC(c4noc5cc(F)ccc45)CC3)ccc12,8.59
O=S(=O)(N[C@@H]1CCN(CCCc2noc3ccccc23)C1)c1ccc2cc(Cl)ccc2c1,8.59
Cc1ccc(C(=O)N[C@H]2CC[C@H](CCN3CCN(c4nsc5ccccc45)CC3)CC2)[nH]1,8.59
O=S(=O)(NCCCCN1CC=C(c2c[nH]c3ccc(Cl)cc23)CC1)c1ccc2ccccc2c1,8.59
COc1ccccc1N1CCN(CCCOc2ccc3ccc(=O)[nH]c3c2)CC1.O=C(O)C(=O)O,8.59
O=C1CCc2ccc(CCCCCN3CCN(c4cccc(Cl)c4Cl)CC3)nc2N1,8.59
Cc1nc2n(c(=O)c1CCN1CCN(c3cccc4sccc34)CC1)CCCC2,8.58
O=C1NCc2ccc(OCCCN3CCN(c4cccc5c4CCCC5)CC3)cc21,8.58
COc1ccccc1N1CCN(CCCCCNC(=O)c2sc3nc(OC)c(Cl)c(C)c3c2N)CC1,8.57
COc1ccccc1N1CCN(CCCNC(=O)c2cnn3ccc(OCCOCCOCCOCCOc4ccn5ncc(C(=O)NCCCN6CCN(c7ccccc7OC)CC6)c5c4)cc23)CC1,8.57
CC1CCN(CCc2ccc(OCCCCN3CCC(c4noc5cc(F)ccc45)CC3)cc2)CC1,8.57
CCN([C@H]1CC[C@H](N2CCN(c3ccccc3OC(C)C)CC2)CC1)S(=O)(=O)c1ccc(OC)c(OC)c1,8.57
O=S(=O)(NCCCN1CC=C(c2c[nH]c3ccc(Cl)cc23)CC1)c1ccc(Cl)cc1,8.57
Nc1cc(F)ccc1C(=O)CCCN1CC[C@H]2[C@@H](C1)c1cccc3c1N2CCCS3,8.57
Cn1nnc(Cc2ccc3c(c2)c(C2CCN(CCN4CCNC4=O)CC2)cn3-c2ccc(F)cc2)n1,8.57
COc1ccc(Cn2nnc(C(=O)NCCCCCN3CCN(c4ccccc4OC)CC3)c2C)cc1,8.57
S=c1[nH]c2ccc(OCCN3CCN(c4ccccc4Cl)CC3)cc2[nH]1,8.56
CCN1CCCC1CNC(=O)c1cc(S(N)(=O)=O)ccc1OC,8.55
O=S(=O)(NCCCN1CC=C(c2c[nH]c3ccc(Cl)cc23)CC1)c1cccc2ccccc12,8.55
COc1ccccc1N1CCN(CCCCOc2ccc3sc(N)nc3c2)CC1,8.55
CCCC(=O)N[C@H]1CC[C@H](CCN2CCN(c3nsc4ccccc34)CC2)CC1,8.55
COc1cc(CN2CCN(c3ccccc3OC)CC2)ccc1OCCCc1cn(CCOCCOCCn2cc(CCCOc3ccc(CN4CCN(c5ccccc5OC)CC4)cc3OC)nn2)nn1,8.55
CCOc1ccccc1N1CCN(CCCCOc2ccc3c(c2)NC(=O)CC3)CC1,8.55
C[C@H]1CN(CC[C@H]2CC[C@H](NC(=O)Nc3ccccc3)CC2)CCc2ccc(Cl)cc21,8.55
C[C@H]1CN(CC[C@H]2CC[C@H](NC(=O)N3CCOCC3)CC2)CCc2ccc(Cl)cc21,8.54
CCCN(CCCCNC(=O)/C=C/c1ccc(F)cc1)C1Cc2ccccc2C1,8.54
O=C(N[C@H]1CC[C@H](CCN2CCN(c3nsc4ccccc34)CC2)CC1)c1ccco1,8.54
O=C(CCCCN1CCC(c2noc3cc(F)ccc23)CC1)c1cc2c3c(c1)CCN3C(=O)CC2,8.54
O=C(CCCN1CCC(c2noc3cc(F)ccc23)CC1)c1cc2c3c(c1)CCN3C(=O)CC2,8.54
Cc1cc2c(N3CCN(CCCCOc4ccc5c(c4)NC(=O)CC5)CC3)cccc2n1C,8.54
Cc1ccc(-c2ccc3c(c2)C(N2CCN(C)CC2)Cc2ccccc2S3)s1,8.54
O=C(NC/C=C/CN1CCN(c2cccc(Cl)c2Cl)CC1)c1ccccc1,8.54
OC1(c2ccc(Cl)cc2)CC2CCC(C1)N2CCCSc1ccc(F)cc1,8.54
N#Cc1ccccc1N1CCN(CCCCOc2ccc3c(c2)NC(=O)CC3)CC1,8.54
O=Cc1cnn2ccc(OCCCCN3CCN(c4ccc(O)c5c4OCCO5)CC3)cc12,8.54
Oc1nc2cccc(N3CCN(Cc4ccnc(-c5ccc(F)cc5)c4)CC3)c2o1,8.54
CCN1C[C@H](OCCCN)C[C@H]1CNC(=O)c1cc(CCCF)cc(OC)c1OC,8.54
COCCC(=O)N[C@H]1CC[C@H](CCN2CCN(c3cccc(Cl)c3Cl)CC2)CC1,8.54
O=C(N[C@H]1CC[C@@H](CCN2CCN(c3nsc4ccccc34)CC2)CC1)c1ccc[nH]1,8.53
O=S(=O)(N[C@H]1CC[C@@H](CCN2CCN(c3nsc4ccccc34)CC2)CC1)c1ccc[nH]1,8.53
CN(C)CC/C=C1/c2ccccc2Sc2ccc(Cl)cc21,8.53
CN1C[C@H](C(=O)N[C@]2(C)O[C@@]3(O)[C@@H]4CCCN4C(=O)[C@H](Cc4ccccc4)N3C2=O)C[C@@H]2c3cccc4[nH]cc(c34)C[C@H]21,8.53
CCCCN1CCN(c2cccc(CC)c2Cl)CC1,8.53
COc1cccc(NC(=O)N[C@H]2CC[C@H](CCN3CCN(c4nsc5ccccc45)CC3)CC2)c1,8.52
O=C(CCCN1CCC(O)(c2ccc(F)cc2)CC1)c1ccc(F)cc1,8.52
Oc1nc2c3c(ccc2[nH]1)CC[C@H](CNCc1ccccc1)O3,8.52
Cc1c(Cl)cccc1N1CCN(CCCCOc2ccc3c(n2)NC(=O)CC3)CC1,8.52
Oc1nc2cccc(N3CCN(Cc4cccc(-c5ccc(F)cc5)n4)CC3)c2o1,8.52
CCOCCOc1ccn2ncc(C(=O)NCCCCN3CCN(c4ccccc4OC)CC3)c2c1,8.52
O=S(=O)(c1cccc2cnccc12)N1CCC[C@H]1CCN1CCN(c2noc3ccccc23)CC1,8.52
S=c1[nH]c2ccc(CCCN3CCN(c4ccccc4)CC3)cc2[nH]1,8.52
O=S(=O)(c1cncc2ccccc12)N1CCC[C@H]1CCN1CCN(c2noc3ccccc23)CC1,8.52
O=C1CCc2ccc(OCCCCN3CCN(c4cccc(Cl)c4C(F)(F)F)CC3)nc2N1,8.52
CN(C)CCCN1c2ccccc2Sc2ccc(Cl)cc21.Cl,8.52
O=S(=O)(c1cncc2ccccc12)N1CCC[C@@H]1CCN1CCN(c2cccc3[nH]ccc23)CC1,8.52
O=C1Cc2c(ccc3c2OC[C@H](CNCC2CCc4[nH]c5ccc(F)cc5c4C2)O3)N1,8.52
O=C(NC1CCc2ccc(CCN3CCN(c4nsc5ccccc45)CC3)cc21)c1ccno1,8.52
COc1ccc2sc(S(=O)(=O)N[C@H]3CC[C@H](CCN4CCN(c5nsc6ccccc56)CC4)CC3)cc2c1,8.52
Cc1cccc(S(=O)(=O)NCCCCN2CC=C(c3c[nH]c4ccc(F)cc34)CC2)c1,8.52
CCCc1c(C(=O)NCCCCN2CCN(c3ccccc3OC)CC2)nnn1Cc1ccccc1Br,8.52
O=C1NCN(c2ccccc2)C12CCN(CCCOc1ccc(F)cc1)CC2,8.52
O=S(=O)(NCCCCN1CCC(c2noc3cc(F)ccc23)CC1)c1cccc2ccccc12,8.52
O=S(=O)(c1ccnc2ccccc12)N1CCCCC[C@H]1CCN1CCN(c2nsc3ccccc23)CC1,8.52
Sc1nc2c(OCCNCc3ccccc3)cccc2[nH]1,8.52
COc1ccccc1N1CCN(CC[C@H]2CC[C@H](Nc3ncccn3)CC2)CC1,8.52
O=C(N[C@H]1CC[C@H](CCN2CCN(c3cccc(Cl)c3Cl)CC2)CC1)c1ccco1,8.52
Cc1c(OCCCCN2CCN(c3cccc4cccc(F)c34)CC2)ccc2c1C(=O)NC2,8.52
COC(=O)c1cc2c3c(ccc2[nH]1)OCC(CN1CCC2(CC1)C(=O)NCN2c1ccccc1)O3,8.51
COc1ccc2cc(S(=O)(=O)N[C@@H]3CCN(CCCc4noc5ccccc45)C3)ccc2c1,8.51
CC(=O)NCc1ccc2c(c1)c(C1CCN(CCN3CCNC3=O)CC1)cn2-c1ccc(F)cc1,8.51
O=S(=O)(N[C@H]1CC[C@H](CCN2CCN(c3nsc4ccccc34)CC2)CC1)c1cc[nH]c1,8.51
Cc1cc(OCCCN2CCC(c3noc4cc(F)ccc34)CC2)ccc1CN1CCOCC1,8.51
CN1CCc2c(F)cc(OCCCN3CCC(c4noc5cc(F)ccc45)CC3)cc2C1=O,8.51
CC(C)Oc1ccccc1N1CCN(CCCCOc2ccc3c(c2)NC(=O)CC3)CC1,8.51
C#CC1=CC[C@H](N(CCC)CCCCNC(=O)c2cc3ccccc3s2)CC1,8.51
Clc1cccc(N2CCN(CCCCNc3nccc4ccccc34)CC2)c1Cl,8.51
CCN(Cc1ccc2c(c1)OCO2)Cc1ccc(-c2cc(S(=O)(=O)CC)ccc2OC)[nH]1,8.5
O=C(N[C@H]1CC[C@H](CCN2CCN(c3nsc4ccccc34)CC2)CC1)c1sccc1Br,8.5
O=C(N[C@H]1CC[C@H](CCN2CCN(c3nsc4ccccc34)CC2)CC1)Oc1ccccc1,8.5
O=C1N(CCN2CCCc3sccc3C2)CCN1c1cccc(Cl)c1,8.5
O=C(CCCCC(=O)NCCCN1CCN(C2=Nc3cc(Cl)ccc3Nc3ccccc32)CC1)NCCCN1CCN(C2=Nc3cc(Cl)ccc3Nc3ccccc32)CC1,8.5
O=C1c2ccccc2C(=O)N1CCCCN1CC=C(c2c[nH]c3ccc(F)cc23)CC1,8.5
CC(C)C[C@H]1C(=O)N[C@@H](Cc2ccccc2)[C@]2(O)O[C@@](C)(NC(=O)[C@@H]3C=C4c5cccc6[nH]cc(c56)C[C@H]4N(C)C3)C(=O)N12,8.5
O=C1NCc2ccc(OCCCCN3CCN(c4cccc5cccc(F)c45)CC3)cc21,8.5
O=C1COc2ccccc2N1CCCN1CCC(c2noc3cc(F)ccc23)CC1,8.49
CN1CCN2c3c(cccc31)[C@@H]1CN(CCCC(=O)c3ccc(F)cc3)CC[C@@H]12,8.49
CN(CC(=O)NCc1ccccc1)C(=O)CCCN1CCN(c2cccc(Cl)c2Cl)CC1,8.49
O=C(N[C@H]1CC[C@H](CCN2CCN(c3nsc4ccccc34)CC2)CC1)OC1CC1,8.49
O=Cc1cnn2ccc(OCCCCN3CCN(c4cccc(Cl)c4Cl)CC3)cc12,8.49
CCCN(CCc1ccc(Nc2ccc([N+](=O)[O-])c3nonc23)cc1)[C@@H]1CCc2c(O)cccc2C1,8.49
O=S(=O)(NCCCCN1CCN(c2nsc3ccccc23)CC1)c1cccs1,8.49
COc1ccccc1N1CCN(CCCCOc2ccc3scnc3c2)CC1,8.49
c1ccc(N2CCN(CC[C@H]3CC[C@H](Nc4ncnc5ccccc45)CC3)CC2)cc1,8.49
Cc1cccc(S(=O)(=O)NCCN2CC=C(c3c[nH]c4ccc(Cl)cc34)CC2)c1,8.48
Cc1nc2n(c(=O)c1CCN1CCN(c3cccc4sccc34)CC1)CCCC2F,8.48
NC1CCc2ccc(O)cc2C1,8.48
CC(=O)NCc1ccc2c(c1)[C@@H](N1CCN(C)CC1)Cc1ccccc1S2,8.48
COc1cc(CN2CCN(c3ccccc3OC)CC2)ccc1OCc1cn(CCOCCOCCn2cc(COc3ccc(CN4CCN(c5ccccc5OC)CC4)cc3OC)nn2)nn1,8.48
Cc1cccc(-c2ccc3c(c2)C(N2CCN(C)CC2)Cc2ccccc2S3)c1,8.47
CC(=O)Nc1cc(F)ccc1C(=O)CCCN1CC[C@H]2[C@@H](C1)c1cccc3c1N2CCCS3,8.47
Cc1ccc(C)c(C2(O)CCN(CCCC(=O)c3ccc(F)cc3)CC2)c1,8.47
O=c1ccc2ccc(OCCCN3CCCN(c4cccc(Cl)c4Cl)CC3)cc2[nH]1,8.47
O=C(N[C@H]1CC[C@H](CCN2CCN(c3ccccc3)CC2)CC1)c1cccs1,8.47
O=C(CCCN1CCC(O)(c2ccc(Cl)cc2)CC1)c1ccccc1Cl,8.47
CCCCN1CCN(c2cccc(Cl)c2Cl)CC1,8.47
O=c1ccc2ccc(CCN3CCN(c4cccc5sccc45)CC3)cc2[nH]1,8.47
FC(F)(F)Oc1cccc(CN2CCN(C3=Nc4cc(Cl)ccc4Nc4ccccc43)CC2)c1,8.47
O=S(=O)(NCCCN1CC=C(c2c[nH]c3ccc(Cl)cc23)CC1)c1ccc(F)cc1,8.46
Nc1cc(F)ccc1C(=O)CCCN1CC[C@H]2[C@@H](C1)c1cccc3c1N2CCCC3,8.46
Cc1nc2n(c(=O)c1CCN1CCN(c3cccc4sccc34)CC1)CCCC2(F)F,8.46
COc1ccccc1N1CCN(CCCCCN2Cc3ccc4ccccc4c3C2=O)CC1,8.46
CN1CCc2ccccc2Cc2ccc(O)c(Cl)c2CC1,8.45
Cc1nc2n(c(=O)c1CCN1CCN(c3cccc4sc(F)cc34)CC1)CCCC2O,8.45
O=C(Nc1cccc([N+](=O)[O-])c1)N[C@H]1CC[C@H](CCN2CCN(c3nsc4ccccc34)CC2)CC1,8.44
O=C(CCCN1CCC(O)(c2cc3ccc2CCc2ccc(cc2)CC3)CC1)c1ccc(F)cc1,8.44
O=S(=O)(N[C@H]1CC[C@H](CCN2CCN(c3nsc4ccccc34)CC2)CC1)c1c[nH]c2ccccc12,8.44
CN1CCN(CCCN2c3ccccc3Sc3ccc(Cl)cc32)CC1,8.44
CCCN(C/C=C/I)C1CCc2c(O)cccc2C1,8.44
O=C(Nc1ccncc1)Nc1ccc(CCN2CCN(c3ccccc3)CC2)cc1,8.44
CCN1CCN(c2cc(-c3ccc(F)cc3)c3c(n2)CC[C@H](O)CCC3)CC1,8.44
CCOc1ccccc1N1CCCN(CCCCOc2ccc3ccc(=O)[nH]c3c2)CC1,8.44
O=c1ccc2c(N3CCN(CCCCOc4ccn5nccc5c4)CC3)ccc(O)c2[nH]1,8.43
CCCN(CCN1CCN(c2ccnc3ccccc23)CC1)[C@H]1CCc2c(O)cccc2C1,8.43
O=C(N[C@H]1CC[C@H](CCN2CCN(c3cccc(Cl)c3Cl)CC2)CC1)c1ccc(-c2cccnc2)cc1,8.43
CCCN(CCN1CCN(c2ccnc3ccccc23)CC1)[C@H]1CCc2c(cccc2OC)C1,8.43
COc1ccccc1C(=O)NC/C=C/CN1CCN(c2cccc(Cl)c2Cl)CC1,8.43
O=C1CCc2ccc(OCCCCN3CCN(c4ccccc4Cl)CC3)cc2N1,8.43
O=S(=O)(NCCCN1CC=C(c2c[nH]c3ccc(Cl)cc23)CC1)c1ccc2ccccc2c1,8.43
CCCN(CCC)CCc1cccc2c1CC(=O)N2,8.43
O=S(=O)(NCCCN1CCC(c2noc3cc(F)ccc23)CC1)c1ccc(F)c(Cl)c1,8.43
CCCN(CCN1CCN(c2ccnc3c(O)cccc23)CC1)C1CCc2c(O)cccc2C1,8.43
O=Cc1cnn2ccc(-n3cc(CCCN4CCN(c5cccc(Cl)c5Cl)CC4)nn3)cc12,8.42
CN1CCc2cc(-c3ccc(O)cc3)cc3c2[C@H]1Cc1ccc(O)c(O)c1-3,8.42
Cc1cc2c(cc1OCCCN1CCN(c3cccc4cc(F)ccc34)CC1)C(=O)NC2,8.42
O=C(O)C(=O)O.OC1(c2ccc(I)cc2)CCN(Cc2c[nH]c3ccccc23)CC1,8.42
CC(=O)Nc1nc2ccc(CCN3CCN(c4cccc5sccc45)CC3)cc2s1,8.42
CCCNC1CCc2ccc(O)cc2C1,8.42
COc1ccccc1N1CCN(CCCNC(=O)c2cnn3ccc(COCCOCCOCCOCCOCc4ccn5ncc(C(=O)NCCCN6CCN(c7ccccc7OC)CC6)c5c4)cc23)CC1,8.41
C#CC1=CC[C@@H](N(CCC)CCCCNC(=O)c2cc3ccccn3n2)CC1,8.41
COc1ccccc1N1CCN(CCCNC(=O)c2cnn3ccccc23)CC1,8.41
Oc1nc2c(OCCNCc3ccccc3)cccc2[nH]1,8.41
CCCN[C@H]1CCc2nc(N)sc2C1.Cl.Cl.O,8.41
CCCN(CCNC(=O)/N=N/c1ccc(F)c(F)c1)C1Cc2ccccc2C1,8.41
CCCN[C@H]1CCC2N=C(N)SC2C1,8.41
CCN1CCCC1CNc1nncc2ccc(OC)c(OC)c12,8.41
O=S(=O)(NCCCN1CCC(c2noc3cc(F)ccc23)CC1)c1cccc2ccccc12,8.4
Cn1c(=O)c2c(nc3n(CCCCN4CCN(c5ccccc5O)CC4)c(-c4ccccc4)cn23)n(C)c1=O,8.4
O=S(=O)(c1cccc2ncccc12)N1CCC[C@H]1CCN1CCN(c2noc3ccccc23)CC1,8.4
O=S(=O)(c1cccc2ncccc12)N1CCC[C@@H]1CCN1CCN(c2cccc3sccc23)CC1,8.4
COc1ccccc1N1CCN(CCCCCCNC(=O)OC(C)(C)C)CC1,8.4
CN1CCc2ccccc2Cc2c[nH]c3cccc(c23)CC1,8.4
COc1cc2c(cc1NS(=O)(=O)c1ccc(-c3ccc(Cl)cc3)cc1)CCN(C)CC2,8.4
O=S(=O)(c1cccc2ncccc12)N1CCCCC[C@H]1CCN1CCN(c2nsc3ccccc23)CC1,8.4
Nc1cc(F)ccc1C(=O)CCCN1CC[C@H]2[C@@H](C1)c1cccc3c1N2CCS3,8.4
Cl.Fc1ccc(-c2cncc(CN3CCN(c4cccc5c4OCCO5)CC3)c2)cc1,8.4
COc1ccccc1N1CCCN(CCCCOc2ccc3c(c2)NC(=O)CC3)CC1,8.4
c1ccc(-c2cccc(CN3CCN(c4cccc5c4CCCN5)CC3)c2)cc1,8.4
CCCN(CCNC(=O)/N=N/c1ccc(F)cc1)C1Cc2ccccc2C1,8.4
COc1cccc2cc(CNCCCCOc3ccc4ccc(=O)[nH]c4c3)oc12,8.4
O=C1N(CCN2C[C@H]3CC[C@@H]2C3)CCN1c1cccc(Cl)c1,8.4
Fc1ccc(-c2cncc(CN3CCN(c4cccc5c4OCCO5)CC3)c2)cc1,8.4
COc1cccc(CC(=O)N2CCC(C)c3cccc(CCN4CCN(c5nsc6ccccc56)CC4)c32)c1,8.4
COc1cc2c(cc1O)[C@H]1C[C@@](O)(c3ccc(OC(F)(F)F)cc3)CCN1CC2,8.4
CCCCn1cc(CCCOc2ccc(C(=O)NCCCCN(CCC)C3Cc4ccccc4C3)cc2OC)nn1,8.39
[2H]c1c([2H])c([2H])c([C@@H]2C[C@@H](N3CCN(C([2H])([2H])[2H])C(C)(C)C3)c3cc(Cl)ccc32)c([2H])c1[2H],8.39
FC(F)(F)c1nc2c(N3CCN(Cc4ccccc4)CC3)cccc2[nH]1,8.39
C=CCN1CC[C@@H]2c3cccc(O)c3CC[C@H]21,8.39
CCOc1ccccc1N1CCCN(CCCCOc2ccc3c(c2)NC(=O)CC3)CC1,8.39
CCc1cc(Cl)c(OC)c(N2CCN(CC[C@H]3CC[C@H](NC(=O)N(C)C)CC3)CC2)c1,8.38
COc1cccc2[nH]cc(CN3CCC(O)(c4ccc(Cl)cc4)CC3)c12,8.38
C#CC1=CC[C@H](N(CCC)CCCCNC(=O)c2ccc(OCCCc3cnn(CCCC)n3)c(OC)c2)CC1,8.38
CCN1CCC[C@H]1CNC(=O)c1c(OC)ccc(I)c1O,8.38
O=C1CCc2ccc(OCCCCN3CCN(c4ccccc4C(F)(F)F)CC3)cc2N1,8.38
COc1ccc2[nH]cc(CN3CCC(O)(c4ccc(Cl)cc4)CC3)c2c1,8.38
CCCN(CCc1ccc(NC(=O)CCC(=O)NCCCCCC(=O)NCc2ccc(C(=O)NCCCCCC(=O)NCCCCCC(=O)NCc3ccc(C(=O)NCCCCCC(=O)NCCCCCCNC(=O)c4nn(-c5ccc(Cl)cc5Cl)c(-c5ccc(Cl)cc5)c4C)cc3)cc2)cc1)C1CCc2c(O)cccc2C1,8.38
O=C1Cc2c(cccc2OCCNCc2ccccc2)N1,8.37
O=C1COc2c(cccc2N2CCN(CCCc3c[nH]c4ccccc34)CC2)N1,8.37
O=C1CCc2ccc(OCCCCN3CCN(c4ccccc4)CC3)cc2N1,8.37
O=C(O)C(=O)O.Oc1ccc2c(c1)OC(CN1CCc3ccccc3C1)CC2,8.37
COc1ccccc1N1CCN(CCCNC(=O)NN(Cc2ccccc2)c2ccc(F)cc2)CC1,8.37
CCCN(CCc1ccccc1)C1CCc2c(O)cccc2C1.Cl,8.37
Cc1ncoc1-c1nnc(SCCCN2CC3CCN(c4ccccc4OC(F)(F)F)C3C2)n1C,8.36
O=C(N[C@H]1CC[C@H](CCN2CCN(c3nsc4ccccc34)CC2)CC1)Oc1ccc(Cl)cc1,8.36
O=S(=O)(NCCCCN1CC=C(c2c[nH]c3ccc(Cl)cc23)CC1)c1ccc(F)cc1,8.36
CCOc1ccccc1N1CCCN(CCCCOc2ccc3c(n2)NC(=O)CC3)CC1,8.36
CC(C)C(=O)NCc1ccc2c(c1)[C@@H](N1CCN(C)CC1)Cc1ccccc1S2,8.35
Cc1ccc2sc(S(=O)(=O)N[C@H]3CC[C@H](CCN4CCN(c5nsc6ccccc56)CC4)CC3)cc2c1,8.35
O=C(N[C@H]1CC[C@H](CCN2CCN(c3cccc(Cl)c3Cl)CC2)CC1)c1ccccc1,8.35
O=c1[nH]c2ccc(OCCCN3CCCN(c4cccc(Cl)c4Cl)CC3)cc2[nH]1,8.35
CC(=O)OC1(c2ccc(Cl)cc2)CCN(CCCC(=O)c2ccc(F)cc2)CC1,8.35
CC1Oc2c(cccc2N2CCN(CCCc3c[nH]c4ccccc34)CC2)NC1=O,8.35
O=C1NCc2ccc(OCCCN3CCN(c4cccc5c4OCCC5)CC3)cc21,8.35
O=S(=O)(NCCCCN1CC=C(c2c[nH]c3ccc(Cl)cc23)CC1)c1ccc(Cl)cc1,8.35
CCCN(CCN1CCN(c2ccnc3c(O)cccc23)CC1)C1CCc2ccc(O)cc2C1,8.34
O=C(NCCN1CCN(c2cccc3nc(O)oc23)CC1)c1ccc(F)cc1,8.34
Oc1cccc(N2CCN(Cc3ccccc3)CC2)c1,8.34
O=C1CCc2ccc(C(O)CCCCN3CCN(c4cccc5sccc45)CC3)cc2N1,8.34
CN(CC[C@@H]1CC[C@@H](CNC(=O)c2cc3ccccc3[nH]2)C1)[C@@H]1Cc2cccc3[nH]c(=O)n(c23)C1,8.34
O=C1NCCc2ccc(OCCCCN3CCCN(c4cccc(Cl)c4Cl)CC3)cc21,8.34
COc1ccccc1N1CCN(CCCCNC(=O)c2cnn3ccc(COCCOCCOCCOCCOCc4ccn5ncc(C(=O)NCCCCN6CCN(c7ccccc7OC)CC6)c5c4)cc23)CC1,8.34
Cc1cccc(C)c1-c1ccc2c(c1)C(N1CCN(C)CC1)Cc1ccccc1S2,8.34
CCCN(CCC)[C@H]1CCn2nccc2C1,8.34
COc1cc(C)ccc1N1CCN(CCCCOc2ccc3c(c2)NC(=O)CC3)CC1.O=C(O)C(=O)O,8.34
CN[C@@H]1Cc2cccc3[nH]c(=O)n(c23)C1,8.34
N[C@H]1CC[C@H](CCN2CCN(c3nsc4ccccc34)CC2)CC1,8.34
Nc1cc(Br)ccc1C(=O)CCCN1CC[C@H]2[C@@H](C1)c1cccc3c1N2CCCS3,8.33
NC(=O)c1ccc2c(c1)CCOC2CCN1CC=C(c2c[nH]c3cc(F)ccc23)CC1,8.33
N#Cc1ccc(C(=O)N[C@H]2CC[C@H](CCN3CCN(c4nsc5ccccc45)CC3)CC2)o1,8.33
CCc1cccc(N2CCN(CCCCCNC(=O)c3nc4sccn4c3C)CC2)c1Cl,8.33
C1=C(c2ccccc2)CCN(CC[C@H]2CC[C@H](Nc3ncccn3)CC2)C1,8.33
CCc1cccc(N2CCN(CCCCNC(=O)c3nc4sccn4c3C)CC2)c1Cl,8.33
C[C@@H]1Oc2c(cccc2N2CCN(CCCc3c[nH]c4ccc(F)cc34)CC2)NC1=O,8.33
CC(=O)Nc1nc2cccc(CCN3CCN(c4cccc5sccc45)CC3)c2s1,8.33
Nc1cc(F)ccc1C(=O)CCCN1CC[C@@H]2[C@H](C1)c1cccc3c1N2CCCS3,8.33
CC(C)Oc1ccccc1N1CCN(C2CCC(NC(=O)Nc3c(Cl)cccc3Cl)CC2)CC1,8.33
CCCN(CCc1ccc(N/C(S)=N/c2ccc3c(c2)C(=O)OC32c3ccc(O)cc3Oc3cc(O)ccc32)cc1)[C@H]1CCc2c(O)cccc2C1,8.32
COc1cc(CN2CCN(c3ccccc3OC)CC2)ccc1OCCCc1cn(CCOCCOCCOCCn2cc(CCCOc3ccc(CN4CCN(c5ccccc5OC)CC4)cc3OC)nn2)nn1,8.32
COc1ccccc1N1CCN(CCCOc2ccc3c(c2)NC(=O)CC3)CC1.O=C(O)C(=O)O,8.32
OC1(c2ccc(Cl)cc2)CC2CCC(C1)N2CCCSc1ccccc1F,8.32
O=C1CCc2ccc(OCCCCN3CCC(c4cn(Cc5ccccc5)c5ccccc45)CC3)cc2N1,8.32
COc1ccccc1N1CCN(CCCCN2CCc3cc(-c4ccco4)ccc3C2=O)CC1,8.32
OC1(c2ccc(Br)cc2)CCN(Cc2c[nH]c3ccccc23)CC1,8.32
CN(c1ncccn1)[C@H]1CC[C@H](CCN2CCN(c3ccccc3)CC2)CC1,8.32
Cc1ccsc1C(=O)N[C@H]1CC[C@H](CCN2CCN(c3nsc4ccccc34)CC2)CC1,8.32
O=C(CCc1cn(CCCCCCCCCCn2cc(CCC(=O)OC3(c4ccc(Cl)cc4)CCN(CCCC(=O)c4ccc(F)cc4)CC3)nn2)nn1)OC1(c2ccc(Cl)cc2)CCN(CCCC(=O)c2ccc(F)cc2)CC1,8.31
CCCN(CCN1CCN(c2ccnc3ccccc23)CC1)C1CCc2c(cccc2OC)C1,8.31
O[C@@]1(c2ccc(F)cc2)C[C@H]2CC[C@@H](C1)N2Cc1coc2ccccc12,8.31
Cc1cc(C)c(-c2ccc3c(c2)C(N2CCN(C)CC2)Cc2ccccc2S3)c(C)c1,8.31
CCCN(CCCCN1C(=O)CC2(CCCC2)CC1=O)[C@@H]1CCc2c(F)cccc2C1,8.31
C#CC1=CC[C@H](N(CCC)CCCCNC(=O)c2ccc(OCCCc3cn(CCCC)nn3)c(OC)c2)CO1,8.31
O=C(CCCN1CCC(O)(c2ccc(Cl)cc2)CC1)c1ccc(Cl)cc1,8.3
O=C(NC1CCc2ccc(CCN3CCN(c4nsc5ccccc45)CC3)cc21)c1ccc(Cl)cc1,8.3
O=C1c2ccccc2C(=O)N1CCCCCN1CC=C(c2c[nH]c3ccc(F)cc23)CC1,8.3
Br.COc1ccc(Cl)cc1N1CCN(C[C@H]2C[C@@H]2c2ccccc2)CC1,8.3
O=C(O)C(=O)O.Oc1ccc2c(c1)O[C@@H](CNCCN1CCN(c3ccc(OCCF)cc3)CC1)CC2,8.3
O=c1[nH]c2c(N3CCN(CC[C@@H]4CCCN4S(=O)(=O)c4cncc5ccccc45)CC3)cccc2o1,8.3
O=S(=O)(c1cccc2cnccc12)N1CCC[C@H]1CCN1CCN(c2cccc3sccc23)CC1,8.3
Oc1nc2c3c(ccc2[nH]1)CCC(CNCc1ccccc1)O3,8.3
Cn1c(CCCN2CCN(c3cccc(Cl)c3Cl)CC2)nc(-c2ccccc2)c1C(=O)NCc1ccccc1,8.3
CC(=O)c1ccc(C(=O)N[C@H]2CC[C@H](CCN3CCN(c4nsc5ccccc45)CC3)CC2)o1,8.3
CCCN(CCC)C1CCc2nc(N)ccc2C1,8.3
O=C(N[C@H]1CC[C@H](CCN2CCN(c3cccc(Cl)c3Cl)CC2)CC1)c1ccsc1,8.3
Nc1nc(N)nc(NCCCCCCN2CCN(c3cccc(Cl)c3Cl)CC2)n1,8.3
O=C(NCCCCCN1CCN(c2cccc(Cl)c2Cl)CC1)c1cccc2c1-c1ccccc1C2=O,8.3
Br.Clc1ccccc1N1CCN(C[C@H]2C[C@@H]2c2ccccc2)CC1,8.3
O=C(NC1CCc2ccc(CCN3CCN(c4nsc5ccccc45)CC3)cc21)c1ccco1,8.3
O=C(NC1CCc2cc(CCN3CCN(c4nsc5ccccc45)CC3)ccc21)c1cccnc1,8.3
Cc1ccccc1N1CCN(CCCCOc2ccc3c(n2)NC(=O)CC3)CC1,8.3
O=S(=O)(c1cccc2cnccc12)N1CCC[C@@H]1CCN1CCN(c2cccc3sccc23)CC1,8.3
COc1ccccc1N1CCN(CCNC(=O)c2ccc(F)cc2)CC1,8.3
Br.COc1ccccc1N1CCN(C[C@H]2C[C@@H]2c2ccccc2)CC1,8.3
O=c1ccc(OCCCN2CCC(c3noc4cc(F)ccc34)CC2)nn1-c1c(F)cccc1F,8.3
O=S(=O)(c1ccnc2ccccc12)N1CCCC[C@@H]1CCN1CCN(c2nsc3ccccc23)CC1,8.3
O=C1N(CCN2[C@@H]3CCC[C@H]2CC3)CCN1c1cccc(Cl)c1,8.3
Cc1ccccc1N1CCN(CC[C@H]2CC[C@H](NC(=O)c3cccs3)CC2)CC1,8.3
COc1ccccc1N1CCN(CCCCOc2ccn3nc(C=O)cc3c2)CC1,8.29
O=C(NCCCCN1CCN(c2ccccc2OCCF)CC1)c1c[nH]c2ccccc12.O=C(O)C(=O)O,8.29
c1cc2c(c(N3CCN(CCCCc4c[nH]c5ccccc45)CC3)c1)OCCO2,8.29
CCCN(CCc1ccc(CCN(CCC)[C@H]2CCc3c(O)cccc3C2)cc1)[C@@H]1CCc2cc(O)c(O)cc2C1,8.28
O=S(=O)(NCCN1CCC(c2noc3cc(F)ccc23)CC1)c1ccc2ccccc2c1,8.28
CN(C)c1ccc(C2(O)CCN(CCCC(=O)c3ccc(F)cc3)CC2)cc1,8.28
CSc1ccccc1N1CCN(CCCCCC(=O)NCc2ccc(C#N)cc2)CC1,8.28
CCCN1CCN(c2cccc(Cl)c2Cl)CC1,8.28
Nc1cc(F)ccc1C(=O)CCCN1CC[C@H]2[C@@H](C1)c1cccc3c1N2CCC3,8.28
C[C@H]1Oc2c(cccc2N2CCN(CCCc3c[nH]c4c(F)cccc34)CC2)NC1=O,8.28
O=C(O)C(=O)O.Oc1cc2c(cc1Cl)CCC(CNCc1ccccc1)O2,8.28
c1ccc(N2CCN(CC[C@H]3CC[C@H](Nc4ncccn4)CC3)CC2)cc1,8.28
O=S(=O)(CC1CCN(CCCc2noc3cc(F)ccc23)C1)c1ccc2ccccc2c1,8.28
CCCN(CCN1CCN(c2cccc3ncccc23)CC1)C1CCc2ccc(O)cc2C1,8.28
O=S(=O)(NCCCCN1CCN(c2noc3ccccc23)CC1)c1cccs1,8.28
CCc1cc(Cl)c(OC)c(N2CCN(CC[C@H]3CC[C@H](NC(N)=O)CC3)CC2)c1,8.28
OC1(c2ccc(Cl)cc2)CCN(CCCCc2ccc(F)cc2)CC1,8.27
COc1ccccc1N1CCN(CCc2ccc3[nH]nnc3c2)CC1,8.27
Cc1nc2n(c(=O)c1CCN1CCN(c3cccc4sccc34)CC1)CCCC2O,8.27
O=C(CCC(=O)OC1(c2ccc(Cl)cc2)CCN(CCCC(=O)c2ccc(F)cc2)CC1)OC1(c2ccc(Cl)cc2)CCN(CCCC(=O)c2ccc(F)cc2)CC1,8.27
O=C1CCc2ccc(CCN3CCN(c4cc(F)cc5sccc45)CC3)cc2N1,8.27
Fc1ccc2c(C3CCN(CCCOc4ccc(CN5CCOCC5)c(Cl)c4)CC3)noc2c1,8.27
CNc1nc(Cl)c(SC)c(N2CCN(C)CC2)n1,8.27
CN(C)C1CCc2ccc(O)cc2C1,8.27
N#Cc1cc(N2CCN(CC[C@H]3CC[C@H](NC(=O)CN)CC3)CC2)cc(C(F)(F)F)c1,8.27
CN(CCCCNC(=O)c1ccc2c(c1)Cc1ccccc1-2)[C@@H]1Cc2cccc3[nH]c(=O)n(c23)C1,8.26
O=C(O)C(=O)O.Oc1ccc2c(c1)O[C@@H](CNCc1ccc(OCCCCF)cc1)CC2,8.26
O=C1NCc2ccc(OCCCN3CCN(c4cccc5cccc(F)c45)CC3)c(F)c21,8.26
Cc1ncoc1-c1nnc(SCCCN2CCC[C@]3(C[C@H]3c3ccc(C(F)(F)F)cc3)C2)n1C,8.26
Cc1cccc(S(=O)(=O)NCCCN2CC=C(c3c[nH]c4ccc(Cl)cc34)CC2)c1,8.26
O=Cc1ccc(-c2ccccc2OCF)cc1,8.26
O=c1[nH]c2ccccc2n1C1CCN(CCOc2ccccc2)CC1,8.26
CCc1cccc(N2CCN(CCCCNC(=O)c3cc4ccccc4[nH]3)CC2)c1Cl,8.26
COc1ccc2[nH]cc(CN3CCC(O)(c4ccc(SC)cc4)CC3)c2c1,8.26
O=c1[nH]c2ccc(CCN3CCN(c4cccc5sccc45)CC3)cc2o1,8.26
C#CC1=CC[C@H](N(CCC)CCCCNC(=O)c2cc3ccccn3n2)CC1,8.26
Cc1nc2n(c(=O)c1CCN1CCN(c3cccc4sccc34)CC1)CCCC2Cl,8.26
O=C1CCc2ccc(OCCCCN3CCN(c4ccccc4F)CC3)cc2N1,8.26
COc1ccccc1N1CCN(CCCCNC(=O)c2cc3ccc2CCc2ccc(cc2)CC3)CC1,8.25
CCc1cccc(N2CCN(CCCCCNC(=O)c3cn4ccccc4n3)CC2)c1Cl,8.25
O=S(=O)(N[C@H]1CCN(CCCc2noc3ccccc23)C1)c1cc2ccccc2o1,8.25
O=S(=O)(NCCCN1CC=C(c2c[nH]c3ccc(Cl)cc23)CC1)c1cccc(Cl)c1,8.25
O=C(CCCCCCCC(=O)OC1(c2ccc(Cl)cc2)CCN(CCCC(=O)c2ccc(F)cc2)CC1)OC1(c2ccc(Cl)cc2)CCN(CCCC(=O)c2ccc(F)cc2)CC1,8.25
O[C@@]1(c2ccc(Cl)cc2)C[C@H]2CC[C@@H](C1)N2Cc1coc2c1ccc1ccccc12,8.25
Cc1ccc(N2CCN(CC[C@H]3CC[C@H](NC(=O)C4CCCCC4)CC3)CC2)cc1C,8.25
O=C1CCc2cc(OCCCN3CCC(C4=NOC5C=C(F)C=CC45)CC3)ccc2N1,8.25
COc1ccccc1N1CCN(CCCCNc2ccc3ccccc3n2)CC1,8.25
CCc1cccc(N2CCN(CCCCNC(=O)c3cn4ccccc4n3)CC2)c1Cl,8.25
O=C1NCCc2ccc(OCCCN3CCCN(c4cccc(Cl)c4Cl)CC3)cc21,8.24
Cc1ncoc1-c1nnc(SCCCN2CC3CCN(c4cccc(C#N)c4)C3C2)n1C,8.24
O=C1NCc2ccc(OCCCCN3CCN(c4cccc5ccc(F)cc45)CC3)c(F)c21,8.24
O=C(N[C@H]1CC[C@H](CCN2CCN(c3nsc4ccccc34)CC2)CC1)OCc1cc2ccccc2o1,8.24
O=C1CCc2ccc(OCCCCN3CCN(c4ccccc4Cl)CC3)nc2N1,8.24
CCc1cccc(N2CCN(CC[C@H]3CC[C@H](NC(=O)C4=CC5C=CC=CC5N4)CC3)CC2)c1Cl,8.24
COc1ccccc1N1CCCN(CCCCOc2ccc3c(n2)NC(=O)CC3)CC1,8.24
CCc1cc(Cl)c(OC)c(N2CCN(CC[C@H]3CC[C@H](NC(=O)NC)CC3)CC2)c1,8.24
C[C@H]1CN(CC[C@H]2CC[C@H](N3C(=O)c4ccccc4C3=O)CC2)CCc2ccc(Cl)cc21,8.24
O=C1NCc2cc(F)c(OCCCN3CCN(c4cccc5ccc(F)cc45)CC3)cc21,8.24
Oc1ccc(C2=CCN(C[C@@H]3CCC=C(c4ccccc4)C3)CC2)cc1,8.24
c1ccc(N2CCN(C[C@H]3CC[C@H](Nc4ncccn4)CC3)CC2)cc1,8.24
FC(F)(F)c1cccc(N2CCN(CCCc3ccc4[nH]c(=S)[nH]c4c3)CC2)c1,8.24
CCCCOC(=O)c1cc2c3c(ccc2[nH]1)OCC(CN1CCC2(CC1)C(=O)NCN2c1ccccc1)O3,8.24
O=C(OCc1ccccc1)c1cc2c3c(ccc2[nH]1)OCC(CN1CCC2(CC1)C(=O)NCN2c1ccccc1)O3,8.24
COc1ccccc1N1CCN(CCCCOc2ccn3nc(CO)cc3c2)CC1,8.24
CC1CN(C)C(=O)c2cc(OCCCN3CCC(c4noc5cc(F)ccc45)CC3)ccc21,8.24
Cc1c(C)c2ccc(OCCCN3CCN(c4ccccc4)CC3)cc2oc1=O,8.23
O=C(NCCCCN1CCN(c2ccccc2OCCF)CC1)c1ccc(-n2ccnc2)cc1,8.23
C[C@H]1CN(CC[C@H]2CC[C@H](NC(=O)N(C)C)CC2)CCc2ccc(Cl)cc21,8.23
COc1ccc2c(C(=O)NC/C=C/CN3CCN(c4ccccc4OCCF)CC3)c[nH]c2c1.O=C(O)C(=O)O,8.23
CN1CCN(C2Cc3ccccc3Sc3ccc(-c4ncn(C)n4)cc32)CC1,8.23
Nc1ccccc1C(=O)CCCN1CC[C@@H]2[C@H](C1)c1cccc3c1N2CCCS3,8.23
FC(F)(F)c1cccc(N2CCN(CCOc3ccc4[nH]c(=S)[nH]c4c3)CC2)c1,8.23
O=C1NCc2cc(Cl)c(OCCCCN3CCN(c4cccc5cccc(F)c45)CC3)cc21,8.23
CN(C)C[C@H]1CC2c3ccccc3Oc3ccc(Cl)cc3[C@H]2O1,8.23
Cc1ccccc1N1CCN(CCCCOc2ccc3c(c2)NC(=O)CC3)CC1,8.23
Fc1ccc(-c2cncc(CNC[C@H]3CCc4ccccc4O3)c2)cc1,8.221848749616356
COc1ccc(N2CCN(CC[C@H]3CC[C@H](Nc4ncccn4)CC3)CC2)cc1,8.22
CCCN(CCC)C1CCc2c(O)cccc2C1,8.22
C=CCN1CCC[C@H]1CNC(=O)c1cc(CCCSC2CC(=O)N(CCCCCC(=O)NCCOCCOCCOCCOCCC(=O)N[C@@H](CCCCNC(=O)O/N=C/c3ccc([Si](F)(C(C)(C)C)C(C)(C)C)cc3)C(=O)N[C@@H](Cc3cnc[nH]3)C(=O)N[C@@H](C)C(=O)N[C@H](C(=O)N[C@@H](Cc3ccc(O)cc3)C(=O)N3CCC[C@H]3C(=O)N[C@@H](CCCNC(=N)N)C(=O)N[C@@H](Cc3cnc[nH]3)C(=O)O)[C@@H](C)CC)C2=O)cc(OC)c1OC,8.22
O=C(NCCN1CC=C(c2cccc(C(F)(F)F)n2)CC1)C1CCCOC1,8.22
O=S(=O)(NCCCN1CCN(c2nsc3ccccc23)CC1)c1ccc2cc(Cl)ccc2c1,8.22
O=C1CCc2ccc(OCCCCN3CCN(c4cccc5c(F)cccc45)CC3)nc2N1,8.22
O=S(=O)(c1cncc2ccccc12)N1CCC[C@@H]1CCN1CCN(c2cccc3sccc23)CC1,8.22
O=C(NC1CCc2ccc(CCN3CCN(c4nsc5ccccc45)CC3)cc21)c1ccc(F)cc1,8.22
O=C(NC1CCc2ccc(CCN3CCN(c4nsc5ccccc45)CC3)cc21)c1cccnc1,8.22
Nc1nc2cccc(CCN3CCN(c4cccc5sccc45)CC3)c2s1,8.22
Nc1ccccc1C(=O)CCCN1CC[C@H]2[C@@H](C1)c1cccc3c1N2CCCS3,8.22
O=C1CCc2ccc(OCCCN3CCCN(c4cccc(Cl)c4Cl)CC3)cc2N1,8.22
O=S(=O)(c1cncc2ccccc12)N1CCCCC[C@H]1CCN1CCN(c2cccc3sccc23)CC1,8.22
Nc1nc2cc(CCN3CCN(c4cccc5sccc45)CC3)ccc2s1,8.22
CCCN(CCC)[C@H]1CCc2c(O)cccc2C1,8.22
FC(F)(F)c1cccc(N2CCN(CC[C@H]3CC[C@H](Nc4ncccn4)CC3)CC2)c1,8.22
N#Cc1cccc(-c2cccc(CN3CCN(c4cccc5nc(O)oc45)CC3)c2)c1,8.22
O=C(NC/C=C/CN1CCN(c2cccc(Cl)c2Cl)CC1)c1ccc(F)cc1,8.21
CCCN1CCOC2c3cc(O)ccc3CCC21,8.21
CCN1CCN(c2cc(-c3ccc(F)cc3)c3c(n2)CCC[C@@H](O)CC3)CC1,8.21
O=C1CCc2ccc(OCCCCN3CCN(c4cccc5c4ccn5Cc4cccc(F)c4)CC3)cc2N1,8.21
Cc1nn(C2CCN(Cc3ccccc3)CC2)cc1-c1ccccc1,8.21
O=Cc1cnn2cc(OCCCCN3CCN(c4cccc(Cl)c4Cl)CC3)ccc12,8.21
CN1CCN(C2Cc3ccccc3Sc3ccc(CNC(=O)C(C)(C)C)cc32)CC1,8.21
COc1cc(CN2CCCC2)ccc1OCCCN1CCC(c2noc3cc(F)ccc23)CC1,8.21
COc1ccccc1N1CCN(CCCCNC(=O)c2sc3nc(OC)c(Cl)c(C)c3c2N)CC1,8.2
CCN(Cc1ccc(-c2cc(S(=O)(=O)CC)ccc2OC)[nH]1)Cc1ccccc1C,8.2
CCc1cccc(N2CCN(CCCCNC(=O)c3cc4ccccc4o3)CC2)c1Cl,8.2
CC(C)Oc1cc2c(cc1NS(=O)(=O)c1ccc(-c3ccc(Cl)cc3)cc1)CCN(C)CC2,8.2
C[C@H]1CN(CC[C@H]2CC[C@H](NC(=O)N3CCCC3)CC2)CCc2ccc(Cl)cc21,8.2
CCCN1CCc2cccc3c2[C@H]1Cc1ccc(OC(C)=O)c(OC(C)=O)c1-3,8.2
Cn1ccc2c(N3CCN(CCCCOc4ccc5c(c4)NC(=O)CC5)CC3)cccc21,8.2
NC(=O)c1ccccc1OCCCN1CCN(c2cccc3c2ccn3S(=O)(=O)c2ccccc2)CC1,8.2
O=C1CCc2ccc(CC3C4CCC3CN(C[C@@H]3COc5c(ccc6c5CC(=O)N6)O3)C4)cc2N1,8.2
Cc1ccc(-c2ccc3c(c2)C(N2CCN(C)CC2)Cc2ccccc2S3)cc1,8.2
Cc1cccc(N2CCN(CC[C@H]3CC[C@H](NC(=O)c4cccs4)CC3)CC2)c1,8.2
CCc1cccc(N2CCN(CCCCCNC(=O)c3cc4ccccc4o3)CC2)c1Cl,8.2
CCCN(CCC)[C@@H]1CCc2c(cccc2OC)C1,8.2
CCN1CCCC1CNC(=O)c1cc(S(=O)(=O)CC)ccc1OC,8.2
CCCCCCNC[C@H]1CCc2ccc(O)cc2O1.O=C(O)C(=O)O,8.2
COc1ccccc1N1CCN(CCCNC(=O)c2cccc(OCCOCCOCCOCCOc3cccc(C(=O)NCCCN4CCN(c5ccccc5OC)CC4)c3)c2)CC1,8.19
COc1ccccc1N1CCN(CCNC(=O)c2cn(-c3ccc([N+](=O)[O-])cc3)nn2)CC1,8.19
CCCc1c(C(=O)NCCCCN2CCN(c3ccccc3OC)CC2)nnn1Cc1ccccc1,8.19
CCOCCOc1ccn2ncc(C(=O)NCCCN3CCN(c4ccccc4OC)CC3)c2c1,8.19
O=S(=O)(N[C@H]1CC[C@@H](CCN2CCN(c3nsc4ccccc34)CC2)CC1)c1cc2ccccc2o1,8.19
COc1ccc2c(c1)CCN(C)CCc1cc(OC)ccc1C2,8.19
O=C(N[C@H]1CC[C@H](CCN2CCN(c3cccc(Cl)c3Cl)CC2)CC1)C1=CC2C=CC=CC2N1,8.19
CNc1cc(OC)c(C(=O)N[C@H]2CCN(Cc3ccccc3)C[C@@H]2C)cc1Cl,8.19
Sc1nc2c(OCCNCc3ccccc3)cc(Cl)cc2[nH]1,8.19
CC(C)Oc1ccccc1N1CCN(C2CCC(NC(=O)Nc3c(Cl)cc(Cl)cc3Cl)CC2)CC1,8.19
O=[N+]([O-])c1ccc2sc(S(=O)(=O)N[C@H]3CC[C@H](CCN4CCN(c5nsc6ccccc56)CC4)CC3)cc2c1,8.19
O=C(N[C@H]1CC[C@H](CCN2CCN(c3cccc(Cl)c3)CC2)CC1)c1cccs1,8.19
O=C1CCc2cc(F)ccc2N1CCCN1CCC(n2c(=O)[nH]c3ccccc32)CC1,8.19
CCCc1c(C(=O)NCCCCN2CCN(c3cccc(Cl)c3Cl)CC2)nnn1Cc1ccccc1,8.19
CCOc1cccc2cc(CNCCCCOc3ccc4ccc(=O)oc4c3)oc12,8.19
COc1ccccc1N1CCN(CCCCNC(=O)/N=N/c2cc(F)c(F)c(F)c2)CC1,8.18
O=C(O)C(=O)O.OC1(c2ccc(Br)cc2)CCN(Cc2coc3ccccc23)CC1,8.18
CCCN(C/C=C/I)C1CCc2ccc(O)cc2C1,8.18
COc1ccccc1N1CCN(CCCCNC(=O)c2cn3ccccc3n2)CC1,8.18
COc1ccc(F)cc1[C@@H]1C[C@H]1CNCCCOc1ccc2ccc(=O)[nH]c2c1,8.18
COc1ccc(F)cc1[C@H]1C[C@@H]1CNCCCOc1ccc2ccc(=O)[nH]c2c1,8.18
O=C(NC/C=C/CN1CCN(c2cccc(Cl)c2Cl)CC1)c1ccccc1O,8.18
O=C1NCN(c2ccccc2)C12CCN(CC1COc3ccccc3O1)CC2,8.17
O=C1COc2ccc(CCN3CCC(c4cccc5sccc45)CC3)cc2N1,8.17
CSc1cc2c(c(C(=O)NC[C@H]3CCCN3CCc3ccccc3)c1)OCC2,8.17
Cc1cccc(C2CCN(CCNC(=O)C3CCCCO3)CC2)n1,8.17
CN1CCc2cc(Br)cc3c2[C@H]1Cc1ccc(O)c(O)c1-3,8.17
Cc1c(OCCCN2CCN(c3cccc4ccccc34)CC2)ccc2c1C(=O)NC2,8.17
O=C(Nc1cc2ccccc2s1)N[C@H]1CC[C@H](CCN2CCN(c3nsc4ccccc34)CC2)CC1,8.17
CCOC(=O)c1cc2cc(OCCCCN3CCN(c4cccc(Cl)c4Cl)CC3)ccn2n1,8.17
C=CCN1CCC2c3c(cccc3OC)CC[C@H]21,8.17
N#Cc1cc2cc(OCCCCN3CCN(c4cccc(Cl)c4Cl)CC3)ccn2n1,8.17
CCCN(CCc1ccc(C)cc1)[C@H]1CCc2c(O)cccc2C1,8.17
COC(=O)c1cc2c3c(ccc2[nH]1)OCC(CN1CCC(n2c(O)nc4ccccc42)CC1)O3,8.17
CCCN(CCc1ccc(N)cc1)C1CCc2c(O)cccc2C1,8.17
CCc1cccc(N2CCN(CCC(O)CNC(=O)c3cc4ccccc4[nH]3)CC2)c1Cl,8.17
CN1CCc2ccc(OCCCN3CCN(c4nsc5ccccc45)CC3)cc2C1=O,8.16
OC1(c2ccc(Cl)c(Cl)c2)CCN(Cc2c[nH]c3ccccc23)CC1,8.16
C[C@@H](O)[C@@H]1NC(=O)[C@H](CCCCN)NC(=O)[C@@H](Cc2c[nH]c3ccccc23)NC(=O)[C@H](Cc2ccccc2)NC(=O)[C@H](Cc2ccccc2)NC(=O)[C@H](CCCNC(=N)N)NC(=O)[C@H](NCCCC[C@@H]2C[C@@H]3c4cccc5[nH]cc(c45)C[C@H]3N(C)C2)CCCCNC(=O)[C@H](Cc2ccc(F)cc2)NC1=O,8.16
COc1ccccc1N1CCN(CCCCN2CCc3cc(-c4cccs4)ccc3C2=O)CC1,8.16
CCCN(CCc1ccc(N/C(S)=N/c2ccc3c(c2)C(=O)OC32c3ccc(O)cc3Oc3cc(O)ccc32)cc1)C1CCc2c(O)cccc2C1,8.15
Nc1nc(N)nc(NCCCCN2CCN(c3cccc(Cl)c3Cl)CC2)n1,8.15
CCCN(CCN1CCN(c2ccnc3ccccc23)CC1)C1CCc2ccc(O)cc2C1,8.15
CCCc1c(C(=O)NCCCCN2CCN(c3ccccc3OC)CC2)nnn1Cc1ccc(OC)cc1,8.15
COc1ccccc1N1CCN(CCCCCNC(=O)c2cnn3ccccc23)CC1,8.15
S=c1[nH]c2ccc(OCCN3CCN(c4cccc(Cl)c4)CC3)cc2[nH]1,8.15
CO[C@]1(C)c2cccc3c2-c2c1ccc1c2[C@@H](C3)N(C)CC1,8.15
CCOc1cccc2cc(CNCCCCOc3ccc4c(c3)NC(=O)CC4)oc12,8.15
O=C1c2ccccc2S(=O)(=O)N1CCCCCCN1CCN(c2cccc(C(F)(F)F)c2)CC1,8.15
O=C(O)C(=O)O.Oc1cc2c(cc1Cl)CC[C@H](CNCc1ccccc1)O2,8.15
O=S(=O)(c1cccc2ncccc12)N1CCCC[C@@H]1CCN1CCN(c2nsc3ccccc23)CC1,8.15
CN1CCN(C2=Nc3cc(Cl)ccc3Nc3ccccc32)CC1,8.15
CC(=O)NCc1ccc2c(c1)C(N1CCN(C)CC1)Cc1ccccc1S2,8.15
COc1ccccc1N1CCN(CCCCN2CCc3cc(-c4ccncc4)ccc3C2=O)CC1,8.15
Br.COc1ccc([C@H]2C[C@@H]2CN2CCN(c3ccc(Cl)cc3Cl)CC2)cc1,8.15
CN1CN(c2ccccc2)C2(CCN(Cc3coc4ccccc34)CC2)C1=O.O=C(O)C(=O)O,8.15
Cc1cccc(C2CCN(CCNC(=O)C3CC4CCC3O4)CC2)n1,8.15
C=CCN1C[C@H](OCc2ccncc2)C[C@H]1CNC(=O)c1cc(CCCF)cc(OC)c1OC,8.15
O=C(NCCN1CCC(n2c(=O)[nH]c3cc(Cl)ccc32)CC1)c1ccc(F)cc1,8.15
CS(=O)(=O)Nc1cc(OCCN2CC3CCC(C2)C3Cc2ccc3c(c2)NC(=O)CC3)ccc1F,8.15
COc1ccccc1N1CCN(CCCCN2CCc3ccccc3C2=O)CC1,8.15
COc1ccccc1N1CCN(CCCCNC(=O)/C=C/c2ccc(/C=C/C(=O)NCCCCN3CCN(c4ccccc4OC)CC3)cc2)CC1,8.14
CCc1cc(Cl)c(OC)c(C(=O)NC[C@@H]2C[C@@H](OCCCCOCc3ccccc3)CN2)c1O,8.14
CSc1ccccc1N1CCN(CCCCCC(=O)NC2CCCc3ccccc32)CC1,8.14
C=CCN1CC[C@H](OCc2ccccc2)[C@H]1CNC(=O)c1cc(CCCF)cc(OC)c1OC,8.14
CN1CCN([C@@H]2Cc3ccccc3Sc3ccc(Cl)cc32)CC1,8.14
Oc1ccc2ccc(OCCCCN3CCN(c4cccc(Cl)c4Cl)CC3)cc2n1,8.14
C=CCN1CCC[C@H]1CNC(=O)c1cc(CCCSC2CC(=O)N(CCCCCC(=O)NCCOCCOCCOCCOCCC(N)=O)C2=O)cc(OC)c1OC,8.14
CN(C)C(=O)N1CCC(CCCN2CCN(c3cccc(Cl)c3Cl)CC2)CC1,8.14
O=C(O)C(=O)O.Oc1ccc2c(c1)O[C@@H](CNCc1ccccc1)CO2,8.14
Clc1ccccc1N1CCN(Cc2nc3ccccc3[nH]2)CC1,8.14
Oc1ccc2c(c1)O[C@@H](CNCc1ccccc1)CO2,8.14
COc1cc(CN2CCN(C)CC2)ccc1OCCCc1cn(CCCCCCCCn2cc(CCCOc3ccc(CN4CCN(c5ccccc5OC)CC4)cc3OC)nn2)nn1,8.14
COc1ccccc1N1CCN(CCCCCOc2ccc3c(c2)NC(=O)CC3)CC1.O=C(O)C(=O)O,8.14
Clc1cccc(N2CCN(CCCCc3cn(-c4ccn5nccc5c4)nn3)CC2)c1Cl,8.14
c1ccc(N2CCN(CCC[C@H]3CC[C@H](Nc4ncccn4)CC3)CC2)cc1,8.13
O=C(NC/C=C/CN1CCN(c2cccc(Cl)c2Cl)CC1)c1ccccc1[N+](=O)[O-],8.13
COc1ccccc1N1CCN(CCCCCOc2ccc3ccc(=O)[nH]c3c2)CC1.O=C(O)C(=O)O,8.13
Cc1cc(-c2ccsc2)cc(N2CCN(C)CC2)n1,8.13
O=C1NCc2ccc(OCCCCN3CCN(c4cccc5ccccc45)CC3)cc21,8.13
COc1cc(N)c(Cl)cc1C(=O)N[C@H]1CCN(Cc2ccccc2)C[C@@H]1C,8.13
CC1CCN(CCc2ccc(OCCCN3CCC(c4noc5cc(F)ccc45)CC3)cc2)CC1,8.13
C=CCO[C@@H]1C[C@@H](CNC(=O)c2cc(CCCF)cc(OC)c2OC)N(CC=C)C1,8.13
C#CCN(CCCCN1CCN(c2cccc(Cl)c2Cl)CC1)C1CCc2ccc(O)cc2C1,8.13
O=C(N[C@H]1CC[C@H](CCN2CCN(c3cccc(Cl)c3Cl)CC2)CC1)C1CCCCC1,8.13
O=C(CCCN1CCC(O)(c2ccc(Cl)cc2)CC1)c1ccc(F)c(F)c1,8.13
Cc1ccc(S(=O)(=O)N[C@H]2CC[C@H](CCN3CCN(c4nsc5ccccc45)CC3)CC2)o1,8.13
O=C1CCc2ccc(CCN3CCC(c4cccc5sccc45)CC3)cc2N1,8.13
CCOC(=O)c1cc2cc(OCCCCN3CCN(c4ccccc4OC)CC3)ccn2n1,8.13
CCc1cc(Cl)c(OC)c(C(=O)NC[C@@H]2C[C@@H](OCCCc3ccccc3)CN2)c1O,8.13
CC1(C)Oc2c(cccc2N2CCN(CCCc3c[nH]c4ccccc34)CC2)NC1=O,8.13
O=c1[nH]c2ccc(OCCN3CCN(c4ccccc4)CC3)cc2[nH]1,8.12
COc1ccccc1N1CCN(CCCCNC(=O)/N=N/c2ccc(F)c(F)c2)CC1,8.12
COc1ccc2[nH]cc(C(=O)NC/C=C/CN3CCN(c4ccccc4OCCF)CC3)c2c1.O=C(O)C(=O)O,8.12
COc1cc2c(cc1O)[C@@H]1Cc3sc(CC(C)C)cc3CN1CC2,8.12
O=C(CCCN1CCC(O)(c2ccccc2)CC1)c1ccc(F)cc1,8.12
CCc1cccc(N2CCN(CC[C@H]3CC[C@H](NC(=O)c4ccnc5ccccc45)CC3)CC2)c1Cl,8.11
O=CNc1cc(F)ccc1C(=O)CCCN1CC[C@H]2[C@@H](C1)c1cccc3c1N2CCCS3,8.11
O=C(CCCN1CCN(c2cccc(Cl)c2Cl)CC1)Nc1ccn2nccc2c1,8.11
CC(C)c1ccccc1N1CCN(CCCCCC(=O)NCc2ccc(OS(C)(=O)=O)cc2)CC1,8.11
Br.Br.CCCN(CCc1cc(O)c(CCN(CCC)[C@H]2CCc3c(O)cccc3C2)cc1O)[C@H]1CCc2c(O)cccc2C1,8.11
O=C(CCCN1CCC(c2ccccc2)CC1)c1ccc(F)cc1,8.11
C=CCN1C[C@H](OC(=O)Nc2ccsc2)C[C@H]1CNC(=O)c1cc(CCCF)cc(OC)c1OC,8.11
Cc1c(-c2cccs2)nc(O)n1C1CCN(Cc2ccccc2)CC1,8.11
O=S(=O)(NCCCN1CCN(c2nsc3ccccc23)CC1)c1ccc(Cl)c(Cl)c1,8.11
C=CCN1CCC[C@H]1CNC(=O)c1cc(CCCSC2CC(=O)N(CCCCCC(=O)N[C@H](C(=O)N[C@@H](Cc3ccccc3)C(=O)N[C@@H](Cc3ccccc3)C(=O)N[C@@H](Cc3ccc(O)cc3)C(=O)NCC(=O)NCC(=O)N[C@@H](CO)C(=O)N[C@@H](CCCNC(=N)N)C(=O)NCC(=O)N[C@@H](CCCCNC(=O)CN3CCN(CC(=O)O)CCN(CC(=O)O)CCN(CC(=O)O)CC3)C(=O)N[C@@H](CCCNC(=N)N)C(=O)N[C@@H](CC(N)=O)C(=O)N[C@@H](CC(N)=O)C(=O)N[C@@H](Cc3ccccc3)C(=O)N[C@@H](CCCCN)C(=O)N[C@H](C(=O)N[C@@H](CCC(=O)O)C(=O)N[C@@H](CCC(=O)O)C(=O)N[C@@H](Cc3ccc(O)cc3)C(=O)O)[C@@H](C)O)[C@@H](C)O)C2=O)cc(OC)c1OC,8.1
CCN(Cc1ccc(-c2cc(S(=O)(=O)CC)ccc2OC)[nH]1)[C@H](C)c1ccccc1,8.1
O=C(CCCN1CCC(O)(c2ccc(Cl)cc2)CC1)c1ccccc1F,8.1
O=C1c2ccccc2S(=O)(=O)N1CCCCCCN1CCN(c2cccc3ccccc23)CC1,8.1
CCN1CCCCC1c1ccc(-c2cc(S(=O)(=O)CC)ccc2OC)[nH]1,8.1
Nc1nc(N)nc(NCCCCCN2CCN(c3cccc(Cl)c3Cl)CC2)n1,8.1
FC1(F)Oc2cccc(CN3CCN(C4=Nc5cc(Cl)ccc5Nc5ccccc54)CC3)c2O1,8.1
CCCSc1ccccc1N1CCN(CCCOc2ccc(-c3nc4ccccc4[nH]3)cc2)CC1,8.1
O=S(=O)(NCCCCN1CCN(c2cccc(Cl)c2Cl)CC1)c1cncc2ccccc12,8.1
CCN1CCCCCC1c1ccc(-c2cc(S(=O)(=O)CC)ccc2OC)[nH]1,8.1
COc1ccccc1N1CCN(Cc2cnn(-c3ccccc3)c2)CC1,8.1
O=C(O)C(=O)O.O=C1N(CCF)CN(c2ccccc2)C12CCN(Cc1coc3ccccc13)CC2,8.1
O=Cc1cnn2ccc(-n3cc(CCN4CCN(c5cccc(Cl)c5Cl)CC4)nn3)cc12,8.1
O=C(NC/C=C/CN1CCN(c2cccc(Cl)c2Cl)CC1)c1ccc(-c2ncc[nH]2)cc1,8.1
O=C1Cc2c(cccc2N2CCN(Cc3ccccc3)CC2)N1,8.1
CCN(Cc1cccc(C)c1)Cc1ccc(-c2cc(S(=O)(=O)CC)ccc2OC)[nH]1,8.1
Cc1c(S(=O)(=O)NCCCN2CCC(c3noc4cc(F)ccc34)CC2)sc2ccc(F)cc12,8.1
O=C1CCc2ccc(CC3CCN(C[C@@H]4COc5c(ccc6c5CC(=O)N6)O4)CC3)cc2N1,8.1
O=S(=O)(N[C@H]1CCN(CCOc2ccccc2-c2ccccc2)C1)c1ccc(Cl)s1,8.1
COc1ccccc1N1CCN(CCCCNC(=O)/C=C/c2cccc3c2OCO3)CC1,8.1
O=S(=O)(c1cccc2ncccc12)N1CCC[C@@H]1CCN1CCN(c2cccc3[nH]ccc23)CC1,8.1
O=C(NC1CCc2cc(CCN3CCN(c4nsc5ccccc45)CC3)ccc21)C(F)(F)F,8.1
O=C(Nc1ccc(CCN2CCN(c3ccccc3)CC2)cc1)Nc1cccnc1,8.09
CCCN[C@@H]1Cc2cccc3c2n(c(=O)n3CCC)C1,8.09
O=C1NCc2ccc(OCCCCN3CCN(c4cccc5cc(F)c(F)cc45)CC3)cc21,8.09
CCN1CCCC1CNC(=O)c1cc(S(=O)(=O)CC)c(NC)cc1OC,8.09
Oc1nc2cccc(N3CCN(Cc4cccc(-c5ccc(F)cc5)c4)CC3)c2o1,8.09
Cc1cccc(N2CCN(CCCCOc3ccc4c(c3)NC(=O)CC4)CC2)c1C,8.09
c1ccc(-c2cccc(CN3CCN(c4cccc5ccoc45)CC3)c2)cc1,8.09
COc1cc2c(N3CCN(CCc4ccc5c(c4)CCC(=O)N5)CC3)cccc2s1,8.09
Fc1cccc2[nH]cc(CCCN3CCN(c4cccc5c4OCCO5)CC3)c12,8.09
CC(C)(C)OC(=O)N[C@H]1CC[C@H](CCN2CCN(c3cccc(Cl)c3Cl)CC2)CC1,8.09
C=CCN1CCC[C@H]1CNC(=O)c1cc(CCCSC2CC(=O)N(CCCCCC(=O)N[C@@H](CCCNC(=N)N)C(=O)N[C@@H](CCC(N)=O)C(=O)N[C@H](C(=O)N[C@@H](CCCCN)C(=O)N[C@H](C(=O)N[C@@H](Cc3c[nH]c4ccccc34)C(=O)N[C@@H](Cc3ccccc3)C(=O)N[C@@H](CCC(N)=O)C(=O)N[C@@H](CC(N)=O)C(=O)N[C@@H](CCCNC(=N)N)C(=O)N[C@@H](CCCNC(=N)N)C(=O)N[C@@H](CCSC)C(=O)N[C@@H](CCCCN)C(=O)N[C@@H](Cc3c[nH]c4ccccc34)C(=O)N[C@@H](CCCCN)C(=O)N[C@@H](CCCCN)C(=O)O)[C@@H](C)CC)[C@@H](C)CC)C2=O)cc(OC)c1OC,8.09
COc1cc(CN2CCN(c3ccccc3OC)CC2)ccc1OCCCCc1cn(CCCCCCCCCCn2cc(CCCCOc3ccc(CN4CCN(c5ccccc5OC)CC4)cc3OC)nn2)nn1,8.09
C=CCN1C[C@H](OC(=O)Nc2ccoc2)C[C@H]1CNC(=O)c1cc(CCCF)cc(OC)c1OC,8.08
O=C1CCc2ccc(OCCCCN3CCN(c4cccc5[nH]c(=O)oc45)CC3)cc2N1,8.08
COc1ccccc1N1CCN(Cc2cc(C#N)c3cccccc2-3)CC1,8.08
O=S(=O)(N[C@@H]1CCN(CCCc2noc3ccccc23)C1)c1cc2ccc(Cl)cc2s1,8.08
C1=C(c2ccccc2)CCN(C[C@@H]2CCC=C(c3ccccc3)C2)C1,8.08
Cc1c(S(=O)(=O)NCCCN2CCN(c3nsc4ccccc34)CC2)sc2ccc(F)cc12,8.08
C=CCN1C[C@H](OC(=O)Nc2cccnc2)C[C@H]1CNC(=O)c1cc(CCCF)cc(OC)c1OC,8.08
O=C(NCCCCN1CCN(c2cccc3ccccc23)CC1)c1cc2ccccc2s1,8.08
C=CCN1C[C@H](OCCO)C[C@H]1CNC(=O)c1cc(CCCF)cc(OC)c1OC,8.08
CCCN1CCC[C@@H](c2cccc(O)c2)C1,8.07
Nc1nc(-c2ccc(Cl)cc2)cc(C2CCN(Cc3ccccc3)CC2)n1,8.07
Fc1ccc(N2CCN(CC[C@H]3CC[C@H](Nc4ncccn4)CC3)CC2)cc1,8.07
O=C(NC[C@@H]1C[C@H]1CN1CCN(c2cccc(Cl)c2Cl)CC1)c1cc2ccccc2[nH]1,8.07
O=C1NCc2ccc(OCCCN3CCN(c4cccc5cc(F)ccc45)CC3)c(F)c21,8.07
O=C(NCCCCN1CCN(c2ccccc2C(F)(F)F)CC1)c1n[nH]c2ccccc12,8.07
[C-]#[N+]c1ccc(S(=O)(=O)N[C@H]2CC[C@H](CCN3CCN(c4nsc5ccccc45)CC3)CC2)o1,8.07
CCCN(CCCCNC(=O)c1cc2ccccc2[nH]1)[C@@H]1Cc2cccc3c2n(c(=O)n3CCC)C1,8.07
CC[11CH2]N1CCO[C@@H]2c3cc(O)ccc3CC[C@H]21,8.07
COc1ccc2[nH]cc(CCCCN3CCN(c4cccc5sccc45)CC3)c2c1,8.07
O=C1CCc2ccc(OCCN3CCN(c4cccc5[nH]c(=O)oc45)CC3)cc2N1,8.07
O=C1CCc2ccc(OCCCN3CCN(c4cccc5[nH]c(=O)oc45)CC3)cc2N1,8.07
C[C@@H](O)[C@@H]1NC(=O)[C@H](CCCCN)NC(=O)[C@@H](Cc2c[nH]c3ccccc23)NC(=O)[C@H](Cc2ccccc2)NC(=O)[C@H](Cc2ccccc2)NC(=O)[C@H](CCCNC(=N)N)NC(=O)[C@H](NC[C@@H](Cc2ccc(O)cc2)NC(=O)CSC[C@@H]2C[C@@H]3c4cccc5[nH]cc(c45)C[C@H]3N(C)C2)CCCCNC(=O)[C@H](Cc2ccccc2)NC1=O,8.07
C=CCN1CC[C@@H]2c3c(cccc3OC)CC[C@H]21,8.07
Cc1cccc(S(=O)(=O)NCCCCN2CCN(c3nsc4ccccc34)CC2)c1,8.06
COc1ccccc1N1CCN(CCCOc2ccc(-c3nc4ccccc4[nH]3)cc2)CC1,8.06
Cc1c(-c2ccccc2)n(-c2ccccc2)c(=O)n1C1CCN(Cc2ccccc2)CC1,8.06
CN(C)CC1CC2c3ccccc3Cc3ccc(Cl)cc3N2O1,8.06
CC(C)COC(=O)N[C@H]1CC[C@H](CCN2CCN(c3nsc4ccccc34)CC2)CC1,8.06
C[C@H]1Oc2c(cccc2N2CCN(CCCc3c[nH]c4ccccc34)CC2)NC1=O,8.06
CCCN[C@H]1CCc2c(cccc2CS(=O)(=O)C(F)(F)F)C1.Cl,8.06
CCCN(CCCCNC(=O)c1ccc(OCCCc2cn(CCCCCCCCn3cc(CCCOc4ccc(CN5CCN(c6ccccc6OC)CC5)cc4OC)nn3)nn2)c(OC)c1)C1Cc2ccccc2C1,8.06
COc1ccccc1N1CCN(CCCCNC(=O)c2n[nH]c3ccccc23)CC1,8.06
C#Cc1ccc2c(c1)CCN(CCCCN1CCN(c3ccccc3OC)CC1)C2=O,8.06
CN1CCN(C2=Cc3cc(Cl)ccc3Oc3ccccc32)CC1,8.06
CCCN(CCCCN1CCN(c2cccc(Cl)c2Cl)CC1)C1CCc2ccc(O)cc2C1,8.06
O=C(NC/C=C/CN1CCN(c2cccc(Cl)c2Cl)CC1)c1cccc(F)c1,8.06
O=S(=O)(NCCCN1CCC(c2noc3cc(F)ccc23)CC1)c1cccs1,8.06
Cc1cc(OCCCN2CCC(c3noc4cc(F)ccc34)CC2)cc2c1CCN(C)C2=O,8.06
O=C(CCCN1CC[C@H]2[C@@H](C1)c1cccc3c1N2CCCS3)c1ccc(F)cc1,8.06
CCCN(CCN1CCN(c2ccc3ccccc3c2)CC1)C1CCc2ccc(O)cc2C1,8.05
O=C1Cc2cc(CCN3CCN(c4cccc5sccc45)CC3)ccc2N1,8.05
O=C1CCc2ccc(OCCCCN3CCN(C(=O)c4ccccn4)CC3)cc2N1,8.05
Cc1cc2c(s1)Nc1ccccc1N=C2N1CCNCC1,8.05
Cn1c(=O)c2c(nc3n(CCCCCN4CCN(c5ccc(Cl)cc5)CC4)c(-c4ccccc4)cn23)n(C)c1=O,8.05
O=C1c2ccccc2S(=O)(=O)N1CCCCCCN1CCN(c2nsc3ccccc23)CC1,8.05
O=C1NCc2cc(F)c(OCCCN3CCN(c4cccc5ccccc45)CC3)cc21,8.05
CS(=O)(=O)Nc1cc(OCCN2CCC(Oc3ccc4c(c3)NC(=O)CC4)CC2)ccc1F,8.05
O=c1[nH]c2c(N3CCN(CC[C@@H]4CCCN4S(=O)(=O)c4cccc5ncccc45)CC3)cccc2o1,8.05
CS(=O)(=O)N[C@H]1CC[C@H](CCN2CCN(c3nsc4ccccc34)CC2)CC1,8.05
Cc1c(S(=O)(=O)N[C@@H]2CCN(CCCc3noc4ccccc34)C2)sc2ccc(Cl)cc12,8.05
[C-]#[N+]c1ccc2sc(S(=O)(=O)N[C@H]3CC[C@H](CCN4CCN(c5nsc6ccccc56)CC4)CC3)cc2c1,8.05
CS(=O)(=O)Nc1cc(OCCNCc2cccs2)ccc1Cl,8.05
O=S(=O)(NCCCCN1CCN(c2cccc(Cl)c2Cl)CC1)c1cnc2ccccc2c1,8.05
O=C(NC[C@H]1CC[C@H](CN2CCN(c3nsc4ccccc34)CC2)CC1)c1ccco1,8.05
O=c1n(CCCCCCN2CCN(c3cccc(Cl)c3Cl)CC2)nc2ccccn12,8.05
CS(=O)(=O)Nc1cccc(OCCN2CCC(Cc3ccc4c(c3)NC(=O)CC4)CC2)c1,8.05
O=c1n(CCCCCCN2CCN(c3nsc4ccccc34)CC2)nc2ccccn12,8.05
CCCCCCCCCC(=O)NCCCN1CCN(C2=Nc3cc(Cl)ccc3Nc3ccccc32)CC1,8.05
CN1CC2c3ccccc3Oc3ccc(Cl)cc3C2C1,8.05
Cn1ccc2c(S(=O)(=O)N[C@@H]3CCN(CCCc4noc5ccccc45)C3)cccc21,8.04
O=C(NCCc1ccccc1)N[C@H]1CC[C@H](CCN2CCN(c3nsc4ccccc34)CC2)CC1,8.04
O=S(=O)(NCCN1CCC(c2noc3cc(F)ccc23)CC1)c1cccc2ccccc12,8.04
CC(C)c1ccccc1N1CCN(CCCCCC(=O)NCc2ccccc2)CC1,8.04
O=C1NCc2ccc(OCCCN3CCN(c4cccc5cccc(F)c45)CC3)c(Cl)c21,8.04
COc1ccccc1N1CCN(CCCCCNC(=O)c2sc3nc(C)cc(C)c3c2N)CC1,8.04
COc1ccccc1N1CCN(CCCCN2CCc3cc(F)ccc3C2=O)CC1,8.04
c1cc2c(c(N3CCN(CCCCCc4c[nH]c5ccccc45)CC3)c1)OCCO2,8.04
Cn1c(=O)n(C)c2cc(CCN3CCN(c4cccc5sccc45)CC3)ccc21,8.03
c1cc(N2CCN(CCCCc3nnnn3C3CCCCC3)CC2)c2ccsc2c1,8.03
Clc1cccc(N2CCN(CCCCOc3cc4ccccn4n3)CC2)c1Cl,8.03
Cc1cccc(-c2cccc(CN3CCN(c4cccc5nc(O)oc45)CC3)c2)c1,8.03
O=C(N[C@H]1CC[C@H](CCN2CCN(c3nsc4ccccc34)CC2)CC1)c1sc2ccccc2c1Cl,8.03
COc1ccccc1N1CCN(CCc2cn(-c3ccn4ncc(C=O)c4c3)nn2)CC1,8.03
O=C1NCc2cc(Cl)c(OCCCCN3CCN(c4cccc5ccccc45)CC3)cc21,8.03
CCc1cc(Cl)c(OC)c(C(=O)NC[C@@H]2C[C@@H](OCCCCNCCC(C(=O)N(C)C)(c3ccccc3)c3ccccc3)CN2)c1O,8.03
Cc1c(OCCCCN2CCN(c3cccc4cc(F)ccc34)CC2)ccc2c1C(=O)NC2,8.03
COc1ccccc1N1CCN(CCCCc2cn(-c3ccccc3O)nn2)CC1,8.03
O=C1Cc2c(ccc3c2O[C@@H](CNCc2ccccc2)CC3)N1,8.03
C=CCN1C[C@H](OCc2ccc(F)cc2)C[C@H]1CNC(=O)c1cc(CCCF)cc(OC)c1OC,8.02
O=C1NCc2cc(F)c(OCCCN3CCN(c4cccc5cccc(F)c45)CC3)cc21,8.02
CCCN(CCN1CCN(c2ccccc2OC)CC1)C1CCc2c(O)cccc2C1,8.02
COc1ccccc1N1CCN(CCCOc2ccc3c(c2)C(=O)N(C)CC3)CC1,8.02
CN(C[C@@H]1C[C@H]1CCNC(=O)c1cc2ccccc2[nH]1)[C@@H]1Cc2cccc3[nH]c(=O)n(c23)C1,8.02
COc1cc(CN2CCCCC2)ccc1OCCCN1CCC(c2noc3cc(F)ccc23)CC1,8.02
COc1ccccc1N1CCN(CCCCNC(=O)/C=C/c2cccs2)CC1.O=C(O)C(=O)O,8.02
COCC(=O)N[C@H]1CC[C@H](CCN2CCN(c3nsc4ccccc34)CC2)CC1,8.02
O=C1CCc2ccccc2N1CCCN1CCC(n2c(=O)[nH]c3ccccc32)CC1,8.02
FC(F)(F)c1cccc(N2CCN(CCCCNc3ncc(-c4ccccc4)o3)CC2)c1,8.02
O=S(=O)(N[C@H]1CC[C@H](CCN2CCN(c3nsc4ccccc34)CC2)CC1)c1cc2cc(Cl)ccc2s1,8.01
Fc1ccc2c(C3CCN(CCCOc4ccc(CCN5CCCCC5)cc4)CC3)noc2c1,8.01
C[C@H]1CN(CC[C@H]2CC[C@H](NC(=O)C3CC3)CC2)CCc2ccc(Cl)cc21,8.01
Nc1cccc(C#CCCN2CC=C(c3ccccc3)CC2)c1,8.01
CCCN(C/C=C/I)C1CCc2cc(O)ccc2C1,8.01
O=C(O)C(=O)O.Oc1ccc2c(c1)OC(CNCc1ccccc1)CC2,8.01
CCOc1ccccc1N1CCN(CCCCNC(=O)c2n[nH]c3ccccc23)CC1,8.01
O=C1NCc2ccc(OCCCCN3CCN(c4cccc5cccc(F)c45)CC3)c(Cl)c21,8.01
C=CCN1CCC[C@H]1CNC(=O)c1cc(CCCSC2CC(=O)N(CCCCCC(=O)N[C@@H](CCCNC(=N)N)C(=O)N[C@@H](CCCCN)C(=O)N[C@@H](CCCCN)C(=O)N[C@@H](CCCNC(=N)N)C(=O)N[C@@H](CCCNC(=N)N)C(=O)N[C@@H](CCC(N)=O)C(=O)N[C@@H](CCCNC(=N)N)C(=O)N[C@@H](CCCNC(=N)N)C(=O)N[C@@H](CCCNC(=N)N)C(=O)O)C2=O)cc(OC)c1OC,8.01
O=C1c2ccccc2C(=O)N1CCCCCCN1CCN(c2nsc3ccccc23)CC1,8.0
O=S(=O)(c1cncc2ccccc12)N1CC[C@@H]1CCN1CCN(c2nsc3ccccc23)CC1,8.0
O=C(NCCN1CCC(c2cccc(C(F)F)n2)CC1)C1CCOCC1,8.0
CCCN(CCCCN1C(=O)CC2(CCCC2)CC1=O)C1COc2cccc(OC)c2C1,8.0
O=C(NCCCCN1CCN(c2cccc(Cl)c2Cl)CC1)C1c2ccccc2-c2ccccc21,8.0
Cn1c(=O)oc2c(N3CCN(Cc4cccc(-c5ccccc5)c4)CC3)cccc21,8.0
C=CCN1C[C@H](OC(=O)NCc2ccccc2)C[C@H]1CNC(=O)c1cc(CCCF)cc(OC)c1OC,8.0
Clc1cccc(N2CCN(CCc3cn(-c4ccn5nccc5c4)nn3)CC2)c1Cl,8.0
COc1ccccc1N1CCN(CCCCCCN2C(=O)c3cccc4cccc(c34)C2=O)CC1,8.0
c1ccc(-c2cccc(CN3CCN(c4cccc5c4OCO5)CC3)c2)cc1,8.0
Br.Br.COc1cc(F)ccc1N1CCN(C[C@H]2C[C@@H]2c2ccccc2)CC1,8.0
Cc1c(C(=O)NCCCCCN2CCN(c3cccc(Cl)c3Cl)CC2)nnn1Cc1ccccc1,8.0
O=C(NCCCCN1CCN(c2cccc(Cl)c2Cl)CC1)c1cnc2ccccc2c1,8.0
O=C(NC/C=C/CN1CCN(c2cccc(Cl)c2Cl)CC1)c1ccccc1F,8.0
Cc1ccc(C(=O)N[C@H]2CC[C@H](CCN3CCN(c4cccc(Cl)c4Cl)CC3)CC2)s1,8.0
CC(=O)N[C@H]1CC[C@H](CCN2CCN(c3ccccc3)CC2)CC1,8.0
N#Cc1ccc2c(c1)C1CN(Cc3ccccc3)CC1CC2,8.0
O=C(NC1CCc2ccc(CCN3CCN(c4nsc5ccccc45)CC3)cc21)C(F)(F)F,8.0
CN1CCc2cccc3c2[C@H]1Cc1ccc(OCCCN)c(O)c1-3,8.0
O=S(=O)(NCCN1CC=C(c2c[nH]c3ccc(Cl)cc23)CC1)c1ccc(F)cc1,8.0
O=C(CCCN1CC=C(c2ccc(Cl)cc2)CC1)c1ccc(F)cc1,8.0
O=C(NC1CCc2cc(CCN3CCN(c4nsc5ccccc45)CC3)ccc21)c1ccc(F)cc1,8.0
CCOC(=O)N1CCC(CCN2CCN(c3nsc4ccccc34)CC2)CC1,8.0
CCN(Cc1cccc(Cl)c1)Cc1ccc(-c2cc(S(=O)(=O)CC)ccc2OC)[nH]1,8.0
C=CCN1C[C@H](OC(=O)Nc2ccccn2)C[C@H]1CNC(=O)c1cc(CCCF)cc(OC)c1OC,8.0
O=S(=O)(N[C@H]1CCN(CCOc2ccccc2-c2ccccc2)C1)c1ccc(F)cc1,8.0
COc1ccccc1N1CCN(CCCCNC(=O)/C=C/c2ccc(C#N)cc2)CC1.O=C(O)C(=O)O,8.0
CNc1cc(OC)c(C(=O)NC[C@@H]2CN(Cc3ccccc3)C[C@H]2C)cc1Cl,8.0
COc1cccc(-c2cccc(CN3CCN(c4cccc5nc(O)oc45)CC3)c2)c1,8.0
Cc1ncoc1-c1nnc(SCCCN2CC3CCN(c4cc(Cl)cc(Cl)c4)C3C2)n1C,8.0
O=C1NCN(c2ccccc2)C12CCN(CCCCc1nc3ccccc3o1)CC2,8.0
O=S(=O)(c1cccc2ncccc12)N1CCCCC[C@H]1CCN1CCN(c2cccc3sccc23)CC1,8.0
CSc1ccccc1N1CCN(CCCCNC(=O)c2n[nH]c3ccccc23)CC1,8.0
O=Cc1c(OCCCCN2CCN(c3cccc(Cl)c3Cl)CC2)nn2ccccc12,8.0
CC(C)c1ccccc1OCCN1CCC(NS(=O)(=O)c2cccc3cccnc23)C1,8.0
N#Cc1cccnc1N1CCN(CCCN2CCN(c3cccc(Cl)c3Cl)CC2)CC1,8.0
O=C1c2ccc(F)cc2C(=O)N1CCCCCN1CC=C(c2c[nH]c3ccc(F)cc23)CC1,8.0
C=CCN1CCC[C@H]1CNC(=O)c1cc(CCCSC2CC(=O)N(CCCCCC(=O)N[C@@H](Cc3cnc[nH]3)C(=O)N[C@@H](C)C(=O)N[C@H](C(=O)N[C@@H](Cc3ccc(O)cc3)C(=O)N3CCC[C@H]3C(=O)N[C@@H](CCCNC(=N)N)C(=O)N[C@@H](Cc3cnc[nH]3)C(=O)O)[C@@H](C)CC)C2=O)cc(OC)c1OC,7.99
O=C1NCc2ccc(OCCCN3CCN(c4cccc5ccc(F)cc45)CC3)c(F)c21,7.99
O=C1NCc2ccc(OCCCN3CCN(c4cccc5cc(F)c(F)cc45)CC3)cc21,7.99
Fc1ccc2c(C3CCN(CCCOc4ccc(CN5CCCCC5)cc4F)CC3)noc2c1,7.99
COc1ccccc1N1CCN(CCCCNC(=O)/C=C/c2ccc3c(c2)OCO3)CC1,7.99
O=C(NC/C=C/CN1CCN(c2cccc(Cl)c2Cl)CC1)c1ccccc1Cl,7.99
Cc1nc2n(c(=O)c1CCN1CCN(c3cc(F)cc4sccc34)CC1)CCCC2,7.98
Oc1ccc2c(c1)O[C@@H](CNCc1ccccc1)CC2,7.98
O=C1NCCc2ccc(OCCCN3CCC(c4noc5cc(F)ccc45)CC3)cc21,7.98
Cc1nc2n(c(=O)c1CCN1CCC(c3cccc4sccc34)CC1)CCCC2,7.98
CC(C)(C)OC(=O)N[C@H]1CC[C@H](CCN2CCCN(c3cccc(Cl)c3Cl)CC2)CC1,7.98
Fc1ccc2c(C3CCN(CCCOc4ccc(CCN5CCOCC5)cc4)CC3)noc2c1,7.98
O=C(N[C@H]1CC[C@@H](CCN2CCN(c3nsc4ccccc34)CC2)CC1)c1cc2ccccc2s1,7.97
O=C(NC/C=C/CN1CCN(c2cccc(Cl)c2Cl)CC1)c1ccccc1I,7.97
Fc1ccc2c(C3CCN(CCCOc4ccc(CN5CCCCC5)cc4)CC3)noc2c1,7.97
CCCN(C/C=C/I)C1COc2c(O)cccc2C1,7.97
O=S(=O)(N[C@H]1CC[C@H](CCN2CCN(c3nsc4ccccc34)CC2)CC1)c1ccc(Cl)o1,7.97
Cc1ccc2[nH]cc(CCCN3CCN(c4cccc5c4OCCO5)CC3)c2c1,7.97
Cc1cc(=O)oc2cc(OCCCN3CCN(c4ccccc4)CC3)ccc12,7.97
Cc1cc2ccc(OCCCN3CCN(c4ccccc4)CC3)cc2oc1=O,7.97
Fc1cccc2c(CCCN3CCN(c4cccc5c4OCCO5)CC3)c[nH]c12,7.97
O=C1NCc2ccc(OCCCN3CCN(c4cccc5ccccc45)CC3)c(Cl)c21,7.97
C[C@@H](O)[C@@H]1NC(=O)[C@H](CCCCN)NC(=O)[C@@H](Cc2c[nH]c3ccccc23)NC(=O)[C@H](Cc2ccccc2)NC(=O)[C@H](Cc2ccccc2)NC(=O)[C@H](CCCNC(=N)N)NC(=O)[C@H](NCCC[C@@H]2C[C@@H]3c4cccc5[nH]cc(c45)C[C@H]3N(C)C2)CCCCNC(=O)[C@H](Cc2ccc(F)cc2)NC1=O,7.97
O=C1CCc2ccc(OCCCCN3CCN(c4cccc5c4ccn5Cc4ccccc4F)CC3)cc2N1,7.96
O=S(=O)(c1cccc2ncccc12)N1CC[C@@H]1CCN1CCN(c2nsc3ccccc23)CC1,7.96
O=S(=O)(c1cccc2ncccc12)N1CCC[C@H]1CCN1CC=C(c2c[nH]c3ccc(Cl)cc23)CC1,7.96
O=S(=O)(c1cncc2ccccc12)N1CCC[C@H]1CCN1CCN(c2cccc3sccc23)CC1,7.96
Fc1ccccc1N1CCN(CCCCNc2ccccn2)CC1,7.96
C#Cc1ccc(C(=O)NCCCCCN2CCN(c3cccc(Cl)c3Cl)CC2)cc1,7.96
O=C1c2ccccc2C(=O)N1CCCCCN1CCN(c2cccc(Cl)c2Cl)CC1,7.96
O=c1[nH]c2ccc(OCCCCN3CCC(c4cccc(Cl)c4Cl)CC3)cc2[nH]1,7.96
CN(C)CCOC1=Cc2ccccc2Sc2ccc(Cl)cc21,7.96
S=C1CCc2ccc(CCN3CCN(c4cccc5sccc45)CC3)cc2N1,7.96
COc1cccc(OC)c1CC(=O)N1CCC(C)c2cccc(CCN3CCN(c4nsc5ccccc45)CC3)c21,7.96
Cc1ccc(CCN2CCN(c3nsc4ccccc34)CC2)c2c1C(C)CC(=O)N2,7.96
Clc1cccc(N2CCN(CC[C@H]3CC[C@H](Nc4ncccn4)CC3)CC2)c1Cl,7.96
O=S(=O)(NCCN1CC=C(c2c[nH]c3ccc(Cl)cc23)CC1)c1ccc(Cl)cc1,7.96
COc1cc2c(cc1O)[C@@H]1Cc3ccc(O)c(OC)c3CN1CC2,7.96
[2H]c1c([2H])c([2H])c([C@@H]2C[C@@H](N3CCNC(C)(C)C3)c3cc(Cl)ccc32)c([2H])c1[2H],7.96
O=C1CCc2ccc(OCCCCN3CCC(c4cccc(Cl)c4Cl)CC3)cc2N1,7.96
CCc1sccc1N1CCC[C@@H](c2cccc(C#N)c2)C1,7.96
O=S(=O)(NCCCN1CCC(c2noc3cc(F)ccc23)CC1)c1cc2ccccc2s1,7.96
O=C1Cc2cc(CCN3CCC(c4cccc5sccc45)CC3)ccc2N1,7.96
O=C1Cc2cc(CCN3CCN(c4cc(F)cc5sccc45)CC3)ccc2N1,7.96
COc1ccccc1N1CCN(CCCCNC(=O)/C=C/c2ccco2)CC1.O=C(O)C(=O)O,7.96
Nc1ccccc1C(=O)CCCN1CC[C@H]2[C@@H](C1)c1cccc3c1N2CCCC3,7.96
CNc1cc(OC)c(C(=O)N[C@H]2CN(Cc3ccccc3)C[C@@H]2C)cc1Cl,7.96
Fc1ccc2c(c1)C(N1CCNCC1)=Nc1ccccc1S2,7.96
CCOc1ccccc1N1CCN(CCCCCCN2C(=O)c3cccc4cccc2c34)CC1,7.96
CS(=O)(=O)Nc1cccc(OCCN2CC3CCC(C2)C3Cc2ccc3c(c2)NC(=O)CC3)c1,7.96
COc1ccccc1N1CCN(CCCCNC(=O)c2ccc(COCCOCCOCCOCCOCc3ccc(C(=O)NCCCCN4CCN(c5ccccc5OC)CC4)cc3)cc2)CC1,7.96
O=S(=O)(NC1CCN(CCOc2ccccc2)C1)c1ccc(F)cc1,7.96
Cn1c(-c2ccccc2)cn(C2CCN(Cc3ccccc3)CC2)c1=O,7.96
O=S(=O)(NCCCCN1CCN(c2cccc(Cl)c2Cl)CC1)c1ccc2cccnc2c1,7.96
Nc1cccc(-c2ccc(CCN3CCN(c4cccc5cccnc45)CC3)cc2)n1,7.96
OC1(c2ccc(Cl)cc2)CCN(CC/C=C/c2ccc(F)cc2)CC1,7.95
O=C1NCc2cc(F)c(OCCCCN3CCN(c4cccc5ccc(F)cc45)CC3)cc21,7.95
Cc1cc(C)c2c(N)c(C(=O)NCCCCCN3CCN(c4cccc(Cl)c4Cl)CC3)sc2n1,7.95
c1cc2c(c(N3CCN(CCCc4c[nH]c5ccccc45)CC3)c1)CCCN2,7.95
COc1ccccc1N1CCN(CCCCNC(=O)/C=C/c2ccc(C=O)cc2)CC1.O=C(O)C(=O)O,7.94
Cc1ccsc1C(=O)N[C@H]1CC[C@H](CCN2CCN(c3cccc(Cl)c3Cl)CC2)CC1,7.94
O=C1NCc2ccc(OCCCCN3CCN(c4cccc5c4CCOC5)CC3)cc21,7.94
Fc1ccc2c(C3CCN(CCCOc4ccc(CN5CCCCC5)c(F)c4)CC3)noc2c1,7.94
O=C1CCc2c(cccc2N2CCN(CCCc3c[nH]c4ccccc34)CC2)N1,7.94
Cn1c(SCCCN2CC3CCN(c4ccccc4OC(F)(F)F)C3C2)nnc1-c1cnccn1,7.94
COc1cc2c(cc1O)[C@@H]1Cc3sc(CC4CC4)cc3CN1CC2,7.94
O=C1c2ccccc2CCN1CCCCN1CCN(c2cccc(Cl)c2Cl)CC1,7.94
COc1ccc(Cl)cc1[C@H]1C[C@@H]1CNCCCCOc1ccc2c(c1)NC(=O)CC2,7.94
O=C(N[C@H]1CC[C@H](CCN2CCN(c3nsc4ccccc34)CC2)CC1)OC1CCCCC1,7.93
O[C@@]1(c2ccc(Cl)cc2)C[C@H]2CC[C@@H](C1)N2Cc1coc2ccc3ccccc3c12,7.93
COc1ccc2[nH]cc(C(=O)NC/C=C/CN3CCN(c4ccccc4OC)CC3)c2c1.O=C(O)C(=O)O,7.93
COc1ccccc1N1CCN(CCCOc2ccc3c(C)cc(=O)oc3c2)CC1,7.93
O=C(NCCCCN1CCN(c2ccccc2Cl)CC1)c1n[nH]c2ccccc12,7.93
Cc1nc2n(c(=O)c1CCN1CCN(c3cccc4c3CCS4)CC1)CCCC2O,7.93
C[C@H]1CN(CC[C@H]2CC[C@H](N3C(=O)CC4(CCCC4)CC3=O)CC2)CCc2ccc(Cl)cc21,7.92
COc1cccc(N2CCN(CC[C@H]3CC[C@H](NC(=O)c4cccs4)CC3)CC2)c1,7.92
COc1cc2c(cc1O)[C@@H]1Cc3sc(CCCCCl)cc3CN1CC2,7.92
Oc1nc2cccc(N3CCN(Cc4cc(-c5ccccc5)ccc4F)CC3)c2o1,7.92
CCCCn1cc(CCCOc2ccc(C(=O)NCCCCN3CCN(c4ccccc4OC)CC3)cc2OC)nn1,7.92
CSc1ccc2c(c1)N(CCC1CCCCN1C)c1ccccc1S2,7.92
COc1cc(CCNCCc2ccc(O)c3c2OCC(=O)N3)ccc1OCCCc1ccccc1,7.92
COc1ccccc1N1CCN(Cc2nc3ccccc3[nH]2)CC1,7.92
c1ccc(N2CCN(Cc3nc4ccccc4[nH]3)CC2)nc1,7.92
CCCCN1CCC[C@H]1CNC(=O)c1cc(Cl)cc2c1OCCN2C,7.92
CN(C)c1ccc(-c2cccc3c2CC[C@H]2[C@H]3c3cc(O)c(Cl)cc3CCN2C)cc1,7.92
CN(C)[C@@H]1Cc2cccc3nc(O)n(c23)C1,7.92
CCCN1CCC(c2ccccc2OC)CC1,7.92
O=C(CCCC(=O)OC1(c2ccc(Cl)cc2)CCN(CCCC(=O)c2ccc(F)cc2)CC1)OC1(c2ccc(Cl)cc2)CCN(CCCC(=O)c2ccc(F)cc2)CC1,7.92
COc1ccccc1N1CCN(CCCCOc2ccn3nc(C#N)cc3c2)CC1,7.92
COc1ccc2[nH]c3c(c2c1)CCN(C)CCc1ccccc1C3,7.92
O=C(N[C@H]1CC[C@H](CCN2CCN(c3cccc(Cl)c3Cl)CC2)CC1)C1CCCCCC1,7.92
O=C1CC(CN2CCC(c3noc4cc(F)ccc34)CC2)Cc2oc(-c3ccccc3)cc21,7.92
COc1ccccc1N1CCN(CCCCNC(=O)c2ccc(-c3ccc([18F])nc3)cc2)CC1,7.92
COc1cc(N)c(Cl)cc1C(=O)NC1CCN(Cc2ccccc2)CC1,7.92
CCCN(CCCCNC(=O)/N=N/c1cc(F)c(F)c(F)c1)C1Cc2ccccc2C1,7.92
O=S(=O)(c1cccc2ncccc12)N1CCC[C@@H]1CCN1CCN(c2cccc3c2OCCO3)CC1,7.92
O=C1CCc2ccc(OCCCCN3CCN(c4cccc5c4ccn5Cc4ccc(F)cc4)CC3)cc2N1,7.92
O=c1[nH]c2c(N3CCN(CC[C@H]4CCCN4S(=O)(=O)c4cncc5ccccc45)CC3)cccc2o1,7.92
O=C(NCCCCN1CCN(c2cccc(Cl)c2Cl)CC1)c1cn2ccccc2n1,7.92
CCOCCOCc1ccn2ncc(C(=O)NCCCCN3CCN(c4ccccc4OC)CC3)c2c1,7.92
CCCCn1cc(CCCOc2ccc(CN3CCN(c4ccccc4OC)CC3)cc2OC)nn1,7.92
Cc1cccc(N2CCN(CCCCNc3ccccn3)CC2)c1C,7.92
O=S(=O)(c1cncc2ccccc12)N1CCC[C@@H]1CCN1CC=C(c2c[nH]c3ccc(Cl)cc23)CC1,7.92
CN(C)C[C@H]1C[C@@H]2c3ccccc3Sc3ccc(F)cc3[C@H]2O1,7.92
CN(C)C[C@@H]1CC2c3ccccc3Sc3ccc(F)cc3[C@H]2O1,7.92
Br.Oc1ccc([C@H]2C[C@@H]2CN2CCN(c3ccc(Cl)cc3Cl)CC2)cc1,7.92
CC(=O)N1CCC(C)c2c(C)ccc(CCN3CCN(c4nsc5ccccc45)CC3)c21,7.92
CC(=O)N1CCC(c2ccccc2)c2cccc(CCN3CCN(c4nsc5ccccc45)CC3)c21,7.92
Br.O=c1[nH]c2cccc(N3C[C@H]4C[C@@H]3CN4CC3CCc4[nH]c5ccc(F)cc5c4C3)c2o1,7.92
c1ccc(N2CCN(CC[C@H]3CC[C@H](Nc4ncccn4)CC3)CC2)nc1,7.92
CN1CCc2ccc(OCCCN3CCN(c4ncccn4)CC3)cc2C1=O,7.92
O=C1c2cccc(F)c2C(=O)N1CCCCCN1CC=C(c2c[nH]c3ccc(F)cc23)CC1,7.92
COc1ccc(/C=C/C(=O)NCCCCN2CCN(c3ccccc3OC)CC2)cc1,7.92
O=C1NCc2ccc(OCCCN3CCN(c4cccc5c4CCO5)CC3)cc21,7.92
CC(C)C(=O)NCc1ccc2c(c1)C(N1CCN(C)CC1)Cc1ccccc1S2,7.92
O=C(CCCCN1CCC(O)(c2ccc(Cl)cc2)CC1)c1ccc(F)cc1,7.92
CCN1CCN(c2cc(-c3ccc(F)cc3)c3c(n2)CC[C@@H](O)CCC3)CC1,7.92
O=C1CCc2cc(CCN3CCC(c4cccc5sccc45)CC3)ccc2N1,7.91
Cn1ccc2cc(S(=O)(=O)N[C@H]3CCN(CCCc4noc5ccccc45)C3)ccc21,7.91
O=C(N[C@H]1CC[C@H](CCN2CCN(c3nsc4ccccc34)CC2)CC1)Oc1ccc([N+](=O)[O-])cc1,7.91
Cc1cc2c(cc1O)[C@H]1C[C@@](O)(c3ccc(Cl)cc3)CCN1CC2,7.91
CCc1cccc(N2CCN(CCCCNC(=O)c3nc(C)c[nH]3)CC2)c1Cl,7.91
C=CCN1CCC[C@H]1CNC(=O)c1cc(CCCSC2CC(=O)N(CCCCCC(=O)NCC(=O)N[C@@H](Cc3c[nH]c4ccccc34)C(=O)N[C@H](C(=O)N[C@@H](CC(C)C)C(=O)N[C@@H](CC(=O)O)C(=O)N[C@@H](CO)C(=O)N[C@@H](C)C(=O)NCC(=O)N[C@@H](Cc3ccc(O)cc3)C(=O)N[C@@H](CC(C)C)C(=O)N[C@@H](CC(C)C)C(=O)NCC(=O)N[C@@H](CCCCN)C(=O)N[C@H](C(=O)N[C@@H](CC(=O)O)C(=O)N[C@@H](CC(C)C)C(=O)N[C@@H](CCCCN)C(=O)N[C@@H](C)C(=O)N[C@@H](CC(C)C)C(=O)N[C@@H](C)C(=O)N[C@@H](C)C(=O)N[C@@H](CC(C)C)C(=O)N[C@@H](C)C(=O)N[C@@H](CCCCN)C(=O)N[C@@H](CCCCN)C(=O)N[C@H](C(=O)N[C@@H](CC(C)C)C(=O)O)[C@@H](C)CC)[C@@H](C)CC)[C@@H](C)O)C2=O)cc(OC)c1OC,7.91
CCc1cccc(N2CCN(CCCCCNC(=O)c3nc(C)c[nH]3)CC2)c1Cl,7.91
Fc1ccc2c(C3CCN(CCCOc4ccc(CN5CCCC5)cc4)CC3)noc2c1,7.91
Cc1cc(OCCCN2CCC(c3noc4cc(F)ccc34)CC2)ccc1CN1CCCC1,7.9
COc1ccc2[nH]cc(CN3CCC(n4c(=O)[nH]c5ccccc54)CC3)c2c1.O=C(O)C(=O)O,7.9
CCCN1CCc2cccc3c2[C@H]1Cc1cccc(O)c1-3,7.9
CCS(=O)(=O)c1ccc(OC)c(-c2ccc(CN3CCCCC3c3ccccc3)[nH]2)c1,7.9
CN1CCc2ccc(OCCCCN3CCC(c4noc5cc(F)ccc45)CC3)cc2C1=O,7.9
CCc1c[nH]c(C(=O)NCCCCCN2CCN(c3cccc(CC)c3Cl)CC2)n1,7.9
C=CCN1C[C@H](OCc2ccccc2)C[C@H]1CNC(=O)c1cc(CCCF)cc(OC)c1OC,7.9
CCCN(C)[C@@H]1Cc2cccc3[nH]c(=O)n(c23)C1,7.9
COc1ccccc1N1CCN(CCOc2ccc3nc[nH]c3c2)CC1,7.9
CC(=O)Nc1ccc(CN2C[C@@H]3COc4ccc(C#N)cc4[C@H]3C2)cc1,7.9
C=CCN1C[C@H](OC(=O)Nc2ccccc2C)C[C@H]1CNC(=O)c1cc(CCCF)cc(OC)c1OC,7.9
CCc1c[nH]c(C(=O)NCCCCN2CCN(c3cccc(CC)c3Cl)CC2)n1,7.9
CCN(Cc1ccc(-c2cc(S(=O)(=O)CC)ccc2OC)[nH]1)C1CCCc2ccccc21,7.9
COc1cccc(C(=O)CCCN2CCN(c3ccccc3OC)CC2)c1,7.89
COc1ccc(Cn2nnc(C(=O)NCCCCN3CCN(c4ccccc4OC)CC3)c2C)cc1,7.89
FC(F)(F)c1cccc(N2CCN(CCCCNc3nc(-c4ccccc4)cs3)CC2)c1,7.89
O=C(NCCCCN1CCN(c2cccc3ccccc23)CC1)c1cc2ccccc2[nH]1,7.89
COc1ccccc1N1CCN(CCCc2cn(-c3ccccc3O)nn2)CC1,7.89
COc1ccccc1N1CCN(CCCCNC(=O)/C=C/c2ccsc2)CC1,7.89
COc1ccccc1N1CCN(CCCNC(=O)NCc2cccc(F)c2-c2ccccc2)CC1,7.89
CCCCn1c(=O)n2c3c(cccc31)C[C@@H](NC)C2,7.89
CCCN(CCc1ccc(NC(=O)CCc2cn(CCCCCCCCN(C)CCCCCNC(=O)COc3cncc(C#Cc4csc(C)n4)c3)nn2)cc1)C1CCc2c(O)cccc2C1,7.89
Cc1cccc(C2CCN(CCNC(=O)C3CCCOC3)CC2)n1,7.89
COCCC1(C(=O)NCCN2CCC(c3cccc(C(F)(F)F)n3)CC2)CC1,7.89
O=S(=O)(c1cccc2ncccc12)N1CCC[C@H]1CCN1CCN(c2cccc3c2OCCO3)CC1,7.89
O=C1CC2(CCCC2)CC(=O)N1CCCCN1CCN(c2ncccn2)CC1,7.89
COc1ccc(Cl)cc1[C@@H]1C[C@H]1CNCCCOc1ccc2ccc(=O)[nH]c2c1,7.89
COc1ccccc1N1CCN(CCCCNc2nc(N)nc(NCCc3c[nH]c4ccccc34)n2)CC1,7.89
Br.Fc1ccc([C@H]2C[C@@H]2CN2CCN(c3ccccc3Cl)CC2)cc1,7.89
COc1ccc(Cl)cc1[C@H]1C[C@@H]1CNCCCOc1ccc2ccc(=O)[nH]c2c1,7.89
O=S(=O)(c1cncc2ccccc12)N1CCC[C@H]1CCN1CC=C(c2c[nH]c3ccc(Cl)cc23)CC1,7.89
CN1CCN(C2=Cn3cccc3Sc3ccccc32)CC1,7.89
CCCN(CCCCNC(=O)/N=N/c1ccc(F)c(F)c1)C1Cc2ccccc2C1,7.89
CCOc1ccccc1OCCN[C@H](C)Cc1ccc(OC)c(S(N)(=O)=O)c1,7.89
COc1ccc2c(c1)CCN(C)CCc1ccccc1C2,7.89
Cc1cccc(S(=O)(=O)NCCCN2CCN(c3nsc4ccccc34)CC2)c1,7.89
COc1ccccc1N1CCN(CCCCNC(=O)Nc2cccc(Cl)c2)CC1,7.89
C=CCN1CCC[C@H]1CNC(=O)c1cc(CCCSC2CC(=O)N(CCCCCC(=O)N[C@H](C(=O)N[C@@H](CCC(N)=O)C(=O)N[C@@H](CCCNC(=N)N)C(=O)N[C@@H](CCCCN)C(=O)N[C@@H](CCCNC(=N)N)C(=O)N[C@@H](CCC(N)=O)C(=O)N[C@@H](CCCCN)C(=O)N[C@@H](CC(C)C)C(=O)N[C@@H](CCSC)C(=O)N3CCC[C@H]3C(=O)O)C(C)C)C2=O)cc(OC)c1OC,7.89
O=C1Cc2cc(CCN3CCN(c4cccc5sccc45)CC3)c(Cl)cc2N1,7.89
O[C@@]1(c2ccc(Cl)cc2)C[C@H]2CC[C@@H](C1)N2Cc1csc2ccccc12,7.89
Cc1ccc(C)c(N2CCN(CCCC(=O)c3ccc(F)cc3)CC2)c1,7.89
CN1CCC2C=C(O)C(O)=C3C(c4ccccc4)CC1C32,7.89
O=C(CCCN1CCC(O)(c2ccc(Cl)cc2)CC1)c1cc2ccc1CCc1ccc(cc1)CC2,7.89
CCCN(CCNC(=O)/C=C/c1ccc(F)cc1)C1Cc2ccccc2C1,7.89
COc1ccccc1N1CCC(CNCC2COc3ccc(Cl)cc3O2)CC1,7.88
COc1cccc(N2CCN(CCOc3ccc4[nH]c(=S)[nH]c4c3)CC2)c1,7.88
Cc1c(OCCCCN2CCN(c3cccc4ccccc34)CC2)ccc2c1C(=O)NC2,7.88
CCCn1c(=O)n2c3c(cccc31)C[C@@H](NC)C2,7.88
CCN1CCc2ccc(OCCCN3CCC(c4noc5cc(F)ccc45)CC3)cc2C1=O,7.88
COc1ccccc1N1CCN(C/C=C/CNC(=O)c2cc(I)ccc2OCCF)CC1.O=C(O)C(=O)O,7.88
COc1ccccc1N1CCN(C/C=C/CNC(=O)c2cc(Br)ccc2OCCF)CC1.O=C(O)C(=O)O,7.87
O=c1n(CCCCN2CCN(c3cccc4sccc34)CC2)nc2ccccn12,7.87
C=CCN1C[C@H](OCCCNC(=O)c2ccc(-c3ccsc3)cc2)C[C@H]1CNC(=O)c1cc(CCCF)cc(OC)c1OC,7.87
CCCN(CCN1CCN(c2cccc3ccccc23)CC1)C1CCc2ccc(O)cc2C1,7.87
COc1ccccc1N1CCN(CCCCNC(=O)/C=C/c2ccccc2)CC1,7.87
CN1CCN(CCc2ccc(OCCCN3CCC(c4noc5cc(F)ccc45)CC3)cc2)CC1,7.87
O=C1NCc2ccc(OCCCN3CCN(c4cccc5cccc(F)c45)CC3)cc21,7.87
Cc1c(OCCCN2CCN(c3cccc4cccc(F)c34)CC2)ccc2c1C(=O)NC2,7.87
CCCN(CCc1ccc(CCN(CCC)[C@H]2CCc3nc(N)sc3C2)cc1)[C@H]1CCc2c(O)cccc2C1,7.87
COc1ccccc1N1CCN(CCCCNC(=O)/C=C/c2ccccc2)CC1.O=C(O)C(=O)O,7.87
O=C(O)C(=O)O.O=c1[nH]c2ccccc2n1C1CCN(Cc2coc3ccccc23)CC1,7.87
CN1CCCc2ccccc2Cc2[nH]c3ccccc3c2CC1,7.87
O=C1NCc2ccc(OCCCN3CCN(c4cccc5ccccc45)CC3)c(F)c21,7.86
O=C(NC/C=C/CN1CCN(c2cccc(Cl)c2Cl)CC1)c1ccc(O)cc1,7.86
COc1ccc2[nH]c(C(=O)NCCCCN3CCN(c4cccc5ccccc45)CC3)cc2c1,7.86
O=C(O)C(=O)O.OC1(c2ccc(Br)cc2)CCN(Cc2c[nH]c3ccc(OCCF)cc23)CC1,7.86
CN1COc2ccc(OCCCN3CCC(c4noc5cc(F)ccc45)CC3)cc2C1=O,7.86
O=C(NCCCCCCN1CCN(c2nsc3ccccc23)CC1)c1ccccc1,7.85
O=C1CCc2ccc(OCCCCN3CCC(c4cn(S(=O)(=O)c5ccccc5)c5ccccc45)CC3)cc2N1,7.85
COc1ccccc1N1CCN(CCCCNC(=O)/C=C/c2ccc([N+](=O)[O-])cc2)CC1.O=C(O)C(=O)O,7.85
Nc1c(F)cccc1C(=O)CCCN1CC[C@H]2[C@@H](C1)c1cccc3c1N2CCCS3,7.85
CC(C)Oc1ccccc1N1CCN([C@H]2CC[C@H](NS(=O)(=O)c3ccc(S(C)(=O)=O)cc3)CC2)CC1,7.85
COc1ccccc1N1CCN(CCN2C(=O)CC3(CCCC3)CC2=O)CC1,7.85
Fc1ccc2c(C3CCN(CCCOc4ccc(CN5CCCC5)cc4Cl)CC3)noc2c1,7.85
COc1ccccc1N1CCN(CCCCNC(=O)c2ccc(COCCOCCOCCOCCOCCOCc3ccc(C(=O)NCCCCN4CCN(c5ccccc5OC)CC4)cc3)cc2)CC1,7.85
Nc1cc(F)ccc1C(=O)CCCN1CC[C@@H]2[C@H](C1)c1cccc3c1N2CCS3,7.85
C[C@H]1CN(CC[C@H]2CC[C@H](N3C(=O)[C@H]4CCCC[C@H]4C3=O)CC2)CCc2ccc(Cl)cc21,7.85
Nc1ccc2c(N3CCN(CC[C@H]4CC[C@H](NC(=O)c5ccco5)CC4)CC3)nsc2c1,7.85
CCCN(CCC)[C@@H]1Cc2cccc(O)c2C[C@H]1C,7.85
Cc1c(C(=O)NCCCCN2CCN(c3cccc(Cl)c3Cl)CC2)nnn1Cc1ccccc1,7.85
O=S(=O)(N[C@H]1CCN(CCCc2noc3ccccc23)C1)c1ccc2ccccc2c1,7.85
C=CCN1C[C@H](OC(=O)Nc2cccc(N(C)C)c2)C[C@H]1CNC(=O)c1cc(CCCF)cc(OC)c1OC,7.85
O=Cc1cc2cc(OCCCCN3CCN(c4cccc(Cl)c4Cl)CC3)ccn2n1,7.85
O=S(=O)(NCCCN1CCC(c2noc3cc(F)ccc23)CC1)c1ccc(Cl)c(Cl)c1,7.85
CC(=O)N(CCCN[C@@H](CN[C@@H]1CCCCNC(=O)[C@H](Cc2ccc(F)cc2)NC(=O)[C@H]([C@@H](C)O)NC(=O)[C@H](CCCCN)NC(=O)[C@@H](Cc2c[nH]c3ccccc23)NC(=O)[C@H](Cc2ccccc2)NC(=O)[C@H](Cc2ccccc2)NC(=O)[C@H](CCCNC(=N)N)NC1=O)Cc1ccc(O)cc1)C[C@@H]1C[C@@H]2c3cccc4[nH]cc(c34)C[C@H]2N(C)C1,7.85
O=C1CC(c2c[nH]c3ccccc23)C(=O)N1CCCCN1CCC(c2c[nH]c3ccc(F)cc23)CC1,7.85
O=C(NCCCCN1CCN(c2ccccc2OCCF)CC1)c1ccc(OCCOCCF)cc1.O=C(O)C(=O)O,7.85
O=c1[nH]c2cccc(N3C[C@H]4C[C@@H]3CN4CC3CCc4[nH]c5ccc(F)cc5c4C3)c2o1,7.85
CS(=O)(=O)c1ccc2c(c1)N(CCCN1CCC(C(=O)O)CC1)c1ccccc1S2,7.85
COc1ccccc1/C=C/C(=O)NCCCCN1CCN(c2ccccc2OC)CC1,7.85
C=CCN1CCC[C@H]1CNC(=O)c1cc(I)ccc1OC,7.85
O=S(=O)(NCCN1CC=C(c2c[nH]c3ccc(F)cc23)CC1)c1ccc2ccccc2c1,7.85
O=C1COc2ccccc2N1CCCN1CCC(n2c(=O)[nH]c3ccc(F)cc32)CC1,7.85
O=C(Nc1ccc(CCN2CCN(c3ccccc3)CC2)cc1)Nc1ccccn1,7.85
COc1ccccc1N1CCN(CCCCOc2ccn3nccc3c2)CC1,7.85
C=CCN1C[C@H](OCCCO)C[C@H]1CNC(=O)c1cc(CCCF)cc(OC)c1OC,7.85
COc1ccccc1N1CCN(CCCCNC(=O)/C=C/c2cccnc2)CC1.O=C(O)C(=O)O,7.84
Fc1ccc2c(CCCN3CCN(c4cccc5c4OCCO5)CC3)c[nH]c2c1,7.84
CCCN(CCN1CCN(c2cccc(Cl)c2Cl)CC1)C1CCc2c(O)cccc2C1,7.84
O=C(O)C(=O)O.OC1(c2ccc(I)cc2)CCN(Cc2cc3ccccc3o2)CC1,7.84
N#Cc1ccc2c(c1)CN(C[C@@H]1C[C@H]1CCNC(=O)c1cc3cccnc3[nH]1)CC2,7.84
O=S1(=O)NCCc2ccc(CCN3CCN(c4cccc5sccc45)CC3)cc21,7.84
CCCCN(C(=O)N[C@H]1CC[C@H](CCN2CCN(c3nsc4ccccc34)CC2)CC1)c1ccccc1,7.83
CCCCN1CCN(c2ccccc2OCCF)CC1,7.83
COc1cc2c(cc1O)[C@H]1C[C@@](O)(c3ccc(Cl)cc3)CCN1CC2,7.83
O=C(NCCCCN1CCN(c2cccc3ccccc23)CC1)c1cc2ccccc2o1,7.83
O=c1[nH]c2ccc(OCCCCN3CCN(c4cccc(Cl)c4Cl)CC3)cc2[nH]1,7.82
CC1CC(=O)Nc2c(CCN3CCN(c4nsc5ccccc45)CC3)cc(F)cc21,7.82
O=C(NCCCCN1CCN(c2ccccc2OCCF)CC1)c1ccc(OCCF)cc1.O=C(O)C(=O)O,7.82
O=C1c2ccccc2S(=O)(=O)N1CCCCCCN1CCN(c2cccc3cccnc23)CC1,7.82
O=C(NC1CCN(CCOc2ccccc2-c2ccccc2)C1)c1cccc(F)c1F,7.82
O=C1CC(c2ccccc2)c2cccc(CCN3CCN(c4nsc5ccccc45)CC3)c2N1,7.82
Nc1ccc(F)cc1C(=O)CCCN1CC[C@H]2[C@@H](C1)c1cccc3c1N2CCCS3,7.82
O=C1CN2c3c(cccc3[C@@H]3CN(CCCc4n[nH]c5cc(F)ccc45)CC[C@@H]32)N1,7.82
COC(=O)CN(CC(=O)NCCOCCOCCNC(=O)CCC(=O)Nc1ccc(CCN2CN(c3ccccc3)C3(CCN(CCCC(=O)c4ccc(F)cc4)CC3)C2=O)cc1)CC(=O)NCCOCCOCCNC(=O)CCC(=O)Nc1ccc(CCN2CN(c3ccccc3)C3(CCN(CCCC(=O)c4ccc(F)cc4)CC3)C2=O)cc1,7.82
Cc1c(-c2ccccc2)n(C)c(=O)n1C1CCN(Cc2ccccc2)CC1,7.82
Cn1cc(CN2CCc3cc4nc(N)sc4cc3CC2)cn1,7.82
O=S(=O)(NCCCCN1CCN(c2nsc3ccccc23)CC1)c1cc2ccccc2s1,7.82
CC1CNc2cccc(N3CCN(CCCc4c[nH]c5ccccc45)CC3)c2C1,7.82
O=S(=O)(c1cccc2ncccc12)N1CCC[C@@H]1CCN1CC=C(c2c[nH]c3ccc(Cl)cc23)CC1,7.82
O=C1Cc2c(cccc2N2CCN(CCC3CCc4[nH]c5ccc(F)cc5c4C3)CC2)N1,7.82
CN1CCc2ccc(OCCCN3CCN(c4cccc5sccc45)CC3)cc2C1=O,7.82
O=S(=O)(NCCCN1CCN(c2noc3ccccc23)CC1)c1cc2ccccc2s1,7.82
C#Cc1ccc(C(=O)NCCCCN2CCN(c3cccc(Cl)c3Cl)CC2)cc1,7.82
O=S(=O)(NCCCCN1CCN(c2noc3ccccc23)CC1)c1ccc2ccccc2c1,7.82
CCc1cc(Cl)c(OC)c(N2CCN(CC[C@H]3CC[C@H](NC(=O)CCOC)CC3)CC2)c1,7.82
O=C1COc2ccccc2N1CCCN1CCC(n2c(=O)[nH]c3c(F)cccc32)CC1,7.82
Cc1nn(C2CCN(Cc3cccc(Cl)c3)CC2)cc1-c1ccccc1,7.82
O=C(N[C@H]1CC[C@H](CCN2CCN(c3ccccc3Cl)CC2)CC1)C1CCCCC1,7.82
Cc1nn(C2CCN(Cc3cccc(C#N)c3)CC2)cc1-c1ccccc1,7.82
COc1ccccc1N1CCN(CCCCNC(=O)c2ccccc2I)CC1,7.82
CN(C)c1ccc(C(=O)NCCCCN2CCN(c3ccccc3OCCF)CC2)cc1.O=C(O)C(=O)O,7.82
CC(=O)NC1CCc2cc(CCN3CCN(c4nsc5ccccc45)CC3)ccc21,7.82
Cc1nc2c(OCCNCc3ccccc3)cccc2[nH]1,7.82
O=C1Cc2c(cccc2N2CCN(CC3CCc4[nH]c5ccc(F)cc5c4C3)CC2)N1,7.82
CC(C)Oc1ccccc1N1CCN([C@H]2CC[C@@H](NS(=O)(=O)c3cccnc3)CC2)CC1,7.82
O=C(c1ccco1)N1CCC(CCN2CCN(c3nsc4ccccc34)CC2)CC1,7.82
C[C@@H](O)[C@@H]1NC(=O)[C@H](CCCCN)NC(=O)[C@@H](Cc2c[nH]c3ccccc23)NC(=O)[C@H](Cc2ccccc2)NC(=O)[C@H](Cc2ccccc2)NC(=O)[C@H](CCCNC(=N)N)NC(=O)[C@H](NC[C@H](Cc2ccc(O)cc2)NC(=O)CSC[C@@H]2C[C@@H]3c4cccc5[nH]cc(c45)C[C@H]3N(C)C2)CCCCNC(=O)[C@H](Cc2ccc(O)cc2)NC1=O,7.82
CCOC(=O)Nc1cc(F)ccc1C(=O)CCCN1CC[C@H]2[C@@H](C1)c1cccc3c1N2CCCS3,7.82
CN1CCC(c2cn(-c3ccc(F)cc3)c3ccc(-c4ccnn4C)cc23)CC1,7.82
CN1CCc2ccc(OCC(O)CN3CCC(c4noc5cc(F)ccc45)CC3)cc2C1=O,7.82
Cc1ccc(C(=O)NC2CCc3ccc(CCN4CCN(c5nsc6ccccc56)CC4)cc32)cc1,7.82
COc1ccccc1N1CCN(CCCCNC(=O)/C=C/c2ccccc2Cl)CC1.O=C(O)C(=O)O,7.82
N#Cc1ccc(C(=O)N[C@H]2CC[C@H](CCN3CCC(c4coc5ccccc45)CC3)CC2)cc1,7.82
COc1ccc2[nH]cc(CCCN3CCN(c4cccc5c4OCCO5)CC3)c2c1,7.82
O=C(NCCN1CCC(c2cccc(C(F)(F)F)n2)CC1)[C@H]1C[C@@H]2CC[C@H]1O2,7.82
COc1ccccc1N1CCN(CCCCN2CCc3cc(-c4ccccc4)ccc3C2=O)CC1,7.82
O=Cc1cnn2c(OCCCCN3CCN(c4cccc(Cl)c4Cl)CC3)cccc12,7.82
O=C(CCCCCCCCC(=O)OC1(c2ccc(Cl)cc2)CCN(CCCC(=O)c2ccc(F)cc2)CC1)OC1(c2ccc(Cl)cc2)CCN(CCCC(=O)c2ccc(F)cc2)CC1,7.82
Cc1ccc(C)c(C(=O)CCCN2CCC(O)(c3ccc(Cl)cc3)CC2)c1,7.82
CC(C)c1ccccc1OCCN1CCC(N(CC2CC2)S(=O)(=O)c2cccc(F)c2)CC1,7.82
C#Cc1cccc(C(=O)NCCCCN2CCN(c3cccc(Cl)c3Cl)CC2)c1,7.82
O=S(=O)(NCCCN1CCC(c2noc3cc(F)ccc23)CC1)c1cnc2ccccn12,7.82
O=S(=O)(NCCCCN1CCC(c2noc3cc(F)ccc23)CC1)c1ccc(Cl)c(Cl)c1,7.82
Cc1c(S(=O)(=O)N[C@H]2CCN(CCCc3noc4ccccc34)C2)sc2ccc(F)cc12,7.82
CNc1cc(OC)c(C(=O)NC2CCN(Cc3ccccc3)CC2)cc1Cl,7.82
O=C1CCc2ccc(OC/C=C/CN3CCN(c4cccc(Cl)c4Cl)CC3)cc2N1,7.82
CC(C)c1ccccc1N1CCN(CCCCCC(=O)NC2CCCc3ccccc32)CC1,7.82
O=C(NC/C=C/CN1CCN(c2cccc(Cl)c2Cl)CC1)c1cccc(Cl)c1,7.82
CCCN(CCC)[C@@H]1CCc2c(OC)cccc2[C@@H]1C,7.82
COc1ccc(Cl)cc1C1CC1CNCCCCOc1ccc2ccc(=O)[nH]c2c1,7.81
CCC(=O)NCCCCN1CCN(c2cccc(Cl)c2Cl)CC1,7.81
Clc1cccc2c(CCCN3CCN(c4cccc5c4OCCO5)CC3)c[nH]c12,7.81
CN(CCCCNC(=O)c1cc2ccccc2o1)[C@@H]1Cc2cccc3[nH]c(=O)n(c23)C1,7.81
Cc1[nH]c2ccccc2c1CN1CCC(O)(c2ccc(Cl)cc2)CC1,7.81
COc1nc2sc(C(=O)NCCCCCN3CCN(c4cccc(Cl)c4Cl)CC3)c(N)c2c(C)c1Cl,7.81
O=C1CCC(N2Cc3c(OCc4ccc(CN5CCN(c6ccc(F)cc6F)CC5)cc4)cccc3C2=O)C(=O)N1,7.8
Cn1cc(S(=O)(=O)N(CC2CC2)C2CCN(CCOc3ccccc3-c3ccccc3)CC2)cn1,7.8
O=c1[nH]c2ccccc2n1CCCCCCN1CCN(c2nsc3ccccc23)CC1,7.8
Cc1cccc(S(=O)(=O)NCCCN2CCC(c3noc4cc(F)ccc34)CC2)c1,7.8
Clc1cccc(N2CCN(CCCCOc3cccc4ccnn34)CC2)c1Cl,7.8
O=c1ccc2ccc(OCCCN3CCN(c4ccccc4)CC3)cc2o1,7.8
COc1cc(CN2CCN(c3ccccc3OC)CC2)ccc1OCc1cn(CCCCCCCCn2cc(COc3ccc(CN4CCN(c5ccccc5OC)CC4)cc3OC)nn2)nn1,7.8
CCOCCn1cc(CCCOc2ccc(CN3CCN(c4ccccc4OC)CC3)cc2OC)nn1,7.8
O=S(=O)(c1cccc2ncccc12)N1CCC[C@H]1CCN1CCN(c2cccc3sccc23)CC1,7.8
Cl.O=C1C[C@H](CN2CCC(c3noc4cc(F)ccc34)CC2)Cc2occc21,7.8
C=CCN1CCC2C=C(O)C(O)=C3C(c4ccccc4)CC1C32,7.8
COc1ccccc1N1CCN(CCCCNC(=O)c2ccc(COCCOCCOCCOCCOCCOCCOCCOCCOCc3ccc(C(=O)NCCCCN4CCN(c5ccccc5OC)CC4)cc3)cc2)CC1,7.8
COc1ccccc1N1CCN(CCCCNC(=O)c2cc3cc(O)ccc3[nH]2)CC1.O=C(O)C(=O)O,7.8
O=S(=O)(N[C@@H]1CCN(CCOc2ccccc2-c2ccccc2)C1)c1ccc(F)cc1,7.8
O=S(=O)(NCCCCN1CCN(c2nsc3ccccc23)CC1)c1cccc2scnc12,7.8
COc1ccccc1N1CCN(CCCCNC(=O)c2ccc(-c3cccc([18F])n3)cc2)CC1,7.8
CCCN(CCCCNC(=O)c1ccc(OCCCc2cn(CCCCCCCCn3cc(CCCOc4ccc(C(=O)NCCCCN(CCC)C5Cc6ccccc6C5)cc4OC)nn3)nn2)c(OC)c1)C1Cc2ccccc2C1,7.8
CCN(Cc1ccc(-c2cc(S(=O)(=O)CC)ccc2OC)[nH]1)Cc1ccccc1OC,7.8
O=C(NCCCCN1CCN(c2cccc3ccccc23)CC1)c1cnc2ccccc2c1,7.8
O=S(=O)(NCCCN1CCN(c2cccc(Cl)c2Cl)CC1)c1ccc2cccnc2c1,7.8
CCCN(CCC)C1CC=C(C#C[Si](C)(C)C)CC1,7.8
COC(=O)c1cc2c3c(ccc2[nH]1)OCC(CNCCCc1ccccc1)O3,7.8
O=S(=O)(NC1CCN(CCOc2ccccc2-c2ccccc2)C1)c1cccs1,7.8
CC(C)c1ccccc1OCCN1CCC(NS(=O)(=O)c2cccs2)C1,7.8
C[C@@]12CC(c3ccccc3)C[C@@H](C1)N(CCN1CCN(c3cccc(Cl)c3)C1=O)C2,7.8
Cc1cccc2c(CCCN3CCN(c4cccc5c4OCCO5)CC3)c[nH]c12,7.8
CC1CCN(C(=O)c2ccccc2)c2c(CCN3CCN(c4nsc5ccccc45)CC3)cccc21,7.8
CSc1ccccc1N1CCN(CCCCNC(=O)c2cc3ccccn3n2)CC1,7.8
CCS(=O)(=O)c1ccc(OC)c(-c2ccc(CN3CCCC3c3ccccc3)[nH]2)c1,7.8
O=C(/C=C/c1ccc(Cl)c(Cl)c1)NCCCCCN1CCC(c2c[nH]c3ccc(O)cc23)CC1,7.8
Nc1cc(F)ccc1C(=O)CCCN1CC[C@@H]2[C@H](C1)c1cccc3c1N2CCO3,7.8
O=C1CCc2ccc(CC3CC4CCC(C3)N4C[C@@H]3COc4c(ccc5c4CC(=O)N5)O3)cc2N1,7.8
COc1ccc2[nH]cc(C3CC(=O)N(CCCCN4CCC(c5c[nH]c6ccccc56)CC4)C3=O)c2c1,7.8
Cc1cc2c(cc1NS(=O)(=O)c1ccc(-c3ccc(Cl)cc3)cc1)CCN(C)CC2,7.8
O=C(NCCC(O)CN1CCN(c2cccc(Cl)c2Cl)CC1)c1ccc(-c2ccccn2)cc1,7.8
O=C1NCc2ccc(OCCCCN3CCN(c4cccc5cc(F)ccc45)CC3)c(F)c21,7.8
O=C1COc2ccccc2N1CCCN1CCC(n2c(=O)[nH]c3ccccc32)CC1,7.8
O=c1oc2ccccc2n1CCCCCCN1CCN(c2nsc3ccccc23)CC1,7.8
O=C1NCc2ccc(OCCCN3CCN(c4cccc5ccccc45)CC3)cc21,7.79
O=S(=O)(N[C@H]1CCN(CCCc2noc3ccccc23)C1)c1cc2ccccc2s1,7.79
CCc1cccc(N2CCN(C/C=C/CCNC(=O)C3N=CC(C)=N3)CC2)c1Cl,7.79
CCN1C[C@H](OC(=O)Nc2ccc(-c3ccsc3)cc2)C[C@H]1CNC(=O)c1cc(CCCF)cc(OC)c1OC,7.79
O=C1CC(CN2CCC(c3noc4cc(F)ccc34)CC2)Cc2occc21,7.79
CCc1cccc(N2CCN(C/C=C/CNC(=O)c3nc(C)c[nH]3)CC2)c1Cl,7.79
CC(=O)Nc1ccc(OCCCN2CCN(c3cccc4ccsc34)CC2)cc1,7.79
CCOc1cccc2c3c(oc12)CN(CCCCOc1ccc2ccc(=O)[nH]c2c1)CC3,7.78
Cc1ccc(N2CCN(CC[C@H]3CC[C@H](NC(=O)c4cccs4)CC3)CC2)cc1,7.78
Cc1nc2n(c(=O)c1CCN1CCN(c3cccc4sccc34)CC1)CCC=C2,7.78
Cc1cc2c(cc1OCCCN1CCN(c3cccc4cccc(F)c34)CC1)C(=O)NC2,7.78
O=C(N[C@H]1CC[C@H](CCN2CCC(c3coc4ccccc34)CC2)CC1)c1ccc(-c2cccnc2)cc1,7.78
CN(C(=O)c1cccs1)[C@H]1CC[C@H](CCN2CCN(c3cccc(Cl)c3Cl)CC2)CC1,7.78
COc1cc2c(cc1O)[C@@H]1Cc3sc(CC(C)Cl)cc3CN1CC2,7.78
CCN(C)CCc1c(-c2cccc(C(F)(F)F)c2)[nH]c2ccccc12,7.77
O=C(NC/C=C/CN1CCN(c2cccc(Cl)c2Cl)CC1)c1ccccn1,7.77
COc1ccccc1N1CCN(Cc2cc(CN3CCN(c4ccccc4OC)CC3)c3cccccc2-3)CC1,7.77
FC(F)(F)c1cccc(N2CCN(CCCCNc3ccccn3)CC2)c1,7.77
COc1cc(CN2CCN(c3ccccc3OC)CC2)ccc1OCCCc1cn(CCCCCCCCn2cc(CCCOc3ccc(CN4CCN(C5CCCCC5)CC4)cc3OC)nn2)nn1,7.77
C[C@@H](O)[C@@H]1NC(=O)[C@H](CCCCN)NC(=O)[C@@H](Cc2c[nH]c3ccccc23)NC(=O)[C@H](Cc2ccccc2)NC(=O)[C@H](Cc2ccccc2)NC(=O)[C@H](CCCNC(=N)N)NC(=O)[C@H](NCCSC[C@@H]2C[C@@H]3c4cccc5[nH]cc(c45)C[C@H]3N(C)C2)CCCCNC(=O)[C@H](Cc2ccc(F)c(F)c2)NC1=O,7.77
CC(=O)N1CCC(C)c2cccc(CCN3CCN(c4nsc5ccccc45)CC3)c21,7.77
O=C(CCCN1CC[C@H]2[C@@H](C1)c1cccc3c1N2CCCS3)c1ccccc1,7.77
Clc1cccc(N2CCN(CCCCOc3ccc4scnc4c3)CC2)c1Cl,7.77
O=C1c2ccccc2S(=O)(=O)N1CCCCCN1CCN(c2cccc(Cl)c2Cl)CC1,7.77
O=S(=O)(NCCCCN1CCN(c2cccc(Cl)c2Cl)CC1)c1cc2ccccc2cn1,7.77
CC(C)(C)c1ccc(S(=O)(=O)N[C@H]2CC[C@H](CCN3CCN(c4nsc5ccccc45)CC3)CC2)s1,7.77
C=CCN1C[C@@H](OCCCN)C[C@@H]1CNC(=O)c1cc(CCCF)cc(OC)c1OC,7.77
CC(=O)N1CCC(C)c2c(C)ccc(CCN3CCN(c4noc5ccccc45)CC3)c21,7.77
Cc1cccc(S(=O)(=O)NCCCN2CC=C(c3c[nH]c4ccc(F)cc34)CC2)c1,7.77
COc1cc(CN2CCN(c3ccccc3OC)CC2)ccc1OCCCc1cn(CCCCCCCCCCn2cc(CCCOc3ccc(CN4CCN(c5ccccc5OC)CC4)cc3OC)nn2)nn1,7.77
O=C(NCCCCN1CCN(c2cccc(Cl)c2Cl)CC1)c1ccc(F)cc1,7.77
CCCN(CCCCNC(=O)c1ccc(OCCCc2cn(CCCCCCCCn3cc(CCCOc4ccc(C(=O)NCCCCN5CCN(c6ccccc6OC)CC5)cc4OC)nn3)nn2)c(OC)c1)C1Cc2ccccc2C1,7.77
Cc1cccc(S(=O)(=O)NCCCCN2CCC(c3noc4cc(F)ccc34)CC2)c1,7.77
COc1ccccc1N1CCN(CCCCNC(=O)c2cc(C)ccc2C)CC1,7.77
O=c1[nH]c2cccc(N3CCN(CC4CCc5[nH]c6ccc(F)cc6c5C4)CC3)c2o1,7.77
C#CCCC(=O)Nc1ccc(CCN(CCC)C2CCc3c(O)cccc3C2)cc1,7.77
CCN(C)CCc1c(-c2ccc(F)cc2)[nH]c2ccccc12,7.77
Br.COc1cc(Cl)ccc1N1CCN(C[C@H]2C[C@@H]2c2ccccc2)CC1,7.77
O=C(NCCCCN1CCN(c2cccc(Cl)c2Cl)CC1)c1cn(-c2ccc([N+](=O)[O-])cc2)nn1,7.77
COc1ccccc1N1CCN(CCCCNC(=O)c2nnn(Cc3ccccc3Br)c2C)CC1,7.77
CCCN(CCC)[C@@H]1CCc2ccc3[nH]cc(C(C)=O)c3c2C1,7.77
O=C(CCCN1CCC(c2cc3ccc2CCc2ccc(cc2)CC3)CC1)c1cc2ccc1CCc1ccc(cc1)CC2,7.77
CCN(CC)C(=O)NCCCCN1CCN(c2cc(C(F)(F)F)nc(C(C)(C)C)n2)CC1,7.76
CN1CCc2ccccc2Cc2ccc(O)cc2CC1,7.76
O=C(O)C(=O)O.OC1(c2ccc(Br)cc2)CCN(Cc2cc3ccccc3o2)CC1,7.76
COc1ccccc1N1CCN(CCCCNC(=O)c2ccc(C(C)=O)cc2)CC1,7.76
CN1CCc2ccc(OCCCCN3CCN(c4cccc(C(F)(F)F)c4)CC3)cc2C1=O,7.76
O=C(NC/C=C/CN1CCN(c2cccc(Cl)c2Cl)CC1)c1ccc(Cl)cc1,7.76
O=C1CC(CN2CCC(c3noc4cc(F)ccc34)CC2)Cc2cc(-c3ccccc3)ccc21,7.76
Br.CN1CCc2ccccc2Cc2ccc(O)cc2CC1,7.76
CCCCc1cc2c(s1)C[C@H]1c3cc(O)c(OC)cc3CCN1C2,7.75
COc1ccccc1N1CCN(C/C=C/CNC(=O)c2cc(C)ccc2OCCF)CC1.O=C(O)C(=O)O,7.75
OC1(c2ccc(Cl)cc2)CCN(CCCC#Cc2ccc(F)cc2)CC1,7.75
O=C1COc2ccccc2N1CCCN1CCN(c2nsc3ccccc23)CC1,7.75
CS(=O)(=O)Nc1cc(F)ccc1C(=O)CCCN1CC[C@H]2[C@@H](C1)c1cccc3c1N2CCCS3,7.75
O=C(NC/C=C/CN1CCN(c2ccccc2OCCF)CC1)c1ccc(CCF)cc1.O=C(O)C(=O)O,7.75
O=C1NCCc2ccc(OCCCCN3CCN(c4cccc(Cl)c4Cl)CC3)cc21,7.75
O=C(CCCN1CCC(O)(c2ccc(F)cc2)CC1)c1ccc(Cl)cc1,7.75
O=C1NCN(c2ccccc2)C12CCN(CCCCc1nc3cc(Cl)ccc3s1)CC2,7.75
O=C(NC1CCC(CCN2CCN(c3cccc(Cl)c3Cl)CC2)CC1)c1cccs1,7.75
COc1ccccc1N1CCN(Cc2ccccc2CNC(=O)/C=C/c2ccccc2)CC1,7.75
O=C(NCCCCN1CCN(c2ccccc2OCCF)CC1)c1ccc2nonc2c1,7.75
Clc1cccc(N2CCCN(CCCCOc3ccc4scnc4c3)CC2)c1Cl,7.75
CS(=O)(=O)Nc1cccc(OCCN2CCC(Oc3ccc4c(c3)NC(=O)CC4)CC2)c1,7.75
O=c1n(CCCCCCN2CCN(c3cccc(Cl)c3)CC2)c2cccc3c2n1CCC3,7.75
C=CCN1CC[C@H]2c3cccc(OC)c3CC[C@H]21,7.75
CC(C)c1ccccc1OCCN1CCC(N(CC2CC2)S(=O)(=O)c2cnn(C)c2)CC1,7.75
CC(=O)N1CCC(C)c2cc(F)cc(CCN3CCN(c4nsc5ccccc45)CC3)c21,7.75
CCC(=O)N[C@H]1CC[C@H](CCN2CCN(c3nsc4ccccc34)CC2)CC1,7.75
O=S(=O)(NCCN1CCN(c2nsc3ccccc23)CC1)c1ccc2ccccc2c1,7.75
O=S1(=O)c2cccc3cccc(c23)N1CCCCCCN1CCN(c2nsc3ccccc23)CC1,7.75
O=S(=O)(NC1CCN(CCOc2ccccc2-c2ccccc2)C1)c1cc(F)ccc1F,7.75
Oc1nc2cccc(N3CCN(Cc4cccc(-c5cccc(Cl)c5)c4)CC3)c2o1,7.75
c1cc2c(c(N3CCN(CCCc4c[nH]c5ccccc45)CC3)c1)OCCN2,7.75
COc1ccccc1N1CCN(CCCCCc2cn(-c3cccc4cnccc34)nn2)CC1,7.75
COc1ccccc1N1CCN(CCCCNC(=O)c2cccc3c2-c2ccccc2C3=O)CC1,7.75
COc1ccc([N+](=O)[O-])cc1S(=O)(=O)N[C@H]1CC[C@H](N2CCN(c3ccccc3OC(C)C)CC2)CC1,7.75
COc1ccccc1N1CCN(CCCNC(=O)Nc2cccc(-c3ccccc3)c2)CC1,7.75
CCCCn1cc(CCCOc2ccc(C(=O)NCCCCN(CCC)[C@@H]3CCc4c(O)cccc4C3)cc2OC)nn1,7.75
O=S(=O)(N[C@H]1CCN(CCCc2noc3ccccc23)C1)c1cc2ccc(F)cc2s1,7.75
O=C1NCCc2ccc(OCCCN3CCN(c4cccc(Cl)c4Cl)CC3)cc21,7.75
Clc1cccc(N2CCN(CCCCN3CCc4ncsc4CC3)CC2)c1Cl,7.74
COc1cc2c(cc1O)[C@@H]1Cc3sc(CCCCl)cc3CN1CC2,7.74
O=C(NCCCCN1CCN(c2cccc(Cl)c2Cl)CC1)c1ccc(-c2cccnc2)cc1,7.74
Nc1ccccc1C(=O)NC/C=C/CN1CCN(c2cccc(Cl)c2Cl)CC1,7.74
CC(C)=CC(=O)N[C@H]1CC[C@H](CCN2CCC(c3coc4ccccc34)CC2)CC1,7.74
CC(C)(C)c1ccoc1C(=O)N[C@H]1CC[C@H](CCN2CCN(c3nsc4ccccc34)CC2)CC1,7.73
C=CCN1C[C@H](OCCCN)C[C@H]1CNC(=O)c1cc(CCCF)cc(OC)c1OC,7.73
CCCN[C@@H]1Cc2cccc3c2n(c(=O)n3CCCCNC(=O)c2cc3ccccc3[nH]2)C1,7.73
C=CCN1C[C@H](OC(=O)Nc2cc(C)ccc2OC)C[C@H]1CNC(=O)c1cc(CCCF)cc(OC)c1OC,7.73
Br.C=CCN1CCc2c(cc(O)c(O)c2Br)C(c2ccccc2)C1,7.72
Nc1ccccc1C(=O)CCCN1CC[C@@H]2[C@H](C1)c1cccc3c1N2CCS3,7.72
O=c1ccc2c(N3CCN(CCCCOc4ccn5nccc5c4)CC3)ccc(O)c2o1,7.72
Nc1cc(F)ccc1C(=O)CCCN1CC[C@@H]2[C@H](C1)c1cccc3c1N2CCCC3,7.72
COc1ccccc1N1CCN(CCCc2cn(CCCN3CCc4cc(O)c(O)cc4C(c4ccccc4C)C3)nn2)CC1,7.72
COc1ccc(N(Cc2ccccc2F)NC(=O)NCCCN2CCN(c3ccccc3OC)CC2)cc1,7.72
COc1ccc(N(Cc2ccccc2)NC(=O)NCCCN2CCN(c3ccccc3OC)CC2)cc1,7.72
CCCN1CCC(c2cn(C)c3ccc(F)cc23)CC1,7.72
CS(=O)(=O)Nc1cc(OCCN2CCC(Cc3ccc4c(c3)NC(=O)CC4)CC2)ccc1F,7.72
O=S(=O)(c1cncc2ccccc12)N1CCC[C@H]1CCN1CCN(c2cccc3c2OCCO3)CC1,7.72
Cc1ncoc1-c1nnc(SCCCN2CCC[C@@]3(C[C@@H]3c3ccc(C(F)(F)F)cc3)C2)n1C,7.72
O=C1CC(c2c[nH]c3ccc(F)cc23)C(=O)N1CCCCN1CCC(c2c[nH]c3ccc(F)cc23)CC1,7.72
COc1ccccc1N1CCN(CCCCNC(=O)/C=C/C=C/c2ccccc2)CC1,7.72
O=C(CCCN1CCN(c2cc3ccc2CCc2ccc(cc2)CC3)CC1)c1ccc(F)cc1,7.72
Fc1ccc2[nH]cc(CCCN3CCN(c4cccc5c4OCCO5)CC3)c2c1,7.72
COc1ccccc1N1CCN(CCC2CCc3ccc([N+](=O)[O-])cc3C2O)CC1,7.72
COc1ccccc1N1CCN(CCCNC(=O)c2ccc(COCCOCCOCCOCCOCc3ccc(C(=O)NCCCN4CCN(c5ccccc5OC)CC4)cc3)cc2)CC1,7.72
Cc1csc(C(=O)N[C@H]2CC[C@H](CCN3CCN(c4cccc(Cl)c4Cl)CC3)CC2)c1,7.72
O=C(N[C@H]1CC[C@H](CCN2CCC(c3coc4ccccc34)CC2)CC1)c1ccc(N2CCS(=O)(=O)CC2)cc1,7.72
COc1cccc2c1CC[C@H]1CN(CCn3c(=O)[nH]c4c(sc5cccnc54)c3=O)C[C@@H]21,7.71
COc1ccccc1N1CCN(CCCCCc2cn(-c3ccccc3)nn2)CC1,7.71
COc1ccccc1N1CCN(CCCCNC(=O)c2ccc(Cl)cc2)CC1.O=C(O)C(=O)O,7.71
C[C@@H]1c2cccc3c2-c2c1ccc1c2[C@@H](C3)N(C)CC1,7.71
CCCN(CCCCN1CCN(c2ccccc2)CC1)C1CCc2ccc(O)cc2C1,7.71
COc1ccccc1N1CCN(CCCNC(=O)c2sc3nc(OC)c(Cl)c(C)c3c2N)CC1,7.71
O=C(NC/C=C/CN1CCN(c2cccc(Cl)c2Cl)CC1)c1ccc([N+](=O)[O-])cc1,7.71
C[C@@H](O)[C@@H]1NC(=O)[C@H](CCCCN)NC(=O)[C@@H](Cc2c[nH]c3ccccc23)NC(=O)[C@H](Cc2ccccc2)NC(=O)[C@H](Cc2ccccc2)NC(=O)[C@H](CCCNC(=N)N)NC(=O)[C@H](NCCCS(=O)(=O)C[C@@H]2C[C@@H]3c4cccc5[nH]cc(c45)C[C@H]3N(C)C2)CCCCNC(=O)[C@H](Cc2ccc(F)cc2)NC1=O,7.71
CO/N=C(/CCN1CCC(c2ccccn2)CC1)c1ccc(Cl)cc1,7.71
O=C(NC/C=C/CN1CCN(c2cccc(Cl)c2Cl)CC1)c1cccnc1,7.71
O=C(NCCCCN1CCN(c2cccc(Cl)c2Cl)CC1)c1cccc2c1-c1ccccc1C2=O,7.71
COCCC(=O)N1CCC(CCCN2CCN(c3cccc(Cl)c3Cl)CC2)CC1,7.71
COc1ccccc1N1CCN(CCCCNC(=O)/C=C/c2cccc(Cl)c2)CC1.O=C(O)C(=O)O,7.7
Cc1ccc2c(c1)C(=O)N(CCCCCN1CC=C(c3c[nH]c4ccc(F)cc34)CC1)C2=O,7.7
CN1CCc2cc(N)cc3c2[C@H]1Cc1ccc(O)c(O)c1-3,7.7
COc1ccccc1N1CCN(CCCCCCNc2nc(N)nc(N)n2)CC1,7.7
Clc1cccc(N2CCCN(CCCOc3ccc4scnc4c3)CC2)c1Cl,7.7
CN1C[C@H](C(=O)N[C@@H](Cc2ccc([N+](=O)[O-])cc2)C(=O)N[C@@H](Cc2ccc(F)cc2)C(=O)N2CCCC(C(N)=O)C2)C=C2c3cccc4[nH]cc(c34)C[C@H]21,7.7
O=C1CCc2ccc(OCCCCN3CCN(c4cccc5c4ccn5Cc4ccccc4)CC3)cc2N1,7.7
Cc1ccccc1OCCNCCCOc1ccccc1,7.7
Cc1ccc(S(=O)(=O)CC2CCN(CCCc3noc4cc(F)ccc34)C2)cc1C,7.7
Nc1ccccc1C(=O)CCCN1CC[C@@H]2[C@H](C1)c1cccc3c1N2CCCC3,7.7
O=C(NC[C@@H]1C[C@H]1CN1CCN(c2cccc(Cl)c2Cl)CC1)c1ccnc2ccccc12,7.7
Cc1cccc(S(=O)(=O)NCCN2CCC(c3noc4cc(F)ccc34)CC2)c1,7.7
COc1ccccc1N1CCN(CCCNC(=O)c2ccc(COCCOCCOCCOCCOCCOCCOCc3ccc(C(=O)NCCCN4CCN(c5ccccc5OC)CC4)cc3)cc2)CC1,7.7
CCN(Cc1ccc(-c2cc(S(=O)(=O)CC)ccc2OC)[nH]1)Cc1ccccc1Cl,7.7
O=C1NCCc2ccc(OCCCCN3CCC(c4cccc(Cl)c4Cl)CC3)cc21,7.7
CC(C)c1ccccc1OCCN1CCC(N(CC2CC2)S(=O)(=O)c2ccc(F)cc2)CC1,7.7
CCCN(CCC)C1CCc2sccc2C1,7.7
CCCN1CCN(c2ccccc2OC)CC1,7.7
N#Cc1ccc2c(c1)[C@H]1CN(CCCCNC(=O)c3ccc(-c4ccc(N)cc4)cc3)C[C@@H]1CO2,7.7
CN(CCN1CCN(c2cccc(C(F)(F)F)c2)C1=O)C[C@]12CC[C@H](CC1)C2(C)C,7.7
COc1ccccc1N1CCN(CCCCNC(=O)C(C)(C)C)CC1,7.7
COc1ccccc1N1CCN(CCCCCN2C(=O)c3ccccc3S2(=O)=O)CC1,7.7
O=C1c2ccccc2S(=O)(=O)N1CCCCCN1CCN(c2cccc3ccccc23)CC1,7.7
CN1CCc2cc(Cl)c(O)cc2[C@H](c2ccccc2)C1,7.7
CC(C)c1ccccc1N1CCN(CCCCCC(=O)NCc2ccc(C#N)cc2)CC1,7.7
O=C(NCCN1CCC(c2cccc(C(F)(F)F)n2)CC1)C1CCOC1,7.7
COc1ccc2[nH]cc(C3CCN(CCCCN4C(=O)CC(c5c[nH]c6ccc(F)cc56)C4=O)CC3)c2c1,7.7
S=c1[nH]c2ccc(CCCN3CCN(c4ccc(Cl)cc4)CC3)cc2[nH]1,7.7
COc1ccccc1N1CCN(CCCC2CCCc3c(OC)cccc32)CC1,7.7
N#Cc1ccc2c(c1)[C@H]1CN(Cc3ccccc3)C[C@@H]1CO2,7.7
O=S(=O)(N[C@@H]1CCN(CCCc2noc3ccccc23)C1)c1csc2ccccc12,7.7
O=C1c2ccccc2C(=O)N1CCCN1CC=C(c2c[nH]c3ccc(F)cc23)CC1,7.7
CC(=O)c1ccc(C(=O)Nc2ccc(CCN3CC4COc5ccc(C#N)cc5C4C3)cc2)cc1,7.7
O=C1c2ccccc2C(=O)N1CCCCCN1CC=C(c2c[nH]c3ccc(Cl)cc23)CC1,7.7
Cc1cccc(S(=O)(=O)NCCN2CC=C(c3c[nH]c4ccc(F)cc34)CC2)c1,7.7
COc1ccccc1N1CCN(CCCCNC(=O)c2ccc(-c3ccc(N)cc3)cc2)CC1,7.7
CC(C)c1ccccc1OCCN1CC[C@@H](NS(=O)(=O)c2ccc(Cl)s2)C1,7.7
CN(C)C(=O)N1CCC(CCN2CCN(c3cccc(Cl)c3Cl)CC2)CC1,7.69
CC(=O)N(C)c1ccc(OCCCN2CCC(c3noc4cc(F)ccc34)CC2)cc1,7.69
C[C@H]1CN(CC[C@H]2CC[C@H](NC(=O)[C@@H]3CCCO3)CC2)CCc2ccc(Cl)cc21,7.69
COc1ccccc1N1CCN(CCCCCN2CCc3ccccc3C2=O)CC1,7.69
c1cc2c(c(N3CCN(CCCc4c[nH]c5ccccc45)CC3)c1)CCCO2,7.69
CCCCN1CCN(c2ccccc2OC)CC1,7.69
CCc1cccc(N2CCN(CCC(C(=O)N(C)C)(c3ccccc3)c3ccccc3)CC2)c1Cl,7.69
O=S(=O)(N[C@@H]1CCN(CCCc2noc3ccccc23)C1)c1cccc2ccccc12,7.69
O=C(NCCCCN1CCN(c2ccccc2OCCF)CC1)c1cc2ccccn2n1,7.68
COc1ccccc1N1CCN(CCCCNC(=O)/C=C/c2ccc(F)cc2)CC1,7.68
CN1CCN(C2=Nc3ccccc3Oc3ccc(Cl)cc32)CC1,7.68
O=S(=O)(c1cccc2ncccc12)N1CCCC[C@@H]1CCN1CCN(c2cccc3sccc23)CC1,7.68
CCN1C(=O)C(N2CCN(Cc3ccc(Cl)cc3)CC2)Cc2ccccc21,7.68
CCOc1cccc(N2CCN(CCCCOc3ccc4c(c3)NC(=O)CC4)CC2)c1,7.68
O=C1CCc2ccc(OCCCN3CCN(c4cccc(Cl)c4Cl)CC3)cc2N1,7.68
NC1CCc2ccc(CCN3CCN(c4nsc5ccccc45)CC3)cc21,7.68
OC1(c2ccc(Cl)c(Cl)c2)CCN(Cc2coc3ccccc23)CC1,7.68
COCC(C)(C)C(=O)NCCN1CC=C(c2cccc(C(F)(F)F)n2)CC1,7.68
O=C(NC1CCc2ccc(CCN3CCN(c4nsc5ccccc45)CC3)cc21)C1CC1,7.68
O=C(NCCCCN1CCN(c2cccc(Cl)c2Cl)CC1)N1CCN(c2ccccc2)CC1,7.68
OC1(c2ccc(Cl)cc2)CCN(Cc2coc3ccccc23)CC1,7.68
NC(=O)c1ccccc1OCCCN1CCN(c2cccc3c2ccn3Cc2ccccc2F)CC1,7.68
O=C(NCCCCN1CCN(c2cccc(Cl)c2Cl)CC1)c1ccc(F)nc1,7.68
CN1CCN(C2=Cc3ccccc3Oc3ccccc32)CC1,7.68
COc1ccccc1N1CCN(CCCCNC(=O)c2nccc3ccccc23)CC1.O=C(O)C(=O)O,7.68
COc1cccc(C2CCN(CCNC(=O)C3CCOCC3)CC2)n1,7.68
c1cc2c(c(N3CCN(CCCc4c[nH]c5ccccc45)CC3)c1)OCCO2,7.68
C1=C(c2ccccc2)CCN(CCc2c[nH]c3ncccc23)C1,7.68
CNc1cc(OC)c(C(=O)NC[C@@H]2CN(Cc3ccccc3)C[C@@H]2C)cc1Cl,7.68
CC(C)c1ccccc1N1CCN(CCCCCC(=O)NCc2ccncc2)CC1,7.68
CN1C[C@H](CNC(=O)OCc2ccccc2)C[C@@H]2c3cccc4c3c(cn4C)C[C@H]21,7.68
COc1ccccc1N1CCN(CCCCNC(=O)/C=C/c2ccc(Cl)cc2Cl)CC1.O=C(O)C(=O)O,7.68
C[C@@H]1CCCCN1CCc1c(-c2ccccc2)[nH]c2ccccc12,7.68
CC1CC(=O)Nc2c(CCN3CCN(c4nsc5ccccc45)CC3)cccc21,7.68
COc1ccc(F)cc1[C@H]1C[C@@H]1CNCCCCOc1ccc2ccc(=O)[nH]c2c1,7.68
Cc1nc2c(OCc3ccccc3)cccn2c(=O)c1CCN1CCN(c2cccc3sccc23)CC1,7.68
COc1ccccc1N1CCN(CCCCNC(=O)c2ccc(OCCOCCF)cc2)CC1.O=C(O)C(=O)O,7.68
O=C(N[C@H]1CC[C@H](CCN2CCN(c3nsc4ccccc34)CC2)CC1)c1cc2cc([N+](=O)[O-])ccc2[nH]1,7.67
CCN1CCN(c2cc(-c3ccc(F)cc3)c3c(n2)CCC[C@H](O)CC3)CC1,7.67
O=C(NCCCCN1CCN(c2ccccc2OCCF)CC1)c1ccc(CCF)cc1.O=C(O)C(=O)O,7.67
C=CCN1CC[C@H](OCCCN)[C@H]1CNC(=O)c1cc(CCCF)cc(OC)c1OC,7.67
C=CCN1CCC[C@H]1CNC(=O)c1cc(CCCSC2CC(=O)N(CCCCCC(=O)NCC(=O)N[C@@H](CCCNC(=N)N)C(=O)N[C@@H](CCCCN)C(=O)N[C@@H](CCCCN)C(=O)N[C@@H](CCCNC(=N)N)C(=O)N[C@@H](CCCNC(=N)N)C(=O)N[C@@H](CCC(N)=O)C(=O)N[C@@H](CCCNC(=N)N)C(=O)N[C@@H](CCCNC(=N)N)C(=O)N[C@@H](CCCNC(=N)N)C(=O)N3CCC[C@H]3C(=O)N3CCC[C@H]3C(=O)N[C@@H](CCC(N)=O)C(=O)O)C2=O)cc(OC)c1OC,7.67
CN1CCN(C2=Nc3ccccc3Nc3sc(CO)cc32)CC1,7.66
COc1ccccc1N1CCN(CCCCCC(=O)N2CCc3ccccc3C2)CC1,7.66
COc1cc(CN2CCN(c3ccccc3OC)CC2)ccc1OCCCc1cn(CCCCCCCCn2cc(CCCOc3ccc(CN4CCN(c5ccccc5OC)CC4)cc3OC)nn2)nn1,7.66
COc1ccc(-c2cc(N3CCN(C)CC3)nc3c2ccn3S(=O)(=O)CC(C)C)cc1,7.66
Cc1nc2ccc(OCCCN3CCN(c4cccc(C(F)(F)F)c4)CC3)cc2c(=O)n1C,7.66
Clc1cccc(OCCNCCCOc2ccccc2)c1,7.66
O=S(=O)(c1cncc2ccccc12)N1CCC[C@@H]1CCN1CCN(c2cccc3c2OCCO3)CC1,7.66
CCCN(CCN1CCN(c2nccc3ccccc23)CC1)C1CCc2ccc(O)cc2C1,7.66
CCS(=O)(=O)Nc1cccc(N2CCN(CCCCN3C(=O)C4CCCN4C3=O)CC2)c1.Cl,7.66
CCCN(CCCCN1CCN(c2ccccc2)CC1)C1CCc2cc(O)c(O)cc2C1,7.66
OC1(c2ccc(Cl)cc2)CCN(CCCCCc2ccc(F)cc2)CC1,7.66
O=C1NCN(c2ccccc2)C12CCN(CCCCc1c[nH]c3ccccc13)CC2,7.66
OC1(c2ccc(Cl)cc2)CC2CCC(C1)N2CCCOc1ccc(F)cc1,7.66
O=C(NC/C=C/CN1CCN(c2cccc(Cl)c2Cl)CC1)c1cccc([N+](=O)[O-])c1,7.66
CCCN(Cc1ccc(OC)cc1)[C@@H]1CCc2c(cccc2OC)C1,7.66
N#Cc1cccc([C@@H]2CCCN(CCc3ccccc3)C2)c1,7.66
Cn1c(=O)cnn(CCCCN2CCN(c3cccc4ccc(O[11CH3])cc34)CC2)c1=O,7.66
O=C(N[C@H]1CC[C@H](CCN2CCC(c3coc4ccccc34)CC2)CC1)c1ccc(-c2ccccc2)cc1,7.66
O=S(=O)(NCCCCN1CCC(c2noc3cc(F)ccc23)CC1)c1csc2ccccc12,7.66
CC(C)(C)c1nc(N2CCN(CCCCNC(=O)c3cn4nc(Cl)ccc4n3)CC2)cc(C(F)(F)F)n1,7.66
Cc1cc2c(cc1OCCCN1CCN(c3cccc4ccccc34)CC1)C(=O)NC2,7.66
COc1ccccc1N1CCN(CCCCN2CCc3cc(C#N)ccc3C2=O)CC1,7.66
CCCn1c(=O)n2c3c(cccc31)C[C@@H](N(C)CCCCNC(=O)c1cc3ccccc3[nH]1)C2,7.66
OC1(c2ccc(Cl)cc2)C[C@H]2CC[C@@H](C1)N2CCCOc1ccc(F)cc1,7.66
N#Cc1ccc2[nH]cc(CCCN3CCN(c4cccc5sccc45)CC3)c2c1,7.66
COc1ccccc1N1CCN(CCCCNC(=O)c2cc3cc(OCCOCCF)ccc3[nH]2)CC1.O=C(O)C(=O)O,7.66
O=C(NC1CCc2ccc(CCN3CCN(c4nsc5ccccc45)CC3)cc21)c1ccccc1,7.66
COc1ccccc1N1CCN(CCCNC(=O)NN(Cc2ccccc2F)c2ccc(Br)cc2)CC1,7.66
CC(=O)NC1CCc2ccc(CCN3CCN(c4nsc5ccccc45)CC3)cc21,7.66
Nc1nc2c(s1)CCN(CCCCN1CCN(c3cccc(Cl)c3Cl)CC1)CC2,7.65
C=CCN1C[C@H](OC(=O)Nc2ccc(-c3ccccn3)cc2)C[C@H]1CNC(=O)c1cc(CCCF)cc(OC)c1OC,7.65
O=C1NCc2ccc(OCCCCN3CCN(c4cccc5ccccc45)CC3)c(F)c21,7.65
O=C1NCc2ccc(OCCCCN3CCN(c4cccc5c4COCC5)CC3)cc21,7.65
COc1ccccc1N1CCN(CCCCNC(=O)/C=C/c2ccc(Cl)cc2)CC1,7.65
C[C@@H](O)[C@@H]1NC(=O)[C@H](CCCCN)NC(=O)[C@@H](Cc2c[nH]c3ccccc23)NC(=O)[C@H](Cc2ccncc2)NC(=O)[C@H](Cc2ccccc2)NC(=O)[C@H](CCCNC(=N)N)NC(=O)[C@H](NC[C@H](CCCCNC(=O)C[S+]([O-])C[C@@H]2C[C@@H]3c4cccc5[nH]cc(c45)C[C@H]3N(C)C2)NC(=O)C[S+]([O-])C[C@@H]2C[C@@H]3c4cccc5[nH]cc(c45)C[C@H]3N(C)C2)CCCCNC(=O)[C@H](Cc2ccc(O)cc2)NC1=O,7.65
COc1ccccc1N1CCN(CCCCNC(=O)/C=C/c2ccc(Cl)cc2)CC1.O=C(O)C(=O)O,7.65
CC(C)Oc1ccccc1N1CCN(C[C@@H](O)CNC(=O)c2ccc3c(c2)C(=O)N(c2ccc(N(C)C)cc2)C3=O)CC1,7.64
C#Cc1cccc(C(=O)NCCCCCN2CCN(c3cccc(Cl)c3Cl)CC2)c1,7.64
O=S(=O)(c1cncc2ccccc12)N1CCCC[C@@H]1CCN1CCN(c2cccc3sccc23)CC1,7.64
Fc1ccc(-c2cncc(CN3CCN(c4ccccc4)CC3)c2)cc1,7.64
C=CCN1CCC[C@H]1CNC(=O)c1cc(Br)ccc1OC,7.64
COc1ccc2c(c1)CCN(C)CCc1c([nH]c3ccccc13)C2,7.64
CN(C)C(=O)C(CCNCCCCN1CCN(c2cccc(Cl)c2Cl)CC1)(c1ccccc1)c1ccccc1,7.64
COc1ccccc1N1CCN(CCCCNC(=O)c2cc3ccccc3oc2=O)CC1,7.64
CN1CCN(C2=Nc3ccccc3Sc3ccc(OS(=O)(=O)C(F)(F)F)cc32)CC1,7.64
COc1ccccc1N1CCN(CCCNC(=O)NN(Cc2ccccc2)c2ccc(Cl)cc2)CC1,7.64
O=S(=O)(NCCN1CC=C(c2c[nH]c3ccc(Cl)cc23)CC1)c1cccc(Cl)c1,7.64
O=S(=O)(N[C@H]1CC[C@H](N2CCC(c3ccccc3OCC(F)(F)F)CC2)CC1)c1ccc2c(c1)OCCO2,7.64
O=S(=O)(NCCCN1CCC(c2noc3cc(F)ccc23)CC1)c1ccc2cc(Cl)ccc2c1,7.64
COc1c(C(=O)N[C@@H]2CCN(Cc3ccccc3)C2)cc(I)c2ccccc12,7.64
Cc1ccc(CN2CCC(CC(=O)N3c4ccccc4CC3C)CC2)cc1F,7.64
Cn1c(=O)c2c(nc3n(CCCCN4CCN(c5ccc(Cl)cc5)CC4)c(-c4ccccc4)cn23)n(C)c1=O,7.64
CCN1C(=O)c2ccccc2[S@+]([O-])c2ccc(C(=O)NCc3ccc(C#N)cc3)cc21,7.64
O=C(N[C@H]1CC[C@H](CCN2CCC(c3coc4ccccc34)CC2)CC1)C1CC1,7.64
COc1ccccc1N1CCN(CCCCNC(=O)/C=C/c2ccc(Cl)c(Cl)c2)CC1.O=C(O)C(=O)O,7.64
O=C1CCc2ccc(OCCCN3CCN(c4cccc5c4ccn5S(=O)(=O)c4ccccc4)CC3)cc2N1,7.64
O=C(NC/C=C/CN1CCN(c2cccc(Cl)c2Cl)CC1)c1ccc(-c2cccc[n+]2[O-])cc1,7.64
Nc1ccccc1C(=O)CCCN1CC[C@H]2[C@@H](C1)c1cccc3c1N2CCO3,7.64
CCCN(CCCCNC(=O)/N=N/c1ccc(F)cc1)C1Cc2ccccc2C1,7.64
COc1ccccc1N1CCN(CCCCn2cc(-c3ccc4ccccc4c3)nn2)CC1,7.63
COc1cccc2[nH]cc(CN3CCC(n4c(=O)[nH]c5ccccc54)CC3)c12.O=C(O)C(=O)O,7.63
CC(=O)N[C@H]1CC[C@H](CCN2CCc3ccc(C#N)cc3C2)CC1,7.63
Cn1c(=O)[nH]c2ccc(CCN3CCN(c4cccc5sccc45)CC3)cc21,7.63
O=C(NC/C=C/CN1CCN(c2cccc(Cl)c2Cl)CC1)c1ccc(-c2cccc(=O)[nH]2)cc1,7.63
C[C@@H](O)[C@@H]1NC(=O)[C@H](CCCCN)NC(=O)[C@@H](Cc2c[nH]c3ccccc23)NC(=O)[C@H](Cc2ccccc2)NC(=O)[C@H](Cc2ccccc2)NC(=O)[C@H](CCCNC(=N)N)NC(=O)[C@H](NC[C@H](Cc2ccc(O)cc2)NC(=O)CSC[C@@H]2C[C@@H]3c4cccc5[nH]cc(c45)C[C@H]3N(C)C2)CCCCNC(=O)[C@H](Cc2ccccc2)NC1=O,7.62
O=C1NCN(c2ccccc2)C12CCN(CCCCc1nc3ccccc3s1)CC2,7.62
CSc1ccc(C2(O)CCN(Cc3c[nH]c4ccccc34)CC2)cc1,7.62
O=S(=O)(NC1CCN(CCOc2ccccc2-c2ccccc2)C1)c1ccc(F)c(F)c1,7.62
CC(C)Oc1ccccc1N1CCN([C@H]2CC[C@@H](NS(=O)(=O)Cc3ccccc3)CC2)CC1,7.62
COc1ccccc1N1CCN(CCCCNC(=O)c2cc3cc(OCCF)ccc3[nH]2)CC1.O=C(O)C(=O)O,7.62
COc1ccccc1N1CCN(CCCCNC(=O)/C=C/c2ccc(Br)cc2)CC1.O=C(O)C(=O)O,7.62
c1ccc2c(N3CCN(CCc4ccc5[nH]nnc5c4)CC3)cccc2c1,7.62
Cl.O=C1Cc2c(ccc3c2OC[C@H](CNCCC2CCc4[nH]c5ccc(F)cc5c4C2)O3)N1,7.62
O=S(=O)(c1cccc2ncccc12)N1CC[C@@H]1CCN1CCN(c2cccc3sccc23)CC1,7.62
Clc1cccc2[nH]cc(CCCN3CCN(c4cccc5c4OCCO5)CC3)c12,7.62
O=Cc1cnn2cccc(OCCCCN3CCN(c4cccc(Cl)c4Cl)CC3)c12,7.62
CC(C)CCN1CCN2c3cccc4[nH]cc(c34)CC2C1,7.62
COc1ccccc1N1CCN(CCCNC(=O)NN(Cc2ccccc2)c2ccc(Cl)cc2Cl)CC1,7.62
C=CCN1CCC[C@H]1CNC(=O)c1cc(CCCSC2CC(=O)N(CCCCCC(=O)NCCCOCCOCCOCCC(=O)N[C@@H](Cc3cnc[nH]3)C(=O)N[C@@H](C)C(=O)N[C@H](C(=O)N[C@@H](Cc3ccc(O)cc3)C(=O)N3CCC[C@H]3C(=O)N[C@@H](CCCNC(=N)N)C(=O)N[C@@H](Cc3cnc[nH]3)C(=O)O)[C@@H](C)CC)C2=O)cc(OC)c1OC,7.62
O=C1Cc2c(ccc3c2OC[C@H](CNCCC2CCc4[nH]c5ccc(F)cc5c4C2)O3)N1,7.62
O=C(NC1CCN(CCOc2ccccc2-c2ccccc2)C1)c1ccc2ccccc2n1,7.62
Cc1ccc2sc(S(=O)(=O)N[C@H]3CCN(CCCc4noc5ccccc45)C3)cc2c1,7.62
COC(=O)c1ccc(CCc2nc3ccccc3n2Cc2ccc(Cl)cc2)cc1,7.62
O=C1CCc2cc(CCCCN3CCN(c4cccc5sccc45)CC3)ccc2N1,7.62
COc1ccccc1N1CCN(Cc2ccc3cccccc2-3)CC1,7.62
CCC[C@@H]1CN(Cc2ccccc2)C[C@H]1CNC(=O)c1cc(Cl)c(NC)cc1OC,7.62
Cn1c(=O)c2c(nc3n(CCCCCN4CCN(c5ccccc5O)CC4)c(-c4ccccc4)cn23)n(C)c1=O,7.62
CN[C@@H]1Cc2cccc3c2n(c(=O)n3CCCCCCCCCCOCCCCc2ccccc2)C1,7.62
CCCCn1cc(CCCOc2ccc(C(=O)NCCCCN(CCC)CCc3ccc(O)c4[nH]c(=O)ccc34)cc2OC)nn1,7.62
COc1ccccc1N1CCN(CCCCCc2cn(-c3ccc(F)cc3)nn2)CC1,7.62
CN1CCc2ccc3c4c2[C@H]1Cc1cccc(c1-4)[C@H]3O,7.62
O=C1c2ccccc2S(=O)(=O)N1CCCCCCN1CCN(c2ccccc2F)CC1,7.62
CCN(C)C(=O)N[C@H]1CC[C@H](CCN2CCc3ccc(Cl)cc3[C@@H](C)C2)CC1,7.62
O=C(NCCCCN1CCN(c2cccc(Cl)c2Cl)CC1)c1ccc(-c2ccccn2)cc1,7.61
COc1ccc2c(c1)CCCN(C)CCc1ccccc1C2,7.61
Oc1ccc2c(c1)CC(N(CCc1cccs1)CCN1CCN(c3ccccc3)CC1)CC2,7.61
Fc1ccc2cccc(N3CCN(CCCOc4ccc5c(c4)CNC5)CC3)c2c1,7.61
Cn1cnc2ccc(OCCCCN3CCN(c4cccc(C(F)(F)F)c4)CC3)cc2c1=O,7.61
CCCN[C@@H]1Cc2cccc3c2n(c(=O)n3CCCCOCCCCc2ccccc2)C1,7.61
CCO[C@@]1(CC)c2cccc3c2-c2c1ccc1c2[C@@H](C3)N(C)CC1,7.61
O=C1NCc2cc(Cl)c(OCCCN3CCN(c4cccc5cccc(F)c45)CC3)cc21,7.61
Cl.O=C(CCCN1CCC2(CCc3ccccc3C2=O)CC1)c1ccc(F)cc1,7.6
CC1(C)Cc2cccc(OCCNCC3(F)CCN(C(=O)c4ccc(F)c(Cl)c4)CC3)c2O1,7.6
CCCN(CCCCNC(=O)c1ccc(-c2ccccc2)cc1)C1CCc2c(O)cccc2C1,7.6
COc1ccccc1N1CCN(CCCCNC(=O)c2cc3ccccc3s2)CC1,7.6
CC(=O)Nc1ccc(CN2CC3COc4ccc(C#N)cc4C3C2)cc1,7.6
CC1CCN(C(=O)C2CCCCC2)c2c(CCN3CCN(c4nsc5ccccc45)CC3)cccc21,7.6
CCN1CCCC1c1ccc(-c2cc(S(=O)(=O)CC)ccc2OC)[nH]1,7.6
C=CCN1CC[C@@H]2c3c(O)cccc3CC[C@H]21,7.6
N#Cc1ccc2c(c1)[C@H]1CN(Cc3ccc(F)cc3)C[C@@H]1CO2,7.6
O=C(NCCCCN1CCC[C@H]2c3cccc(O)c3CC[C@@H]21)c1ccc(-c2ccccc2)cc1,7.6
C[C@@H](O)[C@@H]1NC(=O)[C@H](CCCCN)NC(=O)[C@@H](Cc2c[nH]c3ccccc23)NC(=O)[C@H](Cc2ccccc2)NC(=O)[C@H](Cc2ccccc2)NC(=O)[C@H](CCCNC(=N)N)NC(=O)[C@H](NC(=O)[C@@H](Cc2ccc(O)cc2)NC(=O)CSC[C@@H]2C[C@@H]3c4cccc5[nH]cc(c45)C[C@H]3N(C)C2)CCCCNC(=O)[C@H](Cc2ccccc2)NC1=O,7.6
CCN(CC)CCN1CCN(c2cccc(Cl)c2)C1=O,7.6
COc1cccc(C2CCCN(CCN3CCN(c4cccc(Cl)c4)C3=O)C2)c1,7.6
O=C1N(CCN2C[C@@H]3CC[C@H]2Cc2ccccc2C3)CCN1c1cccc(Cl)c1,7.6
O=C1N(CCN2C[C@H]3CC[C@H](CC3)C2)CCN1c1cccc(Cl)c1,7.6
CC(C)S(=O)(=O)n1ccc2c(-c3ccc(C(F)(F)F)cc3)cc(N3CCN(C)CC3)nc21,7.6
Fc1ccc(-c2cncc(CN3CCN(c4ccccc4F)CC3)c2)cc1,7.6
C=CCN1CCC[C@H]1CNC(=O)c1cc(CCCSC2CC(=O)N(CCCCCC(=O)NCCOCCOCCOCCOCCOCCOCCOCCOCCOCCOCCOCCOCCC(=O)N[C@@H](Cc3cnc[nH]3)C(=O)N[C@@H](C)C(=O)N[C@H](C(=O)N[C@@H](Cc3ccc(O)cc3)C(=O)N3CCC[C@H]3C(=O)N[C@@H](CCCNC(=N)N)C(=O)N[C@@H](Cc3cnc[nH]3)C(=O)O)[C@@H](C)CC)C2=O)cc(OC)c1OC,7.6
CS(=O)(=O)Nc1ccc(CCN2CC3COc4ccc(C#N)cc4C3C2)cc1,7.6
Fc1ccc2c(c1)C1CN(Cc3ccccc3)CC1CO2,7.6
O=c1[nH]c2ccc(OCCCN3CCN(c4cccc(Cl)c4Cl)CC3)cc2[nH]1,7.6
O=C(CCCCN1CCC2(CC1)C(=O)NCN2c1ccccc1)c1nc2ccccc2s1,7.6
Clc1cccc(N2CCN(CCCCOc3cccn4nccc34)CC2)c1Cl,7.6
CO/N=C(\CCN1CCC(c2ccccn2)CC1)c1ccc(Cl)cc1,7.6
COc1ccccc1N1CCN(CCCCNC(=O)c2ccc(-c3ccc(S(C)(=O)=O)cc3)cc2)CC1,7.6
O=S(=O)(NCCCCN1CCC(c2noc3cc(F)ccc23)CC1)c1cccc2scnc12,7.6
CCN(Cc1ccc(-c2cc(S(=O)(=O)CC)ccc2OC)[nH]1)[C@@H](C)c1ccccc1,7.6
O=C1c2ccccc2C(=O)N1CCCCCCCN1CC=C(c2c[nH]c3ccc(F)cc23)CC1,7.6
CC(C)c1ccccc1OCCN1CC[C@H](NS(=O)(=O)c2ccc(Cl)s2)C1,7.6
CC(C)c1ccccc1OCCN1CCC(NS(=O)(=O)c2cccc(Cl)c2)C1,7.6
CCS(=O)(=O)c1ccc(OC)c(-c2ccc(CN3CCCCC[C@@H]3c3ccccc3)[nH]2)c1,7.6
C[C@H]1CN(CC[C@H]2CC[C@H](NC(=O)[C@@H]3CCCN3)CC2)CCc2ccc(Cl)cc21,7.6
Cc1nc2ccc(CCN3CCN(c4cccc5sccc45)CC3)cc2c(=O)[nH]1,7.6
CC(=O)N[C@H]1CC[C@H](CCN2CCN(c3nsc4ccccc34)CC2)CC1,7.6
CCc1cc(Cl)c(OC)c(C(=O)NC[C@@H]2CCCN2CCCCOc2ccc3c(c2)NC(=O)CC3)c1O,7.6
O=C(CCCCCCCCCCCCCCCCCCC(=O)OC1(c2ccc(Cl)cc2)CCN(CCCC(=O)c2ccc(F)cc2)CC1)OC1(c2ccc(Cl)cc2)CCN(CCCC(=O)c2ccc(F)cc2)CC1,7.6
CCS(=O)(=O)c1ccc(OC)c(-c2ccc(CN3CCCCCC3c3ccc(C)cc3)[nH]2)c1,7.6
N#Cc1ccc2c(c1)C1CN(Cc3ccccc3)CC1CO2,7.6
CCS(=O)(=O)c1ccc(OC)c(-c2ccc(CN3CCCCCC3c3ccc(OC)cc3)[nH]2)c1,7.6
COc1ccccc1N1CCN(CCCCNC(=O)c2ccc(COCCOCCOCCOCCOCCOCCOCc3ccc(C(=O)NCCCCN4CCN(c5ccccc5OC)CC4)cc3)cc2)CC1,7.6
c1cnc(N[C@H]2CC[C@H](CCN3CCN(c4cccnc4)CC3)CC2)nc1,7.6
C#CCN(CCCCN1CCN(c2ccccc2)CC1)C1CCc2ccc(O)cc2C1,7.6
COc1ccc(N2CCN(CCCCOc3ccc4c(c3)NC(=O)CC4)CC2)c(OC)c1.O=C(O)C(=O)O,7.6
O=C1c2ccccc2C(=O)N1CCCCCN1CC=C(c2c[nH]c3ccccc23)CC1,7.6
Oc1ccc(N2CCN(CCCCOc3ccn4nccc4c3)CC2)c2cccnc12,7.6
Cc1cccc2c1C(=O)N(CCCCCN1CC=C(c3c[nH]c4ccc(F)cc34)CC1)C2=O,7.6
O=C1c2cccc(F)c2C(=O)N1CCCCCN1CC=C(c2c[nH]c3ccccc23)CC1,7.6
CC(C)(C)c1nc(N2CCN(CCCCn3ccc(O)cc3=O)CC2)cc(C(F)(F)F)n1,7.59
C[C@@H](O)[C@@H]1NC(=O)[C@H](CCCCN)NC(=O)[C@@H](Cc2c[nH]c3ccccc23)NC(=O)[C@H](Cc2ccccc2)NC(=O)[C@H](Cc2ccccc2)NC(=O)[C@H](CCCNC(=N)N)NC(=O)[C@H](NCCSC[C@@H]2C[C@@H]3c4cccc5[nH]cc(c45)C[C@H]3N(C)C2)CCCCNC(=O)[C@H](Cc2cc(F)cc(F)c2)NC1=O,7.59
COc1ccc(F)cc1C1CC1CNCCCOc1ccc2ccc(=O)[nH]c2c1,7.59
CC#CC(=O)N[C@H]1CC[C@H](CCN2CCC(c3coc4ccccc34)CC2)CC1,7.59
C1=C(c2c[nH]c3ccccc23)CCN(Cc2ccccc2)C1,7.59
Cc1ncoc1-c1nnc(SCCCN2CC[C@]3(C[C@@H]3c3ccc(C(F)(F)F)cc3F)C2)n1C,7.59
O=C(N[C@H]1CC[C@H](CCN2CCC(c3coc4ccccc34)CC2)CC1)c1ccc(Cl)cc1,7.59
Cn1c(=O)c2cc(OCCCN3CCN(c4cccc5sccc45)CC3)ccc2n(C)c1=O,7.59
COc1ccccc1N1CCN(CCCCNC(=O)c2ccc(C(C)(C)C)cc2)CC1,7.58
CCCN(CCC)[C@@H]1CCc2c(F)cccc2C1,7.58
C=CCN1CCC[C@H]1CNC(=O)c1cc(CCCSC2CC(=O)N(CCCCCC(=O)NCCOCCOCCOCCOCCC(=O)N[C@H](C(=O)N[C@@H](Cc3ccccc3)C(=O)N[C@@H](Cc3ccccc3)C(=O)N[C@@H](Cc3ccc(O)cc3)C(=O)NCC(=O)NCC(=O)N[C@@H](CO)C(=O)N[C@@H](CCCNC(=N)N)C(=O)NCC(=O)N[C@@H](CCCCNC(=O)CN3CCN(CC(=O)O)CCN(CC(=O)O)CCN(CC(=O)O)CC3)C(=O)N[C@@H](CCCNC(=N)N)C(=O)N[C@@H](CC(N)=O)C(=O)N[C@@H](CC(N)=O)C(=O)N[C@@H](Cc3ccccc3)C(=O)N[C@@H](CCCCN)C(=O)N[C@H](C(=O)N[C@@H](CCC(=O)O)C(=O)N[C@@H](CCC(=O)O)C(=O)N[C@@H](Cc3ccc(O)cc3)C(=O)O)[C@@H](C)O)[C@@H](C)O)C2=O)cc(OC)c1OC,7.58
CN1CCc2cc(Cl)c(O)cc2[C@H]2c3cc(CN4CCCCC4)ccc3CC[C@@H]21,7.58
OC1(c2cccc(Cl)c2Cl)CCN(Cc2c[nH]c3ccccc23)CC1,7.58
CN1CCc2ccc3c4c2[C@H]1Cc1cccc(c1-4)[C@]3(C)O,7.58
CCCN(CCN1CCN(c2ccccc2)CC1)[C@@H]1CCc2c(O)cccc2C1,7.58
Cc1ccc(CN2CCN(C3CCc4cccc5c4N(C3=O)C(C)C5)CC2)cc1,7.58
O=C1c2ccccc2S(=O)(=O)N1CCCCN1CCN(c2cccc(Cl)c2Cl)CC1,7.58
CCCN(CCN1CCN(c2ccccc2)CC1)[C@H]1CCc2c(O)cccc2C1,7.58
COc1ccccc1N1CCN(CCCNC(=O)NN(Cc2ccccc2F)c2ccc(Cl)cc2)CC1,7.58
O=c1[nH]c2ccc(OCCN3CCN(c4cccc(C(F)(F)F)c4)CC3)cc2[nH]1,7.58
CCNC(=O)Nc1cc(F)ccc1C(=O)CCCN1CC[C@H]2[C@@H](C1)c1cccc3c1N2CCCS3,7.58
c1cnc(N2CCN(CCCCc3nc4ccccc4s3)CC2)nc1,7.58
CCc1c(-c2ccccc2)nc(O)n1C1CCN(Cc2ccccc2)CC1,7.58
COc1ccccc1N1CCN(CCCCCC(=O)NC2CCCc3ccccc32)CC1,7.58
CCCN(CCN1CCN(c2ccccc2)CC1)C1CCc2c(O)cccc2C1,7.58
COc1ccccc1N1CCN(CCCCCc2cn(-c3ccc(SC)cc3)nn2)CC1,7.58
COc1ccccc1OCCNC[C@@H](O)COc1cccc2[nH]c3ccccc3c12,7.58
O=C(NCCCCN1CCN(c2ccccc2F)CC1)c1n[nH]c2ccccc12,7.58
CCCN1CCC(c2csc3ccccc23)CC1,7.58
O=S(=O)(NCCCN1CCN(c2nsc3ccccc23)CC1)c1cnc2ccccn12,7.58
O=C(N[C@H]1CC[C@H](CCN2CCN(c3nsc4cc([N+](=O)[O-])ccc34)CC2)CC1)c1ccco1,7.58
O=S(=O)(NCCCCN1CCC(c2noc3cc(F)ccc23)CC1)c1ccc(F)c(Cl)c1,7.58
O=C(Cc1ccccc1)NC1CCc2ccc(CCN3CCN(c4nsc5ccccc45)CC3)cc21,7.58
COCC(C)(C)C(=O)NCCN1CC=C(c2cccc(C)n2)CC1,7.58
CC1Cc2ccccc2N1C(=O)NCCCCN(C)[C@H]1Cc2cccc3[nH]c(=O)n(c23)C1,7.57
COc1ccccc1N1CCN(CCCCNC(=O)c2ccc(OCCF)cc2)CC1.O=C(O)C(=O)O,7.57
O=S(=O)(NCCCN1CCN(c2nsc3ccccc23)CC1)c1ccc(OC(F)(F)F)cc1,7.57
COc1ccccc1C1CCN(CNC(=O)c2cccc(C)c2)CC1,7.57
O=S(=O)(NCCCCCCN1CCN(c2nsc3ccccc23)CC1)c1ccc2ccccc2c1,7.57
O=S(=O)(NCCCCN1CCN(c2nsc3ccccc23)CC1)c1ccc(Cl)c(Cl)c1,7.57
CC(=O)NCc1ccc2c(c1)[C@H](N1CCN(C)CC1)Cc1ccccc1S2,7.57
O=S(=O)(NCCCN1CCC(c2noc3cc(F)ccc23)CC1)c1cc2ccc(Cl)cc2s1,7.57
c1cc(N2CCN(CCc3ccc4ncsc4c3)CC2)c2ccsc2c1,7.57
Cc1cccc(N2CCN(CCCCn3c(C)cn4c5c(=O)n(C)c(=O)n(C)c5nc34)CC2)c1C,7.57
CCCN(CCC)C1Cc2cc3nc(N)sc3cc2C1,7.57
Cc1cccc(C2CCN(CCNC(=O)C3CCCO3)CC2)n1,7.57
COc1ccccc1N1CCN(CCCCNC(=O)c2ccc(-n3ccnc3)cc2)CC1,7.57
CN1C(=O)COc2ccc(CCN3CCN(c4cccc5sccc45)CC3)cc21,7.57
CCCN1CCC(c2c[nH]c3cc(F)ccc23)CC1,7.57
O=C1c2ccccc2S(=O)(=O)N1CCCCCCN1CCN(c2ccccc2C(F)(F)F)CC1,7.57
CN1CCC(c2cn(-c3ccc(F)cc3)c3ccc(-c4ccncc4)cc23)CC1,7.57
CCCC(=O)NC1CCc2ccc(CCN3CCN(c4nsc5ccccc45)CC3)cc21,7.57
COc1cccc(CN2CC=C(c3c[nH]c4ccccc34)CC2)c1,7.57
CCOc1ccccc1N1CCN(CCCCCCN2C(=O)c3cccc4cccc(c34)C2=O)CC1,7.57
CN(C)C(=O)N[C@H]1CC[C@H](CCN2CCN(c3cccc(C(F)(F)F)n3)CC2)CC1,7.57
CCCN(CCC)C1CCc2ccsc2C1,7.57
O=S(=O)(NCCCN1CCN(c2nsc3ccccc23)CC1)c1cccc2scnc12,7.57
CC(C)Oc1ccccc1N1CCN([C@H]2CC[C@H](NS(=O)(=O)c3ccc(F)cc3)CC2)CC1,7.57
COc1ccccc1N1CCN(CCCCCNC(=O)c2cccc(C#Cc3ccccc3)c2)CC1,7.57
COc1cc2c(cc1O)CN(Cc1ccccc1CNC(=O)c1ccc(I)c(OC)c1)CC2,7.57
COc1ccccc1N1CCN(CCCCNC(=O)c2cc3cc(I)ccc3o2)CC1,7.57
Cc1nc2c(O)cccn2c(=O)c1CCN1CCN(c2cccc3sccc23)CC1,7.57
OC1(c2ccc(Cl)cc2)CC2CCC(C1)N2CCCSc1cccc(F)c1,7.57
CCc1cc(Cl)c(OC)c(N2CCN(CCCCNC(=O)c3cc4ccccc4[nH]3)CC2)c1,7.56
C=CCN1CCC[C@H]1CNC(=O)c1cc(CCCSC2CC(=O)N(CCCCCC(=O)N[C@H](C(=O)N[C@@H](Cc3cnc[nH]3)C(=O)N[C@@H](CCCNC(=N)N)C(=O)N3CCC[C@H]3C(=O)N3CCC[C@H]3C(=O)N[C@@H](CCSC)C(=O)N[C@@H](Cc3c[nH]c4ccccc34)C(=O)N[C@@H](CO)C(=O)N3CCC[C@H]3C(=O)N[C@H](C(=O)N[C@@H](Cc3c[nH]c4ccccc34)C(=O)N3CCC[C@H]3C(=O)O)C(C)C)[C@@H](C)O)C2=O)cc(OC)c1OC,7.56
O=C(NCCCCN1CCN(c2ccccc2OCCF)CC1)c1ccc(-c2ccsc2)cc1.O=C(O)C(=O)O,7.56
C=CCN1CCC[C@H]1CNC(=O)c1cc(CCCSC2CC(=O)N(CCCCCC(=O)NCCOCCOCCOCCOCCOCCOCCC(=O)N[C@@H](Cc3cnc[nH]3)C(=O)N[C@@H](C)C(=O)N[C@H](C(=O)N[C@@H](Cc3ccc(O)cc3)C(=O)N3CCC[C@H]3C(=O)N[C@@H](CCCNC(=N)N)C(=O)N[C@@H](Cc3cnc[nH]3)C(=O)O)[C@@H](C)CC)C2=O)cc(OC)c1OC,7.56
CCCN(CCN1CCN(c2cccc(Cl)c2Cl)CC1)C1CCc2ccc(O)cc2C1,7.56
N#Cc1ccc2nn(CCCCN3CCN(c4cccc5sccc45)CC3)c(=O)n2c1,7.56
O=C1NCc2ccc(OCCCN3CCN(c4cccc5ccc(F)cc45)CC3)cc21,7.56
O=C(O)C(=O)O.OC1(c2ccc(Br)cc2)CCN(Cc2c[nH]c3cccc(OCCF)c23)CC1,7.56
COc1ccc(F)cc1C1CC1CNCCCOc1ccc2c(c1)NC(=O)CC2,7.56
COc1ccccc1N1CCN(CCCCNC(=O)c2cc3ccccc3cn2)CC1.O=C(O)C(=O)O,7.56
CCc1cc(Cl)c(OC)c(C(=O)NC[C@@H]2CCCN2CCCCNC(=O)c2cc3ccccc3o2)c1O,7.56
CCCN1CCO[C@@H]2c3cc(O)ccc3OC[C@H]21,7.55
O=c1[nH]c2ccc(CCN3CCN(c4cccc(C(F)(F)F)c4)CC3)cc2[nH]c1=O,7.55
O=C(NC/C=C/CN1CCN(c2cccc(Cl)c2Cl)CC1)c1cccc(I)c1,7.55
Oc1nc2cc(CCN3CCN(c4cccc(C(F)(F)F)c4)CC3)ccc2[nH]1,7.55
O=c1[nH]c2cccc(OCC3CCN(CC4CCc5[nH]c6ccc(F)cc6c5C4)CC3)c2o1,7.55
COc1ccc(Cl)cc1CN1CCN(CC(=O)N2c3ccccc3C[C@H]2C)CC1,7.55
Cc1ccc(C(=O)N[C@H]2CC[C@H](CCN3CCC(c4coc5ccccc45)CC3)CC2)cn1,7.55
O=C1Cc2cc(CCCCN3CCN(c4cccc5sccc45)CC3)ccc2N1,7.55
Cc1oc(C)c2c1CCCc1cnn(C)c1-2,7.55
O=C(CCCN1CCN(c2ccc(Cl)cc2)CC1)c1ccc(F)cc1,7.55
O=C(N[C@H]1CC[C@H](CCN2CCC(c3coc4ccccc34)CC2)CC1)C1CC1(F)F,7.55
O=C(NCCN1CCC(c2cccc(OC(F)(F)F)n2)CC1)C1CCOCC1,7.55
Cl.O=C1[C@@H]2[C@H]3CC[C@H](C3)[C@@H]2C(=O)N1CCCCN1CCN(c2ncccn2)CC1,7.55
CCC[C@H]1CN(Cc2ccccc2)C[C@H]1CNC(=O)c1cc(Cl)c(NC)cc1OC,7.55
O=C(NCC(O)CCN1CCN(c2cccc(Cl)c2Cl)CC1)c1ccc(-c2ccccn2)cc1,7.55
C=CCN1CCC[C@H]1CNC(=O)c1cc(CCCSC2CC(=O)N(CCCCCC(=O)NCCCC(=O)N[C@@H](Cc3cnc[nH]3)C(=O)N[C@@H](C)C(=O)N[C@H](C(=O)N[C@@H](Cc3ccc(O)cc3)C(=O)N3CCC[C@H]3C(=O)N[C@@H](CCCNC(=N)N)C(=O)N[C@@H](Cc3cnc[nH]3)C(=O)O)[C@@H](C)CC)C2=O)cc(OC)c1OC,7.55
O=C1c2ccccc2S(=O)(=O)N1CCCCCCN1CCN(c2ccc(Cl)cc2)CC1,7.55
c1ccc(-n2cc(CN3CCN(c4cc5ccc4CCc4ccc(cc4)CC5)CC3)cn2)cc1,7.55
COc1ccccc1N1CCN(CCCCNC(=O)c2ccc(-c3ccccn3)cc2)CC1,7.55
Fc1ccc(-c2[nH]c3cc(F)ccc3c2C2CCCNC2)cc1,7.55
c1ccc(N2CCN(CC[C@H]3CC[C@@H](Nc4ncccn4)CC3)CC2)cc1,7.55
CCc1ccc2c3c1CCN(C)[C@@H]3Cc1ccc(OC)c(OC)c1-2,7.55
CCc1ccc2c(c1)C(C1=C[C@H](C)N(C)CC1)=Nc1cc(Cl)ccc1N2,7.55
C1=C(c2ccccc2)CCN(Cc2cnn(-c3ccccc3)c2)C1,7.55
CN1CCN([C@@H]2C[C@@H](c3ccccc3)c3ccc(Cl)cc32)CC1(C)C,7.55
CN1CCCC(c2c(-c3ccccc3)[nH]c3ccccc23)C1,7.55
COc1ccccc1N1CCN(Cc2cn3cc(C)cc(-c4ccccc4)c3n2)CC1,7.55
COc1c(Cl)cccc1N1CCN(CCCCNC(=O)c2cc3ccc2CCc2ccc(cc2)CC3)CC1,7.55
COc1ccccc1N1CCN(Cc2ccccc2CNC(=O)c2ccc3ccccc3c2)CC1.O=C(O)C(=O)O,7.55
C=CCN1C[C@H](OC(=O)Nc2ccccc2)C[C@H]1CNC(=O)c1cc(CCCF)cc(OC)c1OC,7.54
O=C(N[C@H]1CC[C@H](CCN2CCN(c3cccc(Cl)c3Cl)CC2)CC1)c1ccnc2ccccc12,7.54
O=S(=O)(c1cncc2ccccc12)N1CC[C@@H]1CCN1CCN(c2cccc3sccc23)CC1,7.54
C=CCN1C[C@H](OC(=O)Nc2ccc(-c3ccsc3)cc2)C[C@H]1CNC(=O)c1cc(CCCF)cc(OC)c1OC,7.54
Nc1cc(F)ccc1C(=O)CCCN1CC[C@@H]2[C@H](C1)c1cccc3c1N2CCC3,7.54
Cc1cc(C(N)=O)c(-c2cccc(OC(=O)NCCCN3CCN(c4ccccc4)CC3)c2)o1,7.54
CC(=O)N1CCC(C)c2cc(F)cc(CCN3CCN(c4noc5ccccc45)CC3)c21,7.54
Nc1cccc(C(=O)NC/C=C/CN2CCN(c3cccc(Cl)c3Cl)CC2)c1,7.54
NC(=O)c1ccccc1OCCCN1CCC(c2cn(Cc3ccccc3)c3ccccc23)CC1,7.54
C[C@@H](O)[C@@H]1NC(=O)[C@H](CCCCN)NC(=O)[C@@H](Cc2c[nH]c3ccccc23)NC(=O)[C@H](Cc2ccccc2)NC(=O)[C@H](Cc2ccccc2)NC(=O)[C@H](CCCNC(=N)N)NC(=O)[C@H](NC[C@H](Cc2ccc(O)cc2)NC(=O)CSC[C@@H]2C[C@@H]3c4cccc5[nH]cc(c45)C[C@H]3N(C)C2)CCCCNC(=O)[C@H](Cc2ccc(F)cc2)NC1=O,7.54
N#Cc1cccc([C@@H]2CCCN(CCCc3ccccc3)C2)c1,7.54
Clc1ccc2c(c1)N=C(N1CCN(Cc3ccc4c(c3)OCCO4)CC1)c1ccccc1N2,7.54
O=C(N[C@H]1CC[C@H](CCN2CCC(c3coc4ccccc34)CC2)CC1)c1ccc2c(c1)OCO2,7.54
Br.Cc1cccc(C2CN(C)CCc3c2cc(O)c(O)c3-c2ccc3ccccc3c2)c1,7.54
CCC(C)Cc1cc2c(s1)C[C@H]1c3cc(O)c(OC)cc3CCN1C2,7.54
O[C@@]1(c2ccc(Cl)c(Cl)c2)C[C@H]2CC[C@@H](C1)N2Cc1csc2ccccc12,7.53
CCCCN1CCN(c2cc(CC)cc(Cl)c2OC)CC1,7.53
O=C(NCCCCN1CCN(c2cccc(Cl)c2Cl)CC1)c1cnc2ccccc2n1,7.53
OC1(c2ccc(Cl)cc2)CCN(CC[C@H]2C[C@H]2c2ccc(F)cc2)CC1,7.53
O=C(Nc1cccnc1)Nc1cccc(CCN2CCN(c3ccccc3)CC2)c1,7.53
OC1(c2ccc(Cl)cc2)CCN(CC/C=C\c2ccc(F)cc2)CC1,7.53
COc1cccc2c1CC(CNCCCCN1C(=O)CC3(CCCC3)CC1=O)CO2,7.53
Cn1cc(CN2CCC(O)(c3ccc(Cl)cc3)CC2)c2ccccc21,7.53
CN1C(=O)CCc2ccc(CCN3CCN(c4cccc5sccc45)CC3)cc21,7.53
CSc1ccccc1N1CCN(CCCCCC(=O)NCc2ccc(OS(C)(=O)=O)cc2)CC1,7.52
Clc1cccc(N2CCN(CCCOc3ccc4scnc4c3)CC2)c1Cl,7.52
O=C1COc2ccc(CCCCN3CCN(c4cccc5sccc45)CC3)cc2N1,7.52
CN1CCN(C2=Nc3cc(Cl)ccc3Nc3ccc(OS(=O)(=O)C(F)(F)F)cc32)CC1,7.52
COc1ccc2c(c1OC)-c1c(Br)ccc3c1[C@@H](C2)N(C)CC3,7.52
C[C@@H](O)[C@@H]1NC(=O)[C@H](CCCCN)NC(=O)[C@@H](Cc2c[nH]c3ccccc23)NC(=O)[C@H](Cc2ccccc2)NC(=O)[C@H](Cc2ccccc2)NC(=O)[C@H](CCCNC(=N)N)NC(=O)[C@H](NCCSC[C@@H]2C[C@@H]3c4cccc5[nH]cc(c45)C[C@H]3N(C)C2)CCCCNC(=O)[C@H](Cc2cccc(F)c2)NC1=O,7.52
CCOc1cccc2cc(CNCCCCOc3ccc4scnc4c3)oc12,7.52
C=CCN1CCC[C@H]1CNC(=O)c1cc(CCCF)ccc1OC,7.52
CN(C)C(=O)N[C@H]1CC[C@H](CCN2CCN(c3cccc4c3OCO4)CC2)CC1,7.52
CCCN(CCC)[C@@H]1CCc2cccc(O)c2[C@@H]1C,7.52
N#Cc1cc(N2CCN(CC[C@H]3CC[C@H](NC(N)=O)CC3)CC2)cc(C(F)(F)F)c1,7.52
CCOc1ccccc1N1CCN(CCCCCCN2c3cccc4cccc(c34)S2(=O)=O)CC1,7.52
C[C@H]1C[C@H](NS(=O)(=O)c2cc3ccccc3o2)CN1CCCc1noc2cc(F)ccc12,7.52
COc1ccc(Cl)cc1[C@@H]1C[C@H]1CNCCCCOc1ccc2ccc(=O)[nH]c2c1,7.52
O=S(=O)(NCCCN1CCN(c2noc3ccccc23)CC1)c1cc2ccc(Cl)cc2s1,7.52
C=CCN1C[C@H](OC(=O)NCCc2ccccc2)C[C@H]1CNC(=O)c1cc(CCCF)cc(OC)c1OC,7.52
COc1ccc(C(=O)NC/C=C/CN2CCN(c3cccc(Cl)c3Cl)CC2)cc1,7.52
COc1ccccc1N1CCN(CCCNC(=O)NN(Cc2ccc(F)cc2)c2ccc(F)cc2)CC1,7.52
C=CCN1CCC[C@H]1CNC(=O)c1cc(CCCSC2CC(=O)N(CCCCCC(=O)NCCOCCOCC(=O)N[C@@H](Cc3cnc[nH]3)C(=O)N[C@@H](C)C(=O)N[C@H](C(=O)N[C@@H](Cc3ccc(O)cc3)C(=O)N3CCC[C@H]3C(=O)N[C@@H](CCCNC(=N)N)C(=O)N[C@@H](Cc3cnc[nH]3)C(=O)O)[C@@H](C)CC)C2=O)cc(OC)c1OC,7.52
O=S(=O)(c1cncc2ccccc12)N1CCC(CCN2CCN(c3cccc(Cl)c3Cl)CC2)CC1,7.52
COc1cc2c(cc1O)Oc1c(O)ccc3c1[C@H](C2)N(C)CC3,7.52
O=S(=O)(NCCCCCCN1CCN(c2nsc3ccccc23)CC1)c1ccccc1,7.51
COc1ccccc1N1CCN(Cc2cnn(-c3ccccn3)c2)CC1,7.51
O=C(NC/C=C/CN1CCN(c2cccc(Cl)c2Cl)CC1)c1ccncc1,7.51
CN1CCN(c2nc3ccccc3c(Cl)c2Sc2ccccc2)CC1,7.51
COc1ccccc1N1CCN(CCCCc2cn(-c3ccccc3)nn2)CC1,7.51
COc1ccccc1N1CCN(CCCNC(=O)Nc2ccc(F)cc2-c2ccccc2)CC1,7.51
CC(C)Oc1ccccc1N1CCN([C@H]2CC[C@H](NS(=O)(=O)c3ccccc3F)CC2)CC1,7.51
O=C(CCCN1CCC(O)(c2ccccc2)CC1)c1ccccc1,7.51
CNc1ccccc1C(=O)CCCN1CC[C@H]2[C@@H](C1)c1cccc3c1N2CCCS3,7.51
CC(C)C(=O)NCc1ccc2c(c1)[C@H](N1CCN(C)CC1)Cc1ccccc1S2,7.51
NC(=O)c1ccccc1OCCCN1CC=C(c2cn(Cc3ccccc3)c3ccccc23)CC1,7.51
c1ccc2c(c1)CCN(CCCCc1nc3ccccc3s1)C2,7.51
CN1CCN(c2cccc3c2ccn3S(=O)(=O)c2ccccc2)CC1,7.51
COc1ccccc1N1CCN(CCCCNC(=O)c2ccc3nonc3c2)CC1,7.51
O=S(=O)(NCCCCCCN1CCN(c2nsc3ccccc23)CC1)c1cccc2ccccc12,7.51
Clc1ccc2[nH]cc(CCCN3CCN(c4cccc5c4OCCO5)CC3)c2c1,7.5
c1ccc(-c2nc3cc(CCN4CCN(c5ccccc5)CC4)ccc3[nH]2)cc1,7.5
C[C@@H](O)[C@@H]1NC(=O)[C@H](CCCCN)NC(=O)[C@@H](Cc2c[nH]c3ccccc23)NC(=O)[C@H](Cc2ccncc2)NC(=O)[C@H](Cc2ccccc2)NC(=O)[C@H](CCCNC(=N)N)NC(=O)[C@H](NCC[S@@+]([O-])C[C@@H]2C[C@@H]3c4cccc5[nH]cc(c45)C[C@H]3N(C)C2)CCCCNC(=O)[C@H](Cc2ccc(O)cc2)NC1=O,7.5
COc1cc2c(cc1O)[C@@H]1Cc3cc4c(cc3CN1CC2)OCO4,7.5
O=C(NCCCCN1CCN(c2ccccc2OCCF)CC1)c1ccc(OCCOCCOCCF)cc1.O=C(O)C(=O)O,7.5
O=C(NCCCCN1CCN(c2cccc(Cl)c2Cl)CC1)c1ccc(I)s1,7.5
CCCc1cn(CCCCCCCCn2cc(CCCOc3ccc(CN4CCN(c5ccccc5OC)CC4)cc3OC)nn2)nn1,7.5
CC1(C)[C@H]2CC[C@]1(C)CN(CCN1CCN(c3cccc(Cl)c3)C1=O)C2,7.5
O=C(NCCCCN1CCN(c2cc3ccc2CCc2ccc(cc2)CC3)CC1)c1cc2ccc1CCc1ccc(cc1)CC2,7.5
CN(C)C(=O)C(CCN1CCN(c2cccc(Cl)c2Cl)CC1)(c1ccccc1)c1ccccc1,7.5
Br.Clc1cc(Cl)cc(N2CCN(C[C@H]3C[C@@H]3c3ccccc3)CC2)c1,7.5
Clc1ccc2c(c1)C1CN(Cc3ccccc3)CC1CO2,7.5
C[C@H]1CN(CC[C@H]2CC[C@H](N3C(=O)[C@@H]4[C@@H]5CC[C@@H](C5)[C@@H]4C3=O)CC2)CCc2ccc(Cl)cc21,7.5
CC(=O)Nc1ccc(CCN2C[C@@H]3COc4ccc(C#N)cc4[C@H]3C2)cc1,7.5
CCOCCOCc1ccn2ncc(C(=O)NCCCN3CCN(c4ccccc4OC)CC3)c2c1,7.5
COc1ccccc1N1CCN(CCCNC(=O)c2ccc(COCCOCCOCCOCCOCCOCc3ccc(C(=O)NCCCN4CCN(c5ccccc5OC)CC4)cc3)cc2)CC1,7.5
Cc1cccc(S(=O)(=O)N[C@@H]2CCN(CCCc3noc4ccccc34)C2)c1,7.5
COc1ccc(/C=C/C(=O)N[C@H]2CC[C@H](CCN3CCc4ccc(OS(C)(=O)=O)cc4CC3)CC2)cc1.Cl,7.5
O=C(N[C@H]1CC[C@H](CCN2CCC(c3nocc3-c3ccccc3)CC2)CC1)c1cccc2ncccc12,7.5
N#Cc1ccc2c(c1)[C@@H]1CN(Cc3ccccc3)C[C@H]1CO2,7.5
COc1ccccc1N1CCN(CCCCNC(=O)/C=C/c2ccc(OCc3ccccc3)cc2)CC1,7.5
N#Cc1ccc2c(c1)[C@H]1CN(CCCCNC(=O)c3ccc(-c4ccccc4)cc3)C[C@@H]1CO2,7.5
CN(C)C[C@H]1CC2c3ccccc3Oc3ccc(F)cc3[C@H]2O1,7.5
COc1ccccc1N1CCN(CCCCNC(=O)/C=C/c2ccc3ccccc3c2)CC1,7.5
CCN(Cc1ccc(OC)c(OC)c1)Cc1ccc(-c2cc(S(=O)(=O)CC)ccc2OC)[nH]1,7.5
CN(C)c1ccccc1N1CCN(CCCCCC(=O)NC2CCCc3ccccc32)CC1,7.5
COc1ccccc1N1CCN(CCn2c(=O)[nH]c3ccccc3c2=O)CC1,7.5
O=S(=O)(NCC1CCN(CCOc2ccccc2-c2ccccc2)CC1)c1ccc(Cl)s1,7.5
Cc1ccccc1N1CCN(CCCCNc2ccccn2)CC1,7.5
C[C@@H](O)[C@@H]1NC(=O)[C@H](CCCCN)NC(=O)[C@@H](Cc2c[nH]c3ccccc23)NC(=O)[C@H](Cc2ccccc2)NC(=O)[C@H](Cc2ccccc2)NC(=O)[C@H](CCCNC(=N)N)NC(=O)[C@H](NCCSC[C@@H]2C[C@@H]3c4cccc5[nH]cc(c45)C[C@H]3N(C)C2)CCCCNC(=O)[C@H](Cc2ccccc2F)NC1=O,7.5
CC(=O)Nc1ccc(CN2C[C@H]3COc4ccc(C#N)cc4[C@@H]3C2)cc1,7.5
O=c1n(CCCCCCN2CCN(c3cccc4ccccc34)CC2)nc2ccccn12,7.5
COc1ccccc1N1CCN(CCCCc2cn(-c3ccc4ccccc4c3)nn2)CC1,7.5
CCCCc1ccc(S(=O)(=O)Nc2ccc3c(c2)CCN(C)CC3)cc1,7.5
Cn1c(SCCCN2CC3CCN(c4cccc(C(F)(F)F)c4)C3C2)nnc1-c1cnccn1,7.5
Cc1cc(S(=O)(=O)Nc2ccc3c(c2)CCN(C)CC3)ccc1-c1ccc(Cl)cc1,7.5
CC(=O)c1ccc2c(c1)CC(CN1CCC(C(=O)c3ccc(F)cc3)CC1)CC2=O,7.49
CSc1ncc2c(n1)CC(CN1CCC(c3noc4cc(F)ccc34)CC1)CC2=O,7.49
COc1ccc(Cl)cc1C1CC1CNCCCOc1ccc2c(c1)NC(=O)CC2,7.49
O=S(=O)(N[C@H]1CCN(CCCc2noc3ccccc23)C1)c1cccc2ccccc12,7.49
C=CCN1C[C@H](OCc2ccc(C(F)(F)F)cc2)C[C@H]1CNC(=O)c1cc(CCCF)cc(OC)c1OC,7.49
O=C(N[C@H]1CC[C@H](CCN2CCC(c3coc4ccccc34)CC2)CC1)c1ccccc1,7.49
C[C@@H](O)[C@@H]1NC(=O)[C@H](CCCCN)NC(=O)[C@@H](Cc2c[nH]c3ccccc23)NC(=O)[C@H](Cc2ccccc2)NC(=O)[C@H](Cc2ccccc2)NC(=O)[C@H](CCCNC(=N)N)NC(=O)[C@H](NC[C@H](Cc2ccc(O)cc2)NC(=O)C[S+]([O-])C[C@@H]2C[C@@H]3c4cccc5[nH]cc(c45)C[C@H]3N(C)C2)CCCCNC(=O)[C@H](Cc2ccc(F)cc2)NC1=O,7.49
FC(F)(F)c1nc2c(OCCNCc3ccccc3)cc(Cl)cc2[nH]1,7.49
Cc1nc2c(o1)CC(CN1CCC(c3noc4cc(F)ccc34)CC1)CC2=O,7.49
CSc1ccccc1N1CCN(CCCCCC(=O)NCc2ccccc2)CC1,7.48
O=C(CCCN1CCC(O)(c2ccc(Cl)cc2)C1)c1ccc(F)cc1,7.48
OC1(c2ccc(Cl)cc2)CC2CCC(C1)N2CCCCc1ccc(F)cc1,7.48
CN1CCc2ccc(OCCCN3CCC(C(=O)c4ccc(F)cc4)CC3)cc2C1=O,7.48
COc1cccc2cc(CNCCCCOc3ccc4c(c3)NC(=O)CC4)oc12,7.48
c1ccc2oc(SCCCCCCN3CCN(c4nsc5ccccc45)CC3)nc2c1,7.48
CC(C)Oc1ccccc1N1CCN(C2CCC(NC(=O)Nc3ccccc3Cl)CC2)CC1,7.48
c1ccc(N2CCN(Cc3cnn(-c4cc5ccc4CCc4ccc(cc4)CC5)c3)CC2)cc1,7.48
OC1(c2ccc(Cl)cc2)C[C@H]2CC[C@@H](C1)N2CCCCc1ccc(F)cc1,7.48
COc1ccc(Cl)cc1C1CC1CNCCCOc1ccc2ccc(=O)[nH]c2c1,7.48
O=S(=O)(NCCCN1CCC(c2noc3cc(F)ccc23)CC1)c1ccc(OC(F)(F)F)cc1,7.48
CCC(F)(F)c1conc1C1CCN(CC[C@H]2CC[C@H](NC(=O)c3cccc4nn(C)cc34)CC2)CC1,7.48
COc1ccc(N2CCN(CCCc3ccc4[nH]c(=S)[nH]c4c3)CC2)cc1,7.48
O=C(CCc1ccccc1)NC1CCc2ccc(CCN3CCN(c4nsc5ccccc45)CC3)cc21,7.48
O[C@]1(c2ccc(Cl)cc2)C[C@H]2CC[C@@H](C1)N2Cc1c[nH]c2ccccc12,7.48
CC(C)(C)OC(=O)N[C@H]1CC[C@@H](CCN2CCN(c3cccc(Cl)c3Cl)CC2)CC1,7.48
COc1ccccc1N1CCN(CCCCNC(=O)/N=N/c2ccc(F)cc2)CC1,7.47
COc1ccccc1N1CCN(CCCCCOc2ccc3ccccc3c2)CC1,7.47
CC(C)Oc1ccccc1N1CCN([C@H]2CC[C@H](NS(=O)(=O)c3ccccc3)CC2)CC1,7.47
CN1CCN(C2=Nc3ccccc3Nc3ccc(Cl)cc32)CC1,7.47
COc1ccccc1N1CCN(CCCCNC(=O)c2cnc3ccc(F)cc3c2)CC1,7.47
c1ccc2c(N3CCN(CCCOc4ccc5c(c4)CNC5)CC3)cccc2c1,7.47
COc1ccccc1N1CCN(CCCCNC(=O)c2ccc3ccccc3c2)CC1,7.47
COc1cccc(CN2CCc3cc4nc(N)sc4cc3CC2)c1,7.47
O=C(N[C@H]1CC[C@H](CCN2CCN(c3ccc(Cl)cc3)CC2)CC1)c1cccs1,7.47
COc1cc2c(cc1O)[C@@H]1Cc3sc(CC4CCC4)cc3CN1CC2,7.47
O=C(CC1COC1)N[C@H]1CC[C@H](CCN2CCC(c3coc4ccccc34)CC2)CC1,7.47
O=C(NC/C=C/CN1CCN(c2ccccc2OCCF)CC1)c1cc2cc(O)ccc2[nH]1.O=C(O)C(=O)O,7.47
COc1ccccc1N1CCN(CCCNC(=O)NN(Cc2ccccc2)c2ccc(Br)cc2)CC1,7.47
O=C1NCc2ccc(OCCCCN3CCN(c4cccc5ccc(F)cc45)CC3)cc21,7.47
C#CC1=CCC(N(CCC)CCC)CC1,7.47
COc1ccccc1N1CCN(CCCCNC(=O)c2cccc3ccnn23)CC1,7.47
O=C1c2ccccc2S(=O)(=O)N1CCCCCN1CCN(c2cccc(C(F)(F)F)c2)CC1,7.47
CCC(=O)NC1CCc2ccc(CCN3CCN(c4nsc5ccccc45)CC3)cc21,7.47
CCCN(CCC)[C@@H]1CCc2cccc(OC)c2[C@@H]1C,7.47
CCCN1CCC(c2noc3cc(F)ccc23)CC1,7.47
CC[C@H](O)CC(=O)N[C@H]1CC[C@H](CCN2CCC(c3coc4ccccc34)CC2)CC1,7.47
O=C(CC1CC1)N[C@H]1CC[C@H](CCN2CCC(c3coc4ccccc34)CC2)CC1,7.47
O=C1COc2ccc(CCN3CCN(c4cccc5sccc45)CC3)cc2N1,7.47
Clc1cccc(N2CCN(CCCCOc3ccn4nccc4c3)CC2)c1Cl,7.47
O=C1CC(CN2CCC(c3noc4cc(F)ccc34)CC2)Cc2nc(-c3ccccc3)ncc21,7.47
COc1cc2c(cc1O)[C@@H]1Cc3sc(CCCl)cc3CN1CC2,7.46
C[C@@H](O)[C@@H]1NC(=O)[C@H](CCCCN)NC(=O)[C@@H](Cc2c[nH]c3ccccc23)NC(=O)[C@H](Cc2ccncc2)NC(=O)[C@H](Cc2ccccc2)NC(=O)[C@H](CCCNC(=N)N)NC(=O)[C@H](NCCSC[C@@H]2C[C@@H]3c4cccc5[nH]cc(c45)C[C@H]3N(C)C2)CCCCNC(=O)[C@H](Cc2ccc(O)cc2)NC1=O,7.46
COc1ccccc1N1CCN(CCCCNC(=O)c2ccc(N(C)C)cc2)CC1,7.46
Cc1cc(CCN2CCN(c3noc4ccccc34)CC2)c2c(c1)C(C)CC(=O)N2,7.46
CCCN1CCN(c2ccc(O)c3c2OCC(=O)N3)CC1,7.46
Cc1ccc2c(c1)c1c(n2/C=C\c2ccccc2)CCN(C)C1,7.46
CN1CCN(C2Cc3ccccc3Sc3ccc(CN)cc32)CC1,7.46
COc1ccccc1N1CCN(CCCCNC(=O)c2ccc(I)s2)CC1,7.46
COc1ccc(N(Cc2cccc(F)c2)NC(=O)NCCCN2CCN(c3ccccc3OC)CC2)cc1,7.46
COc1ccccc1N1CCN(CCCCNC(=O)Cc2ccc3ccccc3c2)CC1.O=C(O)C(=O)O,7.46
CN(C1CCN(CCOc2ccccc2-c2ccccc2)CC1)S(=O)(=O)c1cnn(C)c1,7.46
CN[C@@H]1Cc2cccc3c2n(c(=O)n3CCOCCOCCOCCCCc2ccccc2)C1,7.46
CC1CC(C)(C)N(C(=O)CN2CCN(Cc3ccc(Cl)cc3)CC2)c2ccccc21,7.46
CCc1c(C2CCN(Cc3ccccc3)CC2)n[nH]c1-c1ccc(Cl)cc1,7.46
COc1ccccc1N1CCN(CCCCCNC(=O)c2cc3ccccn3n2)CC1,7.46
COc1ccccc1N1CCN(CCCCNC(=O)c2nnn(Cc3ccccc3)c2C)CC1,7.46
O=C1[C@@H]2[C@H]3CC[C@H](C3)[C@@H]2C(=O)N1CCCCCCN1CCN(c2ccccc2Cl)CC1,7.46
CCCN(CCc1cc(O)c(CCN(CCC)[C@H]2CCc3nc(N)sc3C2)cc1O)[C@H]1CCc2nc(N)sc2C1,7.46
CCCN(CCC)[C@@H]1CCc2ccc3[nH]c(C#N)cc3c2C1,7.46
O=C(N[C@H]1CC[C@H](CCN2CCC(c3coc4ccccc34)CC2)CC1)c1ccc(-n2cccc2)cc1,7.46
O=S(=O)(N[C@H]1CCN(CCCc2noc3ccccc23)C1)c1cc2ccc(Cl)cc2s1,7.46
O=C(NCCCCN1CCN(c2cccc(F)c2F)CC1)c1cc2ccc1CCc1ccc(cc1)CC2,7.46
Oc1cccc(C2CCN(Cc3ccccc3)CC2)c1,7.46
CCCN(CCC)[C@H]1CCc2nn3ccccc3c2C1,7.46
CC1Oc2c(N3CCN(CCCc4c[nH]c5ccccc45)CC3)cccc2N(C)C1=O,7.45
O=C(NC/C=C/CN1CCN(c2cccc(Cl)c2Cl)CC1)c1ccc(I)cc1,7.45
O=C1NCCc2ccc(OCCCN3CCN(c4cccc5sccc45)CC3)cc21,7.45
O=C1NCc2ccc(OCCCCN3CCN(c4cccc5cccc(F)c45)CC3)c(F)c21,7.45
C=CCN1CCC[C@H]1CNC(=O)c1cc(CCCSC2CC(=O)N(CCCCCC(=O)NCCOCCOCCOCCOCCOCCOCCC(=O)N[C@H](C(=O)N[C@@H](Cc3ccccc3)C(=O)N[C@@H](Cc3ccccc3)C(=O)N[C@@H](Cc3ccc(O)cc3)C(=O)NCC(=O)NCC(=O)N[C@@H](CO)C(=O)N[C@@H](CCCNC(=N)N)C(=O)NCC(=O)N[C@@H](CCCCNC(=O)CN3CCN(CC(=O)O)CCN(CC(=O)O)CCN(CC(=O)O)CC3)C(=O)N[C@@H](CCCNC(=N)N)C(=O)N[C@@H](CC(N)=O)C(=O)N[C@@H](CC(N)=O)C(=O)N[C@@H](Cc3ccccc3)C(=O)N[C@@H](CCCCN)C(=O)N[C@H](C(=O)N[C@@H](CCC(=O)O)C(=O)N[C@@H](CCC(=O)O)C(=O)N[C@@H](Cc3ccc(O)cc3)C(=O)O)[C@@H](C)O)[C@@H](C)O)C2=O)cc(OC)c1OC,7.45
CN(C)c1ccc(C(=O)NC/C=C/CN2CCN(c3ccccc3OCCF)CC2)cc1.O=C(O)C(=O)O,7.45
O=c1ccc2ccc(CCCCN3CCN(c4cccc5sccc45)CC3)cc2[nH]1,7.45
O=C1c2ccccc2CCN1CCCCN1CCN(c2ccccc2Cl)CC1,7.45
O[C@@]1(c2ccc(Cl)c(Cl)c2)C[C@H]2CC[C@@H](C1)N2Cc1c[nH]c2ccccc12,7.45
O=C1c2ccccc2CCCN1CCCCN1CCN(c2cccc(Cl)c2Cl)CC1,7.44
O=C(N[C@H]1CC[C@H](CCN2CCC(c3nocc3-c3cccc(F)c3)CC2)CC1)c1cccc2ncccc12,7.44
Cc1cc(C(=O)N[C@H]2CC[C@H](CCN3CCC(c4coc5ccccc45)CC3)CC2)on1,7.44
O=S(=O)(NCCCN1CCC(c2noc3cc(F)ccc23)CC1)c1csc2ccccc12,7.44
CN(C)CC1CC2c3ccccc3Cc3ccc(F)cc3N2O1,7.44
CSc1ccccc1OCCN1CCC(NS(=O)(=O)c2cccc(Cl)c2)C1,7.44
c1ccc(-c2nc(CN3CCN(c4ncccn4)CC3)c[nH]2)cc1,7.44
O=C1Cc2c(ccc3c2OC[C@H](CNCCC2CCc4c([nH]c5ccc(F)cc45)C2)O3)N1,7.44
COc1ccccc1N1CCN(CCCC(=O)Nc2ccn3nccc3c2)CC1,7.44
O=S(=O)(c1cccc2ncccc12)N1CCC(CCN2CCN(c3cccc(Cl)c3Cl)CC2)CC1,7.44
COCOc1ccc(CNC(=O)CCCCCN2CCN(c3ccccc3-c3ccccc3)CC2)cc1,7.44
N#CC(CCNCCCCN1CCN(c2cccc(Cl)c2Cl)CC1)(c1ccccc1)c1ccccc1,7.44
COc1ccc(Br)cc1S(=O)(=O)N[C@H]1CC[C@H](N2CCN(c3ccccc3OC(C)C)CC2)CC1,7.44
CN1CCN(C2=Nc3cc(Cl)ccc3N(NC(=O)c3ccccc3I)c3ccc(Cl)cc32)CC1,7.44
COc1ccccc1N1CCN(CCCNC(=O)Nc2ccccc2-c2ccc(-c3ccccc3)cc2)CC1,7.44
CCCCc1cc(-c2ccoc2)nc(N2CCN(C)CC2)n1,7.43
COc1ccc(Br)cc1S(=O)(=O)N[C@H]1CC[C@@H](N2CCN(c3ccccc3OC(C)C)CC2)CC1,7.43
COc1ccc(CNC(=O)NCCCN2CCN(c3ccccc3OC)CC2)c(-c2ccccc2)c1,7.43
O=C(NCCCCN1CCN(c2cccc(Cl)c2Cl)CC1)c1cc2cc(F)ccc2[nH]1,7.43
O=C1CCc2ccc(OCCCCN3CCCN(c4ccc(O)c5oc(=O)ccc45)CC3)cc2N1,7.43
NCc1ccc2c(c1)c(C1CCN(CCN3CCNC3=O)CC1)cn2-c1ccc(F)cc1,7.43
O=C(N[C@H]1CC[C@H](CCN2CCC(c3coc4ccccc34)CC2)CC1)C(F)(F)F,7.43
Fc1ccc(OCCCN2CCN(c3ccccc3)CC2)cc1,7.43
COCC(C)(C)C(=O)NCCN1CCC(c2cccc(C(F)(F)F)n2)CC1,7.43
Cn1c(SCCCN2CC3CCN(c4cccc(C(F)(F)F)c4)C3C2)nnc1-c1ccc(=O)[nH]c1,7.43
O=S(=O)(c1cncc2ccccc12)N1CCC(CCN2CCN(c3cccc(Cl)c3)CC2)CC1,7.43
N#Cc1cc(N2CCN(CC[C@H]3CC[C@H](NS(N)(=O)=O)CC3)CC2)cc(C(F)(F)F)c1,7.43
COc1ccccc1N1CCN(CCCCNC(=O)c2cc3ccccc3[nH]2)CC1,7.43
O=C(N[C@H]1CC[C@H](CCN2CCC(c3coc4ccccc34)CC2)CC1)C1CCCOC1,7.43
COc1ccccc1N1CCN(Cc2cc(CN3CCCCC3)c3cccccc2-3)CC1,7.43
O=C1CC2(CCCC2)CC(=O)N1CCCCN[C@@H]1CCc2c(F)cccc2C1,7.43
CN(C)c1cccc(C2CCN(CCNC(=O)C3CCOCC3)CC2)n1,7.43
O=S(=O)(N[C@H]1CC[C@H](N2CCC(c3ccccc3OCC(F)(F)F)CC2)CC1)c1cc(Cl)ccc1F,7.43
CN1CCc2ccccc2Cc2cc(O)ccc2CC1,7.43
CN1CCc2ccccc2Cc2cc(N)c(O)cc2CC1,7.43
Fc1ccccc1N1CCN(CCCNc2cncc(Cl)n2)CC1,7.43
O=C(N[C@H]1CC[C@H](CCN2CCC(c3coc4ccccc34)CC2)CC1)C1CCOCC1,7.43
O=C(N[C@H]1CC[C@H](CCN2CCN(c3cccc(Cl)c3)CC2)CC1)C1CCCCC1,7.43
Cc1ccc(CN2CCC(C3CCc4ccccc4C3=O)CC2)cc1.O,7.43
O=S(=O)(NCCN1CC=C(c2c[nH]c3ccc(Cl)cc23)CC1)c1cccc2ccccc12,7.43
Cn1c(=O)cnn(CCCCN2CCN(c3ccccc3OCCF)CC2)c1=O,7.43
Fc1ccccc1N1CCN(Cc2cnn(-c3ccccc3)c2)CC1,7.43
O=C1c2cc([N+](=O)[O-])ccc2CCC1CCN1CCC(c2noc3cc(F)ccc23)CC1,7.43
COc1ccccc1N1CCN(CCCCNC(=O)/C=C/c2ccc(-c3ccccc3)cc2)CC1,7.43
COc1ccccc1N1CCN(CCCCNC(=O)/C=C/c2ccc(C(F)(F)F)cc2)CC1,7.43
O=S(=O)(NCCCN1CCN(c2nsc3ccccc23)CC1)c1ccc(F)c(Cl)c1,7.43
c1ccc([C@H]2C[C@@H]2CN2CCN(c3ccccc3)CC2)cc1,7.43
CC(C)(C)c1nc(N2CCN(CCCCNC(=O)c3cn4cccnc4n3)CC2)cc(C(F)(F)F)n1,7.43
O=S(=O)(c1ccc(F)cc1)N(CC1CC1)C1CCN(CCOc2ccccc2-c2ccccc2)CC1,7.43
c1ccc2c(c1)N=C(N1CCNCC1)c1ccccc1S2,7.43
O=S(=O)(c1cncc2ccccc12)N1CCC[C@H]1CCN1CCN(c2cccc3[nH]ccc23)CC1,7.43
O=C(CCCN1CCC(O)(c2ccc(Cl)cc2)CC1)c1cccc(F)c1,7.42
O=C1c2ccccc2S(=O)(=O)N1CCCCN1CCN(c2ccccc2)CC1,7.42
COc1ccccc1N1CCN(CCCCCNc2nc(N)nc(N)n2)CC1,7.42
O=C1N[C@@H]2[C@@H](CS[C@@H]2CCCCCN2CCN(c3cccc4sccc34)CC2)N1,7.42
OC1(c2ccc(Cl)c(C(F)(F)F)c2)CCN(CCCC(c2ccccc2)c2ccccc2)CC1,7.42
c1ccc(C2CCN(Cc3cnn(-c4ccccc4)c3)CC2)cc1,7.42
CN1CCN(CC(=O)N[C@H]2CC[C@H](CCN3CCN(c4cccc5c4OCO5)CC3)CC2)CC1,7.42
COC(=O)c1ccc(/C=C/c2nc3ccccc3n2Cc2ccc(Cl)cc2)cc1,7.42
O=C(NCCCCN1CCN(c2cccc(Cl)c2Cl)CC1)Oc1ccccc1,7.42
CC(C)(C)C(=O)N[C@H]1CC[C@H](CCN2CCC(c3coc4ccccc34)CC2)CC1,7.42
O=C(O)C(=O)O.O=c1[nH]c2ccccc2n1C1CCN(Cc2csc3ccccc23)CC1,7.42
COc1ccccc1N1CCN(CCCCc2cn(-c3ccc(SC)cc3)nn2)CC1,7.42
c1ccc(OC[C@H]2CC[C@H]3CN(c4ncccn4)CCN3C2)cc1,7.42
CS(=O)(=O)Nc1cccc(OCCNCc2ccccc2)c1,7.42
Cn1ccc2c(S(=O)(=O)N[C@H]3CCN(CCCc4noc5ccccc45)C3)cccc21,7.42
O=C(N[C@H]1CC[C@H](CCN2CCN(c3ccccc3)CC2)CC1)C1CCCCC1,7.42
O=C(N[C@H]1CC[C@H](CCN2CCC(c3coc4ccccc34)CC2)CC1)c1ccc(Cl)cc1Cl,7.42
O=C(N[C@H]1CC[C@H](CCN2CCC(c3coc4ccccc34)CC2)CC1)C1CCC1,7.42
CN(C)C(=O)N1CCC(O)(CCCN2CCN(c3cccc(Cl)c3Cl)CC2)CC1,7.42
COc1ccc(Cl)cc1C1CC1CNCCCCOc1ccc2c(c1)NC(=O)CC2,7.42
Cc1c(-c2ccccc2Cl)nc(O)n1C1CCN(Cc2ccccc2)CC1,7.42
COc1ccccc1N1CCN(CCCCNC(=O)/C=C/c2cc(I)c(OC)c(OC)c2)CC1.O=C(O)C(=O)O,7.42
CCc1cc(Cl)c(OC)c(C(=O)NCC2CCN(CC)C2)c1O,7.42
CN1CCc2ccccc2Cc2[nH]c3ccc(O)cc3c2CC1,7.42
O=C(NC/C=C/CN1CCN(c2ccccc2OCCF)CC1)c1ccc(OCCF)cc1.O=C(O)C(=O)O,7.42
CCCN(CCCCN1C(=O)CC(C)(C)CC1=O)[C@@H]1CCc2ccc3[nH]c(C(N)=O)cc3c2C1,7.42
COc1ccccc1N1CCN(CCCNC(=O)NCc2cc(F)ccc2-c2ccccc2)CC1,7.42
Nc1nc2cc3c(cc2s1)CCN(Cc1ccncc1)CC3,7.42
COc1cc2c(cc1O)CN(Cc1ccccc1CNC(=O)c1cccc(C#N)c1)CC2,7.41
C[C@@H](O)[C@@H]1NC(=O)[C@H](CCCCN)NC(=O)[C@@H](Cc2c[nH]c3ccccc23)NC(=O)[C@H](Cc2ccncc2)NC(=O)[C@H](Cc2ccccc2)NC(=O)[C@H](CCCNC(=N)N)NC(=O)[C@H](NC[C@H](CCCCNC(=O)CSC[C@@H]2C[C@@H]3c4cccc5[nH]cc(c45)C[C@H]3N(C)C2)NC(=O)CSC[C@@H]2C[C@@H]3c4cccc5[nH]cc(c45)C[C@H]3N(C)C2)CCCCNC(=O)[C@H](Cc2ccccc2)NC1=O,7.41
Cn1c(SCCCN2CC3CCN(c4ccc(F)cc4)C3C2)nnc1-c1ccncn1,7.41
O=S(=O)(NCCCCN1CCN(c2cccc(Cl)c2Cl)CC1)c1ccc(F)cc1,7.41
O=S(=O)(N[C@@H]1CCN(CCOc2ccccc2-c2ccccc2)C1)c1ccc(Cl)s1,7.41
CCCc1cc2c(s1)C[C@H]1c3cc(O)c(OC)cc3CCN1C2,7.41
COc1cccc(C(=O)NC/C=C/CN2CCN(c3cccc(Cl)c3Cl)CC2)c1,7.41
CCN(C)CCc1c(-c2cccc([N+](=O)[O-])c2)[nH]c2ccccc12,7.41
O=C(NCCCCN1CCN(c2cccc(Cl)c2Cl)CC1)c1ccc(I)cc1,7.41
CN(CCc1ccccc1)CC[C@H]1CC[C@H](Nc2ncccn2)CC1,7.41
O=S(=O)(NCCCCN1CCN(c2nsc3ccccc23)CC1)c1ccc(F)c(Cl)c1,7.41
CN1CCc2cc(O)c(O)c3c2C1Cc1ccccc1-3,7.41
CN(C)CCc1cc(O)c(O)c2c1CCc1ccccc1-2,7.41
COc1ccccc1N1CCN(CCCCNC(=O)c2cc3ccccc3[te]2)CC1,7.41
O=C1c2ccccc2S(=O)(=O)N1CCCCCCN1CCN(c2cccc(Cl)c2)CC1,7.41
COc1ccc2[nH]cc(CN3[C@@H]4CC[C@H]3C[C@](O)(c3ccc(Cl)cc3)C4)c2c1,7.41
Cc1c(S(=O)(=O)N[C@H]2CCN(CCCc3noc4ccccc34)C2)sc2ccc(Cl)cc12,7.41
O=C1CCc2cc(OCCCCCCN3CCN(c4nsc5ccccc45)CC3)ccc2N1,7.41
C[C@@H](O)[C@@H]1NC(=O)[C@H](CCCCN)NC(=O)[C@@H](Cc2c[nH]c3ccccc23)NC(=O)[C@H](Cc2ccccc2)NC(=O)[C@H](Cc2ccccc2)NC(=O)[C@H](CCCNC(=N)N)NC(=O)[C@@H](NC[C@H](Cc2ccc(O)cc2)NC(=O)CSC[C@@H]2C[C@@H]3c4cccc5[nH]cc(c45)C[C@H]3N(C)C2)CCCCNC(=O)[C@H](Cc2ccccc2)NC1=O,7.41
COc1ccccc1N1CCN(CCCCNC(=O)c2ccc(-c3ccsc3)cc2)CC1,7.41
Nc1nc(NCCCCN2CCN(c3cccc(Cl)c3Cl)CC2)nc(NCCc2c[nH]c3ccccc23)n1,7.41
Cc1ccc(CN2CCC(CC(=O)N3c4ccccc4CC3C)CC2)cc1,7.41
COc1ccccc1N1CCN(CCCn2cc(CCCN3CCc4cc(O)c(O)cc4C(c4ccccc4C)C3)nn2)CC1,7.41
O=C(NCCCCN1CCN(c2cccc(Cl)c2Cl)CC1)c1cnc2ccc(F)cc2c1,7.41
COc1cccc2c3c(oc12)CN(CCCCOc1ccc2c(c1)NC(=O)CC2)CC3,7.41
O=CN[C@H]1CC[C@H](CCN2CCC(c3coc4ccccc34)CC2)CC1,7.41
Br.Oc1cc2c(c(Br)c1O)CCNCC2c1ccccc1,7.41
CC(C)Oc1ccccc1N1CCN([C@H]2CC[C@H](NS(=O)(=O)c3cccc(C(F)(F)F)c3)CC2)CC1,7.41
C[C@H]1c2cccc3c2-c2c1ccc1c2[C@@H](C3)N(C)CC1,7.41
CN[C@@H]1Cc2cccc3c2n(c(=O)n3CCCCCCCCOCCCCc2ccccc2)C1,7.41
CCS(=O)(=O)c1ccc(OC)c(-c2ccc(CN3CCCCCC3c3ccccc3)[nH]2)c1,7.4
Cc1ccc2c(c1)C(=O)N(CCCCCN1CC=C(c3c[nH]c4ccccc34)CC1)C2=O,7.4
O=C1c2ccc(F)cc2C(=O)N1CCCCCN1CC=C(c2c[nH]c3ccccc23)CC1,7.4
CC(=O)Nc1ccc(CCN2C[C@H]3COc4ccc(C#N)cc4[C@@H]3C2)cc1,7.4
O=C(CCCN1CCC(CCc2c[nH]c3ccccc23)CC1)c1ccc(F)cc1,7.4
CSc1ccccc1N1CCN(CCCCCC(=O)N2CCc3ccccc3C2)CC1,7.4
Cn1c(SCCCN2CC3CCN(c4ccc(F)cc4)C3C2)nnc1C1CCCCC1,7.4
COc1ccccc1N1CCN(CCCNC(=O)NCc2ccc(F)cc2-c2ccccc2)CC1,7.4
CN(CCCCOc1ccc2c(c1)NC(=O)CC2)[C@@H]1Cc2cccc3[nH]c(=O)n(c23)C1,7.4
CC(=O)N(CCCN(C(C)=O)[C@@H]1CCCCNC(=O)[C@H](Cc2ccc(F)cc2)NC(=O)[C@H]([C@@H](C)O)NC(=O)[C@H](CCCCN)NC(=O)[C@@H](Cc2c[nH]c3ccccc23)NC(=O)[C@H](Cc2ccccc2)NC(=O)[C@H](Cc2ccccc2)NC(=O)[C@H](CCCNC(=N)N)NC1=O)C[C@@H]1C[C@@H]2c3cccc4[nH]cc(c34)C[C@H]2N(C)C1,7.4
Cn1c(SCCCN2CC[C@]3(C[C@@H]3c3ccc(C(F)(F)F)cc3)C2)nnc1-c1ccccc1C(N)=O,7.4
C#CC1=CCC(N(CCC)CCCCNC(=O)c2ccc(-c3ccccc3)cc2)CC1,7.4
COc1ccccc1N1CCN(CCCCN2C(=O)c3cccc4cccc(c34)C2=O)CC1,7.4
CCN1[C@H](c2ccccc2)CC[C@H]1c1ccc(-c2cc(S(=O)(=O)CC)ccc2OC)[nH]1,7.4
COc1ccccc1N1CCN(CCCCNC(=O)c2ccc(-c3ccc(C(C)=O)cc3)cc2)CC1,7.4
CCS(=O)(=O)c1ccc(OC)c(-c2ccc(C3CCCN3Cc3ccccc3)[nH]2)c1,7.4
O=C1CCc2ccc(OCCCCN3CC=C(c4cn(S(=O)(=O)c5ccccc5)c5ccccc45)CC3)cc2N1,7.4
O[C@@]1(c2cccc(Cl)c2Cl)C[C@H]2CC[C@@H](C1)N2Cc1coc2ccccc12,7.4
Cc1cccc2c(C3=CCN(CCCCCN4C(=O)c5ccccc5C4=O)CC3)c[nH]c12,7.4
N#Cc1ccc2c(c1)[C@@H]1CN(Cc3ccc(F)cc3)C[C@H]1CO2,7.4
CN1CCc2cc(Cl)c(NS(=O)(=O)c3ccc(-c4ccc(Cl)cc4)cc3)cc2CC1,7.4
CC(C)C(=O)N[C@H]1CC[C@H](CCN2CCC(c3coc4ccccc34)CC2)CC1,7.4
COc1ccccc1N1CCN(CCCCNC(=O)c2ccc(Br)cc2)CC1,7.4
COc1cc2ccccc2cc1C(=O)NC1CCN(Cc2ccccc2)C1,7.4
CCCN(CCC)[C@@H]1CCc2cccc(C(C)=O)c2[C@@H]1C,7.4
O=C(NC1CCC(CCN2CCN(c3ccccc3)CC2)CC1)c1cccs1,7.4
CC(=O)Nc1ccc(CCN2CC3COc4ccc(C#N)cc4C3C2)cc1,7.4
CSc1ccccc1OCCN1CCC(NS(=O)(=O)c2ccc(F)cc2)C1,7.39
Cn1c(=O)c2c(ncn2CCCN2CCC(C(c3ccccc3)c3ccccc3)CC2)n(C)c1=O.O=C(O)/C=C/C(=O)O,7.39
c1ccc2c(N3CCN(CCCCOc4ccc5c(c4)CNC5)CC3)cccc2c1,7.39
CCCN1CCC(c2cccc3ccccc23)CC1,7.39
Nc1ccccc1C(=O)CCCN1CC[C@H]2[C@@H](C1)c1cccc3c1N2CCS3,7.39
O=C(CCCN1CCCN(c2ccc(Cl)cn2)CC1)c1ccc(F)cc1,7.39
CCc1ccc2c3c1CCN(C)[C@H]3Cc1ccc(OC)c(OC)c1-2,7.39
COc1ccccc1N1CCN(CCCCCCN2C(=O)[C@@H]3[C@H]4CC[C@H](C4)[C@@H]3C2=O)CC1,7.39
CCCN(CCC)[C@H]1CCn2c(C=O)ccc2C1,7.39
Cc1ncc(/C=C/C(=O)N[C@H]2CC[C@](F)(CCN3CCc4ccc(OCC(C)(F)F)nc4CC3)CC2)cn1,7.39
CN(CCCN1c2ccccc2Sc2ccc(Cl)cc21)Cc1ccc(OCCCN2CCCCC2)cc1,7.39
O=C(NC/C=C/CN1CCN(c2ccccc2OCCF)CC1)c1cc2ccccc2[nH]1.O=C(O)C(=O)O,7.39
O=C1COc2ccccc2N1CCCN1CCC(n2c(=O)[nH]c3cccc(F)c32)CC1,7.39
Fc1ccc(OCCCN2CCC(c3ccc(Cl)cc3)CC2)cc1,7.39
CCc1cc2c(s1)C[C@H]1c3cc(O)c(OC)cc3CCN1C2,7.39
CCCN(CCN1CCN(c2ccccc2)CC1)[C@@H]1CCc2ccc(O)cc2C1,7.39
O=C(NCCCc1ccccc1)c1cc2c3c(ccc2[nH]1)OCC(CNCCCc1ccccc1)O3,7.39
C[C@@H](O)[C@@H]1NC(=O)[C@H](CCCCN)NC(=O)[C@@H](Cc2c[nH]c3ccccc23)NC(=O)[C@H](Cc2ccccc2)NC(=O)[C@H](Cc2ccccc2)NC(=O)[C@H](CCCNC(=N)N)NC(=O)[C@H](NCCSC[C@@H]2C[C@@H]3c4cccc5[nH]cc(c45)C[C@H]3N(C)C2)CCCCNC(=O)[C@H](Cc2c(F)c(F)c(F)c(F)c2F)NC1=O,7.39
COc1cc2c(cc1O)[C@@H]1Cc3ccc(OC)c(OC)c3CN1CC2,7.38
Clc1cccc(C2CCN(CCCCOc3ccc4scnc4c3)CC2)c1Cl,7.38
COc1ccccc1N1CCN(CCCNC(=O)NN(Cc2ccc(-c3ccccc3)cc2)c2ccc(F)cc2)CC1,7.38
CN(C)C(=O)c1cccc(CN2CCc3cc4nc(N)sc4cc3CC2)c1,7.38
CCCN1CCN(c2cccc3c2CCN3S(=O)(=O)c2ccccc2)CC1,7.38
CC(C)(O)CC(=O)N[C@H]1CC[C@H](CCN2CCC(c3coc4ccccc34)CC2)CC1,7.38
O=C(NCCN1CCC(c2cccc(F)n2)CC1)C1CCOCC1,7.38
N#[11C]c1cccc(N2CCN(CCN3CCC(C(F)(F)F)CC3)C2=O)c1,7.38
O=C1CCc2ccccc2N1CCCN1CCC(c2ccc3[nH]ccc3c2)CC1,7.38
CCCN(CCN1CCN(c2ccc(O)c3ncccc23)CC1)C1CCc2c(O)cccc2C1,7.38
Nc1nc2cc3c(cc2s1)CCN(Cc1cccc(F)c1)CC3,7.38
Cn1c(SCCCN2CC[C@]3(C[C@@H]3c3ccc(C(F)(F)F)cc3)C2)nnc1N1CCOCC1,7.38
O=S(=O)(c1cccc2ncccc12)N1CCC[C@H]1CCN1CCN(c2cccc3[nH]ccc23)CC1,7.38
CN1CCc2ccccc2Cc2[nH]c3ccccc3c2CC1,7.38
CN1CCCc2ccccc2Cc2ccc(O)cc2CC1,7.38
CCN(CC)CCNC(=O)c1cc(Cl)c(N)cc1OC,7.38
Cl.O=C1C[C@@H](CN2CCC(c3noc4cc(F)ccc34)CC2)Cc2occc21,7.38
CC(C)Oc1ccccc1N1CCN([C@H]2CC[C@H](NS(=O)(=O)c3ccc(Cl)cc3F)CC2)CC1,7.38
N#CCC(=O)N[C@H]1CC[C@H](CCN2CCC(c3coc4ccccc34)CC2)CC1,7.38
CC(C)Oc1ccccc1N1CCN([C@H]2CC[C@@H](NS(=O)(=O)c3ccc(Cl)cc3Cl)CC2)CC1,7.38
CCCCCCCCCN1CCC(c2cccc(O)c2)C1,7.38
O=C(NC1CCC(CCN2CCN(c3cccc(Cl)c3Cl)CC2)CC1)c1ccccc1,7.38
CCCN1COC[C@@H]2c3cc(O)ccc3OC[C@H]21,7.38
CN(C)C(=O)c1ccc(CN2CCc3cc4nc(N)sc4cc3CC2)cc1,7.38
COc1ccccc1N1CCN(CCC2CCc3ccc([N+](=O)[O-])cc3C2=O)CC1,7.38
O[C@@]1(c2ccc(F)cc2)C[C@H]2CC[C@@H](C1)N2Cc1c[nH]c2ccccc12,7.38
COc1ccccc1N1CCN(CCCCNC(=O)c2ccc(-c3ccccc3)cc2)CC1,7.38
COc1ccccc1N1CCN(CCCCNC(=O)c2cc3cc(OCCOCCOCCF)ccc3[nH]2)CC1.O=C(O)C(=O)O,7.37
COc1ccccc1N1CCN(CCCN2C(=O)COc3ccccc32)CC1,7.37
Cc1nn(-c2ccccc2)cc1CN1CCN(c2ccccc2)CC1,7.37
CC(C)(C)OC(=O)NCCCCCN1CCN(c2cccc(Cl)c2Cl)CC1,7.37
CN(C)C(=O)NC[C@H]1CC[C@H](CN2CCN(c3cccc(Cl)c3Cl)CC2)CC1,7.37
COc1ccncc1S(=O)(=O)N[C@H]1CC[C@H](N2CCN(c3ccccc3OC(C)C)CC2)CC1,7.37
COc1ccc(F)cc1C1CC1CNCCCCOc1ccc2ccc(=O)[nH]c2c1,7.37
COc1ccccc1N1CCN(CCCCc2cn(-c3cccc4cnccc34)nn2)CC1,7.37
C=CCN1CCC[C@H]1CNC(=O)c1cc(CCCSC2CC(=O)N(CCCCCC(=O)NCCOCCOCCOCCOCCOCCOCCOCCOCCC(=O)N[C@H](C(=O)N[C@@H](Cc3ccccc3)C(=O)N[C@@H](Cc3ccccc3)C(=O)N[C@@H](Cc3ccc(O)cc3)C(=O)NCC(=O)NCC(=O)N[C@@H](CO)C(=O)N[C@@H](CCCNC(=N)N)C(=O)NCC(=O)N[C@@H](CCCCNC(=O)CN3CCN(CC(=O)O)CCN(CC(=O)O)CCN(CC(=O)O)CC3)C(=O)N[C@@H](CCCNC(=N)N)C(=O)N[C@@H](CC(N)=O)C(=O)N[C@@H](CC(N)=O)C(=O)N[C@@H](Cc3ccccc3)C(=O)N[C@@H](CCCCN)C(=O)N[C@H](C(=O)N[C@@H](CCC(=O)O)C(=O)N[C@@H](CCC(=O)O)C(=O)N[C@@H](Cc3ccc(O)cc3)C(=O)O)[C@@H](C)O)[C@@H](C)O)C2=O)cc(OC)c1OC,7.37
COc1c(Cl)cccc1N1CCN(CCCCNC(=O)c2cnc3ccccc3c2)CC1,7.37
CCCN(CCCCNC(=O)c1ccc(-c2ccccc2)cc1)C1CCn2ncc(Cl)c2C1,7.37
Cl.Cl.Cn1c(=O)c2c(ncn2CCCN2CCN(C(c3ccc(F)cc3)c3ccc(F)cc3)CC2)n(C)c1=O,7.37
CN(C)CCC(C(=O)NCCCCN1CCN(c2cccc(Cl)c2Cl)CC1)(c1ccccc1)c1ccccc1,7.37
O=C(NCCCCN1CCN(c2cccc(Cl)c2Cl)CC1)c1cc2ccccc2s1,7.37
CCN1CCC[C@H]1CNC(=O)c1cc(S(N)(=O)=O)ccc1OC,7.37
COc1ccccc1N1CCN(CCCCn2cc(-c3ccc4ncccc4c3)nn2)CC1,7.37
CN1CCc2ccc(CO)c3c2[C@H]1Cc1ccc(O)c(O)c1-3.Cl,7.37
O=C(CC(F)(F)F)N[C@H]1CC[C@H](CCN2CCC(c3coc4ccccc34)CC2)CC1,7.37
COc1cc2c(cc1O)CCN1Cc3c(ccc(OC)c3OC)C[C@@H]21,7.37
Cc1cccc(S(=O)(=O)NCCN2CCN(c3nsc4ccccc34)CC2)c1,7.37
C[C@@H]1Cc2ccccc2N1C(=O)CN1CCN(Cc2ccc(Cl)c(Cl)c2)CC1,7.37
OC1(c2ccc(Cl)cc2)C[C@H]2CC[C@@H](C1)N2CCCCc1nc2ccccc2s1,7.36
O=C1Cc2cc(CCN3CCN(c4cccc5ccccc45)CC3)ccc2N1,7.36
O=C(CCCN1CCCN(c2ccc(Cl)cc2)CC1)c1ccc(F)cc1,7.36
O=C(NC/C=C/CN1CCN(c2cccc(Cl)c2Cl)CC1)c1ccc(-c2ccncc2)cc1,7.36
c1ccc(OC[C@@H]2CC[C@H]3CN(c4ccccc4)CCN3C2)cc1,7.36
Cn1cc(/C=C/C(=O)N[C@H]2CC[C@H](CCN3CCc4nc(OCC(F)(F)F)sc4CC3)CC2)cn1,7.36
O=S(=O)(N[C@H]1CCN(CCCc2noc3ccccc23)C1)c1csc2ccccc12,7.36
NC(=O)c1ccccc1OCCCN1CCN(c2cccc3c2ccn3Cc2ccc(F)cc2)CC1,7.36
CCc1cccc(N2CCN(CCCCNCCC(C(=O)N(C)C)(c3ccccc3)c3ccccc3)CC2)c1Cl,7.36
O=C(NCCCCN1CCN(c2cccc(Cl)c2Cl)CC1)c1cccc(F)n1,7.36
CCOCCOc1cccc(C(=O)NCCCCN2CCN(c3ccccc3OC)CC2)c1,7.36
C[C@H]1CN(CC[C@H]2CC[C@H](N3C(=O)[C@@H]4[C@H](C3=O)[C@@H]3C=C[C@H]4C3)CC2)CCc2ccc(Cl)cc21,7.36
CCCN(Cc1ccc(F)cc1)[C@@H]1CCc2c(cccc2OC)C1,7.36
CC(C)CC(=O)N[C@H]1CC[C@H](CCN2CCC(c3coc4ccccc34)CC2)CC1,7.36
Cn1c(SCCCN2C[C@@H]3CCN(c4ccc(F)cc4)[C@@H]3C2)nnc1C1CCCCC1,7.36
COc1ccccc1N1CCN(CCCCn2cc(-c3ccc4[nH]ccc4c3)nn2)CC1,7.36
CCCN1CCc2cc(OC)cc3c2[C@H]1Cc1cccc(O)c1-3,7.36
COc1ccccc1N1CCN(CCCNC(=O)Cc2cccc3ccccc23)CC1.O=C(O)C(=O)O,7.36
CCCN(CCCCN1C(=O)CC(C)(C)CC1=O)[C@@H]1CCc2ccc3[nH]c(C#N)cc3c2C1,7.36
Cc1c(S(=O)(=O)NCCCCN2CCN(c3nsc4ccccc34)CC2)sc2ccc(F)cc12,7.36
COc1ccccc1N1CCCN(CCCCNC(=O)c2ccc(Br)s2)CC1,7.36
Cc1cccc(S(=O)(=O)NCCCCN2CCN(c3noc4ccccc34)CC2)c1,7.36
COc1ccc(F)cc1[C@@H]1C[C@H]1CNCCCCOc1ccc2ccc(=O)[nH]c2c1,7.36
O=S(=O)(NCCN1CC=C(c2c[nH]c3ccc(Cl)cc23)CC1)c1ccc2ccccc2c1,7.36
O=C(CCCc1cn(-c2ccc([N+](=O)[O-])cc2)nn1)NCCCCN1CCN(c2cccc(Cl)c2Cl)CC1,7.36
COc1ccccc1N1CCN(CCCc2cn(-c3ccc(SC)cc3)nn2)CC1,7.36
Cl.OC1(c2ccc(Cl)cc2)CC2CCC(C1)N2CCCCc1nc2ccccc2s1,7.36
CCN1CC=C(C2=Cc3ccccc3Cc3ccccc32)CC1.Cl,7.36
Clc1cccc(N2CCN(CCCOc3ccc(-c4cn5ccccc5n4)cc3)CC2)c1Cl,7.36
CN1CCc2ccccc2Cc2sccc2CC1,7.35
c1cc2c(c(N3CCN(CCc4c[nH]c5ccccc45)CC3)c1)OCCO2,7.35
O=C1Cc2c(ccc3c2OC[C@H](CNCCCC2CCc4c([nH]c5ccc(F)cc45)C2)O3)N1,7.35
NC(=O)c1ccccc1OCCCN1CCN(c2cccc3c2ccn3Cc2cccc(F)c2)CC1,7.35
COc1ccc2c(c1OC)-c1ccc(Br)c3c1[C@@H](C2)N(C)CC3,7.35
CN1CCC[C@@H]1CCO[C@](C)(c1ccccc1)c1ccc(Cl)cc1,7.35
Br.Cc1ccc(N2CCN(C[C@H]3C[C@@H]3c3ccccc3)CC2)c(C)c1,7.35
C=CCN1CCC[C@H]1CNC(=O)c1cc(CCCSC2CC(=O)N(CCCCCC(=O)NCCOCCOCCOCCOCCOCCOCCOCCOCCOCCOCCC(=O)N[C@H](C(=O)N[C@@H](Cc3ccccc3)C(=O)N[C@@H](Cc3ccccc3)C(=O)N[C@@H](Cc3ccc(O)cc3)C(=O)NCC(=O)NCC(=O)N[C@@H](CO)C(=O)N[C@@H](CCCNC(=N)N)C(=O)NCC(=O)N[C@@H](CCCCNC(=O)CN3CCN(CC(=O)O)CCN(CC(=O)O)CCN(CC(=O)O)CC3)C(=O)N[C@@H](CCCNC(=N)N)C(=O)N[C@@H](CC(N)=O)C(=O)N[C@@H](CC(N)=O)C(=O)N[C@@H](Cc3ccccc3)C(=O)N[C@@H](CCCCN)C(=O)N[C@H](C(=O)N[C@@H](CCC(=O)O)C(=O)N[C@@H](CCC(=O)O)C(=O)N[C@@H](Cc3ccc(O)cc3)C(=O)O)[C@@H](C)O)[C@@H](C)O)C2=O)cc(OC)c1OC,7.35
O=C(NCCCCN1CCN(c2cccc(Cl)c2Cl)CC1)c1cc2ccccc2o1,7.35
O=C1c2ccccc2S(=O)(=O)N1CCCCCCN1CCN(c2ccccc2Cl)CC1,7.35
O=C1NCc2ccc(OCCCN3CCN(c4cccc5cc(F)ccc45)CC3)cc21,7.35
COc1cccc(N2CCN(CCOc3ccc4[nH]c(=O)[nH]c4c3)CC2)c1,7.35
COc1ccccc1N1CCN(Cc2cccc(CNC(=O)c3ccc4ccccc4c3)c2)CC1.O=C(O)C(=O)O,7.35
O=S(=O)(NCCCCN1CCN(c2nsc3ccccc23)CC1)c1cc2ccc(Cl)cc2s1,7.35
Cn1cc2c(C(=O)N[C@H]3CC[C@H](CCN4CCC(c5nocc5C(F)(F)C5CC5)CC4)CC3)cccc2n1,7.35
CC(C)c1ccccc1OCCN1CCC(N(C)S(=O)(=O)c2cccc(F)c2)CC1,7.35
COc1cc(CN2CCN(c3ccccc3OC)CC2)ccc1OCc1cn(CCCCCCCCN(C)CCCCCNC(=O)COc2cncc(C#Cc3csc(C)n3)c2)nn1,7.35
COc1ccc([N+](=O)[O-])cc1S(=O)(=O)N[C@H]1CC[C@@H](N2CCN(c3ccccc3OC(C)C)CC2)CC1,7.35
O=c1c2ccccc2ncn1CCCCN1CCN(c2ccccc2)CC1,7.34
C[C@@H](O)[C@@H]1NC(=O)[C@H](CCCCN)NC(=O)[C@@H](Cc2c[nH]c3ccccc23)NC(=O)[C@H](Cc2ccccc2)NC(=O)[C@H](Cc2ccccc2)NC(=O)[C@H](CCCNC(=N)N)NC(=O)[C@H](NCCCCC[C@@H]2C[C@@H]3c4cccc5[nH]cc(c45)C[C@H]3N(C)C2)CCCCNC(=O)[C@H](Cc2ccc(F)cc2)NC1=O,7.34
CCCCN(CCC)[C@@H]1CCc2c(F)cccc2C1,7.34
Cc1c(S(=O)(=O)NCCCCN2CCN(c3noc4ccccc34)CC2)sc2ccc(F)cc12,7.34
CCCC(=O)N[C@H]1CC[C@H](CCN2CCC(c3coc4ccccc34)CC2)CC1,7.34
Cc1ccc(C)c(C(=O)CCCN2CCC(O)(c3cc(C)ccc3C)CC2)c1,7.34
O=S(=O)(NCCCCN1CCN(c2nsc3ccccc23)CC1)c1cnc2ccccn12,7.34
O=S(=O)(NCC1CCN(CCOc2ccccc2-c2ccccc2)CC1)c1ccc(F)cc1,7.34
O=c1[nH]c2ccc(OCCN3CCN(c4cccc(Cl)c4)CC3)cc2[nH]1,7.34
O=C1c2ccoc2CCC1CCN1CCC(c2noc3cc(F)ccc23)CC1,7.34
COc1ccccc1N1CCN(CCCNC(=O)NN(Cc2cccc(F)c2)c2ccc(F)cc2)CC1,7.34
CCC(C)C(=O)N[C@H]1CC[C@H](CCN2CCC(c3coc4ccccc34)CC2)CC1,7.34
FCCOc1ccccc1N1CCN(Cc2cc3ccccn3n2)CC1,7.34
O=c1ccc2c(N3CCCN(CCCCOc4ccn5nccc5c4)CC3)ccc(O)c2[nH]1,7.34
Cc1ncoc1-c1nnc(SCCCN2C[C@H]3CCN(c4ccc(F)cc4)[C@H]3C2)n1C,7.34
COc1ccccc1N1CCN(CCCCNc2nc(N)nc(N)n2)CC1,7.34
CCOc1ccccc1N1CCN(CCC[C@@H]2CC(c3ccc(OC)c(OC)c3)=NO2)CC1,7.34
O=S(=O)(N[C@H]1CC[C@H](CCN2CCN(c3cccc4c3OCO4)CC2)CC1)c1ccc(F)cc1,7.34
C#CCOc1ccc(NC(=O)NCCCN2CCN(c3ccccc3OC)CC2)c(-c2ccccc2)c1,7.34
O=C1COc2ccc(CCN3CCN(c4cc(F)cc5sccc45)CC3)cc2N1,7.34
CC(C)c1ccccc1OCCN1CCC(N(C)S(=O)(=O)c2cnn(C)c2)CC1,7.34
O=C(CCCCCCCCCCC(=O)OC1(c2ccc(Cl)cc2)CCN(CCCC(=O)c2ccc(F)cc2)CC1)OC1(c2ccc(Cl)cc2)CCN(CCCC(=O)c2ccc(F)cc2)CC1,7.34
c1cnc(N[C@H]2CC[C@H](CCN3CCN(c4nccs4)CC3)CC2)nc1,7.34
CN1CCN(c2cccc(Cl)c2Cl)CC1,7.34
O=C(NC/C=C/CN1CCN(c2cccc(Cl)c2Cl)CC1)c1ccc(-c2ncccn2)cc1,7.34
COc1cc2c(cc1OC)CN(Cc1ccccc1CNC(=O)c1cccc(C#N)c1)CC2,7.34
CCN(CCN1CCC(c2c[nH]c3cc(F)ccc23)CC1)C(=O)[C@H](C)O,7.34
CCCN1CCC[C@@H]2Cc3c(ccc4c3OCO4)C[C@H]21,7.34
COc1ccccc1N1CCN(CCCCOc2ccc(-c3cn4cc(C)ccc4n3)cc2)CC1,7.33
Brc1ccc(N2CCN(Cc3ccccc3)CC2)c2cc[nH]c12,7.33
Cc1ccc(C(=O)OC2(c3ccc(Cl)cc3)CCN(CCCC(=O)c3ccc(F)cc3)CC2)cc1,7.33
CO/N=C(/CCN1CCN(c2ccccn2)CC1)c1cccc(F)c1,7.33
Nc1ccc2c(c1)C(=O)C(CCN1CCC(c3noc4cc(F)ccc34)CC1)CC2,7.33
CS(=O)(=O)N[C@H]1CC[C@H](CCN2CCC(c3coc4ccccc34)CC2)CC1,7.33
O=C(N[C@H]1CC[C@H](CCN2CCC(c3coc4ccccc34)CC2)CC1)C(O)C(F)(F)F,7.33
CN1CCc2ccc(Cc3ccc(O)cc3)c3c2[C@H]1Cc1ccc(O)c(O)c1-3.Cl,7.33
CCCN(CCC)C1COc2ccc3nc(N)sc3c2C1,7.33
O=C(N[C@H]1CC[C@H](CCN2CCC(c3coc4ccccc34)CC2)CC1)c1ccc(-n2cccn2)cc1,7.33
CN(C)S(=O)(=O)N[C@H]1CC[C@H](CCN2CCC(c3coc4ccccc34)CC2)CC1,7.33
COc1cc2c(cc1O)CN(Cc1ccccc1CNC(=O)c1ccc(Cl)cc1)CC2,7.33
O=S(=O)(c1ccccc1)n1ccc2c(N3CCN(CCCCOc4ccc(F)cc4)CC3)cccc21,7.33
CCOc1ccc2c(c1)C(C1=C[C@H](C)N(C)CC1)=Nc1cc(Cl)ccc1N2,7.33
COc1ccccc1N1CCN(CCCCNC(=O)c2coc3ccccc3c2=O)CC1.O=C(O)C(=O)O,7.33
Cl.O=C1C(c2ccc(F)cc2)COC12CCN(Cc1ccccc1)CC2,7.33
CC(=O)N(CCCN[C@@H]1CCCCNC(=O)[C@H](Cc2ccc(F)cc2)NC(=O)[C@H]([C@@H](C)O)NC(=O)[C@H](CCCCN)NC(=O)[C@@H](Cc2c[nH]c3ccccc23)NC(=O)[C@H](Cc2ccccc2)NC(=O)[C@H](Cc2ccccc2)NC(=O)[C@H](CCCNC(=N)N)NC1=O)C[C@@H]1C[C@@H]2c3cccc4[nH]cc(c34)C[C@H]2N(C)C1,7.33
COc1ccccc1N1CCN(CCCCNS(=O)(=O)c2ccc3ccccc3c2)CC1,7.33
COc1ccccc1N1CCN(CCCCc2cn(-c3ccc(F)cc3)nn2)CC1,7.33
O=C(OCCN1CCN(CCCN2c3ccccc3Sc3ccc(C(F)(F)F)cc32)CC1)c1ccc(OCCCN2CCCCC2)cc1,7.33
O=C(CO)N[C@H]1CC[C@H](CCN2CCC(c3coc4ccccc34)CC2)CC1,7.33
CCCCCc1cc2c(s1)C[C@H]1c3cc(O)c(OC)cc3CCN1C2,7.33
O=C(O)C(=O)O.OC1(c2ccccc2)CCN(Cc2cc3ccccc3s2)CC1,7.33
COc1ccccc1N1CCN(CCCNC(=O)NN(Cc2ccccc2F)c2ccc(F)cc2)CC1,7.33
Clc1cccc(N2CCN(CCCCc3cn(-c4ccc5[nH]ccc5c4)nn3)CC2)c1Cl,7.33
Cc1ccc(Cl)c(N2CCN(CCCCNC(=O)c3ccc4oc(=O)[nH]c4c3)CC2)c1,7.33
C[C@H]1C[C@H](NS(=O)(=O)c2ccc3ccccc3c2)CN1CCCc1noc2cc(F)ccc12,7.33
O=C(CCCN1CCC(O)(c2ccc(Cl)cc2)CC1)c1cccc(F)c1F,7.33
O=C1c2ccccc2S(=O)(=O)N1CCCCCCN1CCN(c2ccccc2)CC1,7.32
CCS(=O)(=O)N[C@H]1CC[C@H](CCN2CCC(c3coc4ccccc34)CC2)CC1,7.32
COc1ccccc1N1CCN(CCNC(=O)c2sc3nc(OC)c(Cl)c(C)c3c2N)CC1,7.32
CCC(=O)N[C@H]1CC[C@H](CCN2CCC(c3coc4ccccc34)CC2)CC1,7.32
COc1ccccc1OCCNCCc1ccc(O)c(O)c1,7.32
CCCN(CCCCc1cn(CCOCCOCCOCCOCCOCCn2cc(CCCCN(CCC)C3Cc4ccccc4C3)nn2)nn1)C1Cc2ccccc2C1,7.32
Cn1c(SCCCN2CC3CCN(c4cccc(C#N)c4)C3C2)nnc1-c1cnccn1,7.32
O=C(N[C@H]1CC[C@H](CCN2CCC(c3coc4ccccc34)CC2)CC1)C1(O)CC1,7.32
CCCN(CCN1CCN(C(=O)c2cc3ccccc3[nH]2)CC1)[C@H]1CCc2c(O)cccc2C1,7.32
CCCN1CCC[C@@H](c2cccc(OS(=O)(=O)C(F)(F)F)c2)C1,7.32
CCCN(CCC)C1COc2c(cccc2-c2ccoc2)C1,7.32
Brc1ccc(NCCN2CCN(CCc3c[nH]c4ccccc34)CC2)cc1,7.32
O=C(NCCCCN1CCN(c2cccc(Cl)c2Cl)CC1)c1cc2ccccc2[te]1,7.32
O=S(=O)(NCCCCN1CCN(c2nsc3ccccc23)CC1)c1ccc(OC(F)(F)F)cc1,7.32
COc1ccccc1N1CCN(C/C=C/CNC(=O)c2ccc3c(c2)Cc2ccccc2-3)CC1,7.32
O=S(=O)(NCCCN1CCN(c2nsc3ccccc23)CC1)c1cc2ccccc2s1,7.32
C#Cc1ccc(C(=O)NCCN2CCN(c3cccc(Cl)c3Cl)CC2)cc1,7.32
COc1ccc(F)cc1C1CC1CNCCCCOc1ccc2c(c1)NC(=O)CC2,7.31
CCCN(CCCCNC(=O)c1ccc(-c2ccccc2)cc1)[C@@H]1CCn2nccc2C1,7.31
CNc1ncc2c(n1)CC(CN1CCC(c3noc4cc(F)ccc34)CC1)CC2=O,7.31
O=C(Cc1ccncc1)Nc1ccc(CCN2CCN(c3ccccc3)CC2)cc1,7.31
Fc1ccc(-c2cccc(CN3CCN(c4ncccn4)CC3)c2)cc1,7.31
O=c1[nH]c2ccc(CCN3CCN(c4cccc5sccc45)CC3)cc2s1,7.31
Cc1ccc(C(=O)NCN2CCN(c3ccccc3Cl)CC2)cc1,7.31
CC(C)(C)c1nc(N2CCN(CCCCNC(=O)c3cn4ccncc4n3)CC2)cc(C(F)(F)F)n1,7.31
COc1ccccc1N1CCN(CCCOc2ccc(-c3cn4cccc(C)c4n3)cc2)CC1,7.31
COc1ccccc1N1CCN(CCCOc2ccc(-c3cn4ccccc4n3)cc2)CC1,7.31
O=C(CCCN1CCc2ccccc2C1)c1ccc(F)cc1,7.31
COc1ccccc1N1CCN(CCCCNC(=O)CCc2ccccc2)CC1.O=C(O)C(=O)O,7.31
COc1ccccc1OCCNCC(O)COc1cccc2[nH]c3ccccc3c12,7.31
COc1ccccc1OCCNC[C@H](O)COc1cccc2[nH]c3ccccc3c12,7.31
O=S(=O)(NCCCCN1CCN(c2nsc3ccccc23)CC1)c1ccc2cc(Cl)ccc2c1,7.31
COc1c(O)ccc2c1CN1CCc3cc4c(cc3[C@@H]1C2)OCO4,7.31
CN(C[C@H]1C[C@@H]1CCNC(=O)c1cc2ccccc2[nH]1)[C@@H]1Cc2cccc3[nH]c(=O)n(c23)C1,7.31
COC(CC(=O)N[C@H]1CC[C@H](CCN2CCC(c3coc4ccccc34)CC2)CC1)OC,7.31
O=C(Nc1ccncc1)Nc1cccc(CCN2CCN(c3ccccc3)CC2)c1,7.31
COc1ccc(-n2cc(C(=O)NCCCCN3CCN(c4cccc(Cl)c4Cl)CC3)nn2)cc1,7.31
CC(=O)N1CCC(C)c2cc(Cl)cc(CCN3CCN(c4nsc5ccccc45)CC3)c21,7.301029995663981
COc1ccccc1N1CCN(CC2CN=C3c4ccccc4N=C(SC)N32)CC1,7.301029995663981
CN(CCN1CCN(c2cccc(Cl)c2)C1=O)Cc1cc2ccccc2s1,7.3
COc1ccc(-c2cccc(CN3CCN(c4ncccn4)CC3)c2)cc1,7.3
COc1cc2c(cc1OC)CN(Cc1ccccc1CNC(=O)c1ccc(C#N)cc1)CC2,7.3
Cc1ncoc1-c1nnc(SCCCN2CC3CCN(c4ccc(C(F)(F)F)cc4F)C3C2)n1C,7.3
C=CCN1CC[C@@H]2c3cccc(OC)c3CC[C@H]21,7.3
COc1cccc(CCN(C)CCN2CCN(c3cccc(Cl)c3)C2=O)c1,7.3
CCCN[C@@H]1CCc2ccc(OS(=O)(=O)C(F)(F)F)cc2C1.Cl,7.3
CC(=O)N[C@H]1CC[C@H](CCN2CCC(c3coc4ccccc34)CC2)CC1,7.3
CC(C)c1ccccc1OCCN1CCC(N(C)S(=O)(=O)c2ccc(F)cc2)CC1,7.3
CC(C)Nc1cc2c(cc1NS(=O)(=O)c1ccc(-c3ccc(Cl)cc3)cc1)CCN(C)CC2,7.3
O=c1[nH]c2cccc(N3CCN(CCCC4CCc5c([nH]c6ccc(F)cc56)C4)CC3)c2o1,7.3
COc1ccc(C)cc1S(=O)(=O)N[C@H]1CC[C@H](N2CCN(c3ccccc3OC(C)C)CC2)CC1,7.3
N#Cc1ccc2c(c1)[C@@H]1CN(CCCCNC(=O)c3ccc(-c4ccccc4)cc3)C[C@H]1CO2,7.3
Clc1cccc(C2CCN(CCCOc3ccc4scnc4c3)CC2)c1Cl,7.3
CN1CCN(c2ccc(C(=O)N[C@H]3CC[C@H](CCN4CCC(c5coc6ccccc56)CC4)CC3)cc2)CC1,7.3
CSc1ccccc1OCCN1CCC(CNS(=O)(=O)c2cccc(Cl)c2)CC1,7.3
CN1CCc2ccc(NS(=O)(=O)c3ccc(-c4ccc(F)c(Cl)c4)cc3)cc2CC1,7.3
CC(C)c1ccccc1OCCN1CCC(CNS(=O)(=O)c2ccc(F)cc2)CC1,7.3
O=C(C[C@@H](O)C(F)(F)F)N[C@H]1CC[C@H](CCN2CCC(c3coc4ccccc34)CC2)CC1,7.3
CC(=O)c1ccc2c(c1)CC(CN1CCC(c3noc4cc(F)ccc34)CC1)CC2=O,7.3
COc1ccccc1N1CCN(CCCCNC(=O)/C=C/c2cccc(C(F)(F)F)c2)CC1.O=C(O)C(=O)O,7.3
Nc1cc(O)ccc1C(=O)CCCN1CC[C@H]2[C@@H](C1)c1cccc3c1N2CCCS3,7.3
COc1ccccc1N1CCN(CCC2CCc3ccc(N)cc3C2=O)CC1,7.3
COc1ccccc1N1CCN(CCCCn2cc(-c3ccc4c(c3)Cc3ccccc3-4)nn2)CC1,7.3
Brc1ccc2c(c1)C1CN(Cc3ccccc3)CC1CO2,7.3
COc1ccccc1N1CCN(CCCCN2C(=O)c3ccccc3C2=O)CC1.O=C(O)C(=O)O,7.3
O=S(=O)(CC1CCN(CCCc2noc3cc(F)ccc23)C1)c1ccc(Cl)c(Cl)c1,7.3
O=C(CCCCCN1CCN(c2ccccc2Cl)CC1)NC1CCCc2ccccc21,7.29
O=C1Cc2cc(CCN3CCC(c4cccc5sccc45)CC3)c(Cl)cc2N1,7.29
CS(=O)(=O)CC(=O)N[C@H]1CC[C@H](CCN2CCC(c3coc4ccccc34)CC2)CC1,7.29
Cc1cccc(N2CCN(CCc3ccc4[nH]nnc4c3)CC2)c1C,7.29
COc1ccccc1N1CCN(CCCCc2cn(-c3ccc4[nH]ccc4c3)nn2)CC1,7.29
O=Cc1cnn2ccc(-n3cc(CCCCN4CCN(c5cccc(Cl)c5Cl)CC4)nn3)cc12,7.29
O=C(N[C@H]1CC[C@H](CCN2CCC(c3coc4ccccc34)CC2)CC1)c1ccc(N2CCOCC2)nc1,7.29
COc1ccc(C2CC(=O)c3c(O)cc(OCCCCN4CCC(c5noc6cc(F)ccc56)CC4)cc3O2)cc1,7.29
CCCN(CCN1CCN(CCc2c[nH]c3ccccc23)CC1)c1ccc(Br)cc1,7.29
CCOC(=O)/C=C1\[C@@H]2CCC[C@@]1(c1cccc(O)c1)CCN2CCN1CCN(c2cccc(Cl)c2Cl)CC1,7.29
COc1ccccc1N1CCN(CCCNC(=O)/N=N/c2ccc(F)cc2)CC1,7.29
O=[N+]([O-])c1ccc(CCN2CCN(c3ccccc3)CC2)cc1[N+](=O)[O-],7.29
CC(C)c1ccccc1OCCN1CCC(NS(=O)(=O)c2ccccc2F)CC1,7.29
CC(C)Oc1ccccc1N1CCN([C@H]2CC[C@@H](NS(=O)(=O)c3ccccc3[N+](=O)[O-])CC2)CC1,7.29
O=C1NCc2cc(Cl)c(OCCCN3CCN(c4cccc5ccccc45)CC3)cc21,7.29
O=S(=O)(NCCCCN1CCN(c2noc3ccccc23)CC1)c1ccc2cc(Cl)ccc2c1,7.29
CN1CCc2cc(Cl)c(O)cc2[C@H]2c3cccc(-c4ccc5[nH]ccc5c4)c3CC[C@@H]21,7.29
O=C1c2ccccc2S(=O)(=O)N1CCCCCCN1CCN(c2ncccn2)CC1,7.29
Cc1nc2ccc(CCCCCN3CCN(c4cccc5sccc45)CC3)cc2c(=O)[nH]1,7.29
CC(C)c1ccccc1OCCN1CCC(NS(=O)(=O)c2ccc(F)cc2)CC1,7.29
CN(C)C(=O)N[C@H]1CC[C@H](CCN2CCC(c3cccc4c3OCO4)CC2)CC1,7.28
COc1ccccc1N1CCN(CCCCNC(=O)c2ccc(OCCOCCOCCF)cc2)CC1.O=C(O)C(=O)O,7.28
Clc1cncc(NCCCCN2CCN(c3ccccc3)CC2)n1,7.28
O=C(CCCN1CCN(c2ccccn2)CC1)c1ccc(F)cc1,7.28
CC1(C)C(=O)Nc2cccc3c2N1[C@H]1CCN(CCCOc2ccc(F)cc2)C[C@@H]31,7.28
CC(C)(C)CC(=O)N[C@H]1CC[C@H](CCN2CCC(c3coc4ccccc34)CC2)CC1,7.28
CC[C@H](C)[C@@H](CO[C@@H](Cc1ccccc1)C(=O)N[C@@H](CCS(C)(=O)=O)C(=O)OC(C)C)NC[C@@H](N)CS,7.28
Cn1cc2c(C(=O)N[C@H]3CC[C@H](CCN4CCN(c5nocc5C(C)(F)F)CC4)CC3)cccc2n1,7.28
COc1ccccc1N1CCN(CCCCOc2ccc(-c3cn4ccc(C)cc4n3)cc2)CC1,7.28
c1ccc(CN2CCN(c3cccc4[nH]ccc34)CC2)cc1,7.28
C=CCN1CCC[C@H]1CNC(=O)c1cc(CCCSC2CC(=O)N(CCCCCC(=O)NCCOCCOCCOCCOCCC(=O)N[C@@H](CCCCNC(=O)CN3CCN(CC(=O)O)CCN(CC(=O)O)CCN(CC(=O)O)CC3)C(=O)N[C@@H](Cc3cnc[nH]3)C(=O)N[C@@H](C)C(=O)N[C@H](C(=O)N[C@@H](Cc3ccc(O)cc3)C(=O)N3CCC[C@H]3C(=O)N[C@@H](CCCNC(=N)N)C(=O)N[C@@H](Cc3cnc[nH]3)C(=O)O)[C@@H](C)CC)C2=O)cc(OC)c1OC,7.28
Cc1ccc(S(=O)(=O)N[C@H]2CC[C@H](N3CCN(c4ccccc4OC(C)C)CC3)CC2)cc1Cl,7.28
COc1c(Cl)cccc1N1CCN(CCCCNC(=O)c2cc3ccccc3[nH]2)CC1,7.28
COCCS(=O)(=O)n1ccc2c(-c3ccc(C(F)(F)F)cc3)cc(N3CCN(C)CC3)nc21,7.28
O=C1Cc2c(cccc2N2CCN(CCCCNC(=O)c3ccc4ccccc4c3)CC2)N1,7.28
COc1cc2c(cc1O)CN(Cc1ccccc1CNC(=O)c1ccc(F)cc1)CC2,7.28
Cc1ccc(-c2nc(O)n(C3CCN(Cc4ccccc4)CC3)c2C)cc1,7.28
COc1ccc(NC(=O)NCCCN2CCN(c3ccccc3OC)CC2)cc1-c1ccc(F)cc1,7.28
CC1Cc2ccccc2N1C(=O)CC1CCN(Cc2cccc(F)c2)CC1,7.28
CCOc1ccc(N2CCN(CCCCOc3ccc4c(c3)NC(=O)CC4)CC2)cc1,7.28
OC1(c2ccc(Cl)cc2)CC2CCC(C1)N2CCc1c[nH]c2ccccc12,7.28
C[C@H](NC(=O)CCCCCN1CCN(c2ccccc2-c2ccccc2)CC1)c1ccccc1,7.28
Nc1nc(NCCCCN2CCN(c3ccccc3)CC2)nc(NCCc2c[nH]c3ccccc23)n1,7.28
Cc1ccc(C2CCN(Cc3ccc4c(c3)NC(=O)CO4)CC2)cc1,7.28
COc1ccccc1N1CCN(CCCCN2CCc3c(cccc3-c3ccccc3)C2=O)CC1,7.28
O=C(NCCCCN1CCN(c2cccc(C(F)(F)F)c2)CC1)c1cc2ccccc2[nH]1,7.28
CN1CCN(C2=Nc3ccccc3Oc3ccc(OS(=O)(=O)C(F)(F)F)cc32)CC1,7.28
O=C(CC1CCCO1)N[C@H]1CC[C@H](CCN2CCC(c3coc4ccccc34)CC2)CC1,7.28
CN(CC/C=C1\c2ccccc2Sc2ccc(Cl)cc21)Cc1ccc(OCCCN2CCCCC2)cc1,7.28
O=C(N[C@H]1CC[C@H](CCN2CCC(c3coc4ccccc34)CC2)CC1)C1CCOC1,7.28
CCN(CCN1CCC(c2noc3cc(F)ccc23)CC1)C(=O)C1(O)CCNC1,7.28
CN(C1CCN(CCOc2ccccc2-c2ccccc2)CC1)S(=O)(=O)c1ccccc1,7.28
CCCCn1cc(CCCCOc2ccc(CN3CCN(c4ccccc4OC)CC3)cc2OC)nn1,7.28
Cc1ccc2c3c1-c1c(ccc(O)c1O)C[C@H]3N(C)CC2.Cl,7.27
O=C1c2cccnc2CCN1CCN1CCC(c2noc3cc(F)ccc23)CC1,7.27
Clc1cccc(N2CCN(CCCc3cn(-c4ccn5nccc5c4)nn3)CC2)c1Cl,7.27
Cc1ncoc1-c1nnc(SCCCN2C[C@H]3CCN(c4ccc(C(F)(F)F)cc4)[C@H]3C2)n1C,7.27
O=S(=O)(NCCCCN1CCN(c2noc3ccccc23)CC1)c1cc2ccc(Cl)cc2s1,7.27
O=C(NC[C@H]1C[C@@H]1CN1CCN(c2cccc(Cl)c2Cl)CC1)c1ccc(-c2ccccn2)cc1,7.27
Cc1ncoc1-c1nnc(SCCCN2C[C@H]3CCN(c4ccc(C(F)(F)F)cc4F)[C@H]3C2)n1C,7.27
CC(C)(O)C(=O)N[C@H]1CC[C@H](CCN2CCC(c3coc4ccccc34)CC2)CC1,7.27
CC(C)Oc1ccccc1N1CCN(C2CCC(NC(=O)Nc3ccc(F)c(F)c3)CC2)CC1,7.27
CN(C1CCN(CCOc2ccccc2-c2ccccc2)CC1)S(=O)(=O)c1ccc(F)cc1,7.27
C[C@H]1C[C@H](NS(=O)(=O)c2csc3ccccc23)CN1CCCc1noc2cc(F)ccc12,7.27
C[C@H]1C[C@H](NS(=O)(=O)c2cc3ccc(F)cc3s2)CN1CCCc1noc2cc(F)ccc12,7.27
Cc1c(S(=O)(=O)N[C@H]2C[C@H](C)N(CCCc3noc4cc(F)ccc34)C2)sc2ccc(Cl)cc12,7.27
C=CCN1CCC[C@H]1CNC(=O)c1cc(CCCSC2CC(=O)N(CCCCCC(=O)NCCOCCOCCOCCOCCOCCOCCOCCOCCC(=O)N[C@@H](Cc3cnc[nH]3)C(=O)N[C@@H](C)C(=O)N[C@H](C(=O)N[C@@H](Cc3ccc(O)cc3)C(=O)N3CCC[C@H]3C(=O)N[C@@H](CCCNC(=N)N)C(=O)N[C@@H](Cc3cnc[nH]3)C(=O)O)[C@@H](C)CC)C2=O)cc(OC)c1OC,7.27
COc1cc2c(cc1O)C1Cc3ccc(OCC4CC4)c(OC)c3CN1CC2,7.27
c1cc2c3c(c[nH]c3c1)CC1CN(CC3CCCCC3)CCN21,7.27
COc1ccccc1N1CCN(CCCCNC(=O)c2ccc3ccccc3n2)CC1.O=C(O)C(=O)O,7.27
CSc1ccc(C2(O)CCN(Cc3coc4ccccc34)CC2)cc1,7.27
Clc1cccc(N2CCN(CCCCn3cc(-c4ccc5ncccc5c4)nn3)CC2)c1Cl,7.27
CN(CC1CCN(CCOc2ccccc2)CC1)C(c1ccc(Cl)cc1)c1ccccn1,7.26
O=C(N[C@H](c1ccc2c(c1)OC(F)(F)O2)c1ccccn1)C1CCN(CCOc2ccccc2F)CC1,7.26
O=C(N[C@@H](c1ccc2c(c1)OC(F)(F)O2)c1ccccn1)C1CCN(CCOc2ccccc2F)CC1,7.26
CS(=O)(=O)Nc1cccc(N2CCN(CCCCNC(=O)c3ccc4ccccc4c3)CC2)c1,7.26
Cn1cnc(S(=O)(=O)N[C@H]2CC[C@H](CCN3CCN(c4cccc5c4OCO5)CC3)CC2)c1,7.26
COc1ccccc1N1CCN(CCCCNC(=O)c2ccc(CCF)cc2)CC1,7.26
FC(F)(F)CN(CC1CCN(CCOc2ccccc2)CC1)C(c1ccc(Cl)cc1)c1ccccn1,7.26
CC1(C(=O)NC(c2ccc(F)cc2)c2ccccn2)CCN(CCOc2ccccc2)CC1,7.26
O=C(NC(c1ccc(Cl)cc1)c1ccc(F)cn1)C1CCN(CCOc2ccccc2F)CC1,7.26
O=C(NCCC(O)CN1CCN(c2cccc(Cl)c2Cl)CC1)c1ccc2c(c1)-c1ccccc1C2,7.26
O=C(NC(c1ccc(F)cc1)c1ccccn1)C1CCN(CCOc2ccccc2Cl)CC1,7.26
O=C(NC/C=C/CN1CCN(c2cccc(Cl)c2Cl)CC1)c1ccc(-c2cccnc2)cc1,7.26
CC(C)Oc1ccccc1N1CCN([C@H]2CC[C@@H](NS(=O)(=O)c3ccccc3C#N)CC2)CC1,7.26
O=C(NCCCCN1CCN(c2cccc(Cl)c2Cl)CC1)c1ccc2c(c1)Cc1ccccc1-2,7.26
O=C(NC(c1ccc(F)cc1)c1ccc(Cl)cc1)C1CCN(CCOc2ccccc2)CC1,7.26
O=C(O)C(=O)O.O=C1CCc2ccccc2N1CCCN1CCN(c2cccc(Cl)c2Cl)CC1,7.26
COc1ccc(S(=O)(=O)N[C@H]2CC[C@H](N3CCC(c4ccccc4OC(C)C)CC3)CC2)cc1OC,7.26
CN1CCc2ccc(OCCCN3CCN(c4ccccc4F)CC3)cc2C1=O,7.26
C[C@H]1C[C@H](NS(=O)(=O)c2cc3ccccc3s2)CN1CCCc1noc2cc(F)ccc12,7.26
O=C(NC(c1ccc(Cl)cc1)c1ccccn1)C1CCN(CCOc2ccccc2Cl)CC1,7.26
O=C(NC(c1ccc(Cl)cc1)c1ccccn1)C1CCN(CCOc2ccccc2C(F)(F)F)CC1,7.26
O=C1CCc2ccccc2N1OCCN1CCC(n2c(=O)[nH]c3ccccc32)CC1,7.26
CN1CCC(=C2c3ccccc3C=Cc3ccccc32)CC1,7.26
CC1(C)CCNc2c(CCN3CCN(c4nsc5ccccc45)CC3)cc(F)cc21,7.26
CN1CCc2ccccc2Cc2c([nH]c3ccccc23)CC1,7.26
CN(CC1CCN(CCOc2ccccc2F)CC1)C(c1ccc(Cl)cc1)c1ccccn1,7.26
COc1cccc(C(c2ccccn2)N(C)CC2CCN(CCOc3ccccc3F)CC2)c1,7.26
O=S(=O)(NCCCN1CCN(c2noc3ccccc23)CC1)c1cccs1,7.26
Cc1ccc2c(c1)N1OC(CN(C)C)CC1c1ccccc1C2,7.26
CCCN[C@@H]1Cc2cccc3c2n(c(=O)n3CCCCCCOCCCCc2ccccc2)C1,7.26
CN1CCc2ccc3c(=O)[nH]c4cccc5c4c3c2[C@H]1C5,7.26
Clc1ccc([C@@H](NCC2CCN(CCOc3ccccc3)CC2)c2ccccn2)cc1,7.26
O=C(NC(c1ccc(Cl)cc1)c1ccccn1)C1CCN(CCOc2ccccc2)CC1,7.26
O=C(NC(c1ccc2c(c1)OCO2)c1ccccn1)C1CCN(CCOc2ccccc2F)CC1,7.26
Clc1ccc(C(NCC2CCN(CCOc3ccccc3)CC2)c2ccccn2)cc1,7.26
CN(CC1CCN(CCOc2ccccc2)CC1)[C@H](c1ccc(Cl)cc1)c1ccccn1,7.26
O=C1[C@@H]2[C@H]3CC[C@H](C3)[C@@H]2C(=O)N1CCCCCCN1CCN(c2cccc(Cl)c2Cl)CC1,7.26
CCCN(CCC)[C@@H]1CCc2c(O)cccc2C1,7.26
COc1ccccc1N1CCN(C/C=C/CNC(=O)c2ccc(OCCF)cc2)CC1.O=C(O)C(=O)O,7.26
CC(C)Oc1ccccc1N1CCN([C@H]2CC[C@H](NS(=O)(=O)c3cccnc3)CC2)CC1,7.26
CCN(CCN1CCC(c2noc3cc(F)ccc23)CC1)C(=O)C1CCCCC1O,7.26
Br.C=CCN1CCc2c(cc(O)c(O)c2Cl)C(c2ccccc2)C1,7.26
CC[C@@H](O)CC(=O)N[C@H]1CC[C@H](CCN2CCC(c3coc4ccccc34)CC2)CC1,7.26
O=C1CC(CN2CC=C(c3c[nH]c4cc(F)ccc34)CC2)Cc2nc(N3CCCC3)sc21,7.26
COc1ccccc1N1CCN(CCCCNC(=O)c2ccc3c(c2)Cc2ccccc2-3)CC1,7.26
CCCC(=O)Oc1cccc2c1-c1cccc3c1[C@@H](C2)N(CCC)CC3,7.26
Cn1c(C(N)=O)ccc1-c1cccc(OC(=O)NCCN2CCN(c3ccccc3)CC2)c1,7.25
Cc1c(-c2ccccc2)nc(O)n1C1CCN(Cc2ccccc2)CC1,7.25
C[C@H]1CO[C@@H](c2ccc(N)nc2)CN1C/C=C1\CCC(CNC(=O)c2cc3ccccc3[nH]2)C1,7.25
O=C(NCc1ccccc1CN1CCc2cc(O)c(O)cc2C1)c1cccc(Br)c1,7.25
CCCN(CCC)[C@@H]1Cc2cccc3c2n(c(=O)n3CCCCNC(=O)c2cc3ccccc3[nH]2)C1,7.25
CN1CCc2ccccc2Cc2ccccc2CC1,7.25
COc1ccccc1N1CCCN(CCCCNC(=O)c2ccc(C)s2)CC1,7.25
O=C1c2cccc3cccc(c23)N1CCCCCCN1CCN(c2nsc3ccccc23)CC1,7.25
Clc1cccc(N2CCN(CCCCn3cc(-c4ccc5[nH]ccc5c4)nn3)CC2)c1Cl,7.25
Br.Fc1ccc([C@H]2C[C@@H]2CN2CCN(c3cccc(Cl)c3)CC2)cc1,7.25
COc1ccc2cc(S(=O)(=O)N[C@H]3CCN(CCCc4noc5ccccc45)C3)ccc2c1,7.25
COc1ccccc1N1CCN(CCCNC(=O)Cc2ccc3ccccc3c2)CC1.O=C(O)C(=O)O,7.25
Cc1cccc(S(=O)(=O)NCCCCN2CC=C(c3c(C)[nH]c4ccc(Cl)cc34)CC2)c1,7.25
C[C@@H](O)[C@@H]1NC(=O)[C@H](CCCCN)NC(=O)[C@@H](Cc2c[nH]c3ccccc23)NC(=O)[C@H](Cc2ccccc2)NC(=O)[C@H](Cc2ccccc2)NC(=O)[C@H](CCCNC(=N)N)NC(=O)[C@H](NCCS(=O)(=O)C[C@@H]2C[C@@H]3c4cccc5[nH]cc(c45)C[C@H]3N(C)C2)CCCCNC(=O)[C@H](Cc2ccc(F)cc2)NC1=O,7.25
CN1C[C@H](C(=O)N2CCN(c3cccc(=O)n3C)CC2)C[C@@H]2c3cccc4[nH]c(Br)c(c34)C[C@H]21,7.25
COc1cccc2cc(C(=O)NCCCCN3CCN(c4[nH]nc5ccccc45)CC3)oc12,7.25
CCCN1CCCN(c2ccc(O)c3c2OCC(=O)N3)CC1,7.25
C(=C/Cn1c(-c2ccc(OCCCN3CCCC3)cc2)nc2ccccc21)\Cn1c(-c2ccc(OCCCN3CCCC3)cc2)nc2ccccc21,7.25
O=C1Cc2cc(CCN3CCN(c4cccc5c4CCS5)CC3)c(Cl)cc2N1,7.25
O=S(=O)(NCCCN1CCN(c2nsc3ccccc23)CC1)c1cccs1,7.25
O=S(=O)(N[C@@H]1CCN(CCCc2noc3ccccc23)C1)c1cccc(Cl)c1,7.25
O=S(=O)(N[C@@H]1CCN(CCCc2noc3ccccc23)C1)c1ccc(F)c(Cl)c1,7.25
COc1ccccc1N1CCN(CCCCNC(=O)C2(c3ccc(Cl)cc3)CCCC2)CC1.O=C(O)C(=O)O,7.25
Cc1ncoc1-c1nnc(SCCCN2CC[C@]3(C[C@@H]3c3ccc(F)cc3)C2)n1C,7.24
CCc1cccc(N2CCN(C)CC2)c1Cl,7.24
CNc1cc(OC)c(C(=O)NC[C@@H]2CCN(Cc3ccccc3)C2)cc1Cl,7.24
O=S(=O)(N[C@H]1CC[C@@H](N2CCC(c3ccccc3OCC(F)(F)F)CC2)CC1)c1ccc2c(c1)OCCO2,7.24
COc1ccccc1N1CCN(CCCCNC(=O)c2ccn3nccc3c2)CC1,7.24
O=C1CC(CN2CCC(c3noc4cc(F)ccc34)CC2)Cc2ccccc21,7.24
C/C=C/CC(=O)N[C@H]1CC[C@H](CCN2CCC(c3coc4ccccc34)CC2)CC1,7.24
Cn1c(SCCCN2CC3CCN(c4ccc(C(F)(F)F)cc4)C3C2)nc2ccccc21,7.24
COc1ccccc1N1CCN(Cc2cccc(OCCF)c2)CC1,7.24
COc1ccccc1N1CCN(C/C=C/CNC(=O)c2cc(Br)cc(OC)c2OCCF)CC1.O=C(O)C(=O)O,7.24
Cl.O=C1c2cccc3cccc(c23)N1CCCCCCN1CCN(c2ccccc2Cl)CC1,7.24
CCCN(CCC)C1CCc2nc(N)sc2C1,7.24
Cc1nc2n(c(=O)c1CCN1CCN(c3cccc4sccc34)CC1)CCCC2=O,7.24
O=C(CC1CCC1)N[C@H]1CC[C@H](CCN2CCC(c3coc4ccccc34)CC2)CC1,7.24
CC1(C)CC(=O)N(CCCCN2CCN(c3ncccn3)CC2)C(=O)C1,7.24
COc1ccccc1N1CCN(Cc2cc(CN3CCN(C)CC3)c3cccccc2-3)CC1,7.24
CN1CCOc2c(C(=O)NC[C@H]3CCCN3CCc3ccccc3)cc(Cl)cc21,7.24
COc1ccc2[nH]cc(C3=CCN(Cc4cc(=O)[nH]c5ccccc45)CC3)c2c1,7.24
O=C(O)c1cc2c3c(ccc2[nH]1)OCC(CN1CCC2(CC1)C(=O)NCN2c1ccccc1)O3,7.24
O=C1NCc2ccc(OCCCCN3CCN(c4cccc5cc(F)ccc45)CC3)cc21,7.24
O=S(=O)(NCCCCN1CCN(c2noc3ccccc23)CC1)c1ccc(Cl)c(Cl)c1,7.24
COc1ccccc1N1CCN(CCCCc2cn(-c3ccc4c(c3)Cc3ccccc3-4)nn2)CC1,7.24
O=C(NCCCCN1CCN(c2cccc3ccccc23)CC1)c1ccccc1,7.24
COc1ccccc1N1CCN(CCCCOc2cc(O)c3c(c2)OC(c2ccc(F)cc2)CC3=O)CC1,7.24
CC(=O)n1cc(CCCCN2CCN(c3cccc4sccc34)CC2)c2cc(C#N)ccc21,7.24
Oc1cc2c(cc1O)[C@H]1c3ccccc3CN[C@@H]1CC2,7.24
CC(C)Oc1ccccc1N1CCN([C@H]2CC[C@H](NS(=O)(=O)c3ccc(OC(F)(F)F)cc3)CC2)CC1,7.24
CCCN(CCN1CCN(c2cccc3ncccc23)CC1)[C@H]1CCc2nc(N)sc2C1,7.24
Cc1cccc(C2CCN(CCNC(=O)C3CCOC3)CC2)n1,7.24
C=C1c2ccccc2C=C(N2CCN(C)CC2)c2ccccc21,7.24
Clc1cccc(C(OC2CC3CCC(C2)N3CCCc2ccccc2)c2ccccc2)c1,7.23
COc1ccccc1N1CCN(C/C=C/CNC(=O)c2ccc(OCCOCCF)cc2)CC1.O=C(O)C(=O)O,7.23
CCOC(=O)c1[nH]c2ccccc2c1CCN(C)C,7.23
CC1(C)CCNc2c(CCN3CCN(c4nsc5ccccc45)CC3)cccc21,7.23
CC(C)(C)c1nc(N2CCN(CCCCNC(=O)N3CCC(N4CCCCC4)CC3)CC2)cc(C(F)(F)F)n1,7.23
O=C1c2cccc3cccc(c23)C(=O)N1CCCCCCN1CCN(c2nsc3ccccc23)CC1,7.23
CCCN(Cc1ccc([N+](=O)[O-])cc1)[C@@H]1CCc2c(cccc2OC)C1,7.23
COc1cc(Br)cc(C(=O)NCCCCN2CCN(c3cccc(Cl)c3Cl)CC2)c1OC,7.23
Clc1cccc(N2CCN(CCCOC3(c4ccccn4)CCOCC3)CC2)c1Cl,7.23
CCOC(=O)C1(c2ccc(Cl)cc2)CCN(Cc2c[nH]c3ccccc23)CC1,7.23
CCCN(CCC)[C@@H]1CCc2cccc(C(=O)OC)c2[C@@H]1C,7.23
CN1CCc2cccc3c2[C@H]1Cc1cccc(O)c1-3,7.23
Cc1ncoc1-c1nnc(SCCCN2CC3CCN(c4ccc(C(F)(F)F)cc4)C3C2)n1C,7.23
O=C(N[C@H]1CC[C@H](CCN2CCN(c3cccc4c3OCO4)CC2)CC1)C1CCS(=O)(=O)C1,7.23
CN1CCc2cc(O)ccc2Cc2ccc(O)cc2CC1,7.23
CCCN(CCCCNC(=O)c1ccc(-c2ccc(OCc3cn(CCOCCOCCOCCOCCOCCn4cc(COc5ccc(-c6ccc(C(=O)NCCCCN(CCC)C7Cc8ccccc8C7)cc6)cc5)nn4)nn3)cc2)cc1)C1Cc2ccccc2C1,7.23
Cc1cn2c3c(=O)n(C)c(=O)n(C)c3nc2n1CCCCCN1CCN(c2ccc(Cl)c(Cl)c2)CC1,7.23
Cc1ccc(S(=O)(=O)N[C@H]2CC[C@H](CCN3CCC(c4coc5ccccc45)CC3)CC2)cc1,7.23
C=CCN1CCC2c3cccc(O)c3CC[C@@H]21,7.23
COc1ccc(OC)c(CN2CCN(CC(=O)N3c4ccccc4C[C@H]3C)CC2)c1,7.23
CC(C)(C)c1nc(N2CCN(CCCCNC(=O)Nc3ccccc3)CC2)cc(C(F)(F)F)n1,7.23
CC(C)c1cccc(OCCN2C3CCC2CC(NS(=O)(=O)c2ccc(F)cc2)C3)c1,7.22
O=S(=O)(NC1CCN(CCOc2cccc3c2CCCC3)C1)c1cc(F)ccc1F,7.22
Br.Cc1ccc(N2CCN(CC3CC3c3ccccc3)CC2)c(C)c1,7.22
CCCN(CCc1ccccc1)[C@@H]1CCc2c(O)cccc2C1,7.22
Nc1ccccc1C(=O)CCCN1CC[C@@H]2[C@H](C1)c1cccc3c1N2CCO3,7.22
O=C(NCCCCN1CCN(c2cccc(C(F)(F)F)c2)CC1)c1cn2ccccc2n1,7.22
Cc1ccc2c(c1)N=C(C1CCN(CC(C)(C)C(=O)O)CC1)c1cc(C)ccc1O2,7.22
COC(=O)C1(c2ccc(Cl)cc2)CCN(Cc2c[nH]c3ccccc23)CC1,7.22
Cc1ccc(S(=O)(=O)N[C@H]2CC[C@@H](N3CCN(c4ccccc4OC(C)C)CC3)CC2)cc1Cl,7.22
O=C(N[C@H]1CCN(Cc2ccccc2)C1)c1cccc(-c2cccs2)c1,7.22
Cc1c(-c2ccccc2)nc(O)n1C1CCN(Cc2ccc(Cl)cc2)CC1,7.22
CCCC#Cc1cc(CN2CCN(c3ccccc3OC)CC2)c2cccccc1-2,7.22
CN[C@@H]1Cc2cccc3c2n(c(=O)n3CCCCCCOCCCCc2ccccc2)C1,7.22
CCCCc1ccccc1N1CCN(CCCCCC(=O)NC2CCCc3ccccc32)CC1,7.22
O=c1n(CCCCCCN2CCN(c3cccc4c3OCCO4)CC2)nc2ccccn12,7.22
O=C(CCCN1CCC(O)(c2ccc(Cl)cc2)CC1)c1c(F)cccc1F,7.22
C[C@@H]1C[C@H](C)N1C(=O)[C@@H]1C=C2c3cccc4[nH]cc(c34)CC2N(C)C1,7.22
COc1ccccc1C1CC1CNCCCCOc1ccc2ccc(=O)[nH]c2c1,7.22
O=C1CCc2c(F)cccc2N1CCCN1CCC(n2c(=O)[nH]c3ccccc32)CC1,7.22
CC(C)c1ccccc1OCCN1CCC(N(C)S(=O)(=O)c2ccccc2)CC1,7.22
COc1ccccc1N1CCN(C/C=C/CNC(=O)c2cc3cc(OCCF)ccc3[nH]2)CC1.O=C(O)C(=O)O,7.22
CS(=O)(=O)c1ccc(C(=O)N[C@H]2CC[C@H](CCN3CCC(c4coc5ccccc45)CC3)CC2)s1,7.22
Cc1ccc(CN2CC[C@H](NC(=O)c3cccc(-c4cccs4)c3)C2)cc1,7.22
Fc1ccc(-c2cncc(CN3CCN(c4ccccn4)CC3)c2)cc1,7.22
O=c1n(CCCCCCN2CCN(c3cccc(C(F)(F)F)c3)CC2)nc2ccccn12,7.21
COc1ccc(S(=O)(=O)N[C@H]2CC[C@H](N3CCN(c4ccccc4OC(C)C)CC3)CC2)cc1OC,7.21
COc1ccc(OC)c(S(=O)(=O)N[C@H]2CC[C@H](N3CCN(c4ccccc4OC(C)C)CC3)CC2)c1,7.21
CN(C)CCc1cn(S(=O)(=O)c2ccccc2)c2ccccc12,7.21
OC1(c2ccc(Cl)cc2)CCN(CCCc2ccc(F)cc2)CC1,7.21
O=C(N[C@H]1CC[C@H](CCN2CCN(c3cccc4c3OCO4)CC2)CC1)C1(O)CC1,7.21
Cc1ncoc1-c1nnc(SCCCN2CC[C@]3(C[C@@H]3c3cc(Cl)cc(Cl)c3)C2)n1C,7.21
Clc1ccc(N2CC3CC2CN3Cc2c[nH]c3ncccc23)cc1,7.21
CC(C)(C)c1ccc(C(=O)CCCN2CCC(OC(c3ccccc3)c3ccccc3)CC2)cc1,7.21
CCN1CC=C(C2=Cc3ccccc3Oc3ccccc32)CC1.Cl,7.21
O=S(=O)(c1ccccc1)n1ccc2c(N3CCN(CCCCOc4ccccc4)CC3)cccc21,7.21
c1ccc(CCN2CCC(c3cc(C4CCCCC4)n[nH]3)CC2)cc1,7.21
O=C(CCCCCCCCCCCCC(=O)OC1(c2ccc(Cl)cc2)CCN(CCCC(=O)c2ccc(F)cc2)CC1)OC1(c2ccc(Cl)cc2)CCN(CCCC(=O)c2ccc(F)cc2)CC1,7.21
Cc1cccc(OCCNCCCOc2ccccc2)c1,7.21
CCCN(CCC)C1CCc2cccc(OS(=O)(=O)C(F)(F)F)c2C1,7.21
c1cc2c(c(N3CCN(Cc4c[nH]c5ccccc45)CC3)c1)OCCO2,7.21
O=C(O)C(=O)O.OC1(c2ccc(I)cc2)CCN(Cc2c[nH]c3ncccc23)CC1,7.21
O=C1c2ccc(F)cc2CCC1C1CCN(Cc2ccccc2)CC1,7.21
Cc1cc2c(cn1)C(=O)N(CCN1CCC(c3noc4ccccc34)CC1)CC2,7.21
COc1ccccc1N1CCN(CCCCNC(=O)c2ccc3ccccc3c2)CC1.Cl,7.21
Cl.O=C1c2ccccc2CCC1C1CCN(Cc2ccc(F)cc2)CC1,7.21
NC(=O)c1ccccc1OCCCN1CCC(c2cn(S(=O)(=O)c3ccccc3)c3ccccc23)CC1,7.21
O=C1Cc2cc(CCN3CCN(c4cccc5sc(F)cc45)CC3)c(Cl)cc2N1,7.21
O=C(c1ccc(F)cc1)C1CCN(CCn2c(=S)[nH]c3ccccc3c2=O)CC1,7.21
Cc1nc(Cl)c(Sc2ccc(Cl)cc2)c(N2CCN(C)CC2)n1,7.21
COc1cccc(CN(NC(=O)NCCCN2CCN(c3ccccc3OC)CC2)c2ccc(F)cc2)c1,7.21
CN(C)C[C@H]1C[C@@H]2c3ccccc3Cc3ccccc3[C@H]2O1,7.21
CO/N=C(/CCN1CCN(c2ccccn2)CC1)c1ccc(Cl)c(C)c1,7.21
COc1ccc2c(c1)Cc1ccccc1CCN(C)CC2,7.21
Cc1nc(Cl)c(Sc2ccc(Cl)cc2)c(NC2CCN(Cc3ccccc3)CC2)n1,7.21
CC(C)Oc1ccccc1N1CCN([C@H]2CC[C@@H](NS(=O)(=O)c3cnc(Cl)c(Br)c3)CC2)CC1,7.21
COc1ccc2[nH]cc(C3CC(=O)N(CCCCN4CCC(c5c[nH]c6ccc(F)cc56)CC4)C3=O)c2c1,7.21
CN1C[C@H](C(=O)N[C@]2(C)O[C@@]3(O)[C@@H]4CCCN4C(=O)[C@H](Cc4ccccc4)N3C2=O)C[C@@H]2c3cccc4[nH]cc(c34)C[C@H]21.CS(=O)(=O)O,7.21
COc1ccccc1C1CC1CNCCCCOc1ccc2c(c1)NC(=O)CC2,7.21
O=C1COc2cc(F)c(CCN3CCN(c4cccc5sccc45)CC3)cc2N1,7.21
COc1ccccc1N1CCN(CCCNC(=O)NCc2ccccc2-c2ccc(C)cc2)CC1,7.21
O=C(CCC(F)(F)F)N[C@H]1CC[C@H](CCN2CCC(c3coc4ccccc34)CC2)CC1,7.21
CC1Cc2ccccc2N1C(=O)CC1CCN(Cc2cccc(Cl)c2)CC1,7.21
COc1ccccc1N1CCN(CCCCNC(=O)c2ccc(C(=O)c3ccccc3)cc2)CC1.O=C(O)C(=O)O,7.2
O=[N+]([O-])c1ccccc1S(=O)(=O)NC[C@H]1CC[C@H](CNCC2CCc3ccccc3C2)CC1,7.2
O=S(=O)(NCCCN1CCN(c2noc3ccccc23)CC1)c1ccc(OC(F)(F)F)cc1,7.2
O=C(NCCCCN1CCN(c2cccc(Cl)c2Cl)CC1)c1ccc(-c2ccsc2)cc1,7.2
Cc1ncoc1-c1nnc(SCCCN2CC3CCN(c4cccc(F)c4)C3C2)n1C,7.2
Cc1ccccc1S(=O)(=O)N1c2ccc(Cl)cc2N=C(N2CCN(C)CC2)c2ccccc21,7.2
CO/N=C(\CCN1CCN(c2ccccn2)CC1)c1ccc(Cl)cc1,7.2
OCCOCCN1CCN(C2=Nc3ccccc3Sc3ccccc32)CC1,7.2
COc1ccc2[nH]cc(C3=CCN(Cc4ccccc4)CC3)c2c1,7.2
Cc1ccn(CCCCN2CCN(c3cc(C(F)(F)F)nc(C(C)(C)C)n3)CC2)c(=O)c1,7.2
O=S(=O)(N[C@H]1CC[C@H](CCN2CCC(c3cccc4c3OCO4)CC2)CC1)c1ccccc1,7.2
COc1ccccc1N1CCN(CCCCCc2cn(-c3ccc(N(C)C)cc3)nn2)CC1,7.2
Cc1ncoc1-c1nnc(SCCCN2CC[C@@]3(C[C@@H]3c3ccccc3C(F)(F)F)C2)n1C,7.2
O=C(NCCCCN1CCN(c2cccc(Cl)c2Cl)CC1)c1c[nH]c2ccccc12,7.2
CN1CCc2cc(Br)c(NS(=O)(=O)c3ccc(-c4ccc(Cl)cc4)cc3)cc2CC1,7.2
OCCN1CCN(c2cccc(Cl)c2Cl)CC1,7.2
COc1ccccc1N1CCN(CCCCCc2cn(-c3ccccc3OC)nn2)CC1,7.2
Cn1cc(/C=C/C(=O)N[C@H]2CC[C@](F)(CCN3CCc4nc(OCC(C)(F)F)sc4CC3)CC2)cn1,7.2
O=S(=O)(NC1CCN(CCOc2ccccc2-c2ccccc2)CC1)c1ccc(F)c(F)c1,7.2
COc1ccccc1N1CCN(CCCCNC(=O)/C=C/c2ccccc2I)CC1,7.2
O=C(NC/C=C/CN1CCN(c2cccc(Cl)c2Cl)CC1)c1cccc2c1-c1ccccc1C2,7.2
Cc1noc2c1C(=O)CC(CN1CCC(c3c[nH]c4cc(F)ccc34)CC1)C2,7.2
O=C(CCO)N[C@H]1CC[C@H](CCN2CCC(c3coc4ccccc34)CC2)CC1,7.2
COc1cc(CCNCCc2ccc(O)c(O)c2)ccc1OCCCc1ccccc1,7.2
CCOc1cccc2cc(CNCC[C@H]3CC[C@H](NC(=O)C4CC4)CC3)oc12,7.2
CCCCn1cc(COc2ccc(CN3CCN(c4ccccc4OC)CC3)cc2OC)nn1,7.2
CS(=O)(=O)Oc1ccc2c(c1)CCN(CC[C@H]1CC[C@H](NC(=O)/C=C/c3ccc(F)cc3)CC1)CC2.Cl,7.2
Nc1ccccc1C(=O)CCCN1CC[C@@H]2[C@H](C1)c1cccc3c1N2CCC3,7.2
Cl.Fc1cccc(Nc2nc(Cc3ccccc3)nc3c2CCNCC3)c1,7.2
CC(C)(C)C(=O)NCCCCN1CCN(c2ccccc2Cl)CC1,7.2
Cc1ccc2c(OCCN3CCC(Cc4cccc(NS(C)(=O)=O)c4)CC3)cccc2n1,7.2
O=C(NCCCCN1CC[C@H]2c3cccc(O)c3CC[C@@H]21)c1ccc(-c2ccccc2)cc1,7.2
Cc1ccc2c(c1)C(C1=C[C@H](C)N(C)CC1)=Nc1cc(Cl)ccc1N2,7.2
COc1cccc(/C=C/C(=O)N[C@H]2CC[C@H](CCN3CCc4ccc(OS(C)(=O)=O)cc4CC3)CC2)c1.Cl,7.2
O=S(=O)(N[C@H]1CC[C@H](CCN2CCN(c3cccc4c3OCO4)CC2)CC1)N1CCOCC1,7.2
CN1CCC(C(=O)N[C@H]2CC[C@H](CCN3CCN(c4cccc5c4OCO5)CC3)CC2)CC1,7.2
CN1CCCc2ccccc2Cc2cc(O)ccc2CC1,7.2
c1ccc(CCN2CCC(c3cc(-c4cccs4)[nH]n3)CC2)cc1,7.19
CC(C)Oc1ccccc1N1CCN([C@H]2CC[C@H](NS(=O)(=O)c3cccc(F)c3)CC2)CC1,7.19
Cc1ccc(C)c(N2CCN(CCCCNC(=O)c3cc4ccccc4s3)CC2)c1,7.19
CO/N=C(\CCN1CCN(c2ccccn2)CC1)c1ccc(Cl)c(Cl)c1,7.19
COc1ccccc1N1CCN(Cc2cn(-c3ccccc3)nn2)CC1,7.19
CC(C)(C)c1nc(N2CCN(CCCCN3CCC(=O)CCC3=O)CC2)cc(C(F)(F)F)n1,7.19
O=C(NCCCCN1CCN(c2cccc(Cl)c2Cl)CC1)c1csc2ccccc12,7.19
Cc1ccc(OCCCNCCOc2ccccc2)cc1,7.19
CC(C)c1ccccc1N1CCN(CCCCCC(=O)N2Cc3ccccc3C2)CC1,7.19
COc1ccccc1N1CCN(Cc2cc(C#Cc3ccccc3)c3cccccc2-3)CC1,7.19
Cc1ccc(CN2CCN(C3=Nc4cc(Cl)ccc4Nc4ccccc43)CC2)c(C)c1,7.19
COc1ccccc1N1CCN(CCCN2CCc3ncsc3CC2)CC1,7.19
O=C(NC/C=C/CN1CCN(c2ccccc2OCCF)CC1)c1ccc(OCCOCCF)cc1.O=C(O)C(=O)O,7.19
C=CCN1CCC[C@H]1CNC(=O)c1cc(CCCSC2CC(=O)N(CCCCCC(=O)N[C@H](C(=O)N[C@@H](Cc3ccccc3)C(=O)N[C@@H](Cc3ccccc3)C(=O)N[C@@H](Cc3ccc(O)cc3)C(=O)NCC(=O)NCC(=O)N[C@@H](CO)C(=O)N[C@@H](CCCNC(=N)N)C(=O)NCC(=O)N[C@@H](CCCCNC(=O)CN3CCN(CC(=O)O)CCN(CC(=O)O)CCN(CC(=O)O)CC3)C(=O)N[C@@H](CCCNC(=N)N)C(=O)N[C@@H](CC(N)=O)C(=O)N[C@@H](CC(N)=O)C(=O)N[C@@H](Cc3ccccc3)C(=O)N[C@@H](CCCC[n+]3c(C)cc(/C=C/C=C/c4ccc(N(C)C)cc4)cc3C)C(=O)N[C@H](C(=O)N[C@@H](CCC(=O)O)C(=O)N[C@@H](CCC(=O)O)C(=O)N[C@@H](Cc3ccc(O)cc3)C(=O)O)[C@@H](C)O)[C@@H](C)O)C2=O)cc(OC)c1OC,7.19
CSc1ccccc1N1CCN(CCCCCC(=O)NCc2ccncc2)CC1,7.19
CCCN(CCc1ccccc1)CCc1cccc(O)c1,7.19
COc1cc(CCNCCc2ccc(O)c3[nH]c(=O)ccc23)ccc1OCCCc1ccccc1,7.19
COc1cc(CCNC[C@H](O)c2ccc(O)c3c2OCC(=O)N3)ccc1OCCCc1ccccc1,7.19
O=C(CCCCCN1CCN(c2ccccc2-c2ccccc2)CC1)NCc1ccc(OCCCN2CCOCC2)cc1,7.19
COc1ccccc1N1CCN(CCCc2cn(-c3ccccc3)nn2)CC1,7.19
O=S(=O)(NCCCCN1CCC(c2noc3cc(F)ccc23)CC1)c1ccc(OC(F)(F)F)cc1,7.19
Br.Clc1ccc(N2CCN(C[C@H]3C[C@@H]3c3ccccc3)CC2)c(Cl)c1,7.19
COc1ccccc1N1CCN(CCCCNC(=O)c2cnn3ccccc23)CC1,7.19
COc1ccccc1N1CCN(CCCCNC(=O)/C=C/c2ccc(Oc3ccccc3)cc2)CC1,7.19
Clc1ccc(N2CCN(C[C@@H]3C[C@H]3c3ccccc3)CC2)c(Cl)c1,7.19
Nc1nc2c(s1)C[C@H](CCCNCCCCCc1ccc(O)c(O)c1)CC2,7.18
c1ccc(CN2CCC(c3cc(-c4ccccc4)[nH]n3)CC2)cc1,7.18
Clc1cccc(N2CCN(CCCCOc3ccc4cn[nH]c4c3)CC2)c1Cl,7.18
COc1ccc2[nH]c(C(=O)NC/C=C/CN3CCN(c4ccccc4OCCF)CC3)cc2c1.O=C(O)C(=O)O,7.18
CC(C)CCC(=O)N[C@H]1CC[C@H](CCN2CCC(c3coc4ccccc34)CC2)CC1,7.18
NC(=O)c1ccn(-c2cccc(OC(=O)NCCCN3CCN(c4ccccc4)CC3)c2)c1,7.18
CCCCC(=O)N[C@H]1CC[C@H](CCN2CCC(c3coc4ccccc34)CC2)CC1,7.18
CCCN1CCC(CNC(=O)c2c(O)c(CC)cc(Cl)c2OC)C1,7.18
CCCN(CCCCc1cn(CCOCCOCCOCCOCCn2cc(CCCCN(CCC)C3Cc4ccccc4C3)nn2)nn1)C1Cc2ccccc2C1,7.18
O=S(=O)(N[C@H]1CC[C@@H](N2CCC(c3ccccc3OC3CC3)CC2)CC1)c1ccc2c(c1)OCO2,7.18
CCCN(Cc1ccccc1)[C@@H]1CCc2c(cccc2OC)C1,7.18
O=C(O)C(=O)O.Oc1ccc2c(c1)O[C@@H](CNCCN1CCN(c3ccc(I)cc3)CC1)CC2,7.18
Cc1ncoc1-c1nnc(SCCCN2CC[C@]3(C[C@H]3c3cc(Cl)cc(Cl)c3)C2)n1C,7.18
CC(C)(C)NC(=O)NCCCCN1CCN(c2cc(C(F)(F)F)nc(C(C)(C)C)n2)CC1,7.18
COC(CN1CCN(c2cccc3sccc23)CC1)c1cccc2c1OCC(=O)N2,7.18
CN(C)C[C@H]1CC2c3ccccc3Oc3ccc(Br)cc3[C@H]2O1,7.18
Cc1ncoc1-c1nnc(SCCCN2CC[C@]3(C[C@@H]3c3ccc(F)cc3F)C2)n1C,7.18
O=C(NCN1CCN(c2ccccc2Cl)CC1)c1ccc(Cl)cc1,7.18
CC(C)c1ccccc1OCCN1CCC(CNS(=O)(=O)c2cccc(Cl)c2)CC1,7.18
COc1ccccc1N1CCN(CCCNC(=O)c2ccc(COCCOCCOCCOCCOCCOCCOCCOCCOCc3ccc(C(=O)NCCCN4CCN(c5ccccc5OC)CC4)cc3)cc2)CC1,7.18
O=C(NC/C=C/CN1CCN(c2cccc(Cl)c2Cl)CC1)c1cnc2ccccc2n1,7.18
CO/N=C(/CCN1CCN(c2ccccn2)CC1)c1cccc(C)c1,7.17
COc1ccccc1N1CCN(CCCCNC(=O)c2ccc3ccccc3n2)CC1,7.17
CC(=O)N[C@H]1CC[C@H](CCN2CCN(c3cccc4c3OCO4)CC2)CC1,7.17
CCOCCn1cc(COc2ccc(CN3CCN(c4ccccc4OC)CC3)cc2OC)nn1,7.17
COc1ccccc1N1CCN(CCC(O)CNC(=O)c2ccc3c(c2)Cc2ccccc2-3)CC1,7.17
Br.Cc1cc(F)ccc1N1CCN(C[C@H]2C[C@@H]2c2ccccc2)CC1,7.17
COc1cc(CCNC[C@H](O)c2ccc(O)c(O)c2)ccc1OCCCc1ccccc1,7.17
O=C1CC2(CCCC2)CC(=O)N1CCCCNCC1COc2ccccc2C1,7.17
C[C@@H](O)[C@@H]1NC(=O)[C@H](CCCCN)NC(=O)[C@@H](Cc2c[nH]c3ccccc23)NC(=O)[C@H](Cc2ccncc2)NC(=O)[C@H](Cc2ccccc2)NC(=O)[C@H](CCCNC(=N)N)NC(=O)[C@H](NC[C@H](CCCCNC(=O)C[S+]([O-])C[C@@H]2C[C@@H]3c4cccc5[nH]cc(c45)C[C@H]3N(C)C2)NC(=O)C[S+]([O-])C[C@@H]2C[C@@H]3c4cccc5[nH]cc(c45)C[C@H]3N(C)C2)CCCCNC(=O)[C@H](Cc2ccccc2)NC1=O,7.17
Cn1c(=O)c2c(nc3n(CCCCN4CCN(c5ccc(Cl)cc5)CC4)c(=O)ccn23)n(C)c1=O,7.17
CO[C@H]1CC[C@H](CC(=O)N[C@H]2CC[C@H](CCN3CCC(c4coc5ccccc45)CC3)CC2)CC1,7.17
Cc1ncc(CC(=O)N[C@H]2CC[C@H](CCN3CCN(c4nocc4C(C)(F)F)C(C)C3)CC2)s1,7.17
COc1ccccc1N1CCN(CCCCNC(=O)c2ccc3cc(F)ccc3n2)CC1,7.17
CC(C)C(=O)NC1CCc2ccc(CCN3CCN(c4nsc5ccccc45)CC3)cc21,7.17
Fc1ccc(OC[C@H]2CC[C@H]3CN(c4ncc(F)cn4)CCN3C2)cc1,7.17
Clc1cccc(N2CCN(CCCCOc3ccc(-c4cn5ccccc5n4)cc3)CC2)c1Cl,7.17
O=C1CN2c3c(cccc3[C@@H]3CN(CCCOc4ccc(F)cc4O)CC[C@@H]32)N1,7.17
CCc1cc(Cl)c(OC)c(N2CCN(CC[C@H]3CC[C@H](NC(=O)OC(C)(C)C)CC3)CC2)c1,7.17
COc1cc(CCCCCNCCC[C@@H]2CCc3nc(N)sc3C2)ccc1O,7.17
COc1ccccc1N1CCN(CCCCNC(=O)c2cc3cc(C#N)ccc3s2)CC1,7.17
CCN(C)CCc1c(-c2cccc(F)c2)[nH]c2ccccc12,7.17
Clc1ccc2c(c1)C(N1CCNCC1)=Nc1ccccc1O2,7.17
O=S(=O)(c1ccccc1)n1ccc2c(N3CCN(CCCOc4ccc(F)cc4)CC3)cccc21,7.17
COc1ccccc1N1CCN(CCCNC(=O)NCc2ccccc2-c2cccc(F)c2)CC1,7.17
CC(=O)c1ccccc1N1CCN(CCCCCC(=O)NC2CCCc3ccccc32)CC1,7.17
CO/N=C(\CCN1CCN(c2ccccn2)CC1)c1cccc(C)c1,7.17
O=S(=O)(NC1CCN(CCOc2cccc(Cl)c2Cl)C1)c1ccc(Cl)s1,7.17
CCc1cccc(N2CCN(C[C@H](O)CCNC(=O)c3cc4ccccc4[nH]3)CC2)c1Cl,7.17
CCCN1CCC(c2cccc(O)c2)C1,7.17
CCCCN1C2CCC1CC(OC(c1ccc(F)cc1)c1ccc(F)cc1)C2,7.17
Nc1ccccc1C(=O)CCCN1CC[C@H]2[C@@H](C1)c1cccc3c1N2CCC3,7.17
CCC(F)(F)c1conc1C1CCN(CC[C@H]2CC[C@H](NC(=O)Cc3nnc(C)s3)CC2)CC1,7.17
Oc1ccc(N2CCN(CCCCOc3ccn4nccc4c3)CC2)c2c1OCCO2,7.17
CN(C)C[C@@H]1CC2c3ccccc3Oc3ccc(Cl)cc3[C@H]2O1,7.17
Cc1cccc(S(=O)(=O)NCCCN2CC=C(c3c(C)[nH]c4ccc(Cl)cc34)CC2)c1,7.17
COc1ccccc1N1CCN(Cc2cc(CO)c3cccccc2-3)CC1,7.17
COC1(c2ccc(Cl)cc2)CCN(Cc2c[nH]c3ccccc23)CC1,7.17
CCOc1cccc2cc(CNCC[C@H]3CC[C@H](NC(=O)N4CCCC4)CC3)oc12,7.17
Oc1nc2c3c(ccc2[nH]1)CC[C@@H](CNCc1ccccc1)O3,7.17
COc1ccccc1N1CCN(CCCCNC(=O)c2cccc(I)c2)CC1.O=C(O)C(=O)O,7.17
CC(C)Oc1ccccc1N1CCN([C@H]2CC[C@@H](NS(=O)(=O)c3ccc(F)cc3)CC2)CC1,7.16
O=C1Cc2c(CCN3CCN(c4cccc5sccc45)CC3)cccc2N1,7.16
O=C1CCc2ccc(OCCCCNCCc3cn(Cc4ccccc4)c4ccccc34)cc2N1,7.16
Fc1ccc(-c2cncc(CN3CCN(c4ccc(F)cc4)CC3)c2)cc1,7.16
CN1CCC(c2cn(-c3ccc(F)cc3)c3ccc(-c4nnn(C)n4)cc23)CC1,7.16
O=C(N[C@H]1CC[C@H](CCN2CCC(c3coc4ccccc34)CC2)CC1)c1ccc(F)cc1,7.16
Cl.O=C(CCCN1CCC2(CC1)OC=C(c1ccccc1)C2=O)c1ccc(F)cc1,7.16
CN(C)C(=O)N[C@H]1CC[C@H](CCN2CCC(c3cccc4c3CCO4)CC2)CC1,7.16
CCCN[C@@H]1CCc2cccc(CS(=O)(=O)C(F)(F)F)c2C1.Cl,7.16
COC(=O)N[C@H]1CC[C@H](CCN2CCN(c3cccc4c3OCO4)CC2)CC1,7.16
COc1ccccc1N1CCN(C/C=C/CNC(=O)c2ccc(-c3ccccn3)cc2)CC1,7.16
O=C(NCCCCN1CCN(c2ccccc2)CC1)c1n[nH]c2ccccc12,7.16
c1ccc(N2CCN(CCCOc3ccc(-c4nc5ccccc5[nH]4)cc3)CC2)nc1,7.16
CC(C)(C)c1ccc(S(=O)(=O)N[C@H]2CC[C@H](CCN3CCC(c4coc5ccccc45)CC3)CC2)cc1,7.16
CCCN(CCCCN1CCN(c2ccccc2OC)CC1)Cc1csc2ccccc12,7.16
CCCN1CCN(c2cccc(O)c2)CC1,7.16
CCOc1ccccc1N1CCN(CCC[C@H]2CC(c3ccc(OC)c(OC)c3)=NO2)CC1,7.16
CN1CCN(C2=Nc3cc(Cl)ccc3N(NC(=O)c3cc(F)ccc3C(F)(F)F)c3ccc(Cl)cc32)CC1,7.16
CCCN1CCC[C@@H](c2cccc(CC#N)c2)C1,7.16
CN1CCc2cc(Cl)c(O)cc2[C@H]2c3cccc(/C=N/OCc4ccccc4)c3CC[C@@H]21,7.16
COc1ccc(Cl)cc1S(=O)(=O)N[C@H]1CC[C@@H](N2CCC(c3ccccc3OCC(F)(F)F)CC2)CC1,7.16
O=C(N[C@H]1CCN(Cc2ccccc2)C1)c1cccc(-c2ccsc2)c1,7.16
C#CCOc1ccc(CN2CCN(c3ccccc3OC)CC2)cc1OC,7.16
COc1ccc2c(c1)C(C1=C[C@H](C)N(C)CC1)=Nc1cc(Cl)ccc1N2,7.16
COc1ccccc1N1CCN(CCCCn2cc(-c3ccc(-c4ccccc4)cc3)nn2)CC1,7.16
O=C(Cc1cccnc1)Nc1ccc(CCN2CCN(c3ccccc3)CC2)cc1,7.16
O=C(N[C@H]1CC[C@H](CCN2CCN(c3ccccn3)CC2)CC1)c1cccs1,7.15
CC1Cc2ccccc2N1C(=O)CC1CCN(Cc2ccc(F)cc2)CC1,7.15
O=C(Cc1ccccn1)Nc1ccc(CCN2CCN(c3ccccc3)CC2)cc1,7.15
COc1c(C(=O)NCCN2CCN(c3ccccc3)CC2)cc(C#N)c2ccccc12,7.15
COCCC(=O)N[C@H]1CC[C@H](CCN2CCC(c3coc4ccccc34)CC2)CC1,7.15
CCCN(CCN1CCN(c2ccccc2)CC1)C1CCc2cc(O)c(O)cc2C1,7.15
CC(C)Oc1ccccc1N1CCN([C@H]2CC[C@H](NS(=O)(=O)Cc3ccccc3)CC2)CC1,7.15
Clc1ccc(N2CCN(Cc3c[nH]c4ccccc34)CC2)cc1,7.15
OC1(c2ccc(Cl)cc2)CCN(CCC#Cc2ccc(F)cc2)CC1,7.15
CO[C@@]1(C)c2cccc3c2-c2c1ccc1c2[C@@H](C3)N(C)CC1,7.15
CCO[C@]1(CC)c2cccc3c2-c2c1ccc1c2[C@@H](C3)N(C)CC1,7.15
Cc1cc2c(n1C)CCCN(CCN1CCN(c3nsc4ccccc34)CC1)C2=O,7.15
Cc1ncoc1-c1nnc(SCCCN2CC[C@]3(CC3c3ccc(C(F)(F)F)cc3F)C2)n1C,7.15
O=C(NC/C=C/CN1CCN(c2ccccc2OCCF)CC1)c1ccc(-c2ccsc2)cc1.O=C(O)C(=O)O,7.15
COc1ccccc1N1CCN(CCNC(=O)NN(Cc2ccccc2)c2ccc(F)cc2)CC1,7.15
O=S(=O)(N[C@H]1CC[C@H](N2CCC(c3ccccc3OC3CC3)CC2)CC1)c1ccc2c(c1)OCO2,7.15
CN1CN(c2ccccc2)C2(CCN(Cc3csc4ccccc34)CC2)C1=O.O=C(O)C(=O)O,7.15
O=c1c2ccccc2ncn1CCCCN1CCN(c2cccc(C(F)(F)F)c2)CC1,7.14
CC1Cc2cccc(CCN3CCN(c4nsc5ccccc45)CC3)c2NC1=O,7.14
CCCN1CCc2cccc3c2[C@H]1Cc1cccc(OC(C)=O)c1-3,7.14
COc1ccccc1N1CCN(CCCNC(=O)NN(Cc2ccccc2)c2ccccc2)CC1,7.14
COc1ccccc1N1CCN(CCCCNS(=O)(=O)c2ccc(F)cc2)CC1,7.14
O=C(N[C@H]1CC[C@H](CCN2CCC(c3coc4ccccc34)CC2)CC1)C1CCC(C(F)(F)F)CC1,7.14
CCCN(CCCCc1cn(CCOCCOCCOCCn2cc(CCCCN(CCC)C3Cc4ccccc4C3)nn2)nn1)C1Cc2ccccc2C1,7.14
O=S(=O)(N[C@H]1CC[C@H](CCN2CCN(c3cccc4c3OCO4)CC2)CC1)c1ccccc1,7.14
Br.Cc1ccc(N2CCN(C[C@@H]3C[C@H]3c3ccccc3)CC2)c(C)c1,7.14
COc1ccccc1N1CCN(CCCCNC(=O)c2sc3ccccc3c2Cl)CC1,7.14
CN(C)Cc1c(C(=O)NCCCCN2CCN(c3cc(C(F)(F)F)nc(C(C)(C)C)n3)CC2)nc2ccccn12,7.14
O=C(CCCN1CCC(O)(c2ccc(Cl)cc2)CC1)c1ccc(OCCSSCCO)cc1.O=CO,7.14
O=C(N[C@H]1CC[C@H](CCN2CCC(c3cccc4c3CCO4)CC2)CC1)c1ccc(Cl)cc1,7.14
COc1ccccc1N1CCN(Cc2cn3cc(I)ccc3n2)CC1,7.14
O=S(=O)(NC1CCN(CCOc2cccc3c2CCCC3)C1)c1cccs1,7.14
O=S(=O)(NC1CCN(CCOc2cccc3c2CCCC3)C1)c1ccc(F)cc1,7.14
C1=C(c2c[nH]c3ccccc23)CCN(Cc2cccs2)C1,7.14
CCCN(CCNC(=O)/N=N/c1cc(F)c(F)c(F)c1)C1Cc2ccccc2C1,7.14
O[C@@H](CCCN1CCC(O)(c2ccc(Cl)cc2)CC1)c1ccc(F)cc1,7.14
COc1c(Cl)cccc1N1CCN(CCCCNC(=O)c2cc3ccccc3o2)CC1,7.14
CC(=O)Nc1cc(OCCCCN2CCN(c3cccc(Cl)c3Cl)CC2)ccc1C,7.14
O=C1CCc2ccc(OCCCCN3CC=C(c4cn(Cc5ccccc5)c5ccccc45)CC3)cc2N1,7.14
Cc1c(-c2cccc(Cl)c2)nc(O)n1C1CCN(Cc2ccccc2)CC1,7.14
COC(=O)c1ccc(CSc2nc3ccccc3n2Cc2ccc(Cl)cc2)cc1,7.14
O=S(=O)(Oc1cccc([C@@H]2CCCN(CCc3ccccc3)C2)c1)C(F)(F)F,7.14
CC(C)N(CCN1CCC(c2noc3cc(F)ccc23)CC1)C(=O)[C@@H](C)O,7.13
O=C(NC/C=C/CN1CCN(c2cccc(Cl)c2Cl)CC1)c1ccc(-c2ccccn2)cc1,7.13
CCCN1CCO[C@@H]2c3cc(O)ccc3SC[C@@H]21,7.13
COCCOCCOc1ccc(NC(=O)NCCCN2CCN(c3ccccc3OC)CC2)c(-c2ccccc2)c1,7.13
CN1CCc2cc(O)ccc2Cc2[nH]c3ccccc3c2CC1,7.13
O=S(=O)(CC(F)(F)F)N[C@H]1CC[C@H](CCN2CCN(c3cccc4c3OCO4)CC2)CC1,7.13
CC(C)Oc1ccccc1N1CCN([C@H]2CC[C@@H](NS(=O)(=O)c3cccc(F)c3)CC2)CC1,7.13
CC(C)=CC(=O)N[C@H]1CC[C@H](CCN2CCC(c3cccc4c3CCO4)CC2)CC1,7.13
CCc1cc(Cl)c(OC)c(C(=O)NC[C@@H]2CCCN2CCc2c(C)nc3n(c2=O)CCCC3)c1O,7.13
Cc1ncoc1-c1nnc(SCCCN2CC[C@@]3(C[C@H]3c3ccc(C(F)(F)F)cc3)C2)n1C,7.13
COc1ccccc1N1CCN(CCCc2cn(-c3ccc(F)cc3)nn2)CC1,7.13
CCC(=O)N[C@H]1CC[C@H](CCN2CCN(c3cccc4c3OCO4)CC2)CC1,7.13
COc1ccc(C(=O)NCc2ccccc2CN2CCc3cc(OC)c(O)cc3C2)cc1,7.13
O=C(O)C(=O)O.Oc1ccc2c(c1)O[C@H](CN1CCc3ccccc3C1)CC2,7.13
O=C(N[C@H]1CC[C@H](CCN2CCC(c3cccc4c3CCO4)CC2)CC1)c1ccc(F)cc1,7.13
CC(C)[C@H](O)C(=O)N[C@H]1CC[C@H](CCN2CCN(c3cccc4c3OCO4)CC2)CC1,7.13
Cc1nc2n(c(=O)c1CCN1CCC(c3cccc4sccc34)CC1)CCCC2O,7.12
Oc1cccc(OCCNCc2ccccc2)c1,7.12
COc1ccccc1N1CCN(CCCCNC(=O)/C=C/c2ccc(I)cc2)CC1,7.12
COc1ccccc1N1CCN(CCCCNC(=O)c2ccc(-c3ccccc3)cc2)CC1.O=C(O)C(=O)O,7.12
Cc1cncc2c1CCN(CCN1CCC(c3noc4ccccc34)CC1)C2=O,7.12
CCOc1ccccc1C(=O)NC1CCN(CCOc2cccc(F)c2)CC1,7.12
Cn1ccc2c1CCCN(CCN1CCN(c3nsc4ccccc34)CC1)C2=O,7.12
CN(C)Cc1ccc(CNC(=O)CCCCCN2CCN(c3ccccc3-c3ccccc3)CC2)cc1,7.12
CC(C)(O)CC(=O)N[C@H]1CC[C@H](CCN2CCN(c3cccc4c3OCO4)CC2)CC1,7.12
C=CCN1CC[C@H]2c3cccc(O)c3CC[C@H]21,7.12
Cl.O=C1c2cccc3cccc(c23)N1CCCCCCN1CCN(c2cccc(Cl)c2)CC1,7.12
CO/N=C(\CCN1CCN(c2ccccn2)CC1C)c1ccc(Cl)cc1,7.12
C#Cc1cc(CN2CCN(c3ccccc3OC)CC2)c2cccccc1-2,7.12
O=C(NCCCCN1CCN(c2cccc(F)c2)CC1)c1n[nH]c2ccccc12,7.12
O=C(NC/C=C/CN1CCN(c2cccc(Cl)c2Cl)CC1)c1cc2ccccc2o1,7.12
COc1cc2c(cc1O)CN(Cc1ccccc1CNC(=O)c1ccc(Br)cc1)CC2,7.12
Nc1nc2cc3c(cc2s1)CCN(Cc1ccc(F)cc1)CC3,7.12
c1ccc(N2CCN(Cc3cnn(-c4ccccc4)c3)CC2)cc1,7.12
O=C(NCCCCN1CCN(c2ccccc2F)CC1)c1cc2ccccc2o1,7.12
CCCN1CC[C@@H]2Cc3c(cccc3OC)C[C@H]21,7.12
N#CCC(=O)N[C@H]1CC[C@H](CCN2CCN(c3cccc4c3OCO4)CC2)CC1,7.12
CS(=O)(=O)Nc1cc(OCCNCc2ccccc2)ccc1Cl,7.12
C[C@@H](O)[C@@H]1NC(=O)[C@H](CCCCN)NC(=O)[C@@H](Cc2c[nH]c3ccccc23)NC(=O)[C@H](Cc2ccccc2)NC(=O)[C@H](Cc2ccccc2)NC(=O)[C@H](CCCNC(=N)N)NC(=O)[C@H](NCC[S+]([O-])C[C@@H]2C[C@@H]3c4cccc5[nH]cc(c45)C[C@H]3N(C)C2)CCCCNC(=O)[C@H](Cc2ccc(F)cc2)NC1=O,7.12
CN1CCC(c2cn(-c3ccc(F)cc3)c3ccc(-c4cccnc4)cc23)CC1,7.12
COc1ccccc1N1CCN(CCCNC(=O)NCc2ccccc2-c2ccc(F)cc2)CC1,7.12
CC(C)Oc1ccccc1N1CCN([C@H]2CC[C@H](NS(=O)(=O)c3ccc(Cl)cc3Cl)CC2)CC1,7.12
CCN(CCN1CCC(c2noc3cc(F)ccc23)CC1)C(=O)C1CC(O)C1,7.12
NC(=O)c1ccccc1OCCCN1CCN(c2cccc3c2ccn3Cc2cccc(Cl)c2)CC1,7.12
O=S(=O)(c1cccc2ncccc12)N1CCC(CCN2CCN(c3cccc(Cl)c3)CC2)CC1,7.12
O=S(=O)(NCCCCN1CCN(c2noc3ccccc23)CC1)c1ccc(F)c(Cl)c1,7.11
CCCN(CCCCNC(=O)c1ccc(-c2ccccc2)cc1)C1CCn2nccc2C1,7.11
CN1CCc2ccc(Cc3ccccc3)c3c2[C@H]1Cc1ccc(O)c(O)c1-3.Cl,7.11
O=S(=O)(N[C@H]1CC[C@@H](N2CCC(c3ccccc3OCC(F)(F)F)CC2)CC1)c1cc(Cl)ccc1F,7.11
Br.CN1CCc2c(cc(O)c(O)c2Cl)C(c2ccccc2)C1,7.11
[O-][S+](CCN1CCN(CC(O)Cc2ccccc2)CC1)C(c1ccc(F)cc1)c1ccc(F)cc1,7.11
CCCCC1CCN(CCCC(=O)c2ccccc2C)CC1,7.11
COc1ccccc1N1CCN(CCCNC(=O)Nc2ccccc2-c2ccc(C(C)(C)C)cc2)CC1,7.11
CCN(CCCN1CCN(c2noc3cc(F)ccc23)CC1)S(=O)(=O)C(C)CO,7.11
COc1ccccc1N1CCN(CCCOc2ccc(-c3cn4ccc(C)cc4n3)cc2)CC1,7.11
COc1ccccc1C(=O)CCCCCN1CCN(c2noc3ccccc23)CC1,7.11
O=S(=O)(NC1CCN(CCOc2cc(Cl)ccc2Cl)C1)c1ccc(Cl)s1,7.11
C#Cc1cccc(C(=O)NCCCCN2CCN(c3ccccc3OC)CC2)c1,7.11
COc1ccc(-c2ccccc2)c(CNC(=O)NCCCN2CCN(c3ccccc3OC)CC2)c1,7.11
COc1cccc(C(=O)NCCCCN2CCN(c3cccc(C)c3C)CC2)c1,7.11
O=C(CC1CCOCC1)N[C@H]1CC[C@H](CCN2CCC(c3coc4ccccc34)CC2)CC1,7.11
COc1ccc(Cl)cc1S(=O)(=O)N[C@H]1CC[C@H](N2CCN(c3ccccc3OC(C)C)CC2)CC1,7.11
C=CCN1CCC2c3c(cccc3OC)CC[C@@H]21,7.11
NC(=O)c1ccccc1OCCCCN1CCN(c2cccc3c2ccn3S(=O)(=O)c2ccccc2)CC1,7.11
CN1CCN(C2=Nc3cc(Cl)ccc3N(NC(=O)c3sccc3-c3ccccc3)c3ccccc32)CC1,7.11
COc1cc2c(cc1O)CN(Cc1ccccc1CNC(=O)c1ccccc1OC)CC2,7.11
CCN(C)CCc1c(-c2cccs2)[nH]c2ccccc12,7.11
COc1ccccc1N1CCN(CCCOc2ccc(-c3cn4cc(C)ccc4n3)cc2)CC1,7.11
C=CCN1CCC2c3cccc(OC)c3CC[C@H]21,7.11
O=C(O)C(=O)O.Oc1cc2c(cc1Cl)CC[C@@H](CNCc1ccccc1)O2,7.11
CCN1CCc2ccccc2Cc2ccc(O)cc2CC1,7.11
CO[C@H]1CC[C@H](C(=O)NCCN2CCC(c3cccc(C(F)(F)F)n3)CC2)CC1,7.11
O=c1[nH]c2c(O)ccc([C@@H](O)CNCCCc3cccc(CNCCc4c(Cl)cccc4Cl)c3)c2s1,7.1
c1ccc(CNCCOc2cccc3[nH]ncc23)cc1,7.1
COCC(=O)N[C@H]1CC[C@H](CCN2CCC(c3coc4ccccc34)CC2)CC1,7.1
CC(F)(F)COc1nc2c(s1)CCN(CC[C@H]1CC[C@H](NS(=O)(=O)c3cccc(F)c3)CC1)C2,7.1
COc1ccc(C2=NO[C@H](CCCN3CCN(C(c4ccc(F)cc4)c4ccc(F)cc4)CC3)C2)cc1OC,7.1
CC(C)Oc1ccccc1N1CCN([C@H]2CC[C@H](NS(=O)(=O)c3cnc(Cl)c(Br)c3)CC2)CC1,7.1
CCN(CCN1CCC(c2c[nH]c3cc(F)ccc23)CC1)C(=O)CCO,7.1
CCc1cccc2c1-c1cccc3c1[C@@H](C2)N(C)CC3,7.1
CCN(CCN1CCC(c2noc3cc(F)ccc23)CC1)C(=O)C(F)(F)CO,7.1
CCc1cccc(N2CCN(C[C@H](F)CCNC(=O)c3cc4ccccc4[nH]3)CC2)c1Cl,7.1
COc1ccccc1N1CCN(Cc2cn3nc(Cl)ccc3n2)CC1,7.1
CCS(=O)(=O)c1ccc(OC)c(-c2ccc(C(C)N3CCCCCC3)[nH]2)c1,7.1
COC[C@@H]1CCCN1N1CCN(c2cccc(Cl)c2)C1=O,7.1
CS(=O)(=O)c1ccc(C(=O)N[C@H]2CC[C@H](CCN3CCC(c4coc5ccccc45)CC3)CC2)cc1,7.1
C[C@@H](O)[C@@H]1NC(=O)[C@H](CCCCN)NC(=O)[C@@H](Cc2c[nH]c3ccccc23)NC(=O)[C@H](Cc2ccncc2)NC(=O)[C@H](Cc2ccccc2)NC(=O)[C@H](CCCNC(=N)N)NC(=O)[C@H](NCC[S@+]([O-])C[C@@H]2C[C@@H]3c4cccc5[nH]cc(c45)C[C@H]3N(C)C2)CCCCNC(=O)[C@H](Cc2ccc(O)cc2)NC1=O,7.1
Cc1ccc2c(N3CCN(CCc4cccc(NC(=O)Nc5ccccc5)c4)CC3)cccc2n1,7.1
CS(=O)(=O)Oc1ccc2c(c1)CCN(CC[C@H]1CC[C@H](NC(=O)/C=C/c3ccccc3F)CC1)CC2.Cl,7.1
CC(C)Oc1ccccc1C1CCN([C@H]2CC[C@@H](NS(=O)(=O)c3ccc(F)c(F)c3)CC2)CC1,7.1
CC(=O)Nc1ccc(OCCCN2CCN(c3nsc4ccccc34)CC2)cc1,7.1
CNc1cc(OC)c(C(=O)NC[C@H]2CN(Cc3ccccc3)C[C@H]2C)cc1Cl,7.1
Nc1nc2cc3c(cc2s1)CCN(Cc1ccccc1)CC3,7.1
CC(C)Oc1ccccc1C1CCN([C@H]2CC[C@H](NS(=O)(=O)c3ccc(F)c(F)c3)CC2)CC1,7.1
CN1CCc2cccc3c2[C@H]1Cc1ccc(OCCCNC(=O)CCCCCCCCC(=O)NCCCOc2ccc4c(c2O)-c2cccc5c2[C@@H](C4)N(C)CC5)c(O)c1-3,7.1
CN(C)c1ccc(Cc2ccc3c4c2-c2c(ccc(O)c2O)C[C@H]4N(C)CC3)cc1.Cl.Cl,7.1
CCN(CCN1CCC(c2noc3cc(F)ccc23)CC1)C(=O)C(C)(C)CO,7.1
O=C1CC(c2c[nH]c3ccccc23)C(=O)N1CCN1CCC(c2c[nH]c3ccc(F)cc23)CC1,7.1
CO[C@H]1CC[C@H](C(=O)NCCN2CCC(c3cccc(C)n3)CC2)CC1,7.1
CC(C)c1ccccc1OCCN1CCC(NC(=O)c2ccc3ccccc3n2)C1,7.1
O=C1COc2c(F)cc(CCN3CCN(c4cccc5sccc45)CC3)cc2N1,7.1
CS(=O)(=O)Oc1ccc2c(c1)CCN(CC[C@H]1CC[C@H](NC(=O)/C=C/c3cccc(F)c3)CC1)CC2.Cl,7.1
CCN(Cc1cccc(OC)c1)Cc1ccc(-c2cc(S(=O)(=O)CC)ccc2OC)[nH]1,7.1
COCC(C)(C)C(=O)NCCN1CCC(c2cccc(C)n2)CC1,7.1
Clc1ccc2c(c1)N=C(N1CCN(Cc3cccc4c3OCO4)CC1)c1ccccc1N2,7.1
COc1ccccc1N1CCN(CCCn2cc(CCCCN3CCc4cc(O)c(O)cc4C(c4cccc(C)c4)C3)nn2)CC1,7.1
N#Cc1ccc2c(c1)C1CN(Cc3ccc(F)cc3)CC1CO2,7.1
CN1CCc2cc(Cl)c(O)cc2[C@H]2c3cccc(-c4ccccc4)c3CC[C@@H]21,7.1
N#Cc1ccc2c(c1)C1CN(CCCCNC(=O)c3ccc(-c4ccccc4)cc3)CC1CO2,7.1
CS(=O)(=O)c1ccc2c(c1)CCN(CC[C@H]1CC[C@H](NC(=O)/C=C/c3ccc(F)cc3)CC1)CC2.Cl,7.1
CCCN(CCc1ccc(NC(=O)CCc2cn(CCCCCCCCCCN(C)CCCCCNC(=O)COc3cncc(C#Cc4csc(C)n4)c3)nn2)cc1)C1CCc2c(O)cccc2C1,7.1
COc1ccc2c(c1OC)CN1CCc3cc4c(cc3[C@@H]1C2)OCO4,7.1
N#Cc1ccc2[nH]cc(CCCCN3CCN(c4cccc5sccc45)CC3)c2c1,7.1
COc1ccccc1N1CCN(CCCc2cn(-c3cccc4cnccc34)nn2)CC1,7.1
O=C1N(CCN2CCCC(OCc3ccccc3)C2)CCN1c1cccc(Cl)c1,7.1
COc1cc2c(cc1O)[C@@H]1Cc3sc(CCC(C)C)cc3CN1CC2,7.1
COc1ccccc1N1CCN(CCCc2cn(-c3ccn4nccc4c3)nn2)CC1,7.09
CN1CCC(C2=Cc3ccccc3Oc3ccccc32)CC1.Cl,7.09
COc1ccccc1N1CCN(CCCCNC(=O)C2CC2c2ccccc2)CC1.O=C(O)C(=O)O,7.09
Fc1ccc(C(O[C@H]2C[C@H]3CC[C@@H](C2)N3CCCCc2ccccc2)c2ccc(F)cc2)cc1,7.09
Fc1cccc(-c2cccc(CN3CCN(c4ncccn4)CC3)c2)c1,7.09
C[C@H]1CO[C@@H](c2ccc(N)nc2)CN1CC[C@@H]1CC[C@H](CNC(=O)c2cc3ccccc3[nH]2)C1,7.09
O=C(c1ccccn1)N1CCN(CCCN2CCN(c3cccc(Cl)c3Cl)CC2)CC1,7.09
N#Cc1cccnc1N1CCN(CCCOc2ccc3c(c2)NC(=O)CC3)CC1,7.09
COc1ccccc1N1CCN(CCCN2C(=O)CCc3ccccc32)CC1.O=C(O)C(=O)O,7.09
O=C1CCc2cc(Cl)c(CCN3CCN(c4cccc5sccc45)CC3)cc2N1,7.09
Clc1ccc2[nH]ccc2c1N1CCN(Cc2ccccc2)CC1,7.09
Clc1cccc(N2CCN(CCCCc3cn(-c4ccc5ccccc5c4)nn3)CC2)c1Cl,7.09
C#Cc1cc(C(=O)N[C@@H]2CCN(Cc3ccccc3)C2)c(OC)c2ccccc12,7.09
O=C(N[C@H]1CC[C@H](CCN2CCN(c3cccc4c3OCO4)CC2)CC1)C1CC(Cl)C1,7.09
COc1ccc(Cl)cc1S(=O)(=O)N[C@H]1CC[C@H](N2CCC(c3ccccc3OCC(F)(F)F)CC2)CC1,7.09
COc1ccccc1N1CCN(CCCCNC2=CC=CC3=[N+]4[N+](=Cc5c(C)cc(C)n5[B-]4(F)F)[B-](F)(F)N23)CC1,7.09
Oc1nc(-c2ccccc2)cn1C1CCN(Cc2ccccc2)CC1,7.09
CC1CC(=O)N(C)c2c(CCN3CCN(c4nsc5ccccc45)CC3)cccc21,7.09
Cn1c(SCCCN2CC[C@]3(CC3c3ccc(C(F)(F)F)cc3F)C2)nnc1-c1ccncn1,7.09
CC1(C(=O)N[C@H]2CC[C@H](CCN3CCN(c4cccc5c4OCO5)CC3)CC2)COC1,7.09
CC(C)(C)c1nc(N2CCN(CCCCn3ccc(N4CCC4)nc3=O)CC2)cc(C(F)(F)F)n1,7.09
O=C(N[C@H]1CC[C@H](CCN2CCC(c3coc4ccccc34)CC2)CC1)C1CCCO1,7.09
O=C1c2cccc3cccc(c23)N1CCCCCCN1CCN(c2cccc3cccnc23)CC1,7.09
c1ccc(CNCCOc2cccc3[nH]ccc23)cc1,7.09
COc1ccc(OC)c(S(=O)(=O)N[C@H]2CC[C@@H](N3CCN(c4ccccc4OC(C)C)CC3)CC2)c1,7.09
Fc1ccc2cccc(N3CCN(CCCCOc4ccc5c(c4)CNC5)CC3)c2c1,7.09
O=C(N[C@H]1CC[C@H](CCN2CCN(c3ccc(Cl)cc3)CC2)CC1)C1CCCCC1,7.09
CCN1CCN(c2cccc3c2CCN3S(=O)(=O)c2ccccc2)CC1,7.08
O=C1CN2c3c(cccc3[C@@H]3CN(CCCc4noc5cc(F)ccc45)CC[C@@H]32)N1,7.08
O=C(NCC(O)CCN1CCN(c2cccc(Cl)c2Cl)CC1)c1ccc2c(c1)Cc1ccccc1-2,7.08
Cc1cc(CC(=O)N[C@H]2CC[C@H](CCN3CCC(c4coc5ccccc45)CC3)CC2)on1,7.08
CN1CCc2ccc3c4c2[C@H]1Cc1cccc(c1-4)C3,7.08
CCOCCOCc1ccc(C(=O)NCCCCN2CCN(c3ccccc3OC)CC2)cc1,7.08
O=S(=O)(NC1CCN(CCOc2ccccc2)CC1)c1cccs1,7.08
O=C(CCCN1CCC(O)(c2ccc(Cl)cc2)CC1)c1ccc(F)cc1F,7.08
O=C(Cc1cccnc1)Nc1cccc(CCN2CCN(c3ccccc3)CC2)c1,7.08
CCCC(=O)N[C@H]1CC[C@H](CCN2CCc3ccc(Cl)cc3[C@@H](C)C2)CC1,7.08
C[C@@H](O)[C@@H]1NC(=O)[C@H](CCCCN)NC(=O)[C@@H](Cc2c[nH]c3ccccc23)NC(=O)[C@H](Cc2ccccc2)NC(=O)[C@H](Cc2ccccc2)NC(=O)[C@H](CCCNC(=N)N)NC(=O)[C@H](NC[C@H](CCCCNC(=O)CSC[C@@H]2C[C@@H]3c4cccc5[nH]cc(c45)C[C@H]3N(C)C2)NC(=O)CSC[C@@H]2C[C@@H]3c4cccc5[nH]cc(c45)C[C@H]3N(C)C2)CCCCNC(=O)[C@H](Cc2ccc(F)cc2)NC1=O,7.08
CCCN[C@@H]1CCc2c(cccc2OC)C1,7.08
CC(C)(C)c1nc(N2CCN(CCCCN3C(=O)CCSc4ccccc43)CC2)cc(C(F)(F)F)n1,7.08
COc1ccccc1N1CCN(CCCCc2cn(-c3ccc4cnccc4c3)nn2)CC1,7.08
CC(=O)NC1(c2ccc(Cl)cc2)CCN(Cc2c[nH]c3ccccc23)CC1,7.08
CN1CCc2ccccc2Cc2c(O)cccc2CC1,7.08
Cc1ccn2cc(-c3ccc(OCCCN4CCN(c5cccc(Cl)c5Cl)CC4)cc3)nc2c1,7.08
CC(C)Oc1ccccc1N1CCN(C2CCC(NC(=O)Nc3cccc(Cl)c3)CC2)CC1,7.08
COc1cc2c(cc1O)CN(Cc1ccccc1CNC(=O)c1ccc(I)cc1)CC2,7.08
C=CCN1CC=C(C2=Cc3ccccc3Cc3ccccc32)CC1.Cl,7.08
COc1ccccc1N1CCN(CCCCNC(=O)c2cc3c4ccc(c3o2)CCc2ccc(cc2)CC4)CC1,7.08
O=C(NCCCCN1CCN(c2cc3ccc2CCc2ccc(cc2)CC3)CC1)c1cc2ccccc2s1,7.08
C#Cc1cccc(C(=O)NCCN2CCN(c3cccc(Cl)c3Cl)CC2)c1,7.08
COc1ccc(S(=O)(=O)N[C@H]2CC[C@H](N3CCC(c4ccccc4OCC(F)(F)F)CC3)CC2)cc1OC,7.08
CN1CCN(c2cc(-c3ccsc3)cc(CC3CCCCC3)n2)CC1,7.08
O=C(N[C@H]1CC[C@H](CCN2CCN(c3cccc4c3OCO4)CC2)CC1)c1ccc(F)cc1,7.08
CCC(=O)NCCCCN1CCN(c2ccccc2OC)CC1,7.08
Cc1c(-c2ccccc2)nc(O)n1C1CCN(CC2CCCCC2)CC1,7.08
N#Cc1ccc(C(=O)NCc2ccccc2CN2CCc3cc(O)c(O)cc3C2)cc1,7.08
CCCN(CCC)C1CCc2cccc(O)c2C1,7.08
COc1ccccc1N1CCN(CCCCNC(=O)c2ccc3ccnn3c2)CC1,7.08
COc1ccccc1N1CCN(CCCCNC(=O)c2cc3ccccc3o2)CC1,7.08
O=c1ccc2ccc(CCN3CCN(c4cccc5c4CCS5)CC3)cc2[nH]1,7.07
S=c1n(CCCCCCN2CCN(c3cccc(Cl)c3)CC2)c2cccc3c2n1CCC3,7.07
C[C@H]1Cc2c([nH]c3ccccc23)Cc2ccccc2CCN1C,7.07
O=C(N[C@H]1CC[C@H](CCN2CCN(c3cccc4c3OCO4)CC2)CC1)C1(O)CCC1,7.07
COC(=O)c1coc2c1C(=O)CC(CN1CCC(c3noc4cc(F)ccc34)CC1)C2,7.07
Cc1ccc(C)c(C(=O)NCCCCN2CCN(c3cc(C)ccc3C)CC2)c1,7.07
COc1ccccc1N1CCN(CCCCN2CCc3ncsc3CC2)CC1,7.07
Cc1ccc2c(c1)c1c(n2CCc2ccccc2)CCN(C)C1,7.07
COCCC(=O)N1CCC(CCN2CCN(c3cccc(Cl)c3Cl)CC2)CC1,7.07
O=C(N[C@H]1CC[C@H](CCN2CCC(c3cccc4c3CCO4)CC2)CC1)c1ccc(-n2cccc2)cc1,7.07
COc1cccc2c3c(oc12)CN(CCCCOc1ccc2ccc(=O)[nH]c2c1)CC3,7.07
CN1Cc2c(C(=O)N[C@H]3CC[C@H](CCN4C[C@@H]5C[C@]5(c5cc(C(C)(F)F)on5)C4)CC3)cccc2C1=O,7.07
CC(C)Oc1ccccc1N1CCN([C@H]2CC[C@H](NS(=O)(=O)c3ccccc3[N+](=O)[O-])CC2)CC1,7.07
O=C(CC1COCCO1)N[C@H]1CC[C@H](CCN2CCC(c3coc4ccccc34)CC2)CC1,7.07
CCCN(CCN1CCN(c2ccc(O)c3ncccc23)CC1)C1CCc2ccc(O)cc2C1,7.07
CNc1cc(OC)c(C(=O)NC[C@H]2CCN(Cc3ccccc3)C2)cc1Cl,7.07
CCN(C)CCc1c(-c2ccccc2)[nH]c2ccccc12,7.07
O=S(=O)(N[C@H]1CC[C@@H](N2CCC(c3ccccc3OCC(F)(F)F)CC2)CC1)c1cccc(OC(F)F)c1,7.07
O=C(Nc1ccccc1)NC1CCN(Cc2ccccc2)CC1,7.07
Cc1cccc(N2CCN(CCCCNC(=O)c3cc4ccccc4o3)CC2)c1C,7.07
COc1ccccc1N1CCN(CCNC(=O)c2cnn3ccccc23)CC1,7.07
Cl.Clc1cccc(Nc2nc(Cc3ccccc3)nc3c2CCNCC3)c1,7.07
CC(C)CS(=O)(=O)n1ccc2c(-c3ccc(OCc4ccccc4)cc3)cc(N3CCN(C)CC3)nc21,7.07
COc1ccc(Br)cc1-c1nc(CN2CCN(Cc3ccccc3)CC2)cs1,7.07
O=S(=O)(NC1CCN(CCOc2ccccc2-c2ccccc2)CC1)c1cccc(Cl)c1,7.07
c1ccc(CNCCOc2cccc3[nH]cnc23)cc1,7.07
O=C1c2ncccc2CCN1CCN1CCC(c2noc3cc(F)ccc23)CC1,7.06
C[C@H]1CO[C@@H](c2ccc(N)nc2)CN1CCC1CCC(CNC(=O)c2cc3ccccc3[nH]2)C1,7.06
COC1(C(=O)N[C@H]2CC[C@H](CCN3CCN(c4cccc5c4OCO5)CC3)CC2)CC1,7.06
CN1CCc2cc(-c3ccccc3)cc3c2[C@H]1Cc1ccc(O)c(O)c1-3,7.06
Cn1c(SCCCN2CC[C@]3(CC3c3ccc(C(F)(F)F)cc3F)C2)nnc1-c1cnccn1,7.06
COc1ccc(S(=O)(=O)N[C@H]2CC[C@H](N3CCC(c4ccccc4OCC(F)F)CC3)CC2)cc1OC,7.06
C[C@H]1CO[C@@H](c2ccc(N)nc2)CN1C[C@H]1C[C@@H]1CCNC(=O)c1cc2ccccc2[nH]1,7.06
CCCN(CCC)[C@@H]1CCc2ccccc2[C@@H]1C,7.06
Nc1ccc2c(c1)C(O)C(CCN1CCC(c3noc4cc(F)ccc34)CC1)CC2,7.06
COc1ccc2c(c1)CCN(C)CCCc1ccccc1C2,7.06
C[C@H]1CO[C@@H](c2ccc(N)nc2)CN1CC[C@H]1CC[C@H](NC(=O)c2cc3ccccc3[nH]2)CC1,7.06
CCCN1CCc2cccc3c2C1Cc1cccc(OCCCCN2CCN(c4ccccc4OC)CC2)c1-3,7.06
CN1CCc2ccccc2Cc2cc(Cl)c(O)c(Cl)c2CC1,7.06
Cc1ncc(CC(=O)N[C@H]2CC[C@H](CCN3CCN(c4nocc4C(C)(F)F)CC3)CC2)s1,7.06
COc1ccccc1N1CCN(CCCCNC(=O)c2ccc3c(c2)OCO3)CC1,7.06
O=C1CC(c2ccc(F)cc2)Oc2cc(OCCCCN3CCC(c4noc5cc(F)ccc45)CC3)cc(O)c21,7.06
Cl.Nc1ncc(-c2cn(S(=O)(=O)c3ccccc3)c3ccccc23)[nH]1,7.06
COc1ccc(CN2CC=C(c3c[nH]c4ccccc34)CC2)cc1,7.06
COc1ccccc1N1CCN(Cc2cn3cc(C)cc(I)c3n2)CC1,7.06
COc1cccc(-c2ccccc2CNC(=O)NCCCN2CCN(c3ccccc3OC)CC2)c1,7.06
Oc1nc2c(N3CCN(Cc4ccccc4)CC3)cccc2[nH]1,7.06
COc1cc2c(cc1O)[C@@H]1Cc3sccc3CN1CC2,7.05
COc1ccccc1N1CCN(CCCCNC(=O)c2ccccc2)CC1,7.05
Cc1c(C2CCN(Cc3ccccc3)CC2)n[nH]c1-c1ccccc1,7.05
c1ccc(CCCCN2CCN(Cc3cc4ccccc4o3)CC2)cc1,7.05
O=C(N[C@H]1CC[C@H](CCN2CCN(c3cccc4c3OCO4)CC2)CC1)c1cccnc1,7.05
COc1ccccc1N1CCN(CCCNC(=O)Nc2ccccc2-c2ccc(C(C)C)cc2)CC1,7.05
CCN1C(=O)c2ccccc2[S@+]([O-])c2ccc(C(=O)NCc3ccc(F)cc3)cc21,7.05
COc1ccccc1N1CCN(CCCNC(=O)c2ccc3nonc3c2)CC1,7.05
O=c1ccc2c(N3CCCN(CCCCOc4ccc5ccnn5c4)CC3)ccc(O)c2[nH]1,7.05
CC(O)C(=O)N(CCN1CCC(c2noc3cc(F)ccc23)CC1)C(C)C,7.05
CCCN(CCC)[C@@H]1CCc2cccc(O)c2C1,7.05
CN(C)C(=O)N1CCC(O)(CCCN2CCN(c3cccc(Cl)c3Cl)CC2)C1,7.05
CN1CCc2cc(Cl)c(O)cc2[C@H]2c3cccc(-c4ccc(CO)cc4)c3CC[C@@H]21,7.05
CC(C)(C)c1nc(N2CCN(CCCCn3ccc(N4CCCCC4)nc3=O)CC2)cc(C(F)(F)F)n1,7.05
CC(C)Oc1cccc2c3c(oc12)CN(CCCCOc1ccc2ccc(=O)[nH]c2c1)CC3,7.05
O=C(NCCCCN1CCN(c2cccc(Cl)c2Cl)CC1)c1ccc2c(c1)C(=O)c1ccccc1-2,7.05
Cc1c(-c2ccccc2)n[nH]c1C1=CCN(CCc2ccccc2)CC1,7.05
O=C1CCc2ccc(F)cc2N1CCCN1CCC(n2c(=O)[nH]c3ccccc32)CC1,7.05
Cn1c(SCCCN2C[C@@H]3CCN(c4ccc(C(F)(F)F)cc4)[C@@H]3C2)nnc1N1CCOCC1,7.05
Cl.O=S1(=O)c2cccc3cccc(c23)N1CCCCCCN1CCN(c2ccccc2F)CC1,7.05
CO[C@@H](C(=O)N[C@H]1CC[C@H](CCN2CCN(c3cccc4c3OCO4)CC2)CC1)C(C)C,7.05
CN1CC=C(C2=Cc3ccccc3Cc3ccccc32)CC1.Cl,7.05
C[C@@H](O)C(=O)N[C@H]1CC[C@H](CCN2CCN(c3cccc4c3OCO4)CC2)CC1,7.05
CN1CCCc2c1cccc2N1CCN(CCCc2c[nH]c3ccccc23)CC1,7.05
COc1ccncc1S(=O)(=O)N[C@H]1CC[C@@H](N2CCN(c3ccccc3OC(C)C)CC2)CC1,7.04
COc1ccccc1N1CCN(CCCCCC(=O)NCc2ccc(OS(C)(=O)=O)cc2)CC1,7.04
CCC(=O)N[C@H]1CC[C@H](CCN2CCC(c3cccc4occc34)CC2)CC1,7.04
O=C(CC(F)(F)F)N[C@H]1CC[C@H](CCN2CCN(c3cccc4c3OCO4)CC2)CC1,7.04
CC1Cc2ccccc2N1C(=O)CC1CCN(Cc2ccc(Cl)cc2)CC1,7.04
COc1ccccc1N1CCN(Cc2cc(CN3CCOCC3)c3cccccc2-3)CC1,7.04
CC(C)(C)CNC(=O)NCCCCN1CCN(c2cc(C(F)(F)F)nc(C(C)(C)C)n2)CC1,7.04
CCCN1CCC[C@@H](c2cccc(S(=O)(=O)N(C)C)c2)C1,7.04
CCN(CC)C(=O)N[C@H]1CC[C@H](CCN2CCc3ccc(Cl)cc3[C@@H](C)C2)CC1,7.04
OC(CCCN1CCC(O)(c2ccc(Cl)cc2)CC1)c1ccc(F)cc1,7.04
COC[C@@H]1CCCN1CCc1c(-c2ccccc2)[nH]c2ccccc12,7.04
CCCN(CCN1CCN(c2ccccc2)CC1)C1CCc2ccc3c(c2C1)CC(=O)N3,7.04
CN(C)C(=O)CCC(=O)N[C@H]1CC[C@H](CCN2CCC(c3coc4ccccc34)CC2)CC1,7.04
COc1ccc(CN2CCc3cc4nc(N)sc4cc3CC2)cc1,7.04
Cc1cccnc1-c1ccc(C(=O)NC/C=C/CN2CCN(c3cccc(Cl)c3Cl)CC2)cc1,7.04
COc1ccc(Br)cc1-c1nc(CNCC2CCN(Cc3ccccc3)C2)cs1,7.04
CC(C)[C@@H](O)C(=O)N[C@H]1CC[C@H](CCN2CCN(c3cccc4c3OCO4)CC2)CC1,7.04
O=C1c2ccccc2S(=O)(=O)N1CCCCCN1CCN(c2ccccn2)CC1,7.04
CC1CC(=O)Nc2c(CCN3CCN(c4n[s+]([O-])c5ccccc45)CC3)cc(F)cc21,7.04
O=C(N[C@H]1CC[C@H](CCN2CCN(c3cccc4c3OCO4)CC2)CC1)C1CCC1,7.04
CN1CCN(C2=Nc3cc(Cl)ccc3N(NC(=O)c3c(N)cccc3C(F)(F)F)c3ccccc32)CC1,7.04
CCn1c(C(=O)N[C@H]2CC[C@H](CCN3C[C@@H]4C[C@]4(c4cc(C(C)(F)F)on4)C3)CC2)cccc1=O,7.04
O=S(=O)(NC1CC2CCC(C1)N2CCOc1cccc(-c2ccccc2)c1)c1cccc(Cl)c1,7.03
N#Cc1ccccc1N1CCN(CCCCNC(=O)c2ccc(-c3ccsc3)cc2)CC1,7.03
Clc1ccc(N2CCN(C[C@H]3C[C@@H]3c3ccccc3)CC2)c(Cl)c1,7.03
CCc1cc(Cl)c(OC)c(C(=O)NCC2CCCN2CCCCNCCC(C(=O)N(C)C)(c2ccccc2)c2ccccc2)c1O,7.03
CC1c2ccccc2C=C(N2CCN(C)CC2)c2ccccc21,7.03
Clc1ccc(N2CCN(C[C@H]3C[C@@H]3c3ccccc3)CC2)cc1Cl,7.03
O=C1c2sccc2CCN1CCN1CCC(c2noc3ccccc23)CC1,7.03
O=C(N[C@@H]1CCN(Cc2ccccc2)C1)c1cccc(-c2ccsc2)c1,7.03
C[C@H]1CN(CC[C@H]2CC[C@H](NC(=O)c3ccco3)CC2)CCc2ccc(Cl)cc21,7.03
COc1cc(CN2CCN(c3ccccc3OC)CC2)ccc1OCc1cn(CCCCCCCCN(C)CCCCCNC(=O)COc2cccc(C#Cc3csc(C)n3)c2)nn1,7.03
COc1ccccc1N1CCN(CCCNC(=O)NN(Cc2ccc(C#N)cc2)c2ccc(Cl)cc2Cl)CC1,7.03
O=C(CCCCCN1CCN(c2ccccc2-c2ccccc2)CC1)N1Cc2ccccc2C1,7.03
COc1ccccc1N1CCN(CCNC(=O)OC(C)(C)C)CC1,7.03
Cc1nccc2c1C(=O)N(CCN1CCC(c3noc4ccccc34)CC1)CC2,7.03
O=C(Cc1ccc2c(c1)OCO2)N[C@H]1CC[C@H](CCN2CCC(c3coc4ccccc34)CC2)CC1,7.03
CN1CCc2cc(Cl)c(O)cc2[C@H]2c3cccc(-c4cccs4)c3CC[C@@H]21,7.03
COc1ccc(S(=O)(=O)N[C@H]2CC[C@H](N3CCC(c4cc(F)ccc4OC(C)C)CC3)CC2)cc1OC,7.03
COc1ccc(S(=O)(=O)N[C@H]2CC[C@@H](N3CCN(c4ccccc4OC(C)C)CC3)CC2)cc1OC,7.03
CCc1cc2c(cn1)C(=O)N(CCN1CCN(c3nsc4ccccc34)CC1)CC2,7.03
Br.c1ccc(N2CCN(CCCCCNC3=Nc4ccccc4OC3)CC2)cc1,7.03
CC(C)(C)c1nc(N2CCN(CCCCN3C(=O)CCCc4c(O)cccc43)CC2)cc(C(F)(F)F)n1,7.03
Cc1cccc(S(=O)(=O)CC2CCN(CCCc3noc4cc(F)ccc34)C2)c1,7.03
CCCN1CC[C@@H]2c3cccc(O)c3CC[C@H]21,7.03
CC[C@H](O)CN1CCN(c2cccc(Cl)c2Cl)CC1,7.03
Cl.O=C1c2cccc3cccc(c23)N1CCCCCCN1CCN(c2cccc(Cl)c2Cl)CC1,7.03
COc1ccccc1N1CCN(CCCCNC(=O)NN(Cc2ccccc2)c2ccc(F)cc2)CC1,7.03
COc1cc(CN2CCN(c3ccccc3OC)CC2)c(OCCF)cc1OC,7.03
COc1ccccc1N1CCN(CCCCc2cn(-c3ccc(-c4ccsc4)cc3)nn2)CC1,7.03
O=C1CSc2ccc(CCN3CCN(c4cccc5sccc45)CC3)cc2N1,7.03
O=S(=O)(CC1CCN(CCCc2noc3cc(F)ccc23)C1)c1ccc(C(F)(F)F)cc1,7.02
CCOc1ccccc1N1CCN(CCCCc2cc(-c3cccc([N+](=O)[O-])c3)no2)CC1.Cl,7.02
O=C(CC1(O)CCC1)N[C@H]1CC[C@H](CCN2CCN(c3cccc4c3OCO4)CC2)CC1,7.02
Cn1c(SCCCN2CC3CCN(c4cccc(OC(F)(F)F)c4)C3C2)nnc1-c1cnccn1,7.02
O=C1CCc2cccc(F)c2N1CCCN1CCC(n2c(=O)[nH]c3ccccc32)CC1,7.02
Cc1ncoc1-c1nnc(SCCN2CC[C@]3(C[C@H]3c3ccc(C(F)(F)F)cc3)C2)n1C,7.02
COc1ccccc1N1CCN(Cc2cc(CN3CCN(c4ccc(Cl)cc4)CC3)c3cccccc2-3)CC1,7.02
COc1cc(CCNC[C@@H](O)c2ccc(O)c3c2OCC(=O)N3)ccc1OCCCc1ccccc1,7.02
NC(=O)c1ccccc1OCCCN1CCN(c2cccc3c2ccn3Cc2ccccc2)CC1,7.02
CS(=O)(=O)CC(=O)N[C@H]1CC[C@H](CCN2CCN(c3cccc4c3OCO4)CC2)CC1,7.02
O=c1[nH]c2cc(Cl)ccc2n1C1CCN(CCCCc2nc3ccccc3o2)CC1,7.02
Cc1cccc(CN2CCC(n3c(O)nc(-c4ccccc4)c3C)CC2)c1,7.02
C[C@@H]1Cc2ccccc2N1C(=O)CN1CCN(Cc2cc(Cl)ccc2Cl)CC1,7.02
CC[C@@H]1Cc2ccccc2N1C(=O)CN1CCN(Cc2ccc(C)cc2)CC1,7.02
COc1ccccc1N1CCN(CCCCNC(=O)c2cc3cc(Br)ccc3o2)CC1,7.02
O=S(=O)(N[C@@H]1CCN(CCCc2noc3ccccc23)C1)c1ccc(F)cc1,7.02
COc1ccccc1N1CCCN(CCCCNC(=O)c2ccc(F)cc2)CC1,7.02
CCCN1CCN(c2ccc3c(c2)N(S(=O)(=O)c2ccccc2)CC3)CC1,7.02
Cc1nc(-c2ccc(CSc3nc4ccccc4n3Cc3ccc(Cl)cc3)cc2)no1,7.02
COc1ccc2cc([C@H](C)C(=O)NCCCN3CCN(c4ccccc4OC)CC3)ccc2c1.O=C(O)C(=O)O,7.02
O=C(NCCCCN1CCN(c2cccc3[nH]ccc23)CC1)c1ccc2ccccc2c1,7.02
CSc1ccccc1N1CCN(CCCCCC(=O)N2Cc3ccccc3C2)CC1,7.02
Cc1ncoc1-c1nnc(SCCCN2CC[C@]3(CC3c3ccc(F)cc3F)C2)n1C,7.02
CSc1ccccc1C1CC1CNCCCCOc1ccc2ccc(=O)[nH]c2c1,7.02
CCC(C)N1CCC[C@@H](c2cccc(C#N)c2)C1,7.01
COc1ccccc1N1CCN(CCCc2ccc3nc[nH]c3c2)CC1,7.01
OC1(c2ccc(-c3ccccc3)cc2)CCN(Cc2c[nH]c3ccccc23)CC1,7.01
O=C(N[C@H]1CC[C@H](CCN2CCC(c3coc4ccccc34)CC2)CC1)c1ccnc2ccccc12,7.01
Cc1ncoc1-c1nnc(SCCCN2C[C@H]3CCCN(c4ccc(C(F)(F)F)cc4)[C@H]3C2)n1C,7.01
CCCCCN1CCN2c3cccc4[nH]cc(c34)CC2C1,7.01
O=C(CCCN1CCN(c2ncccn2)CC1)c1ccc(F)cc1,7.01
Cc1ccc2c(c1)N=C(C1=C[C@H](C)N(C)CC1)c1cc(Cl)ccc1N2,7.01
COc1cccc(OC)c1C(=O)NN1c2ccc(Cl)cc2N=C(N2CCN(C)CC2)c2cc(Cl)ccc21,7.01
O=c1ccc2ccc(OCCCCNCC3CC3c3cccc4ccccc34)cc2[nH]1,7.01
COc1ccccc1N1CCN(CCCOc2ccc(C)cc2C)CC1.Cl,7.01
Cc1ncoc1-c1nnc(SCCCN2C[C@@H]3CCCN(c4ccc(C(F)(F)F)cc4)[C@@H]3C2)n1C,7.01
Cc1cc(-c2nnc(SCCCN3CC[C@]4(C[C@@H]4c4ccc(C(F)(F)F)cc4)C3)n2C)on1,7.01
COc1ccccc1N1CCN(CCCCNC(=O)c2ccc(F)cc2)CC1,7.01
Cn1c(SCCCN2CC[C@]3(CC3c3ccc(C(F)(F)F)cc3)C2)nnc1N1CCOCC1,7.01
CC(C)(C)c1nc(N2CCN(CCCCNC(=O)N3CCN(c4ccncc4)CC3)CC2)cc(C(F)(F)F)n1,7.01
CO/N=C(\CCN1CCN(c2ccccn2)CC1)c1cccc(Cl)c1,7.01
O[C@@H](CCCN1CCN(c2ccccn2)CC1)c1ccc(F)cc1,7.0
C[C@@H](O)[C@@H]1NC(=O)[C@H](CCCCN)NC(=O)[C@@H](Cc2c[nH]c3ccccc23)NC(=O)[C@H](Cc2ccccc2)NC(=O)[C@H](Cc2ccccc2)NC(=O)[C@H](CCCNC(=N)N)NC(=O)[C@H](NCCSC[C@@H]2C[C@@H]3c4cccc5[nH]cc(c45)C[C@H]3N(C)C2)CCCCNC(=O)[C@H](Cc2ccc(F)cc2)NC1=O,7.0
CCCOc1ccc2c(c1OC)CN1CCc3cc(OC)c(O)cc3C1C2,7.0
CC1(C(=O)NC(c2ccc(Cl)cc2)c2ccccn2)CCN(CCOc2ccccc2)CC1,7.0
CC(C)N(CCN1CCC(c2noc3cc(F)ccc23)CC1)C(=O)CCO,7.0
C#CC(O)C(=O)N(CC)CCN1CCC(c2noc3cc(F)ccc23)CC1,7.0
Nn1c(CCCCN2CCN(c3ccc4ccccc4n3)CC2)nc2c(c1=O)CCCC2,7.0
COc1ccc(N2CCN(CCCCNC(=O)c3ccc4nonc4c3)CC2)cc1,7.0
CC1(C)C[C@@H]2C[C@@](C)(CN2CCN2CCN(c3cccc(Cl)c3)C2=O)C1,7.0
O=C(NCCCCN1CCN(c2cccc(OCCF)c2)CC1)c1ccc2nonc2c1,7.0
COc1ccc(CCN(C)CCN2CCN(c3cccc(Cl)c3)C2=O)cc1OC,7.0
O=C1N(CCN2Cc3ccccc3C2)CCN1c1cccc(Cl)c1,7.0
O=C1Cc2c(ccc3c2OC[C@H](CNCC2CCc4c([nH]c5ccc(F)cc45)C2)O3)N1,7.0
O=C(NC1CCC(CCN2CCN(c3ccccc3)CC2)CC1)C1CCCCC1,7.0
CCN(CCN1CCC(c2noc3cc(F)ccc23)CC1)C(=O)C1(O)CCCNC1,7.0
CCN(CCN1CCC(c2noc3cc(F)ccc23)CC1)C(=O)C1(O)CCCN(C(C)=O)C1,7.0
CCN(CCCN1CCC(c2noc3cc(F)ccc23)CC1)S(=O)(=O)C(C)CO,7.0
CCOc1cccc2cc(CNCC[C@H]3CC[C@H](NC(=O)N(C)C)CC3)oc12,7.0
CC(CN1c2ccccc2Sc2ccccc21)N(C)C,7.0
Cc1cccc2c1C(=O)N(CCCCCN1CC=C(c3c[nH]c4ccccc34)CC1)C2=O,7.0
Cn1ncc2c1CCCC(CCN1CCN(c3nsc4ccccc34)CC1)C2=O,7.0
Fc1ccc([Si]2(c3ccc(F)cc3)CCC(N3CCN(c4ccccc4)CC3)C2)cc1,7.0
CCCN(CCN1CCC(c2noc3cc(F)ccc23)CC1)C(=O)C(C)O,7.0
CCN(CCN1CCC(c2noc3cc(F)ccc23)CC1)C(=O)C(C)CO,7.0
NC(=O)C1CCC(CN2CCC(=C(c3ccccc3)c3ccc(F)cc3)CC2)O1,7.0
CCCN(CCC)[C@@H]1CCc2c(ccc(CCc3ccc(C(F)(F)F)cc3)c2OC)C1,7.0
CCN(CCN1CCC(c2noc3cc(F)ccc23)CC1)C(=O)C1CCC(O)CC1,7.0
CCN(CCN1CCC(c2noc3cc(F)ccc23)CC1)C(=O)C1(O)CC1,7.0
CCN(CCN1CCC(c2noc3cc(F)ccc23)CC1)C(=O)C1(O)CCOCC1,7.0
CCN(CCN1CCC(c2noc3cc(F)ccc23)CC1)C(=O)CC(C)O,7.0
COc1ccccc1N1CCN(CCCCCCNS(=O)(=O)c2ccc3ccccc3c2)CC1,7.0
CNC(=O)c1ccc(-c2ccc(C(=O)NCCCCN3CCc4ccc(OS(=O)(=O)C(F)(F)F)cc4C3)cc2)cc1,7.0
COc1ccccc1N1CCN(CCCCNC(=O)c2cc3ccccn3n2)CC1,7.0
O=S(=O)(CCCOCCc1ccccc1)CCNCCc1ccc(O)c2nc(O)sc12,7.0
COc1cc2c(cc1O)CN(Cc1ccccc1CNC(=O)c1cccc(Cl)c1)CC2,7.0
COc1ccccc1/C=C/C(=O)N[C@H]1CC[C@H](CCN2CCc3ccc(OS(C)(=O)=O)cc3CC2)CC1.Cl,7.0
O=C(/C=C/c1ccc(F)cc1)N[C@H]1CC[C@H](CCN2Cc3ccc(Br)cc3C2)CC1,7.0
O=C(N[C@H]1CC[C@H](CCN2CCC(c3cccc4c3OCO4)CC2)CC1)C1CCC1,7.0
Cc1nnc(-c2ccc(-c3ccc(C(=O)NCCCCN4CCc5ccc(OS(=O)(=O)C(F)(F)F)cc5C4)cc3)cc2)o1,7.0
COc1ccccc1N1CCCN(CCCCNC(=O)c2ccc(SC)cc2)CC1,7.0
O=C(N[C@H]1CCN(Cc2ccc(OC3CCNCC3)c(Br)c2)C1)c1ccc(Cl)c(Cl)c1,7.0
CCS(=O)(=O)c1ccc(OC)c(-c2ccc(CN3CCc4ccccc4C3)[nH]2)c1,7.0
COc1ccc(OC)c(N2CCN(CCCCNC(=O)c3ccc(Br)cc3)CC2)c1,7.0
Cc1[nH]c2ccc(Cl)cc2c1C1=CCN(CCCNS(=O)(=O)c2ccc3ccccc3c2)CC1,7.0
Cc1[nH]c2ccc(Cl)cc2c1C1=CCN(CCCCNS(=O)(=O)c2ccc3ccccc3c2)CC1,7.0
O=S(=O)(NCCCCN1CCN(c2noc3ccccc23)CC1)c1cnc2ccccn12,7.0
COc1ccccc1N1CCCN(CCCCNC(=O)c2cccc3c2-c2ccccc2C3=O)CC1,7.0
CC(C)c1cc2c(cc1NS(=O)(=O)c1ccc(-c3ccc(Cl)cc3)cc1)CCN(C)CC2,7.0
O=C(N[C@H]1CC[C@H](CCN2CCC(c3cccc4c3CCO4)CC2)CC1)c1ccc(-c2cccnc2)cc1,7.0
Cc1noc(C)c1-c1ccc(S(=O)(=O)Nc2ccc3c(c2)CCN(C)CC3)cc1,7.0
O=S(=O)(N[C@H]1CCN(CCCc2noc3ccccc23)C1)c1cccc(Cl)c1,7.0
COc1ccc(S(=O)(=O)N2CCOCC2)cc1-c1ccc(CN2CCCCCC2c2ccccc2)[nH]1,7.0
COc1ccccc1N1CCN(CCCNC(=O)Nc2ccccc2-c2ccccc2)CC1,7.0
N#Cc1ccc(C(=O)N[C@H]2CC[C@H](CCN3CCN(c4cccc5c4OCO5)CC3)CC2)cc1,7.0
c1ccc2[nH]c(CN3CCN(c4cccc5sccc45)CC3)nc2c1,7.0
O=C1CCc2cc(CCCCN3CCC(c4cccc5sccc45)CC3)ccc2N1,7.0
O=C1CCc2cccc(CCN3CCN(c4nsc5ccccc45)CC3)c2N1,7.0
CC1CC(=O)Nc2c(CCN3CCN(c4noc5ccccc45)CC3)cccc21,7.0
CC1CC(=O)Nc2c(CCN3CCN(c4nsc5ccccc45)CC3)cc(Cl)cc21,7.0
Cl.N#Cc1ccc2c(c1)CN(CC[C@H]1CC[C@H](NC(=O)c3cc4ccccc4[nH]3)CC1)CC2,7.0
CC1CC(=O)Nc2c(CCN3CCN(c4noc5ccccc45)CC3)cc(F)cc21,7.0
C[C@H]1CN(CC[C@H]2CC[C@H](NC(=O)C3CCCCC3)CC2)CCc2ccc(Cl)cc21,7.0
COc1ccc(S(=O)(=O)N(C)C)cc1-c1ccc(CN2CCCCCC2c2ccccc2)[nH]1,7.0
CCS(=O)(=O)c1ccc(OC)c(-c2ccc(CN3CCCCC[C@H]3c3ccccc3)[nH]2)c1,7.0
CN(CCC=C1c2ccccc2CCc2ccccc21)Cc1ccc(OCCCN2CCCCC2)cc1,7.0
COc1cc2c(cc1O)[C@H]1C[C@](O)(c3ccc(Cl)cc3)CCN1CC2,7.0
CN1C(=O)c2ccccc2[S@+]([O-])c2ccc(C(=O)NCCc3cccs3)cc21,7.0
CCCN(CCCCNC(=O)c1ccc(-c2ccccc2)cc1)C1CCc2c(C#N)cccc2C1,7.0
CN1CCc2cccc3c2[C@H]1Cc1ccc2c(c1-3)OCO2,7.0
CC(=O)Oc1ccc2c(c1OC(C)=O)-c1cccc3c1[C@@H](C2)N(C)CC3,7.0
COc1ccccc1N1CCN(Cc2cn3cc(C)cc(N4CCOCC4)c3n2)CC1,7.0
COc1ccccc1N1CCN(CCCCCN2Cc3c(Cl)nc4ccccc4c3C2=O)CC1,7.0
COc1ccc(Cl)cc1S(=O)(=O)N[C@H]1CC[C@@H](N2CCN(c3ccccc3OC(C)C)CC2)CC1,7.0
c1ccc(CCCN2CCN(Cc3ccccc3)CC2)cc1,7.0
COc1cccc(N2CCN(CCCCNC(=O)c3ccc4nonc4c3)CC2)c1,7.0
COc1ccc(N2CCN(CCCCNC(=O)c3ccc(-n4ccnc4)cc3)CC2)cc1,7.0
O=C(NCCCCN1CCN(c2cccc(C(F)(F)F)c2)CC1)c1ccc(-c2ccsc2)cc1,7.0
CO/N=C(\CCN1CCN(c2ccccn2)CC1)c1cccc(F)c1,7.0
Clc1ccc(C(c2ccccn2)N2CCC3(CCN(CCOc4ccccc4)CC3)C2)cc1,7.0
Fc1ccccc1OCCN1CCC2(CC1)CCN2c1ccc(Cl)cc1,7.0
CCN(CCN1CCC(c2noc3cc(F)ccc23)CC1)C(=O)[C@H]1CC[C@H](O)CC1,7.0
CC(C)N(CCN1CCC(c2noc3cc(F)ccc23)CC1)C(=O)[C@H](C)O,7.0
CC1(Oc2ccc(Cl)cc2)CCN(CCOc2ccccc2F)CC1,7.0
FC(F)(F)c1ccccc1OCCN1CCC2(CCCN2c2ccc(Cl)cc2)CC1,7.0
CC(=O)NC1(C)CCN(C[C@H]2COc3ccc(Br)cc3O2)CC1,7.0
CCN(CCN1CCC(c2noc3cc(F)ccc23)CC1)C(=O)C1CNCCC1O,7.0
CC1(Oc2ccccc2)CCN(CCOc2ccccc2OC(F)(F)F)CC1,7.0
COC1(C)CCN(CCOc2ccccc2C(F)(F)F)CC1,7.0
CCN(CCN1CCC(c2noc3cc(F)ccc23)CC1)C(=O)[C@H]1CC[C@@H](O)CC1,7.0
CCN(CCCN1CCC(c2noc3cc(F)ccc23)CC1)S(=O)(=O)CCO,7.0
CC1(Oc2ccc(Cl)cc2)CCCN(CCOc2ccccc2F)C1,7.0
CC1(C(=O)c2ccccc2)CCN(CCOc2ccccc2C(F)(F)F)CC1,7.0
Cc1nn(C)c2c1C(=O)N(CCN1CCC(c3noc4ccccc34)CC1)CCC2,6.99
Cn1ncc2c1C(=O)N(CCN1CCC(c3noc4ccccc34)CC1)CC2,6.99
Cn1ncc2c1CCCC(CCN1CCC(c3noc4ccccc34)CC1)C2=O,6.99
COc1cc2c(cc1O)C1Cc3ccc(OC)c(OC)c3CN1CC2,6.99
COc1ccccc1N1CCN(C2CC3CC(NC4CC5CC(N6CCN(c7ccccc7OC)CC6)CC5C4)CC3C2)CC1.O=C(O)C(=O)O,6.99
O=C(NCCCCN1CCN(c2cccc(Cl)c2Cl)CC1)N1CCC(c2ccccc2)CC1,6.99
Clc1cccc(N2CCN(CCCCn3cc(-c4ccc5ccccc5c4)nn3)CC2)c1Cl,6.99
CC(C)c1ccccc1OCCN1CCC(NS(=O)(=O)c2cccc(F)c2)CC1,6.99
O=C(NC1CCC(CCN2CCC(c3coc4ccccc34)CC2)CC1)c1ccc2ncccc2c1,6.99
CN(C)C(=O)N[C@H]1CC[C@@H](CCN2CCN(c3cccc(Cl)c3Cl)CC2)CC1,6.99
O=C(NCCCCN1CCN(c2cccc(Cl)c2Cl)CC1)c1cc2ccccc2[nH]1,6.99
O=S(=O)(N[C@H]1CCN(CCCc2noc3ccccc23)C1)c1ccc2cc(Cl)ccc2c1,6.99
CCCCC(Oc1cc(Cl)ccc1Cl)c1nc(N)nc(N2CCN(C)CC2)n1,6.99
COc1ccc(N2CCN(CCCCOc3ccc4c(c3)NC(=O)CC4)CC2)cc1.O=C(O)C(=O)O,6.99
Cn1c(SCCCN2CC3CCN(c4ccc(F)cc4)C3C2)nnc1-c1cnccn1,6.98
CC1(C)CN(CCN2CCC(c3noc4cc(F)ccc34)CC2)C(=O)c2ncccc21,6.98
O=C(N[C@H]1CC[C@H](CCN2CCC(c3coc4ccccc34)CC2)CC1)c1cnc(N2CCOCC2)cn1,6.98
CN1CCN(CC(=O)N[C@H]2CC[C@H](CCN3CCC(c4cccc5c4OCO5)CC3)CC2)CC1,6.98
COc1cc2c(cc1O)[C@H]1Cc3ccc(OC)c(OC)c3CN1CC2,6.98
Cc1cccc(-c2ccc(C(=O)NC/C=C/CN3CCN(c4cccc(Cl)c4Cl)CC3)cc2)n1,6.98
O=C1c2ccccc2S(=O)(=O)N1CCCCCCN1CCN(c2ccc(Cl)c(Cl)c2)CC1,6.98
O=S(=O)(N[C@H]1CC[C@H](CCN2CCC(c3cccc4c3CCO4)CC2)CC1)c1ccc(F)cc1,6.98
CN[C@@H]1Cc2cccc3c2n(c(=O)n3CCCCOc2ccc3c(c2)NC(=O)CC3)C1,6.98
COc1ccc(N2CCN(CCOc3ccc4[nH]c(=S)[nH]c4c3)CC2)cc1,6.98
O=S(=O)(N[C@H]1CC[C@H](N2CCC(c3ccccc3OCC(F)(F)F)CC2)CC1)c1ccc(OC(F)F)cc1,6.98
O=C1Nc2cccc3c2[C@]1(CCCCN1CC=C(c2ccccc2)CC1)CCC3,6.98
Cc1cccc(S(=O)(=O)N[C@H]2CCN(CCCc3noc4ccccc34)C2)c1,6.98
Clc1cccc(N2CCN(CCCOc3ccc4cn[nH]c4c3)CC2)c1Cl,6.98
COc1ccc(S(=O)(=O)N[C@H]2CC[C@H](N3CCC(c4ccc(F)cc4OC(C)C)CC3)CC2)cc1OC,6.98
O=S(=O)(N[C@H]1CC[C@H](CCN2CCC(c3cccc4c3OCO4)CC2)CC1)c1ccc(F)cc1,6.98
CC(C)c1ccccc1OCCN1CCC(NS(=O)(=O)c2cccc3ncccc23)CC1,6.98
CCN(CCN1CCC(c2c[nH]c3cc(F)ccc23)CC1)S(=O)(=O)CCO,6.98
CCN(CCN1CCC(c2n[nH]c3cc(F)ccc23)CC1)C(=O)C(C)O,6.98
O=C1CC(CN2CCC(C(=O)c3ccc(F)cc3)CC2)Cc2ccccc21,6.98
COc1ccc(Br)cc1-c1nc(CNC2CCN(Cc3ccccc3)CC2)cs1,6.98
Cn1c(SCCCN2CC[C@]3(CC3c3ccc(C(F)(F)F)cc3)C2)nnc1-c1ccccn1,6.97
O=C(NCCCCN1CCN(c2cccc(Cl)c2Cl)CC1)c1[nH]nc2ccccc12,6.97
COc1cccc(N2CCN(CCCCNC(=O)c3n[nH]c4ccccc34)CC2)c1,6.97
c1ccc(CNC[C@H]2CCc3ccc4[nH]ccc4c3O2)cc1,6.97
CCCNC1CCc2cccc(OS(=O)(=O)C(F)(F)F)c2C1,6.97
O=c1ccc2ccc(CCN3CCN(c4cc(F)cc5sccc45)CC3)cc2[nH]1,6.97
Cc1cn2c3c(=O)n(C)c(=O)n(C)c3nc2n1CCCCCN1CCN(c2ccc(Cl)cc2)CC1,6.97
C=CCN1CCC2c3cccc(O)c3CC[C@H]21,6.97
CC(C)N1CCC[C@@H](c2cccc(C#N)c2)C1,6.97
CNc1cccc(C2CCN(CCNC(=O)C3CCOCC3)CC2)n1,6.97
Cn1c(SCCCN2CC[C@@]3(C[C@@H]3c3ccc(C(F)(F)F)cc3)C2)nnc1-c1ccncn1,6.97
C=CCN1C[C@H](OCCN)C[C@H]1CNC(=O)c1cc(CCCF)cc(OC)c1OC,6.97
COc1cc2c(cc1OC)C(=O)CC(CN1CCC(c3noc4cc(F)ccc34)CC1)C2,6.97
O=C(CC1COC1)N[C@H]1CC[C@H](CCN2CCN(c3cccc4c3OCO4)CC2)CC1,6.97
CC(C)CS(=O)(=O)n1ccc2c(-c3ccc(O)cc3)cc(N3CCN(C)CC3)nc21,6.97
O=C1CCc2ccc(Oc3ccc(CN4CCN(c5cccc(Cl)c5Cl)CC4)cc3)cc2N1,6.97
Cc1ccc(S(=O)(=O)N(CCCCCCN2CCN(c3nsc4ccccc34)CC2)c2ccccc2)cc1,6.97
CCOc1ccc2[nH]cc(C3=CCN(Cc4cccc(OC)c4)CC3)c2c1,6.97
COc1ccc(S(=O)(=O)N[C@H]2CC[C@@H](N3CCC(c4ccc(F)cc4OC(C)C)CC3)CC2)cc1OC,6.97
COc1ccccc1N1CCCN(CCCCNC(=O)c2ccc(CCF)cc2)CC1,6.97
CNc1ccccc1N1CCN(CCCCCC(=O)NC2CCCc3ccccc32)CC1,6.97
OC1(c2cccc(C(F)(F)F)c2)CCN(Cc2c[nH]c3ccccc23)CC1,6.97
COc1ccccc1N1CCCN(CCCCNC(=O)c2ccc(-c3ccccc3)s2)CC1,6.97
C[C@H]1C=C(C2=Nc3cc(Cl)ccc3Nc3ccc(Cl)cc32)CCN1C,6.97
CCOc1cccc2cc(CNCCCOc3ccc4c(c3)NC(=O)CC4)oc12,6.96
C[C@H]1C[C@H](C)N1C(=O)[C@@H]1C=C2c3cccc4[nH]cc(c34)CC2N(C)C1,6.96
CCCN1CCC(n2ccc3ccccc32)CC1,6.96
Cc1ccn2cc(-c3ccc(OCCCCN4CCN(c5cccc(Cl)c5Cl)CC4)cc3)nc2c1,6.96
COc1ccc(C)cc1S(=O)(=O)N[C@H]1CC[C@@H](N2CCN(c3ccccc3OC(C)C)CC2)CC1,6.96
COc1ccc(S(=O)(=O)N[C@H]2CC[C@@H](N3CCC(c4ccccc4OCC(F)(F)F)CC3)CC2)cc1OC,6.96
CN[C@@H]1Cc2cccc3c2n(c(=O)n3CCOCCOCCCCc2ccccc2)C1,6.96
COc1ccccc1N1CCN(CCCCNC(=O)c2cc3cc(Br)ccc3[nH]2)CC1,6.96
COc1ccccc1N1CCN(Cc2cn3ccccc3n2)CC1,6.96
COc1ccc(N(Cc2ccc(F)cc2)NC(=O)NCCCN2CCN(c3ccccc3OC)CC2)cc1,6.96
COc1ccc(N(Cc2cccc(OC)c2)NC(=O)NCCCN2CCN(c3ccccc3OC)CC2)cc1,6.96
O=C1c2ccccc2S(=O)(=O)N1CCCCN1CCN(c2ncccn2)CC1,6.96
COc1ccccc1N1CCN(CCCNC(=O)NN(Cc2ccc(F)cc2)c2ccccc2)CC1,6.96
CCCN(CCN1CCN(c2ccnc3ccccc23)CC1)[C@H]1CCc2nc(N)sc2C1,6.96
C[C@H]1C=C(C2=Nc3cc(Cl)ccc3Nc3ccc(OC(F)(F)F)cc32)CCN1C,6.96
O=C(CCCN1CCN(c2cccc(Cl)c2Cl)CC1)N1C=CN(C2CCCCC2)C(=O)C1,6.96
COc1ccccc1N1CCN(CCCN2CCN(c3ncccc3C#N)CC2)CC1,6.96
C=CCN1CC=C(C2=Cc3ccccc3Oc3ccccc32)CC1.Cl,6.96
COc1ccc(N(Cc2ccc(C#N)cc2)NC(=O)NCCCN2CCN(c3ccccc3OC)CC2)cc1,6.96
CN1CCc2cccc3c2[C@H]1Cc1ccc(OCCCNC(=O)CCCCCCCCCCC(=O)NCCCOc2ccc4c(c2O)-c2cccc5c2[C@@H](C4)N(C)CC5)c(O)c1-3,6.96
COc1ccc(-c2nc(O)n(C3CCN(Cc4ccccc4)CC3)c2C)cc1,6.96
Cc1sc(C)c2c1SCc1cnn(C)c1-2,6.96
c1ccc(C2CCN(Cc3c[nH]c4ccccc34)CC2)cc1,6.96
COc1cc(C(=O)NCCCCN2CCN(c3ccccc3OC)CC2)ccc1OCCCc1cn(CCCCCCCCn2cc(CCCOc3ccc(C(=O)NCCCCN4CCN(c5ccccc5OC)CC4)cc3OC)nn2)nn1,6.96
COc1ccccc1N1CCN(CCCCCc2cn(-c3ccc(-c4ccsc4)cc3)nn2)CC1,6.96
CC(C)Oc1ccccc1OCCCN1CCN(c2cccc3c2ccn3S(=O)(=O)c2ccccc2)CC1,6.96
CCCN(CCc1ccc(N/C(S)=N/c2ccc3c(c2)C(=O)OC32c3ccc(O)cc3Oc3cc(O)ccc32)cc1)[C@@H]1CCc2c(O)cccc2C1,6.96
COc1cc(C(C)=O)ccc1OCCCN1CCC(c2noc3cc(F)ccc23)CC1,6.96
COC(CN1CCc2sc(OCC(C)(F)F)nc2C1)C1CC2(CC(NC(=O)c3cccc4nn(C)cc34)C2)C1,6.96
c1cnc(N[C@H]2CC[C@H](CCN3CCc4ccccc4C3)CC2)nc1,6.96
C1=C(c2ccccc2)CCN(Cc2cn(-c3ccccc3)nn2)C1,6.96
CC(C)C(=O)Nc1cccc(C2CCN(Cc3ccc(Oc4ccc(Cl)cc4)cc3)CC2)c1,6.96
COc1ccccc1N1CCCN(CCCCNC(=O)c2ccc(Cl)cc2)CC1,6.96
CCCCN1CCN2c3cccc4[nH]cc(c34)CC2C1,6.96
O=C(NCCCCN1CCN(c2cccc(C(F)(F)F)c2)CC1)c1n[nH]c2ccccc12,6.96
COc1ccccc1N1CCN(CCCNC(=O)Nc2ccccc2-c2cccc(F)c2)CC1,6.96
COc1ccc(Br)cc1C1=N[C@@H](CN2CCN(c3ccccc3)CC2)CO1,6.96
COc1cccc(-c2ccccc2NC(=O)NCCCN2CCN(c3ccccc3OC)CC2)c1,6.96
C[C@H]1CO[C@@H](c2ccc(N)nc2)CN1CC[C@H]1CC[C@@H](NC(=O)c2cc3ccccc3[nH]2)CC1,6.96
O=C1CC(CN2CCC(c3noc4cc(F)ccc34)CC2)Cc2[nH]ncc21,6.950007143079858
Clc1ccccc1OCCNCCCOc1ccccc1,6.95
Cc1ccc(CN2CCN(CC(=O)N3c4ccccc4C[C@H]3C)CC2)cc1,6.95
CC(C)CS(=O)(=O)n1ccc2c(-c3ccccc3C(F)(F)F)cc(N3CCN(C)CC3)nc21,6.95
Cn1c(SCCCN2CC3CCN(c4ccc(C(F)(F)F)cc4)C3C2)nnc1-c1ccncn1,6.95
COc1cccc(N2CCN(CCCCCCN3C(=O)c4ccccc4S3(=O)=O)CC2)c1,6.95
COc1cc2c(cc1O)CCN1Cc3c(ccc(O)c3OC)C[C@@H]21,6.95
O=C(N[C@H]1CC[C@H](CCN2CCN(c3cccc4c3OCO4)CC2)CC1)C(F)(F)F,6.95
CO/N=C(\CCN1CCN(c2ccccn2)CC1)c1ccccc1C,6.95
CO[C@H](C(=O)N[C@H]1CC[C@H](CCN2CCN(c3cccc4c3OCO4)CC2)CC1)C(C)C,6.95
CCN([C@H]1CC[C@@H](N2CCN(c3ccccc3OC(C)C)CC2)CC1)S(=O)(=O)c1ccc(OC)c(OC)c1,6.95
O=C(CCCN1CCC(O)(c2ccc(Cl)cc2)CC1)c1cc(F)ccc1F,6.95
O=C1CCc2ccc(Oc3cccc(CN4CCN(c5cccc(Cl)c5Cl)CC4)c3)cc2N1,6.95
C=C(CCC(=O)OCC)Cc1ccc(O[Si](C)(C)C(C)(C)C)c(OC)c1,6.95
O=C1c2ccccc2S(=O)(=O)N1CCCCN1CCN(c2cccc(C(F)(F)F)c2)CC1,6.95
C[C@H]1C[C@H](NS(=O)(=O)c2cc3ccc(Cl)cc3s2)CN1CCCc1noc2cc(F)ccc12,6.95
C[C@@H](O)[C@@H]1NC(=O)[C@H](CCCCN)NC(=O)[C@@H](Cc2c[nH]c3ccccc23)NC(=O)[C@H](Cc2ccncc2)NC(=O)[C@H](Cc2ccccc2)NC(=O)[C@H](CCCNC(=N)N)NC(=O)[C@H](NC[C@H](CCCCNC(=O)CSC[C@@H]2C[C@@H]3c4cccc5[nH]cc(c45)C[C@H]3N(C)C2)NC(=O)CSC[C@@H]2C[C@@H]3c4cccc5[nH]cc(c45)C[C@H]3N(C)C2)CCCCNC(=O)[C@H](Cc2ccc(O)cc2)NC1=O,6.95
COc1ccccc1N1CCN(CC2COCC(c3ccccc3)(c3ccccc3)O2)CC1,6.95
COc1cccc(CN2CC=C(c3c[nH]c4ccc(OC)cc34)CC2)c1,6.95
Nc1ccc2c(c1)C(=O)C(CCN1CCC(C(=O)c3ccc(F)cc3O)CC1)CC2,6.95
O=C1Nc2ccccc2OC1CCN1CCN(c2cccc3sccc23)CC1,6.94
COc1ccccc1N1CCN(CCCCNC(=O)/C=C/c2cccc(Oc3ccccc3)c2)CC1.O=C(O)C(=O)O,6.94
Cc1ncoc1-c1nnc(SCCCN2CC3CCN(c4ccc(F)cc4)C3C2)n1C,6.94
COc1ccc(C2CC(=O)c3c(O)cc(OCCCN4CCC(c5noc6cc(F)ccc56)CC4)cc3O2)cc1,6.94
Nc1nc2c(s1)C[C@@H](CCCNCCCCCc1ccc(O)c(O)c1)CC2,6.94
Cn1ncc2c1C(=O)N(CCN1CCC(c3noc4ccccc34)CC1)CCC2,6.94
N[C@@H]1Cc2cccc3[nH]c(=O)n(c23)C1,6.94
COc1cc2c(cc1O)C1Cc3ccc(O)c(OC)c3CN1CC2,6.94
CCN(CCN1CCC(c2noc3cc(F)ccc23)CC1)C(=O)C(O)CCC(=O)OC,6.94
CCN(CCCN1CCC(c2noc3ccccc23)CC1)S(=O)(=O)C(C)CO,6.94
C[C@@H](NC(=O)CCCCCN1CCN(c2ccccc2-c2ccccc2)CC1)c1ccccc1,6.94
CCc1cc(Cl)c(OC)c(N2CCN(CC[C@H]3CC[C@H](NC(=O)C4=CC5C=CC=CC5N4)CC3)CC2)c1,6.94
COc1ccccc1N1CCN(CCCn2cc(CCCN3CCc4cc(O)c(O)cc4C(c4cccc(C)c4)C3)nn2)CC1,6.94
Cn1cnc(S(=O)(=O)N[C@H]2CC[C@H](CCN3CCC(c4cccc5c4OCO5)CC3)CC2)c1,6.94
C[C@@H](O)[C@@H]1NC(=O)[C@H](CCCCN)NC(=O)[C@@H](Cc2c[nH]c3ccccc23)NC(=O)[C@H](Cc2ccncc2)NC(=O)[C@H](Cc2ccccc2)NC(=O)[C@H](CCCNC(=N)N)NC(=O)[C@H](NCCS(=O)(=O)C[C@@H]2C[C@@H]3c4cccc5[nH]cc(c45)C[C@H]3N(C)C2)CCCCNC(=O)[C@H](Cc2ccc(O)cc2)NC1=O,6.94
CCc1cccc(N2CCN(CC(O)CCNCCC(C(=O)N(C)C)(c3ccccc3)c3ccccc3)CC2)c1Cl,6.94
C[C@H]1CO[C@@H](c2ccc(N)nc2)CN1CC[C@@H]1CC[C@@H](CNC(=O)c2cc3ccccc3[nH]2)C1,6.94
O=C(NCCCN1CCN(c2cccc(C(F)(F)F)c2)CC1)c1n[nH]c2ccccc12,6.94
COc1cccc(N2CCN(CCCCCCN3C(=O)c4cccc5cccc3c45)CC2)c1,6.94
COc1cc(CN2CCN(c3ccccc3OC)CC2)ccc1OCc1cn(CCCCCCCCCCN(C)CCCCCNC(=O)COc2cncc(C#Cc3csc(C)n3)c2)nn1,6.94
CN1CCCc2c([nH]c3ccccc23)Cc2ccccc2CC1,6.94
COc1ccc(S(=O)(=O)N[C@H]2CC[C@H](N3CCN(c4ccccc4OCC(F)(F)F)CC3)CC2)cc1OC,6.94
O=C1C(N2CCN(Cc3ccc(Cl)cc3)CC2)CCc2cccc3c2N1CC3,6.94
O=C(N[C@H]1CC[C@H](CCN2CCN(c3cccc4c3OCO4)CC2)CC1)C1CCCO1,6.93
Cn1c(SCCCN2CC[C@]3(C[C@H]3c3ccc(C(F)(F)F)cc3)C2)nnc1-c1csnn1,6.93
COC(C)(C)C(=O)N[C@H]1CC[C@H](CCN2CCN(c3cccc4c3OCO4)CC2)CC1,6.93
COc1ccccc1N1CCN(CCCNC(=O)c2ccc(I)cc2)CC1,6.93
Fc1ccc(C(c2ccc(F)cc2)N2CCN(C/C=C/c3ccccc3)CC2)cc1,6.93
CN(C)C(=O)C(CCN1CCC(CCN2CCN(c3cccc(Cl)c3Cl)CC2)C1)(c1ccccc1)c1ccccc1,6.93
Cn1c(SCCCN2CC[C@]3(CC3c3ccc(C(F)(F)F)cc3)C2)nnc1-c1ccncn1,6.93
Cc1ncoc1-c1nnc(SCCCN2CC[C@]3(CC3c3ccc(F)cc3)C2)n1C,6.93
CC(C)(C)c1nc(N2CCN(CCCCN3C(=O)CCCc4ccccc43)CC2)cc(C(F)(F)F)n1,6.93
Nc1nc2c(s1)CC(CCCNCCCCCc1cc(O)ccc1O)CC2,6.93
CC(C)Oc1ccccc1N1CCN([C@H]2CC[C@@H](NS(=O)(=O)c3cccc(C(F)(F)F)c3)CC2)CC1,6.93
O=C(N[C@H]1CC[C@H](CCN2CCN(c3nccc4c3CCO4)CC2)CC1)c1ccc(N2CCS(=O)(=O)CC2)cc1,6.93
Cn1c(SCCCN2C[C@@H]3CCN(c4ccc(C(F)(F)F)cc4)[C@@H]3C2)nnc1-c1ccncn1,6.93
O=C(C[C@H]1C[C@H](CO)C1)N[C@H]1CC[C@H](CCN2CCN(c3cccc4c3OCO4)CC2)CC1,6.93
CCCN(Cc1ccco1)[C@@H]1CCc2c(cccc2OC)C1,6.93
CC#CC(=O)N[C@H]1CC[C@H](CCN2CCC(c3cccc4c3CCO4)CC2)CC1,6.93
CC1(C)Cc2ccccc2N1C(=O)CN1CCN(Cc2ccc(Cl)cc2)CC1,6.93
Oc1cccc(CCN(CCc2ccccc2)CC2CC2)c1,6.93
Cc1ccc(OCCNCCCSc2ccccc2)cc1,6.93
O=S1(=O)c2cccc3cccc(c23)N1CCCCCCN1CCN(c2ccccn2)CC1,6.93
Cn1cc2c(n1)CCCN(CCN1CCN(c3nsc4ccccc34)CC1)C2=O,6.92
CCN(CC)C(=O)[C@@H]1C=C2c3cccc4[nH]cc(c34)C[C@H]2N(C)C1,6.92
CNc1cc(OC)c(C(=O)NC[C@H]2CN(Cc3ccccc3)C[C@@H]2C)cc1Cl,6.92
COc1ccccc1N1CCN(CCCCCCNC(=O)c2ccc3ccccc3c2)CC1,6.92
CC(=O)Nc1ccc(OCC(O)CN2CCC(c3noc4cc(F)ccc34)CC2)cc1,6.92
Cc1cc2c(s1)Nc1ccccc1N=C2N1CC[N+](C)([O-])CC1,6.92
FC1(c2ccc(Cl)cc2)CCN(Cc2c[nH]c3ccccc23)CC1,6.92
Fc1ccc2[nH]c(CN3CCN(c4ccccn4)CC3)cc2c1,6.92
Cn1ncc2c1CCCN(CCN1CCN(c3nsc4ccccc34)CC1)C2=O,6.92
CCc1cccc(N2CCN(CC(O)CCNC(=O)c3cc4ccccc4[nH]3)CC2)c1Cl,6.92
CCN1Cc2c(C(=O)N[C@H]3CC[C@H](CCN4CCc5ccc(OCC(F)(F)F)nc5CC4)OC3)cccc2C1=O,6.92
COc1cc2c(c(C(=O)NC[C@@H]3CCCN3CCc3ccccc3)c1)OCC2,6.92
O=C1CC2(CCCC2)CC(=O)N1CCN1CCN(c2cc(F)ccc2F)CC1,6.92
c1ccc(N2CCN(Cc3c[nH]c4ccccc34)CC2)cc1,6.92
CCCCOc1ccc2c(c1OC)CN1CCc3cc(OC)c(O)cc3C1C2,6.92
COc1ccccc1N1CCN(CCCNC(=O)NN(Cc2ccc(C#N)cc2)c2ccc(F)cc2)CC1,6.92
O=[N+]([O-])c1ccc2c(c1)C(O)C(CCN1CCC(c3noc4cc(F)ccc34)CC1)CC2,6.92
O=c1[nH]c2cccc(CN3CCN(CC4CCc5[nH]c6ccc(F)cc6c5C4)CC3)c2o1,6.92
CC(C)Oc1ccccc1OCCCCN1CCN(c2cccc3c2ccn3S(=O)(=O)c2ccccc2)CC1,6.92
O=C1CCc2ccc(OCCCCNCCc3cn(S(=O)(=O)c4ccccc4)c4ccccc34)cc2N1,6.92
CC(=O)Nc1nc2cc(CCN3CCN(c4cccc5sccc45)CC3)ccc2s1,6.92
CC(=O)N1CC(CCN2CCN(c3cccc4sccc34)CC2)c2ccccc21,6.92
Cn1c(SCCCN2CC[C@]3(C[C@@H]3c3ccc(C(F)(F)F)cc3)C2)nnc1-c1cnccn1,6.92
COc1ccccc1N1CCCN(CCCCNC(=O)c2ccc(N(C)C)cc2)CC1,6.92
c1ccc(-c2ccc(CN3CCN4c5cccc6[nH]cc(c56)CC4C3)cc2)cc1,6.92
COc1ccccc1N1CCN(CCCNC(=O)NCc2ccccc2-c2ccccc2)CC1,6.92
Clc1cccc(N2CCN(CCC3(c4ccccn4)CCOCC3)CC2)c1Cl,6.92
COc1ccccc1N1CCN(C/C=C/CNC(=O)c2cc3cc(OCCOCCF)ccc3[nH]2)CC1.O=C(O)C(=O)O,6.92
O=C(NC1CCN(Cc2ccccc2)C1)c1ccc(-c2ccc(F)cc2)cc1,6.92
CN[C@@H]1Cc2cccc3c2n(c(=O)n3CCCCOCCCCc2ccccc2)C1,6.92
Nc1nc2c(s1)CC(CCCNCCC/C=C/c1ccc(O)c(O)c1)CC2,6.92
Cc1nn2c(N3CCN(Cc4ccccc4)CC3)cccc2c1CN1CCN(c2ccc(Cl)cc2)CC1,6.92
Clc1ccc(-c2cc(C3CCN(Cc4ccccc4)C3)[nH]n2)cc1,6.92
CC(=O)N[C@H]1CC[C@H](CCN2CCN(c3nccc4sccc34)CC2)CC1,6.92
Clc1ccc(-c2cc(C3CCN(CC4CCCCC4)CC3)[nH]n2)cc1,6.92
CCN(CC)C1CCc2c(cccc2OC)C1,6.92
O=C(/C=C(\O)c1ccc(Cl)cc1)C1CCN(Cc2ccccc2)CC1,6.92
O=C(N[C@H]1CC[C@H](CCN2CCC(c3cccc4c3OCO4)CC2)CC1)c1ccccc1,6.92
O=S(=O)(c1cccc2ncccc12)N1CCC(CCN2CCN(c3ccc(Cl)c(Cl)c3)CC2)CC1,6.92
COc1ccccc1N1CCCN(CCCCNC(=O)c2ccc(Cl)nc2)CC1,6.92
CC(C)C(=O)Nc1cccc(C2CCN(Cc3ccc(Oc4ccccc4)cc3)CC2)c1,6.92
COc1ccc2[nH]c(C(=O)NC/C=C/CN3CCN(c4ccccc4OC)CC3)cc2c1.O=C(O)C(=O)O,6.92
CCOc1ccccc1N1CCN(CCCCc2cc(-c3ccc(OC)c(OC)c3)no2)CC1.Cl,6.92
Cc1noc2c1C(=O)CC(CN1CCC(c3noc4cc(F)ccc34)CC1)C2,6.92
CCCN(CCN1CCN(CCc2c[nH]c3ccccc23)CC1)c1ccc(OC)cc1,6.92
COc1ccccc1N1CCN(CCCNC(=O)c2ccc(-n3ccnc3)cc2)CC1,6.92
COc1ccccc1N1CCN(CCCCOc2ccc3c(c2)C(=O)N(C)CC3)CC1,6.92
CCCN(CCC)C1CCn2ncc(Cl)c2C1,6.92
CC1(Oc2ccc(Cl)cc2)CCN(CCOc2ccccc2)CC1,6.92
Cl.O=S1(=O)c2cccc3cccc(c23)N1CCCCCCN1CCN(c2cccc(Cl)c2)CC1,6.92
O=C(c1ccccc1)N1CCN(CCCN2CCN(c3cccc(Cl)c3Cl)CC2)CC1,6.92
CCCN(CCCCN1CCN(c2ccccc2OC)CC1)Cc1ccc2ccccc2c1,6.92
COc1ccccc1N1CCN(Cc2ccc(OCCF)cc2)CC1,6.92
Fc1ccc(-c2cncc(CN3CCN(c4ncccn4)CC3)c2)cc1,6.92
CN1CCC(c2cn(-c3ccc(F)cc3)c3ccc(-c4cncnc4)cc23)CC1,6.92
CCCN1CCC[C@@H](c2cccc(C#N)c2)C1,6.92
CC(C)Oc1ccccc1N1CCN(C2CCC(NC(=O)NCc3cccc(F)c3)CC2)CC1,6.92
Cc1ccc(C)c(CN2CCN(CC(=O)N3c4ccccc4CC3C)CC2)c1,6.92
O=C1c2ccccc2C(=O)N1CCCCN1CCN(c2cccc(Cl)c2Cl)CC1,6.92
C[C@@H]1c2ccccc2N(C(=O)CN2CCN(Cc3ccc(Cl)cc3)CC2)[C@@H]1C,6.92
c1ccc(OCCCN2CCN(c3ccccc3)CC2)cc1,6.92
Fc1ccc(CCCCN2CCN(c3ccccn3)CC2)cc1,6.91
CCCN(CCC)[C@@H]1CCc2cccc(OS(=O)(=O)C(F)(F)F)c2[C@@H]1C,6.91
C[C@H]1C=C(C2=Nc3ccccc3Nc3ccc(Cl)cc32)CCN1C,6.91
COc1ccc(S(=O)(=O)N[C@H]2CC[C@@H](N3CCN(c4ccccc4OCC4CC4)CC3)CC2)cc1OC,6.91
CCN(CCN1CCC(c2noc3cc(F)ccc23)CC1)C(=O)C1CN(C)CC1O,6.91
Cc1cc(C(=O)N[C@H]2CC[C@H](CCN3CCC(c4cccc5c4CCO5)CC3)CC2)on1,6.91
CCC1(CC)CC(OCCCN2CCN(c3cccc(Cl)c3Cl)CC2)(c2ccccn2)CCO1,6.91
O=C(NCCCCN1CCN(c2ccccc2)CC1)N1CCN(c2ccccc2)CC1,6.91
O=C(N[C@H]1CC[C@H](CCN2CCN(c3cccc4c3OCO4)CC2)CC1)C1(O)CCCC1,6.91
O=C(CF)N[C@H]1CC[C@H](CCN2CCN(c3cccc4c3OCO4)CC2)CC1,6.91
Cl.O=C(CCCN1C2CCC1CC(c1ccccc1)C2)c1ccc(F)cc1,6.91
CN1CCc2cc(Cl)c(O)cc2[C@H]2c3cccc(/C=N/Oc4ccccc4)c3CC[C@@H]21,6.91
CCC(O)C(=O)N[C@H]1CC[C@H](CCN2CCN(c3cccc4c3OCO4)CC2)CC1,6.91
Cn1c(SCCCN2CC[C@]3(C[C@@H]3c3ccc(C(F)(F)F)cc3)C2)nnc1C1CCCCC1,6.91
O=C1NCN(c2ccccc2)C12CCN(Cc1ccc3nsnc3c1)CC2,6.91
Cc1cn2c3c(=O)n(C)c(=O)n(C)c3nc2n1CCCCN1CCN(c2ccc(Cl)cc2)CC1,6.91
CC(C)Oc1ccccc1N1CCN([C@H]2CC[C@@H](NS(=O)(=O)c3ccc(S(C)(=O)=O)cc3)CC2)CC1,6.91
CN[C@@H]1Cc2cccc3c2n(c(=O)n3CCCCCCCCCCCCOCCCCc2ccccc2)C1,6.91
Cl.Fc1ccc(SCCCN2CCc3ccccc3C2)cc1,6.91
CCCc1ccccc1N1CCN(CCCCCC(=O)NC2CCCc3ccccc32)CC1,6.91
CCc1cccc(N2CCN(CC(F)CCNC(=O)c3cc4ccccc4[nH]3)CC2)c1Cl,6.91
Cc1ncoc1-c1nnc(SCCCN2CC[C@]3(C[C@H]3c3ccccc3C(F)(F)F)C2)n1C,6.91
O=C(CCCN1C2CCC1CC(c1ccccc1)C2)c1ccc(F)cc1,6.91
CCOc1ccccc1N1CCN(CC(O)CN2C(=O)NC(C)(c3ccc(F)cc3)C2=O)CC1,6.9
COCCC(=O)N1CCC(O)(CCCN2CCN(c3cccc(Cl)c3Cl)CC2)CC1,6.9
O=C(NCCCCN1CCc2ccc(OS(=O)(=O)C(F)(F)F)cc2C1)c1ccc(-c2ccc(N3CCCC3=O)cc2)cc1,6.9
O=C(CCCN1CCc2ccccc2C1)c1ccc(Cl)cc1,6.9
CN1C[C@H](C(=O)N2CCN(c3ccc4nonc4c3)CC2)C[C@@H]2c3cccc4[nH]c(Br)c(c34)C[C@H]21,6.9
COc1cc2ccccc2cc1C(=O)NCC1CCN(Cc2ccccc2)CC1,6.9
C[C@H]1C=C(C2=Nc3cc(Cl)ccc3Nc3ccc(F)cc32)CCN1C,6.9
COc1ccc(S(=O)(=O)Cc2ccccc2)cc1-c1ccc(CN2CCCCCC2c2ccccc2)[nH]1,6.9
CN(C)C(=O)c1cccnc1NCCCN1CCN(c2ccccc2-c2ccccc2)CC1,6.9
CC(Cc1cccc(CNCCc2c(Cl)cccc2Cl)c1)NC[C@H](O)c1ccc(O)c2[nH]c(=O)sc12,6.9
Cl.O=C1c2ccc(Cl)cc2CCC1C1CCN(CCc2ccccc2)CC1,6.9
COCCC(=O)N[C@H]1CC[C@H](CCN2CCN(c3cccc(C(F)(F)F)n3)CC2)CC1,6.9
CC(C)c1nc(N2CCN(CCCCNC(=O)N3CCN(C(C)C)CC3)CC2)cc(C(F)(F)F)n1,6.9
COc1ccccc1C1CC1CNC/C=C/COc1ccc2ccc(=O)[nH]c2c1,6.9
COc1ccccc1C1CC1CNCCCOc1ccc2c(c1)NC(=O)CC2,6.9
CCCN(CCCCNC(=O)c1ccc(-c2ccccc2)cc1)C1CCc2c(cccc2OC)C1,6.9
CS(=O)(=O)c1ccc2c(c1)CCN(CC[C@H]1CC[C@H](NC(=O)/C=C/c3ccccc3F)CC1)CC2.Cl,6.9
CS(=O)(=O)c1ccc2c(c1)CCN(CC[C@H]1CC[C@H](NC(=O)/C=C/c3ccc(C#N)cc3)CC1)CC2.Cl,6.9
Cl.N#Cc1ccc2c(c1)CN(CC[C@H]1CC[C@H](NC(=O)/C=C/c3c[nH]c4ccccc34)CC1)CC2,6.9
CS(=O)(=O)c1ccc2c(c1)CCN(CC[C@H]1CC[C@H](NC(=O)/C=C/c3cccc(F)c3)CC1)CC2.Cl,6.9
CCCN(CCC)[C@@H]1CCc2c(ccc(CCc3ccc(Cl)cc3)c2OC)C1,6.9
COc1cccc(N2CCN(CCN(C)C[C@]34CC[C@H](CC3)C4(C)C)C2=O)c1,6.9
CCCN1CC2COc3ccc(C#N)cc3C2C1,6.9
COc1ccccc1N1CCN(CCCNC(=O)c2ccccc2I)CC1.O=C(O)C(=O)O,6.9
Cn1ncc2c1C(=O)N(CCN1CCN(c3nsc4ccccc34)CC1)CC2,6.9
CO/N=C(/CCN1CCN(c2ccccn2)CC1)c1cccc(C#N)c1,6.9
OC1(c2ccc(F)cc2)CCN(Cc2c[nH]c3ccccc23)CC1,6.9
CNC(=O)c1cccc(-c2ccc(C(=O)NCCCCN3CCc4ccc(OS(=O)(=O)C(F)(F)F)cc4C3)cc2)c1,6.9
COc1ccccc1N1CCCN(CCCCNC(=O)c2cc3ccccc3o2)CC1,6.9
CN(CCN1CCN(c2cccc(Cl)c2)C1=O)C[C@]12CC[C@H](CC1)C2(C)C,6.9
Clc1ccccc1N1CCN(CCCOc2ccc(-c3nc4ccccc4[nH]3)cc2)CC1,6.9
COc1ccccc1N1CCCN(CCCCNC(=O)c2cc3ccccc3s2)CC1,6.9
CN1CCC(N2CCN(C(=O)NCCCCN3CCN(c4cc(C(F)(F)F)nc(C(C)(C)C)n4)CC3)CC2)CC1,6.9
Cc1cccn2cc(-c3ccc(OCCCN4CCN(c5cccc(Cl)c5Cl)CC4)cc3)nc12,6.9
Clc1ccc(-c2cc(C3CCN(Cc4ccccc4)CC3)[nH]n2)cc1,6.9
CN1CCC2C(C1)c1cccc3c1N2c1ccccc1CS3,6.9
CN(CCCCNC(=O)c1ccc(-c2ccccc2)cc1)C1CCc2c(O)cccc2C1,6.9
CCCN(CCC)[C@H]1CCc2cc(CCc3ccc(Cl)cc3)ccc2C1,6.9
CC(C)(C)c1nc(N2CCN(CCCCN3C(=O)CCc4ccccc43)CC2)cc(C(F)(F)F)n1,6.9
CC(C)Oc1ccccc1N1CCN([C@H]2CC[C@@H](NS(=O)(=O)c3ccc(Cl)cc3F)CC2)CC1,6.89
COc1cccc(OCCN2CCN(C(=O)c3cc4cccnc4[nH]3)CC2)c1,6.89
O=C(N[C@H]1CC[C@H](CCN2CCC(c3cccc4c3CCO4)CC2)CC1)c1ccc(N2CCOCC2)cc1,6.89
CCC1(CC)Cc2ccccc2N1C(=O)CN1CCN(Cc2ccc(Cl)cc2)CC1,6.89
Cc1cc2c(cn1)C(=O)N(CCN1CCN(c3nsc4ccccc34)CC1)CC2,6.89
Cn1ccc2c1CCCN(CCN1CCC(c3noc4ccccc34)CC1)C2=O,6.89
O=C1COc2cc(CN3CCN(c4ccccc4)CC3)ccc2N1,6.89
Cn1c(SCCCN2CC[C@]3(C[C@H]3c3ccc(C(F)(F)F)cc3)C2)nnc1C1CCCCC1,6.89
CCN1CCN(C(=O)NCCCCN2CCN(c3cc(C(F)(F)F)nc(C(C)(C)C)n3)CC2)CC1,6.89
O=C(NCCCCN1CCN(c2ccccc2Cl)CC1)c1ccc(-c2ccccc2)cc1,6.89
O=c1ccc2ccc(OCCCCNCC3CC3c3cccc(Cl)c3Cl)cc2[nH]1,6.89
COc1ccccc1N1CCN(Cc2cc3c(=O)[nH]c(N(C)C)nc3[nH]2)CC1,6.89
COc1ccccc1N1CCN(CCCCNC(=O)c2cc(-c3ccco3)[nH]n2)CC1,6.89
O=C(N[C@H]1CC[C@H](CCN2CCC(c3cccc4c3OCO4)CC2)CC1)C1CCS(=O)(=O)C1,6.89
C[C@H]1C[C@H](NS(=O)(=O)c2ccc(F)c(Cl)c2)CN1CCCc1noc2cc(F)ccc12,6.89
COc1ccccc1N1CCN(CCN2CCN(c3ncccc3C#N)CC2)CC1,6.89
COc1cc2c(cn1)C(=O)N(CCN1CCN(c3nsc4ccccc34)CC1)CC2,6.89
Cn1nc(C(=O)N2CCN(CCN3CCN(c4cccc(Cl)c4Cl)CC3)CC2)c2ccccc21,6.89
O=S(=O)(N[C@H]1CC[C@H](N2CCC(c3ccccc3OCC(F)(F)F)CC2)CC1)c1cccc(OC(F)F)c1,6.89
Clc1ccc(CN2CCC(c3cc(-c4ccc(Cl)cc4)no3)CC2)cc1,6.89
CC(C)(C)c1nc(N2CCN(CCCCn3cc(Cl)ccc3=O)CC2)cc(C(F)(F)F)n1,6.89
COc1ccc(Cl)cc1S(=O)(=O)N[C@H]1CC[C@@H](N2CCC(c3ccccc3OC3CC3)CC2)CC1,6.89
Cn1ncc2c1C(=O)N(CCN1CCN(c3nsc4ccccc34)CC1)CCC2,6.89
Br.Cc1cc(Cl)ccc1N1CCN(C[C@H]2C[C@@H]2c2ccccc2)CC1,6.89
COc1ccccc1N1CCN(CCCNC(=O)Nc2ccc(-c3ccccc3)cc2)CC1,6.89
O=C1c2ccccc2C(=O)N1CCCCN1CCC(N(Cc2ccccc2)c2ccccc2)CC1,6.89
c1ccc(N2CCN(CCCc3ccc4nc[nH]c4c3)CC2)cc1,6.89
c1ccc(CN2CCN3c4cccc5[nH]cc(c45)CC3C2)cc1,6.89
C=Cc1ccc(C(=O)NCCCCN2CCCN(c3ccccc3OC)CC2)cc1,6.89
COc1ccccc1N1CCN(CCCCNC(=O)c2cc3cc(C#N)ccc3o2)CC1,6.89
COc1ccccc1N1CCCN(CCCCNC(=O)c2ccc(-c3ccsc3)cc2)CC1,6.89
COc1ccccc1N1CCN(CCCCNC(=O)/C=C/c2ccc(C(C)(C)C)cc2)CC1.O=C(O)C(=O)O,6.89
O=C(N[C@H]1CC[C@H](CCN2CCC(c3coc4ccccc34)CC2)CC1)C12CC3CC(CC(C3)C1)C2,6.89
CCCN(CCC)[C@H]1CCn2c(C#N)ccc2C1,6.89
CN(C)S(=O)(=O)N[C@H]1CC[C@H](CCN2CCN(c3cccc4c3OCO4)CC2)CC1,6.89
CN(C)CCSc1nc(-c2ccncc2)cs1,6.89
CCCN1CCc2nn3ccccc3c2C1,6.89
Cn1c(SCCCN2CC[C@]3(C[C@@H]3c3ccc(C(F)(F)F)cc3)C2)nnc1-c1csnn1,6.89
OC1(c2cccc(Cl)c2)CCN(Cc2c[nH]c3ccccc23)CC1,6.89
CCCN(CCC)C1COc2c(O)cccc2C1,6.89
CNc1cc(OC)c(C(=O)N[C@H]2CCCN(Cc3ccccc3)C2)cc1Cl,6.89
COc1c(C(=O)N[C@@H]2CCN(Cc3ccccc3)C2)cc(Br)c2ccccc12,6.89
COc1ccccc1N1CCN(Cc2cn3cc(Br)ccc3n2)CC1,6.89
CCO/N=C(\CCN1CCN(c2ccccn2)CC1)c1ccccc1,6.89
Cn1cc2c(n1)CCCN(CCN1CCC(c3noc4ccccc34)CC1)C2=O,6.88
Fc1ccc(C(OC2CC3CCC(C2)N3Cc2ccccc2)c2ccc(F)cc2)cc1,6.88
CO/N=C(\CCN1CCN(c2ccccn2)CC1)c1cc(F)cc(F)c1,6.88
O=C1c2ccccc2S(=O)(=O)N1CCCCCCN1CCN(c2cccc(Cl)c2Cl)CC1,6.88
Cc1cc2c(cc1O)[C@H]1C[C@](O)(c3ccc(Cl)cc3)CCN1CC2,6.88
COc1cc(F)cc(N2CCN(CCCCNC(=O)c3ccc(-n4ccnc4)cc3)CC2)c1,6.88
COC(=O)N[C@H]1CC[C@H](CCN2CCC(c3cccc4c3OCO4)CC2)CC1,6.88
CN1C(=O)C(N2CCN(Cc3ccc(Cl)cc3)CC2)Cc2ccccc21,6.88
CC(C)CC(=O)N[C@H]1CC[C@H](CCN2CCN(c3cccc4c3OCO4)CC2)CC1,6.88
COc1ccc(S(=O)(=O)N[C@H]2CC[C@H](N3CCC(c4ccccc4OC4CC4)CC3)CC2)cc1OC,6.88
C(#Cc1ccccc1)COCCC1CCN(CCc2ccccc2)CC1,6.88
CCOc1ccc2[nH]cc(C3=CCN(Cc4ccc(OC)cc4)CC3)c2c1,6.88
Cc1ncoc1-c1nnc(SCCN2CC[C@@]3(C[C@@H]3c3ccc(C(F)(F)F)cc3)C2)n1C,6.88
CNC1CCc2c(cccc2OC)C1,6.88
Cc1ccc(C(=O)N[C@H]2CC[C@H](CCN3CCC(c4cccc5c4OCO5)CC3)CC2)cn1,6.88
FC(F)(F)c1nc2c3c(ccc2[nH]1)CCC(CNCc1ccccc1)O3,6.88
CC(=O)NCCCOc1ccc2c(c1O)-c1cccc3c1[C@@H](C2)N(C)CC3,6.88
O=C(O)C(=O)O.O=C1CCc2ccccc2N1CCCN1CCN(c2ccccc2[N+](=O)[O-])CC1,6.88
COc1ccccc1N1CCN(C/C=C/CNC(=O)c2ccc(CCF)cc2)CC1.O=C(O)C(=O)O,6.88
O=C(NCCCCN1CCN(c2cccc3[nH]c(=O)[nH]c23)CC1)c1ccc2ccccc2c1,6.88
COc1ccccc1N1CCN(CCCNS(=O)(=O)c2ccc3ccccc3c2)CC1,6.88
O=C(CCN1CCC(O)(c2ccc(Cl)cc2)CC1)c1ccc(F)cc1,6.88
Nc1cccc(C2CCN(CCNC(=O)C3CCOCC3)CC2)n1,6.88
COc1ccc(Cl)cc1OC[C@@H]1CN(Cc2ccc(Cl)cc2)CCO1,6.88
COc1c(C(=O)N[C@H]2CN(Cc3ccccc3)C[C@H]2C)cc(Br)c2ccccc12,6.87
CN1CCc2ccc(OCCCN3CCN(c4cccc5ccccc45)CC3)cc2C1=O,6.87
Cn1c(SCCCN2CC[C@]3(CC3c3ccc(C(F)(F)F)cc3)C2)nnc1-c1ccncc1,6.87
O=C(N[C@H]1CC[C@H](CCN2CCC(c3cccc4c3CCO4)CC2)CC1)C1CCOC1,6.87
COc1ccccc1N1CCN(CCCCn2cc(-c3ccc(-c4cnco4)cc3)nn2)CC1,6.87
CC1CC(=O)c2ccc(N3CCN(C)CC3)cc2N1S(=O)(=O)c1ccc2ccccc2c1,6.87
O=C(CCCCCN1CCN(c2ccccc2-c2ccccc2)CC1)NCc1ccc(OCCN2CCOCC2)cc1,6.87
O=c1[nH]c2cc(Cl)ccc2n1C1CCN(CCCCc2c[nH]c3ccccc23)CC1,6.87
CCCN1CCC[C@@H](c2cccc(-c3ccsc3)c2)C1,6.87
CCN1CCN(c2ccc3c(c2)N(S(=O)(=O)c2ccccc2)CC3)CC1,6.87
C[C@H]1C=C(C2=Nc3cc(Cl)ccc3Nc3ccc(C#N)cc32)CCN1C,6.87
CCOc1ccc(Cl)cc1CN1CCN(CC(=O)N2c3ccccc3C[C@H]2C)CC1,6.87
COc1cccc(N2CCN(CC[C@H]3CC[C@H](NC(=O)N(C)C)CC3)CC2)c1F,6.87
Cn1ccc2c1CCN(CCN1CCN(c3nsc4ccccc34)CC1)C2=O,6.87
O=C1c2cn[nH]c2CCCN1CCN1CCC(c2noc3ccccc23)CC1,6.87
O=C(NCCCCN1CCCN(C(c2ccccc2)c2ccccc2)CC1)c1ccc2ccccc2c1,6.87
CC(C)C(=O)N[C@H]1CC[C@H](CCN2CCN(c3cccc4c3OCO4)CC2)CC1,6.87
CC(=O)OC(CCNC(=O)c1ccc(-c2ccccn2)cc1)CN1CCN(c2cccc(Cl)c2Cl)CC1,6.87
COc1cc2c(cn1)C(=O)N(CCN1CCC(c3noc4ccccc34)CC1)CC2,6.87
O=S(=O)(CC1CCN(CCCc2noc3cc(F)ccc23)C1)c1ccc(F)c(Cl)c1,6.87
C[C@@H](O)[C@@H]1NC(=O)[C@H](CCCCN)NC(=O)[C@@H](Cc2c[nH]c3ccccc23)NC(=O)[C@H](Cc2ccncc2)NC(=O)[C@H](Cc2ccccc2)NC(=O)[C@H](CCCNC(=N)N)NC(=O)[C@H](N(CCSC[C@@H]2C[C@@H]3c4cccc5[nH]cc(c45)C[C@H]3N(C)C2)CCSC[C@@H]2C[C@@H]3c4cccc5[nH]cc(c45)C[C@H]3N(C)C2)CCCCNC(=O)[C@H](Cc2ccccc2)NC1=O,6.87
Clc1ccc2c(c1)C(NC1CC3CCC(C1)N3Cc1ccccc1)=Nc1cccnc1N2,6.87
CCc1cc(Cl)c(OC)c(N2CCN(CCCCCNC(=O)c3cc4ccccc4o3)CC2)c1,6.86
Cl.Clc1ccc2sc(CCCCN3CCc4ccccc4C3)nc2c1,6.86
COc1ccccc1N1CCN(CCCCn2cc(-c3ccccc3)nn2)CC1,6.86
Clc1cccc(N2CCNCC2)c1Cl,6.86
COc1ccccc1N1CCCN(CCCCNC(=O)c2cc3ccccc3[nH]2)CC1,6.86
CC1Cc2cccc3c2N1C(=O)C(N1CCN(Cc2ccc(Cl)cc2)CC1)CC3,6.86
Cc1ccc2cc(C(=O)N3CCN(CCOc4cccnc4)CC3)[nH]c2c1,6.86
Fc1ccc(CCCCN2CCCN(c3ccc(Cl)cc3)CC2)cc1,6.86
COc1cccc2c3c(oc12)CN(C/C=C/COc1ccc2ccc(=O)[nH]c2c1)CC3,6.86
Cc1cc2c(n1C)CCCN(CCN1CCC(c3noc4ccccc34)CC1)C2=O,6.86
COc1ccc2cc(C(=O)N3CCN(CCOc4cccnc4)CC3)[nH]c2c1,6.86
CO/N=C(\CCN1CCN(c2ccccn2)CC1)c1ccc(C)c(C)c1,6.86
COc1cccc(C(=O)NN2c3ccc(Cl)cc3N=C(N3CCN(C)CC3)c3cc(Cl)ccc32)c1,6.86
CC(C)(C)c1nc(N2CCN(CCCCNC(=O)NCc3ccccc3)CC2)cc(C(F)(F)F)n1,6.86
CCc1cccc(N2CCNCC2)c1Cl,6.86
CCN(CCN1CCC(c2noc3cc(F)ccc23)CC1)C(=O)C1CN(C(C)=O)CCC1O,6.86
CCc1cc(Cl)c(OC)c(N2CCN(CCCCNC(=O)c3cc4ccccc4o3)CC2)c1,6.86
O=S(=O)(N[C@H]1CC[C@H](CCN2CCC(c3cccc4c3CCO4)CC2)CC1)c1ccccc1,6.86
COc1ccccc1N1CCN(CCCCc2cn(-c3ccccc3OC)nn2)CC1,6.86
O=C(C[C@@H]1CCCOC1)N[C@H]1CC[C@H](CCN2CCN(c3cccc4c3OCO4)CC2)CC1,6.86
O=C(CC1CCOCC1)N[C@H]1CC[C@H](CCN2CCN(c3cccc4c3OCO4)CC2)CC1,6.86
O=c1[nH]c2[nH]c(-c3ccccc3)cc2c(=O)n1CCN1CCN(c2ccccc2Cl)CC1,6.86
Cc1cc(C(N)=O)c(-c2cccc(OC(=O)NCCN3CCN(c4ccccc4)CC3)c2)o1,6.86
O=c1n(CCCCCCN2CCN(c3cccc(Cl)c3)CC2)nc2ccccn12,6.86
Cc1ncoc1-c1nnc(SCCCN2C[C@@H]3CCN(c4ccc(C(F)(F)F)cc4)[C@@H]3C2)n1C,6.86
N#CCC(=O)N[C@H]1CC[C@H](CCN2CCC(c3cccc4c3CCO4)CC2)CC1,6.86
CN(C)CCCN1c2ccccc2CCc2ccc(Cl)cc21,6.86
O=C(O)C(=O)O.O=C1CCc2ccccc2N1CCCN1CCN(c2ccccc2Cl)CC1,6.86
Cn1c(SCCCN2C[C@H]3CCN(c4ccc(C(F)(F)F)cc4)[C@H]3C2)nnc1[C@@H]1COCCO1,6.86
COc1ccc(F)cc1S(=O)(=O)N[C@H]1CC[C@H](N2CCN(c3ccccc3OC(C)C)CC2)CC1,6.86
COc1ccccc1N1CCN(CCNC(=O)/N=N/c2ccc(F)cc2)CC1,6.85
O=C(NCCCCN1CCN(c2cccc(Cl)c2Cl)CC1)c1cc2ccc1CCc1ccc(cc1)CC2,6.85
O=C(NCCCCN1CCN(c2cccc(O)c2)CC1)c1ccc(-c2ccsc2)cc1,6.85
CCCN(CCN1CCN(c2ccccc2)CC1)C1CCc2ccc(O)cc2C1,6.85
N#CCO/N=C(\CCN1CCN(c2ccccn2)CC1)c1ccccc1,6.85
CN(C)C(=O)C(CCN1C[C@H](O)C[C@H]1C(=O)NCCCCN1CCN(c2cccc(Cl)c2Cl)CC1)(c1ccccc1)c1ccccc1,6.85
CCN1CCN2c3cccc4[nH]cc(c34)CC2C1,6.85
COc1ccc2[nH]cc(C3=CCN(Cc4cccs4)CC3)c2c1,6.85
O=C(CC1CC1)N[C@H]1CC[C@H](CCN2CCN(c3cccc4c3OCO4)CC2)CC1,6.85
COc1ccc2[nH]cc(C3=CCN(Cc4ccco4)CC3)c2c1,6.85
O=C1c2cccc3cccc(c23)C(=O)N1CCCCCCN1CCN(c2ccccc2[N+](=O)[O-])CC1,6.85
COc1ccccc1N1CCN(CCCCNC(=O)c2ccc(N3CCOCC3)cc2)CC1,6.85
Cn1nnc(-c2ccc3c(c2)c(C2CCN(CCN4CCNC4=O)CC2)cn3-c2ccc(F)cc2)n1,6.85
Cn1c(SCCCN2CC3CCN(c4cccc(F)c4)C3C2)nnc1-c1cnccn1,6.85
Cn1c(SCCCN2C[C@H]3CCN(c4ccc(C(F)(F)F)cc4)[C@H]3C2)nnc1-c1cnccn1,6.85
COc1ccccc1N1CCN(CCCNC(=O)NCc2c(F)cccc2-c2ccccc2)CC1,6.85
Cc1c(-c2ccccc2)cnn1C1CCN(Cc2ccccc2)CC1,6.85
COc1ccccc1N1CCN(CCCCNC(=O)c2cc3cc(C#N)ccc3[nH]2)CC1,6.85
CCCN(CCc1ccc(NC(=O)CCc2cn(CCCCCCNC(=O)COc3cncc(C#Cc4csc(C)n4)c3)nn2)cc1)C1CCc2c(O)cccc2C1,6.85
CC(C)(C)c1nc(N2CCN(CCCCN3C(=O)CC(=O)c4ccccc43)CC2)cc(C(F)(F)F)n1,6.85
N#Cc1ccc(CNC(=O)CCCCCN2CCN(c3ccccc3-c3ccccc3)CC2)cc1,6.85
CN1CCN(C2=Nc3ccccc3Nc3ccc(OS(=O)(=O)C(F)(F)F)cc32)CC1,6.85
Cl.O=S1(=O)c2cccc3cccc(c23)N1CCCCCCN1CCN(c2ccccc2Cl)CC1,6.85
CCCN1CCc2cccc3c2[C@H]1Cc1cccc(OCCCCN2CCN(c4ccccc4OC)CC2)c1-3,6.85
CC(C)c1ccccc1OCCN1CCC(NS(=O)(=O)c2cnn(C)c2)CC1,6.85
CCOc1ccccc1N1CCN(CCCC(=O)NCc2nc3ccc(F)cc3c(=O)n2-c2ccc(OC)cc2)CC1,6.85
CN1Cc2c(C(=O)N[C@H]3CC[C@H](CCN4CCc5ccc(OCC(C)(F)F)nc5CC4)CC3)cccc2C1=O,6.85
Cn1cc(/C=C/C(=O)N[C@H]2CC[C@H](CCN3CCc4nc(OCC(F)(F)F)sc4CC3)OC2)cn1,6.85
Cc1ncc(/C=C/C(=O)N[C@H]2CC[C@H](CCN3CCc4nc(OCC(F)F)sc4CC3)CC2)s1,6.85
O=c1c2ccccc2ncn1CCCCN1CCN(c2ccc(Cl)cc2)CC1,6.85
O=C(O)C(F)(F)F.[N-]=[N+]=NCCSSCCn1cc(C(=O)CCCN2CCC(O)(c3ccc(Cl)cc3)CC2)nn1,6.85
CCOCCOc1cccc(C(=O)NCCCN2CCN(c3ccccc3OC)CC2)c1,6.85
COc1cccc(C(=O)NCc2ccccc2CN2CCc3cc(OC)c(O)cc3C2)c1,6.85
CC(C)(O)c1ccc(CSc2nc3ccccc3n2Cc2ccc(Cl)cc2)cc1,6.85
O=c1[nH]c2cccc(OC3CCN(CC4CCc5[nH]c6ccc(F)cc6c5C4)CC3)c2o1,6.85
O=C(CCCN1CCC(O)(c2cc3ccc2CCc2ccc(cc2)CC3)CC1)c1cc2ccc1CCc1ccc(cc1)CC2,6.85
O=C1CC2(CCCC2)CC(=O)N1CCN1CCN(c2ccccc2F)CC1,6.85
O=S(=O)(c1cccc2ncccc12)N1CCC(CCN2CCN(c3ccc(Cl)cc3)CC2)CC1,6.85
O=C(CCCCCCCCCCCCCCC(=O)OC1(c2ccc(Cl)cc2)CCN(CCCC(=O)c2ccc(F)cc2)CC1)OC1(c2ccc(Cl)cc2)CCN(CCCC(=O)c2ccc(F)cc2)CC1,6.85
COc1ccccc1N1CCN(Cc2cc(CN(C)C)c3cccccc2-3)CC1,6.85
O=C(NCCCCN1CCN(c2cccc(Cl)c2Cl)CC1)c1cc2cc(I)ccc2s1,6.85
COc1ccccc1N1CCCN(CCCCNC(=O)c2ccc(Br)nc2)CC1,6.84
CC[C@@H](O)C(=O)N(CC)CCN1CCC(c2noc3cc(F)ccc23)CC1,6.84
COc1ccc(S(=O)(=O)N[C@H]2CC[C@@H](N3CCC(c4ccccc4OC4CC4)CC3)CC2)cc1OC,6.84
O=S(=O)(c1cncc2ccccc12)N1CCC(CCN2CCN(c3ccc(Cl)c(Cl)c3)CC2)CC1,6.84
O=C(CC1CCOCC1)N[C@H]1CC[C@H](CCN2CCN(c3nccc4sccc34)CC2)CC1,6.84
COc1ccccc1N1CCN(CCCCNC(=O)c2ccc(I)cc2)CC1,6.84
COc1ccccc1N1CCN(CCCCN2C(=O)c3cc4ccccc4cc3C2=O)CC1,6.84
CS(=O)(=O)N[C@H]1CC[C@H](CCN2CCN(c3cccc4c3OCO4)CC2)CC1,6.84
CN(CCCC12CCC(c3ccccc31)c1ccccc12)Cc1ccc(OCCCN2CCCCC2)cc1,6.84
Cc1ncoc1-c1nnc(SCCCN2C[C@H]3CCN(c4ccccc4)[C@H]3C2)n1C,6.84
CO/N=C(/c1ccc(Cl)cc1)C(C)CN1CCN(c2ccccn2)CC1,6.84
COc1ccc(S(=O)(=O)N[C@H]2CC[C@@H](N3CCC(c4ccccc4OC(C)C)CC3)CC2)cc1OC,6.84
Cc1cc(-c2nnc(SCCCN3CC4CCN(c5ccc(C(F)(F)F)cc5)C4C3)n2C)on1,6.84
O=C(O)C(=O)O.O=C1CCc2ccc(OCCCCN3CCC(n4c(=O)[nH]c5ccccc54)CC3)cc2N1,6.84
CN1CCc2cc(Cl)c(O)cc2[C@@H]1Cc1ccccc1,6.84
Br.Clc1cccc(N2CCN(C[C@H]3C[C@@H]3c3ccccc3)CC2)c1,6.84
CC1CCC(CN2CCN(c3cccc(Cl)c3Cl)CC2)CN1CCC(C(=O)N(C)C)(c1ccccc1)c1ccccc1,6.84
O=C1CCc2ccc(OC[C@H]3CC[C@H](CN4CCN(c5cccc(Cl)c5Cl)CC4)CC3)cc2N1,6.84
O=c1n(CCCCCCN2CCN(c3cccc4cccnc34)CC2)nc2ccccn12,6.84
CCCN[C@@H]1CCc2c(OC)cccc2[C@@H]1C,6.84
O=C(N[C@H]1CC[C@H](CCN2CCN(c3cccc4c3OCO4)CC2)CC1)C1CC1(F)F,6.84
CCCC(=O)N[C@H]1CC[C@H](CCN2CCN(c3cccc4c3OCO4)CC2)CC1,6.84
CN(CCc1ccccc1OC(F)(F)F)CCN1CCCCC1,6.84
Cn1ncc2c1CCC(CCN1CCN(c3nsc4ccccc34)CC1)C2=O,6.84
Cc1ccccc1N1CCN(CCCCCC(=O)NC2CCCc3ccccc32)CC1,6.84
O=C1c2cn(-c3ccccc3)nc2CCN1CCN1CCN(c2nsc3ccccc23)CC1,6.84
Cc1ccc(OCCNCCCOc2ccccc2)cc1C,6.84
O=C1CCc2ccc(OCC3CCC(CN4CCN(c5cccc(Cl)c5Cl)CC4)CC3)cc2N1,6.84
CCCN1CCC[C@@H](c2cccc(C=O)c2)C1,6.84
O=C(N[C@H]1CC[C@H](CCN2CCC(c3cccc4c3CCO4)CC2)CC1)C1CCC1,6.84
O=C(O)C(=O)O.Oc1ccc2c(c1)O[C@@H](CNCc1ccccc1OCCCCF)CC2,6.84
O=S(=O)(c1cncc2ccccc12)N1CCC(CCN2CCN(c3cccc(C(F)(F)F)c3)CC2)CC1,6.83
O=S(=O)(c1cccc2ncccc12)N1CCC(CCN2CCN(c3cccc(C(F)(F)F)c3)CC2)CC1,6.83
Cc1ccc2c(c1)C(NC1CC3CCC(C1)N3Cc1ccccc1)=Nc1cccnc1N2,6.83
COc1cc2c(cc1O)[C@@H]1Cc3c(CO)c(OC)cc(OC)c3CN1CC2,6.83
COc1cccc2c3c(oc12)CN(CCCOc1ccc2ccc(=O)[nH]c2c1)CC3,6.83
Cn1c(SCCCN2CC3CCN(c4ccc(C(F)(F)F)cc4)C3C2)nnc1N1CCOCC1,6.83
CC(=O)Nc1ccc(OCCCN2CCC(c3noc4cc(F)ccc34)CC2)cc1F,6.83
O=C(NC/C=C/CN1CCN(c2cccc(Cl)c2Cl)CC1)c1cc2ccccc2s1,6.83
COc1ccc(CN2CC=C(c3c[nH]c4ccc(OC)cc34)CC2)cc1,6.83
CN1CCN(c2ccc(C(=O)N[C@H]3CC[C@H](CCN4CCC(c5cccc6c5CCO6)CC4)CC3)cc2)CC1,6.83
O=c1n(Cc2ccc(CN3CCN(c4cccc(Cl)c4)CC3)cc2)nc2ccccn12,6.83
Cn1ncc2c1CCC(CCN1CCC(c3noc4ccccc34)CC1)C2=O,6.83
CC(C)c1ccccc1OCCN1CCC(NS(=O)(=O)c2cc(F)ccc2F)CC1,6.83
COc1c(O)ccc2c1CN1CCc3cc4c(cc3[C@@H]1C2)OCC4,6.83
Cc1ccc2nc(-c3ccc(OCCCCN4CCN(c5cccc(Cl)c5Cl)CC4)cc3)cn2c1,6.83
CC(C)Oc1ccccc1N1CCN([C@H]2CC[C@@H](NS(=O)(=O)c3ccccc3F)CC2)CC1,6.83
CCc1cn(CCCCN2CCN(c3cc(C(F)(F)F)nc(C(C)(C)C)n3)CC2)c(=O)[nH]c1=O,6.83
CC(C)(C)OC(=O)NC[C@H]1CC[C@H](CN2CCN(c3cccc(Cl)c3Cl)CC2)CC1,6.83
CN1CCc2cccc3c2[C@H]1Cc1ccc(OCCCNC(=O)CCCCC(=O)NCCCOc2ccc4c(c2O)-c2cccc5c2[C@@H](C4)N(C)CC5)c(O)c1-3,6.83
CN1CCC(C(=O)N[C@H]2CC[C@H](CCN3CCC(c4cccc5c4OCO5)CC3)CC2)CC1,6.83
CC(C)(C)c1nc(N2CCN(CCCCNC(=O)c3cn4ccccc4n3)CC2)cc(C(F)(F)F)n1,6.83
Cl.c1ccc(Cc2nc3c(c(Nc4ccccc4)n2)CCNCC3)cc1,6.83
OC1(c2ccc(Cl)c(C(F)(F)F)c2)CCN(CCCN(c2ccc(F)cc2)c2ccc(F)cc2)CC1,6.83
C[C@@H](O)[C@@H]1NC(=O)[C@H](CCCCN)NC(=O)[C@@H](Cc2c[nH]c3ccccc23)NC(=O)[C@H](Cc2ccncc2)NC(=O)[C@H](Cc2ccccc2)NC(=O)[C@H](CCCNC(=N)N)NC(=O)[C@H](NC[C@H](Cc2ccc(O)cc2)NC(=O)C[S+]([O-])C[C@@H]2C[C@@H]3c4cccc5[nH]cc(c45)C[C@H]3N(C)C2)CCCCNC(=O)[C@H](Cc2ccccc2)NC1=O,6.83
O=C(N[C@H]1CC[C@H](CCN2CCC(c3cccc4c3OCO4)CC2)CC1)c1ccc(Cl)cc1,6.83
CC(F)(F)COc1nc2c(s1)CCN(CC[C@H]1CC[C@H](NC(=O)c3cccc4ncccc34)CC1)C2,6.82
Cl.O=C(CCCN1CCCC2(C1)OC(c1ccccc1)=CC2=O)c1ccc(F)cc1,6.82
COc1ccccc1N1CCCN(CCCCNC(=O)c2ccc(CCO)cc2)CC1,6.82
COc1cc2c(cc1O)CN(Cc1ccccc1CNC(=O)c1cccc(Br)c1)CC2,6.82
O=C1CC(CN2CCC(C(=O)c3ccc(F)cc3)CC2)Cc2occc21,6.82
CCN(C)CCc1c(-c2ccccc2F)[nH]c2ccccc12,6.82
CCN[C@@H]1Cc2cc3nc(N)sc3cc2C1,6.82
CN1CCC(c2cn(-c3ccc(F)cc3)c3ccc(-c4cnn(C)c4)cc23)CC1,6.82
CO[C@@H](C)C(=O)N[C@H]1CC[C@H](CCN2CCN(c3cccc4c3OCO4)CC2)CC1,6.82
CCc1cccc(N2CCN(CCC(O)CCNC(=O)c3nc(C)c[nH]3)CC2)c1Cl,6.82
O=C(NC1CCN(Cc2ccccc2)C1)c1cccc(-c2ccccc2)c1,6.82
COc1c(C(=O)NCCN2CCN(c3ccccc3[N+](=O)[O-])CC2)cc(Br)c2ccccc12,6.82
Cc1ccc2c(c1)Oc1ccc(C)cc1C(C1CCN(CC(C)(C)C(=O)O)CC1)=N2,6.82
COc1ccc2c(c1)C(CCCN1CCN(c3ccccc3OC)CC1)CCC2,6.82
COc1ccccc1N1CCN(CCCNC(=O)c2cc3ccccn3n2)CC1,6.82
CC(C)(C)c1nc(N2CCN(CCCCn3c(=O)ccc4ccccc43)CC2)cc(C(F)(F)F)n1,6.82
O=C(N[C@H]1CC[C@H](CCN2CCC(c3coc4ccccc34)CC2)CC1)c1ccc(C(F)(F)F)cc1,6.82
O=C1c2ccccc2CCCN1CCCCN1CCN(c2ncccn2)CC1,6.82
O=C(Nc1nccc2ccccc12)NC1CCN(Cc2ccccc2)CC1,6.82
COc1ccccc1N1CCCN(CCCCNC(=O)c2cccc(OC)c2OC)CC1,6.82
CC(O)C(=O)N(CCN1CCC(c2noc3cc(F)ccc23)CC1)CC1CC1,6.82
Brc1cccc(N2CCN(Cc3cnn4ccccc34)CC2)n1,6.82
N#Cc1ccc(C(=O)N[C@H]2CC[C@H](CCN3CCC(c4cccc5c4OCO5)CC3)CC2)cc1,6.82
COc1ccccc1N1CCN(CCN2CCc3ncsc3CC2)CC1,6.82
COc1ccccc1N1CCN(Cc2cn3cc(C)cc(Br)c3n2)CC1,6.82
O=C(N[C@H]1CC[C@H](CCN2CCC(c3cccc4c3CCO4)CC2)CC1)C1CC1,6.82
CCCN(Cc1cccs1)[C@@H]1CCc2c(cccc2OC)C1,6.82
CC(=O)Nc1ccc(OCCCN2CCC(c3noc4cc(F)ccc34)CC2)cc1C,6.82
Cc1ncoc1-c1nnc(SCCCN2C[C@H]3CC[C@H](c4ccc(C(F)(F)F)cc4)[C@H]3C2)n1C,6.82
Cl.O=C1C(c2ccccc2)=COC12CCN(CCc1ccsc1)CC2,6.82
CCOc1ccc2[nH]cc(C3=CCN(Cc4ccccc4)CC3)c2c1,6.82
CCc1cccc(N2CCN(CC(O)CCNC(=O)c3nc(C)c[nH]3)CC2)c1Cl,6.82
Cn1c(N2CCCC2)nc2c(CN3CCN(c4ccccn4)CC3)c[nH]c2c1=O,6.82
CN1CCN(C2=Nc3cc(Cl)ccc3Oc3ccccc32)CC1,6.82
Cc1ccc(C(=O)N[C@H]2CC[C@H](CCN3CCC(c4cccc5c4CCO5)CC3)CC2)cn1,6.82
O=C(CCCCCCCCCCCCCCCCC(=O)OC1(c2ccc(Cl)cc2)CCN(CCCC(=O)c2ccc(F)cc2)CC1)OC1(c2ccc(Cl)cc2)CCN(CCCC(=O)c2ccc(F)cc2)CC1,6.82
FCCOc1ccccc1N1CCN(Cc2cnn3ccccc23)CC1,6.82
C[C@H]1C[C@H](NS(=O)(=O)c2ccc3cc(Cl)ccc3c2)CN1CCCc1noc2cc(F)ccc12,6.81
COc1ccccc1C1CC1CNCCCOc1ccc2ccc(=O)[nH]c2c1,6.81
CCN(CCN1CCC(c2noc3cc(F)ccc23)CC1)C(=O)CCO,6.81
CS(=O)(=O)CC(=O)N[C@H]1CC[C@H](CCN2CCC(c3cccc4occc34)CC2)CC1,6.81
C[C@H]1C[C@H](NS(=O)(=O)c2cccc(Cl)c2)CN1CCCc1noc2cc(F)ccc12,6.81
COc1ccc(Cl)cc1S(=O)(=O)N[C@H]1CC[C@H](N2CCC(c3ccccc3OC3CC3)CC2)CC1,6.81
Cn1c(SCCCN2CC3CCN(c4ccc(C(F)(F)F)cc4)C3C2)nnc1-c1nccs1,6.81
Cn1c(SCCCN2C[C@@H]3CCN(c4ccc(C(F)(F)F)cc4)[C@@H]3C2)nnc1-c1cnccn1,6.81
O=C(CCCN1CC2CCC(C1)N2c1ccccc1)c1ccc(F)cc1,6.81
O=S(=O)(N[C@H]1CC[C@@H](N2CCC(c3ccccc3OCC(F)(F)F)CC2)CC1)c1ccc(OC(F)F)cc1,6.81
Cc1nc(N)sc1CCCN/C(N)=N/C(=O)N[C@H](C)c1ccccc1,6.81
CC(C)(C)c1nc(N2CCN(CCCCn3ccc(C4CC4)nc3=O)CC2)cc(C(F)(F)F)n1,6.81
COc1ccccc1N1CCN(C/C=C/CNC(=O)c2cc3cc(OCCOCCOCCF)ccc3[nH]2)CC1.O=C(O)C(=O)O,6.81
CCN(CCCOc1ccc2c(c1)NC(=O)CC2)CC1CC1c1cc(F)ccc1OC,6.8
CC(=O)N(Cc1ccc([C@H]2CN(C)CCc3cc(Cl)c(O)cc32)cc1)C1CCC1,6.8
O=C(CC1(O)CCCCC1)N[C@H]1CC[C@H](CCN2CCN(c3cccc4c3OCO4)CC2)CC1,6.8
c1ccc(N2CCN(C3CCC(Nc4ncccn4)CC3)CC2)cc1,6.8
N#Cc1cccc(N2CCN(CCN3CCC(C(F)(F)F)CC3)C2=O)c1,6.8
Br.CCCN1C[C@H](c2ccc(O)cc2)C[C@@H]2c3cc(O)c(O)cc3CC[C@H]21,6.8
O=C1CC(CN2CCC(c3c[nH]c4cc(F)ccc34)CC2)Cc2nc(N3CCCC3)sc21,6.8
Cc1cc(CN(C)CCN2CCN(c3cccc(Cl)c3)C2=O)on1,6.8
CNC(=O)c1ccc2c(c1)CCO[C@@H]2CCN1CCN(c2ccc(OC)cc2)CC1,6.8
COc1ccccc1N1CCN(CCCCOc2ccc(-c3cn4cccc(C)c4n3)cc2)CC1,6.8
COc1ccccc1N1CCN(CCCc2cn(-c3ccc(-c4ccsc4)cc3)nn2)CC1,6.8
CN1CCC(c2cn(-c3ccc(F)cc3)c3ccc(-c4ccn(C)n4)cc23)CC1,6.8
COc1ccc2c(c1)OCCN(C)CCc1ccccc1C2,6.8
O=C(NCCCCN1CCN(C(c2ccccc2)c2ccc(Cl)cc2)CC1)c1cccs1,6.8
CS(=O)(=O)c1ccc2c(c1)CCN(CC[C@H]1CC[C@H](NC(=O)/C=C/c3ccccc3C#N)CC1)CC2.Cl,6.8
OC1(c2ccc(Cl)c(C(F)(F)F)c2)CCN(CCCC(c2ccc(F)cc2)c2ccc(F)cc2)CC1,6.8
COc1ccccc1N1CCN(CCCCNC(=O)c2ccc(F)nc2)CC1,6.8
CCCN(CCC)C1CCn2nccc2C1,6.8
CS(=O)(=O)c1ccc2c(c1)CCN(CC[C@H]1CC[C@H](NC(=O)/C=C/c3cccc(C#N)c3)CC1)CC2.Cl,6.8
Cc1cc(-c2cccc(C(=O)N[C@H]3CC[C@H](CCN4CCc5ccc(OS(C)(=O)=O)cc5CC4)CC3)c2)on1.Cl,6.8
Cl.N#Cc1ccc2c(c1)CN(CC[C@H]1CC[C@H](NC(=O)/C=C/c3ccccc3)CC1)CC2,6.8
CCCCCCOc1ccc(C2(O)CCN(Cc3c[nH]c4ccccc34)CC2)cc1,6.8
NC(=O)c1ccccc1OCCCN1CC=C(c2cn(S(=O)(=O)c3ccccc3)c3ccccc23)CC1,6.8
CC(C)(C)c1ccccc1OCCN1CCC(N(CC2CC2)S(=O)(=O)c2ccc(F)cc2)CC1,6.8
Fc1ccc(CN2CCC(Nc3ccc(C(F)(F)F)nn3)CC2)cc1F,6.8
CCCN(CCCCNC(=O)c1ccc(-c2ccccc2)cc1)C1CCc2nc(N)ncc2C1,6.8
COc1ccc(CN2CCC(CC(=O)N3c4ccccc4CC3C)CC2)cc1,6.8
CCOc1ccc2c(c1OC)CN1CCc3cc(OC)c(O)cc3C1C2,6.8
CCCN1CCC(c2cn(C)c3cc(F)ccc23)CC1,6.8
C#Cc1ccc(C(=O)NCCCCN2CCN(c3ccccc3OC)CC2)cc1,6.8
O=C(N[C@H]1CC[C@H](CCN2CCC(c3nocc3C3CC3)CC2)CC1)c1cccc2ncccc12,6.8
CCN1[C@@H](c2ccc(-c3cc(S(=O)(=O)CC)ccc3OC)[nH]2)CC[C@H]1c1ccccc1,6.8
O=C(NCCCCN1CCN(c2cccc(F)c2)CC1)c1cc2ccccc2cn1,6.8
Cc1ncoc1-c1nnc(SCCCN2CC3CCN(c4ccccc4)C3C2)n1C,6.8
Cn1c(SCCCN2CC3CCN(c4ccc(C(F)(F)F)cc4)C3C2)nnc1C1CCCC1,6.8
Cn1c(SCCCN2CC3CCN(c4ccc(C(F)(F)F)cc4)C3C2)nnc1-c1cnccn1,6.8
COc1cccc(N2CCN(CCCCN3CCc4ccccc4C3=O)CC2)c1,6.8
COc1ccccc1N1CCN(CCCCNC(=O)c2cc3ccc(C#N)cc3[nH]2)CC1,6.8
COc1cc(N)c(Cl)cc1C(=O)NC1CCN(CCCOc2ccc(F)cc2)CC1OC,6.8
CC(Oc1cc(Cl)cc(Cl)c1)c1nc(N)nc(N2CCN(C)CC2)n1,6.8
O=C(/C=C/c1ccc2nc(O)ccc2c1)NCCCCN1CCc2ccc(OS(=O)(=O)C(F)(F)F)cc2C1,6.8
Cl.Oc1cc2c(cc1O)C(c1ccccc1)CNCC2,6.8
c1ccc2c(c1)CCN(CCCCc1c[nH]c3ccccc13)C2,6.8
O=C1CN2c3c(cccc3[C@@H]3CN(CCCOc4ccc(F)cc4)CC[C@H]32)N1,6.8
CN1CCc2ccc(NS(=O)(=O)c3ccc(-c4ccc(Cl)cc4)cc3)cc2CC1,6.8
CC(C)(C)c1nc(N2CCN(CCCCNC(=O)NCC3CCCCC3)CC2)cc(C(F)(F)F)n1,6.8
O=C1CC(CN2CCC(c3noc4cc(F)ccc34)CC2)Cc2ncncc21,6.8
COc1ccccc1N1CCN(CC2CN=C3c4ccccc4NC(=O)N32)CC1,6.8
COc1ccc(N2CCN(Cc3c(C)nc4cc(C)nc(C)n34)CC2)cc1,6.8
Clc1ccc(N2CCN(CCCCCc3cc4ccccn4n3)CC2)cc1,6.8
CCCCc1ccc(S(=O)(=O)Nc2ccc3c(c2)CCNCC3)cc1,6.8
CCCN1CCC(c2ccccc2)CC1,6.8
O=C(Nc1ccc(Cl)cc1)N[C@H]1CC[C@H](CCN2CCN(c3cccc4c3OCO4)CC2)CC1,6.8
O=S(=O)(N[C@H]1CC[C@H](N2CCC(c3ccccc3OC3CC3)CC2)CC1)c1cc(Cl)ccc1F,6.8
CCS(=O)(=O)c1ccc(OC)c(-c2ccc(CN3CCCCCC3)[nH]2)c1,6.8
COc1cc(Cl)ccc1N1CCN(CCCCNC(=O)C(C)(C)C)CC1,6.8
O=C(CCCCN1CCN(C(c2ccc(F)cc2)c2ccc(F)cc2)CC1)c1nc2ccccc2s1,6.8
Clc1ccc(CN2CCC(c3cc(-c4ccc(Cl)cc4)on3)CC2)cc1,6.8
O=C1CN2c3c(cccc3[C@@H]3CN(CCCOc4ccc(F)cc4)CC[C@@H]32)N1,6.8
CCS(=O)(=O)c1ccc(OC)c(-c2ccc(CN3CCCCC3)[nH]2)c1,6.8
COc1ccccc1NC1CCN(CCCCNC(=O)c2ccc3ccccc3c2)CC1,6.79
COc1cc2c(cc1O)[C@@H]1Cc3cc(C)cc(C)c3CN1CC2,6.79
O=C(NCCCCN1CCN(c2ccnc3ccccc23)CC1)c1cn2ccccc2n1,6.79
COc1ccc2[nH]cc(C3CCN(CCCCN4C(=O)CC(c5c[nH]c6ccccc56)C4=O)CC3)c2c1,6.79
COc1cccc(Nc2nc(Cc3ccccc3)nc3c2CCNCC3)c1.Cl,6.79
O=S(=O)(c1ccccc1)N(CCCCCCN1CCN(c2nsc3ccccc23)CC1)c1cccc(C(F)(F)F)c1,6.79
O=C1Cc2ccccc2N1CCCCN1CCN(c2ccccc2)CC1,6.79
CCc1cc(Cl)c(OC)c(C(=O)NC[C@@H]2CCCN2CCCc2ccccc2)c1O,6.79
COc1cccc2c1Cc1ccccc1CCN(C)CC2,6.79
Cn1c(CCCN2CCN(c3cccc(Cl)c3Cl)CC2)nc(-c2ccccc2)c1C(=O)NC(C)(C)C,6.79
O=S(=O)(CC1CCN(CCCc2noc3cc(F)ccc23)C1)c1cccc(Cl)c1,6.79
CCC(=O)N[C@H]1CC[C@H](CCN2CCN(c3nccc4sccc34)CC2)CC1,6.79
O=C(N[C@H]1CC[C@H](CCN2CCN(c3nccc4c3CCO4)CC2)CC1)c1ccc(-n2cccc2)cc1,6.79
CO/N=C(/c1ccc(Cl)cc1)C(CNOC)CN1CCN(c2ccccn2)CC1,6.79
CS(=O)(=O)c1ccc(C(=O)N[C@H]2CC[C@H](CCN3CCC(c4cccc5c4CCO5)CC3)CC2)cc1,6.79
Cc1ncoc1-c1nnc(SCCCN2CC[C@@]3(C[C@@H]3c3ccc(C(F)(F)F)cc3F)C2)n1C,6.79
COc1ccccc1N1CCN(CCCCNC(=O)/C=C/c2cccc(I)c2)CC1,6.79
O=C(N[C@H]1CC[C@H](CCN2CCN(c3cccc(C(F)(F)F)n3)CC2)CC1)c1ccnc2ccccc12,6.79
COc1ccccc1N1CCN(CCOCCOc2cc(C)cc(C)c2C)CC1.Cl.Cl,6.79
O=C(/C=C/c1ccccc1)NCCCCN1CCCN(C(c2ccccc2)c2ccccc2)CC1,6.79
Cl.O=C1c2cccc3cccc(c23)N1CCCCCCN1CCN(c2ccccc2C(F)(F)F)CC1,6.79
CCc1cccc(N2CCN(CC(O)CCNC(=O)c3cc4ccccc4o3)CC2)c1Cl,6.79
COc1ccccc1N1CCN(CCCc2cn(-c3ccc(N(C)C)cc3)nn2)CC1,6.79
CCCN(CCCCN1CCN(c2cccc(Cl)c2Cl)CC1)Cc1csc2ccccc12,6.79
CCc1cccc(N2CCN(CCC(O)CCNC(=O)c3cc4ccccc4o3)CC2)c1Cl,6.79
Nc1nc2c(s1)CC(CCCNCCN1CCN(c3ccc(-c4ccc5c(c4)C(=O)C(=O)N5)cc3)CC1)CC2,6.79
CCOc1ccccc1N1CCN(Cc2cccs2)CC1,6.79
O=C1[C@@H]2[C@H]3CC[C@H](C3)[C@@H]2C(=O)N1CCCCCCN1CCN(c2cccc(C(F)(F)F)c2)CC1,6.78
C=CCOC1(c2ccc(Cl)cc2)CCN(Cc2c[nH]c3ccccc23)CC1,6.78
Cc1cccc(CN2CCC(CC(=O)N3c4ccccc4CC3C)CC2)c1,6.78
CN(C)C(=O)C(CCNCCC(O)CN1CCN(c2cccc(Cl)c2Cl)CC1)(c1ccccc1)c1ccccc1,6.78
COc1ccc2[nH]c(C)c(CCNCc3ccc(-c4ccc(O)cc4)o3)c2c1,6.78
CN1CCN(C(=O)NCCCCN2CCN(c3cc(C(F)(F)F)nc(C(C)(C)C)n3)CC2)CC1,6.78
CC(C)(C)c1nc(N2CCN(CCCCn3ccc(-c4ccccc4)nc3=O)CC2)cc(C(F)(F)F)n1,6.78
CN(C)CCCN1c2ccccc2Sc2ccccc21,6.78
O=C(N[C@H]1CC[C@H](CCN2CCC(c3cccc4c3OCO4)CC2)CC1)C1CCOC1,6.78
O=C(NC/C=C/CN1CCN(c2cccc(Cl)c2Cl)CC1)c1ccc2c(c1)Cc1ccccc1-2,6.78
O=C1c2ccccc2S(=O)(=O)N1CCCCCN1CCN(c2ccccc2)CC1,6.78
O=CN[C@H]1CC[C@H](CCN2CCC(c3cccc4c3CCO4)CC2)CC1,6.78
Cl.Fc1ccc(OCCCN2CCc3ccccc3C2)cc1,6.78
COc1ccc(-c2cc3c(=O)n(CCN4CCN(c5ccccc5Cl)CC4)c(=O)[nH]c3[nH]2)cc1,6.78
CS(=O)(=O)CC(=O)N[C@H]1CC[C@H](CCN2CCC(c3cccc4c3OCO4)CC2)CC1,6.78
CCCN(CCCN1CCN(c2ccccc2)CC1)C1CCc2ccc(O)cc2C1,6.78
CCc1ccc2c(c1)C(C1=C[C@H](C)N(C)CC1)=Nc1ccccc1N2,6.78
COc1cccn(CCCCN2CCN(c3cc(C(F)(F)F)nc(C(C)(C)C)n3)CC2)c1=O,6.78
COc1ccc(CN2CC=C(c3c[nH]c4ccc(OC(C)C)cc34)CC2)cc1,6.78
Cn1c(SCCCN2C[C@H]3CCN(c4ccc(C(F)(F)F)cc4)[C@H]3C2)nnc1-c1ccncn1,6.78
CCCN[C@@H]1CCc2c(F)cccc2C1,6.78
CO/N=C(\CCN1CCN(c2ccccn2)CC1)c1ccc(F)cc1,6.78
CC(=O)Nc1ccc(OCCCN2CCN(c3cccc(Cl)c3Cl)CC2)cc1,6.78
CCOc1ccc2[nH]cc(C3=CCN(Cc4cccs4)CC3)c2c1,6.78
Cc1ncoc1-c1nnc(SCCCN2CC[C@]3(C[C@H]3c3ccc(F)cc3C(F)(F)F)C2)n1C,6.78
COc1cc2c(cc1O)CN1CCc3cc(OC)c(O)cc3[C@@H]1C2,6.78
COc1ccccc1N1CCN(CCCCNC(=O)C2CCCCC2)CC1,6.78
Cc1ccc(CN2CCN(C3CCc4cccc5c4N(C3=O)C(C)(C)C5)CC2)cc1,6.78
Cn1cc2c(C(=O)N[C@H]3CC[C@H](CCN4CCc5sc(OCC(C)(F)F)nc5C4)CC3)cccc2n1,6.77
Cn1c(F)cc2c1CCN(CCN1CCN(c3nsc4ccccc34)CC1)C2=O,6.77
O=S(=O)(N[C@H]1CCN(CCCc2noc3ccccc23)C1)c1ccc(F)c(Cl)c1,6.77
O=C(N[C@H]1CC[C@H](CCN2CC[C@H]3CN(c4ccccc4)C[C@@H]3C2)CC1)c1cccc2ncccc12,6.77
c1ccc(-c2c[nH]c(CN3CCN(c4ccccc4)CC3)c2)cc1,6.77
CCCN(CCc1ccc(C)cc1)[C@@H]1CCc2c(O)cccc2C1,6.77
C#CC1=CCC(N(CCC)CCCCn2cc(-c3ccc(-c4ccccc4)cc3)nn2)CC1,6.77
Cc1c(-c2ccc(Cl)cc2)nc(O)n1C1CCN(Cc2ccccc2)CC1,6.77
O=C(CCCN1CCC(O)(c2ccc(Cl)cc2)CC1)c1cc(F)cc(F)c1,6.77
O=S(=O)(NCCCCN1CCN(c2noc3ccccc23)CC1)c1cccc2scnc12,6.77
O=C(CCCN1CC2CC1CN2c1ccc(Cl)cc1)c1ccc(F)cc1,6.77
Cl.O=C(NCCCCN1CCN(c2cccc(Cl)c2Cl)CC1)c1cc2ccccc2s1,6.77
CO/N=C(\CCN1CCN(c2ccccn2)CC1)c1ccc(F)c(Cl)c1,6.77
CCc1cccc(N2CCN(CCC(c3cccc(OC)c3)c3cccc(OC)c3)CC2)c1Cl,6.77
CNc1ccc(C(=O)NCCCCN2CCCN(c3ccccc3OC)CC2)cc1,6.77
CCCN(CCC)C1CCC2=C(CCC/C2=N\O)C1,6.77
Cn1c(SCCCN2C[C@H]3CCN(c4ccc(C(F)(F)F)cc4)[C@H]3C2)nnc1N1CCOCC1,6.77
CN1CCc2ccc(Cc3ccc(O)c4ccccc34)c3c2[C@H]1Cc1ccc(O)c(O)c1-3.Cl,6.77
Cc1cccn(CCCCN2CCN(c3cc(C(F)(F)F)nc(C(C)(C)C)n3)CC2)c1=O,6.77
O=C(NCCC(O)CN1CCN(c2cccc(Cl)c2Cl)CC1)c1cc2ccccc2[nH]1,6.77
O=C(NCCCCN1CCN(c2ccccc2Cl)CC1)c1ccc(-c2ccsc2)cc1,6.77
COc1ccccc1N1CCN(CCCCc2cn(-c3ccc(N(C)C)cc3)nn2)CC1,6.77
Br.COc1cccc(N2CCN(C[C@H]3C[C@@H]3c3ccccc3)CC2)c1,6.77
O=C1c2cnn(C3CC3)c2CCN1CCN1CCN(c2nsc3ccccc23)CC1,6.77
COc1ccccc1N1CCN(CCCNC(=O)NCc2ccccc2-c2ccc(C(C)C)cc2)CC1,6.77
CC(C)(C)Oc1ccc(C(=O)N[C@H]2CC[C@H](CCN3CCC(c4coc5ccccc45)CC3)CC2)cc1,6.77
CCCN1CCC[C@@H](c2cccc(Br)c2)C1,6.77
Cn1cc2c(C(=O)N[C@H]3CC[C@H](CCN4CCC(c5nocc5C(C)(F)F)CC4)CC3)cccc2n1,6.77
O=C(CCCN1CC2CC1N(c1ccc(Cl)cc1)C2)c1ccc(F)cc1,6.77
Fc1ccc(OCCCN2CCCN(c3ccc(Cl)cc3)CC2)cc1,6.76
COc1cc(CCCCCNCCC[C@H]2CCc3nc(N)sc3C2)ccc1O,6.76
CN1CCN(C2=Nc3cc(Cl)ccc3N(NC(=O)c3cccc(C#N)c3)c3ccc(Cl)cc32)CC1,6.76
Cc1nc2c(o1)CC(CN1CC=C(c3c[nH]c4cc(F)ccc34)CC1)CC2=O,6.76
O=C(CCCCN1CCN(c2ccccc2F)CC1)Nc1nc2ccccc2s1,6.76
COc1ccccc1N1CCN(CNC(=O)c2ccc(C)cc2)CC1,6.76
CCc1cc(Cl)c(OC)c(C(=O)NC[C@@H]2CCCN2CCCCNC(=O)c2cc3ccccc3[nH]2)c1O,6.76
COCCC(=O)N[C@H]1CC[C@H](CCN2CCN(c3cccc4c3OCO4)CC2)CC1,6.76
Cc1ccccc1C(=O)NN1c2ccc(Cl)cc2N=C(N2CCN(C)CC2)c2cc(Cl)ccc21,6.76
CC(C)(O)CC(=O)N[C@H]1CC[C@H](CCN2CCC(c3cccc4c3CCO4)CC2)CC1,6.76
CO/N=C(\CCN1CCN(c2ccccn2)CC1)c1ccccc1,6.76
O=C(C[C@@H]1COCCO1)N[C@H]1CC[C@H](CCN2CCN(c3cccc4c3OCO4)CC2)CC1,6.76
COc1ccc2c(c1)CCCN(C)CCCc1ccccc1C2,6.76
COc1cc2c3c(c1OC)-c1ccccc1CC3N(C)CC2,6.76
CCCN1CCc2cccc3c2[C@H]1Cc1cccc(OC(=O)CCCCC2CCSS2)c1-3,6.76
CCc1ccccc1N1CCN(CCCCCC(=O)NC2CCCc3ccccc32)CC1,6.76
CC(C)(C)c1nc(N2CCN(CCCCCC(=O)NCc3ccccc3)CC2)cc(C(F)(F)F)n1,6.76
COCCC(=O)N1CCC(O)(CCCN2CCN(c3cccc(Cl)c3Cl)CC2)C1,6.76
O=C(N[C@H]1CC[C@H](CCN2CCN(c3cccc4c3OCO4)CC2)CC1)C1(O)CCCCC1,6.76
CCCN1CCc2cccc3c2[C@@H]1Cc1cccc(OCCCCN2CCN(c4ccccc4OC)CC2)c1-3,6.76
C[C@@H](O)[C@@H]1NC(=O)[C@H](CCCCN)NC(=O)[C@@H](Cc2c[nH]c3ccccc23)NC(=O)[C@H](Cc2ccncc2)NC(=O)[C@H](Cc2ccccc2)NC(=O)[C@H](CCCNC(=N)N)NC(=O)[C@H](NC(=O)CSC[C@@H]2C[C@@H]3c4cccc5[nH]cc(c45)C[C@H]3N(C)C2)CCCCNC(=O)[C@H](Cc2ccccc2)NC1=O,6.76
COc1ccc(F)cc1S(=O)(=O)N[C@H]1CC[C@@H](N2CCN(c3ccccc3OC(C)C)CC2)CC1,6.76
O=C(CCCCN1[C@@H]2CC[C@H]1CC(O)(c1ccc(Cl)cc1)C2)c1nc2ccccc2s1,6.75
COc1ccc(N2CCN(CC[C@H]3CC[C@H](NC(=O)c4cccs4)CC3)CC2)cc1,6.75
COc1ccccc1N1CCN(CCCCNC(=O)c2cccn3nccc23)CC1,6.75
Fc1ccc(CN2CCN(C3=Nc4cc(Cl)ccc4Nc4ccccc43)CC2)c(F)c1,6.75
COc1ccccc1N1CCN(C2CC3CC(NC(=O)c4ccc5ccccc5c4)CC3C2)CC1.O=C(O)C(=O)O,6.75
O=S1(=O)c2cccc3cccc(c23)N1CCCN1CCN(c2ccc(F)cc2)CC1,6.75
C[C@@H](O)[C@@H]1NC(=O)[C@H](CCCCN)NC(=O)[C@@H](Cc2c[nH]c3ccccc23)NC(=O)[C@H](Cc2cccnc2)NC(=O)[C@H](Cc2ccccc2)NC(=O)[C@H](CCCNC(=N)N)NC(=O)[C@H](NC[C@H](Cc2ccc(O)cc2)NC(=O)CSC[C@@H]2C[C@@H]3c4cccc5[nH]cc(c45)C[C@H]3N(C)C2)CCCCNC(=O)[C@H](Cc2ccccc2)NC1=O,6.75
CC(Oc1ccc2c(n1)CCN(CC[C@H]1CC[C@H](NC(=O)c3cccc4nn(C)cc34)CC1)CC2)C(F)F,6.75
Cc1cccc2[nH]c(C(=O)N3CCN(CCOc4cccnc4)CC3)cc12,6.75
NC(=O)c1ccccc1OCCCNCCc1cn(S(=O)(=O)c2ccccc2)c2ccccc12,6.75
COc1ccccc1N1CCN(CCC2CCc3ccc(N)cc3C2O)CC1,6.75
O=C1c2ccccc2S(=O)(=O)N1CCCCN1CCN(c2ccc(Cl)cc2)CC1,6.75
c1cnc(N[C@H]2CC[C@H](CCN3CCN(c4cnccn4)CC3)CC2)nc1,6.75
O=C(CCCN1C2CCC1CN(c1ccc(Cl)cc1)CC2)c1ccc(F)cc1,6.75
CCCN(CCCCn1cc(-c2ccc(-c3ccccc3)cc2)nn1)C1CC=C(C#Cc2ccccc2)CC1,6.75
C=CCN(NC(=O)NCCCN1CCN(c2ccccc2OC)CC1)c1ccc(OC)cc1,6.75
Cc1[nH]c2ccc(Cl)cc2c1C1=CCN(CCNS(=O)(=O)c2ccc3ccccc3c2)CC1,6.75
COc1ccccc1N1CCN(CCCCNC(=O)c2ccc3nccnc3c2)CC1,6.75
O=C(NCN1CCN(c2ccccc2Cl)CC1)c1ccccc1,6.75
Cl.O=C(CCCCN1C2CCC1CC(O)(c1ccc(Cl)cc1)C2)c1nc2ccccc2s1,6.75
CCCN(Cc1ccccc1)[C@@H]1CCc2c(F)cccc2C1,6.75
CN(C)Cc1cccc2nc(C(=O)NCCCCN3CCN(c4cc(C(F)(F)F)nc(C(C)(C)C)n4)CC3)cn12,6.75
O=c1ccc2ccc(OCCCCNCC3CC3c3cccc4c3OCCO4)cc2[nH]1,6.75
Cc1sc(C)c2c1CCCc1cnn(C)c1-2,6.75
O=C(NCCCCN1CCN(c2ccccc2)CC1)c1cn2ccccc2n1,6.75
C=Cc1cccc2c1-c1cccc3c1[C@@H](C2)N(C)CC3,6.75
COc1ccccc1N1CCN(CCCN2CCCc3ncsc3C2)CC1,6.75
COc1ccc(-c2ccccc2N2CCN(CCCCCC(=O)N[C@@H](C)c3ccccc3)CC2)cc1,6.75
CCCN1CCC(c2cccc(C(F)(F)F)c2)CC1,6.75
C[C@@H]1CN(c2ccccc2-c2ccccc2)CCN1CCCCCC(=O)NCc1ccccc1,6.75
COc1ccc(N2CCN(CCCCCCN3C(=O)c4cccc5cccc3c45)CC2)cc1,6.75
COc1ccccc1N1CCN(CCCCOc2ccc(-c3cn4ccccc4n3)cc2)CC1,6.75
COc1ccc(S(=O)(=O)N[C@H]2CC[C@@H](N3CCC(c4cc(F)ccc4OC(C)C)CC3)CC2)cc1OC,6.75
CN1CCN(c2ccc(C(=O)N[C@H]3CC[C@H](CCN4CCN(c5nccc6c5CCO6)CC4)CC3)cc2)CC1,6.75
CCNC1CCc2c(cccc2OC)C1,6.75
COc1ccc(C2(O)CCN(Cc3c[nH]c4ccccc34)CC2)cc1,6.75
Cn1c(N2CCCC2)nc2c(CN3CCN(c4ccccc4)CC3)c[nH]c2c1=O,6.75
CCOc1csc(C(=O)NN2c3ccc(Cl)cc3N=C(N3CCN(C)CC3)c3ccccc32)c1,6.75
CCCN1CCN(c2cccc3c2CN(S(=O)(=O)c2ccccc2)C3)CC1,6.75
OC1CCc2c(c3ccccc3n2CCCN2CCN(c3ccccc3)CC2)C1,6.75
COc1cccc2[nH]cc(CCNCc3ccc(-c4ccc(O)cc4)o3)c12,6.75
COC(C)CC(=O)N[C@H]1CC[C@H](CCN2CCN(c3cccc4c3OCO4)CC2)CC1,6.74
CC(C)(C)c1nc(N2CCN(CCCCNC(=O)N3CCN(CC4CC4)CC3)CC2)cc(C(F)(F)F)n1,6.74
O=C(c1cc2ccc(Cl)cc2[nH]1)N1CCN(CCOc2cccnc2)CC1,6.74
CN1CCN(C2=Nc3cc(Cl)ccc3N(NC(=O)c3ccccc3Cl)c3ccccc32)CC1,6.74
CN1CCN(C2=Nc3cc(Cl)ccc3N(NC(=O)c3cccc(Cl)c3)c3ccccc32)CC1,6.74
COc1ccccc1N1CCN(CCCCn2cc(-c3cccnc3)nn2)CC1,6.74
Clc1ccc2c(c1)C(NC1CCN(Cc3ccccc3)CC1)=Nc1cccnc1N2,6.74
Cc1ccc2c(c1)C(NC1CCN(Cc3ccccc3)CC1)=Nc1cccnc1N2,6.74
NC1(c2ccc(Cl)cc2)CCN(Cc2c[nH]c3ccccc23)CC1,6.74
O=C(C[C@H]1CCCOC1)N[C@H]1CC[C@H](CCN2CCN(c3cccc4c3OCO4)CC2)CC1,6.74
CCCN(C(=O)C1CCCCC1)[C@H]1CC[C@H](CCN2CCN(c3cccc(Cl)c3Cl)CC2)CC1,6.74
Fc1ccc(SCCCN2CCN(c3ccccn3)CC2)cc1,6.74
COc1cccc2c1CCC(N(C)C)C2,6.74
O=C(CO)N[C@H]1CC[C@H](CCN2CCN(c3cccc4c3OCO4)CC2)CC1,6.74
CN1CCc2cccc3c2[C@H]1Cc1cccc(C#N)c1-3,6.74
C[C@@H](O)[C@@H]1NC(=O)[C@H](CCCCN)NC(=O)[C@@H](Cc2c[nH]c3ccccc23)NC(=O)[C@H](Cc2ccncc2)NC(=O)[C@H](Cc2ccccc2)NC(=O)[C@H](CCCNC(=N)N)NC(=O)[C@H](NC[C@H](Cc2ccc(O)cc2)NC(=O)CSC[C@@H]2C[C@@H]3c4cccc5[nH]cc(c45)C[C@H]3N(C)C2)CCCCNC(=O)[C@H](Cc2ccccc2)NC1=O,6.74
N#Cc1ccc2c(c1)CN(C[C@@H]1C[C@H]1CCNC(=O)c1cc3ccccc3[nH]1)CC2,6.74
COc1cccc2cc(CNCCCOc3ccc4ccc(=O)[nH]c4c3)sc12,6.74
C[C@@H]1[C@@H](C)c2ccccc2N1C(=O)CN1CCN(Cc2ccc(Cl)cc2)CC1,6.74
O=C(CCCN1CCCN(c2ccccn2)CC1)c1ccc(F)cc1,6.74
CO[C@@H]1CC[C@@H](CC(=O)N[C@H]2CC[C@H](CCN3CCN(c4cccc5c4OCO5)CC3)CC2)C1,6.74
Cc1nc2sccn2c(=O)c1CCN1CCC(=C(c2ccc(F)cc2)c2ccc(F)cc2)CC1,6.74
Cn1c(SCCCN2CC[C@]3(C[C@@H]3c3ccc(C(F)(F)F)cc3)C2)nnc1-c1nccs1,6.74
CN1CCc2ccc3c4c2[C@H]1Cc1cccc(c1-4)[C@@]3(C)O,6.74
C[C@@H](CO)NC(=O)[C@@H]1C=C2c3cccc4[nH]cc(c34)C[C@H]2N(C)C1,6.74
CC(C)(O)C(=O)N[C@H]1CC[C@H](CCN2CCN(c3cccc4c3OCO4)CC2)CC1,6.74
O=C(N[C@H]1CC[C@H](CCN2CCC(c3cccc4c3OCO4)CC2)CC1)C1CCOCC1,6.74
COc1ccccc1N1CCN(CCCCNC2=CC=CC3=[N+]4[N+](=Cc5cc6ccccc6n5[B-]4(F)F)[B-](F)(F)N23)CC1,6.74
COc1ccccc1N1CCN(CCCCn2cnc3ccccc3c2=O)CC1,6.74
NC(=O)c1ccn(-c2cccc(OC(=O)NCCN3CCN(c4ccccc4)CC3)c2)c1,6.73
CCCN1CCC(c2n[nH]c3ccccc23)CC1,6.73
Cc1ncc2c(n1)CCC(CCN1CCC(c3noc4ccccc34)CC1)C2=O,6.73
Cc1ccc(CN2CCN(CC(=O)N3c4ccccc4CC3C)CC2)cc1,6.73
COc1cc(CN2CCN(c3ccccc3OC)CC2)ccc1OCc1cn(CCOCCOCCOCCOCCOCCNC(=O)COc2cncc(C#Cc3csc(C)n3)c2)nn1,6.73
Fc1ccc(SCCCN2CCC(c3ccc(Cl)cc3)CC2)cc1,6.73
CCc1cccc(N2CCN(CCC(c3cccc(O)c3)c3cccc(O)c3)CC2)c1Cl,6.73
Cc1ncoc1-c1nnc(SCCCN2CC[C@]3(C[C@H]3c3ccc(C(F)(F)F)cc3)C2)n1C,6.73
O=C(CN1CCN(Cc2ccc(Cl)cc2)CC1)N1c2ccccc2CC12CCCC2,6.73
Cc1ncc2c(n1)CCN(CCN1CCC(c3noc4ccccc34)CC1)C2=O,6.73
c1ccc(OCC2CCC3CN(c4ncccn4)CCN3C2)cc1,6.73
CCOC(=O)/C=C1\[C@@H]2CCC[C@@]1(c1cccc(O)c1)CCN2CCc1ccccc1,6.73
Cc1cccc(N2CCC3CN(CCCSc4nnc(-c5cnccn5)n4C)CC32)c1,6.73
O=C(CCCCCN1CCN(c2ccccc2-c2ccccc2)CC1)NCc1ccncc1,6.73
Fc1ccc(OCCCN2CCN(c3ccccn3)CC2)cc1,6.73
CCCCCCn1cc(CN2CCC(O)(c3ccc(Cl)cc3)CC2)c2ccccc21,6.73
O=S(=O)(N[C@H]1CC[C@@H](N2CCC(c3ccccc3OC3CC3)CC2)CC1)c1cc(Cl)ccc1F,6.73
O=C1c2cccc3cccc(c23)N1CCCCCCN1CCN(c2ncccn2)CC1,6.73
CNc1nc(Cl)c(Sc2ccccc2)c(N2CCN(C)CC2)n1,6.73
CCN(C)CCc1c(-c2cc(C(F)(F)F)cc(C(F)(F)F)c2)[nH]c2ccccc12,6.73
CC(=O)N[C@H]1CC[C@H](CCN2CCC(c3cccc4occc34)CC2)CC1,6.73
c1ccc(OC[C@@H]2CC[C@H]3CN(c4ccccn4)CCN3C2)cc1,6.73
O=C1CC(c2c[nH]c3ccc(F)cc23)C(=O)N1CCCCN1CCC(c2c[nH]c3ccccc23)CC1,6.72
Cn1c(SCCCN2C[C@H]3CCN(c4ccc(F)cc4)[C@H]3C2)nnc1-c1ccc(C(N)=O)nc1,6.72
Cn1c(SCCCN2CC3CCN(c4ccc(OC(F)(F)F)cc4)C3C2)nnc1-c1cnccn1,6.72
COc1ccccc1N1CCN(CCOCCOc2c(C)cc(C)cc2C)CC1.Cl.Cl,6.72
CCN1Cc2c(C(=O)N[C@H]3CC[C@H](CCN4CCc5sc(CCC(F)(F)F)nc5C4)CC3)cccc2C1=O,6.72
O=C(NCCCCN1CCN(C(c2ccccc2)c2ccc(Cl)cc2)CC1)C1CCCCC1,6.72
C=CCN1C[C@@H](OC(=O)Nc2ccc(-c3ccsc3)cc2)C[C@@H]1CNC(=O)c1cc(CCCF)cc(OC)c1OC,6.72
CC(C)(C)c1nc(C2CC2)cc(N2CCN(CCCCNC(=O)c3cn4ccccc4n3)CC2)n1,6.72
CC(C)Oc1ccccc1N1CCN([C@H]2CC[C@@H](NS(=O)(=O)c3ccccc3)CC2)CC1,6.72
COc1ccccc1N1CCN(CC(O)CCn2cc(-c3ccc4ccccc4c3)nn2)CC1,6.72
c1ccc(N2CCN(Cc3cnn(-c4ccccn4)c3)CC2)cc1,6.72
Cc1ccccc1N1CCN(CCCCNC(=O)c2ccc(-c3ccsc3)cc2)CC1,6.72
N#Cc1ccc2c(c1)CN(CC[C@@H]1C[C@H]1CNC(=O)c1cc3cccnc3[nH]1)CC2,6.72
Cn1c(SCCCN2CC3CCN(c4ccc(F)cc4)C3C2)nnc1-c1ccc(C(N)=O)nc1,6.72
N#Cc1ccc(C(=O)N[C@H]2CC[C@H](CCN3CCC(c4cccc5c4CCO5)CC3)CC2)cc1,6.72
C[C@H]1CN(CC[C@H]2CC[C@H](NC(=O)N(C)c3ccccc3)CC2)CCc2ccc(Cl)cc21,6.72
Cn1cc(-c2nnc(SCCCN3CC4CCN(c5ccc(C(F)(F)F)cc5)C4C3)n2C)cn1,6.72
CCCC[C@H](NC(=O)[C@H]1CC[C@@H]2c3[nH]c4ccccc4c3CCN2C1)C(=O)N[C@@H](Cc1ccc(F)c(F)c1)C(=O)N[C@@H](CCCCN)C(N)=O,6.72
Cc1nnc(CC(=O)N[C@H]2CC[C@](F)(CCN3CCc4ccc(OCC(C)(F)F)nc4CC3)CC2)s1,6.72
CCCN1CCC[C@@H](c2cccc(OS(C)(=O)=O)c2)C1,6.72
Cc1ncccc1C(=O)N[C@H]1CC[C@H](CCN2C[C@@H]3C[C@]3(c3cc(C(C)(F)F)on3)C2)CC1,6.72
O=C1Cc2cc(C(O)CN3CCN(c4cccc5sccc45)CC3)ccc2N1,6.72
O=C(CC1CCCO1)N[C@H]1CC[C@H](CCN2CCN(c3cccc4c3OCO4)CC2)CC1,6.72
O=C1c2ccccc2CN1CCCCN1CCN(c2ccccc2)CC1,6.72
CCC[C@@H]1CN(Cc2ccccc2)C[C@@H]1CNC(=O)c1cc(Cl)c(NC)cc1OC,6.72
N#Cc1cc(N2CCN(CCCCNC(=O)c3cn4ccccc4n3)CC2)cc(C(F)(F)F)c1,6.72
CN1C(=O)c2ccccc2[S+]([O-])c2ccc(C(=O)NCCc3cccs3)cc21,6.72
CN(C)C[C@@H]1CC2c3ccccc3Oc3ccc(F)cc3[C@H]2O1,6.72
CCc1cccc(N2CCN(CCC(c3cccc(O)c3)c3cccc(OC)c3)CC2)c1Cl,6.72
C[C@@H]1Cc2ccccc2N1C(=O)CN1CCN(Cc2ccc(Cl)cc2)CC1,6.72
C#CCCCCN(CCC)C1Cc2ccccc2C1,6.72
Cl.O=C(CCCN1C2CCC1CC(c1ccc(Cl)cc1)C2)c1ccc(F)cc1,6.72
COc1cc2c(cc1O)CN(Cc1ccccc1CNC(=O)c1ccccc1Cl)CC2,6.72
COc1cc2c(cc1O)CN(Cc1ccccc1CNC(=O)c1ccc(C#N)cc1)CC2,6.72
Cc1ccc(C)c(C(=O)CCCN2CCC(c3ccc(Cl)cc3)CC2)c1,6.72
O=C(Nc1ccccn1)NC1CCN(Cc2ccccc2)CC1,6.72
COc1ccc(S(=O)(=O)N[C@H]2CC[C@@H](N3CCN(c4ccccc4OCC(F)(F)F)CC3)CC2)cc1OC,6.72
COc1ccccc1N1CCN(CCCCNC(=O)c2ccc(C#Cc3ccccc3)cc2)CC1,6.72
CN1CCc2ccccc2Cc2ccsc2CC1,6.72
C[C@@H](Oc1ccc2c(n1)CCN(CC[C@H]1CC[C@H](NC(=O)COc3cnn(C)c3)CC1)CC2)C(F)(F)F,6.72
COc1cc2c(cc1O)[C@@H]1Cc3sc(CC(C)(C)C)cc3CN1CC2,6.72
CCCN(CCCCN1CCN(c2ccccc2OC)CC1)Cc1ccc2c(c1)Cc1ccccc1-2,6.71
O=C(NCCC(F)CN1CCN(c2cccc(Cl)c2Cl)CC1)c1ccc2ccccc2c1,6.71
Fc1ccc(C(c2ccc(F)cc2)N2CCN(CCCCc3nc4ccccc4s3)CC2)cc1,6.71
CCc1cccc(N2CCN(CC(O)CCNC(=O)c3cn4ccccc4n3)CC2)c1Cl,6.71
Fc1ccc(OC[C@H]2CC[C@@H]3CN(c4ncc(F)cn4)CCN3C2)cc1,6.71
COc1cccc(OC)c1C(=O)NN1c2ccccc2N=C(N2CCN(C)CC2)c2cc(Cl)ccc21,6.71
CN1CCN(C2=Nc3cc(Cl)ccc3N(NC(=O)c3ccc(C#N)cc3)c3ccc(Cl)cc32)CC1,6.71
COc1ccc(C(F)(F)F)cc1S(=O)(=O)N[C@H]1CC[C@@H](N2CCN(c3ccccc3OC(C)C)CC2)CC1,6.71
CCOc1c(C(=O)NN2c3ccc(Cl)cc3N=C(N3CCN(C)CC3)c3ccccc32)sc2ccccc12,6.71
OC1(c2ccc(Cl)c(C(F)(F)F)c2)CCN(CCCCC(c2ccc(F)cc2)c2ccc(F)cc2)CC1,6.71
O=C(NCCCCN1CCN(c2cccc(OCCF)c2)CC1)c1ccc(-n2ccnc2)cc1,6.71
O[C@@]1(c2ccc3ccccc3c2)C[C@H]2CC[C@@H](C1)N2Cc1c[nH]c2ccccc12,6.71
CN(C)CCC=C1c2ccccc2CCc2ccccc21,6.71
Cc1nn(C)c2c1C(=O)N(CCN1CCN(c3nsc4ccccc34)CC1)CC2,6.71
O=C(N[C@H]1CC[C@H](CCN2CCC(c3cccc4c3OCO4)CC2)CC1)C1CC1(F)F,6.71
CCc1cccc(N2CCN(CCC(O)CCNC(=O)c3cn4ccccc4n3)CC2)c1Cl,6.71
CCN(CCN1CCC(C2NOc3cc(F)ccc32)CC1)C(=O)C(O)CN,6.71
COc1ccc2nc(NC(=O)CCCCN3CCN(c4ccc(Cl)cc4)CC3)sc2c1,6.71
COc1ccc2c(c1)CCN1CC[C@](O)(c3ccc(Cl)cc3)C[C@H]21,6.71
O=C(CC1COC1)N[C@H]1CC[C@H](CCN2CCC(c3cccc4c3CCO4)CC2)CC1,6.71
CCOc1ccccc1N1CCN(CCCCc2cc(-c3cccs3)no2)CC1.Cl,6.71
CCCC(=O)N[C@H]1CC[C@H](CCN2CCC(c3cccc4c3CCO4)CC2)CC1,6.71
CC(C)(C)c1nc(N2CCN(CCCCn3ccc(=O)[nH]c3=O)CC2)cc(C(F)(F)F)n1,6.71
Cl.O=C1c2cccc3cccc(c23)N1CCCCCCN1CCN(c2ccc(Cl)cc2)CC1,6.71
Cc1cccc(=O)n1CCCCN1CCN(c2cc(C(F)(F)F)nc(C(C)(C)C)n2)CC1,6.71
Fc1ccc(CCCCN2CCN(c3ccc(Cl)cn3)CC2)cc1,6.71
CS(=O)(=O)c1ccc(C(=O)N[C@H]2CC[C@H](CCN3CCC(c4cccc5c4CCO5)CC3)CC2)s1,6.71
COC1(C(=O)N[C@H]2CC[C@H](CCN3CCC(c4cccc5c4OCO5)CC3)CC2)CCCCC1,6.71
CCN(CCN1CCC(c2noc3cc(F)ccc23)CC1)C(=O)C1CN(C)CCC1O,6.71
COc1ccc2c(c1)CC(CN1CCC(C(=O)c3ccc(F)cc3)CC1)CC2=O,6.71
CCCN1CCOC2c3cc(O)ccc3[S+]([O-])CC21,6.71
CN1CCc2cccc3c2[C@H]1Cc1cccc(OS(=O)(=O)C(F)(F)F)c1-3,6.71
O=c1[nH]c2c(O)ccc([C@@H](O)CNCCCSCCOCCc3cccc4ccccc34)c2s1,6.7
Cc1ccc2c(N3CCN(CCc4cccc(NC(=O)c5cnccn5)c4)CC3)cccc2n1,6.7
COC(=O)Nc1cccc(CCN2CCN(c3cccc4nc(C)ccc34)CC2)c1,6.7
CC1(C)Cc2cccc3c2N1C(=O)C(N1CCN(Cc2ccc(Cl)cc2)CC1)CC3,6.7
CC(=O)N(CCCNC[C@@H]1C[C@@H]2c3cccc4[nH]cc(c34)C[C@H]2N(C)C1)[C@@H]1CCCCNC(=O)[C@H](Cc2ccc(F)cc2)NC(=O)[C@H]([C@@H](C)O)NC(=O)[C@H](CCCCN)NC(=O)[C@@H](Cc2c[nH]c3ccccc23)NC(=O)[C@H](Cc2ccccc2)NC(=O)[C@H](Cc2ccccc2)NC(=O)[C@H](CCCNC(=N)N)NC1=O,6.7
OC1(c2ccc(Cl)cc2)CCN(CCCCc2nc3ccccc3s2)CC1,6.7
C[C@@H](O)C1NC(=O)[C@H](CCCCN)NC(=O)[C@@H](Cc2c[nH]c3ccccc23)NC(=O)[C@H](Cc2ccccc2)NC(=O)[C@H](Cc2ccccc2)NC(=O)[C@H](CCCNC(=N)N)NC(=O)[C@H](NC(=O)CSC[C@@H]2C[C@@H]3c4cccc5[nH]cc(c45)C[C@H]3N(C)C2)CCCCNC(=O)[C@H](Cc2ccccc2)NC1=O,6.7
COc1ccc(S(=O)(=O)N[C@H]2CC[C@@H](N3CCC(c4ccccc4OCCF)CC3)CC2)cc1OC,6.7
CC(C)(C)c1nc(N2CCN(CCCCNC(=O)c3cc4ccccn4n3)CC2)cc(C(F)(F)F)n1,6.7
O=C(NCC[C@@H](O)CN1CCN(c2cccc(Cl)c2Cl)CC1)c1cnc2ccccc2c1,6.7
CN1CCN(c2ccc(O)c3c2OCC(=O)N3)CC1,6.7
NCCCC[C@H](NC(=O)[C@H](Cc1ccc(F)c(F)c1)NC(=O)[C@H]1CCCN1C(=O)CCCCCNC(=O)[C@H]1CC[C@@H]2c3[nH]c4ccccc4c3CCN2C1)C(N)=O,6.7
CCCCc1ccc(S(=O)(=O)Nc2ccc3c(c2)CN(C)C3)cc1,6.7
COc1ccccc1CNN1c2ccc(Cl)cc2N=C(N2CCN(C)CC2)c2ccccc21,6.7
C#Cc1ccc2cc(C(=O)NCCCCN3CCN(c4ccccc4OC)CC3)sc2c1,6.7
CCCCn1cc(CCCOc2ccc(C(=O)NCCCCN3CCCN(c4ccc(O)c5[nH]c(=O)ccc45)CC3)cc2OC)nn1,6.7
CC(C)Oc1ccccc1N1CCN([C@H]2CC[C@@H](NS(=O)(=O)c3cccc(Cl)c3F)CC2)CC1,6.7
N#CC1(c2ccc(Cl)cc2)CCN(Cc2c[nH]c3ccccc23)CC1,6.7
Fc1ccc(N2CCN(CCC3OCCc4ccccc43)CC2)cc1,6.7
OC1(c2ccc(Cl)cc2)CCCN(Cc2c[nH]c3ccccc23)CC1,6.7
COc1ccccc1OCCNC[C@@H](O)c1ccc(O)c(O)c1,6.7
Cc1cccc(C2CN(CCCc3cn(CCCN4CCN(c5nsc6ccccc56)CC4)nn3)CCc3cc(O)c(O)cc32)c1,6.7
CN(CCN1CCN(c2ccccc2)C1=O)C[C@]12CC[C@H](CC1)C2(C)C,6.7
CC(=O)c1cccc(/C=C/C(=O)N[C@H]2CC[C@H](CCN3CCc4ccc(C#N)cc4CC3)CC2)c1,6.7
c1ccc(CCC2CCN(Cc3cc4ccc[nH]c-4n3)CC2)cc1,6.7
CCCN(CCCCNC(=O)c1ccc(-c2ccccc2)cc1)C1CCc2nc(N)sc2C1,6.7
O=C(CCCCN1CCN(c2ccccc2)CC1)c1nc2ccccc2s1,6.7
O=C(Cc1ccncc1)Nc1cccc(CCN2CCN(c3ccccc3)CC2)c1,6.7
CC(C)c1cccc(OCCN2C3CCC2CC(NS(=O)(=O)c2cccc(F)c2)C3)c1,6.7
COc1ccc(S(=O)(=O)C(C)C)cc1-c1ccc(CN2CCCCCC2c2ccccc2)[nH]1,6.7
COc1ccc(S(=O)(=O)N2CCc3ccccc3C2)cc1-c1ccc(CN2CCCCCC2c2ccccc2)[nH]1,6.7
Cn1c(SCCCN2CC3CCN(c4ccccc4)C3C2)nnc1C1CCOCC1,6.7
Cn1c(SCCCN2CC3CCN(c4ccccc4C#N)C3C2)nnc1-c1cnccn1,6.7
C[C@@H]1Cc2ccccc2N1C(=O)CN1CCN(Cc2ccc(F)c(F)c2Cl)CC1,6.7
Nc1nc2cc3c(cc2s1)CCN(Cc1cccnc1)CC3,6.7
O=C(/C=C/c1ccc2[nH]ccc2c1)NCCCCN1CCc2ccc(OS(=O)(=O)C(F)(F)F)cc2C1,6.7
COc1ccc2c(c1)C1CN(Cc3ccccc3)CC1CO2,6.7
COc1ccccc1N1CCN(CCCCNC(=O)c2ccc(-c3ccc(Cl)cc3)o2)CC1.O=C(O)C(=O)O,6.7
Cc1cccc2c1-c1cccc3c1[C@@H](C2)N(C)CC3,6.7
COc1ccccc1N1CCN(Cc2ccc(CNC(=O)c3ccc4ccccc4c3)cc2)CC1.O=C(O)C(=O)O,6.7
C1=C(c2c[nH]c3ccccc23)CCNC1,6.7
CC(=O)c1ccc(-c2ccc(C(=O)NCCCCN3CCc4ccc(OS(=O)(=O)C(F)(F)F)cc4C3)cc2)cc1,6.7
Cl.O=C1c2cccc(F)c2CCC1C1CCN(CCc2ccccc2)CC1,6.7
Cc1c(C2CCN(Cc3ccccc3)CC2)n[nH]c1-c1ccc(Cl)cc1,6.7
Cn1c(SCCCN2C[C@H]3CCN(c4ccc(C(F)(F)F)cc4)[C@H]3C2)nnc1C1CCCC1,6.7
Cl.N#Cc1ccc2c(c1)CCN(CC[C@H]1CC[C@H](NC(=O)/C=C/c3ccc(F)cc3)CC1)C2,6.7
Cl.N#Cc1ccc2c(c1)CCN(CC[C@H]1CC[C@H](NC(=O)/C=C/c3ccccc3)CC1)C2,6.7
O=C(CC1COCCO1)N[C@H]1CC[C@H](CCN2CCN(c3cccc4c3OCO4)CC2)CC1,6.7
COc1ccc2c(c1)CN(CC[C@H]1CC[C@H](NC(=O)/C=C/c3ccc(F)cc3)CC1)C2,6.7
CC(C)=CC(=O)N[C@H]1CC[C@H](CCN2CCN(c3nccc4c3CCO4)CC2)CC1,6.7
COc1ccccc1N1CCN(CCCCn2cc(-c3ccc(N)cc3)nn2)CC1,6.7
CCCN(CCC)[C@@H]1CCc2cc(CS(=O)(=O)c3ccc(I)cc3)ccc2C1,6.7
CCCN(CCC)C1CCc2cc(CSc3ccc(OC)cc3)ccc2C1,6.7
Cc1coc(-c2cccc(C(=O)N[C@H]3CC[C@H](CCN4CCc5ccc(OS(C)(=O)=O)cc5CC4)CC3)c2)n1.Cl,6.7
CS(=O)(=O)Oc1ccc2c(c1)CCN(CC[C@H]1CC[C@H](NC(=O)c3cccc4ncccc34)CC1)CC2.Cl,6.7
Cc1ccc2c(C(=O)N[C@H]3CC[C@H](CCN4CCc5ccc(OS(C)(=O)=O)cc5CC4)CC3)cccc2n1.Cl,6.7
Cc1ncc(-c2cccc(C(=O)N[C@H]3CC[C@H](CCN4CCc5ccc(OS(C)(=O)=O)cc5CC4)CC3)c2)o1.Cl,6.7
Br.Fc1ccc([C@H]2C[C@@H]2CN2CCN(c3ccc(Cl)cc3)CC2)cc1,6.7
CCc1cccc(N2CCN(C[C@@H](O)CCNC(=O)c3cc4ccccc4[nH]3)CC2)c1Cl,6.7
Cc1nc2c(o1)CC(CN1CCC(c3c[nH]c4cc(F)ccc34)CC1)CC2=O,6.7
Cc1nc(-c2cccc(C(=O)N[C@H]3CC[C@H](CCN4CCc5ccc(OS(C)(=O)=O)cc5CC4)CC3)c2)no1.Cl,6.7
CCN(CCN1CCC(C2NOc3cc(F)ccc32)CC1)C(=O)C(O)COC,6.7
O=C1CC(CN2CCC(c3noc4cc(F)ccc34)CC2)Cc2nc(N3CCCC3)sc21,6.7
c1ccc(-c2ccccc2CN2CCN3c4cccc5[nH]cc(c45)CC3C2)cc1,6.7
O=C(NCCC(O)CN1CCN(c2cccc3ccccc23)CC1)c1cnc2ccccc2c1,6.7
Cn1cc2c(C(=O)N[C@H]3CC[C@H](CCN4CC5CC5(c5cc(C(F)F)on5)C4)CC3)cccc2n1,6.7
CCc1cc([C@]23C[C@H]2CN(CC[C@H]2CC[C@H](NC(=O)c4ccc(F)c5nn(C)cc45)CC2)C3)no1,6.7
COc1ccc(C2CC(=O)c3c(O)cc(OCCCCN4CCN(c5ccccc5OC)CC4)cc3O2)cc1,6.69
CCC(=O)N[C@H]1CC[C@H](CCN2CCC(c3cccc4c3OCO4)CC2)CC1,6.69
COc1cccc2c3c(oc12)CN(CCCOc1ccc2c(c1)NC(=O)CC2)CC3,6.69
O=C1c2occc2CCN1CCN1CCC(c2noc3ccccc23)CC1,6.69
CC(C)CS(=O)(=O)n1ccc2c(-c3ccc(C#N)cc3)cc(N3CCN(C)CC3)nc21,6.69
CCN(CCN1CCC(c2noc3cc(F)ccc23)CC1)C(=O)C1CN(C(C)=O)CC1O,6.69
COc1ccccc1N1CCN(CC2CC(=O)c3ccccc3C2)CC1,6.69
Cl.O=C1c2cccc3cccc(c23)N1CCCCCCN1CCN(c2ccc(Br)cc2)CC1,6.69
Cl.O=C(NCCCCN1CCN(c2cccc(Cl)c2Cl)CC1)c1cc2ccccc2[nH]1,6.69
Fc1ccc(OC[C@@H]2CC[C@H]3CN(c4ccc(F)cc4)CCN3C2)cc1,6.69
CN1CCN(c2nc(N)nc(CCCOc3cccc(Cl)c3Cl)n2)CC1,6.69
CCc1cc(Cl)c(OC)c(C(=O)NC[C@@H]2CCCN2Cc2ccccc2)c1O,6.69
Cn1c(SCCCN2CC3CCN(c4ccc(F)cc4)C3C2)nnc1-c1ccc(=O)[nH]c1,6.69
CCCN1CCc2cccc3c2C1Cc1cccc(OCCCn2cc(CCCCN4CCN(c5ccccc5OC)CC4)nn2)c1-3,6.69
CCc1ccc(C(=O)N[C@H]2CC[C@H](CCN3CCC(c4coc5ccccc45)CC3)CC2)cc1,6.69
N#CCC(=O)N[C@H]1CC[C@H](CCN2CCC(c3cccc4c3OCO4)CC2)CC1,6.69
Cc1ncc(/C=C/C(=O)N[C@H]2CC[C@H](CCN3CCc4sc(C5CC(F)(F)C5)nc4C3)CC2)cn1,6.68
O=C(c1cc2cccnc2[nH]1)N1CCN(CCOc2cccnc2)CC1,6.68
CCN(CCN1CCC(c2c[nH]c3ccccc23)CC1)S(=O)(=O)CCO,6.68
Cn1cc2c(C(=O)N[C@H]3CC[C@H](CCN4CCc5sc(OCC(C)(F)F)nc5C4)CC3)ccc(F)c2n1,6.68
O=C(NCCCCN1CCN(c2cccc(Cl)c2Cl)CC1)c1cccc(C#Cc2ccccc2)c1,6.68
O=C1c2cn(C3CC3)nc2CCN1CCN1CCN(c2nsc3ccccc23)CC1,6.68
O=C1c2ncccc2CCC1CCN1CCN(c2nsc3ccccc23)CC1,6.68
Cc1ccc(CN2CCN(C3CCc4cccc5c4N(CC5)C3=O)CC2)cc1,6.68
Br.Clc1ccc(N2CCN(C[C@H]3C[C@@H]3c3ccccc3)CC2)cc1Cl,6.68
CN1C(=O)c2ccccc2[S@+]([O-])c2ccc(C(=O)NCCN3CCCC3)cc21,6.68
O=C1CN2c3c(cccc3[C@H]3CN(CCCOc4ccc(F)cc4)CC[C@H]32)N1,6.68
Cn1cc2c(C(=O)N[C@H]3CC[C@H](CCN4CCc5sc([C@H]6C[C@@H](F)C6)nc5C4)CC3)cccc2n1,6.68
Br.Cc1cccc(-c2c(O)c(O)cc3c2CCN(C)CC3c2cccc(C)c2)c1,6.68
Fc1ccc(SCCCN2CCN(c3ccc(Cl)cc3)CC2)cc1,6.68
CN1CCN(c2cccc3c2CCN3S(=O)(=O)c2ccccc2)CC1,6.68
CC1Cc2ccccc2N1C(=O)CN1CCN(Cc2ccc(Cl)cc2)CC1,6.68
COc1c(Cl)cc2c(c1Cl)Cc1ccccc1CCN(C)CC2,6.68
Cn1cc(-c2nnc(SCCCN3CC[C@]4(CC4c4ccc(C(F)(F)F)cc4)C3)n2C)cn1,6.68
O=C(N[C@H]1CC[C@H](CCN2CCC(c3cccc4c3OCO4)CC2)CC1)[C@H](O)C(F)(F)F,6.68
O=C(CC(F)(F)F)N[C@H]1CC[C@H](CCN2CCC(c3cccc4c3OCO4)CC2)CC1,6.68
COc1ccc(Br)cc1-c1nc(CNCC2CCN(Cc3ccccc3)C2)co1,6.68
C=C(C)CN(NC(=O)NCCCN1CCN(c2ccccc2OC)CC1)c1ccc(OC)cc1,6.68
N#Cc1cccnc1N1CCN(CCN2CCN(c3cccc(Cl)c3Cl)CC2)CC1,6.68
COc1cccc(C(=O)NCCCCN2CCN(c3noc4ccccc34)CC2)c1,6.68
Cn1nc2c(c1Br)C(=O)N(CCN1CCC(c3noc4ccccc34)CC1)CC2,6.68
COc1cc2c(cc1O)C1Cc3ccc(OCCCO)c(OC)c3CN1CC2,6.68
COc1ccc2c(c1)c(CCN(C)C)cn2S(=O)(=O)c1ccccc1,6.68
CC(C)(C)c1nc(N2CCN(CCCCNC(=O)N3CCCc4ccccc43)CC2)cc(C(F)(F)F)n1,6.67
COc1cc2c(cc1O)[C@@H]1Cc3ccc(OC)c(O)c3CN1CC2,6.67
Cn1c(=O)[nH]c2cc(CCN3CCN(c4cccc5sccc45)CC3)ccc21,6.67
CC(=O)Nc1nc2c(CCN3CCN(c4cccc5sccc45)CC3)cccc2s1,6.67
CCN(CCN1CCC(c2noc3cc(F)ccc23)CC1)C(=O)C(C)O,6.67
CCN(CCN1CCC(c2noc3cc(F)ccc23)CC1)C(=O)C1CNCC1O,6.67
O=C1c2cnn(C3CC3)c2CCN1CCN1CCC(c2noc3ccccc23)CC1,6.67
CCOC(=O)c1oc2c(c1C)C(=O)CC(CN1CCC(c3noc4cc(F)ccc34)CC1)C2,6.67
CCCN(CCC)[C@@H]1CCc2ccc3[nH]c(C(N)=O)cc3c2C1,6.67
CC(C)CC(=O)N[C@H]1CC[C@H](CCN2CCC(c3cccc4c3CCO4)CC2)CC1,6.67
CN1CCc2ccc3c4c2[C@H]1Cc1cccc(c1-4)[C@@H]3O,6.67
CCN(CCc1ccccc1OC(F)(F)F)CCN1CCCCC1,6.67
COc1ccc(-c2cn(CCCCN3CCN(c4ccccc4OC)CC3)nn2)cc1,6.67
O=c1[nH]c(CCN2CCN(c3cccc4sccc34)CC2)nc2ccccc12,6.67
CC(C)(C)c1nc(N2CCN(CCCCNC(=O)N3CCN(C4CCCCC4)CC3)CC2)cc(C(F)(F)F)n1,6.67
CC1Cc2ccccc2N1C(=O)CN1CCN(Cc2cc(Cl)cc(Cl)c2)CC1,6.67
CCN(CCCOc1ccc2c(c1)NC(=O)CC2)CC1CC1c1cc(Cl)ccc1OC,6.67
COc1ccc(Cl)cc1C1CC1CN(CCCSc1nnc(-c2ccccc2)n1C)CC1CC1.Cl,6.67
Cc1cc(C(N)=O)c(-c2cccc(OC(=O)NCCN3CCN(c4ccccc4)CC3)c2)s1,6.67
CCN(Cc1ccccc1)C(=O)NCCCCN1CCN(c2cc(C(F)(F)F)nc(C(C)(C)C)n2)CC1,6.67
Cn1c(=O)c2c(nc3n(CCCCCN4CCN(c5ccc(Cl)cc5)CC4)c(=O)ccn23)n(C)c1=O,6.67
CN1CCN(C2=Nc3cc(Cl)ccc3N(NC(=O)c3ccccc3N3CCCCC3)c3ccccc32)CC1,6.67
CC(C)(C)c1ccn(CCCCN2CCN(c3cc(C(F)(F)F)nc(C(C)(C)C)n3)CC2)c(=O)n1,6.67
O=c1[nH]c2cc(Cl)ccc2n1C1CCN(CCCCc2nc3ccccc3s2)CC1,6.67
O=C(O)C(=O)O.OC1(c2ccc(Br)cc2)CCN(Cc2c[nH]c3ncccc23)CC1,6.67
Cc1ncoc1-c1nnc(SCCCN2CC[C@]3(C[C@@H]3c3ccc(C(F)(F)F)cc3)C2)n1C,6.67
C#Cc1cccc([C@@H]2CCCN(CCC)C2)c1,6.66354026615147
CCCN1CCC[C@@H](c2cccc(CO)c2)C1,6.66354026615147
CN1CCC[C@@H](c2cccc(OS(=O)(=O)C(F)(F)F)c2)C1,6.66354026615147
CCCN1CCC[C@@H](c2cccc(C)c2)C1,6.66354026615147
CCCN1CCC2c3cccc(OS(=O)(=O)C(F)(F)F)c3CCC21,6.66354026615147
CCCN1CCC[C@@H](c2ccc(OS(=O)(=O)C(F)(F)F)cc2)C1,6.66354026615147
C#CCN1CCC[C@@H](c2cccc(C#N)c2)C1,6.66354026615147
CCN1CCC[C@H]1CNC(=O)c1c(OC)ccc(Br)c1OC,6.66354026615147
CCCN1CCC[C@@H](c2cccc(C(=O)OC)c2)C1,6.66354026615147
N#Cc1cccc([C@@H]2CCCNC2)c1,6.66354026615147
C=CCN1CCC[C@@H](c2cccc(C#N)c2)C1,6.66354026615147
CCCN1CCC[C@@H](c2ccc(OS(=O)(=O)C(F)(F)F)c(OS(=O)(=O)C(F)(F)F)c2)C1,6.66354026615147
CN1CCC[C@@H](c2cccc(C#N)c2)C1,6.66354026615147
CCN1CCC[C@@H](c2cccc(OS(=O)(=O)C(F)(F)F)c2)C1,6.66354026615147
CCCN1CCC[C@@H](c2cccc(OC)c2)C1,6.66354026615147
C=CCN1CCC2c3cccc(OS(=O)(=O)C(F)(F)F)c3CCC21,6.66354026615147
C=CCN1CCC2c3cccc(C(N)=O)c3CCC21,6.66354026615147
N#Cc1cccc([C@@H]2CCCN(CC3CC3)C2)c1,6.66354026615147
CCCN1CCC[C@@H](c2cccc(N)c2)C1,6.66354026615147
CCN1CCC[C@@H](c2cccc(C#N)c2)C1,6.66354026615147
CCCN1CCC[C@@H](c2cccc(OS(=O)(=O)c3ccc(C)cc3)c2)C1,6.66354026615147
C=CCN1CC[C@@H]2c3cccc(OC)c3CC[C@@H]21,6.66354026615147
CCCN1CCC[C@@H](c2cccc(S(C)(=O)=O)c2)C1,6.66354026615147
CCCN1CCC[C@@H](c2cccc(NS(=O)(=O)C(F)(F)F)c2)C1,6.66354026615147
CCCN1CCC[C@@H](c2cccc(SC)c2)C1,6.66354026615147
CCCCN1CCC[C@@H](c2cccc(C#N)c2)C1,6.66354026615147
CCCN1CCC[C@@H](c2ccccc2)C1,6.66354026615147
CCCc1cccc([C@@H]2CCCN(CCC)C2)c1,6.66354026615147
CCCN1CCC[C@@H](c2ccccc2OS(=O)(=O)C(F)(F)F)C1,6.66354026615147
C=CCN1CC[C@@H]2c3cccc(OS(=O)(=O)C(F)(F)F)c3CC[C@@H]21,6.66354026615147
CCCN1CCC[C@@H](c2cccc(C(C)=O)c2)C1,6.66354026615147
CCCN1CCC[C@@H](c2cccc(C(N)=O)c2)C1,6.66354026615147
CCCN1CCCC2c3cccc(OS(=O)(=O)C(F)(F)F)c3CCC21,6.66354026615147
C=CCN1CCC2c3cccc(C#N)c3CCC21,6.66354026615147
CCCN1CCC[C@@H](c2cccc(OCC(F)(F)F)c2)C1,6.66354026615147
CNS(=O)(=O)Cc1ccc2[nH]cc(CCN(C)C)c2c1,6.661543506395395
COc1ccc2[nH]c(C(=O)NCCC(O)CN3CCN(c4cccc(Cl)c4Cl)CC3)cc2c1,6.66
COc1ccc2[nH]cc(CCNCc3ccc(-c4ccc(O)cc4)o3)c2c1,6.66
CCO/N=C/c1cccc2c1CC[C@H]1[C@H]2c2cc(O)c(Cl)cc2CCN1C,6.66
O=C(CCCCN1CCC(n2c(=O)[nH]c3cc(Cl)ccc32)CC1)c1nc2ccccc2s1,6.66
CCOc1ccccc1N1CCN(Cc2ccccc2)CC1,6.66
Cn1c(SCCCN2CC[C@]3(C[C@@H]3c3ccc(C(F)(F)F)cc3)C2)nnc1-c1ccc(S(N)(=O)=O)cc1,6.66
O=S(=O)(c1ccccc1)n1ccc2c(N3CCN(CCCOc4ccc5ccoc5c4)CC3)cccc21,6.66
Fc1ccc(C(OC2CC3CCC(C2)N3Cc2cc3ccccc3[nH]2)c2ccc(F)cc2)cc1,6.66
COc1cccc(N2CCN(CCCCNC(=O)c3cc4ccccc4n3C)CC2)c1,6.66
CN1Cc2c(C(=O)N[C@H]3CC[C@H](CCN4CCc5sc(CCC(F)(F)F)nc5C4)CC3)cccc2C1=O,6.66
COc1ccc(Cl)cc1CN1CCN(C2CCc3cccc4c3N(C2=O)C(C)(C)C4)CC1,6.66
CCOc1ccccc1N1CCN(Cc2csc3ccccc23)CC1,6.66
CCCN1CC[C@H]2c3cccc(O)c3CC[C@H]21,6.66
Cn1cc2c(C(=O)N[C@H]3CC[C@H](CCN4CC=C(c5nocc5C(C)(F)F)CC4)CC3)cccc2n1,6.66
NC(=O)c1ccc(C(=O)CCCN2CCc3ccccc3C2)cc1,6.66
O=C1c2c(Br)n[nH]c2CCN1CCN1CCC(c2noc3ccccc23)CC1,6.66
CC(C)c1ccc(Cl)cc1CN1CCN(CC(=O)N2c3ccccc3C[C@H]2C)CC1,6.66
CC[C@@H]1Cc2ccccc2N1C(=O)CN1CCN(Cc2ccc(Cl)cc2)CC1,6.66
CCS(=O)(=O)N[C@H]1CC[C@H](CCN2CCN(c3nccc4sccc34)CC2)CC1,6.66
COc1ccccc1C1CC1CNCCCCCOc1ccc2ccc(=O)[nH]c2c1,6.66
Clc1ccc(N2CCN(CCCCc3nc4ccccc4s3)CC2)cc1,6.66
N#Cc1ccc2cc(CN3CCN(c4ccccc4Cl)CC3)[nH]c2c1,6.66
COc1ccccc1N1CCN(CCOCCOc2c(C)cccc2C)CC1.Cl,6.66
CCc1cc(Cl)c(OC)c(C(=O)NCC2CCN(C)C2)c1O,6.66
O=C1c2ccccc2CCCN1CCCN1CCN(c2cccc(Cl)c2Cl)CC1,6.66
COc1ccc2[nH]cc(C3CCN(CCCCN4C(=O)CC(c5c[nH]c6ccc(OC)cc56)C4=O)CC3)c2c1,6.66
Cl.O=C1C(c2ccc(F)cc2)=COC12CCN(CCc1ccccc1)CC2,6.66
O=C(CO)N[C@H]1CC[C@H](CCN2CCN(c3nccc4sccc34)CC2)CC1,6.66
c1ccc(C2CCN(Cc3cn(-c4ccccc4)nn3)CC2)cc1,6.66
Cl.O=S1(=O)c2cccc3cccc(c23)N1CCCCCCN1CCN(c2cccc(Cl)c2Cl)CC1,6.66
CCCN(CCN1CCN(Cc2cc3ccccc3[nH]2)CC1)c1ccc(Br)cc1,6.66
CO/N=C(/CCN1CCN(c2ccccn2)CC1)c1ccc(F)cc1,6.66
CC(C)(CCCN1CCCC(c2ccccc2)C1)S(=O)(=O)c1ccccc1,6.66
CC(C)(C)c1nc(N2CCN(CCCCn3cc(Cl)c(=O)[nH]c3=O)CC2)cc(C(F)(F)F)n1,6.66
COc1ccc2c(c1)CCC(C1CCN(CCc3ccccc3)CC1)C2=O,6.66
CN1CCC(c2cn(-c3ccc(F)cc3)c3ccc(-c4ncn(C)n4)cc23)CC1,6.66
COCC(=O)N[C@H]1CC[C@H](CCN2CCN(c3nccc4sccc34)CC2)CC1,6.66
O=C(CC1CCOCC1)N[C@H]1CC[C@H](CCN2CCC(c3cccc4occc34)CC2)CC1,6.66
COc1cc2c(cc1O)C[C@@H]1c3c(ccc(O)c3O2)CCN1C,6.66
O=C(N[C@H]1CC[C@H](CCN2CCC(c3cccc4c3OCO4)CC2)CC1)C1(O)CCCCC1,6.66
O=c1[nH]c2cccc(N3CCN(CC4CCc5c([nH]c6ccc(F)cc56)C4)CC3)c2o1,6.66
O=C(CC1COCCO1)N[C@H]1CC[C@H](CCN2CCC(c3cccc4occc34)CC2)CC1,6.66
Cn1cc(OCC(=O)N[C@H]2CC[C@H](CCN3C[C@@H]4C[C@]4(c4cc(C(C)(F)F)on4)C3)CC2)cn1,6.66
O=C(NCCCCN1CCN(c2cccc(Cl)c2Cl)CC1)c1ccc2c(c1)-c1ccccc1C2,6.66
COc1ccc(C2CC(=O)c3c(O)cc(OCCCN4CCN(c5ccccc5OC)CC4)cc3O2)cc1,6.66
O=C(c1cc2c(Cl)cccc2[nH]1)N1CCN(CCOc2cccnc2)CC1,6.66
CCCN(CCCCNC(=O)c1ccc(-c2ccccc2)cc1)C1CC=C(C#C[Si](C)(C)C)CC1,6.66
O=C(C[C@@H]1CCCCO1)N[C@H]1CC[C@H](CCN2CCN(c3cccc4c3OCO4)CC2)CC1,6.66
Cc1c(-c2ccccc2)nc(O)n1C1CCN(CCc2ccccc2)CC1,6.66
Fc1cccc(N2CCN(Cc3cnn4ccccc34)CC2)n1,6.66
O=C(N[C@H]1CC[C@H](CCN2CCN(c3cccc4c3OCO4)CC2)CC1)C1CCOCC1,6.66
Cc1ncoc1-c1nnc(SCCCN2CC[C@@]3(C[C@H]3c3ccc(C(F)(F)F)cc3F)C2)n1C,6.65
CC1(C(=O)N[C@H]2CC[C@H](CCN3CCC(c4cccc5c4OCO5)CC3)CC2)COC1,6.65
COc1cc2c(cc1OC)[C@@H]1Cc3cc(C)cc(C)c3CN1CC2,6.65
Cn1c(SCCCN2C[C@@H]3CCN(c4ccccc4C(F)(F)F)[C@@H]3C2)nnc1-c1cnccn1,6.65
CN1CCc2cc(Cl)c(O)cc2[C@H]2c3cccc(-c4cccc(F)c4)c3CC[C@@H]21,6.65
CN1CCc2cccc3c2[C@H]1Cc1ccc(OCCCNC(=O)CCCCCCCCCCCCC(=O)NCCCOc2ccc4c(c2O)-c2cccc5c2[C@@H](C4)N(C)CC5)c(O)c1-3,6.65
Cn1ncc2c1CCCN(CCN1CCC(c3noc4ccccc34)CC1)C2=O,6.65
O=C1c2ncccc2CCN1CCN1CCC(c2nsc3ccccc23)CC1,6.65
CCCN[C@H]1CCc2cccc(CS(=O)(=O)C(F)(F)F)c2C1.Cl,6.65
Cc1c2c(nn1C)CCN(CCN1CCN(c3nsc4ccccc34)CC1)C2=O,6.65
O=C1c2cnc(Br)cc2CCN1CCN1CCN(c2nsc3ccccc23)CC1,6.65
CO/N=C(/CCN1CCN(c2ccccn2)CC1)c1cc(F)cc(F)c1,6.65
COc1ccccc1CN1CCN(CC(=O)N2c3ccccc3CC2C)CC1,6.65
O=C1[C@@H]2[C@H]3CC[C@H](C3)[C@@H]2C(=O)N1CCCCCCN1CCN(c2cccc(Cl)c2)CC1,6.65
Cc1ccc(SCCNCCCOc2ccccc2)cc1,6.65
CCN(CCN1CCC(c2noc3cc(F)ccc23)CC1)C(=O)[C@@H](C)O,6.65
O=C(CCCCCN1CCN(c2ccccc2-c2ccccc2)CC1)NC1CCCc2ccccc21,6.65
COc1ccccc1N1CCN(CCCCCC(=O)NCc2ccccc2)CC1,6.65
COc1ccc2c(c1)CC(CN1CCN(c3ccccc3OC)CC1)CC2=O,6.65
O=S(=O)(c1cccc2ncccc12)N1CCC(CCN2CCN(c3ccc(F)cc3)CC2)CC1,6.65
O=C1c2ccccc2C(=O)N1CCCCN1CCCN(C(c2ccccc2)c2ccc(Cl)cc2)CC1,6.65
CCN(CCN1CCC(C2NOc3cc(F)ccc32)CC1)C(=O)C(O)CNC(C)=O,6.65
O=C(N[C@H]1CC[C@H](CCN2CCN(c3nccc4c3CCO4)CC2)CC1)c1ccc(-c2cccnc2)cc1,6.65
O[C@@]1(c2ccc(Cl)cc2)C[C@H]2CC[C@@H](C1)N2Cc1n[nH]c2ccccc12,6.65
O=C1c2ncccc2CCN1CCN1CCN(c2nsc3cc(F)ccc23)CC1,6.64
Br.COc1c(Cl)cc(N2CCN(C[C@H]3C[C@@H]3c3ccccc3)CC2)cc1Cl,6.64
O=C1c2ncccc2CCC1CCN1CCC(c2noc3ccccc23)CC1,6.64
Cn1cc(S(=O)(=O)N(CC2CC2)C2CCN(CCOc3ccccc3C(C)(C)C)CC2)cn1,6.64
O=C(O)C(=O)O.Oc1ccc2c(c1)O[C@H](CNCc1ccccc1)CC2,6.64
NS(=O)(=O)NCCCCCCN1CCN(c2cccc(Cl)c2)CC1,6.64
Clc1ccc(OCCNCCCOc2ccccc2)cc1,6.64
Cc1ncc(CC(=O)N[C@H]2CC[C@H](CCN3CCC(c4nocc4C4CC4)CC3)CC2)s1,6.64
Cc1ncc(CC(=O)N[C@H]2CC[C@H](CCN3CCC(c4nocc4C(C)(F)F)CC3)CC2)s1,6.64
Oc1ccc2c(c1O)C[C@@H](c1ccccc1)[C@@H]1CCNC[C@@H]21,6.64
CC(=O)N[C@H]1CC[C@H](CCN2CCc3nc(OCC(C)(F)F)sc3CC2)CC1,6.64
Nc1nc2c(CCN3CCN(c4cccc5sccc45)CC3)cccc2s1,6.64
Cc1nc(-c2ccc(C(=O)N[C@H]3CC[C@H](CCN4CCC(c5coc6ccccc56)CC4)CC3)cc2)no1,6.64
CCn1c(C(=O)N[C@H]2CC[C@H](CCN3CCc4ccc(OCC(F)(F)F)nc4CC3)CC2)cccc1=O,6.64
COc1cc2c(cc1OC)C1=NO[C@@H](CN3CCN(C/C(C)=C/c4ccccc4)CC3)[C@@H]1CO2,6.64
CN1CC=C(C2=Cc3ccccc3Oc3ccccc32)CC1,6.64
COc1cc2c3c(c1O)-c1cc(N)ccc1CC3N(C)CC2,6.64
CCc1cc([C@]23C[C@H]2CN(CC[C@H]2CC[C@H](NC(=O)c4cccn5nccc45)CC2)C3)no1,6.64
CN(C)S(=O)(=O)N[C@H]1CC[C@H](CCN2CCC(c3cccc4c3OCO4)CC2)CC1,6.64
CN1CCN(C2=Nc3ccccc3N(NC(=O)c3ccccc3I)c3ccc(Cl)cc32)CC1,6.64
O=C(C[C@H]1CCCO1)N[C@H]1CC[C@H](CCN2CCC(c3cccc4c3OCO4)CC2)CC1,6.64
CCCC(Oc1cc(Cl)ccc1Cl)c1nc(N)nc(N2CCN(C)CC2)n1,6.64
COc1ccccc1N1CCN(CCCCn2cc(-c3ccc(Br)cc3)nn2)CC1,6.64
COc1ccc2[nH]c(C(=O)NCCC(F)CN3CCN(c4cccc(Cl)c4Cl)CC3)cc2c1,6.64
Fc1ccc(C(SCCNCCCc2ccccc2)c2ccc(F)cc2)cc1,6.64
O=C1c2ccccc2CCCN1CCCCN1CCN(c2ccccn2)CC1,6.64
O=C(CF)N[C@H]1CC[C@H](CCN2CCC(c3cccc4c3OCO4)CC2)CC1,6.64
O=C(N[C@H]1CCN(Cc2ccc(Cl)cc2)C1)c1cccc(-c2cccs2)c1,6.64
O=S(=O)(N[C@H]1CC[C@H](CCN2CCC(c3cccc4c3OCO4)CC2)CC1)N1CCOCC1,6.64
COc1ccc(S(=O)(=O)N[C@H]2CC[C@@H](N3CCC(c4ccccc4OCC(F)F)CC3)CC2)cc1OC,6.64
Clc1ccc(OCCNCCCSc2ccccc2)cc1,6.64
CC(C)(C)c1nc(N2CCN(CCCCn3ccc(C(F)(F)F)cc3=O)CC2)cc(C(F)(F)F)n1,6.64
O=C(N[C@H]1CC[C@H](CCN2CCC(c3cccc4c3OCO4)CC2)CC1)N1CCc2ccccc21,6.64
CNc1ncc2c(n1)CC(CN1CCC(C(=O)c3ccc(F)cc3)CC1)CC2=O,6.63
CN1CCc2cccc3c2[C@H]1Cc1cccc(-c2ccccc2)c1-3,6.63
Cc1cccc(C(=O)NCN2CCC(c3ccccc3)CC2)c1,6.63
C=CCN1CC[C@H]2Cc3c(O)cccc3C[C@@H]21,6.63
NC(=O)NCCCCCCN1CCN(c2cccc(Cl)c2)CC1,6.63
CN1CCc2ccc(OCCCN3CCN(c4ccc5c(c4)OCO5)CC3)cc2C1=O,6.63
Cn1nc2c(c1Br)C(=O)N(CCN1CCN(c3nsc4ccccc34)CC1)CC2,6.63
CO[C@@H]1CC[C@@H](CC(=O)N[C@H]2CC[C@H](CCN3CCN(c4nccc5sccc45)CC3)CC2)C1,6.63
O=C1c2cnc(C3CC3)nc2CCN1CCN1CCN(c2nsc3ccccc23)CC1,6.63
O=C(N[C@H]1CC[C@H](CCN2CCC(c3cccc4c3CCO4)CC2)CC1)C1CC1(F)F,6.63
O=C(N[C@H]1CC[C@H](CCN2CCC(c3cccc4c3OCO4)CC2)CC1)C(O)C(F)(F)F,6.63
COc1cc2c3c(c1)-c1c(O)cccc1C[C@H]3N(C)CC2,6.63
CC(C)(C)c1nc(N2CCN(CCCCNC(=O)NCCc3ccccc3)CC2)cc(C(F)(F)F)n1,6.63
O=C1CCc2ccc(CO[C@@H]3C[C@H]3CN3CCN(c4cccc(Cl)c4Cl)CC3)cc2N1,6.63
O=C1c2ccccc2CCCN1CCN1CCC(n2c(O)nc3cc(F)ccc32)CC1,6.63
COc1cc(/C=C/CCCNCCCC2CCc3nc(N)sc3C2)ccc1O,6.63
COc1ccccc1N1CCN(CCCNC(=O)c2cccc(I)c2)CC1.O=C(O)C(=O)O,6.63
CCc1cc(Cl)c(OC)c(N2CCN(C)CC2)c1,6.63
O=C(N[C@H]1CC[C@H](CCN2CCC(c3cccc4c3OCO4)CC2)CC1)c1ccc(F)cc1,6.63
O=C(N[C@H]1CC[C@H](CCN2CCC(c3cccc4c3CCO4)CC2)CC1)c1ccc(Cl)cc1Cl,6.63
CO[C@@H]1[C@@H](OC)[C@H](C)[C@@](O)(CC(=O)O)O[C@H]1[C@H](C)[C@H]1O[C@@]2(CC[C@@](C)([C@H]3CC[C@@](C)([C@@H]4O[C@@H]([C@H]5O[C@](C)(O)[C@H](C)C[C@@H]5C)C[C@@H]4O[C@@H]4C[C@H](OC)[C@@H](OC)[C@H](C)O4)O3)O2)C[C@H](O)[C@H]1C,6.63
CCCN(CCCSc1nnc(-c2ccccc2)n1C)CC1CC1c1cc(Cl)ccc1OC.Cl,6.63
Cn1c(SCCCN2C[C@@H]3CCN(c4ccccc4C(F)(F)F)[C@@H]3C2)nnc1-c1ccncc1,6.63
C(=C/c1ccccc1)\COCC1CCN(CCc2ccccc2)CC1,6.62
NCCCC[C@H](NC(=O)[C@H](Cc1c[nH]c2ccccc12)NC(=O)[C@@H]1CCCN1C(=O)CCCCCNC(=O)[C@H]1CC[C@@H]2c3[nH]c4ccccc4c3CCN2C1)C(N)=O,6.62
O=C(N[C@H]1CC[C@H](CCN2CCC(c3cccc4c3CCO4)CC2)CC1)C(O)C(F)(F)F,6.62
O=C(C[C@@H](O)C(F)(F)F)N[C@H]1CC[C@H](CCN2CCC(c3cccc4c3CCO4)CC2)CC1,6.62
c1c2c(cc3c1OCO3)CN1CCc3cc4c(cc3[C@@H]1C2)OCO4,6.62
Cn1c(SCCCN2CC3CCN(c4ccccc4F)C3C2)nnc1-c1cnccn1,6.62
CC1CN(CCN2CCN(c3nsc4ccccc34)CC2)C(=O)c2ccn(C)c21,6.62
CN1CCN(c2ccc3ccn(S(=O)(=O)c4ccccc4)c3c2)CC1,6.62
CN1C(=O)c2ccccc2[S@+]([O-])c2ccc(C(=O)NCc3ccc(Br)cc3)cc21,6.62
CC(C)C(=O)N[C@H]1CC[C@H](CCN2CCc3nc(OCC(F)(F)F)sc3CC2)CC1,6.62
O=c1ccc2ccc(CCN3CCN(c4cncc5sccc45)CC3)cc2[nH]1,6.62
c1cnc(N[C@H]2CC[C@H](CCN3CCN(c4ncccn4)CC3)CC2)nc1,6.62
C1=C(c2nc3ccccc3o2)CCN(Cc2ccccc2)C1,6.62
CC1(c2cc(-c3ccc(Cl)cc3)[nH]n2)CCN(Cc2ccccc2)CC1,6.62
O=S(=O)(N[C@H]1CC[C@H](CCN2CCN(c3nccc4c3CCO4)CC2)CC1)c1ccccc1,6.62
Cn1c(SCCCN2CC3CCN(c4ccc(F)cc4F)C3C2)nnc1-c1cnccn1,6.62
O=C(NCCCCN1CCN(c2ccccc2Cl)CC1)c1ccc2ccccc2c1,6.62
CCCN1CCc2cccc3c2[C@H]1Cc1ccc(C)c(OC)c1-3,6.62
Cc1ncc(CC(=O)N[C@H]2CC[C@H](CCN3C[C@@H]4C[C@]4(c4cc(C(C)(F)F)on4)C3)CC2)o1,6.62
COCC(=O)N[C@H]1CC[C@H](CCN2CCN(c3cccc4c3OCO4)CC2)CC1,6.62
COc1ccc2c(c1)c(C1=CCNCC1)cn2S(=O)(=O)c1ccc2cccnc2c1,6.62
COc1cccc(OC)c1-c1cccc2c1CC[C@H](N(C)C)C2,6.62
CC(C)CC(=O)N[C@H]1CC[C@H](CCN2CCC(c3cccc4c3OCO4)CC2)CC1,6.62
COc1ncc2c(n1)CCN(CCN1CCN(c3nsc4ccccc34)CC1)C2=O,6.62
Cn1c(SCCCN2CC[C@]3(CC3c3ccc(C(F)(F)F)cc3)C2)nnc1-c1cnccn1,6.62
CNC(=O)c1ccc2c(c1)CCO[C@H]2CCN1CCN(c2ccc(OC)cc2)CC1,6.62
O=C(c1ccc(F)cc1)C1CCN(CCn2c(=O)[nH]c3ccccc3c2=O)CC1,6.62
Cc1ncc(/C=C/C(=O)N[C@H]2CC[C@H](CCN3CCc4nc(OCC(C)(F)F)sc4CC3)CC2)cn1,6.62
Cn1cc(OCC(=O)N[C@H]2CC[C@](F)(CCN3CCc4nc(OCC(C)(F)F)sc4CC3)CC2)cn1,6.62
CCN(CCCSc1nnc(-c2ccccc2)n1C)CC1CC1c1cc(Cl)ccc1OC.Cl,6.62
Clc1ccc(CN2CCC(c3cc(-c4ccc(Cl)cc4)[nH]n3)CC2)cc1,6.62
O=c1ccc2ccc(OCCCCNCc3cc4ccccc4o3)cc2[nH]1,6.62
O=C(NCCCCN1CCN(c2ccccn2)CC1)c1n[nH]c2ccccc12,6.62
Cc1ncc(/C=C/C(=O)NC23CCC(CCN4CCc5nc(OCC(F)(F)F)sc5CC4)(CC2)CC3)cn1,6.62
Cn1cc(CC(=O)N[C@H]2CC[C@](F)(CCN3CCc4ccc(OCC(C)(F)F)nc4CC3)CC2)cn1,6.62
O=C(N[C@H]1CC[C@H](CCN2CCN(c3cccc4c3OCO4)CC2)CC1)N1CCc2ccccc21,6.62
O=S(=O)(N[C@H]1CC[C@H](CCN2CCN(c3nccc4c3CCO4)CC2)CC1)c1ccc(F)cc1,6.62
CN1CCN(C2=Nc3cc(Cl)ccc3N(NC(=O)c3c(Cl)cccc3Cl)c3ccccc32)CC1,6.62
O=C1c2ccccc2S(=O)(=O)N1CCCCCCN1CCN(c2ccccn2)CC1,6.62
COc1ccccc1N1CCN(CC(F)CCNC(=O)c2cc3ccccc3s2)CC1,6.62
Cc1ncoc1-c1nnc(SCCCN2CC[C@@]3(C[C@H]3c3ccc(F)cc3)C2)n1C,6.62
Clc1cccc(N2CCN(Cc3ccccc3)CC2)c1Cl,6.62
CCCN(CCCCNC(=O)c1ccc(-c2ccccc2)cc1)C1Cc2cccn3ncc(c23)C1,6.62
COc1ccc(-c2ccccc2N2CCN(CCCCCC(=O)N[C@H](C)c3ccc(C#N)cc3)CC2)cc1,6.61
C[C@H]1CN(c2ccccc2-c2ccccc2)CCN1CCCCCC(=O)NCc1ccccc1,6.61
CN1CCc2cccc3c2[C@H]1Cc1ccc(OCCCNC(=O)CCCCCCCCCCCCCCCCCCC(=O)NCCCOc2ccc4c(c2O)-c2cccc5c2[C@@H](C4)N(C)CC5)c(O)c1-3,6.61
O=C(CCCCCCCCCCCCCCCCC(=O)NCCCN1CCN(C2=Nc3cc(Cl)ccc3Nc3ccccc32)CC1)NCCCN1CCN(C2=Nc3cc(Cl)ccc3Nc3ccccc32)CC1,6.61
CC(C)(C)c1nc(N2CCN(CCCCNC(=O)CCc3ccccc3)CC2)cc(C(F)(F)F)n1,6.61
CC(C)(C)c1nc(N2CCN(CCCCN3C(=O)CCC(=O)c4ccccc43)CC2)cc(C(F)(F)F)n1,6.61
CC(C)(C)NC(=O)N[C@H]1CC[C@H](CCN2CCc3ccccc3C2)CC1,6.61
O=C(Cc1noc2ccccc12)N[C@H]1CC[C@H](CCN2CCC(c3cccc4c3CCO4)CC2)CC1,6.61
C#CCN(CCN1CCN(c2ccccc2)CC1)C1CCc2ccc(O)cc2C1,6.61
COc1ncc2c(n1)CCN(CCN1CCC(c3noc4ccccc34)CC1)C2=O,6.61
COc1cccc2c1CCCC(=O)N2CCCCN1CCN(c2cc(C(F)(F)F)nc(C(C)(C)C)n2)CC1,6.61
COc1cccc(N2CCN(CCCCNC(=O)c3ccc(-n4ccnc4)cc3)CC2)c1,6.61
N#Cc1ccc2[nH]cc(CCN3CCN(c4cccc5sccc45)CC3)c2c1,6.61
CO[C@H]1CC[C@H](CC(=O)N[C@H]2CC[C@H](CCN3CCN(c4nccc5sccc45)CC3)CC2)C1,6.61
O[C@@H](COc1ccccc1)CN1CCC(Oc2ccccc2)CC1,6.61
O=C(NCCCCN1CCN(c2ncnc3ccccc23)CC1)c1cn2ccccc2n1,6.61
O=C(CCCCCN1CCN(c2noc3ccccc23)CC1)c1ccccc1O,6.61
CCN(CCN1CCC(c2noc3cc(F)ccc23)CC1)C(=O)C(O)C(F)(F)F,6.61
Cl.O=C1c2cccc3cccc(c23)N1CCCCCCN1CCN(c2ccc(Cl)c(Cl)c2)CC1,6.61
Fc1ccc(OCCCNCCOc2ccc(Cl)cc2)cc1,6.61
O=C(N[C@H]1CC[C@H](CCN2CCC(c3cccc4c3OCO4)CC2)CC1)C1(C(F)(F)F)CC1,6.61
O=C(N[C@H]1CC[C@H](CCN2CCC(c3cccc4c3OCO4)CC2)CC1)C1(O)CC1,6.61
OC(CCn1cc(-c2ccc3ncccc3c2)nn1)CN1CCN(c2cccc(Cl)c2Cl)CC1,6.61
Cn1c(SCCCN2C[C@@H]3CCN(c4ccccc4C(F)(F)F)[C@@H]3C2)nnc1-c1ccc(=O)[nH]c1,6.61
CCCN1CCN(c2ccc3c(c2)CCN3S(=O)(=O)c2ccccc2)CC1,6.61
O=C1CCc2ccc(OCCCCNCC3CC3c3cccc(Cl)c3Cl)cc2N1,6.61
Br.Clc1ccc(N2CCN(C[C@H]3C[C@@H]3c3ccccc3)CC2)cc1,6.61
COc1ccc(Br)cc1-c1nc(CNC[C@@H]2CCN(Cc3ccccc3)C2)co1,6.61
O=C(Cc1noc2ccccc12)N[C@H]1CC[C@H](CCN2CCC(c3coc4ccccc34)CC2)CC1,6.61
COc1c(C)ccc2c1-c1cccc3c1[C@@H](C2)N(C)CC3,6.61
CS(=O)(=O)c1ccc2c(c1)CCN(CC[C@H]1CC[C@H](NC(=O)/C=C/c3cc(F)cc(F)c3)CC1)CC2.Cl,6.6
CO[C@H](C)C(=O)N[C@H]1CC[C@H](CCN2CCN(c3cccc4c3OCO4)CC2)CC1,6.6
O=C(CCC(F)(F)F)N[C@H]1CC[C@H](CCN2CCC(c3cccc4c3CCO4)CC2)CC1,6.6
O=C(NCCN1CCN(c2ccc(Cl)c(Cl)c2)CC1)c1ccccn1,6.6
Cn1c(SCCCN2CC3CCN(c4ccccc4C(F)(F)F)C3C2)nnc1-c1ccncc1,6.6
COc1cc(CN2CCN(c3ccccc3OC)CC2)ccc1OCc1cn(CCOCCOCCOCCNC(=O)COc2cncc(C#Cc3csc(C)n3)c2)nn1,6.6
OC[C@@H]1[C@@H]2CN(Cc3ccccc3)[C@@H](c3ccccc3)[C@@H]2[C@H]1N1CCCC1,6.6
Cn1cc2c(C(=O)N[C@H]3CC[C@](F)(CCN4CCC(c5nocc5C(C)(F)F)CC4)CC3)cccc2n1,6.6
COc1cccc(C(=O)NCCCCCN2CCN(c3ccccc3OC)CC2)c1,6.6
CCCN(CCCCNC(=O)c1ccc(-c2ccccc2)cc1)C1CCc2c(cccc2OS(C)(=O)=O)C1,6.6
CCCN(CCc1cccs1)[C@H]1CCc2ccc(OC)cc2C1,6.6
Cn1c(SCCCN2CC3CCN(c4ccc(F)cc4)C3C2)nnc1C1CCOCC1,6.6
CCS(=O)(=O)c1ccc(OC)c(-c2ccc(CN3CCCC3)[nH]2)c1,6.6
COc1ccc2c(c1)OCC1CN(Cc3ccccc3)CC21,6.6
COc1ccccc1N1CCN(CC(O)CCNC(=O)c2ccc3c(c2)Cc2ccccc2-3)CC1,6.6
C=C1c2ccccc2C=C(C2=CCN(C)CC2)c2ccccc21,6.6
COc1cc(CN2CCN(c3ccccc3OC)CC2)ccc1OCc1cn(CCCCCCCCCCN(C)CCCCCNC(=O)COc2cccc(C#Cc3csc(C)n3)c2)nn1,6.6
CC(C)Oc1ccccc1N1CCC2CN(CCCSc3nnc(-c4cnccn4)n3C)CC21,6.6
O=c1[nH]c2c(O)ccc([C@@H](O)CNCCc3cccc(CNCCc4c(Cl)cccc4Cl)c3)c2s1,6.6
CS(=O)(=O)Oc1ccc2c(c1)CCN(CC[C@H]1CC[C@H](NC(=O)c3cccc(-n4cccc4)c3)CC1)CC2.Cl,6.6
O=c1[nH]c2c(O)ccc([C@@H](O)CNCCc3cccc(CNCc4ccccc4Cl)c3)c2s1,6.6
Cn1c(SCCCN2CC3CCN(c4ccccc4C(F)(F)F)C3C2)nnc1-c1cnccn1,6.6
Cc1c(CN2CCN(c3ccccc3)CC2)cnn1-c1ccccc1,6.6
CCCN(CCC)C1CCc2cc(CCc3ccc(OC)cc3)ccc2C1,6.6
CCCN(CCC)C1CCc2cc(CCc3ccc(C(=O)OCC)cc3)ccc2C1,6.6
Fc1ccccc1-c1cccc(CN2CCN(c3ncccn3)CC2)c1,6.6
O=C(/C=C/c1ccc2ncccc2c1)NCCCCN1CCc2ccc(OS(=O)(=O)C(F)(F)F)cc2C1,6.6
CC(=O)c1ccc(/C=C/C(=O)NCCCCN2CCc3ccc(OS(=O)(=O)C(F)(F)F)cc3C2)cc1,6.6
COc1ccccc1CNCc1cccc(CCNC[C@H](O)c2ccc(O)c3[nH]c(=O)sc23)c1,6.6
c1ccc(OCCCNCCOc2ccccc2)cc1,6.6
CC(C)(C)C(=O)NCCCCN1CCN(c2cccc(Cl)c2)CC1,6.6
CCCN(CCCCNC(=O)c1ccc(-c2ccc(OCc3cn(CCOCCOCCOCCOCCn4cc(COc5ccc(-c6ccc(C(=O)NCCCCN(CCC)C7Cc8ccccc8C7)cc6)cc5)nn4)nn3)cc2)cc1)C1Cc2ccccc2C1,6.6
CC(=O)Nc1ccc(CCN(C)CC2Cc3ccc4c(ccn4S(=O)(=O)c4ccccc4)c32)cc1,6.6
CC(=O)N[C@H]1CC[C@H](CCN2CCN(c3nc(C)cc4occc34)CC2)CC1,6.6
CCCN1CCc2cccc3c2[C@H]1Cc1ccc(C)c(O)c1-3,6.6
CCN(C)CCc1c(-c2ccc(Cl)cc2)[nH]c2ccccc12,6.6
O=S1(=O)N(CCCCCCN2CCN(c3cccc(Cl)c3)CC2)c2cccc3c2N1CCC3,6.6
CC(=O)N[C@H]1CC[C@H](CCN2CCC(c3cccc4c3OCO4)CC2)CC1,6.6
CCCN1CCN(c2cccc(C#N)c2)CC1,6.6
COC1(C(=O)N[C@H]2CC[C@H](CCN3CCN(c4cccc5c4OCO5)CC3)CC2)CCCCC1,6.6
COc1ccc(C(=O)CCCN2CCc3ccccc3C2)cc1,6.6
Cc1cccc(N2CCN(CCN(C)C[C@]34CC[C@H](CC3)C4(C)C)C2=O)c1,6.6
O=C1N(CCN2CCC(c3ccc(Cl)cc3)CC2)CCN1c1cccc(Cl)c1,6.6
COc1ccc(OC)c(C(=O)NCCN2CCN(c3ccccc3OC)CC2)c1,6.6
CS(=O)(=O)Oc1cccc2c1CC[C@H]1[C@H]2CCCN1CCCCNC(=O)c1ccc(-c2ccccc2)cc1,6.6
CCCN(CCC)C1CCc2cc3c(cc2C1)OCC3,6.6
CCCN(CCCCNC(=O)c1ccc(-c2ccccc2)cc1)C1CCc2c(Br)cccc2C1,6.6
Cl.O=C(CCCN1CCN(c2ccc(Cl)cc2)CC1)c1ccc(F)cc1,6.6
CCN1CCc2ccccc2Cc2[nH]c3ccccc3c2CC1,6.6
CN1CCN(c2ccc(O)c3[nH]c(=O)ccc23)CC1,6.6
O=C(NCCCCN1CCC(=C2c3ccc(Cl)cc3CCc3cccnc32)CC1)c1ccc2ccccc2c1,6.6
CN(C)S(=O)(=O)N[C@H]1CC[C@H](CCN2CCC(c3cccc4c3CCO4)CC2)CC1,6.6
O=C(c1cc2ccccc2[nH]1)N1CCN(CCOc2cccnc2)CC1,6.6
COc1ccc(F)cc1C1CC1CNCCCSc1nnc(-c2ccccc2)n1C.Cl,6.6
COc1ccccc1C1CC1CNCCCCCOc1ccc2c(c1)NC(=O)CC2,6.59
O=C1c2ccccc2S(=O)(=O)N1CCCCCN1CCN(c2ccc(Cl)cc2)CC1,6.59
Clc1ccc(N2CCCN(CCCCc3nc4ccccc4s3)CC2)cc1,6.59
COc1ccccc1N1CCN(CCCCCNC(=O)c2ccc3ccccc3c2)CC1,6.59
Cc1ncoc1-c1nnc(SCCCN2CC[C@@]3(C[C@H]3c3ccc(F)cc3F)C2)n1C,6.59
CC(C)Oc1ccccc1N1CC[C@@H]2CN(CCCSc3nnc(-c4cnccn4)n3C)C[C@@H]21,6.59
O/N=C(\CCN1CCN(c2ccccn2)CC1)c1ccccc1,6.59
CCO/N=C(\CCN1CCN(c2nccs2)CC1)c1ccccc1,6.59
c1ccc(CN2CCN(c3cccc4[nH]cnc34)CC2)cc1,6.59
CSc1ccc(C2(O)CCN(Cc3c[nH]c4ncccc34)CC2)cc1.O=C(O)C(=O)O,6.59
O=S(=O)(CC1CCN(CCCc2noc3cc(F)ccc23)C1)c1ccc(F)cc1,6.59
CCOc1ccccc1N1CCN(Cc2cccnc2)CC1,6.59
c1ccc(-c2nc(CN3CCN(c4ccccc4)CC3)c[nH]2)cc1,6.59
COC(=O)c1ccc(OC[C@@H]2CC[C@H]3CN(c4ncccn4)CCN3C2)cc1,6.59
O=C(CC1COC1)N[C@H]1CC[C@H](CCN2CCC(c3cccc4c3OCO4)CC2)CC1,6.59
CCOC(=O)C1CCN(CC2COc3ccc4[nH]c(C(=O)OC)cc4c3O2)CC1,6.59
C(=C/c1ccccc1)\CN1CCN(C(c2ccccc2)c2ccccc2)CC1,6.59
O=C(NCCCCN1CCN2c3ccccc3Cc3ccccc3C2C1)C1CCCCC1,6.59
Cl.O=S1(=O)c2cccc3cccc(c23)N1CCCCCCN1CCN(c2ccc(Cl)c(Cl)c2)CC1,6.59
CCCCN[C@@H]1CCc2c(F)cccc2C1,6.59
Cn1c(=O)c2c(nc3n(CCCCCN4CCN(c5ccc(Cl)cc5)CC4)ccn23)n(C)c1=O,6.59
CC(C)(C)c1nc(N2CCN(C/C=C/CN3C(=O)CCc4ccccc43)CC2)cc(C(F)(F)F)n1,6.59
COCC(=O)N[C@H]1CC[C@H](CCN2CCC(c3cccc4occc34)CC2)CC1,6.59
C1=C(c2c[nH]c3ccccc23)CCN(Cc2ccco2)C1,6.59
CCC(Oc1cc(F)ccc1C(F)(F)F)c1nc(N)nc(N2CCN(C)CC2)n1,6.58
CN1CCC(c2cn(-c3ccncc3)c3ccc(-c4ccncc4)cc23)CC1,6.58
Cc1ncc(/C=C/C(=O)N[C@H]2CC[C@H](CCN3CCc4ccc(CCC(F)(F)F)nc4CC3)CC2)cn1,6.58
O=C(NCCCCN1CCN(c2ncccn2)CC1)c1n[nH]c2ccccc12,6.58
COc1c(C(=O)N[C@H]2CN(Cc3ccccc3)C[C@@H]2C)cc(Br)c2ccccc12,6.58
C[C@H](CCN1CCN(c2cc(C(F)(F)F)nc(C(C)(C)C)n2)CC1)CN1C(=O)CCc2ccccc21,6.58
N#Cc1ccccc1N1CCN(CCCCCC(=O)NC2CCCc3ccccc32)CC1,6.58
CN1CCc2ccc3c4c2[C@H]1Cc1cccc(c1-4)[C@H]3N,6.58
CN1CCc2cccc3c2[C@H]1Cc1ccc(OCCCNC(=O)CCCCCNC(=O)OC(C)(C)C)c(O)c1-3,6.58
CC1(c2ccc(F)cc2)NC(=O)N(CC(O)CN2CCN(C(c3ccccc3)c3ccccc3)CC2)C1=O,6.58
Cn1c(=O)c2c(nc3n(CCCCCN4CCN(c5ccccc5O)CC4)ccn23)n(C)c1=O,6.58
CS(=O)(=O)N[C@H]1CC[C@H](CCN2CCN(c3nccc4sccc34)CC2)CC1,6.58
O=C(NCCCCN1CCN(c2ccccc2C(F)(F)F)CC1)c1ccc(-c2ccsc2)cc1,6.58
Cc1nc(N)sc1CCCN/C(N)=N/C(=O)NCC(C)C1CCCCC1,6.58
Cn1cc2c(C(=O)N[C@H]3CC[C@H](CCN4CCc5ccc(OCC(F)(F)F)nc5CC4)OC3)cccc2n1,6.58
COc1ccc2c(c1)C(NCCN1CCN(c3ccc(Cl)cc3)CC1)CCC2,6.58
COc1ccc(-c2ccccc2N2CCN(CCCCCC(=O)NCc3ccc(OCCCN4CCOCC4)cc3)CC2)cc1,6.58
CCOc1ccccc1N1CCN(Cc2cccc3ccccc23)CC1,6.58
O=[N+]([O-])c1ccccc1N1CCN(CCCCCCN2c3cccc4cccc(c34)S2(=O)=O)CC1,6.58
Cc1ncc(OCC(=O)N[C@H]2CC[C@](F)(CCN3CCc4ccc(OCC(C)(F)F)nc4CC3)CC2)cn1,6.58
Oc1cc(CN2CCN(c3ccccn3)CC2)c(Cl)c2cccnc12,6.58
COc1ccccc1N1CCN(CCCSc2nnc(-c3ccccc3)n2C)CC1,6.58
O=C(N[C@H]1CC[C@H](CCN2CCN(c3nccc4occc34)CC2)CC1)C1CC1,6.58
COc1ccccc1N1CCN(CCCN2CCN(C(=O)c3ccccc3)CC2)CC1,6.58
COc1ccccc1N1CCN(C)CC1,6.58
COc1ccccc1N1CCN(CCCCNC(=O)c2cccc(F)n2)CC1,6.58
Cn1cc2c(C(=O)N[C@H]3CC[C@H](CCN4CCc5nc(OCC(F)(F)F)sc5CC4)CC3)cccc2n1,6.58
CCN(CCc1ccccc1OC(F)(F)F)CCN1CCCC1,6.58
Cn1ccc2c1CCN(CCN1CCC(c3noc4ccccc34)CC1)C2=O,6.58
CN1Cc2c(C(=O)N[C@H]3CC[C@H](CCN4CCc5sc(C6CC(F)(F)C6)nc5C4)CC3)cccc2C1=O,6.58
O=C(CC1(O)CCC1)N[C@H]1CC[C@H](CCN2CCC(c3cccc4c3OCO4)CC2)CC1,6.58
Cl.c1ccc([C@H]2C[C@@H]2CN2CCN(c3ccccn3)CC2)cc1,6.58
O=S(=O)(c1ccccc1F)C1(F)CCN(CCc2ccc(F)cc2F)CC1,6.58
O=C1c2ncccc2CCN1CCN1CCN(c2nsc3ccccc23)CC1,6.58
CCCN(CCN1CCN(c2ccc(-c3ccccc3)cc2)CC1)[C@H]1CCc2nc(N)sc2C1,6.58
CCN(CCCCOc1ccc2c(c1)NC(=O)CC2)CC1CC1c1cc(Cl)ccc1OC,6.58
O=C(NCCCCN1CCN(c2cccc(Cl)c2Cl)CC1)c1ccc2c(c1)-c1ccccc1-2,6.58
COc1cc2c3c(c1OC)-c1cc(N)ccc1CC3N(C)CC2,6.58
Cc1ccc(C)c(C(=O)CCCN2CCC(c3cc(C)ccc3C)CC2)c1,6.58
CN1CCc2ccc3oc(=O)c4cccc5c4c3c2[C@H]1C5,6.58
CN1Cc2cc(Cl)c(O)cc2[C@H](c2ccccc2)C1,6.58
Cc1cccc(N2CCN(CCCCNC(=O)c3cc4ccccc4o3)CC2)c1,6.58
Cc1c2c(nn1C)CCN(CCN1CCC(c3noc4ccccc34)CC1)C2=O,6.57
Fc1ccc(CCCCN2CCN(c3ncccn3)CC2)cc1,6.57
CCCN(CCCCNC(=O)c1ccc(-c2ccc(OCc3cn(CCOCCOCCOCCn4cc(COc5ccc(-c6ccc(C(=O)NCCCCN(CCC)C7Cc8ccccc8C7)cc6)cc5)nn4)nn3)cc2)cc1)C1Cc2ccccc2C1,6.57
COc1ccccc1N1CCN(CCCc2cn(-c3ccccc3OC)nn2)CC1,6.57
O=C(N[C@H]1CC[C@H](CCN2CCN(c3cccc4c3OCO4)CC2)CC1)c1ccccc1,6.57
COc1ccccc1N1CCN(CC(O)CN2C(=O)NC(C)(c3ccc(Br)cc3)C2=O)CC1.Cl,6.57
COc1ccccc1N1CCN(CC(O)CN2C(=O)NC(C)(c3cccc(F)c3)C2=O)CC1.Cl,6.57
O=C(NCCC(O)CN1CCN(c2cccc(Cl)c2Cl)CC1)c1cnc2ccccc2c1,6.57
COc1cc(COCCOCCOCCOCCOCc2ccc(N3CCN(CCCCNC(=O)c4ccccc4)CC3)c(OC)c2)ccc1N1CCN(CCCCNC(=O)c2ccccc2)CC1,6.57
Cc1ccc(OCCNCCCOc2ccccc2)cc1,6.57
CC(C)Oc1ccccc1N1CCN([C@H]2CC[C@H](NS(=O)(=O)c3cccc(Cl)c3F)CC2)CC1,6.57
O=C(CCOCCN1CCN(c2ncccc2-c2ccccc2)CC1)NCc1ccc(C(F)(F)F)cc1,6.57
Cl.Clc1cccc2c1CN(CCCCc1nc3ccccc3s1)CC2,6.57
C[C@@H]1Cc2ccccc2N1C(=O)CN1CCN(Cc2cc(Cl)cc(Cl)c2)CC1,6.57
CN1CCN(C2=Nc3cc(Cl)ccc3N(NC(=O)c3cc(F)c(F)c(F)c3F)c3ccc(Cl)cc32)CC1,6.57
COc1cc(C(=O)NN2c3ccc(Cl)cc3N=C(N3CCN(C)CC3)c3cc(Cl)ccc32)cc(OC)c1OC,6.57
Cc1c(-c2ccccn2)nc(O)n1C1CCN(Cc2ccccc2)CC1,6.57
C=C[C@@H]1Cc2ccccc2N1C(=O)CN1CCN(Cc2ccc(Cl)cc2)CC1,6.57
c1cnc(N2CCN(CCCOc3ccc(-c4nc5ccccc5[nH]4)cc3)CC2)nc1,6.57
CN1CCc2ccccc2Cc2[nH]c3ccccc3c2C[C@@H]1CO,6.57
Cn1nnc2cccc(C(=O)N[C@H]3CC[C@H](CCN4CCc5nc(OCC(C)(F)F)sc5CC4)CC3)c21,6.57
O=C1Cc2cc(CCN3CCN(c4cncc5sccc45)CC3)c(Cl)cc2N1,6.57
CC(O)c1ccc(CSc2nc3ccccc3n2Cc2ccc(Cl)cc2)cc1,6.57
CC[C@@H](CO)NC(=O)[C@@H]1C=C2c3cccc4c3c(cn4C)C[C@H]2N(C)C1,6.57
O=C(CC1CC1)N[C@H]1CC[C@H](CCN2CCC(c3cccc4c3CCO4)CC2)CC1,6.57
CCCN(CCC)C1CCc2ncccc2C1,6.57
CCCCC(Oc1cc(Cl)cc(Cl)c1)c1nc(N)nc(N2CCN(C)CC2)n1,6.57
COC(CN1CCc2sc(OCC(F)(F)F)nc2C1)[C@H]1CC[C@H](NC(=O)c2cccc3nn(C)cc23)CC1,6.57
NC(=O)c1ccccc1OCCCNCCc1cn(Cc2ccccc2)c2ccccc12,6.57
COc1ccccc1N1CCN(CNC(=O)c2ccc(Cl)cc2)CC1,6.57
CN(C)C(=O)C(CCN1C[C@H](F)C[C@H]1C(=O)NCCCCN1CCN(c2cccc(Cl)c2Cl)CC1)(c1ccccc1)c1ccccc1,6.57
Cn1cc(CC(=O)N[C@H]2CC[C@H](CCN3C[C@@H]4C[C@]4(c4cc(C(C)(F)F)on4)C3)CC2)cn1,6.57
CCCN(CCN1CCN(c2ccc(-c3ccncc3)cc2)CC1)[C@H]1CCc2nc(N)sc2C1,6.57
CCCN(CCN1CCN(c2nccc3ccccc23)CC1)[C@H]1CCc2nc(N)sc2C1,6.57
C[C@@H](O)[C@@H]1NC(=O)[C@H](CCCCN)NC(=O)[C@@H](Cc2c[nH]c3ccccc23)NC(=O)[C@H](Cc2ccncc2)NC(=O)[C@H](Cc2ccccc2)NC(=O)[C@H](CCCNC(=N)N)NC(=O)[C@H](NC(=O)CSC[C@@H]2C[C@@H]3c4cccc5[nH]cc(c45)C[C@H]3N(C)C2)CCCCNC(=O)[C@H](Cc2ccc(O)cc2)NC1=O,6.57
CCCN(CCCCN1CCN(c2cccc(Cl)c2Cl)CC1)Cc1ccc2c(c1)Cc1ccccc1-2,6.57
C[C@@H](O)C(=O)N[C@H]1CC[C@H](CCN2CCC(c3cccc4c3OCO4)CC2)CC1,6.57
COc1cccc(N2CCN(CCCCCCN3C(=O)c4cccc5cccc(c45)C3=O)CC2)c1,6.57
Cc1ccc(OCCCNCCOc2ccc(C)cc2)cc1,6.56
O=C(Cc1ccccn1)Nc1cccc(CCN2CCN(c3ccccc3)CC2)c1,6.56
N#Cc1cccc(C2CCN(CCNC(=O)C3CCOCC3)CC2)n1,6.56
COc1cc(Cl)ccc1CN1CCN(CC(=O)N2c3ccccc3C[C@H]2C)CC1,6.56
Cc1cc2occc2c(N2CCN(CC[C@H]3CC[C@H](NC(=O)C4CCOCC4)CC3)CC2)n1,6.56
CCN(CCN1CCC(c2noc3cc(F)ccc23)CC1)C(=O)C(C)(C)O,6.56
CC[C@@H](CO)NC(=O)[C@@H]1C=C2c3cccc4[nH]cc(c34)C[C@H]2N(C)C1,6.56
CCOc1ccc2ccccc2c1C(=O)NN1c2ccc(Cl)cc2N=C(N2CCN(C)CC2)c2ccccc21,6.56
Cn1c(SCCCN2C[C@H]3CCN(c4ccc(C(F)(F)F)cc4)[C@H]3C2)nnc1-c1ccc(C(N)=O)nc1,6.56
CN1CCOc2cc(O)ccc2Cc2ccccc2CC1,6.56
Cc1ccc2c(C3CCN(CCN4CCc5cccnc5C4=O)CC3)noc2c1,6.56
O=C1COc2ccccc2N1CCCN1CCN(c2cccc(Cl)c2Cl)CC1,6.56
Cc1ccc2c(C3CCN(CCn4ccc5cccnc5c4=O)CC3)noc2c1,6.56
CCCC(=O)N[C@H]1CC[C@H](CCN2CCC(c3cccc4c3OCO4)CC2)CC1,6.56
CC(C)(C)c1nc(N2CCN(CCCCn3ccc(C4CCC4)nc3=O)CC2)cc(C(F)(F)F)n1,6.56
COc1cc2c(cc1OC)C(=O)CC(CN1CCC(C(=O)c3ccc(F)cc3)CC1)C2,6.56
CCCN(CCC)[C@H]1CCc2ccc(O)cc2C1,6.56
CCN(CCCSc1nnc(-c2ccccc2)n1C)CC1CC1c1cc(F)ccc1OC.Cl,6.56
CC(=O)N(CCC(=O)N[C@@H](CN[C@@H]1CCCCNC(=O)[C@H](Cc2ccc(F)cc2)NC(=O)[C@H]([C@@H](C)O)NC(=O)[C@H](CCCCN)NC(=O)[C@@H](Cc2c[nH]c3ccccc23)NC(=O)[C@H](Cc2ccccc2)NC(=O)[C@H](Cc2ccccc2)NC(=O)[C@H](CCCNC(=N)N)NC1=O)Cc1ccc(O)cc1)C[C@@H]1C[C@@H]2c3cccc4[nH]cc(c34)C[C@H]2N(C)C1,6.56
COc1ccc2oc(C(=O)NCCC(F)CN3CCN(c4ccccc4OC)CC3)cc2c1,6.56
O=C(O)C(=O)O.O=C1CCc2ccccc2N1CCCCCN1CCN(c2ccccc2)CC1,6.55
C1=C(/C=C/c2ccccc2)CCN(CCc2c[nH]c3ncccc23)C1,6.55
COc1ccccc1N1CCN(Cc2cn3c(-n4cccn4)cccc3n2)CC1,6.55
COc1ccc(Br)cc1-c1nc(CNC[C@@H]2CCN(Cc3ccccc3)C2)cs1,6.55
Cn1cc2c(C(=O)N[C@H]3CC[C@H](CCN4CCc5sc(CCC(F)F)nc5C4)CC3)cccc2n1,6.55
CN1Cc2c(C(=O)N[C@H]3CC[C@H](CCN4CCc5nc(OCC(F)(F)F)sc5CC4)CC3)cccc2C1=O,6.55
Fc1ccc(CCCCN2CCN(c3ccc(Cl)cc3)CC2)cc1,6.55
Cn1c(SCCCN2C[C@H]3CCN(c4ccc(C(F)(F)F)cc4)[C@H]3C2)nnc1C1CCCCC1,6.55
COc1ccccc1N1CCN(Cc2cc3ccccn3n2)CC1,6.55
O=C(CCCCCCCCCCCCCCCCCCCCC(=O)OC1(c2ccc(Cl)cc2)CCN(CCCC(=O)c2ccc(F)cc2)CC1)OC1(c2ccc(Cl)cc2)CCN(CCCC(=O)c2ccc(F)cc2)CC1,6.55
O[C@H](CCCN1CCC(O)(c2ccc(Cl)cc2)CC1)c1ccc(F)cc1,6.55
COc1ccccc1N1CCN(Cc2cn3cc(C)cc(-n4cccn4)c3n2)CC1,6.55
COC(=O)CN(CC(=O)NCCOCCOCCNC(C)=O)CC(=O)NCCOCCOCCNC(=O)CCC(=O)Nc1ccc(CCN2CN(c3ccccc3)C3(CCN(CCCC(=O)c4ccc(F)cc4)CC3)C2=O)cc1,6.55
COc1ccc(S(=O)(=O)N[C@H]2CC[C@H](N3CCC(c4ccccc4OCCF)CC3)CC2)cc1OC,6.55
Cc1nc(O)n(C2CCN(Cc3ccccc3)CC2)c1-c1ccccc1,6.55
COc1ccc(C(=O)NCCCCN2CCN(c3ccccc3Cl)CC2)cc1OC,6.55
OC1(c2ccc(Cl)cc2)CCN(CC#Cc2ccc(F)cc2)CC1,6.55
COc1ccccc1N1CCN(CCNC2=Nc3ccccc3OC2)CC1,6.55
CN(C1CCN(CCOc2ccccc2C(C)(C)C)CC1)S(=O)(=O)c1cnn(C)c1,6.55
COc1cc2c(cc1O)CN(Cc1ccccc1CNC(=O)c1cccc(Cl)c1Cl)CC2,6.55
COc1ccccc1N1CCN(CC(O)CCNC(=O)c2ccc(-c3ccccn3)cc2)CC1,6.55
O=C(N[C@H]1CC[C@H](CCN2CCC(c3cccc4c3OCO4)CC2)CC1)[C@@H](O)C(F)(F)F,6.55
COc1cccc(NC(=O)CCN2CCN(c3ccc(Cl)cc3)CC2)c1,6.55
NCCCC[C@H](NC(=O)[C@H](Cc1ccc(F)c(F)c1)NC(=O)[C@@H]1CCCN1C(=O)CCCCCNC(=O)[C@H]1CC[C@@H]2c3[nH]c4ccccc4c3CCN2C1)C(N)=O,6.55
Cc1n[nH]c2c1C(=O)N(CCN1CCC(c3noc4ccccc34)CC1)CC2,6.55
CC(C)(C)c1nc(N2CCN(CCCCNC(=O)N3CCc4ccccc43)CC2)cc(C(F)(F)F)n1,6.55
COc1ccccc1N1CCN(CCCNC2=Nc3ccccc3OC2)CC1.O=C(O)/C=C/C(=O)O,6.55
COc1ccccc1N1CCCN(CCCCNC(=O)c2ccc(-c3ccc(F)cc3)s2)CC1,6.55
CCCCCOc1ccc2c(c1OC)CN1CCc3cc(OC)c(O)cc3C1C2,6.55
COc1ccccc1N1CCN(CCCCNC(=O)c2cccc(C#Cc3ccccc3)c2)CC1,6.55
CC(C)(O)CC(=O)N[C@H]1CC[C@H](CCN2CCC(c3cccc4c3OCO4)CC2)CC1,6.55
COC(=O)C1=C(C)NC(C)=C(C(=O)OCCCN2CCC(c3ccccc3)(c3ccccc3)CC2)[C@H]1c1cccc([N+](=O)[O-])c1,6.55
CN[C@@H]1Cc2cccc3c2n(c(=O)n3CCCCCCCCCCCCOc2ccc3c(c2)NC(=O)CC3)C1,6.55
O[C@@]1(c2cccc(Cl)c2Cl)C[C@H]2CC[C@@H](C1)N2Cc1csc2ccccc12,6.55
COc1ccc2oc(C(=O)NCCC(F)CN3CCN(c4cccc(Cl)c4Cl)CC3)cc2c1,6.55
CC(C)C(=O)N[C@H]1CC[C@H](CCN2CCC(c3cccc4c3CCO4)CC2)CC1,6.54
N#Cc1ccc2[nH]c(CN3CCN(c4ccccc4)CC3)cc2c1,6.54
COc1cc(/C=C/C(=O)N[C@H]2CC[C@H](CCN3CCc4ccc(OCC(F)F)nc4CC3)CC2)on1,6.54
CCc1cc([C@]23C[C@H]2CN(CC[C@H]2CC[C@H](NC(=O)c4cccc5nn(C)cc45)CC2)C3)no1,6.54
O=C(N[C@H]1CC[C@H](CCN2CCC(c3cccc4c3CCO4)CC2)CC1)C(F)(F)F,6.54
Cc1nnc(CC(=O)N[C@H]2CC[C@](F)(CCN3CCc4nc(OCC(F)(F)F)sc4CC3)CC2)s1,6.54
Cc1nc(/C=C/C(=O)N[C@H]2CC[C@H](CCN3CCc4sc(N5CC(F)(F)C5)nc4C3)CC2)cs1,6.54
Clc1ccc2c(c1)N=C(N1CCN(Cc3ccc(OCCCN4CCCCC4)cc3)CC1)c1ccccc1N2,6.54
C[C@@H]1CN(c2cccc3cc(F)ccc23)CCN1CCC1OCCc2c1sc(C(N)=O)c2Cl,6.54
COc1ccccc1N1CCN(CCCNC(=O)NCc2ccccc2-c2ccc(-c3ccccc3)cc2)CC1,6.54
Cc1c(C2CCN(CCc3ccccc3)CC2)n[nH]c1-c1ccc(Cl)cc1,6.54
Cn1c(SCCCN2C[C@H]3CCN(c4ccc(F)cc4F)[C@H]3C2)nnc1-c1cnccn1,6.54
C[C@H]1CCCCN1CCc1c(-c2ccccc2)[nH]c2ccccc12,6.54
CCc1cc(Cl)c(OC)c(N2CCN(CCCCc3cn(CCC(C(=O)N(C)C)(c4ccccc4)c4ccccc4)nn3)CC2)c1,6.54
C[C@@H](CCCN1C(=O)CCc2ccccc21)N1CCN(c2cc(C(F)(F)F)nc(C(C)(C)C)n2)CC1,6.54
Cn1c(C(=O)N[C@H]2CC[C@](F)(CCN3CCc4nc(OCC(F)(F)F)sc4CC3)CC2)cccc1=O,6.54
Cc1nnc(CC(=O)N[C@H]2CC[C@H](CCN3CCc4ccc(O[C@@H](C)C(F)(F)F)nc4CC3)CC2)o1,6.54
CCOc1ccn(CCCCN2CCN(c3cc(C(F)(F)F)nc(C(C)(C)C)n3)CC2)c(=O)n1,6.54
CN1CCN(C2=Nc3cc(Cl)ccc3N(NC(=O)c3ccc4c(c3)OCO4)c3ccc(Cl)cc32)CC1,6.54
O=C1c2nc[nH]c2CCN1CCN1CCC(c2noc3ccccc23)CC1,6.54
Cc1cccc(C)c1C(=O)NN1c2ccc(Cl)cc2N=C(N2CCN(C)CC2)c2ccccc21,6.54
O=C1NCc2ccc(OCCCN3CCN(c4cccc5c4COCC5)CC3)cc21,6.54
Cc1cccc(N2CCN(CCCCNC(=O)c3cc4ccccc4cn3)CC2)c1,6.54
C[C@@H](O)[C@@H]1NC(=O)[C@H](CCCCN)NC(=O)[C@@H](Cc2c[nH]c3ccccc23)NC(=O)[C@H](Cc2ccccc2)NC(=O)[C@H](Cc2ccccc2)NC(=O)[C@H](CCCNC(=N)N)NC(=O)[C@H](NC[C@H](Cc2ccc(O)cc2)NC(=O)CCN(C[C@@H]2C[C@@H]3c4cccc5[nH]cc(c45)C[C@H]3N(C)C2)S(C)(=O)=O)CCCCNC(=O)[C@H](Cc2ccc(F)cc2)NC1=O,6.54
Cc1c(-c2ccc(F)cc2)nc(O)n1C1CCN(Cc2ccccc2)CC1,6.54
Cc1ccc(C2CCN(Cc3ccc4c(c3)OCC(=O)N4)CC2)cc1,6.54
Cn1c(SCCCN2C[C@@H]3CCN(c4ccc(F)cc4)[C@@H]3C2)nnc1C1CCOCC1,6.54
O=C(CCCN1CCN(c2ccc(Cl)cn2)CC1)c1ccc(F)cc1,6.54
CC(C)=C1c2ccccc2C=C(N2CCN(C)CC2)c2ccccc21,6.54
C[C@@H]1Cc2ccccc2N1C(=O)CN1CCN(Cc2ccc(F)cc2)CC1,6.54
Cc1nnc(CC(=O)N[C@H]2CC[C@H](CCN3CCc4ccc(O[C@H](C)C(F)(F)F)nc4CC3)CC2)s1,6.54
O=S(=O)(c1ccccc1)n1ccc2c(N3CCN(CCCOc4ccccc4)CC3)cccc21,6.54
CCN1C(=O)c2ccccc2[S@+]([O-])c2ccc(C(=O)N[C@H](C)c3ccc4ccccc4c3)cc21,6.54
O=C(CCCCCN1CCN(c2ccccc2F)CC1)NC1CCCc2ccccc21,6.54
CN(C1CCN(CCOc2ccccc2C(C)(C)C)CC1)S(=O)(=O)c1cccc(F)c1,6.54
C[C@@H]1CN(CC[C@H]2CC[C@H](NC(=O)N(C)C)CC2)CCc2ccc(Cl)cc21,6.54
CN1Cc2c(C(=O)N[C@H]3CC[C@H](CCN4CCc5sc(OC6CC(F)(F)C6)nc5C4)CC3)cccc2C1=O,6.54
CN1CCc2cc(O)c(O)cc2C1Cc1ccccc1Br,6.54
Cc1ccc(OCCNCCCOc2cccc(C)c2)cc1,6.54
COCCC(=O)N[C@H]1CC[C@H](CCN2CCC(c3cccc4occc34)CC2)CC1,6.54
COc1ccc(NC(=O)NC2CCC(N3CCN(c4ccccc4OC(C)C)CC3)CC2)c(OC)c1,6.54
O=C(N[C@H]1CC[C@H](CCN2CCN(c3nccc4c3CCO4)CC2)CC1)c1ccc(Cl)cc1,6.54
COc1cc(CCC(=O)N[C@H]2CC[C@H](CCN3CCc4nc(OCC(F)F)sc4CC3)CC2)on1,6.54
COc1cccc2c3c(oc12)CN(CCCCOc1ccc2ccc(=O)oc2c1)CC3,6.54
CC(C)Cc1ccc(C(=O)N[C@H]2CC[C@H](CCN3CCC(c4coc5ccccc45)CC3)CC2)cc1,6.54
CCCN1CCc2cccc3c2[C@@H]1Cc1cccc(OCc2cn(CCCCN4CCN(c5ccccc5OC)CC4)nn2)c1-3,6.53
O=C(CO)N[C@H]1CC[C@H](CCN2CCC(c3cccc4c3OCO4)CC2)CC1,6.53
CC(O)CN1CCN(CC[S+]([O-])C(c2ccc(F)cc2)c2ccc(F)cc2)CC1,6.53
CCCN1CCc2cccc3c2[C@H]1Cc1cccc(OC(=O)CCCC[C@@H]2CCSS2)c1-3,6.53
O=C(N[C@H]1CC[C@H](CCN2CCC(c3cccc4c3CCO4)CC2)CC1)C1(O)CC1,6.53
Cn1c(SCCCN2CC[C@]3(C[C@@H]3c3ccc(C(F)(F)F)cc3)C2)nnc1-c1ccncn1,6.53
CC(=O)N[C@H]1CC[C@H](CCN2CCC(c3cccc4c3CCO4)CC2)CC1,6.53
COc1ccc(-c2ccccc2N2CCN(CCCCCC(=O)NCc3ccc(C#N)cc3)CC2)cc1,6.53
COc1ccc(-c2ccccc2N2CCN(CCCCCC(=O)N[C@H](C)c3ccccc3)CC2)cc1,6.53
CCCCCNC(=N)N/N=C/c1c[nH]c2ccc(OC)cc12.O=C(O)/C=C\C(=O)O,6.53
Cc1ncoc1-c1nnc(SCCCN2C[C@@H]3CCN(c4ccc(F)cc4)[C@@H]3C2)n1C,6.53
N#Cc1cc(N2CCN(CCCCNC(=O)N3CCN(c4ccccc4)CC3)CC2)cc(C(F)(F)F)c1,6.53
Cc1ccc(OCCNCCCOc2ccccc2C)cc1,6.53
COc1ccccc1N1CCN(CCCCc2cc(-c3cccc([N+](=O)[O-])c3)no2)CC1.Cl,6.53
CCc1cccc(N2CCN(CC(F)CCNC(=O)c3cc4ccccc4o3)CC2)c1Cl,6.53
c1ccc(-c2nc(CN3CCN(c4cccnc4)CC3)c[nH]2)cc1,6.53
O=C(NCC[C@@H](O)CN1CCN(c2cccc(Cl)c2Cl)CC1)c1cc2ccccc2[nH]1,6.53
COc1ccc(N2CCN(CCCOc3ccc(-c4nc5ccccc5[nH]4)cc3)CC2)cc1,6.53
CCN(CCN1CCC(c2noc3cc(F)ccc23)CC1)C(=O)C(O)C(C)C,6.53
c1ccc(CN2CCN(c3ccccc3)CC2)cc1,6.522878745280337
CCN(CCN1CCC(c2noc3ccc(F)cc23)CC1)C(=O)[C@H](C)O,6.522878745280337
CS(=O)(=O)Nc1cc(OCCNCc2cccs2)ccc1F,6.522878745280337
Oc1ccccc1N1CCN(Cc2ccccc2)CC1,6.522878745280337
Oc1ccc(N2CCN(Cc3ccccc3)CC2)cc1,6.522878745280337
c1ccc(CNCCOc2ccccc2)cc1,6.522878745280337
CO[C@H]1CC[C@H](CC(=O)N[C@H]2CC[C@H](CCN3CCN(c4nccc5sccc45)CC3)CC2)CC1,6.52
O=C(NCCCCN1CCN(c2cccc(C(F)(F)F)c2)CC1)N1CCN(c2ccccc2)CC1,6.52
C[C@@H](O)[C@@H]1NC(=O)[C@H](CCCCN)NC(=O)[C@@H](Cc2c[nH]c3ccccc23)NC(=O)[C@H](Cc2ccccc2)NC(=O)[C@H](Cc2ccccc2)NC(=O)[C@H](CCCNC(=N)N)NC(=O)[C@H](NC(=O)CSC[C@@H]2C[C@@H]3c4cccc5[nH]cc(c45)C[C@H]3N(C)C2)CCCCNC(=O)[C@H](Cc2ccc(F)cc2)NC1=O,6.52
COc1ccc2[nH]c(C(=O)NCCC(F)CN3CCN(c4ccccc4OC)CC3)cc2c1,6.52
c1cnc(N2CCN(Cc3cccc(-c4ccsc4)c3)CC2)nc1,6.52
COc1cccc(CN2CC=C(c3c[nH]c4ccc(OC(C)C)cc34)CC2)c1,6.52
CN1CCN(c2nc(N)nc(C(C)(C)Sc3ccc4ccccc4c3)n2)CC1,6.52
COc1ccc(S(=O)(=O)n2cc(C)c3cc(Cl)ccc32)cc1NC1CCN(C)CC1,6.52
CC1(c2ccc(F)cc2)NC(=O)N(CC(O)CN2CCN(c3cccc(Cl)c3Cl)CC2)C1=O,6.52
Cl.O=S1(=O)c2cccc3cccc(c23)N1CCCCCCN1CCN(c2cccc(C(F)(F)F)c2)CC1,6.52
O=C(N[C@H]1CC[C@H](CCN2CCC(c3cccc4c3OCO4)CC2)CC1)C1CC(Cl)C1,6.52
CC(C)(C)c1nc(N2CCN(CCCCn3ccc(C4CCCCC4)nc3=O)CC2)cc(C(F)(F)F)n1,6.52
Cc1ccc(OCCNCCCOc2ccccc2)cc1Cl,6.52
O=C(N[C@H]1CC[C@H](CCN2CCC(c3cccc4occc34)CC2)CC1)C1CCOCC1,6.52
CC(C)(C)c1nc(N2CCN(CCCCNC(=O)c3nc4ccccc4[nH]3)CC2)cc(C(F)(F)F)n1,6.52
Cn1ncc(CC(=O)N[C@H]2CC[C@H](CCN3C[C@@H]4C[C@]4(c4cc(C(C)(F)F)on4)C3)CC2)n1,6.52
COc1cc2c(cc1OC)[C@@H]1Cc3ccc(O)c(OC)c3CN1CC2,6.52
O=C(CC1CC1)N[C@H]1CC[C@H](CCN2CCC(c3cccc4c3OCO4)CC2)CC1,6.52
COc1ccc2c(c1)c(C1=CCNCC1)cn2S(=O)(=O)c1cccc2ncccc12,6.52
CCN1C(=O)c2ccccc2[S+]([O-])c2ccc(C(=O)NCc3ccc(OC)cc3)cc21,6.52
CC(=O)c1ccc(CSc2nc3ccccc3n2Cc2ccc(Cl)cc2)cc1,6.52
CCCN1CCN(c2cccc(OC)c2)CC1,6.52
O=S(=O)(CC1CCN(CCCc2noc3cc(F)ccc23)C1)c1cccc(C(F)(F)F)c1,6.52
Cc1ncc(CC(=O)NC2CC3CCC(C2)N3CCN2CCc3sc(OCC(F)(F)F)nc3C2)s1,6.52
Cc1cc(OCCCN2CCN(c3ccccc3)CC2)ccc1Cl.Cl.Cl,6.52
C[C@@H](Oc1ccc2c(n1)CCN(CC[C@H]1CC[C@H](NC(=O)c3cccc(=O)n3C)CC1)CC2)C(F)(F)F,6.52
COc1ccccc1N1CCN(CCNC(=O)c2cc(Br)c3ccccc3c2OC)CC1,6.52
O=C(CC1CCC1)N[C@H]1CC[C@H](CCN2CCC(c3cccc4c3CCO4)CC2)CC1,6.52
CN1CCCC[C@H]1CCN1c2ccccc2Sc2ccc([S+](C)[O-])cc21,6.52
O=C1CCc2ccc(OCCCCNCC3CC3c3cccc4ccccc34)cc2N1,6.52
CCc1nc2c(o1)C(=O)N(CCN1CCN(c3nsc4ccccc34)CC1)CC2,6.52
Cc1cccc(N2CCN(CCCCNC(=O)c3ccc4ccccc4c3)CC2)c1C,6.52
COCCC(=O)N[C@H]1CC[C@H](CCN2CCN(c3nccc4sccc34)CC2)CC1,6.52
O=C(C[C@H]1COCCO1)N[C@H]1CC[C@H](CCN2CCN(c3cccc4c3OCO4)CC2)CC1,6.52
COc1ccccc1N1CCN(CC(O)CN2C(=O)NC(C)(c3ccccc3F)C2=O)CC1.Cl,6.52
CN1C[C@H](C(=O)N[C@@H](Cc2ccc([N+](=O)[O-])cc2)C(=O)N[C@@H](CCC2CCCCC2)C(=O)N2CCCC(C(N)=O)C2)C=C2c3cccc4[nH]cc(c34)C[C@H]21,6.52
CCOc1ccccc1N1CCN(CC(O)CN2C(=O)NC(C)(c3ccccc3)C2=O)CC1.Cl,6.52
Cc1ccc2c(c1)[C@@H]1c3cc(O)c(O)cc3CC[C@H]1NC2,6.52
COc1ccccc1N1CCN(CCCN2C(=O)c3ccccc3C2=O)CC1.O=C(O)C(=O)O,6.52
O=C1c2[nH]ncc2CCN1CCN1CCC(c2noc3ccccc23)CC1,6.51
Cc1ncoc1-c1nnc(SCCCN2CC[C@]3(C[C@H]3c3ccc(C(F)(F)F)cc3F)C2)n1C,6.51
O=C(O)C(=O)O.O=C1CCc2ccc(OCCCCN3CCC(n4c(=O)[nH]c5cc(Cl)ccc54)CC3)cc2N1,6.51
COc1ccc(-c2ccccc2N2CCN(CCCCCC(=O)N[C@@H](C)c3ccc(C#N)cc3)CC2)cc1,6.51
Cn1cc(-c2ccc3c(c2)c(C2CCN(CCN4CCNC4=O)CC2)cn3-c2ccc(F)cc2)nn1,6.51
COc1cc(CN2CCN(c3ccccc3OC)CC2)ccc1OCCF,6.51
O=C(NCCCN1CCN(c2ncccn2)CC1)NN(Cc1ccc(F)cc1)c1ccccc1,6.51
Cc1ncoc1-c1nnc(SCCCN2C[C@H]3CCN(c4cccc(C#N)c4)[C@H]3C2)n1C,6.51
CN1C(=O)c2ccccc2[S@+]([O-])c2ccc(C(=O)NCc3cccnc3)cc21,6.51
CCN(CCN1CCC(c2noc3cc(F)ccc23)CC1)S(=O)(=O)CCO,6.51
Cc1noc(-c2ccc(CSc3nc4ccccc4n3Cc3ccc(Cl)cc3)cc2)n1,6.51
Cc1ncc(OCC(=O)N[C@H]2CC[C@](F)(CCN3CCc4ccc(OCC(F)(F)F)nc4CC3)CC2)cn1,6.51
CC(C)(C)c1cc(N2CCN(CCCCNC(=O)N3CCc4[nH]c5ccccc5c4C3)CC2)nc(C(C)(C)C)n1,6.51
O=S(=O)(c1ccc(F)cc1)C1(F)CCN(CCc2ccc(F)cc2F)CC1,6.51
O=C1c2cn[nH]c2CCN1CCN1CCC(c2noc3ccccc23)CC1,6.51
CCn1c(C(=O)N[C@H]2CC[C@H](CCN3CCc4ccc(OCC(F)F)nc4CC3)CC2)cccc1=O,6.51
Cn1cc2c(C(=O)N[C@H]3CC4(C3)C[C@](F)(CCN3CCc5nc(OCC(F)(F)F)sc5CC3)C4)cccc2n1,6.51
CN1CCc2cc(Cl)c(O)cc2[C@H]2c3cccc(-c4cc(F)cc(F)c4)c3CC[C@@H]21,6.51
Cc1ccc(CN2CCC(CC(=O)N3c4ccccc4CC3C)CC2)cc1C,6.51
CCN1CCN(c2cccc3c2CN(S(=O)(=O)c2ccccc2)C3)CC1,6.51
O=C(N[C@H]1CC[C@H](CCN2CCC(c3cccc4c3CCO4)CC2)CC1)C1(O)CCC1,6.51
O=c1c2ncccc2ccn1CCN1CCC(c2noc3cc(F)ccc23)CC1,6.51
COc1cc2c(cc1O)CN(Cc1ccccc1CNC(=O)c1ccc3ccccc3c1)CC2,6.51
O=C(C[C@H]1CCCCO1)N[C@H]1CC[C@H](CCN2CCN(c3cccc4c3OCO4)CC2)CC1,6.51
C[C@@H](O)[C@@H]1NC(=O)[C@H](CCCCN)NC(=O)[C@@H](Cc2c[nH]c3ccccc23)NC(=O)[C@H](Cc2ccccc2)NC(=O)[C@H](Cc2ccccc2)NC(=O)[C@H](CCCNC(=N)N)NC(=O)[C@H](NCCSC[C@@H]2C[C@@H]3c4cccc5[nH]cc(c45)C[C@H]3N(C)C2)CCCCNC(=O)[C@H](Cc2ccccc2)NC1=O,6.51
O=C(NCCCCN1CCN(c2ccccc2F)CC1)c1ccc2ccccc2c1,6.51
CC(C)(C)OC(=O)N[C@H]1CC[C@H](CN2CCN(c3cccc(Cl)c3Cl)CC2)CC1,6.51
CC(C)CN1CCN2c3cccc4[nH]cc(c34)CC2C1,6.51
Br.Oc1cc2c(c(Cl)c1O)CCNCC2c1ccccc1,6.51
Cc1ncccc1C(=O)N[C@H]1CC[C@H](CCN2CCc3sc(OCC(C)(F)F)nc3C2)CC1,6.51
Cc1cc(-c2ccccc2)n(C2CCN(Cc3ccccc3)CC2)n1,6.51
CCC(F)(F)c1conc1C1(F)CCN(CC[C@H]2CC[C@H](NC(=O)Cc3cnc(C)s3)CC2)CC1,6.51
Cn1cnc2c1C(=O)N(CCN1CCC(c3noc4ccccc34)CC1)CCC2,6.51
Cc1nc(C)c2c(=O)n(CCN3CCC(c4noc5ccccc45)CC3)ccc2n1,6.51
Cc1ccn(CCCCN2CCN(c3cc(C(F)(F)F)nc(C(C)(C)C)n3)CC2)c(=O)n1,6.51
COc1ccccc1N1CCN(CCCCCC(=O)NCc2ccc(C#N)cc2)CC1,6.51
CN[C@@H]1Cc2cccc3c2n(c(=O)n3CCOCCOCCOCCOc2ccc3c(c2)NC(=O)CC3)C1,6.51
CC(=O)c1cccc2c1-c1cccc3c1[C@@H](C2)N(C)CC3,6.51
CN(C)Cc1c(C(=O)NCCCCN2CCN(c3cc(C(F)(F)F)nc(C(C)(C)C)n3)CC2)[nH]c2ccccc12,6.51
COc1ccc(Br)cc1-c1nc(CNCCC2CCN(Cc3ccccc3)C2)co1,6.51
CCc1c(C)c2n(c1C)[B-](F)(F)[N+]1=C3C=CC=C(NCCCCN4CCN(c5ccccc5OC)CC4)N3[B-](F)(F)[N+]1=C2,6.51
c1ccc(Cc2cc(C3CCN(Cc4ccccc4)CC3)[nH]n2)cc1,6.51
O=c1[nH]c2cccc(OC3CCN(CCC4CCc5[nH]c6ccc(F)cc6c5C4)CC3)c2o1,6.51
CC(C)(C)c1cc(N2CCN(CCCCNC(=O)N3CCc4c([nH]c5ccccc45)C3)CC2)nc(C(C)(C)C)n1,6.51
O=C(CC1(O)CCOCC1)N[C@H]1CC[C@H](CCN2CCC(c3cccc4c3OCO4)CC2)CC1,6.51
Cc1nc(N)sc1CCCN/C(N)=N/C(=O)NC(C)c1cccc(F)c1,6.5
CC1CCN(CC[C@H]2CCCN2S(=O)(=O)c2cccc(O)c2)CC1,6.5
CCC(Oc1cc(Cl)ccc1Cl)c1nc(N)nc(N2CCN(C)CC2)n1,6.5
CCCN(CCCCN1CCN(c2cccc(Cl)c2Cl)CC1)Cc1ccc2ccccc2c1,6.5
COc1ccc(/C=C/C(=O)NCCCCN2CCc3ccc(OS(=O)(=O)C(F)(F)F)cc3C2)cc1,6.5
Nc1nc2cc3c(cc2s1)CCN(Cc1cnco1)CC3,6.5
O=C(NCC[C@H](O)CN1CCN(c2cccc(Cl)c2Cl)CC1)c1cnc2ccccc2c1,6.5
O=C(NCCC(O)CN1CCN(c2cccc(Cl)c2Cl)CC1)c1ccc2c(c1)Cc1ccccc1-2,6.5
CN1CCc2ccc3c4c2[C@H]1Cc1cccc(c1-4)C3=O,6.5
C[C@H](O)CN1CCN(c2cccc(Cl)c2Cl)CC1,6.5
CCOCCOCc1ccc(C(=O)NCCCN2CCN(c3ccccc3OC)CC2)cc1,6.5
c1ccc(CN2CC3COc4ccccc4C3C2)cc1,6.5
O=C(/C=C/c1cnc2ccccc2c1)NCCCCN1CCc2ccc(OS(=O)(=O)C(F)(F)F)cc2C1,6.5
O=C(/C=C/c1ccccc1)NCCCCN1CCc2ccc(OS(=O)(=O)C(F)(F)F)cc2C1,6.5
O=C(/C=C\c1ccccc1)NCCCCN1CCc2ccc(OS(=O)(=O)C(F)(F)F)cc2C1,6.5
O=c1[nH]c2c(O)ccc([C@@H](O)CNCCc3cccc(CNCCCc4ccccc4)c3)c2s1,6.5
CS(=O)(=O)Oc1ccc2c(c1)CCN(CC[C@H]1CC[C@H](NC(=O)c3cccc4ccccc34)CC1)CC2.Cl,6.5
Cc1ccc(-c2ccc(S(=O)(=O)Nc3ccc4c(c3)CCN(C)CC4)cc2)s1,6.5
Cn1c(SCCCN2CC3CCN(c4ccccc4C(F)(F)F)C3C2)nnc1-c1ccccn1,6.5
Cc1cn(CCCCN2CCN(c3cc(C(F)(F)F)nc(C(C)(C)C)n3)CC2)c(=O)[nH]c1=O,6.5
Cc1ccc2c(N3CCN(CCc4ccc5c(c4)NC(=O)CO5)CC3)cccc2n1,6.5
Cn1c(SCCCN2CC3CCN(c4ccc(C(F)(F)F)cc4)C3C2)nnc1-c1cccnn1,6.5
Cn1c(=O)ccc2cc(/C=C/C(=O)NCCCCN3CCc4ccc(OS(=O)(=O)C(F)(F)F)cc4C3)ccc21,6.5
CS(=O)(=O)c1cccc(/C=C/C(=O)N[C@H]2CC[C@H](CCN3CCc4cc(C#N)ccc4C3)CC2)c1.Cl,6.5
CCN(CC)Cc1ccc(-c2cc(S(=O)(=O)CC)ccc2OC)[nH]1,6.5
COc1ccccc1N1CCC2CN(CCCSc3nnc(-c4cnccn4)n3C)CC21,6.5
CCS(=O)(=O)c1ccc(OC)c(-c2ccc(C(C)N3CCCCC3)[nH]2)c1,6.5
CCS(=O)(=O)c1ccc(OC)c(-c2ccc(CN3CCCCCCC3c3ccccc3)[nH]2)c1,6.5
COc1ccc2c(c1OC)-c1c(Br)ccc3c1[C@H](C2)N(C)CC3,6.5
COc1ccccc1C(c1ccccc1OC)N1CCN(CCCCNC(=O)c2ccc3ccccc3c2)CC1,6.5
COc1ccccc1N1CCN(CCCCN2Cc3ccccc3C2=O)CC1,6.5
Cc1cnc(-c2cccc(C(=O)N[C@H]3CC[C@H](CCN4CCc5ccc(OS(C)(=O)=O)cc5CC4)CC3)c2)o1.Cl,6.5
OC1(c2ccc(Cl)c(C(F)(F)F)c2)CCN(CCCC=C(c2ccc(F)cc2)c2ccc(F)cc2)CC1,6.5
Cc1ccc2c(C(=O)N[C@H]3CC[C@H](CCN4CCc5ccc(S(C)(=O)=O)cc5CC4)CC3)cccc2n1.Cl,6.5
COc1ccc(CCCN2CCC(CCC(=O)c3cc(Cl)c(N)c4c3OCCO4)CC2)cc1OC,6.5
COc1cccc(/C=C/C(=O)NCCCCN2CCc3ccc(OS(=O)(=O)C(F)(F)F)cc3C2)c1,6.5
CCCN(CCC)[C@@H]1CCc2cc(CCc3ccc(/C(C)=N\O)cc3)ccc2C1,6.5
CCCN(CCC)C1CCc2cc(CCc3ccc(O)cc3)ccc2C1,6.5
CCCN(CCC)[C@@H]1CCc2c(ccc(C(O)Cc3ccc(Cl)cc3)c2OC)C1,6.5
COc1cc2c(cc1OC)Oc1c(O)ccc3c1[C@@H](C2)N(C)CC3,6.5
CS(=O)(=O)Oc1cccc2c1CC[C@H]1[C@H]2CCN1CCCCNC(=O)c1ccc(-c2ccccc2)cc1,6.5
O=S(=O)(NC1CCN(CCOc2ccccc2)C1)c1ccc(Cl)s1,6.5
CS(=O)(=O)Oc1cccc2c1CCC1C2CCCN1CCCCNC(=O)c1ccc(-c2ccccc2)cc1,6.5
COc1cc(CCN(C)C)c2c(c1OC)-c1ccccc1CC2,6.5
O=C(NCCCCN1CC[C@H]2c3ccc(O)cc3CC[C@@H]21)c1ccc(-c2ccccc2)cc1,6.5
CS(=O)(=O)Oc1ccc2c(c1)CCN(CC[C@H]1CC[C@H](NC(=O)c3cccc(-c4ncccn4)c3)CC1)CC2.Cl,6.5
Cl.O=C1c2cccc3cccc(c23)N1CCCCCCN1CCN(c2ccccc2F)CC1,6.5
Cc1cc(CC(=O)N[C@H]2CC[C@H](CCN3CCN(c4cccc5c4OCO5)CC3)CC2)on1,6.5
C[C@@H]1OC(c2ccccc2)=N[C@H]1CN1CCN(c2ccccc2)CC1,6.5
Cl.Fc1ccc(CCCCN2CCc3ccccc3C2)cc1,6.5
COc1ccc2c(c1)CCN1Cc3ccccc3CC21,6.5
CC1(C)[C@@H]2CC[C@]13CCN(CCN1CCN(c4cccc(Cl)c4)C1=O)C3C2,6.5
COCC1[C@@H]2CC[C@H]1CN(CCN1CCN(c3cccc(Cl)c3)C1=O)C2,6.5
N#Cc1ccc2c(c1)CCN(CC[C@H]1CC[C@H](NC(=O)c3cc4ccccc4[nH]3)CC1)CC2,6.5
CCCN(CCCCNC(=O)c1ccc(-c2ccccc2)cc1)C1CCc2ccccc2C1,6.5
COc1cc2c3c(c1O)-c1cc([N+](=O)[O-])ccc1CC3N(C)CC2,6.5
COc1cccc2c1CCC(N(C)CCCCNC(=O)c1ccc(-c3ccccc3)cc1)C2,6.5
c1ccc(CN2CCC(n3cccc3-c3cnco3)CC2)cc1,6.5
Cc1ccc2c(-c3nnc(SCCCN4CCc5ccc(-c6cc(C)nn6C)cc5CC4)n3C)cccc2n1,6.5
Cc1ccc(C(=O)N[C@H]2CC[C@H](CCN3CCN(c4nccc5c4CCO5)CC3)CC2)cn1,6.5
O=c1c2cnccc2ccn1CCN1CCN(c2nsc3ccccc23)CC1,6.5
O=C(N[C@H]1CC[C@H](CCN2CCC(c3cccc4c3CCO4)CC2)CC1)c1ccccc1,6.5
CCNC(=O)Nc1cccc(CCN2CCN(c3cccc4nc(C)ccc34)CC2)c1,6.5
COc1ccc(C)cc1CN1CCN(C2CCc3cccc4c3N(C2=O)C(C)(C)C4)CC1,6.5
O=C1NCN(c2ccccc2)C12CCN([C@@H]1Cc3cccc4cccc1c34)CC2,6.499996931948306
CN(CCCCOc1ccc2c(c1)NC(=O)CC2)CC1CC1c1cccc(Cl)c1Cl,6.49
CN(C)C(=O)N[C@H]1CC[C@H](CCN2CCN(c3nccc4c3CCO4)CC2)CC1,6.49
CC(C)n1ncc2c1CCN(CCN1CCN(c3nsc4ccccc34)CC1)C2=O,6.49
CC(C)Oc1ccc2[nH]cc(C3=CCN(Cc4ccccc4)CC3)c2c1,6.49
COc1ccccc1OCCNCC1OCCOC1(c1ccccc1)c1ccccc1,6.49
CCN(CCCCOc1ccc2c(c1)NC(=O)CC2)CC1CC1c1cc(F)ccc1OC,6.49
O=c1[nH]cnc2ccc(CCCCCN3CCN(c4cccc5sccc45)CC3)cc12,6.49
Clc1cccc(N2CCN(Cc3cccnc3)CC2)c1Cl,6.49
COCOc1ccc(CNC(=O)CCCCCN2CCN(c3ccccc3-c3ccc(OC)cc3)CC2)cc1,6.49
CCCN1CCC(c2ccc3c(c2)N(S(=O)(=O)c2ccccc2)CC3)CC1,6.49
CN(C)C(=O)C(CCN1C[C@H](F)C[C@H]1C(=O)NCCCCN1CCN(c2nsc3ccccc23)CC1)(c1ccccc1)c1ccccc1,6.49
O=S(=O)(NC1CCN(CCOc2ccccc2C2CCCC2)CC1)c1cccc(F)c1,6.49
COc1ccc(N2CCN(CC[C@@H]3OCCc4cc(C(N)=O)ccc43)CC2)cc1,6.49
O=C1Cc2ccccc2N1CCCCN1CCN(c2cccc(C(F)(F)F)c2)CC1,6.49
CN(C1CCN(CCOc2ccccc2C(C)(C)C)CC1)S(=O)(=O)c1ccc(F)cc1,6.49
O=C(Cc1ccc2c(c1)OCO2)N[C@H]1CC[C@H](CCN2CCC(c3cccc4c3OCO4)CC2)CC1,6.49
COc1ccc(F)cc1C1CC1CN(C)CCCSc1nnc(-c2ccccc2)n1C.Cl,6.49
COc1ccccc1N1CCN(CCCCNC(=O)CC2CCCCC2)CC1,6.49
CN1CCc2ccc3ncc4cccc5c4c3c2[C@H]1C5,6.49
O=S(=O)(N[C@H]1CCN(CCCc2noc3ccccc23)C1)c1ccc(F)cc1,6.49
O=C(C[C@@H]1CCCOC1)N[C@H]1CC[C@H](CCN2CCC(c3cccc4c3OCO4)CC2)CC1,6.49
COc1ccccc1N1CCN(CCCCc2cc(-c3ccc(F)cc3)no2)CC1.Cl,6.49
CN1CCc2c3c(cc4nc(N)sc24)-c2c(ccc(O)c2O)C[C@H]31,6.48
Cn1c(SCCCN2CC[C@]3(C[C@@H]3c3ccc(C(F)(F)F)cc3)C2)nnc1-c1ccsc1,6.48
COc1cc2c(cc1OC)[C@@H]1Cc3c(OC)ccc(OC)c3CN1CC2,6.48
Clc1ccc(CN2CC=C(c3nc4cc(Cl)ccc4[nH]3)CC2)cc1,6.48
Cn1cc2c(C(=O)N[C@H]3CC[C@H](CCN4CCc5ccc(OCC(C)(F)F)nc5CC4)CC3)cccc2n1,6.48
CN1CCN(c2nc(N)nc(CSc3ccccc3Cl)n2)CC1,6.48
Cc1c(-c2ccccc2)nc(O)n1C1CCN(CCCc2ccccc2)CC1,6.48
COc1cccc2c1CCC(N)C2,6.48
CN1CCc2cc(Cl)c(O)cc2[C@@H](c2ccc(CN(C)S(=O)(=O)c3ccccc3)cc2)C1,6.48
Clc1ccc(Br)c(CN2CCN([C@@H]3CC[C@@]4(c5ccc6c(c5)OCO6)C[C@H]4C3)CC2)c1,6.48
CC(C)c1ccccc1OCCCN1CCC(NS(=O)(=O)c2ccc(F)cc2)CC1,6.48
CCS(=O)(=O)N[C@H]1CC[C@H](CCN2CCC(c3cccc4c3CCO4)CC2)CC1,6.48
CC(C)(C)c1nc(N2CCN(CCCCNC(=O)N3CCN(C4CC4)CC3)CC2)cc(C(F)(F)F)n1,6.48
O=C(NCCC(O)CN1CCN(c2cccc(Cl)c2Cl)CC1)c1cc2cc(F)ccc2[nH]1,6.48
CO[C@@H]1CC[C@@H](CC(=O)N[C@H]2CC[C@H](CCN3CCC(c4cccc5c4OCO5)CC3)CC2)C1,6.48
COc1ccccc1N1CCN(CC(F)CCNC(=O)c2cc3ccccc3o2)CC1,6.48
CN1CCN(c2ccc3[nH]nc(S(=O)(=O)c4cccc5ccccc45)c3c2)CC1,6.48
CC1C(SCCCN2CC3CCN(c4ccccc4C(F)(F)F)C3C2)=NN=C1c1ccccc1,6.48
C[C@@H](O)[C@@H]1NC(=O)[C@H](CCCCN)NC(=O)[C@@H](Cc2c[nH]c3ccccc23)NC(=O)[C@H](Cc2ccncc2)NC(=O)[C@H](Cc2ccccc2)NC(=O)[C@H](CCCNC(=N)N)NC(=O)[C@H](NCCSC[C@@H]2C[C@@H]3c4cccc5[nH]cc(c45)C[C@H]3N(C)C2)CCCCNC(=O)[C@H](Cc2ccccc2)NC1=O,6.48
C[C@@H](O)[C@@H]1NC(=O)[C@H](CCCCN)NC(=O)[C@@H](Cc2c[nH]c3ccccc23)NC(=O)[C@H](Cc2ccccc2)NC(=O)[C@H](Cc2ccccc2)NC(=O)[C@H](CCCNC(=N)N)NC(=O)[C@H](N(CCSC[C@@H]2C[C@@H]3c4cccc5[nH]cc(c45)C[C@H]3N(C)C2)CCSC[C@@H]2C[C@@H]3c4cccc5[nH]cc(c45)C[C@H]3N(C)C2)CCCCNC(=O)[C@H](Cc2ccc(F)cc2)NC1=O,6.48
O=C(C[C@@H]1COCCO1)N[C@H]1CC[C@H](CCN2CCC(c3cccc4c3OCO4)CC2)CC1,6.48
C[C@@H]1C[C@@H](C)N1C(=O)[C@@H]1C=C2c3cccc4[nH]cc(c34)CC2N(C)C1,6.48
COc1ccccc1N1CCN(CCCCN2C(=O)C=C(c3ccccc3)C2=O)CC1.O=C(O)C(=O)O,6.48
Cc1ncoc1-c1nnc(SCCCN2CC3CCCN(c4ccc(C(F)(F)F)cc4)C3C2)n1C,6.48
Cc1ncc(OCC(=O)N[C@H]2CC[C@H](CCN3C[C@@H]4C[C@]4(c4cc(C(C)(F)F)on4)C3)CC2)cn1,6.48
Cc1cc(C)n2c1C=[N+]1[N+](=C3C=CC=C(NCCCCN4CCN(c5cccc(Cl)c5Cl)CC4)N3[B-]1(F)F)[B-]2(F)F,6.48
COc1ccc(Br)cc1-c1nc(CN2CCN(c3ccccc3)CC2)co1,6.48
O=C(N[C@H]1CC[C@H](CCN2CCC(c3cccc4c3CCO4)CC2)CC1)c1ccc(N2CCS(=O)(=O)CC2)cc1,6.48
CS(=O)(=O)N[C@H]1CC[C@H](CCN2CCC(c3cccc4c3CCO4)CC2)CC1,6.48
COC(=O)Cc1ccc(CSc2nc3ccccc3n2Cc2ccc(Cl)cc2)cc1,6.48
C[C@H](CNc1cncc(Cl)n1)N1CCN(c2ccccc2)CC1,6.48
Cc1cc2c(C(=O)N[C@H]3CC[C@H](CCN4CCc5ccc(OCC(F)(F)F)nc5CC4)OC3)cccn2n1,6.48
CN1Cc2c(C(=O)N[C@H]3CC[C@H](CCN4CCc5sc(OCC(F)(F)F)nc5C4)CC3)cccc2C1=O,6.48
CN(C)CCSC(C)(C)C,6.48
O=C1Nc2ccc(F)cc2C1CCCCN1CCN(c2ccccc2)CC1,6.48
Cc1ncc(CC(=O)N[C@H]2CC[C@H](CCN3CCC(c4noc(C)c4C(C)(F)F)CC3)CC2)s1,6.48
c1ccc(C2=N[C@@H](CN3CCN(c4ccccc4)CC3)CO2)cc1,6.48
CCC(F)(F)c1cc(N2CCC(S(C)(=O)=O)CC2)nc2sc(C(N)=O)c(N)c12,6.48
CCCN(CCCCN1C(=O)CC(C)(C)CC1=O)[C@H]1CCc2ccc3[nH]c(C#N)cc3c2C1,6.47755576649368
Cc1ccc(S(=O)(=O)N2c3ccc(Cl)cc3N=C(N3CCN(C)CC3)c3ccccc32)cc1,6.47
CC(C)CC1Cc2ccccc2N1C(=O)CN1CCN(Cc2ccc(Cl)cc2)CC1,6.47
O=C(N[C@H]1CC[C@H](CCN2CCN(c3cccc(Cl)c3Cl)CC2)CC1)C12CC3CC(CC(C3)C1)C2,6.47
COc1cccc(OC)c1C(=O)NN1c2ccc(Cl)cc2N=C(N2CCN(C)CC2)c2ccccc21,6.47
CC(C)(C)c1nc(N2CCN(CCCCNC(=O)N3CCN(c4ccc(C#N)cc4)CC3)CC2)cc(C(F)(F)F)n1,6.47
CC(C)(C)c1nc(N2CCN(CCCCNC(=O)C3CCN(Cc4ccccc4)CC3)CC2)cc(C(F)(F)F)n1,6.47
CC1(CCN2CCN(c3noc4ccccc34)CC2)CCc2cccnc2C1=O,6.47
Clc1cccc(CN2CC=C(c3nc4ccccc4s3)CC2)c1,6.47
Cn1c(SCCCN2CC[C@]3(C[C@@H]3c3ccc(C(F)(F)F)cc3)C2)nnc1C1=CCC(=O)N=C1,6.47
CC(C)(C)c1cc(N2CCN(CCCCNC(=O)N3CCN(c4ccccc4)CC3)CC2)nc(C(C)(C)C)n1,6.47
CCCN1Cc2ccccc2C2c3cc(O)c(O)cc3OCC21.Cl,6.47
CCOc1ccccc1N1CCN(CCCCc2cc(-c3ccccc3)no2)CC1.Cl,6.47
Cl.O=S1(=O)c2cccc3cccc(c23)N1CCCCCCN1CCN(c2ccc(Cl)cc2)CC1,6.47
N#Cc1ccc2cc(C(=O)NCCCCN3CCN(c4cccc(Cl)c4Cl)CC3)[nH]c2c1,6.47
O=C(N[C@H]1CC[C@H](CCN2CCN(c3nccc4c3CCO4)CC2)CC1)c1ccc(F)cc1,6.47
COc1ccccc1N1CCN(Cc2cn(-c3ccc(OCCCF)cc3)nn2)CC1,6.47
Cn1cc(OCC(=O)N[C@H]2CC[C@](F)(CCN3CCc4nc(OCC(F)(F)F)sc4CC3)CC2)cn1,6.47
Cn1c(=O)c2c(nc3n(CCCCCN4CCN(c5ccccc5O)CC4)c(=O)ccn23)n(C)c1=O,6.47
CCCN1CCc2cccc3c2[C@H]1Cc1cccc(OC(=O)CCCC[C@H]2CCSS2)c1-3,6.47
Cn1cc2c(C(=O)N[C@H]3CC[C@H](CCN4CCc5sc(OCC(C)(F)F)nc5C4)CC3)c(F)ccc2n1,6.47
CCCCC(=O)Oc1cccc2c1-c1cccc3c1[C@@H](C2)N(CCC)CC3,6.47
Cc1c(F)cccc1C(=O)N[C@H]1CC[C@H](CCN2CCc3nc(OCC(C)(F)F)sc3CC2)OC1,6.47
CN(C)C1CCc2cc(O)c(O)cc2C1,6.47
COc1cccc2c1C1CCN(CCc3ccccc3)[C@@H]1CC2,6.4698003017969175
Cn1c(SCCCN2CC[C@]3(C[C@@H]3c3ccc(C(F)(F)F)cc3)C2)nnc1-c1cccs1,6.46
Cc1ncoc1-c1nnc(SCCCN2CC[C@]3(CC3c3ccc(C(F)(F)F)cc3)C2)n1C,6.46
C=CCN1CCc2c(cc(O)c(O)c2Br)[C@@H](c2ccccc2)C1,6.46
Cn1nc2c(c1C(F)(F)F)C(=O)N(CCN1CCN(c3nsc4ccccc34)CC1)CC2,6.46
COc1ccc2c(c1)C[C@H]1c3cc(O)c(OC)cc3CCN1C2,6.46
Cc1cnc(CC(=O)N[C@H]2CC[C@H](CCN3C[C@@H]4C[C@]4(c4cc(C(C)(F)F)on4)C3)CC2)o1,6.46
CN1CCN(C2=Nc3cc(Cl)ccc3N(NC(=O)c3cccc(I)c3)c3ccccc32)CC1,6.46
Cn1cc(OCC(=O)N[C@H]2CC[C@H](CCN3CCc4sc(OCC(C)(F)F)nc4C3)CC2)cn1,6.46
O=C(N[C@H]1CC[C@H](CCN2CCC(c3cccc4c3OCO4)CC2)CC1)C(F)(F)F,6.46
Cc1cc(CC(=O)N[C@H]2CC[C@H](CCN3CCC(c4nocc4C(C)(F)F)CC3)CC2)on1,6.46
Cc1ncc(/C=C/C(=O)N[C@H]2CC[C@H](CCN3CCc4ccc(OCC(F)F)nc4CC3)CC2)cn1,6.46
O=C(N[C@H]1CC[C@H](CCN2CCC(c3cccc4c3OCO4)CC2)CC1)c1ccc2c(c1)OCCO2,6.46
CC(C)(C)c1nc(N2CCN(CCCSc3nccc(O)n3)CC2)cc(C(F)(F)F)n1,6.46
Cc1ncoc1-c1nnc(SCCCCN2CCC3CCN(c4ccc(C(F)(F)F)cc4)C3C2)n1C,6.46
O=C1c2ccc(F)cc2CCC1C1CCN(CCc2ccccc2)CC1,6.46
CN(C)c1ccc(C(=O)NCCCCN2CCC(c3cccc(O)c3)C2)cc1,6.46
Cn1ncc(CC(=O)N[C@H]2CC[C@](F)(CCN3CCc4ccc(OCC(F)(F)F)nc4CC3)CC2)n1,6.46
O=S(=O)(NC1CCN(CC(O)COc2ccccc2-c2ccccc2)CC1)c1cccc(Cl)c1,6.46
CCC(=O)N[C@H]1CC[C@H](CCN2CCC(c3cccc4c3CCO4)CC2)CC1,6.46
COc1ccccc1N1CCN(CCCCOc2cc(O)c3c(c2)OC(c2ccc(C)cc2)CC3=O)CC1,6.46
O=C(CCO)N[C@H]1CC[C@H](CCN2CCC(c3cccc4c3CCO4)CC2)CC1,6.46
CCCN(CCC)CCCOc1ccc(-c2nc3ccccc3n2C/C=C/Cn2c(-c3ccc(OCCCN(CCC)CCC)cc3)nc3ccccc32)cc1,6.46
Cc1cccc(S(=O)(=O)NCCN2CC=C(c3c(C)[nH]c4ccc(Cl)cc34)CC2)c1,6.46
c1ccc(CCN2CCC(c3c(-c4ccccc4)[nH]c4ccccc34)CC2)cc1,6.46
O=C(N[C@H]1CC[C@H](CCN2CCC(c3coc4ccccc34)CC2)CC1)c1ccc(N2CCCCC2)cc1,6.46
COc1ccc(N2CCN(CCC3OCCc4cc(C(N)=O)ccc43)CC2)cc1,6.46
Cc1ccc(N2CCN(Cc3ccc4c(c3)OCC(=O)N4)CC2)cc1C,6.46
CCN(CCN1CCC(n2ncc3cc(F)ccc32)CC1)S(=O)(=O)C(C)CO,6.46
Cn1ccc(CN2CCc3cc4nc(N)sc4cc3CC2)n1,6.46
CCCCn1cc(CCCOc2ccc(C(=O)NCCCN3CCCN(c4ccc(O)c5[nH]c(=O)ccc45)CC3)cc2OC)nn1,6.46
CCCN1CCC(c2cccc(O)c2)CC1,6.46
O=C(CC(F)(F)F)N[C@H]1CC[C@H](CCN2CCC(c3cccc4c3CCO4)CC2)CC1,6.46
Clc1cccc(N2CCN(Cc3cccc4ccccc34)CC2)c1Cl,6.46
CC(C)(C)C1CCC(C(=O)N[C@H]2CC[C@H](CCN3CCC(c4coc5ccccc45)CC3)CC2)CC1,6.46
C[C@@H](O)[C@@H]1NC(=O)[C@H](CCCCN)NC(=O)[C@@H](Cc2c[nH]c3ccccc23)NC(=O)[C@H](Cc2ccncc2)NC(=O)[C@H](Cc2ccccc2)NC(=O)[C@H](CCCNC(=N)N)NC(=O)[C@H](N(CCSC[C@@H]2C[C@@H]3c4cccc5[nH]cc(c45)C[C@H]3N(C)C2)CCSC[C@@H]2C[C@@H]3c4cccc5[nH]cc(c45)C[C@H]3N(C)C2)CCCCNC(=O)[C@H](Cc2ccc(O)cc2)NC1=O,6.46
COc1ccc2[nH]cc(C3CCN(CCCN4C(=O)CC(c5c[nH]c6ccccc56)C4=O)CC3)c2c1,6.46
Cn1c(SCCCN2CC[C@]3(C[C@@H]3c3ccc(C(F)(F)F)cc3)C2)nnc1-c1ccc(C#N)cc1,6.46
O=C(CCOCCN1CCN(c2ccccc2-c2ccccc2)CC1)NCc1ccc(C(F)(F)F)cc1,6.46
CC(C)(C)OC(=O)N[C@H]1CC[C@H](CN2CCc3ccccc3C2)CC1,6.45
Cn1c(SCCCN2CC[C@]3(C[C@@H]3c3ccc(C(F)(F)F)cc3)C2)nnc1-c1ccc(C(N)=O)cc1,6.45
CN[C@@H]1Cc2cccc3ncn(c23)C1,6.45
CC(C)Oc1ccccc1N1CCN([C@H]2CC[C@@H](NS(=O)(=O)c3cc(Cl)ccc3F)CC2)CC1,6.45
O=C(NCCN(CCCN1CCN(c2ccccc2)CC1)C1CCc2ccc(O)cc2C1)c1ccccc1,6.45
CCN(CCCN1CCC(c2noc3cc(F)ccc23)CC1)C(=O)[C@H](C)O,6.45
CC[C@@H](O)CC(=O)N[C@H]1CC[C@H](CCN2CCC(c3cccc4c3CCO4)CC2)CC1,6.45
Cn1c(SCCCN2CC3CCN(c4ccc(C(F)(F)F)cc4)C3C2)nnc1-c1ccc(=O)[nH]c1,6.45
CCCN1CCc2cccc3c2[C@H]1Cc1cccc(N)c1-3,6.45
O=C(CC1CCOCC1)N[C@H]1CC[C@H](CCN2CCC(c3cccc4c3OCO4)CC2)CC1,6.45
O=c1[nH]c2[nH]c(-c3ccccc3Cl)cc2c(=O)n1CCN1CCN(c2ccccc2Cl)CC1,6.45
CC(C)(C)c1nc(N2CCN(CCCCNC(=O)N3CCN(c4ccnc5cc(Cl)ccc45)CC3)CC2)cc(C(F)(F)F)n1,6.45
Cc1cn(CCCCN2CCN(c3cc(C(F)(F)F)nc(C(C)(C)C)n3)CC2)c(=O)n(C)c1=O,6.45
CCC(C)C(=O)N[C@H]1CC[C@H](CCN2CCC(c3cccc4c3OCO4)CC2)CC1,6.45
CC(C)(C)c1nc(N2CCN(CCCCN3C(=O)COc4ccccc43)CC2)cc(C(F)(F)F)n1,6.45
O=C(N[C@H]1CC[C@H](CCN2CCC(c3coc4ccccc34)CC2)CC1)c1ccc(C2CC2)cc1,6.45
CN(C)[C@@H]1CCN(c2cc(-c3ccccc3)nc3ccnn23)C1,6.45
Cc1nc(N)sc1CCCN/C(N)=N/C(=O)NCC(C)CCc1ccccc1,6.45
Cc1ncoc1-c1nnc(SCCCN2CC[C@H]3CCN(c4ccc(C(F)(F)F)cc4)[C@H]3C2)n1C,6.45
CN1CCN(c2nc(N)nc(CCCOc3ccc(Cl)c(Cl)c3)n2)CC1,6.45
Clc1ccc(SCCNCCCOc2ccccc2)cc1,6.45
N#Cc1ccccc1N1CCN(CCCN2C(=O)CCc3ccccc32)CC1.O=C(O)C(=O)O,6.45
O=S(=O)(c1ccccc1)N1CCc2c(N3CCN(C4CCC4)CC3)cccc21,6.45
CN1CCN(c2ccc3[nH]nc(S(=O)(=O)c4ccccc4)c3c2)CC1,6.45
Cn1nc(Br)c2c1CCN(CCN1CCN(c3nsc4ccccc34)CC1)C2=O,6.44
CN(C1CCN(CCOc2ccccc2C(C)(C)C)CC1)S(=O)(=O)c1ccccc1,6.44
Cc1cc(N2CCN(CCCCNC(=O)c3cn4ccccc4n3)CC2)nc(C(C)(C)C)n1,6.44
CC(C)(C)c1cc(N2CCN(CCCCNC(=O)c3cn4ccccc4n3)CC2)nc(C(C)(C)C)n1,6.44
O=C1c2ccc(F)cc2CC1CCN1CCCN(c2ccc(Cl)cn2)CC1,6.44
O=C(Nc1cccc(CCN2CCN(c3ccccc3)CC2)c1)Nc1ccccn1,6.44
Cl.Clc1ccc(N2CCN(Cc3c[nH]c4ncccc34)CC2)cc1,6.44
O=C(CCCCCN1CCN(c2ccccc2-c2ccccc2)CC1)N1CCc2ccccc2C1,6.44
COC(CC(=O)N[C@H]1CC[C@H](CCN2CCC(c3cccc4c3CCO4)CC2)CC1)OC,6.44
CC1CN(CCN2CCC(c3noc4ccccc34)CC2)C(=O)c2ccn(C)c21,6.44
Cn1c(SCCCN2CC[C@]3(C[C@@H]3c3ccc(C(F)(F)F)cc3F)C2)nnc1C1CCOCC1,6.44
O=C(CCCN1CCc2ccccc2C1)c1ccc(O)cc1,6.44
CCc1cc(Cl)c(OC)c(N2CCN(CC(O)CCNC(=O)c3ccc4c(c3)OCO4)CC2)c1,6.44
Cn1c(C(=O)N[C@H]2CC[C@H](CCN3CCc4nc(OCC(F)(F)F)sc4CC3)CC2)ccc(F)c1=O,6.44
COc1ccccc1N1CCN(CC(O)CN2C(=O)NC(C)(c3ccc(Cl)cc3)C2=O)CC1.Cl,6.44
CC(Sc1cc(Cl)cc(Cl)c1)c1nc(N)nc(N2CCN(C)CC2)n1,6.44
CCC(Sc1cc(Cl)cc(Cl)c1)c1nc(N)nc(N2CCN(C)CC2)n1,6.44
COc1ccccc1N1CCN(CCCCN2C(=O)c3ccccc3S2(=O)=O)CC1,6.44
O=C(N[C@H]1CC[C@H](CCN2CCC(c3ccc(F)c4occc34)CC2)CC1)C1CCOCC1,6.44
O=C(NCN1CCN(c2ccccc2Cl)CC1)c1cccc(Cl)c1,6.44
COc1ccccc1-c1cc2c(=O)n(CCN3CCN(c4ccccc4Cl)CC3)c(=O)[nH]c2[nH]1,6.44
Cc1cc(N2CCN(CCCCNC(=O)N3CCN(c4ccccc4)CC3)CC2)nc(C(C)(C)C)n1,6.44
Nc1nc(N)nc(NCCCCN2CCN(c3ccccc3)CC2)n1,6.44
O=C1c2c(Br)nn(Br)c2CCN1CCN1CCN(c2nsc3ccccc23)CC1,6.44
CO[C@H]1CC[C@H](CC(=O)N[C@H]2CC[C@H](CCN3CCC(c4cccc5c4OCO5)CC3)CC2)CC1,6.44
O=C(CC1(O)CCCCC1)N[C@H]1CC[C@H](CCN2CCC(c3cccc4c3OCO4)CC2)CC1,6.44
Cn1c(SCCCN2CC[C@]3(C[C@@H]3c3ccc(C(F)(F)F)cc3)C2)nnc1-c1ccc(-c2ncco2)cc1,6.44
COc1ccccc1-c1cccc(CN2CCN(c3ncccn3)CC2)c1,6.44
CSc1ccccc1C1CC1CNCCCCOc1ccc2c(c1)NC(=O)CC2,6.44
Cc1ccc(CCCNCCCOc2ccccc2)cc1,6.44
CCC(Oc1cc(Cl)cc(Cl)c1)c1nc(N)nc(N2CCN(C)CC2)n1,6.43
O=C(c1cccc(CN2CCc3c([nH]c4ccccc34)C2)c1)N1CCCCC1,6.43
CO/N=C(/c1ccc(Cl)cc1)C(O)CN1CCN(c2ccccn2)CC1,6.43
CN1CCN(C2=Nc3cc(Cl)ccc3N(NC(=O)c3ccccc3F)c3ccccc32)CC1,6.43
Cn1c(SCCCN2CC3CCN(c4c(F)cccc4C(F)(F)F)C3C2)nnc1-c1cnccn1,6.43
CN(CCc1c[nH]c2ccccc12)Cc1ccc(-c2ccccc2)o1,6.43
Cc1ncoc1-c1nnc(SCCCN2C[C@@H]3CCN(c4ccccc4)[C@@H]3C2)n1C,6.43
Cc1c(-c2ccccc2)cnn1C1CCN(Cc2cccc(Cl)c2)CC1,6.43
CC(C)n1ncc2c1CCN(CCN1CCC(c3noc4ccccc34)CC1)C2=O,6.43
O=C(N[C@H]1CC[C@H](CCN2CCC(c3cccc4c3OCO4)CC2)CC1)c1ccnc2ccccc12,6.43
CCCCCCCCN1CCC(c2cccc(O)c2)C1,6.43
CCCN1CC(c2ccccc2)OC2c3cc(O)ccc3CCC21,6.43
CCCCCCCN1CCC(c2cccc(O)c2)C1,6.43
Cn1c(SCCCN2CC3CCN(c4ccccc4C(F)(F)F)C3C2)nnc1-c1ccc(=O)[nH]c1,6.43
CCCN1CCC(n2c(=O)[nH]c3cc(Cl)ccc32)CC1,6.43
CN(C)C[C@@H]1CC2c3ccccc3Oc3ccc(Br)cc3[C@H]2O1,6.43
CC(Oc1cc(Cl)ccc1Cl)c1nc(N)nc(N2CCN(C)CC2)n1,6.43
Cc1ncc(CC(=O)N[C@H]2CC[C@H](CCN3CCc4sc(OCC(F)F)nc4C3)CC2)s1,6.43
COc1ccccc1N1CCN(CCCCNC(=O)c2cc3cccc(OC)c3o2)CC1,6.43
COc1cccc2cc(C(=O)NCCCCN3CCN(c4cccc(Cl)c4Cl)CC3)oc12,6.43
CC(C)CS(=O)(=O)n1ccc2c(-c3ccc(C(F)(F)F)cc3)cc(N3CCN(C)CC3)nc21,6.43
Cn1c(C(=O)N[C@H]2CC[C@H](CCN3CCc4nc(OCC(F)(F)F)sc4CC3)CC2)cccc1=O,6.43
C[C@H]1CO[C@@H](c2ccc(N)nc2)CN1C[C@H]1C[C@H]1CCNC(=O)c1cc2ccccc2[nH]1,6.43
CC(C)(C)NC(=O)Cn1c(CCCN2CCN(c3cccc(Cl)c3Cl)CC2)nc2ccccc21,6.43
C[C@H](Nc1ccnc(NCCOc2ccc(F)cc2)c1)c1ccccc1,6.43
O=C(N[C@H]1CC[C@H](CCN2CCC(c3cccc4c3CCO4)CC2)CC1)C1CCCO1,6.43
COc1ccc(-c2ccccc2N2CCN(CCCCCC(=O)NCc3ccc(OCCN4CCOCC4)cc3)CC2)cc1,6.43
O=C(NCCCCN1CCN(c2cccc(O)c2)CC1)c1ccc2ccccc2c1,6.43
O=C1[C@@H]2[C@H]3CC[C@H](C3)[C@@H]2C(=O)N1CCCCCCN1CCN(c2ccc(Cl)cc2)CC1,6.43
Cn1ncc2ccc(C(=O)N[C@H]3CC[C@H](CCN4CCc5nc(OCC(C)(F)F)sc5CC4)OC3)cc21,6.43
C[C@@H](Oc1ccc2c(n1)CCN(CC[C@]1(F)CC[C@@H](NC(=O)Cc3cnn(C)n3)CC1)CC2)C(F)(F)F,6.43
O=C(CN1CCN(Cc2ccc(Cl)cc2)CC1)N1c2ccccc2[C@H]2CCCC[C@H]21,6.42
CC(C)CS(=O)(=O)n1ccc2c(-c3ccc4[nH]ccc4c3)cc(N3CCN(C)CC3)nc21,6.42
Cc1ccc(C(=O)NCN2CCN(c3ccccc3C#N)CC2)cc1,6.42
Cc1cc2c(C(=O)N[C@H]3CC[C@H](CCN4CCc5nc(OCC(F)(F)F)sc5CC4)OC3)cccn2n1,6.42
Cc1noc2c1C(=O)N(CCN1CCN(c3nsc4ccccc34)CC1)CCC2,6.42
CN1CCCc2ccccc2Cc2ccc(O)cc2CCC1,6.42
CC(C)(C)OC(=O)N[C@H]1CC[C@H](CCN2CCc3ccc([N+](=O)[O-])cc3C2)CC1,6.42
CN1CCN(C2=Nc3cc(Cl)ccc3N(NC(=O)c3c(F)cccc3C(F)(F)F)c3ccccc32)CC1,6.42
CCc1cc([C@]23C[C@H]2CN(CC[C@H]2CC[C@H](NC(=O)/C=C/c4cnc(C)nc4)CC2)C3)no1,6.42
Cn1c(SCCCN2CC3CCN(c4ccc(C(F)(F)F)cc4)C3C2)nnc1-c1ccncc1,6.42
O=c1c2cnc(C(F)(F)F)cc2ccn1CCN1CCN(c2nsc3ccccc23)CC1,6.42
Clc1cccc(N2CCN(Cc3csc4ccccc34)CC2)c1Cl,6.42
OCCOCCN1CCN(C(c2ccccc2)c2ccc(Cl)cc2)CC1,6.42
Cc1ncc(CC(=O)N[C@H]2CC[C@H](CCN3CCC(c4nocc4CC4CC4)CC3)CC2)s1,6.42
Cn1cc2c(C(=O)N[C@H]3CC[C@H](CCN4CC5CC5(c5cc(C6CC6)on5)C4)CC3)cccc2n1,6.42
CCCNC1CCc2c(cccc2OC)C1,6.42
Cc1nnc2n1CCN(C(=O)NCCCCN1CCN(c3cc(C(F)(F)F)nc(C(C)(C)C)n3)CC1)C2,6.42
Cn1c(N2CCCC2)nc2c(CN3CCN(c4ccc(Cl)c(Cl)c4)CC3)c[nH]c2c1=O,6.42
CCn1c(C(=O)N[C@H]2CC[C@H](CCN3CCc4sc(CCC(F)(F)F)nc4C3)CC2)cccc1=O,6.42
O=C(NCCC(F)CN1CCN(c2cccc(Cl)c2Cl)CC1)c1ccc(-c2ccccn2)cc1,6.42
OC1(c2ccccc2Cl)CCN(Cc2c[nH]c3ccccc23)CC1,6.42
O=C1CCc2ccc(OCCCCNCC3CC3c3cccc4c3OCCO4)cc2N1,6.42
CN1CCc2cccc3c2[C@H]1Cc1ccc(OCCCNC(=O)CCCCCCCCCCCCCCCCC(=O)NCCCOc2ccc4c(c2O)-c2cccc5c2[C@@H](C4)N(C)CC5)c(O)c1-3,6.42
CC(C)(C)c1nc(N2CCN(CCCCNC(=O)N3CCN(c4ccccc4C#N)CC3)CC2)cc(C(F)(F)F)n1,6.42
Fc1ccc(C(OC2CC3CCC(C2)N3Cc2cccc3ccccc23)c2ccc(F)cc2)cc1,6.42
Oc1ccc(-c2ccc(CNCCc3c[nH]c4ccc(F)cc34)o2)cc1,6.42
CCCC(Oc1cc(Cl)cc(Cl)c1)c1nc(N)nc(N2CCN(C)CC2)n1,6.42
O=C(NCCCN1CCN(c2ccc(Cl)cc2)CC1)NN(Cc1ccc(F)cc1)c1ccccc1,6.42
O=C(CC1CCCO1)N[C@H]1CC[C@H](CCN2CCC(c3cccc4c3CCO4)CC2)CC1,6.42
CCOc1ccc(F)cc1C1CC1CN(CC)CCCSc1nnc(-c2ccccc2)n1C.Cl,6.42
N#Cc1ccc(C(=O)N[C@H]2CC[C@H](CCN3CCN(c4nccc5c4CCO5)CC3)CC2)cc1,6.42
CC(C)(C)C(=O)N[C@H]1CC[C@H](CCN2CCC(c3cccc4c3CCO4)CC2)CC1,6.42
CCN(CCCCNC(=O)c1cc2ccccc2[nH]1)CC1CC1c1cc(F)ccc1OC.Cl,6.42
COC(=O)c1cc2c3c(ccc2[nH]1)OCC(CN1CCC(Nc2ccccc2)(C(N)=O)CC1)O3,6.411168274405792
CCN(CCN1CCC(c2noc3cc(F)ccc23)CC1)C(=O)[C@H](C)O,6.41
O=C(NNS(=O)(=O)c1ccccc1F)c1cc(F)cc(-c2ccccn2)c1,6.41
Cc1ccc(OCCNCCCOc2ccc(F)cc2)cc1,6.41
COc1ccccc1NC(=O)NC1CCC(N2CCN(c3ccccc3OC(C)C)CC2)CC1,6.41
O=C(C[C@H]1CC[C@H](O)CC1)N[C@H]1CC[C@H](CCN2CCN(c3nccc4sccc34)CC2)CC1,6.41
Cn1c(SCCCN2CC3CCN(c4ccc(C(F)(F)F)cc4)C3C2)nnc1-c1ccc(C(N)=O)nc1,6.41
COc1cc2c(cc1OC)[C@@H]1Cc3ccc(OC)c(OC)c3CN1CC2,6.41
Fc1ccc(OCCCN2CCN(c3ccc(Cl)cc3)CC2)cc1,6.41
COc1ccccc1N1CCN(CC(F)CCNC(=O)c2ccc(-c3ccccn3)cc2)CC1,6.41
O=C(N[C@H]1CC[C@H](CCN2CCc3nc(OCC(F)(F)F)sc3CC2)CC1)c1cccnc1C(F)F,6.41
Cn1c(SCCCN2C[C@H]3CCN(c4ccc(F)cc4)[C@H]3C2)nnc1C1CCCCC1,6.41
CCCN(CC1CC1)[C@@H]1CCc2ccc3[nH]c(C(N)=O)cc3c2C1,6.41
CCOCCC(=O)N[C@H]1CC[C@H](CCN2CCC(c3cccc4c3OCO4)CC2)CC1,6.41
COc1ccc(N2CCN(CC[C@H]3OCCc4cc(C(N)=O)ccc43)CC2)cc1,6.41
O=C(c1ccc(OCCN2CCCCC2)cc1)c1c(-c2ccc(O)cc2)sc2cc(O)ccc12,6.41
O=C(CCOCCN1CCN(c2ncccc2-c2ccc(F)cc2)CC1)NCc1ccc(C(F)(F)F)cc1,6.41
CC(C)(C)c1ccc(CN2CCC3(CCc4ccccc4C3=O)CC2)cc1.Cl,6.41
O=C1c2ccccc2CN1CCCCN1CCN(c2cccc(C(F)(F)F)c2)CC1,6.41
O=C(CC1CCCO1)N[C@H]1CC[C@H](CCN2CCC(c3cccc4c3OCO4)CC2)CC1,6.41
CS(=O)(=O)c1cccc(C2CCN(Cc3ccccc3)CC2)c1,6.41
Oc1ccc2c(c1)CCNCCc1ccccc1C2,6.41
CN1CCN(C2=Nc3cc(Cl)ccc3N(NC(=O)c3c(Cl)cc(Cl)cc3Cl)c3ccccc32)CC1,6.41
COc1ccc2[nH]cc(CCNCc3ccc(-c4cccc(O)c4)o3)c2c1,6.41
O=C(NCCN1CCN(c2ccc(Br)cc2)CC1)NN(Cc1ccccc1)c1ccccc1,6.41
Cc1ncoc1-c1nnc(SCCCN2CC[C@@]3(C[C@@H]3c3ccc(C(F)(F)F)cc3)C2)n1C,6.41
CCCN(CCC)C1COc2c(cccc2-c2ccsc2)C1,6.4
CS(=O)(=O)c1ccc2c(c1)CCN(CC[C@H]1CC[C@H](NC(=O)/C=C/c3c(F)cccc3F)CC1)CC2.Cl,6.4
CN1CCO[C@@H]2c3cc4c(cc3CC[C@H]21)CCO4,6.4
CC(C)(C)C(=O)NCCCCN1CCN2c3ccc(Cl)cc3CCC2C1,6.4
O=C(NCCN1CCN(c2ccc(Cl)cc2)CC1)C12CC3CC(CC(C3)C1)C2,6.4
CCCN1CCO[C@@H]2c3cc4c(cc3CC[C@H]21)CCO4,6.4
CC(C)(C)C(=O)NCCCCCN1CCN(c2ccc(Cl)cc2)CC1,6.4
Cn1cc2c(C(=O)NC3CC4(CC(CCN5CCc6sc(OCC(C)(F)F)nc6C5)C4)C3)cccc2n1,6.4
O=c1[nH]c2c(O)ccc([C@@H](O)CNCCOc3cccc(CNCCc4ccccc4F)c3)c2s1,6.4
O=C(NCCCCN1CCN(c2ccc(Cl)cc2)CC1)c1ccccc1,6.4
COc1ccc(NS(=O)(=O)c2sc3ccc(Cl)cc3c2C)cc1N1CCN2CCCCC2C1,6.4
CC(C)(C)CC(=O)N[C@H]1CC[C@H](CCN2CCC(c3cccc4c3CCO4)CC2)CC1,6.4
CCCC(=O)NN1c2ccc(Cl)cc2N=C(N2CCN(C)CC2)c2ccccc21,6.4
Cc1cccc2c(CCNCc3cccc(CCNC[C@H](O)c4ccc(O)c5[nH]c(=O)sc45)c3)c[nH]c12,6.4
COc1cccc(N2CCC3CN(CCCSc4nnc(-c5cnccn5)n4C)CC32)c1,6.4
O=c1[nH]c2c(O)ccc([C@@H](O)CNCCc3cccc(CNCCc4ccccc4F)c3)c2s1,6.4
Cl.N#Cc1ccc2c(c1)CCN(CC[C@H]1CC[C@H](NC(=O)c3cccc4ccccc34)CC1)C2,6.4
CCn1ncc2c1-c1c(C)sc(C)c1CCC2,6.4
CC1CCN(CC[C@H]2CCCCN2S(=O)(=O)c2cccc3ccccc23)CC1,6.4
Cn1c(SCCCN2CC3CCN(c4ccccc4C(F)(F)F)C3C2)nnc1-c1cccnc1,6.4
CC(C)(C)c1nc(N2CCN(CCCCn3cc(C(F)(F)F)ccc3=O)CC2)cc(C(F)(F)F)n1,6.4
Cn1c(SCCCN2CC3CCN(c4ccc(F)cc4)C3C2)nnc1-c1ccn(C)c(=O)c1,6.4
Cn1c(SCCCN2CC3CCN(c4ccc(C(F)(F)F)cc4)C3C2)nnc1-c1ccccn1,6.4
CN1CCc2ccc(NS(=O)(=O)c3ccc(-c4ccc(Cl)cc4)s3)cc2CC1,6.4
CCCN(CCCCNC(=O)c1ccc(-c2ccccc2)cc1)C1CCc2c(cccc2OS(=O)(=O)C(F)(F)F)C1,6.4
Cc1cc(C(=O)N[C@H]2CC[C@H](CCN3CCN(c4nccc5c4CCO5)CC3)CC2)on1,6.4
CCCN1CCc2cccc3c2C1Cc1cccc(OCCCN(CCCN2CCN(c4ccccc4OC)CC2)S(C)(=O)=O)c1-3,6.4
O=C1c2ncccc2CCN1CCN1CCN(c2noc3cc(F)ccc23)CC1,6.4
Fc1ccc(N2CCN(Cc3cnn(-c4ccccc4)c3)CC2)cc1,6.4
Cc1ccc2c(N3CCN(CCc4cccc(-n5cccn5)c4)CC3)cccc2n1,6.4
CCCCc1ccc(S(=O)(=O)Nc2ccc3c(c2)CN(C)CC3)cc1,6.4
Cc1ccc2c(N3CCN(CCc4cccc(NC(=O)c5ccccc5)c4)CC3)cccc2n1,6.4
CC(=O)Nc1cccc(CCN2CCN(c3cccc4nc(C)ccc34)CC2)c1,6.4
Cc1ccc2c(N3CCN(CCc4cccc(NS(C)(=O)=O)c4)CC3)cccc2n1,6.4
CC(C)C(=O)N[C@H]1CC[C@H](CCN2CCC(c3cccc4c3OCO4)CC2)CC1,6.4
O=C(NCCCCN1CCN(c2ccccc2)CC1)c1ccc(Br)cc1,6.4
CC(=O)c1cccc(/C=C/C(=O)NCCCCN2CCc3ccc(OS(=O)(=O)C(F)(F)F)cc3C2)c1,6.4
O=C(/C=C/c1ccc2ccccc2n1)NCCCCN1CCc2ccc(OS(=O)(=O)C(F)(F)F)cc2C1,6.4
Cc1ccc(C2CCN(Cc3ccc(Oc4ccc(F)c(F)c4)cc3)CC2)cc1NC(=O)C(C)C,6.4
N#Cc1ccc2c(c1)CCN(CC[C@H]1CC[C@H](NC(=O)c3ccnc4ccccc34)CC1)C2,6.4
CC(C)c1ccc(C(=O)N[C@H]2CC[C@H](CCN3CCC(c4coc5ccccc45)CC3)CC2)cc1,6.4
COC(=O)[C@@H]1[C@H]2C[C@H]3c4[nH]c5ccccc5c4CCN3C[C@@H]2CC[C@@H]1O,6.4
CCCN(CCC)C1CCc2cc(CCc3ccccc3)ccc2C1,6.4
O=S(=O)(NCCCCN1CCN(c2noc3ccccc23)CC1)c1ccc(OC(F)(F)F)cc1,6.4
O=C1CC(CN2CCN(c3ccccn3)CC2)Cc2ccccc21,6.4
Cc1nc(-c2cccc(C(=O)N[C@H]3CC[C@H](CCN4CCc5ccc(S(C)(=O)=O)cc5CC4)CC3)c2)no1,6.4
c1ccc(OCC2CN(Cc3c[nH]c4ccccc34)CCO2)cc1,6.4
Cn1c(N2CCCC2)nc2c(CN3CCN(c4ccc(F)cc4)CC3)c[nH]c2c1=O,6.4
COc1ccc(C2=NO[C@@H](CCCN3CCN(C(c4ccc(F)cc4)c4ccc(F)cc4)CC3)C2)cc1OC,6.4
O=c1[nH]c2c(O)ccc([C@@H](O)CNCCSCCCNCCc3cccc(Cl)c3Cl)c2s1,6.4
CCCN(CCC)[C@@H]1CCc2cc(CCc3ccc(Cl)cc3)ccc2C1,6.4
CCCN(CCCCNC(=O)c1ccc(-c2ccccc2)cc1)C1CCc2c(Cl)cccc2C1,6.4
Cn1cc(CC(=O)N[C@H]2CC[C@](F)(CCN3CCc4ccc(OCC(F)(F)F)nc4CC3)CC2)cn1,6.4
NCCCC[C@H](NC(=O)[C@H](Cc1ccc(F)c(F)c1)NC(=O)[C@H]1CCCN1C(=O)CCCCCNC(=O)[C@@H]1CC[C@H]2c3[nH]c4ccccc4c3CCN2C1)C(N)=O,6.4
CS(=O)(=O)Oc1cccc2c1CC[C@H]1[C@@H]2CCCN1CCCCNC(=O)c1ccc(-c2ccccc2)cc1,6.4
O=C(/C=C/c1ccc(F)cc1)N[C@H]1CC[C@H](CCN2Cc3ccc(C(F)(F)F)cc3C2)CC1,6.4
Clc1ccc(N2CCN(Cc3cnn4c(N5CCN(Cc6ccccc6)CC5)cccc34)CC2)cc1,6.4
CCS(=O)(=O)c1ccc(OC)c(-c2ccc(C(C)N3CCCC3)[nH]2)c1,6.4
Cc1cncc2c1CN[C@@H]1CCc3cc(O)c(O)cc3[C@@H]21,6.4
Cc1ccccc1N1CCN(CCCN2C(=O)CCc3ccccc32)CC1.O=C(O)C(=O)O,6.4
O=C1CC(CN2CCC(C(=O)c3ccc(F)cc3)CC2)Cc2[nH]ncc21,6.4
CN1CCc2cccc3c2[C@H]1Cc1ccc(OCCCNC(=O)CCC(=O)NCCCOc2ccc4c(c2O)-c2cccc5c2[C@@H](C4)N(C)CC5)c(O)c1-3,6.4
N#Cc1ccc2c(c1)CCN(CC[C@H]1CC[C@H](NC(=O)/C=C/c3cccc(F)c3)CC1)CC2,6.4
O=C1c2ncccc2CCC1CCN1CCN(c2noc3cc(F)ccc23)CC1,6.4
N#Cc1ccc2c(c1)CCN(CC[C@H]1CC[C@H](NC(=O)/C=C/c3ccc(F)cc3)CC1)CC2,6.4
COc1cc2ccccc2cc1C(=O)CCC1CCN(Cc2ccccc2)CC1,6.4
COc1ccc(S(N)(=O)=O)cc1-c1ccc(CN2CCCCCC2c2ccccc2)[nH]1,6.4
Cc1nc(-c2cccc(C(=O)N[C@H]3CC[C@H](CCN4CCc5ccc(S(C)(=O)=O)cc5CC4)CC3)c2)no1.Cl,6.4
Cc1ncc(CC(=O)N[C@H]2CC[C@H](CCN3CCc4ccc(O[C@H](C)C(F)(F)F)nc4CC3)CC2)cn1,6.39
CC(C)(C)c1ccc(CN2CCC(C3CCc4ccccc4C3=O)CC2)cc1,6.39
Cc1ncc(OCC(=O)N[C@H]2CC[C@H](CCN3CCc4ccc(O[C@H](C)C(F)(F)F)nc4CC3)CC2)cn1,6.39
CCCCC(=O)N[C@H]1CC[C@H](CCN2CCC(c3cccc4c3CCO4)CC2)CC1,6.39
CCN(CCCCNC(=O)c1ccc2ccccc2c1)CC1CC1c1cc(Cl)ccc1OC.Cl,6.39
CCN(CCCCNC(=O)c1ccc2ccccc2c1)CC1CC1c1cc(F)ccc1OC.Cl,6.39
O[C@H](CCCN1CCN(c2ccccn2)CC1)c1ccc(F)cc1,6.39
CCC(Oc1cccc(Cl)c1Cl)c1nc(Nc2ccccc2)nc(N2CCN(C)CC2)n1,6.39
CC(C)(C)c1nc(N2CCN(CCCCn3cccc(C(F)(F)F)c3=O)CC2)cc(C(F)(F)F)n1,6.39
CC(Oc1cc(F)ccc1C(F)(F)F)c1nc(N)nc(N2CCN(C)CC2)n1,6.39
O=C(N[C@H]1CC[C@H](CCN2CCC(c3coc4ccccc34)CC2)CC1)c1ccc(N2CCOCC2)cc1,6.39
CCCN1CCN(C2=Nc3cc(Cl)ccc3N(NC(=O)c3ccccc3Cl)c3ccccc32)CC1,6.39
c1ccc(N2CCN(CCCOc3ccc(-c4nc5ccccc5[nH]4)cc3)CC2)cc1,6.39
O=C(NCCCN1CCN(c2ccc(Cl)cc2)CC1)NN(Cc1ccccc1)c1ccccc1,6.39
c1ccc(N2CCN(CCCCc3nc4ccccc4s3)CC2)nc1,6.39
O=C(CC1(O)CCC1)N[C@H]1CC[C@H](CCN2CCN(c3nccc4c3CCO4)CC2)CC1,6.39
CCc1ccc2c(c1OC)-c1cccc3c1[C@@H](C2)N(C)CC3,6.39
CCN(CC)CCNC(=O)c1cc(S(C)(=O)=O)ccc1OC,6.39
Cc1nnc(CC(=O)N[C@H]2CC[C@](F)(CCN3CCc4ccc(OCC(F)(F)F)nc4CC3)CC2)o1,6.39
CN(C)CCCN1c2ccccc2CCc2ccccc21,6.39
CC(C)(O)C(=O)N[C@H]1CC[C@H](CCN2CCC(c3cccc4c3OCO4)CC2)CC1,6.39
CC1(C(=O)/C=C(\O)c2ccc(Cl)cc2)CCN(Cc2ccccc2)CC1,6.39
Cc1ccccc1N1CCN(CCCCNC(=O)c2ccc3ccccc3c2)CC1,6.39
C#Cc1ccc2sc(C(=O)NCCCCN3CCN(c4ccccc4OC)CC3)cc2c1,6.39
O=S(=O)(c1ccccc1)N1CCc2ccc(N3CCN(C4CCC4)CC3)cc21,6.39
COc1ccccc1N1CCN(CCCCN2C(=O)Cc3ccccc32)CC1,6.39
O=C(CCC(F)(F)F)N[C@H]1CC[C@H](CCN2CCC(c3cccc4c3OCO4)CC2)CC1,6.39
CCCN1CCc2cccc3c2[C@H]1Cc1ccc(OS(=O)(=O)C(F)(F)F)c(OC)c1-3,6.39
O=C(C[C@H]1CCCOC1)N[C@H]1CC[C@H](CCN2CCC(c3cccc4c3OCO4)CC2)CC1,6.39
CC(=O)N[C@H]1CC[C@H](CCN2CCC(c3ccc(F)c4occc34)CC2)CC1,6.39
COC(C)CC(=O)N[C@H]1CC[C@H](CCN2CCC(c3cccc4c3OCO4)CC2)CC1,6.39
CCC(Oc1cccc(Cl)c1Cl)c1nc(N)nc(N2CCN(C)CC2)n1,6.38
COc1ccccc1N1CCN(CC(F)CCNC(=O)c2cc3ccccc3[nH]2)CC1,6.38
CCC(Oc1cc(Cl)ccc1Cl)c1nc(Nc2ccccc2)nc(N2CCN(C)CC2)n1,6.38
CCCN(CCC)C1CCc2c(cccc2OC)C1,6.38
COc1c(C(=O)NC[C@@H]2CCN(Cc3ccccc3)C2)cc(Br)c2ccccc12,6.38
CC(Oc1cc(Cl)ccc1F)c1nc(N)nc(N2CCN(C)CC2)n1,6.38
CS(=O)(=O)N[C@H]1CC[C@H](CCN2CCC(c3cccc4c3OCO4)CC2)CC1,6.38
COc1ccc(OCCN2CCN(C(=O)c3cc4cccnc4[nH]3)CC2)cc1,6.38
Cn1ncc2c1-c1c(Cl)sc(Cl)c1CCC2,6.38
CS(=O)(=O)CC(=O)N[C@H]1CC[C@H](CCN2CCC(c3cccc4c3CCO4)CC2)CC1,6.38
O=C1COc2cc(CN3CCN(c4ccc(Cl)cc4)CC3)ccc2N1,6.38
Nc1nc(NCCc2c[nH]c3ccccc23)nc(NCCN2CCN(c3ccccc3)CC2)n1,6.38
CC(C)(C)c1nc(N2CCN(CCCCNC(=O)c3cc4ccccc4[nH]3)CC2)cc(C(F)(F)F)n1,6.38
COc1cc2c(cc1OC)CN(CCCCc1nc3cc(Cl)ccc3s1)CC2.Cl,6.38
Cn1nccc1-c1nnc(SCCCN2C[C@@H]3CCN(c4ccccc4C(F)(F)F)[C@@H]3C2)n1C,6.38
CN1CCc2cc(Cl)c(O)cc2[C@H]2c3cccc(C(=O)O)c3CC[C@@H]21,6.38
Cn1c(SCCCN2CC[C@@]3(C[C@@H]3c3ccc(C(F)(F)F)cc3)C2)nnc1C1CCCCC1,6.38
O=C(C[C@@H]1CCCCO1)N[C@H]1CC[C@H](CCN2CCC(c3cccc4c3OCO4)CC2)CC1,6.38
COc1ccc(N(CCCCN2CCC(O)(c3ccc(Cl)c(C(F)(F)F)c3)CC2)c2ccc(OC)cc2)cc1,6.38
CN1CCN(C2=Nc3ccccc3N(NC(=O)c3cc(F)ccc3C(F)(F)F)c3ccc(Cl)cc32)CC1,6.38
O=C(C[C@@H]1COCCO1)N[C@H]1CC[C@H](CCN2CCC(c3cccc4c3CCO4)CC2)CC1,6.38
CCc1ccc2c(c1)[C@@H]1c3cc(O)c(O)cc3CC[C@H]1NC2,6.38
COc1ccc(-c2ccccc2N2CCN(CCCCCC(=O)NCc3ccc(OCCO)cc3)CC2)cc1,6.38
COc1ccc(-c2cc(CCCCN3CCN(c4ccccc4OC)CC3)on2)cc1OC.Cl,6.38
Cl.[O-][S+](CCCN1CCc2ccccc2C1)c1ccc(F)cc1,6.38
CN1CCc2cccc3c2[C@H]1Cc1ccc(OCCCNC(=O)CCCCCCC(=O)NCCCOc2ccc4c(c2O)-c2cccc5c2[C@@H](C4)N(C)CC5)c(O)c1-3,6.38
O=S(=O)(c1cncc2ccccc12)N1CCC(CCN2CCN(c3ccc(F)cc3)CC2)CC1,6.38
O=C(NCCCCN1CCO[C@@H]2c3ccccc3OC[C@H]21)c1cccs1,6.38
COc1cc2c(cc1O)CN(Cc1ccccc1CNC(=O)c1ccccc1Br)CC2,6.38
CN1CCN(c2nc(N)nc(CCCOc3cc(Cl)ccc3Cl)n2)CC1,6.38
O=C(NCCCN1CCN(c2cccc(Cl)c2Cl)CC1)C1c2ccccc2-c2ccccc21,6.38
Cc1noc2c1C(=O)N(CCN1CCC(c3noc4ccccc34)CC1)CCC2,6.37
COc1ccc2nc(CCCN3CCC(c4ccccn4)CC3)sc2c1,6.37
CCc1cccc(N2CCN(CC(O)CCNC(=O)c3ccc4c(c3)OCO4)CC2)c1Cl,6.37
COc1ccccc1OCCNC[C@H](O)c1ccc(O)c(O)c1,6.37
Cc1ncc(CC(=O)N[C@H]2CC[C@H](CCN3CCc4ccc(OCC(F)F)nc4CC3)CC2)s1,6.37
O=C(NCCCCN1CCN(c2cccc(Cl)c2Cl)CC1)c1cc2cc(I)ccc2o1,6.37
CN1CCN(C2=Nc3cc(Cl)ccc3N(NC(=O)c3ccccc3Oc3ccccc3)c3ccccc32)CC1,6.37
CCn1ncc2c1CCN(CCN1CCN(c3nsc4ccccc34)CC1)C2=O,6.37
COc1cc(N2CC[C@@H]3CN(CCCSc4nnc(-c5cnccn5)n4C)C[C@@H]32)ccc1F,6.37
Cn1c(SCCCN2C[C@@H]3CCN(c4ccccc4C(F)(F)F)[C@@H]3C2)nnc1-c1cccnc1,6.37
Fc1ccc(SCCCN2CCN(c3ncccn3)CC2)cc1,6.37
Cc1ncoc1-c1nnc(SCCCN2C[C@@H]3OCCN(c4ccc(C(F)(F)F)cc4)[C@@H]3C2)n1C,6.37
CCOc1cccc2cc(CNCCCOc3ccc4ccc(=O)[nH]c4c3)oc12,6.37
CCCN(CCC)[C@H]1CCc2ccc3[nH]cc(C(C)=O)c3c2C1,6.37
O=S(=O)(CC1CCN(CCCc2noc3cc(F)ccc23)C1)c1ccc(F)c(F)c1,6.37
CC(F)(F)COc1nc2c(s1)CCN(CC[C@H]1CC[C@H](NC(=O)c3cccnc3C(F)F)CC1)CC2,6.37
CC(C)Oc1ccccc1N1CCN([C@H]2CC[C@@H](NS(=O)(=O)c3ccc(OC(F)(F)F)cc3)CC2)CC1,6.37
CC#CC(=O)N[C@H]1CC[C@H](CCN2CCN(c3nccc4c3CCO4)CC2)CC1,6.37
O=C1c2cccc3cccc(c23)N1CCCCCCN1CCN(c2ccccc2[N+](=O)[O-])CC1,6.37
COCCC(=O)N[C@H]1CC[C@H](CCN2CCN(c3nc(C)cc4occc34)CC2)CC1,6.37
CC(C)(C)c1nc(N2CCN(CCCCNC(=O)N3CCN(c4ccc(C(F)(F)F)cc4)CC3)CC2)cc(C(F)(F)F)n1,6.37
COc1ccccc1CCCCN1CCN(Cc2cc3ccccc3o2)CC1,6.37
C#CCOc1c(OC)cc2c3c1-c1cc(N)ccc1CC3N(C)CC2,6.37
COCCC(=O)N[C@H]1CC[C@H](CCN2CCC(c3cccc4c3OCO4)CC2)CC1,6.37
CCCN(CCCCOc1ccc2ccc(=O)[nH]c2c1)CC1CC1c1cccc(Cl)c1Cl,6.37
Cc1ncoc1-c1nnc(SCCCN2C[C@H]3OCCN(c4ccc(C(F)(F)F)cc4)[C@H]3C2)n1C,6.37
CS(=O)(=O)c1cccc(N2CCN(Cc3ccccc3)CC2)c1,6.37
Cc1cn2c3c(=O)n(C)c(=O)n(C)c3nc2n1CCCCN1CCN(c2ccccc2O)CC1,6.37
Clc1cccc(N2CCN(CCCCc3cn(-c4ccc5c(c4)Cc4ccccc4-5)nn3)CC2)c1Cl,6.37
COc1ccccc1N1CCN(CC(O)CCn2cc(-c3ccc4ncccc4c3)nn2)CC1,6.37
O=C(NCCCCN1CCN(c2cccc(Cl)c2Cl)CC1)c1ccnc2ccccc12,6.37
COc1ccc(NCCN2CCN(CCc3c[nH]c4ccccc34)CC2)cc1,6.37
O=S(=O)(N[C@H]1CC[C@@H](N2CCN(c3ccccc3OCC3CC3)CC2)CC1)c1cc(Cl)ccc1F,6.37
O=C(/C=C/c1ccccc1)NCCCCN1CCN2c3ccccc3Cc3ccccc3C2C1,6.37
COc1cc(N2CC[C@@H]3CN(CCCSc4nnc(-c5cnncn5)n4C)C[C@@H]32)ccc1F,6.37
CC(Oc1cccc(Cl)c1Cl)c1nc(N)nc(N2CCN(C)CC2)n1,6.37
CCCN(CCc1ccsc1)CCc1ccsc1,6.36
O=C(NCCCCN1CCN(C(c2ccccc2)c2ccccc2)CC1)C1CCCCC1,6.36
COc1ccc(-c2cc(CCCCN3CCN(c4ccccc4OC)CC3)on2)c(OC)c1.Cl,6.36
CCOc1cccc2cc(CNCCCCCOc3ccc4c(c3)NC(=O)CC4)oc12,6.36
COc1ccc2c(c1)CC(CN1CCC(c3noc4cc(F)ccc34)CC1)CC2=O,6.36
O=c1c2cccnc2ccn1CCN1CCN(c2nsc3ccccc23)CC1,6.36
O=C(c1cc2ccccc2[nH]1)N1CCN(CCOc2ccc3[nH]ccc3c2)CC1,6.36
O=C(CCCN1CCN(c2ccc(Cl)cc2)CC1)c1cc2ccc1CCc1ccc(cc1)CC2,6.36
COc1ccc(Br)cc1-c1nc(CN2CCN(c3ccccc3)CC2)cs1,6.36
CN1CCc2cc(Cl)c(O)cc2[C@H]2c3cccc(O)c3CC[C@@H]21,6.36
Cn1c(SCCCN2CC[C@]3(C[C@H]3c3ccc(C(F)(F)F)cc3)C2)nnc1-c1ccncn1,6.36
C/C=C/CC(=O)N[C@H]1CC[C@H](CCN2CCC(c3cccc4c3CCO4)CC2)CC1,6.36
COc1ccc2c3c(c(=O)oc2c1)CN(Cc1ccccc1)CC3,6.36
COc1ccc2[nH]cc(CCN3CCN(c4cccc5sccc45)CC3)c2c1,6.36
O=C(N[C@H]1CC[C@H](CCN2CCN(c3nccc4c3CCO4)CC2)CC1)C1CC1(F)F,6.36
CCOc1cccc2cc(CNCCCCOc3ccc4c(c3)OCO4)oc12,6.36
O=C(c1cc2ccccc2[nH]1)N1CCN(CCOc2ccc3cc[nH]c3c2)CC1,6.36
COc1ccccc1N1CCN(Cc2cn(-c3ccc(OCCCOCCF)cc3)nn2)CC1,6.36
COc1ccccc1N1CCN(CCCCCNS(=O)(=O)c2ccc3ccccc3c2)CC1,6.36
OC1(c2ccc(Cl)cc2)CCN(CCCCc2nc3ccccc3o2)CC1,6.36
CCN1CCN(c2ccc3c(c2)CCN3S(=O)(=O)c2ccccc2)CC1,6.36
OC1(c2ccc(Cl)c(Cl)c2)CCN(Cc2n[nH]c3ccccc23)CC1,6.36
O=C(NCCCN1CCN(c2ncccn2)CC1)NN(Cc1ccccc1)c1ccccc1,6.36
CC(C)=C1c2ccccc2C=C(C2=CCN(C)CC2)c2cc(Cl)ccc21,6.36
Cc1nnc(CC(=O)N[C@H]2CC[C@](F)(CCN3CCc4nc(OCC(C)(F)F)sc4CC3)CC2)s1,6.35
CCCCCNC(=O)/N=C(\N)NCCCc1sc(N)nc1C,6.35
Clc1ccc(N2CCN(CCCOc3ccccc3)CC2)cc1,6.35
Fc1ccc(-c2cncc(CN3CCN(c4cnccn4)CC3)c2)cc1,6.35
CC(C)(C)NC(=O)Cn1c(CCCN2CCN(c3cccc(Cl)c3Cl)CC2)nc2cc(Br)c(Br)cc21,6.35
Oc1ccc(-c2ccc(CNCCc3c[nH]c4cc(F)ccc34)o2)cc1,6.35
CC(=O)c1ccc(-c2nnc(SCCCN3CC[C@]4(C[C@@H]4c4ccc(C(F)(F)F)cc4)C3)n2C)cc1,6.35
COc1ccccc1OCCNCC1(F)CCN(C(=O)c2ccc(Cl)c(Cl)c2)CC1,6.35
c1ccc(CN2CCC(n3cnc(-c4ccccc4)c3)CC2)cc1,6.35
CN(C)CC1CC2c3cc(F)ccc3Cc3ccc(F)cc3N2O1,6.35
Oc1cccc(CCN(CCc2ccccc2)CC2CCC2)c1,6.35
Cc1nnc(CC(=O)N[C@H]2CC[C@H](CCN3CCc4sc(C5CC(F)(F)C5)nc4C3)CC2)s1,6.35
CCCc1ccc2c(n1)CN[C@@H]1CCc3cc(O)c(O)cc3[C@@H]21,6.35
CC(C)(C)CC(=O)N[C@H]1CC[C@H](CCN2CCN(c3nccc4c3CCO4)CC2)CC1,6.35
CN(C)CCSc1cccc(-c2ccccc2)n1,6.35
C[C@@H](O)[C@@H]1NC(=O)[C@H](CCCCN)NC(=O)[C@@H](Cc2c[nH]c3ccccc23)NC(=O)[C@H](Cc2ccccc2)NC(=O)[C@H](Cc2ccccc2)NC(=O)[C@H](CCCNC(=N)N)NC(=O)[C@H](N(CCSC[C@@H]2C[C@@H]3c4cccc5[nH]cc(c45)C[C@H]3N(C)C2)CCSC[C@@H]2C[C@@H]3c4cccc5[nH]cc(c45)C[C@H]3N(C)C2)CCCCNC(=O)[C@H](Cc2ccccc2)NC1=O,6.35
COc1ccccc1N1CCN(CNC(=O)c2cccc(Cl)c2)CC1,6.35
CC(C)(C)c1cc(N2CCN(CCCCNC(=O)N3CCN(S(=O)(=O)c4ccccc4)CC3)CC2)nc(C(C)(C)C)n1,6.35
O=C(CN1CCN(Cc2ccc(Cl)cc2)CC1)N1CCc2ccc([N+](=O)[O-])cc21,6.35
Cn1c(SCCCN2C[C@@H]3CCN(c4ccc(F)cc4)[C@@H]3C2)nnc1-c1cc[nH]c(=O)c1,6.35
Clc1ccc(N2CCN(Cc3c[nH]c4ncccc34)CC2)cc1,6.35
CC(C)(C)c1nc(N2CCN(CCCCn3cccnc3=O)CC2)cc(C(F)(F)F)n1,6.35
Cn1c(SCCCN2C[C@@H]3CCN(c4ccc(C(F)(F)F)cc4)[C@@H]3C2)nnc1C1CCOCC1,6.34
Cc1ncoc1-c1nnc(SCCCN2CC3CCN(c4ccc(Cl)cc4Cl)C3C2)n1C,6.34
OC1(c2ccc(Cl)c(C(F)(F)F)c2)CCN(CCCCCc2ccc(F)cc2)CC1,6.34
COc1ccc(NS(=O)(=O)c2sc3ccc(Cl)cc3c2C)cc1N1CCNCC1,6.34
CN1CCN(C2=Nc3cc(Cl)ccc3N(NC(=O)c3cccc4ccccc34)c3ccccc32)CC1,6.34
COc1ccccc1N1CCN(Cc2cn(CCCCCCF)nn2)CC1,6.34
Cn1c(SCCCN2C[C@H]3CCN(c4ccc(C(F)(F)F)cc4)[C@H]3C2)nnc1-c1cccnc1,6.34
O=c1c2ncccc2ccn1CCN1CCN(c2nsc3ccccc23)CC1,6.34
COc1ccccc1C1CC1CNC/C=C/COc1ccc2c(c1)NC(=O)CC2,6.34
CN1CCN(C2=Nc3cc(Cl)ccc3N(NC(=O)c3ccon3)c3ccccc32)CC1,6.34
Cn1c(SCCCN2C[C@H]3CCN(c4c(F)cc(F)cc4F)[C@H]3C2)nnc1-c1ccc(C(N)=O)nc1,6.34
Cc1cnc(CC(=O)N[C@H]2CC[C@H](CCN3CCc4ccc(OCC(F)(F)F)nc4CC3)OC2)o1,6.34
Oc1ccccc1OCCNCc1ccccc1,6.34
COc1ccc(SC)cc1C(=O)NC[C@@H]1CCCN1CCc1ccccc1,6.34
c1ccc(CN2CCC(n3cc(-c4ccccc4)nn3)CC2)cc1,6.34
Cc1ncc(CC(=O)N[C@H]2CC[C@H](CCN3CCC(c4nscc4C(C)(F)F)CC3)CC2)s1,6.34
CN1CCN(c2ccc3c(c2)N(S(=O)(=O)c2ccccc2)CC3)CC1,6.34
CCN(CCN1CCC(c2c[nH]c3ccccc23)CC1)C(=O)CCO,6.34
CC(C)(C)c1nc(N2CCN(CCCCNC(=O)N3CCN(c4cccnc4)CC3)CC2)cc(C(F)(F)F)n1,6.34
CC(=O)NC1CCC(c2nnc(SCCCN3CC[C@]4(C[C@@H]4c4ccc(C(F)(F)F)cc4)C3)n2C)CC1,6.34
O=C1[C@@H]2[C@H]3CC[C@H](C3)[C@@H]2C(=O)N1CCCCN1CCN(c2ncccn2)CC1,6.34
O=C(NCCCCN1CCN(C(c2ccccc2)c2ccccc2)CC1)c1ccc2ccccc2c1,6.34
Cc1nc(CC(=O)N[C@H]2CC[C@H](CCN3CCc4nc(OCC(F)(F)F)sc4CC3)OC2)no1,6.34
Cc1ccc2c(c1)N=C(C1=C[C@H](C)N(C)CC1)c1cc(F)ccc1N2,6.34
O=C(N[C@H]1CC[C@H](CCN2CCN(c3nccc4occc34)CC2)CC1)c1ccnc2ccccc12,6.34
Cc1ncc(CC(=O)N[C@H]2CC[C@H](CCN3CCc4nc(OCC(F)(F)F)sc4CC3)CC2)cn1,6.34
COc1ccccc1N1CCN(CCCOc2ccc(NC(C)=O)cc2)CC1,6.33
CC(C)Oc1ccc2[nH]cc(C3=CCN(Cc4cccs4)CC3)c2c1,6.33
O=C(N[C@H]1CC[C@H](CCN2CCC(c3cccc4c3OCO4)CC2)CC1)C1CCCO1,6.33
O=C(NCCCN1CCN(c2ccccc2)CC1)c1cccc2c1Cc1ccccc1-2,6.33
Cn1c(SCCCN2CC[C@]3(C[C@@H]3c3ccc(C(F)(F)F)cc3)C2)nnc1-c1ccc(CC(N)=O)cc1,6.33
O=C1c2cn(C3CC3)nc2CCN1CCN1CCC(c2noc3ccccc23)CC1,6.33
CCCN1CCN(c2ccccc2)CC1,6.33
Cn1c(SCCCN2C[C@H]3CCN(c4ccc(C(F)(F)F)cc4)[C@H]3C2)nnc1C1CCOCC1,6.33
COc1cc2c(cc1OC)N(CCCCN1CCN(c3cc(C(F)(F)F)nc(C(C)(C)C)n3)CC1)C(=O)CCC2=O,6.33
Cn1c(SCCCN2C[C@@H]3CCN(c4ccc(C(F)(F)F)cc4)[C@@H]3C2)nnc1[C@H]1COCCO1,6.33
CO[C@@H](C)C(=O)N[C@H]1CC[C@H](CCN2CCC(c3cccc4c3OCO4)CC2)CC1,6.33
O=C(CCC(=O)N1CCC(O)(c2ccc(Cl)cc2)CC1)c1ccc(F)cc1,6.33
O=C(NCCCCN1CCO[C@@H]2c3ccccc3OC[C@H]21)c1ccc(Cl)cc1,6.33
COc1ccc(C[C@H]2c3cc(O)c(OC)cc3CCN2C)cc1O,6.33
CC(C)C(=O)Nc1cccc(C2CCN(Cc3ccc(Oc4ccc(F)c(F)c4)cc3)CC2)c1,6.33
O=C(C[C@H]1COCCO1)N[C@H]1CC[C@H](CCN2CCC(c3cccc4c3OCO4)CC2)CC1,6.33
CC(C)(C)c1nc(N2CCN(CCCCNC(=O)N3CCN(c4ccccc4)CC3)CC2)cc(C(F)(F)F)n1,6.33
CC(C)(C)c1nc(N2CCN(CCCCNC(=O)N3CCN(c4cnccn4)CC3)CC2)cc(C(F)(F)F)n1,6.33
CCCCN(CCCC)CCCOc1ccc(-c2nc3ccccc3n2C/C=C/Cn2c(-c3ccc(OCCCN(CCCC)CCCC)cc3)nc3ccccc32)cc1,6.33
Cc1cccc(C(=O)NCN2CCN(c3ccccc3Cl)CC2)c1,6.33
CN(C)C(=O)C(CCN1CCN(c2nsc3ccccc23)CC1)(c1ccccc1)c1ccccc1,6.33
Cc1cn2c3c(=O)n(C)c(=O)n(C)c3nc2n1CCCCCN1CCN(c2ccccc2O)CC1,6.33
O=C(NCCCCN1CCN(c2ccccc2Cl)CC1)c1ccc(Cl)cc1,6.33
CCCCCCCCCCN1CCC(c2cccc(O)c2)C1,6.33
CC(Oc1cccc(Cl)c1F)c1nc(N)nc(N2CCN(C)CC2)n1,6.33
Cn1c(SCCCN2CC[C@]3(C[C@H]3c3ccc(C(F)(F)F)cc3)C2)nnc1-c1nccs1,6.33
Cc1sc(C)c2c1CCc1cnn(C)c1-2,6.33
O=C(NCCC(F)CN1CCN(c2cccc(Cl)c2Cl)CC1)c1cc2ccccc2s1,6.33
CCc1cc(-c2ccoc2)nc(N2CCN(C)CC2)n1,6.33
COc1cccc(C(=O)NCCN2CCN(c3ccccc3OC)CC2)c1,6.33
CCCN1[C@@H](C)C[C@@H]2Cc3cccc(OC)c3C[C@@H]21,6.33
CCOc1ccccc1N1CCN(Cc2c[nH]c3ccccc23)CC1,6.33
CC(C)(C)c1nc(N2CCN(CCCCn3cc(C#N)c(=O)[nH]c3=O)CC2)cc(C(F)(F)F)n1,6.33
Cc1ccc(CN2CCC(n3c(O)nc4ccccc43)CC2)c(Cl)c1,6.32
COCCC(=O)N[C@H]1CC[C@H](CCN2CCN(c3cccc(OC)c3F)CC2)CC1,6.32
CO/N=C/c1cccc2c1CC[C@H]1[C@H]2c2cc(O)c(Cl)cc2CCN1C,6.32
O=C(Nc1ccccc1)Nc1ccc(CCN2CCN(c3ccccc3)CC2)cc1,6.32
Cc1nc2c(o1)CCCN(CCN1CCN(c3nsc4ccccc34)CC1)C2=O,6.32
Cc1ncc(CC(=O)N[C@H]2CC[C@H](CCN3CCc4cc(C)c(OCC(F)F)nc4CC3)CC2)s1,6.32
Cn1cc(CC(=O)N[C@H]2CC[C@](F)(CCN3CCc4nc(OCC(F)(F)F)sc4CC3)CC2)cn1,6.32
Cc1ncsc1CCN1CCN(c2cccc3sccc23)CC1,6.32
COc1ccccc1N1CCN(CCCCNC(=O)N2CCOCC2)CC1,6.32
O=C(N[C@H]1CC[C@H](CCN2CCN(c3nccc4c3CCO4)CC2)CC1)c1ccccc1,6.32
COc1cccc(CCCCN2CCN(Cc3cc4ccccc4o3)CC2)c1,6.32
COc1cc2c3c(c1OC)-c1cc([N+](=O)[O-])ccc1CC3N(C)CC2,6.32
O=C1c2cnccc2CCN1CCN1CCC(c2noc3ccccc23)CC1,6.32
COc1ccccc1N1CCN(CCNC(=O)c2cc3ccccn3n2)CC1,6.32
Cn1c(SCCCN2CC[C@]3(C[C@@H]3c3ccc(C(F)(F)F)cc3)C2)nnc1-c1ccco1,6.32
N#Cc1ccc2[nH]cc(CN3CCN(c4ccc(Cl)c(Cl)c4)CC3)c2c1,6.32
Cc1nc(N)sc1CCCN/C(N)=N/C(=O)NCC(C)CC1CCCCC1,6.32
N#Cc1ccc2c(c1)CN(CC[C@@H]1C[C@H]1CNC(=O)c1cc3ccccc3[nH]1)CC2,6.32
O=C(N[C@H]1CC[C@H](CCN2CCN(c3nccc4c3CCO4)CC2)CC1)c1ccc(-n2cccn2)cc1,6.32
CN1CCN(C2=Nc3cc(Cl)ccc3N(NC(=O)c3nccc4ccccc34)c3ccccc32)CC1,6.32
Cc1ncc(CC(=O)N[C@H]2CC[C@H](CCN3CCc4cc(C)c(OCC(F)F)nc4CC3)OC2)s1,6.32
Cc1nnc(CC(=O)N[C@H]2CC[C@](F)(CCN3CCc4nc(OCC(F)(F)C(F)F)sc4CC3)CC2)o1,6.32
O=c1c2cnccc2ccn1CCN1CCC(c2noc3ccccc23)CC1,6.32
C[C@H]1C=C(C2=Nc3cc(Cl)ccc3Nc3ccccc32)CCN1C,6.32
c1ccc(CCN2CCN(c3ccccc3)CC2)cc1,6.32
CC(C)(C)c1nc(N2CCN(CCCCNC(=O)c3sc4ncccc4c3N)CC2)cc(C(F)(F)F)n1,6.32
COc1c(C(=O)NCCN2CCN(c3ccccc3C)CC2)cc(Br)c2ccccc12,6.32
C[C@]1(O)CC[C@@H](C(=O)N[C@H]2CC[C@H](CCN3CCN(c4nccc5c4CCO5)CC3)CC2)CC1,6.32
CCCN1CCN(c2ccc(O)c3[nH]c(=O)ccc23)CC1,6.32
CCCCN1CCN(c2cccc(C#N)c2)CC1,6.31
O=C(C[C@H]1CCCCO1)N[C@H]1CC[C@H](CCN2CCC(c3cccc4c3OCO4)CC2)CC1,6.31
Cn1cnc2c1C(=O)N(CCN1CCN(c3nsc4ccccc34)CC1)CC2,6.31
CCCN1CCc2cc(OCCCF)cc3c2[C@H]1Cc1cccc(O)c1-3,6.31
O=C(N[C@H]1CC[C@H](CCN2CCN(c3nccc4c3CCO4)CC2)CC1)C1CC1,6.31
COC(=O)[C@@H]1Cc2ccccc2N1C(=O)CN1CCN(Cc2ccc(C)cc2)CC1,6.31
Oc1ccc2c(c1)CCN1Cc3ccccc3CC21,6.31
COc1cccc(-c2cccc(CN3CCN(c4ncccn4)CC3)c2)c1,6.31
COc1cccc2c1CCN2C(=O)CN1CCN(Cc2ccc(Cl)cc2)CC1,6.31
CC(C)(C)c1nc(N2CCN(CCCCNC(=O)N3CCc4ccccc4C3)CC2)cc(C(F)(F)F)n1,6.31
Cc1ccc(N2CCN(Cc3ccc4c(c3)NC(=O)CO4)CC2)cc1,6.31
C(=C/c1cc(CCCCN2CCN(C(c3ccccc3)c3ccccc3)CC2)on1)\c1ccccc1.Cl,6.31
Cc1ncc(CC(=O)N[C@H]2CC[C@H](CCN3CCc4ccc(OCC(F)(F)F)nc4CC3)OC2)o1,6.31
Cn1c(SCCCN2CC3CCN(c4ccccc4C(F)(F)F)C3C2)nnc1-c1cc[nH]c(=O)c1,6.31
Cn1c(C(=O)N[C@H]2CC[C@H](CCN3CCc4nc(OCC(C)(F)F)sc4CC3)CC2)cccc1=O,6.31
CN(CCC(=O)N1CCN(c2ccc(F)c(F)c2)CC1)CCC1c2ccccc2Oc2ccccc21,6.31
N#Cc1ccc2c(c1)CN(CC[C@H]1CC[C@H](NC(=O)c3cc4ccccc4[nH]3)CC1)CC2,6.31
Br.CN1CCc2c(cc(O)c(O)c2Br)C(c2ccccc2)C1,6.31
O=C(NCCN1CCN(c2ccc(I)cc2)CC1)NN(Cc1ccccc1)c1ccccc1,6.31
Br.Oc1ccc([C@H]2CN[C@@H]3CCc4cc(O)c(O)cc4[C@H]3C2)cc1,6.31
CCn1ncc2c1-c1c(Cl)sc(Cl)c1CCC2,6.31
Nc1nc2cc3c(cc2s1)CCN(Cc1cscn1)CC3,6.31
COc1ccc(OC)c2c1C[C@H]1c3cc4c(cc3CCN1C2)OCO4,6.31
CC(=O)N[C@H]1CC[C@H](CCN2CCN(c3nccc4occc34)CC2)CC1,6.31
Fc1ccc(CCN2CCC3(CCc4ccc(F)cc4O3)CC2)c(F)c1,6.31
Cl.c1ccc(-c2cc(CCCCN3CCN(C(c4ccccc4)c4ccccc4)CC3)on2)cc1,6.31
[3H]C([3H])([3H])Oc1cc(I)c(OC)cc1CCNCc1ccccc1OC([3H])([3H])[3H],6.301029995663981
CC(C)(C)c1nc(N2CCN(CCCCNC(=O)[C@H]3CC[C@H](c4ccccc4)CC3)CC2)cc(C(F)(F)F)n1,6.301029995663981
Cc1ccc2c(OCCN3CCC(Cc4cccc(N5CCCS5(=O)=O)c4)CC3)cccc2n1,6.3
Cn1ncc(CC(=O)N[C@H]2CC[C@H](CCN3CCc4ccc(OCC(C)(F)F)nc4CC3)CC2)n1,6.3
CCCN1CCC[C@@H]2c3cc4c(cc3CC[C@H]21)CCO4,6.3
CN1CCN(c2nc(N)nc(C[Se]c3ccccc3)n2)CC1,6.3
CC(=O)Nc1cccc(/C=C/C(=O)N[C@H]2CC[C@H](CCN3CCc4ccc(C#N)cc4CC3)CC2)c1F,6.3
CCCCC(Oc1cccc(Cl)c1Cl)c1nc(N)nc(N2CCN(C)CC2)n1,6.3
O=C(CCCCN1CCN(c2ncccn2)CC1)c1nc2ccccc2s1,6.3
CCCC(Oc1cccc(Cl)c1Cl)c1nc(N)nc(N2CCN(C)CC2)n1,6.3
CC(=O)Nc1ccc(OCCCN2CCN(c3ncccn3)CC2)cc1,6.3
CN1CCN(C2=Nc3cc(Cl)ccc3N(NC(=O)c3c(N)cccc3Cl)c3ccccc32)CC1,6.3
CC(C)(O)C(=O)N[C@H]1CC[C@H](CCN2CCC(c3cccc4c3CCO4)CC2)CC1,6.3
CCC(=O)Nc1cccc2c1CC[C@H]1[C@H]2c2cc(O)c(Cl)cc2CCN1C,6.3
O=c1[nH]c2c(O)ccc([C@@H](O)CNCCSCCCNCCc3cccc(C(F)(F)F)c3)c2s1,6.3
O=C(NCCCCN1CC[C@H]2c3ccccc3CC[C@@H]21)c1ccc(-c2ccccc2)cc1,6.3
Cn1c(SCCCN2CC3CCN(c4ccc(C(F)(F)F)cc4)C3C2)nnc1-c1ccc(=O)n(C)c1,6.3
Cn1c(SCCCN2CC[C@]3(C[C@@H]3c3ccc(C(F)(F)F)cc3)C2)nnc1-c1cccc(-c2ncco2)c1,6.3
Cn1c(SCCCN2CC[C@]3(C[C@@H]3c3ccc(C(F)(F)F)cc3)C2)nnc1-c1ccoc1,6.3
Cn1cc2c(C(=O)N[C@H]3CC[C@H](CCN4CCc5sc(N6CC(F)(F)C6)nc5C4)CC3)cccc2n1,6.3
O=C1Cc2cccc(C(=O)N[C@H]3CC[C@H](CCN4CCc5nc(OCC(F)F)sc5CC4)CC3)c2N1,6.3
O=C(N[C@H]1CC[C@H](CCN2CCN(c3nccc4c3CCO4)CC2)CC1)c1ccc2ncccc2c1,6.3
Cn1c(-c2ccccc2)nc2c1CCN(CC[C@H]1CC[C@H](NC(=O)c3cccc4ncccc34)CC1)C2,6.3
CCCN(CCC)C1Cc2ccc3nc(N)sc3c2C1,6.3
CCN(Cc1ccccc1)S(=O)(=O)c1ccc(OC)c(-c2ccc(CN3CCCCCC3c3ccccc3)[nH]2)c1,6.3
O=C(NCCCCN1CCN2c3ccccc3Cc3ccccc3C2C1)c1cccs1,6.3
CCCN(CCC)[C@@H]1CCc2cc(CS(=O)(=O)c3ccc(OC)cc3)ccc2C1,6.3
CS(=O)(=O)Oc1ccc2c(c1)CN(CC[C@H]1CC[C@H](NC(=O)/C=C/c3ccc(F)cc3)CC1)C2,6.3
O=C(NCCCCN1CCC[C@@H]2c3ccccc3CC[C@H]21)c1ccc(-c2ccccc2)cc1,6.3
Cc1ccc2c(N3CCN(CCc4cccc(N5CCNC5=O)c4)CC3)cccc2n1,6.3
O=C(NCCCCN1CCc2ccc(OS(=O)(=O)C(F)(F)F)cc2C1)c1cccc(-c2ccccc2)c1,6.3
Cc1ncoc1-c1nnc(SCCCN2CC3CCN(c4c(F)cccc4F)C3C2)n1C,6.3
O=C(CCCCCN1CCN(c2ccccc2-c2ccccc2)CC1)NCc1ccccc1,6.3
Cc1ncoc1-c1nnc(SCCCN2C[C@@H]3CCN(c4ccc(C(F)(F)F)cc4F)[C@@H]3C2)n1C,6.3
CC(=O)N[C@@H]1CC2(CCN(Cc3ccc4[nH]c5ccc(Cl)cc5c4c3)CC2)c2ccccc21,6.3
N#Cc1ccc2c(c1)OCC1CN(Cc3ccccc3)CC21,6.3
Cn1cnc2ccc(OCCCCN3CCc4ccccc4C3)cc2c1=O,6.3
CO[C@H](C)C(=O)N[C@H]1CC[C@H](CCN2CCC(c3cccc4c3OCO4)CC2)CC1,6.3
Cc1cc(-c2cccc(C(=O)N[C@H]3CC[C@H](CCN4CCc5ccc(S(C)(=O)=O)cc5CC4)CC3)c2)on1.Cl,6.3
CCCN(CCCCNC(=O)c1ccc(-c2ccccc2)cc1)C1CCc2n[nH]cc2C1,6.3
COc1cccc2c1CC[C@H]1[C@H]2CCCN1CCCCNC(=O)c1ccc(-c2ccccc2)cc1,6.3
CN(C)c1ccc(/C=C/C(=O)NCCCCN2CCc3ccc(OS(=O)(=O)C(F)(F)F)cc3C2)cc1,6.3
O=C(NCCCCN1CC[C@@H]2c3ccccc3CC[C@@H]21)c1ccc(-c2ccccc2)cc1,6.3
CCCN1CCO[C@H]2c3cc4c(cc3CC[C@@H]21)CNC4=O,6.3
Clc1cccc(N2CCN(Cc3c[nH]c4ccccc34)CC2)c1Cl,6.3
Nc1nc2c(s1)CC(CCCNCCCc1ccc(O)c(O)c1)CC2,6.3
O=C(N[C@H]1CC[C@H](CCN2CCN(c3nccc4c3CCO4)CC2)CC1)C1CCOCC1,6.3
O=C(NCCCCN1CCc2ccccc2C1)c1ccc(-c2ccccc2)cc1,6.3
Cl.O=C1c2cccc3cccc(c23)N1CCCCCCN1CCN(c2cccc(C(F)(F)F)c2)CC1,6.3
COc1ccccc1N1CCN(CC(O)CN2C(=O)NC(c3ccccc3)(c3ccccc3)C2=O)CC1.Cl,6.3
CC1(c2ccc(Br)cc2)NC(=O)N(CC(O)CN2CCN(c3ccccc3C#N)CC2)C1=O.Cl,6.3
Cc1cnc(OCC(=O)N[C@H]2CC[C@H](CCN3CCc4sc(OCC(C)(F)F)nc4C3)CC2)cn1,6.3
COc1cc(N2CCC3CN(CCCSc4nnc(-c5cnccn5)n4C)CC32)ccc1F,6.3
N#Cc1ccc2c(c1)CCN(CC[C@H]1CC[C@H](NC(=O)c3ccc4ccc(O)nc4c3)CC1)CC2,6.3
CC(=O)Nc1cccc(/C=C/C(=O)N[C@H]2CC[C@H](CCN3CCc4ccc(C#N)cc4CC3)CC2)c1,6.3
CCc1c(C)c2n(c1C)[B-](F)(F)[N+]1=C3C=CC=C(NCCCCN4CCN(c5cccc(Cl)c5Cl)CC4)N3[B-](F)(F)[N+]1=C2,6.3
COc1ccc(S(=O)(=O)N(C)c2ccccc2)cc1-c1ccc(CN2CCCCC[C@@H]2c2ccccc2)[nH]1,6.3
CCCC[C@H](NC(=O)CCCCCNC(=O)[C@H]1CC[C@@H]2c3[nH]c4ccccc4c3CCN2C1)C(=O)N[C@@H](Cc1ccc(F)cc1)C(=O)N1C[C@@H](N)C[C@H]1C(N)=O,6.3
CCCN1CCc2cccc3c2[C@H]1Cc1ccc2c(c1-3)OCO2,6.3
CN1CCc2ccc(NS(=O)(=O)c3ccc(-c4ccc(C#N)cc4)cc3)cc2CC1,6.3
O=C(N[C@H]1CC[C@H](CCN2CCC(c3cccc4c3CCO4)CC2)CC1)c1ccc(-c2ccccc2)cc1,6.3
O=C(NCCCCN1CCc2ccc(OS(=O)(=O)C(F)(F)F)cc2C1)c1ccc(-c2ccccc2)cc1,6.3
O=C1N(CCN2CCC(c3nnc(-c4ccccc4)o3)CC2)CCN1c1cccc(Cl)c1,6.3
c1ccc(CCN2CCCC(c3c(-c4ccccc4)[nH]c4ccccc34)C2)cc1,6.3
Fc1ccc2c([C@@H]3CNCC[C@H]3F)c(-c3ccc4ccccc4c3)[nH]c2c1,6.3
O=C(NCCCCN1CCC[C@H]2c3ccc(O)cc3CC[C@@H]21)c1ccc(-c2ccccc2)cc1,6.3
O=C(N[C@H]1CC[C@H](CCN2CCN(c3nccc4c3CCO4)CC2)CC1)c1cnc(N2CCOCC2)cn1,6.3
Cc1ccc(CC(C)CNC(=O)/N=C(\N)NCCCc2sc(N)nc2C)cc1,6.3
Oc1ccc(-c2ccc(CNCCc3c[nH]c4ncc(F)cc34)o2)cc1,6.3
O=C1CCc2cc(CCCCN3CCN(c4ccccn4)CC3)ccc2N1,6.3
Cc1cccc(C#N)c1-c1cccc2c1-c1cccc3c1[C@@H](C2)N(C)CC3,6.3
Cl.Cn1nccc1-c1cccc(C(=O)N[C@H]2CC[C@H](CCN3CCc4ccc(S(C)(=O)=O)cc4CC3)CC2)c1,6.3
COc1ccccc1N1CCN(CCCCCC(=O)NCc2ccncc2)CC1,6.3
O=C(N[C@H]1CCN(Cc2ccc(OC(F)(F)F)cc2)C1)c1cccc(-c2cccs2)c1,6.3
OC1c2ccc(F)cc2CC1CCN1CCN(c2ccccn2)CC1,6.29
C[C@@H](Oc1ccc2c(n1)CCN(CC[C@H]1CC[C@H](NC(=O)Cc3cnn(C)n3)CC1)CC2)C(F)(F)F,6.29
CC(C)n1cc2c(n1)CCN(CCN1CCN(c3nsc4ccccc34)CC1)C2=O,6.29
Cc1cccc(C(=O)NN2c3ccc(Cl)cc3N=C(N3CCN(C)CC3)c3ccccc32)c1,6.29
CN(CCc1ccccc1OC(F)(F)F)CCN1CCCC1,6.29
c1ccc(CCCNCCCOc2ccccc2)cc1,6.29
CC(C)(C)c1nc(C2CC2)cc(N2CCN(CCCCNC(=O)N3CCN(c4ccccc4)CC3)CC2)n1,6.29
Cc1ncc(CC(=O)N[C@H]2CC[C@H](CCN3CCc4nc(N(C)CC(F)(F)F)sc4CC3)CC2)s1,6.29
COc1ccc(F)cc1C1CC1CN(CCCSc1nnc(-c2ccccc2)n1C)C(C)C.Cl,6.29
O=C(O)/C=C/C(=O)O.O=C1c2c(F)cc(F)cc2CCC12CCN(CCc1ccccc1)CC2,6.29
CC1Cc2ccccc2N1C(=O)CC1CCN(Cc2ccc(F)cc2Cl)CC1,6.29
CN1CCCc2cc(O)ccc2Cc2ccccc2CC1,6.29
CCC1Cc2ccccc2N1C(=O)CN1CCN(Cc2ccc(Cl)cc2)CC1,6.29
COc1c(C(=O)NCCN2CCN(c3ccccc3Cl)CC2)cc(Br)c2ccccc12,6.29
C[C@]1(O)CC[C@H](C(=O)N[C@H]2CC[C@H](CCN3CCN(c4nccc5c4CCO5)CC3)CC2)CC1,6.29
COCC(=O)N[C@H]1CC[C@H](CCN2CCC(c3cccc4c3OCO4)CC2)CC1,6.29
C=CCN1CCc2c(cc(O)c(O)c2Cl)[C@@H](c2ccccc2)C1,6.29
O=C(N[C@H]1CC[C@H](CCN2CCN(c3nccc4c3CCO4)CC2)CC1)c1ccc(Cl)cc1Cl,6.29
CCCN(CCCCNC(=O)c1cc2ccccc2[nH]1)CC1CC1c1cc(F)ccc1OC.Cl,6.29
COc1cc(N2CC[C@H]3CN(CCCSc4nnc(-c5cnccn5)n4C)C[C@H]32)ccc1F,6.29
O=C(C[C@H]1CCCO1)N[C@H]1CC[C@H](CCN2CCC(c3cccc4c3CCO4)CC2)CC1,6.29
CS(=O)(=O)c1ccc(C(=O)N[C@H]2CC[C@H](CCN3CCN(c4nccc5c4CCO5)CC3)CC2)s1,6.29
CCN(CCN1CCC(c2noc3ccccc23)CC1)S(=O)(=O)CCO,6.29
Cc1cc(CC(=O)N[C@H]2CC[C@H](CCN3CCC(c4cccc5c4OCO5)CC3)CC2)on1,6.29
Cc1ncoc1-c1nnc(SCCCN2CC[C@]3(C[C@H]3c3ccccc3)C2)n1C,6.29
c1ccc(CN2CCC(n3nccc3-c3ccccc3)CC2)cc1,6.29
CC(C)(C)c1nc(N2CCN(CCCCNC(=O)N3CCCN(c4ccccc4)CC3)CC2)cc(C(F)(F)F)n1,6.29
O=C(N[C@H]1CC[C@H](CCN2CCN(c3cccc4c3OCO4)CC2)CC1)c1ccnc2ccccc12,6.29
COc1ccc2ccnc(N3CCN(CCCCNC(=O)c4cc5cccc(OC)c5o4)CC3)c2c1,6.29
Cc1ccc(N2CCN(C[C@@H]3C[C@@H]3c3ccccc3)CC2)c(C)c1,6.29
COc1cccnc1N1CCN(CCCc2nc3ccccc3s2)CC1,6.29
C(=C/Cn1c(-c2ccc(OCCCN3CCCCC3)cc2)nc2ccccc21)\Cn1c(-c2ccc(OCCCN3CCCCC3)cc2)nc2ccccc21,6.29
COCCC(=O)N[C@H]1CC[C@H](CCN2CCC(c3cccc4c3CCO4)CC2)CC1,6.29
O=C(NCCCN1CCN(c2cccc(Cl)c2Cl)CC1)c1cccc2c1-c1ccccc1C2=O,6.29
O=C(N[C@H]1CC[C@H](CCN2CCN(c3nccc4occc34)CC2)CC1)C1CCOCC1,6.29
CN1CCN(C2=Cc3cc(Cl)ccc3Cc3ccccc32)CC1,6.28
Cc1ncccc1C(=O)N[C@H]1CC[C@H](CCN2CCc3nc(OCC(F)(F)F)sc3CC2)OC1,6.28
Cc1ncoc1-c1nnc(SCCN2CC[C@]3(CC3c3ccc(C(F)(F)F)cc3)C2)n1C,6.28
CCC(CNC(=O)/N=C(\N)NCCCc1sc(N)nc1C)c1ccccc1,6.28
CC(C)(C)c1nc(N2CCN(CCCCn3ccc(-c4ccccc4)cc3=O)CC2)cc(C(F)(F)F)n1,6.28
CC(Sc1ccccc1Cl)c1nc(N)nc(N2CCN(C)CC2)n1,6.28
CC(C)=C1c2ccccc2C=C(C2=CCN(C)CC2)c2ccccc21,6.28
O=C(NCCC(F)CN1CCN(c2cccc(Cl)c2Cl)CC1)c1cc2ccccc2[nH]1,6.28
CCc1cc([C@]23C[C@H]2CN(CC[C@H]2CC[C@H](NC(=O)c4cccnc4C)CC2)C3)no1,6.28
CC(C)(C)c1nc(N2CCN(CCCCNC(=O)N3CCN(c4ccnc5ccccc45)CC3)CC2)cc(C(F)(F)F)n1,6.28
CC(C)(C)c1nc(N2CCN(CCCCNC(=O)N3CCN(Cc4ccccc4)CC3)CC2)cc(C(F)(F)F)n1,6.28
O=C(CC1CCCCO1)N[C@H]1CC[C@H](CCN2CCC(c3cccc4c3OCO4)CC2)CC1,6.28
CCCN(CCc1ccccc1)C1CCc2ccc(O)cc2C1,6.28
O=C(NCCCN1CCN(c2ccc(Br)cc2)CC1)NN(Cc1ccccc1)c1ccccc1,6.28
Cn1c(SCCCN2C[C@@H]3CCN(c4ccc(C(F)(F)F)cc4)[C@@H]3C2)nnc1-c1ccc(=O)n(C)c1,6.28
COc1ccc(-c2cc(F)ccc2N2CCN(CCCCCC(=O)NCc3ccc(C#N)cc3)CC2)cc1,6.28
CC(Sc1ccc(Cl)c(Cl)c1)c1nc(N)nc(N2CCN(C)CC2)n1,6.28
Cn1cc(CC(=O)N[C@H]2CC[C@H](CCN3CCc4nc(OCC(F)(F)F)sc4CC3)CC2)cn1,6.28
CCN1C(=O)c2ccccc2[S@+]([O-])c2ccc(C(=O)N[C@H](C)c3ccc(Br)cc3)cc21,6.28
CCCN(CCC)C1CCc2n[nH]cc2C1,6.28
CCN(CCN1CCC(c2c[nH]c3ccccc23)CC1)C(=O)C(C)O,6.28
O=C(CCCN1CCC(c2ccccc2)CC1)c1nc2ccccc2s1,6.28
O=C(CC1COCCO1)N[C@H]1CC[C@H](CCN2CCC(c3cccc4c3OCO4)CC2)CC1,6.28
Cn1c(SCCCN2CC[C@]3(C[C@@H]3c3ccc(F)cc3F)C2)nnc1-c1cccnc1,6.28
Cc1ncoc1-c1nnc(SCCN2CC[C@]3(C[C@@H]3c3ccc(C(F)(F)F)cc3)C2)n1C,6.28
COc1cc(CC(=O)N[C@H]2CC[C@H](CCN3CCc4nc(OCC(F)(F)F)sc4CC3)OC2)on1,6.28
CN1CCc2cccc3c2[C@H]1Cc1ccccc1-3,6.28
Cn1cc2c(C(=O)N[C@H]3CC[C@H](CCN4CCc5ccc(CCC(F)(F)F)nc5CC4)CC3)ccc(F)c2n1,6.28
Cn1c(SCCCN2CC[C@]3(C[C@@H]3c3ccc(C(F)(F)F)cc3)C2)nnc1-c1ccccn1,6.28
c1ccc(CCN2CCC3(CCc4ccccc4O3)CC2)cc1,6.28
O=C(C[C@@H]1CCCO1)N[C@H]1CC[C@H](CCN2CCC(c3cccc4c3OCO4)CC2)CC1,6.28
CC(C)(C)C(=O)N[C@H]1CC[C@H](CCN2CCN(c3nccc4c3CCO4)CC2)CC1,6.28
COc1ccc2c(n1)CN[C@@H]1CCc3cc(O)c(O)cc3[C@@H]21,6.28
O=S(=O)(NC1CCN(CCOc2cccc(F)c2)C1)c1ccc(F)c(F)c1,6.28
CCCN(CCN1CCN(Cc2cc3ccccc3[nH]2)CC1)c1ccc(OC)cc1,6.28
Clc1ccc(-c2cc(C3CCN(CCc4ccccc4)CC3)[nH]n2)cc1,6.28
Cn1c(SCCCN2CC[C@]3(C[C@@H]3c3ccc(C(F)(F)F)cc3)C2)nnc1C1CC2CCC(C1)O2,6.27
O=C1Cc2c(ccc(Cl)c2N2CCN(Cc3ccccc3)CC2)N1,6.27
O=C(CCC(F)(F)F)N[C@H]1CC[C@H](CCN2CCc3sc(N4CC(F)(F)C4)nc3C2)CC1,6.27
N#Cc1ccc2[nH]cc(CN3CCN(c4ccccc4Cl)CC3)c2c1,6.27
Cc1ncoc1-c1nnc(SCCCN2CC[C@]3(C[C@H]3c3ccc(F)cc3F)C2)n1C,6.27
O=C(c1cc2ccccc2[nH]1)N1CCN(CCOc2ccccc2)CC1,6.27
CCC[C@H]1CN(Cc2ccccc2)C[C@@H]1CNC(=O)c1cc(Cl)c(NC)cc1OC,6.27
O=C1NCN(c2ccccc2)C12CCN(Cc1cccc(Oc3ccccc3)c1)CC2,6.27
CC(C)(C)c1nc(N2CCN(CCCCNC(=O)N3CCc4c([nH]c5ccccc45)C3)CC2)cc(C(F)(F)F)n1,6.27
CCc1cc2c(cc1N1CCN(CC(O)CCCC(=O)c3cc4ccccc4[nH]3)CC1)OCO2,6.27
CN1CCN(C2=Nc3cc(Cl)ccc3N(NC(=O)c3cccc(F)c3F)c3ccccc32)CC1,6.27
Cl.N#Cc1ccccc1N1CCN(CC(O)CN2C(=O)NC(c3ccccc3)(c3ccccc3)C2=O)CC1,6.27
Cn1ncc2c1CCN(CCN1CCC(c3noc4ccccc34)CC1)C2=O,6.27
CC(CN1CCC(c2noc3cc(F)ccc23)CC1)N1CCc2cccnc2C1=O,6.27
CN1CCc2ccc3c(=O)oc4cccc5c4c3c2[C@H]1C5,6.27
COc1ccc2c(c1)CCC(C1CCN(Cc3ccccc3)CC1)C2=O,6.27
CC1(Oc2ccc(Cl)cc2)CCN(CCOc2ccccc2C(F)(F)F)CC1,6.27
CCN(CCN1CCC(n2ncc3cc(F)ccc32)CC1)S(=O)(=O)CCO,6.27
CC(C)(C)c1nc(N2CCN(CCCCNC(=O)N3CCc4[nH]c5ccccc5c4C3)CC2)cc(C(F)(F)F)n1,6.27
CCc1cc2c(cc1N1CCN(CC(O)CCNC(=O)c3cc4ccccc4[nH]3)CC1)OCO2,6.27
CCCN(CCC)C1COc2c(ccc3sc(N)nc23)C1,6.27
CN(C)S(=O)(=O)N[C@H]1CC[C@H](CCN2CCN(c3nccc4occc34)CC2)CC1,6.27
Cc1cc(CC(=O)N[C@H]2CC[C@H](CCN3CCC(c4cccc5c4CCO5)CC3)CC2)on1,6.27
COc1cc(N)c(Cl)cc1C(=O)NC[C@H]1CCN(Cc2ccccc2)C1,6.27
N#Cc1ccc(CNC(=O)CCOCCN2CCN(c3ncccc3-c3ccccc3)CC2)cc1,6.27
Cc1ccc(N2CCN(C[C@H]3C[C@@H]3c3ccccc3)CC2)c(C)c1,6.27
CCCN1CCOC2c3cc(O)ccc3SCC21,6.27
CCCN(CCCCNC(=O)c1cc2ccccc2[nH]1)C[C@@H]1C[C@H]1c1cccc(Cl)c1Cl.Cl,6.27
CCOc1cccc2cc(CN(C)CCCCOc3ccc4c(c3)NC(=O)CC4)oc12,6.27
Clc1sc(Cl)c2c1CCCc1c[nH]nc1-2,6.27
Cn1cc(OCC(=O)N[C@H]2CC[C@H](CCN3CCc4ccc(CCC(F)(F)F)nc4CC3)CC2)cn1,6.27
Cn1cc(-c2nnc(SCCCN3CC[C@]4(C[C@@H]4c4ccc(C(F)(F)F)cc4)C3)n2C)cn1,6.27
Cl.O=C1C(c2ccccc2)=COC12CCN(CCc1ccccc1)CC2,6.26
Cc1sc(C)c2c1CCCc1cnn(C(C)C)c1-2,6.26
CCCN(CCC)[C@@H]1CCc2c(OS(=O)(=O)C(F)(F)F)cccc2[C@@H]1C,6.26
COc1ccc2[nH]cc(CCCN3CCN(c4cccc5sccc45)CC3)c2c1,6.26
O=C(N[C@H]1CC[C@H](CCN2CCN(c3nccc4c3CCO4)CC2)CC1)c1ccnc2ccccc12,6.26
OC1(c2ccc(Cl)c(C(F)(F)F)c2)CCN(CCCCN(c2ccc(F)cc2)c2ccc(F)cc2)CC1,6.26
O=C(N[C@H]1CC[C@H](CCN2CCN(c3nccc4c3CCO4)CC2)CC1)C1CCC1,6.26
CCCN(CCCCNC(=O)c1ccc(-c2ccccn2)cc1)C[C@@H]1C[C@H]1c1cccc(Cl)c1Cl.Cl,6.26
OC1(c2ccc(Cl)cc2)CCN(Cc2n[nH]c3ccccc23)CC1,6.26
Cl.N#Cc1ccc2[nH]cc(CCCCN3CCN(c4ccc5oc(C(N)=O)cc5c4)CC3)c2c1,6.26
FC(F)(F)c1ccccc1OCCN1CCC(COC(c2ccc(Cl)cc2)c2ccccn2)CC1,6.26
CC(C)CS(=O)(=O)n1ccc2c(-c3ccccc3)cc(N3CCN(C)CC3)nc21,6.26
CC(=O)NC1(C)CCN(C[C@H]2COc3ccc(F)cc3O2)CC1,6.26
Cc1ncc(CC(=O)N[C@H]2CC[C@H](CCN3CCc4sc(OC5CC(F)(F)C5)nc4C3)CC2)o1,6.26
O=C(NC(c1ccc(F)cc1)c1ccccn1)C1CCN(CCOc2ccccc2)CC1,6.26
COc1cccc([C@@H](NC(=O)C2CCN(CCOc3ccccc3)CC2)c2ccccn2)c1,6.26
O=C(NC(c1ccc(Cl)cc1)c1ccccc1F)C1CCN(CCOc2ccccc2)CC1,6.26
CC1(Oc2ccc(Cl)cc2)CCN(CCOc2ccc(F)cc2C(F)(F)F)CC1,6.26
CC(=O)NC1(C)CCN(C[C@H]2COc3ccccc3O2)CC1,6.26
CC1(C(=O)N2CCCC2)CCN(C[C@H]2COc3ccccc3O2)CC1,6.26
CC1(C(=O)Nc2ccccc2)CCN(CC2COc3ccccc3O2)CC1,6.26
Cc1nc(CC(=O)N[C@H]2CC[C@H](CCN3CCc4ccc(OCC(C)(F)F)nc4CC3)CC2)no1,6.26
Cn1c(SCCCN2C[C@@H]3CCN(c4ccc(F)cc4)[C@@H]3C2)nnc1-c1ccc(C(N)=O)nc1,6.26
CC1(NC(=O)C2CC2)CCN(C[C@H]2COc3ccccc3O2)CC1,6.26
CN(C)C(=O)C1(C)CCN(C[C@H]2COc3ccccc3O2)CC1,6.26
CSc1ccc(CSc2nc3ccccc3n2Cc2ccc(Cl)cc2)cc1,6.26
Cn1c(SCCCN2CC[C@]3(C[C@@H]3c3ccc(C(F)(F)F)cc3)C2)nnc1-c1ccc(C(N)=O)nc1,6.26
CCc1cc([C@]23C[C@H]2CN(CC[C@H]2CC[C@H](NC(=O)Cc4nnc(C)s4)CC2)C3)no1,6.26
CCc1cc([C@]23C[C@H]2CN(CC[C@H]2CC[C@H](NC(=O)COc4cnn(C)c4)CC2)C3)no1,6.26
CC(F)c1cc(C23CC2CN(CC[C@H]2CC[C@H](NC(=O)c4cccc5nn(C)cc45)CC2)C3)no1,6.26
Clc1ccc2c(c1)CC1(CCN(CCOc3ccccc3)C1)O2,6.26
c1ccc(CCCOCC2CCN(Cc3ccccc3)CC2)cc1,6.26
COc1ccc2[nH]cc(CN3[C@@H]4CC[C@H]3C[C@](O)(c3ccc(SC)cc3)C4)c2c1,6.26
CC(C)(C)OC(=O)Nc1ccc(CCN2CCc3ccccc3C2)cc1,6.26
O=C(O)C(=O)O.O=C1CCc2ccccc2N1CCCN1CCN(c2ccc(Cl)cc2Cl)CC1,6.26
N#Cc1ccc(CCOC(=O)NC2CCN(CCCC(c3ccc(F)cc3)c3ccc(F)cc3)CC2)cc1,6.26
COc1ccc(-c2cccc3c2CC[C@H]2[C@H]3c3cc(O)c(Cl)cc3CCN2C)cc1,6.26
FC(F)(F)c1ccccc1OCCN1CCC2(CC1)CC2c1ccccc1,6.26
CN(c1ccccc1)C1(C)CCN(CCOc2ccccc2C(F)(F)F)CC1,6.26
COC(=O)c1ccc(C[S+]([O-])c2nc3ccccc3n2Cc2ccc(Cl)cc2)cc1,6.26
CC1(Oc2ccc(Cl)cc2)CCN(CCOc2cc(F)ccc2C(F)(F)F)CC1,6.26
CN1CCc2cc(Cl)c(O)cc2[C@@H](c2ccc(CN(Cc3ccccc3)c3ccc(F)cc3F)cc2)C1,6.26
CC1(Oc2ccccc2)CCN(CCOc2ccccc2C(F)(F)F)CC1,6.26
CC1(Oc2ccc(Cl)cc2)CCCN(CCOc2ccccc2)C1,6.26
CC1(Oc2ccc(Cl)cc2)CCCN(CCOc2ccc3scnc3c2)C1,6.26
Brc1cccc(N2CCN(Cc3cc4ccccn4n3)CC2)n1,6.26
O[C@@]1(c2cccc(Cl)c2Cl)C[C@H]2CC[C@@H](C1)N2Cc1c[nH]c2ccccc12,6.26
COc1cccc2c1-c1cccc3c1[C@@H](C2)N(C)CC3,6.26
C(#Cc1c[nH]c(CN2CCN(c3ccccc3)CC2)c1)c1ccccc1,6.26
Cn1cc2c(C(=O)N[C@H]3CC[C@H](CCN4CC5CC5(c5cc(CF)on5)C4)CC3)cccc2n1,6.26
CC1(Oc2ccccc2)CCN(CCOc2ccc(C(F)(F)F)cc2)CC1,6.26
N/C(=N\C(=O)NCc1ccccc1)NC1CCc2nc(N)sc2C1,6.26
O=C(O)/C=C/C(=O)O.c1ccc(N2CCN(CCCCCNC3=Nc4ccccc4OC3)CC2)nc1,6.26
CCCN(CCc1cccs1)[C@@H]1CCc2ccc(OC)cc2C1,6.26
CC1(Oc2ccc(Cl)cc2)CCN(CCCCOc2ccccc2F)C1,6.26
CC1(Oc2ccccc2)CC2CCC(C1)N2CCOc1ccccc1C(F)(F)F,6.26
O=c1n(CC2CCC(CN3CCN(c4cccc(Cl)c4)CC3)CC2)nc2ccccn12,6.25
Cc1ncccc1C(=O)N[C@H]1CC[C@H](CCN2CCc3nc(OCC(C)(F)F)sc3CC2)CC1,6.25
CCC(Oc1cc(Cl)cc(Cl)c1)c1nc(Nc2ccccc2)nc(N2CCN(C)CC2)n1,6.25
Clc1ccc(-c2cc(C3CCN(CCCc4ccccc4)CC3)[nH]n2)cc1,6.25
CC(C)Oc1cccnc1N(C)C1CCN(Cc2ccc(I)cc2)CC1,6.25
CC(Oc1cccc(Cl)c1)c1nc(N)nc(N2CCN(C)CC2)n1,6.25
CSc1ccc([C@]2(O)C[C@H]3CC[C@@H](C2)N3Cc2c[nH]c3ccccc23)cc1,6.25
O=C1c2ccccc2C(=O)N1CCCCN1CCN(C(c2ccccc2)c2ccc(Cl)cc2)CC1,6.25
O=C1NCN(c2ccccc2)C12CCN(Cc1ccc3c(c1)OCO3)CC2,6.25
Cc1cccn2cc(-c3ccc(OCCCCN4CCN(c5cccc(Cl)c5Cl)CC4)cc3)nc12,6.25
Cc1ncc(CC(=O)N[C@H]2CC[C@](F)(CCN3CCc4nc(OCC(F)(F)F)sc4CC3)CC2)o1,6.25
Oc1ccc(OCCNCCCOc2ccccc2)cc1,6.25
CN1CCC(C2=Cc3cc(Cl)ccc3Cc3ccccc32)CC1,6.25
O=C(N[C@H]1CC[C@H](CCN2CCC(c3cccc4c3CCO4)CC2)CC1)c1ccnc2ccccc12,6.25
O=C(NCCCCN1CCN(c2cccnc2)CC1)c1n[nH]c2ccccc12,6.25
COc1ccc(N2CCN(C(=O)NCCCCN3CCN(c4cc(C(F)(F)F)nc(C(C)(C)C)n4)CC3)CC2)cc1,6.25
CC(C)(C)c1nc(C(F)F)cc(N2CCN(CCCCNC(=O)N3CCc4[nH]c5ccc(C(F)(F)F)cc5c4C3)CC2)n1,6.25
O=C(C[C@@H]1CCCO1)N[C@H]1CC[C@H](CCN2CCC(c3cccc4c3CCO4)CC2)CC1,6.25
COc1cccc(CCCN2CCN(Cc3cc4ccccc4o3)CC2)c1,6.25
CC(C)(C)c1nc(N2CCN(CCCCNC(=O)N3CCc4[nH]c5ccc(C(F)(F)F)cc5c4C3)CC2)cc(C(F)(F)F)n1,6.25
O=S(=O)(NCC1CCN(CCOc2cccc(F)c2)CC1)c1cccc(Cl)c1,6.25
COc1ccc2c(c1)[C@H]1OCCN(CCCCNC(=O)c3ccccc3)[C@@H]1CO2,6.25
COc1ccc(C(=O)NCCCCN2CCO[C@@H]3c4ccccc4OC[C@H]32)cc1,6.25
O=C(NCCCCN1CCO[C@@H]2c3ccccc3OC[C@H]21)c1cccc2ccccc12,6.25
CN1CCc2cc(Cl)c(O)cc2[C@H]2c3cccc(NC(=O)Nc4c(Cl)cccc4Cl)c3CC[C@@H]21,6.25
CCCCCCNC(=O)/N=C(\N)NCCCc1sc(N)nc1C,6.25
Cn1cc2c(n1)C(=O)N(CCN1CCC(c3noc4ccccc34)CC1)CCC2,6.24
COc1ccc2[nH]cc(CCNCc3ccc(-c4ccc(Cl)cc4)o3)c2c1,6.24
CC1=CC[C@@H]2C[C@H]1[C@H](c1ccc(C(F)(F)F)c(F)c1)NC2(C)C,6.24
CCCN1CCN(c2ccccc2S(C)(=O)=O)CC1,6.24
CCC(Oc1ccc(Cl)c(Cl)c1)c1nc(N)nc(N2CCN(C)CC2)n1,6.24
Cn1cc2c(C(=O)N[C@H]3CC[C@H](CCN4CCc5sc(OCC(F)(F)F)nc5C4)CC3)cccc2n1,6.24
Cn1cc(OCC(=O)N[C@H]2CC[C@H](CCN3CCc4ccc(OCC(F)F)nc4CC3)CC2)cn1,6.24
Cl.O=C1c2ccccc2CCC1C1CCN(Cc2ccc(C(F)(F)F)cc2)CC1,6.24
Cn1c(SCCCN2CC3CCN(c4ccc(C(F)(F)F)cc4)C3C2)nnc1C1CCC(O)CC1,6.24
Cc1ccc(C2CCN(Cc3ccc4c(c3)NC(=O)CO4)CC2)cc1C,6.24
COc1ccc(CCC(=O)NN2c3ccc(Cl)cc3N=C(N3CCN(C)CC3)c3ccccc32)cc1Cl,6.24
O=C(CO)N[C@H]1CC[C@H](CCN2CCC(c3cccc4c3CCO4)CC2)CC1,6.24
COc1ccccc1N1CCN(Cc2cnc3cc(C)nc(C)n23)CC1,6.24
CC(C)(C)c1nc(N2CCN(CCCCNC(=O)N3CCN(c4ccc(Cl)c(Cl)c4)CC3)CC2)cc(C(F)(F)F)n1,6.24
CC(C)(C)c1nc(N2CCN(CCCCNC(=O)N3CCN(c4cccc(Cl)c4)CC3)CC2)cc(C(F)(F)F)n1,6.24
Clc1ccc(-c2cc(C3CCN(Cc4cccc(Cl)c4)CC3)[nH]n2)cc1,6.24
CCCN1CCC(c2cc3ccccc3s2)CC1,6.24
Cc1ncc(OCC(=O)N[C@H]2CC[C@](F)(CCN3CCc4nc(OCC(F)(F)F)sc4CC3)CC2)cn1,6.24
C[C@H](CN1CCN(c2cc(F)c(F)cc2F)CC1)N1C(=O)CC2(CCCC2)CC1=O,6.24
CCCN1CCN2c3cccc4[nH]cc(c34)CC2C1,6.24
O=C1CCc2ccc(OCCCCNCc3cc4ccccc4o3)cc2N1,6.24
Nc1nc2cc3c(cc2s1)CCN(Cc1cnc[nH]1)CC3,6.24
COc1ccccc1OCCNCC1(F)CCN(C(=O)c2ccc(F)c(Cl)c2)CC1,6.24
Cc1nnc(CC(=O)N[C@H]2CC[C@H](CCN3CCc4nc(OCC(F)F)sc4CC3)CC2)o1,6.24
COc1ccc2c(c1)CCC1(CCN(CCc3ccc(F)cc3F)CC1)O2,6.24
C#Cc1c[nH]c(CN2CCN(c3ccccc3)CC2)c1,6.24
O=C(N[C@H]1CC[C@](F)(CCN2CCc3nc(OCC(F)(F)F)sc3CC2)CC1)c1cccnc1C(F)F,6.24
COc1c(-c2ccco2)ccc2c1-c1cccc3c1[C@@H](C2)N(C)CC3,6.24
O=C(N[C@H]1CC[C@H](CCN2CCN(c3cccc4c3OCO4)CC2)CC1)C1COc2ccccc2C1,6.24
Clc1ccc2c(c1)C(N1CCN(C3CCCCC3)CC1)=Nc1cccnc1N2,6.24
CN1CCc2cc(Cl)c(O)cc2[C@H]2c3cccc(-c4cccc(C#N)c4)c3CC[C@@H]21,6.23
N[C@@H]1CCc2c(F)cccc2C1,6.23
O=C1c2cccnc2CCN1CCN1CCN(c2nsc3ccccc23)CC1,6.23
Cc1nc(N)sc1CCCN/C(N)=N/C(=O)NCC(C)CCCc1ccccc1,6.23
COc1ccccc1N1CCN(CCCN2CCN(C(=O)c3ccccn3)CC2)CC1,6.23
COc1ccc2c(c1)[C@H]1OCCN(CCCCNC(=O)c3ccc([N+](=O)[O-])cc3)[C@@H]1CO2,6.23
OC1(c2ccc(Cl)cc2)CC2CCC(C1)N2Cc1c[nH]c2ncccc12,6.23
CC(C)(C)c1nc(N2CCN(CCCCNC(=O)N3CCN(CC=Cc4ccccc4)CC3)CC2)cc(C(F)(F)F)n1,6.23
O=C(CC1CC1)N[C@H]1CC[C@H](CCN2CCN(c3nccc4c3CCO4)CC2)CC1,6.23
CCCCOc1c(O)ccc2c1CN1CCc3cc(OCCC)c(O)cc3[C@@H]1C2,6.23
Cc1ncccc1C(=O)N[C@H]1CC[C@](F)(CCN2CCc3nc(OCC(F)(F)F)sc3CC2)CC1,6.23
O=C(NCCCCN1CCN(C(c2ccccc2)c2ccccc2)CC1)c1cc2ccccc2s1,6.23
O=C(NCCCCN1CCN(C(c2ccccc2)c2ccc(Cl)cc2)CC1)c1ccc2ccccc2c1,6.23
CCCN(CCC)C1COc2c(cccc2-c2ccccc2)C1,6.23
Clc1ccc2[nH]c(C3=CCN(Cc4ccccc4)CC3)nc2c1,6.23
O=C(N[C@H]1CC[C@H](CCN2CCC(c3cccc4c3OCO4)CC2)CC1)c1ccc(N2CCOCC2)cc1,6.23
COc1ccc(Cl)cc1S(=O)(=O)N[C@H]1CC[C@@H](N2CCN(c3ccccc3OCC3CC3)CC2)CC1,6.23
Cl.Fc1ccccc1N1CCN(CCCCc2cc(/C=C/c3ccccc3)no2)CC1,6.23
CC[C@@H](O)CN1CCN(c2cccc(Cl)c2Cl)CC1,6.23
O=C(N[C@H]1CC[C@H](CCN2CCN(c3nccc4c3CCO4)CC2)CC1)C1(O)CC1,6.23
FCCOc1cccc(CN2CCN(c3ccc(Cl)cc3)CC2)c1,6.23
CN1CCC(c2cc(-c3ccc(Cl)cc3)[nH]n2)CC1,6.229147988357855
Cc1nc2c(o1)C(=O)N(CCN1CCN(c3nsc4ccccc34)CC1)CC2,6.22
Cc1nc(N)sc1CCCN/C(N)=N/C(=O)NCc1ccccc1,6.22
Cn1ccc2c1CCCN(CCN1CCN(c3noc4ccccc34)CC1)C2=O,6.22
CC1CN(CCN2CCN(c3nsc4ccccc34)CC2)C(=O)c2cnn(C)c21,6.22
Fc1ccc2c(c1)CC(CCN1CCCN(c3ccccn3)CC1)C2,6.22
O=C(NC1CCN(Cc2ccccc2)C1)c1ccc(-c2ccccc2)cc1,6.22
N#Cc1ccccc1N1CCN(CNC(=O)c2ccc(Cl)cc2)CC1,6.22
O=C(CC1CCC1)N[C@H]1CC[C@H](CCN2CCN(c3nccc4c3CCO4)CC2)CC1,6.22
c1c[nH]c2nc(CN3CCc4ccccc4C3)cc-2c1,6.22
Br.O=C1c2ccccc2CCC1C1CCN(CCc2ccccc2)CC1,6.22
Cn1c(SCCCN2CC3CCN(c4c(F)cc(F)cc4F)C3C2)nnc1-c1cnccn1,6.22
CC(=O)Oc1c(Cl)cc2c(c1OC(C)=O)-c1cccc3c1[C@@H](C2)N(C)CC3,6.22
O=C1c2ccccc2C(=O)N1CCCCN1CCN(C(c2ccccc2)c2ccccc2)CC1,6.22
Cn1nccc1-c1nnc(SCCCN2CC3CCN(c4ccccc4C(F)(F)F)C3C2)n1C,6.22
COc1ccccc1N1CCN(CC(O)CCn2cc(-c3ccc4c(c3)Cc3ccccc3-4)nn2)CC1,6.22
CCCC[C@H](NC(=O)CCCCCNC(=O)[C@H]1CC[C@@H]2c3[nH]c4ccccc4c3CCN2C1)C(=O)N[C@@H](Cc1c[nH]c2ccccc12)C(=O)N1C[C@@H](N)C[C@H]1C(N)=O,6.22
O=C(NCCCN1CCN(c2ccccc2)CC1)C1c2ccccc2-c2ccccc21,6.22
CN1CCN(C2=Nc3cc(Cl)ccc3N(NC(=O)c3cc(Cl)cc(Cl)c3)c3ccccc32)CC1,6.22
CCCN1CCc2cccc3c2[C@@H]1Cc1cccc(OCCCn2cc(CCN4CCN(c5ccccc5OC)CC4)nn2)c1-3,6.22
CC1(c2ccc(Cl)cc2)NC(=O)N(CC(O)CN2CCN(C(c3ccccc3)c3ccccc3)CC2)C1=O.Cl,6.22
CC(C)(C)c1nc(N2CCN(CCCCn3cc(F)c(=O)[nH]c3=O)CC2)cc(C(F)(F)F)n1,6.22
O=S(=O)(c1cccc2ccccc12)c1nn(Cc2ccccc2)c2ccc(N3CCNCC3)cc12,6.22
CCC(Oc1cc(F)ccc1Cl)c1nc(N)nc(N2CCN(C)CC2)n1,6.22
O=C1CCc2cccnc2N1CCCN1CCC(n2c(=O)[nH]c3ccccc32)CC1,6.22
CCC(Oc1cccc(Cl)c1F)c1nc(N)nc(N2CCN(C)CC2)n1,6.22
CC(C)(C)c1nc(N2CCN(CCCCNC(=O)N3CC(c4ccncc4)C3)CC2)cc(C(F)(F)F)n1,6.22
COCCC(=O)NC1CCC(CCN2C[C@H]3CCN(c4ccc(C(F)(F)F)cc4)[C@H]3C2)CC1,6.22
CC(C)(C)c1nc(N2CCN(CCCCNC(=O)N3CCC(Cc4ccccc4)CC3)CC2)cc(C(F)(F)F)n1,6.22
C1=C(c2nc3ccccc3s2)CCN(Cc2ccccc2)C1,6.22
Cc1cc(NC(=O)NCCN2CCC(O)(Cc3ccccc3)CC2)c2ccccc2n1,6.22
O=C(NCCCCN1CCN(c2ccc(F)cc2)CC1)c1n[nH]c2ccccc12,6.22
O=C(CN1CCN(Cc2ccc(Cl)cc2)CC1)N1CCc2ccc(Cl)cc21,6.22
CN1CCc2cc(Cl)c(O)cc2[C@H]2c3cccc(-c4cccc([N+](=O)[O-])c4)c3CC[C@@H]21,6.21
CN1CCN(C2=Nc3cc(Cl)ccc3N(NC(=O)CCc3ccccc3)c3ccccc32)CC1,6.21
O=C(N[C@H]1CC[C@H](CCN2CCN(c3nccc4c3CCO4)CC2)CC1)C1CCOC1,6.21
Cn1c(SCCCN2CC[C@]3(C[C@@H]3c3ccc(C(F)(F)F)cc3)C2)nnc1-c1ccncc1,6.21
CC(C)Oc1cccnc1N(C)C1CCN(Cc2ccccc2)CC1.O=C(O)/C=C\C(=O)O,6.21
CCS(=O)(=O)Nc1cccc2c1CC[C@H]1[C@H]2c2cc(O)c(Cl)cc2CCN1C,6.21
CCc1cc(Cl)c(OC)c(N2CCNCC2)c1,6.21
CC(C)(C)c1nc(N2CCN(CCCCNC(=O)N3CCN(c4ccc(-c5ccccc5)cc4)CC3)CC2)cc(C(F)(F)F)n1,6.21
Cn1c(C(=O)N[C@H]2CC[C@](F)(CCN3CCc4ccc(OCC(F)F)nc4CC3)CC2)cccc1=O,6.21
CCCN(C(C)C)[C@@H]1CCc2cccc(O)c2[C@@H]1C,6.21
CCCN1CCc2cccc3c2[C@H]1Cc1cccc(OCc2cn(CCCCN4CCN(c5ccccc5OC)CC4)nn2)c1-3,6.21
Cc1cnc(CC(=O)N[C@H]2CC[C@H](CCN3CCc4sc(C5CC(F)(F)C5)nc4C3)CC2)o1,6.21
CN1CN(c2ccccc2)C2(CCN(CCCCOc3ccc4c(c3)NC(=O)CC4)CC2)C1=O.O=C(O)C(=O)O,6.21
CCCN(CC[C@]1(O)C[C@@H](NC(=O)c2ccc3ccccc3c2)C1)[C@@H]1C[C@H]1c1ccc(Cl)cc1,6.21
Cn1c(SCCCN2C[C@@H]3CCN(c4ccc(C(F)(F)F)cc4)[C@@H]3C2)nnc1-c1cc[nH]c(=O)c1,6.21
Cc1ncc(OCC(=O)N[C@H]2CC[C@](F)(CCN3CCc4ccc(OCC(F)F)nc4CC3)CC2)cn1,6.21
Cc1ncc(CC(=O)N[C@H]2CC[C@H](CCN3CCc4sc(OCC(F)(F)F)nc4C(C)C3)CC2)s1,6.21
Cn1c(=O)ccn(CCCCN2CCN(c3cc(C(F)(F)F)nc(C(C)(C)C)n3)CC2)c1=O,6.21
CC1Cc2ccccc2N1C(=O)CN1CCN(Cc2cccc(OC(F)(F)F)c2)CC1,6.21
CC(C)C(=O)Nc1cccc(C2CCN(CCCC(=O)c3ccc(Cl)cc3)CC2)c1,6.21
Cc1ccc(C2CCN(Cc3ccc4c(c3)OCC(=O)N4)CC2)cc1C,6.21
O=C(c1cc2ccccc2s1)N1CCN(CCOc2cccnc2)CC1,6.21
O=C(c1cc2cccc(Cl)c2[nH]1)N1CCN(CCOc2cccnc2)CC1,6.21
O=C(NCCCCN1CCN(C(c2ccccc2)c2ccccc2)CC1)c1cccs1,6.21
Cn1c(SCCCN2CC3CCN(c4ccc(F)cc4)C3C2)nnc1-c1cc[nH]c(=O)c1,6.21
Cc1ncccc1C(=O)N[C@H]1CC[C@H](CCN2CCc3sc(OCC(F)(F)F)nc3C2)CC1,6.21
Cl.c1ccc(C(c2ccccc2)N2CCN(CCCCc3cc(-c4cccs4)no3)CC2)cc1,6.21
CC[C@@H](C)Oc1ccc2c(n1)CCN(CC[C@]1(F)CC[C@@H](NC(=O)Cc3nnc(C)s3)CC1)CC2,6.21
Cc1ncoc1-c1nnc(SCCCN2CC3CCN(c4ccc(OC(F)(F)F)cc4)C3C2)n1C,6.21
COCCC(=O)N[C@H]1CC[C@H](CCN2CCC(c3ccc(F)c4occc34)CC2)CC1,6.21
Cc1nnc(CC(=O)N[C@H]2CC[C@](F)(CCN3CCc4nc(OCC(F)(F)F)sc4CC3)CC2)o1,6.21
N#CCCCN(CCCN1CCN(c2ccccc2)CC1)C1CCc2ccc(O)cc2C1,6.21
O=C(CC1CCOCC1)N[C@H]1CC[C@H](CCN2CCC(c3ccc(F)c4occc34)CC2)CC1,6.21
Cn1c(C(=O)N[C@H]2CC[C@H](CCN3CCc4ccc(CCC(F)(F)F)nc4CC3)CC2)cccc1=O,6.21
CCCOc1cc2c(cc1O)[C@@H]1Cc3ccc(O)c(OCCOCC)c3CN1CC2,6.21
CCc1ccc(-c2cc(N3CCN(C)CC3)nc3c2ccn3S(=O)(=O)CC(C)C)cc1,6.21
O=C(NCCCN1CCN(c2ccc(Br)cc2)CC1)NN(Cc1ccc(F)cc1)c1ccccc1,6.21
COc1ccccc1C(c1ccccc1OC)N1CCN(CCCCNC(=O)c2cc3ccccc3s2)CC1,6.21
C(COCC1CCN(Cc2ccccc2)CC1)=C(c1ccccc1)c1ccccc1,6.21
C=CCN1CCc2nc(N)sc2CC1,6.21
Cc1ncc(OCC(=O)N[C@H]2CC[C@](F)(CCN3CCc4nc(OCC(C)(F)F)sc4CC3)CC2)cn1,6.21
Cn1c(SCCCN2CC[C@]3(CC3c3ccc(C(F)(F)F)cc3)C2)nnc1-c1cccnc1,6.21
COc1ccc(S(=O)(=O)N(C)c2ccccc2)cc1-c1ccc(CN2CCCCCC2c2ccccc2)[nH]1,6.2
CCCN(CCN1CCN(c2ccccc2)CC1)C1CCc2ccc(N)cc2C1,6.2
O=C1c2cccnc2CCN1CCN1CCC(c2noc3ccccc23)CC1,6.2
CCCCN1CCC[C@@H]1CNC(=O)c1cc(Cl)cc2c1OCCN2C,6.2
Cn1c(SCCCN2CC[C@]3(C[C@H]3c3ccc(C(F)(F)F)cc3)C2)nnc1-c1ccccn1,6.2
Cc1nc(C)c2c(n1)CCN(CCN1CCC(c3noc4ccccc34)CC1)C2=O,6.2
Cc1ncc(-c2cccc(C(=O)N[C@H]3CC[C@H](CCN4CCc5ccc(S(C)(=O)=O)cc5CC4)CC3)c2)o1.Cl,6.2
COc1ccc(S(=O)(=O)Nc2ccccc2)cc1-c1ccc(CN2CCCCCC2c2ccccc2)[nH]1,6.2
O=C(/C=C/c1c[nH]c2ccccc12)NCCCCN1CCc2ccc(OS(=O)(=O)C(F)(F)F)cc2C1,6.2
Cc1ccc2c(c1)c1c(n2CCc2ccc(C)nc2)CCN(C)C1,6.2
CCCN(CCCCNC(=O)c1ccc(-c2ccccc2)cc1)C1CCc2c(cccc2C(N)=O)C1,6.2
COc1ccccc1N1CCN(C2CC3CC(N4CCN(c5ccccc5OC)CC4)CC3C2)CC1.O=C(O)C(=O)O,6.2
O=C(N[C@H]1CC[C@H](CCN2CCC(c3cccc4c3CCO4)CC2)CC1)C1CCCOC1,6.2
Cn1cc(CC(=O)N[C@H]2CC[C@H](CCN3CCc4nc(OCC(F)(F)F)sc4CC3)CC2)c(F)n1,6.2
CCCN(CCC)C1CCc2cc(CN(C(C)=O)c3ccc(OC)cc3)ccc2C1,6.2
CCCN(CCC)C1CCc2cc(CS(=O)(=O)c3ccc(OC)cc3)ccc2C1,6.2
N#Cc1ccc(CNC(=O)CCOCCN2CCN(c3ccccc3-c3ccccc3)CC2)cc1,6.2
CCCN(CCC)[C@@H]1CCc2c(ccc(C(O)Cc3ccc(Cl)cc3)c2OC)[C@@H]1C,6.2
O=C1CC(CN2CCC(C(=O)c3ccc(F)cc3)CC2)Cc2ncncc21,6.2
O=c1[nH]c2c(O)ccc([C@@H](O)CNCCc3cccc(CNCCc4ccccc4Cl)c3)c2s1,6.2
C=CCN1CCc2cc(Br)c(O)cc2C(c2ccccc2)C1.Cl,6.2
COc1ccccc1C(c1ccccc1)N1CCN(CCCCNC(=O)c2cc3ccccc3s2)CC1,6.2
N#Cc1ccc2c(c1)CCN(CC[C@H]1CC[C@H](NC(=O)/C=C/c3ccccc3F)CC1)CC2,6.2
O=C(NCCCCN1CCCN(C(c2ccccc2)c2ccccc2)CC1)c1cc2ccccc2s1,6.2
CC1CCN(CC[C@H]2CCCN2S(=O)(=O)c2cccc3ccccc23)CC1,6.2
Cn1c(SCCCN2CC3CCN(c4ccc(C(F)(F)F)cc4)C3C2)nnc1-c1cc[nH]c(=O)c1,6.2
[O-][S+](CCCN1CCN(c2ccc(Cl)cc2)CC1)c1ccc(F)cc1,6.2
Cl.O=C(/C=C/c1c[nH]c2ccccc12)NCCCCN1CCc2ccc(OS(=O)(=O)C(F)(F)F)cc2C1,6.2
Cc1ccc2c(c1)C(N1CCN(CCc3ccccc3)CC1)=Nc1cccnc1N2,6.2
CC(C)(C)c1nc(N2CCN(CCCCNC(=O)N3CCN(C4CC4)CC3Cc3ccccc3)CC2)cc(C(F)(F)F)n1,6.2
CCCN1CCOC2c3ccsc3CCC21,6.2
Cn1c(SCCCN2CC3CCN(c4c(F)cccc4F)C3C2)nnc1-c1cnccn1,6.2
Cn1c(SCCCN2CC3CCN(c4ccc(C(F)(F)F)cc4)C3C2)nnc1-c1ccnnc1,6.2
O=c1[nH]c2c(O)ccc([C@@H](O)CNCCCSCCCOCCc3ccccc3)c2s1,6.2
COc1cccc(/C=C/C(=O)N[C@H]2CC[C@H](CCN3CCc4ccc(C#N)cc4CC3)CC2)c1,6.2
COc1ccccc1CCNCc1ccc(CCNC[C@H](O)c2ccc(O)c3[nH]c(=O)sc23)cc1,6.2
COc1ccc(Br)cc1-c1nc(CNC2CCN(Cc3ccccc3)CC2)co1,6.2
CN1CCN(C2=Nc3cc(Cl)ccc3N(NC(=O)c3cccnc3Cl)c3ccccc32)CC1,6.2
Cc1ccc(N2CCC3CN(CCCSc4nnc(-c5cnccn5)n4C)CC32)cc1,6.2
Cc1cnc(-c2cccc(C(=O)N[C@H]3CC[C@H](CCN4CCc5ccc(S(C)(=O)=O)cc5CC4)CC3)c2)o1.Cl,6.2
CS(=O)(=O)c1ccc2c(c1)CCN(CC[C@H]1CC[C@H](NC(=O)c3cccc4ccccc34)CC1)CC2.Cl,6.2
Cc1cc(C(=O)N[C@H]2CC[C@H](CCN3CCc4ccc(OS(C)(=O)=O)cc4CC3)CC2)c2ccccc2n1.Cl,6.2
O=c1[nH]c2c(O)ccc([C@@H](O)CNCCc3cccc(CNCc4ccccc4F)c3)c2s1,6.2
O=C(NCCCCN1CCN(c2ccc(Cl)cc2)CC1)C12CC3CC(CC(C3)C1)C2,6.2
CN(CCN1CCN(c2ccc(F)cc2)C1=O)C[C@]12CC[C@H](CC1)C2(C)C,6.2
Fc1ccc(OCCCN2CCN(c3ncccn3)CC2)cc1,6.2
N#Cc1ccc2c(c1)CN(CC[C@H]1CC[C@H](NC(=O)/C=C/c3ccc(F)cc3)CC1)C2,6.2
CC(C)CS(=O)(=O)n1ccc2c(-c3cccc(C(F)(F)F)c3)cc(N3CCN(C)CC3)nc21,6.2
Cc1cc(OCC(=O)N[C@H]2CC[C@H](CCN3CCc4nc(OCC(C)(F)F)sc4CC3)CC2)no1,6.2
COc1cccc2c1CC[C@H]1[C@H]2CCN1CCCCNC(=O)c1ccc(-c2ccccc2)cc1,6.2
Cc1ccccc1-c1cc2c(=O)n(CCN3CCN(c4ccccc4Cl)CC3)c(=O)[nH]c2[nH]1,6.2
O=C(NCCCCN1CCC[C@@H]2c3cccc(O)c3CC[C@H]21)c1ccc(-c2ccccc2)cc1,6.2
COc1ccccc1N1CCN(CCN2CCN(C(=O)c3nn(C)c4ccccc34)CC2)CC1,6.2
Cn1c(SCCCN2CC[C@]3(C[C@@H]3c3ccc(C(F)(F)F)cc3)C2)nnc1-c1cccc(C(N)=O)c1,6.2
Fc1ccc(C(OC2CC3CCC(C2)N3Cc2ccc(Cl)c(Cl)c2)c2ccc(F)cc2)cc1,6.2
Cc1ccc2c(-c3nnc(SCCCN4CCc5ccc6oc(C)nc6c5CC4)n3C)cccc2n1,6.199998172182031
Cn1cc(CC(=O)N[C@H]2CC[C@H](CCN3CCc4ccc(OCC(F)(F)F)nc4CC3)OC2)cn1,6.19
CC(Oc1nc2c(s1)CCN(CC[C@H]1CC[C@H](NC(=O)c3cccc4c3CN(C)C4=O)CC1)CC2)C(F)(F)F,6.19
Cn1cc(OCC(=O)N[C@H]2CC[C@H](CCN3CCc4nc(OCC(F)(F)F)sc4CC3)OC2)cn1,6.19
COc1cc(N)c(Cl)cc1C(=O)NC[C@@H]1CCN(Cc2ccccc2)C1,6.19
CC(C)(C)c1nc(N2CCN(CCCCn3cc(C(F)(F)F)c(=O)[nH]c3=O)CC2)cc(C(F)(F)F)n1,6.19
c1ccc(CN2CCC3(CCCc4ccccc43)CC2)cc1,6.19
Cl.Fc1ccc(CCCCN2CCN(c3cccc(-c4ccccc4)n3)CC2)cc1,6.19
O=C1COc2ccccc2N1CCCN1CCC(n2c(=O)[nH]c3ncccc32)CC1,6.19
Cn1cc2c(C(=O)NN3CCC(F)(CCN4CCc5sc(OCC(F)(F)F)nc5C4)CC3)cccc2n1,6.19
O=C1c2ccc(F)cc2CC1CCN1CCCN(c2ccccn2)CC1,6.19
Cl.O=C1C(c2ccccc2)=COC12CCN(CC1CCCCC1)CC2,6.19
CC(=O)c1sc(NC(=O)N[C@@H]2CN(C(C)=O)CC[C@H]2CN2CCC[C@@H](Cc3ccc(F)cc3)C2)nc1C,6.19
Cc1nc2c(o1)CCCN(CCN1CCC(c3noc4ccccc34)CC1)C2=O,6.19
CCCN(CCN1CCN(c2ccccc2)CC1)C1CCc2cc(O)ccc2C1,6.19
O=C(CC1CCOCC1)N[C@H]1CC[C@H](CCN2CCC(c3cccc4c3CCO4)CC2)CC1,6.19
C[C@@H]1c2ccccc2C=C(C2=CCN(C)CC2)c2ccccc21,6.19
Cc1ncc(CC(=O)N[C@H]2CC[C@H](CCN3CCc4sc(OCC(C)(F)F)nc4C3)CC2)o1,6.19
O=C(c1ccc(Cl)c(Cl)c1)N1CCC(F)(CNCCOc2cccc3cccnc23)CC1,6.19
O=C(/C=C/c1ccccc1)NCCCCN1CCN(C(c2ccccc2)c2ccccc2)CC1,6.19
COc1ccc2c(c1)[C@H]1OCCN(CCCCNC(=O)c3ccc4ccccc4c3)[C@@H]1CO2,6.19
Cc1cc(-c2cc(N3CCN(C)CC3)nc3c2ccn3S(=O)(=O)CC(C)C)c(C)s1,6.19
COc1ccc2c(c1)CC(NC(=O)CCN1CCN(c3ccccc3OC)CC1)CC2.Cl.Cl,6.19
CC(C)(C)c1nc(N2CCN(CCCCNC(=O)N3CCN(c4ccc(Cl)cc4)CC3)CC2)cc(C(F)(F)F)n1,6.19
O=S(=O)(CC1CCN(CCCc2noc3cc(F)ccc23)C1)c1cccc(F)c1,6.19
CN1CCN(C2=Nc3cc(Cl)ccc3N(N)c3ccccc32)CC1,6.19
Cn1c(SCCCN2CC[C@]3(CC3c3ccc(C(F)(F)F)cc3)C2)nnc1-c1ccc(=O)[nH]c1,6.19
O=C(CCCN1CCc2ccccc2C1)c1ccccc1,6.19
Fc1ccc(CCN2CCC3(C=Cc4cc(F)ccc4O3)CC2)c(F)c1,6.19
Cc1cc(C2CCN(Cc3ccccc3)CC2)[nH]n1,6.19
Cn1cc2c(C(=O)NN3CCC(CCN4CCc5sc(OCC(F)(F)F)nc5C4)CC3)ccc(F)c2n1,6.19
c1ccc2c(c1)CCN(Cc1c[nH]c3ncccc13)C2,6.19
O=C(CCCCN1CCC(c2ccccc2)CC1)c1nc2ccccc2s1,6.19
O=C(N[C@H]1CC[C@H](CCN2CCc3ccc(OCC(F)F)nc3CC2)CC1)c1cccnc1C(F)F,6.19
O=C(N[C@H]1CC[C@H](CCN2CCc3sc(OCC(F)(F)F)nc3C2)OC1)c1cccc2ncccc12,6.19
Nc1ccc2c(c1)C(O)C(CCN1CCC(C(=O)c3ccc(F)cc3O)CC1)CC2,6.19
NC(=O)c1cccc(S(=O)(=O)C2CCN(CCc3ccc(F)cc3F)CC2)c1,6.19
O=C(N[C@H]1CC[C@H](CCN2CCc3sc(OCC(F)(F)F)nc3C2)CC1)c1cccc2ncccc12,6.19
CC(C)(C)c1nc(N2CCN(CCCCNC(=O)N3CCc4ccccc4CC3)CC2)cc(C(F)(F)F)n1,6.19
Cc1cc2occc2c(N2CCN(CC[C@H]3CC[C@H](NC(=O)CC4CCOCC4)CC3)CC2)n1,6.19
Cc1sc(C)c2c1CCCc1cn(C)nc1-2,6.19
CCCC(Sc1cc(Cl)cc(Cl)c1)c1nc(N)nc(N2CCN(C)CC2)n1,6.18
O=C(NCCCCN1CCCN(C(c2ccccc2)c2ccccc2)CC1)c1cccs1,6.18
N#Cc1ccc2[nH]cc(CCCCN3CCN(c4ccc5oc(C(N)=O)cc5c4)CC3)c2c1,6.18
CCOc1ccc(F)cc1C1CC1CNCCCSc1nnc(-c2ccccc2)n1C.Cl,6.18
Cn1c(SCCCN2CC[C@]3(C[C@@H]3c3ccc(F)cc3)C2)nnc1-c1cccnc1,6.18
COc1ccc2c3c(c(=O)oc2c1OC)CN(Cc1ccccc1)CC3,6.18
CCCN1CCN(c2cccc(S(C)(=O)=O)c2)CC1,6.18
CN1CCN2c3cccc4[nH]cc(c34)CC2C1,6.18
COc1cccc(OCCN2CCN(C(=O)c3nc4ccccc4[nH]3)CC2)c1,6.18
CCCN(CC[C@]1(O)C[C@@H](NC(=O)c2ccc3ccccc3c2)C1)C1CC1c1ccc(Cl)cc1,6.18
CCCN1CCc2cccc3c2C1Cc1cccc(OCc2cn(CCCCN4CCN(c5ccccc5OC)CC4)nn2)c1-3,6.18
CC(C)CC(=O)N[C@H]1CC[C@H](CCN2CCN(c3nccc4c3CCO4)CC2)CC1,6.18
O=C(NCCCCN1CCO[C@@H]2c3ccccc3OC[C@H]21)c1cccc(Cl)c1,6.18
Cn1c(SCCCN2C[C@H]3CCN(c4ccccc4C(F)(F)F)[C@H]3C2)nnc1-c1cnccn1,6.18
CNCCCC12CCC(c3ccccc31)c1ccccc12,6.18
CC([Se]c1ccccc1)c1nc(N)nc(N2CCN(C)CC2)n1,6.18
Cc1ncc(OCC(=O)N[C@H]2CC[C@H](CCN3CCc4nc(OCC(F)(F)F)sc4CC3)OC2)cn1,6.17
CN1C2CCC1CC(OC1c3ccccc3Cc3ccccc31)C2,6.17
C/C(=C\CN1CCN(c2cc(C(F)(F)F)nc(C(C)(C)C)n2)CC1)CN1C(=O)CCc2ccccc21,6.17
O=C(Cc1ccc2c(c1)OCO2)N[C@H]1CC[C@H](CCN2CCN(c3cccc4c3OCO4)CC2)CC1,6.17
CN1CCN(c2nc(N)nc(COc3cccc(Cl)c3)n2)CC1,6.17
Cn1c(SCCCN2C[C@H]3CCN(c4ccc(C(F)(F)F)cc4)[C@H]3C2)nnc1C1CCC(O)CC1,6.17
COc1ccc(CN2CCN(CC(=O)N3c4ccccc4C[C@H]3C)CC2)cc1,6.17
O=C(CC1CCOCC1)N[C@H]1CC[C@H](CCN2CCN(c3nccc4occc34)CC2)CC1,6.17
COCC(=O)N[C@H]1CC[C@H](CCN2CCC(c3cccc4c3CCO4)CC2)CC1,6.17
Cn1c(SCCCN2C[C@H]3CCN(c4ccccc4C(F)(F)F)[C@H]3C2)nnc1-c1ccncc1,6.17
CC1c2ccccc2C=C(C2=CCN(C)CC2)c2ccccc21,6.17
CC(C)(C)c1nc(N2CCN(CCCCNC(=O)N3CCCC(c4ccccc4)CC3)CC2)cc(C(F)(F)F)n1,6.17
O=C(CCCCCN1CCN(c2ccccc2[N+](=O)[O-])CC1)NC1CCCc2ccccc21,6.17
COc1cccnc1OCCNCC1(F)CCN(C(=O)c2ccc(F)c(Cl)c2)CC1,6.17
CSc1ccccc1OCCNCC1(F)CCN(C(=O)c2ccc(Cl)c(Cl)c2)CC1,6.17
CC1c2ccccc2C=C(C2=CCN(C)CC2)c2ccccc21.Cl,6.17
CO[C@H](C)C(=O)N[C@H]1CC[C@H](CCN2CCN(c3nccc4c3CCO4)CC2)CC1,6.17
Clc1ccc(CN2CC=C(c3nc4ccccc4[nH]3)CC2)cc1,6.17
N#Cc1ccccc1S(=O)(=O)C1CCN(CCc2ccc(F)cc2F)CC1,6.17
CN1CCc2cccc3c2C1Cc1ccc(N)cc1-3,6.17
CCCCC1CCN(CCCN2C(=O)CCc3ccccc32)CC1,6.17
Clc1ccc2nc(CN3CCN(c4ccc(Cl)c(Cl)c4)CC3)cn2n1,6.17
Cc1cc(N2CCN(CCCCNC(=O)N3CCC(n4c(=O)[nH]c5ccccc54)CC3)CC2)nc(C(C)(C)C)n1,6.17
O=C(NCCCN1CCN(c2ccc(I)cc2)CC1)NN(Cc1ccccc1)c1ccccc1,6.17
COc1ccccc1N1CCN(CC(O)CCNC(=O)c2cnc3ccc(F)cc3c2)CC1,6.17
COc1cccc(C(=O)NCCCCN2CCN(c3ccccc3OC)CC2)c1,6.17
Cn1c(SCCCN2C[C@@H]3CCN(c4ccc(C(F)(F)F)cc4)[C@@H]3C2)nnc1C1CCC(O)CC1,6.17
Nc1ccc(CCCCN2CCN(c3ccccn3)CC2)cc1,6.17
COc1ccccc1N1CCNCC1,6.17
c1ccc(-c2ccc(CNCCc3c[nH]c4ccccc34)o2)cc1,6.17
COc1cccc2nc(CCCN3CCC(c4ccccn4)CC3)sc12,6.17
Cc1ncoc1-c1nnc(SCCCN2CC[C@]3(CC3c3ccccc3)C2)n1C,6.17
CCCN(CCCCNC(=O)c1ccc2ccccc2c1)C[C@@H]1C[C@H]1c1cccc(Cl)c1Cl.Cl,6.17
CCCN(CCCCn1cc(-c2ccc(-c3ccccc3)cc2)nn1)C1CC=C(C#C[Si](C)(C)C)CC1,6.17
CC(C)(C)c1nc(N2CCN(CCCCNC(=O)c3cc4cccnc4s3)CC2)cc(C(F)(F)F)n1,6.17
Cc1ncc(/C=C/C(=O)N[C@H]2CC[C@H](CCN3CCc4nc(OC5CC(F)(F)C5)sc4CC3)CC2)cn1,6.17
Cc1ncc(OCC(=O)N[C@H]2CC[C@H](CCN3CCc4sc(C5CC(F)(F)C5)nc4C3)CC2)cn1,6.17
Cc1ncc(CC(=O)N[C@H]2CC[C@H](CCN3CCc4nc(OCCC(F)(F)F)sc4CC3)CC2)o1,6.17
O=C(CN1CCN(Cc2ccc(Cl)cc2)CC1)N1CCc2ccccc21,6.16
CN[C@@H]1CCc2[nH]c3ccc(C(N)=O)cc3c2C1.O.O=C(O)CCC(=O)O,6.16
Cn1cc2c(n1)C(=O)N(CCN1CCN(c3nsc4ccccc34)CC1)CCC2,6.16
O=C(CCCN1CCN(c2ccccn2)CC1)c1ccc2c(c1)CCC2,6.16
CCCCNC1CCc2c(cccc2OC)C1,6.16
Cc1ncc(CC(=O)N[C@H]2CC[C@H](CCN3CCc4ccc(CCC(F)(F)F)nc4CC3)CC2)s1,6.16
CC(O)CN1CCN(CCSC(c2ccc(F)cc2)c2ccc(F)cc2)CC1,6.16
COc1cc2c(cc1O)CN(CCCCNC(=O)c1ccc3ccccc3c1)CC2,6.16
Clc1ccc(-c2cc(C3CCN(Cc4ccccc4Cl)CC3)[nH]n2)cc1,6.16
COc1cc2c(cn1)CCN(CCN1CCN(c3nsc4ccccc34)CC1)C2=O,6.16
Cn1c(SCCCN2CC[C@]3(C[C@@H]3c3ccc(C(F)(F)F)cc3)C2)nnc1C1CCOCC1,6.16
Cn1cnc2c1C(=O)N(CCN1CCN(c3nsc4ccccc34)CC1)CCC2,6.16
c1ccc(CCN2CCC3(CCc4c3n[nH]c4-c3ccccc3)CC2)cc1,6.16
Cc1ncoc1-c1nnc(SCCCN2CC3CCCN(c4cccc(C#N)c4)C3C2)n1C,6.16
Cn1c(=O)c2c(nc3n(CCCCN4CCN(c5ccccc5O)CC4)ccn23)n(C)c1=O,6.16
COc1ccc(OCCCN2CCN(C(=O)c3cc4ccccc4[nH]3)CC2)cc1,6.16
CC(=O)N1CCC(c2nnc(SCCCN3CC4CCN(c5ccc(C(F)(F)F)cc5)C4C3)n2C)CC1,6.16
Cn1cc2c(n1)CCN(CCN1CCC(c3noc4ccccc34)CC1)C2=O,6.16
O=C(C[C@H]1COCCO1)N[C@H]1CC[C@H](CCN2CCC(c3cccc4c3CCO4)CC2)CC1,6.16
Cc1nc(CC(=O)N[C@H]2CC[C@H](CCN3CCc4ccc(CCC(F)(F)F)nc4CC3)CC2)cs1,6.16
COc1ccc(C2CCN(Cc3ccc4c(c3)NC(=O)CO4)CC2)cc1,6.16
N#Cc1ccc(CNC(=O)CCOCCN2CCN(c3ncccc3-c3ccc(F)cc3)CC2)cc1,6.16
N#Cc1ccc2c(c1)CN(C[C@@H]1C[C@H]1CNC(=O)c1cc3ccccc3[nH]1)CC2,6.16
Cn1c(SCCCN2CC[C@]3(C[C@@H]3c3ccc(C(F)(F)F)cc3)C2)nnc1-c1ccc(C#N)nc1,6.16
O=C1CC2(CCCC2)CC(=O)N1CCN1CCN(c2cc(F)c(F)cc2F)CC1,6.16
O=C(CC(F)(F)F)N[C@H]1CC[C@H](CCN2CCN(c3nccc4c3CCO4)CC2)CC1,6.16
COc1ccc2c(c1)[C@H]1OCCN(CCCCNC(=O)C3CCCCC3)[C@@H]1CO2,6.16
CC(C)=C1c2ccc(Cl)cc2C=C(N2CCN(C)CC2)c2ccccc21,6.16
Cn1cc(CC(=O)N[C@H]2CC[C@H](CCN3CCc4nc(OCC(C)(F)F)sc4CC3)CC2)cn1,6.16
COc1ccc(C(=O)NCCCCN2CCO[C@@H]3c4cc(OC)ccc4OC[C@H]32)cc1,6.16
O=C(Nc1ccc2[nH]cc(C3CCN(CCCCCCCN4CCC(c5c[nH]c6ccc(NC(=O)c7ccc(F)cc7)cc56)CC4)CC3)c2c1)c1ccc(F)cc1,6.16
Cn1cc2c(C(=O)N[C@H]3CC[C@H](CCN4CCc5nc(OCC(C)(F)F)sc5CC4)OC3)cccc2n1,6.16
CCN1CCN(C2=Nc3cc(Cl)ccc3N(NC(=O)c3ccccc3Cl)c3ccccc32)CC1,6.15
COc1cc(C(=O)NCCCCN2CCO[C@@H]3c4ccccc4OC[C@H]32)cc(OC)c1OC,6.15
CN1CCc2ccccc2Cc2ccn(C)c2CC1,6.15
O=C1c2nc(F)ccc2CCN1CCN1CCC(c2noc3ccccc23)CC1,6.15
COc1cccc2cc(CNCCCCOc3ccc4ccc(=O)[nH]c4c3)sc12,6.15
Cc1ccc(CN2CCN(CC(=O)N3c4ccccc4C[C@H]3C)CC2)cc1F,6.15
CCOC(=O)[C@@H]1CCCN(CCCC(C)(C)S(=O)(=O)c2ccccc2)C1,6.15
CCCc1cc2c(s1)CN[C@@H]1CCc3cc(O)c(O)cc3[C@@H]21,6.15
N#CCC(=O)N[C@H]1CC[C@H](CCN2CCN(c3nccc4c3CCO4)CC2)CC1,6.15
O=C(NCCCCN1CCC(N(Cc2ccccc2)c2ccccc2)CC1)c1ccc2ccccc2c1,6.15
COc1c(C(=O)NCCN2CCN(c3cccc(Cl)c3)CC2)cc(Br)c2ccccc12,6.15
CCC(C)C(=O)N[C@H]1CC[C@H](CCN2CCN(c3nccc4c3CCO4)CC2)CC1,6.15
CC(C)(C)c1nc(N2CCN(CCCCNC(=O)N3CCC(n4c(=O)[nH]c5ccccc54)CC3)CC2)cc(C(F)(F)F)n1,6.15
Clc1ccc(N2CCN(Cc3cn4nc(N5CCCCC5)ccc4n3)CC2)cc1Cl,6.15
Cc1ncoc1-c1nnc(SCCCN2CC[C@@]3(C[C@@H]3c3ccccc3)C2)n1C,6.15
CC(C)(C)c1nc(N2CCN(CCCCNC(=O)N3CCN(c4cccc(C#N)c4)CC3)CC2)cc(C(F)(F)F)n1,6.15
CN1CCc2cc(Br)c(O)cc2C(c2ccc(Nc3ccc([N+](=O)[O-])c4nonc34)cc2)C1,6.15
CC(C)C(=O)N[C@H]1CC[C@H](CCN2CCN(c3nccc4c3CCO4)CC2)CC1,6.15
COC1=CC2C[C@@H]3c4cc(O)c(OC)cc4CCN3CC2C=C1O,6.15
O[C@H](COc1ccccc1)CN1CCC(Oc2ccccc2)CC1,6.15
Cc1nc2c(o1)C(=O)N(CCN1CCN(c3nsc4ccccc34)CC1)CCC2,6.15
CCN(CCN1CCC(c2noc3cc(F)ccc23)CC1)C(=O)CO,6.15
O=C(NCC[C@H](O)CN1CCN(c2cccc(Cl)c2Cl)CC1)c1cc2ccccc2[nH]1,6.15
Cc1nc(N)[nH]c1-c1ccc2ccn(S(=O)(=O)c3ccccc3)c2c1.Cl,6.15
COc1ccccc1N1CCN(CC(O)CN2C(=O)NC(C)(c3ccc(F)cc3)C2=O)CC1,6.15
Fc1ccc(CCN2CCC3(CCc4c(F)cccc4O3)CC2)c(F)c1,6.15
O=C(O)C(=O)O.c1ccc(N2CCN(CCCN3CCCc4ccccc43)CC2)cc1,6.15
COc1ccccc1N1CCN(CC(O)CCNC(=O)c2cnc3ccc(C)cc3c2)CC1,6.15
Cn1c(SCCCN2CC[C@]3(CC3c3ccc(C(F)(F)F)cc3F)C2)nnc1C1CCOCC1,6.15
Cn1c(SCCCN2CC3CCN(c4ccc(C(F)(F)F)cc4)C3C2)nnc1-c1cccnc1,6.14
COc1ccccc1N1CCN(CCCCc2cc(-c3cccs3)no2)CC1.Cl,6.14
O=c1[nH]c2cccc(OCC3CCN(CCC4CCc5[nH]c6ccc(F)cc6c5C4)CC3)c2o1,6.14
O=C(N[C@H]1CC[C@H](CCN2CCC(c3cccc4c3CCO4)CC2)CC1)C1CCOCC1,6.14
Cc1ncc(CC(=O)N[C@H]2CC[C@H](CCN3CCc4nc(OCC(F)(F)F)sc4CC3)CC2)s1,6.14
C[C@H]1c2ccccc2C=C(C2=CCN(C)CC2)c2ccccc21,6.14
CCC(Oc1cc(Cl)cc(Cl)c1)c1nc(Nc2ccncc2)nc(N2CCN(C)CC2)n1,6.14
O=C(c1ccc(F)cc1)C1CCN(CCC2CCc3occc3C2=O)CC1,6.14
CN1CCN(c2nc(N)nc(C(C)(C)Sc3ccccc3Cl)n2)CC1,6.14
O=C(NCCCCN1CCO[C@@H]2c3ccccc3OC[C@H]21)c1ccc2ccccc2c1,6.14
O=C(NCCCCN1CCO[C@@H]2c3ccccc3OC[C@H]21)C1CCCCC1,6.14
Cc1nc2c(o1)C(=O)N(CCN1CCC(c3noc4ccccc34)CC1)CCC2,6.14
C/C=C1/c2ccccc2C=C(N2CCN(C)CC2)c2ccccc21,6.14
Cn1cc(CC(=O)N[C@H]2CC[C@](F)(CCN3CCc4nc(OCC(F)(F)F)sc4CC3)CC2)c(F)n1,6.14
O=S(=O)(NC1CCN(CCOc2cccc(F)c2)C1)c1cccs1,6.14
Cc1ncc(OCC(=O)N[C@H]2CC[C@H](CCN3C[C@@H]4C[C@]4(c4cc(C5CC5)on4)C3)CC2)cn1,6.14
Cn1cc(CC(=O)N[C@H]2CC[C@H](CCN3C[C@@H]4C[C@]4(c4cc(C5CC5)on4)C3)CC2)cn1,6.14
Cn1c(SCCCN2CC[C@]3(C[C@@H]3c3ccc(C(F)(F)F)cc3F)C2)nnc1-c1cccnc1,6.14
O=C(CC1COCCO1)N[C@H]1CC[C@H](CCN2CCC(c3cccc4c3CCO4)CC2)CC1,6.14
Cc1ncoc1-c1nnc(SCCCN2CC[C@]3(C[C@@H]3c3ccccc3)C2)n1C,6.14
CS(=O)(=O)Oc1ccc(CNC(=O)CCCCCN2CCN(c3ccccc3-c3ccccc3)CC2)cc1,6.14
O=C(C[C@@H](O)C(F)(F)F)N[C@H]1CC[C@H](CCN2CCN(c3nccc4c3CCO4)CC2)CC1,6.14
Cn1ncc(CC(=O)N[C@H]2CC[C@H](CCN3CCc4sc(OCC(C)(F)F)nc4C3)CC2)n1,6.14
Cc1ncsc1-c1nnc(SCCCN2CC3CCN(c4ccc(C(F)(F)F)cc4)C3C2)n1C,6.14
Cn1c(SCCCN2CC3CCN(c4c(F)cccc4F)C3C2)nnc1-c1ccc(C(N)=O)nc1,6.14
O=C(Cc1ccc2c(c1)OCO2)N[C@H]1CC[C@H](CCN2CCC(c3cccc4c3CCO4)CC2)CC1,6.14
Cn1c(N2CCOCC2)nc2c(CN3CCN(c4ccccc4)CC3)c[nH]c2c1=O,6.14
COc1ccccc1N1CCN(CCCCCC(=O)N2Cc3ccccc3C2)CC1,6.14
CCc1cc(C23CC2CN(CC[C@H]2CC[C@H](NC(=O)c4cccc5nn(C)cc45)CC2)C3)no1,6.14
O=C(O)C(=O)O.c1ccc(N2CCN(CCCn3ccc4ccccc43)CC2)cc1,6.14
c1ccc(C2=N[C@@H](CN3CCN(c4ccccc4)CC3)CS2)cc1,6.14
Cc1nn(C)c2c1C(=O)N(CCN1CCN(c3noc4ccccc34)CC1)CCC2,6.13
Cn1cc2c(n1)C(=O)N(CCN1CCC(c3noc4ccccc34)CC1)CC2,6.13
CC(C)(C)c1nc(N2CCN(CCCCNC(=O)N3CCN(c4ccccc4Cl)CC3)CC2)cc(C(F)(F)F)n1,6.13
CC(F)(F)COc1nc2c(s1)CCN(CC[C@]1(F)CC[C@@H](NC(=O)c3cccnc3C(F)F)CC1)CC2,6.13
CCOc1cccc2cc(CNCCCCCOc3ccc4ccc(=O)[nH]c4c3)oc12,6.13
COc1ccc2c(c1)[C@H]1OCCN(CCCCNC(=O)c3cccnc3)[C@@H]1CO2,6.13
Cn1ncc(CC(=O)N[C@H]2CC[C@H](CCN3CCc4nc(OCC(F)(F)F)sc4CC3)CC2)n1,6.13
Cc1ncc(CC(=O)N[C@H]2CC[C@H](CCN3CCc4nc(OCC(F)(F)F)sc4CC3)CC2)o1,6.13
CC(C)(C)OC(=O)N[C@H]1CC[C@H](CCN2CCc3ccccc3C2)CC1,6.13
CCc1nn(CCCN2CCN(c3cccc(Cl)c3)CC2)c(=O)n1CCOc1ccccc1.Cl,6.13
C[C@@H]1Cc2ccccc2N1C(=O)CN1CCN(Cc2cccc(Cl)c2)CC1,6.13
CN1CCN(c2nc(N)nc(CSc3ccccc3)n2)CC1,6.13
COc1ccc2c(c1)[C@H]1OCCN(CCCCNC(=O)c3cc4ccccc4[nH]3)[C@@H]1CO2,6.13
Cc1cccc(OCc2nc(N)nc(N3CCN(C)CC3)n2)c1,6.13
c1ccc2c(c1)CC(CN1CCN(c3ccc4c(c3)OCCO4)CC1)C2,6.13
CC(C)(C)c1nc(N2CCN(CCCCNC(=O)N3CCN(c4ccccn4)CC3)CC2)cc(C(F)(F)F)n1,6.13
COc1ccc(C[C@H](C)CN2C[C@@H]3CCCC[C@@H]3[C@H](C(=O)N3CCN(c4ccc(F)c(F)c4)CC3)C2)cn1.O=C(O)/C=C/C(=O)O,6.13
COc1ccc(OCCN2CCN(C(=O)c3cc4c(C)cccc4[nH]3)CC2)cc1,6.13
O=C(CCO)N[C@H]1CC[C@H](CCN2CCN(c3nccc4c3CCO4)CC2)CC1,6.13
N#Cc1cccc(N2CCN(CCCCNC(=O)c3ccc(-c4ccsc4)cc3)CC2)c1,6.13
COc1ccc2oc(N3CCN(CCCCNC(=O)c4cc5cccc(OC)c5o4)CC3)nc2c1,6.1249387366083
COc1ccc2onc(N3CCN(CCCCNC(=O)c4cc5ccccc5oc4=O)CC3)c2c1,6.1249387366083
COc1ccc2onc(N3CCN(CCCCNC(=O)c4cc5cccc(OC)c5o4)CC3)c2c1,6.1249387366083
COc1ccc2onc(N3CCN(CCCCNC(=O)c4ccc5nccnc5c4)CC3)c2c1,6.1249387366083
COc1cccc2cc(C(=O)NCCCCN3CCN(c4nc5ccccc5[nH]4)CC3)oc12,6.1249387366083
COc1ccc2onc(N3CCN(CCCCNC(=O)c4cc(-c5ccco5)[nH]n4)CC3)c2c1,6.1249387366083
COc1ccc2onc(N3CCN(CCCCNC(=O)c4ccc5nonc5c4)CC3)c2c1,6.1249387366083
COc1ccc2onc(N3CCN(CCCCNC(=O)c4ccc(N5CCOCC5)cc4)CC3)c2c1,6.1249387366083
COc1ccc2onc(N3CCN(CCCCNC(=O)c4ccc(-n5ccnc5)cc4)CC3)c2c1,6.1249387366083
COc1ccc2onc(N3CCN(CCCCNC(=O)c4ccc5c(c4)OCO5)CC3)c2c1,6.1249387366083
Fc1ccc(SCCCN2CCCN(c3ccc(Cl)cc3)CC2)cc1,6.12
CCCN(CCC)C1COc2c(cccc2-c2ccc(C(F)(F)F)cc2)C1,6.12
CC(Oc1ccc(Cl)c(Cl)c1)c1nc(N)nc(N2CCN(C)CC2)n1,6.12
CN1CCc2cc(Cl)c(O)cc2[C@H]2c3cccc(-c4ccncc4)c3CC[C@@H]21,6.12
CN1CCN(C2=Nc3ccccc3N(NC(=O)c3cc(F)c(F)c(F)c3F)c3ccc(Cl)cc32)CC1,6.12
Oc1ccc(-c2ccc(CNCCc3c[nH]c4ccccc34)o2)cc1,6.12
Cc1ncsc1-c1nnc(SCCCN2CC[C@]3(C[C@@H]3c3ccc(C(F)(F)F)cc3)C2)n1C,6.12
O=C1c2ccc(F)cc2CC1CCN1CCc2ccccc2C1,6.12
CCN1CCc2cc(OCCF)cc3c2[C@H]1Cc1cccc(O)c1-3,6.12
C=CCOc1c(OC)cc2c3c1-c1cc(N)ccc1CC3N(C)CC2,6.12
Cc1noc2ccn(CCN3CCC(c4noc5ccccc45)CC3)c(=O)c12,6.12
Fc1ccc(CCN2CCC3(CCc4ccccc4O3)CC2)c(F)c1,6.12
CCc1ccc(CN2CCN(CC(=O)N3c4ccccc4CC3C)CC2)cc1,6.12
Cl.OC1(c2ccc(Cl)cc2)CCN(CCCc2nc3ccccc3s2)CC1,6.12
CCn1cc2c(n1)CCN(CCN1CCN(c3nsc4ccccc34)CC1)C2=O,6.12
O=C(O)C(=O)O.O=C1CCc2ccccc2N1CCCN1CCN(c2cccc(Cl)c2)CC1,6.12
O=C(CC1COC1)N[C@H]1CC[C@H](CCN2CCN(c3nccc4c3CCO4)CC2)CC1,6.12
CO[C@H]1CC[C@H](CC(=O)N[C@H]2CC[C@H](CCN3CCN(c4cccc5c4OCO5)CC3)CC2)CC1,6.12
COc1cccc(N2CCN(C(=O)NCCCCN3CCN(c4cc(C(F)(F)F)nc(C(C)(C)C)n4)CC3)CC2)c1,6.12
CC(C)(C)c1nc(N2CCN(CCCCNC(=O)N3CCN(c4cccc(Cl)c4Cl)CC3)CC2)cc(C(F)(F)F)n1,6.12
O=C(NCCCCN1CCN(c2ccc(Cl)cc2Cl)CC1)c1ccc(-c2ccsc2)cc1,6.12
Br.COc1ccc(N2CCN(C[C@H]3C[C@@H]3c3ccccc3)CC2)cc1,6.12
O=C(N[C@H]1CC[C@H](CCN2CCN(c3nccc4c3CCO4)CC2)CC1)C1CCCOC1,6.12
O=C1c2ccccc2CN1CCCCN1CCN(c2ccc(Cl)cc2)CC1,6.12
CN(C)CCc1cccc2c1cc(C(=O)c1ccccc1)n2S(=O)(=O)c1ccccc1,6.12
Cl.c1ccc([C@H]2C[C@@H]2CN2CCN(c3ncccn3)CC2)cc1,6.12
COc1ccccc1N1CCN(Cc2cn(CCOCCF)nn2)CC1,6.12
COc1ccccc1N1CCN(CCC(=O)NC2CCc3c(cccc3OC)C2)CC1,6.12
Cc1cnc(CC(=O)NC23CCC(CCN4CCc5ccc(OCC(C)(F)F)nc5CC4)(CC2)CC3)o1,6.12
CCCN1CCOC2c3cc(C(N)=O)ccc3CCC21,6.12
CCc1ccc(CN2CCN(CC(=O)N3c4ccccc4C[C@H]3C)CC2)cc1,6.12
COc1cc(CN2CCN(c3ccc(Cl)cc3)CC2)c(OCCF)cc1OC,6.12
CN1C2CCC1CC(OC(c1ccc(F)cc1)c1ccc(F)cc1)C2.Cl,6.12
O=C1c2cncnc2CCN1CCN1CCN(c2nsc3ccccc23)CC1,6.11
COc1cccc(C(=O)NCCCCN2CCN(c3nccc4ccccc34)CC2)c1,6.11
N#Cc1cccnc1N1CCN(CCCN2CCN(c3ccccc3)CC2)CC1,6.11
COc1ccc2ncc(C(=O)NCCC(O)CN3CCN(c4ccccc4OC)CC3)cc2c1,6.11
COc1ccccc1N1CCN(CCCCNC(=O)c2ccc(-c3cn(Cc4ccc(-c5ccc(Cn6cc(-c7ccc(C(=O)NCCCCN8CCN(c9ccccc9OC)CC8)cc7)nn6)cc5)cc4)nn3)cc2)CC1,6.11
O=C1c2nc(Cl)ccc2CCN1CCN1CCC(c2noc3ccccc23)CC1,6.11
CCCCCCCCCC(=O)N1c2ccc(Cl)cc2N=C(N2CCN(C)CC2)c2ccccc21,6.11
CCc1cc([C@]23C[C@H]2CN(CC[C@H]2CC[C@H](NC(=O)Cc4ncc(C)o4)CC2)C3)no1,6.11
CCC(=O)N[C@H]1CC[C@H](CCN2CCN(c3nccc4occc34)CC2)CC1,6.11
Cc1cnc(CC(=O)N[C@H]2CC[C@H](CCN3CCc4sc(CCC(F)(F)F)nc4C3)CC2)o1,6.11
O=C(NCCCCN1CCO[C@@H]2c3ccccc3OC[C@H]21)c1cc2ccccc2[nH]1,6.11
Cc1ccc2c(n1)C(=O)N(CCN1CCC(c3noc4ccccc34)CC1)CC2,6.11
COc1ccc2c(n1)C(=O)N(CCN1CCC(c3noc4ccccc34)CC1)CC2,6.11
COCCC(=O)NC1CCC(CCN2C[C@@H]3CCN(c4ccc(C(F)(F)F)cc4)[C@@H]3C2)CC1,6.11
O=C(N[C@H]1CC[C@H](CCN2CCN(c3nccc4c3CCO4)CC2)CC1)C(F)(F)F,6.11
Cn1cc2c(C(=O)N[C@H]3CC[C@H](CCN4CCc5ccc(OCC(C)(C)F)nc5CC4)CC3)cccc2n1,6.11
CCCN1CCc2cccc3c2[C@H]1Cc1cccc(OCCCn2cc(CCN4CCN(c5ccccc5OC)CC4)nn2)c1-3,6.11
Cc1ccc2c3c(c(=O)oc2c1)CN(Cc1ccccc1)CC3,6.11
Cn1c(SCCCN2C[C@@H]3CCN(c4ccc(F)cc4F)[C@@H]3C2)nnc1-c1cnccn1,6.11
CCCN1CCO[C@@H]2c3cc4c(cc3CC[C@H]21)CCNC4=O,6.11
Cc1nnc(CC(=O)N[C@H]2CC[C@H](CCN3CCc4nc(O[C@@H](C)C(F)(F)F)sc4CC3)CC2)o1,6.11
Cn1cc2c(C(=O)N[C@H]3CC[C@H](CCN4CCc5ccc(OC6CCC(F)(F)C6)nc5CC4)CC3)cccc2n1,6.11
O=C(NCCCCN1CCN(c2cccc(Cl)c2Cl)CC1)c1ccc(C#Cc2ccccc2)cc1,6.11
CCS(=O)(=O)N[C@H]1CC[C@H](CCN2CCN(c3nccc4occc34)CC2)CC1,6.11
Cn1ncc(CC(=O)N[C@H]2CC[C@](F)(CCN3CCc4nc(OCC(F)(F)C(F)F)sc4CC3)CC2)n1,6.11
Cn1cc2ccc(C(=O)N[C@H]3CC[C@H](CCN4CCc5nc(OCC(C)(F)F)sc5CC4)OC3)cc2n1,6.11
Cc1nc(CC(=O)N[C@H]2CC[C@H](CCN3CCc4sc(C5CC(F)(F)C5)nc4C3)CC2)no1,6.11
O=C(NCCCN1CCN(c2ccccc2)CC1)c1cccc2c1-c1ccccc1C2=O,6.11
O=C(NCCCCN(CCCN1CCN(c2ccccc2)CC1)C1CCc2ccc(O)cc2C1)c1ccccc1,6.11
Cc1cccc2cc(C(=O)N3CCN(CCOc4cccnc4)CC3)[nH]c12,6.11
CC(C)(C)c1nc(N2CCN(CCCCNC(=O)N3Cc4ccccc4C3)CC2)cc(C(F)(F)F)n1,6.11
Br.CC(C1CC1)N1CCC(C2CCc3ccccc3C2=O)CC1,6.11
O=C(NCCCCN1CCO[C@@H]2c3ccccc3OC[C@H]21)c1ccccc1,6.11
Fc1cccc2c1CC[C@@H](NCc1ccccc1)C2,6.11
CN(CCC(=O)N1CCN(c2ccc(F)c(F)c2)CC1)CCC1c2ccccc2-c2ccccc21.Cl,6.11
CN(C)S(=O)(=O)N[C@H]1CC[C@H](CCN2CCN(c3nccc4c3CCO4)CC2)CC1,6.11
COc1ccc(C2(C)NC(=O)N(CC(O)CN3CCN(c4ccccc4C#N)CC3)C2=O)cc1.Cl,6.11
O=C(Cc1ccccc1)Nc1cccc(C2CCN(CCCC(=O)c3ccc(Cl)cc3)CC2)c1,6.11
COc1ccc2c(c1)[C@H]1OCCN(CCCCNC(=O)c3cccc(Cl)c3)[C@@H]1CO2,6.11
CC(=O)N[C@H]1CC[C@H](CCN2CCN(c3nccc4c3CCO4)CC2)CC1,6.11
CCc1cc([C@]23C[C@H]2CN(CC[C@H]2CC[C@H](NC(=O)Cc4noc(C)n4)CC2)C3)no1,6.1
COc1ccccc1N1CCN(CC(O)CCn2cc(-c3ccc4[nH]ccc4c3)nn2)CC1,6.1
Cc1nc(N)sc1CCCN/C(N)=N/C(=O)N[C@@H](C)c1ccccc1,6.1
Cc1ccccc1N1CCN(C(=O)NCCCCN2CCN(c3cc(C(F)(F)F)nc(C(C)(C)C)n3)CC2)CC1,6.1
Cn1ncc2c1CCN(CCN1CCN(c3nsc4ccccc34)CC1)C2=O,6.1
Cn1ncc(CC(=O)N[C@H]2CC[C@](F)(CCN3CCc4ccc(OCC(F)F)nc4CC3)CC2)n1,6.1
CCCN(CCC)C1CCc2cc(CCc3ccc(/C(C)=N\O)cc3)ccc2C1,6.1
O=S(=O)(c1cccc(F)c1)C1(F)CCN(CCc2ccc(F)cc2F)CC1,6.1
Cn1cc(CC(=O)N[C@H]2CC[C@H](CCN3CCc4sc(OCC(C)(F)F)nc4C3)CC2)c(F)n1,6.1
CCCN(CCCCNC(=O)c1ccc(-c2ccccc2)cc1)C1CCc2c(cccc2OCC2CC2)C1,6.1
CC1CCN(CC[C@H]2CCCN2S(=O)(=O)c2cccc(Br)c2)CC1,6.1
Cc1ncoc1-c1nnc(SCCCN2CC[C@@]3(C[C@H]3c3ccccc3)C2)n1C,6.1
CO[C@@H]1CC[C@@H](CC(=O)N[C@H]2CC[C@H](CCN3CCN(c4nccc5occc45)CC3)CC2)C1,6.1
O=C(NCC[C@@H](F)CN1CCN(c2cccc(Cl)c2Cl)CC1)c1cc2ccccc2o1,6.1
O=C(c1cc2ccccc2[nH]1)N1CCN(CCOc2cncc(Cl)c2)CC1,6.1
O=c1[nH]c2c(O)ccc([C@@H](O)CNCCS(=O)(=O)CCCNCCc3cccc(Cl)c3)c2s1,6.1
O=S(=O)(c1ccccc1)n1ccc2c3c(ccc21)[C@H]1CCNCC[C@@H]31,6.1
CCCN1CCO[C@@H]2c3cc(C#N)ccc3CC[C@H]21,6.1
O=c1[nH]c2c(O)ccc([C@@H](O)CNCCCOCCOCCc3ccccc3)c2s1,6.1
Cn1c(SCCCN2CC3CCN(c4c(F)cccc4F)C3C2)nnc1-c1ccc(=O)[nH]c1,6.1
CC1(C(=O)NCCN2CCN(c3ccc(Cl)cc3)CC2)CCCCC1,6.1
COc1ccc(NS(=O)(=O)c2sc3ccc(Cl)cc3c2C)cc1N1CCN(C)CC1,6.1
Cl.N#Cc1ccc2c(c1)CCN(CC[C@H]1CC[C@H](NC(=O)c3cc4ccccc4[nH]3)CC1)C2,6.1
CO[C@@H](C)C(=O)N[C@H]1CC[C@H](CCN2CCN(c3nccc4c3CCO4)CC2)CC1,6.1
Clc1ccc(N2CCN(CCc3cc4ccc[nH]c-4n3)CC2)cc1,6.1
Cc1ncoc1-c1nnc(SCCCN2CC[C@@]3(C[C@@H]3c3ccc(F)cc3)C2)n1C,6.1
Cl.N#Cc1ccc2c(c1)CN(CCCCNC(=O)/C=C/c1c[nH]c3ccccc13)CC2,6.1
CCCN(CCC)[C@@H]1CCc2cc(CCc3ccc(C(C)=O)cc3)ccc2C1,6.1
Cc1ncc(CC(=O)N[C@H]2CC[C@H](CCN3CCc4sc(CCC(F)(F)F)nc4C3)CC2)o1,6.1
Cc1ccc2c(N3CCN(CCc4cccc(N5CCOC5=O)c4)CC3)cccc2n1,6.1
CCCCc1ccc(S(=O)(=O)Nc2ccc3c(c2)CNCC3)cc1,6.1
CCCN(CCC)C1CCc2cc(CN(C(=O)OC)c3ccc(OC)cc3)ccc2C1,6.1
CCCCc1ccc(S(=O)(=O)Nc2ccc3c(c2)CNC3)cc1,6.1
COc1cccc(CNCc2cccc(CCNC[C@H](O)c3ccc(O)c4[nH]c(=O)sc34)c2)c1,6.1
N#Cc1ccc2c(c1)CCN(CC[C@H]1CC[C@H](NC(=O)c3ccc4c(c3)NC(=O)CO4)CC1)CC2,6.1
CN(C)CCN(Cc1ccc(-c2ccc(CNCCc3ccccc3)cc2)cc1)C(=O)/C=C/c1ccccc1.O=C(O)C(F)(F)F,6.1
COC(=O)c1ccc(-c2nc3ccccc3n2Cc2ccc(Cl)cc2)cc1,6.1
CN1CCOc2c(C(=O)NC[C@@H]3CCCN3CCc3ccccc3)cc(Cl)cc21,6.1
CCS(=O)(=O)c1ccc(OC)c(-c2ccc(CN3CCCCCC3c3cccc(OC)c3)[nH]2)c1,6.1
Nc1nc2cc3c(cc2s1)CCN(CCO)CC3,6.1
C=CCN1C[C@@H](OCCCN)C[C@H]1CNC(=O)c1cc(CCCF)cc(OC)c1OC,6.1
O=c1[nH]c2c(O)ccc([C@@H](O)CNCCc3ccccc3CNCCc3ccccc3F)c2s1,6.1
COc1ccccc1N1CCN(CCCN2CCCc3ccccc3C2=O)CC1,6.1
COc1cc2ncnc(Nc3cccc(Cl)c3F)c2cc1OC(=O)N1CCN(C)C[C@H]1C,6.1
COc1cc2c(cc1O)CN(CCCCNC(=O)c1ccc(-c3ccccc3)cc1)CC2,6.1
Cc1ccc(N2CCN(C(=O)NCCCCN3CCN(c4cc(C(F)(F)F)nc(C(C)(C)C)n4)CC3)CC2)cc1,6.1
COc1ccc(Br)cc1-c1nc(CN2CCN(Cc3ccccc3)CC2)co1,6.1
Cc1nc(N)[nH]c1-c1cn(S(=O)(=O)c2ccccc2)c2ccccc12.Cl,6.1
CN(C)C(=O)c1ccc(CSc2nc3ccccc3n2Cc2ccc(Cl)cc2)cc1,6.1
CC(C)(C)C(=O)NCCCCN1CCN(c2ccccc2)CC1,6.1
CC(C)c1nc(C2CC2)cc(N2CCN(CCCCNC(=O)N3CCc4[nH]c5ccccc5c4C3)CC2)n1,6.1
COc1ccc(CNCc2cccc(CCNC[C@H](O)c3ccc(O)c4[nH]c(=O)sc34)c2)cc1,6.1
Cc1ccc2c(C(=O)N[C@H]3CC[C@H](CCN4CCc5ccc(S(C)(=O)=O)cc5CC4)CC3)ccc(F)c2n1.Cl,6.1
COC(C)CC(=O)N[C@H]1CC[C@H](CCN2CCN(c3nccc4c3CCO4)CC2)CC1,6.1
COc1cccc2c1CC[C@@H]1[C@@H]2CCCN1CCCCNC(=O)c1ccc(-c2ccccc2)cc1,6.1
O=C(NCCCCN1CCC[C@@H]2c3ccccc3CC[C@@H]21)c1ccc(-c2ccccc2)cc1,6.1
COCCNCc1cccc(CCNC[C@H](O)c2ccc(O)c3[nH]c(=O)sc23)c1,6.1
CN1CCN(C2=Nc3cc(Cl)ccc3N(NC(=O)c3ccccc3Br)c3ccccc32)CC1,6.1
CC(C)(C)c1nc(C2CC2)cc(N2CCN(CCCCNC(=O)N3CCc4c([nH]c5ccccc45)C3)CC2)n1,6.1
CN1CCN(c2nc(N)nc(C(C)(C)Oc3ccccc3Cl)n2)CC1,6.1
O=c1[nH]c2c(O)ccc([C@@H](O)CNCCSCCCNCCc3cccc(Cl)c3)c2s1,6.0999990348465305
COc1ccccc1CCNCc1cccc(CCNC[C@H](O)c2ccc(O)c3[nH]c(=O)sc23)c1,6.0999990348465305
Cc1cccc2c(CCNCc3ccc(CCNC[C@H](O)c4ccc(O)c5[nH]c(=O)sc45)cc3)c[nH]c12,6.0999990348465305
COc1ccc2c(c1)[C@H]1OCCN(CCCCNC(=O)c3cccs3)[C@@H]1CO2,6.09
CC(C)c1nc2c(o1)C(=O)N(CCN1CCC(c3noc4ccccc34)CC1)CC2,6.09
Oc1ccc(C2CNCCc3c2cc(O)c(O)c3Cl)cc1,6.09
CC(C)(C)c1nc(N2CCN(CCCCNC(=O)N3CCN(Cc4cccc(C#N)c4)CC3)CC2)cc(C(F)(F)F)n1,6.09
CC(Oc1cc(C(F)(F)F)ccc1C(F)(F)F)c1nc(N)nc(N2CCN(C)CC2)n1,6.09
Cc1ncc(CC(=O)N[C@H]2CC[C@](F)(CCN3CCc4nc(OCC(C)(F)F)sc4CC3)CC2)s1,6.09
O=C(N[C@H]1CC[C@H](CCN2CCC(c3cccc4c3CCO4)CC2)CC1)c1ccc2c(c1)OCO2,6.09
C#CCN(C)Cc1ccc(OCCCCCN2CCN(c3cccc4c3ccn4S(=O)(=O)c3ccccc3)CC2)cc1,6.09
COc1c2c(nn1C)CCN(CCN1CCN(c3nsc4ccccc34)CC1)C2=O,6.09
COc1ccccc1N1CCN(CC(O)CCn2cc(-c3ccc(-c4ccccc4)cc3)nn2)CC1,6.09
Cc1cc(OCC(=O)N[C@H]2CC[C@H](CCN3CCc4sc(N5CC(F)(F)C5)nc4C3)CC2)no1,6.09
CCN(CC)CCCOc1ccc(-c2nc3ccccc3n2C/C=C/Cn2c(-c3ccc(OCCCN4CCN(c5ccccc5)CC4)cc3)nc3ccccc32)cc1,6.09
CC(C)(C)c1nc(N2CCN(CCCCNC(=O)C3CCN(c4ccccc4)CC3)CC2)cc(C(F)(F)F)n1,6.09
COc1ccccc1C(=O)NCCN1CCN(c2ccccc2OC)CC1,6.09
Cc1ccc2c(c1)C(C1=C[C@H](C)N(C)CC1)=Nc1ccccc1N2,6.09
Cn1c(SCCCN2CC3CCN(c4c(F)cc(F)cc4F)C3C2)nnc1-c1ccc(C(N)=O)nc1,6.09
CCCN1CCC(c2coc3ccccc23)CC1,6.09
CCC(Oc1cc(Cl)ccc1F)c1nc(N)nc(N2CCN(C)CC2)n1,6.09
Cn1c(SCCCN2C[C@@H]3CCN(c4c(F)cccc4F)[C@@H]3C2)nnc1-c1ccc(C(N)=O)nc1,6.09
O=C1c2ccccc2C(=O)N1CCCCN1CCN2c3ccccc3Cc3ccccc3C2C1,6.09
Cc1nnc(CC(=O)N[C@H]2CC[C@H](CCN3CCc4ccc(CCC(F)(F)F)nc4CC3)CC2)s1,6.09
CCCOc1cc2c(cc1O)[C@@H]1Cc3ccc(O)c(OCCC)c3CN1CC2,6.09
Cl.Cl.c1ccc2c(c1)CCN(CCCc1nc3ccccc3[nH]1)C2,6.09
CCC(Oc1cc(C(F)(F)F)ccc1C(F)(F)F)c1nc(N)nc(N2CCN(C)CC2)n1,6.09
CCC(=O)N[C@H]1CC[C@H](CCN2CCN(c3nccc4c3CCO4)CC2)CC1,6.09
Cc1nnc(CC(=O)N[C@H]2CC[C@](F)(CCN3CCc4ccc(OCC(F)F)nc4CC3)CC2)o1,6.09
CNC(=O)c1cc(C(=O)N[C@H]2[C@@H]3COC[C@@H]32)cc2c1O[C@H](CF)[C@H]2c1ccccc1,6.09
CC(C)(C)c1nc(N2CCN(CCCCNC(=O)N3CCC(O)(c4ccc(Cl)cc4)CC3)CC2)cc(C(F)(F)F)n1,6.08
CCCCN1CCc2ccc(C#N)cc2C1,6.08
Fc1ccc(CCN2CCC3(CCc4cccc(F)c4O3)CC2)c(F)c1,6.08
CN1CCN(C2=Nc3cc(Cl)ccc3N(NC(=O)c3ccco3)c3ccccc32)CC1,6.08
Cn1c(SCCCN2CC[C@]3(CC3c3ccc(C(F)(F)F)cc3)C2)nnc1C1CC2CCC(C1)O2,6.08
CCCC(=O)N[C@H]1CC[C@H](CCN2CCN(c3nccc4c3CCO4)CC2)CC1,6.08
Cn1cc2c(n1)C(=O)N(CCN1CCN(c3nsc4ccccc34)CC1)CC2,6.08
CC(C)c1nc2c(o1)C(=O)N(CCN1CCN(c3nsc4ccccc34)CC1)CC2,6.08
COc1c(C(=O)NCCCCN2CCN(c3cccc(Cl)c3Cl)CC2)ccc2ccccc12,6.08
O=C(Cc1ccccc1)NC1CCN(CCCN2C(=O)COc3ccccc32)CC1,6.08
Cn1c(SCCCN2C[C@H]3CCN(c4c(F)cccc4F)[C@H]3C2)nnc1-c1ccc(C(N)=O)nc1,6.08
CCc1cc([C@]23C[C@H]2CN(CC[C@H]2CC[C@H](NC(=O)COc4cnc(C)nc4)CC2)C3)no1,6.08
CN1CCc2c(c3cccc4c3n2-c2ccccc2CC4)C1,6.08
CCCN1CCO[C@@H]2c3cc4c(cc3CC[C@H]21)CNC4=O,6.08
CCCCCCN(CCc1ccccc1)CCc1cccc(O)c1,6.08
CC1Cc2ccccc2N1C(=O)CC1CCN(Cc2ccccc2Cl)CC1,6.08
Cn1c(C(=O)NC23CCC(CCN4CCc5nc(OCC(F)(F)F)sc5CC4)(CC2)CC3)cccc1=O,6.08
C[C@H]1CO[C@@H](c2ccc(N)nc2)CN1C[C@@H]1C[C@H]1CCNC(=O)c1cc2ccccc2[nH]1,6.08
CCCN1CCc2cccc3c2[C@H]1Cc1cccc(OC)c1-3,6.08
O=CN[C@H]1CC[C@H](CCN2CCN(c3nccc4c3CCO4)CC2)CC1,6.08
Cn1ncc(CC(=O)N[C@H]2CC[C@H](CCN3CCc4sc(OCC(C)(F)F)nc4C3)CC2)c1F,6.08
O=C(NCCC(O)CN1CCN(c2cccc(Cl)c2Cl)CC1)c1cnc2ccc(F)cc2c1,6.08
CC1(c2ccc(F)cc2)NC(=O)N(CC(O)CN2CCN(c3ccccc3Cl)CC2)C1=O,6.08
CCc1ncc2c(n1)CCN(CCN1CCN(c3nsc4ccccc34)CC1)C2=O,6.08
COc1ccccc1N1CCN(CNC(=O)c2cccc(C)c2)CC1,6.08
CN1CCN(C2=Nc3cc(Cl)ccc3N(NC(=O)c3ccc4c(c3)OCO4)c3ccccc32)CC1,6.08
Clc1ccc(N2CCN(CCCCc3nc4ccccc4s3)CC2)nc1,6.08
O=C(NCCCN1CCN(c2ccccc2)CC1)c1ccc2c(c1)Cc1ccccc1-2,6.08
C[C@@H](Oc1nc2c(s1)CCN(CC[C@H]1CC[C@H](NC(=O)COc3cnn(C)c3)CC1)CC2)C(F)(F)F,6.08
O=C(NC1CCN(Cc2ccccc2)C1)c1ccc(-c2cccs2)cc1,6.08
CN(C)C(=O)N[C@H]1CC[C@H](CCNCC2CC2c2cccc3ccccc23)CC1,6.08
O=S(=O)(NCC1CCN(CCOc2cccc(F)c2)CC1)c1ccc(F)cc1,6.08
COc1cc2c(cc1OC)C(=O)CC(CN1CCN(c3ccccc3OC)CC1)C2,6.08
CN1CCC(c2cn(-c3ccncc3)c3ccc(-c4cncnc4)cc23)CC1,6.08
COc1cccc(C(=O)N(C)CCN2CCN(c3ccc(Cl)cc3)CC2)c1,6.070581074285707
COc1cccc(C(=O)CCCCCN2CCN(c3ccc(Cl)cc3)CC2)c1,6.070581074285707
COc1cccc(C(=O)NCCCCCN2CCN(c3ccc(Cl)cc3)CC2)c1,6.070581074285707
COc1cccc(C(=O)CCCCN2CCN(c3ccc(Cl)cc3)CC2)c1,6.070581074285707
CNc1cccc(OCCNCC2(F)CCN(C(=O)c3ccc(F)c(Cl)c3)CC2)n1,6.07
O=C(N[C@H]1CC[C@H](CCN2CCN(c3nccc4c3CCO4)CC2)CC1)C(O)C(F)(F)F,6.07
CC(C)(C)c1nc(N2CCN(CCCCNC(=O)N3CCC(C#N)(c4ccccc4)CC3)CC2)cc(C(F)(F)F)n1,6.07
Oc1ccc2c(c1)CCCNCCc1ccccc1C2,6.07
C#CCOc1c(OC)cc2c3c1-c1cc(NC(C)=O)ccc1CC3N(C)CC2,6.07
COc1ccccc1N1CCN(C(=O)NCCCCN2CCN(c3cc(C(F)(F)F)nc(C(C)(C)C)n3)CC2)CC1,6.07
N#Cc1cc2c(cn1)C(=O)N(CCN1CCN(c3nsc4ccccc34)CC1)CC2,6.07
O=C(N[C@H]1CC[C@H](CCN2CCC(c3conc3-c3ccccc3)CC2)CC1)c1cccc2ncccc12,6.07
COc1cc2c3c(c1OC)-c1cc4c(cc1CC3N(C)CC2)OCO4,6.07
O=C(NCCCCN1CCO[C@@H]2c3ccccc3OC[C@H]21)c1ccco1,6.07
CN(C)C(=O)C(CCN[C@@H]1C[C@H]1c1ccc(Cl)cc1)(c1ccccc1)c1ccccc1,6.07
CCCN[C@@H]1CCc2ccc3[nH]c(C(N)=O)cc3c2C1,6.07
CC[C@@H](O)CC(=O)N[C@H]1CC[C@H](CCN2CCN(c3nccc4c3CCO4)CC2)CC1,6.07
Cn1cc2c(C(=O)NN3CCC(CCN4CCc5ccc(OCC(F)(F)F)nc5CC4)CC3)cccc2n1,6.07
Cn1cc(CC(=O)N[C@H]2CC[C@H](CCN3CCc4sc(OC5CCC(F)(F)C5)nc4C3)CC2)cn1,6.07
COc1cc2c(cc1O)CN(CCCCNC(=O)c1ccc(C(N)=O)cc1)CC2,6.07
O=C(N[C@H]1CC2[C@@H](CCN3CCc4sc(OCC(F)F)nc4C3)[C@@H]2C1)c1cccc2ncccc12,6.07
COc1ccc2c(c1)[C@H]1OCCN(CCCCNC(=O)c3cccc4ccccc34)[C@@H]1CO2,6.07
O=C1c2oc(C3CC3)nc2CCN1CCN1CCC(c2noc3ccccc23)CC1,6.07
CCCN1CCO[C@H]2c3cc(O)ccc3SC[C@@H]21,6.07
O=C(N[C@H]1C[C@@H]2[C@@H](CCN3CCc4sc(OCC(F)F)nc4C3)[C@@H]2C1)c1cccc2ncccc12,6.07
O=C(C[C@@H]1CCCO1)N[C@H]1CC[C@H](CCN2CCN(c3nccc4c3CCO4)CC2)CC1,6.07
c1ccc(CCN2CCC(c3cc(-c4ccccn4)[nH]n3)CC2)cc1,6.07
CCCN1CCc2cccc3c2C1Cc1cccc(OC(=O)CSc2ccccc2)c1-3,6.07
Cl.Clc1ccc2sc(CCCCN3CCc4c(Cl)cccc4C3)nc2c1,6.07
c1ccc(N2CCN(Cc3cn(-c4ccccc4)nn3)CC2)cc1,6.07
O=C(NCCCCN1CCC(=C2c3ccc(Cl)cc3CCc3cccnc32)CC1)c1cc2ccccc2s1,6.07
Cn1c(SCCCN2CC[C@]3(C[C@H]3c3ccc(C(F)(F)F)cc3)C2)nnc1-c1cnccn1,6.07
CCCN1CCc2cccc3c2C1Cc1cccc(O)c1-3,6.07
Cc1nc(CC(=O)N[C@H]2CC[C@](F)(CCN3CCc4ccc(O[C@H](C)C(F)(F)F)nc4CC3)CC2)nn1C,6.07
Cn1ncc(CC(=O)N[C@H]2CC[C@H](CCN3C[C@@H]4C[C@]4(c4cc(C5CC5)on4)C3)CC2)n1,6.07
CCN(CCCSc1nnc(-c2ccccc2)n1C)CC1CC1c1cc(F)ccc1OCCF.Cl,6.07
COc1ccccc1N1CCN(CCCNC(=O)c2cnccn2)CC1,6.07
CCc1cc([C@]23C[C@H]2CN(CC[C@H]2CC[C@H](NC(=O)Cc4cc(C)no4)CC2)C3)no1,6.07
Cn1nccc1-c1nnc(SCCCN2CC[C@]3(C[C@@H]3c3ccc(C(F)(F)F)cc3)C2)n1C,6.07
Cn1c(SCCCN2CC[C@]3(C[C@H]3c3ccc(C(F)(F)F)cc3)C2)nnc1-c1ccncc1,6.06
CN(C)CC1CC2c3ccccc3Cc3ccccc3N2O1,6.06
COc1ccccc1N1CCN(CC(O)CN2C(=O)NC(C)(c3ccc(C)cc3)C2=O)CC1.Cl,6.06
Cn1nc(Br)c2c1CCN(CCN1CCC(c3noc4ccccc34)CC1)C2=O,6.06
O=C1c2ncccc2CCC1CCN1CCN(c2noc3ccccc23)CC1,6.06
Cn1cc2c(C(=O)NN3CCC(CCN4C[C@@H]5C[C@]5(c5cc(C(C)(F)F)on5)C4)CC3)cccc2n1,6.06
COc1cc2c(cc1OC)CN(CCCCn1cc(-c3ccc(F)cc3)c3ccccc31)CC2,6.06
CN(CCC(O)CN1CCN(c2cccc(Cl)c2Cl)CC1)Cc1ccc2c(c1)Cc1ccccc1-2,6.06
CCCN1CCc2cccc3c2[C@H]1Cc1cccc(OC(=O)NC(C)(C)C)c1-3,6.06
CCC(Sc1cccc(Cl)c1Cl)c1nc(N)nc(N2CCN(C)CC2)n1,6.06
CCc1cc(Cl)c(OC)c(N2CCN(C[C@@H]3C[C@@H](O)CN3CCC(C(=O)N(C)C)(c3ccccc3)c3ccccc3)CC2)c1,6.06
Cn1c(SCCCN2C[C@H]3CCN(c4ccc(C(F)(F)F)cc4)[C@H]3C2)nnc1[C@H]1COCCO1,6.06
Clc1ccc(N2CCN(CCCOc3ccc(-c4nc5ccccc5[nH]4)cc3)CC2)cc1,6.06
COc1cccc(-c2csc(CCN3CCN(c4ccccc4OC)CC3)n2)c1.Cl,6.06
O=C(CC1CCOCC1)N[C@H]1CC[C@H](CCN2CCN(c3nccc4c3CCO4)CC2)CC1,6.06
Cn1c(SCCCN2CC[C@]3(C[C@@H]3c3ccc(C(F)(F)F)cc3)C2)nnc1-c1ccc(=O)n(C)c1,6.06
O=C(N[C@H]1CC[C@H](CCN2CCN(c3nccc4c3CCO4)CC2)CC1)c1ccc(N2CCOCC2)cc1,6.06
CC(C)(C)c1nc(N2CCN(CCCCNC(=O)N3CCN(C4CC4)CC3c3ccccc3)CC2)cc(C(F)(F)F)n1,6.06
CN(C)CCSc1cccc(Br)n1,6.06
Cn1c(CCCCN2CC[C@]3(C[C@@H]3c3ccc(C(F)(F)F)cc3F)C2)nnc1C1CCOCC1,6.06
CS(=O)(=O)N[C@H]1CC[C@H](CCN2CCN(c3nccc4occc34)CC2)CC1,6.06
N#Cc1ccc(S(=O)(=O)C2(F)CCN(CCc3ccc(F)cc3F)CC2)cc1,6.06
Cc1ncc(OCC(=O)N[C@H]2CC[C@H](CCN3CCc4nc(OCC(C)(F)F)sc4CC3)OC2)cn1,6.06
Cn1ncc(CC(=O)N[C@H]2CC[C@H](CCN3CCc4nc(OCC(C)(F)F)sc4CC3)CC2)c1F,6.06
O=C(N[C@H]1CC[C@H](CCN2CCN(c3nccc4c3CCO4)CC2)CC1)c1ccc(C(F)(F)F)cc1,6.06
COc1ccccc1C(=O)NCCCCN1CCO[C@@H]2c3ccccc3OC[C@H]21,6.06
CN1CCC(c2cn(-c3ccncc3)c3ccc(-c4ccnn4C)cc23)CC1,6.06
O=C1c2cccc3cccc(c23)N1CCCCCCN1CCN(c2ccccn2)CC1,6.06
CN1CCc2cc(Cl)c(O)cc2[C@H]2c3cccc(/C=N/O)c3CC[C@@H]21,6.05
Cn1c(SCCCN2CC[C@]3(C[C@@H]3c3ccc(C(F)(F)F)cc3)C2)nnc1-c1cccnc1,6.05
CCCN(CCC)[C@H]1CCc2ccc3[nH]c(C#N)cc3c2C1,6.05
CC(C)(C)c1nc(N2CCN(CCCCNC(=O)N3CCN(c4cc(C#N)cc(C(F)(F)F)c4)CC3)CC2)cc(C(F)(F)F)n1,6.05
Clc1cccc(N2CCN(CCCCn3cc(-c4ccc5c(c4)Cc4ccccc4-5)nn3)CC2)c1Cl,6.05
Fc1ccc(-c2[nH]c3cc(F)ccc3c2[C@@H]2CNCC[C@H]2F)cc1,6.05
O=C(NCCCCN1CCO[C@@H]2c3ccccc3OC[C@H]21)c1ccc(Br)cc1,6.05
N#Cc1cccc(C(=O)NCc2ccccc2CN2CCc3cc(O)c(O)cc3C2)c1,6.05
COc1ccccc1N1CCN(CCNC(=O)c2ccc3ccccc3c2)CC1,6.05
COc1c(Cl)cccc1N1CCN(CC(O)CCNC(=O)c2cnc3ccccc3c2)CC1,6.05
c1ccc(CCN2CCC(c3cc(-c4cccnc4)[nH]n3)CC2)cc1,6.05
CCCn1ncc2c1-c1c(C)sc(C)c1CCC2,6.05
O=c1c(-c2ccccc2Cl)c2n(c(=O)n1CCCCN1CCCC(c3c[nH]c4ccccc34)C1)CCCC2,6.05
N#Cc1ccccc1N1CCN(CNC(=O)c2cccc(Cl)c2)CC1,6.05
COc1cccc(CN2CCC(n3c(O)nc(-c4ccccc4)c3C)CC2)c1,6.05
CC(C)(C)c1nc(N2CCN(CCCCNC(=O)N3CCC(c4ccc(Cl)cc4)CC3)CC2)cc(C(F)(F)F)n1,6.05
Clc1ccc2c(c1)C(N1CCN(CCc3ccccc3)CC1)=Nc1cccnc1N2,6.05
Oc1cc2c(cc1O)[C@H]1c3cncc(F)c3CN[C@@H]1CC2,6.05
CCc1cccc(N2CCN(C[C@@H](F)CCNC(=O)c3cc4ccccc4[nH]3)CC2)c1Cl,6.05
CN1CCc2cc(Cl)c(O)cc2[C@@H](c2ccccc2)C1,6.05
Cn1c(SCCCN2C[C@H]3CCN(c4ccccc4C(F)(F)F)[C@H]3C2)nnc1-c1ccc(=O)[nH]c1,6.05
CCC(Sc1ccc(Cl)c(Cl)c1)c1nc(N)nc(N2CCN(C)CC2)n1,6.05
CCCN1CCC(c2ccc(Cl)cc2)CC1,6.05
C(#Cc1ccccc1)CN(c1ccccc1)C1CCN(Cc2ccccc2)CC1.O=C(O)/C=C/C(=O)O,6.05
CC[C@H](O)CC(=O)N[C@H]1CC[C@H](CCN2CCN(c3nccc4c3CCO4)CC2)CC1,6.05
CCNC(=O)Nc1cccc2c1CC[C@H]1[C@H]2c2cc(O)c(Cl)cc2CCN1C,6.05
Cc1ncc(CC(=O)N[C@H]2CC[C@](F)(CCN3CCc4nc(OCC(F)(F)F)sc4CC3)CC2)cn1,6.05
c1ccc(-c2[nH]c3ccccc3c2CCN2CCCCC2)cc1,6.05
CC1Cc2ccccc2N1C(=O)CN1CCN(Cc2ccc(F)cc2)CC1,6.05
CC(C)(CCCN1CC[C@@H]2CCCC[C@H]2C1)S(=O)(=O)c1ccccc1,6.05
CC1N(C(=O)CN2CCN(Cc3ccc(Cl)cc3)CC2)c2ccccc2C1(C)C,6.05
Cc1nnc(CC(=O)N[C@H]2CC[C@](F)(CCN3CCc4nc(OCC(F)F)sc4CC3)CC2)s1,6.05
COc1ccc(N2CCN(CCc3c[nH]c4ncccc34)CC2)cc1,6.05
CC(C)(C)OC(=O)NCCCCCCN1CCC(O)(c2ccc(Cl)cc2)CC1,6.05
Cc1ncc(OCC(=O)N[C@H]2CC[C@H](CCN3CCc4ccc(OCC(F)F)nc4CC3)CC2)cn1,6.05
CCCC[C@H](NC(=O)[C@H]1CC[C@@H]2c3[nH]c4ccccc4c3CCN2C1)C(=O)N[C@@H](Cc1c[nH]c2ccccc12)C(=O)N[C@@H](CCCCN)C(N)=O,6.05
O=C(N[C@@H]1CCN(Cc2ccccc2)C1)c1ccc(-c2ccsc2)cc1,6.05
COc1ccc(OC[C@@H]2CC[C@H]3CN(c4ncccn4)CCN3C2)cc1,6.04
Cn1cnc2c1C(=O)N(CCN1CCC(c3noc4ccccc34)CC1)CC2,6.04
COC(=O)c1cccc2c1CC[C@H]1[C@H]2c2cc(O)c(Cl)cc2CCN1C,6.04
OC(COc1ccccc1)CN1CCC(Oc2ccccc2)CC1,6.04
Cn1cc2c(n1)CCN(CCN1CCN(c3nsc4ccccc34)CC1)C2=O,6.04
Cc1cc(N2CCN(CCCCNC(=O)N3CCN(S(=O)(=O)c4ccccc4)CC3)CC2)nc(C(C)(C)C)n1,6.04
Cc1ncoc1-c1nnc(SCCCN2CCC3CCN(c4ccc(C(F)(F)F)cc4)C3C2)n1C,6.04
CC(=O)N[C@H]1CC[C@H](CCN2CCN(c3nc(C)cc4c3CCO4)CC2)CC1,6.04
CN1CCN(C2=Nc3cc(Cl)ccc3N(NC(=O)c3cccc(F)c3)c3ccccc32)CC1,6.04
Cc1ncccc1C(=O)N[C@H]1CC[C@H](CCN2CCc3ccc(CCC(F)(F)F)nc3CC2)CC1,6.04
Cc1cc(C)c2c(N)c(C(=O)NCCN3CCC(O)(c4ccc(Cl)cc4)CC3)sc2n1,6.04
Cn1c(OCCCN2CC3CCN(c4ccc(C(F)(F)F)cc4)C3C2)nnc1C1CCOCC1,6.04
Cc1nc(C(=O)NCCN2CCN(c3cccc(Cl)c3Cl)CC2)c(C)n1-c1ccccc1.Cl.Cl.Cl.Cl,6.04
CCc1cc([C@]23C[C@H]2CN(CC[C@H]2CC[C@H](NC(=O)Cc4cnc(C)o4)CC2)C3)no1,6.04
O=C(C[C@H]1CCCO1)N[C@H]1CC[C@H](CCN2CCN(c3nccc4c3CCO4)CC2)CC1,6.04
O=C(N[C@H]1CC[C@H](CCN2CCc3ccccc3C2)CC1)Oc1ccccc1,6.04
COc1ccc2c(c1)[C@H]1OCCN(CCCCNC(=O)c3ccco3)[C@@H]1CO2,6.04
Cc1cnc(OCC(=O)N[C@H]2CC[C@H](CCN3CCc4ccc(CCC(F)(F)F)nc4CC3)CC2)cn1,6.04
CCCN1CC[C@H]2Cc3c(O)cccc3C[C@@H]21,6.04
CCOC(=O)Nc1cccc(N2CCN(CCCCNC(=O)c3ccc4ccccc4c3)CC2)c1,6.04
COc1ccccc1N1CCN(CC(O)CCNC(=O)c2cnc3ccccc3c2)CC1,6.04
Brc1ccc(NCCN2CCN(Cc3cc4ccccc4[nH]3)CC2)cc1,6.04
CCCN(CCN1CCN(Cc2cc3ccccc3[nH]2)CC1)Cc1ccc(Br)cc1,6.04
CCCN(CCCCN1C(=O)CC(C)(C)CC1=O)[C@H]1CCc2ccc3[nH]c(C(N)=O)cc3c2C1,6.04
CCCN(CC[C@]1(O)C[C@@H](NC(=O)c2ccc3ccccc3c2)C1)[C@H]1C[C@@H]1c1ccccc1Cl,6.04
CCN(CCN1CCC(c2noc3cc(F)ccc23)CC1)C(=O)[C@H]1NCC[C@H]1O,6.04
N#CC(CCNCCC(O)CN1CCN(c2cccc(Cl)c2Cl)CC1)(c1ccccc1)c1ccccc1,6.04
Cc1cc(CC(=O)N[C@H]2CC[C@H](CCN3CCc4ccc(OCC(F)F)nc4CC3)CC2)no1,6.04
Cc1cnc(CC(=O)N[C@H]2CC[C@H](CCN3CCc4nc(OCC(C)(F)F)sc4CC3)CC2)o1,6.04
CN(CCC=C1c2ccccc2CCc2ccccc21)C(=O)Cc1ccc(OCCCN2CCCCC2)cc1,6.04
Cn1cc2c(C(=O)N[C@H]3CC[C@H](CCN4CCc5sc(CCC(C)(F)F)nc5C4)CC3)cccc2n1,6.04
CNC[C@H](O)c1ccc(O)c(O)c1,6.04
Cc1nc(CC(=O)N[C@H]2CC[C@](F)(CCN3CCc4nc(OCC(C)(F)F)sc4CC3)CC2)no1,6.04
O=C(N[C@H]1CC[C@H](CCN2CCC(c3cccc4c3CCO4)CC2)CC1)c1ccc(N2CCOCC2)nc1,6.04
COc1ccc(C2(C)NC(=O)N(CC(O)CN3CCN(C(c4ccccc4)c4ccccc4)CC3)C2=O)cc1.Cl,6.03
Fc1ccc(C(OCCN2C3CCC2CC(OC(c2ccc(F)cc2)c2ccc(F)cc2)C3)c2ccc(F)cc2)cc1,6.03
O=C(N[C@H]1CC[C@H](CCN2CCc3nc(OCC(F)F)sc3CC2)CC1)c1cccnc1C(F)F,6.03
CC(C)(C)c1nc(N2CCN(CCCCNC(=O)c3cn4c(CO)cccc4n3)CC2)cc(C(F)(F)F)n1,6.03
Cc1ccc(N2CCN(C[C@H]3C[C@H]3c3ccccc3)CC2)c(C)c1,6.03
O=C(NCCCCN1CCN(c2ccnc3cc(Cl)ccc23)CC1)N1CCN(c2ccccc2)CC1,6.03
COc1cc(CC(=O)N[C@H]2CC[C@H](CCN3CCc4nc(OCC(C)(F)F)sc4CC3)OC2)on1,6.03
CCOc1cccc2cc(CNCCCCOc3ccc4oc(C)nc4c3)oc12,6.03
Cc1cccc(N2CCN(C(=O)NCCCCN3CCN(c4cc(C(F)(F)F)nc(C(C)(C)C)n4)CC3)CC2)c1,6.03
COc1cc(CCN2CCC(O)(c3ccc(Cl)cc3)CC2)ccc1OCCCSSCCN.O=C(O)C(F)(F)F.O=C(O)C(F)(F)F,6.03
Cc1ncccc1C(=O)N[C@H]1CC[C@H](CCN2CCc3ccc(OCC(F)F)nc3CC2)CC1,6.03
CN1CCN(C2=Nc3cc(Cl)ccc3N(NC(=O)c3ccc4ccccc4n3)c3ccccc32)CC1,6.03
Cl.O=S1(=O)c2cccc3cccc(c23)N1CCCCCCN1CCN(c2ccc(C(F)(F)F)cc2)CC1,6.03
Cl.O=C1c2cccc3cccc(c23)N1CCCCCCN1CCN(c2ccc(C(F)(F)F)cc2)CC1,6.03
CC1(c2ccc(F)cc2)NC(=O)N(CC(O)CN2CCN(c3ccccc3C#N)CC2)C1=O,6.03
CC(Oc1cc(C(F)(F)F)ccc1F)c1nc(N)nc(N2CCN(C)CC2)n1,6.03
COc1ccccc1N1CCN(CC(O)CCNC(=O)c2ccc3ccccc3n2)CC1,6.03
CC(C)(C)c1nc(N2CCN(CCCCn3ccc(C(F)(F)F)nc3=O)CC2)cc(C(F)(F)F)n1,6.03
COc1cccc(C(=O)NCCCCN2CCN(c3cccc4ccccc34)CC2)c1,6.03
O=C(CC1C[C@H](O)CO1)N[C@H]1CC[C@H](CCN2CCN(c3nccc4c3CCO4)CC2)CC1,6.03
Cl.O=C1C(c2ccc(F)cc2)=COC12CCN(CC1CCCCC1)CC2,6.02
Cc1ncoc1-c1nnc(SCCCN2CC[C@@]3(C[C@@H]3c3ccc(F)cc3F)C2)n1C,6.02
COc1cc2c3c(c1OC1CC1)-c1cc(N)ccc1CC3N(C)CC2,6.02
O=c1c2cnc(C(F)(F)F)cc2ccn1CCN1CCC(c2noc3ccccc23)CC1,6.02
Cc1ncc(CC(=O)N[C@H]2CC[C@H](CCN3CCc4nc(OCC(C)(F)F)sc4CC3)CC2)cn1,6.02
CC(=O)Nc1ccc(OC[C@@H]2CC[C@H]3CN(c4ncccn4)CCN3C2)cc1,6.02
O=C(NCCCCN1CCO[C@@H]2c3ccccc3OC[C@H]21)c1ccc([N+](=O)[O-])cc1,6.02
O=C(N[C@H]1CC[C@H](CCN2CCN(c3nccc4c3CCO4)CC2)CC1)C1(O)CCC1,6.02
Cl.O=C1c2ccc(Cl)cc2CC1CCN1CCc2ccccc2C1,6.02
O=C(/C=C/c1ccccc1)NCCCCN1CCN(C(c2ccccc2)c2ccc(Cl)cc2)CC1,6.02
COc1ccc2c(c1)[C@H]1OCCN(CCCCNC(=O)c3ccc(Br)cc3)[C@@H]1CO2,6.02
Cc1nc2n(c(=O)c1CCN1CCN(c3cncc4sccc34)CC1)CCCC2O,6.02
CC(C)(C)c1nc(N2CCN(CCCCNC(=O)N3CCN(c4ccccc4)C(=O)C3)CC2)cc(C(F)(F)F)n1,6.02
O=C(O)C(=O)O.O=C1CCc2ccccc2N1CCCN1CCN(c2ccc(Cl)c(Cl)c2)CC1,6.02
Clc1ccc(-c2cc(C3CCCN(Cc4ccccc4)C3)[nH]n2)cc1,6.02
COc1ccccc1N1CCN(CCCCc2cc(/C=C/c3ccccc3)no2)CC1.Cl,6.02
COc1cc2c(cc1OC)C1=NO[C@@H](CN3CCN(C/C=C/c4ccccc4)CC3)[C@@H]1CO2,6.02
Cc1nnc(CC(=O)N[C@H]2CC[C@H](CCN3CCc4sc(C5CC(F)(F)C5)nc4C3)OC2)o1,6.02
COc1ccc(N2CCN(CCCCCCN3C(=O)c4ccccc4S3(=O)=O)CC2)cc1,6.02
Clc1cccc(N2CCN(CCCCNCCC3(c4ccccn4)CCOCC3)CC2)c1Cl,6.02
Cc1ncc(OCC(=O)NC23CCC(CCN4CCc5nc(OCC(F)(F)F)sc5CC4)(CC2)CC3)cn1,6.02
COc1ccc2c(c1)[C@H]1OCCN(CCCCNC(=O)c3cc(OC)c(OC)c(OC)c3)[C@@H]1CO2,6.02
N#Cc1ccc2[nH]c(CN3CCN(c4ccccc4Cl)CC3)cc2c1,6.02
Cn1ncc(CC(=O)N[C@H]2CC[C@](F)(CCN3CCc4nc(OCC(C)(F)F)sc4CC3)CC2)n1,6.02
O=c1c(-c2ccc(F)cc2)c2ccccn2c(=O)n1CCCCN1CCCC(c2c[nH]c3ccccc23)C1,6.02
Cn1c(SCCCN2CC[C@]3(C[C@@H]3c3ccc(C(F)(F)F)cc3)C2)nnc1-c1cccnc1C(F)(F)F,6.02
C(=C/c1ccccc1)\COCC1CCN(CCCc2ccccc2)CC1,6.02
O=C(CCO)N[C@H]1CC[C@H](CCN2CCN(c3nccc4occc34)CC2)CC1,6.02
O=C1Nc2ccccc2C1CCCCN1CCN(c2ccc(Cl)cc2)CC1,6.02
C/C=C/CC(=O)N[C@H]1CC[C@H](CCN2CCN(c3nccc4c3CCO4)CC2)CC1,6.02
CCC1(CCCCN2CCN(c3ccc(Cl)cc3)CC2)C(=O)Nc2cc(F)ccc21,6.02
O=C1c2ccccc2S(=O)(=O)N1CCCCCN1CCN(c2ncccn2)CC1,6.02
OC(CCn1cc(-c2ccc3[nH]ccc3c2)nn1)CN1CCN(c2cccc(Cl)c2Cl)CC1,6.02
COc1cc(C)ccc1CN1CCN(C2CCc3cccc4c3N(C2=O)C(C)(C)C4)CC1,6.02
Cc1ncc(CC(=O)N[C@H]2CC[C@H](CCN3CCc4nc(OCC(C)(F)F)sc4CC3)OC2)s1,6.02
O=S1(=O)Cc2ccccc2N1CCCN1CCN(Cc2ccc(Cl)cc2)CC1,6.01
Cc1cc(N2CCN(CCCCNC(=O)C3CCN(c4ccc(C(F)(F)F)cn4)CC3)CC2)nc(C(C)(C)C)n1,6.01
Clc1ccc(N2CCCN(Cc3c[nH]c4ncccc34)CC2)cc1,6.01
CCCC(Sc1cc(Cl)ccc1Cl)c1nc(N)nc(N2CCN(C)CC2)n1,6.01
Cn1c(SCCCN2C[C@@H]3CCN(c4c(F)cc(F)cc4F)[C@@H]3C2)nnc1-c1ccn(C)c(=O)c1,6.01
Cc1ncoc1-c1nnc(SCCCCN2CC[C@]3(C[C@@H]3c3ccc(C(F)(F)F)cc3)C2)n1C,6.01
Cc1ncoc1-c1nnc(SCCCN2CC[C@]3(C[C@H]3c3ccc(F)cc3)C2)n1C,6.01
Cc1ncc(CC(=O)N[C@H]2CC[C@](F)(CCN3CCc4nc(OCC(C)(F)F)sc4CC3)CC2)o1,6.01
C#CCOc1ccc(-c2ccc(C(=O)NCCCCN(CCC)C3Cc4ccccc4C3)cc2)cc1,6.01
O=C1c2cncnc2CCN1CCN1CCC(c2noc3ccccc23)CC1,6.01
O=C(N[C@H]1CCN(Cc2ccccc2)C1)c1ccc(-c2cccs2)cc1,6.01
Cc1cc(C)c2c(N)c(C(=O)NCCCCCCN3CCC(O)(c4ccc(Cl)cc4)CC3)sc2n1,6.01
CC(C)(C)c1nc(N2CCN(CCCCNC(=O)N3CCN(S(=O)(=O)c4ccccc4)CC3)CC2)cc(C(F)(F)F)n1,6.01
Oc1cccc(C(CCNCCCCN2CCN(c3ccccc3)CC2)c2cccc(O)c2)c1,6.01
COc1ccccc1C1CC1CNCC[C@H]1CC[C@H](NS(=O)(=O)c2ccccc2)CC1,6.01
CN1CCc2cc(Cl)c(O)cc2[C@H]2c3ccccc3CC[C@@H]21,6.01
COc1ccccc1C(c1ccccc1OC)N1CCN(CCCCNC(=O)/C=C/c2ccccc2)CC1,6.01
O=C(CCCCCN1CCN(c2ccccc2O)CC1)NC1CCCc2ccccc21,6.01
Cc1ncoc1-c1nnc(SCCCN2CC3OCCN(c4ccc(C(F)(F)F)cc4)C3C2)n1C,6.01
COc1cc2c3c(c1OC)-c1cc(NC(C)=O)ccc1CC3N(C)CC2,6.01
Fc1ccc(OC[C@@H]2CC[C@@H]3CN(c4ncc(F)cn4)CCN3C2)cc1,6.01
COc1ccc2c(c1)C(CCCN1CCN(c3ccc(Cl)cc3)CC1)CCC2,6.01
COc1ccc2c(c1)[C@H]1OCCN(CCCCNC(=O)c3ccc(Cl)cc3)[C@@H]1CO2,6.01
Cn1c(SCCCN2CC[C@@]3(C[C@@H]3c3ccc(C(F)(F)F)cc3)C2)nnc1-c1cnccn1,6.01
CCCN(CCC(C(=O)N(C)C)(c1ccccc1)c1ccccc1)[C@@H]1C[C@H]1c1ccc(Cl)cc1,6.01
Cc1nnc(CC(=O)N[C@H]2CC[C@](F)(CCN3CCc4nc(OCC(C)(F)F)sc4CC3)CC2)o1,6.01
N#CC(C#N)=Cc1cc(CN2CCN(c3ccccc3)CC2)c[nH]1,6.01
c1ccc2c(CCC3CCNCC3)c[nH]c2c1,6.0
CN(C)CCSc1cccc(C2(O)CCCCC2)n1,6.0
CN(C)CCSc1nc(-c2ccccc2)cs1,6.0
CN(C)CCSc1nc(C(C)(C)C)cs1,6.0
Cc1ccc(CN2CCN(C3CCc4ccccc4NC3=O)CC2)cc1,6.0
Cc1ccc(CN2CCN(C3(C)C(=O)N(C)c4ccccc43)CC2)cc1,6.0
CCN1C(=O)C(N2CCN(Cc3ccc(C)cc3)CC2)CCc2ccccc21,6.0
COc1cccc(C(=O)NCCN2CCN(c3cccc(Cl)c3)CC2)c1,6.0
COc1cccc(C(=O)NCCN2CCN(c3ccccc3Cl)CC2)c1,6.0
COc1ccc(N2CCN(CCNC(=O)c3cccc(OC)c3)CC2)cc1,6.0
O=C(NCCCCN1CCN(c2cccc(Cl)c2Cl)CC1)c1ccc(-c2ccccc2)cc1,6.0
c1ccc(-c2[nH]c3ccccc3c2CCN2CCCC2)cc1,6.0
CCC(Sc1cc(Cl)ccc1Cl)c1nc(N)nc(N2CCN(C)CC2)n1,6.0
Cn1c(SCCCN2CC3CCN(c4c(F)cccc4F)C3C2)nnc1-c1ccncc1,6.0
Cn1nccc1-c1nnc(SCCCN2CC3CCN(c4c(F)cccc4F)C3C2)n1C,6.0
CS(=O)(=O)c1ccccc1N1CCN(CCCCCC(=O)NC2CCCc3ccccc32)CC1,6.0
CCCN(CCC)[C@@H]1CCc2c(ccc(C(O)Cc3ccccc3)c2OC)C1,6.0
O=C(NCCCCN1CCN(C(c2ccccc2)c2ccc(Cl)cc2)CC1)c1cc2ccccc2s1,6.0
Oc1cccc2c1-c1cccc3c1[C@@H](C2)NCC3,6.0
CN(C)CCSc1nc2ccccc2s1,6.0
CC1(C(=O)NCCCCN2CCN(c3ccc(Cl)cc3)CC2)CCCCC1,6.0
O=S(=O)(c1ccc(F)cc1)c1ccc(CCc2ccc(F)cc2)cn1,6.0
O=S(=O)(c1ccc(F)cc1)c1ccc(CCc2ccc(F)cc2)nc1,6.0
O=S(=O)(c1ccc(F)cc1)c1ccc(/C=C/c2ccc(F)cc2)cn1,6.0
O=S(=O)(c1ccc(F)cc1)c1ccc(/C=C/c2ccc(F)cc2)nc1,6.0
NC(=O)c1cccc2c1C[C@@H](N)CO2,6.0
CC(C)N[C@H]1COc2cccc(C(N)=O)c2C1,6.0
CCN(C(C)C)[C@H]1COc2cccc(C(=O)NC(C)C)c2C1,6.0
CCCN(C1CCCC1)[C@H]1COc2cccc(C(N)=O)c2C1,6.0
COc1ccc(CNC(=O)/C=C/c2ccc3[nH]cc(CCN(C)C)c3c2)cc1,6.0
O=C(N[C@H]1CC[C@H](CCN2CCN(c3nccc4c3CCO4)CC2)CC1)c1ccc(N2CCOCC2)nc1,6.0
C[C@@H](O)[C@@H]1NC(=O)[C@H](CCCCN)NC(=O)[C@@H](Cc2c[nH]c3ccccc23)NC(=O)[C@H](Cc2ccncc2)NC(=O)[C@H](Cc2ccccc2)NC(=O)[C@H](CCCNC(=N)N)NC(=O)[C@H](NC[C@H](Cc2ccc(O)cc2)NC(=O)CS(=O)(=O)C[C@@H]2C[C@@H]3c4cccc5[nH]cc(c45)C[C@H]3N(C)C2)CCCCNC(=O)[C@H](Cc2ccccc2)NC1=O,6.0
C[C@@H](O)[C@@H]1NC(=O)[C@H](CCCCN)NC(=O)[C@@H](Cc2c[nH]c3ccccc23)NC(=O)[C@H](Cc2ccccc2)NC(=O)[C@H](Cc2ccccc2)NC(=O)[C@H](CCCNC(=N)N)NC(=O)[C@H](NC[C@H](Cc2ccc(O)cc2)NC(=O)CS(=O)(=O)C[C@@H]2C[C@@H]3c4cccc5[nH]cc(c45)C[C@H]3N(C)C2)CCCCNC(=O)[C@H](Cc2ccc(F)cc2)NC1=O,6.0
Oc1cccc2c1-c1cccc3c1[C@@H](C2)N(Cc1ccccc1)CC3,6.0
O=C(O)[C@@H]1Cc2ccccc2N1C(=O)CN1CCN(Cc2ccc(Cl)cc2)CC1,6.0
CN(C)CC1CC2c3cccnc3Cc3ccccc3N2O1,6.0
Cn1c(SCCCN2CC[C@]3(C[C@@H]3c3ccc(C(F)(F)F)cc3)C2)nnc1C1CCN(C(N)=O)CC1,6.0
C[C@@H]1Cc2ccccc2N1C(=O)CN1CCN(Cc2ccccc2F)CC1,6.0
CC(=O)c1cccc(NC(=O)N[C@@H]2CCCC[C@H]2CN2CCC[C@@H](Cc3ccc(F)cc3)C2)c1,6.0
CC(C)N1CCN(C2=Nc3cc(Cl)ccc3N(NC(=O)c3ccccc3Cl)c3ccccc32)CC1,6.0
Cc1ncc(CN2CC=C(c3ccccc3)CC2)c(N)n1,6.0
Cc1cc(C(=O)NCCCCN2CCc3ccc(OS(=O)(=O)C(F)(F)F)cc3C2)ccc1-c1ccccc1,6.0
O=C(NCc1ccccc1)[C@@H]1Cc2ccccc2N1C(=O)CN1CCN(Cc2ccc(Cl)cc2)CC1,6.0
CCCN(CCC)[C@H]1COc2cccc(C(=O)NC(C)C)c2C1,6.0
CC(C)NC(=O)c1cccc2c1C[C@@H](NC(C)C)CO2,6.0
COc1ccc(S(=O)(=O)Oc2ccccc2)cc1-c1ccc(CN2CCCCCC2c2ccccc2)[nH]1,6.0
NC1CCc2cc(O)c(O)cc2[C@H]1c1ccccc1,6.0
Nc1cc(OCCNCc2ccccc2)ccc1Cl,6.0
O=S(=O)(c1ccc(/C=C/c2ccc(F)cc2F)nc1)c1ccccc1F,6.0
Cc1ccc(CN2CCN(C3CCc4ccccc4N(C)C3=O)CC2)cc1,6.0
O=C1Nc2ccccc2CCC1N1CCN(Cc2ccc(Cl)cc2)CC1,6.0
CCN1C(=O)C(CC)(N2CCN(Cc3ccc(C)cc3)CC2)c2ccccc21,6.0
CCN1C(=O)C(CC)(N2CCN(Cc3ccc(Cl)cc3)CC2)c2ccccc21,6.0
CN(C(=O)CN1CCN(Cc2ccc(Cl)cc2)CC1)c1ccccc1,6.0
O=C1Nc2ccccc2C1N1CCN(Cc2ccc(Cl)cc2)CC1,6.0
CCC(C)(C)C(=O)NCCCCN1CCN(c2ccc(Cl)cc2)CC1,6.0
COc1ccc2c(c1)CN(C(=O)NCCCCN1CCN(c3cc(C(F)(F)F)nc(C(C)(C)C)n3)CC1)C2,6.0
CC(C)(C)c1nc(N2CCN(CCCCNC(=O)N3CCN(C(=O)c4ccccc4)CC3)CC2)cc(C(F)(F)F)n1,6.0
O=S(=O)(c1ccc(/C=C/c2ccc(F)cc2)nc1)c1cccc(F)c1,6.0
O=S(=O)(c1ccc(/C=C/c2ccc(F)cc2)nc1)c1ccccc1F,6.0
O=C1c2cnc(OC3COC3)cc2CCN1CCN1CCN(c2nsc3ccccc23)CC1,6.0
Cl.O=C1c2ccccc2CCC1C1CCN(Cc2ccccc2)CC1,6.0
O=c1[nH]c2c(O)ccc([C@@H](O)CNCCc3ccc(CNCCc4c(Cl)cccc4Cl)cc3)c2s1,6.0
COc1ccccc1CN(C)Cc1cccc(CCNC[C@H](O)c2ccc(O)c3[nH]c(=O)sc23)c1,6.0
Cc1nc2c(o1)CCN(CCN1CCN(c3nsc4ccccc34)CC1)C2=O,6.0
COc1cccc2c1-c1cccc3c1[C@@H](C2)N(C(C)C)CC3,6.0
O=S(=O)(c1cncc2ccccc12)N1CCC(CCN2CCN(c3cccc(F)c3)CC2)CC1,6.0
CC1(c2ccc(Cl)cc2)CCN(Cc2c[nH]c3ccccc23)CC1,6.0
CS(=O)(=O)Oc1ccc2c(c1)CC[C@H]1[C@H]2CCN1CCCCNC(=O)c1ccc(-c2ccccc2)cc1,6.0
Cc1noc2c1C(=O)N(CCN1CCC(c3noc4ccccc34)CC1)CC2,6.0
O=S(=O)(c1ccccc1)c1ccc(/C=C/c2ccc(F)cc2)nc1,6.0
COc1cccc(/C=C/C(=O)N[C@H]2CC[C@H](CCN3Cc4ccc(C#N)cc4C3)CC2)c1,6.0
CCCN[C@H]1COc2cccc(C(N)=O)c2C1,6.0
O=S(=O)(c1ccccc1)c1cnc2c(N3CCNCC3)cccc2c1,6.0
CCCN1CCC[C@@H]2CC3=C(CCCC3=O)C[C@H]21,6.0
COc1cc2ncnc(N3CCC(CN4CCN(c5ccc(Cl)cc5)CC4)C3)c2cc1OC,6.0
COc1cccc(N2CCN(CC3CCN(c4ncnc5cc(OC)c(OC)cc45)C3)CC2)c1,6.0
[O-][S+](CCCN1CCC(c2ccc(Cl)cc2)CC1)c1ccc(F)cc1,6.0
COc1ccc(Oc2cccc(CN3CCC(c4cccc(NC(=O)C(C)C)c4)CC3)c2)cc1,6.0
O=S(=O)(c1cccc(F)c1)N1CCC(CCc2ccc(F)cc2F)CC1,6.0
O=S(=O)(c1ccccc1F)N1CCC(CCc2ccc(F)cc2F)CC1,6.0
O=S(=O)(c1ccccc1Cl)N1CCC(CCc2ccc(F)cc2F)CC1,6.0
N#Cc1ccccc1S(=O)(=O)N1CCC(CCc2ccc(F)cc2F)CC1,6.0
O=S(=O)(c1ccccc1-c1cccc2ccccc12)N1CCC(CCc2ccc(F)cc2F)CC1,6.0
O=S(=O)(c1ccccc1-c1cccc2cccnc12)N1CCC(CCc2ccc(F)cc2F)CC1,6.0
O=C1COc2ccccc2N1CCN1CCN(Cc2ccc(Cl)cc2)CC1,6.0
CCCCN1CCC(CNC(=O)c2c3n(c4ccccc24)CCCO3)CC1,6.0
COc1cc2ccccc2cc1COCC1CCN(Cc2ccccc2)CC1,6.0
O=S(=O)(c1ccc(F)cc1)N1CC=C(CCc2ccc(F)cc2F)CC1,6.0
c1ccc2c(c1)CN(CCCCc1nc3ccccc3s1)C2,6.0
O=S(=O)(c1ccc(F)cc1)N1CCC(CCc2ccc(F)cc2F)CC1,6.0
COc1cccc(C(=O)NCCN2CCN(c3ccc(Cl)cc3)CC2)c1,6.0
COc1cccc(C(=O)NCCCN2CCN(c3ccccc3OC)CC2)c1,6.0
COc1cccc(-c2csc(CN3CCN(c4ccccc4OC)CC3)n2)c1.Cl.Cl.Cl.O,6.0
COc1cccc(C(=O)NCCN2CCN(Cc3ccc(Cl)cc3)CC2)c1.Cl.Cl.O,6.0
COc1cccc(C(=O)NCCN2CCN(Cc3ccccc3OC)CC2)c1.Cl.Cl.O,6.0
Cc1ccc2c(c1O)-c1cccc3c1[C@@H](C2)N(C(C)C)CC3,6.0
COc1ccc(OCCNCC2(F)CCN(C(=O)c3ccc(F)c(Cl)c3)CC2)nc1,6.0
COc1cccc(OCCNCC2(F)CCN(C(=O)c3ccc(F)c(Cl)c3)CC2)n1,6.0
C[C@H](Cc1cc2c(c(C(N)=O)c1)N(CCCO)CC2)NCCOc1ccccc1OCC(F)(F)F,6.0
Cc1cnc(OCCNCC2(F)CCN(C(=O)c3ccc(F)c(Cl)c3)CC2)nc1,6.0
Cc1ccc(OCCNCC2(F)CCN(C(=O)c3ccc(F)c(Cl)c3)CC2)nc1,6.0
O=S(=O)(c1ccc(F)cc1)N1CCC(F)(CCc2ccc(F)cc2F)CC1,6.0
O=C(c1ccc(F)c(Cl)c1)N1CCC(F)(CNCCOc2ncccn2)CC1,6.0
O=C(c1ccc(F)c(Cl)c1)N1CCC(F)(CNCCOc2cccc(-n3cccn3)n2)CC1,6.0
O=C(c1ccc(F)c(Cl)c1)N1CCC(F)(CNCCOc2cccc(N3CCCC3)n2)CC1,6.0
CN(C)c1cccc(OCCNCC2(F)CCN(C(=O)c3ccc(F)c(Cl)c3)CC2)n1,6.0
O=C(c1ccc(F)c(Cl)c1)N1CCC(F)(CNCCOc2cccc(F)n2)CC1,6.0
O=C(c1ccc(F)c(Cl)c1)N1CCC(F)(CNCCOc2cc(C(F)(F)F)ccn2)CC1,6.0
O=C(c1ccc(F)c(Cl)c1)N1CCC(F)(CNCCOc2ccc(Cl)cn2)CC1,6.0
C[C@H]1CO[C@@H](c2ccc(N)nc2)CN1CC(O)CCNC(=O)c1cc2ccccc2[nH]1,6.0
CC(Oc1ccccc1Cl)c1nc(N)nc(N2CCN(C)CC2)n1,6.0
COc1cc2c(cc1OC)C1=NO[C@@H](CN3CCN(Cc4ccc5ccccc5c4)CC3)[C@@H]1CO2,6.0
COc1cc2c(cc1OC)C1=NO[C@@H](CN3CCN(C/C=C(\C)c4ccccc4)CC3)[C@@H]1CO2,6.0
O=C(N1CCN(Cc2ccc(Cl)cc2)CC1)N1CCc2ccccc21,6.0
O=C(CN1CCN(Cc2ccc(Cl)cc2)CC1)N1CCc2cc([N+](=O)[O-])ccc21,6.0
O=C(CN1CCN(Cc2ccc(Cl)cc2)CC1)N1CCc2c(F)cccc21,6.0
O=C(c1ccccc1F)N1CCC(CCc2ccc(F)cc2F)CC1,6.0
O=C(c1ccc(F)c(Cl)c1)N1CCC(F)(CNCCOc2ccc(Cl)cc2)CC1,6.0
c1ccc(CCN2[C@@H]3CC[C@H]2CC(c2c(-c4ccccc4)[nH]c4ccccc24)C3)cc1,6.0
COc1ccc2onc(N3CCN(CCCCNC(=O)c4cccc(-c5noc(C)n5)c4)CC3)c2c1,6.0
CC(Nc1nccc(NCCOc2ccc(F)cc2)n1)c1ccccc1,6.0
C[C@H](Nc1ccnc(NCCOc2ccc(F)cc2)n1)c1ccccc1,6.0
C[C@H](Nc1cc(NCCOc2ccc(F)cc2)ccn1)c1ccccc1,6.0
O=C(c1ccc(F)c(Cl)c1)N1CCC(F)(CNCCOc2ccc(F)cn2)CC1,6.0
CC1Cc2ccccc2N1C(=O)CN1CCN(C(c2ccccc2)c2ccc(Cl)cc2)CC1,6.0
COc1cccc(SCCNCC2(F)CCN(C(=O)c3ccc(F)c(Cl)c3)CC2)c1,6.0
O=C(c1ccc(F)c(Cl)c1)N1CCC(F)(CNCCSc2ccccn2)CC1,6.0
c1ccc2c(N3CCNCC3)cccc2c1,6.0
CC(=O)Nc1cc(Cl)ccc1/C=C/C(=O)N1CCN(Cc2ccc(F)cc2)C[C@H]1C,6.0
COc1ccc2onc(N3CCN(CCCCNC(=O)c4cccc(-n5ccnc5)c4)CC3)c2c1,6.0
COc1ccnc(OCCNCC2(F)CCN(C(=O)c3ccc(F)c(Cl)c3)CC2)c1,6.0
C[C@H](Nc1cncc(NCCOc2ccc(F)cc2)c1)c1ccccc1,6.0
COc1cccc(C(=O)NCCN2CCN(c3ccc(F)cc3)CC2)c1,6.0
Cc1ccc2c(c1O)-c1cccc3c1[C@@H](C2)N(Cc1ccccc1)CC3,6.0
CC(C(O)c1ccc(O)cc1)N1CCC(Cc2ccccc2)CC1,6.0
COc1c(C)ccc2c1-c1cccc3c1[C@@H](C2)N(C(C)C)CC3,6.0
COc1cccc2c1CC[C@@H](NCc1ccccc1)C2,6.0
CN1CCc2cccc3c2[C@H]1Cc1ccc(-c2ccccc2)c(O)c1-3,6.0
c1c2c(cc3c1CC[C@H]1NCCO[C@H]31)OCC2,6.0
COc1cccc(C(=O)NCCN2CCN(c3ccccn3)CC2)c1,6.0
COc1cccc(C(=O)NCCN2CCN(c3cccc4ccccc34)CC2)c1,6.0
COc1cccc(C(=O)NCCN2CCN(c3ccc(Cl)cn3)CC2)c1,6.0
O=C(NCCCCN1CCC(=C2c3ccccc3CC(=O)c3sccc32)CC1)c1ccc2ccccc2c1,6.0
CCC(=O)N(c1ccccc1OC)C1CCN(CCCCNC(=O)c2ccc3ccccc3c2)CC1,6.0
COc1ccccc1NC1CCN(CCCCNC(=O)/C=C/c2ccccc2)CC1,6.0
O=C(NC1CCN(Cc2ccccc2)CC1)c1ccc2ccccc2c1,6.0
O=C(c1ccc(F)c(Cl)c1)N1CCC(F)(CNCCOc2ccnnc2)CC1,6.0
CCCN(CCC)C1CCc2cc(CCc3ccc(C(C)=O)cc3)ccc2C1,6.0
CC(C)N1CCc2cccc3c2[C@H]1Cc1cccc(O)c1-3,6.0
CCN(C)CCc1c(-c2ccco2)[nH]c2ccccc12,6.0
CCN(CC)CCc1c(-c2ccccc2)[nH]c2ccccc12,6.0
CCc1c(S(=O)(=O)Nc2ccc3nccc(N4CCNCC4)c3c2)sc2ccc(Cl)cc12,6.0
c1ccc(-c2[nH]c3ccccc3c2CCN2CCC2)cc1,6.0
O=C(NC1CCN(Cc2ccccc2)CC1)c1cccc2ccccc12,6.0
CN(C)CCc1c(-c2ccccc2)[nH]c2ccccc12,6.0
CCN1C(=O)C(N2CCN(Cc3ccc(Cl)cc3)CC2)CCc2ccccc21,6.0
CN1C(=O)C(C)(N2CCN(Cc3ccc(Cl)cc3)CC2)c2ccccc21,6.0
COc1cccc2c1-c1cccc3c1[C@@H](C2)NCC3,6.0
Cc1ccc(CN2CCN(C3C(=O)Nc4ccccc43)CC2)cc1,6.0
CC(C)(C)c1ccccc1N1CCN(CCCCCC(=O)NC2CCCc3ccccc32)CC1,6.0
NC(=O)c1ccccc1N1CCN(CCCCCC(=O)NC2CCCc3ccccc32)CC1,6.0
COc1cccc2c1-c1cccc3c1[C@@H](C2)N(Cc1ccccc1)CC3,6.0
O=C(c1ccc(F)c(Cl)c1)N1CCC(F)(CNCCOc2cncnc2)CC1,6.0
CCCN(CCCCNC(=O)c1cc2ccccc2[nH]1)C[C@H]1C[C@@H]1c1cccc(Cl)c1Cl.Cl,6.0
CC(C)(C)c1nc(N2CCN(CCCCNC(=O)N3CCN(C(c4ccccc4)c4ccc(Cl)cc4)CC3)CC2)cc(C(F)(F)F)n1,6.0
O=C(c1cccc(CN2CCN3c4ccccc4OCC3C2)c1)N1CCc2ccccc21,6.0
CC(C)Oc1ccccc1N1CCN(Cc2cccc(C(=O)N3CCc4ccccc43)c2)CC1,6.0
O=C(c1cccc(CN2CCc3c([nH]c4ccccc34)C2)c1)N1CCc2ccccc21,6.0
C[C@@H]1CN(CC(=O)N2CCc3ccccc32)CCN1Cc1ccc(Cl)cc1,6.0
O=C(CCCCCN1CCN(c2ccccc2)CC1)NC1CCCc2ccccc21,6.0
O=C(c1ccc(F)c(Cl)c1)N1CCC(F)(CNCCOc2cnccn2)CC1,6.0
O=C(c1ccc(F)c(Cl)c1)N1CCC(F)(CNCCOc2ccncc2)CC1,6.0
O=C(c1ccc(F)c(Cl)c1)N1CCC(F)(CNCCOc2cccnc2)CC1,6.0
Cc1cnc(CNCC2(F)CCN(C(=O)c3ccc(F)c(Cl)c3)CC2)nc1,6.0
O=C(c1ccc(Cl)c(Cl)c1)N1CCC(F)(CNCCOc2ccccn2)CC1,6.0
O=C(c1ccc(Cl)c(Cl)c1)N1CCC(F)(CNCCOc2ccccc2)CC1,6.0
COc1cccc(C(=O)NCCN2CCN(c3cc(C)ccn3)CC2)c1.Cl.Cl,6.0
CCCN(CCC)C1CCC2=C(CCC/C2=N\OC)C1,6.0
O=c1[nH]c2c(O)ccc([C@@H](O)CNCCCSCCNCCc3cccc(Cl)c3Cl)c2s1,6.0
O=S(=O)(c1ccc(F)cc1)N1CCN(CCc2ccc(F)cc2F)CC1,6.0
N#Cc1c[nH]c2c(C(=O)N3CCN(CCc4ccc(F)cc4F)CC3)cccc12,6.0
O=C(CCCCCN1CCN(c2ccccn2)CC1)NC1CCCc2ccccc21,6.0
O=C(c1ccc(F)c(Cl)c1)N1CCC(F)(CNCCOc2ccccn2)CC1,6.0
CC(=O)Nc1ccccc1N1CCN(CCCCCC(=O)NC2CCCc3ccccc32)CC1,6.0
O=C(c1ccc(F)c(Cl)c1)N1CCC(F)(CNCCCc2ccccc2)CC1,6.0
O=C(c1ccc(F)c(Cl)c1)N1CCC(F)(CNCCCc2ccccn2)CC1,6.0
O=C(c1ccc(F)c(Cl)c1)N1CCC(F)(CNCCNc2ccccc2)CC1,6.0
O=C(c1ccc(F)c(Cl)c1)N1CCC(F)(CNCCNc2ccccn2)CC1,6.0
O=C(c1ccc(F)c(Cl)c1)N1CCC(F)(CNCCSc2ccccc2)CC1,6.0
O=C(c1ccc(F)c(Cl)c1)N1CCC(F)(CNCCOc2ccccc2)CC1,6.0
CS(=O)(=O)Nc1ccccc1N1CCN(CCCCCC(=O)NC2CCCc3ccccc32)CC1,6.0
FC(F)(F)c1cccc(N2CCN(CCCc3ccc4nc[nH]c4c3)CC2)c1,6.0
Clc1ccc(N2CCN(CCCc3ccc4nc[nH]c4c3)CC2)cc1,6.0
COc1ccc(N2CCN(CCCc3ccc4nc[nH]c4c3)CC2)cc1,6.0
FC(F)(F)c1cccc(N2CCN(CCOc3ccc4nc[nH]c4c3)CC2)c1,6.0
COc1cccc(N2CCN(CCOc3ccc4nc[nH]c4c3)CC2)c1,6.0
COc1ccc(N2CCN(CCOc3ccc4nc[nH]c4c3)CC2)cc1,6.0
S=c1[nH]c2ccc(OCCN3CCN(c4ccc(Cl)cc4)CC3)cc2[nH]1,6.0
COc1ccc(N2CCN(CCOc3ccc4[nH]c(=O)[nH]c4c3)CC2)cc1,6.0
CN1CCc2cc(-c3ccc(O)cc3)c(O)cc2C(c2ccccc2)C1,6.0
CN1CCc2cc(-c3ccc4ccccc4c3)c(O)cc2C(c2ccccc2)C1,6.0
Cc1ccccc1-c1cc2c(cc1O)C(c1ccccc1)CN(C)CC2,6.0
Cc1cccc(-c2cc3c(cc2O)C(c2ccccc2)CN(C)CC3)c1,6.0
Cc1ccc(-c2cc3c(cc2O)C(c2ccccc2)CN(C)CC3)cc1,6.0
CN1CCc2cc(-n3cccc3)c(O)cc2C(c2ccccc2)C1,6.0
Cl.NC(N)=NC(=O)c1ccc2c(c1)C(O)c1ccccc1-2,6.0
Cn1cc(CC(=O)N[C@H]2CC[C@](F)(CCN3CCc4ccc(OCC(F)F)nc4CC3)CC2)cn1,6.0
Cc1cnc(CC(=O)N[C@H]2CC[C@](F)(CCN3CCc4nc(OCC(C)(F)F)sc4CC3)CC2)o1,6.0
CCN(CC)c1cc2c(cc1O)C(c1ccccc1)CN(C)CC2,6.0
CC(=O)Nc1cc2c(cc1O)C(c1ccccc1)CN(C)CC2,6.0
Cc1ccc(CNc2cc3c(cc2O)C(c2ccccc2)CN(C)CC3)cc1,6.0
Cc1ccc(N2CCN(CCN(C)C[C@]34CC[C@H](CC3)C4(C)C)C2=O)cc1,6.0
COc1ccccc1N1CCN(CC(O)CCNC(=O)c2ccc3cc(F)ccc3n2)CC1,6.0
Cc1ccc(N2CCN(CCCSc3ccc(F)cc3)CC2)nc1,6.0
N=C(N)NCCC[C@H](NC(=O)[C@H](CCCNC(=N)N)NC(=O)[C@H](CCCNC(=N)N)NC(=O)[C@H](CCC(N)=O)NC(=O)[C@@H]1CCCN1C(=O)[C@H](CCCNC(=N)N)NC(=O)[C@H](CCCCN)NC(=O)[C@H](CCCCN)NC(=O)[C@@H](N)CCCNC(=N)N)C(=O)O,6.0
CSCC[C@H](NC(=O)[C@H](CC(C)C)NC(=O)[C@H](CCCCN)NC(=O)[C@H](CCC(N)=O)NC(=O)[C@H](CCCNC(=N)N)NC(=O)[C@H](CCCCN)NC(=O)[C@H](CCCNC(=N)N)NC(=O)[C@H](CCC(N)=O)NC(=O)[C@@H](N)C(C)C)C(=O)N1CCC[C@H]1C(=O)O,6.0
CC[C@H](C)[C@H](NC(=O)[C@H](C)NC(=O)[C@@H](N)Cc1cnc[nH]1)C(=O)N[C@@H](Cc1ccc(O)cc1)C(=O)N1CCC[C@H]1C(=O)N[C@@H](CCCNC(=N)N)C(=O)N[C@@H](Cc1cnc[nH]1)C(=O)O,6.0
CC[C@H](C)[C@H](NC(=O)[C@H](C)NC(=O)[C@H](Cc1cnc[nH]1)NC(=O)[C@H](CCCCNC(=O)O/N=C/c1ccc([Si](F)(C(C)(C)C)C(C)(C)C)cc1)NC(=O)CCOCCOCCOCCOCCNC(=O)CCCCCN1C(=O)CC(SC[C@H](N)C(=O)O)C1=O)C(=O)N[C@@H](Cc1ccc(O)cc1)C(=O)N1CCC[C@H]1C(=O)N[C@@H](CCCNC(=N)N)C(=O)N[C@@H](Cc1cnc[nH]1)C(=O)O,6.0
COc1ccc(OCCNCC2(F)CCN(C(=O)c3ccc(Cl)c(Cl)c3)CC2)cc1,6.0
COc1ccc(OCCNCC2(F)CCN(C(=O)c3ccc(F)c(Cl)c3)CC2)cc1,6.0
COc1cccc(OCCNCC2(F)CCN(C(=O)c3ccc(Cl)c(Cl)c3)CC2)c1,6.0
COc1cccc(OCCNCC2(F)CCN(C(=O)c3ccc(F)c(Cl)c3)CC2)c1,6.0
O=C(c1ccc(F)c(Cl)c1)N1CCC(F)(CNCCOc2cccc(F)c2)CC1,6.0
O=C(c1ccc(F)c(Cl)c1)N1CCC(F)(CNCCOc2cccc(Cl)c2)CC1,6.0
CC(=O)Nc1cccc(OCCNCC2(F)CCN(C(=O)c3ccc(Cl)c(Cl)c3)CC2)c1,6.0
CC(=O)Nc1cccc(OCCNCC2(F)CCN(C(=O)c3ccc(F)c(Cl)c3)CC2)c1,6.0
Cc1ncccc1C(=O)N[C@H]1CC[C@](F)(CCN2CCc3nc(OCC(C)(F)F)sc3CC2)CC1,6.0
O=C1CCc2ccc(OCC#CCN3CCN(c4cccc(Cl)c4Cl)CC3)cc2N1,6.0
CN1CCc2cc3oc(=O)[nH]c3cc2C(c2ccccc2)C1,6.0
CN1CCc2ccc(N(C)C)cc2C(c2ccccc2)C1,6.0
Cl.N#Cc1ccc2c(c1)CCN(CC[C@H]1CC[C@H](NC(=O)c3ccnc4ccccc34)CC1)C2,6.0
CN1CCc2ccc(N)cc2C(c2ccccc2)C1,6.0
CN1CCc2cc(N)ccc2C(c2ccccc2)C1,6.0
CCOCC(=O)N[C@H]1CC[C@H](CCN2CCN(c3nccc4occc34)CC2)CC1,6.0
O=C(/C=C/c1ccc2ccccc2c1)NCCCCN1CCc2ccc(OS(=O)(=O)C(F)(F)F)cc2C1,6.0
O=C(c1ccc(F)c(Cl)c1)N1CCC(F)(CNCCOc2ccc(F)cc2)CC1,6.0
Cc1cccc(OCCNCC2(F)CCN(C(=O)c3ccc(F)c(Cl)c3)CC2)c1,6.0
O=C(c1ccc(F)c(Cl)c1)N1CCC(F)(CNCCOc2ccccc2Cl)CC1,6.0
O=C(c1ccc(F)c(Cl)c1)N1CCC(F)(CNCCOc2ccccc2F)CC1,6.0
CC(=O)Nc1cccc(OCCNCC2(F)CCN(C(=O)c3ccc(F)c(Cl)c3)CC2)n1,6.0
NC(=O)c1cccc(OCCNCC2(F)CCN(C(=O)c3ccc(F)c(Cl)c3)CC2)c1,6.0
O=C(c1ccc(F)c(Cl)c1)N1CCC(F)(CNCCOc2cccc(C(F)(F)F)c2)CC1,6.0
CN(C)c1cccc(OCCNCC2(F)CCN(C(=O)c3ccc(F)c(Cl)c3)CC2)c1,6.0
O=C(c1ccc(F)c(Cl)c1)N1CCC(F)(CNCCOc2cccc3[nH]ccc23)CC1,6.0
CC1CCN(CC[C@H]2CCCN2S(=O)(=O)c2ccc(Cl)c(Cl)c2)CC1,6.0
CNc1ccc2c(c1)C(c1ccccc1)CN(C)CC2,6.0
CN1CCc2cc(Cl)c(O)cc2[C@H]2c3cccc(NS(C)(=O)=O)c3CC[C@@H]21,6.0
O=C(c1cccc2cccnc12)N1CCC(CCc2ccc(F)cc2F)CC1,6.0
O=S(=O)(c1ccc(F)cc1)C1CCN(CCc2ccc(F)cc2F)CC1,6.0
CC(C)(CCCN1CCCC(C(F)(F)F)C1)S(=O)(=O)c1ccccc1,6.0
O=S(=O)(c1ccccc1)C1(F)CCN(CCc2ccc(F)cc2F)CC1,6.0
Fc1ccc2c(c1)CC(CC1CN=CN1)C2,6.0
COc1cccc2c1CCC[C@H]2CN(C)CCc1ccc2ccoc2c1,6.0
O=S(=O)(c1ccc(F)cc1)N1CCC(O)(CCc2ccc(F)cc2F)CC1,6.0
CN1CCc2cccc3c2[C@H]1Cc1cccc(-c2c(O)cccc2O)c1-3,6.0
O=C(c1cccc(CN2CCN3c4ccccc4OCC3C2)c1)N1CCCCC1,6.0
CN1CCc2cc(O)c(CN)cc2C(c2ccccc2)C1,6.0
Cc1cccc(OCCNCC2(F)CCN(C(=O)c3ccc(F)c(Cl)c3)CC2)n1,6.0
O=C(c1ccc(F)c(Cl)c1)N1CCC(F)(CNCCOc2cccc(Cl)n2)CC1,6.0
O=C(c1ccc(F)c(Cl)c1)N1CCC(F)(CNCCOc2cc(F)ccn2)CC1,6.0
O=C(c1ccc(Cl)c(Cl)c1)N1CCC(F)(CNCCOc2cccc3c2OCCO3)CC1,6.0
O=C(c1ccc(F)c(Cl)c1)N1CCC(F)(CNCCOc2cccc3cccnc23)CC1,6.0
COc1ccc2onc(N3CCN(CCCCNC(=O)c4cccc(N5CCOCC5)c4)CC3)c2c1,6.0
O=S(=O)(c1ccc(Cl)cc1)C1(F)CCN(CCc2ccc(F)cc2F)CC1,6.0
COc1ccc2onc(N3CCN(CCCCNC(=O)c4cccc(-c5ncccn5)c4)CC3)c2c1,6.0
O=c1[nH]c2c(O)ccc([C@@H](O)CNCCCSCCNCCc3ccccc3Cl)c2s1,6.0
CCCN[C@@H]1CCc2nc(N)sc2C1,6.0
Cc1ccc(CNCC2(F)CCN(C(=O)c3ccc(F)c(Cl)c3)CC2)nc1,6.0
CN1CCc2cc(O)c(CO)cc2C(c2ccccc2)C1,6.0
CC(C)(O)CC(=O)N[C@H]1CC[C@H](CCN2CCN(c3nccc4c3CCO4)CC2)CC1,6.0
CO/N=C(\c1ccc(Cl)cc1)C(O)CN1CCN(c2ccccn2)CC1,6.0
NC(=O)c1ccc(S(=O)(=O)C2CCN(CCc3ccc(F)cc3F)CC2)cc1,6.0
CN1CCc2cc(N)c(O)cc2C(c2ccccc2)C1,6.0
CN1CCc2ccc(O)cc2C(c2ccccc2)C1,6.0
Nc1nc(N)nc(NCCCCCCN2CCN(c3ccccc3)CC2)n1,6.0
Cc1c(C#Cc2ccc(CN3CCC(CO)CC3)cc2)cc(C(F)F)c2cn(C(C(=O)Nc3nccs3)c3ncn4c3CCC43CC3)nc12,6.0
CCc1cc([C@]23C[C@H]2CN(CC[C@H]2CC[C@H](NC(=O)Cc4cnn(C)c4)CC2)C3)no1,6.0
CN1CCc2cc(O)ccc2C(c2ccccc2)C1,6.0
CC1(O)c2ccccc2-c2ccc(C(=O)N=C(N)N)cc21.Cl,6.0
CN1CCc2cc(O)c(N)cc2C(c2ccccc2)C1,6.0
O=S(=O)(NCCCN1CCC(c2noc3cc(F)ccc23)CC1)c1cccc2scnc12,6.0
O=S(=O)(NCCCCN1CCC(c2noc3cc(F)ccc23)CC1)c1cnc2ccccn12,6.0
O=S(=O)(NCCCCN1CCC(c2noc3cc(F)ccc23)CC1)c1cccs1,6.0
C[C@@H]1Cc2ccccc2N1C(=O)CN1CCN(Cc2cccc(F)c2)CC1,6.0
Fc1ccc(CCN2CCC3(CCc4ccccc4C3)CC2)c(F)c1,6.0
COc1ccccc1CNCCc1cccc(CCNC[C@H](O)c2ccc(O)c3[nH]c(=O)sc23)c1,6.0
Cc1ccccc1CNc1cc2c(cc1O)C(c1ccccc1)CN(C)CC2,6.0
Cc1cccc(CNc2cc3c(cc2O)C(c2ccccc2)CN(C)CC3)c1,6.0
CN1CCc2cc(NCc3cccc(Cl)c3)c(O)cc2C(c2ccccc2)C1,6.0
CN1CCc2cc(NCc3ccccc3)c(O)cc2C(c2ccccc2)C1,6.0
CSc1cccc(C(=O)NC[C@H]2CCCN2CCc2ccccc2)c1,6.0
O=C(NC[C@@H]1CCCN1CCc1ccccc1)C1CCCCC1,6.0
O=C(NC[C@@H]1CCCN1CCc1ccccc1)c1ccccc1,6.0
CSc1cccc(C(=O)NC[C@@H]2CCCN2CCc2ccccc2)c1,6.0
O=C(NC[C@H]1CCCN1CCc1ccccc1)C1CCCCC1,6.0
O=c1[nH]c2c(O)ccc([C@@H](O)CNCCSCCCOCCc3ccccc3)c2s1,6.0
O=c1[nH]c2c(O)ccc([C@@H](O)CNCCCSCCOCCc3ccccc3)c2s1,6.0
O=c1[nH]c2c(O)ccc([C@@H](O)CNCCCOCCOCCc3cccc4ccccc34)c2s1,6.0
CCC1CC(=O)c2c(N3CCN(C)CC3)cccc2N1S(=O)(=O)c1ccc2ccccc2c1,6.0
CCCN(CCC)[C@H]1CCc2ccc3[nH]c(C(N)=O)cc3c2C1,6.0
CCCN(CC1CC1)[C@H]1CCc2ccc3[nH]c(C(N)=O)cc3c2C1,6.0
CCCN(CCC)C1COc2c(cccc2C(=O)c2ccccc2)C1,6.0
O=C(NCCCCN1CCN(c2ccccn2)CC1)c1ccc2ccccc2n1,6.0
CSc1ccccc1OCCNCC1(F)CCN(C(=O)c2ccc(F)c(Cl)c2)CC1,6.0
CCCN(CCC)C1COc2c(cccc2C(=O)c2ccc(C(C)=O)cc2)C1,6.0
CCCN(CCC)C1COc2c(cccc2C(=O)c2ccsc2)C1,6.0
Cc1nc(-c2ccc(-c3ccc(C(=O)N4CCc5cc6c(cc54)C4(CCN(C)CC4)CO6)cc3)c(C)c2)no1,6.0
CCCN(CCC)C1COc2c(cccc2C(=O)c2ccc(C(F)(F)F)cc2)C1,6.0
CCCN(CCC)C1COc2c(cccc2C(=O)c2ccc(OC)cc2)C1,6.0
c1ccc(CCN2C3CCC2CC3)cc1,6.0
O=C(N[C@H]1CCN(Cc2ccccc2)C1)c1ccc(-c2ccsc2)cc1,6.0
CCOC(=O)N1CCc2ccccc2Cc2ccsc2CC1,6.0
CCOC(=O)N1CCc2ccccc2Cc2sccc2CC1,6.0
Cl.NC(N)=NC(=O)c1ccc2c(c1)C1(CCCO1)c1ccccc1-2,6.0
Cn1c(SCCCN2CC3CCN(c4c(F)cc(F)cc4F)C3C2)nnc1-c1ccn(C)c(=O)c1,6.0
COc1cccc(N2CCN(CCCCNC(=O)c3cc4ccccc4o3)CC2)c1,6.0
Cc1cccc(N2CCN(CCCCNC(=O)c3cc4ccccc4o3)CC2)n1,6.0
O=C(NCCCCN1CCN(Cc2ccccc2)CC1)c1cc2ccccc2o1,6.0
CCCN(CCC)C1COc2c(cccc2-c2ccccc2OC)C1,6.0
COCCN(CCOC)c1nc(C)nc2c(-c3cc(C)c(OC)cc3C)c(C)nn12,6.0
CCC(CC)Nc1nc(C)nc2c(-c3cc(F)c(OC)cc3Cl)c(C)nn12,6.0
COCCN(CCOC)c1nc(C)nc2c(-c3ccc(OC)cc3C)c(C)nn12,6.0
CCCN1CCO[C@@H]2c3cc(C(=O)OC)ccc3CC[C@H]21,6.0
NCCc1c[nH]c2ccc(OCC(=O)N3CCN(c4cccc5ccccc45)CC3)cc12,6.0
O=C(NC[C@H]1CCCN1CCc1ccccc1)c1ccccc1,6.0
Cn1cc2c(C(=O)N[C@H]3CC[C@H](CCN4CCc5sc(CCC(F)(F)F)nc5C4)CC3)cccc2n1,6.0
CCOC(=O)N1CCc2ccccc2Cc2sc3ccccc3c2CC1,6.0
CN(C)C(=O)N[C@H]1CC[C@H](CCN2CCc3ccccc3C2)CC1,6.0
CCOc1ccccc1N1CCN(CCCC(=O)NCc2nc3ccc(F)cc3c(=O)n2-c2ccccc2)CC1,6.0
O=C(N[C@H]1CC[C@H](CCN2CCN(c3nccc4sccc34)CC2)CC1)C1CCOCC1,6.0
O=C(c1ccc(F)c(Cl)c1)N1CCC(F)(CNCCOc2cccc(C(F)(F)F)n2)CC1,6.0
COc1ccc(OC)c(C2CCN(Cc3cnn(-c4ccccc4F)c3C)C2)c1,6.0
CC(C)(C)c1ccc(SCCc2c[nH]cn2)cc1,6.0
Cc1[nH]cnc1Cc1nc(-c2ccccc2)cs1,6.0
CN1CCN(C2=Nc3ccccc3Oc3ccc(OS(C)(=O)=O)cc32)CC1,6.0
CN(CCC=C1c2ccccc2CCc2ccccc21)C(=O)c1ccc(OCCCN2CCCCC2)cc1,6.0
Cc1cc2c(cc1C(F)(F)F)N(C(=O)Nc1ccc(Oc3cccnc3C)nc1)CC2,6.0
COc1ccc(S(=O)(=O)N2CCCc3ccccc32)cc1-c1ccc(CN2CCCCCC2c2ccccc2)[nH]1,6.0
CC[C@@H](C)Nc1nc(C)nc2c(-c3c(C)cc(OC)cc3OC)c(C)nn12,6.0
CCN/C(=N\S(=O)(=O)c1cccc(Cl)c1)N1N=CCC1c1ccccc1,6.0
CCN/C(=N\S(=O)(=O)c1cccc(Cl)c1)N1CC(CC)C=N1,6.0
O=C(NCCCCN1CCN(c2ccccc2)CC1)c1cc2ccccc2o1,6.0
CCCN(CCC)C1COc2c(cccc2C(=O)c2ccccc2OC)C1,6.0
CN1CCc2cc3c(cc2C(c2ccccc2)C1)NC(=O)CO3,6.0
CCN(CCN1CCC(c2noc3cc(F)c(C)cc23)CC1)C(=O)[C@H](C)O,6.0
CCN(CCN1CCC(n2ncc3cc(F)ccc32)CC1)C(=O)[C@@H](C)O,6.0
CCN(CCN1CCC(n2ncc3cc(F)ccc32)CC1)C(=O)CCO,6.0
O=C(NCCCCN1CCN(c2ccccc2)CC1)[C@@H]1CCc2ccccc2N1,6.0
Cc1cccc(N2CCN(CCCCNC(=O)[C@@H]3CCc4ccccc4N3)CC2)c1,6.0
Cn1ncc(CC(=O)N[C@H]2CC[C@H](CCN3CCc4nc(OCC(C)(F)F)sc4CC3)CC2)n1,6.0
C[C@H](Oc1nc2c(s1)CCN(CC[C@H]1CC[C@H](NC(=O)c3cccc(=O)n3C)CC1)CC2)C(F)(F)F,6.0
O=C(NCCCCN1CCN(c2ccccc2)CC1)c1ccc2ncccc2c1,6.0
Cc1cccc(N2CCN(CCCCNC(=O)c3ccccc3)CC2)n1,6.0
COc1cccc(N2CCN(CCCCNC(=O)c3ccccc3)CC2)n1,6.0
O=C(NCCCCN1CCN(c2ccccc2)CC1)c1ccccn1,6.0
COc1cccc(N2CCN(CCCCNC(=O)c3ccccn3)CC2)c1,6.0
COc1cccc(N2CCN(CCCCNC(=O)c3c[nH]c4ccccc34)CC2)c1,6.0
CNc1ccccc1OCCNCC1(F)CCN(C(=O)c2ccc(F)c(Cl)c2)CC1,6.0
NC(=O)c1ccccc1OCCNCC1(F)CCN(C(=O)c2ccc(F)c(Cl)c2)CC1,6.0
CN1CCc2cc3ocnc3cc2C(c2ccccc2)C1,6.0
CCN(CCN1CCC(c2noc3cc(Cl)ccc23)CC1)S(=O)(=O)CCO,6.0
Cn1cc(CC(=O)N[C@H]2CC[C@H](CCN3CCc4ccc(CCC(F)(F)F)nc4CC3)CC2)c(F)n1,6.0
Cc1nc(CC(=O)N[C@H]2CC[C@H](CCN3CCc4nc(OCC(F)(F)F)sc4CC3)CC2)n(C)n1,6.0
CCN(CCN1CCC(c2noc3ccc(C)cc23)CC1)S(=O)(=O)CCO,6.0
CCN(CCN1CCC(c2noc3cc(F)c(C)cc23)CC1)S(=O)(=O)CCO,6.0
CCN(CCN1CCC(n2ccc3cc(F)ccc32)CC1)C(=O)C(C)O,6.0
CCN(CCN1CCC(c2c[nH]c3ccccc23)CC1)C(=O)[C@@H](C)O,6.0
O=C(c1ccc(F)c(Cl)c1)N1CCC(F)(CNCCOc2cccc3c2OCCO3)CC1,6.0
CNc1cccc(OCCNCC2(F)CCN(C(=O)c3ccc(F)c(Cl)c3)CC2)c1,6.0
O=C(NCCCCN1CCN(c2ccccc2)CC1)c1cc2ccccc2cn1,6.0
COc1cccc(N2CCN(CCCCNC(=O)c3cc4ccccc4cn3)CC2)c1,6.0
Cc1cccc(N2CCN(CCCCNC(=O)c3cc4ccccc4cn3)CC2)n1,6.0
O=C(NCCCCN1CCN(c2ncccn2)CC1)c1cc2ccccc2cn1,6.0
O=C(NCCCCN1CCN(c2cnc3ccccc3c2)CC1)c1cc2ccccc2cn1,6.0
O=C(NCCCCN1CCN(c2ccc(F)cc2)CC1)c1cc2ccccc2cn1,6.0
O=C(NCCCCN1CCN(c2ccc(O)cc2)CC1)c1cc2ccccc2cn1,6.0
O=C(NCCCCN1CCN(c2ccccc2)CC1)c1ccc2ccccc2n1,6.0
Cc1cccc(N2CCN(CCCCNC(=O)c3ccc4ccccc4n3)CC2)c1,6.0
COc1cccc(N2CCN(CCCCNC(=O)c3ccc4ccccc4n3)CC2)c1,6.0
CCN(CCN1CCC(c2c[nH]c3ccccc23)CC1)C(=O)[C@H](C)O,6.0
CCN(CCN1CCC(n2ncc3cc(F)ccc32)CC1)C(=O)[C@H](C)O,6.0
CCN(CCN1CCC(c2noc3cc(Cl)ccc23)CC1)C(=O)[C@H](C)O,6.0
CCN(CCN1CCC(c2noc3ccc(C)cc23)CC1)C(=O)[C@H](C)O,6.0
c1ccc(Cc2ccccc2OCCCN2CCCC2)cc1,6.0
CNCC1Cc2ccc3c(ccn3S(=O)(=O)c3cccc4ccccc34)c21,6.0
O=c1[nH]c2ccc(OCCN3CCN(c4ccccc4Cl)CC3)cc2[nH]1,6.0
O=c1[nH]c2ccc(OCCN3CCN(c4ccc(Cl)cc4)CC3)cc2[nH]1,6.0
c1ccc(N2CCN(CCOc3ccc4nn[nH]c4c3)CC2)cc1,6.0
FC(F)(F)c1cccc(N2CCN(CCOc3ccc4nn[nH]c4c3)CC2)c1,6.0
Cc1cccc(N2CCN(CCCCNC(=O)c3ccccn3)CC2)n1,6.0
COc1cccc(N2CCN(CCCCNC(=O)c3ccccn3)CC2)n1,6.0
COc1cccc(N2CCN(CCCCNC(=O)c3cccc(C)n3)CC2)c1,6.0
O=C(NCCCCN1CCN(c2ccccc2)CC1)c1cccnc1,6.0
CN1CCN(c2nc3cc4c(cc3o2)CCN(C)CC4c2ccccc2)CC1,6.0
COc1c(C(=O)NCCN2CCN(c3ccc(C)cc3)CC2)cc(Br)c2ccccc12,6.0
O=C(N[C@H]1CC[C@H](CCN2CCc3nc(OC4CC(F)(F)C4)sc3CC2)CC1)c1cccnc1C(F)F,6.0
O=C(NCCCCN1CCN(c2ccccc2)CC1)[C@H]1CCc2ccccc2N1,6.0
COc1ccccc1N1CCN(CC(O)CN2C(=O)NC(C)(c3ccccc3)C2=O)CC1.Cl,5.99
O=C1c2ccc(F)cc2CC1CCN1CCCN(c2ccc(Cl)cc2)CC1,5.99
CC(C)(C)c1nc(N2CCN(CCCCNC(=O)N3CCN(c4ccccc4-c4ccccc4)CC3)CC2)cc(C(F)(F)F)n1,5.99
O=C(NCCCCN1CCO[C@@H]2c3ccccc3OC[C@H]21)c1ccc(-c2ccccc2)cc1,5.99
Cn1c(SCCCN2C[C@@H]3CCN(c4ccc(C(F)(F)F)cc4)[C@@H]3C2)nnc1-c1ccc(C(N)=O)nc1,5.99
CC(Oc1cc(F)ccc1F)c1nc(N)nc(N2CCN(C)CC2)n1,5.99
O=C(NCCCCN1CCN(c2ccnc3cc(Cl)ccc23)CC1)C1CCC(c2ccccc2)CC1,5.99
O=C1c2cnc(C(F)(F)F)cc2CCN1CCN1CCN(c2nsc3ccccc23)CC1,5.99
c1ccc(Cc2ccccc2OCCN2CCCCC2)cc1,5.99
Oc1ccc2c(c1)CCN2,5.99
c1ccc(CCCN2CCN(Cc3cc4ccccc4o3)CC2)cc1,5.99
Cn1cnc2c1CCCN(CCN1CCC(c3noc4ccccc34)CC1)C2=O,5.99
CCc1nc2c(o1)C(=O)N(CCN1CCC(c3noc4ccccc34)CC1)CC2,5.99
COc1ccc2[nH]cc(CCNCc3ccc(-c4cnc5ccccc5c4)o3)c2c1,5.99
Cc1cccc(N)c1C(=O)NN1c2ccc(Cl)cc2N=C(N2CCN(C)CC2)c2ccccc21,5.99
COc1ccccc1N1CCN(CC(O)CCNC(=O)c2ccc3cccnc3c2)CC1,5.99
COc1ccccc1-c1cn(CCC(O)CN2CCN(c3ccccc3OC)CC2)nn1,5.99
CS(=O)(=O)CC(=O)N[C@H]1CC[C@H](CCN2CCN(c3nccc4c3CCO4)CC2)CC1,5.99
CCN(CC)CCCOc1ccc(-c2nc3ccccc3n2C/C=C/Cn2c(-c3ccc(OCCCC4CCCCC4)cc3)nc3ccccc32)cc1,5.99
COc1cc2c(cc1OC)Cc1ccccc1CCCN(C)CC2,5.99
CCCN(CCCCNC(=O)c1ccc(-c2ccccn2)cc1)C[C@H]1C[C@@H]1c1cccc(Cl)c1Cl.Cl,5.99
O=S(=O)(c1ccccc1)N1CCc2c(C3CCN(C4CCC4)CC3)cccc21,5.98
O=c1c(-c2ccc(F)cc2)c2n(c(=O)n1CCCCN1CCCC(c3c[nH]c4ccc(F)cc34)C1)CCCC2,5.98
Cn1c(SCCCN2CC3CCN(c4ccc(C(F)(F)F)cc4)C3C2)nnc1-c1cncnc1,5.98
CCCN(CCc1cccs1)C1CCc2c(cccc2OC2CCCC2)C1,5.98
O=C1c2oc(C3CC3)nc2CCN1CCN1CCN(c2nsc3ccccc23)CC1,5.98
Cc1ccc(N2CCN(CCCCc3nc4ccccc4s3)CC2)nc1,5.98
Cl.OC1(c2ccc(Cl)cc2)CC2CCC(C1)N2Cc1ccc(F)cc1,5.98
CCCN(CCC)[C@H]1CCc2cccc(OC)c2[C@H]1C,5.98
Nc1nc(N)nc(NCCCCCN2CCN(c3ccccc3)CC2)n1,5.98
OC1(c2ccc(Cl)cc2)CC2CCC(C1)N2Cc1ccc(F)cc1,5.98
S=c1sc2ccccc2n1CCCCN1CCN(C2CCCCC2)CC1,5.98
COc1ccccc1C1CC1CNCC[C@H]1CC[C@H](NC(=O)c2ccccc2)CC1,5.98
O=C1c2ccc(Cl)cc2CC1CCCCN1CCN(c2ccccn2)CC1,5.98
CC(C)(C)c1nc(N2CCN(CCCCNC(=O)N3CCc4[nH]c5ccc(C#N)cc5c4C3)CC2)cc(C(F)(F)F)n1,5.98
O=C(N[C@H]1CC[C@H](CCN2CCN(c3nccc4c3CCO4)CC2)CC1)C1CCCO1,5.98
Cc1ccc(N2CCN(CCCOc3ccc(F)cc3)CC2)nc1,5.98
CC(C)(C)c1nc(N2CCN(CCCCNC(=O)N3CCN(c4cccc(C(F)(F)F)c4)CC3)CC2)cc(C(F)(F)F)n1,5.98
O=C(NC[C@H]1C[C@H]1CN1CCN(c2cccc(Cl)c2Cl)CC1)c1ccc(-c2ccccn2)cc1,5.98
O=C(N[C@H]1CC[C@H](CCN2CCC(c3cccc4c3OCO4)CC2)CC1)C1COc2ccccc2C1,5.98
COc1c(OS(=O)(=O)C(F)(F)F)ccc2c1-c1cccc3c1[C@@H](C2)N(C)CC3,5.98
CCCN(C/C=C/I)C1CCc2cccc(O)c2C1,5.97
CC(C)CCC(=O)N[C@H]1CC[C@H](CCN2CCC(c3cccc4c3CCO4)CC2)CC1,5.97
O=S(=O)(NCC1CCN(CCOc2cccc(F)c2)CC1)c1cccs1,5.97
Cc1ncc2c(n1)CCN(CCN1CCN(c3nsc4ccccc34)CC1)C2=O,5.97
c1ccc(-c2nc(CN3CCN(c4ccccc4)CC3)cs2)cc1,5.97
Cc1noc2ccn(CCN3CCN(c4nsc5ccccc45)CC3)c(=O)c12,5.97
Cc1ccc2c(c1O)-c1cccc3c1[C@@H](C2)N(C)CC3,5.97
Cc1nccc2c1C(=O)N(CCN1CCN(c3noc4ccccc34)CC1)CC2,5.97
Cl.O=C1CC2(CCN(CCc3ccccc3)CC2)OC=C1c1cccs1,5.97
COc1ccc2c(c1)[C@H]1OCCN(CCCCNC(=O)c3ccc(-c4ccccc4)cc3)[C@@H]1CO2,5.97
CCC(Oc1cc(C(F)(F)F)ccc1F)c1nc(N)nc(N2CCN(C)CC2)n1,5.97
Br.O=C1c2ccccc2CCC1C1CCN(CC2CC2)CC1,5.97
CN(C)c1ccc(C(=C2C=CC(=[N+](C)C)C=C2)c2ccc(N(C)C)cc2)cc1.[Cl-],5.97
CCCN(CCc1ccsc1)CCc1cccs1,5.97
CC(C)(C)OC(=O)N[C@H]1CC[C@@H](CCN2CCc3ccccc3C2)CC1,5.97
Cc1cncc2c1CCN(CCN1CCN(c3noc4ccccc34)CC1)C2=O,5.97
CN(C)C(=O)CCC(=O)N[C@H]1CC[C@H](CCN2CCC(c3cccc4c3CCO4)CC2)CC1,5.97
COc1ccc(Br)cc1-c1nc(CNCC[C@@H]2CCN(Cc3ccccc3)C2)co1,5.97
Cc1[nH]c(-c2ccccc2)cc1C(=O)NCCCN1CCN(c2cccc(Cl)c2Cl)CC1,5.97
Fc1ccc(C#CCOCCC2CCN(CCc3ccccc3)CC2)cc1,5.97
FCCOc1ccc(CN2CCN(c3ccc(Cl)cc3)CC2)cc1,5.96
c1ccc(CN2CCC(n3nnc(-c4ccccc4)n3)CC2)cc1,5.96
CC1(CCCN2CCN(c3ccccn3)CC2)Cc2cc(Cl)ccc2C1=O,5.96
CC(=O)Nc1ccc(C(=O)CCCN2CCN(c3ccccn3)CC2)cc1.O=C(O)C(=O)O,5.96
CC(C)(C)c1nc(N2CCN(CCCCNC(=O)N3CCN(c4cccc(-c5ccccc5)c4)CC3)CC2)cc(C(F)(F)F)n1,5.96
Cc1ccc(C(C)C)c(OCc2nc(N)nc(N3CCN(C)CC3)n2)c1,5.96
CCCN(CCCCNC(=O)c1ccc2ccccc2c1)CC1CC1c1cc(F)ccc1OC.Cl,5.96
Nc1nc2cc3c(cc2s1)CCN(C1CC1)CC3,5.96
Cl.Clc1ccc2sc(CCCCN3CCC4CCCCC4C3)nc2c1,5.96
COc1cc(N)c(Cl)cc1C(=O)N[C@H]1CCCN(Cc2ccccc2)C1,5.96
CCS(=O)(=O)N[C@H]1CC[C@H](CCN2CCN(c3nccc4c3CCO4)CC2)CC1,5.96
CCCN1CCC[C@@H]2Cc3c(ccc(O)c3O[C@@H]3O[C@H](C(=O)O)[C@@H](O)[C@H](O)[C@H]3O)C[C@H]21,5.96
COc1cccc2c1CC1(CCCN1CCCCN1C(=O)CC3(CCCC3)CC1=O)CO2,5.96
Cc1ncc(CC(=O)N[C@H]2CC[C@H](CCN3CCc4ccc(CCC(F)(F)F)nc4CC3)CC2)o1,5.96
Cc1ncc(OCC(=O)N[C@H]2CC[C@H](CCN3CCc4ccc(CCC(F)(F)F)nc4CC3)CC2)cn1,5.96
O=C(N[C@H]1CC[C@](F)(CCN2CCc3nc(OCC(F)F)sc3CC2)CC1)c1cccnc1C(F)F,5.96
O=C(CN1CCN(Cc2ccc(Cl)cc2)CC1)N1c2ccccc2C[C@H]1CF,5.96
Cc1nc(CC(=O)N[C@H]2CC[C@H](CCN3CCc4ccc(OCC(F)(F)F)nc4CC3)OC2)no1,5.96
OC(CCCN1CCCCC1)(c1ccccc1)c1ccccc1,5.96
CN1CCC(c2cn(-c3ccncc3)c3ccc(-c4cccnc4)cc23)CC1,5.96
COc1cc2c(cc1O)CN(CCCCNC(=O)c1ccc(Cl)cc1)CC2,5.96
O=C(NCCCCN1CCc2ccc(OCC(F)(F)F)nc2CC1)c1cc2ccccc2[nH]1,5.96
CS(=O)(=O)c1ccc(CSc2nc3ccccc3n2Cc2ccc(Cl)cc2)cc1,5.96
COC(=O)c1cccc(CSc2nc3ccccc3n2Cc2ccc(Cl)cc2)c1,5.96
COC(=O)c1ccc(CNc2nc3ccccc3n2Cc2ccc(Cl)cc2)cc1,5.96
Cn1c(C#N)cc2c1CCN(CC[C@H]1CC[C@H](NC(=O)c3cccc4ncccc34)CC1)C2,5.96
COc1cc2c(cc1O)C(C)N(Cc1cccc(O)c1OC)CC2,5.96
Cc1cnc(CC(=O)N[C@H]2CC[C@H](CCN3CCc4nc(OCC(F)(F)F)sc4CC3)OC2)o1,5.96
Cn1ncc(CC(=O)N[C@H]2CC[C@H](CCN3CCc4ccc(CCC(F)(F)F)nc4CC3)CC2)c1F,5.96
Cc1nnc(CC(=O)N[C@H]2CC[C@H](CCN3CCc4nc(O[C@H](C)C(F)(F)F)sc4CC3)CC2)s1,5.96
Cc1nnc(CC(=O)N[C@H]2CC[C@H](CCN3CCc4ccc(CCC(F)(F)F)nc4CC3)CC2)o1,5.96
Cc1ncc(CC(=O)N[C@H]2CC[C@](F)(CCN3CCc4ccc(OCC(F)F)nc4CC3)CC2)o1,5.96
CC(C)Oc1ccc2c(n1)CCN(CC[C@H]1CC[C@H](NC(=O)c3cnn4ccccc34)CC1)CC2,5.96
CC(F)(F)COc1nc2c(s1)CCN(CC[C@H]1CC[C@H](NC(=O)c3cnn4ccccc34)CC1)CC2,5.96
O=C1CCc2ccccc2N1CCCN1CCN(c2ccccc2)CC1,5.96
Cn1cc2ccc(C(=O)N[C@H]3CC[C@H](CCN4CCc5nc(OCC(F)F)sc5CC4)CC3)cc2n1,5.96
Cc1ncccc1C(=O)N[C@H]1CC[C@H](CCN2CCc3nc(OCC(F)F)sc3CC2)CC1,5.96
Cc1nc(CC(=O)N[C@H]2CC[C@H](CCN3CCc4sc(N5CC(F)(F)C5)nc4C3)CC2)no1,5.96
Cc1nnc(CC(=O)N[C@H]2CC[C@H](CCN3CCc4sc(CCC(F)(F)F)nc4C3)CC2)o1,5.96
CN1CCC(NC2=Nc3cccnc3Nc3ccc(Cl)cc32)CC1,5.96
CCCN(CCC)C1COc2c(cccc2-c2ccc(OC)cc2)C1,5.96
O=C1c2ccc(Cl)cc2CCC12CCN(CCc1ccccc1)CC2,5.96
Cc1cccc(C(=O)NCN2CCN(c3ccccc3C#N)CC2)c1,5.96
Cc1ncoc1-c1nnc(SCC(O)CN2CCC3(CC3c3ccc(C(F)(F)F)cc3)C2)n1C,5.96
Cc1ncc(CC(=O)N[C@H]2CC[C@H](CCN3CC4CC4(c4cc(CF)on4)C3)CC2)s1,5.96
CN1CCN(C2=Nc3cc(Cl)ccc3N(C)c3ccccc32)CC1,5.96
O=C(CCCCCCCCCCC(=O)NCCCN1CCN(C2=Nc3cc(Cl)ccc3Nc3ccccc32)CC1)NCCCN1CCN(C2=Nc3cc(Cl)ccc3Nc3ccccc32)CC1,5.96
O=C(N[C@H]1CC[C@H](CCN2CCC(c3ccnn3-c3ccccc3)CC2)CC1)c1cccc2ncccc12,5.96
O=S(=O)(c1ccc(Cl)cc1)C1CCN(CCc2ccc(F)cc2F)CC1,5.96
OC(CCc1ccccc1)CN1CCC2(CCc3cc(F)ccc3O2)CC1,5.96
CCc1cc([C@]23C[C@H]2CN(CC[C@H]2CC[C@H](NC(=O)Cc4cnn(C)n4)CC2)C3)no1,5.96
CN1CCc2cc(Cl)c(O)cc2[C@H]2c3ccc(NC(=O)Nc4c(Cl)cccc4Cl)cc3CC[C@@H]21,5.96
FC(F)(F)c1ccc(OCCCN2CCN(c3ccccn3)CC2)cc1,5.96
O=C(CCCN1CCC(S(=O)(=O)c2ccccc2)CC1)c1ccc(F)cc1,5.96
Nc1ccc(C(=O)CCCN2CCN(c3ccccn3)CC2)cc1,5.96
c1ccc(CCC2CCN(Cc3c[nH]c4ncccc34)CC2)cc1,5.96
O=C1CCc2cnccc2N1CCCN1CCC(n2c(=O)[nH]c3ccccc32)CC1,5.96
CC(C)(C)c1ccc(C(=O)N[C@H]2CC[C@H](CCN3CCC(c4coc5ccccc45)CC3)CC2)cc1,5.95
COc1cccc(C(=O)NCCCN2CCN(c3cccc(Cl)c3Cl)CC2)c1,5.95
Cn1ncc2c1CCCN(CCN1CCN(c3noc4ccccc34)CC1)C2=O,5.95
COc1cccc(C(=O)NN2c3ccc(Cl)cc3N=C(N3CCN(C)CC3)c3ccccc32)c1,5.95
Cc1ncoc1-c1nnc(SCCCN2CCC3(CC2)C[C@@H]3c2ccccc2)n1C,5.95
Cc1cnc(N2CCN(CC[C@H]3CC[C@H](NC(=O)C4CCOCC4)CC3)CC2)c2ccoc12,5.95
O=c1[nH]c2ccccc2n1C1CCN(C2CCN(Cc3ccccc3[N+](=O)[O-])CC2)CC1,5.95
O=C(N[C@H]1CC[C@H](CCN2CCN(c3nccc4c3CCO4)CC2)CC1)c1ccc(-c2ccccc2)cc1,5.95
Fc1ccc(C(OCCOC2CC3CCC(C2)N3)c2ccc(F)cc2)cc1,5.95
O=C(O)C(=O)O.O=C1CCc2ccccc2N1CCCCN1CCN(c2ccccc2)CC1,5.95
COc1ccc(C2CCN(Cc3ccc4c(c3)OCC(=O)N4)CC2)cc1,5.95
CN(C)C(=O)N[C@H]1CC[C@H](CCNCC2CC2c2cccc(Cl)c2Cl)CC1,5.95
O=C(C[C@@H]1COCCO1)N[C@H]1CC[C@H](CCN2CCN(c3nccc4c3CCO4)CC2)CC1,5.95
COc1ccccc1C(=O)NN1c2ccc(Cl)cc2N=C(N2CCN(C)CC2)c2ccccc21,5.95
CCCN(CCCCNC(=O)c1ccc2ccccc2c1)CC1CC1c1cc(Cl)ccc1OC.Cl,5.95
COc1ccc(-c2c(=O)n(CCCCN3CCCC(c4c[nH]c5ccccc45)C3)c(=O)n3ccccc23)cc1,5.95
C[C@@H]1Cc2ccccc2N1C(=O)CN1CCN(Cc2ccccc2Cl)CC1,5.94
CN1CCN(C2=Nc3cc(Cl)ccc3N(NC(=O)c3ccccc3)c3ccccc32)CC1,5.94
CCCN(CCCCNC(=O)c1ccc2ccccc2c1)C[C@H]1C[C@@H]1c1cccc(Cl)c1Cl.Cl,5.94
O=C(NC/C=C/C[N+]1([O-])CCN(c2cccc(Cl)c2Cl)CC1)c1ccc(-c2ccccn2)cc1,5.94
COCC(=O)N[C@H]1CC[C@H](CCN2CCN(c3nccc4occc34)CC2)CC1,5.94
O=C(NCCCCN1CCN(c2cccc(Cl)c2Cl)CC1)c1ccc2ccccc2c1,5.94
COc1ncccc1-c1nnc(SCCCN2CC[C@]3(C[C@@H]3c3ccc(C(F)(F)F)cc3)C2)n1C,5.94
CC(=O)Nc1ccc(OCCCCN2CCC(c3noc4cc(F)ccc34)CC2)cc1,5.94
c1ccc(OC[C@@H]2CC[C@H]3CN(c4ncccn4)CCN3C2)cc1,5.94
O=C1Cc2ccccc2C(=C2CCN(CCCCN3C(=O)c4ccccc4C3=O)CC2)c2ccsc21,5.94
Cl.O=C1c2ccccc2CCC12CCN(Cc1ccc(F)cc1)CC2,5.94
Cc1ncoc1-c1nnc(CCCCN2CC3CCN(c4ccc(F)cc4)C3C2)n1C,5.94
CC(C)(C)OC(=O)NC[C@H]1CC[C@H](CN2CCc3ccccc3C2)CC1,5.94
Cl.Fc1ccc2c(c1)CC(CCN1CCc3ccccc3C1)C2,5.94
CCCCC(=O)N[C@H]1CC[C@H](CCN2CCN(c3nccc4c3CCO4)CC2)CC1,5.94
Cc1nc(C(N)=O)ccc1-c1nnc(SCCCN2CC[C@]3(C[C@@H]3c3ccc(C(F)(F)F)cc3)C2)n1C,5.94
COc1ccc(C2(C)NC(=O)N(CC(O)CN3CCN(c4ccccc4OC)CC3)C2=O)cc1.Cl,5.93
Cl.O=C(CCCN1CCc2ccccc2CC1)c1ccc(Cl)cc1,5.93
Cc1nc(N)sc1CCCN/C(N)=N/C(=S)N[C@H](C)c1ccccc1,5.93
O=C(CCCN1CCN(c2cccnc2)CC1)c1ccc(F)cc1.O=C(O)C(=O)O,5.93
O=C(NCCCCN1CCN(c2ccnc3ccccc23)CC1)N1CCN(c2ccccc2)CC1,5.93
Cc1cccc(N2CCN(C(=O)NCCCCN3CCN(c4cc(C(F)(F)F)nc(C(C)C)n4)CC3)CC2)c1C,5.93
c1cnc(N2CCN(Cc3c[nH]c4ncccc34)CC2)nc1,5.93
Cn1c(SCCCN2CC[C@@]3(C[C@@H]3c3ccc(C(F)(F)F)cc3)C2)nnc1C1CCOCC1,5.93
CN1CCCC(n2nc(Cc3ccc(Cl)cc3)c3ccccc3c2=O)CC1.Cl,5.93
Cc1cccc(N2CCN(C(=O)NCCCCN3CCN(c4cc(C(F)(F)F)nc(C(C)(C)C)n4)CC3)CC2)c1C,5.93
CN(C)C(=O)C(CCN1C[C@H](O)C[C@H]1CN1CCN(c2cccc(Cl)c2Cl)CC1)(c1ccccc1)c1ccccc1,5.93
CN1CCN(C2=Nc3ccccc3N(NC(=O)c3cccc(C#N)c3)c3ccc(Cl)cc32)CC1,5.93
COc1ccc2c3c(c(=O)oc2c1)CN(Cc1ccc(C)cc1)CC3,5.93
Cc1ccc2c3c(c(=O)oc2c1)CN(Cc1ccc(Cl)cc1)CC3,5.93
CC(=O)N1CCC(c2nnc(SCCCN3CC[C@]4(C[C@@H]4c4ccc(C(F)(F)F)cc4)C3)n2C)CC1,5.93
CCc1ccc2c(n1)C(=O)N(CCN1CCC(c3noc4ccccc34)CC1)CC2,5.93
COC(=O)[C@@H]1Cc2ccccc2N1C(=O)CN1CCN(Cc2ccc(Cl)cc2)CC1,5.93
COc1c(C(=O)NCCN2CCN(c3cccc(C)c3C)CC2)cc(Br)c2ccccc12,5.93
O=S(=O)(c1ccc2cccnc2c1)n1cc(C2=CCNCC2)c2cc(Cl)ccc21,5.93
CN1CCC(C2=Nc3cc(Cl)ccc3Nc3ccccc32)=CC1(C)C,5.93
Cl.O=C1c2ccccc2CCC12CCN(CC1CCCCC1)CC2,5.93
COc1ccc2c(c1)c(-c1[nH]c(NCc3ccccc3)nc1C)cn2S(=O)(=O)c1ccccc1,5.93
CCCN(CCCSc1nnc(-c2ccccc2)n1C)CC1CC1c1cc(F)ccc1OC.Cl,5.93
O=C1c2ccccc2C(=O)N1CCCCN1CCCN(C(c2ccccc2)c2ccccc2)CC1,5.93
Cc1nc(N)[nH]c1-c1cn(S(=O)(=O)c2cccc3ccccc23)c2ccccc12.Cl,5.93
Cc1ncoc1-c1nnc(SCCCN2C[C@@H]3CN(c4ccc(C(F)(F)F)cc4)[C@@H]3C2)n1C,5.92
Cc1cc2c(cn1)C(=O)N(CCN1CCN(c3noc4ccccc34)CC1)CC2(C)C,5.92
O=C(NCCN1CCN(c2cccc(Cl)c2Cl)CC1)c1cccc(C#Cc2ccccc2)c1,5.92
CCCN(CCC)[C@H]1CCc2c(cccc2-c2c(OC)cccc2OC)C1,5.92
CC(C)(C)c1nc(N2CCN(CCCCNC(=O)N3CCN(c4ncccn4)CC3)CC2)cc(C(F)(F)F)n1,5.92
Cn1c(SCCCN2C[C@H]3CCN(c4ccc(F)cc4)[C@H]3C2)nnc1-c1cc[nH]c(=O)c1,5.92
CC(C)(C)c1nc(N2CCN(CCCCNC(=O)N3CCc4[nH]c5ccc(Cl)cc5c4C3)CC2)cc(C(F)(F)F)n1,5.92
O=c1ccc2c(N3CCNCC3)ccc(O)c2[nH]1,5.92
Cc1ccc(C2CCN(CCC3NC(=O)c4ccccc43)CC2)cc1C,5.92
O=C(NC1CCN(Cc2ccccc2)C1)c1ccc(-c2ccsc2)cc1,5.92
NS(=O)(=O)c1ccc(CSc2nc3ccccc3n2Cc2ccc(Cl)cc2)cc1,5.92
CCCN1CCO[C@@H]2c3cc(C(N)=O)ccc3CC[C@H]21,5.92
Fc1ccc(OC[C@@H]2CC[C@H]3CN(c4ncccn4)CCN3C2)cc1,5.92
COc1c(C(=O)NCCN2CCN(c3cccc(C)c3)CC2)cc(Br)c2ccccc12,5.92
CCCN1CCO[C@@H]2c3cc4c(=O)[nH]ccc4cc3CC[C@H]21,5.92
O=C(NCCCCN1CCc2sc(OCC(F)(F)F)nc2C1)c1ccc2ccccc2c1,5.92
Cc1nnn(C2CCN(Cc3ccccc3)CC2)c1-c1ccccc1,5.92
Fc1ccc2c(CCNCc3cccc(OCC(F)(F)C(F)F)c3)c[nH]c2c1,5.92
Cc1nc(CC(=O)N[C@H]2CC[C@](F)(CCN3CCc4ccc(CCC(F)(F)F)nc4CC3)CC2)nn1C,5.92
Cn1cc(CC(=O)N[C@H]2CC[C@H](CCN3CCc4ccc(CCC(F)(F)F)nc4CC3)CC2)cn1,5.92
Cc1nc(CC(=O)N[C@H]2CC[C@H](CCN3CCc4ccc(CCC(F)(F)F)nc4CC3)CC2)no1,5.92
Cn1cc(CC(=O)N[C@H]2CC[C@H](CCN3CCc4ccc(OCC(F)F)nc4CC3)CC2)c(F)n1,5.92
CCCN1CCc2cccc3c2C1Cc1cccc(OCc2cn(CCCN4CCN(c5ccccc5OC)CC4)nn2)c1-3,5.92
COc1ccccc1N1CCN(CC(O)CCn2cc(-c3ccccc3)nn2)CC1,5.92
Cc1nnc(CC(=O)N[C@H]2CC[C@H](CCN3CCc4ccc(OCC(F)F)nc4CC3)CC2)o1,5.92
O=c1sc2ccccc2n1CCN1CCN(Cc2ccc(Cl)cc2)CC1,5.92
Cc1nc(CC(=O)N[C@H]2CC[C@](F)(CCN3CCc4nc(OCC(F)F)sc4CC3)CC2)no1,5.92
CCCN(CCC)C1CCc2nc(OC)ccc2C1,5.92
Cc1cccc(OCCOCCN2CCN(CCc3ccccc3)CC2)c1C.Cl.Cl,5.92
Cn1cc2c(C(=O)N[C@H]3CC[C@H](CCN4CCC5CC5(c5cc(C(C)(F)F)on5)C4)CC3)cccc2n1,5.92
CCC(C)C(=O)N[C@H]1CC[C@H](CCN2CCC(c3cccc4c3CCO4)CC2)CC1,5.92
Cn1cc2c(CC(=O)N[C@H]3CC[C@H](CCN4CCc5nc(OCC(F)(F)F)sc5CC4)CC3)cccc2n1,5.92
COc1ccc2c(c1)c(-c1cnc(N)[nH]1)cn2S(=O)(=O)c1ccccc1.Cl,5.92
COc1ccc(OCCCCN2CCN(C(=O)c3cc4ccccc4[nH]3)CC2)cc1,5.92
Cc1ncc(CC(=O)NC23CCC(CCN4CCc5nc(OCC(F)(F)F)sc5CC4)(CC2)CC3)cn1,5.92
CC[C@@H](C)Oc1ccc2c(n1)CCN(CC[C@]1(F)CC[C@@H](NC(=O)Cc3nnc(C)o3)CC1)CC2,5.92
CC(Oc1nc2c(s1)CCN(CC[C@H]1CC[C@H](NC(=O)c3cccc4nn(C)cc34)CC1)CC2)C(F)F,5.92
Cc1nc(CC(=O)N[C@H]2CC[C@H](CCN3CCc4ccc(O[C@H](C)C(F)(F)F)nc4CC3)CC2)nn1C,5.92
CC(C)(C)OC(=O)N1CCCC1CNC1CCC(c2cc(F)ccc2F)(S(=O)(=O)c2ccc(Cl)cc2)CC1,5.91
O=c1c2cncnc2ccn1CCN1CCC(c2noc3ccccc23)CC1,5.91
Cc1oc(-c2ccco2)nc1CN1CCN([C@@H]2CCc3ccccc3C2)CC1,5.91
Cc1cc(OCc2nc(N)nc(N3CCN(C)CC3)n2)ccc1Cl,5.91
CCCN(CC[C@]1(O)C[C@@H](NC(=O)c2ccc3ccccc3c2)C1)[C@H]1C[C@@H]1c1cccc(Cl)c1,5.91
Cc1ccc(-c2nnc(SCCCN3CC[C@]4(C[C@@H]4c4ccc(C(F)(F)F)cc4)C3)n2C)c(C)n1,5.91
CCCCN(CCc1ccccc1)CCc1cccc(O)c1,5.91
Cl.O=C(CN1C2CCC1CC(O)(c1ccc(Cl)cc1)C2)c1ccc(F)cc1,5.91
Cc1ncsc1-c1nnc(SCCCN2CC[C@]3(C[C@H]3c3ccc(C(F)(F)F)cc3)C2)n1C,5.91
O=S(=O)(c1cncc2ccccc12)N1CCC(CCN2CCN(c3ccccc3)CC2)CC1,5.91
O=S(=O)(c1cccc2ncccc12)N1CCC(CCN2CCN(c3ccccc3)CC2)CC1,5.91
Clc1ccc2c(c1)CC(CCN1CCN(c3ccccn3)CC1)C2,5.91
CN(C)C(=O)C(CCNCCCCN1CCc2ccc(C#N)cc2C1)(c1ccccc1)c1ccccc1,5.91
CCCN(CCCCNC(=O)c1ccc(-c2ccccn2)cc1)C[C@H]1C[C@@H]1c1cc(F)ccc1OC.Cl,5.91
O=C1C(=O)N(CCN2CCN(Cc3ccc(Cl)cc3)CC2)c2ccccc21,5.91
Cc1ccc2c(c1)N=C(C1=C[C@H](C)N(C)CC1)c1cc(OC(F)(F)F)ccc1N2,5.91
Cn1c(SCCCN2C[C@@H]3CCN(c4ccc(C(F)(F)F)cc4)[C@@H]3C2)nnc1[C@@H]1COCCO1,5.91
O=C(CN1C2CCC1CC(O)(c1ccc(Cl)cc1)C2)c1ccc(F)cc1,5.91
CN1CCN(c2cc(-c3ccc(C(F)(F)F)cc3)c3ccn(S(C)(=O)=O)c3n2)CC1,5.91
CN1CCN(c2nc(N)nc(COc3ccc(Cl)cc3Cl)n2)CC1,5.91
CCC1(CC)CC(OCCCN2CCN(c3cccc(C(F)(F)F)n3)CC2)(c2ccccn2)CCO1,5.91
COc1ccc2c(c1)c(-c1nc3n(c1C)CCCN3)cn2S(=O)(=O)c1ccccc1.Cl,5.91
CCCN(CCCCNC(=O)c1ccc(-c2ccccc2)cc1)C1CCc2nc(SC)ncc2C1,5.9
Cn1c(SCCCN2CC3CCN(c4ccc(F)cc4C(F)(F)F)C3C2)nnc1-c1cnccn1,5.9
O=C(CCCN1C2CCC1CN(c1ccc(Cl)cn1)C2)c1ccc(F)cc1,5.9
CC(=O)Oc1c(Br)cc2c(c1OC(C)=O)-c1cccc3c1[C@@H](C2)N(C)CC3,5.9
Nc1nc(-c2ccccc2)c2c(n1)-c1cc(OCCCN3CCCC3)ccc1C2,5.9
CS(=O)(=O)N[C@H]1CC[C@H](CCN2CCN(c3nccc4c3CCO4)CC2)CC1,5.9
COc1cccc2cc(C(=O)NCCCCN3CCN(c4cccc5nccnc45)CC3)oc12,5.9
N#Cc1ccc2c(c1)CCN(CC[C@H]1CC[C@H](NC(=O)c3ccnc4ccccc34)CC1)CC2,5.9
O=C(CCC(F)(F)F)N[C@H]1CC[C@H](CCN2CCN(c3nccc4c3CCO4)CC2)CC1,5.9
CN(C)CCN(Cc1ccc(-c2ccc(CNCCc3ccccc3)cc2)cc1)C(=O)CCC1CCCC1.O=C(O)C(F)(F)F.O=C(O)C(F)(F)F,5.9
O=C(NCCCCN1CCN(c2ccc3ccccc3n2)CC1)c1cn2cccnc2n1,5.9
O=C(/C=C/c1ccccc1)N(Cc1ccc(-c2ccc(CNCCc3ccccc3)cc2)cc1)Cc1cccnc1.O=C(O)C(F)(F)F,5.9
CC(C)(O)C(=O)N[C@H]1CC[C@H](CCN2CCN(c3nccc4c3CCO4)CC2)CC1,5.9
O=C(/C=C/c1ccccc1)NCCCCN1CCc2ccccc2C1,5.9
O=C1COc2ccccc2N1CCCN1CCC(n2c(=O)[nH]c3cccnc32)CC1,5.9
CS(=O)(=O)Oc1cccc2c1CC[C@@H]1[C@@H]2CCCN1CCCCNC(=O)c1ccc(-c2ccccc2)cc1,5.9
CCCN(CCCCNC(=O)c1ccc(-c2ccccc2)cc1)C1CCc2ncncc2C1,5.9
Cc1ccc2c(OCCN3CCC(Cc4ccc5c(c4)NC(=O)CO5)CC3)cccc2n1,5.9
Cc1ccc2c(OCCN3CCC(Cc4ccc5c(c4F)NC(=O)CO5)CC3)cc(Cl)cc2n1,5.9
Cc1ccc2c(OCCN3CCC(Cc4ccc5c(c4F)NC(=O)CO5)CC3)cc(F)cc2n1,5.9
Cn1c(SCCCN2CC[C@@]3(C[C@@H]3c3ccc(C(F)(F)F)cc3F)C2)nnc1C1CCOCC1,5.9
Cc1cc2c(cn1)C(=O)N(CCN1CCN(c3noc4ccccc34)CC1)CC2,5.9
O=C(CC1CCCO1)N[C@H]1CC[C@H](CCN2CCN(c3nccc4c3CCO4)CC2)CC1,5.9
CCS(=O)(=O)c1ccc(OC)c(-c2ccc(CN3CCCCCC3c3ccccc3C)[nH]2)c1,5.9
CN1CCN(C2=Nc3ccccc3N(NC(=O)c3ccc4c(c3)OCO4)c3ccc(Cl)cc32)CC1,5.9
COc1cc2ccccc2cc1CC(=O)CC1CCN(Cc2ccccc2)CC1,5.9
N#Cc1ccc2c(c1)CCN(CC[C@H]1CC[C@H](NC(=O)c3cccc4ccccc34)CC1)CC2,5.9
O=C(/C=C/c1ccc(Cl)c(Cl)c1)N[C@H]1CC[C@@H](CN2[C@@H]3CC[C@H]2C[C@H](c2c[nH]c4ccc(O)cc24)C3)CC1,5.9
Cc1cnc2c(c1)CCN(CCN1CCN(c3noc4ccccc34)CC1)C2=O,5.9
CCCCCCNC(=O)/N=C(\N)NC1CCc2nc(N)sc2C1,5.9
CCOc1ccccc1CNCc1cccc(CCNC[C@H](O)c2ccc(O)c3[nH]c(=O)sc23)c1,5.9
CC(c1ccc(Cl)cc1)N1CCN(CC(=O)N2c3ccccc3CC2C)CC1,5.9
O=c1[nH]c2ccccc2n1C1CCN(C2CCCCC2)CC1,5.899998417198648
COc1cccc([C@H](O)C2CCN(CCc3ccc(F)cc3)CC2)c1OC,5.89
O=C1c2cnccc2CCN1CCN1CCN(c2nsc3ccccc23)CC1,5.89
CC1(c2ccc(Cl)cc2)NC(=O)N(CC(O)CN2CCN(c3ccccc3C#N)CC2)C1=O.Cl,5.89
Cc1cc(CC(=O)N[C@H]2CC[C@H](CCN3C[C@@H]4C[C@]4(c4cc(C(C)(F)F)on4)C3)CC2)on1,5.89
Cc1ncoc1-c1nnc(SCCCN2CC[C@@]3(C[C@H]3c3ccc(F)cc3C(F)(F)F)C2)n1C,5.89
Cc1ccc2[nH]c(C(=O)N3CCN(CCOc4cccnc4)CC3)cc2c1,5.89
Cn1c(SCCCN2C[C@H]3CCN(c4ccccc4)[C@H]3C2)nnc1C1CCOCC1,5.89
Cn1cc(CC(=O)N[C@H]2CC[C@](F)(CCN3CCc4nc(OCC(F)F)sc4CC3)CC2)c(F)n1,5.89
Cc1nnc(CC(=O)NC23CCC(CCN4CCc5nc(OCC(F)(F)F)sc5CC4)(CC2)CC3)o1,5.89
CCc1ncccc1C(=O)N[C@H]1CC[C@H](CCN2CCc3ccc(OC4CCC4)nc3CC2)CC1,5.89
O=S(=O)(NCCCCN1CCN(c2noc3ccccc23)CC1)c1cc2ccccc2s1,5.89
Cn1c(SCCCN2CC[C@]3(CC3c3ccc(C(F)(F)F)cc3)C2)nnc1C1CCOCC1,5.89
CCCN(CCCCOc1ccc2c(c1)NC(=O)CC2)Cc1cc2cccc(OCC)c2o1,5.89
CC(C)(C)c1nc(N2CCN(CCCCNC(=O)N3CCC(O)(c4ccccc4)CC3)CC2)cc(C(F)(F)F)n1,5.89
Cn1cc2c(C(=O)NN3CCC(CCN4CCc5sc(OCC(F)(F)F)nc5C4)CC3)cccc2n1,5.89
COc1cccc(N2CCN(CCNC(=O)c3cc(Br)c4ccccc4c3OC)CC2)c1,5.89
CN(C)CCSc1cccc(C2CCCCC2)n1,5.89
CC(C)CCC(=O)N[C@H]1CC[C@H](CCN2CCN(c3nccc4c3CCO4)CC2)CC1,5.89
Cc1ncc(CC(=O)N[C@H]2CC[C@H](CCN3CCc4nc(OCC(C)(F)F)sc4CC3)CC2)o1,5.89
C1=C(/C=C/c2ccccc2)CCN(CCc2cc3ccc[nH]c-3n2)C1,5.89
CCCN1CCC[C@@H]2Cc3c(ccc(O[C@@H]4O[C@H](C(=O)O)[C@@H](O)[C@H](O)[C@H]4O)c3O)C[C@H]21,5.89
c1ccc(CCC2CN(Cc3c[nH]c4ccccc34)CCO2)cc1,5.89
CC(C)(C)c1nc(N2CCN(CCCCNC(=O)N3CCC(Oc4ccccc4)CC3)CC2)cc(C(F)(F)F)n1,5.89
COc1c(C(=O)NCCN2CCN(c3cccc([N+](=O)[O-])c3)CC2)cc(Br)c2ccccc12,5.89
O=C(N[C@H]1CCN(Cc2ccc(C(F)(F)F)cc2)C1)c1cccc(-c2cccs2)c1,5.89
c1ccc(CCN2CCC(c3cc(-c4ccncc4)[nH]n3)CC2)cc1,5.89
Oc1cc2c(cc1O)[C@H]1c3cnccc3CN[C@@H]1CC2,5.89
COc1ccc2c(n1)C(=O)N(CCN1CCN(c3noc4ccccc34)CC1)CC2,5.89
Cc1c(-c2ccccc2)nc(O)n1C1CCN(Cc2cccc(Cl)c2)CC1,5.89
Cc1nc2c(o1)C(=O)N(CCN1CCC(c3noc4ccccc34)CC1)CC2,5.89
CN1CCN(C2=Nc3cc(Cl)ccc3N(NC(=O)c3cc(F)c(F)c(F)c3F)c3ccccc32)CC1,5.89
NC[C@H](O)c1ccc(O)c(O)c1,5.89
Cc1ccc(Oc2cccc(CN3CCC(c4cccc(NC(=O)C(C)C)c4)CC3)c2)cc1,5.89
Cl.Clc1ccc(N2CCN(CCCCNc3noc(-c4ccccc4)n3)CC2)c(Cl)c1,5.89
CO[C@H]1CC[C@H](CC(=O)N[C@H]2CC[C@H](CCN3CCN(c4nccc5c4CCO5)CC3)CC2)C1,5.89
CN(C)[C@@H]1Cc2cccc3ncn(c23)C1,5.89
c1ccc(-c2[nH]c3ccccc3c2C2CCCNC2)cc1,5.886056647693163
O=C1NCCN1CCN1CCCC(c2c(-c3ccccc3)[nH]c3ccccc23)C1,5.886056647693163
c1ccc2c(CN3CCCCC3)c[nH]c2c1,5.886056647693163
CN1CCN(C2=Nc3cc(Cl)ccc3N(NC(=O)c3ccc4ccccc4c3)c3ccccc32)CC1,5.88
CN1CCc2cc(Cl)c(O)cc2[C@H]2c3cccc(C#N)c3CC[C@@H]21,5.88
Clc1ccc(N2CCN(Cc3cc4ccccn4n3)CC2)cc1,5.88
Cc1ccc(OCCCNCCOc2ccc(Cl)cc2)cc1,5.88
CC(C)(C)c1cc(N2CCN(CCCCNC(=O)c3cn4ccccc4n3)CC2)cc(C(C)(C)C)c1,5.88
Cn1c(SCCCN2C[C@H]3CCN(c4ccc(F)cc4)[C@H]3C2)nnc1C1CCOCC1,5.88
O=C1c2cccc3cccc(c23)C(=O)N1CCCCCCN1CCN(c2ccccn2)CC1,5.88
O=C(NCCCCN1CCN2c3ccccc3Cc3ccccc3C2C1)c1ccc2ccccc2c1,5.88
COc1ccccc1-c1cccc2c1-c1cccc3c1[C@@H](C2)N(C)CC3,5.88
Cc1ccc2c3c(ccc2n1)OC[C@H](CN1CCN(c2ccc4cc(C#N)ccc4n2)CC1)O3,5.88
Cc1cc(CC(=O)N[C@H]2CC[C@H](CCN3CCN(c4nccc5c4CCO5)CC3)CC2)on1,5.88
FC(F)(F)c1cccc(N2CCN(CCCOC3(c4ccccn4)CCOC4(CCCC4)C3)CC2)n1,5.88
COc1ccc2c(c1)c(-c1[nH]c(N)nc1C)cn2S(=O)(=O)c1cccc2ccccc12.Cl,5.88
CCCN1C[C@H](c2ccc(N)nc2)OC[C@@H]1C,5.88
O=C(Cc1noc2ccccc12)N[C@H]1CC[C@H](CCN2CCN(c3nccc4c3CCO4)CC2)CC1,5.88
CN1CCc2ccc3cnc4cccc5c4c3c2[C@H]1C5,5.88
CCc1cc(Cl)c(OC)c(C(=O)NCC2CCCN(CCCCNC(=O)c3cc4ccccc4[nH]3)C2)c1O,5.88
CCC(Oc1cccc(F)c1F)c1nc(N)nc(N2CCN(C)CC2)n1,5.88
O=C(NCCCCN1CC[C@]2(c3cccc(O)c3)CCC[C@H]1[C@H]2O)c1cc2ccccc2[nH]1,5.88
Cn1c(SCCCN2CC[C@]3(C[C@@H]3c3ccc(C(F)(F)F)cc3)C2)nnc1C1CCNC(=O)C1,5.87
Cc1ccc2[nH]c3c(c2c1)CN(C(=O)NCCCCN1CCN(c2cc(C(F)(F)F)nc(C(C)(C)C)n2)CC1)CC3,5.87
COc1ccc2[nH]c3c(c2c1)CN(C(=O)NCCCCN1CCN(c2cc(C(F)(F)F)nc(C(C)(C)C)n2)CC1)CC3,5.87
COc1cc(F)cc(N2CCN(CCCCNC(=O)c3ccc4nonc4c3)CC2)c1,5.87
COc1cccc2c3c(oc12)CN(CCCCOc1ccc2cccnc2c1)CC3,5.87
C(#Cc1ccccc1)COC1CCN(CCc2ccccc2)CC1,5.87
COCCC(=O)N[C@H]1CC[C@H](CCN2CCN(c3nccc4occc34)CC2)CC1,5.87
CCCN(CCCCNC(=O)c1ccc(-c2ccccn2)cc1)C[C@@H]1C[C@H]1c1cc(F)ccc1OC.Cl,5.87
Cn1c(SCCCN2CC[C@]3(C[C@H]3c3ccc(C(F)(F)F)cc3)C2)nnc1-c1cccnc1,5.87
O=C1COc2ccccc2N1CCCN1CCC(n2c(=O)[nH]c3cnccc32)CC1,5.87
CN1CCN(C2=Nc3cc(Cl)ccc3N(NC(=O)c3cccc(C(F)(F)F)c3)c3ccccc32)CC1,5.87
CC(Oc1cccc(F)c1F)c1nc(N)nc(N2CCN(C)CC2)n1,5.87
CCCN(CCC)C1COc2c(cccc2C(=O)c2ccoc2)C1,5.87
CN1CCN(c2nc(N)nc(COc3ccccc3)n2)CC1,5.87
CN1CCc2cc(Br)c(O)cc2C(c2ccccc2)C1,5.87
O=S(=O)(c1cccc(Cl)c1)n1ccc2c(N3CCNCC3)nc3ccccc3c21,5.87
CC(C)(C)OC(=O)NCCCN1CCC(O)(c2ccc(Cl)cc2)CC1,5.87
O=C(CO)N[C@H]1CC[C@H](CCN2CCN(c3nccc4occc34)CC2)CC1,5.87
CCCNC1Cc2cc3nc(N)sc3cc2C1,5.87
Cc1ncoc1-c1nnc(SCCCCN2CC[C@]3(CC3c3ccc(C(F)(F)F)cc3)C2)n1C,5.87
COc1ccc(-c2ccc(CNCCc3c[nH]c4ccc(OC)cc34)o2)cc1,5.87
O=C(c1ccc(F)cc1)C1CCN([C@H]2CCN(Cc3ccc(F)cc3)C[C@@H]2O)CC1,5.87
Br.Oc1cc2c(cc1Cl)CCNCC2c1ccccc1,5.86
COc1ccc2c(c1)Cc1ccccc1CCCN(C)CC2,5.86
O=C1Nc2ccccc2CC1N1CCN(Cc2ccc(Cl)cc2)CC1,5.86
Cc1nc(C(=O)NCCCN2CCN(c3cccc(Cl)c3Cl)CC2)c(C)n1-c1ccccc1.Cl.Cl.Cl.Cl,5.86
CN1CCc2cc(Cl)c(O)cc2[C@H]2c3cccc(C=O)c3CC[C@@H]21,5.86
O=c1n(Cc2ccc(CN3CCN(c4ccc(Cl)cc4)CC3)cc2)nc2ccccn12,5.86
Cn1c(SCCCN2CC[C@]3(C[C@@H]3c3ccc(C(F)(F)F)cc3)C2)nnc1-c1cccnn1,5.86
COC(CC(=O)N[C@H]1CC[C@H](CCN2CCN(c3nccc4c3CCO4)CC2)CC1)OC,5.86
CCN(CCN1CCC(c2noc3ccccc23)CC1)C(=O)C(C)O,5.86
O=C(CCCN1CCN(c2cccc(Cl)c2Cl)CC1)N1C=CN(Cc2ccccc2)C(=O)C1,5.86
CN1CC=C(C2=Nc3cc(Cl)ccc3Nc3ccccc32)CC1,5.86
COc1cccc(C(=O)NN2c3ccccc3N=C(N3CCN(C)CC3)c3cc(Cl)ccc32)c1,5.86
COc1ccc2[nH]cc(CN3CCC(O)(c4ccccc4)CC3)c2c1.O=C(O)C(=O)O,5.86
N#Cc1ccc(CNC(=O)CCCCCN2CCN(c3ccc(F)cc3-c3ccc(C#N)cc3)CC2)cc1,5.86
CN1CCc2cc(Cl)c(O)cc2[C@H]2c3cccc(N4CCCC4=O)c3CC[C@@H]21,5.86
C[C@@H]1C=C(C2=Nc3cc(Cl)ccc3Nc3ccccc32)CCN1C,5.853871964321762
COc1ccc2c(c1)C(C1=C[C@H](C)N(C)CC1)=Nc1cc(C)ccc1N2,5.853871964321762
Cc1ccc2c(c1)N=C(C1=C[C@H](C)N(C)CC1)c1cc(C)ccc1N2,5.853871964321762
Cc1ccc2c(c1)N=C(C1=C[C@H](C)N(C)CC1)c1ccccc1N2,5.853871964321762
Cc1cc(CC(=O)N[C@H]2CC[C@H](CCN3CCc4nc(OCC(F)F)sc4CC3)CC2)no1,5.85
O=C(c1cc2cc(Cl)ccc2[nH]1)N1CCN(CCOc2cccnc2)CC1,5.85
N#Cc1ccc2cc(CN3CCN(c4ccc(Cl)c(Cl)c4)CC3)[nH]c2c1,5.85
O=C(NC12CCC(CCN3CCc4nc(OCC(F)(F)F)sc4CC3)(CC1)CC2)c1cccnc1C(F)F,5.85
NC(N)=NC(=O)c1ccc2c(c1)Cc1ccccc1-2,5.85
Cn1c(SCCCN2CC3CCN(c4ccc(C(F)(F)F)cc4)C3C2)nnc1C(=O)N1CCCC1,5.85
CCN(CC)CCCOc1ccc(-c2nc3ccccc3n2C/C=C/Cn2c(-c3ccc(OC)cc3)nc3ccccc32)cc1,5.85
CN(C)C(=O)C(CCN1C[C@H](O)C/C1=C\N1CCN(c2cccc(Cl)c2Cl)CC1)(c1ccccc1)c1ccccc1,5.85
Cc1c2c(nn1C)CCN(CCN1CCN(c3noc4ccccc34)CC1)C2=O,5.85
Cn1ncc(CC(=O)NC23CCC(CCN4CCc5nc(OCC(F)(F)F)sc5CC4)(CC2)CC3)n1,5.85
CC1CCN(C2=Cc3cc(Cl)ccc3Cc3ccccc32)CC1,5.85
Cn1cc(CC(=O)N[C@H]2CC[C@H](CCN3CCc4sc(OCC(F)F)nc4C3)CC2)cn1,5.85
C[C@@H](O)CN1CCN(c2cccc(Cl)c2Cl)CC1,5.85
Cc1ncc(CC(=O)N[C@H]2CC[C@H](CCN3CCc4nc(OCC(F)F)sc4CC3)CC2)cn1,5.85
O=c1c2cnc(C3CC3)nc2ccn1CCN1CCN(c2nsc3ccccc23)CC1,5.85
Cc1ncc(CC(=O)N[C@H]2CC[C@H](CCN3CCc4ccc(OCC(C)F)nc4CC3)CC2)s1,5.85
Cn1c(SCCCN2C[C@H]3CCN(c4ccccc4C(F)(F)F)[C@H]3C2)nnc1-c1cccnc1,5.85
Cc1noc2c1C(=O)N(CCN1CCN(c3nsc4ccccc34)CC1)CC2,5.85
O=[N+]([O-])c1ccc(OCCNCCCOc2ccccc2)cc1,5.85
CCCN(CCCCNC(=O)c1cc2ccccc2[nH]1)CC1CC1c1cc(Cl)ccc1OC.Cl,5.85
COc1ccc(-c2cc(CCCCN3CCN(c4ccccc4C)CC3)on2)cc1OC.Cl,5.85
Fc1ccc2c([C@@H]3CNCC[C@H]3F)c(-c3cccc4ccccc34)[nH]c2c1,5.85
O=S(=O)(c1ccccc1)C1CCN(CCc2ccc(F)cc2F)CC1,5.85
CCCCCN(CCc1ccccc1)CCc1cccc(O)c1,5.85
CC1Cc2ccccc2N1C(=O)CC1CCN(Cc2ccccc2F)CC1,5.85
O=S(=O)(c1ccc2ncccc2c1)n1cc(C2=CCNCC2)c2ccccc21,5.85
Cn1cc(CC(=O)N[C@H]2CC[C@H](CCN3CCc4ccc(OCC(F)F)nc4CC3)CC2)cn1,5.85
Cc1ncc(CC(=O)N[C@H]2CC[C@](F)(CCN3CCc4nc(OCC(F)F)sc4CC3)CC2)o1,5.85
Clc1cccc(N2CCN(CCCOc3ccc(-c4nc5ccccc5[nH]4)cc3)CC2)c1,5.85
CC(=O)Nc1cccc(C2CCN(CCCC(=O)c3ccc(Cl)cc3)CC2)c1,5.85
COc1ccc(Oc2ccc(CN3CCC(c4cccc(NC(=O)C(C)C)c4)CC3)cc2)cc1,5.85
Fc1ccc2c(c1)CC(CCN1CCN(c3ccc(Cl)cc3)CC1)C2,5.85
COc1cccc(C(=O)NCCCCN2CCN(c3cccc(Cl)c3Cl)CC2)c1,5.85
Cc1ccc2c(n1)CN[C@@H]1CCc3cc(O)c(O)cc3[C@@H]21,5.85
CNc1cc[n+](CCNC(=O)c2ccn3c(-c4c(C)noc4C)cnc3c2)cc1.[Cl-],5.85
O=Cc1cccn1C1CCN(Cc2ccccc2)CC1,5.85
Cl.O=C1C(c2ccc(F)cc2)=COC12CCN(Cc1ccccc1)CC2,5.85
COc1ccc(CN2CCC3(CCc4ccccc4C3=O)CC2)cc1.Cl,5.85
C1=C(c2nc3ccccc3[nH]2)CCN(Cc2ccccc2)C1,5.85
CC(C)(C)c1nc(N2CCN(CCCCNC(=O)c3cn4ccccc4n3)CC2)c2ccccc2n1,5.84
Cl.O=C1CC2(CCN(Cc3ccccc3)CC2)OC=C1c1ccccc1,5.84
Br.CCCN(CCC)C1CCc2ccc(O)cc2C1,5.84
Cn1c(SCCCN2CC[C@]3(C[C@@H]3c3ccc(C(F)(F)F)cc3)C2)nnc1C1=CC=NC(=O)C1,5.84
Cc1ncoc1-c1nnc(CCCCN2CC[C@]3(CC3c3ccc(C(F)(F)F)cc3)C2)n1C,5.84
CCc1cc(Cl)c(OC)c(N2CCN(Cc3cn(CCC(C(=O)N(C)C)(c4ccccc4)c4ccccc4)nn3)CC2)c1,5.84
CC(Oc1cc(F)ccc1Cl)c1nc(N)nc(N2CCN(C)CC2)n1,5.84
Cc1cccc(N2CCN(CCCN3C(=O)CCc4ccccc43)CC2)c1.O=C(O)C(=O)O,5.84
C[C@@H]1Cc2ccccc2N1C(=O)CN1CCN(Cc2ccc3c(c2)OCO3)CC1,5.84
OC(COc1cccc2ccccc12)CN1CCC(Cc2ccccc2)CC1,5.84
Cc1[nH]c(-c2ccccc2)nc1CN1CCN(c2ncccn2)CC1,5.84
N#Cc1ccc2c(c1)CN(C[C@@H]1C[C@H]1CNC(=O)c1ccnc3ccccc13)CC2,5.84
CCc1cc2c(cc1N1CCN(CC(O)CCCC(=O)c3cc4ccccc4o3)CC1)OCO2,5.84
CCCCCOc1cc2c(cc1O)[C@@H]1Cc3ccc(O)c(OC)c3CN1CC2,5.84
N#Cc1ccc(C(=O)CCCN2CCc3ccccc3C2)cc1,5.84
CCc1cc2c(cc1N1CCN(CC(O)CCNC(=O)c3cc4ccccc4o3)CC1)OCO2,5.84
COc1ccc(N2CCN(CCC3OCCc4ccccc43)CC2)cc1,5.84
O=C(CC1COCCO1)N[C@H]1CC[C@H](CCN2CCN(c3nccc4c3CCO4)CC2)CC1,5.83
c1ccc2c(c1)CCN1CCc3[nH]c4ccccc4c3C21,5.83
CN(C)CC1=Cc2cn(S(=O)(=O)c3cccc4ccccc34)c3cccc(c23)O1,5.83
O=C(N[C@H]1CC[C@H](CCN2CCC(c3cccc4c3CCO4)CC2)CC1)c1ccc(C(F)(F)F)cc1,5.83
CN1CCN(C2=Nc3cc(Cl)ccc3N(NC(=O)c3cccs3)c3ccccc32)CC1,5.83
COCCC(=O)N[C@H]1CC[C@H](CCN2CCN(c3nccc4c3CCO4)CC2)CC1,5.83
CN(C)C(=O)C(CCN1CCN(c2cccc(C(F)(F)F)n2)CC1)(c1ccccc1)c1ccccc1,5.83
Cn1c(SCCCN2C[C@@H]3CCN(c4cccnc4)[C@@H]3C2)nnc1C1CCCCC1,5.83
CC(C)OC(=O)N[C@H]1CC[C@H](CCN2CCc3ccccc3C2)CC1,5.83
CCN(CC)CCCOc1ccc(-c2nc3ccccc3n2CCCCn2c(-c3ccc(OCCCN(CC)CC)cc3)nc3ccccc32)cc1,5.83
CC(=O)N[C@H]1CC[C@H](CCN2CCN(c3ncc(C)c4occc34)CC2)CC1,5.83
Cl.Fc1ccc(-c2cc(CCCCN3CCN(C(c4ccccc4)c4ccccc4)CC3)on2)cc1,5.83
Cc1ncccc1-c1nnc(SCCCN2CC[C@]3(C[C@@H]3c3ccc(C(F)(F)F)cc3)C2)n1C,5.83
COCCC(=O)N[C@H]1CC[C@H](CCN2CCN(c3nc(C)cc4c3CCO4)CC2)CC1,5.83
Cn1c(SCCCN2CCOC(c3ccc(C(F)(F)F)cc3)C2)nnc1-c1ccc(-c2ncco2)cc1,5.83
CCCN1CCO[C@@H]2c3cc4c(cc3CC[C@H]21)CCOC4=O,5.83
Cl.O=[N+]([O-])c1cccc(-c2cc(CCCCN3CCN(c4ccccc4)CC3)on2)c1,5.83
O=C(C[C@H]1COCCO1)N[C@H]1CC[C@H](CCN2CCN(c3nccc4c3CCO4)CC2)CC1,5.83
COc1ccc(C2=COC3(CCN(CCc4ccccc4)CC3)CC2=O)cc1.Cl,5.83
CN1CCN(C(=O)CCCN2CCN(c3cccc(Cl)c3Cl)CC2)C(C(=O)NC(C)(C)C)C1,5.83
NC1CCc2c(O)cccc2C1,5.83
COc1ccc(C(=O)C2CCN([C@H]3CCN(Cc4ccc(F)cc4)C[C@@H]3O)CC2)cc1,5.83
CCCCCCOc1cc2c(cc1O)[C@@H]1Cc3ccc(O)c(OC)c3CN1CC2,5.83
CO[C@H]1CC[C@H](CC(=O)N[C@H]2CC[C@H](CCN3CCN(c4nccc5occc45)CC3)CC2)CC1,5.83
N#Cc1cccc(S(=O)(=O)C2CCN(CCc3ccc(F)cc3F)CC2)c1,5.823908740944319
O=S(=O)(c1ccccc1)C1CCN(CCc2ccccc2)CC1,5.823908740944319
O=C(CN1CCC(S(=O)(=O)c2ccccc2)CC1)c1ccc(F)cc1,5.823908740944319
O=C(CN1CCC(S(=O)(=O)c2ccccc2)CC1)c1ccc(F)cc1F,5.823908740944319
COc1ccc(N2CCN(Cc3c[nH]c4ncccc34)CC2)cc1,5.823908740944319
O=S(=O)(c1ccccc1)C1CCN(Cc2ccccc2)CC1,5.823908740944319
Cc1c(-c2ccc(Cl)cc2)nc(N)nc1C1CCN(CCc2ccccc2)CC1,5.823908740944319
N#Cc1ccc(S(=O)(=O)C2CCN(CCc3ccc(F)cc3F)CC2)cc1,5.823908740944319
O=C1NCCN1CCN1CCC(S(=O)(=O)c2ccccc2)CC1,5.823908740944319
O=S(=O)(c1ccccc1)C1CCN(CCCc2ccccc2)CC1,5.823908740944319
Fc1ccc2c([C@@H]3CNCC[C@H]3F)c(-c3ccccc3)[nH]c2c1,5.823908740944319
Cc1c(-c2ccccc2)nc(O)n1C1CCN(Cc2ccccc2Cl)CC1,5.823908740944319
Cc1cccc(N2CCN(CCCC(=O)NCc3nc4cc(F)ccc4c(=O)n3-c3ccccc3)CC2)c1C,5.82
CCN(CC)CCCOc1ccc(-c2nc3ccccc3n2C/C=C\Cn2c(-c3ccc(OCCCN(CC)CC)cc3)nc3ccccc32)cc1,5.82
O=C(C#Cc1ccccc1)N(c1ccccc1)C1CCN(Cc2ccccc2)CC1.O=C(O)/C=C/C(=O)O,5.82
CC(=O)N[C@@H]1CC2(CCN(Cc3ccc4c(c3)c3ccccc3n4C(N)=O)CC2)c2ccccc21,5.82
CCOc1ccccc1N1CCN(CCCC(=O)NCc2nc3cc(F)ccc3c(=O)n2-c2ccc(OC)cc2)CC1,5.82
COc1cc(CCN2CCC(O)(c3ccc(Cl)cc3)CC2)ccc1OCCSSCCN.O=C(O)C(F)(F)F.O=C(O)C(F)(F)F,5.82
Cn1c(SCCCN2CC3CCN(c4c(F)cccc4F)C3C2)nnc1-c1cccnc1,5.82
Cc1ncc(OCC(=O)NC23CCC(CCN4CCc5nc(OCC(F)(F)F)sc5CC4)(CC2)OC3)cn1,5.82
Cn1ncc(CC(=O)N[C@H]2CC[C@](F)(CCN3CCc4ccc(CCC(F)(F)F)nc4CC3)CC2)n1,5.82
Cc1ccc(C(=O)NN2c3ccc(Cl)cc3N=C(N3CCN(C)CC3)c3ccccc32)cc1,5.82
CC(C)(C)c1nc(N2CCN(CCCCNC(=O)N3CCN(c4cc(C(F)(F)F)nc(C(C)(C)C)n4)CC3)CC2)cc(C(F)(F)F)n1,5.82
O=C(NCCN1CCC(O)(c2ccc(Cl)cc2)CC1)NCCN1C(=O)C=CC1=O.O=C(O)C(F)(F)F,5.82
COc1cccc(CC2NCCc3c2[nH]c2ccc(OC)cc32)c1,5.82
O=C(N[C@H]1CO[C@H](CCN2CCc3sc(OCC(F)(F)F)nc3C2)OC1)OCc1ccccc1,5.82
CCCN(C(C)C)[C@@H]1CCc2c(F)cccc2C1,5.82
COc1ccccc1N1CCN(Cc2cn(-c3ccc(OCCCOC4O[C@H](CO)[C@@H](O)[C@H](O)[C@H]4F)cc3)nn2)CC1,5.82
CN1CCN(c2ccc(O)c3c2OCCO3)CC1,5.82
CC(C)(C)c1nc(N2CCN(CCCCNC(=O)C3CCC(c4ccccc4)CC3)CC2)cc(C(F)(F)F)n1,5.82
COC(=O)c1ccc(Nc2nc3ccccc3n2Cc2ccc(Cl)cc2)cc1,5.82
O=C(N[C@@H]1CCN(Cc2ccccc2)C1)c1ccc(-c2cccs2)cc1,5.82
O=S1(=O)c2ccccc2CCC12CCN(CCc1ccc(F)cc1F)CC2,5.82
CCCN(CCCCNC(=O)c1cc2ccccc2[nH]1)CC1CC1c1cccc(Cl)c1Cl.Cl,5.82
Cc1ccccc1CN1CCN(CC(=O)N2c3ccccc3CC2C)CC1,5.82
Cc1nnc(CC(=O)N[C@H]2CC[C@H](CCN3CCc4nc(OCCC(F)(F)F)sc4CC3)CC2)o1,5.82
Cl.O=[N+]([O-])c1cccc(-c2cc(CCCCN3CCN(C(c4ccccc4)c4ccccc4)CC3)on2)c1,5.82
CN1CCc2cc3nc(N)sc3cc2CC1,5.82
Cl.O=C1CC2(CCN(CCc3ccccc3)CC2)OCC1c1ccc(F)cc1,5.82
O=C(N[C@H]1CC[C@H](CCN2CCN(c3cccc4c3OCO4)CC2)CC1)c1ccc(N2CCOCC2)cc1,5.82
COc1ccc(Br)cc1C(=O)NC[C@H]1CCN(Cc2ccccc2)C1,5.82
Cn1ncc(CC(=O)N[C@H]2CC[C@H](CCN3CCc4nc(OCC(F)F)sc4CC3)CC2)c1F,5.82
O=C(N[C@H]1CCN(Cc2ccc(F)cc2)C1)c1ccc(-c2cccs2)cc1,5.82
CC(C)(CCCN1CCCC(c2cnco2)C1)S(=O)(=O)c1ccccc1,5.82
CCC(Oc1ccccc1)c1nc(N)nc(N2CCN(C)CC2)n1,5.82
Cc1oc(-c2ccc3ccccc3c2)nc1CN1CCO[C@H](CCN)C1,5.82
Cl.Cn1c(SCCCNCC2CC2c2cc(F)ccc2OCCF)nnc1-c1ccccc1,5.82
CCCN1CCC(c2cccc(OC)c2)CC1,5.82
Cc1nnc(CC(=O)N[C@H]2CC[C@H](CCN3CCc4ccc(OC(C)C)nc4CC3)CC2)s1,5.82
C=CCN1CCc2cc(OC)c(O)cc2C(c2c(Cl)cccc2Cl)C1,5.82
COc1ccc(N2CCN(CCCN3CCN(c4ncccc4C#N)CC3)CC2)cc1,5.82
Cc1ncoc1-c1nnc(SCCCN2CC3CN(c4ccc(C(F)(F)F)cc4)C3C2)n1C,5.82
COc1ccc(CCN2CCC(Nc3nc4ccccc4n3Cc3ccc(F)cc3)CC2)cc1,5.82
O=C(CCCN1CCN(c2ncccn2)CC1)c1nc2ccccc2s1,5.82
CC1CN(CCN2CCC(c3noc4ccccc34)CC2)C(=O)c2ncccc21,5.81
COCC(=O)N[C@H]1CC[C@H](CCN2CCN(c3nccc4c3CCO4)CC2)CC1,5.81
CC(C)c1ncc2c(n1)CCN(CCN1CCN(c3nsc4ccccc34)CC1)C2=O,5.81
Clc1cccc(N2CCN(Cc3cccs3)CC2)c1Cl,5.81
Cn1c(SCCCN2CC[C@]3(C[C@@H]3c3ccc(C(F)(F)F)cc3)C2)nnc1-c1ccnnc1,5.81
O=C(NCCCCN1CCN(c2ccnc3cc(C(F)(F)F)ccc23)CC1)N1CCN(c2ccccc2)CC1,5.81
NC[C@@H]1O[C@H](C23CC4CC(CC(C4)C2)C3)Cc2c1ccc(O)c2O,5.81
COc1ccccc1[C@@H]1C[C@H]1NCCC(C(=O)N(C)C)(c1ccccc1)c1ccccc1,5.81
CCCN1CCC(c2ccc3ccccc3c2)CC1,5.81
CN(CC(=O)NC(C)(C)C)C(=O)CCCN1CCN(c2cccc(Cl)c2Cl)CC1,5.81
O=C(NCCCCN1CCN(c2ccc3ccccc3n2)CC1)c1cn2ccccc2n1,5.81
Cn1c(SCCCN2C[C@@H]3CCN(c4ccccc4)[C@@H]3C2)nnc1C1CCOCC1,5.81
COc1cccc(C(=O)NCCCCCN2CCN(c3cccc(Cl)c3Cl)CC2)c1,5.81
COc1ccccc1N1CCN(CCCCNC(=O)N(C)c2ccccc2)CC1,5.81
O=C(NCCCCN1CCN(c2cccc(C(F)(F)F)c2)CC1)c1ccc2ccccc2c1,5.81
O=C(C[C@H]1CC[C@H](O)CC1)N[C@H]1CC[C@H](CCN2CCN(c3nccc4occc34)CC2)CC1,5.81
O=C1c2ccc(F)cc2CC1CCN1CCN(c2ccc(Cl)cc2)CC1,5.81
CC(=O)NCc1ccc(OCCCN2CCC(c3noc4cc(F)ccc34)CC2)cc1,5.8
Cc1ncc2c(=O)n(CCN3CCN(c4noc5ccccc45)CC3)ccc2n1,5.8
Cn1cc(CC(=O)NC2CCC(CCN3CCc4ccc(OCC(F)F)nc4CC3)CC2)c(F)n1,5.8
Cc1nc(CC(=O)N[C@H]2CC[C@](F)(CCN3CCc4nc(OCC(F)(F)F)sc4CC3)CC2)nn1C,5.8
CC1CN(CCCCNC(=O)C(C)(C)C)CCN1c1ccc(Cl)cc1,5.8
Fc1ccc2c([C@@H]3CNCC[C@H]3F)c(-c3ccsc3)[nH]c2c1,5.8
CN1CCc2cc(Br)c(O)cc2C(c2ccc(N)cc2)C1,5.8
CCCN(CCCCNC(=O)c1ccc(-c2ccccc2)cc1)C1CCc2ncnc(OC)c2C1,5.8
O=c1[nH]c2c(O)ccc([C@@H](O)CNCCSCCCNCCc3ccccc3Cl)c2s1,5.8
Cn1cc2c(C(=O)NC34CCC(CCN5CCc6nc(OCC(F)(F)F)sc6CC5)(CC3)CC4)cccc2n1,5.8
Cc1cccc(S(=O)(=O)N2CCC[C@@H]2CCN2CCC(C)CC2)c1,5.8
Cc1ncc(OCC(=O)N[C@H]2CC[C@H](CCN3CCc4nc(OCC(F)F)sc4CC3)CC2)cn1,5.8
Cc1cc(CC(=O)N[C@H]2CC[C@H](CCN3CCc4sc(C5CC(F)(F)C5)nc4C3)CC2)on1,5.8
O=c1[nH]c2c(O)ccc([C@@H](O)CNCCCSCCNCCc3cccc(Cl)c3)c2s1,5.8
O=C(NCCCCN1CCC(N(Cc2ccccc2)c2ccccc2)CC1)c1cc2ccccc2s1,5.8
O=S(=O)(c1ccccc1)N1Cc2cccc(N3CCN(C4CCC4)CC3)c2C1,5.8
Cc1ncoc1-c1nnc(SCCCN2CC[C@]3(C[C@@H]3c3ccccc3C(F)(F)F)C2)n1C,5.8
CCCN(CCCCNC(=O)c1ccc(-c2ccccc2)cc1)C1CCc2nc(C(C)(C)C)ncc2C1,5.8
Cn1ncc(CC(=O)N[C@H]2CC[C@H](CCN3CCc4ccc(OCC(F)F)nc4CC3)CC2)c1F,5.8
CC(C)(C)C(=O)NCCCCN1CCN(c2ccc(Br)cc2)CC1,5.8
COc1ccc(Br)cc1C(=O)NC[C@@H]1CCN(Cc2ccccc2)C1,5.8
Clc1ccc(N2CCN(Cc3cccs3)CC2)cc1Cl,5.8
Cc1ncc2c(=O)n(CCN3CCC(c4noc5ccccc45)CC3)ccc2n1,5.8
C[C@H](Oc1nc2c(s1)CCN(CC[C@H]1CC[C@H](NC(=O)Cc3cnn(C)n3)CC1)CC2)C(F)(F)F,5.8
O=C(CO)N[C@H]1CC[C@H](CCN2CCN(c3nccc4c3CCO4)CC2)CC1,5.8
CN(C)CCc1cccc2c1ccn2S(=O)(=O)c1ccccc1,5.8
Nc1nc(-c2ccccc2)c2c(n1)-c1cc(OCCCN3CCCCC3)ccc1C2=O,5.8
CN1CCN(C2=Nc3cc(Cl)ccc3N(NC(=O)/C=C/c3ccccc3)c3ccccc32)CC1,5.8
CCc1nc(N)[nH]c1-c1cn(S(=O)(=O)c2ccccc2)c2ccccc12.Cl,5.8
COc1cc2ccccc2cc1OCCC1CCN(Cc2ccccc2)CC1,5.8
Cc1c(-c2ccccc2)nnn1C1CCN(Cc2ccccc2)CC1,5.8
Cc1ncccc1C(=O)N[C@H]1CC[C@H](CCN2CCc3nc(OCCC(F)(F)F)sc3CC2)CC1,5.8
c1ccc(-c2[nH]c3ccccc3c2C2CNCCO2)cc1,5.8
CN(CCCCNC(=O)c1ccc(-c2ccccc2)cc1)C1CCc2nc(N)ncc2C1,5.8
CC(=O)NCCCCN1CCN(c2ccc(Cl)cc2)CC1,5.8
CC[C@@H](C)Oc1ccc2c(n1)CCN(CC[C@H]1CC[C@H](NC(=O)Cc3cnn(C)n3)CC1)CC2,5.8
c1ccc(CN2CCCC(c3c(-c4ccccc4)[nH]c4ccccc34)C2)cc1,5.8
COc1ccccc1N1CCN(Cc2cn(-c3ccc(OCCF)cc3)nn2)CC1,5.8
CCCCC(C)(C)C(=O)NCCN1CCN(c2ccc(Cl)cc2)CC1,5.8
CCCC(C)(C)C(=O)NCCCCN1CCN(c2ccc(Cl)cc2)CC1,5.8
COc1cccc(CC2NCCc3c2[nH]c2ccccc32)c1,5.8
CC(=O)OC1CCc2ccc(/N=C/N(C)Cc3ccccc3)cc21,5.8
COc1ccc(NS(=O)(=O)c2sc3ccc(Cl)cc3c2C)cc1N1CCN2CCC[C@H]2C1,5.8
Cn1cc(CC(=O)N[C@H]2CC[C@H](CCN3CCc4nc(OCC(F)F)sc4CC3)CC2)c(F)n1,5.8
Cc1ccccc1-c1ccc(C(=O)NCCCCN2CCc3ccc(OS(=O)(=O)C(F)(F)F)cc3C2)cc1,5.8
Cc1ccccc1C(=O)NN1c2ccccc2N=C(N2CCN(C)CC2)c2cc(Cl)ccc21,5.8
Cc1cc(CC(=O)N[C@H]2CC[C@H](CCN3CCc4sc(N5CC(F)(F)C5)nc4C3)CC2)on1,5.8
CCN(CC)C(=O)[C@@H]1C=C2c3cccc4[nH]cc(c34)C[C@H]2N(C(=O)Nc2ccccc2)C1,5.8
CN(CCN1CCN(C2COOC2)C1=O)C[C@]12CC[C@H](CC1)C2(C)C,5.8
O=c1[nH]c2c(O)ccc([C@@H](O)CNCCc3cccc(CNCCc4ccccn4)c3)c2s1,5.8
COc1ccc(S(=O)(=O)N(C)c2ccccc2)cc1-c1ccc(CN2CCCCC[C@H]2c2ccccc2)[nH]1,5.8
COc1ccc(N2CCC3CN(CCCSc4nnc(-c5cnccn5)n4C)CC32)cc1,5.8
Cc1ccnc(N2CCN(CCCc3nc4ccccc4s3)CC2)c1,5.8
Cl.N#Cc1ccc2c(c1)CCN(CC[C@H]1CC[C@H](NC(=O)c3ccc4ccccc4c3)CC1)C2,5.8
CCCN(CCCCNC(=O)c1ccc(-c2ccccc2)cc1)C1CCc2nc(N(C)C)ncc2C1,5.8
Cn1ncc(CC(=O)N[C@H]2CC[C@](F)(CCN3CCc4nc(OCC(F)(F)F)sc4CC3)CC2)n1,5.8
Fc1ccc2c([C@@H]3CNCC[C@H]3F)c(-c3cccnc3)[nH]c2c1,5.795880017344075
Cc1c(-c2ccccc2)nc(O)n1C1CCN(C)CC1,5.795880017344075
CN1CCN(C)C(c2c(-c3ccccc3)[nH]c3ccccc23)C1,5.795880017344075
O=C(Nc1ccccc1)c1[nH]c2cc(F)ccc2c1[C@@H]1CNCC[C@H]1F,5.795880017344075
F[C@@H]1CCNC[C@H]1c1c(-c2ccccc2)[nH]c2cc(Cl)ccc12,5.795880017344075
Fc1cccc2c([C@@H]3CNCC[C@H]3F)c(-c3ccccc3)[nH]c12,5.795880017344075
F[C@@H]1CCNC[C@H]1c1c(-c2ccccc2)[nH]c2c(Cl)cccc12,5.795880017344075
Fc1ccc2c([C@@H]3CNCC[C@H]3F)c(C3CCCCC3)[nH]c2c1,5.795880017344075
F[C@@H]1CCNC[C@H]1c1c(-c2ccccc2)[nH]c2ccc(Cl)cc12,5.795880017344075
Clc1ccc(CN2CC=C(c3nc4ccccc4s3)CC2)cc1,5.795880017344075
Fc1ccc2[nH]c(-c3ccccc3)c([C@@H]3CNCC[C@H]3F)c2c1,5.795880017344075
Clc1ccc2sc(C3=CCN(Cc4ccccc4)CC3)nc2c1,5.795880017344075
Fc1ccc2c([C@@H]3CNCC[C@H]3F)c(-c3ccoc3)[nH]c2c1,5.795880017344075
COC(=O)c1[nH]c2cc(F)ccc2c1[C@@H]1CNCC[C@H]1F,5.795880017344075
O=C(NCc1ccccc1)NC1CCN(Cc2ccccc2)CC1,5.795880017344075
c1ccc(-c2[nH]c3ccccc3c2C2CCNCC2)cc1,5.795880017344075
O[C@@H]1CCNC[C@H]1c1c(-c2ccccc2)[nH]c2ccccc12,5.795880017344075
Cn1c(SCCCN2C[C@@H]3CCN(c4cccnc4)[C@@H]3C2)nnc1C1CCOCC1,5.79
Cc1cccc(N2CCN(CCCNC(=O)c3cn[nH]c3C)CC2)c1,5.79
CCc1nc(N)[nH]c1-c1cn(S(=O)(=O)c2ccccc2)c2ccc(OC)cc12.Cl,5.79
CC(C)(C)c1nc(N2CCN(CCCCNC(=O)N3CCC(c4ccccc4)CC3)CC2)cc(C(F)(F)F)n1,5.79
CCC(Oc1cc(F)ccc1F)c1nc(N)nc(N2CCN(C)CC2)n1,5.79
CN1CCc2cc(Cl)c(O)cc2[C@H]2c3cccc(-c4cccc(OC(F)(F)F)c4)c3CC[C@H]21,5.79
Br.O=C(CC1CCN(CC2CC2)CC1)c1ccc(F)cc1,5.79
CCc1cc2c(c(OC(C)=O)c1OC(C)=O)-c1cccc3c1[C@@H](C2)N(C)CC3,5.79
CN1CCN(C2=Nc3cc(Cl)ccc3N(NC(=O)CCC(=O)N3CCN(C(=O)CCC(=O)NN4c5ccc(Cl)cc5N=C(N5CCN(C)CC5)c5ccccc54)CC3)c3ccccc32)CC1,5.79
CCc1cc(Cl)c(OC)c(N2CCN(CCC(O)CCNC(=O)c3cc4ccccc4o3)CC2)c1,5.79
CN1CCN(C2=Nc3cc(Cl)ccc3N(NC(=O)c3ccc(F)cc3C(F)(F)F)c3ccccc32)CC1,5.79
O=C1Cc2ccccc2N1CCN1CCN(Cc2ccc(Cl)cc2)CC1,5.79
O=C1CN2c3c(cccc3[C@@H]3CN(CCCOc4ccc(F)c(F)c4)CC[C@@H]32)N1,5.79
CCc1cc(Cl)c(OC)c(N2CCN(CC(O)CCNC(=O)c3cc4ccccc4o3)CC2)c1,5.79
O=C(NCCCN1CCN(c2cccc(Cl)c2Cl)CC1)c1cccc2c1Cc1ccccc1-2,5.78
Cl.O=C1C(c2ccc(F)cc2)=COC12CCN(Cc1ccc(F)cc1)CC2,5.78
COc1ccccc1CCN1CCN(Cc2cc3ccccc3o2)CC1,5.78
O=c1c(-c2ccc(Cl)cc2)c2n(c(=O)n1CCCCN1CCCC(c3c[nH]c4ccccc34)C1)CCCC2,5.78
CN1CCc2ccc(OCCCN3CCN(c4ccc(F)cc4)CC3)cc2C1=O,5.78
CN1CCc2cc(Cl)c(O)cc2[C@H]2c3cccc(CO)c3CC[C@@H]21,5.78
Cn1c(SCCCN2C[C@H]3CCN(c4ccc(C(F)(F)F)cc4)[C@H]3C2)nnc1-c1ccc(=O)n(C)c1,5.78
CC(C)(C)c1ccc(C(=O)N[C@H]2CC[C@H](CCN3CCN(c4nccc5c4CCO5)CC3)CC2)cc1,5.78
CCCN[C@H]1CCc2ccc3[nH]c(C(N)=O)cc3c2C1,5.778064400171995
CC(=O)OC1CCc2ccc(/N=C/N3CCc4ccccc4C3)cc21,5.77
Cn1ccc2c1CCN(CCN1CCN(c3noc4ccccc34)CC1)C2=O,5.77
COc1cc2c(cc1OC)CN(/C=N/c1ccc3c(c1)C(O)CCCC3)CC2,5.77
Cc1nc(N)sc1CCCN/C(N)=N/C(=O)NC(C)c1ccco1,5.77
CC(C)CS(=O)(=O)n1ccc2c(-c3ccc(C(F)(F)F)cc3)cc(N3CCNCC3)nc21,5.77
Cc1ccc2c(c1)CCN2C(=O)CN1CCN(Cc2ccc(Cl)cc2)CC1,5.77
CC1(c2ccc(F)cc2)NC(=O)N(CC(O)CN2CCN(c3ccccc3F)CC2)C1=O,5.77
O=C(c1cc2ccccc2o1)N1CCN(CCOc2cccnc2)CC1,5.77
Cn1cnc2c1CCN(CCN1CCN(c3nsc4ccccc34)CC1)C2=O,5.77
CCN(CC)[C@H]1[C@H](CO)[C@@H]2CN(Cc3ccccc3)[C@@H](c3ccccc3)[C@@H]21,5.77
COc1cccc(OCCN2CCN(C(=O)c3cc4cc(OC)ccc4[nH]3)CC2)c1,5.77
CC1(c2ccccc2)NC(=O)N(CC(O)CN2CCN(c3ccccc3C#N)CC2)C1=O.Cl,5.77
Cc1nc(CC(=O)N[C@H]2CC[C@H](CCN3CCc4ccc(CCC(F)(F)F)nc4CC3)CC2)n(C)n1,5.77
Fc1cccc(N2CCN(Cc3cc4ccccn4n3)CC2)n1,5.77
Cc1ncccc1C(=O)NC12CCC(CCN3CCc4nc(OCC(F)(F)F)sc4CC3)(CC1)CC2,5.77
CN1CCc2cc(Cl)c(O)cc2[C@H]2c3cccc(Br)c3CC[C@@H]21,5.77
COC(CN1CCc2ccc(OCC(F)(F)F)nc2CC1)[C@H]1CC[C@H](NC(=O)Cc2cnc(C)o2)CC1,5.77
Cc1cc(C)c2c(N)c(C(=O)NCCCN3CCC(O)(c4ccc(Cl)cc4)CC3)sc2n1,5.77
COc1cc(CCNC[C@@H](O)c2ccc(O)c(O)c2)ccc1OCCCc1ccccc1,5.77
Cn1cc2c(C(=O)N[C@H]3CC[C@H](CCN4CCC5(c6nocc6C(C)(F)F)CC5C4)CC3)cccc2n1,5.77
CC(C)Oc1ccc2c(n1)CCN(CC[C@H]1CC[C@H](NC(=O)c3cccc4c(=O)n(C)ccc34)CC1)CC2,5.77
O=C(O)C(=O)O.c1ccc(N2CCN(CCCc3nc4ccccc4o3)CC2)cc1,5.77
O=C(N[C@H]1CC[C@H](CCN2CCC(c3cccc4c3CCO4)CC2)CC1)c1ccc(-n2cccn2)cc1,5.77
CC(=O)c1conc1C1=CCN(CC[C@H]2CC[C@H](NC(=O)c3cccc4nn(C)cc34)CC2)CC1,5.77
CNCC1CC2c3ccccc3Cc3ccccc3N2O1,5.77
OC1c2ccccc2CCC12CCN(CCc1ccccc1)CC2,5.77
Cc1cc(CC(=O)N[C@H]2CC[C@H](CCN3CCc4nc(OCC(C)(F)F)sc4CC3)CC2)on1,5.77
CN1CCC(c2nnc(SCCCN3CC[C@]4(C[C@@H]4c4ccc(C(F)(F)F)cc4)C3)n2C)CC1=O,5.77
FC(F)(F)c1cccc(N2CCN(CCCOC3(c4ccccn4)CCOCC3)CC2)n1,5.77
Cc1ccc(S(=O)(=O)n2cc3c4c(cccc42)[C@H](O)[C@@H](N(C)C)C3)cc1,5.769551078621726
Cc1cnc(CC(=O)N[C@H]2CC[C@](F)(CCN3CCc4nc(OCC(F)F)sc4CC3)CC2)o1,5.769551078621726
Cc1ncc(CC(=O)N[C@H]2CC[C@H](C(F)CN3CCc4ccc(OCC(F)(F)F)nc4CC3)CC2)s1,5.769551078621726
Cc1cc(CC(=O)N[C@H]2CC[C@H](CCN3CCc4nc(OCC(F)(F)F)sc4CC3)OC2)on1,5.769551078621726
CN1CCCCC1c1c(-c2ccccc2)[nH]c2ccccc12,5.769551078621726
Cn1cc2c(C(=O)N[C@H]3CC[C@H](CCN4CCc5ccc(OCC(F)F)nc5CC4)CC3)cccc2n1,5.769551078621726
O=C(N[C@H]1CC[C@H](CCN2CCC(c3nccn3-c3ccccn3)CC2)CC1)c1cccc2ncccc12,5.769551078621726
Cc1cn2c(C(=O)N[C@H]3CC[C@H](CCN4CCc5nc(OCC(F)F)sc5CC4)CC3)cccc2n1,5.769551078621726
F[C@@H]1CCNC[C@H]1c1c(-c2ccccc2)[nH]c2ccccc12,5.769551078621726
Cc1c(C2CCN(CCc3ccccc3)CC2)noc1-c1ccc(Cl)cc1,5.769551078621726
CC(CF)Oc1nc2c(s1)CCN(CC[C@H]1CC[C@H](NC(=O)c3cccc4nn(C)cc34)CC1)CC2,5.769551078621726
Cn1cc2c(C(=O)N[C@H]3CC[C@H](CCN4CCc5nc(O[C@H]6C[C@H](F)C6)sc5CC4)CC3)cccc2n1,5.769551078621726
O=C(N[C@H]1CC[C@H](CCN2CCc3sc(Cc4ccccc4)nc3C2)CC1)c1cccc2ncccc12,5.769551078621726
Cn1cc2c(C(=O)N[C@H]3CC[C@H](CCN4CCc5nc(OCC(C)(C)F)sc5CC4)CC3)cccc2n1,5.769551078621726
Cc1ncc(/C=C/C(=O)N[C@H]2CC[C@H](CCN3CCc4nc(OCC(F)(F)F)sc4CC3)CC2)cn1,5.769551078621726
F[C@H]1CCNC[C@@H]1c1c(-c2ccccc2)[nH]c2ccccc12,5.769551078621726
Cn1cc2c(C(=O)N[C@H]3CC[C@H](CCN4CCc5ccc(OC6CC(F)(F)C6)nc5CC4)CC3)cccc2n1,5.769551078621726
Cc1cc(OCC(=O)N[C@H]2CC[C@](F)(CCN3CCc4ccc(OCC(F)(F)F)nc4CC3)CC2)no1,5.769551078621726
O=C(NC(=O)c1ccccc1)NC1CCN(Cc2ccccc2)CC1,5.769551078621726
Cc1c(-c2ccccc2)cnn1C1CCN(Cc2cccc(C#N)c2)CC1,5.769551078621726
Clc1ccc(CN2CC=C(c3nc4cc(Cl)ccc4o3)CC2)cc1,5.769551078621726
O=C(N[C@H]1CC[C@H](CCN2CCc3nc(-c4ccccc4)sc3C2)CC1)c1cccc2ncccc12,5.769551078621726
Cc1c(-c2ccc(Cl)cc2)noc1C1CCN(CCc2ccccc2)CC1,5.769551078621726
CC1c2nc(OCC(F)F)sc2CCN1CC[C@H]1CC[C@H](NC(=O)c2cccc3ncccc23)CC1,5.769551078621726
O=C(N[C@H]1CC[C@H](CCN2CCc3sc(N4CC5CC5C4)nc3C2)CC1)c1cccc2ncccc12,5.769551078621726
Cn1cc2c(C(=O)N[C@H]3CC[C@H](CCN4CCc5nc(OCC(F)F)sc5CC4)CC3)cccc2n1,5.769551078621726
O=C(N[C@H]1CC[C@H](CCN2CCc3sc(C4=CCOCC4)nc3C2)CC1)c1cccc2ncccc12,5.769551078621726
CN1Cc2c(C(=O)N[C@H]3CC[C@](F)(CCN4CCc5nc(OCC(F)F)sc5CC4)CC3)cccc2C1=O,5.769551078621726
Cc1ncc(CC(=O)N[C@H]2CC[C@H](CCN3CCc4cnc(OCC(F)F)nc4CC3)CC2)s1,5.769551078621726
O=C(N[C@H]1CC[C@H](CCN2CCc3ccc(OCC(F)F)nc3C2)CC1)c1cccc2ncccc12,5.769551078621726
O=C(N[C@H]1CC[C@H](CCN2CCc3cn(Cc4ccccc4)nc3C2)CC1)c1cccc2ncccc12,5.769551078621726
O=C(N[C@H]1CC[C@H](CCN2CCc3cnc(CC4CC4)nc3C2)CC1)c1cccc2ncccc12,5.769551078621726
Ic1ccc(N2CCN(Cc3c[nH]c4ncccc34)CC2)cc1,5.769551078621726
CCCOc1nc2c(s1)CCN(CC[C@H]1CC[C@H](NC(=O)c3cccc4nn(C)cc34)CC1)C2,5.769551078621726
COc1cc(CC(=O)N[C@H]2CC[C@H](CCN3CCc4sc(N5CC(F)(F)C5)nc4C3)CC2)on1,5.769551078621726
Cn1cc2c(CC(=O)N[C@H]3CC[C@H](CCN4CCc5ccc(OCC(F)F)nc5CC4)CC3)cccc2n1,5.769551078621726
Cc1cc2c(C(=O)N[C@H]3CC[C@](F)(CCN4CCc5nc(OCC(F)F)sc5CC4)CC3)cccn2n1,5.769551078621726
NCCc1cccc2c1ccn2S(=O)(=O)c1ccccc1,5.769551078621726
Cn1cc(CC(=O)N[C@H]2CC[C@](F)(CCN3CCc4nc(OCC(F)F)sc4CC3)CC2)cn1,5.769551078621726
O=C(CCCN1C2C3C4CC5C6C4C2C6C1(O)C53)c1ccc(F)cc1,5.76
COc1ccccc1N1CCN(CCCCc2cc(-c3ccccc3)no2)CC1.Cl,5.76
CC(C)(C)N1C=CN(C(=O)CCCN2CCN(c3cccc(Cl)c3Cl)CC2)CC1=O,5.76
CN1C2CCC1CC(OC(c1ccccc1)c1ccc(Cl)cc1)C2,5.76
CC(C)(C)c1ccc(OC[C@@H]2CC[C@H]3CN(c4ncccn4)CCN3C2)cc1,5.76
CN1CCC(=C2c3ccccc3CC(=O)c3sccc32)CC1.O=C(O)/C=C/C(=O)O,5.76
Cn1c(CCCN2CCN(c3cccc(Cl)c3Cl)CC2)nc(-c2ccccc2)c1C(=O)NC1CCCCC1,5.76
CCCN1CC(c2ccc(N)nc2)OC[C@@H]1C,5.76
CCN(CC)CCCOc1ccc(-c2nc3ccccc3n2CCCCCCn2c(-c3ccc(OCCCN(CC)CC)cc3)nc3ccccc32)cc1,5.76
C=Cc1ccc2c(c1OC)-c1cccc3c1[C@@H](C2)N(C)CC3,5.76
O=c1c2ncccc2ccn1CCN1CCN(c2noc3ccccc23)CC1,5.76
O=C1Cc2ccccc2N1CCCCN1CCN(c2ccc(Cl)cc2)CC1,5.76
COc1ccc(CCN(CCCc2ccccc2)CCc2ccc3c(c2)OCO3)cc1OC,5.76
CN1CCc2cccc3c2C1Cc1ccc2nc(N)sc2c1-3,5.76
Cc1ncoc1-c1nnc(SCC(O)CN2CC[C@@]3(C[C@H]3c3ccc(C(F)(F)F)cc3)C2)n1C,5.76
Cc1ccc(-c2cc3c(=O)n(CCN4CCN(c5ccccc5Cl)CC4)c(=O)[nH]c3[nH]2)cc1,5.76
CCc1cc(Cl)c(OC)c(C(=O)NC[C@@H]2CCCN2CCCCNCCC(C(=O)N(C)C)(c2ccccc2)c2ccccc2)c1O,5.76
COc1ccc2[nH]cc(CCNCc3ccc(-c4cn[nH]c4)o3)c2c1,5.76
c1ccc(-c2nc(CN3CCN(c4ccccc4)CC3)co2)cc1,5.76
O=C(O)C(=O)O.c1ccc(N2CCN(CCCc3nc4ccccc4s3)CC2)cc1,5.75
CCC(Oc1cc(F)ccc1OC)c1nc(N)nc(N2CCN(C)CC2)n1,5.75
N#Cc1ccc2[nH]cc(CN3CCN(c4ccc(F)cc4)CC3)c2c1,5.75
CC(C)(C)c1nc(N2CCN(CCCCNC(=O)C3CCN(c4ccc(C(F)(F)F)cn4)CC3)CC2)cc(C(F)(F)F)n1,5.75
O=C(N[C@H]1CCN(Cc2ccc3c(c2)OCO3)C1)c1ccc(-c2cccs2)cc1,5.75
Cn1ncc(CC(=O)N[C@H]2CC[C@](F)(CCN3CCc4ccc(OCC(F)F)nc4CC3)CC2)c1F,5.75
CCc1cc(Cl)c(OC)c(C(=O)NCC2CCCN(CCCCNC(=O)c3cc4ccccc4o3)C2)c1O,5.75
O=C1COc2c(N3CCNCC3)ccc(O)c2N1,5.75
Cc1cc(N2CCN(C)CC2)c2c(c1)N(S(=O)(=O)c1ccc3ccccc3c1)C(C)CC2=O,5.75
CN1CCN(C2=Nc3cc(Cl)ccc3N(C(=O)CCCCCCC(=O)N3c4ccc(Cl)cc4N=C(N4CCN(C)CC4)c4ccccc43)c3ccccc32)CC1,5.75
Cn1c(SCCCN2CC[C@]3(C[C@H]3c3ccc(C(F)(F)F)cc3)C2)nnc1-c1cccnn1,5.75
CN1CCN(C2=Nc3cc(Cl)ccc3N(NC(=O)C3CCCCC3)c3ccccc32)CC1,5.75
O=C(c1cc2cnccc2[nH]1)N1CCN(CCOc2cccnc2)CC1,5.75
CCCN(CCCCN1C(=O)CC2(CCCC2)CC1=O)CC1COc2cccc(OC)c2C1,5.75
Cc1ncc(CC(=O)N[C@H]2CC[C@H](CCN3CCc4ccc(CCC(F)(F)F)nc4CC3)CC2)cn1,5.75
CC(C)c1ccc(CN2CCN(CC(=O)N3c4ccccc4CC3C)CC2)cc1,5.75
Fc1ccc2c(c1)CCC1(CCN(C3CCc4ccccc4C3)CC1)O2,5.75
Cn1cc2c(C(=O)N[C@H]3CC[C@H](CCN4CCc5ccc(C6CC6)nc5CC4)CC3)cccc2n1,5.7447274948966935
CC(C)Oc1nc2c(s1)CCN(CC[C@H]1CC[C@H](NC(=O)Cc3cccc4nn(C)cc34)CC1)CC2,5.7447274948966935
Cn1cc(CC(=O)N[C@H]2CC[C@H](CCN3CCc4sc(COC(F)(F)F)nc4C3)CC2)cn1,5.7447274948966935
Cc1ncc(CC(=O)N[C@H]2CC[C@H](CCN3CCc4ccc(OC5CCOC5)nc4CC3)CC2)s1,5.7447274948966935
O=C(N[C@H]1CC[C@H](CCN2CCc3nc(OCC(F)F)ncc3C2)CC1)c1cccc2ncccc12,5.7447274948966935
Clc1ccc2oc(C3=CCN(Cc4ccccc4)CC3)nc2c1,5.7447274948966935
Cc1cc(C23CC2CN(CC[C@H]2CC[C@H](NC(=O)Cc4cnc(C)s4)CC2)C3)no1,5.7447274948966935
Cc1nnc(CC(=O)N[C@H]2CC[C@H](CCN3CCc4nc(OC5CC(F)(F)C5)sc4CC3)CC2)o1,5.7447274948966935
Cc1ncccc1C(=O)N[C@H]1CC[C@H](CCN2CCc3nc(OC4CC(F)(F)C4)sc3CC2)CC1,5.7447274948966935
Cc1cc(C23CC2CN(CC[C@H]2CC[C@H](NC(=O)c4cccc5nn(C)cc45)CC2)C3)no1,5.7447274948966935
O=C(N[C@H]1CC[C@H](CCN2CCC(n3nccc3-c3ccccc3)CC2)CC1)c1cccc2ncccc12,5.7447274948966935
Cn1cc2c(C(=O)N[C@H]3CC[C@H](CCN4CCc5cnc(CCC(F)(F)F)nc5CC4)CC3)cccc2n1,5.7447274948966935
Cn1cc2c(C(=O)NN3CCC(CCN4CCc5sc(OCC(C)(F)F)nc5C4)CC3)cccc2n1,5.7447274948966935
Cc1ncc(/C=C/C(=O)N[C@H]2CC[C@](F)(CCN3CCc4nc(OCC(F)F)sc4CC3)CC2)cn1,5.7447274948966935
COc1cc(CC(=O)N[C@H]2CC[C@H](CCN3CCc4ccc(OCC(F)(F)F)nc4CC3)CC2)on1,5.7447274948966935
CC(C)Oc1ccc2c(n1)CCN(CC[C@H]1CC[C@H](NC(=O)c3cccc4nn(C)cc34)CC1)CC2,5.7447274948966935
Cc1nc(CC(=O)N[C@H]2CC[C@](F)(CCN3CCc4ccc(OCC(C)(F)F)nc4CC3)CC2)no1,5.7447274948966935
Cn1ccc2c(C(=O)N[C@H]3CC[C@H](CCN4CCc5nc(OCC(C)(F)F)sc5CC4)CC3)cccc2c1=O,5.7447274948966935
Cn1cc2ccc(C(=O)N[C@H]3CC[C@H](CCN4CCc5nc(OCC(C)(F)F)sc5CC4)CC3)cc2n1,5.7447274948966935
Cc1cc(OCC(=O)N[C@H]2CC[C@](F)(CCN3CCc4ccc(OCC(C)(F)F)nc4CC3)CC2)no1,5.7447274948966935
Cc1cc(CC(=O)N[C@H]2CC[C@](F)(CCN3CCc4nc(OCC(F)(F)F)sc4CC3)CC2)no1,5.7447274948966935
Cc1cnc(CC(=O)N[C@H]2CC[C@](F)(CCN3CCc4nc(OCC(F)(F)F)sc4CC3)CC2)o1,5.7447274948966935
Cc1nc(CC(=O)N[C@H]2CC[C@](F)(CCN3CCc4nc(OCC(F)(F)F)sc4CC3)CC2)no1,5.7447274948966935
Cn1cc2c(C(=O)N[C@H]3CC[C@H](CCN4CCc5sc(COC(F)(F)F)nc5C4)CC3)cccc2n1,5.7447274948966935
Cc1cc(OCC(=O)N[C@H]2CC[C@H](CCN3CCc4ccc(OCC(F)(F)F)nc4CC3)CC2)no1,5.7447274948966935
Cn1cc2c(C(=O)N[C@H]3CC[C@H](CCN4C[C@@H]5C[C@]5(c5cc(C(C)(F)F)on5)C4)CC3)cccc2n1,5.7447274948966935
c1ccc(CN2CCC(n3nnnc3-c3ccccc3)CC2)cc1,5.7447274948966935
Clc1ccc(-c2cc(C3CCNCC3)[nH]n2)cc1,5.7447274948966935
Cc1nc(C(=O)N[C@H]2CC[C@H](CCN3CCc4nc(OCC(F)(F)F)sc4CC3)CC2)no1,5.7447274948966935
O=C(CCC(F)(F)F)N[C@H]1CC[C@H](CCN2CCc3nc(CCC(F)(F)F)sc3CC2)CC1,5.7447274948966935
Cc1nc(CC(=O)N[C@H]2CC[C@H](CCN3CCc4nc(CCC(F)(F)F)sc4CC3)CC2)no1,5.7447274948966935
O=C(CCC(F)(F)F)N[C@H]1CC[C@H](CCN2CCc3nc(OCC(F)(F)F)sc3CC2)CC1,5.7447274948966935
COc1ccc(-c2c3n(c(=O)n(CCCCN4CCCC(c5c[nH]c6ccc(OC)cc56)C4)c2=O)CCCC3)cc1,5.74
CC(=O)Oc1c(C)cc2c(c1OC(C)=O)-c1cccc3c1[C@@H](C2)N(C)CC3,5.74
O=S(=O)(c1ccccc1)N1Cc2cccc(C3CCN(C4CCC4)CC3)c2C1,5.74
CO/N=C(/CCN1CCN(c2ccccn2)CC1)c1cccnc1,5.74
COc1ccccc1C1CC1CNCC[C@H]1CC[C@H](NC(=O)N(C)C)CC1,5.74
Cc1ccc(N2CCN(CCC3NC(=O)c4ccccc43)CC2)cc1C,5.74
Cc1ccc(N2CCN(CCC3C(=O)Nc4ccccc43)CC2)cc1C,5.74
Oc1cc2c(cc1Cl)CNC[C@H]2c1ccccc1,5.74
N#Cc1c(CN2CCN(CCc3ccccc3)CC2)cn2ccccc12,5.74
COc1ccc(S(=O)(=O)n2cc(C)c3cc(Cl)cnc32)cc1NC1CCN(C)CC1,5.74
COc1cccc(N2CCN(CCCCNC(=O)c3ccc(-c4ccsc4)cc3)CC2)c1,5.74
Fc1ccc(CCN2CCC(CCOCC#Cc3ccccc3)CC2)cc1,5.74
O=S(=O)(c1cccc2ncccc12)N1CCC(CCN2CCN(c3cccc(F)c3)CC2)CC1,5.74
Cc1ccc(C)c(N2CCN(CC(O)CN3C(=O)NC(C)(c4ccc(F)cc4)C3=O)CC2)c1,5.74
CCCN1CCO[C@@H]2c3cc(C(=O)N(C)C)ccc3CC[C@H]21,5.73
CC(C)(C)c1cc(N2CCN(CCCCNC(=O)N3CCN(c4ccccc4)CC3)CC2)cc(C(C)(C)C)c1,5.73
Cc1ccc(N2CCN(CCCCc3ccc(F)cc3)CC2)nc1,5.73
C[C@H]1CO[C@@H](c2ccc(N)nc2)CN1CC(=O)N1CCC(CNC(=O)c2cc3ccccc3[nH]2)C1,5.73
CCCC(CCC)C(=O)NN1c2ccc(Cl)cc2N=C(N2CCN(C)CC2)c2ccccc21,5.73
Fc1ccc(OC[C@@H]2CC[C@H]3CN(c4ccc(Cl)cn4)CCN3C2)cc1,5.73
Cc1nc2c(o1)CCN(CCN1CCC(c3noc4ccccc34)CC1)C2=O,5.73
Cn1cncc1-c1c[nH]c2ccc(Br)cc12,5.73
C=CCN(CC=C)CCc1c[nH]c2ccc(Cl)cc12,5.73
CN1CCc2cc(Cl)c(O)cc2[C@@H]1c1ccccc1,5.73
COc1ccccc1N1CCN(CNC(=O)c2ccccc2)CC1,5.73
CC[C@@H](C)Oc1ccc2c(n1)CCN(CC[C@H]1CC[C@H](NC(=O)c3cccc4nn(C)cc34)CC1)CC2,5.721246399047171
Cc1ncc(CC(=O)N[C@H]2CC[C@H](CCN3CCc4nc(OCC5CC5)sc4CC3)CC2)s1,5.721246399047171
Cn1cc2c(C(=O)N[C@H]3CC[C@H](CCN4CCc5nc(OC6CC(F)(F)C6)sc5CC4)CC3)cccc2n1,5.721246399047171
Cn1cc2c(C(=O)N[C@H]3CC[C@H](C(O)CN4CCc5ccc(OCC(F)(F)F)nc5CC4)CC3)cccc2n1,5.721246399047171
O=C(N[C@H]1CC[C@H](CCN2CCc3sc(Br)nc3C2)CC1)c1cccc2ncccc12,5.721246399047171
Cc1ncc(CC(=O)N[C@H]2CC[C@H](CCN3CCc4nc(OCC(C)(C)F)sc4CC3)CC2)s1,5.721246399047171
Cn1ccc2c(C(=O)N[C@H]3CC[C@H](CCN4CCc5sc(OCC(C)(F)F)nc5C4)CC3)cccc2c1=O,5.721246399047171
Cc1ncc(CC(=O)N[C@H]2CC[C@H](CCN3CCc4ccc(N5CC(F)(F)C5)nc4CC3)CC2)s1,5.721246399047171
Cc1ncc(CC(=O)N[C@H]2CC[C@H](CCN3CCc4cn(CCC(F)(F)F)nc4CC3)CC2)s1,5.721246399047171
Cc1nc(CC(=O)N[C@H]2CC[C@H](CCN3CCc4nc(OCC(C)(F)F)sc4CC3)OC2)no1,5.721246399047171
Cc1ncc(CC(=O)N[C@H]2CC[C@H](CCN3CCc4ccc(OC(C)C)nc4CC3)CC2)o1,5.721246399047171
CC(Oc1nc2c(s1)CCN(CC[C@H]1CC[C@H](NC(=O)c3cccc4nn(C)cc34)CC1)CC2)C(F)(F)F,5.721246399047171
Cc1ncc(CC(=O)N[C@H]2CC[C@H](CCN3CCc4nc(N5CC(F)(F)C5)sc4CC3)CC2)s1,5.721246399047171
Cc1c(-c2ccccc2)nc(O)n1C1CCN(Cc2cccc(C#N)c2)CC1,5.721246399047171
c1ccc(CCN2CCN(c3cc(-c4ccccc4)[nH]n3)CC2)cc1,5.721246399047171
O=C1c2cn[nH]c2CCN1CCN1CCN(c2nsc3ccccc23)CC1,5.72
COc1c(C(=O)NCCN2CCN(c3ccccc3)CC2)cc(Br)c2ccccc12,5.72
Cn1ncc(CC(=O)N[C@H]2CC[C@](F)(CCN3CCc4nc(OCC(F)F)sc4CC3)CC2)n1,5.72
Cn1ncc(CC(=O)N[C@H]2CC[C@H](CCN3CCc4nc(OCC(F)F)sc4CC3)CC2)n1,5.72
O=C(NCCCCN1CCN(c2ccnc3cc(Cl)ccc23)CC1)c1cn2ccccc2n1,5.72
Cn1cc(CC(=O)N[C@H]2CC[C@H](CCN3CCc4nc(OC5CC(F)(F)C5)sc4CC3)CC2)cn1,5.72
CN1CCc2cc(O)c(O)cc2C(c2ccccc2)C1.Cl,5.72
Cc1ccc2c(c1)N=C(C1CCN(CC(C)(C)C(=O)O)CC1)c1ccc(C)cc1O2,5.72
Oc1cc2c(cc1O)C1c3ccccc3CNC1CO2,5.72
CN(C)CC1CC2c3ccccc3Cc3ccncc3N2O1,5.72
CN1CCc2cc(O)c(O)cc2C1Cc1ccc(O)c(O)c1,5.72
COc1ccc2[nH]c3c(c2c1)CCNC3Cc1ccc2c(c1)OCO2,5.72
CC1Cc2ccccc2N1C(=O)CN1CCN(Cc2ccc(C(C)(C)C)cc2)CC1,5.72
CC(C)Cn1nc(S(=O)(=O)c2cccc3ccccc23)c2cc(N3CCNCC3)ccc21,5.72
CN1CCN(C2=Nc3cc(Cl)ccc3N(NC(=O)C(F)(F)F)c3ccccc32)CC1,5.72
CCCN1CCc2cc(Cl)c(O)cc2[C@@H]1c1ccccc1,5.72
CCCCc1cnc2c(c1)[C@@H]1c3cc(O)c(O)cc3CC[C@H]1NC2,5.72
COc1c(C(=O)NCC[C@@H]2CCN(Cc3ccccc3)C2)cc(Br)c2ccccc12,5.72
CC(CN1CCN(C(=O)c2cc3ccccc3[nH]2)CC1)Oc1ccc(Cl)cc1,5.72
Clc1ccc(N2CCN(Cc3cnn(-c4ccccc4)c3)CC2)cc1,5.72
COc1cc2c(cn1)C(=O)N(CCN1CCN(c3noc4ccccc34)CC1)CC2,5.72
c1ccc2sc(SSc3nc4ccccc4s3)nc2c1,5.71
Cc1ccc2c(c1)N(C(=O)CN1CCN(Cc3ccc(Cl)cc3)CC1)C(C)(C)CC2C,5.71
O=C(NCCCCCCn1nc2ccccn2c1=O)N1CCN(c2cccc(Cl)c2)CC1,5.71
COc1ccc2c(c1OC)-c1ccc(Br)c3c1[C@H](C2)N(C)CC3,5.71
Cc1cc2c(c(N3CCN(CC[C@H]4CC[C@H](NC(=O)C5CCOCC5)CC4)CC3)n1)CCO2,5.71
CN1CCN(C2=Nc3ccccc3N(NC(=O)c3ccc(C#N)cc3)c3ccc(Cl)cc32)CC1,5.71
CN1CCN(C2=Nc3cc(Cl)ccc3N(NC(=O)CCC3CCCC3)c3ccccc32)CC1,5.71
COc1ccc(OCCNCCCOc2ccccc2)cc1,5.71
N#CC(CCNCCCCC(=O)N1CCN(c2cccc(Cl)c2Cl)CC1)(c1ccccc1)c1ccccc1,5.71
CN1CCN(c2nc(N)nc(Cc3c[nH]c4ccccc34)n2)CC1,5.71
CC(=O)Nc1ccc(CCCCN2CCN(c3ccccn3)CC2)cc1,5.71
N#Cc1ccc(CNC(=O)CCOCCN2CCN(c3cccnc3-c3ccc(F)cc3)CC2)cc1,5.71
Cl.O=C1c2ccccc2CCC12CCN(Cc1ccc([N+](=O)[O-])cc1)CC2,5.71
CC1=CC(C)=[N+]2C1=C(c1ccc(OCCCN3CCCCC3)cc1)c1c(C)cc(C)n1[B-]2(F)F,5.71
Cc1cc2c(c(N3CCN(CC[C@H]4CC[C@H](NC(=O)CC5CCOCC5)CC4)CC3)n1)CCO2,5.71
Clc1ccc(N2CCN(CCCc3cc4ccccc4o3)CC2)cc1,5.7
CCCN1CCC(n2c(=O)n(C)c3cc(Cl)ccc32)CC1,5.7
Clc1ccc(CN2CC=C(c3nc4cc(Cl)ccc4s3)CC2)cc1,5.7
CCN(CC)[C@H]1[C@H](CO)[C@@H]2CN(Cc3ccccc3)[C@@H](c3ccc(Br)cc3)[C@@H]21,5.7
OC[C@@H]1[C@@H]2CN(Cc3ccccc3)[C@@H](c3ccccc3)[C@@H]2[C@H]1N1CCCCC1,5.7
CC1(c2ccc(F)cc2)NC(=O)N(CC(O)CN2CCN(c3ccc(Cl)c(Cl)c3)CC2)C1=O,5.7
CCCC[C@H](NC(=O)CCCCCNC(=O)[C@H]1CC[C@@H]2c3[nH]c4ccccc4c3CCN2C1)C(=O)N[C@@H](Cc1ccc(F)cc1)C(=O)N[C@@H](CCCCN)C(N)=O,5.7
CC(=O)NCC1(c2ccc(Cl)cc2)CCN(Cc2c[nH]c3ccccc23)CC1,5.7
CN(C)C(=O)C(CCN1C[C@H](F)C[C@H]1C(=O)NCCCCN1CCN(c2cccc(C(F)(F)F)n2)CC1)(c1ccccc1)c1ccccc1,5.7
O=c1c(-c2ccc(F)cc2)c2n(c(=O)n1CCCCN1CCCC(c3c[nH]c4ccccc34)C1)CCCC2,5.7
O=C(OCC1CCN(Cc2ccccc2)CC1)c1ccc(Cl)cc1,5.7
CN1CCc2cc(Cl)c(O)cc2[C@@H](c2ccc(CNc3ccccc3)cc2)C1,5.7
Cc1cc(C)c2c(N)c(C(=O)NCCCCCN3CCC(O)(c4ccc(Cl)cc4)CC3)sc2n1,5.7
Cn1nccc1-c1nnc(SCCCN2C[C@H]3CCN(c4ccccc4C(F)(F)F)[C@H]3C2)n1C,5.7
O=C(O)/C=C/C(=O)O.c1ccc(N2CCN(CCCNC3=Nc4ccccc4OC3)CC2)cc1,5.7
Cc1cccc(S(=O)(=O)NCCCN2CCN(c3noc4ccccc34)CC2)c1,5.7
O=c1[nH]c2c(O)ccc([C@@H](O)CNCCCOCCNCCc3cccc(Cl)c3Cl)c2s1,5.7
CC(C)(C)C(=O)NCCCCN1CCN(c2ccc(F)cc2)CC1,5.7
COc1ccc(NS(=O)(=O)c2sc3ccc(Cl)cc3c2C)cc1N1CCN2CCC[C@@H]2C1,5.7
CN1CCc2ccc(OCCCN3CCN(c4ccc5ccccc5n4)CC3)cc2C1=O,5.7
O=c1[nH]c2c(O)ccc([C@@H](O)CNCCc3ccc(CNCCc4ccccc4)cc3)c2s1,5.7
O=c1[nH]c2c(O)ccc([C@@H](O)CNCCc3ccc(CNCCc4ccccc4F)cc3)c2s1,5.7
O=C(CCCCN1CCCN(c2ccc(Cl)cc2)CC1)c1nc2ccccc2s1,5.7
CNCC1Cc2ccc3c(ccn3S(=O)(=O)c3ccccc3)c21,5.7
CS(=O)(=O)Oc1ccc2c(c1)CC[C@H]1[C@H]2CCCN1CCCCNC(=O)c1ccc(-c2ccccc2)cc1,5.7
COc1ccc(Br)cc1-c1nc(CN[C@@H]2CCN(Cc3ccccc3)C2)co1,5.7
CC(C)C(=O)NCCCCN1CCN(c2ccc(Cl)cc2)CC1,5.7
CN1CCc2cc(Cl)c(O)cc2[C@@H](c2ccc(CNC3CCC3)cc2)C1,5.7
CC(C)[C@H](NC(=O)[C@H](Cc1ccc([N+](=O)[O-])cc1)NC(=O)[C@@H]1C=C2c3cccc4[nH]cc(c34)C[C@H]2N(C)C1)C(=O)N1c2ccccc2C[C@H]1C(N)=O,5.7
CN1CCc2cc(Cl)c(O)cc2[C@@H](c2ccc(CN(C3CCC3)S(C)(=O)=O)cc2)C1,5.7
O=S(=O)(c1ccc(N2CCC2)cc1)C1(F)CCN(CCc2ccc(F)cc2F)CC1,5.7
Cn1ncc(CC(=O)N[C@H]2CC[C@H](CCN3CCc4ccc(OCC(F)F)nc4CC3)CC2)n1,5.7
CCCN1CCc2cccc3c2C1Cc1cccc(OC(=O)Nc2cccc4ccccc24)c1-3,5.7
N#Cc1ccc2c(c1)CCN(CC[C@H]1CC[C@H](NC(=O)c3cccc4ncccc34)CC1)CC2,5.7
CCOc1ccc([C@H](O)CN2CCN(c3ccccc3F)CC2)cc1,5.7
COc1ccccc1CNCc1ccc(CCNC[C@@H](O)c2ccc(O)c3[nH]c(=O)sc23)cc1,5.7
CNCc1ccccc1-c1csc([C@H](C)Nc2nc(C)nc3cc(OC)c(OC)cc23)c1,5.7
Cn1ncc(CC(=O)N[C@H]2CC[C@H](CCN3CCc4nc(OCC(F)(F)F)sc4CC3)CC2)c1F,5.7
Cc1ccc2c(OCCN3CCC(Cc4cc5c(cc4F)OCC(=O)N5)CC3)cc(F)cc2n1,5.7
N#Cc1cc(F)ccc1/C=C/c1ccc(S(=O)(=O)c2ccccc2F)cn1,5.698970004336019
O=S(=O)(c1ccc(-n2cccn2)cc1)C1(F)CCN(CCc2ccc(F)cc2F)CC1,5.698970004336019
O=S(=O)(c1ccc(/C=C/c2ccc(F)cc2O)nc1)c1ccccc1F,5.698970004336019
O=S(=O)(c1ccc(/C=C/c2ccccc2F)nc1)c1ccccc1F,5.698970004336019
[O-][S+](c1ccccc1)c1ccc(/C=C/c2ccc(F)cc2F)nc1,5.698970004336019
O=S(=O)(c1ccc(/C=C/c2ccc(F)cc2Cl)nc1)c1ccccc1F,5.698970004336019
O=S(=O)(c1ccc(-n2ccnn2)cc1)C1(F)CCN(CCc2ccc(F)cc2F)CC1,5.698970004336019
Cn1cnc2ccc(OCCCCN3CCN(c4ccc(F)cc4)CC3)cc2c1=O,5.698970004336019
Clc1ccccc1CN1CC=C(c2nc3ccccc3s2)CC1,5.698970004336019
CN1CCc2ccc(OCCCN3CCN(c4ccc(Cl)cc4)CC3)cc2C1=O,5.698970004336019
CN1CCc2ccc(OCCCN3CCN(c4ccccc4)CC3)cc2C1=O,5.698970004336019
CN1CCc2ccc(OCCCN3CCN(c4ccccn4)CC3)cc2C1=O,5.698970004336019
COc1ccc(N2CCN(CCCOc3ccc4c(c3)C(=O)N(C)CC4)CC2)cc1,5.698970004336019
Cn1cnc2ccc(OCCCCN3CCN(Cc4ccccc4)CC3)cc2c1=O,5.698970004336019
O=S(=O)(c1ccccc1Cl)n1cc(C2=CCNCC2)c2ccccc21,5.698970004336019
O=C(NN1c2ccc(Cl)cc2N=C(N2CCN(Cc3ccc4c(c3)OCCO4)CC2)c2ccccc21)c1ccccc1Cl,5.698970004336019
CN1CCC[C@@H]1Cc1c[nH]c2ccc(NS(=O)(=O)c3cccc(Cl)c3)cc12,5.698970004336019
O=C(Nc1ccc2cnn(S(=O)(=O)c3cccc4ccccc34)c2c1)C1CCCNC1,5.698970004336019
NCCC(=O)Nc1cccc2c1cnn2S(=O)(=O)c1cccc2ccccc12,5.698970004336019
O=S(=O)(c1ccccc1F)n1cc(C2=CCNCC2)c2ccccc21,5.698970004336019
O=C(Nc1ccc2cnn(S(=O)(=O)c3cccc4ccccc34)c2c1)C1CCNCC1,5.698970004336019
O=S(=O)(c1ccc(/C=C/c2cccc(F)c2)nc1)c1ccccc1F,5.698970004336019
Cc1cc(F)ccc1/C=C/c1ccc(S(=O)(=O)c2ccccc2F)cn1,5.698970004336019
COc1cc(F)ccc1/C=C/c1ccc(S(=O)(=O)c2ccccc2F)cn1,5.698970004336019
O=S(=O)(c1ccc(/C=C/c2ccccc2O)nc1)c1ccccc1F,5.698970004336019
O=S(=O)(c1ccccc1)c1ccc(/C=C/c2ccc(F)cc2F)nc1,5.698970004336019
[O-][S+](c1ccccc1)c1ccc(/C=C/c2ccc(F)cc2)nc1,5.698970004336019
[O-][S+](c1ccc(/C=C/c2ccc(F)cc2)nc1)c1ccccc1F,5.698970004336019
[O-][S+](c1ccc(/C=C/c2ccc(F)cc2F)nc1)c1ccccc1F,5.698970004336019
O=S(=O)(c1ccc(/C=C/c2ccncc2)nc1)c1ccccc1F,5.698970004336019
O=S(=O)(Cc1ccccc1I)Nc1ccc2[nH]cc(C[C@H]3CCCN3)c2c1,5.698970004336019
CN1CCN(c2cc(-c3ccc(C(F)(F)F)cc3)c3ccn(S(=O)(=O)C4CCCCC4)c3n2)CC1,5.698970004336019
Cc1noc(C)c1-c1cc(N2CCN(C)CC2)nc2c1ccn2S(=O)(=O)CC(C)C,5.698970004336019
CN1CCc2ccc(OCCCN3CCN(c4ccccc4Cl)CC3)cc2C1=O,5.698970004336019
O=C(NN1c2ccc(Cl)cc2N=C(N2CCN(Cc3cccc4c3OCO4)CC2)c2ccccc21)c1ccccc1Cl,5.698970004336019
O=C(NN1c2ccc(Cl)cc2N=C(N2CCN(Cc3ccccc3F)CC2)c2ccccc21)c1ccccc1Cl,5.698970004336019
CN1CCN(C2=Nc3cc(Cl)ccc3N(NC(=O)c3ccc(C#N)cc3)c3ccccc32)CC1,5.698970004336019
CN1CCC[C@@H]1Cc1c[nH]c2ccc(NS(=O)(=O)c3ccccc3Cl)cc12,5.698970004336019
CC(C)CS(=O)(=O)n1ccc2c(-c3cnn(C)c3)cc(N3CCN(C)CC3)nc21,5.698970004336019
CC(C)CS(=O)(=O)n1ccc2c(-c3ccc(C(=O)N(C)C)cc3)cc(N3CCN(C)CC3)nc21,5.698970004336019
CC(C)CS(=O)(=O)n1ccc2c(-c3cccnc3)cc(N3CCN(C)CC3)nc21,5.698970004336019
CC(C)CS(=O)(=O)n1ccc2c(-c3ccc(=O)[nH]c3)cc(N3CCN(C)CC3)nc21,5.698970004336019
O=c1[nH]cnc2ccc(OCCCCN3CCN(c4ccccn4)CC3)cc12,5.698970004336019
CC(=O)Nc1cccc(N2CCN(CCCCNS(=O)(=O)CC3CCCCC3)CC2)c1,5.698970004336019
CN1CCN(c2cc(-c3ccc(C(F)(F)F)cc3)c3ccn(S(=O)(=O)C4CCOCC4)c3n2)CC1,5.698970004336019
Cn1c(SCCCN2C[C@@H]3CCN(c4ccc(C(F)(F)F)cc4)[C@@H]3C2)nnc1-c1cccnc1,5.69
Cl.O=C1CC2(CCN(CCc3ccccc3)CC2)OC=C1c1ccccc1,5.69
COc1cccc(OC)c1-c1cccc2c1-c1cccc3c1[C@@H](C2)N(C)CC3,5.69
CN1CCN(C2=Nc3cc(Cl)ccc3N(NC(=O)CCCCC(=O)NN3c4ccc(Cl)cc4N=C(N4CCN(C)CC4)c4ccccc43)c3ccccc32)CC1,5.69
O=c1[nH]c2ccccc2n1C1CCN(C2CCN(Cc3ccccc3Cl)CC2)CC1,5.69
C#CCOc1c(OC)cc2c3c1-c1cc([N+](=O)[O-])ccc1CC3N(C)CC2,5.69
CN(CCC(F)CN1CCN(c2cccc(Cl)c2Cl)CC1)Cc1ccc2c(c1)Cc1ccccc1-2,5.69
CC(C)(C)c1ccc(C(O)CCCN2CCC(C(O)(c3ccccc3)c3ccccc3)CC2)cc1,5.69
CCCN(CCC)CC1CCc2sccc2C1,5.69
CCc1ccc2c(c1O)-c1cccc3c1[C@@H](C2)N(C)CC3,5.69
CC(C)(C)OC(=O)NCCCCCN1CCC(O)(c2ccc(Cl)cc2)CC1,5.69
CCCN1CCO[C@@H]2c3cc4c(cc3CC[C@H]21)COC4=O,5.69
CC(C)n1nc(S(=O)(=O)c2cccc3ccccc23)c2cc(N3CCNCC3)ccc21,5.69
CCN(CC)CCOc1ccccc1Cc1ccccc1,5.69
O=C(NCCCCN1CCN(c2cc(Cl)cc(Cl)c2)CC1)c1ccc(-c2ccsc2)cc1,5.69
Cn1c(SCCCN2C[C@@H]3CCN(c4c(F)cc(F)cc4F)[C@@H]3C2)nnc1-c1ccc(C(N)=O)nc1,5.68
Cc1sc(C)c2c1CCCc1c[nH]nc1-2,5.68
COc1ccc(CN2CCN(CC(=O)N3c4ccccc4CC3C)CC2)cc1,5.68
CCCCC(Oc1cc(Cl)cc(Cl)c1)c1nc(Nc2ccncc2)nc(N2CCN(C)CC2)n1,5.68
COc1ccc(C2=COC3(CCN(CCc4ccccc4)CC3)C2=O)cc1.Cl,5.68
CN1CCN(C2=Nc3cc(Cl)ccc3N(NC(=O)c3cnn(-c4ccccc4)c3C(F)(F)F)c3ccccc32)CC1,5.68
COc1ccccc1[C@]1(O)C[C@H]2CC[C@@H](C1)N2Cc1c[nH]c2ccccc12,5.68
CN1CCc2cc(Cl)c(O)cc2[C@H]2c3cccc(N)c3CC[C@@H]21,5.68
N#Cc1cccnc1N1CCN(CCCCOc2ccc3c(c2)NC(=O)CC3)CC1,5.68
Cl.O=C1C(c2ccccc2)=COC12CCN(Cc1cccc(Cl)c1)CC2,5.68
CCOc1cc2c(cc1O)[C@@H]1Cc3ccc(O)c(OC)c3CN1CC2,5.68
O=C(c1ccccc1)N1CCN(CCCN2CCN(c3ccccc3)CC2)CC1,5.68
OC(CCNCc1ccc2c(c1)Cc1ccccc1-2)CN1CCN(c2cccc(Cl)c2Cl)CC1,5.68
Cn1c(C(=O)NN2CCC(CCN3CCc4sc(OCC(F)(F)F)nc4C3)CC2)cccc1=O,5.68
CCOc1cccc2cc(CNCCCCOc3ccc4c(C)noc4c3)oc12,5.68
CC(C)(C)OC(=O)NCCCCN1CCC(O)(c2ccc(Cl)cc2)CC1,5.68
CCCN(CCCCNC(=O)c1ccc(-c2ccccn2)cc1)CC1CC1c1cc(Cl)ccc1OC.Cl,5.68
Cc1ncoc1-c1nnc(SCCCN2C[C@@H]3C[C@]3(c3ccc(C(F)(F)F)cc3F)C2)n1C,5.68
Cc1ccccc1N1CCN(CCCCc2cc(-c3cccs3)no2)CC1.Cl,5.68
c1cc2c3c(c[nH]c3c1)CC1CNCCN21,5.68
CC#CC1=CCC(N(CCC)CCCCn2cc(C)nn2)CC1,5.68
OCc1[nH]c2ccccc2c1CN1CCN(c2ccccc2)CC1,5.68
CCCN(CCCCNC(=O)c1ccc2ccccc2c1)CC1CC1c1cccc(Cl)c1Cl.Cl,5.68
Cc1ncccc1C(=O)NC12CCC(CCN3CCc4ccc(OCC(F)F)nc4CC3)(CC1)CC2,5.68
Cc1cc2c(cn1)C(=O)N(CCN1CCN(c3noc4ccccc34)CC1)CC21CC1,5.67
CN1CCc2cc(Cl)c(O)cc2[C@H]2c3cccc(NC(=O)C4CC4)c3CC[C@@H]21,5.67
O=C(CN1CCN(Cc2ccc(Cl)cc2)CC1)N1CCc2c(Cl)cccc21,5.67
Cc1cc2c(cn1)C(=O)N(CCN1CCC(c3noc4ccccc34)CC1)CC21CC1,5.67
COc1ccc2c(c1)c(-c1[nH]c(NCCc3ccccc3)nc1C)cn2S(=O)(=O)c1ccccc1,5.67
Cc1cccc(S(=O)(=O)n2ccc3c(N4CCNCC4)nc4ccccc4c32)c1,5.67
CNC(=O)CN1CN(c2ccccc2)C2(CCN(Cc3cc4c(cc3Cl)OCO4)CC2)C1=O,5.67
Cc1nc(-c2cccc(C(=O)N[C@H]3CC[C@H](CCN4CCN(c5nccc6c5CCO6)CC4)CC3)c2)no1,5.67
CCOc1cccc2cc(C(C)NCC3(O)CCCCC3)oc12,5.67
O=C1c2ccccc2C(=O)N1CCCCN1CCN(c2cccc(F)c2F)CC1,5.67
CCN(CCN1CCN(c2noc3cc(F)ccc23)CC1)C(=O)C(C)O,5.67
CC1(Oc2ccc(Cl)cc2)CCN(CCOc2ccccc2)C1,5.67
Clc1ccc(N2CCN(Cc3cnn4ccccc34)CC2)cc1,5.66
Clc1cncc(NCCCN2CCN(c3ccccc3)CC2)n1,5.66
Cl.O=C1c2ccccc2CCC12CCN(CCc1ccccc1)CC2,5.66
CCCN1CCc2cccc3c2[C@H]1Cc1cccc(OC(=O)NCc2ccccc2)c1-3,5.66
Cn1cc(CC(=O)N[C@H]2CC[C@H](CCN3CCc4nc(OCCC(F)(F)F)sc4CC3)CC2)cn1,5.66
COc1ccc(-c2cc(CCCCN3CCN(c4ccccc4)CC3)on2)c(OC)c1.Cl,5.66
COc1cc2c(cc1OC)CN(CCCCNC(=O)c1cc(Br)cc(OC)c1OC)CC2,5.66
O=C1CC2(CCCC2)CC(=O)N1CCN1CCN(c2ccc(F)cc2)CC1,5.66
CN1CCN2c3ccccc3Cc3ccccc3C2C1,5.66
Clc1ccccc1N1CCN(Cc2cccs2)CC1,5.66
Oc1ccc(N2CCN(Cc3cccs3)CC2)cc1,5.66
O=C1CCc2ncccc2N1CCCN1CCC(n2c(=O)[nH]c3ccccc32)CC1,5.66
Oc1cc2c(cc1O)[C@H]1c3ccc(F)nc3CN[C@@H]1CC2,5.66
COc1ccccc1C1CC1CNCC[C@H]1CC[C@H](NC(=O)N2CCCC2)CC1,5.66
O=C1COc2ccc(CN3CCN(c4ccccc4)CC3)cc2N1,5.66
O=C(O)CC(O)C(=O)O.O=C1c2ccccc2CCC12CCN(Cc1ccc(C(F)(F)F)cc1)CC2,5.66
Cc1ncoc1-c1nnc(SCCCN2CC[C@@]3(C[C@@H]3c3ccc(F)cc3C(F)(F)F)C2)n1C,5.66
Fc1ccc(/C=C/COCC2CCN(Cc3ccccc3)CC2)cc1,5.66
O=S(=O)(c1cccc(N2CCNCC2)c1)n1cccc1-c1ccccc1,5.66
c1ccc(-c2nc(CN3CCN(c4ccccn4)CC3)c[nH]2)cc1,5.66
COc1ccccc1N1CCN(C[C@H]2OCCOC2(c2ccccc2)c2ccccc2)CC1,5.66
O=C1CC2(CCCC2)CC(=O)N1CCN1CCN(c2ccc(F)c(F)c2)CC1,5.66
Cn1ncc(CC(=O)N[C@H]2CC[C@](F)(CCN3CCc4nc(OCC(F)(F)F)sc4CC3)CC2)c1F,5.657577319177793
Cc1cnc(OCC(=O)N[C@H]2CC[C@](F)(CCN3CCc4nc(OCC(F)(F)F)sc4CC3)CC2)cn1,5.657577319177793
Cc1cnc(OCC(=O)N[C@H]2CC[C@](F)(CCN3CCc4ccc(OCC(F)F)nc4CC3)CC2)cn1,5.657577319177793
Cc1ncc(CC(=O)N[C@H]2CC[C@H](CCN3CCc4ccc(OC5CCC5)nc4CC3)CC2)o1,5.657577319177793
Cc1nc(CC(=O)N[C@H]2CC[C@](F)(CCN3CCc4ccc(OCC(F)F)nc4CC3)CC2)no1,5.657577319177793
Cc1ncc(CC(=O)N[C@H]2CC[C@H](CCN3CCc4cc(F)c(OCC(F)F)nc4CC3)CC2)o1,5.657577319177793
Cc1cnc(OCC(=O)N[C@H]2CC[C@](F)(CCN3CCc4nc(OCCC(F)(F)F)sc4CC3)CC2)cn1,5.657577319177793
Cc1nc(CC(=O)N[C@H]2CC[C@](F)(CCN3CCc4nc(OCCC(F)(F)F)sc4CC3)CC2)no1,5.657577319177793
Cc1cnc(CC(=O)N[C@H]2CC[C@](F)(CCN3CCc4nc(OCCC(F)(F)F)sc4CC3)CC2)o1,5.657577319177793
Cc1ncc(/C=C/C(=O)N[C@H]2CC[C@](F)(CCN3CCc4nc(OCCC(F)(F)F)sc4CC3)CC2)cn1,5.657577319177793
CN1Cc2c(C(=O)NC34CCC(CCN5CCc6nc(OCC(F)(F)F)sc6CC5)(CC3)CC4)cccc2C1=O,5.657577319177793
Cc1cc(OCC(=O)N[C@H]2CC[C@](F)(CCN3CCc4ccc(OCC(F)F)nc4CC3)CC2)no1,5.657577319177793
Cn1ncc(CC(=O)N[C@H]2CC[C@H](CCN3CCc4nc(OC5CC(F)(F)C5)sc4CC3)CC2)n1,5.657577319177793
CN(C)CCc1cn(C(=O)c2ccccc2)c2ccc(O)cc12,5.657577319177793
Cc1nnc(CC(=O)N[C@H]2CC[C@](F)(CCN3CCc4nc(OCCC(F)(F)F)sc4CC3)CC2)s1,5.657577319177793
C[C@@H](Oc1nc2c(s1)CCN(CC[C@H]1CC[C@H](NC(=O)c3cccc4nn(C)cc34)CC1)CC2)C(F)(F)F,5.657577319177793
Cc1cnc(CC(=O)N[C@H]2CC[C@](F)(CCN3CCc4ccc(OCC(F)F)nc4CC3)CC2)o1,5.657577319177793
Cn1cc2c(C(=O)N[C@H]3CC[C@H](CCN4CCc5ccc(OC6CCC6)nc5CC4)CC3)cccc2n1,5.657577319177793
Cn1ncc(CC(=O)N[C@H]2CC[C@](F)(CCN3CCc4nc(OCC(F)F)sc4CC3)CC2)c1F,5.657577319177793
Cn1c(C(=O)N[C@H]2CC[C@](F)(CCN3CCc4nc(OCCC(F)(F)F)sc4CC3)CC2)cccc1=O,5.657577319177793
Cn1cc(CC(=O)N[C@H]2CC[C@H](CCN3CCc4nc(OCC(C)(F)F)sc4CC3)CC2)c(F)n1,5.657577319177793
Cc1ncc(/C=C/C(=O)N[C@H]2CC[C@](F)(CCN3CCc4nc(OCC(F)(F)F)sc4CC3)CC2)cn1,5.657577319177793
COc1cc(CC(=O)N[C@H]2CC[C@](F)(CCN3CCc4ccc(OCC(F)F)nc4CC3)CC2)on1,5.657577319177793
Cn1cc(CC(=O)N[C@H]2CC[C@H](CCN3CCc4ccc(OC5CCC5)nc4CC3)CC2)cn1,5.657577319177793
Cc1cc(C)c2c(N)c(C(=O)NCCCCN3CCC(O)(c4ccc(Cl)cc4)CC3)sc2n1,5.65
CN1CCc2ccc3c4c2[C@H]1Cc1cccc(c1-4)[C@@H]3N,5.65
Cc1ccn(CCN2CCC(Cc3ccccc3F)CC2)n1,5.65
Cn1c(SCCCN2C[C@H]3CCN(c4ccc(C(F)(F)F)cc4)[C@H]3C2)nnc1-c1cc[nH]c(=O)c1,5.65
CC(C)(C)OC(=O)N[C@H]1CC[C@H](CCN2CCc3ccc(C#N)cc3C2)CC1,5.65
CN1CCN(C2=Nc3cccnc3Nc3ccc(Cl)cc32)CC1,5.65
Cc1ccc2onc(C3CCN(CCN4CCc5cccnc5C4=O)CC3)c2c1,5.65
Cc1ccc(N2CCN(CC(O)CN3C(=O)NC(C)(c4ccc(F)cc4)C3=O)CC2)cc1C,5.65
CC1CCc2cc(F)ccc2N1C(=O)CN1CCN(Cc2ccc(Cl)cc2)CC1,5.65
N#Cc1ccc(CCOC(=O)N2CCN(CCCC(c3ccc(F)cc3)c3ccc(F)cc3)CC2)cc1,5.65
CN1CCc2cccc3c2[C@H]1Cc1cccc(-c2c(OS(=O)(=O)C(F)(F)F)cccc2OS(=O)(=O)C(F)(F)F)c1-3,5.65
Cn1nc(S(=O)(=O)c2cccc3ccccc23)c2cc(N3CCNCC3)ccc21,5.65
Cn1c(SCCCN2CC[C@]3(C[C@@H]3c3ccc(C(F)(F)F)cc3)C2)nnc1-c1ccn(C)c(=O)c1,5.65
Cc1ncoc1-c1nnc(SCCCN2CCC3(CCC3c3ccccc3)C2)n1C,5.65
CN(C)C(=O)C(CCN1C[C@H](O)C[C@H]1C(=O)NCCCCN1CCN(c2cccc(C(F)(F)F)n2)CC1)(c1ccccc1)c1ccccc1,5.65
O=C1c2cnccc2C2(CC2)CN1CCN1CCN(c2noc3ccccc23)CC1,5.64
Cc1ncoc1-c1nnc(SCCCN2CCO[C@H](c3ccc(C(F)(F)F)cc3)C2)n1C,5.64
Cc1cc2c(cn1)C(=O)N(CCN1CC=C(c3noc4ccccc34)CC1)CC2,5.64
COc1cccc(OCCN2CCN(C(=O)c3cc4ccccc4[nH]3)CC2)c1,5.64
COc1ccccc1N1CCN(Cc2c(C)nc3cc(C)nc(C)n23)CC1,5.64
O=C(NCCCCN1CCN(c2cccc(Cl)c2Cl)CC1)c1cc2cc(Br)ccc2[nH]1,5.64
Cn1c(SCCCN2CC3CCN(c4c(F)cccc4F)C3C2)nnc1-c1cc[nH]c(=O)c1,5.64
COc1ccccc1NC1CCN(CCCCN2C(=O)c3ccccc3C2=O)CC1,5.64
c1cnc(N2CCN(Cc3cccc4c3-c3ccccc3C4)CC2)nc1,5.64
CN(C)C(=O)C(CCN1CCc2ccc(C#N)cc2C1)(c1ccccc1)c1ccccc1,5.64
O=C(N[C@H]1CC[C@H](CCN2CCC(c3cccc4c3CCO4)CC2)CC1)c1ccc(N2CCCCC2)cc1,5.64
N#Cc1cccc(N2CCN(C[C@@H]3C[C@H]3CNC(=O)c3ccnc4ccccc34)CC2)c1,5.64
FCCOc1cccc(CN2CCN(Cc3cc4ccccc4o3)CC2)c1,5.64
COc1cccc2c3c(oc12)CN(CCCCOc1ccc2ccc(=O)n(C)c2c1)CC3,5.64
CC(=O)N[C@H]1CC[C@H](CCN2CCN(c3ncc(C)c4c3CCO4)CC2)CC1,5.64
COc1cc(CCNC[C@@H](O)c2ccc(O)c3[nH]c(=O)ccc23)ccc1OCCCc1ccccc1,5.64
OC(CNC1CCN(CCSC(c2ccc(F)cc2)c2ccc(F)cc2)CC1)Cc1ccccc1,5.64
O=C(NCCN1CCN(c2ccc(Cl)cc2)CC1)c1ccncc1,5.64
CN(C)C(=O)N[C@H]1CC[C@H](CCNCC2CC2c2cccc3c2OCCO3)CC1,5.64
Cn1cc2c(C(=O)N[C@H]3CC[C@](F)(CCN4C[C@@H]5C[C@]5(c5cc(C(C)(F)F)on5)C4)CC3)cccc2n1,5.638272163982407
Cc1nnc(CC(=O)N[C@H]2CC[C@](F)(CCN3CCc4ccc(CCC(F)(F)F)nc4CC3)CC2)s1,5.638272163982407
Cn1cc(CC(=O)N[C@H]2CC[C@](F)(CCN3CCc4ccc(OC5CCC5)nc4CC3)CC2)cn1,5.638272163982407
Cc1cnc(CC(=O)N[C@H]2CC[C@](F)(CCN3CCc4ccc(OC5CCC5)nc4CC3)CC2)o1,5.638272163982407
Cn1ncc(CC(=O)N[C@H]2CC[C@](F)(CCN3CCc4ccc(OC5CCC5)nc4CC3)CC2)n1,5.638272163982407
Cc1cc(CC(=O)N[C@H]2CC[C@H](CCN3CCc4ccc(CCC(F)(F)F)nc4CC3)CC2)on1,5.638272163982407
Cc1cnc(CC(=O)N[C@H]2CC[C@](F)(CCN3CCc4ccc(CCC(F)(F)F)nc4CC3)CC2)o1,5.638272163982407
Cc1nc(CC(=O)N[C@H]2CC[C@H](CCN3CCc4ccc(CCC(F)(F)F)nc4CC3)CC2)nn1C,5.638272163982407
Cc1cc(CC(=O)N[C@H]2CC[C@](F)(CCN3CCc4ccc(CCC(F)(F)F)nc4CC3)CC2)on1,5.638272163982407
Cc1cc(CC(=O)N[C@H]2CC[C@H](CCN3CCc4ccc(CCC(F)(F)F)nc4CC3)CC2)no1,5.638272163982407
Cn1cc2c(C(=O)NC34CCC(CCN5CCc6nc(OCC(F)(F)F)sc6CC5)(CC3)OC4)cccc2n1,5.638272163982407
Cc1cc(OCC(=O)N[C@H]2CC[C@H](CCN3CCc4nc(OC5CC(F)(F)C5)sc4CC3)CC2)no1,5.638272163982407
CN1Cc2c(C(=O)NC34CCC(CCN5CCc6nc(OCC(F)F)sc6CC5)(CC3)CC4)cccc2C1=O,5.638272163982407
COc1cc(CC(=O)N[C@H]2CC[C@H](CCN3CCc4ccc(CCC(F)(F)F)nc4CC3)CC2)on1,5.638272163982407
Cc1nnc(CC(=O)N[C@H]2CC[C@](F)(CCN3CCc4nc(O[C@H](C)C(F)(F)F)sc4CC3)CC2)s1,5.638272163982407
Cc1cc(OCC(=O)N[C@H]2CC[C@H](CCN3CCc4ccc(CCC(F)(F)F)nc4CC3)CC2)no1,5.638272163982407
Cl.O=C1CC2(CCN(CCc3ccccc3)CC2)OC=C1c1ccccc1F,5.63
COC(CCC(=O)N[C@H]1CC[C@H](CCN2CCN(c3nccc4c3CCO4)CC2)CC1)OC,5.63
Clc1ccc(N2CCN(CCCc3nc4ccccc4s3)CC2)cc1,5.63
OC(COc1cccc2ccccc12)CN1CCC(Oc2ccccc2)CC1,5.63
CCN(CC)CCCOc1ccc(-c2nc3ccccc3n2C/C=C/Cn2c(-c3ccc(OCCCN(CC)CC)cc3)nc3ccccc32)cc1,5.63
CN1CCN(c2nc(N)nc(COc3ccccc3Cl)n2)CC1,5.63
O=c1c(-c2ccccc2)c2n(c(=O)n1CCCCN1CCCC(c3c[nH]c4ccccc34)C1)CCCC2,5.63
COc1cccc(C(=O)NCCCCN2CCN(c3ccc(Cl)cc3)CC2)c1,5.63
COc1ccc2c(c1)c(-c1[nH]c(N)nc1C)cn2S(=O)(=O)c1ccc2ccccc2c1.Cl,5.63
C=CCN1C[C@H](OCCCN)C[C@@H]1CNC(=O)c1cc(CCCF)cc(OC)c1OC,5.63
CCCN(CCCCNC(=O)c1ccc(-c2ccccn2)cc1)CC1CC1c1cccc(Cl)c1Cl.Cl,5.63
CCCN[C@@H]1CCc2c(C(=O)OC)cccc2[C@@H]1C,5.63
CN1CCN(C(=O)C(C)(C)c2ccc(C(=O)Nc3cn4cc(-c5cc(C(C)(C)C)cc(C(C)(C)C)c5)ccc4n3)cc2)CC1,5.63
Cn1c(SCCCN2CC[C@]3(C[C@@H]3c3ccc(C(F)(F)F)cc3)C2)nnc1-c1ccno1,5.63
O=C(NCCCCN1CCN(c2ccnc3ccccc23)CC1)c1nc2ccccn2c1Br,5.63
Cc1ccc(N2CCN(Cc3ccc4c(c3)NC(=O)CO4)CC2)cc1C,5.63
Cc1ccc(CN2CCN(CC(=O)N3c4ccccc4C[C@@H]3C)CC2)cc1,5.63
OC[C@H]1O[C@H](Oc2ccc(CC3NCCc4cc(O)c(O)cc43)cc2)[C@H](O)[C@H](O)[C@H]1O,5.62
Clc1ccc2nc(CCCN3CCN(c4ccccn4)CC3)sc2c1,5.62
CC(=O)OC1CCCc2ccc(/N=C/N3CCc4ccccc4C3)cc21,5.62
c1ccc(N2CCN(Cc3ccc(-n4cccn4)cc3)CC2)cc1,5.62
Cl.O=C1C(c2ccccc2)=COC12CCN(Cc1ccccc1)CC2,5.62
CN1CCN(C2=Nc3cc(Cl)ccc3N(NC(=O)CCC(=O)OCCOC(=O)CCC(=O)NN3c4ccc(Cl)cc4N=C(N4CCN(C)CC4)c4ccccc43)c3ccccc32)CC1,5.62
OCC1(c2ccc(Cl)cc2)CCN(Cc2c[nH]c3ccccc23)CC1,5.62
Cl.O=C1C(c2ccccc2)=COC12CCN(Cc1ccc(F)cc1)CC2,5.62
O=c1[nH]c2[nH]c(-c3ccc(Cl)cc3)cc2c(=O)n1CCN1CCN(c2ccccc2Cl)CC1,5.62
CCCN(CCC)CC[C@H]1CC[C@H](Nc2ncccn2)CC1,5.62
COc1cc(CCCNCCCC2CCc3nc(N)sc3C2)ccc1O,5.62
CN1CCN(C2=Nc3cc(Cl)ccc3N(NC(=O)c3ccc(Br)cc3)c3ccccc32)CC1,5.62
O=C(c1nc2ccccc2[nH]1)N1CCN(CCOc2cccnc2)CC1,5.62
CCc1cc(Cl)c(OC)c(C(=O)NCC2CCCN2CC(=O)N2CCC(c3ccccc3)(c3ccccc3)C2)c1O,5.62
COc1ccc(Br)cc1C1=N[C@@H](CN2CCN(c3ccccc3)CC2)[C@@H](C)O1,5.62
N#Cc1cc(CN2CCN(c3ccccc3)CC2)c[nH]1,5.62
Cc1cnc(CC(=O)N[C@H]2CC[C@H](CCN3CCc4ccc(OC5CCC5)nc4CC3)CC2)o1,5.619788758288394
COc1ccc(F)cc1OC(C)c1nc(N)nc(N2CCN(C)CC2)n1,5.61
O=C(CCOCCN1CCN(c2ccccc2-c2ccccc2)CC1)NCc1ccncc1,5.61
C=CCN(CC=C)CCc1c[nH]c2ccc(F)cc12,5.61
O=C1c2ncoc2CCN1CCN1CCC(c2noc3ccccc23)CC1,5.61
COCCC(=O)N[C@H]1CC[C@H](CCN2CCN(c3ncc(C)c4occc34)CC2)CC1,5.61
CN1CCN(C2=Nc3cc(Cl)ccc3N(NC(=O)CCCCCCC(=O)NN3c4ccc(Cl)cc4N=C(N4CCN(C)CC4)c4ccccc43)c3ccccc32)CC1,5.61
CN(CCCSc1nnc(-c2ccccc2)n1C)CC1CC1c1cc(F)ccc1OCCF.Cl,5.61
CC(C)(C)c1cc(N2CCN(CCCCNC(=O)N3CCc4[nH]c5ccccc5c4C3)CC2)cc(C(C)(C)C)c1,5.61
CC(C)(C)c1cc(N2CCN(CCCCNC(=O)N3CCc4c([nH]c5ccccc45)C3)CC2)cc(C(C)(C)C)c1,5.61
CC(C)N[C@@H]1CCc2c(F)cccc2C1,5.61
CO[C@H]1CC[C@H](CC(=O)N[C@H]2CC[C@H](CCN3CCN(c4nccc5c4CCO5)CC3)CC2)CC1,5.61
O=C(O)C(=O)O.O=C1CCc2ccccc2N1CCCN1CCN(c2cccc([N+](=O)[O-])c2)CC1,5.6
Cc1cccc(O)c1-c1cccc2c1-c1cccc3c1[C@@H](C2)N(C)CC3,5.6
CCC(C)(C)C(=O)NCCN1CCN(c2ccc(Cl)cc2)CC1,5.6
CCCCCCNC(=O)/N=C(\N)Nc1cccc(-c2csc(N)n2)c1,5.6
CN1CCN(C2=Nc3ccccc3Nc3ccccc32)CC1,5.6
O=C(C#Cc1ccccc1)NC1CCN(Cc2ccccc2)CC1.O=C(O)/C=C/C(=O)O,5.6
CC(C)C1Cc2ccccc2N1C(=O)CN1CCN(Cc2ccc(Cl)cc2)CC1,5.6
COc1c(C(=O)NCCN2CCN(c3ccccc3)CC2)cc(Cl)c2ccccc12,5.6
CC(C)(C)C(=O)NCCCCN1CCN(c2ccc(Cl)cc2)CC1,5.6
Oc1cc2c(cc1O)[C@H]1c3ccccc3CN[C@@H]1CO2,5.6
Cc1ccc2c(OCCN3CCC(Cc4cc(F)c5c(c4)NC(=O)CO5)CC3)cc(Cl)cc2n1,5.6
CN(CCOCCCNC[C@H](O)c1ccc(O)c2[nH]c(=O)sc12)CCc1ccccc1,5.6
CC(C)(C)C(=O)NCCN1CCN(c2ccc(Cl)cc2)CC1,5.6
CCCC(C)(C)C(=O)NCCN1CCN(c2ccc(Cl)cc2)CC1,5.6
COc1ccc(S(=O)(=O)N2CCc3ccc(I)cc32)cc1N1CCNCC1,5.6
CCN1CCc2cc3nc(N)sc3cc2CC1,5.6
N#Cc1ccc2c(c1)CN(CC[C@H]1CC[C@H](NC(=O)c3cc4ccccc4[nH]3)CC1)C2,5.6
Oc1cc2c(cc1O)[C@H]1c3cccnc3CN[C@@H]1CC2,5.6
O=C(NCC[C@H](F)CN1CCN(c2cccc(Cl)c2Cl)CC1)c1cc2ccccc2o1,5.6
N#Cc1ccc2c(c1)CN(CC[C@H]1CC[C@H](NC(=O)c3ccnc4ccccc34)CC1)C2,5.6
Clc1ccc(N2CCCN(CCCc3cc4ccccc4o3)CC2)cc1,5.6
CO/N=C(\CN1CCN(c2ccccn2)CC1)c1ccc(F)cc1,5.6
c1c2c(cc3c1CC[C@@H]1[C@@H]3OCCN1CC1CC1)OCC2,5.6
c1cnc(N2CCN(CCCCN3CCc4ncsc4CC3)CC2)nc1,5.6
COc1ccc(OCCN2CCN(C(=O)c3ccc4[nH]ccc4c3)CC2)cc1,5.6
CCCN(CCCCNC(=O)c1ccc(-c2ccccc2)cc1)C1CCc2nc(C)ncc2C1,5.6
CCc1ccc(CCNCCCSCCNC[C@H](O)c2ccc(O)c3[nH]c(=O)sc23)cc1,5.6
O=c1[nH]c2c(O)ccc([C@@H](O)CNCCc3ccc(CNCCc4ccccn4)cc3)c2s1,5.6
C=C1CCC[C@]2(C)Cc3occ(C)c3C[C@@H]12,5.6
COc1ccc(NS(=O)(=O)c2sc3ccc(Cl)cc3c2C)cc1N1CCNCC1.Cl,5.6
Cl.Fc1ccc(-c2cc(CCCCN3CCN(c4ccccc4)CC3)on2)cc1,5.6
COc1ccccc1CNCc1ccc(CCNC[C@H](O)c2ccc(O)c3[nH]c(=O)sc23)cc1,5.6
CC(CNCc1ccc(CCNC[C@H](O)c2ccc(O)c3[nH]c(=O)sc23)cc1)c1ccccc1,5.6
CNCC1Cc2cc3ccn(S(=O)(=O)c4cccc5ccccc45)c3cc21,5.6
CCCN(CCCCNC(=O)c1ccc(-c2ccccc2)cc1)C1CCc2nc(NC)ncc2C1,5.6
N#Cc1ccc2cc(CN3CCN(c4ccccc4)CC3)[nH]c2c1,5.6
O=c1[nH]c2c(O)ccc([C@@H](O)CNCCCOCCNCCc3cccc(Cl)c3)c2s1,5.59999938302362
O=c1[nH]c2c(O)ccc([C@@H](O)CNCCc3cccc(CNCCCc4ccccn4)c3)c2s1,5.59999938302362
CC1=NC2C=C3CCN(CCCSc4nnc(-c5cccc6nc(C)ccc56)n4C)CCC3=CC2O1,5.59999938302362
Cl.O=C1c2ccccc2CC1CCN1CCc2ccccc2C1,5.59
Cc1ncc2c(=O)n(CCN3CCN(c4nsc5ccccc45)CC3)ccc2n1,5.59
COc1cccc(C(=O)CCCN2CCN(c3ccc(Cl)cc3)CC2)c1,5.59
Clc1cccc(N2CCN(CCCCn3cc(-c4ccc(-c5ccccc5)cc4)nn3)CC2)c1Cl,5.59
COc1ccc2c(c1OC)-c1ccc(C)c3c1[C@@H](C2)N(C)CC3,5.59
CCCN[C@@H]1CCc2c(OS(=O)(=O)C(F)(F)F)cccc2[C@@H]1C,5.59
CCCN(CCC)CC1COc2cccc(OC)c2C1,5.59
CCc1cc(Cl)c(OC)c(C(=O)NC[C@@H]2CCCN2Cc2ccccc2)c1OCc1ccccc1,5.59
C[C@@H]1Cc2ccccc2N1C(=O)CN1CCN(Cc2cc(F)c(Cl)cc2F)CC1,5.59
CCCCC(Oc1cc(Cl)cc(Cl)c1)c1nc(Nc2ccccc2)nc(N2CCN(C)CC2)n1,5.59
Cc1ccc2c(c1)C(NC1CCN(C)CC1)=Nc1cccnc1N2,5.59
O=C(O)/C=C/C(=O)O.c1cnc(N2CCN(CCCCCNC3=Nc4ccccc4OC3)CC2)nc1,5.59
CN(C)C(=O)CCC(=O)N[C@H]1CC[C@H](CCN2CCN(c3nccc4c3CCO4)CC2)CC1,5.59
O=C(NCCCN1CCN(c2cccc(Cl)c2Cl)CC1)c1ccc2c(c1)Cc1ccccc1-2,5.59
COc1cccc(N2CCN(CCCCn3ncc(=O)n(C)c3=O)CC2)c1,5.59
Cc1c(C(=O)NCCCN2CCN(c3cccc(Cl)c3Cl)CC2)cc(-c2ccccc2)n1C,5.59
O=C(CN1CCN(Cc2ccc(Cl)cc2)CC1)N1CCc2ccc(F)cc21,5.59
Cn1c(SCCCN2CC[C@]3(C[C@H]3c3ccc(C(F)(F)F)cc3)C2)nnc1-c1ccnnc1,5.59
O=C(CN1CCN(Cc2ccc(Cl)cc2)CC1)N1CCOc2ccccc21,5.58
CN1CCN(C2=Nc3cc(Cl)ccc3N(NC(=O)CCCC(=O)N3CCN(C(=O)CCCC(=O)N4CCN(C(=O)CCCC(=O)NN5c6ccc(Cl)cc6N=C(N6CCN(C)CC6)c6ccccc65)CC4)CC3)c3ccccc32)CC1,5.58
COc1ccc(-c2cc(CCCCN3CCN(C(c4ccccc4)c4ccccc4)CC3)on2)cc1OC.Cl,5.58
O=C(NCCCCN1CCN(c2ccc3ccccc3n2)CC1)N1CCN(c2ccccc2)CC1,5.58
COc1ccccc1N1CCN(Cc2c(C)[nH]c3nc(N(C)C)ncc23)CC1,5.58
CN1CCC2(CC1)OC=C(c1ccc(F)cc1)C2=O.Cl,5.58
FC(F)(F)c1ccc(CSc2nc3ccccc3n2Cc2ccc(Cl)cc2)cc1,5.58
N#CC(CCN1CCN(c2cccc(Cl)c2Cl)CC1)(c1ccccc1)c1ccccc1,5.58
Clc1nccc2c(CN3CCN(c4ccccc4)CC3)c[nH]c12,5.58
COc1ccc2[nH]c(C(=O)N3CCN(CCOc4cccnc4)CC3)cc2c1,5.58
Cc1ccccc1CN1CCC(N2CCC(n3c(=O)[nH]c4ccccc43)CC2)CC1,5.58
O=C(O)C(=O)O.O=C1CCc2ccc(OCCCCN3CCC(O)(c4ccc(Cl)cc4)CC3)cc2N1,5.58
O=C1c2ncccc2CCN1CCN1CCC(c2noc3ccccc23)CC1,5.58
N#Cc1ccc2[nH]cc(CN3CCN(c4ccc(Cl)cc4)CC3)c2c1,5.58
O=C(OCCc1ccc(F)cc1)N1CCN(CCCC(c2ccc(F)cc2)c2ccc(F)cc2)CC1,5.58
O=C1c2ncccc2CCN1CCN1CCN(c2noc3ccccc23)CC1,5.58
O=C(CN1CCN(Cc2ccc(Cl)cc2)CC1)N1CCCc2ccccc21,5.58
O=C(NC1CCN(Cc2ccccc2)C1)c1ccc(-c2ccc(Cl)cc2)cc1,5.58
Cl.NC(=O)c1ccc(OC(=O)NCCCCN2CCN(c3cccc(Cl)c3Cl)CC2)c2ccccc12,5.58
COc1ccccc1N1CCN(Cc2cn3cc(C)cc(C#N)c3n2)CC1,5.57
CCCOc1cc2c(cc1O)[C@@H]1Cc3ccc(O)c(OC)c3CN1CC2,5.57
O=C1CCc2cc(OCCCN3CCN(c4ccccn4)CC3)ccc2N1,5.57
CCOC(=O)N[C@H]1CC[C@H](CCN2CCc3ccccc3C2)CC1,5.57
O=S(=O)(c1ccccc1)n1cccc1-c1cccc(N2CCNCC2)c1,5.57
CN(C)CCC1(c2ccccc2)OC=C(c2ccccc2)C1=O.Cl,5.57
COc1c(OCCF)cccc1[C@H](O)C1CCN(CCc2ccc(F)cc2)CC1,5.57
Cc1cnc(N2CCN(CC[C@H]3CC[C@H](NC(=O)CC4CCOCC4)CC3)CC2)c2ccoc12,5.57
CC(C)(C)c1nc(N2CCN(CCCCNC(=O)c3cc4ccccc4s3)CC2)cc(C(F)(F)F)n1,5.57
Cc1ccccc1CC1c2ccc(O)cc2CCN1C,5.57
COc1ccccc1N1CCN(Cc2cn(-c3ccc(OCCOCCOCCF)cc3)nn2)CC1,5.57
O=C(Nc1ccc(Cl)cc1)N[C@H]1CC[C@H](CCN2CCC(c3cccc4c3OCO4)CC2)CC1,5.57
O=c1[nH]c2cc(F)ccc2n1C1CCN(C2CCN(Cc3ccccc3C(F)(F)F)CC2)CC1,5.57
COc1ccc(CN2CCN(Cc3cc4ccccc4o3)CC2)cc1,5.57
Clc1ccc(N2CCN(Cc3cn4ccccc4n3)CC2)cc1Cl,5.57
COc1ccc(Br)cc1-c1nc(CNC[C@@H]2CCN(Cc3ccccc3)C2)c[nH]1,5.56
O=C(O)C(=O)O.O=C1CCc2ccccc2N1CCCN1CCN(c2ccccn2)CC1,5.56
CCCCOc1cc2c(cc1O)[C@@H]1Cc3ccc(O)c(OC)c3CN1CC2,5.56
O=C(CCOCCN1CCN(c2cccnc2-c2ccccc2)CC1)NCc1ccc(C(F)(F)F)cc1,5.56
Cc1ccc(N2CCN(CC[C@H]3NC(=O)c4ccccc43)CC2)cc1C,5.56
Cc1ccc2c(c1)Oc1sc(Cl)cc1C(N1CCN(CC(C)(C)C(=O)O)CC1)=N2,5.56
O=c1oc2cc(O)ccc2c2c1CN(Cc1ccc(Cl)cc1)CC2,5.56
CC1CN(CCN2CCN(c3noc4ccccc34)CC2)C(=O)c2ccn(C)c21,5.56
COc1cccc(CCCCN2CCN(c3ccc(Cl)cc3)CC2)c1,5.56
Nc1nc2c(s1)CCN(CCCCN1CCN(c3ncccn3)CC1)CC2,5.56
O=C(O)/C=C/C(=O)O.c1ccc(N2CCN(CCCCNC3=Nc4ccccc4OC3)CC2)cc1,5.56
CN(C)CCOc1ccccc1Cc1ccccc1,5.56
CC(C)(C)OC(=O)NCCN1CCC(O)(c2ccc(Cl)cc2)CC1,5.56
CC(=O)c1ccc2c(c1O)-c1cccc3c1[C@@H](C2)N(C)CC3,5.56
O=C(O)C(=O)O.O=C1CCc2cc(OCCCN3CCCN(c4ccccn4)CC3)ccc2N1,5.55
OC12C3C4CC5C6C4C1C6C(C53)N2CC1CCCCC1,5.55
Oc1cccc([C@@]23CCC[C@@H]([C@H]2O)N(C/C=C/c2ccccc2)CC3)c1,5.55
O=C1C[C@H](CN2CCN(c3ccccc3)CC2)N=C(c2ccccc2)N1,5.55
COCC1=C(C(=O)OC)[C@H](c2ccc(F)c(F)c2)N(C(=O)NCCCN2CCC(c3cccc(NC(C)=O)c3)CC2)C(=O)N1,5.55
CCCN1CCc2cccc3c2C1Cc1cccc(OC(=O)NC(C)(C)C)c1-3,5.55
O=C(NCCCCN1CCN(c2ccnc3cc(Cl)ccc23)CC1)N1CCC(c2ccccc2)CC1,5.55
C[Si](C)(C)c1cccc2c(CN3CCN(c4ccc(Cl)cc4)CC3)cnn12,5.55
CN1CCN(C2=c3ccccc3=Nc3ccc(Cl)cc3N2)CC1,5.55
Clc1ccc(N2CCN(Cc3cnn4c(-c5ccccc5)cccc34)CC2)cc1,5.55
OC1(Cc2ccc(Cl)cc2)CCN(Cc2c[nH]c3ccccc23)CC1,5.54
O=C(c1ccccc1)N1CCC(NCCSC(c2ccc(F)cc2)c2ccc(F)cc2)CC1,5.54
CN1CCC2(CC1)OC(c1ccccc1)=CC2=O.Cl,5.54
Fc1ccc(CN2CCC(NCCSC(c3ccc(F)cc3)c3ccc(F)cc3)CC2)cc1,5.54
CCOC(=O)/C=C1\[C@@H]2CCC[C@@]1(c1cccc(O)c1)CCN2C[C@H]1C[C@@H]1CCNC(=O)c1cc2ccccc2[nH]1,5.54
COc1cc2c(cc1OC)CN(CCNC(=O)c1cc(C)ccc1OC)CC2,5.54
COc1ccc(C(=O)N2CCN(CCOc3cccnc3)CC2)cc1,5.54
CC1(c2ccc(F)cc2)NC(=O)N(CC(O)CN2CCN(c3ccccc3)CC2)C1=O,5.54
N[C@@H]1CCN(c2ccc3[nH]nc(S(=O)(=O)c4cccc5ccccc45)c3c2)C1,5.54
CCCCN1CCC(c2cccc(O)c2)C1,5.54
FCCCOc1cccc(CN2CCN(Cc3cc4ccccc4o3)CC2)c1,5.54
CC(C)C(=O)Nc1cccc(C2CCN(Cc3ccc(Oc4ccc(Cl)c(Cl)c4)cc3)CC2)c1,5.54
CCOc1ccc(CCNC(=O)N2CCN(CCCC(c3ccc(F)cc3)c3ccc(F)cc3)CC2)cc1,5.54
COc1ccccc1N1CCN(CC(F)CCNC(=O)c2ccc3c(c2)Cc2ccccc2-3)CC1,5.54
Cc1ccc(OCc2nc(N)nc(N3CCN(C)CC3)n2)cc1,5.54
CC(C)(CN1CCC(C2=Nc3ccccc3Oc3ccccc32)CC1)C(=O)O,5.54
Cc1cccc(NC(=O)CN2CCC(c3ccccn3)CC2)c1,5.54
Cl.O=C1CC2(CCN(CCc3ccccc3)CC2)OC=C1c1ccc(F)cc1,5.54
CC(C)c1nc2c(N3CCNCC3)ccnc2n1Cc1cccc(Cl)c1,5.53
CN1CCc2ccccc2Cc2[nH]c3ccccc3c2C[C@H]1CO,5.53
CCOC(=O)/C=C1\[C@@H]2CCC[C@@]1(c1cccc(O)c1)CCN2CCCCNC(=O)c1cc2ccccc2[nH]1,5.53
c1ccc(N2CCN(CCCc3nc4ccccc4s3)CC2)nc1,5.53
Cc1ccc(N2CCN(Cc3ccc4c(c3)OCC(=O)N4)CC2)cc1,5.53
Cc1cnc(N2CCN(CC[C@H]3CC[C@H](NC(=O)CC4CCOCC4)CC3)CC2)c2c1OCC2,5.53
CC1(C)CC(=O)N(CCCCN2Cc3ccccc3C2)C(=O)C1,5.53
CCCOc1cccc(CN2CCN(Cc3cc4ccccc4o3)CC2)c1,5.53
O=C(CCCCN1Cc2ccccc2C1)c1nc2ccccc2s1,5.53
COc1c(C(C)=O)ccc2c1-c1cccc3c1[C@@H](C2)N(C)CC3,5.53
CCCN(CCC)C1COc2cccc(O)c2C1,5.522878745280337
Cc1ccc(CN2CCN(C3=Nc4cc(Cl)ccc4N(NC(=O)c4ccccc4Cl)c4ccccc43)CC2)c(C)c1,5.522878745280337
CCC(CC)CN1CCN(C2=Nc3cc(Cl)ccc3N(NC(=O)c3ccccc3Cl)c3ccccc32)CC1,5.522878745280337
CC(C)CN1CCN(C2=Nc3cc(Cl)ccc3N(NC(=O)c3ccccc3Cl)c3ccccc32)CC1,5.522878745280337
CC(C)(C)CN1CCN(C2=Nc3cc(Cl)ccc3N(NC(=O)c3ccccc3Cl)c3ccccc32)CC1,5.522878745280337
O=C(NN1c2ccc(Cl)cc2N=C(N2CCN(CC3CCCCC3)CC2)c2ccccc21)c1ccccc1Cl,5.522878745280337
O=C(NN1c2ccc(Cl)cc2N=C(N2CCN(Cc3ccc(F)cc3F)CC2)c2ccccc21)c1ccccc1Cl,5.522878745280337
O=C(NN1c2ccc(Cl)cc2N=C(N2CCN(Cc3cccc(OC(F)(F)F)c3)CC2)c2ccccc21)c1ccccc1Cl,5.522878745280337
O=C(NN1c2ccc(Cl)cc2N=C(N2CCN(Cc3cccc4c3OC(F)(F)O4)CC2)c2ccccc21)c1ccccc1Cl,5.522878745280337
COc1ccc(C(=O)NN2c3ccc(Cl)cc3N=C(N3CCN(C)CC3)c3ccccc32)cc1,5.522878745280337
N#Cc1ccccc1N1CCN(CNC(=O)c2ccccc2)CC1,5.52
CC1Cc2ccccc2N1C(=O)CN1CCN(Cc2cc(F)cc(F)c2)CC1,5.52
CN1CCN(C2=Nc3cc(Cl)ccc3N(NC(=O)c3ccccc3-n3ccnc3)c3ccccc32)CC1,5.52
CN1CCc2cc(Cl)c(O)cc2[C@H]2c3ccc(NS(C)(=O)=O)cc3CC[C@@H]21,5.52
O=C(Cc1ccc2c(c1)OCO2)N[C@H]1CC[C@H](CCN2CCN(c3nccc4c3CCO4)CC2)CC1,5.52
O=C(CN1CCN(Cc2ccc(Cl)cc2)CC1)N1c2ccccc2C[C@H]1CO,5.52
CCn1cncc1-c1c[nH]c2c(F)cc(I)cc12,5.52
CN1CCN(C2=Nc3cc(Cl)ccc3N(NC(=O)c3ccsc3)c3ccccc32)CC1,5.52
COC[C@H]1CCCN1CCc1c(-c2ccccc2)[nH]c2ccccc12,5.52
c1ccc(N2CCN(Cc3ccc[nH]3)CC2)cc1,5.52
COc1cccc(N2CCN(CCCN3C(=O)CCc4ccccc43)CC2)c1.O=C(O)C(=O)O,5.51
Clc1ccc(N2CCN(CCCCCc3nc4ccccc4o3)CC2)cc1,5.51
O=C1c2cc(Cl)c(Cl)cc2CC1CCN1CCN(c2ccccn2)CC1,5.51
CCCN(CCC)CC1CCc2ccsc2C1,5.51
O=C(NCCCCN1CCN(c2ccc3ccccc3n2)CC1)C1CCC(c2ccccc2)CC1,5.51
CCCN1CCO[C@@H]2c3cc(C(C)=O)ccc3CC[C@H]21,5.51
CCCCSC1CCc2ccc(/N=C/N3CCc4cc(OC)c(OC)cc4C3)cc21,5.51
Nc1nc(NCCc2cccc(Cl)c2Cl)nc(NCCc2c[nH]c3ccccc23)n1,5.51
O=Cc1ccccc1-c1ccc(C(=O)NC2CCN(Cc3ccccc3)C2)cc1,5.51
COc1cc2ccccc2cc1C(=O)OCC1CCN(Cc2ccccc2)CC1,5.5
COc1cccc2c1CCCC2NCCN1CCN(c2ccc(Cl)cc2)CC1.Cl.Cl,5.5
c1ccc(CN2CCC(n3ccc(-c4cnco4)c3)CC2)cc1,5.5
Cl.O=C1C(c2ccc3ccccc3c2)=COC12CCN(CCc1ccccc1)CC2,5.5
COc1cccc2c3c(oc12)CN(CCCCOc1ccc2c(c1)NC(=O)C2)CC3,5.5
Cc1ccc2c(OCCN3CCN(Cc4cccc5cccnc45)CC3)cccc2n1,5.5
COc1cc(CCNC[C@H](O)c2ccc(O)c3[nH]c(=O)ccc23)ccc1OCCCc1ccccc1,5.5
N#Cc1ccc2c(c1)CCN(CC[C@H]1CC[C@H](NC(=O)c3ccc4ccccc4c3)CC1)CC2,5.5
C[C@H]1c2c([nH]c3ccc(C(F)(F)F)cc23)C[C@H]2CCN(CCC3(C(=O)O)CCCCC3)C[C@@H]21,5.5
O=c1[nH]c2c(O)ccc([C@@H](O)CNCCc3cccc(CN4CCCC4)c3)c2s1,5.5
Cc1ccc2c(OCCN3CCC(Cc4cc5c(cc4F)OCC(=O)N5)CC3)cc(Cl)cc2n1,5.5
CCS(=O)(=O)c1ccc(OC)c(-c2ccc(CN3CCOCC3)[nH]2)c1,5.5
CCCN(CCCCNC(=O)c1ccc(-c2ccccn2)cc1)CC1CC1c1cc(F)ccc1OC.Cl,5.5
O=c1[nH]c2c(O)ccc([C@@H](O)CNCCOCCCNCCc3cccc(Cl)c3)c2s1,5.5
N[C@H]1CCCC[C@@H]1NC(=O)c1c2c(c3c4c(ncnc14)-c1ccccc1C3=O)N[C@@H]1CCCC[C@H]1N2,5.5
C[C@@H]1CN(CCCNC(=O)CN2CCc3ccccc3C2)C[C@H](C)O1,5.5
CCCN(CCCCNC(=O)c1cc2ccccc2[nH]1)CC1CC1c1ccc(Cl)cc1.Cl,5.5
CC(C)(C)Oc1ccc(C(=O)N[C@H]2CC[C@H](CCN3CCN(c4nccc5c4CCO5)CC3)CC2)cc1,5.5
COc1cccc2c1CCN(CCN1CCN(c3ccc(Cl)cc3)CC1)C2=O,5.5
Cc1ccccc1N1CCC2CN(CCCSc3nnc(-c4cnccn4)n3C)CC21,5.5
COCc1nc2cnc3cc(-c4c(C)noc4C)c(OC[C@H]4CCNC4)cc3c2n1[C@H](C)c1ccccc1,5.5
COc1ccc2c(c1)c(-c1[nH]c3cccc[n+]3c1C)cn2S(=O)(=O)c1ccccc1.[Br-],5.5
CC(C)c1nc(CN2CC[C@H](c3ccccc3)C2)cs1,5.5
O=c1[nH]c2c(O)ccc([C@@H](O)CNCC[S+]([O-])CCCNCCc3cccc(Cl)c3)c2s1,5.499999678657065
Cc1c(S(=O)(=O)Nc2ccc3nccc(N4CCN[C@@H](C)C4)c3c2)sc2ccc(Cl)cc12,5.499999678657065
O=[N+]([O-])c1cc(O)c2c(c1)S(=O)(=O)N=C(Nc1ccccc1Oc1ccccc1)N2,5.494850021680094
O=C(NC1CCC(CCN2CCC(c3cccc4c3CCO4)CC2)CC1)c1ccc2ncccc2c1,5.49
COc1cc(C(=O)NN2c3ccccc3N=C(N3CCN(C)CC3)c3cc(Cl)ccc32)cc(OC)c1OC,5.49
O=C(Nc1ccccc1)Nc1cccc(CCN2CCN(c3ccccc3)CC2)c1,5.49
CC1(CCCCN2CCN(c3ccccn3)CC2)Cc2cc(Cl)ccc2C1=O,5.49
CCCN[C@H]1CCc2ccc(OC)cc2C1,5.49
c1ccc(-c2nc(CN3CCCN(c4nccs4)CC3)co2)cc1,5.49
COc1ccc(Br)cc1-c1nc(CN(C)C[C@@H]2CCN(Cc3ccccc3)C2)co1,5.49
Nc1nc(NCCc2c[nH]c3ccccc23)nc(N2CCN(c3cccc(Cl)c3Cl)CC2)n1,5.49
Fc1ccc(OC[C@@H]2CC[C@H]3CN(c4ncc(F)cn4)CCN3C2)cc1,5.480172006224281
Cn1c(SCCCN2CC[C@]3(C[C@@H]3c3ccccc3)C2)nnc1-c1cccnc1,5.48
Cc1cc2nc(C)c(CN3CCN(c4ccc(Cl)c(Cl)c4)CC3)n2c(C)n1,5.48
O=C(NCCN1CCC(c2cccc(C(F)(F)F)n2)CC1)C1CCCO1,5.48
CCS(=O)(=O)Nc1ccc2c(c1)CC[C@H]1[C@H]2c2cc(O)c(Cl)cc2CCN1C,5.48
O=C(CN1CCN(Cc2ccc(Cl)cc2)CC1)N1c2ccccc2CC12CCCCC2,5.48
O=C(NCCCCN1CCN(c2cccc(Cl)c2)CC1)c1ccc2ccccc2c1,5.48
COc1ccc2c(c1)c(C1=CCNCC1)cn2S(=O)(=O)c1cncc2ccccc12,5.48
O=C1NCCN(C(=O)CCCN2CCN(c3cccc(Cl)c3Cl)CC2)C1C(=O)NC1CCCCC1,5.48
COc1ccc(OC(C)CN2CCN(C(=O)c3cc4ccccc4[nH]3)CC2)cc1,5.48
CN1CCN(CCCOc2ccc(-c3nc4ccccc4[nH]3)cc2)CC1,5.47716468633947
CCN(CC)CCCOc1ccc(-c2nc3ccccc3n2C/C=C/Cn2c(C)nc3ccccc32)cc1,5.47716468633947
C(=C/Cn1c(-c2ccc(OCCCN3CCOCC3)cc2)nc2ccccc21)\Cn1c(-c2ccc(OCCCN3CCOCC3)cc2)nc2ccccc21,5.47716468633947
OC(CCCN1CCN(c2ncc(F)cn2)CC1)c1ccc(F)cc1,5.47
Cc1cccc(N2CCN(CCCCNC(=O)[C@H]3CCc4ccccc4N3)CC2)c1,5.47
Cl.c1ccc(-c2cc(CCCCN3CCN(c4ccccc4)CC3)on2)cc1,5.47
COc1cccc2c1CCCC2CCCN1CCN(c2ccc(Cl)cc2)CC1,5.47
CCC(Oc1cccc(F)c1Cl)c1nc(N)nc(N2CCN(C)CC2)n1,5.47
Clc1ccc(-c2cc(C3CCCCN3Cc3ccccc3)[nH]n2)cc1,5.47
CCCN(CCC)[C@H]1CCc2ccc(OC)cc2C1,5.47
Fc1ccc(N2CCN(CCNc3cncc(Cl)n3)CC2)cc1,5.47
COc1ccccc1N1CCN(Cc2cn(CCOCCOCCF)nn2)CC1,5.47
CCCN1CCC(COc2nc3ccccc3c3c2CCCN3)CC1,5.47
Oc1ccc(CC2NCCc3cc(O)c(O)cc32)cc1O,5.47
CCCN1CCO[C@@H]2c3cc(C(=O)NCc4ccc(OC)cc4)ccc3CC[C@H]21,5.47
CN1CCCN(c2ccc(O)c3c2OCC(=O)N3)CC1,5.47
O=C(N[C@H]1CC[C@H](CCN2CCN(c3nccc4c3CCO4)CC2)CC1)c1ccc2c(c1)OCO2,5.47
COc1ccc(-c2cc(CCCCN3CCN(c4ccccc4)CC3)on2)cc1OC.Cl,5.47
Cn1ccc2c1CCCN(CCN1CCC(c3noc4ccccc34)C1)C2=O,5.46
COc1ccc(OCCN2CCN(C(=O)c3cc4ccc(Cl)cc4[nH]3)CC2)cc1,5.46
Cc1cccc(C(=O)NCN2CCC(c3ccccn3)CC2)c1,5.46
CCCN(CCCCNC(=O)c1cc2ccccc2[nH]1)CC1CC1c1cccc(Cl)c1.Cl,5.46
CCc1nc2c(N3CCNCC3)ccnc2n1Cc1cccc(F)c1,5.46
Cc1cc2nc(C)c(CN3CCN(c4ccc(F)cc4)CC3)n2c(C)n1,5.46
Clc1ccc(N2CCN(Cc3cn4cc(Br)ccc4n3)CC2)cc1Cl,5.46
O=C(CCOCCN1CCN(c2cccnc2-c2ccc(F)cc2)CC1)NCc1ccc(C(F)(F)F)cc1,5.46
CCN(CC)CCCOc1ccc(-c2nc3ccccc3n2Cc2ccc(Cn3c(-c4ccc(OCCCN(CC)CC)cc4)nc4ccccc43)cc2)cc1,5.46
N#Cc1ccc2[nH]cc(CN3CCN(c4ccccc4)CC3)c2c1,5.46
CC(C)c1nc2c(N3CCNCC3)ccnc2n1Cc1cccc(F)c1,5.46
Cl.O=C1c2ccccc2CCC12CCN(Cc1ccccc1)CC2,5.46
O=C(NCCCCN1CCN(c2ccccc2O)CC1)c1ccc(-c2ccsc2)cc1,5.46
O=C(O)c1ccc(CSc2nc3ccccc3n2Cc2ccc(Cl)cc2)cc1,5.46
Cl.O=C(NCCCCN1CCN(c2cccc(Cl)c2Cl)CC1)Oc1cccc2c1OCCO2,5.46
CCCN(CCCCNC(=O)c1cc2ccccc2[nH]1)CC1CC1c1cccc(F)c1.Cl,5.46
Cc1cccc2c1CCN2C(=O)CN1CCN(Cc2ccc(Cl)cc2)CC1,5.46
c1ccc(-c2nc(CN3CCN(c4ccncc4)CC3)c[nH]2)cc1,5.455931955649724
COCCC(=O)N[C@H]1CC[C@H](CCN2CCN(c3ncc(C)c4c3CCO4)CC2)CC1,5.45
O=C(Cc1ccccc1)Nc1cccc(CCN2CCN(c3ccccc3)CC2)c1,5.45
O=C(NCCCCN1CCN(c2ccnc3ccccc23)CC1)c1nc2ccccn2c1Cl,5.45
Cc1c(C(=O)c2ccc(Cl)cc2)c2ccc(OC(F)(F)F)cc2n1Cc1cccc(O[C@H](C)C(=O)O)c1,5.45
Cl.O=C(CCCN1CCCc2ccccc2C1)c1ccc(Cl)cc1,5.45
CCCCCCN1CCC(c2cccc(O)c2)C1,5.45
CN1CCN(C2=Nc3cc(Cl)ccc3N(NC(=O)c3cccc(C#N)c3)c3ccccc32)CC1,5.44
CC(=O)N[C@@H]1c2cccc3c2-c2c1ccc1c2[C@@H](C3)N(C)CC1,5.44
Cc1cc(N2CCN(CCCCNC(=O)c3cn4ccccc4n3)CC2)nc(C(F)(F)F)n1,5.44
Oc1cc2c(cc1O)[C@H]1c3cc4c(nc3CN[C@@H]1CC2)CCCC4,5.44
CCC(=O)Nc1nc(C)c(-c2ccc3ccn(S(=O)(=O)c4ccccc4)c3c2)[nH]1,5.44
CN(C)C(=O)C(CCNCCc1ccccc1)(c1ccccc1)c1ccccc1,5.44
Oc1ccc2c(c1)C1OCCN(CCc3ccccc3)C1CC2,5.434624497285927
Cc1c2c(nn1C)CCN(CCN1CC=C(c3noc4ccccc34)CC1)C2=O,5.43
Cc1nc(-c2ccc(C(=O)N[C@H]3CC[C@H](CCN4CCC(c5cccc6c5CCO6)CC4)CC3)cc2)no1,5.43
COc1cccc(C(=O)NCCN2CCN(c3cccc(Cl)c3Cl)CC2)c1,5.43
C#Cc1cccc2c(CN3CCN(c4ccc(Cl)cc4)CC3)cnn12,5.43
COc1ccc2c3c(c(=O)oc2c1)CN(Cc1ccc(C(F)(F)F)cc1)CC3,5.43
O=Cc1ccc(-c2ccc(C(=O)NC3CCN(Cc4ccccc4)C3)cc2)cc1,5.43
Oc1cc2c(cc1Cl)CCN[C@H]2c1ccccc1,5.43
CCCn1c(-c2ccccc2)cc(C(=O)NCCCN2CCN(c3cccc(Cl)c3Cl)CC2)c1C,5.43
CN([C@@H]1CCc2c(CC(=O)O)c3ccccc3n2C1)S(=O)(=O)c1ccc(F)cc1,5.43
CC(C)c1ncc2c(=O)n(CCN3CCN(c4nsc5ccccc45)CC3)ccc2n1,5.43
Oc1ccc2c(c1)C1OCCN(CCc3cccs3)C1CC2,5.43
CN1CCN(CCCNC(=O)c2cc(=O)c3ccccc3[nH]2)CC1,5.43
N#Cc1c[nH]c(CN2CCN(c3ccccc3)CC2)c1,5.43
CCCN[C@@H]1CCc2c(cccc2CS(=O)(=O)C(F)(F)F)C1.Cl,5.42021640338319
CN1CCN(C2=Nc3cc(Cl)ccc3N(NC(=O)c3ccccc3NC3CCCCC3)c3ccccc32)CC1,5.42
CCCN(CCC)[C@H]1CCc2c(F)ccc(O)c2C1,5.42
CSc1ccc2c(c1)CCN2C(=O)CN1CCN(Cc2ccc(Cl)cc2)CC1,5.42
COc1ccc2c(c1)c(-c1c(C)nc(N)n1CC(F)F)cn2S(=O)(=O)c1ccccc1,5.42
O=C(Cn1c(CCCN2CCN(c3cccc(Cl)c3Cl)CC2)nc2cc(Br)c(Br)cc21)NC1CCCCC1,5.42
COC1=CC2CCN(C)C3CC(c4ccccc4)C(=C1OC)C23,5.42
CC1Cc2ccccc2N1C(=O)CN1CCN(Cc2ccc(OC(F)(F)F)cc2)CC1,5.42
COc1c(C(=O)NCCCCN2CCN(c3cccc(Cl)c3Cl)CC2)cc(Br)c2ccccc12,5.42
Cc1ncoc1-c1nnc(SCCCN2CC[C@]3(C[C@@H]3c3ccc(F)cc3C(F)(F)F)C2)n1C,5.42
CCCN1CCC(c2cccc(S(=O)(=O)C3CCCC3)c2)CC1,5.42
COc1c(OCCF)cccc1C(=O)C1CCN(CCc2ccc(F)cc2)CC1,5.42
CN1CCN(C2=Nc3cc(Cl)ccc3N(NC(=O)c3ccccc3N3CCN(C)CC3)c3ccccc32)CC1,5.42
CN(C)S(=O)(=O)c1ccc2c(c1)CCN2C(=O)CN1CCN(Cc2ccc(Cl)cc2)CC1,5.42
O=c1ccn([C@@H]2O[C@H](COP(=O)([O-])OP(=O)([O-])OP(=O)([O-])O)[C@@H](O)[C@H]2O)c(=O)[nH]1.[Na+].[Na+].[Na+],5.42
COc1ccc(-c2cc(CCCCN3CCN(C(c4ccccc4)c4ccccc4)CC3)on2)c(OC)c1.Cl,5.42
Oc1ccc(CC2NCCc3cc(O)c(O)cc32)cc1,5.41
CCN(CC)[C@H]1[C@H](CO)[C@@H]2CN(Cc3ccccc3)[C@@H](C)[C@@H]21,5.41
Nc1nc2cc3c(cc2s1)CCNCC3,5.41
CCOC(=O)/C=C1\[C@@H]2CCC[C@@]1(c1cccc(O)c1)CCN2CC1CC1CCNC(=O)c1cc2ccccc2[nH]1,5.41
CCOC(=O)Nc1ccc2c(c1)CC[C@H]1[C@H]2c2cc(O)c(Cl)cc2CCN1C,5.41
CCCN(CCC)C1CCc2cc(OC)ccc2C1,5.41
COc1cc(N)c(Cl)cc1C(=O)NC[C@H]1CCN2CCC[C@H]12,5.41
CN1CCN(C2=Nc3cc(Cl)ccc3N(C(=O)Nc3cc(Cl)cc(Cl)c3)c3ccccc32)CC1,5.41
Cc1cc(N2CCN(CCCCNC(=O)N3CCN(c4ccccc4)CC3)CC2)nc(C(F)(F)F)n1,5.41
COc1ccccc1NCCNc1nc(N)nc(NCCc2c[nH]c3ccccc23)n1,5.41
Cc1sc2ccc(Cl)cc2c1S(=O)(=O)Nc1ccc2nccc(N3CCNCC3)c2c1,5.40000018605658
C(=C/Cn1c(-c2ccc(OCCCN3CCN(c4ccccc4)CC3)cc2)nc2ccccc21)\Cn1c(-c2ccc(OCCCN3CCN(c4ccccc4)CC3)cc2)nc2ccccc21,5.4
Clc1ccc(N2CCN(CCCc3nc4ccccc4o3)CC2)cc1,5.4
Cl.Nc1ncc(-c2cccc3c2ccn3S(=O)(=O)c2ccccc2)[nH]1,5.4
Cc1cccc(S(=O)(=O)N(C)[C@H](C)CCN2CCC(C)CC2)c1,5.4
CCCc1cc2c(s1)CN[C@H]1CCc3cc(O)c(O)cc3[C@H]21.Cl,5.4
O=c1[nH]c2c(O)ccc([C@@H](O)CNCCSCCCNCCc3ccccc3)c2s1,5.4
COc1c(C(=O)N[C@@H]2CCN(Cc3ccccc3)C2)cc(C#Cc2ccccc2)c2ccccc12,5.4
CCOc1ccc(CCNCCCSCCNC[C@H](O)c2ccc(O)c3[nH]c(=O)sc23)cc1,5.4
CC(C)(C)C(=O)NCCCCN1CCN(c2ccc(C(F)(F)F)cc2)CC1,5.4
COc1ccc(CNCCN2CCN(Cc3cc4ccccc4[nH]3)CC2)cc1,5.4
O=C(O)C(=O)O.O=C1CCc2ccccc2N1CCCN1CCN(c2ncccn2)CC1,5.4
Cc1cccc(N2CCN(CCCC(=O)NCc3nc4ccc(F)cc4c(=O)n3-c3ccccc3)CC2)c1C,5.4
COc1cccc(C(=O)NCCCN2CCN(c3ccc(Cl)cc3)CC2)c1,5.4
CCCN(CCCCNC(=O)c1ccc2ccccc2c1)CC1CC1c1cccc(Cl)c1.Cl,5.4
COc1ccc2c(c1)c(-c1[nH]c(NCC(F)F)nc1C)cn2S(=O)(=O)c1ccccc1,5.4
CCCN(CCC)C1CCn2ncc(C=O)c2C1,5.4
OC(Cc1ccccc1)CN1CCC(NCCSC(c2ccc(F)cc2)c2ccc(F)cc2)CC1,5.4
N#CC(C#N)=Cc1[nH]ccc1CN1CCN(c2ccccc2)CC1,5.4
CSc1ccc(-c2ccc(C(=O)NC3CCN(Cc4ccccc4)C3)cc2)cc1,5.4
Cc1ccc2nc(CNCCCOc3ccccc3)cc(O)c2c1,5.4
COc1ccc(NS(=O)(=O)c2ccc(Br)cc2)cc1N1CCN(C)CC1,5.4
O=C(NC1CCN(Cc2ccccc2)C1)c1ccc(-c2cccc(F)c2)cc1,5.4
COc1ccc2c(c1)C(=O)N(CCN1CCN(c3ccc(Cl)cc3)CC1)CC2,5.4
O=C(O)/C=C/C(=O)O.c1cnc(N2CCN(CCCCNC3=Nc4ccccc4OC3)CC2)nc1,5.3979400086720375
CCCN(CC[C@]1(O)C[C@H](NC(=O)c2ccc3ccccc3c2)C1)[C@H]1CCc2nc(N)sc2C1,5.3979400086720375
O=C(O)/C=C/C(=O)O.c1cnc(N2CCN(CCCNC3=Nc4ccccc4OC3)CC2)nc1,5.3979400086720375
O=C(O)/C=C/C(=O)O.c1ccc(N2CCN(CCCNC3=Nc4ccccc4OC3)CC2)nc1,5.3979400086720375
CC(C)(C)c1nc(N2CCN(CCCCNC(=O)N3CCN(c4ccccc4)CC3)CC2)c2ccccc2n1,5.39
CCCN(CCN1CCN(Cc2cc3ccccc3[nH]2)CC1)Cc1ccc(OC)cc1,5.39
COc1ccccc1N1CCN(CCCNC(=O)Oc2cccc3ccccc23)CC1,5.39
CN(CC#Cc1ccccc1)C1CCN(Cc2ccccc2)CC1.O=C(O)/C=C/C(=O)O,5.39
Clc1ccccc1C(c1ccccc1)(c1ccccc1)n1ccnc1,5.39
O=C(c1n[nH]c2ccccc12)N1CCN(CCOc2cccnc2)CC1,5.39
NCCCCN(Cc1nc2ccccc2[nH]1)[C@H]1CCCc2cccnc21,5.39
Clc1ccc([C@@H]2C[C@H]2NCCC2(c3ccccn3)CCOCC2)cc1,5.39
CN(C)CC1(C)CC(=O)C(c2ccccc2)=CO1.Cl,5.39
c1ccc(-c2nc(CN3CCN(c4cnccn4)CC3)c[nH]2)cc1,5.384049948343598
c1ccc(-c2nc(CN3CCN(c4ccncn4)CC3)c[nH]2)cc1,5.384049948343598
Cl.c1ccc(N2CCN(CCCCc3cc(-c4cccs4)no3)CC2)cc1,5.38
CC1CCc2ccccc2N1C(=O)CN1CCN(Cc2ccc(Cl)cc2)CC1,5.38
Cc1sc(C)c2c1CCc1c[nH]nc1-2,5.38
O=C(Cc1ccccc1)Nc1ccc(CCN2CCN(c3ccccc3)CC2)cc1,5.38
Cl.O=C1C=C(c2ccccc2)OC2(CCN(CCc3ccccc3)CC2)C1,5.38
Clc1ccc(COC(Cn2ccnc2)c2ccc(Cl)cc2Cl)c(Cl)c1,5.38
N#Cc1ccc(CSc2nc3ccccc3n2Cc2ccc(Cl)cc2)cc1,5.38
c1ccc(Cc2ccccc2OCCN2CCN(c3ccccc3)CC2)cc1,5.38
c1ccc(C2=NC[C@H](N3CCN(c4ccccc4)CC3)CCN2)cc1,5.38
O=S(=O)(c1cccc2ccccc12)n1cc2c3c(cccc31)OC(CO)=C2,5.37
CC1(c2ccc(F)cc2)NC(=O)N(CC(O)CN2CCN(c3ccc(Cl)cc3)CC2)C1=O,5.37
CCCN1CCc2cccc3c2C1Cc1cccc(OC(=O)NCc2ccccc2)c1-3,5.37
Nc1nc2cc3c(cc2s1)CCN(C(=O)c1ccccc1)CC3,5.37
Clc1ccc(COC(Cn2ccnc2)c2ccc(Cl)cc2Cl)cc1,5.37
OC1(c2ccc(Cl)cc2)CCCN(Cc2c[nH]c3ccccc23)C1,5.37
Cc1ccccc1OCc1nc(N)nc(N2CCN(C)CC2)n1,5.37
O=C(NCCC(F)CN1CCN(c2cccc(Cl)c2Cl)CC1)c1ccc2c(c1)Cc1ccccc1-2,5.37
COc1ccccc1OCCNc1nc(N)nc(NCCc2c[nH]c3ccccc23)n1,5.36
O=S(=O)(c1cccc(F)c1)n1ccc2c(N3CCNCC3)nc3ccccc3c21,5.36
N#Cc1ccc(CNC(=O)CCOCCN2CCN(c3cccnc3-c3ccccc3)CC2)cc1,5.36
CCN(CC)CC1=Cc2cn(S(=O)(=O)c3ccccc3)c3cccc(c23)O1,5.36
Cc1ncccc1-c1nnc(SCCCN2CC3CCN(c4c(F)cccc4F)C3C2)n1C,5.36
Cn1cc(C(=O)N2CCN(CCOc3cccnc3)CC2)c2ccccc21,5.36
Cc1cc(Cl)ccc1OCc1nc(N)nc(N2CCN(C)CC2)n1,5.36
O=S(=O)(c1cccc(N2CCNCC2)c1)n1cccc1-c1cccc(F)c1,5.36
C=CCN(CC=C)CCc1c[nH]c2ccc(Br)cc12,5.36
Cl.Oc1ccc2c(c1)C(c1ccccc1)CNCC2,5.36
CC1CN(C(=O)CN2CCN(Cc3ccc(Cl)cc3)CC2)c2ccccc21,5.36
Oc1ccc(Br)cc1-c1nc(CN2CCN(c3ccccc3)CC2)co1,5.36
Oc1cc2c(cc1O)[C@H]1c3ccncc3CN[C@@H]1CC2,5.36
FC(F)(F)c1ccc(/C=C/COCC2CCN(Cc3ccccc3)CC2)cc1,5.36
Nc1nc(NCCOc2cccc(Cl)c2Cl)nc(NCCc2c[nH]c3ccccc23)n1,5.36
Cc1cnc(N2CCN(CC[C@H]3CC[C@H](NC(=O)C4CCOCC4)CC3)CC2)c2c1OCC2,5.35
Oc1ccccc1N1CCN(Cc2cnn3ccccc23)CC1,5.35
O=C1c2cc(Cl)ccc2CC1CCN1CCN(c2ccccn2)CC1,5.35
CC/C(=C(/CC)c1ccc(O)cc1)c1ccc(O)cc1,5.35
COc1cccc(CN2CC[C@H](NC(=O)c3ccc(-c4cccs4)cc3)C2)c1,5.35
c1ccc2c(c1)CCN1CCc3cccc4[nH]cc(c34)C21,5.35
Cc1ccc(S(=O)(=O)[O-])cc1.O=C(NCCCCN1CC[N+]2(CCOc3ccccc32)CC1)c1cc2ccccn2n1,5.35
CCOc1cccc(CN2CCN(Cc3cc4ccccc4o3)CC2)c1,5.34
COc1ccc(C(=O)N2CCN(CCOc3cccnc3)CC2)c(C)c1,5.34
CCCCNC(=O)c1ccc2c(c1)[C@H]1OCCN(CCC)[C@@H]1CC2,5.34
O=C(NCCCCN1CC[C@]2(c3cccc(O)c3)CCC[C@H]1[C@@H]2O)c1cc2ccccc2[nH]1,5.34
c1ccc2c3c([nH]c2c1)C(Cc1ccc2c(c1)OCO2)NCC3,5.34
Cc1nc(N2CCN(CCCCNC(=O)c3cn4ccccc4n3)CC2)cc(C(C)(C)C)n1,5.34
CCCN(CCCCNC(=O)c1ccc2ccccc2c1)CC1CC1c1ccc(Cl)cc1.Cl,5.34
CC/C(=C(\c1ccccc1)c1ccc(OCCN(C)C)cc1)c1ccccc1,5.33
COc1ccccc1N(C(=O)c1ccccc1)C1CCN(CCCCNC(=O)c2ccc3ccccc3c2)CC1,5.33
COc1cc(/C=C/CNCCCC2CCc3nc(N)sc3C2)ccc1O,5.33
COc1ccccc1N1CCN(Cc2cn(CCOCCOCCOCCF)nn2)CC1,5.33
CCCN(CCCCNC(=O)c1ccc(-c2ccccc2)cc1)C1CC=C(C#Cc2ccccc2)CC1,5.33
O=C(NCCN1CCN(c2cccc(Cl)c2Cl)CC1)c1ccc(C#Cc2ccccc2)cc1,5.33
Oc1cc2c(cc1O)[C@@H](c1ccccc1)CNCC2,5.33
CCCN(CCCCNC(=O)c1ccc(-c2ccccc2)cc1)C1CCn2ncc(C=O)c2C1,5.33
Clc1ccc2c(c1)N=C(N1CCN(c3ccccc3)CC1)CCN2,5.33
COc1c(C)ccc2c1-c1cccc3c1[C@@H](C2)NCC3,5.33
Cc1cccc2c1N(C(=O)CN1CCN(Cc3ccc(Cl)cc3)CC1)CC2,5.33
O=C(/C=C/c1ccccc1)NC1CCN(Cc2ccccc2)CC1.O=C(O)/C=C/C(=O)O,5.33
CN(C)C(=O)C(CCN1C[C@H](O)C[C@H]1CN1CCN(c2cccc(C(F)(F)F)n2)CC1)(c1ccccc1)c1ccccc1,5.33
CCCC[C@H](NC(=O)[C@H]1CC[C@@H]2c3[nH]c4ccccc4c3CCN2C1)C(=O)N[C@@H](Cc1ccc(O)cc1)C(=O)N[C@@H](CCCCN)C(N)=O,5.33
CCCN(CCCCNC(=O)c1ccc(-c2ccccc2)cc1)C1CCCCC1,5.33
c1cc2c(s1)CCC1NCCOC21,5.320572103387882
c1cnc(N[C@H]2CC[C@H](CCN3CCN(c4ccncc4)CC3)CC2)nc1,5.32
Fc1ccc(SCCCN2CCN(c3ccc(C(F)(F)F)cc3)CC2)cc1,5.32
CCCN(CCCCNC(=O)c1ccc2ccccc2c1)CC1CC1c1cccc(F)c1.Cl,5.32
CC(Sc1cc(Cl)ccc1Cl)c1nc(N)nc(N2CCN(C)CC2)n1,5.32
O=C(NCCCCN1CCN(c2ccc(O)cc2)CC1)c1ccc(-c2ccsc2)cc1,5.32
C[C@@H]1CN(Cc2ccc(Cl)cc2)CC[N@@+]1(C)CC(=O)N1CCc2ccccc21,5.32
O=C(N[C@H]1CC[C@H](CCN2CCN(c3cccc4c3OCO4)CC2)CC1)c1ccc2c(c1)OCCO2,5.32
O=C(CCCCN1CCN(c2ccc(Cl)cc2)CC1)c1nc2ccccc2s1,5.32
CCn1cncc1-c1c[nH]c2ccc(I)cc12,5.32
CCOc1ccc(CN2CCN(Cc3cc4ccccc4o3)CC2)cc1,5.31
C=CCOc1cc(F)c(F)cc1C1CC1CN.Cl,5.31
Cc1cccc2c(CN3CCN(c4ccc(Cl)cc4)CC3)cnn12,5.31
C=CCN1CCC2(CC1)OC=C(c1ccccc1)C2=O.Cl,5.31
O=C(NCCCCN1CCN2c3ccccc3Cc3ccccc3C2C1)c1cc2ccccc2s1,5.31
C[Si](C)(C)C#Cc1cccn1C1CCN(Cc2ccccc2)CC1,5.31
CCOC(=O)/C=C1\[C@@H]2CCC[C@@]1(c1cccc(O)c1)CCN2C[C@@H]1C[C@H]1CCNC(=O)c1cc2ccccc2[nH]1,5.31
Cc1ccccc1C(=O)N1c2ccc(Cl)cc2N=C(N2CCN(C)CC2)c2ccccc21,5.31
N#Cc1[nH]c2ccccc2c1CN1CCN(c2ccccc2)CC1,5.31
Cc1ccc(Cn2ncc(N3CCNCC3)c(Cl)c2=O)cc1NC(=O)c1ccc(-c2ccccc2)cc1,5.31
CN(C(=O)C#Cc1ccccc1)C1CCN(Cc2ccccc2)CC1.O=C(O)/C=C/C(=O)O,5.31
N#Cc1cccc(N2CCNCC2)c1,5.31
O=C(CO)NC[C@H]1CCN(Cc2csc(-c3ccccc3)n2)C1,5.31
COc1ccc2[nH]c3c(c2c1)CN(C(=O)NCCCCN1CCN(c2cc(C(C)(C)C)nc(C)n2)CC1)CC3,5.301029995663981
O[C@H](CCCN1CCN(c2ncc(F)cn2)CC1)c1ccc(F)cc1,5.301029995663981
CCCN(C/C=C/I)C1COc2ccc(O)cc2C1,5.301029995663981
CC(=O)Nc1cccc(N2CCN(CCCCNS(=O)(=O)CC(C)C)CC2)c1,5.301029995663981
CCCN(CCCCNC(=O)c1ccc(-c2ccccn2)cc1)CC1CC1c1ccc(F)cc1.Cl,5.301029995663981
CCCN(CCCCNC(=O)c1ccc(-c2ccccn2)cc1)CC1CC1c1cccc(F)c1.Cl,5.301029995663981
CCOc1ccc(F)cc1C1CC1CN(C)CCCSc1nnc(-c2ccccc2)n1C.Cl,5.301029995663981
CN1CCN(c2cc(-c3ccsc3)cc(C34CC5CC(CC(C5)C3)C4)n2)CC1,5.301029995663981
Br.CN1CCc2ccccc2Cc2cc(O)c(O)cc2CC1,5.301029995663981
c1ccc2c(c1)CCN(CC1CC1)CCc1c([nH]c3ccccc13)C2,5.301029995663981
COc1c(C)ccc2c1-c1cccc3c1[C@@H](C2)N(Cc1ccccc1)CC3,5.301029995663981
O=S(=O)(Nc1ccc2[nH]cc(C[C@H]3CCCN3)c2c1)c1ccccc1Cl,5.301029995663981
COc1cc2c(cc1OC)Cc1ccccc1CCN(C)CC2,5.301029995663981
O=C(CN1CCN(Cc2ccc(Cl)cc2)CC1)N1CCCSc2ccccc21,5.301029995663981
CCCN(CCCCNC(=O)c1ccc(-c2ccccn2)cc1)CC1CC1c1ccc(Cl)cc1.Cl,5.301029995663981
CCCN(CCCCNC(=O)c1ccc(-c2ccccn2)cc1)CC1CC1c1cccc(Cl)c1.Cl,5.301029995663981
CN1CCN(c2cc(-c3ccsc3)cc(C3CCCCC3)n2)CC1,5.301029995663981
CN1CCc2cc(Br)c(O)cc2C(c2ccc(N/C(S)=N/c3ccc4c(c3)C(=O)OC43c4ccc(O)cc4Oc4cc(O)ccc43)cc2)C1,5.301029995663981
CCCN(CCCCNC(=O)c1ccc2ccccc2c1)CC1CC1c1ccc(C(F)(F)F)cc1.Cl,5.301029995663981
COc1ccc(F)cc1C1CC1CN(CCCSc1nnc(-c2ccccc2)n1C)CC1CC1.Cl,5.301029995663981
CCCN(CCCCNC(=O)c1cc2ccccc2[nH]1)CC1CC1c1ccc(C(F)(F)F)cc1.Cl,5.301029995663981
Cc1ccc(N2CCN(CCC3NC(=O)c4ccccc43)CC2)cc1,5.301029995663981
CN1C(=O)c2ccccc2C1CCN1CCN(c2ccc(Cl)cc2)CC1,5.301029995663981
Cc1nc(N2CCN(CCC3NC(=O)c4ccccc43)CC2)sc1C,5.301029995663981
Cc1ccnc(N2CCN(CCC3NC(=O)c4ccccc43)CC2)c1,5.301029995663981
Cc1ccc(N2CCN(CCC3c4ccccc4C(=O)N3C)CC2)cc1C,5.301029995663981
NCCn1cc(S(=O)(=O)c2cccc(Cl)c2)c2cccnc21,5.301029995663981
CN(C)CCn1cc(S(=O)(=O)c2cccc(Cl)c2)c2cccnc21,5.301029995663981
CCCN(CCCCNC(=O)c1ccc(-c2ccccn2)cc1)CC1CC1c1ccc(C(F)(F)F)cc1.Cl,5.301029995663981
COc1cccc2c1CC[C@@H](N(Cc1ccccc1)Cc1ccccc1)C2,5.301029995663981
NCCn1cc(S(=O)(=O)c2ccccc2)c2cccnc21,5.301029995663981
CN(C)CCn1cc(S(=O)(=O)c2cccc(F)c2)c2cccnc21,5.301029995663981
COc1ccc(N2CCN(CCC3c4ccccc4C(=O)N3C)CC2)cc1,5.301029995663981
CCCCNC(=O)c1ccc(-c2ccsc2)cc1,5.301029995663981
COc1cc2c(cc1O)CCN1Cc3c(ccc(OC)c3O)C[C@@H]21,5.301029995663981
O=C1NC(CCN2CCN(c3ccc(Cl)cc3)CC2)c2ccccc21,5.301029995663981
Cl.O=C(Nc1ccc2[nH]nc(S(=O)(=O)c3cccc4ccccc34)c2c1)C1CCNCC1,5.301029995663981
CC(C)c1ccc(S(=O)(=O)c2n[nH]c3ccc(NC4CCNCC4)cc23)cc1.Cl,5.301029995663981
Cl.O=S(=O)(c1cccc2ccccc12)c1n[nH]c2ccc(NC3CCNCC3)cc12,5.301029995663981
O=C1NC(CCN2CCN(c3ccc4ccccc4c3)CC2)c2ccccc21,5.301029995663981
Cl.NCCC(=O)Nc1ccc2[nH]nc(S(=O)(=O)c3cccc4ccccc34)c2c1,5.301029995663981
Cl.O=S(=O)(c1ccc2ccccc2c1)c1n[nH]c2ccc(NC3CCNCC3)cc12,5.301029995663981
COc1ccc2c(c1O)CN1CCc3cc4c(cc3[C@@H]1C2)OCO4,5.301029995663981
O=S(=O)(c1cccc2ccccc12)c1n[nH]c2ccc(N3CCNCC3)cc12,5.301029995663981
Cl.O=S(=O)(c1cccc(Cl)c1)c1n[nH]c2ccc(NC3CCNCC3)cc12,5.301029995663981
CN(C)CCn1cc(S(=O)(=O)c2cccc3ccccc23)c2cccnc21,5.301029995663981
COc1ccc(N2CCN(CCC3NC(=O)c4ccccc43)CC2)cc1,5.301029995663981
O=S(=O)(Nc1ccc2nccc(N3CCNCC3)c2c1)c1ccc2c(Cl)cccc2c1,5.300000202445418
O=S(=O)(Nc1ccc2nccc(N3CCNCC3)c2c1)c1ccc(-c2ccccc2)cc1,5.300000202445418
COc1ccc(S(=O)(=O)Nc2cc(Br)cc(F)c2Br)cc1N1CCNCC1,5.300000202445418
Nc1nc2cc3c(cc2s1)CCN(CC(F)(F)F)CC3,5.3
CC(C)CN1CCO[C@@H]2c3cc4c(cc3CC[C@H]21)CCO4,5.3
c1ccc(CCc2ccccc2OCc2cccnc2)cc1,5.3
CCCc1nc(CN2CC[C@H](c3ccccc3)C2)cs1,5.3
O=c1[nH]c2c(O)ccc([C@@H](O)CNCCc3cccc(CNCc4ccccn4)c3)c2s1,5.3
O=C(NCCCCN1CCN(c2ccnc3cc(C(F)(F)F)ccc23)CC1)c1cn2ccccc2n1,5.3
COc1cccc(CNCCN2CCN(c3ccc(Cl)cc3)CC2)c1,5.3
CN(C)C(=O)CN1CCc2cc3nc(N)sc3cc2CC1,5.3
Nc1nc2cc3c(cc2s1)CCN(Cc1ncon1)CC3,5.3
Nc1nc2cc3c(cc2s1)CCN(Cc1ccccn1)CC3,5.3
COc1c(O)ccc2c1CN1CCc3cc(OCCF)c(O)cc3[C@@H]1C2,5.3
COc1cccc(CCc2ccccc2OCc2cccnc2)c1,5.3
c1ccc2c(c1)Cc1ccccc1C21CCNC1,5.3
CN(C)CCCOc1ccc(-c2nc3ccccc3n2C/C=C/Cn2c(-c3ccc(OCCCN(C)C)cc3)nc3ccccc32)cc1,5.3
c1ccc(CCc2ccccc2OCc2ccccc2)cc1,5.3
Nc1cccc(-c2ccc(C(=O)NC3CCN(Cc4ccccc4)C3)cc2)c1,5.3
COc1cccc(CCc2ccccc2OCc2ccccc2)c1,5.3
C=C1/C(=C\C=C2/CCC[C@]3(C)[C@@H]([C@H](C)C[C@@H]4OC(=O)C(=C)[C@H]4CCCC)CC[C@@H]23)C[C@@H](O)[C@H](C)[C@@H]1O,5.3
c1ccc(CN2CC[C@@H](CNCc3csc(-c4ccccc4)n3)C2)cc1,5.3
c1ccc(CCc2ccccc2OCc2ccccn2)cc1,5.3
CCN(CC)[C@@H]1[C@@H](CO)[C@H]2CN(Cc3ccccc3)[C@H](c3ccc(Br)cc3)[C@H]21,5.3
O=C(NCCCCN1CCN(c2ccccc2O)CC1)c1ccc2ccccc2c1,5.3
C[C@@H]1NCCc2cc(O)c(O)cc21,5.3
COc1cccc(CCc2ccccc2OCc2ccccn2)c1,5.3
COc1ccc(N2CCN(CCCOc3c(C)cc(C)cc3C)CC2)cc1.Cl.Cl,5.3
Nc1nc(NCCNc2cccc(Cl)c2Cl)nc(NCCc2c[nH]c3ccccc23)n1,5.3
CCCC[C@H](NC(=O)[C@H]1CC[C@H]2c3[nH]c4ccccc4c3CCN2C1)C(=O)N[C@@H](Cc1ccc(F)cc1)C(=O)N1C[C@@H](N)C[C@H]1C(N)=O,5.3
COc1cccc(CCc2ccccc2OCc2cccc(OC)c2)c1,5.3
NS(=O)(=O)c1ccc(N2CCN(CC[C@@H]3OCCc4ccccc43)CC2)cc1,5.29
COc1ccc(-c2cc(CCCCN3CCN(c4ccccc4F)CC3)on2)cc1OC.Cl,5.29
CC(C)Oc1ccccc1N1CC[C@H]2CN(CCCSc3nnc(-c4cnccn4)n3C)C[C@H]21,5.29
O=CC1=Cc2cn(S(=O)(=O)c3cccc4ccccc34)c3cccc(c23)O1,5.29
COc1ccc(OCCN2CCN(C(=O)c3cc4ccccc4s3)CC2)cc1,5.29
NS(=O)(=O)c1ccc(N2CCN(CCC3OCCc4ccccc43)CC2)cc1,5.29
O=C(NCCCCN1CCN(c2ccnc3ccccc23)CC1)C1CCC(c2ccccc2)CC1,5.29
Cc1sc(N)nc1-c1cn(S(=O)(=O)c2ccccc2)c2ccccc12,5.29
Cc1c(Cn2ncc(N3CCNCC3)c(Cl)c2=O)cccc1NC(=O)c1ccc(-c2ccccc2)cc1,5.29
CN[C@@H]1Cc2cc(C#N)cc3[nH]c(=O)n(c23)C1,5.29
C=CCN(CC=C)CCc1c[nH]c2ccc(C)cc12,5.29
CN(CCc1ccccc1)[C@H]1C2C3CC4C5C3CC2C5C41,5.29
Cc1ccc(N2CCN(CCCN3C(=O)CCc4ccccc43)CC2)cc1.O=C(O)C(=O)O,5.29
COc1cccc(N2CCN(CC(O)CN3C(=O)NC(C)(c4ccc(F)cc4)C3=O)CC2)c1,5.29
COc1ccccc1CN1CCN(Cc2cc3ccccc3o2)CC1,5.29
CC(C)COC(=O)N[C@H]1CC[C@H](CCN2CCc3ccccc3C2)CC1,5.28
CCOc1cc(N)c(Cl)cc1C(=O)NC[C@@H]1CCN2CCC[C@@H]12,5.28
Ic1cccn1C1CCN(Cc2ccccc2)CC1,5.28
Cn1c(SCCCN2CCO[C@H](c3ccc(C(F)(F)F)cc3)C2)nnc1-c1ccc(-c2ncco2)cc1,5.28
COc1cccc(-c2cccn2S(=O)(=O)c2cccc(N3CCNCC3)c2)c1,5.28
Cc1ccccc1N1CCN(CCCCNC(=O)Oc2cccc3ccccc23)CC1.Cl,5.28
CC1Cc2ccccc2N1C(=O)CN1CCN(CCc2ccc(Cl)cc2)CC1,5.28
CCCN(CCC)C1CCC(=C(C#Cc2ccccc2)C#Cc2ccccc2)CC1,5.28
Brc1ccc(CNCCN2CCN(Cc3cc4ccccc4[nH]3)CC2)cc1,5.28
COc1cccc(C(=CCNCCCCN2CCN(c3cccc(Cl)c3Cl)CC2)c2cccc(OC)c2)c1,5.28
CC(=O)Nc1nc(C)c(-c2ccc3ccn(S(=O)(=O)c4ccccc4)c3c2)[nH]1,5.28
O=C(Nc1cccc(Cn2ncc(N3CCNCC3)c(Cl)c2=O)c1)c1ccc(-c2ccccc2)cc1,5.28
COc1ccccc1N1CCN(CCCC(=O)NCc2nc3ccc(F)cc3c(=O)n2-c2ccccc2)CC1,5.28
FC(CCNCc1ccc2c(c1)Cc1ccccc1-2)CN1CCN(c2cccc(Cl)c2Cl)CC1,5.28
COc1ccc(OCCN2CCN(C(=O)C3Cc4c(cccc4OC)N3)CC2)cc1,5.28
COc1ccc(OCCN2CCN(C(=O)c3cc4ccc(OC)cc4[nH]3)CC2)cc1,5.28
CC1Cc2ccccc2N1C(=O)CN1CCN(Cc2ccc(C(F)(F)F)cc2)CC1,5.28
CN1CCc2cc(Cl)c(O)cc2[C@H]2c3ccc(N)cc3CC[C@@H]21,5.27
O=C(c1ccccc1)c1ccccc1OCCN1CCCC1,5.27
CC1NCCc2cc(O)c(O)cc21,5.27
O=C(N[C@H]1CC[C@H](CCN2CCN(c3nccc4c3CCO4)CC2)CC1)c1ccc(N2CCCCC2)cc1,5.27
Oc1ccc(C2(O)CCN(Cc3c[nH]c4ccccc34)CC2)cc1,5.27
O=C1Cc2cc(C(=O)CCCN3CCc4ccccc4C3)ccc2N1,5.27
Cc1cc2ccn(CCN3CCN(c4noc5ccccc45)CC3)c(=O)c2cn1,5.27
Cl.O=C1C=C(c2ccc(F)cc2)OC12CCN(CCc1ccccc1)CC2,5.27
CN1CCN2c3ncccc3Cc3ccccc3C2C1,5.263284866394389
CC1(Oc2ccc(C(F)(F)F)cc2)CCN(CCOc2ccccc2)C1,5.26
CC1(Oc2ccncc2)CCN(CCOc2ccccc2)C1,5.26
CC1(Oc2ccc(Cl)cc2)CCN(CCOc2ccc3ncsc3c2)C1,5.26
Clc1ccc([C@@H]2C[C@H]2NCCC2(c3ccccn3)CCOC3(CCCC3)C2)cc1,5.26
Cc1ccc2[nH]c3c(c2c1)CN(C(=O)NCCCCN1CCN(c2cc(C(C)(C)C)nc(C)n2)CC1)CC3,5.26
COc1ccc2c3c(c(=O)oc2c1)CN(Cc1cccc(Cl)c1)CC3,5.26
CC1(Oc2ccc(Cl)cc2)CCN(CCOc2ccc(C(F)(F)F)cc2)CC1,5.26
CC1(Oc2cccc(C(F)(F)F)c2)CCN(CCOc2ccccc2)C1,5.26
COc1ccc(N2CCN(CCCN3CCN(C(=O)c4ccccc4)CC3)CC2)cc1,5.26
FC(F)(F)c1cccc(N2CCN(CCC3(c4ccccn4)CCOC4(CCCC4)C3)CC2)n1,5.26
FC(F)(F)Oc1ccc(CN2CCO[C@H](CCc3ccccc3)C2)cc1,5.26
O=C(O)C(=O)O.O=C1CCc2ccccc2N1CCCN1CCN(c2ccc(Cl)cc2)CC1,5.26
CC1CCN(Cc2c[nH]c3ccccc23)CC1,5.26
O=C(NCCCCN1CCc2ncsc2CC1)C12CC3CC(CC(C3)C1)C2,5.26
FC(F)(F)Oc1ccc(CN2CCOC(CCc3ccccc3)C2)cc1,5.26
COc1ccc(OCCN2CCN(C(=O)c3cc4cnccc4[nH]3)CC2)cc1,5.26
CNC(=O)C1(C)CCN(CC2COc3ccccc3O2)CC1,5.26
CCCN(CCCCNC(=O)c1ccc2ccccc2c1)CC1CC1c1ccc(F)cc1.Cl,5.25
Cc1nc(N2CCN(CCCCNC(=O)N3CCc4[nH]c5ccc(Cl)cc5c4C3)CC2)cc(C(C)(C)C)n1,5.25
Cn1cncc1-c1c[nH]c2ccc(C(N)=O)cc12,5.25
COc1c(C(=O)NCCN2CCN(c3ccc([N+](=O)[O-])cc3)CC2)cc(Br)c2ccccc12,5.25
C1=C(CCN2CCc3ccccc3C2)CCc2ccccc21,5.25
COc1ccc(N2CCN(Cc3ccc4c(c3)NC(=O)CO4)CC2)cc1,5.25
Cl.O=C(CCCCN1CCN(c2ccc(Cl)cc2Cl)CC1)Nc1nc2ccccc2s1,5.25
CC1(c2ccc(F)cc2)NC(=O)N(CC(O)CN2CCN(c3ccc(F)cc3)CC2)C1=O,5.25
O=C(NCCCCN1CCN(c2ccccn2)CC1)c1cc2ccccc2cn1,5.25
COc1ccc(N2CCN(CCNC(=O)c3cc(Br)c4ccccc4c3OC)CC2)cc1,5.25
Cc1c(C)c2c(c(C)c1O)CCC(C)(CN1CCN(c3cc(N4CCCC4)nc(N4CCCC4)n3)CC1)O2,5.25
COc1cc(C(=O)NN2c3ccc(Cl)cc3N=C(N3CCN(C)CC3)c3ccccc32)cc(OC)c1OC,5.25
Cc1cc(C)n(C2CN(CCCc3nc(-c4ccccc4)no3)C2)n1,5.25
C1C2C3CC4C2C2C1C3[C@H](NCC13C5C6C7C5C1C7C63)C42,5.25
Cc1ccc(OCCNCCCOc2ccc(Br)cc2)cc1,5.24
Cl.O=C(NCCCCN1CCN(c2cccc(Cl)c2Cl)CC1)c1cc2ccccc2o1,5.24
COc1ccc(CCCCN2CCN(Cc3cc4ccccc4o3)CC2)cc1,5.24
COc1ccc2c(c1)CC(N)CC2,5.24
Cc1oc(-c2ccco2)nc1CN(C)C[C@@H]1Cc2ccccc2O1,5.24
Br.Oc1cc2c(cc1Br)CCNCC2c1ccccc1,5.24
Fc1ccc(CN2CCN(c3ccc4c(c3)OCCO4)CC2)cc1,5.24
CCCN1CCN(c2ccc(O)c3c2OCCO3)CC1,5.24
COc1cccc(CN2CCN(Cc3cc4ccccc4o3)CC2)c1,5.24
CN(C)C(=O)C(CCN1CCC(O)(c2ccc(Cl)cc2)CC1)(c1ccccc1)c1ccccc1,5.24
NCCCCN(C[C@H]1Cc2ccccc2CN1)[C@H]1CCCc2cccnc21,5.24
COc1ccc2c3c(c(=O)oc2c1)CN(Cc1ccc(Cl)c(Cl)c1)CC3,5.236572006437063
COc1ccc2c3c(c(=O)oc2c1)CN(Cc1ccc(F)cc1)CC3,5.236572006437063
COc1ccc2c3c(c(=O)oc2c1)CN(CCc1ccccc1)CC3,5.236572006437063
COc1ccc2c3c(c(=O)oc2c1)CN(Cc1ccccc1Cl)CC3,5.236572006437063
COc1cc2oc(=O)c3c(c2cc1OC)CCN(Cc1ccc(Cl)cc1)C3,5.236572006437063
COc1ccc2c3c(c(=O)oc2c1)CN(Cc1ccc(Cl)cc1)CC3,5.236572006437063
Cc1ccc2c3c(c(=O)oc2c1)CN(Cc1ccc(F)cc1)CC3,5.236572006437063
COc1ccc(CN2CCc3c(c(=O)oc4cc(OC)ccc34)C2)cc1,5.236572006437063
COc1ccc2c3c(c(=O)oc2c1)CN(Cc1ccc([N+](=O)[O-])cc1)CC3,5.236572006437063
COc1ccc2c3c(c(=O)oc2c1)CN(Cc1ccncc1)CC3,5.236572006437063
COc1ccc(N2CCN(Cc3ccc4c(c3)OCC(=O)N4)CC2)cc1,5.230622673923861
O=C1COc2ccc(CN3CCN(c4ccc(Cl)cc4)CC3)cc2N1,5.230622673923861
Clc1ccc(OCCNCCCOc2ccc(Br)cc2)cc1,5.230622673923861
OCc1ccc(N2CCN(Cc3nc4ccccc4[nH]3)CC2)cc1Cl,5.23047497982895
CCCN(CCCCNC(=O)c1cc2ccccc2[nH]1)CC1CC1c1ccc(F)cc1.Cl,5.23
O=C(NCCCCN1CCO[C@H]2c3cc(O)ccc3OC[C@@H]21)c1cc2ccccc2[nH]1,5.23
C[C@@H]1CN(Cc2ccc(Cl)cc2)CCN1CC(=O)N1CCc2ccccc21,5.23
O=C(CCN1CCN(Cc2ccc(Cl)cc2)CC1)N1CCc2ccccc21,5.23
Cc1ccc2c(c1)C(N1CCN(C)CC1)=Nc1cccnc1N2,5.23
O=C(CN1CCN(Cc2ccc(Cl)cc2)CC1)N1CCCC2CCCCC21,5.23
CCN(CCc1ccccn1)Cc1csc(C2CCCC2)n1,5.23
C[C@@H]1Cc2ccccc2N1C(=O)CN1CCN(Cc2ccc(C(F)(F)F)cc2)CC1,5.23
Cc1ccc(N2CCN(CC[C@@H]3NC(=O)c4ccccc43)CC2)cc1C,5.23
COc1ccccc1CCCN1CCN(Cc2cc3ccccc3o2)CC1,5.23
CCCN(CCC)[C@@H]1CCc2ccc(OC)cc2C1,5.23
Cc1ccc(N2CCN(Cc3nc4ccccc4[nH]3)CC2)cc1C,5.221848749616356
CN1CCc2cc(Cl)c(O)cc2[C@@H](c2ccc(CN(C)S(C)(=O)=O)cc2)C1,5.22
Oc1ccc(N2CCNCC2)c2c1OCCO2,5.22
CC(=O)N[C@H]1CC[C@H](CCN2CCc3ccccc3C2)CC1,5.22
CCOc1ccccc1CN1CCN(Cc2cc3ccccc3o2)CC1,5.22
COc1ccc(OCCN2CCN(C(=O)c3cc4cccc(OC)c4[nH]3)CC2)cc1,5.22
CCNC(=O)Nc1ccc2c(c1)CC[C@H]1[C@H]2c2cc(O)c(Cl)cc2CCN1C,5.22
CC(C)(C)C(=O)N1CCC(NCCSC(c2ccc(F)cc2)c2ccc(F)cc2)CC1,5.22
c1ccc(-n2cc(CN3CCN(c4ncccn4)CC3)cn2)cc1,5.22
Oc1cc(CN2CCN(c3ccc4c(c3)OCCO4)CC2)ccc1F,5.21
CC(=O)Nc1cccc(C2CCN(CCCC(=O)c3ccc(C)c(C)c3)CC2)c1,5.21
CCc1nc2c(N3CCNCC3)ccnc2n1Cc1cccc(Cl)c1,5.21
CN1CCc2ccc3[nH]c(=O)c4cccc5c4c3c2[C@H]1C5,5.21
Oc1ccc(N2CCN(Cc3cnn4ccccc34)CC2)cc1,5.21
O=C(O)C(=O)O.c1ccc(N2CCN(CCCc3nc4ccccc4[nH]3)CC2)cc1,5.21
Clc1ccc(N2CCN(CCCCNc3noc(-c4ccccc4)n3)CC2)c(Cl)c1,5.21
COc1ccccc1N1CCC2(CCN(CCCSc3nnc(-c4ccccc4)n3C)CC2)C1,5.21
Cn1c(C(=O)N2CCN(CCOc3cccnc3)CC2)cc2ccccc21,5.21
COC(=O)c1ccc(Cc2nc3ccccc3n2Cc2ccc(Cl)cc2)cc1,5.21
O=C(c1ccc[nH]1)N1CCN(CCOc2cccnc2)CC1,5.21
Cc1cc(N2CCNCC2)c2cc(NS(=O)(=O)c3sc4ccc(Cl)cc4c3C)ccc2n1,5.200000237109354
OC(c1ccccc1)c1ccccc1OCCN1CCCC1,5.2
C#Cc1cccn1C1CCN(Cc2ccccc2)CC1,5.2
Cc1ccc2c(c1)N(C(=O)CN1CCN(Cc3ccc(Cl)cc3)CC1)CC2,5.2
Cn1cccc1-c1nnc(SCCCN2CCOC(c3ccc(C(F)(F)F)cc3)C2)n1C,5.2
c1cnc(N2CCN(CCCc3nc4ccccc4s3)CC2)nc1,5.2
CN[C@H]1c2cc3c(ccn3S(=O)(=O)c3ccccc3)cc2[C@@H]1CCO,5.2
c1nc2c(s1)CCN(CCCCN1CCc3ncsc3CC1)CC2,5.2
Cn1c(SCCCN2CC3CCN(c4ccc(C(F)(F)F)cc4)C3C2)nnc1C1CCCCC1,5.2
CCCC[C@H](NC(=O)CCCCCNC(=O)[C@H]1CC[C@H]2c3[nH]c4ccccc4c3CCN2C1)C(=O)N[C@@H](Cc1ccc(O)cc1)C(=O)N[C@@H](CCCCN)C(N)=O,5.2
COc1cccc(CCc2ccccc2OCCCN2CCN(c3ccccc3OC)CC2)c1,5.2
CCCN(CCC)C1CCc2cc(CN(C(N)=O)c3ccc(OC)cc3)ccc2C1,5.2
COc1ccccc1N1CCC2(CCN(CCCSc3nnc(-c4ccccc4)n3C)C2)C1,5.2
CCCN1CCN(c2ccc(OC)cc2)CC1,5.2
Cn1c(SCCCN2CC3CCN(c4ccc(C#N)cc4)C3C2)nnc1-c1cnccn1,5.2
c1ccc(Cc2cn(C3CCN(Cc4ccccc4)CC3)nn2)cc1,5.2
CCCCCCc1ccc2c(c1)Cc1ccccc1C2CN,5.2
COc1ccc(OCCCN2CCN(C(=O)c3ccc(OC)cc3)CC2)cc1,5.19
Cc1ccccc1N1CCN(CCCCc2cc(-c3ccccc3)no2)CC1.Cl,5.19
CN1CCN(C2=Nc3cc(Cl)ccc3N(NC(=O)c3ccc(Cl)c(Cl)c3)c3ccccc32)CC1,5.19
O=C1C[C@@H](CN2CCN(c3ccccc3)CC2)N=C(c2ccccc2)N1,5.19
Cc1nc(N2CCN(CCCCNC(=O)N3CCc4[nH]c5ccc(C(F)(F)F)cc5c4C3)CC2)cc(C(C)(C)C)n1,5.19
CN1CCC(c2cn(-c3ccncc3)c3ccc(-c4cnn(C)c4)cc23)CC1,5.19
Clc1cccc2sc(CCCN3CCN(c4ccccn4)CC3)nc12,5.19
COc1ccc(Br)cc1-c1nc(CNC2CCN(Cc3ccccc3)C2)co1,5.18
CCN(CC)CCCOc1ccc(-c2nc3ccccc3n2C/C=C/Cn2c(-c3ccccc3)nc3ccccc32)cc1,5.18
O=C(CCCN1CCN(c2cccc(C(F)(F)F)c2)CC1)NCc1nc2cc(F)ccc2c(=O)n1-c1ccccc1,5.18
CCCCc1oc2ccccc2c1C(=O)c1cc(I)c(OCCN(CC)CC)c(I)c1,5.18
[O-][S+](CCNC1CCN(CC(O)Cc2ccccc2)CC1)C(c1ccc(F)cc1)c1ccc(F)cc1,5.18
Oc1cc2c(cc1O)[C@@H]1c3ccccc3CN[C@H]1CO2,5.17
COc1ccc(-c2nc(CN(C)C[C@@H]3Cc4ccccc4O3)c(C)o2)cc1C,5.17
COc1ccc(CCCN2CCN(C(=O)c3ccc(OC)cc3)CC2)cc1,5.17
CN(C)CC1=CC2=CN(S(=O)(=O)c3ccccc3)C3=CC=CC(O1)C23,5.17
CC1(c2ccc(F)cc2)NC(=O)N(CC(O)CN2CCN(c3ccc(F)cc3F)CC2)C1=O,5.17
Clc1ccc(Cn2c(SCc3ccccc3)nc3ccccc32)cc1,5.17
C[C@@H]1CN(CC(=O)N2CCc3ccccc32)[C@@H](C)CN1Cc1ccc(Cl)cc1,5.17
COc1c(C(=O)NCCN2CCN(c3ccccc3)CC2)ccc2ccccc12,5.16
O=C1c2[nH]cnc2CCCN1CCN1CCN(c2nsc3ccccc23)CC1,5.16
COC[C@@H](C)N1CCN(c2cccc(F)c2C#N)CC1,5.16
Cc1ccc2nc(CCCN3CCC(c4ccccn4)CC3)sc2c1,5.16
Cc1cccc(N2CCN(CCCC(=O)NCc3nc4ccccc4c(=O)n3-c3ccccc3)CC2)c1C,5.16
OC[C@H]1[C@H]2CN(Cc3ccccc3)[C@H](c3ccccc3)[C@H]2[C@@H]1N1CCCCC1,5.16
CC(C(=O)N1CCc2ccccc21)N1CCN(Cc2ccc(Cl)cc2)CC1,5.154901959985743
COc1ccc2c(c1)c(-c1cnc(N)[nH]1)cn2S(=O)(=O)c1cccc(F)c1.Cl,5.15
COc1ccc(OCCN2CCN(C(=O)c3cc4c(Cl)cccc4[nH]3)CC2)cc1,5.15
CN(C(=O)/C=C/c1ccccc1)C1CCN(Cc2ccccc2)CC1.O=C(O)/C=C/C(=O)O,5.15
CCn1cncc1-c1c[nH]c2ccc(I)c(F)c12,5.15
Cc1cc(C(F)(F)F)nc(Nc2ccccc2-c2nnn[nH]2)n1,5.14
Cl.O=C1C=C(c2ccccc2)OC12CCN(CCc1ccccc1)CC2,5.14
O=C(NCCCCN1CCN(c2cc(C(F)(F)F)nc3ccccc23)CC1)N1CCN(c2ccccc2)CC1,5.14
O=S(=O)(NCCCN1CCN(c2noc3ccccc23)CC1)c1ccc2ccccc2c1,5.14
CCC(Sc1ccccc1)c1nc(N)nc(N2CCN(C)CC2)n1,5.14
Cn1c(SCCCN2CCOC(c3ccc(C(F)(F)F)cc3)C2)nnc1-c1nccs1,5.14
COc1cccc(C(=O)NCCN2CCN(c3ccc(C)cc3)CC2)c1,5.13
FC(F)(F)c1cccc(N2CCN(CCC3(c4ccccn4)CCOCC3)CC2)n1,5.13
OC[C@H]1[C@H]2CN(Cc3ccccc3)[C@H](c3ccccc3)[C@H]2[C@@H]1N1CCCC1,5.13
CN(C)C(=O)C(CCN(CCO)[C@@H]1C[C@H]1c1ccc(Cl)cc1)(c1ccccc1)c1ccccc1,5.13
COc1ccc2c(c1)CCN(C)C2Cc1ccccc1C,5.13
COc1ccc(C(=O)N2CCN(CCOc3ccc4c(c3)OCO4)CC2)cc1,5.13
CCCN1CCc2cccc3c2C1Cc1cccc(OCCCn2cc(CCN4CCN(c5ccccc5OC)CC4)nn2)c1-3,5.13
Cc1ccc(NC(=O)C(C)C)cc1C1CCN(Cc2ccc(Oc3ccc(F)c(F)c3)cc2)CC1,5.13
CN1C(=O)C(N2CCN(Cc3ccc(Cl)cc3)CC2)CCc2ccccc21,5.13
O=C(NCCC(CF)N1CCN(c2cccc(Cl)c2Cl)CC1)c1cc2ccccc2o1,5.13
O=C(c1ccc(F)cc1F)N1CCC(NCCSC(c2ccc(F)cc2)c2ccc(F)cc2)CC1,5.13
N#CC(C#N)=Cc1cc(CN2CCN(c3ccc(Cl)cc3)CC2)c[nH]1,5.13
COc1ccc(NCCN2CCN(Cc3cc4ccccc4[nH]3)CC2)cc1,5.12
CCCN1CCC(c2cccc(S(C)(=O)=O)c2)CC1,5.12
Clc1ccc(N2CCN(Cc3cnn4c(I)cccc34)CC2)cc1,5.12
CCN(CC)C(=S)SSC(=S)N(CC)CC,5.12
CN1CCN(CCCN2C(=O)c3ccccc3/C=C\c3ccccc32)CC1,5.12
N#Cc1ccc2[nH]c(CN3CCN(c4ccc(Cl)cc4)CC3)cc2c1,5.12
Cc1nc(C(=O)O)ccc1-c1nnc(SCCCN2CC[C@]3(C[C@@H]3c3ccc(C(F)(F)F)cc3)C2)n1C,5.12
CCCN1CCO[C@H]2c3cc(O)ccc3OC[C@@H]21,5.12
Cl.O=C1C(c2ccccc2)=COC12CCN(Cc1ccco1)CC2,5.12
Cl.O=C1C=C(c2ccco2)OC2(CCN(CCc3ccccc3)CC2)C1,5.12
Cn1c(SCCCN2CCC3(CC2)CCN(c2cccc(Cl)c2Cl)CC3)nnc1-c1ccccc1,5.12
FC(F)(F)c1cc(Oc2nccc3occc23)ccc1-c1cccc2nccn12,5.12
COc1ccc(OCCN2CCN(C(=O)c3cc4ccncc4[nH]3)CC2)cc1,5.11
O=C1c2ncccc2CCN1CCN1CCC(c2noc3ccc(F)cc23)CC1,5.11
CN1CCN(c2ccc3nc(CN4CCN(c5ccc(Cl)c(Cl)c5)CC4)cn3n2)CC1,5.11
COc1ccc(OCCN2CCN(C(=O)c3cc4cc(OC)ccc4[nH]3)CC2)cc1,5.11
O[C@@H](COC[C@@H]1CCCO1)CN1CCN(c2ccccc2F)CC1,5.11
N#CC(C#N)=Cc1cccn1C1CCN(Cc2ccccc2)CC1,5.11
COc1ccc(OCCN2CCN(C(=O)c3cc4ccccc4o3)CC2)cc1,5.11
O=C(NC1CCNCC1)c1ccn(S(=O)(=O)c2cccc(Cl)c2)c1-c1cccc(F)c1,5.11
Cc1c(S(=O)(=O)Nc2ccc3nccc(N4CCN(C)CC4)c3c2)sc2ccc(Cl)cc12,5.100000128334196
OCc1cc([C@@H](O)CNCCc2ccc(CNCCc3ccccc3)cc2)ccc1O,5.100000128334196
CC(=O)N[C@H]1c2cccc3c2-c2c1ccc1c2[C@@H](C3)N(C)CC1,5.1
O=C(NC1CCN(Cc2ccccc2)C1)c1ccc(-c2ccc(C(F)(F)F)cc2)cc1,5.1
Oc1cc2c(c(Cl)c1O)CCNC[C@@H]2c1ccccc1,5.1
Cn1c(SCCCN2CCOC(c3ccc(C(F)(F)F)cc3)C2)nnc1C1CCCCC1,5.1
CN(C)Cc1cccc(CN/C=C2/C(=O)NC(=O)c3ccccc32)c1,5.1
COc1cc2ccccc2cc1OC(=O)CC1CCN(Cc2ccccc2)CC1,5.1
CN(C)C(=O)C(CCN[C@@H]1C[C@H]1c1ccc(F)cc1)(c1ccccc1)c1ccccc1,5.1
CCCN1CCO[C@@H]2c3cc(C(=O)NC)ccc3CC[C@H]21,5.1
Cn1c(SCCCN2CCOC(c3ccc(C(F)(F)F)cc3)C2)nnc1-c1ccsc1,5.1
Clc1ccc(N2CCN(Cc3cn4nc(Cl)ccc4n3)CC2)cc1,5.09
CCCCSC1=CCc2ccc(/N=C/N3CCc4cc(OC)c(OC)cc4C3)cc21,5.09
O=c1oc2ccccc2n1CCN1CCN(Cc2ccc(Cl)cc2)CC1,5.09
NCCCCCCn1cc(CCCCN2CCC(c3ccc(-c4cc(C(=O)O)cc5cc(-c6ccc(C(F)(F)F)cc6)ccc45)cc3)CC2)nn1,5.09
COc1cccc(C(=O)NCCN2CCN(c3ccccc3)CC2)c1,5.080921907623926
Cc1cc2c(C3CCN(CCN4CCc5cccnc5C4=O)CC3)noc2cc1F,5.08
Nc1nc(NCCc2c[nH]c3ccccc23)nc(N2CCN(c3ccccc3)CC2)n1,5.08
Cc1cc(Oc2nccc3occc23)ccc1-c1c(C)ncc2nccn12,5.08
C(#Cc1cccn1C1CCN(Cc2ccccc2)CC1)c1ccccc1,5.08
O=C(CCCN1CCN(c2ccc(Cl)cc2)CC1)c1nc2ccccc2s1,5.08
CCCCN1CCc2cc(C#N)ccc2C1,5.08
COc1ccc(C2=CC(=O)C3(CCN(CCc4ccccc4)CC3)O2)cc1.Cl,5.08
c1ccc(CN2CCC(n3cccc3)CC2)cc1,5.07
O=C(NCCCCN1CCN(c2ccccc2)CC1)c1ccc(-c2ccsc2)cc1,5.07
Cc1n[nH]c2ncc(C(=O)N3CCC[C@H]3c3ccc(Cl)cc3)cc12,5.07
Cc1cc2nc(C)c(CN3CCN(c4ccccc4)CC3)n2c(C)n1,5.07
Nc1nc(NCCNc2ccccc2)nc(NCCc2c[nH]c3ccccc23)n1,5.06
CCn1cncc1-c1c[nH]c2ccc(C(F)(F)F)cc12,5.06
FC(F)(F)c1cc(Oc2nccc3ccsc23)ccc1-c1cccc2nccn12,5.06
Cl.O=C1CC2(CCCN(Cc3ccccc3)C2)OC=C1c1ccc(F)cc1,5.06
O/N=C/c1c(CN2CCN(c3ccccc3)CC2)[nH]c2ccccc12,5.06
c1ccc(CN2CCC(NCc3coc(-c4ccccc4)n3)CC2)cc1,5.06
CCCN(CCC)CCCCNC(=O)c1ccc(-c2ccccc2)cc1,5.06
COc1ccc([C@@H]2C[C@H]2NCCC(C(=O)N(C)C)(c2ccccc2)c2ccccc2)cc1,5.06
C[C@@H]1CN(CC(=O)N2CCc3ccccc32)C[C@H](C)N1Cc1ccc(Cl)cc1,5.06
O=C1COc2c(N3CCCNCC3)ccc(O)c2N1,5.05
CCCCCCCCCC(=O)NN1c2ccc(Cl)cc2N=C(N2CCN(C)CC2)c2ccccc21,5.05
CC(C)(C(=O)O)c1ccc(C(O)CCCN2CCC(C(O)(c3ccccc3)c3ccccc3)CC2)cc1.Cl,5.05
CN(C)CCCN1C(=O)c2ccccc2/C=C\c2ccccc21,5.05
O=C(c1ccc(F)cc1)N1CCC(NCCSC(c2ccc(F)cc2)c2ccc(F)cc2)CC1,5.05
COc1ccc(C(=O)N2CCN(CCOc3ccccc3OC)CC2)cc1,5.05
COc1ccc(OCCCN2CCN(C(=O)c3ccc(Cl)cc3)CC2)cc1,5.05
N#CC(C#N)=Cc1[nH]ccc1CN1CCN(c2ccc(Cl)cc2)CC1,5.05
O=Cc1cccc2c(CN3CCN(c4ccc(Cl)cc4)CC3)cnn12,5.04
Cn1c(SCCCN2CCOC(c3ccc(C(F)(F)F)cc3)C2)nnc1-c1ccc(-n2cnnc2)cc1,5.04
Cc1cc2c(nc1C)CN[C@@H]1CCc3cc(O)c(O)cc3[C@@H]21,5.04
OC1(c2ccc(Cl)cc2)CCNCC1,5.04
COc1ccc(N2CCN(Cc3c(C)nc4cc(C)ncn34)CC2)cc1,5.04
O=C(Cn1c(CCCN2CCN(c3cccc(Cl)c3Cl)CC2)nc2ccccc21)NC1CCCCC1,5.04
NCCCCN(C[C@H]1Cc2ncccc2CN1)[C@H]1CCCc2cccnc21,5.03
CCn1cncc1-c1c[nH]c2ccc(Cl)c(F)c12,5.03
O=C(NCCCCN1CCO[C@@H]2c3cc(O)ccc3OC[C@@H]21)c1cc2ccccc2[nH]1,5.03
Cn1cc2c(n1)CCN(CCN1CCN(c3noc4ccccc34)CC1)C2=O,5.03
CN1CCN(C2=Nc3cc(Cl)ccc3N(NC(=O)c3ccc(Cl)cc3)c3ccccc32)CC1,5.03
C[C@H]1Cc2ccccc2N1C(=O)CN1CCN(Cc2ccc(Cl)cc2)CC1,5.03
O=C1COc2ccccc2N1CCCN1CCC(n2c(=O)[nH]c3ccncc32)CC1,5.022276394711152
N#Cc1ccc2c(c1)CCN(C[C@@H]1C[C@H]1CNC(=O)c1ccnc3ccccc13)C2,5.02
CN(C)CCC1CC2c3ccccc3Cc3ccccc3N2O1,5.02
Cc1ncc2nccn2c1-c1ccc(Oc2nccc3occc23)cc1C(F)(F)F,5.02
CCOCCOCc1ccc(N2CCN(CCCCNC(=O)c3ccccc3)CC2)c(OC)c1,5.01
C(=C/c1cc(CCCCN2CCN(c3ccccc3)CC2)on1)\c1ccccc1.Cl,5.01
CCc1cc(Cl)c(OC)c(N2CCN(CC(F)CCNC(=O)c3cc4ccccc4o3)CC2)c1,5.01
Cc1cc(NC(=O)Nc2ccc(N(C)C)cc2)c2cc(F)cc(F)c2n1,5.01
O=C(c1cc2ccccc2[nH]1)N1CCN(CCOc2ccc(F)cc2)CC1,5.01
Cn1c(SCCCN2CCC3(CC2)CCN(c2ccc(F)cc2)CC3)nnc1-c1ccccc1,5.01
C=CCN1C[C@@H](OC(=O)Nc2ccc(-c3ccsc3)cc2)C[C@H]1CNC(=O)c1cc(CCCF)cc(OC)c1OC,5.01
c1cnc2c(c1)CN[C@@H](CN(CCCC1CCNCC1)[C@H]1CCCc3cccnc31)C2,5.01
c1cnc(N2CCN(Cc3cccc4c3Cc3ccccc3-4)CC2)nc1,5.01
CCc1ccc(OCCN2CCN(C(=O)c3ccc(Cl)cc3)CC2)cc1,5.0
CN(C)CCC1(c2ccccc2)OC=CC1=O.Cl,5.0
c1ccc(CCN[C@H]2C3C4CC5C6C4CC3C6C52)nc1,5.0
CCn1cncc1-c1c[nH]c2ccc(C(N)=O)cc12,5.0
CCn1cncc1-c1c[nH]c2ccccc12,5.0
CCn1cncc1-c1c[nH]c2ccc(F)cc12,5.0
CCn1cncc1-c1c[nH]c2ccc(C)cc12,5.0
CCn1cncc1-c1c[nH]c2ccc(Cl)cc12,5.0
CCn1cncc1-c1c[nH]c2ccc(Br)cc12,5.0
CCn1cncc1-c1c[nH]c2ccc(OC(F)(F)F)cc12,5.0
CCOc1ccc2[nH]cc(-c3cncn3CC)c2c1,5.0
CCn1cncc1-c1c[nH]c2cc(F)ccc12,5.0
CCn1cncc1-c1c[nH]c2cc(F)c(Cl)cc12,5.0
CCn1cncc1-c1c[nH]c2cccc(F)c12,5.0
Cn1cncc1-c1c[nH]c2ccc(F)c(F)c12,5.0
CCn1cncc1-c1c[nH]c2ccc(F)c(F)c12,5.0
Cn1cncc1-c1c[nH]c2ccc(Cl)c(F)c12,5.0
Cn1cncc1-c1c[nH]c2ccc(Br)c(F)c12,5.0
CCC(CC(=O)c1ccc(Cl)c(Cl)c1)N1CCCC1,5.0
CCC(CC(=O)c1ccc(C)cc1)N1CCCC1,5.0
CCCC(C(=O)c1ccc(-c2cccs2)cc1)N1CCCC1,5.0
CCCC(C(=O)c1ccc2ccccc2c1)N1CCCC1,5.0
CCCC(C(=O)c1cccc(C)c1)N1CCCC1,5.0
CCCC(C(=O)c1ccccc1C)N1CCCC1,5.0
CCCC(C(=O)c1ccc(C(F)(F)F)cc1)N1CCCC1,5.0
CCCC(C(=O)c1ccc(NC(C)=O)cc1)N1CCCC1,5.0
CCCC(C(=O)c1ccc(OC)cc1)N1CCCC1,5.0
CCCC(C(=O)c1ccc([N+](=O)[O-])cc1)N1CCCC1,5.0
CCCC(C(=O)c1ccc(O)cc1)N1CCCC1,5.0
Cn1cc2c(n1)CCN(CCN1CCC(c3noc4ccccc34)C1)C2=O,5.0
Cc1nc2c(o1)C(=O)N(CCN1CCN(c3noc4ccccc34)CC1)CC2,5.0
COc1ncc2c(n1)CCN(CCN1CCN(c3noc4ccccc34)CC1)C2=O,5.0
COc1ccc(NC(=O)N2CCN(c3ccc(F)cc3)CC2)cc1N1CCN(C)CC1,5.0
COc1ccc(NC(=O)N2CCN(c3ccc(-c4ccccc4)cc3)CC2)cc1N1CCN(C)CC1,5.0
COc1ccc(NC(=O)N2CCN(c3ccc(C(F)(F)F)cc3)CC2)cc1N1CCN(C)CC1,5.0
COc1ccc(NC(=O)N2CCN(c3ccc(SC)cc3)CC2)cc1N1CCN(C)CC1,5.0
COc1ccccc1N1CCC(C(=O)Nc2ccc(OC)c(N3CCN(C)CC3)c2)CC1,5.0
COc1ccc(NC(=O)c2ccc(-c3ccc(-c4noc(C)n4)cc3C)cc2)cc1N1CCN(C)CC1,5.0
c1ccc(Cc2ccccc2OCCN2CCCC2)cc1,5.0
c1ccc(Cc2ccccc2OCCN2CCOCC2)cc1,5.0
CC1CN(CCOc2ccccc2Cc2ccccc2)CCO1,5.0
c1ccc(Cc2ccccc2NCCN2CCCC2)cc1,5.0
O=C(CN1CCN(Cc2ccc(Cl)cc2)CC1)N1CCSc2ccccc21,5.0
CC1Cc2ccccc2N1C(=O)CC1CCN(Cc2ccc([N+](=O)[O-])cc2)CC1,5.0
O=S1(=O)Cc2ccccc2N1CCN1CCN(Cc2ccc(Cl)cc2)CC1,5.0
COc1cc(N)c(Cl)cc1C(=O)N[C@@H]1C2CC3CN(C2)CC31,5.0
O=C(NC[C@@H]1CCN2CCC[C@@H]12)c1cc(Cl)cn2ccnc12,5.0
CCC[C@@H](C(=O)c1ccc(C)cc1)N1CCCC1,5.0
Cl.O=C1C=C(c2ccccc2)OC12CCCNC2,5.0
CCN(CC)CCC1(C)OC(c2ccccc2)=CC1=O.Cl,5.0
Cl.O=C1C=C(c2ccccc2)OC12CCCN(Cc1ccccc1)C2,5.0
CCN(CC)CCCC1(C)OC=C(c2ccccc2)C1=O.Cl,5.0
CN1CCC2(CC1)OC=C(c1ccccc1)C2=O.Cl,5.0
CN(C)CC1(C)OC=C(c2ccccc2)C1=O.Cl,5.0
Cl.O=C1C=C(c2ccccc2)OC12CCNCC2,5.0
Cl.O=C1C=C(c2ccccc2)OC12CCN(Cc1ccccc1)CC2,5.0
Cl.O=C1C(c2ccccc2)=COC12CCCNC2,5.0
Cl.O=C1C=C(c2ccccc2)OC12CN1CCC2CC1,5.0
Cl.O=C1C(c2ccccc2)=COC12CCCN(Cc1ccccc1)C2,5.0
CCCCN1CCC(COC(=O)c2cc(Cl)c(N)c3c2OCCO3)CC1,5.0
O=C(CN1CCc2ccccc21)N1CCN(Cc2ccc(Cl)cc2)CC1,5.0
COc1ccc(S(=O)(=O)Nc2cc(Br)ccc2Br)cc1N1CCNCC1,5.0
CC(C)(C)C(=O)NCCCN1CCN(c2ccc(Cl)cc2)CC1,5.0
COc1ccc(NC(=O)N2CCN(c3ccc(Cl)cc3)CC2)cc1N1CCN(C)CC1,5.0
C(=C/c1ccccc1)\CN(c1ccccc1)C1CCN(Cc2ccccc2)CC1.O=C(O)/C=C/C(=O)O,5.0
COc1ccc(N2CCN(CCCCNC(=O)C(C)(C)C)CC2)cc1,5.0
c1ccc(CCN2CCO[C@@H]3c4cc5c(cc4CC[C@H]32)CCO5)cc1,5.0
CCCN1CCO[C@H]2c3cc4c(cc3CC[C@H]21)CCO4,5.0
c1ccc(CN2CCO[C@@H]3c4cc5c(cc4CC[C@H]32)CCO5)cc1,5.0
Cc1coc2ccc(N3C[C@@]4(CN5CCC4CC5)OC3=O)cc12,5.0
Cc1cccc(NC(=O)CN2CCC(c3cccc[n+]3[O-])CC2)c1,5.0
Oc1ccc(N2CCN(Cc3nc4ccccc4[nH]3)CC2)nc1,5.0
Cc1cc(F)ccc1NC(=O)CN1CCC(c2cccc[n+]2[O-])CC1,5.0
Cc1cccc(C(=O)NCN2CCC(c3cccc[n+]3[O-])CC2)c1,5.0
N#Cc1cc(F)cc(C#Cc2csc(CF)n2)c1,5.0
CCCC(C(=O)c1ccc(Br)cc1)N1CCCC1,5.0
COc1ccc2c(C3CCN(CCN4CCc5cccnc5C4=O)CC3)noc2c1,5.0
O=C1c2cccnc2CCN1CCN1CCN(c2noc3ccccc23)CC1,5.0
O=c1c2cnc(C(F)(F)F)cc2ccn1CCN1CCN(c2noc3ccccc23)CC1,5.0
Cc1cc(NC(=O)c2cccc(S(F)(F)(F)(F)F)c2)cc(-n2ccn3nc(-c4cccnc4)cc23)c1,5.0
C(=C/c1ccccc1)\CN(C/C=C/c1ccccc1)C1CCN(Cc2ccccc2)CC1.O=C(O)/C=C/C(=O)O,5.0
O=C1C[C@]2(CC[C@H](OCc3ccccc3)CC2)OC=C1c1ccccc1,5.0
Cl.O=C1CC2(CN3CCC2CC3)OC=C1c1ccccc1,5.0
O=C1C[C@]2(CC[C@@H](OCc3ccccc3)CC2)OC=C1c1ccccc1,5.0
CCN(CC)CCCC1(C)CC(=O)C(c2ccccc2)=CO1.Cl,5.0
CN1C2CCC1CC1(CC(=O)C(c3ccccc3)=CO1)C2.Cl,5.0
COc1ccc(S(=O)(=O)Nc2cc(Cl)cc(Cl)c2Cl)cc1N1CCNCC1,5.0
C(#Cc1ccccc1)CNC1CCN(Cc2ccccc2)CC1.O=C(O)/C=C/C(=O)O,5.0
C(=C/c1ccccc1)\CNC1CCN(Cc2ccccc2)CC1.O=C(O)/C=C/C(=O)O,5.0
Cc1ccc2c(c1O)-c1cccc3c1[C@@H](C2)NCC3,5.0
O=C(/C=C/c1ccccc1)N(c1ccccc1)C1CCN(Cc2ccccc2)CC1.O=C(O)/C=C/C(=O)O,5.0
OC1(c2ccc(Cl)cc2)CCN(Cc2cc3ccccc3[nH]2)CC1,5.0
NCC1(c2ccc(Cl)cc2)CCN(Cc2c[nH]c3ccccc23)CC1,5.0
Cc1ccc2c(OCCN3CCC(Cc4cc(F)c5c(c4)NC(=O)CO5)CC3)cc(F)cc2n1,5.0
Cc1c(S(=O)(=O)Nc2ccc3nccc(N4CCNCC4)c3c2)sc2ccc(Cl)cc12,5.0
CC(C)(C)c1ccc(S(=O)(=O)Nc2ccc3nccc(N4CCNCC4)c3c2)cc1,5.0
CCCN1CCO[C@@H]2c3cc(O)ccc3OC[C@@H]21,5.0
COc1ccc2c(c1)CC(CN1CCN(c3ccccn3)CC1)CC2=O,5.0
COc1cc2c(cc1OC)C(=O)CC(CN1CCN(c3ccccn3)CC1)C2,5.0
CN1CCc2cccc3c2[C@H]1Cc1cccc(C(N)=O)c1-3,5.0
COc1ccc2onc(C3CCN(CCN4CCc5cccnc5C4=O)CC3)c2c1,5.0
O=C1c2nc(Cl)ccc2CCN1CCN1CCN(c2noc3ccccc23)CC1,5.0
O=C1c2ncccc2CCN1CCN1CCN(c2noc3ccc(F)cc23)CC1,5.0
O=C1c2ncccc2CCN1CCN1CCC(c2noc3cc(F)c(F)cc23)CC1,5.0
CC1(c2cccc(OCc3ccccc3)c2)C(=O)Nc2cc(Cl)cc(Cl)c2C1=O,5.0
CC1(c2ccc(O)cc2)C(=O)Nc2cc(Cl)cc(Cl)c2C1=O,5.0
C[C@@H]1CN(CCCn2c3ccccc3c3ccccc32)C[C@H](C)N1,5.0
Cl.OC1c2ccccc2CCC12CCN(CCc1ccccc1)CC2,5.0
O=C1CCc2ccccc2C12CCN(CCc1ccccc1)CC2,5.0
CN1C2CCC1CC(OC(=O)c1cnn3ccccc13)C2,5.0
CN1CCC2(CCc3ccccc3C2=O)CC1.Cl,5.0
O=C(O)CC(O)C(=O)O.O=C1c2ccccc2CCC12CCN(Cc1ccc3ccccc3c1)CC2,5.0
CS(=O)(=O)Nc1cc(OCCNCc2ccccc2)ccc1F,5.0
OC1CCc2ccccc2C12CCN(CCc1ccccc1)CC2,5.0
COc1cc(N)c(Cl)cc1C(=O)NC[C@@H]1CCN2CCC[C@@H]12,5.0
CCN(C)C1CCCc2ccncc21.O=C(O)/C=C\C(=O)O.O=C(O)/C=C\C(=O)O,5.0
CN(C/C=C/c1ccccc1)C1CCN(Cc2ccccc2)CC1.O=C(O)/C=C/C(=O)O,5.0
COc1cc2c(cc1Cl)CCN1CCCc3ccccc3C21,5.0
COc1ccc(CCN2CCCc3ccccc3C2)cc1Cl,5.0
COc1ccc2c(c1)CCCN1CCCc3ccccc3C21,5.0
O=c1c2cccnc2ccn1CCN1CCN(c2noc3ccccc23)CC1,5.0
O=c1c2cnccc2ccn1CCN1CCN(c2noc3ccccc23)CC1,5.0
Cc1cccc2c(C3CCN(CCN4CCc5cccnc5C4=O)CC3)noc12,5.0
O=C1c2ncccc2CCN1CCN1CCN(c2noc3cc(Cl)ccc23)CC1,5.0
Cn1ncc2c1CCN(CCN1CCN(c3noc4ccccc34)CC1)C2=O,5.0
O=C1c2ncccc2CCN1CCN1CCC(c2noc3c(F)cccc23)CC1,5.0
O=C1c2ncccc2CCN1CCN1CCC(c2noc3cccc(F)c23)CC1,5.0
Cn1ncc2c1CC(CN1CCC(C(=O)c3ccc(F)cc3)CC1)CC2=O,5.0
Cc1noc2c1C(=O)CC(CN1CCC(C(=O)c3ccc(F)cc3)CC1)C2,5.0
Cn1ncc2c1CC(CN1CCC(c3noc4cc(F)ccc34)CC1)CC2=O,5.0
Oc1ccc(OCCNCc2ccccc2)cc1,5.0
CN1C2CCC1CC(NC(=O)c1cnn3ccccc13)C2,5.0
COc1cc(N)c(Cl)cc1C(=O)NC1C2CC3CN(C2)CC31.Cl,5.0
COc1cc(N)c(Cl)cc1C(=O)NCC12CC3CN(CC3C1)C2,5.0
CC1(c2ccccc2)C(=O)Nc2cc(Cl)cc(Cl)c2C1=O,5.0
COc1cc(NC(=O)c2ccc(-c3ccc(Cl)cc3)o2)cc(OC)c1,5.0
CCN(CCc1ccc(OC(F)(F)F)cc1)CCN1CCCCC1,5.0
CN(CCc1ccc(OC(F)(F)F)cc1)CCN1CCCCC1,5.0
CCN(CCc1ccc(OC(F)(F)F)cc1)CCN1CCCC1,5.0
CN(CCc1ccc(OC(F)(F)F)cc1)CCN1CCCC1,5.0
COc1ccc(CCN(C)CCN2CCCCC2)cc1,5.0
CCN(CCc1cccc(OC(F)(F)F)c1)CCN1CCCCC1,5.0
CN(CCc1cccc(OC(F)(F)F)c1)CCN1CCCCC1,5.0
CCN(CCc1cccc(OC(F)(F)F)c1)CCN1CCCC1,5.0
CN(CCc1cccc(OC(F)(F)F)c1)CCN1CCCC1,5.0
O=C1CC(CN2CCN(C(=O)c3ccc(F)cc3)CC2)Cc2occc21,5.0
COC(=O)c1coc2c1C(=O)CC(CN1CCC(C(=O)c3ccc(F)cc3)CC1)C2,5.0
CCOC(=O)c1oc2c(c1C)C(=O)CC(CN1CCC(C(=O)c3ccc(F)cc3)CC1)C2,5.0
O=C1CC(CN2CCC(C(=O)c3ccc(F)cc3)CC2)Cc2oc(-c3ccccc3)cc21,5.0
Cn1c(SCCCN2CCOC(c3ccc(C(F)(F)F)cc3)C2)nnc1-c1ccc(C(N)=O)cc1,5.0
Cn1c(SCCCN2CCOC(c3ccc(C(F)(F)F)cc3)C2)nnc1-c1ccc(C#N)cc1,5.0
Cl.c1ccc(C2=NC[C@H](CN3CCN(c4ccccc4)CC3)N2)cc1,5.0
CCN(CCN1CCN(c2noc3ccccc23)CC1)C(=O)C(C)O,5.0
CC(O)C(=O)N(CC#N)CCN1CCC(c2noc3cc(F)ccc23)CC1,5.0
CCN(CCN1CCC(c2noc3cc(F)ccc23)CC1)S(=O)(=O)C(C)CO,5.0
CNC[C@@H]1OCCc2ccsc21,5.0
Cc1ncoc1-c1nnc(SCCCN2CCOC(c3ccc(C(F)(F)F)cc3F)C2)n1C,5.0
NCCCCN(C[C@H]1Cc2cccnc2CN1)[C@H]1CCCc2cccnc21,5.0
CC1(c2cccc(O)c2)C(=O)Nc2cc(Cl)cc(Cl)c2C1=O,5.0
Cc1sc(C)c2c1CCCc1nnc(C)n1-2,5.0
COc1c(OCCF)cccc1C(O)C1CCN(CCc2ccc(F)cc2)CC1,5.0
Cn1c(SCCCN2CCOC(c3ccc(C(F)(F)F)cc3)C2)nnc1-c1cnccn1,5.0
Cn1ccc2cc3c(cc21)CCN3C(=O)Nc1cccnc1,5.0
Cc1cccc(C2=CCN(CCNC(=O)C3CCCCO3)CC2)n1,5.0
CC(C)n1ncc2c1-c1c(Cl)sc(Cl)c1CCC2,5.0
NCC1c2ccccc2Cc2ccccc21,5.0
NCC1c2ccccc2Cc2cc(Br)ccc21,5.0
CCCN1CCc2cccc3c2[C@H]1Cc1ccc(OC(=O)CCCC(=O)Oc2cccc4c2-c2cccc5c2[C@@H](C4)N(CCC)CC5)cc1-3,5.0
CCCN1CCc2cccc3c2[C@H]1Cc1ccc(OC(=O)CCC(=O)Oc2cccc4c2-c2cccc5c2[C@@H](C4)N(CCC)CC5)cc1-3,5.0
CCCN1CCc2cccc3c2[C@H]1Cc1cccc(OC(=O)CNC(=O)OCc2ccccc2)c1-3,5.0
CCCCCCC(=O)Oc1cccc2c1-c1cccc3c1[C@@H](C2)N(CCC)CC3,5.0
CCCCCC(=O)Oc1cccc2c1-c1cccc3c1[C@@H](C2)N(CCC)CC3,5.0
Cc1sc(C)c2c1CCCc1cnn(-c3ccccc3)c1-2,5.0
COCC1(C(=O)NCCN2CCC(c3cccc(C(F)(F)F)n3)CC2)CC1,5.0
Cc1sc(C)c2c1CCCc1ncn(C)c1-2,5.0
Cc1sc(C)c2c1CCCc1nccn1-2,5.0
Cn1cc2c(n1)-c1ccccc1CCC2,5.0
Cc1nc2cnccc2n1-c1ccc(OCc2cccc(/C=C/c3nc4cc(F)ccc4s3)c2)cc1,5.0
Clc1sc(Cl)c2c1CCCc1cnn(Cc3ccccc3)c1-2,5.0
CCCN1CCc2cccc3c2[C@H]1Cc1cccc(OC(=O)CC)c1-3,5.0
CCOC(=O)N1CCC(N2CCC(n3c(=O)[nH]c4ccccc43)CC2)CC1,5.0
O=c1[nH]c2ccc(F)cc2n1C1CCN(C2CCN(Cc3ccccc3C(F)(F)F)CC2)CC1,5.0
COc1c(OCCF)cccc1C(O)C1CCN(CCc2ccc(C)cc2)CC1,5.0
COc1c(OCCF)cccc1C(=O)C1CCN(CCc2ccc(C)cc2)CC1,5.0
Cc1ccc(N2CCN([C@@H](C)[C@H]3C[C@]3(C)c3ccccc3)CC2)c(C)c1,5.0
Cc1ccc(N2CCN([C@H](C)[C@H]3C[C@]3(C)c3ccccc3)CC2)c(C)c1,5.0
Cc1ccc(N2CCN(C[C@H]3C[C@]3(C)c3ccccc3)CC2)c(C)c1,5.0
Br.Oc1cc2c(cc1O)[C@@H](c1ccccc1)CNCC2,5.0
CCCN1CCO[C@H]2c3cc(C(N)=O)ccc3CC[C@@H]21,5.0
CCCN1CCO[C@@H]2c3cc(C(=O)O)ccc3CC[C@H]21,5.0
CCCN1CCO[C@@H]2c3cc(-c4nnn[nH]4)ccc3CC[C@H]21,5.0
CCCN1CCO[C@@H]2c3cc(C(=O)Nc4ccc(OC)cc4)ccc3CC[C@H]21,5.0
CCCN1CCO[C@@H]2c3cc4c(cc3CC[C@H]21)CN(C)C4=O,5.0
O=C(Nc1ccc(Oc2cccnc2Cl)nc1)c1c[nH]c2ccccc12,5.0
O=C(Nc1ccc(Oc2cccnc2)nc1)c1c[nH]c2ccccc12,5.0
Cc1ccc2c(C(=O)Nc3ccc(Oc4cccnc4C)nc3)c[nH]c2c1,5.0
COc1ccc2[nH]cc(C(=O)Nc3ccc(Oc4cccnc4C)nc3)c2c1,5.0
Cc1ccc2[nH]cc(C(=O)Nc3ccc(Oc4cccnc4C)nc3)c2c1,5.0
Clc1ccc(N2CCC3CCC(C2)N3Cc2c[nH]c3ncccc23)cc1,5.0
CCCn1ncc2c1-c1c(Cl)sc(Cl)c1CCC2,5.0
c1ccc2c(c1)CCCc1c[nH]nc1-2,5.0
Cn1ncc2c1-c1ccccc1CCC2,5.0
Cc1ccccc1N1CCN(C(=O)COc2ccc3[nH]cc(CCN)c3c2)CC1,5.0
Cc1nc2cnccc2n1-c1ccc(OCc2cccc(/C=C/c3ccc4ccc(Cl)cc4n3)c2)cc1,5.0
Clc1ccc(N2CCN(Cc3nc4ccccc4[nH]3)CC2)cc1,5.0
Clc1cccc(N2CCN(Cc3nc4ccccc4[nH]3)CC2)c1,5.0
Clc1ccccc1N1CCN(Cc2nc3ccc[nH]c-3n2)CC1,5.0
Cc1sc(C)c2c1CC(C)(C)Cc1c[nH]nc1-2,5.0
Cc1sc(C)c2c1CCCc1nncn1-2,5.0
Cc1ccc(C)c2c1CCCc1c[nH]nc1-2,5.0
COc1cc(C(=O)NS(=O)(=O)c2ccccc2C)ccc1Cc1cn(C)c2ccc(NC(=O)OC3CCCC3)cc12,5.0
Br.c1ccc([C@H]2C[C@@H]2CN2CCN(c3ccncc3)CC2)cc1,5.0
C(=C/c1ccccc1)\COCC1CCN(Cc2ccccc2)CC1,5.0
C(=C/c1ccccc1)\COCC1CCN(Cc2cccc3ccccc23)CC1,5.0
COc1ccc2c(c1)CCN1CCc3ccccc3C21,5.0
Oc1ccc2c(c1)CCN1CCc3ccccc3C21,5.0
COc1ccc2c(c1)CCN(C)Cc1ccccc1CC2,5.0
O=c1[nH]c2c(F)cccc2n1C1CCN(C2CCN(Cc3ccccc3C(F)(F)F)CC2)CC1,5.0
Cc1ccccc1CN1CCC(N2CCC(n3c(=O)[nH]c4ccc(F)cc43)CC2)CC1,5.0
Cc1ccccc1CN1CCC(N2CCC(n3c(=O)[nH]c4c(F)cccc43)CC2)CC1,5.0
COc1ccc2c(c1)CCCN(C)Cc1ccccc1C2,5.0
CN1CCCc2cc(O)ccc2Cc2ccccc2C1,5.0
CN1CCCc2cc3c(cc2-c2ccccc2CC1)OCO3,5.0
CCc1cc(OC)ccc1C1Cc2ccccc2CN1C,5.0
CN(C)Cc1nc(-c2ccc(C(C)(C)C)cc2)n(-c2cccc(O)c2)n1,5.0
C[C@@H]1Cc2ccc3c(c2O1)-c1cccc2c1[C@@H](C3)N(C)CC2,5.0
C[C@H]1Cc2ccc3c(c2O1)-c1cccc2c1[C@@H](C3)N(C)CC2,5.0
CC1Cc2ccc3c(c2O1)-c1cccc2c1[C@@H](C3)N(C)CC2,5.0
C=CCc1ccc2c(c1O)-c1cc(OC)cc3c1[C@@H](C2)N(C)CC3,5.0
C=CCOc1cccc2c1-c1cc(OC)cc3c1[C@@H](C2)N(C)CC3,5.0
Cc1cc2ccc3c(c2o1)-c1cccc2c1[C@@H](C3)N(C)CC2,5.0
C#CCOc1cccc2c1-c1cccc3c1[C@@H](C2)N(C)CC3,5.0
C=CCc1ccc2c(c1O)-c1cccc3c1[C@@H](C2)N(C)CC3,5.0
CCN(CC)C(=O)[C@@H]1C=C2c3cccc4[nH]cc(c34)C[C@H]2NC1,5.0
CCCN1CCc2cccc3c2[C@H]1Cc1ccc2cc(C)oc2c1-3,5.0
CC#CCOc1cccc2c1-c1cccc3c1[C@@H](C2)N(CCC)CC3,5.0
C#CCOc1cccc2c1-c1cccc3c1[C@@H](C2)N(CCC)CC3,5.0
CCCN1CCc2cccc3c2[C@H]1Cc1c(CC=C(C)C)ccc(O)c1-3,5.0
CCCN1CCc2cccc3c2[C@H]1Cc1ccc2c(c1-3)OC(C)(C)C2,5.0
C=C(C)Cc1ccc2c(c1O)-c1cccc3c1[C@@H](C2)N(CCC)CC3,5.0
C=CCc1ccc2c(c1O)-c1cccc3c1[C@@H](C2)N(CCC)CC3,5.0
CCCN1CCc2cccc3c2[C@H]1Cc1cccc(OCC=C(C)C)c1-3,5.0
C=C(C)COc1cccc2c1-c1cccc3c1[C@@H](C2)N(CCC)CC3,5.0
C=CCOc1cccc2c1-c1cccc3c1[C@@H](C2)N(CCC)CC3,5.0
CN1CCc2cc(Cl)c(O)cc2[C@H]2c3ccc(NC(=O)C4CC4)cc3CC[C@@H]21,5.0
c1ccc2c(c1)CCN1Cc3cccc4[nH]cc(c34)C21,5.0
CN1CCc2ccccc2Cc2c[nH]c3cccc(c23)C1,5.0
O=C(c1ccc(-c2ccccc2)cc1)N1CCN(C(=O)c2ccc3cc[nH]c3c2)CC1,5.0
CN1CCc2cc(O)ccc2CCc2ccccc2C1,5.0
COc1ccc2c(c1)CCCN1Cc3ccccc3C21,5.0
C[C@H]1CN(C(=O)c2ccc(-c3cccc(OC(F)(F)F)c3)cc2)CCN1C(=O)c1ccc2cc[nH]c2c1,5.0
C[C@H]1CN(C(=O)c2ccc(-c3cccc(C(F)(F)F)c3)cc2)CCN1C(=O)c1ccc2cc[nH]c2c1,5.0
C[C@H]1CN(C(=O)c2ccc(-c3cccc(F)c3)cc2)CCN1C(=O)c1ccc2cc[nH]c2c1,5.0
C[C@H]1CN(C(=O)c2ccc(-c3ccccc3)cc2)CCN1C(=O)c1ccc2cc[nH]c2c1,5.0
COc1ccccc1-c1ccc(C(=O)N2CCN(C(=O)c3ccc4cc[nH]c4c3)[C@@H](C)C2)cc1,5.0
C[C@H]1CN(C(=O)c2ccc(-c3ccccc3F)cc2)CCN1C(=O)c1ccc2cc[nH]c2c1,5.0
C[C@H]1CN(C(=O)c2ccc(-c3ccccc3Cl)cc2)CCN1C(=O)c1ccc2cc[nH]c2c1,5.0
C[C@H]1CN(C(=O)c2ccc(-c3ccccc3C(F)(F)F)cc2)CCN1C(=O)c1ccc2cc[nH]c2c1,5.0
Cc1ccccc1-c1ccc(C(=O)N2CCN(C(=O)c3ccc4cc[nH]c4c3)[C@@H](C)C2)cc1,5.0
COc1ccc(-c2ccc(C(=O)N3CCN(C(=O)c4ccc5cc[nH]c5c4)[C@@H](C)C3)cc2)cc1,5.0
C[C@H]1CN(C(=O)c2ccc(-c3ccc(OC(F)(F)F)cc3)cc2)CCN1C(=O)c1ccc2cc[nH]c2c1,5.0
C[C@H]1CN(C(=O)c2ccc(-c3ccc(F)cc3)cc2)CCN1C(=O)c1ccc2cc[nH]c2c1,5.0
O=C(CNC(=O)c1cccc(C(F)(F)F)c1)N[C@@H]1CCN(CCC2CCN(C(=O)c3ccccc3)CC2)C1,5.0
O=C(CNC(=O)c1cccc(C(F)(F)F)c1)N[C@@H]1CCN(CCC2CCN(C(=O)c3ccccc3F)CC2)C1,5.0
C=CCOc1cccc2c1-c1cccc3c1[C@@H](C2)N(C)CC3,5.0
CCCN1CCc2cccc3c2[C@H]1Cc1ccc2c(C)c(C)oc2c1-3,5.0
O=C(CNC(=O)c1cccc(C(F)(F)F)c1)N[C@@H]1CCN(CCC2CCN(C(=O)c3ccccc3Cl)CC2)C1,5.0
O=C(CNC(=O)c1cccc(C(F)(F)F)c1)N[C@@H]1CCN(CCN2CCN(C(=O)c3ccccc3)CC2)C1,5.0
O=C(CNC(=O)c1cccc(C(F)(F)F)c1)N[C@@H]1CCN(CCN2CCN(C(=O)c3ccccc3Cl)CC2)C1,5.0
O=C(CNC(=O)c1cccc(C(F)(F)F)c1)N[C@@H]1CCN(CCN2CCN(C(=O)c3ccccc3F)CC2)C1,5.0
O=C(CNC(=O)c1cccc(C(F)(F)F)c1)N[C@@H]1CCN(CCN2CCN(C(=O)c3cc(F)ccc3F)CC2)C1,5.0
C/C(=N\OC(=O)Nc1ccccc1)c1cccc(-c2cccs2)c1,5.0
c1ccc(CN2CCN(Cc3cc4ccccc4o3)CC2)cc1,5.0
FC(F)CCOc1ccc(CN2CCN(Cc3cc4ccccc4o3)CC2)cc1,5.0
CCCOc1ccc(CN2CCN(Cc3cc4ccccc4o3)CC2)cc1,5.0
FCCCOc1ccc(CN2CCN(Cc3cc4ccccc4o3)CC2)cc1,5.0
FCCOc1ccccc1CN1CCN(Cc2cc3ccccc3o2)CC1,5.0
CCCOc1ccccc1CN1CCN(Cc2cc3ccccc3o2)CC1,5.0
FCCCOc1ccccc1CN1CCN(Cc2cc3ccccc3o2)CC1,5.0
CC(C)N(c1cccc(N2CCN(C)CC2)c1)S(=O)(=O)c1ccc2ccccc2c1,5.0
COc1cccc(-c2ccc(C(=O)N3CCN(C(=O)c4ccc5cc[nH]c5c4)[C@@H](C)C3)cc2)c1,5.0
COc1cccc(-c2ccc(C(=O)N3CCN(C(=O)c4ccc5cc[nH]c5c4)[C@H](C)C3)cc2)c1,5.0
C/C=C/CN1CCC(COC/C=C/c2ccccc2)CC1,5.0
CC(C)N(c1cccc(N2CCN(C)CC2)c1)S(=O)(=O)c1ccccc1,5.0
CC(C)N(c1cccc(N2CCN(C)CC2)c1)S(=O)(=O)c1cccc2ccccc12,5.0
CN1CCN(c2cccc(N(C)S(=O)(=O)c3ccc4ccccc4c3)c2)CC1,5.0
CCCN(c1cccc(N2CCN(C)CC2)c1)S(=O)(=O)c1ccc2ccccc2c1,5.0
CCN(c1cccc(N2CCN(C)CC2)c1)S(=O)(=O)c1ccc2ccccc2c1,5.0
CN1CCN(c2cccc(N(CC3CC3)S(=O)(=O)c3ccc4ccccc4c3)c2)CC1,5.0
CN1CCN(c2cccc(N(Cc3ccccc3)S(=O)(=O)c3ccc4ccccc4c3)c2)CC1,5.0
CN1CCN(c2cccc(NS(=O)(=O)c3ccc4ccccc4c3)c2)CC1,5.0
C[C@H]1Cc2c([nH]c3cc(Cl)c(F)cc23)[C@@]2(N1)C(=O)Nc1ccc(Cl)cc12,5.0
COC(=O)CCCCCN1CCC(CNC(=O)c2c3n(c4ccccc24)CCCO3)CC1,5.0
O=C(O)CCCCCN1CCC(CNC(=O)c2c3n(c4ccccc24)CCCO3)CC1,5.0
CN1CCN(c2ccc3c(c2)N(S(=O)(=O)c2ccc4ccccc4c2)CCC3=O)CC1,5.0
CN1CCN(c2cccc3c2C(=O)CCN3S(=O)(=O)c2ccc3ccccc3c2)CC1,5.0
CC1CC(=O)c2c(N3CCN(C)CC3)cccc2N1S(=O)(=O)c1ccc2ccccc2c1,5.0
O=C(CNC(=O)c1cccc(C(F)(F)F)c1)N[C@@H]1CCN(CCC2CCN(C(=O)c3cc(F)ccc3F)CC2)C1,5.0
Cc1ccc2c(n1)C(=O)N(CCN1CCN(c3noc4ccccc34)CC1)CC2,5.0
O=C(NCCN1CCC(c2cccc(C(F)(F)F)n2)CC1)C1CCCOC1,5.0
N#Cc1ccc(OCC2CCN(CCCF)CC2)cc1,5.0
OCCN1CCC(COc2ccc(I)cc2)CC1,5.0
FCCCN1CCC(COc2ccc(Br)cc2)CC1,5.0
N#Cc1ccc(OCC2CCN(CCF)CC2)cc1,5.0
Brc1ccc(OCC2CCN(CC3CC3)CC2)cc1,5.0
N#Cc1ccc(OCC2CCN(Cc3ccc(F)cc3)CC2)cc1,5.0
Brc1cccc(OCC2CCN(CC3CC3)CC2)c1,5.0
C(#Cc1ccccc1)COCC1CCN(Cc2ccccc2)CC1,5.0
Br.c1ccc([C@H]2C[C@@H]2CN2CCN(c3cccnc3)CC2)cc1,5.0
C(=C/c1ccccc1)\COCC1CCN(CC2CC2)CC1,5.0
C(#Cc1ccccc1)COCCC1CCN(CC2CC2)CC1,5.0
C(=C\c1ccccc1)\COCC1CCN(Cc2ccccc2)CC1,5.0
C(/C=C/c1ccccc1)=C\OCC1CCN(Cc2ccccc2)CC1,5.0
N#Cc1ccc(OCC2CCN(C/C=C/I)CC2)cc1,5.0
COc1ccc(CCCN2CCN(Cc3cc4ccccc4o3)CC2)cc1,5.0
COCCNCc1ccc(CCNC[C@H](O)c2ccc(O)c3[nH]c(=O)sc23)cc1,5.0
Cc1ncc2c(n1)CCN(CCN1CCN(c3noc4ccccc34)CC1)C2=O,5.0
CN1CCN(C2=Nc3cc(Cl)ccc3N(C(=O)CCCCCCCCCCC(=O)N3c4ccc(Cl)cc4N=C(N4CCN(C)CC4)c4ccccc43)c3ccccc32)CC1,5.0
CN1CCN(C2=Nc3cc(Cl)ccc3N(C(=O)CCCCCCCCC(=O)N3c4ccc(Cl)cc4N=C(N4CCN(C)CC4)c4ccccc43)c3ccccc32)CC1,5.0
O=C(CCCCCCCCCCCCCCCCCCC(=O)NCCCN1CCN(C2=Nc3cc(Cl)ccc3Nc3ccccc32)CC1)NCCCN1CCN(C2=Nc3cc(Cl)ccc3Nc3ccccc32)CC1,5.0
CN1CCN(C2=Nc3cc(Cl)ccc3N(NC(=O)CCCCCCCCCCCCCCCCCCC(=O)NN3c4ccc(Cl)cc4N=C(N4CCN(C)CC4)c4ccccc43)c3ccccc32)CC1,5.0
CN1CCN(C2=Nc3cc(Cl)ccc3N(NC(=O)CCCCCCCCCCCCCCCCC(=O)NN3c4ccc(Cl)cc4N=C(N4CCN(C)CC4)c4ccccc43)c3ccccc32)CC1,5.0
N#Cc1cc(F)cc(C#Cc2csc(F)n2)c1,5.0
COc1ccc(CCN2C3C4C5CC6C7C5C3C7C2(O)C64)cc1OCCc1ccccc1,5.0
COc1ccc(C)cc1C(=O)NCCN1C2C3C4CC5C6C4C2C6C1(O)C53,5.0
CCCN(CCC)CCc1ccc(OC)c(OCCc2ccccc2)c1.Cl,5.0
COc1ccc(CC(C)NCC(O)c2ccc(O)c(NC=O)c2)cc1,5.0
CCOc1c(C(=O)NCCN2CCN(c3ccccc3)CC2)cc(Br)c2ccccc12,5.0
O=C(NCCN1CCN(c2ccccc2)CC1)c1cc(Br)c2ccccc2c1,5.0
O=C(NCCN1CCN(c2ccccc2)CC1)c1cc(Br)c2ccccc2c1O,5.0
Ic1ccc(OCC2CCN(CC3CC3)CC2)cc1,5.0
O=[N+]([O-])c1ccc(OCC2CCN(Cc3ccc(F)cc3)CC2)cc1,5.0
FCCN1CCC(COc2ccc(I)cc2)CC1,5.0
O=C(NC1CCCC1)c1ccc(-c2ccc3c(c2)CCN(CCN2CCCC2)C3=O)cc1,5.0
CN(C)C(=O)c1ccc(-c2ccc3c(c2)CCN(CCN2CCCC2)C3=O)cc1,5.0
C[C@@H]1CCCN1C(=O)c1ccc(-c2ccc3c(c2)CCN(CCN2CCCC2)C3=O)cc1,5.0
C[C@H]1CCCN1C(=O)c1ccc(-c2ccc3c(c2)CCN(CCN2CCCC2)C3=O)cc1,5.0
CCNC(=O)c1ccc(-c2ccc3c(c2)CCN(CCN2CCC[C@H]2C)C3=O)cc1,5.0
O=c1ccc2c([C@@H](O)CNCCc3cccc(CNCCc4ccccn4)c3)ccc(O)c2[nH]1,5.0
C[C@@H]1Cc2c([nH]c3ccccc23)Cc2ccccc2CCN1C,5.0
CN1CCc2ccccc2Cc2[nH]c3ccccc3c2CC1C(=O)O,5.0
CN1CCN(C2=Nc3cc(Cl)ccc3N(NC(=O)CCCCCCCCCCCCC(=O)NN3c4ccc(Cl)cc4N=C(N4CCN(C)CC4)c4ccccc43)c3ccccc32)CC1,5.0
CN1CCN(C2=Nc3cc(Cl)ccc3N(NC(=O)CCCCCCCCCCC(=O)NN3c4ccc(Cl)cc4N=C(N4CCN(C)CC4)c4ccccc43)c3ccccc32)CC1,5.0
CN1CCN(C2=Nc3cc(Cl)ccc3N(NC(=O)CCCCCCCCC(=O)NN3c4ccc(Cl)cc4N=C(N4CCN(C)CC4)c4ccccc43)c3ccccc32)CC1,5.0
CN1CCN(C2=Nc3cc(Cl)ccc3N(C(=O)CCCCCCCCCCCCCCCCCCC(=O)N3c4ccc(Cl)cc4N=C(N4CCN(C)CC4)c4ccccc43)c3ccccc32)CC1,5.0
CN1CCN(C2=Nc3cc(Cl)ccc3N(C(=O)CCCCCCCCCCCCCCCCC(=O)N3c4ccc(Cl)cc4N=C(N4CCN(C)CC4)c4ccccc43)c3ccccc32)CC1,5.0
CN1CCN(C2=Nc3cc(Cl)ccc3N(C(=O)CCCCCCCCCCCCC(=O)N3c4ccc(Cl)cc4N=C(N4CCN(C)CC4)c4ccccc43)c3ccccc32)CC1,5.0
c1cncc(CN2C3CCC2CC3)c1,5.0
C1=C(CN2CCOCC2)COc2c1cccc2OC[C@@H]1CNCCO1.Cl,5.0
C1=C(CN2CCOCC2)COc2c1cccc2OC[C@H]1CNCCO1.CS(=O)(=O)O,5.0
Nc1cccc(-c2ccc(CCN3CCN(CC(=O)c4ccccc4)CC3)cc2)n1,5.0
C[C@@H]1CCCN1CCc1cc2cc(C(=O)c3ccc(F)cc3)ccc2o1,5.0
C[C@@H]1CCCN1CCc1cc2cc(C(=O)c3ccc([N+](=O)[O-])cc3)ccc2o1,5.0
Cn1c(CCCCN2C[C@@H]3CCN(c4ccc(C(F)(F)F)cc4)[C@@H]3C2)nnc1C1CCOCC1,5.0
Fc1cccc(CCN2C3CCC2CC3)c1,5.0
c1ccc(CCN2C3CCC2CC3)nc1,5.0
Fc1cccc(CCCN2C3CCC2CC3)c1,5.0
Fc1cccc(CCN2CCCC2)c1,5.0
c1ccc(CCN2CCCC2)nc1,5.0
O=C(CCCN1CCN(c2ccccc2)CC1)c1nc2ccccc2s1,5.0
COc1ccc(OCCN2CCN(C(=O)c3cc4cccc(C)c4[nH]3)CC2)cc1,5.0
C[C@@H]1CCCN1CCN1CCc2cc(-c3ccc(C(=O)N4CCCC4)cc3)ccc2C1=O,5.0
c1ccc(CN2C3CCC2CC3)cc1,5.0
Fc1cccc(CN2C3CCC2CC3)c1,5.0
COc1ccc(CN2C3CCC2CC3)cc1OC,5.0
C=CCN(CC=C)CCc1c[nH]c2ccc(OC)cc12,5.0
CC(N)Cc1c[nH]c2ccccc12,5.0
COc1ccccc1N1CCN(CCCCn2ncc(=O)n(C)c2=O)CC1,5.0
Clc1ccc(N2CCN(Cc3cccs3)CC2)cc1,5.0
Fc1ccc(N2CCN(Cc3cccs3)CC2)cc1,5.0
Oc1ccccc1N1CCN(Cc2cccs2)CC1,5.0
Fc1ccccc1N1CCN(Cc2cccs2)CC1,5.0
c1ccc(N2CCN(Cc3cccs3)CC2)cc1,5.0
Fc1cccc(CCCN[C@H]2C3C4CC5C6C4CC3C6C52)c1,5.0
c1ccc(CCN[C@H]2C3C4CC5C6C4CC3C6C52)cc1,5.0
c1cncc(CN[C@H]2C3C4CC5C6C4CC3C6C52)c1,5.0
Cn1c(SCCCN2CC3CCN(c4cnc(C(F)(F)F)cn4)C3C2)nnc1C1CCOCC1,5.0
Cn1c(SCCCN2CC3CCN(c4ccc(C(F)(F)F)nc4)C3C2)nnc1C1CCOCC1,5.0
Cn1c(SCCCN2CC3CCN(c4cccnc4)C3C2)nnc1C1CCCCC1,5.0
Cn1c(SCCCN2C[C@H]3CCN(c4cccnc4)[C@H]3C2)nnc1C1CCCCC1,5.0
Cn1nccc1-c1nnc(SCCCN2CCOC(c3ccc(C(F)(F)F)cc3)C2)n1C,5.0
Cc1nc(-c2ccc(-c3nnc(SCCCN4CCOC(c5ccc(C(F)(F)F)cc5)C4)n3C)cc2)no1,5.0
Fc1ccc(N2CCN(Cc3cn4nc(Cl)ccc4n3)CC2)cc1,5.0
Cl.NC1=Nc2ccc(Cl)cc2CN1,5.0
CNc1cc(-c2csc(N(C)C(=O)c3ccc(F)cc3)n2)ncn1,5.0
O=C1CC(CN2CCC(C(=O)c3ccc(F)cc3)CC2)Cc2cc(-c3ccccc3)ccc21,5.0
CN1CCc2c(c3cccc4c3n2CCc2ccccc2-4)C1,5.0
CN1CCc2c(c3cccc4c3n2Cc2ccccc2C4)C1,5.0
O=C1c2ccccc2CC1CCN1CCN(c2ccc(Cl)cc2)CC1,5.0
COc1ccc2c(c1)CCN1CC[C@@](O)(c3ccc(Cl)cc3)C[C@H]21,5.0
COc1c(C(=O)NCCN2CCN(c3cccc(Cl)c3Cl)CC2)cc(Br)c2ccccc12,5.0
CCc1ccccc1NC(=O)N1C[C@@H](C)Oc2cc(-c3ccc([C@H]4CC[C@H](CC(=O)O)CC4)cc3)ccc21,5.0
O=C(NCCN1CCC(n2c(=O)[nH]c3ccccc32)C(F)C1)c1ccc(F)c(F)c1,5.0
Cc1ncoc1-c1nnc(SCCCN2CCOC(c3ccc(F)cc3)C2)n1C,5.0
Cc1ncoc1-c1nnc(SCCCN2CCO[C@@H](c3ccc(F)cc3)C2)n1C,5.0
Cc1ncoc1-c1nnc(SCCCCN2CCOC(c3ccc(C(F)(F)F)cc3)C2)n1C,5.0
Cc1ncoc1-c1nnc(SCCCCN2CCO[C@H](c3ccc(C(F)(F)F)cc3)C2)n1C,5.0
O=S(=O)(NCCCN1CCN(c2noc3ccccc23)CC1)c1ccc(Cl)c(Cl)c1,5.0
O=S(=O)(NCCCN1CCN(c2noc3ccccc23)CC1)c1ccc(F)c(Cl)c1,5.0
O=S(=O)(NCCCN1CCN(c2noc3ccccc23)CC1)c1ccc2cc(Cl)ccc2c1,5.0
Cc1c(S(=O)(=O)NCCCN2CCN(c3noc4ccccc34)CC2)sc2ccc(F)cc12,5.0
O=S(=O)(NCCCN1CCN(c2noc3ccccc23)CC1)c1cccc2scnc12,5.0
Cn1c(SCCCN2CC[C@]3(CC3c3ccccc3)C2)nnc1C1CCOCC1,5.0
Cn1c(SCCCN2CC[C@]3(C[C@@H]3c3ccccc3)C2)nnc1C1CCOCC1,5.0
Cn1c(SCCCN2CC[C@]3(CC3c3ccc(C(F)(F)F)nc3)C2)nnc1C1CCOCC1,5.0
Cn1c(SCCCN2CC[C@]3(CC3c3ccc(C(F)(F)F)cc3)C2)nnc1-c1ccnnc1,5.0
Cn1c(CCCCN2CC[C@]3(CC3c3ccc(C(F)(F)F)cc3)C2)nnc1C1CCOCC1,5.0
Cn1c(CCCCN2CC[C@]3(C[C@H]3c3ccc(C(F)(F)F)cc3)C2)nnc1C1CCOCC1,5.0
Cn1c(CCCCN2CC[C@@]3(C[C@@H]3c3ccc(C(F)(F)F)cc3)C2)nnc1C1CCOCC1,5.0
Cn1c(OCCCN2CC[C@]3(C[C@H]3c3ccc(C(F)(F)F)cc3)C2)nnc1C1CCOCC1,5.0
Cn1c(OCCCN2CC[C@@]3(C[C@@H]3c3ccc(C(F)(F)F)cc3)C2)nnc1C1CCOCC1,5.0
Cc1ncoc1-c1nnc(SCCCN2CCC[C@]3(C[C@@H]3c3ccc(C(F)(F)F)cc3)C2)n1C,5.0
Cc1ncoc1-c1nnc(SCCCN2CC[C@]3(CC[C@H]3c3ccccc3)C2)n1C,5.0
CCn1cncc1-c1c[nH]c2ccc(Br)c(F)c12,5.0
COc1ccc2c(c1)c(-c1[nH]c(NC(C)=O)nc1C)cn2S(=O)(=O)c1cccc2ccccc12,5.0
COc1ccc2c(c1)c(-c1[nH]c(NC(C)=O)nc1C)cn2S(=O)(=O)c1ccc2ccccc2c1,5.0
CCC(=O)Nc1nc(C)c(-c2cn(S(=O)(=O)c3ccc4ccccc4c3)c3ccc(OC)cc23)[nH]1,5.0
CC(=O)N1CCn2c1nc(C)c2-c1cn(S(=O)(=O)c2ccccc2)c2ccccc12,5.0
CC(=O)N1CCCn2c1nc(C)c2-c1cn(S(=O)(=O)c2ccccc2)c2ccccc12,5.0
COc1ccc2c(c1)c(-c1[nH]c3nccc[n+]3c1C)cn2S(=O)(=O)c1ccccc1.[Br-],5.0
CC(=O)Nc1nc(C)c(-c2cn(S(=O)(=O)c3ccccc3)c3ccccc23)[nH]1,5.0
O=C(Nc1ccc(OC(F)F)nc1)NC1CCN(c2ncnc3c2nc(-c2ccccc2Cl)n3-c2ccc(Cl)cc2)CC1,5.0
O=c1c(-c2ccccc2F)c2n(c(=O)n1CCCCN1CCCC(c3c[nH]c4ccccc34)C1)CCCC2,5.0
CCn1cncc1-c1c[nH]c2ccc(C(=O)OC)cc12,5.0
CCn1cncc1-c1c[nH]c2ccc(S(N)(=O)=O)cc12,5.0
CCn1cncc1-c1c[nH]c2ccc(OC)cc12,5.0
CC(=O)Nc1ncc(-c2cn(S(=O)(=O)c3ccccc3)c3ccccc23)[nH]1,5.0
Cc1ccc2[nH]c(CNCCc3c(C)n[nH]c3C)cc(=O)c2c1,5.0
O=c1cc(CNCCCOc2cccnc2)[nH]c2ccc(F)cc12,5.0
Cc1ccc2nc(CNCCCN3CCOCC3)cc(O)c2c1,5.0
Cc1ccc2[nH]c(CNCC[C@@H]3CCCCO3)cc(=O)c2c1,5.0
Clc1ccc2c(c1)C(N1CCN(Cc3ccccc3)CC1)=Nc1cccnc1N2,5.0
COc1ccccc1N1CCN(CCCCNC(=O)c2cccc(-c3cn(Cc4ccc(-c5ccc(Cn6cc(-c7cccc(C(=O)NCCCCN8CCN(c9ccccc9OC)CC8)c7)nn6)cc5)cc4)nn3)c2)CC1,5.0
Cc1cc2nc(C)c(CN3CCN(c4ccccn4)CC3)n2c(C)n1,5.0
O=c1cc(CNC[C@H]2CCOC2)[nH]c2c(F)cccc12,5.0
CC(=O)c1ccc2c(c1)oc(=O)n2CCCCN1CCN(c2ccc(F)cc2)CC1,5.0
Cn1c(SCCCN2CC[C@]3(C[C@H]3c3ccc(C(F)(F)F)cc3)C2)nnc1C1CCOCC1,5.0
Cn1c(SCCCN2CC[C@]3(C[C@H]3c3ccc(C(F)(F)F)cc3F)C2)nnc1C1CCOCC1,5.0
CN(CCCc1nccn1C)Cc1cc(O)c2cccc(Cl)c2n1,5.0
Cc1ccc2nc(CNCCCn3ccnc3)cc(O)c2c1,5.0
CCc1nccn1CCCNCc1cc(=O)c2cc(C)ccc2[nH]1,5.0
Cc1ccc2[nH]c(CNCCCc3ccncc3)cc(=O)c2c1,5.0
Cc1ccc2[nH]c(CNCc3csc(-c4ncccn4)n3)cc(=O)c2c1,5.0
Cc1ccc2[nH]c(CNCCc3nc(-c4cccnc4)n[nH]3)cc(=O)c2c1,5.0
Cc1ccc2[nH]c(CNCCSc3nc(C)n[nH]3)cc(=O)c2c1,5.0
O=c1cc(CNCCCN2CCCC[C@H]2CO)[nH]c2ccc(F)cc12,5.0
CCn1nc(C)c(CCNCc2cc(=O)c3cc(C)ccc3[nH]2)c1C,5.0
CC(C)C[C@H](CO)NCc1cc(=O)c2cc(F)ccc2[nH]1,5.0
O=c1cc(CNCC2(O)CCCCC2)[nH]c2ccc(F)cc12,5.0
CO[C@H](CNCc1cc(=O)c2cc(F)ccc2[nH]1)c1cccs1,5.0
NC(=O)[C@H](Cc1ccccc1)NCc1cc(=O)c2cc(F)ccc2[nH]1,5.0
Oc1cc(CNCCc2nccs2)nc2c(F)cccc12,5.0
CCc1nc(CCNCc2cc(=O)c3cc(F)ccc3[nH]2)cs1,5.0
Cc1n[nH]c(C)c1CCCNCc1cc(=O)c2cc(F)ccc2[nH]1,5.0
O=c1cc(CNCCc2nc3c(s2)CCC3)[nH]c2ccc(F)cc12,5.0
O=c1cc(CNCCc2csc(-c3ncccn3)n2)[nH]c2ccc(F)cc12,5.0
O=c1cc(CNCCCn2ccnn2)[nH]c2ccc(F)cc12,5.0
O=c1cc(CNCCCc2nnc3ccccn23)[nH]c2ccc(F)cc12,5.0
Cc1nc(CCNCc2cc(=O)c3cc(F)ccc3[nH]2)cc(=O)[nH]1,5.0
Cc1n[nH]c(SCCNCc2cc(=O)c3cc(F)ccc3[nH]2)n1,5.0
CC(C)c1csc(CCNCc2cc(=O)c3cc(C(N)=O)ccc3[nH]2)n1,5.0
O=c1cc(CNCCSc2cn[nH]n2)[nH]c2ccc(F)cc12,5.0
Cc1ccc2nc(CNCCCN3CCCC3=O)cc(O)c2c1,5.0
Cc1csc(CCCNCc2cc(=O)c3cc(F)ccc3[nH]2)n1,5.0
O=c1cc(CN[C@@H]2CCSC2)[nH]c2ccc(F)cc12,5.0
O=c1cc(CN[C@@H]2COC3(CCCC3)C2)[nH]c2ccc(F)cc12,5.0
CCCn1cc(CNCc2cc(=O)c3cc(F)ccc3[nH]2)cn1,5.0
O=c1cc(CNC[C@@H](O)c2ccccn2)[nH]c2ccc(F)cc12,5.0
Cc1ccc2[nH]c(CNCCC[C@H]3CCOC3)cc(=O)c2c1,5.0
C=CCN(CC=C)CCc1c[nH]c2ccccc12,5.0
Cn1cncc1-c1nnc(SCCCN2CCOC(c3ccc(C(F)(F)F)cc3)C2)n1C,5.0
CCN(CCc1ccc(O)c(OC)c1)Cc1cccc(O)c1OC,5.0
COc1cc(CCN(C)Cc2cccc(O)c2OC)ccc1O,5.0
Fc1ccc2c(CN3CCO[C@H](COc4cccc(Cl)n4)C3)c[nH]c2c1,5.0
Clc1ccc(CN2CCO[C@H](CSc3ccccc3)C2)cc1,5.0
Cc1ccc(CN2CCO[C@H](CSc3ccccc3)C2)cc1C,5.0
O=C(NCCCCN1CCN(c2cccc(Cl)c2Cl)CC1)Oc1cccc2[nH]ccc12,5.0
O=C1c2ccccc2C(=O)N1CCCCN1CCC2CCCCC2C1,5.0
Cn1nccc1CNCCNc1cccc(Br)c1,5.0
O=c1cc(CNC[C@@H](CO)Cc2ccsc2)[nH]c2ccc(F)cc12,5.0
Cc1ccc2nc(CN[C@H](c3cccs3)C3CC3)cc(=O)n2c1,5.0
Cc1ccsc1CN(C)Cc1cc(=O)n2ccccc2n1,5.0
C[C@@H](Cc1cncs1)NCc1cc(=O)c2cc(F)ccc2[nH]1,5.0
CCCC[C@@H](NCc1cc(=O)c2cc(F)ccc2[nH]1)C(N)=O,5.0
O=c1cc(CNC[C@@H](O)c2ccccc2)[nH]c2ccc(F)cc12,5.0
CC(C)(O)c1ccc(N2Cc3c(ccnc3-c3ccc(F)cc3OCC(F)(F)F)C2=O)cc1,5.0
CCCN1CCN(c2ccc3c(c2)C(N(C)C(=O)OCc2ccccc2)CCC3)CC1,5.0
NCCc1c[nH]c2ccc(C(N)=O)cc12.O=C(O)/C=C\C(=O)O,5.0
CN1CC[C@H]2CC(=O)[C@H](Cc3ccccc3)[C@H]3CCC[C@@H]1[C@H]23,5.0
CCCN1CC[C@H]2c3cc4ccc(C(F)(F)F)cc4nc3[C@H](CC)[C@H]3CCC[C@@H]1[C@@H]32,5.0
CN[C@@H]1c2ccc3c(ccn3S(=O)(=O)c3ccccc3)c2[C@@H]1CCO,5.0
CN[C@H]1c2ccc3c(ccn3S(=O)(=O)c3ccccc3)c2[C@@H]1CCO,5.0
CN[C@H]1c2c(ccc3c2ccn3S(=O)(=O)c2ccccc2)[C@H]1CCO,5.0
CN[C@@H]1c2cc3c(ccn3S(=O)(=O)c3ccccc3)cc2[C@@H]1CCO,5.0
CN(C)[C@H]1c2cc3ccn(S(=O)(=O)c4ccccc4)c3cc2[C@H]1CCO,5.0
CCS[C@H]1CC[C@@H](N(C)CC(=O)Nc2ccc(C)c(C)c2)C1,5.0
CCOC(=O)c1sc2[nH]cn/c(=N\[C@H]3CCN(CC)C3)c2c1C,5.0
CCOC(=O)c1nn(-c2ccccc2)cc1CN(C)[C@@H]1CCSC1,5.0
CN(C)[C@@H](CNC(=O)NC[C@H]1Cc2ccccc21)CC1CCCCC1,5.0
COc1cccc(CCC2=NCCN2CCc2ccccc2)c1,5.0
Oc1cccc(OCCNCC2COCC(c3ccccc3)(c3ccccc3)O2)c1,5.0
COc1ccccc1OCCNCC1COCC(c2ccccc2)(c2ccccc2)O1,5.0
Fc1ccc(CN2CCCC23CCN(Cc2cc4ccc(Cl)cc4[nH]2)C3)cc1F,5.0
Fc1ccc(CN2CCCC3(CCN(Cc4cc5ccc(Cl)cc5[nH]4)C3)C2)cc1F,5.0
O=S(=O)(c1ccccc1)n1ccc2cc3c(cc21)[C@H]1CCNCC[C@@H]31,5.0
CC1=C(CO)Oc2cccc3c2c1cn3S(=O)(=O)c1cccc2ccccc12,5.0
CC1=C(CO)Oc2cccc3c2c1cn3S(=O)(=O)c1ccccc1,5.0
O=S(=O)(c1ccccc1)n1cc2c3c(cccc31)OC(CO)=C2,5.0
N#CC1=Cc2cn(S(=O)(=O)c3cccc4ccccc34)c3cccc(c23)O1,5.0
Cl.O=C(NCCCCN1CCN(c2cccc(Cl)c2Cl)CC1)Oc1cccc2[nH]cnc12,5.0
Clc1cccc(N2CCNCC2)c1,5.0
O=C(NCCCCN1CCN(c2cccc(Cl)c2Cl)CC1)c1cc2cc(Br)ccc2o1,5.0
CC(C)N1C[C@H](NC(=O)N2Cc3ccccc3[C@@H]2C)[C@@H](C)C1,5.0
CC(C)N1C[C@H](C)[C@H](NC(=O)c2cc3ccc(Br)cc3[nH]2)C1,5.0
Clc1ccc(-n2cc(CNC[C@@H]3CCCOC3)nn2)c(Cl)c1,5.0
COc1cc2c(cc1O)CN(CCCCNC(=O)c1ccc(Br)cc1)CC2,5.0
O=C(Nc1ccc(OCCCN2CCC(c3noc4cc(F)ccc34)CC2)cc1)c1ccccc1,5.0
CC(=O)Nc1ccc(OCCN2CCC(c3noc4cc(F)ccc34)CC2)cc1,5.0
CC(=O)Nc1cccc(OCCCN2CCC(c3noc4cc(F)ccc34)CC2)c1,5.0
O=C1CCc2cc(C(=O)CCCN3CCN(c4ccccn4)CC3)ccc2N1,5.0
Cc1cn([C@H](C)CC#N)c(=O)c2cc(Cn3nc(C(F)F)cc3Cl)nn12,5.0
COc1ccc(CC[C@@H](OC(=O)[C@@H]2CCCCN2C(=O)[C@H](c2cc(OC)c(OC)c(OC)c2)C2CCCCC2)c2cccc(OCCN3CCOCC3)c2)cc1OC,5.0
Cc1nccn1CC1CCc2c(c3ccccc3n2C)C1=O,5.0
CC(=O)Oc1c(C(C)C)cc2c(c1OC(C)=O)-c1cccc3c1[C@@H](C2)N(C)CC3,5.0
Clc1ccccc1OCCCCN1CCNCC1,5.0
CCN1CCN(CCCNC(=O)c2ccc(F)cc2Cl)CC1,5.0
CN1CCN(CCCCNC(=O)c2cn3ccccc3n2)CC1,5.0
CC(=O)N1CCc2cc(C(=O)NCCCN3CCN(C)CC3)ccc21,5.0
CN1CCN(c2ccccc2CNC(=O)c2ccccc2Cl)CC1,5.0
Cc1ccc(-c2cc(C(=O)NCCCCN3CCOCC3)n[nH]2)s1,5.0
Cc1cccc(N2CCN(CCNc3cncc(Cl)n3)CC2)c1,5.0
O=C(CCN1CCN(Cc2ccccc2)CC1)Nc1nccs1,5.0
COC(=O)c1ccc(-c2nc(CN(C)C[C@@H]3Cc4ccccc4O3)c(C)o2)cc1,5.0
CO[C@@H]1CCCN(Cc2nc(-c3cccc(Oc4ccccc4)c3)oc2C)C1,5.0
Cc1oc(-c2cccc(F)c2F)nc1CN(C)C[C@@H]1Cc2ccccc2O1,5.0
Cc1ccc(-c2nc(CN(C)C[C@@H]3Cc4ccccc4O3)c(C)o2)s1,5.0
CC(C)(C)c1nc(CN2CCN(Cc3ccccn3)CC2)cs1,5.0
CCCCCN1CCC(c2cccc(O)c2)C1,5.0
CC(=O)Nc1ccc(OCCCN2CCN(c3cccc(C(F)(F)F)c3)CC2)cc1,5.0
CC(=O)Nc1ccc(OCCCN2CCN(c3ccccn3)CC2)cc1,5.0
CCC(=O)Nc1ccc(OCCCN2CCC(c3noc4cc(F)ccc34)CC2)cc1,5.0
C[C@@]12CN(c3ccccc3)c3ccccc3[C@@H]1CCN2,5.0
CC[C@H]1c2cc(OC)ccc2CC[C@@]1(C)N,5.0
CC[C@H]1c2cc(C)ccc2OC[C@@]1(C)N,5.0
CC[C@H]1c2ccccc2N(c2ccccc2)C[C@@]1(C)N,5.0
COc1cc(OC)c2c(c1)OC[C@@]1(C)NCC[C@@H]21,5.0
CCc1nc(NC(C)=O)[nH]c1-c1cn(S(=O)(=O)c2ccccc2)c2ccccc12,5.0
COc1ccc2c(c1)c(-c1cnc(NC(C)=O)[nH]1)cn2S(=O)(=O)c1ccccc1,5.0
COc1ccc2c(c1)c(-c1[nH]c(NC(C)=O)nc1C)cn2S(=O)(=O)c1ccccc1,5.0
CCc1nc(NC(C)=O)[nH]c1-c1cn(S(=O)(=O)c2ccccc2)c2ccc(OC)cc12,5.0
CCC(=O)Nc1nc(C)c(-c2cn(S(=O)(=O)c3ccccc3)c3ccc(OC)cc23)[nH]1,5.0
CCC(=O)Nc1nc(CC)c(-c2cn(S(=O)(=O)c3ccccc3)c3ccc(OC)cc23)[nH]1,5.0
CC(=O)Nc1nc(C)c(-c2c(C)n(S(=O)(=O)c3ccccc3)c3ccccc23)[nH]1,5.0
COc1ccc2c(c1)c(-c1[nH]c(NC(=O)Cc3ccccc3)nc1C)cn2S(=O)(=O)c1ccccc1,5.0
CC(=O)Nc1nc(C)c(-c2cn(S(=O)(=O)c3ccccc3)c3ccc(F)cc23)[nH]1,5.0
COc1ccc2c(c1)c(-c1cnc(NC(C)=O)[nH]1)cn2S(=O)(=O)c1cccc(F)c1,5.0
COc1ccc2c(c1)c(-c1[nH]c(NC(C)=O)nc1C)cn2S(=O)(=O)c1cccc(F)c1,5.0
CCC(=O)Nc1nc(C)c(-c2cn(S(=O)(=O)c3cccc(F)c3)c3ccc(OC)cc23)[nH]1,5.0
CCC(=O)Nc1nc(C)c(-c2cn(S(=O)(=O)c3cccc4ccccc34)c3ccccc23)[nH]1,5.0
Fc1ccc(CCCCN2CCN(c3ccc(-c4ccccc4)cn3)CC2)cc1,5.0
CN1CCC2(CC1)OC(C)(c1ccccc1)CC2=O.O=C(O)/C=C/C(=O)O,5.0
COc1ccc(OCCN2CCN(C(=O)c3cc4ccccc4[nH]3)CC2)cc1,5.0
CN(C)CCc1c[nH]c2cccc(O)c12,5.0
COc1cc(C(F)(F)F)c(OC)cc1C1CCCNC1,5.0
Cc1nccc2c1C(C)(C)Nc1cc(Br)ccc1-2,5.0
N#Cc1ccc(N2CCN(Cc3ccc(COc4cccc5c4CN(C4CCC(=O)NC4=O)C5=O)cc3)CC2)c(F)c1,5.0
Cn1cncc1-c1c[nH]c2ccc(I)cc12,5.0
COc1ccc2[nH]cc(-c3cncn3C)c2c1F,5.0
CCn1cncc1-c1c[nH]c2ccc(OC)c(F)c12,5.0
Cn1cncc1-c1c[nH]c2ccc(C(N)=O)c(F)c12,5.0
CCn1cncc1-c1c[nH]c2ccc(C(N)=O)c(F)c12,5.0
C#CCNC1CCc2cc(OCCCN3CCCCC3)ccc21,5.0
COc1cc2ccccc2cc1C(=O)OCC1CCN(Cc2ccccc2)C1,5.0
CN1C2CCC1CC1(C2)OC=C(c2ccccc2)C1=O.Cl,5.0
COc1ccc(NC(=O)N2CCN(c3ccccc3OC)CC2)cc1N1CCN(C)CC1,5.0
COc1ccc(NC(=O)N2CCN(c3ccccc3Cl)CC2)cc1N1CCN(C)CC1,5.0
COc1ccc(NC(=O)N2CCN(c3ccccc3F)CC2)cc1N1CCN(C)CC1,5.0
Cc1ccc(-c2cc3[nH]c(=O)n(CCN4CCN(c5ccccc5Cl)CC4)c(=O)c3[nH]2)cc1,5.0
Cn1nc(C(=O)OC[C@@H]2CCN3CCC[C@@H]23)c2ccccc21,5.0
O=C(OC[C@@H]1CCN2CCC[C@@H]12)c1[nH]nc2ccccc12,5.0
O=C(OC[C@@H]1CCN2CCC[C@@H]12)c1c[nH]c2ccccc12,5.0
COc1cc(N)c(Cl)cc1C(=O)OC[C@@H]1CCN2CCC[C@@H]12,5.0
Cl.O=C1C(c2ccccc2)=COC12CCNCC2,5.0
CCN(CC)CCC1(C)OC=C(c2ccccc2)C1=O.Cl,5.0
Fc1cccc(CCCN2CCCC2)c1,5.0
CCc1cc(Cl)c(OC)c(N2CCN(C[C@H](O)CCNC(=O)c3cc4ccccc4[nH]3)CC2)c1,4.99
CCOC(=O)N1CCN(Cc2cnn(-c3ccc(Cl)cc3)c2)CC1,4.99
Cc1nc(N2CCN(CCCCNC(=O)N3CCn4c(C)nnc4C3)CC2)cc(C(C)(C)C)n1,4.98
O=S(=O)(c1cccc(NC2CCNCC2)c1)n1cccc1-c1ccccc1,4.97
CCCN1CCC(n2cnc3ccccc32)CC1,4.97
O=C(CCCCCCCCCCCCC(=O)NCCCN1CCN(C2=Nc3cc(Cl)ccc3Nc3ccccc32)CC1)NCCCN1CCN(C2=Nc3cc(Cl)ccc3Nc3ccccc32)CC1,4.97
COc1ccccc1N1CCC2(CCN(CCCSc3nnc(-c4ccccc4)n3C)CC2)CC1,4.96
CCCN(CCC)C1CCC(=C(C#C[Si](C)(C)C)C#C[Si](C)(C)C)CC1,4.96
COc1cc2c(cc1OC)CN(/C=N/c1ccc3c(c1)C(OC(C)=O)CCC3)CC2,4.96
COc1ccc(-c2c(=O)n(CCCCN3CCCC(c4c[nH]c5ccc(OC)cc45)C3)c(=O)n3ccccc23)cc1,4.95
CCc1cc(Cl)c(OC)c(N2CCN(C[C@@H](O)CCNC(=O)c3cc4ccccc4[nH]3)CC2)c1,4.94
N#Cc1ccc2c(c1)CNCC2,4.94
CCc1cc(Cl)c(OC)c(N2CCN(CC(O)CCNC(=O)c3cc4ccccc4[nH]3)CC2)c1,4.94
CN(C)CCN1C(=O)c2ccccc2/C=C\c2ccccc21,4.94
Cn1c(SCCCN2CCOC(c3ccc(C(F)(F)F)cc3)C2)nnc1-c1ccncc1,4.93
O=C(O)C(=O)O.c1ccc(N2CCN(CCCn3cnc4ccccc43)CC2)cc1,4.92
O=C(NCCCCN1CCN(c2ccc(Cl)cc2)CC1)c1ccc2ccccc2c1,4.92
Cc1cccn2ncc(CN3CCN(c4ccc(Cl)cc4)CC3)c12,4.92
CC(C)NCC(O)c1ccc(O)c(O)c1,4.92
COc1cc2c(cc1OC)CN(/C=N/c1ccc3c(c1)C(OC(C)=O)CC3)CC2,4.92
CCCN1CCC(N2C(=O)C(=O)c3ccccc32)CC1,4.92
Cc1cnc2c(c1)[C@@H]1c3cc(O)c(O)cc3CC[C@H]1NC2,4.92
C#CC(C#C)=C1CCC(N(CCC)CCC)CC1,4.92
CCN(CC)[C@H]1[C@H](CO)[C@@H]2CN(Cc3ccccc3)[C@@H](c3ccccn3)[C@@H]21,4.92
CCN(CC)[C@@H]1[C@@H](CO)[C@H]2CN(Cc3ccccc3)[C@H](c3ccccc3)[C@H]21,4.92
CC(O)CN1[C@H](C)CN(CCSC(c2ccc(F)cc2)c2ccc(F)cc2)C[C@@H]1C,4.92
O=C(NCCCCN1CCN(c2cccc(Cl)c2)CC1)c1ccc(-c2ccsc2)cc1,4.92
[O-][S+](CCNC1CCN(Cc2ccc(F)cc2)CC1)C(c1ccc(F)cc1)c1ccc(F)cc1,4.91
CCc1cc(Cl)c(OC)c(C(=O)NC[C@@H]2CCCN2CCC(C#N)(c2ccccc2)c2ccccc2)c1O,4.91
Cn1c(SCCCN2CCOC(c3ccc(C(F)(F)F)cc3)C2)nnc1-c1ccc(-c2nnco2)cc1,4.91
CCCN1CCO[C@@H]2c3cc4c(cc3OC[C@H]21)CCO4,4.9
Cc1ncoc1-c1nnc(SCCCN2CCOC(c3ccc(C(F)(F)F)cc3)C2)n1C,4.9
CN1CCN(C2=Nc3cc(Cl)ccc3N(NC(=O)c3cccnc3)c3ccccc32)CC1,4.9
Cc1nc(N2CCN(CCCCNC(=O)N3CCN(c4ccccc4)CC3)CC2)cc(C(C)(C)C)n1,4.89
COc1ccc(OCCN2CCN(C(=O)c3cc4cccc(Cl)c4[nH]3)CC2)cc1,4.89
N#CC(C#N)=Cc1ccn(C2CCN(Cc3ccccc3)CC2)c1,4.89
Clc1ccc(N2CCN(Cc3ccc4ccnn4c3)CC2)cc1,4.89
O=C(O)C(=O)O.O=C1CCc2ccccc2N1CCN1CCN(c2ccccc2)CC1,4.89
Cc1cccnc1C1CCN(CCCc2nc3ccccc3s2)CC1,4.88
COc1ccccc1CCNc1nc(N)nc(NCCc2c[nH]c3ccccc23)n1,4.88
COc1ccccc1N(C(C)=O)C1CCN(CCCCNC(=O)c2ccc3ccccc3c2)CC1,4.88
CCC1(CC)CC(OCCCNCc2cccc(Cl)c2Cl)(c2ccccn2)CCO1,4.87
O=C(NCCCCN1CCN(c2cc(C(F)(F)F)nc3ccccc23)CC1)c1cn2ccccc2n1,4.87
CCCC(CCC)NC(=O)c1cc2ccccc2[nH]1,4.87
CN(C)C(=O)N[C@H]1CC[C@@H](CCN2CCc3ccccc3C2)CC1,4.87
c1ccc(CN2CCC(NCc3csc(-c4ccccc4)n3)CC2)cc1,4.87
O=C(Cn1c(CCCN2CCN(c3cccc(Cl)c3Cl)CC2)nc2ccccc21)NCc1ccccc1,4.87
CCCCNC(=O)c1cc2ccccc2[nH]1,4.87
COc1ccccc1N1CCN(c2nc(N)nc(NCCc3c[nH]c4ccccc34)n2)CC1,4.87
C[C@H]1CO[C@@H](c2ccc(N)nc2)CN1CCn1cc(CNC(=O)c2cc3ccccc3[nH]2)nn1,4.87
Cn1c(SCCCN2CCO[C@H](c3ccc(C(F)(F)F)cc3)C2)nnc1-c1ccc(C(N)=O)cc1,4.86
Cc1ccccc1N1CCN(CCCNC(=O)Oc2cccc3ccccc23)CC1.Cl,4.85
COC(=O)N1CCc2ccc(/N=C/N3CCc4cc(OC)c(OC)cc4C3)cc21,4.85
Cc1nn2c(-c3ccc(F)cc3)cccc2c1CN1CCN(c2ccc(Cl)cc2)CC1,4.85
Clc1ccc2sc(CCCN3CCN(c4ccccn4)CC3)nc2c1,4.85
COc1ccc(Br)cc1C1=NCC[C@@H](CN2CCN(c3ccccc3)CC2)N1,4.85
c1ccc(C2=NC[C@@H](N3CCN(c4ccccc4)CC3)CCN2)cc1,4.85
COc1cc2c(cc1OC)CN(/C=N/c1ccc3c(c1)C(OC(C)=O)CCCC3)CC2,4.85
COc1ccc(OCCN2CCN(C(=O)c3ccc(OC)cc3)CC2)cc1,4.85
Cn1c(SCCCN2CCOC(c3ccc(C(F)(F)F)cc3F)C2)nnc1-c1ccc(C(N)=O)cc1,4.84
Cn1c(SCCCN2CCOC(c3ccc(C(F)(F)F)cc3)C2)nnc1-c1cccnc1,4.83
Fc1ccc(-c2cccc3c(CN4CCN(c5ccc(Cl)cc5)CC4)cnn23)cc1,4.82
Cc1ncoc1-c1nnc(SCCCN2CCOC(c3ccc(Br)cc3)C2)n1C,4.82
Cn1c(SCCCN2CCOC(c3ccc(C(F)(F)F)cc3)C2)nnc1-c1cccc(C(N)=O)c1,4.82
Clc1ccc(N2CCN(Cc3cn4ccccc4n3)CC2)cc1,4.82
CCCN(CCC)C1CC=C(C#Cc2ccccc2)CC1,4.82
OC(CCn1cc(-c2ccc(-c3ccccc3)cc2)nn1)CN1CCN(c2cccc(Cl)c2Cl)CC1,4.82
CCCN(CCC)C1CCC(=C(C#N)C#N)CC1,4.82
Cn1c(SCCCN2CCO[C@@H](c3ccc(C(F)(F)F)cc3)C2)nnc1-c1ccc(-c2ncco2)cc1,4.81
COc1cc(CN2CCN(c3ccc4c(c3)OCCO4)CC2)ccc1F,4.8
CN[C@H]1c2c(ccc3c2ccn3S(=O)(=O)c2ccccc2)[C@@H]1CCO,4.8
C[C@H]1[C@H]2[C@@H](CN1Cc1ccccc1)[C@@H](CO)[C@@H]2N1CCCC1,4.8
Clc1ccc(N2CCN(Cc3cccn4nccc34)CC2)cc1,4.8
Cn1c(SCCCN2CCOC(c3ccc(C(F)(F)F)cc3)C2)nnc1-c1cncc(C(N)=O)c1,4.8
CC(C)[C@H](NC(=O)[C@@H]1C=C2c3cccc4[nH]cc(c34)C[C@H]2N(C)C1)C(=O)N[C@@H](Cc1ccc(F)cc1)C(=O)N1CCC[C@H]1C(N)=O,4.8
CN[C@@H]1c2cc3ccn(S(=O)(=O)c4ccccc4)c3cc2[C@H]1CCO,4.8
COc1ccc(OCCN2CCN(C(=O)c3cc4ccccc4n3C)CC2)cc1,4.8
Cc1cccc(N2CCN(CCCCNC(=O)c3ccc(-c4ccsc4)cc3)CC2)c1,4.79
Nc1ccc2oc(=O)c(CN3CCCC3)cc2c1,4.79
Cn1c(SCCCN2CCOC(c3ccc(C(F)(F)F)cc3)C2)nnc1-c1ccc(C(N)=O)cn1,4.79
Oc1ccc(CN2CCO[C@H](CCc3ccccc3)C2)cc1,4.78
COc1ccc(CN2CCOC(CCc3ccccc3)C2)cc1,4.78
COc1ccc(N2CCN(CCCCNC(=O)c3ccc(-c4ccsc4)cc3)CC2)cc1,4.769551078621726
NCCc1ccc(O)cc1,4.769551078621726
COc1ccc(C2CCN(CCCc3nc4ccccc4s3)CC2)nc1,4.76
COc1c(-c2nc(CNC[C@@H]3CCN(Cc4ccccc4)C3)co2)cc(Br)c2ccccc12,4.76
O=C(N[C@H]1CCN(Cc2ccc(F)c(F)c2)C1)c1ccc(-c2cccs2)cc1,4.75
COc1ccc(OCCN(C)CCN(C)C(=O)c2ccc(OC)cc2)cc1,4.75
O=c1c(-c2ccccc2)c2ccccn2c(=O)n1CCCCN1CCCC(c2c[nH]c3ccccc23)C1,4.75
N#CC(CCNCCc1ccccc1)(c1ccccc1)c1ccccc1,4.75
CN(C)CCC(C#N)(c1ccccc1)c1ccccc1,4.75
OC(CCn1cc(-c2ccc3ccccc3c2)nn1)CN1CCN(c2cccc(Cl)c2Cl)CC1,4.73
CN1CCc2cc(Cl)c(O)cc2[C@H]1c1ccccc1,4.72
N#Cc1ccc2[nH]c(CN3CCN(c4ccc(F)cc4)CC3)cc2c1,4.72
CCc1cc(Cl)c(OC)c(N2CCN(C[C@@H](F)CCNC(=O)c3cc4ccccc4[nH]3)CC2)c1,4.72
COc1cc(NC(C)=O)c(Cl)cc1C(=O)NC[C@@H]1CCN(Cc2ccccc2)C1,4.72
Fc1ccc(N2CCN(Cc3cn4ccccc4n3)CC2)cc1,4.72
CN1CCCN(C2=Nc3cccnc3Nc3ccc(Cl)cc32)CC1,4.72
O=C1c2ccccc2/C=C\c2ccccc2N1CCCN1CCOCC1,4.72
COc1cc(N(C)C(C)=O)c(Cl)cc1C(=O)NC[C@@H]1CCN(Cc2ccccc2)C1,4.72
c1ccc(CN2CCN(Cc3csc(-c4ccccc4)n3)CC2)cc1,4.71
COc1cccc(CCc2ccccc2OCCCN2CCN(c3ncccn3)CC2)c1,4.7
CC1(Oc2ccccn2)CCN(CCOc2ccc(C(F)(F)F)cc2)CC1,4.7
CC1(Oc2ccc(Cl)cc2)CCN(CCn2ccccc2=O)C1,4.7
CC1(O)CCN(CC2COc3ccccc3O2)CC1,4.7
Cc1ccc(CNCC2(F)CCN(C(=O)c3csc4ccccc34)CC2)nc1,4.7
Cl.O=C1C(c2ccccc2)=COC12CCN(Cc1ccccc1)C2,4.7
O=C(NC(c1ccc(Cl)cc1)c1ccccn1)C1CCN(CCn2ccc(=O)cc2)CC1,4.7
CC(=O)c1ccc(-c2nnc(SCCCN3CCOC(c4ccc(C(F)(F)F)cc4)C3)n2C)cc1,4.7
O=C(NC(c1ccc(Cl)cc1)c1ccccn1)C1CCN(CCOc2ccc3cccnc3c2)CC1,4.7
NCCc1cccc(O)c1,4.7
CCCN(CCC)[C@@H]1CCn2nccc2C1,4.698970004336019
CCCN(CCC)C1CCC(=CC#N)CC1,4.698970004336019
N#Cc1ccc(N2CCN(CCCCNC(=O)c3ccc(-c4ccsc4)cc3)CC2)cc1,4.698970004336019
CCCN(CCC)C1CCn2ncc(CO)c2C1,4.698970004336019
CCCN(CCC)C1CCn2ncc(C(=O)OC)c2C1,4.698970004336019
CCCN(CCC)C1CC=C(C#N)CC1,4.698970004336019
Cc1noc(C)c1-c1cnc2cc(C(=O)NCCC[n+]3ccc(N(C)C)cc3)ccn12.O=C[O-],4.698970004336019
COc1ccc(N2CCN(CCCN3C(=O)CCc4ccccc43)CC2)cc1.O=C(O)C(=O)O,4.68
CCC(=O)N(c1ccccc1)C1CCN(CCc2ccccc2)CC1,4.68
COc1cc(CN2CCN(c3ccc(Cl)cc3)CC2)ccc1OCCF,4.68
C#Cc1cccc2c(CN3CCN(c4ccc(Cl)cc4)CC3)c(C)nn12,4.68
CCc1cc(Cl)c(OC)c(N2CCN(CC(F)CCNC(=O)c3cc4ccccc4[nH]3)CC2)c1,4.68
CCCNCCCCNC(=O)c1ccc(-c2ccccc2)cc1,4.68
COc1ccccc1N1CC2(CN(CCCSc3nnc(-c4ccccc4)n3C)C2)C1,4.67
CCc1cc(Cl)c(OC)c(N2CCN(C[C@H](F)CCNC(=O)c3cc4ccccc4[nH]3)CC2)c1,4.67
c1ccc(CN2CCN(Cc3coc(-c4ccccc4)n3)CC2)cc1,4.67
CCOC(=O)c1[nH]c2ccc(F)cc2c1CN1CCN(c2ccccc2)CC1,4.66
OCc1ccc2c(CN3CCN(c4ccc(Cl)cc4)CC3)cnn2c1,4.66
CCCN1CCC(c2ccc(OC)cc2)CC1,4.64
COc1ccccc1N1CCN(Cc2cn([C@@H]3O[C@H](CO)[C@@H](O)[C@H](O)[C@H]3F)nn2)CC1,4.64
Cl.O=C(NCCCCN1CCN(c2ccc(Cl)cc2Cl)CC1)c1cc2ccccc2[nH]1,4.6218020295540825
O=C(NCCCCN1CCN(c2ccc(Cl)cc2Cl)CC1)c1cc2ccccc2[nH]1,4.6217838502501225
COc1ccccc1N1CCN(Cc2cn([C@@H]3O[C@H](CF)[C@@H](O)[C@H](O)[C@H]3O)nn2)CC1,4.62
C#CCN1CCC2(CC1)OC=C(c1ccccc1)C2=O.Cl,4.62
O=C(O)C(=O)O.O=C1CCc2ccccc2N1CCCN1CCN(c2ccc([N+](=O)[O-])cc2)CC1,4.62
Cc1nn2c(-c3ccccc3)cccc2c1CN1CCN(c2ccc(Cl)cc2)CC1,4.62
Cn1c(SCCCN2CCOC(c3ccc(C(F)(F)F)cc3)C2)nnc1-c1ccc(C(N)=O)nc1,4.61
c1ccc(C2=NCC[C@H](CN3CCN(c4ccccc4)CC3)N2)cc1,4.6
COc1cc(NC(C)=O)c(Cl)cc1C(=O)NC[C@H]1CCN(Cc2ccccc2)C1,4.6
COc1cccc(C2=NCCc3c2[nH]c2ccc(OC)cc32)c1,4.6
Cc1ccc(C2CN(CCCSc3nnc(-c4ccc(-c5noc(C)n5)cc4)n3C)CCO2)cc1,4.6
NC(=O)C(c1ccccc1)(c1ccccc1)[C@@H]1CCN(CCc2ccc3c(c2)CCO3)C1,4.6
Cc1ccc(N2CCN(CCCCNC(=O)c3ccc(-c4ccsc4)cc3)CC2)cc1,4.6
Cc1nc(N2CCN(CCCCNC(=O)c3cn4ccccc4n3)CC2)cc(C(F)(F)F)n1,4.6
COc1cccc2c3c(oc12)CN(CCCCOc1ccc2scnc2c1)CC3,4.59
O=c1oc2ccc(OC(F)(F)F)cc2cc1CN1CCCC1,4.585026652029182
Cc1cc2nc(C)c(CN3CCN(c4ccc(Cl)cc4)CC3)n2c(C)n1,4.58
Cc1ccc(CNCC2(F)CCN(C(=O)c3coc4ccccc34)CC2)nc1,4.57
O=C(NCCCCN1CCN(c2ccc(Cl)cc2)CC1)c1ccc(-c2ccsc2)cc1,4.56
COc1cc(N(C)C(C)=O)c(Cl)cc1C(=O)NC[C@H]1CCN(Cc2ccccc2)C1,4.55
CN1CCN(C2=Nc3cc(Cl)ccc3N(NC(=O)c3ccncc3)c3ccccc32)CC1,4.55
Fc1ccc(CN2CCN(c3ccc4c(c3)OCCO4)CC2)cn1,4.54
c1ccc(C2=NCC[C@@H](CN3CCN(c4ccccc4)CC3)N2)cc1,4.54
O=C(N[C@H]1CCN(Cc2ccc(Cl)c(Cl)c2)C1)c1ccc(-c2cccs2)cc1,4.54
COc1ccccc1N1CCC12CCN(CCCSc1nnc(-c3ccccc3)n1C)CC2,4.53
O=C(NCCCCN1CCN(c2ccc(C(F)(F)F)cc2)CC1)c1ccc(-c2ccsc2)cc1,4.522878745280337
c1cnc2c(c1)CN[C@@H](CN(CCCCN1CCOCC1)[C@H]1CCCc3cccnc31)C2,4.522878745280337
CCCC(C)NC(=O)c1cc2ccccc2[nH]1,4.522878745280337
CN(CCCCN(C[C@H]1Cc2ncccc2CN1)[C@H]1CCCc2cccnc21)C1CCC(F)(F)CC1,4.522878745280337
c1cnc2c(c1)CN[C@@H](CN(CCCCNC1CCOCC1)[C@H]1CCCc3cccnc31)C2,4.522878745280337
CN(CCCCN(C[C@H]1Cc2ncccc2CN1)[C@H]1CCCc2cccnc21)C1CCOCC1,4.522878745280337
c1cnc2c(c1)CN[C@@H](CN(CCCCNC1COC1)[C@H]1CCCc3cccnc31)C2,4.522878745280337
CN(C)[C@@H]1CC[C@H](c2c[nH]c3ccc(C#N)cc23)C1,4.522878745280337
CCC(=O)N1CC[C@H](Nc2ncnc3c2CN(c2cnc(OC)c(C(F)(F)F)c2)CC3)C1,4.522878745280337
CN(C)[C@H]1CC[C@@H](c2c[nH]c3ccc(F)cc23)C1,4.522878745280337
COc1ccc2oc(=O)c(CN3CCCC3)cc2c1,4.522878745280337
O=c1oc2ccc(C(F)(F)F)cc2cc1CN1CCCC1,4.522878745280337
O=c1oc2ccc([N+](=O)[O-])cc2cc1CN1CCCC1,4.522878745280337
CCCNCc1cc2ccccc2oc1=O,4.522878745280337
CCCN1CCC[C@@H]2Cc3c(ccc(O)c3CS(=O)(=O)O)C[C@H]21,4.522878745280337
FCCOc1ccc(N2CCN(Cc3cc4ccccn4n3)CC2)cc1,4.52
CN(C)CCN1C(=O)c2ccccc2N(C)c2ccccc21,4.52
CCCN(C(C)C)[C@@H]1COc2cccc(C(C)=O)c2C1,4.52
COc1ccc(S(=O)(=O)Nc2c(C)cc(C)cc2C)cc1,4.519999959791458
COc1cccc(C2=NCCc3c2[nH]c2ccccc32)c1,4.51
Clc1ccc(N2CCN(Cc3cccc4ccnn34)CC2)cc1,4.51
OCc1cc(C(O)CNCCCCCCOCCCCc2ccccc2)ccc1O,4.5
Cc1cc(CN2CCC3(CC2)OC=C(c2ccccc2)C3=O)on1.Cl,4.5
Cn1c(SCCCN2CCOC(c3ccc(C(F)(F)F)cc3)C2)nnc1-c1ccc(S(N)(=O)=O)cc1,4.499999953328896
Cc1cc(NC(=O)Nc2ccc3c(ccn3C)c2)sn1,4.499999953328896
Cn1cnc2c1CCN(CCN1CCC(c3noc4ccccc34)CC1)C2=O,4.47
CCC(=O)C(CCN(C)C)(c1ccccc1)c1ccccc1,4.46
N#Cc1ccc2[nH]c(CN3CCN(c4ccc(Cl)c(Cl)c4)CC3)cc2c1,4.44
CCOC(=O)c1cnn2cccc(CN3CCN(c4ccc(Cl)cc4)CC3)c12,4.43
CCN(CC)[C@@H]1[C@@H](CO)[C@H]2CN(Cc3ccccc3)[C@H](C)[C@H]21,4.42
O=C(N[C@H]1CCN(Cc2ccccc2F)C1)c1ccc(-c2cccs2)cc1,4.42
COc1ccccc1N1CC2(CCN(CCCSc3nnc(-c4ccccc4)n3C)CC2)C1,4.42
OCc1cnn2cccc(CN3CCN(c4ccc(Cl)cc4)CC3)c12,4.41
COc1ccc(N2CCN(CCCCCCN3C(=O)c4cccc5cccc(c45)C3=O)CC2)cc1,4.4
COc1ccccc1N1CCN(Cc2c(C)nc3cc(C)ncn23)CC1,4.4
C=CCN1C[C@H](OC(=O)Nc2ccc(-c3ccsc3)cc2)C[C@@H]1CNC(=O)c1cc(CCCF)cc(OC)c1OC,4.3872161432802645
CCN(CC)[C@@H]1[C@@H](CO)[C@H]2CN(Cc3ccccc3)[C@H](c3ccccn3)[C@H]21,4.38
CCCOC1CCCc2ccc(/N=C/N3CCc4cc(OC)c(OC)cc4C3)cc21,4.38
O=C(c1ccccc1)N1CCN(CCN2CCc3ncsc3CC2)CC1,4.38
Fc1ccc(CSc2nc3ccccc3n2Cc2ccc(Cl)cc2)cc1,4.376750709602099
COc1ccc(Br)cc1C1=NCC[C@H](CN2CCN(c3ccccc3)CC2)N1,4.37
CCOC(=O)c1cc(CSc2nc3ccccc3n2Cc2ccc(Cl)cc2)cc(C(=O)OCC)c1,4.366531544420414
N#Cc1cccc2c(CN3CCN(c4ccc(Cl)cc4)CC3)cnn12,4.36
CC1(C)OC(=O)N([C@H]2CC[C@H](c3cnc(N)c(-c4ncccn4)c3)CC2)[C@H]1c1ccccc1,4.314258261397736
O=Cc1ccn(C2CCN(Cc3ccccc3)CC2)c1,4.31
Fc1ccc(N2CCN(Cc3cn4cccnc4n3)CC2)cc1,4.31
Cc1noc2c1C(=O)N(CCN1CCN(c3noc4ccccc34)CC1)CC2,4.31
N#CC(C#N)=Cc1ccc(CN2CCN(c3ccc(Cl)cc3)CC2)[nH]1,4.31
COc1ccc(OCCN2CCN(C(=O)c3ccc(OC(F)(F)F)cc3)CC2)cc1,4.301029995663981
CN1C(=O)c2ccccc2[S@@+]([O-])c2ccc(C(=O)NCCc3cccs3)cc21,4.301029995663981
CCc1ccc(OCCN2CCN(C(=O)c3ccc(OC)cc3)CC2)cc1,4.301029995663981
Fc1ccc(-c2noc(C3CCN(c4cnc5ccc(Cl)cc5c4)CC3)n2)c(Cl)c1,4.301029995663981
CCCN(C(C)C)[C@@H]1COc2cccc(C(=O)NC(C)C)c2C1,4.301029995663981
Cc1ccc(OCCN2CCN(C(=O)c3cc4ccccc4[nH]3)CC2)cc1,4.301029995663981
CCCN(C(C)C)[C@H]1COc2cccc(C(N)=O)c2C1,4.301029995663981
CCc1ccc(OCCN2CCN(C(=O)c3cc4ccccc4[nH]3)CC2)cc1,4.301029995663981
COc1ccc(OCCN2CCN(C(=O)c3ccc(OC)cn3)CC2)cc1,4.301029995663981
COc1ccc(OCCN2CCN(C(=O)c3cc4ccccc4[nH]3)CC2)c(Cl)c1,4.301029995663981
COc1ccc(OCCN2CCN(C(=O)C3CCCCC3)CC2)cc1,4.301029995663981
COc1ccc(OCCN2CCN(C(=O)c3ccccc3)CC2)cc1,4.301029995663981
COc1ccc(OCCN2CCN(C(=O)c3nc4ccccc4[nH]3)CC2)cc1,4.301029995663981
COc1ccc(OCCN2CCN(C(=O)c3cc4cc(C)ccc4[nH]3)CC2)cc1,4.301029995663981
COc1ccc(OCCN2CCN(C(=O)c3cc4ccccc4[nH]3)CC2)cc1OC,4.301029995663981
O=C(c1cc2ccccc2[nH]1)N1CCN(CCOc2ccc(Cl)cc2)CC1,4.301029995663981
CCCN(C(C)C)[C@H]1COc2cccc(C(=O)NC(C)C)c2C1,4.301029995663981
Cc1ccc2c(c1)Oc1cc(C)ccc1C(N1CCN(CC(C)(C)C(=O)O)CC1)=N2,4.301029995663981
CN1CCN(c2nc(N)nc(CS(=O)(=O)c3ccccc3Cl)n2)CC1,4.3
Cc1ccc2nc(CCCN3CCN(c4ccccn4)CC3)sc2c1,4.3
COc1cc2c(cc1OC)CN(/C=N/c1ccc3c(c1)N(C(=O)OC(C)(C)C)CC3)CC2,4.27
N#Cc1ccc2c(c1)CCNC2,4.27
OCc1cccn2ncc(CN3CCN(c4ccc(Cl)cc4)CC3)c12,4.25
Cc1nn2c(C#N)cccc2c1CN1CCN(c2ccc(Cl)cc2)CC1,4.24
Cn1c(SCCCN2CCC3(CC2)CCN(c2cccc(C#N)c2)CC3)nnc1-c1ccccc1,4.24
CN(/C=N/c1ccc2c(c1)C(O)CC2)Cc1ccccc1,4.23
CCCN[C@@H]1CCc2ccc(OC)cc2C1,4.23
COc1ccccc1N1CCC2(CN(CCCSc3nnc(-c4ccccc4)n3C)C2)C1,4.22
Fc1ccc(N2CCN(Cc3cn4ccncc4n3)CC2)cc1,4.19
C[C@@H]1[C@@H]2[C@H](CN1Cc1ccccc1)[C@H](CO)[C@H]2N1CCCC1,4.18
CN(C)CCN1C(=O)c2ccccc2N(C)C(=O)c2ccccc21,4.18
FCCOc1ccc(N2CCN(Cc3cnn4ccccc34)CC2)cc1,4.18
COc1cccc(CCc2ccccc2OCCCCN2CCN(c3ccccc3OC)CC2)c1,4.17
Cc1ccc(CNCC2(F)CCN(C(=O)c3cc(Br)cs3)CC2)nc1,4.14
Cl.Clc1ccc(N2CCN(CCCCNc3noc(-c4ccccc4)n3)CC2)cc1,4.1
COc1ccsc1CNCC[C@@]1(c2ccccn2)CCOC2(CCCC2)C1,4.08
Cn1c(SCCCN2CCC3(CC2)CCN(c2ccccn2)CC3)nnc1-c1ccccc1,4.08
CCC(NC(C)C)C(O)c1ccc(O)c2[nH]c(=O)ccc12,4.07
Oc1cccc(C2NCCc3c2[nH]c2ccccc32)c1,4.06
COc1ccc(OCCN2CCN(S(=O)(=O)c3ccc(OC)cc3)CC2)cc1,4.0
COc1ccc(N(C)CCN2CCN(C(=O)c3cc4ccccc4[nH]3)CC2)cc1,4.0
COc1ccc(OCCN2CCN(C(=O)c3cc4ncccc4[nH]3)CC2)cc1,4.0
COc1ccc(C(=O)N2CCN(c3ccc(OC)cc3)CC2)cc1,4.0
COc1ccc(OCC(C)N2CCN(C(=O)c3ccc(OC)cc3)CC2)cc1,4.0
CC(C)(C)c1ccc(OCCN2CCN(C(=O)c3cc4ccccc4[nH]3)CC2)cc1,4.0
COc1ccc(OCCN2CCN(C(=O)c3ccccc3OC)CC2)cc1,4.0
c1ccc(CCC2CN(Cc3nc4ccccc4[nH]3)CCO2)cc1,4.0
c1ccc(CC[C@H]2CN(Cc3nc4ccccc4[nH]3)CCO2)cc1,4.0
c1ccc(CC[C@@H]2CN(Cc3nc4ccccc4[nH]3)CCO2)cc1,4.0
N#CC(C#N)=Cc1ccc(CN2CCN(c3ccccc3)CC2)[nH]1,4.0
CN1CCC2(CC1)CC(=O)C(c1ccccc1)=CO2.Cl,4.0
CC(=O)Nc1c(F)cc(C(=O)N[C@H]2CC[C@H](O)CC2)cc1O[C@@H](C)c1ccccc1,4.0
CNC(=O)c1cc(C(=O)NC2CC2)cn(Cc2ccccc2)c1=O,4.0
Fc1cncc(CNCC[C@@]2(c3ccccn3)CCOC3(CCCC3)C2)c1,4.0
Cn1cc(C(=O)C(=O)N[C@@H]2CN3CCC2CC3)c2ccccc21,4.0
Cn1cc(C(=O)C(=O)N[C@H]2CN3CCC2CC3)c2ccccc21,4.0
CCC1(CC)CC(OCCCNCc2cccc(C(F)(F)F)n2)(c2ccccn2)CCO1,4.0
COc1cc2c(cc1-c1c(C)noc1C)ncc1[nH]c(=O)n([C@H](C)c3ccccn3)c12,4.0
CCNC(=O)C[C@@H]1N=C(c2ccc(Cl)cc2)c2cc(OC)ccc2-n2c(C)nnc21,4.0
CN1CCC2(CC1)CC(=O)C(c1ccc(F)cc1)=CO2.Cl,4.0
O=C(c1cc2ccccc2[nH]1)N1CCN(CCOc2ccncc2)CC1,4.0
COc1ccc(N2CCN(CCCN3CCCc4ccccc4C3=O)CC2)cc1,4.0
O=C(c1cc2ccccc2[nH]1)N1CCN(CCOc2ccc(OC(F)(F)F)cc2)CC1,4.0
O=C(c1cc2ccccc2[nH]1)N1CCN(CCOc2ccc(Br)cc2)CC1,4.0
O=C(NCCCCN1CCN(c2cc(C(F)(F)F)nc3ccccc23)CC1)N1CCC(c2ccccc2)CC1,4.0
CC(C)NC(=O)c1cc2ccccc2[nH]1,4.0
Oc1cccc([C@]23CCC[C@H](NCC2)[C@@H]3O)c1,4.0
O=C(NCC1CC1)c1cc2ccccc2[nH]1,4.0
NC(=O)C[S+]([O-])C(c1ccccc1)c1ccccc1,4.0
COc1cc2c(cc1OC)CN(/C=N/c1ccc3c(c1)C1SCCSC1CC3)CC2,4.0
Oc1cccc([C@]23CCC[C@H](NCC2)[C@H]3O)c1,4.0
CCOC(=O)/C=C1\[C@@H]2CCC[C@@]1(c1cccc(O)c1)CCN2,4.0
CCC(=O)N1CCC(c2ccccc2)(c2ccccc2)C1,4.0
CN1CCC(c2ccccc2)(c2ccccc2)C1,4.0
CN(C)CCC(C(=O)N(C)C)(c1ccccc1)c1ccccc1,4.0
CCC(=O)C(CC(C)N(C)C)(c1ccccc1)c1ccccc1,4.0
COc1cc2c(cc1OC)CN(/C=N/c1ccc3c(c1)C1SCCSC1C3)CC2,4.0
CCCNC1CCn2ncc(C(=O)OC)c2C1,4.0
COc1ccc(C(=O)N2CCN(CCOc3ccc(OC)c(OC)c3)CC2)cc1,4.0
CSc1cccc(OCCN2CCN(C(=O)c3cc4ccccc4[nH]3)CC2)c1,4.0
Cc1nc(N2CCCC2)nc2ccc(NC(=O)COc3ccc(Cl)cc3)cc12,4.0
CCCN1CCO[C@H]2c3cc4c(cc3OC[C@H]21)CCO4,4.0
CCOc1ccc(OCCN2CCN(C(=O)c3cc4ccccc4[nH]3)CC2)cc1,4.0
COc1ccc(N2CCC3(CCN(CCCSc4nnc(-c5ccccc5)n4C)CC3)CC2)cc1,3.979443991541845
Cn1c(SCCCN2CC3(CCN3c3ccc(F)cc3)C2)nnc1-c1ccccc1,3.960292484137053
COc1cccc(CCc2ccccc2OCCCN2CCc3ccccc3C2)c1,3.9430951486635273
COc1ccccc1N1CCC12CN(CCCSc1nnc(-c3ccccc3)n1C)C2,3.9395099153876325
NC(=O)N1CCN(c2cccc(Cl)c2)CC1,3.935916564036404
O=C(c1ccc(F)cc1)N1CCC(NCC[S+]([O-])C(c2ccc(F)cc2)c2ccc(F)cc2)CC1,3.806875401645538
COc1cccc(CCc2ccccc2OCCN2CCN(C)CC2)c1,3.7495799976911064
COc1ccc2[nH]c3c(c2c1)CCN=C3c1cc([N+](=O)[O-])cn1C,3.6989700043360187
COc1cccc(CCc2ccccc2OCCCN2CCN(c3cccc(Cl)c3)CC2)c1,3.5257837359237447
OC1CCc2ccc(/N=C/N3CCc4ccccc4C3)cc21,3.5228787452803374
COc1cc2c(cc1OC)CN(/C=N/c1ccc3c(c1)C(O)CC3)CC2,3.5228787452803374
c1ccc(C2NCCc3c2[nH]c2ccccc32)cc1,3.5228787452803374
COc1cccc(CCc2ccccc2OCCN2CCN(c3ccccc3OC)CC2)c1,3.369572124974976
COc1cccc(CCc2ccccc2OCCCN2CCN(C)CC2)c1,3.2479515521805613
COc1cccc(CCc2ccccc2OCCN2CCN(c3ncccn3)CC2)c1,3.201349354554731
COc1cccc(CCc2ccccc2OCCCN2CCN(c3ccc(F)cc3)CC2)c1,3.183758700008217
Oc1cc2c(cc1O)C(c1ccccc1)CNCC2,3.142667503568732
CN1CCc2c(Cl)c(O)c(O)c(Cl)c2C(c2ccccc2)C1.Cl,3.0915149811213505
COc1cccc(CCc2ccccc2OCCCCCN2CCN(c3ccc(F)cc3)CC2)c1,3.0721165896692932
COc1cccc(CCc2ccccc2OCCCCN2CCN(c3ncccn3)CC2)c1,3.0685421293109947
COc1cccc(CCc2ccccc2OCCN2CCc3cc(OC)c(OC)cc3C2)c1,3.0
COc1cccc(CCc2ccccc2OCCCCCN2CCN(c3ncccn3)CC2)c1,3.0
COc1cccc(CCc2ccccc2OCCCCN2CCN(c3cccc(Cl)c3)CC2)c1,3.0
COc1cccc(CCc2ccccc2OCCCCCN2CCN(c3cccc(Cl)c3)CC2)c1,3.0
COc1cccc(CCc2ccccc2OCCN2CCN(c3cccc(C(F)(F)F)c3)CC2)c1,3.0
COc1cccc(CCc2ccccc2OCCCCN2CCN(c3cccc(C(F)(F)F)c3)CC2)c1,3.0
COc1cccc(CCc2ccccc2OCCCCCN2CCc3cc(OC)c(OC)cc3C2)c1,3.0
COc1cccc(CCc2ccccc2OCCCCCN2CCc3ccccc3C2)c1,3.0
COc1cccc(CCc2ccccc2OCCN2CCN(c3cccc(Cl)c3)CC2)c1,3.0
COc1cccc(CCc2ccccc2OCCCCCN2CCN(c3ccccc3OC)CC2)c1,3.0
COc1cccc(CCc2ccccc2OCCN2CCN(c3ccc(F)cc3)CC2)c1,3.0
COc1cccc(CCc2ccccc2OCCN2CCc3ccccc3C2)c1,3.0
COc1cccc(CCc2ccccc2OCCCCCN2CCN(C)CC2)c1,3.0
COc1cccc(CCc2ccccc2OCCCCN2CCN(C)CC2)c1,3.0
COc1cccc(CCc2ccccc2OCCCCN2CCc3cc(OC)c(OC)cc3C2)c1,3.0
COc1cccc(CCc2ccccc2OCCCN2CCc3cc(OC)c(OC)cc3C2)c1,3.0
COc1cccc(CCc2ccccc2OCCCCN2CCc3ccccc3C2)c1,3.0
COc1cccc(CCc2ccccc2OCCCCN2CCN(c3ccc(F)cc3)CC2)c1,2.8781120148963186
COc1cccc(CCc2ccccc2OCCCN2CCN(c3cccc(C(F)(F)F)c3)CC2)c1,2.850165303284215
CC(C)(C)Oc1ccc(C(=O)N[C@H]2CC[C@H](CCN3CCC(c4cccc5c4CCO5)CC3)CC2)cc1,2.0
CC(C)(C)c1ccc(C(=O)N[C@H]2CC[C@H](CCN3CCC(c4cccc5c4CCO5)CC3)CC2)cc1,2.0
