SMILES,pIC50,logP
O=C(NCc1cc(C(F)(F)F)cc(C(F)(F)F)c1)c1c(CO)nc2ccccc2c1-c1ccccc1,13.0,6.361700000000005
NCc1nc2ccccc2c(-c2ccccc2)c1C(=O)NCc1cc(C(F)(F)F)cc(C(F)(F)F)c1,11.7695510786217,6.328100000000004
C[C@@H](NC(=O)[C@@H](N)Cc1ccc(O)cc1)C(=O)N[C@@H](Cc1c[nH]c2ccccc12)C(=O)OCc1cc(C(F)(F)F)cc(C(F)(F)F)c1,11.397940008672,4.7565000000000035
CC(=O)N[C@H]1CC[C@@](CO[C@H](C)c2cc(C(F)(F)F)cc(C(F)(F)F)c2)(c2ccccc2)NC1,11.0,5.585400000000006
O=C(NCc1cc(C(F)(F)F)cc(C(F)(F)F)c1)c1c(CBr)nc2ccccc2c1-c1ccccc1,11.0,7.764300000000005
CNCc1nc2ccccc2c(-c2ccccc2)c1C(=O)NCc1cc(C(F)(F)F)cc(C(F)(F)F)c1,10.9586073148418,6.5888000000000035
COc1ccc(OC(F)(F)F)cc1CN[C@H]1CCCN[C@H]1c1ccccc1,10.9208187539524,4.176700000000003
C[C@@H](O[C@H]1CN2C(=O)C=CCC2[C@@H]1c1ccc(F)cc1)c1cc(C(F)(F)F)cc(C(F)(F)F)c1,10.8860566476932,6.264000000000005
Cc1cc(O)cc(C)c1C[C@H](N)C(=O)N[C@H](C)C(=O)N[C@@H](Cc1c[nH]c2ccccc12)C(=O)OCc1cc(C(F)(F)F)cc(C(F)(F)F)c1,10.7958800173441,5.373340000000004
COc1ccc(-n2nnnc2C(F)(F)F)cc1CN[C@H]1CCN(C(=O)CNC(C)=O)C[C@H]1c1ccccc1,10.7695510786217,2.3000999999999996
Cc1cc(F)ccc1[C@H]1CN(C(=O)C(N)=O)CC[C@@H]1C(=O)N(C)[C@@H](C)c1cc(C(F)(F)F)cc(C(F)(F)F)c1,10.7695510786217,4.808720000000004
C[C@@H](OCC1(c2ccccc2)CC(N)C1)c1cc(C(F)(F)F)cc(C(F)(F)F)c1,10.698970004336,5.8609000000000036
Cc1cc(F)ccc1[C@H]1CN(C(=O)C(N)=O)CC[C@@H]1C(=O)N(C)Cc1cc(C(F)(F)F)cc(C(F)(F)F)c1,10.698970004336,4.247720000000003
COc1ccc(-n2nnnc2C(F)(F)F)cc1CN[C@H]1CCN(C(=O)CCCNC(C)=O)C[C@H]1c1ccccc1,10.602059991328,3.080300000000001
COc1ccc(-n2nnnc2C(F)(F)F)cc1CN[C@H]1CCCN[C@H]1c1ccccc1,10.5999803649348,3.2726000000000015
CC(=O)N1CCC(C(=O)N2C[C@H](c3ccc(F)cc3)[C@@H](N(C)C(=O)N(C)c3cc(C(F)(F)F)cc(C(F)(F)F)c3)C2)CC1,10.568636235841,5.604400000000006
CC(=O)N1CCC(C(=O)N2C[C@@H](N(C)C(=O)N(C)c3cc(Cl)cc(Cl)c3)[C@H](c3ccc(F)cc3)C2)CC1,10.537602002101,4.873600000000005
CC(=O)N1CCC(C(=O)N2C[C@@H](c3noc(C(C)(C)c4cc(C(F)(F)F)cc(C(F)(F)F)c4)n3)[C@H](c3ccc(F)cc3C)C2)CC1,10.5228787452803,6.848720000000007
CN(C(=O)N(C)[C@@H]1CN(C(=O)N2CCN(S(C)(=O)=O)CC2)C[C@H]1c1ccc(F)cc1)c1cc(C(F)(F)F)cc(C(F)(F)F)c1,10.5228787452803,4.516500000000006
CN(Cc1cc(C(F)(F)F)cc(C(F)(F)F)c1)C(=O)c1cnc2ccccc2c1-c1ccccc1,10.5228787452803,7.211600000000005
C[C@@H](NC(=O)[C@@H](N)Cc1ccc(O)cc1)C(=O)NCC(=O)N[C@@H](Cc1c[nH]c2ccccc12)C(=O)OCc1cc(C(F)(F)F)cc(C(F)(F)F)c1,10.5228787452803,3.8727000000000036
CC(=O)N1CCC(C(=O)N2CC[C@@H](N(C)C(=O)N(C)c3cc(C(F)(F)F)cc(C(F)(F)F)c3)[C@H](c3ccc(Cl)c(Cl)c3)C2)CC1,10.5086383061657,7.1622000000000074
COc1ccc(-c2ccsc2)cc1CN[C@H]1CCCN[C@H]1c1ccccc1,10.5000381344038,5.006600000000003
CC(=O)N1CCC(C(=O)N2CC[C@H](C(=O)N(C)Cc3cc(C(F)(F)F)cc(C(F)(F)F)c3)[C@@H](c3ccccc3C)C2)CC1,10.4948500216801,5.8818200000000065
CC(=O)N1CCC(C(=O)N2CC(c3ccc(F)cn3)[C@H](N(C)C(=O)N(C)c3cc(C(F)(F)F)cc(C(F)(F)F)c3)C2)CC1,10.4948500216801,4.999400000000005
Cc1cc(F)ccc1[C@H]1CN(C(N)=O)CC[C@@H]1C(=O)N(C)Cc1cc(C(F)(F)F)cc(C(F)(F)F)c1,10.4559319556497,5.314520000000004
CCNC(=O)N1CC[C@H](NCc2cc(-n3nnnc3C(F)(F)F)ccc2OC)[C@H](c2ccccc2)C1,10.4089353929735,3.366900000000002
CN(C(=O)N(C)[C@@H]1CN(C(=O)NC2CCOCC2)C[C@H]1c1ccc(F)cc1)c1cc(C(F)(F)F)cc(C(F)(F)F)c1,10.4089353929735,5.707900000000006
COc1ccc(-n2nnnc2SC)cc1CN[C@H]1CCCN[C@H]1c1ccccc1,10.4000078224159,2.9757000000000007
COc1ccc(-n2cnnn2)cc1CN[C@H]1CCCN[C@H]1c1ccccc1,10.4000078224159,2.2538
CCCc1nnnn1-c1ccc(OC)c(CN[C@H]2CCCN[C@H]2c2ccccc2)c1,10.4000078224159,3.2063000000000015
C[C@@H](O[C@H]1CN2C(=O)C(C)(O)C[C@H]2[C@@H]1c1ccc(F)cc1)c1cc(C(F)(F)F)cc(C(F)(F)F)c1,10.397940008672,5.4588000000000045
C[C@@H](O[C@H]1CN2C(=O)C=C(C3CCN(C(C)(C)C)CC3)CC2[C@@H]1c1ccc(F)cc1)c1cc(C(F)(F)F)cc(C(F)(F)F)c1,10.3872161432803,8.144700000000007
CC(=O)NCC(=O)N1CC[C@H](C(=O)N(C)Cc2cc(C(F)(F)F)cc(C(F)(F)F)c2)[C@@H](c2ccc(F)cc2C)C1,10.3665315444204,4.898520000000004
CCNC(=O)N1CC[C@H](NCc2cc(-n3nnnc3C(F)(F)F)ccc2OC2CC2)[C@H](c2ccccc2)C1,10.3565473235138,3.8995000000000024
Cc1cc(F)ccc1[C@H]1CN(C(=O)C(=O)NO)CC[C@@H]1C(=O)N(C)Cc1cc(C(F)(F)F)cc(C(F)(F)F)c1,10.3372421683184,4.267820000000003
CC(=O)N1CCC(C(=O)N2CC[C@H](C(=O)N(C)Cc3cc(C(F)(F)F)cc(C(F)(F)F)c3)[C@@H](c3ccc(F)cc3C)C2)CC1,10.3279021420643,6.0209200000000065
CNC(=O)N1CC[C@H](C(=O)N(C)Cc2cc(C(F)(F)F)cc(C(F)(F)F)c2)[C@@H](c2ccc(F)cc2C)C1,10.3187587626244,5.575220000000005
COC(=O)N[C@H]1CC[C@H](C(=O)N2C[C@@H](N(C)C(=O)N(C)c3cc(C(F)(F)F)cc(C(F)(F)F)c3)[C@H](c3ccc(F)cc3)C2)CC1,10.3098039199715,6.260700000000006
COc1ccc(-n2nnnc2C(F)(F)F)cc1CN[C@H]1CCN(C(C)=O)C[C@H]1c1ccccc1,10.3098039199715,3.183900000000002
O=c1[nH]nc(CN2CCC[C@H](OCc3cc(C(F)(F)F)cc(C(F)(F)F)c3)[C@@H]2c2ccccc2)[nH]1,10.301029995664,5.058100000000003
CC(=O)N1CCC(C(=O)N2C[C@H](C(=O)N(C)Cc3cc(C(F)(F)F)cc(C(F)(F)F)c3)[C@@H](c3ccc(F)cc3C)C2)CC1,10.301029995664,5.630820000000007
CC(=O)N1CCC(C(=O)N2C[C@H](C(=O)N(C)C(C)(C)c3cc(C(F)(F)F)cc(C(F)(F)F)c3)[C@@H](c3ccc(F)cc3C)C2)CC1,10.301029995664,6.365920000000008
C[C@@H](O[C@H]1CN2C(=O)C(n3cnnc3)C[C@H]2[C@@H]1c1ccc(F)cc1)c1cc(C(F)(F)F)cc(C(F)(F)F)c1,10.301029995664,5.540600000000004
COc1ccc(-c2c(C)noc2C)cc1CN[C@H]1CCCN[C@H]1c1ccccc1,10.2999889376779,4.549940000000003
COc1ccc(Br)cc1CN[C@H]1CCCN[C@H]1c1ccccc1,10.2999889376779,4.040600000000002
CCc1nnnn1-c1ccc(OC)c(CN[C@H]2CCCN[C@H]2c2ccccc2)c1,10.2999889376779,2.8162000000000003
Cc1cc(F)ccc1-c1cc(C2CNC(=O)C2CO)ncc1N(C)C(=O)C(C)(C)c1cc(C(F)(F)F)cc(C(F)(F)F)c1,10.2999889376779,5.996220000000005
COc1ccc(-n2nnnc2C)cc1CN[C@H]1CCCN[C@H]1c1ccccc1,10.2999889376779,2.56222
CC(=O)N1CCC(C(=O)N2CC[C@H](C(=O)N(C)Cc3cc(C(F)(F)F)cc(C(F)(F)F)c3)[C@@H](c3ccc(F)cc3)C2)CC1,10.2839966563652,5.712500000000007
COc1ccc(-n2nnnc2C(F)(F)F)cc1CN[C@H]1CCN(C(=O)CCNC(C)=O)C[C@H]1c1ccccc1,10.267606240177,2.6902
COC(=O)N1CC[C@H](NCc2cc(-n3nnnc3C(F)(F)F)ccc2OC)[C@H](c2ccccc2)C1,10.267606240177,3.403800000000002
COc1ccc(-n2nnnc2C(F)(F)F)cc1CN[C@H]1CCN(C(=O)NC2CC2)C[C@H]1c1ccccc1,10.2518119729938,3.509400000000002
COc1ccc(-n2nnnc2C(F)(F)F)cc1CN[C@H]1CCN(C(=O)NCC(F)(F)F)C[C@H]1c1ccccc1,10.2441251443275,3.9093000000000027
COc1ccc(-n2nnnc2C(F)(F)F)cc1CN[C@H]1CCN(C(=O)C2CN(C(C)=O)C2)C[C@H]1c1ccccc1,10.2441251443275,2.6423000000000005
CC(C)NC(=O)N1C[C@@H](O[C@H](C)c2cc(C(F)(F)F)cc(C(F)(F)F)c2)[C@H](c2ccc(F)cc2)C1,10.2218487496164,6.526900000000006
C[C@@H](O[C@H]1CN2C(=O)C(N)C[C@H]2[C@@H]1c1ccc(F)cc1)c1cc(C(F)(F)F)cc(C(F)(F)F)c1,10.2218487496164,5.0351000000000035
C[C@@H](O[C@H]1CN2C(=O)CC[C@H]2[C@@H]1c1ccc(F)cc1)c1cc(C(F)(F)F)cc(C(F)(F)F)c1,10.2218487496164,6.0979000000000045
C[C@@H](O[C@H]1CC[C@@H]2CN(C3=CC(=O)CC3)C[C@H]2[C@@H]1c1ccc(F)cc1)c1cc(C(F)(F)F)cc(C(F)(F)F)c1,10.2218487496164,7.681900000000007
C[C@@H](O[C@H]1CN2C(=O)CC(C)(O)[C@H]2[C@@H]1c1ccc(F)cc1)c1cc(C(F)(F)F)cc(C(F)(F)F)c1,10.2218487496164,5.4588000000000045
C[C@@H](O[C@H]1CN2C(=O)C(NCc3ccn[nH]3)C[C@H]2[C@@H]1c1ccc(F)cc1)c1cc(C(F)(F)F)cc(C(F)(F)F)c1,10.2218487496164,5.589300000000004
Cc1ccccc1[C@H]1[C@@H]2CN(C3=NC(=O)CO3)C[C@H]2CC[C@@H]1O[C@H](CO)c1cc(C(F)(F)F)cc(C(F)(F)F)c1,10.2218487496164,5.489620000000007
C[C@@H](O[C@H]1CN2C(=O)[C@H]3C[C@@H](O)C[C@H]3[C@H]2[C@@H]1c1ccc(F)cc1)c1cc(C(F)(F)F)cc(C(F)(F)F)c1,10.2218487496164,5.704800000000005
C[C@@H](O[C@H]1CN2C(=O)NC[C@H]2[C@@H]1c1ccc(F)cc1)c1cc(C(F)(F)F)cc(C(F)(F)F)c1,10.2218487496164,5.500700000000004
C[C@@H](O[C@H]1CN2C(=O)[C@H]3C[C@@](C)(O)C[C@H]3[C@H]2[C@@H]1c1ccc(F)cc1)c1cc(C(F)(F)F)cc(C(F)(F)F)c1,10.2146701649892,6.094900000000005
Cc1cc(F)ccc1[C@H]1C[C@@H](N2CCN3C(=O)CC[C@H]3C2)CCN1C(=O)N(C)[C@H](C)c1cc(C(F)(F)F)cc(C(F)(F)F)c1,10.1999706407559,6.796820000000007
Cc1cc(F)ccc1-c1cc(C2CN(C)C(=O)C2CO)ncc1N(C)C(=O)C(C)(C)c1cc(C(F)(F)F)cc(C(F)(F)F)c1,10.1999706407559,6.338420000000006
COc1ccc(-c2ccncc2)cc1CN[C@H]1CCCN[C@H]1c1ccccc1,10.1999706407559,4.340100000000003
COc1ccc(-c2ccoc2)cc1CN[C@H]1CCCN[C@H]1c1ccccc1,10.1999706407559,4.538100000000003
COc1ccc(-n2nnnc2S(C)(=O)=O)cc1CN[C@H]1CCCN[C@H]1c1ccccc1,10.1999706407559,1.6572999999999998
CCc1ccccc1[C@H]1CN(C(=O)C2CCN(C(C)=O)CC2)CC[C@@H]1C(=O)N(C)Cc1cc(C(F)(F)F)cc(C(F)(F)F)c1,10.1938200260161,6.135800000000007
Cc1cc(F)ccc1[C@H]1C[C@H](N2CCN3C(=O)CC[C@H]3C2)CCN1C(=O)N(C)[C@H](C)c1cc(C(F)(F)F)cc(C(F)(F)F)c1,10.1899692135942,6.796820000000007
C[C@@H](O[C@H]1CN2C(=O)[C@H]3C[C@](C)(O)C[C@H]3[C@H]2[C@@H]1c1ccc(F)cc1)c1cc(C(F)(F)F)cc(C(F)(F)F)c1,10.1804560644581,6.094900000000005
C[C@@H](O[C@H]1CN2C(=O)C=C(C3COC(=O)C3)CC2[C@@H]1c1ccc(F)cc1)c1cc(C(F)(F)F)cc(C(F)(F)F)c1,10.1804560644581,6.197300000000005
CC(=O)N1CCC(C(=O)N2C[C@@H](O[C@H](C)c3cc(C(F)(F)F)cc(C(F)(F)F)c3)[C@H](c3ccc(F)cc3)C2)CC1,10.1549019599857,6.194000000000006
CN(C(=O)N(C)[C@@H]1CN(C(=O)C2CCN(C(=O)C(C)(C)O)CC2)C[C@H]1c1ccc(F)cc1)c1cc(C(F)(F)F)cc(C(F)(F)F)c1,10.1549019599857,5.355400000000007
CC(=O)N1CCC(C(=O)N2C[C@H](c3nc(C(C)(C)c4cc(C(F)(F)F)cc(C(F)(F)F)c4)no3)[C@@H](c3ccc(F)cc3C)C2)CC1,10.1549019599857,6.848720000000007
CC(=O)N1CCC(C(=O)N2C[C@H](c3noc(C(C)(C)c4cc(C(F)(F)F)cc(C(F)(F)F)c4)n3)[C@@H](c3ccc(F)cc3C)C2)CC1,10.1549019599857,6.848720000000007
O=c1[nH]nc(CN2CCO[C@H](OCc3cc(C(F)(F)F)cc(C(F)(F)F)c3)[C@@H]2c2ccc(F)cc2)[nH]1,10.1549019599857,4.391100000000003
CC(=O)N1C[C@@H](O[C@H](C)c2cc(C(F)(F)F)cc(C(F)(F)F)c2)[C@H](c2ccc(F)cc2)C1,10.1549019599857,5.9554000000000045
C[C@@H](O[C@@H]1CN(C2=CC(=O)CC2)C[C@H]1c1ccccc1)c1cc(C(F)(F)F)cc(C(F)(F)F)c1,10.1549019599857,6.516600000000005
C[C@@H](O[C@H]1CN2C(=O)CC(n3cnnc3)[C@H]2[C@@H]1c1ccc(F)cc1)c1cc(C(F)(F)F)cc(C(F)(F)F)c1,10.1549019599857,5.540600000000004
C[C@@H](O[C@H]1CN2C(=O)CC(O)[C@H]2[C@@H]1c1ccc(F)cc1)c1cc(C(F)(F)F)cc(C(F)(F)F)c1,10.1549019599857,5.068700000000003
CN(C(=O)N(C)[C@@H]1CCN(C2CCS(=O)(=O)CC2)C[C@H]1c1ccc(F)cc1)c1cc(C(F)(F)F)cc(C(F)(F)F)c1,10.1366771398795,5.786600000000006
CONC(=O)N1CC[C@H](C(=O)N(C)Cc2cc(C(F)(F)F)cc(C(F)(F)F)c2)[C@@H](c2ccc(F)cc2C)C1,10.1366771398795,5.506820000000006
CC(=O)N1CCC(C(=O)N2CC(c3ccc(Cl)c(Cl)c3)[C@H](N(C)C(=O)N(C)c3cc(C(F)(F)F)cc(C(F)(F)F)c3)C2)CC1,10.1249387366083,6.772100000000006
COc1ccc(-n2nnnc2C(F)(F)F)cc1CN[C@H]1CCN(S(C)(=O)=O)C[C@H]1c1ccccc1,10.1249387366083,2.5970000000000013
Cc1nc2ccccc2c(-c2ccccc2)c1C(=O)NCc1cc(C(F)(F)F)cc(C(F)(F)F)c1,10.1249387366083,7.177820000000005
Cc1cc(F)ccc1[C@H]1C[C@@H](N(C)C)CCN1C(=O)N(C)Cc1cc(C(F)(F)F)cc(C(F)(F)F)c1,10.1000154374506,6.490820000000006
O=C(N[C@H]1CCN(C(=O)c2cc(C(F)(F)F)cc(C(F)(F)F)c2)[C@H](Cc2ccc(Cl)cc2)C1)c1ccnc2ccccc12,10.1000154374506,7.571700000000005
C[C@@H](O[C@H]1OCCN(Cc2n[nH]c(=O)[nH]2)[C@H]1c1ccc(F)cc1)c1cc(C(F)(F)F)cc(C(F)(F)F)c1,10.1000154374506,4.952100000000003
Cc1cc(F)ccc1-c1cc(C2NC(=O)CC2CO)ncc1N(C)C(=O)C(C)(C)c1cc(C(F)(F)F)cc(C(F)(F)F)c1,10.1000154374506,6.343820000000005
COc1ccc(-n2nnnc2C2CC2)cc1CN[C@H]1CCCN[C@H]1c1ccccc1,10.1000154374506,3.1312000000000006
COc1ccc(SC)cc1CN[C@H]1CCCN[C@H]1c1ccccc1,10.1000154374506,4.000000000000003
C[C@@H](O[C@H]1CN2C(=O)[C@H]3C[C@H](O)C[C@H]3[C@H]2[C@@H]1c1ccc(F)cc1)c1cc(C(F)(F)F)cc(C(F)(F)F)c1,10.0969100130081,5.704800000000005
COc1ccc(-n2nnnc2C(F)(F)F)cc1C1=CC2(CCCN[C@H]2c2ccccc2)OC1,10.0969100130081,3.9668000000000028
C[C@@H](O[C@H]1CN2C(=O)CC(C)(N)[C@H]2[C@@H]1c1ccc(F)cc1)c1cc(C(F)(F)F)cc(C(F)(F)F)c1,10.0969100130081,5.425200000000005
C[C@@H](O[C@H]1CN2C(=O)C(O)C[C@H]2[C@@H]1c1ccc(F)cc1)c1cc(C(F)(F)F)cc(C(F)(F)F)c1,10.0969100130081,5.068700000000003
C[C@@H](O[C@H]1CN2C(=O)CC(N)[C@H]2[C@@H]1c1ccc(F)cc1)c1cc(C(F)(F)F)cc(C(F)(F)F)c1,10.0969100130081,5.035100000000004
COc1ccc(-n2nnnc2C(F)(F)F)cc1CN[C@H]1CCN(C(=O)NC(C)C)C[C@H]1c1ccccc1,10.0915149811214,3.7554000000000025
Cc1cc(F)ccc1[C@H]1C[C@@H](N2CCC2)CCN1C(=O)N(C)Cc1cc(C(F)(F)F)cc(C(F)(F)F)c1,10.0900163050602,6.6349200000000055
COc1ccc(-n2nnnc2C(F)(F)F)cc1CN[C@H]1CCN(C(=O)CN(C)C(C)=O)C[C@H]1c1ccccc1,10.0757207139381,2.6423000000000005
c1ccc(CN[C@H]2C3CCN(CC3)[C@H]2C(c2ccccc2)c2ccccc2)cc1,10.0705810742857,5.071100000000005
CCNC(=O)N1CC[C@H](NCc2cc(-n3nnnc3C(F)(F)F)ccc2OCC)[C@H](c2ccccc2)C1,10.0655015487564,3.7570000000000023
Cc1cnc(C(=O)N2C[C@H](C(=O)N(C)Cc3cc(C(F)(F)F)cc(C(F)(F)F)c3)[C@@H](c3ccc(F)cc3C)C2)cn1,10.0457574905607,5.784540000000005
CS(=O)(=O)NCC1CC2(c3ccc(F)cc3)NC1CCC2NCc1cc(OC(F)(F)F)ccc1OC1CC1,10.0457574905607,3.9403000000000024
C[C@H](O[C@H]1OCCN(Cc2n[nH]c(O)n2)[C@H]1c1ccccc1)c1cc(C(F)(F)F)cc(C(F)(F)F)c1,10.0457574905607,5.225300000000004
C[C@@H](O[C@H]1CN2C(=O)C3CN(C4=CC(=O)CC4)CC3[C@H]2[C@@H]1c1ccc(F)cc1)c1cc(C(F)(F)F)cc(C(F)(F)F)c1,10.0457574905607,6.112500000000005
C[C@@H](O[C@H]1CN2C(=O)C=C(C3CCOCC3)CC2[C@@H]1c1ccc(F)cc1)c1cc(C(F)(F)F)cc(C(F)(F)F)c1,10.0457574905607,7.060800000000006
COc1ccc(OC)c(CN[C@H]2CCCN[C@H]2c2ccccc2)c1,10.0457574905607,3.2867000000000015
O=c1[nH]nc(CN2CCO[C@H](OCc3cc(C(F)(F)F)cc(C(F)(F)F)c3)[C@@H]2c2ccccc2)[nH]1,10.0457574905607,4.252000000000003
CC(=O)N1C[C@@H](O[C@H](C)c2cc(C(F)(F)F)cc(C(F)(F)F)c2)[C@H](c2ccccc2)C1,10.0457574905607,5.816300000000005
C[C@@H]1NC(=O)CC[C@H](O[C@H](C)c2cc(C(F)(F)F)cc(C(F)(F)F)c2)[C@H]1c1ccc(F)cc1,10.0457574905607,6.391800000000005
C[C@@H](O[C@H]1CN2C(=O)[C@H]3C[C@@H](N)C[C@H]3[C@H]2[C@@H]1c1ccc(F)cc1)c1cc(C(F)(F)F)cc(C(F)(F)F)c1,10.0457574905607,5.671200000000005
CC1CC(N2C[C@@H](O[C@H](C)c3cc(C(F)(F)F)cc(C(F)(F)F)c3)[C@H](c3ccc(F)cc3)C2)=CC1=O,10.0457574905607,6.901700000000005
CNC(=O)N1C[C@H]2CC[C@H](O[C@H](C)c3cc(C(F)(F)F)cc(C(F)(F)F)c3)[C@@H](c3ccc(F)cc3)[C@@H]2C1,10.0457574905607,6.774500000000006
C[C@@H](O[C@H]1OCCN(Cc2n[nH]c(=O)[nH]2)[C@H]1c1ccccc1)c1cc(C(F)(F)F)cc(C(F)(F)F)c1,10.0457574905607,4.813000000000003
CCC(=O)N1C[C@@H](O[C@H](C)c2cc(C(F)(F)F)cc(C(F)(F)F)c2)[C@H](c2ccc(F)cc2)C1,10.0457574905607,6.345500000000006
CC(=O)N1CCC(C(=O)N2CC[C@@H](N(C)C(=O)c3cc(C(F)(F)F)cc(C(F)(F)F)c3)[C@H](c3ccc(Cl)c(Cl)c3)C2)CC1,10.0362121726544,6.746200000000006
CCNC(=O)N1CC[C@H](NCc2cc(-n3nnnc3C(F)(F)F)cc3c2OCC3)[C@H](c2ccccc2)C1,10.0315170514461,3.2932000000000015
CC(=O)N1CCC(C(=O)N2CC[C@@H](C(=O)N(C)Cc3cc(C(F)(F)F)cc(C(F)(F)F)c3)[C@H](c3ccccc3)C2)CC1,10.0087739243075,5.573400000000006
COc1ccc(-n2nnnc2C(F)(F)F)cc1[C@H]1COCC2(C1)OCCN(Cc1n[nH]c(O)n1)[C@H]2c1ccc(F)cc1,10.0,3.1689000000000007
FC(F)(F)Oc1ccc(OC2CC2)c(CNC2CCC3CCC2(c2ccccc2)N3)c1,10.0,5.025900000000004
COc1ccc(-n2nnnc2C(F)(F)F)cc1[C@H]1COCC2(C1)OCCN[C@H]2c1ccc(F)cc1,10.0,3.4326000000000016
COc1ccc(-n2nnnc2C(F)(F)F)cc1CN[C@H]1CCN(C(=O)C2CCN(C(C)=O)CC2)C[C@H]1c1ccccc1,10.0,3.422500000000002
COc1cc2c(cc1CN[C@H]1CCCN[C@H]1c1ccccc1)C(C(F)(F)F)OC2,10.0,4.411700000000003
COc1cccc(-n2nnnc2C(F)(F)F)c1[C@H]1CO[C@@]2(C1)OCCN[C@H]2c1ccc(F)cc1,10.0,3.3901000000000012
C[C@@H](O[C@H]1OCCN(Cc2n[nH]c(O)n2)[C@H]1c1ccccc1)c1cc(F)cc(C(F)(F)F)c1,10.0,4.345600000000004
CN(C[C@@H](CCN1CCC(c2ccccc2[S@+](C)[O-])CC1)c1ccc(Cl)c(Cl)c1)C(=O)c1cc(C#N)cc2ccccc12,10.0,7.881180000000009
Cc1cc(F)ccc1-c1cc(C2CC(=O)NC2(CO)CO)ncc1N(C)C(=O)C(C)(C)c1cc(C(F)(F)F)cc(C(F)(F)F)c1,10.0,5.501220000000004
CCNC(=O)N1C[C@@H](O[C@H](C)c2cc(C(F)(F)F)cc(C(F)(F)F)c2)[C@H](c2ccc(F)cc2)C1,10.0,6.138400000000005
C[C@@H](O[C@H]1CN2C(=O)C=C(c3cc[n+]([O-])cc3)CC2[C@@H]1c1ccc(F)cc1)c1cc(C(F)(F)F)cc(C(F)(F)F)c1,10.0,6.424800000000005
COc1ccc(C(C(F)(F)F)C(F)(F)F)cc1CN[C@H]1CCCN[C@H]1c1ccccc1,10.0,5.486300000000004
CC1=C(N2C[C@H]3CC[C@H](O[C@H](C)c4cc(C(F)(F)F)cc(C(F)(F)F)c4)[C@@H](c4ccc(F)cc4)[C@@H]3C2)CCC1=O,10.0,8.072000000000008
COc1cc2c(cc1CN[C@H]1CCCN[C@H]1c1ccccc1)C(C)(C(F)(F)F)CC2,10.0,5.044300000000004
COc1ccc(C(C)(F)C(F)(F)F)cc1CN[C@H]1CCCN[C@H]1c1ccccc1,10.0,5.025100000000004
COc1cc2c(cc1CN[C@H]1CCCN[C@H]1c1ccccc1)C(C)(C(F)(F)F)CCC2,10.0,5.4344000000000054
COc1cc2c(cc1CN[C@H]1CCCN[C@H]1c1ccccc1)C(C(F)(F)F)CCC2,10.0,5.260300000000004
COc1ccc(C(OC)C(F)(F)F)cc1CN[C@H]1CCCN[C@H]1c1ccccc1,10.0,4.527900000000003
COc1cc2c(cc1CN[C@H]1CCCN[C@H]1c1ccccc1)C(C)(C(F)(F)F)OC2,10.0,4.585800000000003
CC(=O)N[C@H]1C[C@@](CO[C@H](C)c2cc(C(F)(F)F)cc(C(F)(F)F)c2)(c2ccccc2)C1,10.0,6.038300000000006
C[C@@H](OC[C@@]1(c2ccccc2)CC[C@H](n2cn[nH]c2=O)CN1)c1cc(C(F)(F)F)cc(C(F)(F)F)c1,10.0,5.206800000000005
COc1cc2c(cc1CN[C@H]1CCCN[C@H]1c1ccccc1)[C@](C)(C(F)(F)F)OCC2,10.0,4.628300000000004
COc1ccc(-n2nnnc2C(F)(F)F)cc1[C@H]1COC2(CCCN(Cc3n[nH]c(O)n3)C2c2ccccc2)C1,10.0,3.7934000000000028
OCC1CC2(c3ccccc3)NC1CCC2NCc1cc(OC(F)(F)F)ccc1OC1CC1,9.95860731484178,4.2443000000000035
C[C@@H](O[C@H]1CN2C(=O)[C@H]3C[C@H](N)C[C@H]3[C@H]2[C@@H]1c1ccc(F)cc1)c1cc(C(F)(F)F)cc(C(F)(F)F)c1,9.95860731484178,5.671200000000005
CC(=O)N1CCC(C(=O)N2CC[C@@H](N(C)C(=O)N(C)c3cc(C(F)(F)F)cc(C(F)(F)F)c3)[C@H](c3ccc(F)cc3)C2)CC1,9.95860731484178,5.9945000000000075
Cc1noc(C)c1C1=CC(=O)N2C[C@H](O[C@H](C)c3cc(C(F)(F)F)cc(C(F)(F)F)c3)[C@@H](c3ccc(F)cc3)C2C1,9.95860731484178,7.396240000000006
C[C@@H](O[C@H]1CN2C(=O)C=C(c3ccnc(F)c3)CC2[C@@H]1c1ccc(F)cc1)c1cc(C(F)(F)F)cc(C(F)(F)F)c1,9.95860731484178,7.325500000000005
CNC(=O)C(=O)N1CC[C@H](C(=O)N(C)Cc2cc(C(F)(F)F)cc(C(F)(F)F)c2)[C@@H](c2ccc(F)cc2C)C1,9.95860731484178,4.508420000000004
COc1ccccc1N1CCN(C(=O)CCc2c(-c3ccc(Cl)cc3)n(C)c3ccc(C)cc23)CC1,9.95860731484178,6.0971200000000065
C[C@@H](O[C@@H]1CN(C2=CC(=O)CC2)C[C@H]1c1ccc(F)cc1)c1cc(C(F)(F)F)cc(C(F)(F)F)c1,9.95860731484178,6.655700000000005
C[C@@H](O[C@H]1CN2C(=O)C=C(c3ncco3)CC2[C@@H]1c1ccc(F)cc1)c1cc(C(F)(F)F)cc(C(F)(F)F)c1,9.95860731484178,6.779400000000005
CC1CC(=O)C=C1N1C[C@@H](O[C@H](C)c2cc(C(F)(F)F)cc(C(F)(F)F)c2)[C@H](c2ccc(F)cc2)C1,9.95860731484178,6.901700000000005
CNC(=O)N1C[C@@H](O[C@H](C)c2cc(C(F)(F)F)cc(C(F)(F)F)c2)[C@H](c2ccc(F)cc2)C1,9.95860731484178,5.748300000000005
COc1ccc(-n2nnnc2C(F)(F)F)cc1[C@H]1COC2(CCCNC2c2ccccc2)C1,9.95860731484178,4.057100000000003
COc1ccc(N(C)S(C)(=O)=O)cc1CN[C@H]1CCCN[C@H]1c1ccccc1,9.95860731484178,2.6739000000000006
CC(=O)N1C[C@H]2CC[C@H](O[C@H](C)c3cc(C(F)(F)F)cc(C(F)(F)F)c3)[C@@H](c3ccc(F)cc3)[C@@H]2C1,9.95860731484178,6.981600000000006
COc1ccc(-n2nnnc2C(F)(F)F)cc1[C@H]1COC2(CCCN(Cc3c[nH]cn3)C2c2ccccc2)C1,9.95860731484178,4.6928000000000045
CC(=O)N1CCN([C@H]2CCN(C(=O)N(C)Cc3cc(C(F)(F)F)cc(C(F)(F)F)c3)[C@@H](c3ccc(F)cc3C)C2)CC1,9.92996213339225,6.093320000000007
Cc1ccc(-c2c(CCC(=O)N3CCC(O)(Cc4ccccc4)CC3)c3cc(Cl)ccc3n2C)cn1,9.92081875395238,5.730920000000006
CC(=O)N1CCC(C(=O)N2C[C@H](C(=O)N(C)Cc3cc(C(F)(F)F)cc(C(F)(F)F)c3)[C@@H](c3ccccc3)C2)CC1,9.92081875395238,5.183300000000005
Cn1c(-c2ccc(C(F)(F)F)cn2)c(CCC(=O)N2CCC(O)(Cc3ccccc3)CC2)c2cc(Cl)ccc21,9.92081875395238,6.441300000000005
Cc1cnc(C(=O)N2C[C@@H](O[C@H](C)c3cc(C(F)(F)F)cc(C(F)(F)F)c3)[C@H](c3ccc(F)cc3)C2)cn1,9.92081875395238,6.347720000000005
C[C@@H](O[C@@H]1CN(C(=O)[C@@H]2CCC(=O)N2C)C[C@H]1c1ccc(F)cc1)c1cc(C(F)(F)F)cc(C(F)(F)F)c1,9.92081875395238,5.556300000000006
C[C@@H](O[C@@H]1CN(C2=CC(=O)N(C)C2)C[C@H]1c1ccc(F)cc1)c1cc(C(F)(F)F)cc(C(F)(F)F)c1,9.92081875395238,5.764800000000005
C[C@@H](O[C@H]1CCC(=O)N(C)C[C@@H]1c1ccc(F)cc1)c1cc(C(F)(F)F)cc(C(F)(F)F)c1,9.92081875395238,6.345500000000005
COc1ccc(-n2ncnn2)cc1CN[C@H]1CCCN[C@H]1c1ccccc1,9.89997426989214,2.2538
CC(=O)N1CCN([C@H]2CCN(C(=O)N(C)[C@H](C)c3cc(C(F)(F)F)cc(C(F)(F)F)c3)[C@@H](c3ccc(F)cc3C)C2)CC1,9.89997426989214,6.654320000000007
C[C@@H](O[C@H]1CN2C(=O)CC(NCc3ccn[nH]3)[C@H]2[C@@H]1c1ccc(F)cc1)c1cc(C(F)(F)F)cc(C(F)(F)F)c1,9.88605664769316,5.589300000000004
C[C@@H](O[C@H]1CN2C(=O)C=C(c3cnn(C)c3)CC2[C@@H]1c1ccc(F)cc1)c1cc(C(F)(F)F)cc(C(F)(F)F)c1,9.88605664769316,6.524900000000005
C[C@@H](O[C@@H]1CN(C2=CC(=O)CC(C)(C)C2)C[C@H]1c1ccccc1)c1cc(C(F)(F)F)cc(C(F)(F)F)c1,9.88605664769316,7.542800000000007
CC1=C(N2C[C@@H](O[C@H](C)c3cc(C(F)(F)F)cc(C(F)(F)F)c3)[C@H](c3ccc(F)cc3)C2)CCC1=O,9.88605664769316,7.045800000000006
C[C@@H](O[C@H]1CN2C(=O)C(NCc3nn[nH]c3CN(C)C)C[C@H]2[C@@H]1c1ccc(F)cc1)c1cc(C(F)(F)F)cc(C(F)(F)F)c1,9.88605664769316,5.045900000000005
COc1ccc(-n2nnnc2C(F)(F)F)cc1CN[C@H]1CCN(C(=O)N(C)C)C[C@H]1c1ccccc1,9.88605664769316,3.3190000000000026
C[C@@H](O[C@H]1CC[C@@H]2CN(C3=CC(=O)CCC3)C[C@H]2[C@@H]1c1ccc(F)cc1)c1cc(C(F)(F)F)cc(C(F)(F)F)c1,9.88605664769316,8.072000000000006
COc1ccc(OC(F)(F)F)cc1CNC1CCC2CCC1(c1ccccc1)N2,9.88605664769316,4.493300000000002
FC(F)(F)c1cc(CO[C@H]2OCCN(Cn3cncn3)[C@H]2c2ccccc2)cc(C(F)(F)F)c1,9.88605664769316,4.889600000000004
CN(C(=O)CN1CCN(C(=O)CCc2c(-c3ccc(Cl)cc3)n(C)c3ccc(Cl)cc23)CC1)c1ccccc1,9.88605664769316,5.891900000000006
Cc1cc(F)ccc1[C@H]1C[C@H](N2CCN3C(=O)CC[C@@H]3C2)CCN1C(=O)N(C)[C@H](C)c1cc(C(F)(F)F)cc(C(F)(F)F)c1,9.86012091359876,6.796820000000007
COc1ccccc1N1CCN(C(=O)CCc2c(-c3ccc(C(F)(F)F)cc3)n(C)c3ccc(C)cc23)CC1,9.85387196432176,6.462520000000007
COc1ccc(Cl)cc1CN[C@H]1CCCN[C@H]1c1ccccc1,9.85387196432176,3.9315000000000024
C[C@@H](O[C@@H]1CN(C(=O)NC(C)(C)C)C[C@H]1c1ccc(F)cc1)c1cc(C(F)(F)F)cc(C(F)(F)F)c1,9.85387196432176,6.917000000000005
C[C@@H](O[C@H]1CN2C(=O)[C@@H]3C[C@@H](NCc4ccccc4)C[C@@H]3[C@H]2[C@@H]1c1ccc(F)cc1)c1cc(C(F)(F)F)cc(C(F)(F)F)c1,9.85387196432176,7.502300000000006
C[C@@H](O[C@H]1CN2C(=O)[C@H]3C[C@H](NCc4ccccc4)C[C@H]3[C@H]2[C@@H]1c1ccc(F)cc1)c1cc(C(F)(F)F)cc(C(F)(F)F)c1,9.85387196432176,7.502300000000006
COc1ccccc1N1CCN(C(=O)CCc2c(-c3ccc(Br)cc3)n(C)c3ccc(C)cc23)CC1,9.85387196432176,6.206220000000006
C[C@@H](O[C@H]1CCC(=O)NC[C@@H]1c1ccc(F)cc1)c1cc(C(F)(F)F)cc(C(F)(F)F)c1,9.85387196432176,6.003300000000004
CC(=O)N1CCC(C(=O)N2CC[C@H](C(=O)N(C)Cc3cc(C(F)(F)F)cc(C(F)(F)F)c3)[C@@H](c3cccc(C)c3)C2)CC1,9.85387196432176,5.8818200000000065
C[C@@H](O[C@H]1CN2C(=O)C=C(c3ccncc3)CC2[C@@H]1c1ccc(F)cc1)c1cc(C(F)(F)F)cc(C(F)(F)F)c1,9.85387196432176,7.186400000000005
C[C@@H](O[C@H]1CN2C(=O)OC[C@@H]2[C@@H]1c1ccc(F)cc1)c1cc(C(F)(F)F)cc(C(F)(F)F)c1,9.85387196432176,5.927700000000004
CCOc1ccc(OC(F)(F)F)cc1CN[C@H]1CCCN[C@H]1c1ccccc1,9.85387196432176,4.566800000000003
C[C@@H](O[C@H]1CC[C@@H](N(C)C[C@@H]2CCC(=O)N2C)[C@@H]1c1ccc(F)cc1)c1cc(C(F)(F)F)cc(C(F)(F)F)c1,9.85387196432176,6.808300000000007
COc1ccc(C2CCN(CC[C@H](CN(C)C(=O)c3cc(C#N)cc4ccccc34)c3ccc(Cl)c(Cl)c3)CC2)c([S@+](C)[O-])c1,9.85387196432176,7.889780000000008
Cc1cc(F)ccc1[C@H]1C[C@@H](N2CCCC2)CCN1C(=O)N(C)[C@H](C)c1cc(C(F)(F)F)cc(C(F)(F)F)c1,9.84985783815144,7.586020000000007
Cc1noc(C2=CC(=O)N3C[C@H](O[C@H](C)c4cc(C(F)(F)F)cc(C(F)(F)F)c4)[C@@H](c4ccc(F)cc4)C3C2)n1,9.82390874094432,6.482820000000005
Cn1c(-c2ccc(Cl)cc2)c(CCC(=O)N2CCC(O)(Cc3ccccc3)CC2)c2cc(Cl)cnc21,9.82390874094432,6.075900000000005
C[C@@H](O[C@H]1CC[C@@H]2CNC[C@H]2[C@@H]1c1ccc(F)cc1)c1cc(C(F)(F)F)cc(C(F)(F)F)c1,9.82390874094432,6.722700000000005
C[C@@H](O[C@H]1CN2C(=O)C=C(c3ccc[n+]([O-])c3)CC2[C@@H]1c1ccc(F)cc1)c1cc(C(F)(F)F)cc(C(F)(F)F)c1,9.82390874094432,6.424800000000005
C[C@@H](O[C@H]1CN2C(=O)C=C(c3cn[nH]c3)CC2[C@@H]1c1ccc(F)cc1)c1cc(C(F)(F)F)cc(C(F)(F)F)c1,9.82390874094432,6.514500000000004
COc1ccccc1CN(C[C@@H](Cc1c[nH]c2ccccc12)NC(=O)CN1CCC(N2CCCCC2)CC1)C(C)=O,9.82390874094432,4.202800000000003
CC(C)C(=O)N1C[C@@H](O[C@H](C)c2cc(C(F)(F)F)cc(C(F)(F)F)c2)[C@H](c2ccc(F)cc2)C1,9.82390874094432,6.591500000000006
Cc1cc(F)ccc1-c1cc(C2CC(=O)NC2CO)ncc1N(C)C(=O)C(C)(C)c1cc(C(F)(F)F)cc(C(F)(F)F)c1,9.79997073344623,6.1387200000000055
COc1ccc(-c2cncnc2)cc1CN[C@H]1CCCN[C@H]1c1ccccc1,9.79997073344623,3.735100000000002
COc1ccc(F)cc1CN[C@H]1CCCN[C@H]1c1ccccc1,9.79997073344623,3.417200000000002
Cc1cc(F)ccc1-c1cc(C2CNC(=O)C2)ncc1N(C)C(=O)C(C)(C)c1cc(C(F)(F)F)cc(C(F)(F)F)c1,9.79997073344623,6.7778200000000055
COc1ccc(-n2cncn2)cc1CN[C@H]1CCCN[C@H]1c1ccccc1,9.79997073344623,2.8588000000000005
COc1ccc(OC(F)(F)F)cc1CN[C@H]1CCN(C(C)=O)C[C@H]1c1ccccc1,9.79588001734408,4.088000000000004
C[C@@H](O[C@H]1CC[C@@H](N(C)Cc2nc[nH]n2)[C@@H]1c1ccc(F)cc1)c1cc(C(F)(F)F)cc(C(F)(F)F)c1,9.79588001734408,6.505800000000005
CCN(Cc1nc[nH]n1)[C@@H]1CC[C@H](O[C@H](C)c2cc(C(F)(F)F)cc(C(F)(F)F)c2)[C@H]1c1ccc(F)cc1,9.79588001734408,6.895900000000006
C[C@@H](O[C@H]1CN2C(=O)C=C(N3CCC(O)CC3)CC2[C@@H]1c1ccc(F)cc1)c1cc(C(F)(F)F)cc(C(F)(F)F)c1,9.79588001734408,6.048400000000005
C[C@@H](O[C@@H]1CN(C2=CC(=O)OC2)C[C@H]1c1ccc(F)cc1)c1cc(C(F)(F)F)cc(C(F)(F)F)c1,9.79588001734408,5.849600000000004
Cn1c(-c2ccc(Cl)cc2)c(CCC(=O)N2CCC(O)(Cc3ccccc3)CC2)c2cc(Cl)ccc21,9.79588001734408,6.680900000000006
C[C@@H](O[C@@H]1CN(C(=O)N2CCOCC2)C[C@H]1c1ccccc1)c1cc(C(F)(F)F)cc(C(F)(F)F)c1,9.79588001734408,5.722000000000006
CC[C@]1(O)C[C@H]2[C@H]3[C@H](c4ccc(F)cc4)[C@@H](O[C@H](C)c4cc(C(F)(F)F)cc(C(F)(F)F)c4)CN3C(=O)[C@H]2C1,9.79588001734408,6.485000000000006
C[C@@H](O[C@H]1CN2C(=O)C=C(c3cncnc3)CC2[C@@H]1c1ccc(F)cc1)c1cc(C(F)(F)F)cc(C(F)(F)F)c1,9.79588001734408,6.581400000000005
CCC(=O)N(c1ccccc1)C1CCN(C(=O)CCc2c(-c3ccc(Cl)cc3)n(C)c3ccc(Cl)cc23)CC1,9.79588001734408,7.518900000000007
O=C(CCCN1CCOCC1)N[C@@H](Cc1c[nH]c2ccccc12)C(=O)CCc1cc(C(F)(F)F)cc(C(F)(F)F)c1,9.77006231409207,5.547100000000006
COc1ccccc1CN[C@H]1CCCN[C@H]1c1ccccc1,9.77006231409207,3.278100000000001
Cc1cc(F)ccc1[C@H]1C[C@@H](NC2CCC2)CCN1C(=O)N(C)[C@H](C)c1cc(C(F)(F)F)cc(C(F)(F)F)c1,9.77006231409207,7.632320000000006
COc1ccccc1CNC1CCCN[C@H]1c1ccccc1,9.76955107862173,3.278100000000001
CC(=O)N1CCC(C(=O)N2C[C@@H](c3nc(C(C)(C)c4cc(C(F)(F)F)cc(C(F)(F)F)c4)no3)[C@H](c3ccc(F)cc3C)C2)CC1,9.76955107862173,6.848720000000007
CC(=O)N1CCC(C(=O)N2CCC(C(=O)N(C)Cc3cc(C(F)(F)F)cc(C(F)(F)F)c3)=C(c3ccccc3)C2)CC1,9.76955107862173,5.627200000000006
COc1c(C#N)cc2ccccc2c1C(=O)N(C)C[C@@H](CCN1CCC(c2ccccc2[S@+](C)[O-])CC1)c1ccc(Cl)c(Cl)c1,9.76955107862173,7.889780000000008
CCNC(=O)N1CC[C@H](NCc2cc(OC(F)(F)F)ccc2OC)[C@H](c2ccccc2)C1,9.76955107862173,4.2710000000000035
COCCN(CC(N)=O)[C@@H]1CC[C@H](O[C@H](C)c2cc(C(F)(F)F)cc(C(F)(F)F)c2)[C@H]1c1ccc(F)cc1,9.76955107862173,5.689400000000006
C[C@@H](O[C@H]1CN2C(=O)[C@H]3C[C@@H](NCc4ccccc4)C[C@H]3[C@H]2[C@@H]1c1ccc(F)cc1)c1cc(C(F)(F)F)cc(C(F)(F)F)c1,9.76955107862173,7.502300000000006
COc1ccccc1CO[C@H]1C2CCN(CC2)[C@H]1c1ccccc1,9.76955107862173,4.0473000000000035
Cc1cc(F)ccc1[C@H]1C[C@@H](N2CCC2)CCN1C(=O)N(C)[C@H](C)c1cc(C(F)(F)F)cc(C(F)(F)F)c1,9.75006824336581,7.195920000000006
C[C@@H](O[C@@H]1CN(C(=O)C(C)(C)C)C[C@H]1c1ccccc1)c1cc(C(F)(F)F)cc(C(F)(F)F)c1,9.74472749489669,6.842500000000006
CC(=O)N1CCC(C(=O)N2CC[C@H](C(=O)N(C)Cc3cc(C(F)(F)F)cc(C(F)(F)F)c3)[C@@H](c3ccc(C)cc3)C2)CC1,9.74472749489669,5.8818200000000065
C[C@@H](O[C@H]1CN2C(=O)C=C(c3cccnc3)CC2[C@@H]1c1ccc(F)cc1)c1cc(C(F)(F)F)cc(C(F)(F)F)c1,9.74472749489669,7.186400000000005
CC(=O)N(Cc1ccccc1Cl)CC(Cc1c[nH]c2ccccc12)NC(=O)CN1CCC(N2CCCCC2)CC1,9.74472749489669,4.847600000000004
COc1ccccc1CN(C[C@@H](Cc1c[nH]c2ccccc12)NC(=O)CN1CCN(C2CCCCC2)CC1)C(C)=O,9.74472749489669,4.202800000000003
C[C@@H](O[C@@H]1CN(C2=CC(=O)C(C)(C)CC2)C[C@H]1c1ccccc1)c1cc(C(F)(F)F)cc(C(F)(F)F)c1,9.74472749489669,7.542800000000007
C[C@@H](O[C@H]1CN2C(=O)C=C(C3=CCC(O)CC3)CC2[C@@H]1c1ccc(F)cc1)c1cc(C(F)(F)F)cc(C(F)(F)F)c1,9.74472749489669,7.105400000000007
C[C@@H](O[C@H]1CN2C(=O)C=C(C3=CCN(C(C)(C)C)CC3)CC2[C@@H]1c1ccc(F)cc1)c1cc(C(F)(F)F)cc(C(F)(F)F)c1,9.74472749489669,8.064800000000007
CC(C)Oc1ccc(OC(F)(F)F)cc1CN[C@H]1CCCN[C@H]1c1ccccc1,9.74472749489669,4.955300000000004
C[C@@H](O[C@H]1CN2C(=O)C=C(C3=CCOCC3)CC2[C@@H]1c1ccc(F)cc1)c1cc(C(F)(F)F)cc(C(F)(F)F)c1,9.74472749489669,6.980900000000005
C[C@@H](O[C@H]1CCc2nnc(O)n2C[C@@H]1c1ccc(F)cc1)c1cc(C(F)(F)F)cc(C(F)(F)F)c1,9.72124639904717,6.036800000000005
C[C@@H](OC1OCCN(Cc2n[nH]nc2CN2CCC2)[C@H]1c1ccc(F)cc1)c1cc(C(F)(F)F)cc(C(F)(F)F)c1,9.72124639904717,5.864500000000006
CNC(=O)CN(C)[C@@H]1CC[C@H](O[C@H](C)c2cc(C(F)(F)F)cc(C(F)(F)F)c2)[C@H]1c1ccc(F)cc1,9.72124639904717,5.933500000000005
C[C@@H](O[C@H]1CC[C@@H](N(C)CC(N)=O)[C@@H]1c1ccc(F)cc1)c1cc(C(F)(F)F)cc(C(F)(F)F)c1,9.72124639904717,5.672800000000005
C[C@@H](OC[C@@]1(c2ccccc2)CC[C@@H](C(N)=O)CN1)c1cc(C(F)(F)F)cc(C(F)(F)F)c1,9.72124639904717,5.182200000000004
CC(=O)c1ccc2c(c1)c(CCC(=O)N1CCC(O)(Cc3ccccc3)CC1)c(-c1ccc(Cl)cc1)n2C,9.72124639904717,6.230100000000007
C[C@@H](OC1OCCN(Cc2n[nH]nc2CN(C)C)[C@H]1c1ccc(F)cc1)c1cc(C(F)(F)F)cc(C(F)(F)F)c1,9.72124639904717,5.720400000000006
C/C(CCN1CCN(C(=O)c2cc(C(F)(F)F)cc(C(F)(F)F)c2)[C@H](Cc2c[nH]c3ccccc23)C1)=N/OCCCN1CCOCC1,9.70005709997723,6.079500000000007
CN[C@H]1CCN(C(=O)N(C)Cc2cc(C(F)(F)F)cc(C(F)(F)F)c2)[C@@H](c2ccc(F)cc2C)C1,9.70005709997723,6.148620000000005
Cc1cc(F)ccc1[C@H]1C[C@H](N2CCCC2)CCN1C(=O)N(C)[C@H](C)c1cc(C(F)(F)F)cc(C(F)(F)F)c1,9.70005709997723,7.586020000000007
COc1ccc(-c2nnnn2C)cc1CN[C@H]1CCCN[C@H]1c1ccccc1,9.70005709997723,2.4686000000000003
FC(F)(F)c1cc(CO[C@H]2CCCN(Cc3nc[nH]n3)[C@H]2c2ccccc2)cc(C(F)(F)F)c1,9.70005709997723,5.764800000000004
Cc1cc(F)ccc1[C@H]1C[C@@H](N2CCN3C(=O)CC[C@@H]3C2)CCN1C(=O)N(C)[C@H](C)c1cc(C(F)(F)F)cc(C(F)(F)F)c1,9.70005709997723,6.796820000000007
C[C@@H](O[C@H]1CC[C@@H](N(C)C[C@@H]2CCC(=O)N2)[C@@H]1c1ccc(F)cc1)c1cc(C(F)(F)F)cc(C(F)(F)F)c1,9.69897000433602,6.466100000000005
COc1ccccc1CN[C@H]1C2CCN(CC2)[C@H]1C(c1ccccc1)c1ccccc1,9.69897000433602,5.079700000000005
FC(F)(F)c1cc(CO[C@H]2C3CCN(CC3)[C@H]2C(c2ccccc2)c2ccccc2)cc(C(F)(F)F)c1,9.69897000433602,7.5357000000000065
C[C@@H](OC[C@@]1(c2ccccc2)CC[C@@]2(CN1)COC(=O)N2)c1cc(C(F)(F)F)cc(C(F)(F)F)c1,9.69897000433602,5.559300000000005
C[C@@H](OC[C@@]1(c2ccccc2)C[C@H](N2CCCC2=O)C(=O)N1)c1cc(C(F)(F)F)cc(C(F)(F)F)c1,9.69897000433602,5.208200000000005
FC(F)(F)c1cc(CO[C@H]2C3CCN(CC3)[C@H]2c2ccccc2)cc(C(F)(F)F)c1,9.69897000433602,6.076300000000004
FC(F)(F)c1cc(CO[C@H]2C3CCN(CC3)[C@@H]2C(c2ccccc2)c2ccccc2)cc(C(F)(F)F)c1,9.69897000433602,7.5357000000000065
COc1ccccc1CN[C@@H]1CCCN[C@@H]1c1ccccc1,9.69897000433602,3.278100000000001
Cc1cc(F)ccc1[C@H]1CN(C(=O)C(N)=O)CC[C@@H]1C(=O)N(C)[C@H](C)c1cc(C(F)(F)F)cc(C(F)(F)F)c1,9.69897000433602,4.808720000000004
C[C@@H](OC[C@@]1(c2ccccc2)C[C@@H](N2CCCCC2=O)C(=O)N1)c1cc(C(F)(F)F)cc(C(F)(F)F)c1,9.69897000433602,5.598300000000005
COc1ccc(-n2nnnc2C(F)(F)F)cc1CN[C@@H]1CCN(C(=O)CNC(C)=O)C[C@H]1c1ccccc1,9.69897000433602,2.3000999999999996
C[C@@H](NC(=O)[C@@H](N)Cc1ccc(O)cc1)C(=O)NCC(=O)N[C@@H](Cc1ccc(F)cc1)C(=O)OCc1cc(C(F)(F)F)cc(C(F)(F)F)c1,9.69897000433602,3.5305000000000026
CN1CCC(COCc2cc(-c3ccc(C#N)cc3)cc(C(F)(F)F)c2)(c2ccccc2)CC1,9.69897000433602,6.424280000000007
COc1ccc(C(C)(C)C(F)(F)F)cc1CN[C@H]1CCCN[C@H]1c1ccccc1,9.69897000433602,5.118000000000004
C[C@@H](OC[C@@]1(c2ccccc2)C[C@H](N2CCCCC2=O)C(=O)N1)c1cc(C(F)(F)F)cc(C(F)(F)F)c1,9.69897000433602,5.598300000000005
COc1ccccc1N1CCN(C(=O)CCc2c(-c3ccc(C(C)C)cc3)[nH]c3ccc(C)cc23)CC1,9.69897000433602,6.556720000000007
COCCN[C@H]1CCN(C(=O)N(C)[C@H](C)c2cc(C(F)(F)F)cc(C(F)(F)F)c2)[C@@H](c2ccc(F)cc2C)C1,9.68006156001969,6.726220000000006
CN(Cc1cc(C(F)(F)F)cc(C(F)(F)F)c1)C(=O)c1c(-c2ccc(F)cc2)c2cccnc2c(=O)n1C,9.67778070526608,6.049400000000003
C[C@@H](O[C@H]1OCCN(Cc2nn[nH]c2CN2CCCC2)[C@H]1c1ccc(F)cc1)c1cc(C(F)(F)F)cc(C(F)(F)F)c1,9.67778070526608,6.254600000000006
CC[C@@]1(O)C[C@H]2[C@H]3[C@H](c4ccc(F)cc4)[C@@H](O[C@H](C)c4cc(C(F)(F)F)cc(C(F)(F)F)c4)CN3C(=O)[C@H]2C1,9.67778070526608,6.485000000000006
CC(=O)N1CCC(C(=O)N2CC[C@H](C(=O)N(C)Cc3cc(C(F)(F)F)cc(C(F)(F)F)c3)[C@@H](c3ccccc3C(C)C)C2)CC1,9.67778070526608,6.696800000000008
C[C@@H](O[C@@H]1CN(C2=CC(=O)C(O)C2)C[C@H]1c1ccc(F)cc1)c1cc(C(F)(F)F)cc(C(F)(F)F)c1,9.65757731917779,5.6265000000000045
CN(C)Cc1nc2ccccc2c(-c2ccccc2)c1C(=O)NCc1cc(C(F)(F)F)cc(C(F)(F)F)c1,9.65757731917779,6.9310000000000045
CC(C(=O)NC1(c2ccccc2)CCC(N2CCC3(CCCO3)CC2)CC1)c1cc(C(F)(F)F)cc(C(F)(F)F)c1,9.65757731917779,7.427000000000008
COc1ccc(OC(F)(F)F)cc1CN[C@H]1[C@@H]2COC[C@@H]2N[C@H]1c1ccccc1,9.65757731917779,3.411500000000002
C[C@@H](OC[C@@]1(c2ccccc2)CC[C@H](C(N)=O)CN1)c1cc(C(F)(F)F)cc(C(F)(F)F)c1,9.65757731917779,5.182200000000004
Cn1c(-c2ccc(Cl)cc2)c(CCC(=O)N2CCC(O)(Cc3ccccc3)CC2)c2cc(Cl)ncc21,9.65757731917779,6.075900000000005
Cn1c(-c2ccc(Cl)cc2)c(CCC(=O)N2CCC(O)(Cc3ccccc3)CC2)c2cc(Br)ccc21,9.65757731917779,6.790000000000006
C[C@@H](O[C@H]1CCn2c(O)nnc2C[C@@H]1c1ccc(F)cc1)c1cc(C(F)(F)F)cc(C(F)(F)F)c1,9.65757731917779,6.036800000000005
Cc1cc(F)ccc1[C@H]1CNCCN1C(=O)N(C)[C@H](C)c1cc(C(F)(F)F)cc(C(F)(F)F)c1,9.64994590642097,5.931020000000005
C[C@@H](O[C@H]1CC[C@@H](N(C)Cc2n[nH]c(O)n2)[C@@H]1c1ccc(F)cc1)c1cc(C(F)(F)F)cc(C(F)(F)F)c1,9.63827216398241,6.211400000000005
C[C@@H]1C[C@H](O[C@H](C)c2cc(C(F)(F)F)cc(C(F)(F)F)c2)[C@@H](c2ccc(F)cc2)CNC1=O,9.63827216398241,6.249300000000005
C[C@@H](OC[C@@]1(c2ccccc2)CC[C@H](NC(=O)C2CC2)CN1)c1cc(C(F)(F)F)cc(C(F)(F)F)c1,9.63827216398241,5.975500000000006
COc1ccccc1CN(CC(Cc1c[nH]c2ccccc12)NC(=O)CN1CCC(N2CCCCC2)CC1)C(C)=O,9.63827216398241,4.202800000000003
Cc1cc(F)ccc1[C@H]1C[C@@H](N(C)C)CCN1C(=O)N(C)[C@H](C)c1cc(C(F)(F)F)cc(C(F)(F)F)c1,9.61996975203217,7.051820000000006
Cc1ccc(-c2c(C(=O)N(C)Cc3cc(C(F)(F)F)cc(C(F)(F)F)c3)n(C)c(=O)c3ncccc23)cc1,9.61978875828839,6.218720000000006
O=S(=O)(NCC1CC2(c3ccc(F)cc3)NC1CCC2NCc1cc(OC(F)(F)F)ccc1OC1CC1)c1ccccc1,9.61978875828839,5.369600000000005
O=C(CN1CCCC1)N1CCC(COCc2cc(C(F)(F)F)cc(C(F)(F)F)c2)(c2ccccc2)CC1,9.61978875828839,5.897000000000006
CCN(CC(N)=O)[C@@H]1CC[C@H](O[C@H](C)c2cc(C(F)(F)F)cc(C(F)(F)F)c2)[C@H]1c1ccc(F)cc1,9.61978875828839,6.062900000000005
C[C@@H](O[C@@H]1CN(C=O)C[C@H]1c1ccc(F)cc1)c1cc(C(F)(F)F)cc(C(F)(F)F)c1,9.61978875828839,5.565300000000003
C[C@@H](O[C@H]1OCCN(Cc2nn[nH]c2CN)[C@H]1c1ccc(F)cc1)c1cc(C(F)(F)F)cc(C(F)(F)F)c1,9.60205999132796,5.117500000000004
CN(Cc1cc(C(F)(F)F)cc(C(F)(F)F)c1)C(=O)c1c(-c2ccccc2)c2cccnc2c(=O)n1C,9.60205999132796,5.910300000000004
CCN[C@@H]1CC[C@H](O[C@H](C)c2cc(C(F)(F)F)cc(C(F)(F)F)c2)[C@H]1c1ccc(F)cc1,9.60205999132796,6.865200000000005
CN[C@@H]1CC[C@H](O[C@H](C)c2cc(C(F)(F)F)cc(C(F)(F)F)c2)[C@H]1c1ccc(F)cc1,9.60205999132796,6.475100000000005
COCCN[C@@H]1CC[C@H](O[C@H](C)c2cc(C(F)(F)F)cc(C(F)(F)F)c2)[C@H]1c1ccc(F)cc1,9.60205999132796,6.491700000000006
C[C@@H](O[C@H]1CC[C@@H](N(C)C[C@H]2CCC(=O)N2)[C@@H]1c1ccc(F)cc1)c1cc(C(F)(F)F)cc(C(F)(F)F)c1,9.60205999132796,6.466100000000005
COc1ccc(-n2nnnc2NC(C)=O)cc1CN[C@H]1CCCN[C@H]1c1ccccc1,9.59998036493484,2.2121999999999993
C[C@@H](O[C@H]1CC[C@@H]2CN(C)C[C@H]2[C@@H]1c1ccc(F)cc1)c1cc(C(F)(F)F)cc(C(F)(F)F)c1,9.59345981956605,7.064900000000006
CNC(=O)[C@H]1CC[C@@](CO[C@H](C)c2cc(C(F)(F)F)cc(C(F)(F)F)c2)(c2ccccc2)NC1,9.58502665202918,5.442900000000006
CC(C(=O)N[C@]1(c2ccccc2)CC[C@H](N2CCC(C3CCOC3(C)C)CC2)CC1)c1cc(C(F)(F)F)cc(C(F)(F)F)c1,9.58502665202918,8.309100000000006
COc1ccc(NS(C)(=O)=O)cc1CN1CCC(=O)C(C(c2ccccc2)c2ccccc2)C1,9.58502665202918,4.289800000000004
Cc1cc(C)cc(COC2C3CCN(CC3)C2C(c2ccccc2)c2ccccc2)c1,9.58502665202918,6.114940000000007
C[C@@H](OC[C@@]1(c2ccccc2)CC[C@H](N2CCCC2=O)CN1)c1cc(C(F)(F)F)cc(C(F)(F)F)c1,9.58502665202918,6.071700000000006
CNC(=O)C1(N2CCCCC2=O)CCN(CC[C@H](CN(C)C(=O)c2c(OC)c(C#N)cc3ccccc23)c2ccc(Cl)c(Cl)c2)CC1,9.56863623584101,5.865880000000007
C[C@@H](O[C@H]1OCCN(Cc2n[nH]c(O)n2)[C@H]1c1ccccc1)c1cccc(C(F)(F)F)c1,9.56863623584101,4.206500000000003
C=Cc1ccc2c(c1)c(CCC(=O)N1CCC(O)(Cc3ccccc3)CC1)c(-c1ccc(Cl)cc1)n2C,9.56863623584101,6.670500000000008
C[C@@H](O[C@H]1CN2C(=O)OC[C@@H]2[C@@H]1c1ccccc1)c1cc(C(F)(F)F)cc(C(F)(F)F)c1,9.56863623584101,5.788600000000004
C[C@@H](O[C@H]1CN2C(=O)C=C(c3cc[nH]c(=O)c3)CC2[C@@H]1c1ccc(F)cc1)c1cc(C(F)(F)F)cc(C(F)(F)F)c1,9.56863623584101,6.479700000000005
C[C@@H](O[C@H]1CC[C@@H](N(C)C(=O)Cc2c[nH]cn2)[C@@H]1c1ccc(F)cc1)c1cc(C(F)(F)F)cc(C(F)(F)F)c1,9.56863623584101,6.679900000000005
O=C(NS(=O)(=O)c1ccccc1)C1CC2(c3ccc(F)cc3)NC1CCC2NCc1cc(OC(F)(F)F)ccc1OC1CC1,9.56863623584101,4.896200000000004
Cc1cc(F)ccc1[C@H]1C[C@@H](N2CCCC2)CCN1C(=O)N(C)Cc1cc(C(F)(F)F)cc(C(F)(F)F)c1,9.5600360640791,7.025020000000007
COc1ccccc1N1CCN(C(=O)CCc2c(-c3ccc(Cl)cc3)n(C)c3ccc(Cl)cc23)CC1,9.55284196865778,6.442100000000005
Cc1ccc(-c2c3n(c(=O)c4ncccc24)C[C@@H](C)CN(Cc2cc(C(F)(F)F)cc(C(F)(F)F)c2)C3=O)cc1,9.55284196865778,6.7016200000000055
C[C@@H](O[C@H]1CN(C(=O)OC(C)(C)C)[C@@H](CO)[C@@H]1c1ccc(F)cc1)c1cc(C(F)(F)F)cc(C(F)(F)F)c1,9.55284196865778,6.7049000000000065
C[C@@H](O[C@H]1CC[C@@H](N(C)CC(=O)N(C)CCO)[C@@H]1c1ccc(F)cc1)c1cc(C(F)(F)F)cc(C(F)(F)F)c1,9.55284196865778,5.6382000000000065
C[C@@H](OC[C@@]1(c2ccccc2)CC[C@H](NC2=NCCO2)CN1)c1cc(C(F)(F)F)cc(C(F)(F)F)c1,9.55284196865778,5.425100000000005
C[C@@H](O[C@H]1CCc2nccn2C[C@@H]1c1ccc(F)cc1)c1cc(C(F)(F)F)cc(C(F)(F)F)c1,9.55284196865778,6.936200000000005
O=C(NC(CO)c1cc(C(F)(F)F)cc(C(F)(F)F)c1)[C@]1(c2ccccc2)CC[C@@H](N2CCC(c3ccc(F)cc3)CC2)CC1,9.53760200210104,7.7731000000000074
CCC(=O)N[C@H]1CC[C@@](CO[C@H](C)c2cc(C(F)(F)F)cc(C(F)(F)F)c2)(c2ccccc2)NC1,9.53760200210104,5.9755000000000065
CNCc1n[nH]nc1CN1CCOC(O[C@H](C)c2cc(C(F)(F)F)cc(C(F)(F)F)c2)[C@@H]1c1ccc(F)cc1,9.53760200210104,5.378200000000005
C[C@@H](OC[C@]1(c2ccccc2)C[C@H](N2CCCC2=O)C1)c1cc(C(F)(F)F)cc(C(F)(F)F)c1,9.52287874528034,6.524600000000005
CC(=O)N1C[C@H](O[C@H](C)c2cc(C(F)(F)F)cc(C(F)(F)F)c2)[C@@H](c2ccc(F)cc2)[C@@H]1CO,9.52287874528034,5.316300000000005
COCCNC(=O)CN(C)[C@@H]1CC[C@H](O[C@H](C)c2cc(C(F)(F)F)cc(C(F)(F)F)c2)[C@H]1c1ccc(F)cc1,9.52287874528034,5.950100000000007
CO/N=C(\CN(C)C(=O)c1cc(Cl)cc(Cl)c1)[C@H](CCN1CCC(N2CCCN(CC(N)=O)C2=O)CC1)c1ccc(Cl)c(Cl)c1,9.52287874528034,5.625900000000006
O=C(CCCN1CCCC1)N[C@@H](Cc1c[nH]c2ccccc12)C(=O)CCc1cc(C(F)(F)F)cc(C(F)(F)F)c1,9.52287874528034,6.310700000000005
CC(=O)N1CCN(C(=O)N2C[C@@H](O[C@H](C)c3cc(C(F)(F)F)cc(C(F)(F)F)c3)[C@H](c3ccc(F)cc3)C2)CC1,9.52287874528034,5.693000000000006
CC(C(=O)N[C@]1(c2ccccc2)CC[C@@H](N2CCC3(CC2)OCCO3)CC1)c1cc(C(F)(F)F)cc(C(F)(F)F)c1,9.52287874528034,6.620900000000007
COc1ccc(OC(F)(F)F)cc1[C@H]1COC2(CCCN[C@H]2c2ccccc2)C1,9.52287874528034,4.961200000000004
CCC(=O)N[C@H]1C[C@@](CO[C@H](C)c2cc(C(F)(F)F)cc(C(F)(F)F)c2)(c2ccccc2)NC1=O,9.52287874528034,5.112000000000005
CCC(=O)N[C@@H]1C[C@@](CO[C@H](C)c2cc(C(F)(F)F)cc(C(F)(F)F)c2)(c2ccccc2)NC1=O,9.52287874528034,5.112000000000005
C[C@@H](OC[C@@]1(c2ccccc2)CCCCN1)c1cc(C(F)(F)F)cc(C(F)(F)F)c1,9.52287874528034,6.470800000000005
CC(=O)N[C@H]1C[C@@](CO[C@H](C)c2cc(C(F)(F)F)cc(C(F)(F)F)c2)(c2ccccc2)NC1=O,9.52287874528034,4.721900000000005
COc1cc(C(=O)N2CC[C@](CCN3CCC(C(N)=O)(c4ccccc4)CC3)(c3ccc(Cl)c(Cl)c3)C2)cc(OC)c1OC,9.52287874528034,5.712300000000005
CN(C)C(=O)CN1CCC[C@H](OCc2cc(C(F)(F)F)cc(C(F)(F)F)c2)[C@@H]1c1ccccc1,9.52287874528034,5.534700000000005
Cn1c(-c2ccc(Cl)cc2)c(CCC(=O)N2CCN(Cc3ccccc3)CC2)c2cc(Cl)ccc21,9.52287874528034,6.429100000000005
COC(=O)c1ccccc1NC(=O)N1CCC[C@H]1C(=O)N[C@@H](Cc1ccc2ccccc2c1)C(=O)N(C)Cc1ccccc1,9.52287874528034,5.008800000000004
Cc1cc(F)ccc1-c1cc(N2CCN(S(C)(=O)=O)[C@@H](C)C2)ncc1N(C)C(=O)C(C)(C)c1cc(C(F)(F)F)cc(C(F)(F)F)c1,9.52287874528034,6.644420000000007
C[C@@H](OCC1(c2ccccc2)CC(NCc2ccccc2)C1)c1cc(C(F)(F)F)cc(C(F)(F)F)c1,9.52287874528034,7.692000000000006
COC(=O)N1CC[C@H](NCc2cc(OC(F)(F)F)ccc2OC)[C@H](c2ccccc2)C1,9.50863830616573,4.307900000000004
C[C@@H](O[C@H]1CN2C(=O)C3CNCC3[C@H]2[C@@H]1c1ccc(F)cc1)c1cc(C(F)(F)F)cc(C(F)(F)F)c1,9.50863830616573,5.153300000000004
O=C(Cn1ccnc1)N1CCC(COCc2cc(C(F)(F)F)cc(C(F)(F)F)c2)(c2ccccc2)CC1,9.49485002168009,5.697900000000005
Cc1cc(I)cc(COC2C3CCN(CC3)C2C(c2ccccc2)c2ccccc2)c1,9.49485002168009,6.411120000000007
Cc1cc(F)ccc1[C@H]1C[C@@H](NC2CC2)CCN1C(=O)N(C)[C@H](C)c1cc(C(F)(F)F)cc(C(F)(F)F)c1,9.48999148705977,7.242220000000006
CC(C(=O)NC1(c2ccccc2)CCC(N2CCC(O)(Cc3ccccc3)CC2)CC1)c1cc(C(F)(F)F)cc(C(F)(F)F)c1,9.48148606012211,7.851600000000008
COc1ccccc1N1CCN(C(=O)CCc2c(-c3ccc(C(C)C)cc3)n(C)c3ccc(C)cc23)CC1,9.48148606012211,6.567120000000007
C[C@@H](O[C@@H]1[C@@H](c2ccc(F)cc2)CN2C(=O)OC[C@@H]12)c1cc(C(F)(F)F)cc(C(F)(F)F)c1,9.48148606012211,5.927700000000004
C[C@@H](OC[C@@]1(c2ccccc2)CC[C@H](Nc2ncccn2)CN1)c1cc(C(F)(F)F)cc(C(F)(F)F)c1,9.48148606012211,6.351400000000005
CC1(c2cc(C(F)(F)F)cc(C(F)(F)F)c2)CCN([C@]2(c3ccccc3)CC[C@@H](N3CCC4(CCOC4)CC3)CC2)C1=O,9.48148606012211,7.554800000000007
C[C@@H](O[C@H]1CCC(=O)N(C)[C@@H](C)[C@@H]1c1ccc(F)cc1)c1cc(C(F)(F)F)cc(C(F)(F)F)c1,9.48148606012211,6.734000000000005
COc1ccccc1CN[C@H]1C2CCN(CC2)[C@@H]1C(c1ccccc1)c1ccccc1,9.48148606012211,5.079700000000005
COc1ccc(OC(F)(F)F)cc1CN1CCC(=O)C(C(c2ccccc2)c2ccccc2)C1,9.46852108295775,5.816900000000006
CC(C(=O)NC1(c2ccccc2)CCC(N2CCC3(CCOC3)CC2)CC1)c1cc(C(F)(F)F)cc(C(F)(F)F)c1,9.46852108295775,7.2845000000000075
C[C@@H](O[C@H]1CC[C@@H](NC[C@@H]2CCC(=O)N2)[C@@H]1c1ccc(F)cc1)c1cc(C(F)(F)F)cc(C(F)(F)F)c1,9.46852108295775,6.123900000000004
CC(C)CCN1CCN(C(=O)CCc2c(-c3ccc(Cl)cc3)n(C)c3ccc(Cl)cc23)CC1,9.46852108295775,6.275000000000007
C[C@@H](OC[C@@]1(c2ccccc2)CC[C@H](C(=O)NC2CC2)CN1)c1cc(C(F)(F)F)cc(C(F)(F)F)c1,9.46852108295775,5.975500000000006
C[C@@H](O[C@@H]1CN(C(=O)[C@@H]2COC(=O)N2)C[C@H]1c1ccc(F)cc1)c1cc(C(F)(F)F)cc(C(F)(F)F)c1,9.46852108295775,5.043900000000004
COc1ccccc1CN(CC(Cc1c[nH]c2ccccc12)NC(=O)CN1CCN(C2CCCCC2)CC1)C(C)=O,9.46852108295775,4.202800000000003
O=C(NCc1cc(C(F)(F)F)cc(C(F)(F)F)c1)[C@]1(c2ccccc2)CC[C@H](N2CCC(c3ccc(F)cc3)CC2)CC1,9.46852108295775,8.239700000000006
CC(C(=O)N[C@]1(c2ccccc2)CC[C@@H](N2CCC3(CCOC3)CC2)CC1)c1cc(C(F)(F)F)cc(C(F)(F)F)c1,9.46852108295775,7.2845000000000075
O=C(NCc1cc(C(F)(F)F)cc(C(F)(F)F)c1)[C@]1(c2ccccc2)CC[C@@H](N2CCC(c3ccc(F)cc3)CC2)CC1,9.46852108295775,8.239700000000006
COc1cc2c(cc1CN[C@H]1CCCN[C@H]1c1ccccc1)[C@@](C)(C(F)(F)F)OCC2,9.46852108295775,4.628300000000004
COc1ccc(OC(F)(F)F)cc1C1=CC2(CCCNC2c2ccccc2)OC1,9.45593195564972,4.870900000000004
CC(C(=O)NC1(c2ccccc2)CCC(N2CCC3(CC2)CCC(C)(C)O3)CC1)c1cc(C(F)(F)F)cc(C(F)(F)F)c1,9.45593195564972,8.205600000000008
CC(C)N(Cc1[nH]nnc1CN1CCO[C@H](O[C@H](C)c2cc(C(F)(F)F)cc(C(F)(F)F)c2)[C@@H]1c1ccc(F)cc1)C(C)C,9.45593195564972,7.277600000000007
CC(=O)N[C@@H]1CC[C@@](CO[C@H](C)c2cc(C(F)(F)F)cc(C(F)(F)F)c2)(c2ccccc2)NC1,9.45593195564972,5.585400000000006
CC(NC(=O)[C@]1(c2ccccc2)CC[C@@H](N2CCC(c3ccc(F)cc3)CC2)CC1)c1cc(C(F)(F)F)cc(C(F)(F)F)c1,9.45593195564972,8.800700000000003
Cn1c(-c2ccc(Cl)cc2)c(CCC(=O)N2CCN(C3CCCCC3)CC2)c2cc(Cl)ccc21,9.45593195564972,6.5616000000000065
COc1ccccc1CN1CCN2CCC[C@H]1[C@@H]2c1ccccc1,9.43997375108711,3.7165000000000026
O=C(CCC1CCNCC1)N[C@@H](Cc1c[nH]c2ccccc12)C(=O)CCc1cc(C(F)(F)F)cc(C(F)(F)F)c1,9.43179827593301,6.214500000000005
CCNC(=O)[C@H]1CC[C@@](CO[C@H](C)c2cc(C(F)(F)F)cc(C(F)(F)F)c2)(c2ccccc2)NC1,9.43179827593301,5.833000000000006
C[C@@H](O[C@H]1CC[C@@H](N(C)CC(=O)N2CCOCC2)[C@@H]1c1ccc(F)cc1)c1cc(C(F)(F)F)cc(C(F)(F)F)c1,9.42021640338319,6.046300000000007
Cc1ccc(-c2c3n(c(=O)c4ncccc24)CCCCN(Cc2cc(C(F)(F)F)cc(C(F)(F)F)c2)C3=O)cc1,9.42021640338319,6.845720000000005
C[C@@H](OC[C@@]1(c2ccccc2)CC[C@]2(CCOC(=O)N2)CN1)c1cc(C(F)(F)F)cc(C(F)(F)F)c1,9.42021640338319,5.949400000000005
C[C@@H](O[C@@H]1CN(C(=O)N(C)C)C[C@H]1c1ccc(F)cc1)c1cc(C(F)(F)F)cc(C(F)(F)F)c1,9.42021640338319,6.090500000000005
Cn1c(-c2ccc(Cl)cc2)c(CCC(=O)N2CCN(Cc3ccccc3)C(=O)C2)c2cc(Cl)ccc21,9.4089353929735,5.9557000000000055
CC(C(=O)N[C@]1(c2ccccc2)CC[C@@H](N2CCN(C(C)C)CC2)CC1)c1cc(C(F)(F)F)cc(C(F)(F)F)c1,9.4089353929735,6.808000000000008
C[C@@H](O[C@H]1CC[C@@H](N(C)CC(=O)N(C)C)[C@@H]1c1ccc(F)cc1)c1cc(C(F)(F)F)cc(C(F)(F)F)c1,9.4089353929735,6.275700000000006
C[C@@H](O[C@H]1CN2C(=O)C=C(c3ccc(CO)cc3)CC2[C@@H]1c1ccc(F)cc1)c1cc(C(F)(F)F)cc(C(F)(F)F)c1,9.4089353929735,7.283700000000006
CN(Cc1ccccc1)C(=O)CN1CCC[C@H](OCc2cc(C(F)(F)F)cc(C(F)(F)F)c2)[C@@H]1c1ccccc1,9.4000078224159,7.105100000000007
COc1ccc(-n2nnnc2-c2ccccc2)cc1CN[C@H]1CCCN[C@H]1c1ccccc1,9.4000078224159,3.9208000000000025
C/C(CCN1CCN(C(=O)c2cc(C(F)(F)F)cc(C(F)(F)F)c2)[C@H](Cc2c[nH]c3ccccc23)C1)=N/OCCN1CCOCC1,9.4000078224159,5.689400000000006
COc1ccc(C(=O)c2ccccc2)cc1CN[C@H]1CCCN[C@H]1c1ccccc1,9.4000078224159,4.509100000000003
C[C@@H](OC[C@@]1(c2ccccc2)CC[C@@H](C(=O)NC2CC2)CN1)c1cc(C(F)(F)F)cc(C(F)(F)F)c1,9.39794000867204,5.975500000000006
C[C@@H](OC1CCC2NC1(c1ccccc1)CC2(F)c1nnn(C)n1)c1cc(C(F)(F)F)cc(C(F)(F)F)c1,9.39794000867204,5.6101000000000045
CCc1noc(C2=CC(=O)N3C[C@H](O[C@H](C)c4cc(C(F)(F)F)cc(C(F)(F)F)c4)[C@@H](c4ccc(F)cc4)C3C2)n1,9.39794000867204,6.736800000000006
CN1CCC(N2CC(COCc3cc(C(F)(F)F)cc(C(F)(F)F)c3)(c3ccc(F)cc3)NC2=O)CC1,9.39794000867204,5.3948000000000045
Cc1ccccc1-c1cc(N2CCC(O)CC2)ncc1N(C)C(=O)C(C)(C)c1cc(C(F)(F)F)cc(C(F)(F)F)c1,9.39794000867204,6.996320000000006
C[C@@H](OC[C@@]1(c2ccc(F)cc2)CN(CC(N)=O)C(=O)N1)c1cc(C(F)(F)F)cc(C(F)(F)F)c1,9.39794000867204,4.346900000000002
CCc1c(C#N)cc2ccccc2c1C(=O)N(C)C[C@@H](CCN1CCC(c2ccccc2[S@+](C)[O-])CC1)c1ccc(Cl)c(Cl)c1,9.39794000867204,8.443580000000004
CN(C/C(=N\OCC(=N)NO)[C@H](CCN1CCC(N2CCCCC2=O)CC1)c1ccc(Cl)c(Cl)c1)C(=O)c1cc(Cl)cc(Cl)c1,9.39794000867204,6.351670000000007
COc1ccc(C(C)C(F)(F)F)cc1CN[C@H]1CCCN[C@H]1c1ccccc1,9.39794000867204,4.943900000000004
COc1cc2c(cc1CN[C@H]1CCCN[C@H]1c1ccccc1)C(C(F)(F)F)CC2,9.39794000867204,4.870200000000004
C[C@@H](O[C@H]1CC[C@@H](NCC(N)=O)[C@@H]1c1ccc(F)cc1)c1cc(C(F)(F)F)cc(C(F)(F)F)c1,9.39794000867204,5.330600000000004
Cc1cc(F)ccc1-c1cc(N2CCN(S(C)(=O)=O)CC2)ncc1N(C)C(=O)C(C)(C)c1cc(C(F)(F)F)cc(C(F)(F)F)c1,9.39794000867204,6.255920000000007
C[C@@H](OC[C@]1(c2ccccc2)C[C@@H](N2CCCC2=O)C1)c1cc(C(F)(F)F)cc(C(F)(F)F)c1,9.39794000867204,6.524600000000005
CC(=O)N[C@H]1C[C@](CO[C@H](C)c2cc(C(F)(F)F)cc(C(F)(F)F)c2)(c2ccccc2)C1,9.39794000867204,6.038300000000006
C[C@@H](OC[C@@]1(c2ccccc2)C[C@H](N2CCCC2)C(=O)N1)c1cc(C(F)(F)F)cc(C(F)(F)F)c1,9.39794000867204,5.681600000000005
O=C(Cc1ccncc1)N[C@@H](Cc1c[nH]c2ccccc12)C(=O)CCc1cc(C(F)(F)F)cc(C(F)(F)F)c1,9.39794000867204,6.072400000000004
CO/N=C(\CN(C)C(=O)c1cc(Cl)cc(Cl)c1)[C@H](CCN1CCC(N2CCCN(C)C2=O)CC1)c1ccc(Cl)c(Cl)c1,9.39794000867204,6.770400000000008
C[C@@H](OC[C@@]1(c2ccccc2)CC(N)C(=O)N1)c1cc(C(F)(F)F)cc(C(F)(F)F)c1,9.39794000867204,4.544500000000003
CN(Cc1cc(C(F)(F)F)cc(C(F)(F)F)c1)C(=O)c1c(-c2ccc(F)cc2)c2ccccc2c(=O)n1C,9.39794000867204,6.654400000000003
C[C@@H]1C[C@H](O[C@H](C)c2cc(C(F)(F)F)cc(C(F)(F)F)c2)[C@@H](c2ccc(F)cc2)CC(=O)N1,9.38721614328027,6.391800000000005
C[C@@H](O[C@H]1CC[C@@H](N(C)Cc2c[nH]c(O)n2)[C@@H]1c1ccc(F)cc1)c1cc(C(F)(F)F)cc(C(F)(F)F)c1,9.38721614328027,6.816400000000006
FC(F)Oc1ccccc1CN[C@H]1CCCN[C@H]1c1ccccc1,9.38721614328027,3.8709000000000024
C[C@@H](OC[C@@]1(c2ccccc2)CC[C@]2(CCCC(=O)N2)CN1)c1cc(C(F)(F)F)cc(C(F)(F)F)c1,9.38721614328027,6.1196000000000055
COc1ccc(C(C)C)cc1CN1CCC(=O)C(C(c2ccccc2)c2ccccc2)C1,9.3767507096021,6.041700000000007
Cc1cc(COC[C@H](c2ccccc2)N(C)Cc2n[nH]c(O)n2)cc(C(C)(C)C)c1,9.3767507096021,4.506120000000004
CC(C(=O)NC1(c2ccccc2)CCC(N2CCC(C3CCOC3=O)CC2)CC1)c1cc(C(F)(F)F)cc(C(F)(F)F)c1,9.3767507096021,7.057100000000007
Cc1cc(F)ccc1[C@H]1CNCCN1C(=O)N(C)Cc1cc(C(F)(F)F)cc(C(F)(F)F)c1,9.36997914888659,5.370020000000005
CN(Cc1n[nH]c(O)n1)[C@H](COCc1cc(C(F)(F)F)cc(C(F)(F)F)c1)c1ccccc1,9.36653154442041,4.937800000000003
COc1ccccc1CN(C[C@@H](Cc1c[nH]c2ccccc12)NC(=O)COc1ccc(CO)cc1)C(C)=O,9.36653154442041,3.823800000000003
C[C@@H](OC[C@]1(c2ccccc2)C[C@@](N)(C(N)=O)C1)c1cc(C(F)(F)F)cc(C(F)(F)F)c1,9.36653154442041,4.716400000000003
C[C@@H](O[C@H]1CCn2ccnc2C[C@@H]1c1ccc(F)cc1)c1cc(C(F)(F)F)cc(C(F)(F)F)c1,9.36653154442041,6.936200000000005
C[C@@H](O[C@H]1CC[C@@H](N(C)CC(=O)N2CCCC2)[C@@H]1c1ccc(F)cc1)c1cc(C(F)(F)F)cc(C(F)(F)F)c1,9.36653154442041,6.809900000000007
CC(=O)N1CCN([C@@H]2CCN(C(=O)N(C)[C@H](C)c3cc(C(F)(F)F)cc(C(F)(F)F)c3)[C@@H](c3ccc(F)cc3C)C2)CC1,9.36001575195841,6.654320000000007
O=C(N[C@]1(c2ccccc2)CC[C@@H](N2CCC(c3ccc(F)cc3)CC2)CC1)C(CO)c1cc(C(F)(F)F)cc(C(F)(F)F)c1,9.35654732351381,7.7731000000000074
COc1ccccc1N1CCN(C(=O)CCc2c(-c3ccc(C(F)(F)F)cc3)[nH]c3ccc(C)cc23)CC1,9.35654732351381,6.452120000000006
C[C@@H]1C[C@H](O[C@H](C)c2cc(C(F)(F)F)cc(C(F)(F)F)c2)[C@@H](c2ccc(F)cc2)CN(C)C1=O,9.35654732351381,6.591500000000006
Cc1ccccc1-c1nc(N2CCN(C)CC2)ncc1N(C)C(=O)C(C)(C)c1cc(C(F)(F)F)cc(C(F)(F)F)c1,9.35654732351381,6.182020000000007
Cc1ccc(-c2c3n(c(=O)c4ncccc24)CC[C@@H](C)CN(Cc2cc(C(F)(F)F)cc(C(F)(F)F)c2)C3=O)cc1,9.34678748622466,7.091720000000006
CC(C)Oc1ccccc1CN[C@H]1CCCN[C@H]1c1ccccc1,9.33724216831843,4.056700000000003
C[C@H](NC(=O)[C@](Cc1c[nH]c2ccccc12)(CN(C)C)NC(=O)OCc1cc2ccccc2o1)c1ccccc1,9.33724216831843,5.560800000000005
C[C@@H](O[C@@H]1CN(C(=O)N2CCn3c(nnc3C(F)(F)F)C2)C[C@H]1c1ccc(F)cc1)c1cc(C(F)(F)F)cc(C(F)(F)F)c1,9.32790214206428,6.655000000000006
O=C(CCc1ccncc1)N[C@@H](Cc1c[nH]c2ccccc12)C(=O)CCc1cc(C(F)(F)F)cc(C(F)(F)F)c1,9.32790214206428,6.462500000000005
CC1(c2cc(C(F)(F)F)cc(C(F)(F)F)c2)CCN([C@]2(c3ccccc3)CC[C@@H](N3CCN(c4ccccc4Cl)C(=O)C3)CC2)C1=O,9.31875876262441,8.054500000000008
COC1(c2cc(C(F)(F)F)cc(C(F)(F)F)c2)CCN([C@]2(c3ccccc3)CC[C@@H](N3CCC4(CCOC4)CC3)CC2)C1=O,9.31875876262441,7.138800000000008
CC1(c2cc(C(F)(F)F)cc(C(F)(F)F)c2)CCN([C@]2(c3ccccc3)CC[C@@H](N3CCN(c4ccccc4)C(=O)C3)CC2)C1=O,9.31875876262441,7.401100000000008
COc1ccccc1CN(C[C@@H](Cc1c[nH]c2ccccc12)NC(=O)COc1ccc(-n2ccnc2)cc1)C(C)=O,9.31875876262441,4.517200000000003
CC(C)(C(=O)N[C@]1(c2ccccc2)CC[C@@H](N2CCC(c3ccc(F)cc3)CC2)CC1)c1cc(C(F)(F)F)cc(C(F)(F)F)c1,9.30980391997149,8.974800000000002
C[C@@H]1C[C@H](O[C@H](C)c2cc(C(F)(F)F)cc(C(F)(F)F)c2)[C@@H](c2ccc(F)cc2)CC(=O)N1C,9.30980391997149,6.734000000000006
C[C@@H](OC[C@@]1(c2ccccc2)CC(O)C(=O)N1)c1cc(C(F)(F)F)cc(C(F)(F)F)c1,9.30102999566398,4.578100000000004
C[C@@H](OC[C@@]1(c2ccccc2)CN(C)C(=O)N1)c1cc(C(F)(F)F)cc(C(F)(F)F)c1,9.30102999566398,5.352300000000004
CN(C(=O)c1cc(C(F)(F)F)cc(C(F)(F)F)c1)[C@@H](/C=C/C(=O)N[C@@H]1CCCCNC1=O)Cc1ccc(Cl)cc1,9.30102999566398,5.4020000000000055
CO/N=C(\CN(C)C(=O)c1cc(Cl)cc(Cl)c1)[C@H](CCN1CCC(N2CCCN(CC(C)(C)O)C2=O)CC1)c1ccc(Cl)c(Cl)c1,9.30102999566398,6.91150000000001
C[C@@H](OC1CCC2NC1(c1ccccc1)CC2c1nnn(C)n1)c1cc(C(F)(F)F)cc(C(F)(F)F)c1,9.30102999566398,5.528900000000005
CN(Cc1ccccc1)C(=O)[C@H](Cc1ccc2ccccc2c1)NC(=O)[C@@H]1CCCN1C(=N)NCc1ccccc1Cl,9.30102999566398,5.368070000000005
CN(C(=O)c1cc(C(F)(F)F)cc(C(F)(F)F)c1)[C@@H](/C=C/C(=O)N[C@@H]1CCCCNC1=O)Cc1cn(C)c2ccccc12,9.30102999566398,5.240300000000005
C[C@@H](OCC1(c2ccccc2)CC(NCc2n[nH]c(O)n2)C1)c1cc(C(F)(F)F)cc(C(F)(F)F)c1,9.30102999566398,5.515700000000004
CN(C/C(=N\OCCN1CCNCC1)C(CCN1CCC(N2CCCCC2=O)CC1)c1ccc(Cl)c(Cl)c1)C(=O)c1cc(Cl)cc(Cl)c1,9.30102999566398,6.300800000000007
CN(C)CC(=O)N1CCC(COCc2cc(C(F)(F)F)cc(C(F)(F)F)c2)(c2ccccc2)CC1,9.30102999566398,5.362800000000006
CNC(=O)[C@]1(N)C[C@](CO[C@H](C)c2cc(C(F)(F)F)cc(C(F)(F)F)c2)(c2ccccc2)C1,9.30102999566398,4.977100000000004
O=C1C(c2cc(C(F)(F)F)cc(C(F)(F)F)c2)CCN1[C@]1(c2ccccc2)CC[C@@H](N2CCC3(CCOC3)CC2)CC1,9.30102999566398,7.380700000000007
C[C@@H](OC[C@@]1(c2ccccc2)C[C@@H](N2CCCC2=O)C(=O)N1)c1cc(C(F)(F)F)cc(C(F)(F)F)c1,9.30102999566398,5.208200000000005
Cc1cc(F)ccc1[C@H]1CNCCN1C(=O)N(C)C1(c2cc(C(F)(F)F)cc(C(F)(F)F)c2)CC1,9.29998893767789,5.859120000000004
Cc1cc(F)ccc1[C@H]1CNCCN1C(=O)N1CCC=CC1c1cc(C(F)(F)F)cc(C(F)(F)F)c1,9.29998893767789,6.241220000000005
FC(F)(F)c1cc(CO[C@H]2CCCN(Cc3ncc[nH]3)[C@H]2c2ccccc2)cc(C(F)(F)F)c1,9.29998893767789,6.369800000000004
COc1ccc(-c2ccco2)cc1CN[C@H]1CCCN[C@H]1c1ccccc1,9.29998893767789,4.538100000000003
COc1ccc(S(C)(=O)=O)cc1CN[C@H]1CCCN[C@H]1c1ccccc1,9.29998893767789,2.6816000000000004
Cc1cc(C2=CC(=O)N3C[C@H](O[C@H](C)c4cc(C(F)(F)F)cc(C(F)(F)F)c4)[C@@H](c4ccc(F)cc4)C3C2)ccn1,9.29242982390206,7.494820000000006
CN(C(=O)C(C)(C)c1cc(C(F)(F)F)cc(C(F)(F)F)c1)c1cnc(N2C[C@@H](O)C[C@H]2CO)cc1-c1ccccc1Cl,9.29242982390206,6.312100000000007
COCCN(C)[C@@H]1CC[C@H](O[C@H](C)c2cc(C(F)(F)F)cc(C(F)(F)F)c2)[C@H]1c1ccc(F)cc1,9.2839966563652,6.833900000000007
NC(=O)CN[C@H](COCc1cc(C(F)(F)F)cc(C(F)(F)F)c1)C(c1ccccc1)c1ccccc1,9.2800061736324,5.516400000000004
C[C@@H](O[C@H]1CC[C@@H]2CN(c3cnccn3)C[C@H]2[C@@H]1c1ccc(F)cc1)c1cc(C(F)(F)F)cc(C(F)(F)F)c1,9.27984069659404,7.429700000000006
NC(=O)CNC(COCc1cc(C(F)(F)F)cc(C(F)(F)F)c1)C(c1ccccc1)c1ccccc1,9.27572413039921,5.516400000000004
CC(=O)C1(c2ccccc2)CCN(C(=O)CCc2c(-c3ccc(Cl)cc3)n(C)c3ccc(Cl)cc23)CC1,9.27572413039921,7.234100000000007
C[C@@H](O[C@H]1CCN(C)C(=O)C[C@@H]1c1ccc(F)cc1)c1cc(C(F)(F)F)cc(C(F)(F)F)c1,9.27572413039921,6.345500000000005
Cc1cc(F)ccc1[C@H]1CNCCN1C(=O)N(C)[C@@H](C)c1cc(C(F)(F)F)cc(C(F)(F)F)c1,9.27002571430045,5.931020000000005
C[C@H](NC(=O)[C@@](C)(Cc1c[nH]c2ccccc12)NC(=O)OCc1cc2ccccc2o1)c1ccccc1,9.26003230324049,6.019100000000005
Cn1c(-c2ccc(Cl)cc2)c(CCC(=O)N2CCC(F)(Cc3ccccc3)CC2)c2cc(Cl)ccc21,9.25963731050576,7.6581000000000055
C[C@@H](O[C@H]1CC[C@@H](NCc2ncc[nH]2)[C@@H]1c1ccc(F)cc1)c1cc(C(F)(F)F)cc(C(F)(F)F)c1,9.25963731050576,6.768600000000005
CNC(=O)[C@@H]1CC[C@@](CO[C@H](C)c2cc(C(F)(F)F)cc(C(F)(F)F)c2)(c2ccccc2)NC1,9.2518119729938,5.442900000000006
COc1ccc(N(C)C)cc1CN[C@H]1CCCN[C@H]1c1ccccc1,9.2518119729938,3.344100000000002
COc1ccccc1[C@H]1COCC2(C1)OCCN(Cc1n[nH]c(O)n1)[C@H]2c1ccc(F)cc1,9.2518119729938,3.174400000000001
Cc1cnc(C(=O)N2C[C@H](C(=O)N(C)Cc3cc(C(F)(F)F)cc(C(F)(F)F)c3)[C@@H](c3ccccc3)C2)cn1,9.23657200643706,5.337020000000005
Cc1ccccc1-c1cc(N2CCN(C)CC2)ncc1C(=O)N(C)Cc1cc(C(F)(F)F)cc(C(F)(F)F)c1,9.23657200643706,6.118620000000005
C[C@@H](O[C@@H]1CN(C(=O)NCc2cn[nH]n2)C[C@H]1c1ccc(F)cc1)c1cc(C(F)(F)F)cc(C(F)(F)F)c1,9.23657200643706,5.436800000000004
CSN1CC2(CCN(C(=O)N[C@@H](Cc3c[nH]c4ccccc34)C(=O)OCc3cc(C(F)(F)F)cc(C(F)(F)F)c3)CC2)c2ccccc21,9.23657200643706,7.701400000000007
C[C@@H](OC[C@@]1(c2ccccc2)CC[C@H](N2CCNC2=O)CN1)c1cc(C(F)(F)F)cc(C(F)(F)F)c1,9.22914798835786,5.474500000000005
N#Cc1ccc(-c2cc(COCC3(c4ccccc4)CCNCC3)cc(C(F)(F)F)c2)cc1,9.22914798835786,6.082080000000005
COc1ccccc1N1CCN(C(=O)CCc2c(-c3ccc(Cl)cc3)[nH]c3ccc(C)cc23)CC1,9.22184874961636,6.086720000000006
CN(C/C(=N\OCCO)C(CCN1CCC(N2CCCCC2=O)CC1)c1ccc(Cl)c(Cl)c1)C(=O)c1cc(Cl)cc(Cl)c1,9.22184874961636,6.387900000000007
CN(C(=O)C(C)(C)c1cc(C(F)(F)F)cc(C(F)(F)F)c1)[C@H]1CN(C(=O)NCCO)C[C@@H]1c1ccc(F)cc1,9.22184874961636,4.769200000000004
C[C@@H](OC[C@@]1(c2ccccc2)CNC(=O)N1)c1cc(C(F)(F)F)cc(C(F)(F)F)c1,9.22184874961636,5.010100000000003
O=C(CCN1CCCCC1)N[C@@H](Cc1c[nH]c2ccccc12)C(=O)CCc1cc(C(F)(F)F)cc(C(F)(F)F)c1,9.22184874961636,6.310700000000005
CO/N=C(\CN(C)C(=O)c1cc(Cl)cc(Cl)c1)[C@H](CCN1CCC(N2CCCN(CC(=N)NO)C2=O)CC1)c1ccc(Cl)c(Cl)c1,9.22184874961636,6.096670000000006
C[C@@H](O[C@H]1CC[C@@H](NCc2cccnc2)[C@@H]1c1ccc(F)cc1)c1cc(C(F)(F)F)cc(C(F)(F)F)c1,9.22184874961636,7.440500000000005
C[C@@H](OC1CCC2NC1(c1ccccc1)CC2S(=O)(=O)c1ccccc1)c1cc(C(F)(F)F)cc(C(F)(F)F)c1,9.22184874961636,7.064100000000006
COc1ccc(C(C)(C)C)cc1CN[C@H]1CCCN[C@H]1c1ccccc1,9.22184874961636,4.575600000000003
CO/N=C(\CN(C)C(=O)c1cc(Cl)cc(Cl)c1)[C@H](CCN1CCC(N2CCCN(CCNS(C)(=O)=O)C2=O)CC1)c1ccc(Cl)c(Cl)c1,9.22184874961636,5.689800000000007
CO/N=C(\CN(C)C(=O)c1cc(Cl)cc(Cl)c1)[C@H](CCN1CCC(N2CCCN([C@H](CO)C(N)=O)C2=O)CC1)c1ccc(Cl)c(Cl)c1,9.22184874961636,4.986800000000005
C[C@@H](OC[C@@]1(c2ccccc2)CCC(=O)N1)c1cc(C(F)(F)F)cc(C(F)(F)F)c1,9.22184874961636,5.607300000000004
C[C@@H](OC[C@@]1(c2ccccc2)C[C@H](NS(C)(=O)=O)C(=O)N1)c1cc(C(F)(F)F)cc(C(F)(F)F)c1,9.22184874961636,4.1350000000000025
CN(O)C(=O)c1ccc(-c2ccc(Cl)cc2)c(N(C)C(=O)c2cc(C(F)(F)F)cc(C(F)(F)F)c2)c1,9.22184874961636,6.7824000000000035
CN(C)CCCCC(=O)N[C@@H](Cc1c[nH]c2ccccc12)C(=O)CCc1cc(C(F)(F)F)cc(C(F)(F)F)c1,9.22184874961636,6.166600000000005
CN(C)CCC(=O)N1CCC(COCc2cc(C(F)(F)F)cc(C(F)(F)F)c2)(c2ccccc2)CC1,9.22184874961636,5.752900000000006
CN(C(=O)C(C)(C)c1cc(C(F)(F)F)cc(C(F)(F)F)c1)c1cnc(N2C[C@H](O)C[C@H]2CO)cc1-c1ccccc1Cl,9.21467016498923,6.312100000000007
O=c1nc(C2CC3(c4ccccc4)NC2CCC3NCc2cc(OC(F)(F)F)ccc2OC2CC2)[nH][nH]1,9.21467016498923,3.831000000000002
COc1ccccc1CN1CN2CCCC1C2c1ccccc1,9.21467016498923,3.674000000000003
COc1ccccc1CN1CN2CCC[C@H]1[C@@H]2c1ccccc1,9.20999647960951,3.674000000000003
CC(C)(NC(=O)[C@]1(c2ccccc2)CC[C@@H](N2CCC(c3ccc(F)cc3)CC2)CC1)c1cc(C(F)(F)F)cc(C(F)(F)F)c1,9.20760831050175,8.974800000000002
CC(C(=O)N[C@]1(c2ccccc2)CC[C@@H](N2CCN(c3ccccc3)C(=O)C2)CC1)c1cc(C(F)(F)F)cc(C(F)(F)F)c1,9.20760831050175,7.130800000000007
COc1ccc(Br)cc1CN1CCC(=O)C(C(c2ccc(F)cc2)c2ccc(F)cc2)C1,9.20760831050175,5.959000000000005
C[C@@H](O[C@H]1CN(C(=O)OC(C)(C)C)[C@@H](CO)[C@@H]1c1ccccc1)c1cc(C(F)(F)F)cc(C(F)(F)F)c1,9.20065945054642,6.5658000000000065
CC(C(=O)N[C@]1(c2ccccc2)CC[C@@H](N2CCC(c3ccc(F)cc3)CC2)CC1)c1cc(C(F)(F)F)cc(C(F)(F)F)c1,9.20065945054642,8.800700000000003
CNC(=O)CN1CCC[C@H](OCc2cc(C(F)(F)F)cc(C(F)(F)F)c2)[C@@H]1c1ccccc1,9.20065945054642,5.192500000000004
COc1ccccc1CN[C@H]1C2CCNC1(c1ccccc1)CC=C2C,9.19997064075587,4.008400000000003
C[C@@H](O[C@H]1CCNC(=O)C[C@@H]1c1ccc(F)cc1)c1cc(C(F)(F)F)cc(C(F)(F)F)c1,9.19382002601611,6.003300000000004
Cc1cc(F)ccc1[C@H]1C[C@H](N2CCC2)CCN1C(=O)N(C)[C@H](C)c1cc(C(F)(F)F)cc(C(F)(F)F)c1,9.18996921359416,7.195920000000006
CC(=O)N(Cc1ccccc1Cl)C[C@@H](Cc1c[nH]c2ccccc12)NC(=O)COc1ccc(-n2ccnc2)cc1,9.18708664335714,5.162000000000004
FC(F)(F)Oc1ccc(OC2CC2)c(CNC2CCC3NC2(c2ccccc2)CC3c2nnn[nH]2)c1,9.18708664335714,3.9327000000000014
O=C1N([C@]2(c3ccccc3)CC[C@@H](N3CCC4(CCOC4)CC3)CC2)CCC1(O)c1cc(C(F)(F)F)cc(C(F)(F)F)c1,9.18045606445813,6.484700000000008
C[C@@H](O[C@H]1CN2C(=O)[C@@H]3C[C@@H](N)C[C@@H]3[C@H]2[C@@H]1c1ccc(F)cc1)c1cc(C(F)(F)F)cc(C(F)(F)F)c1,9.18045606445813,5.671200000000005
C[C@@H](OC[C@@]1(c2ccccc2)CC[C@]2(CCC(=O)N2)CN1)c1cc(C(F)(F)F)cc(C(F)(F)F)c1,9.18045606445813,5.729500000000005
CN(Cc1cc(C(F)(F)F)cc(C(F)(F)F)c1)C(=O)[C@H]1CN(C(=O)C2CCCCC2)C[C@@H]1c1ccccc1,9.16749108729376,6.505100000000006
COCCN(C)C(=O)CN(C)[C@@H]1CC[C@H](O[C@H](C)c2cc(C(F)(F)F)cc(C(F)(F)F)c2)[C@H]1c1ccc(F)cc1,9.16749108729376,6.292300000000007
C[C@@H](OC[C@@]1(c2ccccc2)CC[C@H](NC(N)=O)CN1)c1cc(C(F)(F)F)cc(C(F)(F)F)c1,9.16115090926274,5.117600000000004
C[C@H]1C[C@@](CO[C@H](C)c2cc(C(F)(F)F)cc(C(F)(F)F)c2)(c2ccccc2)NC1=O,9.15490195998574,5.853300000000004
Cc1cc(F)ccc1-c1cc(N2CCN(S(C)(=O)=O)C[C@H]2CO)ncc1N(C)C(=O)C(C)(C)c1cc(C(F)(F)F)cc(C(F)(F)F)c1,9.15490195998574,5.616820000000007
CN1CCC(COCc2cc(C(F)(F)F)cc(C(F)(F)F)c2)(c2ccccc2)CC1,9.15490195998574,5.904400000000005
Cc1cc(F)ccc1-c1cc(N2CC[C@H](O)[C@H]2CO)ncc1N(C)C(=O)C(C)(C)c1cc(C(F)(F)F)cc(C(F)(F)F)c1,9.15490195998574,6.106220000000007
COc1ccc(C(F)C(F)(F)F)cc1CN[C@H]1CCCN[C@H]1c1ccccc1,9.15490195998574,4.8510000000000035
CN(C/C(=N\OCCCn1cncn1)C(CCN1CCC(N2CCCCC2=O)CC1)c1ccc(Cl)c(Cl)c1)C(=O)c1cc(Cl)cc(Cl)c1,9.15490195998574,7.077400000000009
CN(C/C(=N\OCCCO)C(CCN1CCC(N2CCCCC2=O)CC1)c1ccc(Cl)c(Cl)c1)C(=O)c1cc(Cl)cc(Cl)c1,9.15490195998574,6.7780000000000085
CN(C/C(=N\OCCCN)C(CCN1CCC(N2CCCCC2=O)CC1)c1ccc(Cl)c(Cl)c1)C(=O)c1cc(Cl)cc(Cl)c1,9.15490195998574,6.744400000000008
CN(Cc1ccccc1)C(=O)[C@H](Cc1ccc2ccccc2c1)NC(=O)[C@@H]1CCCN1C(=O)Nc1cccc(F)c1,9.15490195998574,5.361300000000004
CO/N=C(\CN(C)C(=O)c1cc(Cl)cc(Cl)c1)[C@H](CCN1CCC(N2CCCN(Cc3ccccn3)C2=O)CC1)c1ccc(Cl)c(Cl)c1,9.15490195998574,7.735800000000009
CN(C)CCCC(=O)N[C@@H](Cc1c[nH]c2ccccc12)C(=O)CCc1cc(C(F)(F)F)cc(C(F)(F)F)c1,9.15490195998574,5.776500000000005
COc1ccccc1CN(C)CCNC(=O)[C@@H]1C[C@@H](C(=O)N(Cc2ccccc2)Cc2ccccc2)CCN1C(=O)N(c1ccccc1)c1cccc(Cl)c1,9.15490195998574,8.16450000000001
COC[C@](Cc1c[nH]c2ccccc12)(NC(=O)OCc1cc2ccccc2o1)C(=O)N[C@@H](C)c1ccccc1,9.15490195998574,5.645600000000004
O=C(Cc1cc(C(F)(F)F)cc(C(F)(F)F)c1)N[C@]1(c2ccccc2)CC[C@H](N2CCC(c3ccc(F)cc3)CC2)CC1,9.15490195998574,8.239700000000006
COc1cc(C(=O)Nc2cc(C(=O)NC3CCCCNC3=O)ccc2-c2ccc(Cl)cc2)cc(OC)c1OC,9.15490195998574,4.683600000000004
NC(=O)CN[C@@H](COCc1cc(C(F)(F)F)cc(C(F)(F)F)c1)[C@@H](CCN1CCC(O)(c2ccccc2)CC1)c1ccc(Cl)c(Cl)c1,9.15490195998574,7.148600000000007
CN(C/C(=N\OCC(=O)O)C(CCN1CCC(N2CCCCC2=O)CC1)c1ccc(Cl)c(Cl)c1)C(=O)c1cc(Cl)cc(Cl)c1,9.15490195998574,6.480200000000008
CN(C/C(=N\OCC(=N)NO)C(CCN1CCC(N2CCCCC2=O)CC1)c1ccc(Cl)c(Cl)c1)C(=O)c1cc(Cl)cc(Cl)c1,9.15490195998574,6.351670000000007
CN(Cc1ccccc1)C(=O)[C@H](Cc1ccc2ccccc2c1)NC(=O)[C@@H]1CCCN1/C(S)=N/Cc1ccccc1Cl,9.15490195998574,6.129500000000007
C[C@@H](O[C@H]1CC[C@@H](NCc2ccncc2)[C@@H]1c1ccc(F)cc1)c1cc(C(F)(F)F)cc(C(F)(F)F)c1,9.15490195998574,7.440500000000005
CC(=O)N[C@@H](Cc1c[nH]c2ccccc12)C(=O)OCc1cc(C(F)(F)F)cc(C(F)(F)F)c1,9.13667713987954,4.996100000000003
C[C@H](NC(=O)[C@@H](Cc1c[nH]c2ccccc12)NC(=O)OCc1cc2ccccc2o1)c1ccccc1,9.13667713987954,5.629000000000005
CN(Cc1cc(C(F)(F)F)cc(C(F)(F)F)c1)C(=O)[C@H]1CN(C(=O)c2cnccn2)C[C@@H]1c1ccccc1,9.13076828026902,5.0286000000000035
O=C(Cc1cc(C(F)(F)F)cc(C(F)(F)F)c1)NCC(c1ccc(Cl)c(Cl)c1)N1CCC(N2CCCCC2)CC1,9.1249387366083,7.381300000000007
OCC(OC[C@]1(c2ccccc2)CC[C@@H](N2CCC(c3ccc(F)cc3)CC2)CC1)c1cc(C(F)(F)F)cc(C(F)(F)F)c1,9.1249387366083,8.673500000000004
CN(C(=O)c1cc(C(F)(F)F)cc(C(F)(F)F)c1)C(/C=C/C(=O)NC1CCCCNC1=O)Cc1ccc(Cl)cc1,9.11918640771921,5.4020000000000055
OC[C@@H]1CC[C@H](OCc2cc(C(F)(F)F)cc(C(F)(F)F)c2)[C@H]1c1ccccc1,9.11350927482752,5.795500000000005
C[C@@H](OC[C@@]1(c2ccccc2)CC[C@]2(CN1)NC(=O)NC2=O)c1cc(C(F)(F)F)cc(C(F)(F)F)c1,9.11350927482752,4.658900000000004
Cn1c(-c2ccc(Cl)cc2)c(CCC(=O)N2CCN(CC3CC3)CC2)c2cc(Cl)ccc21,9.10790539730952,5.638900000000006
CN(CCO)c1cc(-c2ccccc2Cl)c(N(C)C(=O)C(C)(C)c2cc(C(F)(F)F)cc(C(F)(F)F)c2)cn1,9.10790539730952,6.808700000000006
O=C(CCc1c(-c2ccc(Cl)cc2)nc2ccc(Cl)cn12)N1CCC(O)(Cc2ccccc2)CC1,9.10790539730952,5.836900000000007
Cn1c(-c2ccc(Cl)cc2)c(CCC(=O)N2CCC(O)(Cc3ccccc3)CC2)c2cc(-c3ccco3)ccc21,9.10237290870956,7.287500000000007
CN(Cc1cc(C(F)(F)F)cc(C(F)(F)F)c1)C(=O)[C@H]1CN(C(=O)NC2CCCCC2)C[C@@H]1c1ccccc1,9.10237290870956,6.440500000000005
COc1ccc(C2(C(F)(F)F)N=N2)cc1CN[C@H]1CCCN[C@H]1c1ccccc1,9.10001543745061,4.459000000000003
C/C(CN1CCN(C(=O)c2cc(C(F)(F)F)cc(C(F)(F)F)c2)[C@H](Cc2c[nH]c3ccccc23)C1)=N/OCCN,9.10001543745061,4.925800000000004
C/C(CN1CCN(C(=O)c2cc(C(F)(F)F)cc(C(F)(F)F)c2)[C@H](Cc2c[nH]c3ccccc23)C1)=N/OCCN(C)C,9.10001543745061,5.528700000000006
COc1ccc(-c2nccs2)cc1CN[C@H]1CCCN[C@H]1c1ccccc1,9.10001543745061,4.401600000000003
COc1ccc(-c2c(C)nn(C)c2C)cc1CN[C@H]1CCCN[C@H]1c1ccccc1,9.10001543745061,4.295440000000003
FC(F)(F)c1cc(CO[C@H]2CCCN(Cc3n[nH]c(S)n3)[C@H]2c2ccccc2)cc(C(F)(F)F)c1,9.10001543745061,6.053500000000004
Cc1cc(F)ccc1[C@H]1CNCCN1C(=O)N1CCCNC1c1cc(C(F)(F)F)cc(C(F)(F)F)c1,9.10001543745061,5.2321200000000045
CN(C/C(=N\OCCCn1cnnn1)C(CCN1CCC(N2CCCCC2=O)CC1)c1ccc(Cl)c(Cl)c1)C(=O)c1cc(Cl)cc(Cl)c1,9.09691001300806,6.4724000000000075
CN(C/C(=N\OCF)C(CCN1CCC(N2CCCCC2=O)CC1)c1ccc(Cl)c(Cl)c1)C(=O)c1cc(Cl)cc(Cl)c1,9.09691001300806,7.3226000000000075
CN(C/C(=N\OCCC[S+](C)[O-])C(CCN1CCC(N2CCCCC2=O)CC1)c1ccc(Cl)c(Cl)c1)C(=O)c1cc(Cl)cc(Cl)c1,9.09691001300806,7.164200000000009
Cc1ccc(-c2c(C(=O)N(C)[C@@H](C)c3cc(C(F)(F)F)cc(C(F)(F)F)c3)n(C)c(=O)c3ncccc23)cc1,9.09691001300806,6.7797200000000055
CN(C(=O)c1cc(C(F)(F)F)cc(C(F)(F)F)c1)c1cc(C(=O)N[C@@H]2CCCCNC2=O)ccc1-c1ccc(Cl)c(Cl)c1,9.09691001300806,7.373100000000004
COc1ccccc1CN(C=O)CC(Cc1c[nH]c2ccccc12)NC(=O)CN1CCN(c2ccccc2)CC1,9.09691001300806,3.6846000000000023
CO/N=C(\CN(C)C(=O)c1cc(Cl)cc(Cl)c1)[C@H](CCN1CCC(N2CCCN(C(C)(C)C(N)=O)C2=O)CC1)c1ccc(Cl)c(Cl)c1,9.09691001300806,6.404500000000008
FC(F)(F)Oc1ccccc1CN[C@H]1CCCN[C@H]1c1ccccc1,9.09691001300806,4.168100000000003
CO/N=C(\CN(C)C(=O)c1cc(Cl)cc(Cl)c1)[C@H](CCN1CCC(N2CCCN(N3CCOCC3)C2=O)CC1)c1ccc(Cl)c(Cl)c1,9.09691001300806,6.387800000000008
CCN1C[C@@](CO[C@H](C)c2cc(C(F)(F)F)cc(C(F)(F)F)c2)(c2ccc(F)cc2)NC1=O,9.09691001300806,5.881500000000004
O=C1C(c2cc(C(F)(F)F)cc(C(F)(F)F)c2)CCCN1[C@]1(c2ccccc2)CC[C@@H](N2CCC3(CCOC3)CC2)CC1,9.09691001300806,7.7708000000000075
CN(Cc1ccccc1)C(=O)[C@H](Cc1ccc2ccccc2c1)NC(=O)[C@@H]1CCCN1C(=O)Nc1ccccc1C(N)=O,9.09691001300806,4.321100000000002
CCN(Cc1n[nH]c(O)n1)[C@H](COCc1cc(C(F)(F)F)cc(C(F)(F)F)c1)c1ccccc1,9.09691001300806,5.327900000000004
CN(C[C@@H]1CCC(=O)N1)[C@@H]1CC[C@H](OCc2cc(C(F)(F)F)cc(C(F)(F)F)c2)[C@H]1c1ccccc1,9.09151498112135,5.766000000000005
COc1ccc(OC(F)(F)F)cc1CN1CCC(=O)C(C(c2ccc(F)cc2)c2ccc(F)cc2)C1,9.09151498112135,6.095100000000005
CCC(=O)N(Cc1ccccc1OC)CC(Cc1c[nH]c2ccccc12)NC(=O)CN1CCN(c2ccccc2)CC1,9.09151498112135,4.464800000000004
COc1ccccc1CN(CC(Cc1c[nH]c2ccccc12)NC(=O)COc1ccc(CO)cc1)C(C)=O,9.08618614761628,3.823800000000003
CN[C@@H]1CC[C@H](OCc2cc(C(F)(F)F)cc(C(F)(F)F)c2)[C@H]1c1ccccc1,9.08092190762393,5.775000000000005
CN(C(=O)c1cc(C(F)(F)F)cc(C(F)(F)F)c1)[C@H](/C=C/C(=O)N[C@@H]1CCCCNC1=O)Cc1ccc(Cl)c(Cl)c1,9.07998108397108,6.055400000000005
CN(Cc1cc(C(F)(F)F)cc(C(F)(F)F)c1)C(=O)[C@H]1CN(C(=O)c2ncccn2)C[C@@H]1c1ccccc1,9.07572071393812,5.0286000000000035
CCC[C@](Cc1c[nH]c2ccccc12)(NC(=O)OCc1cc2ccccc2o1)C(=O)N[C@@H](C)c1ccccc1,9.07058107428571,6.799300000000006
Cc1ccc(-c2c3n(c(=O)c4ncccc24)CCCN(Cc2cc(C(F)(F)F)cc(C(F)(F)F)c2)C3=O)cc1,9.07058107428571,6.455620000000005
CC(C(=O)N[C@]1(c2ccccc2)CC[C@@H](N2CCC(O)CC2)CC1)c1cc(C(F)(F)F)cc(C(F)(F)F)c1,9.07058107428571,6.238700000000007
COc1ccccc1CN(C[C@@H](Cc1c[nH]c2ccccc12)NC(=O)CN1CCN(c2ccccc2)CC1)C(C)=O,9.07058107428571,4.0747000000000035
Cc1cc(O)cc(C)c1C[C@H](N)C(=O)N[C@H](C)C(=O)N[C@@H](Cc1c[nH]c2ccccc12)C(=O)NCc1cc(C(F)(F)F)cc(C(F)(F)F)c1,9.07058107428571,4.946340000000004
CN(C(=O)C(C)(C)c1cc(C(F)(F)F)cc(C(F)(F)F)c1)c1cnc(N2CC[C@H](O)C2)cc1-c1ccccc1Cl,9.06550154875643,6.951200000000007
FC(F)(F)c1cc(CO[C@H]2CCCN[C@H]2c2ccccc2)cc(C(F)(F)F)c1,9.06048074738138,5.734100000000003
O=C(Cc1cc(C(F)(F)F)cc(C(F)(F)F)c1)NCC(c1ccccc1Br)N1CCC(N2CCCCC2)CC1,9.05551732784983,6.837000000000007
CN(Cc1ccccc1)C(=O)[C@H](Cc1ccc2ccccc2c1)NC(=O)[C@@H]1CCCN1C(=O)Nc1ccccc1,9.05551732784983,5.222200000000004
C[C@@H](O[C@H]1CN2C(=O)N(C)C[C@H]2[C@@H]1c1ccc(F)cc1)c1cc(C(F)(F)F)cc(C(F)(F)F)c1,9.05551732784983,5.842900000000004
COc1ccc(OC(F)(F)F)cc1[C@H]1COC2(CCCN(Cc3nc[nH]n3)C2c2ccccc2)C1,9.05060999335509,4.991900000000004
COc1ccccc1N1CCN(C(=O)CCc2c(-c3ccc(Cl)cc3)[nH]c3ccc(Cl)cc23)CC1,9.05060999335509,6.431700000000005
COC(=O)N[C@@H]1CC[C@H](OCc2cc(C(F)(F)F)cc(C(F)(F)F)c2)[C@H]1c1ccccc1,9.05060999335509,5.911600000000004
CN(C(=O)C(C)(C)c1cc(C(F)(F)F)cc(C(F)(F)F)c1)[C@H]1CNC[C@@H]1c1ccc(F)cc1,9.04575749056068,5.354900000000005
CN(C/C(=N\OCC(N)=O)C(CCN1CCC(N2CCCCC2=O)CC1)c1ccc(Cl)c(Cl)c1)C(=O)c1cc(Cl)cc(Cl)c1,9.04575749056068,5.880900000000007
CC(=O)N[C@@H]1C[C@@](CO[C@H](C)c2cc(C(F)(F)F)cc(C(F)(F)F)c2)(c2ccccc2)NC1=O,9.04575749056068,4.721900000000005
Cc1cc(COC2C3CCN(CC3)C2C(c2ccccc2)c2ccccc2)cc([Si](C)(C)C)c1,9.04575749056068,6.351720000000007
COc1ccc(C(C)(OC)C(F)(F)F)cc1CN[C@H]1CCCN[C@H]1c1ccccc1,9.04575749056068,4.7020000000000035
O=C(CCc1cc(C(F)(F)F)cc(C(F)(F)F)c1)[C@H](Cc1c[nH]c2ccccc12)NC(=O)C12CCN(CC1)CC2,9.04575749056068,5.9206000000000065
COc1ccc(CC(F)(F)F)cc1CN[C@H]1CCCN[C@H]1c1ccccc1,9.04575749056068,4.382900000000003
CNC(=O)CN1CCCN(C2CCN(CC[C@@H](/C(CN(C)C(=O)c3cc(Cl)cc(Cl)c3)=N/OC)c3ccc(Cl)c(Cl)c3)CC2)C1=O,9.04575749056068,5.886600000000008
O=C1NC(COCc2cc(C(F)(F)F)cc(C(F)(F)F)c2)(c2ccc(F)cc2)CN1C1CCNCC1,9.04575749056068,5.052600000000005
Cc1cc(C)cc(C(=O)N2CCN(C(=O)CNC3CCN(Cc4ccccc4)CC3)[C@@H](c3ccc(Cl)c(Cl)c3)C2)c1,9.04575749056068,5.890140000000006
FC(F)(F)c1cc(CO[C@H]2CCCN(Cc3c[nH]cn3)[C@H]2c2ccccc2)cc(C(F)(F)F)c1,9.04575749056068,6.369800000000003
CN(C/C(=N\OCCCS(C)(=O)=O)C(CCN1CCC(N2CCCCC2=O)CC1)c1ccc(Cl)c(Cl)c1)C(=O)c1cc(Cl)cc(Cl)c1,9.04575749056068,6.830300000000008
CO/N=C(\CN(C)C(=O)c1cc(Cl)cc(Cl)c1)[C@H](CCN1CCC(N2CCCN(C(C)C)C2=O)CC1)c1ccc(Cl)c(Cl)c1,9.04575749056068,7.549000000000009
COC[C@@H]1C[C@@H](OC)CN1c1cc(-c2ccccc2Cl)c(N(C)C(=O)C(C)(C)c2cc(C(F)(F)F)cc(C(F)(F)F)c2)cn1,9.04095860767891,7.620300000000007
COc1ccccc1CN[C@H]1C2CC3CCC(C2)N3[C@H]1C(c1ccccc1)c1ccccc1,9.04000516167158,5.610700000000006
COc1ccccc1CNC1C2CC3CCC(C2)N3[C@H]1C(c1ccccc1)c1ccccc1,9.03621217265444,5.610700000000006
Cn1c(-c2cccnc2)c(CCC(=O)N2CCC(O)(Cc3ccccc3)CC2)c2cc(Cl)ccc21,9.03621217265444,5.422500000000006
C[C@@H](O[C@H]1CN2C(=O)C=C(c3ccccc3)CC2[C@@H]1c1ccc(F)cc1)c1cc(C(F)(F)F)cc(C(F)(F)F)c1,9.03151705144606,7.791400000000006
Cc1cc(F)ccc1[C@H]1C[C@H](N(C)C)CCN1C(=O)N(C)[C@H](C)c1cc(C(F)(F)F)cc(C(F)(F)F)c1,9.02997873417163,7.051820000000006
O=C(Cc1ccncc1)N1CCC(COCc2cc(C(F)(F)F)cc(C(F)(F)F)c2)(c2ccccc2)CC1,9.0268721464003,6.4389000000000065
FC(F)(F)c1cc(COCC2(c3ccccc3)CCNCC2)cc(C(F)(F)F)c1,9.02227639471115,5.562200000000003
NC(=O)CN[C@@H]1CC[C@H](OCc2cc(C(F)(F)F)cc(C(F)(F)F)c2)[C@H]1c1ccccc1,9.02227639471115,4.630500000000004
C[C@@H](O[C@H]1CC[C@@H](N(C)CC(=O)N2CCN(C)CC2)[C@@H]1c1ccc(F)cc1)c1cc(C(F)(F)F)cc(C(F)(F)F)c1,9.02227639471115,5.961500000000007
Cc1ccccc1-c1cc(N2CCN(C)CC2)ncc1N(C)C(=O)C(C)(C)c1cc(C(F)(F)F)cc(C(F)(F)F)c1,9.02227639471115,6.787020000000006
CC[C@](Cc1c[nH]c2ccccc12)(NC(=O)OCc1cc2ccccc2o1)C(=O)N[C@@H](C)c1ccccc1,9.01772876696043,6.409200000000006
FC(F)(F)c1cc(CO[C@H]2CCCN(Cc3nnco3)[C@H]2c2ccccc2)cc(C(F)(F)F)c1,9.01322826573376,6.029700000000004
CC(=O)N1CCC(C(=O)N2C[C@@H](C(=O)N(C)Cc3cc(C(F)(F)F)cc(C(F)(F)F)c3)[C@H](c3ccccc3)C2)CC1,9.01322826573376,5.183300000000005
COc1ccccc1N1CCN(C(=O)CCc2c(-c3ccc(Cl)cc3)n(CCO)c3ccc(Cl)cc23)CC1,9.01322826573376,5.897400000000006
Cc1cc(F)ccc1-c1cc(C2CCC(CC(=O)O)CC2)ncc1N(C)C(=O)C(C)(CO)c1cc(C(F)(F)F)cc(C(F)(F)F)c1,9.00877392430751,7.895220000000006
COc1ccccc1CN(C[C@@H](Cc1c[nH]c2ccccc12)NC(=O)COc1ccc(-c2csnn2)cc1)C(C)=O,9.00877392430751,4.850000000000004
COc1ccccc1CN(CC(Cc1c[nH]c2ccccc12)NC(=O)CN1CCN(Cc2ccccc2)CC1)C(C)=O,9.00877392430751,4.070300000000003
Cc1cc(F)ccc1[C@H]1C[C@@]2(CCC(C(N)=O)N2)CCN1C(=O)N(C)[C@H](C)c1cc(C(F)(F)F)cc(C(F)(F)F)c1,9.0,6.097720000000006
COc1ccccc1N1CCN(C(=O)CCc2c(-c3ccc(Br)cc3)[nH]c3ccc(C)cc23)CC1,9.0,6.195820000000006
COc1cccc(C(COCc2cc(C(F)(F)F)cc(C(F)(F)F)c2)N2CCNCC2)c1,9.0,4.895900000000005
Cc1cc(C)cc(CO[C@H]2C3CCN(CC3)[C@H]2C(c2ccccc2)c2ccccc2)c1,9.0,6.114940000000007
Cc1cc(F)ccc1[C@H]1C[C@]2(CC[C@H](C(N)=O)N2)CCN1C(=O)N(C)[C@H](C)c1cc(C(F)(F)F)cc(C(F)(F)F)c1,9.0,6.097720000000006
COc1ccc(-n2nnnc2N)cc1CN[C@H]1CCCN[C@H]1c1ccccc1,9.0,1.8359999999999994
CN(C(=O)c1cc(C(F)(F)F)cc(C(F)(F)F)c1)[C@@H](/C=C/C(=O)NC1(C(N)=O)CCCCC1)Cc1ccc(Cl)cc1,9.0,5.921500000000005
NC(=O)CN1CCC[C@H](OCc2cc(C(F)(F)F)cc(C(F)(F)F)c2)[C@@H]1c1ccccc1,9.0,4.931800000000004
Cc1cc(F)ccc1[C@H]1C[C@]2(CC[C@@H](C(N)=O)N2)CCN1C(=O)N(C)[C@H](C)c1cc(C(F)(F)F)cc(C(F)(F)F)c1,9.0,6.097720000000006
CNC(=O)NCCCO/N=C(\CN(C)C(=O)c1cc(Cl)cc(Cl)c1)C(CCN1CCC(N2CCCCC2=O)CC1)c1ccc(Cl)c(Cl)c1,9.0,6.7147000000000086
CN(C(=O)c1cc(C(F)(F)F)cc(C(F)(F)F)c1)c1cc(C(=O)N[C@@H]2CCCCNC2=O)ccc1-c1ccc(F)cc1,9.0,6.2054000000000045
Cc1cc(F)ccc1[C@H]1C[C@]2(CC[C@H](C(N)=O)N2)CCN1C(=O)N(C)[C@@H](C)c1cc(C(F)(F)F)cc(C(F)(F)F)c1,9.0,6.097720000000006
CO/N=C(\CN(C)C(=O)c1cc(Cl)cc(Cl)c1)[C@H](CCN1CCC(N2CCCN(CC(=O)OCc3ccccc3)C2=O)CC1)c1ccc(Cl)c(Cl)c1,9.0,7.88400000000001
Cc1cc(F)ccc1[C@H]1C[C@]2(CC[C@H](C(N)=O)N2)CCN1C(=O)N(C)Cc1cc(C(F)(F)F)cc(C(F)(F)F)c1,9.0,5.536720000000004
C[C@@H](OC[C@]1(c2ccccc2)C[C@](N)(C(N)=O)C1)c1cc(C(F)(F)F)cc(C(F)(F)F)c1,9.0,4.716400000000003
Cc1cc(F)ccc1[C@H]1C[C@@]2(CCN1C(=O)N(C)[C@H](C)c1cc(C(F)(F)F)cc(C(F)(F)F)c1)CC[C@](C)(C(N)=O)N2,9.0,6.4878200000000055
Cc1cc(F)ccc1[C@H]1C[C@@]2(CCN1C(=O)N(C)[C@H](C)c1cc(C(F)(F)F)cc(C(F)(F)F)c1)CC[C@]1(C)COCCN12,9.0,7.745120000000008
Cc1cc(F)ccc1[C@H]1C[C@@]2(CCN1C(=O)N(C)[C@H](C)c1cc(C(F)(F)F)cc(C(F)(F)F)c1)CC[C@@](C)(C(N)=O)N2,9.0,6.4878200000000055
Cc1cc(F)ccc1[C@H]1C[C@]2(CCCN2)CCN1C(=O)N(C)[C@H](C)c1cc(C(F)(F)F)cc(C(F)(F)F)c1,9.0,7.243820000000006
Cc1cc(F)ccc1[C@H]1C[C@@]2(CCN1C(=O)N(C)[C@H](C)c1cc(C(F)(F)F)cc(C(F)(F)F)c1)CC[C@](C)(CO)N2,9.0,6.994820000000007
Cc1cc(F)ccc1[C@H]1C[C@@]2(CCN1C(=O)N(C)[C@H](C)c1cc(C(F)(F)F)cc(C(F)(F)F)c1)CC[C@@](C)(CO)N2,9.0,6.994820000000007
Cc1cc(F)ccc1[C@H]1C[C@@]2(CCN1C(=O)N(C)[C@H](C)c1cc(C(F)(F)F)cc(C(F)(F)F)c1)NCC[C@@H]2C(=O)[O-],9.0,5.219820000000005
Cc1cc(F)ccc1[C@H]1C[C@]2(CC[C@@H](C(N)=O)N2)CCN1C(=O)N(C)[C@@H](C)c1cc(C(F)(F)F)cc(C(F)(F)F)c1,9.0,6.097720000000006
Cc1cc(F)ccc1[C@H]1C[C@@]2(CCN1C(=O)N(C)[C@H](C)c1cc(C(F)(F)F)cc(C(F)(F)F)c1)CC(C(=O)[O-])CN2,9.0,5.219820000000005
Cc1cc(F)ccc1[C@H]1C[C@]2(CC[C@@H](C(N)=O)N2)CCN1C(=O)N(C)Cc1cc(C(F)(F)F)cc(C(F)(F)F)c1,9.0,5.536720000000004
CNC(=O)[C@]1(N)C[C@@](CO[C@H](C)c2cc(C(F)(F)F)cc(C(F)(F)F)c2)(c2ccccc2)C1,9.0,4.977100000000004
FC(F)(F)c1cc(COCC2(c3ccccc3)CCCCN2)cc(C(F)(F)F)c1,9.0,5.909800000000003
COCc1ccccc1NC(=O)N1CCC[C@H]1C(=O)N[C@@H](Cc1ccc2ccccc2c1)C(=O)N(C)Cc1ccccc1,9.0,5.368600000000005
Cc1cc(F)ccc1[C@H]1C[C@]2(CC[C@H]3COCCN32)CCN1C(=O)N(C)[C@H](C)c1cc(C(F)(F)F)cc(C(F)(F)F)c1,9.0,7.355020000000007
Cc1cc(F)ccc1[C@H]1C[C@]2(CC[C@@H](CO)N2)CCN1C(=O)N(C)[C@H](C)c1cc(C(F)(F)F)cc(C(F)(F)F)c1,9.0,6.604720000000007
Cc1cc(F)ccc1[C@H]1C[C@]2(CC[C@@H]3COCCN32)CCN1C(=O)N(C)[C@H](C)c1cc(C(F)(F)F)cc(C(F)(F)F)c1,9.0,7.355020000000007
Cc1cc(F)ccc1[C@H]1C[C@]2(CC[C@H](CO)N2)CCN1C(=O)N(C)[C@H](C)c1cc(C(F)(F)F)cc(C(F)(F)F)c1,9.0,6.604720000000007
Cc1cc(F)ccc1[C@H]1C[C@@]2(CCN1C(=O)N(C)[C@H](C)c1cc(C(F)(F)F)cc(C(F)(F)F)c1)CC[C@@]1(C)COCCN12,9.0,7.745120000000008
Cc1ccccc1-c1cc(N2CCOCC2)ncc1N(C)C(=O)C(C)(C)c1cc(C(F)(F)F)cc(C(F)(F)F)c1,9.0,6.871820000000006
CO/N=C(\CN(C)C(=O)c1cc(Cl)cc(Cl)c1)[C@H](CCN1CCC(N2CCCN(Cc3nn[nH]n3)C2=O)CC1)c1ccc(Cl)c(Cl)c1,9.0,5.8539000000000065
C[C@@H](O[C@H]1CN2C(=O)C=C(c3ccc(NS(C)(=O)=O)cc3)CC2[C@@H]1c1ccc(F)cc1)c1cc(C(F)(F)F)cc(C(F)(F)F)c1,9.0,7.162900000000006
CN(C(=O)C(C)(C)c1cc(C(F)(F)F)cc(C(F)(F)F)c1)c1cnc(N2CCC[C@H]2CO)cc1-c1ccccc1Cl,9.0,7.3413000000000075
Cn1nnc(C2CC3(c4ccccc4)NC2CCC3OCc2cc(C(F)(F)F)cc(C(F)(F)F)c2)n1,9.0,4.967900000000005
O=C(O)C1CC2(c3ccc(F)cc3)NC1CCC2NCc1cc(OC(F)(F)F)ccc1OC1CC1,9.0,4.475700000000003
C[C@@H](O[C@@H]1[C@@H](c2ccc(F)cc2)CN2C(=O)OC[C@H]12)c1cc(C(F)(F)F)cc(C(F)(F)F)c1,9.0,5.927700000000004
CO/N=C(\CN(C)C(=O)c1cc(Cl)cc(Cl)c1)[C@H](CCN1CCC(N2CCCN(O)C2=O)CC1)c1ccc(Cl)c(Cl)c1,9.0,6.529800000000008
Cc1cc(F)ccc1-c1cc(C2CCC(O)(CC(=O)O)CC2)ncc1N(C)C(=O)C(C)(C)c1cc(C(F)(F)F)cc(C(F)(F)F)c1,9.0,8.037720000000006
Cc1ccccc1C(COCc1cc(C(F)(F)F)cc(C(F)(F)F)c1)N1CCNCC1,9.0,5.195720000000005
CSN1CC2(CCN(C(=O)N[C@@H](Cc3c[nH]c4ccccc34)C(=O)N(C)Cc3cc(C(F)(F)F)cc(C(F)(F)F)c3)CC2)c2ccccc21,9.0,7.616600000000007
CO/N=C(\CN(C)C(=O)c1cc(C)cc(C)c1)C(CCN1CCC(O)(c2ccccc2)CC1)c1ccc(Cl)c(Cl)c1,9.0,6.842140000000009
FC(F)(F)c1cc(CO[C@H]2CCCN(Cc3cocn3)[C@H]2c2ccccc2)cc(C(F)(F)F)c1,9.0,6.634700000000004
CS(=O)(=O)N1CC2(CCN(C(=O)[C@H](COCc3ccc(Cl)c(Cl)c3)NCc3ccccc3)CC2)c2ccccc21,9.0,5.008400000000005
FC(F)(F)c1cc(COC[C@]2(c3ccccc3)CCCCN2)cc(C(F)(F)F)c1,9.0,5.909800000000003
CCN(C)c1cc(C(F)(F)F)cc(COCC2(c3ccc(F)cc3)CCN(C)CC2)n1,9.0,4.875800000000004
C=C(C)n1c(=O)n(CCN2CCC(N(C(=O)OCC)c3ccc(Cl)c(Cl)c3)CC2)c2ccccc21,9.0,5.727900000000005
CN(C)CCCNC(=O)c1ccc(-c2ccc(Cl)cc2)c(N(C)C(=O)c2cc(C(F)(F)F)cc(C(F)(F)F)c2)c1,9.0,7.002700000000006
C[C@@H](OC[C@@]1(c2ccccc2)CC[C@H](NS(C)(=O)=O)CN1)c1cc(C(F)(F)F)cc(C(F)(F)F)c1,8.98716277529483,4.998500000000004
NC(=O)CN1CCO[C@H](OCc2cc(C(F)(F)F)cc(C(F)(F)F)c2)[C@@H]1c1ccccc1,8.95860731484178,4.125700000000004
O=C1CN([C@H]2CC[C@](c3ccccc3)(N3CCC(c4cc(C(F)(F)F)cc(C(F)(F)F)c4)C3=O)CC2)CCN1c1ccccc1,8.95860731484178,7.227000000000008
CN(Cc1ccccc1)C(=O)[C@H](Cc1ccc2ccccc2c1)NC(=O)[C@@H]1CCCN1C(=O)Nc1ccccc1C#N,8.95860731484178,5.093880000000004
CN(C)Cc1n[nH]nc1CN1CCOC2(CCC(c3ccccc3C(F)(F)F)CO2)C1c1ccc(F)cc1,8.95860731484178,4.888200000000005
CN(CC(c1ccccc1Br)N1CCC(N2CCCCC2)CC1)C(=O)Cc1cc(C(F)(F)F)cc(C(F)(F)F)c1,8.95860731484178,7.179200000000007
CN(C)Cc1[nH]nnc1CN1CCO[C@@]2(CC[C@@H](c3ccccc3C(F)(F)F)CO2)[C@@H]1c1ccc(F)cc1,8.95860731484178,4.888200000000005
CN(Cc1nc[nH]n1)[C@@H]1CC[C@H](OCc2cc(C(F)(F)F)cc(C(F)(F)F)c2)[C@H]1c1ccccc1,8.95860731484178,5.805700000000004
Cn1c(C(=O)NCc2cc(C(F)(F)F)cc(C(F)(F)F)c2)c(-c2ccc(F)cc2)c2cccnc2c1=O,8.95860731484178,5.707200000000003
Cc1ccccc1-c1cnc(N2CCN(C)CC2)nc1N(C)C(=O)C(C)(C)c1cc(C(F)(F)F)cc(C(F)(F)F)c1,8.95860731484178,6.182020000000007
CN(Cc1ccccc1)C(=O)[C@H](Cc1ccc2ccccc2c1)NC(=O)[C@@H]1CCCN1C(=O)Nc1ccc(C#N)cc1,8.95860731484178,5.093880000000004
CN(C(=O)C(C)(C)c1cc(C(F)(F)F)cc(C(F)(F)F)c1)[C@H]1CN(C(=O)N(CCO)CCO)C[C@@H]1c1ccc(F)cc1,8.95860731484178,4.473900000000004
CO/N=C(\CN(C)C(=O)c1cc(Cl)cc(Cl)c1)[C@H](CCN1CCC(N2CCCN(Cc3ccoc3)C2=O)CC1)c1ccc(Cl)c(Cl)c1,8.95860731484178,7.933800000000009
COc1ccccc1CN(CC(Cc1c[nH]c2ccccc12)NC(=O)CN1CCN(c2ccccc2)CC1)C(C)=O,8.95860731484178,4.0747000000000035
COc1cc(C2=CC(=O)N3C[C@H](O[C@H](C)c4cc(C(F)(F)F)cc(C(F)(F)F)c4)[C@@H](c4ccc(F)cc4)C3C2)ccn1,8.95860731484178,7.195000000000006
CN(C(=O)c1cc(C(F)(F)F)cc(C(F)(F)F)c1)[C@@H](/C=C/C(=O)N[C@@H]1CCCCNC1=O)Cc1ccc2ccccc2c1,8.95860731484178,5.901800000000006
CN(C(=O)C(C)(C)c1cc(C(F)(F)F)cc(C(F)(F)F)c1)c1cnc(NCCO)cc1-c1ccccc1Cl,8.95078197732982,6.784400000000006
CCNC(=O)[C@@H]1CC[C@@](CO[C@H](C)c2cc(C(F)(F)F)cc(C(F)(F)F)c2)(c2ccccc2)NC1,8.94692155651658,5.833000000000006
CN(C(=O)C(C)(C)c1cc(C(F)(F)F)cc(C(F)(F)F)c1)c1cnc(N(CCO)CCO)cc1-c1ccccc1Cl,8.93930215964639,6.171200000000008
COc1ccccc1CN(CC(Cc1csc2ccccc12)NC(=O)CN1CCN(c2ccccc2)CC1)C(C)=O,8.92811799269387,4.808100000000004
CN1CCC(COCc2cc(C(F)(F)F)cc(N3CCCC3)n2)(c2ccccc2)CC1,8.92081875395238,4.880800000000005
CN(Cc1cc(C(F)(F)F)cc(C(F)(F)F)c1)C(=O)c1c(-c2ccccc2)c2ccccc2c(=O)n1C,8.92081875395238,6.515300000000004
CC1CCN([C@H]2CC[C@](NC(=O)C(C)c3cc(C(F)(F)F)cc(C(F)(F)F)c3)(c3ccccc3)CC2)CC1,8.92081875395238,7.513900000000008
CN(C)CCCC(=O)N1CCC(COCc2cc(C(F)(F)F)cc(C(F)(F)F)c2)(c2ccccc2)CC1,8.92081875395238,6.143000000000006
C[C@@H](OC1CCC2NC1(c1ccccc1)CC2c1nnnn1C)c1cc(C(F)(F)F)cc(C(F)(F)F)c1,8.92081875395238,5.5289000000000055
CO/N=C(\CN(C)C(=O)c1cc(Cl)cc(Cl)c1)[C@H](CCN1CCC(n2c(O)nc3ccccc32)CC1)c1ccc(Cl)c(Cl)c1,8.92081875395238,7.940900000000008
COc1ccc(OC(F)(F)F)cc1CN[C@H]1CCN(S(C)(=O)=O)C[C@H]1c1ccccc1,8.92081875395238,3.5011000000000028
CO/N=C(\CN(CCF)C(=O)c1cc(Cl)cc(Cl)c1)[C@H](CCN1CCC(n2c(=O)n(CC(=O)O)c3ccccc32)CC1)c1ccc(Cl)c(Cl)c1,8.92081875395238,7.4263000000000075
CN(C/C(=N\OCCCNS(C)(=O)=O)C(CCN1CCC(N2CCCCC2=O)CC1)c1ccc(Cl)c(Cl)c1)C(=O)c1cc(Cl)cc(Cl)c1,8.92081875395238,6.334900000000008
CS(=O)(=O)NC(=O)C1CC2(c3ccc(F)cc3)NC1CCC2NCc1cc(OC(F)(F)F)ccc1OC1CC1,8.92081875395238,3.4669000000000008
C[C@@H](O[C@@H]1[C@@H](c2ccc(F)cc2)CN(C(=O)OC(C)(C)C)[C@H]1CO)c1cc(C(F)(F)F)cc(C(F)(F)F)c1,8.92081875395238,6.704900000000006
C[C@@H](O[C@H]1CN2C(=O)[C@@H]3C[C@H](NCc4ccccc4)C[C@@H]3[C@H]2[C@@H]1c1ccc(F)cc1)c1cc(C(F)(F)F)cc(C(F)(F)F)c1,8.92081875395238,7.502300000000006
CN(C/C(=N\OCC(=O)NO)C(CCN1CCC(N2CCCCC2=O)CC1)c1ccc(Cl)c(Cl)c1)C(=O)c1cc(Cl)cc(Cl)c1,8.92081875395238,5.901000000000007
O=C(c1cc(C(F)(F)F)cc(C(F)(F)F)c1)N1CCN(C/C=N\OCCN2CCOCC2)C[C@H]1Cc1c[nH]c2ccccc12,8.89997426989214,4.909200000000005
CN(Cc1ccccc1)C(=O)[C@H](Cc1ccc2ccccc2c1)NC(=O)C1(NC(=O)c2c[nH]c3ccccc23)CCCCC1,8.89997426989214,6.139900000000006
C[C@H](OC[C@H](c1ccccc1)N1CCN(CC(=O)O)CC1)c1cc(C(F)(F)F)cc(C(F)(F)F)c1,8.89997426989214,5.245300000000005
Cc1cc(F)ccc1[C@H]1CNCCN1C(=O)N1CCCCC1c1cc(C(F)(F)F)cc(C(F)(F)F)c1,8.89997426989214,6.465220000000005
C[C@H](OC[C@H](c1ccccc1)N1CCN(CCOCC(=O)O)CC1)c1cc(C(F)(F)F)cc(C(F)(F)F)c1,8.89997426989214,5.261900000000005
O=C(c1cc(C(F)(F)F)cc(C(F)(F)F)c1)N1CCN(C/C=N\OCCCN2CCOCC2)C[C@H]1Cc1c[nH]c2ccccc12,8.89997426989214,5.299300000000005
C/C(CCCN1CCN(C(=O)c2cc(C(F)(F)F)cc(C(F)(F)F)c2)[C@H](Cc2c[nH]c3ccccc23)C1)=N/OCCN1CCOCC1,8.89997426989214,6.0795000000000075
Brc1cc(I)cc(COCC(c2ccccc2)N2CCNCC2)c1,8.89997426989214,4.216800000000004
COC(=O)CC(=O)N(Cc1ccccc1OC)CC(Cc1c[nH]c2ccccc12)NC(=O)CN1CCN(c2ccccc2)CC1,8.89279003035213,3.6179000000000014
Cc1cc(F)ccc1C1CNCCN1C(=O)N(C)Cc1cc(C(F)(F)F)cc(C(F)(F)F)c1,8.89008413697621,5.370020000000005
Cc1ccccc1-c1c(C(=O)N(C)Cc2cc(C(F)(F)F)cc(C(F)(F)F)c2)n(C)c(=O)c2ccccc12,8.88605664769316,6.823720000000005
C[C@@H](OC[C@]1(c2ccccc2)C[C@](N)(C(=O)N2CCCCC2)C1)c1cc(C(F)(F)F)cc(C(F)(F)F)c1,8.88605664769316,6.243600000000006
COc1ccc(C(F)(F)F)cc1[C@H]1COCC2(C1)OCCN[C@H]2c1ccc(F)cc1,8.88605664769316,4.456900000000004
Cc1cc(F)ccc1-c1cc(N2CC[C@H](O)C2)ncc1N(C)C(=O)C(C)(C)c1cc(C(F)(F)F)cc(C(F)(F)F)c1,8.88605664769316,6.745320000000006
C[C@@H](OC[C@]1(c2ccccc2)C[C@](N)(C(=O)N2CCCC2)C1)c1cc(C(F)(F)F)cc(C(F)(F)F)c1,8.88605664769316,5.853500000000006
Cc1ccccc1-c1cc(N2CCS(=O)(=O)CC2)ncc1N(C)C(=O)C(C)(C)c1cc(C(F)(F)F)cc(C(F)(F)F)c1,8.88605664769316,6.270020000000006
C[C@@H](O[C@@H]1[C@@H](c2ccccc2)CN2C(=O)OC[C@@H]12)c1cc(C(F)(F)F)cc(C(F)(F)F)c1,8.88605664769316,5.788600000000004
CN(CC(c1cccc2c1OCO2)N1CCN(C2CCCCC2)CC1)C(=O)Cc1cc(C(F)(F)F)cc(C(F)(F)F)c1,8.88605664769316,6.145400000000007
COc1ccccc1CN[C@H]1C2CC[N+](CC(N)=O)(CC2)[C@H]1C(c1ccccc1)c1ccccc1,8.88605664769316,4.079800000000003
CNC(=O)C[C@H]1CCCN(C2CCN(CC[C@@H](/C(CN(C)C(=O)c3cc(Cl)cc(Cl)c3)=N/OC)c3ccc(Cl)c(Cl)c3)CC2)C1,8.88605664769316,6.861000000000009
CO/N=C(\CN(C)C(=O)c1cc(Cl)cc(Cl)c1)[C@H](CCN1CCC(n2c(=O)n(CC(=O)OC)c3ccccc32)CC1)c1ccc(Cl)c(Cl)c1,8.88605664769316,7.175000000000009
CNC(=O)C[C@H]1CCCN(C2CCN(CC[C@@H](/C(CN(C)C(=O)c3cc(Cl)cc(Cl)c3)=N/OC)c3ccc(Cl)c(Cl)c3)CC2)C1=O,8.88605664769316,6.387600000000008
CO/N=C(\CN(C)C(=O)c1cc(Cl)cc(Cl)c1)[C@H](CCN1CCC(n2c(=O)n(CC(=O)O)c3ccccc32)CC1)c1ccc(Cl)c(Cl)c1,8.88605664769316,7.086600000000008
C[C@@H](O[C@H]1CC[C@@H](N)[C@@H]1c1ccc(F)cc1)c1cc(C(F)(F)F)cc(C(F)(F)F)c1,8.88605664769316,6.214400000000004
Cn1c(-c2ccc(Cl)cc2)c(CCC(=O)N2CCC(Nc3ccccc3)CC2)c2cc(Cl)ccc21,8.88605664769316,7.187800000000005
Cc1cc(F)ccc1-c1cc(N2CCC([C@@H](C)C(=O)O)CC2)nc(C#N)c1N(C)C(=O)C(C)(C)c1cc(C(F)(F)F)cc(C(F)(F)F)c1,8.87942606879415,7.9831000000000065
CN(C(=O)C(C)(C)c1cc(C(F)(F)F)cc(C(F)(F)F)c1)c1cnc(N(CCO)CCCO)cc1-c1ccccc1Cl,8.86012091359876,6.561300000000008
Cc1c(F)cccc1C(CN(C)C(=O)Cc1cc(C(F)(F)F)cc(C(F)(F)F)c1)N1CCC(N2CCCCC2)CC1,8.85387196432176,6.8642200000000075
CC(=O)N1CCN(C(=O)N2C[C@H](c3ccc(F)cc3)[C@@H](N(C)C(=O)C(C)(C)c3cc(C(F)(F)F)cc(C(F)(F)F)c3)C2)CC1,8.85387196432176,5.351400000000005
CN(C)Cc1n[nH]nc1CN1CCOC2(CCC(c3ccccc3OC(F)(F)F)CO2)C1c1ccc(F)cc1,8.85387196432176,4.768000000000004
CN(CC(c1cccc(C(F)(F)F)c1F)N1CCC(N2CCCCC2)CC1)C(=O)Cc1cc(C(F)(F)F)cc(C(F)(F)F)c1,8.85387196432176,7.574600000000007
Cc1ccccc1-c1cc(N2CCN(C)CC2)ccc1C(=O)N(C)Cc1cc(C(F)(F)F)cc(C(F)(F)F)c1,8.85387196432176,6.723620000000006
CCCCCN(CCCCC)C(=O)[C@H]1CCN(C(=O)N(c2ccccc2)c2cccc(Cl)c2)[C@H](C(=O)NCCN(C)Cc2ccccc2OC)C1,8.85387196432176,8.14450000000001
FC(F)(F)c1cc(CO[C@@H]2CCCN[C@@H]2c2ccccc2)cc(C(F)(F)F)c1,8.85387196432176,5.734100000000003
CN(Cc1nc[nH]n1)[C@H](COCc1cc(C(F)(F)F)cc(C(F)(F)F)c1)c1ccccc1,8.85387196432176,5.232200000000004
COc1ccc(-n2nnnc2C(F)(F)F)cc1CN[C@H]1CCNC[C@H]1c1ccccc1,8.85387196432176,2.9250000000000016
CN(C(=O)c1cc(C(F)(F)F)cc(C(F)(F)F)c1)N(CCC(=O)N[C@@H]1CCCCNC1=O)Cc1ccc(Cl)c(Cl)c1,8.85387196432176,5.695200000000005
C[C@@H](O[C@H]1CC[C@@H](N(C)c2cnccn2)[C@@H]1c1ccc(F)cc1)c1cc(C(F)(F)F)cc(C(F)(F)F)c1,8.85387196432176,7.1821000000000055
CN(C)Cc1[nH]nnc1CN1CCO[C@@]2(CC[C@@H](c3ccccc3OC(F)(F)F)CO2)[C@@H]1c1ccc(F)cc1,8.85387196432176,4.768000000000004
Cc1cc(F)ccc1-c1cc(N2CCC3(CC2)OCCS3(=O)=O)ncc1N(C)C(=O)C(C)(C)c1cc(C(F)(F)F)cc(C(F)(F)F)c1,8.85387196432176,6.915820000000007
Cc1cc(F)ccc1-c1cc(N2CCC[C@H]2CO)ncc1N(C)C(=O)C(C)(C)c1cc(C(F)(F)F)cc(C(F)(F)F)c1,8.85387196432176,7.135420000000006
CC(C)N1CCN(C(CN(C)C(=O)Cc2cc(C(F)(F)F)cc(C(F)(F)F)c2)c2cccc3c2OCO3)CC1,8.85387196432176,5.221100000000005
Cc1cc(F)ccc1-c1cc(C2CCC(C(=O)O)CC2)ncc1N(C)C(=O)C(C)(C)c1cc(C(F)(F)F)cc(C(F)(F)F)c1,8.83863199776503,8.532720000000003
O=C1CC[C@@H](CN[C@@H]2CC[C@H](OCc3cc(C(F)(F)F)cc(C(F)(F)F)c3)[C@H]2c2ccccc2)N1,8.82390874094432,5.423800000000005
NC(=O)[C@H](Cc1ccccc1)NC(=O)[C@@H](N)Cc1ccccc1,8.82390874094432,0.7692000000000002
C[C@@H](O[C@H]1CN2C(=O)[C@@H]3C[C@H](N)C[C@@H]3[C@H]2[C@@H]1c1ccc(F)cc1)c1cc(C(F)(F)F)cc(C(F)(F)F)c1,8.82390874094432,5.671200000000005
COc1cc(C)cc(COC2C3CCN(CC3)C2C(c2ccccc2)c2ccccc2)c1,8.82390874094432,5.8151200000000065
C[C@@H](O[C@@H]1[C@@H](c2ccccc2)CN2C(=O)OC[C@H]12)c1cc(C(F)(F)F)cc(C(F)(F)F)c1,8.82390874094432,5.788600000000004
COc1ccc(-c2[nH]c3ccc(C)cc3c2CCC(=O)N2CCN(c3ccccc3OC)CC2)cc1,8.82390874094432,5.441920000000005
Cn1nnc(C2(F)CC3(c4ccccc4)NC2CCC3OCc2cc(C(F)(F)F)cc(C(F)(F)F)c2)n1,8.82390874094432,5.049100000000005
COc1cccc(C(CNC(=O)Cc2cc(C(F)(F)F)cc(C(F)(F)F)c2)N2CCC(N3CCCCC3)CC2)c1,8.82390874094432,6.083100000000005
O=C1CN([C@H]2CC[C@](c3ccccc3)(N3CCCC(c4cc(C(F)(F)F)cc(C(F)(F)F)c4)C3=O)CC2)CCN1c1ccccc1,8.82390874094432,7.617100000000009
C[C@@H](OC[C@@]1(c2ccc(F)cc2)CNC(=O)N1)c1cc(C(F)(F)F)cc(C(F)(F)F)c1,8.82390874094432,5.149200000000003
CN(CC(c1ccc(F)cc1Cl)N1CCC(N2CCCCC2)CC1)C(=O)Cc1cc(C(F)(F)F)cc(C(F)(F)F)c1,8.82390874094432,7.209200000000007
CN(C(=O)c1cc(C(F)(F)F)cc(C(F)(F)F)c1)c1cc(C(=O)NC2CCCCNC2=O)ccc1-c1ccccc1,8.82390874094432,6.0663000000000045
CN(C/C(=N\OCC#N)C(CCN1CCC(N2CCCCC2=O)CC1)c1ccc(Cl)c(Cl)c1)C(=O)c1cc(Cl)cc(Cl)c1,8.82390874094432,6.919180000000007
CC(=O)C1CCC(C(=O)N2CC(c3ccc(Cl)c(Cl)c3)[C@H](N(C)C(=O)c3cc(C(F)(F)F)cc(C(F)(F)F)c3)C2)CC1,8.82390874094432,7.4930000000000065
NC(=O)C[C@H]1CCC[C@H](OCc2cc(C(F)(F)F)cc(C(F)(F)F)c2)[C@@H]1c1ccccc1,8.82390874094432,6.068700000000005
CN(Cc1n[nH]c(O)n1)[C@H](COCc1cc(Cl)cc(Cl)c1)c1ccccc1,8.82390874094432,4.2070000000000025
CN(Cc1ccccc1)C(=O)[C@H](Cc1ccc2ccccc2c1)NC(=O)[C@H]1C[C@H](O)CN1C(=O)c1cn(CCCCc2nnn[n-]2)c2ccccc12,8.82390874094432,3.9211000000000027
CO/N=C(\CN(C)C(=O)c1cc(Cl)cc(Cl)c1)[C@H](CCN1CCC(n2c(=O)n(C)c3ccccc32)CC1)c1ccc(Cl)c(Cl)c1,8.82390874094432,7.539000000000008
COc1ccccc1CN(CC(Cc1c[nH]c2ccccc12)NC(=O)CN1CCN(c2ccccc2)CC1)C(=O)CN(C)C,8.81247927916354,3.616400000000003
CN(C(=O)C(C)(C)c1cc(C(F)(F)F)cc(C(F)(F)F)c1)c1cnc(N2CCC[C@@H]2CO)cc1-c1ccccc1Cl,8.80134291304558,7.3413000000000075
CN(C(=O)C(C)(C)c1cc(C(F)(F)F)cc(C(F)(F)F)c1)c1cnc(N2CC[C@H](O)[C@H]2CO)cc1-c1ccccc1Cl,8.80134291304558,6.312100000000007
FC(F)(F)c1cc(COCC(c2ccccc2Cl)N2CCNCC2)cc(C(F)(F)F)c1,8.79997073344623,5.540700000000004
CN1CCN(C(COCc2cc(C(F)(F)F)cc(C(F)(F)F)c2)c2ccccc2)CC1,8.79997073344623,5.229500000000005
C/C(CN1CCN(C(=O)c2cc(C(F)(F)F)cc(C(F)(F)F)c2)[C@H](Cc2c[nH]c3ccccc23)C1)=N/OCCN1CCN(C)CC1,8.79997073344623,5.2145000000000055
FC(F)(F)c1cc(COCC(c2cccc(Cl)c2)N2CCNCC2)cc(C(F)(F)F)c1,8.79997073344623,5.540700000000004
FC(F)(F)c1cc(COCC(c2ccccc2)N2CCNCC2)cc(C(F)(F)F)c1,8.79997073344623,4.887300000000004
C=Cc1cccc(C(COCc2cc(C(F)(F)F)cc(C(F)(F)F)c2)N2CCNCC2)c1C=C,8.79997073344623,6.1733000000000064
CC(=O)N[C@H](Cc1c[nH]c2ccccc12)C(=O)OCc1cc(C(F)(F)F)cc(C(F)(F)F)c1,8.79588001734408,4.996100000000003
FC(F)(F)c1cc(COC2C3CCN(CC3)C2C(c2ccccc2)c2ccccc2)cc(C(F)(F)F)c1,8.79588001734408,7.5357000000000065
CN(C/C(=N\OCCCn1ccnc1)C(CCN1CCC(N2CCCCC2=O)CC1)c1ccc(Cl)c(Cl)c1)C(=O)c1cc(Cl)cc(Cl)c1,8.79588001734408,7.682400000000008
O=C(Cc1cc(C(F)(F)F)cc(C(F)(F)F)c1)NCC(c1cccc2c1OCO2)N1CCC(N2CCCCC2)CC1,8.79588001734408,5.803200000000006
O=C1NC(COCc2cc(C(F)(F)F)cc(C(F)(F)F)c2)(c2ccc(F)cc2)CN1CCN1CCCC1,8.79588001734408,5.396400000000006
O=C(Cc1cc(C(F)(F)F)cc(C(F)(F)F)c1)NCC(c1cccc2c1OCO2)N1CCN(C2CCCCC2)CC1,8.79588001734408,5.803200000000006
CCN(CC)c1cc(C(F)(F)F)cc(COCC2(c3ccc(F)cc3)CCN(C)CC2)n1,8.79588001734408,5.265900000000006
Ic1ccccc1CN[C@@H]1C2CCN(CC2)[C@@H]1C(c1ccccc1)c1ccccc1,8.79588001734408,5.675700000000005
CC(C(=O)N[C@]1(c2ccccc2)CC[C@@H](N2CCC(=O)CC2)CC1)c1cc(C(F)(F)F)cc(C(F)(F)F)c1,8.79588001734408,6.4469000000000065
COC(=O)CN1CCO[C@H](OCc2cc(C(F)(F)F)cc(C(F)(F)F)c2)[C@@H]1c1ccccc1,8.79588001734408,4.813400000000004
Cc1cc(F)ccc1-c1cc([C@H]2CC[C@H](CC(=O)O)CC2)ncc1N(C)C(=O)C(C)(C)c1cc(C(F)(F)F)cc(C(F)(F)F)c1,8.79048498545737,8.92282
Cc1cc(F)ccc1-c1cc(C2CCC3(CC2)CC3C(=O)O)ncc1N(C)C(=O)C(C)(C)c1cc(C(F)(F)F)cc(C(F)(F)F)c1,8.78781239559604,8.92282
Cc1ccccc1-c1cnc(N2CCN(C)CC2)cc1N(C)C(=O)C(C)(C)c1cc(C(F)(F)F)cc(C(F)(F)F)c1,8.76955107862173,6.787020000000006
CN(Cc1ccccc1)C(=O)[C@H](Cc1ccc2ccccc2c1)N(C)C(=O)[C@@H]1CCCN1/C(S)=N/Cc1ccccc1Cl,8.76955107862173,6.471700000000008
Cn1c(-c2ccc(Cl)cc2)c(CCC(=O)N2CCC(O)(Cc3ccccc3)CC2)c2cc(-c3ccccn3)ccc21,8.76955107862173,7.089500000000007
O=C(Cc1cc(C(F)(F)F)cc(C(F)(F)F)c1)NCC(c1cccc(C(F)(F)F)c1F)N1CCC(N2CCCCC2)CC1,8.76955107862173,7.232400000000007
CN(Cc1ccccc1)C(=O)[C@H](Cc1ccc2ccccc2c1)NC(=O)[C@@H]1CCCN1C(=O)Nc1ccccc1CO,8.76955107862173,4.714500000000005
O=C(Cc1cc(C(F)(F)F)cc(C(F)(F)F)c1)NCC(c1ccc(F)cc1Cl)N1CCC(N2CCCCC2)CC1,8.76955107862173,6.867000000000007
CCN1C[C@@](CO[C@H](C)c2cc(C(F)(F)F)cc(C(F)(F)F)c2)(c2ccccc2)NC1=O,8.76955107862173,5.742400000000005
Cc1ccccc1-c1nc(N2CCN(C)CC2)ncc1C(=O)N(C)Cc1cc(C(F)(F)F)cc(C(F)(F)F)c1,8.76955107862173,5.513620000000006
Fc1ccc(C2CCN([C@H]3CC[C@](CNCc4cc(C(F)(F)F)cc(C(F)(F)F)c4)(c4ccccc4)CC3)CC2)cc1,8.76955107862173,8.713100000000004
CN(CC(c1ccc(F)c(Cl)c1)N1CCC(N2CCCCC2)CC1)C(=O)Cc1cc(C(F)(F)F)cc(C(F)(F)F)c1,8.76955107862173,7.209200000000007
CS(=O)(=O)N1CC2(CCN(C(=O)[C@H](COCc3ccc(Cl)c(Cl)c3)NCc3ccc(Cl)c(Cl)c3)CC2)c2ccccc21,8.76955107862173,6.315200000000006
CN(C/C(=N\OCCCn1cccn1)C(CCN1CCC(N2CCCCC2=O)CC1)c1ccc(Cl)c(Cl)c1)C(=O)c1cc(Cl)cc(Cl)c1,8.76955107862173,7.682400000000008
CC(C)c1noc(C2=CC(=O)N3C[C@H](O[C@H](C)c4cc(C(F)(F)F)cc(C(F)(F)F)c4)[C@@H](c4ccc(F)cc4)C3C2)n1,8.76955107862173,7.297800000000007
Oc1n[nH]c(CN2CCC(COCc3cc(C(F)(F)F)cc(C(F)(F)F)c3)(c3ccccc3)CC2)n1,8.76955107862173,5.298500000000005
CN(C/C(=N\OC(F)F)C(CCN1CCC(N2CCCCC2=O)CC1)c1ccc(Cl)c(Cl)c1)C(=O)c1cc(Cl)cc(Cl)c1,8.76955107862173,7.618200000000007
CN(C(=O)C(C)(C)c1cc(C(F)(F)F)cc(C(F)(F)F)c1)c1cnc(N2CCCC(O)C2)cc1-c1ccccc1Cl,8.76447155309245,7.3413000000000075
Cc1cc(F)ccc1-c1cc(C2CCC(CCC(=O)O)CC2)ncc1N(C)C(=O)C(C)(C)c1cc(C(F)(F)F)cc(C(F)(F)F)c1,8.74957999769111,9.312919999999998
O=C(Cc1ccccn1)N1CCC(COCc2cc(C(F)(F)F)cc(C(F)(F)F)c2)(c2ccccc2)CC1,8.74472749489669,6.4389000000000065
Cc1ccc(-c2c3n(c(=O)c4ncccc24)CCCCCN(Cc2cc(C(F)(F)F)cc(C(F)(F)F)c2)C3=O)cc1,8.74472749489669,7.235820000000006
CCCCCN(CCCCC)C(=O)[C@H]1CCN(C(=O)N(c2ccccc2)c2ccccc2)[C@H](C(=O)NCCN(C)Cc2ccccc2OC)C1,8.74472749489669,7.491100000000008
CCCCCN(CCCCC)C(=O)[C@H]1CCN(C(=O)N(c2ccccc2)c2cccc(Cl)c2)[C@H](C(=O)NCCN(CC(N)=O)C(=O)OCc2ccccc2)C1,8.74472749489669,7.128000000000008
CN(CC(c1cccc2c1OCO2)N1CCC(N2CCCCC2)CC1)C(=O)Cc1cc(C(F)(F)F)cc(C(F)(F)F)c1,8.74472749489669,6.145400000000007
Cc1cc(C)cc(C(=O)N2CCN(C(=O)CNC3CCN(Cc4ccccc4)CC3)C(c3ccc(Cl)c(Cl)c3)C2)c1,8.74472749489669,5.890140000000006
O=C(Cc1cccnc1)N1CCC(COCc2cc(C(F)(F)F)cc(C(F)(F)F)c2)(c2ccccc2)CC1,8.74472749489669,6.4389000000000065
O=C(c1cc(C(F)(F)F)cc(C(F)(F)F)c1)N1CCN(C(=O)CNC2CCN(Cc3ccccc3)CC2)[C@@H](c2ccc(Cl)c(Cl)c2)C1,8.74472749489669,7.310900000000007
CCCCCN(CCCCC)C(=O)[C@H]1CCN(C(=O)N(c2ccccc2)c2ccccc2)[C@H](C(=O)NCCN(CC(N)=O)Cc2ccccc2OC)C1,8.74472749489669,6.346600000000006
NC(=O)CCN1CCC[C@H](OCc2cc(C(F)(F)F)cc(C(F)(F)F)c2)[C@@H]1c1ccccc1,8.74472749489669,5.321900000000005
CN1CCC(COCc2cc(C3CC3)cc(C3CC3)n2)(c2ccc(F)cc2)CC1,8.74472749489669,5.155700000000005
CN(CC(c1ccc(F)c(F)c1F)N1CCC(N2CCCCC2)CC1)C(=O)Cc1cc(C(F)(F)F)cc(C(F)(F)F)c1,8.74472749489669,6.834000000000007
CN(C)CCC(=O)N[C@@H](Cc1c[nH]c2ccccc12)C(=O)CCc1cc(C(F)(F)F)cc(C(F)(F)F)c1,8.74472749489669,5.3864000000000045
FC(F)(F)c1cc(COCC2(c3ccccc3)CCN(Cc3nc[nH]n3)CC2)cc(C(F)(F)F)c1,8.74472749489669,5.592900000000004
C[C@@H](O[C@H]1CN2C(=O)C=C(c3ccc(C#N)cc3)CC2[C@@H]1c1ccc(F)cc1)c1cc(C(F)(F)F)cc(C(F)(F)F)c1,8.74472749489669,7.663080000000006
CN(C/C(=N\OCCC[N+](C)(C)C)C(CCN1CCC(N2CCCCC2=O)CC1)c1ccc(Cl)c(Cl)c1)C(=O)c1cc(Cl)cc(Cl)c1,8.74472749489669,7.49190000000001
CO/N=C(\CN(C)C(=O)c1cc(Cl)cc(Cl)c1)[C@H](CCN1CCC(N2CCCN(c3ccccn3)C2=O)CC1)c1ccc(Cl)c(Cl)c1,8.72124639904717,7.740200000000009
COc1ccccc1CNC1C2CC3CCCC2CN3[C@H]1C(c1ccccc1)c1ccccc1,8.72124639904717,5.858300000000006
CN1CCC(COCc2cc(C(F)(F)F)cc(C3CC3)n2)(c2ccc(F)cc2)CC1,8.72124639904717,5.297100000000006
CN1CCC(COCc2cc(C(F)(F)F)cc(N3CCC4CC43)n2)(c2ccc(F)cc2)CC1,8.72124639904717,5.018300000000005
CC(=O)N(Cc1ccccc1Cl)CC(Cc1c[nH]c2ccccc12)NC(=O)CN1CCN(c2ccccc2)CC1,8.72124639904717,4.719500000000004
C[C@@H](O[C@H]1CN2C(=O)C=C(c3cnn(Cc4ccccc4)c3)CC2[C@@H]1c1ccc(F)cc1)c1cc(C(F)(F)F)cc(C(F)(F)F)c1,8.72124639904717,8.036200000000006
CCN1CC[C@H](NCc2cc(-n3nnnc3C(F)(F)F)ccc2OC)[C@H](c2ccccc2)C1,8.72124639904717,3.657300000000002
CN(CC(N)=O)C[C@@H]1CC[C@H](OCc2cc(C(F)(F)F)cc(C(F)(F)F)c2)[C@H]1c1ccccc1,8.72124639904717,5.220300000000004
NC(=O)CNC[C@@H]1CC[C@H](OCc2cc(C(F)(F)F)cc(C(F)(F)F)c2)[C@H]1c1ccccc1,8.72124639904717,4.878100000000004
CNC[C@@H]1CC[C@H](OCc2cc(C(F)(F)F)cc(C(F)(F)F)c2)[C@H]1c1ccccc1,8.72124639904717,6.022600000000005
CN(C/C(=N\OCC(C)(C)O)C(CCN1CCC(N2CCCCC2=O)CC1)c1ccc(Cl)c(Cl)c1)C(=O)c1cc(Cl)cc(Cl)c1,8.72124639904717,7.166500000000008
COc1ccccc1CN[C@H]1C2CC3CCCC2CN3[C@H]1C(c1ccccc1)c1ccccc1,8.72010501998836,5.858300000000006
C[C@H](NC(=O)[C@@](C)(Cc1c[nH]c2ccccc12)NC(=O)OCc1ccc(F)cc1F)c1ccccc1,8.72010501998836,5.551100000000004
CN(C)[C@H](COCc1cc(C(F)(F)F)cc(C(F)(F)F)c1)C(c1ccccc1)c1ccccc1,8.70005709997723,7.003100000000007
OCCN1CCN(C(COCc2cc(C(F)(F)F)cc(C(F)(F)F)c2)c2ccccc2)CC1,8.70005709997723,4.592000000000003
CCN(CC)c1nnnn1-c1ccc(OC)c(CN[C@H]2CCCN[C@H]2c2ccccc2)c1,8.70005709997723,3.1000000000000005
FC(F)(F)c1cc(CN[C@H]2C3CCN(CC3)[C@H]2C(c2ccccc2)c2ccccc2)cc(C(F)(F)F)c1,8.70005709997723,7.108700000000005
COc1ccccc1[C@@H]1CC[C@@]2(CCCN[C@H]2c2ccccc2)NC1,8.70005709997723,4.025700000000002
Fc1cccc(C(COCc2cc(C(F)(F)F)cc(C(F)(F)F)c2)N2CCNCC2)c1,8.70005709997723,5.026400000000004
Cc1ccc(COC(=O)N[C@](C)(Cc2c[nH]c3ccccc23)C(=O)N[C@@H](C)c2ccccc2)c(F)c1,8.70005709997723,5.720420000000005
FC(F)(F)c1cc(COCC(c2ccccc2)N2CCN(Cc3ccccn3)CC2)cc(C(F)(F)F)c1,8.70005709997723,6.194900000000005
COc1ccc(-c2nccn2C)cc1CN[C@H]1CCCN[C@H]1c1ccccc1,8.70005709997723,3.678600000000002
CNCCO/N=C(/C)CN1CCN(C(=O)c2cc(C(F)(F)F)cc(C(F)(F)F)c2)[C@H](Cc2c[nH]c3ccccc23)C1,8.70005709997723,5.186500000000006
FC(F)(F)c1cc(COCC2(c3ccccc3)CCNCC2)nc(C2CC2)c1,8.69897000433602,4.815800000000003
FC(F)(F)c1cc(COCC2(c3ccccc3)CCCNCCC2)cc(C(F)(F)F)c1,8.69897000433602,6.342400000000004
Cc1ccccc1-c1ccc(N2CCN(C)CC2)nc1N(C)C(=O)C(C)(C)c1cc(C(F)(F)F)cc(C(F)(F)F)c1,8.69897000433602,6.787020000000006
O=C(CN1CCOCC1)N[C@@H](Cc1c[nH]c2ccccc12)C(=O)CCc1cc(C(F)(F)F)cc(C(F)(F)F)c1,8.69897000433602,4.766900000000005
CN1CCC(COCc2cc(C(F)(F)F)cc(C3CC3)n2)(c2ccccc2)CC1,8.69897000433602,5.158000000000005
C[C@@H]1C[C@@](CO[C@H](C)c2cc(C(F)(F)F)cc(C(F)(F)F)c2)(c2ccccc2)NC1=O,8.69897000433602,5.853300000000004
CO/N=C(\CN(C)C(=O)c1cc(Cl)cc(Cl)c1)C(CCN1CCC(O)(c2ccccc2)CC1)c1ccc(Cl)c(Cl)c1,8.69897000433602,7.532100000000008
CN(Cc1n[nH]c(O)n1)C[C@@H]1CC[C@H](OCc2cc(C(F)(F)F)cc(C(F)(F)F)c2)[C@H]1c1ccccc1,8.69897000433602,5.758900000000004
CN(CC(c1ccccc1)N1CCN(C2CCCCC2)CC1)C(=O)Cc1cc(C(F)(F)F)cc(C(F)(F)F)c1,8.69897000433602,6.416700000000008
CO/N=C(\CN(C)C(=O)c1cc(C)nc(N(C)C)c1)C(CCN1CCC(O)(c2ccccc2)CC1)c1ccc(Cl)c(Cl)c1,8.69897000433602,5.994720000000008
CCCN(Cc1n[nH]c(O)n1)[C@H](COCc1cc(C(F)(F)F)cc(C(F)(F)F)c1)c1ccccc1,8.69897000433602,5.718000000000005
CO/N=C(\CN(C)C(=O)c1cc(C)nc(-c2cccs2)c1)C(CCN1CCC(O)(c2ccccc2)CC1)c1ccc(Cl)c(Cl)c1,8.69897000433602,7.6572200000000095
CO/N=C(\CN(C)C(=O)c1cc(C)nc(N2CCCC2)c1)C(CCN1CCC(O)(c2ccccc2)CC1)c1ccc(Cl)c(Cl)c1,8.69897000433602,6.528920000000009
Cn1c(-c2ccc(Cl)cc2)c(CCC(=O)N2CCN(CC(C)(C)C)CC2)c2cc(Cl)ccc21,8.69897000433602,6.275000000000007
CO/N=C(\CNC(=O)c1cc(C(F)(F)F)cc(C(F)(F)F)c1)C(CCN1CCC(O)(c2ccccc2)CC1)c1ccc(Cl)c(Cl)c1,8.69897000433602,7.920700000000007
CCN(C/C(=N\OC)[C@H](CCN1CCC(n2c(=O)n(CCOC)c3ccccc32)CC1)c1ccc(Cl)c(Cl)c1)C(=O)c1cc(Cl)cc(Cl)c1,8.69897000433602,8.03850000000001
C[C@@H](O[C@H]1CN2C(=O)C=C(c3ccc(F)cc3)CC2[C@@H]1c1ccc(F)cc1)c1cc(C(F)(F)F)cc(C(F)(F)F)c1,8.69897000433602,7.9305000000000065
COc1ccccc1CN(CC(Cc1c[nH]c2ccccc12)NC(=O)CN1CCN(c2ccccc2)CC1)C(=O)c1ccccc1,8.69897000433602,5.368600000000005
CN(CC(N)=O)[C@H]1CC[C@H](OCc2cc(C(F)(F)F)cc(C(F)(F)F)c2)[C@@H]1c1ccccc1,8.67778070526608,4.972700000000004
Cc1cc(F)ccc1-c1cc(C2CCCC(CC(=O)O)C2)ncc1N(C)C(=O)C(C)(C)c1cc(C(F)(F)F)cc(C(F)(F)F)c1,8.67778070526608,8.92282
CN(CC(c1ccccc1)N1CCC(N2CCCCC2)CC1)C(=O)Cc1cc(C(F)(F)F)cc(C(F)(F)F)c1,8.67778070526608,6.416700000000008
CN(C(=O)C(C)(C)c1cc(C(F)(F)F)cc(C(F)(F)F)c1)[C@H]1CN(C(=O)N2CCN(S(C)(=O)=O)CC2)C[C@@H]1c1ccc(F)cc1,8.67778070526608,4.764500000000005
FC(F)(F)Oc1ccc(Cl)c(CNC2CCC3CCC2(c2ccccc2)N3)c1,8.67778070526608,5.138100000000004
CC(C(=O)NC1(c2ccccc2)CCC(N2CCC(C3CCC(=O)O3)CC2)CC1)c1cc(C(F)(F)F)cc(C(F)(F)F)c1,8.67778070526608,7.199600000000007
Cc1cc(F)ccc1-c1cc(N2CCC(CC(=O)O)CC2)ncc1N(C)C(=O)C(C)(C)c1cc(C(F)(F)F)cc(C(F)(F)F)c1,8.67571754470231,7.8654200000000065
C[C@H](NC(=O)[C@@](C)(Cc1c[nH]c2ccccc12)NC(=O)OCc1cc(F)ccc1F)c1ccccc1,8.66999229912724,5.551100000000004
COCCNC(=O)CO/N=C(\CN(C)C(=O)c1cc(Cl)cc(Cl)c1)C(CCN1CCC(N2CCCCC2=O)CC1)c1ccc(Cl)c(Cl)c1,8.65757731917779,6.158200000000008
NC(=O)[C@@H]1[C@H](c2ccccc2)CCN1C(=O)[C@@H](N)Cc1ccccc1,8.65757731917779,1.4263999999999994
Cc1cc(Cl)cc(COC[C@H](c2ccccc2)N(C)Cc2n[nH]c(O)n2)c1,8.65757731917779,3.862020000000002
CC(=O)N(Cc1ccccc1)CC(Cc1c[nH]c2ccccc12)NC(=O)CN1CCN(c2ccccc2)CC1,8.65757731917779,4.066100000000003
COc1ccccc1CN[C@@H]1C2CCN(CC2)[C@@H]1C(c1ccccc1)c1ccccc1,8.65757731917779,5.079700000000005
CC(=O)N[C@@H](Cc1c[nH]c2ccccc12)C(=O)CCc1cc(C(F)(F)F)cc(C(F)(F)F)c1,8.65757731917779,5.454600000000004
CN(Cc1ccccc1)C(=O)[C@H](Cc1ccc2ccccc2c1)NC(=O)[C@@H]1CCCN1C(=O)Nc1ccc(F)cc1,8.65757731917779,5.361300000000004
Cc1cc(C)cc(COCC(NCC(N)=O)C(c2ccccc2)c2ccccc2)c1,8.65757731917779,4.095640000000002
Cn1c(-c2ccc(Cl)cc2)c(CCC(=O)N2CCC(Cc3ccccc3)CC2)c2cc(Cl)ccc21,8.65757731917779,7.566000000000006
CN(C/C(=N\OCc1c[nH]cn1)C(CCN1CCC(N2CCCCC2=O)CC1)c1ccc(Cl)c(Cl)c1)C(=O)c1cc(Cl)cc(Cl)c1,8.65757731917779,7.318900000000008
Cc1cc(F)ccc1-c1cc([C@H]2CC[C@@H](CC(=O)O)CC2)ncc1N(C)C(=O)C(C)(C)c1cc(C(F)(F)F)cc(C(F)(F)F)c1,8.65560772631489,8.92282
CCCN(CCO)c1cc(-c2ccccc2Cl)c(N(C)C(=O)C(C)(C)c2cc(C(F)(F)F)cc(C(F)(F)F)c2)cn1,8.64975198166584,7.588900000000008
Cc1cc(F)ccc1-c1cc(N2CCC(C(C)C(=O)O)CC2)nc(C#N)c1N(C)C(=O)C(C)(C)c1cc(C(F)(F)F)cc(C(F)(F)F)c1,8.64781748188864,7.9831000000000065
CN(C(=O)C(C)(C)c1cc(C(F)(F)F)cc(C(F)(F)F)c1)c1cnc(N2CCCC[C@@H]2CO)cc1-c1ccccc1Cl,8.64397414280688,7.731400000000008
Cn1c(-c2ccc(Cl)cc2)c(CCC(=O)N2CCC(O)(Cc3ccccc3)CC2)c2cc(-n3cccc3)ccc21,8.63827216398241,6.818200000000007
COc1cccc(OC)c1CN1CCC(=O)C(C(c2ccc(F)cc2)c2ccc(F)cc2)C1,8.63827216398241,5.205100000000005
N[C@@H]1CC[C@H](OCc2cc(C(F)(F)F)cc(C(F)(F)F)c2)[C@H]1c1ccccc1,8.63827216398241,5.514300000000004
CCN(C/C(=N\OC)[C@H](CCN1CCC(n2c(=O)n(CC#N)c3ccccc32)CC1)c1ccc(Cl)c(Cl)c1)C(=O)c1cc(Cl)cc(Cl)c1,8.63827216398241,7.915680000000007
Cc1ccc(-c2c3n(c(=O)c4ncccc24)CCN(Cc2cc(C(F)(F)F)cc(C(F)(F)F)c2)C3=O)cc1,8.63827216398241,6.065520000000005
CN(Cc1ccccc1)C(=O)[C@H](Cc1ccc2ccccc2c1)NC(=O)[C@@H]1CCCN1C(=O)NCc1ccccc1Cl,8.63827216398241,5.5533000000000055
CN(Cc1ccccc1)C(=O)[C@H](Cc1ccc2ccccc2c1)NC(=O)[C@@H]1CCCN1C(=O)Nc1cccc([N+](=O)[O-])c1,8.63827216398241,5.130400000000004
CN(CC(c1ccc(Cl)c(Cl)c1)N1CCC(N2CCCCC2)CC1)C(=O)Cc1cc(C(F)(F)F)cc(C(F)(F)F)c1,8.63827216398241,7.723500000000008
Cc1ccccc1-c1cc(C2CCC(CC(=O)O)CC2)ncc1N(C)C(=O)C(C)(C)c1cc(C(F)(F)F)cc(C(F)(F)F)c1,8.62893213772826,8.78372
Cc1cc(F)ccc1-c1cc(C2(C)CCCC(CC(=O)O)C2)ncc1N(C)C(=O)C(C)(C)c1cc(C(F)(F)F)cc(C(F)(F)F)c1,8.62893213772826,9.096919999999999
Cc1cc(F)ccc1-c1cc([C@H]2CC[C@@H](CC(=O)O)CC2)nc(C#N)c1N(C)C(=O)C(C)(C)c1cc(C(F)(F)F)cc(C(F)(F)F)c1,8.62708799702989,8.794500000000001
C[C@H](NC(=O)[C@@](C)(Cc1c[nH]c2ccccc12)NC(=O)OCc1cc2ccccc2s1)c1ccccc1,8.61996975203217,6.487600000000006
COc1ccccc1CN[C@H]1[C@@H]2CCC[C@@H]2N[C@H]1c1ccccc1,8.61996975203217,3.6666000000000025
COCCO/N=C(\CN(C)C(=O)c1cc(Cl)cc(Cl)c1)C(CCN1CCC(N2CCCCC2=O)CC1)c1ccc(Cl)c(Cl)c1,8.61978875828839,7.042000000000009
FC(F)(F)c1cc(CO[C@H]2OCCN[C@H]2c2ccccc2)cc(C(F)(F)F)c1,8.61978875828839,4.928000000000003
CO/N=C(\CN(C)C(=O)c1cc(Cl)cc(Cl)c1)[C@H](CCN1CCC(N2CCCN(Cc3ccsc3)C2=O)CC1)c1ccc(Cl)c(Cl)c1,8.61978875828839,8.402300000000006
CCN(C/C(=N\OC)[C@H](CCN1CCC(n2c(=O)n(CC(N)=O)c3ccccc32)CC1)c1ccc(Cl)c(Cl)c1)C(=O)c1cc(Cl)cc(Cl)c1,8.61978875828839,6.877400000000008
Oc1n[nH]c(CN[C@H](COCc2cc(C(F)(F)F)cc(C(F)(F)F)c2)c2ccccc2)n1,8.61978875828839,4.595600000000003
CC(C(=O)N[C@]1(c2ccccc2)CC[C@H](N2CCCCC2)CC1)c1cc(C(F)(F)F)cc(C(F)(F)F)c1,8.61978875828839,7.267900000000006
Cc1cc(COCC2(c3ccccc3)CCNCC2)cc(C(C)(C)C)c1,8.61978875828839,5.130520000000005
C[C@@H](OCC1(c2ccccc2)CC(=O)C1)c1cc(C(F)(F)F)cc(C(F)(F)F)c1,8.61978875828839,6.102700000000004
COc1ccccc1C(CNC(=O)Cc1cc(C(F)(F)F)cc(C(F)(F)F)c1)N1CCC(N2CCCCC2)CC1,8.61978875828839,6.083100000000006
CCN(C/C(=N\OC)[C@H](CCN1CCC(n2c(=O)n(CC(=O)O)c3ccccc32)CC1)c1ccc(Cl)c(Cl)c1)C(=O)c1cc(Cl)cc(Cl)c1,8.61978875828839,7.476700000000008
CN(Cc1c[nH]c(O)n1)[C@@H]1CC[C@H](OCc2cc(C(F)(F)F)cc(C(F)(F)F)c2)[C@H]1c1ccccc1,8.61978875828839,6.116300000000006
COc1ccccc1CNC1C2C3CCC2CN(C3)[C@H]1C(c1ccccc1)c1ccccc1,8.61978875828839,5.325700000000006
CCN(C/C(=N\OC)[C@H](CCN1CCC(n2c(O)nc3ccccc32)CC1)c1ccc(Cl)c(Cl)c1)C(=O)c1cc(Cl)cc(Cl)c1,8.60205999132796,8.331000000000007
COc1ccccc1CN(C)C(=O)c1c(-c2ccc(F)cc2)c2cccnc2c(=O)n1C,8.60205999132796,4.020400000000004
O=C(OCc1cc(C(F)(F)F)cc(C(F)(F)F)c1)[C@]1(c2ccccc2)CC[C@H](N2CCC(c3ccc(F)cc3)CC2)CC1,8.60205999132796,8.666700000000004
FC(F)(F)c1cc(COC[C@]2(c3ccccc3)CCCNCC2)cc(C(F)(F)F)c1,8.60205999132796,5.952300000000004
Cc1ccccc1-c1c(C(=O)NCc2cc(C(F)(F)F)cc(C(F)(F)F)c2)n(C)c(=O)c2ccccc12,8.60205999132796,6.481520000000004
COc1ccc(CN(CC(Cc2c[nH]c3ccccc23)NC(=O)CN2CCN(c3ccccc3)CC2)C(C)=O)cc1,8.60205999132796,4.074700000000003
C/C(CN1CCN(C(=O)c2cc(C(F)(F)F)cc(C(F)(F)F)c2)[C@H](Cc2c[nH]c3ccccc23)C1)=N/OCCN1CCS(=O)(=O)CC1,8.59998036493484,4.697500000000004
COc1ccc(-c2nnn(C)n2)cc1CN[C@H]1CCCN[C@H]1c1ccccc1,8.59998036493484,2.4686000000000003
COc1ccccc1CNCCNC(=O)N1CCN(C(=O)c2cc(C(F)(F)F)cc(C(F)(F)F)c2)[C@H](Cc2c[nH]c3ccccc23)C1,8.59998036493484,6.082600000000005
CCCCN1CCN(C(COCc2cc(C(F)(F)F)cc(C(F)(F)F)c2)c2ccccc2)CC1,8.59998036493484,6.399800000000007
C[C@H](OC[C@@H](c1ccccc1)N1CCN(CCOCC(=O)O)CC1)c1cc(C(F)(F)F)cc(C(F)(F)F)c1,8.59998036493484,5.261900000000005
CN1C(=O)OC2(CCN(CC[C@@](C)(C(=O)N(C)[C@H](Cc3ccccc3)C(=O)NCCN)c3ccc(Cl)c(Cl)c3)CC2)c2cc(F)ccc21,8.59998036493484,5.502600000000005
O=C(c1cc(C(F)(F)F)cc(C(F)(F)F)c1)N1CCN(CC2=NOC(CN3CCOCC3)C2)C[C@H]1Cc1c[nH]c2ccccc12,8.59998036493484,5.051700000000005
Cc1ccccc1-c1cc(N2CCC(CC(=O)O)CC2)ncc1N(C)C(=O)C(C)(C)c1cc(C(F)(F)F)cc(C(F)(F)F)c1,8.59687947882418,7.7263200000000065
C[C@@H](OC[C@@]1(c2ccccc2)C[C@@H](NS(C)(=O)=O)C(=O)N1)c1cc(C(F)(F)F)cc(C(F)(F)F)c1,8.58502665202918,4.1350000000000025
COc1ccc([N+](=O)[O-])cc1CN1CCC(=O)C(C(c2ccccc2)c2ccccc2)C1,8.58502665202918,4.826500000000004
Ic1ccccc1N[C@@H]1C2CCN(CC2)[C@@H]1C(c1ccccc1)c1ccccc1,8.58502665202918,5.9980000000000055
Cc1cc(F)ccc1-c1cc(N2CCC(CC(=O)O)CC2)nc(C#N)c1N(C)C(=O)C(C)(C)c1cc(C(F)(F)F)cc(C(F)(F)F)c1,8.58502665202918,7.737100000000006
CN(Cc1ccccc1)C(=O)[C@H](Cc1ccc2ccccc2c1)NC(=O)[C@@H]1CCCN1C(=O)Nc1ccccc1O,8.58502665202918,4.927800000000005
FC(F)(F)c1cc(COC[C@@]2(c3ccccc3)CCCNCC2)cc(C(F)(F)F)c1,8.58502665202918,5.952300000000004
CN1CCC[C@](COCc2cc(C(F)(F)F)cc(C(F)(F)F)c2)(c2ccccc2)CC1,8.58502665202918,6.294500000000006
Cn1c(-c2ccc(Cl)cc2)c(CCC(=O)N2CCC(O)(Cc3ccccc3)CC2)c2nc(Cl)ccc21,8.58502665202918,6.075900000000006
CC(=O)N1CC[C@@H](C(=O)N(C)Cc2cc(C(F)(F)F)cc(C(F)(F)F)c2)[C@H](c2ccccc2)C1,8.58502665202918,5.334800000000005
CN(Cc1cc(C(F)(F)F)cc(C(F)(F)F)c1)C(=O)[C@@H]1CCNC[C@H]1c1ccccc1,8.58502665202918,5.075900000000003
CN(C(=O)C(C)(C)c1cc(C(F)(F)F)cc(C(F)(F)F)c1)c1cnc(N2CC[C@@H](O)C2)cc1-c1ccccc1Cl,8.58169870868026,6.951200000000007
CCN(C/C(=N\OC)[C@H](CCN1CCC(n2c(=O)n(Cc3ccccn3)c3ccccc32)CC1)c1ccc(Cl)c(Cl)c1)C(=O)c1cc(Cl)cc(Cl)c1,8.56863623584101,8.835400000000002
NC[C@@H]1CC[C@H](OCc2cc(C(F)(F)F)cc(C(F)(F)F)c2)[C@H]1c1ccccc1,8.56863623584101,5.761900000000005
C[C@@H](O[C@H]1CN2C(=O)N(Cc3ccccc3)C[C@H]2[C@@H]1c1ccc(F)cc1)c1cc(C(F)(F)F)cc(C(F)(F)F)c1,8.56863623584101,7.413300000000006
NC(=O)CCCN1CCC[C@H](OCc2cc(C(F)(F)F)cc(C(F)(F)F)c2)[C@@H]1c1ccccc1,8.56863623584101,5.712000000000004
O=C1NC[C@@](COCc2cc(C(F)(F)F)cc(C(F)(F)F)c2)(c2ccc(F)cc2)N1,8.56863623584101,4.588200000000003
CNC(=O)N[C@@H]1CC[C@H](OCc2cc(C(F)(F)F)cc(C(F)(F)F)c2)[C@H]1c1ccccc1,8.56863623584101,5.484600000000004
CN(C(=O)c1cc(C(F)(F)F)cc(C(F)(F)F)c1)c1cc(C(=O)N[C@@H]2CCCCNC2=O)ccc1-c1ccc(Cl)cc1,8.56863623584101,6.719700000000005
CN(CC(N)=O)[C@@H]1CC[C@H](OCc2cc(C(F)(F)F)cc(C(F)(F)F)c2)[C@H]1c1ccccc1,8.56863623584101,4.972700000000004
O=C(N[C@@H](Cc1c[nH]c2ccccc12)C(=O)OCc1cc(C(F)(F)F)cc(C(F)(F)F)c1)c1ccccc1,8.56863623584101,6.2900000000000045
CC(=O)N1CCC(C(=O)N2CC[C@@H](C(=O)NCc3cc(C(F)(F)F)cc(C(F)(F)F)c3)[C@H](c3ccccc3)C2)CC1,8.56863623584101,5.231200000000005
FC(F)(F)c1cc(COCC2(c3ccccc3)CCNCC2)nc(N2CCCC2)c1,8.56863623584101,4.538600000000002
COc1ccccc1CN(CC(Cc1cccc2ccccc12)NC(=O)CN1CCN(c2ccccc2)CC1)C(C)=O,8.56383735295924,4.746600000000004
Cc1ccccc1-c1cc(C2CCC(CC(=O)O)CC2)nc(C#N)c1N(C)C(=O)C(C)(C)c1cc(C(F)(F)F)cc(C(F)(F)F)c1,8.55595520408192,8.655400000000002
Cc1cc(F)ccc1-c1cc(C2CCC(C(C)C(=O)O)CC2)ncc1N(C)C(=O)C(C)(C)c1cc(C(F)(F)F)cc(C(F)(F)F)c1,8.5543957967264,9.168819999999998
O=C(Cc1cc(C(F)(F)F)cc(C(F)(F)F)c1)NCC(c1cccc2ccccc12)N1CCN(C2CCCCC2)CC1,8.55284196865778,7.2277000000000085
CN(C/C(=N\OCCn1ccnc1)C(CCN1CCC(N2CCCCC2=O)CC1)c1ccc(Cl)c(Cl)c1)C(=O)c1cc(Cl)cc(Cl)c1,8.55284196865778,7.292300000000008
C=C(C)n1c(=O)n(CCN2CCC(N(C(=O)CC)c3cccc(Cl)c3)CC2)c2ccccc21,8.55284196865778,4.854600000000004
COc1ccccc1CN(CC(Cc1c[nH]c2ccccc12)NC(=O)CN1CCC(N(C)C)CC1)C(C)=O,8.55284196865778,3.278500000000002
COc1ccc(C(C)C)cc1[C@H]1COCC2(C1)OCCN[C@H]2c1ccc(F)cc1,8.55284196865778,4.561500000000004
Cc1nc(CN2CCC(COCc3cc(C(F)(F)F)cc(C(F)(F)F)c3)(c3ccccc3)CC2)cs1,8.55284196865778,7.239720000000006
COC(=O)CN1CCC[C@H](OCc2cc(C(F)(F)F)cc(C(F)(F)F)c2)[C@@H]1c1ccccc1,8.55284196865778,5.619500000000005
O=S(=O)(c1ccccc1)C1CC2(c3ccccc3)NC1CCC2OCc1cc(C(F)(F)F)cc(C(F)(F)F)c1,8.55284196865778,6.503100000000005
Cc1cc(F)ccc1-c1cc(N2CCC(C)(CC(=O)O)CC2)ncc1N(C)C(=O)C(C)(C)c1cc(C(F)(F)F)cc(C(F)(F)F)c1,8.54821356447571,8.255520000000004
Cc1cc(Br)cc(COCC2(c3ccccc3)CCNCC2)c1,8.53760200210104,4.595520000000003
CC(C)N1CCC(COCc2cc(C(F)(F)F)cc(C(F)(F)F)c2)(c2ccccc2)CC1,8.53760200210104,6.683000000000007
O=C(Cc1cc(C(F)(F)F)cc(C(F)(F)F)c1)NCC(c1ccc(F)c(Cl)c1)N1CCC(N2CCCCC2)CC1,8.53760200210104,6.867000000000007
Cn1c(-c2ccc(Cl)cc2)c(CCC(=O)N2CCN(CC3CCCCC3)CC2)c2cc(Cl)ccc21,8.53760200210104,6.809200000000007
Cc1cc(C)cc(CC(=O)N(C)CC(c2cccc3c2OCO3)N2CCC(N3CCCCC3)CC2)c1,8.53760200210104,4.724640000000004
Cn1c(-c2ccccn2)c(CCC(=O)N2CCC(O)(Cc3ccccc3)CC2)c2cc(Cl)ccc21,8.53760200210104,5.422500000000006
CC(=O)N(Cc1ccccc1[N+](=O)[O-])CC(Cc1c[nH]c2ccccc12)NC(=O)CN1CCN(c2ccccc2)CC1,8.52287874528034,3.974300000000003
FC(F)(F)c1cc(CNC2CCC3CCC2(c2ccccc2)N3)cc(C(F)(F)F)c1,8.52287874528034,5.623700000000003
CN(C(=O)c1cc(C(F)(F)F)cc(C(F)(F)F)c1)c1cc(C(=O)NC2CCCCC2)ccc1-c1ccc(Cl)cc1,8.52287874528034,8.383700000000003
Cc1c(F)cccc1C(CNC(=O)Cc1cc(C(F)(F)F)cc(C(F)(F)F)c1)N1CCC(N2CCCCC2)CC1,8.52287874528034,6.522020000000007
CCNC(=O)Cn1c(=O)n(C2CCN(CC[C@@H](/C(CN(CC)C(=O)c3cc(Cl)cc(Cl)c3)=N/OC)c3ccc(Cl)c(Cl)c3)CC2)c2ccccc21,8.52287874528034,7.528200000000009
CN(CC(c1cc(Cl)cc(Cl)c1Cl)N1CCC(N2CCCCC2)CC1)C(=O)Cc1cc(C(F)(F)F)cc(C(F)(F)F)c1,8.52287874528034,8.376900000000004
CNC(=O)N(Cc1ccccc1OC)CC(Cc1c[nH]c2ccccc12)NC(=O)CN1CCN(c2ccccc2)CC1,8.52287874528034,3.867600000000002
CCC(CC)Nc1cc(C(F)(F)F)cc(COCC2(c3ccc(F)cc3)CCN(C)CC2)n1,8.52287874528034,6.020200000000005
FC(F)(F)c1cc(COC2CCC3CCC2(c2ccccc2)N3)cc(C(F)(F)F)c1,8.52287874528034,6.0507000000000035
Cc1cc(C)cc(C(=O)N2CC[C@H](NCc3ccnc4ccccc34)C[C@H]2Cc2ccc([N+](=O)[O-])cc2)c1,8.52287874528034,5.765540000000006
COCCNc1cc(-c2ccccc2Cl)c(N(C)C(=O)C(C)(C)c2cc(C(F)(F)F)cc(C(F)(F)F)c2)cn1,8.51570016065321,7.438500000000006
COc1ccccc1CN(CC(Cc1c[nH]c2ccccc12)NC(=O)CN1CC=C(c2ccccc2)CC1)C(C)=O,8.50863830616573,5.041800000000005
CC(C)N1C[C@@](CO[C@H](C)c2cc(C(F)(F)F)cc(C(F)(F)F)c2)(c2ccccc2)NC1=O,8.50863830616573,6.130900000000006
COc1cc(C(=O)N2CC[C@@](CCN3CCC(C(N)=O)(c4ccccc4)CC3)(c3ccc(Cl)c(Cl)c3)C2)cc(OC)c1OC,8.50863830616573,5.712300000000005
COC(=O)CN1CCC(COCc2cc(C(F)(F)F)cc(C(F)(F)F)c2)(c2ccccc2)CC1,8.50863830616573,5.447600000000005
COc1ccc(OC)c(CN2CCC(=O)C(C(c3ccc(F)cc3)c3ccc(F)cc3)C2)c1,8.50863830616573,5.205100000000005
Cc1nc2ccccc2c(-c2ccccc2)c1C(=O)N(C)Cc1cc(C(F)(F)F)cc(C(F)(F)F)c1,8.50863830616573,7.520020000000007
NC(=O)COCCN1CCN(C(COCc2cc(C(F)(F)F)cc(C(F)(F)F)c2)c2ccccc2)CC1,8.50003813440381,4.101600000000004
Clc1cc(Cl)cc(COCC(c2ccccc2)N2CCNCC2)c1,8.50003813440381,4.156500000000004
Fc1cccc(C(COCc2cc(C(F)(F)F)cc(C(F)(F)F)c2)N2CCNCC2)c1F,8.50003813440381,5.165500000000003
Brc1cc(Br)cc(COC[C@H](c2ccccc2)N2CCNCC2)c1,8.50003813440381,4.374700000000004
C/C(CN1CCN(C(=O)c2cc(C(F)(F)F)cc(C(F)(F)F)c2)[C@H](Cc2c[nH]c3ccccc23)C1)=N/OCC(C)N1CCOCC1,8.50003813440381,5.687800000000006
Clc1cc(Cl)cc(COC[C@H](c2ccccc2)N2CCNCC2)c1,8.50003813440381,4.156500000000004
C[C@H](NC(=O)[C@@](C)(Cc1c[nH]c2ccccc12)NC(=O)OCc1ccccc1F)c1ccccc1,8.50003813440381,5.412000000000004
C[C@H](OC[C@@H](c1ccccc1)N1CCN(CC(=O)O)CC1)c1cc(C(F)(F)F)cc(C(F)(F)F)c1,8.50003813440381,5.245300000000005
Cc1cccc(C(COCc2cc(C(F)(F)F)cc(C(F)(F)F)c2)N2CCNCC2)c1,8.50003813440381,5.195720000000005
O=C(c1cc(Br)cc(Br)c1)N1CCN(C(=O)CNC2CCN(Cc3ccccc3)CC2)C(c2ccc(Cl)c(Cl)c2)C1,8.49485002168009,6.7983000000000064
CO/N=C(\CN(CCF)C(=O)c1cc(Cl)cc(Cl)c1)[C@H](CCN1CCC(n2c(O)nc3ccccc32)CC1)c1ccc(Cl)c(Cl)c1,8.49485002168009,8.280600000000005
CC(=O)N(Cc1ccccc1C)CC(Cc1c[nH]c2ccccc12)NC(=O)CN1CCN(c2ccccc2)CC1,8.49485002168009,4.374520000000004
CC(=O)N1CC[C@H](C(=O)N(C)Cc2cc(C(F)(F)F)cc(C(F)(F)F)c2)[C@H](c2ccccc2)C1,8.49485002168009,5.334800000000005
CC(=O)N(Cc1ccccc1C(F)(F)F)CC(Cc1c[nH]c2ccccc12)NC(=O)CN1CCN(c2ccccc2)CC1,8.49485002168009,5.084900000000004
COc1ccccc1CN(CC(Cc1c[nH]c2ccccc12)NC(=O)COc1ccc(O)cc1)C(C)=O,8.49485002168009,4.037100000000002
Cc1cc(C)cc(COC2C3CCN(CC3)C2C(Cc2ccccc2)c2ccccc2)c1,8.49485002168009,6.309340000000007
Cc1cc(F)ccc1-c1cc([C@H]2CC[C@H](CC(=O)O)CC2)nc(C#N)c1N(C)C(=O)C(C)(C)c1cc(C(F)(F)F)cc(C(F)(F)F)c1,8.48545224733971,8.794500000000001
COC1CN(c2cc(-c3ccc(F)cc3C)c(N(C)C(=O)C(C)(C)c3cc(C(F)(F)F)cc(C(F)(F)F)c3)cn2)CCC1CC(=O)O,8.48280410205003,7.490320000000007
COc1ccc(C(=O)CCC(=O)NC(Cc2c[nH]c3ccccc23)CN(Cc2ccccc2OC)C(C)=O)cc1,8.48148606012211,4.924200000000004
Cn1c(-c2ccc(Cl)cc2)c(CCC(=O)N2CCC(O)(Cc3ccccc3)CC2)c2cc(N3CCCCC3)ccc21,8.48148606012211,7.017800000000008
Cc1ccccc1-c1cnccc1N(C)C(=O)C(C)(C)c1cc(C(F)(F)F)cc(C(F)(F)F)c1,8.48148606012211,7.035220000000005
O=C(Cc1cc(C(F)(F)F)cc(C(F)(F)F)c1)NCC(c1ccc(F)c(F)c1)N1CCC(N2CCCCC2)CC1,8.48148606012211,6.352700000000007
COc1ccccc1CNC1C2C3CCCC2CN(C3)[C@H]1C(c1ccccc1)c1ccccc1,8.48148606012211,5.715800000000006
C[C@@H](OC[C@]1(c2ccccc2)C[C@](N)(C(=O)N(C)C)C1)c1cc(C(F)(F)F)cc(C(F)(F)F)c1,8.48148606012211,5.319300000000005
CS(=O)(=O)N1CC2(CCN(C(=O)C(CCCc3ccc(Cl)c(Cl)c3)NCc3ccccc3)CC2)c2ccccc21,8.48148606012211,5.814500000000006
CN(C/C(=N\OCCCS(=O)(=O)O)C(CCN1CCC(N2CCCCC2=O)CC1)c1ccc(Cl)c(Cl)c1)C(=O)c1cc(Cl)cc(Cl)c1,8.48148606012211,6.673500000000008
Cc1cc(F)ccc1-c1cc(N2CCC(C)(CC(=O)O)CC2)nc(C#N)c1N(C)C(=O)C(C)(C)c1cc(C(F)(F)F)cc(C(F)(F)F)c1,8.47886191629596,8.127200000000006
CCN(CCO)c1cc(-c2ccccc2Cl)c(N(C)C(=O)C(C)(C)c2cc(C(F)(F)F)cc(C(F)(F)F)c2)cn1,8.47237009912866,7.1988000000000065
Cc1ccccc1-c1ccncc1N(C)C(=O)C(C)(C)c1cc(C(F)(F)F)cc(C(F)(F)F)c1,8.46852108295775,7.035220000000005
COc1ccccc1CN[C@@H]1C2CCN(CC2)[C@H]1C(c1ccccc1)c1ccccc1,8.46852108295775,5.079700000000005
Cc1ccc(-c2c(C(=O)N(C)Cc3cc(Cl)cc(Cl)c3)n(C)c(=O)c3ncccc23)cc1,8.46852108295775,5.487920000000004
CN(Cc1cc(C(F)(F)F)cc(C(F)(F)F)c1)C(=O)[C@H]1CN(C(=O)c2ccncn2)C[C@@H]1c1ccccc1,8.46852108295775,5.0286000000000035
CN(Cc1cc(C(F)(F)F)cc(C(F)(F)F)c1)C(=O)c1c(-c2ccccc2)c2cc(Cl)ccc2c(=O)n1C,8.46852108295775,7.168700000000004
CCCCCN(CCCCC)C(=O)[C@H]1CCN(C(=O)N(c2ccccc2)c2cccc(Cl)c2)[C@H](C(=O)NCCNCC(N)=O)C1,8.45593195564972,5.078800000000004
COc1ccccc1CN(CC(Cc1c[nH]c2ccccc12)NC(=O)COc1ccc(C(C)=O)cc1)C(C)=O,8.45593195564972,4.534100000000003
Cc1ccccc1-c1cnc(N2CCN(C)CC2)nc1C(=O)N(C)Cc1cc(C(F)(F)F)cc(C(F)(F)F)c1,8.45593195564972,5.513620000000006
Clc1cc(Cl)cc(COC2C3CCN(CC3)C2C(c2ccccc2)c2ccccc2)c1,8.45593195564972,6.804900000000007
CN(Cc1ccccc1)C(=O)[C@H](Cc1ccc2ccccc2c1)NC(=O)[C@@H]1CCCN1C(=O)Nc1ccccc1F,8.45593195564972,5.361300000000004
CN(C(=O)c1ccccc1)c1cc(C(=O)NC2CCCCC2)ccc1-c1ccc(F)cc1,8.45593195564972,5.831800000000006
NC(=O)N[C@@H]1CC[C@H](OCc2cc(C(F)(F)F)cc(C(F)(F)F)c2)[C@H]1c1ccccc1,8.45593195564972,5.223900000000003
Cc1cc(F)ccc1-c1cc(N2CCC(CC(=O)O)C(C)C2)ncc1N(C)C(=O)C(C)(C)c1cc(C(F)(F)F)cc(C(F)(F)F)c1,8.45099673797421,8.111420000000006
CN(C(=O)c1cc(C(F)(F)F)cc(C(F)(F)F)c1)[C@@H](/C=C/C(=O)N[C@@H]1CCCCNC1=O)Cc1cc(Cl)c(Cl)s1,8.44369749923271,6.116900000000004
FC(F)(F)c1cc(Cl)cc(COCC2(c3ccccc3)CCNCC2)c1,8.44369749923271,5.196800000000005
C[C@@H](OC[C@@]1(c2ccc(F)cc2)CN(C)C(=O)N1)c1cc(C(F)(F)F)cc(C(F)(F)F)c1,8.44369749923271,5.491400000000003
CN(C(=O)c1cc(C(F)(F)F)cc(C(F)(F)F)c1)[C@@H](/C=C/C(=O)N[C@H]1CCCCNC1=O)Cc1ccc(Cl)cc1,8.44369749923271,5.4020000000000055
C[C@@H](O[C@@H]1[C@@H](c2ccccc2)CN(C(=O)OC(C)(C)C)[C@H]1CO)c1cc(C(F)(F)F)cc(C(F)(F)F)c1,8.44369749923271,6.5658000000000065
O=C(C[C@H]1CCC[C@H](OCc2cc(C(F)(F)F)cc(C(F)(F)F)c2)[C@@H]1c1ccccc1)NCc1cccnc1,8.43179827593301,7.294800000000007
CC(=O)N1CCC(C(=O)N2C[C@H](C(=O)N(C)Cc3cc(C(F)(F)F)cc(C(F)(F)F)c3)[C@H](c3ccccc3)C2)CC1,8.43179827593301,5.183300000000005
CN1CCC(COCc2cc(C(F)(F)F)cc(C3CC3)n2)(c2cccc(F)c2)CC1,8.43179827593301,5.297100000000006
CCNC(=O)N1CC[C@@H](NCc2cc(OC(F)(F)F)ccc2OC)[C@H](c2ccccc2)C1,8.43179827593301,4.2710000000000035
Cc1cc(F)ccc1[C@@H]1CNCCN1C(=O)N(C)[C@@H](C)c1cc(C(F)(F)F)cc(C(F)(F)F)c1,8.43004118190341,5.931020000000005
CC(C)C[C@](Cc1c[nH]c2ccccc12)(NC(=O)OCc1cc2ccccc2o1)C(=O)N[C@@H](C)c1ccccc1,8.42136079003193,7.045300000000006
O=C(Cc1c[nH]cn1)N[C@@H](Cc1c[nH]c2ccccc12)C(=O)CCc1cc(C(F)(F)F)cc(C(F)(F)F)c1,8.42021640338319,5.400500000000004
CNC(=O)c1ccccc1NC(=O)N1CCC[C@H]1C(=O)N[C@@H](Cc1ccc2ccccc2c1)C(=O)N(C)Cc1ccccc1,8.42021640338319,4.581800000000004
Cc1ccccc1-c1cccnc1C(=O)N(C)Cc1cc(C(F)(F)F)cc(C(F)(F)F)c1,8.42021640338319,6.366820000000003
CCCCCN(CCCCC)C(=O)[C@H]1CCN(C(=O)N(c2ccccc2)c2cccc(Cl)c2)[C@H](C(=O)NCCN(CC(N)=O)Cc2ccccc2OC)C1,8.42021640338319,7.000000000000008
FC(F)(F)c1cc(COC2C3CCN(CC3)C2C(Cc2ccccc2)c2ccccc2)cc(C(F)(F)F)c1,8.4089353929735,7.730100000000006
CN1C(=O)OC2(CCN(CC[C@@](C)(C(=O)N(C)[C@H](Cc3ccccc3)C(=O)NCCCN)c3ccc(Cl)c(Cl)c3)CC2)c2cc(F)ccc21,8.4000078224159,5.892700000000005
CO/N=C(/C)CN1CCN(C(=O)c2cc(C(F)(F)F)cc(C(F)(F)F)c2)[C@H](Cc2c[nH]c3ccccc23)C1,8.4000078224159,5.596900000000005
Cc1ccccc1-c1cccnc1N(C)C(=O)C(C)(C)c1cc(C(F)(F)F)cc(C(F)(F)F)c1,8.39794000867204,7.035220000000005
COc1ccccc1CN(CC(Cc1c[nH]c2ccccc12)NC(=O)CN1CCN(c2ccccc2)CC1)S(C)(=O)=O,8.39794000867204,3.4878000000000027
CN(C)C(=O)c1ccc(-c2ccc(Cl)cc2)c(N(C)C(=O)c2cc(C(F)(F)F)cc(C(F)(F)F)c2)c1,8.39794000867204,7.023000000000004
NC(=O)CNC(COCc1cc(C(F)(F)F)cc(C(F)(F)F)c1)C(CCN1CCC(O)(c2ccccc2)CC1)c1ccc(Cl)c(Cl)c1,8.39794000867204,7.148600000000007
CO/N=C(\CN(C)C(=O)c1cc(C(F)(F)F)cc(C(F)(F)F)c1)C(CCN1CCC(O)(c2ccccc2)CC1)c1ccc(Cl)c(Cl)c1,8.39794000867204,8.262900000000005
CO/N=C(\COCc1cc(C(F)(F)F)cc(C(F)(F)F)c1)C(CCN1CCC(N2CCC(O)C2)CC1)c1ccc(Cl)c(Cl)c1,8.39794000867204,7.254900000000007
COc1ccc(F)cc1CN1CCC(=O)C(C(c2ccc(F)cc2)c2ccc(F)cc2)C1,8.39794000867204,5.335600000000005
Cc1cc(F)ccc1-c1cc(C2CCC(CC(=O)O)CC2)nc(C#N)c1N(C)C(=O)C(C)(C)c1cc(C(F)(F)F)cc(C(F)(F)F)c1,8.39685562737982,8.794500000000001
COc1ccccc1CNC1C2CC3CCCC(C2)N3[C@H]1C(c1ccccc1)c1ccccc1,8.38721614328027,6.000800000000006
CN(Cc1cc(C(F)(F)F)cc(C(F)(F)F)c1)C(=O)[C@H]1CN(C(=O)C2CCNCC2)C[C@@H]1c1ccccc1,8.38721614328027,4.924400000000004
CN(C(=O)c1cc(C(F)(F)F)cc(C(F)(F)F)c1)[C@@H](/C=C/C(=O)N[C@@H]1CCCCNC1=O)Cc1ccc(Cl)c(Cl)c1,8.3799681048737,6.055400000000005
C[C@@H](OC1CCC2CCC1(c1ccccc1)N2)c1cc(C(F)(F)F)cc(C(F)(F)F)c1,8.3767507096021,6.611700000000004
Fc1ccc(C2CCN([C@H]3CC[C@](COCc4cc(C(F)(F)F)cc(C(F)(F)F)c4)(c4ccccc4)CC3)CC2)cc1,8.3767507096021,9.1401
O=C(N[C@@H](Cc1ccccc1)C(=O)NO)OCc1ccccc1,8.3767507096021,2.0294999999999996
CN(Cc1ccccc1)C(=O)[C@H](Cc1ccc2ccccc2c1)NC(=O)[C@@H]1CCCN1C(=O)Nc1cccc(C#N)c1,8.3767507096021,5.093880000000004
Cc1cc2c(-c3ccccc3)c(NC(=O)N(C)Cc3ccccc3Cl)n(C)c(=O)c2cc1C,8.3767507096021,6.139640000000005
COc1ccccc1C(C1CCCCN1C(=O)Cc1cc(C(F)(F)F)cc(C(F)(F)F)c1)N1CCC(N2CCCCC2)CC1,8.36653154442041,7.348000000000009
CC(OCC(N)c1ccccc1)c1cc(C(F)(F)F)cc(C(F)(F)F)c1,8.36653154442041,5.501800000000003
CN(Cc1cc(C(F)(F)F)cc(C(F)(F)F)c1)C(=O)c1c(-c2ccccc2)c2ccccc2n2cncc12,8.36653154442041,7.464300000000004
Cc1ccc(-c2c(C(=O)N(C)Cc3cc(C)cc(C)c3)n(C)c(=O)c3ncccc23)cc1,8.35654732351381,4.797960000000004
C[C@@H](O[C@H]1[C@H](c2ccc(F)cc2)CN(C(=O)OC(C)(C)C)[C@H]1CO)c1cc(C(F)(F)F)cc(C(F)(F)F)c1,8.35654732351381,6.704900000000006
Cc1cc(C)cc(COCC(C(c2ccccc2)c2ccccc2)N(C)C)c1,8.35654732351381,5.5823400000000065
Cc1cc(F)ccc1-c1cc([C@H]2CC[C@@H](C(C)(C)C(=O)O)CC2)ncc1N(C)C(=O)C(C)(C)c1cc(C(F)(F)F)cc(C(F)(F)F)c1,8.35066514128786,9.558919999999997
COc1ccccc1CN(CC(Cc1c[nH]c2ccccc12)NC(=O)CN1CCC(c2ccccc2)CC1)C(C)=O,8.34678748622466,5.132100000000005
O=C1NCC(COCc2cc(C(F)(F)F)cc(C(F)(F)F)c2)(c2ccc(F)cc2)N1,8.34678748622466,4.588200000000003
Clc1cc(Cl)cc(COCC2(c3ccccc3)CCNCC2)c1,8.33724216831843,4.831400000000005
O=C(Cc1cc(C(F)(F)F)cc(C(F)(F)F)c1)NCC(c1cccc(F)c1)N1CCC(N2CCCCC2)CC1,8.33724216831843,6.213600000000007
Cc1ccccc1-c1cnccc1C(=O)N(C)Cc1cc(C(F)(F)F)cc(C(F)(F)F)c1,8.33724216831843,6.366820000000003
COc1cccc(CN(CC(Cc2c[nH]c3ccccc23)NC(=O)CN2CCN(c3ccccc3)CC2)C(C)=O)c1,8.33724216831843,4.0747000000000035
Cc1cc(F)ccc1-c1cc(N2CCC(CC(=O)O)C(C)(C)C2)ncc1N(C)C(=O)C(C)(C)c1cc(C(F)(F)F)cc(C(F)(F)F)c1,8.33629907461035,8.501520000000003
Cc1cc(F)ccc1-c1cc(N2CCC(C(C)(C)C(=O)O)CC2)ncc1N(C)C(=O)C(C)(C)c1cc(C(F)(F)F)cc(C(F)(F)F)c1,8.33254704711005,8.501520000000003
CN(Cc1n[nH]c(O)n1)C[C@H]1CC[C@H](OCc2cc(C(F)(F)F)cc(C(F)(F)F)c2)[C@@H]1c1ccccc1,8.32790214206428,5.758900000000004
COC(=O)CO/N=C(\CN(C)C(=O)c1cc(Cl)cc(Cl)c1)C(CCN1CCC(N2CCCCC2=O)CC1)c1ccc(Cl)c(Cl)c1,8.32790214206428,6.568600000000007
FC(F)(F)c1cc(COCC2(c3ccccc3)CCC(N3CCCCC3)C2)cc(C(F)(F)F)c1,8.32790214206428,7.217200000000005
CO/N=C(\CN(C)C(=O)c1cc(Cl)cc(Cl)c1)C(CCN1CCC(N2CCCCC2=O)CC1)c1ccc(Cl)c(Cl)c1,8.32790214206428,7.025400000000008
CN(Cc1ccccc1)C(=O)[C@H](Cc1cn(C)c2ccccc12)NC(=O)[C@@H]1CCCN1/C(S)=N/Cc1ccccc1Cl,8.32790214206428,5.468000000000006
CCN1CC[C@H](NCc2cc(OC(F)(F)F)ccc2OC)[C@H](c2ccccc2)C1,8.31875876262441,4.5614000000000035
CS(=O)(=O)Nc1ccccc1N1CCN(C(=O)[C@H](COCc2ccc(Cl)c(Cl)c2)NCc2ccccc2)CC1,8.31875876262441,4.388700000000004
CN(CC(c1ccc2c(c1)OCO2)N1CCC(N2CCCCC2)CC1)C(=O)Cc1cc(C(F)(F)F)cc(C(F)(F)F)c1,8.31875876262441,6.145400000000007
Cc1nc(N2CCN(C)CC2)cc(-c2ccccc2)c1C(=O)N(C)Cc1cc(C(F)(F)F)cc(C(F)(F)F)c1,8.31875876262441,6.118620000000006
COc1ccccc1N1CCN(C(=O)CCc2c(-c3ccc(Cl)cc3)[nH]c3cc(Cl)ccc23)CC1,8.30980391997149,6.431700000000005
O=C1CCN(Cc2ccccc2C(F)(F)F)CC1C(c1ccc(F)cc1)c1ccc(F)cc1,8.30980391997149,6.206700000000005
CN(CC[C@@H]1CC[C@H](OCc2cc(C(F)(F)F)cc(C(F)(F)F)c2)[C@H]1c1ccccc1)Cc1n[nH]c(O)n1,8.30980391997149,6.149000000000006
Cc1cc(F)ccc1-c1cc(C2CCC(CC(=O)O)CC2)nc(CO)c1N(C)C(=O)C(C)(C)c1cc(C(F)(F)F)cc(C(F)(F)F)c1,8.3045183235098,8.415120000000005
CO/N=C(\CN(C)C(=O)c1cc(OC)c(Br)c(OC)c1)C(CCN1CCC(O)(c2ccccc2)CC1)c1ccc(Cl)c(Cl)c1,8.30102999566398,7.005000000000009
CN(Cc1ccccc1)C(=O)[C@H](Cc1ccc2ccccc2c1)NC(=O)[C@@H]1CCCN1C(=O)Nc1cccc(C(N)=O)c1,8.30102999566398,4.321100000000002
FC(F)(F)c1cc(CO[C@H]2CC[C@@H](CN3CCCCC3)[C@@H]2c2ccccc2)cc(C(F)(F)F)c1,8.30102999566398,7.289100000000006
NC(=O)CN[C@H](COCc1cc(C(F)(F)F)cc(C(F)(F)F)c1)[C@@H](CCN1CCC(O)(c2ccccc2)CC1)c1ccc(Cl)c(Cl)c1,8.30102999566398,7.148600000000007
FC(F)(F)c1cc(COC[C@@H](NCc2nc[nH]n2)c2ccccc2)cc(C(F)(F)F)c1,8.30102999566398,4.890000000000003
CC(C)Oc1cccc(CC(=O)NCC(c2ccc(Cl)c(Cl)c2)N2CCC(N3CCCCC3)CC2)c1,8.30102999566398,6.130900000000006
CO/N=C(\CN(C)C(=O)c1cc(OC)cc(OC)c1)C(CCN1CCC(O)(c2ccccc2)CC1)c1ccc(Cl)c(Cl)c1,8.30102999566398,6.242500000000009
CO/N=C(\CN(C)C(=O)Nc1cc(C(F)(F)F)cc(C(F)(F)F)c1)C(CCN1CCC(O)(c2ccccc2)CC1)c1ccc(Cl)c(Cl)c1,8.30102999566398,8.654600000000004
CN(C)C(=O)N[C@@H]1CC[C@H](OCc2cc(C(F)(F)F)cc(C(F)(F)F)c2)[C@H]1c1ccccc1,8.30102999566398,5.826800000000005
CN(Cc1ccccc1)C(=O)[C@H](Cc1ccc(Cl)c(Cl)c1)NC(=O)[C@@H]1CCCN1/C(S)=N/Cc1ccccc1Cl,8.30102999566398,6.283100000000006
CN(C)CC(=O)N[C@@H](Cc1c[nH]c2ccccc12)C(=O)CCc1cc(C(F)(F)F)cc(C(F)(F)F)c1,8.30102999566398,4.996300000000004
Fc1ccccc1C(COCc1cc(C(F)(F)F)cc(C(F)(F)F)c1)N1CCNCC1,8.29998893767789,5.026400000000005
FC(F)(F)c1cc(COCC(c2ccc(Cl)c(Cl)c2)N2CCNCC2)cc(C(F)(F)F)c1,8.29998893767789,6.194100000000004
Brc1cc(Br)cc(COCC(c2ccccc2)N2CCNCC2)c1,8.29998893767789,4.374700000000004
CN(C(=O)Cc1ccccc1)[C@H](Cc1ccc2ccccc2c1)NC(=O)[C@@H]1CCCC[C@@H]1NC(=O)c1c[nH]c2ccccc12,8.29998893767789,5.995800000000005
Cc1cc(C)cc(CN(C)C(=O)c2c(-c3ccc(F)cc3)c3cccnc3c(=O)n2C)c1,8.29242982390206,4.628640000000005
CS(=O)(=O)N1CC2C(=O)N(c3ccccc3)C(=O)C2C12CCN(C(=O)c1cc(C(F)(F)F)cc(C(F)(F)F)c1)CC2,8.28996730093425,3.780000000000003
O=C(Cc1cc(C(F)(F)F)cc(C(F)(F)F)c1)NCC(c1ccc(Cl)c(Cl)c1)N1CCC(N(CCO)CCO)CC1,8.2839966563652,5.1820000000000075
Oc1nc(CN[C@@H]2CC[C@H](OCc3cc(C(F)(F)F)cc(C(F)(F)F)c3)[C@H]2c2ccccc2)c[nH]1,8.2839966563652,5.774100000000005
NC(=O)[C@H](Cc1ccccc1)NC(=O)OCc1ccccc1,8.2839966563652,2.0093999999999994
COc1ccccc1N1CCN(C(=O)CCc2c(-c3ccc(Cl)cc3)n(C(C)C)c3ccc(Cl)cc23)CC1,8.2839966563652,7.486000000000007
COc1ccccc1CN(CC(Cc1c[nH]c2ccccc12)NC(=O)CN1CCN(C)CC1)C(C)=O,8.27572413039921,2.4999000000000002
O=C(c1cc(C(F)(F)F)cc(C(F)(F)F)c1)N1CCN(C(=O)CNC2CCN(Cc3ccccc3)CC2)C(c2ccc(Cl)c(Cl)c2)C1,8.27572413039921,7.310900000000007
COC(=O)N[C@H]1CC[C@H](OCc2cc(C(F)(F)F)cc(C(F)(F)F)c2)[C@@H]1c1ccccc1,8.27572413039921,5.911600000000004
CN1CCC(COCc2cc(C(F)(F)F)cc(C3(F)CC3)n2)(c2ccccc2)CC1,8.27572413039921,5.239200000000005
CN1CCC(COCc2cc(C(F)(F)F)cc(C3(F)CC3)n2)(c2ccc(F)cc2)CC1,8.27572413039921,5.378300000000005
CC(OC[C@]1(c2ccccc2)CC[C@@H](N2CCC(c3ccc(F)cc3)CC2)CC1)c1cc(C(F)(F)F)cc(C(F)(F)F)c1,8.27572413039921,9.701099999999997
CC(=O)N1CCC(COCc2cc(C(F)(F)F)cc(C(F)(F)F)c2)(c2ccccc2)CC1,8.27572413039921,5.821100000000006
O=C(Cc1cc(C(F)(F)F)cc(C(F)(F)F)c1)NCC(c1ccccc1)N1CCC(N2CCCCC2)CC1,8.26760624017703,6.074500000000008
Cc1cc(C)cc(COC[C@H](C(c2ccccc2)c2ccccc2)N(C)C)c1,8.26003230324049,5.5823400000000065
Cn1c(-c2ccc(Cl)cc2)c(CCC(=O)N2CCC(O)(Cc3ccccc3)CC2)c2cc(-c3ccncc3)ccc21,8.25963731050576,7.089500000000007
CCOC(=O)N(Cc1ccccc1OC)CC(Cc1c[nH]c2ccccc12)NC(=O)CN1CCN(c2ccccc2)CC1,8.25963731050576,4.684700000000004
CCCCCN(CCCCC)C(=O)[C@H]1CCN(C(=O)N(c2ccccc2)c2ccccc2)[C@H](C(=O)NCCCN(CC)CC)C1,8.25963731050576,7.082400000000008
Cn1c(-c2ccc(Cl)cc2)c(CCC(=O)N2CCC(O)(Cc3ccccc3)CC2)c2cc(-c3cccnc3)ccc21,8.25963731050576,7.089500000000007
Cc1cc(F)ccc1-c1cc(C2CCC(CC(=O)O)CC2)nc(Cl)c1N(C)C(=O)C(C)(C)c1cc(C(F)(F)F)cc(C(F)(F)F)c1,8.25884840114822,9.576219999999998
CN(Cc1cc(C(F)(F)F)cc(C(F)(F)F)c1)C(=O)[C@H]1CCNC[C@H]1c1ccccc1,8.2518119729938,5.075900000000003
COc1ccccc1N1CCN(C(=O)CCc2c(-c3ccccc3)[nH]c3ccc(Cl)cc23)CC1,8.2518119729938,5.778300000000005
CS(=O)(=O)N1CCC(COCc2cc(C(F)(F)F)cc(C(F)(F)F)c2)(c2ccccc2)CC1,8.24412514432751,5.234200000000005
CN(CC(N)=O)[C@H](COCc1cc(C(F)(F)F)cc(C(F)(F)F)c1)c1ccccc1,8.23657200643706,4.399200000000003
COc1ccc(N)cc1CN1CCC(=O)C(C(c2ccccc2)c2ccccc2)C1,8.22914798835786,4.500500000000004
O=C1NC[C@@](COCc2cc(C(F)(F)F)cc(C(F)(F)F)c2)(c2ccccc2)N1,8.22184874961636,4.449100000000003
CN(CC(c1cccc2c1OCO2)N1CCC(N2CCCCC2)CC1)C(=O)Cc1ccccc1Br,8.22184874961636,4.870300000000005
COc1ccccc1CN(CC(Cc1c[nH]c2ccccc12)NC(=O)CCC(=O)c1ccc(F)cc1)C(C)=O,8.22184874961636,5.054700000000004
CO/N=C(\COCc1cc(C(F)(F)F)cc(C(F)(F)F)c1)C(CCN1CCC(C(=O)N2CCCC2)CC1)c1ccc(Cl)c(Cl)c1,8.22184874961636,8.058300000000006
Cc1ccc(-c2ccc(C(=O)N[C@@H]3CCCCNC3=O)cc2N(C)C(=O)c2cc(C(F)(F)F)cc(C(F)(F)F)c2)cc1,8.22184874961636,6.374720000000005
CC(=O)N[C@H](C(=O)N[C@H](Cc1cn(C=O)c2ccccc12)C(=O)N[C@@H](Cc1ccccc1)C(=O)N(C)Cc1ccccc1)C(C)O,8.22184874961636,1.9785000000000026
CO/N=C(\C(=O)N(C)Cc1cc(C(F)(F)F)cc(C(F)(F)F)c1)C(CCN1CCC(O)(c2ccccc2)CC1)c1ccc(Cl)c(Cl)c1,8.22184874961636,8.149300000000006
CO/N=C(\CN(C)C(=O)Oc1cc(C(F)(F)F)cc(C(F)(F)F)c1)C(CCN1CCC(O)(c2ccccc2)CC1)c1ccc(Cl)c(Cl)c1,8.22184874961636,8.621500000000003
CN1CCC(COCc2cc(C(F)(F)F)cc(C3CCCC3)n2)(c2ccc(F)cc2)CC1,8.21467016498923,6.077300000000006
COc1ccccc1N1CCN(C(=O)CCc2c(-c3ccccc3)[nH]c3ccc(C)cc23)CC1,8.21467016498923,5.433320000000005
CN(C)C(=O)c1ccccc1NC(=O)N1CCC[C@H]1C(=O)N[C@@H](Cc1ccc2ccccc2c1)C(=O)N(C)Cc1ccccc1,8.21467016498923,4.924000000000005
N#Cc1ccccc1CN1CCC(=O)C(C(c2ccc(F)cc2)c2ccc(F)cc2)C1,8.21467016498923,5.059580000000005
COc1cc(C(=O)N2CCC(CCN3CCC(C(N)=O)(c4ccccc4)CC3)(c3ccc(Cl)c(Cl)c3)C2)cc(OC)c1OC,8.20830935097988,5.712300000000005
CN(C)[C@H]1CC[C@](c2ccccc2)(N2CCC(c3cc(C(F)(F)F)cc(C(F)(F)F)c3)C2=O)CC1,8.20760831050175,6.439800000000005
COC(=O)N(C)[C@@H]1CC[C@H](OCc2cc(C(F)(F)F)cc(C(F)(F)F)c2)[C@H]1c1ccccc1,8.20760831050175,6.253800000000005
Cc1ccccc1-c1ccc(N2CCN(C)CC2)nc1C(=O)N(C)Cc1cc(C(F)(F)F)cc(C(F)(F)F)c1,8.20760831050175,6.118620000000005
O=C1NC(COCc2cc(C(F)(F)F)cc(C(F)(F)F)c2)(c2ccc(F)cc2)CN1C1CCOCC1,8.20065945054642,5.479600000000005
Cn1c(-c2ccc(Cl)cc2)c(CCC(=O)N2CCC(O)(Cc3ccccc3)CC2)c2cc(N3CCOCC3)ccc21,8.20065945054642,5.864100000000005
CN1CCC(COCc2cc(C(F)(F)F)cc(N3CC=CC3)n2)(c2ccc(F)cc2)CC1,8.20065945054642,4.795900000000005
O=C(NC[C@]1(c2ccccc2)CC[C@H](N2CCC(c3ccc(F)cc3)CC2)CC1)c1cc(C(F)(F)F)cc(C(F)(F)F)c1,8.20065945054642,8.353300000000004
COc1ccccc1N1CCN(C(=O)CCc2c(-c3ccc(C(C)(C)C)cc3)[nH]c3ccc(C)cc23)CC1,8.20065945054642,6.730820000000007
C/C(CN1CCN(C(=O)c2cc(C(F)(F)F)cc(C(F)(F)F)c2)[C@H](Cc2c[nH]c3ccccc23)C1)=N/OCC(C)(C)N1CCOCC1,8.19997064075587,6.077900000000007
O=C(c1cc(C(F)(F)F)cc(C(F)(F)F)c1)N1CCN(C/C(=N\OCCCN2CCOCC2)c2ccccc2)C[C@H]1Cc1c[nH]c2ccccc12,8.19997064075587,6.7178000000000075
C/C(CN1CCN(C(=O)c2cc(C(F)(F)F)cc(C(F)(F)F)c2)[C@H](Cc2c[nH]c3ccccc23)C1)=N/OCCN1CCSCC1,8.19997064075587,6.0159000000000065
COc1ccccc1C(COCc1cc(C(F)(F)F)cc(C(F)(F)F)c1)N1CCNCC1,8.19997064075587,4.895900000000005
Cc1cc(F)ccc1[C@H]1CNCCN1C(=O)N1CCCC1c1cc(C(F)(F)F)cc(C(F)(F)F)c1,8.19997064075587,6.0751200000000045
FC(F)(F)c1cc(COCC(c2ccccc2)N2CCN(CCCCc3nnn[nH]3)CC2)cc(C(F)(F)F)c1,8.19997064075587,5.135700000000004
CN(C(=O)c1cc(C(F)(F)F)cc(C(F)(F)F)c1)N(CCC(=O)N[C@@H]1CCCCNC1=O)Cc1ccc2ccccc2c1,8.19382002601611,5.541600000000005
O=C(Cc1cc(C(F)(F)F)cc(C(F)(F)F)c1)NCC(c1cc(Cl)cc(Cl)c1Cl)N1CCC(N2CCCCC2)CC1,8.19382002601611,8.034700000000006
CN1CCC(COCc2cc(C(F)(F)F)cc(C3CC3)n2)(c2cccc(Cl)c2)CC1,8.19382002601611,5.811400000000005
Cc1cc(O)cc(C)c1C[C@H](N)C(=O)N[C@H](CCCNC(=N)N)C(=O)N[C@H]1Cc2ccccc2CN(CCC(=O)N(C)Cc2ccccc2)C1=O,8.19111413264019,1.7453100000000064
Cc1cc(F)ccc1-c1cc(C2CCC(CC(=O)O)CC2)nc(C)c1N(C)C(=O)C(C)(C)c1cc(C(F)(F)F)cc(C(F)(F)F)c1,8.19044028536473,9.231239999999998
O=C(N[C@@H](Cc1ccccc1)C(=O)NNC(=O)c1ccccc1)OCc1ccccc1,8.18708664335714,2.9853000000000014
COc1ccccc1[C@H]1COC2(CCCNC2c2ccccc2)C1,8.18708664335714,4.062600000000003
CS(=O)(=O)N1CC2(CCN(C(=O)[C@H](COCc3ccc(Cl)cc3)NCc3ccccc3)CC2)c2ccccc21,8.18045606445813,4.355000000000004
COc1ccccc1CN1CCC(=O)C(C(c2ccc(F)cc2)c2ccc(F)cc2)C1,8.18045606445813,5.196500000000005
CN(Cc1ccccc1)C(=O)[C@H](Cc1ccc2ccccc2c1)NC(=O)[C@@H]1CCCN1C(=O)Nc1cccnc1,8.17392519729917,4.617200000000003
NC(=O)NC[C@H]1CCC[C@H](OCc2cc(C(F)(F)F)cc(C(F)(F)F)c2)[C@@H]1c1ccccc1,8.17392519729917,5.861600000000005
FC(F)(F)c1cc(COCC2(c3ccccc3)CCCCNCC2)cc(C(F)(F)F)c1,8.17392519729917,6.342400000000004
Cc1cc(F)ccc1-c1cc([C@H]2CC[C@H](C(C)(C)C(=O)O)CC2)ncc1N(C)C(=O)C(C)(C)c1cc(C(F)(F)F)cc(C(F)(F)F)c1,8.17069622716898,9.558919999999997
CNC(COCc1cc(C)cc(C)c1)C(c1ccccc1)c1ccccc1,8.16749108729376,5.240140000000005
CC(C)N1CCN(C(CNC(=O)Cc2cc(C(F)(F)F)cc(C(F)(F)F)c2)c2cccc3c2OCO3)CC1,8.16115090926274,4.878900000000003
FC(F)(F)c1cc(COCC2(c3ccccc3)CCN(CCc3ccccc3)CC2)cc(C(F)(F)F)c1,8.16115090926274,7.517300000000006
COc1ccccc1C(CNC(=O)Cc1cc(C(F)(F)F)cc(C(F)(F)F)c1)N1CCN(C2CCCCC2)CC1,8.15490195998574,6.083100000000006
CO/N=C(\COCc1cc(C(F)(F)F)cc(C(F)(F)F)c1)C(CCN1CCC(CN2CCCC(CC(O)CO)C2=O)CC1)c1ccc(Cl)c(Cl)c1,8.15490195998574,7.4178000000000095
CO/N=C(\CN(C)C(=O)c1cncc(Br)c1)C(CCN1CCC(O)(c2ccccc2)CC1)c1ccc(Cl)c(Cl)c1,8.15490195998574,6.382800000000008
FC(F)(F)c1cc(CO[C@H]2CCN[C@H]2c2ccccc2)cc(C(F)(F)F)c1,8.15490195998574,5.344000000000003
O=C(C[C@H]1CCC[C@H](OCc2cc(C(F)(F)F)cc(C(F)(F)F)c2)[C@@H]1c1ccccc1)NCc1ccncc1,8.15490195998574,7.294800000000007
COCCO/N=C(\COCc1cc(C(F)(F)F)cc(C(F)(F)F)c1)C(CCN1CCC(O)(c2ccccc2)CC1)c1ccc(Cl)c(Cl)c1,8.15490195998574,8.724100000000004
CC(OCc1cc(C(F)(F)F)cc(C(F)(F)F)c1)C(N)c1ccccc1,8.15490195998574,5.329300000000004
Cc1cc(C)cc(C(=O)N2CC[C@H](NCc3ccnc4ccccc34)C[C@H]2Cc2ccc(I)cc2)c1,8.15490195998574,6.461940000000007
Clc1ccccc1CNC1C2CC3CCC(C2)N3[C@H]1C(c1ccccc1)c1ccccc1,8.14874165128093,6.255500000000006
COc1cc(OC)cc(C(=O)N2CCN(C(=O)CNC3CCN(Cc4ccccc4)CC3)C(c3ccc(Cl)c(Cl)c3)C2)c1,8.14874165128093,5.290500000000006
NC(=O)[C@@H]1CC[C@H](OCc2cc(C(F)(F)F)cc(C(F)(F)F)c2)[C@H]1c1ccccc1,8.14266750356873,5.2885000000000035
CSc1ccccc1CN(CC(Cc1c[nH]c2ccccc12)NC(=O)CN1CCN(c2ccccc2)CC1)C(C)=O,8.14266750356873,4.788000000000004
CN1CCC[C@@](COCc2cc(C(F)(F)F)cc(C(F)(F)F)c2)(c2ccccc2)CC1,8.14266750356873,6.294500000000006
COc1ccccc1CNC1C2CC3CCOC(C2)N3[C@H]1C(c1ccccc1)c1ccccc1,8.14266750356873,5.194700000000005
CN[C@H]1CC[C@H](OCc2cc(C(F)(F)F)cc(C(F)(F)F)c2)[C@@H]1c1ccccc1,8.14266750356873,5.775000000000005
CN(Cc1ccccc1)C(=O)[C@H](Cc1ccc(-c2ccccc2)cc1)NC(=O)[C@@H]1CCCN1/C(S)=N/Cc1ccccc1Cl,8.14266750356873,6.643300000000007
COc1ccccc1C(CNC(=O)Cc1cc(C(F)(F)F)cc(C(F)(F)F)c1)N1CCN(C2Cc3ccccc3C2)CC1,8.14266750356873,5.917800000000006
FC(F)(F)c1cc(COCC2(c3ccccc3)CCN(Cc3ncon3)CC2)cc(C(F)(F)F)c1,8.13667713987954,5.857800000000004
CSCCCO/N=C(\CN(C)C(=O)c1cc(Cl)cc(Cl)c1)C(CCN1CCC(N2CCCCC2=O)CC1)c1ccc(Cl)c(Cl)c1,8.13076828026902,8.148700000000009
Cc1cc(F)ccc1-c1cc(N2CCC([C@H](C)C(=O)O)CC2)nc(C#N)c1N(C)C(=O)C(C)(C)c1cc(C(F)(F)F)cc(C(F)(F)F)c1,8.12842706445412,7.9831000000000065
N[C@H]1CC[C@@](COCc2cc(C(F)(F)F)cc(C(F)(F)F)c2)(c2ccccc2)C1,8.1249387366083,5.690000000000004
FC(F)(F)c1cc(COC2C3CCN(CC3)C2C(c2ccccc2)C2CCCCC2)cc(C(F)(F)F)c1,8.1249387366083,8.067700000000006
COc1cccc(C(CNC(=O)Cc2cc(C(F)(F)F)cc(C(F)(F)F)c2)N2CCC(N3CCCCC3)CC2)c1OC,8.11918640771921,6.091700000000006
COc1ccccc1N1CCN(C(=O)CCc2c(-c3ccc(-c4ccccc4)cc3)[nH]c3ccc(C)cc23)CC1,8.11918640771921,7.100320000000007
O=C(c1cc(Cl)cc(Cl)c1)N1CCN(C(=O)CNC2CCN(Cc3ccccc3)CC2)C(c2ccc(Cl)c(Cl)c2)C1,8.11350927482752,6.580100000000007
CS(=O)(=O)N1CC2(CCN(C(=O)[C@H](COCc3cccc(Cl)c3)NCc3ccccc3)CC2)c2ccccc21,8.11350927482752,4.355000000000004
C[C@@H](O[C@H]1[C@H](c2ccccc2)CN(C(=O)OC(C)(C)C)[C@H]1CO)c1cc(C(F)(F)F)cc(C(F)(F)F)c1,8.10790539730952,6.5658000000000065
N[C@H]1CC[C@H](OCc2cc(C(F)(F)F)cc(C(F)(F)F)c2)[C@@H]1c1ccccc1,8.10237290870956,5.514300000000004
COc1c(Br)cc(Br)cc1COCC(c1ccccc1)N1CCNCC1,8.10001543745061,4.383300000000004
COc1ccccc1CN(C)[C@H]1C2CCN(CC2)[C@H]1C(c1ccccc1)c1ccccc1,8.10001543745061,5.421900000000006
FC(F)(F)c1cc(COCC(c2cccs2)N2CCNCC2)cc(C(F)(F)F)c1,8.10001543745061,4.948800000000003
NC(=O)CN1CCN([C@H](COCc2cc(C(F)(F)F)cc(C(F)(F)F)c2)c2ccccc2)CC1,8.10001543745061,4.0850000000000035
N#CCN1CCN(C(COCc2cc(C(F)(F)F)cc(C(F)(F)F)c2)c2ccccc2)CC1,8.10001543745061,5.123280000000005
CO/N=C(\COCc1cc(C(F)(F)F)cc(C(F)(F)F)c1)C(CCN1CCC(CN2CCCC2=O)CC1)c1ccc(Cl)c(Cl)c1,8.09691001300806,8.058300000000006
CO/N=C(\COCc1cc(C(F)(F)F)cc(C(F)(F)F)c1)C(CCN1CCC(C(N)=O)CC1)c1ccc(Cl)c(Cl)c1,8.09691001300806,6.921200000000005
CN(C)C1CCC(COCc2cc(C(F)(F)F)cc(C(F)(F)F)c2)(c2ccccc2)C1,8.09691001300806,6.292900000000006
CC(=O)N[C@@H](Cc1csc2ccccc12)C(=O)OCc1cc(C(F)(F)F)cc(C(F)(F)F)c1,8.09691001300806,5.729500000000003
O=C(O)CO/N=C(\COCc1cc(C(F)(F)F)cc(C(F)(F)F)c1)C(CCN1CCC(O)(c2ccccc2)CC1)c1ccc(Cl)c(Cl)c1,8.09691001300806,8.162300000000005
NC(=O)CN[C@H](COCc1cc(C(F)(F)F)cc(C(F)(F)F)c1)c1ccccc1,8.09691001300806,4.057000000000003
CCCCCN(CCCCC)C(=O)N1CCN(C(=O)N(c2ccccc2)c2cccc(Cl)c2)[C@H](C(=O)NCCCN(CC)CC)C1,8.09691001300806,7.234800000000009
COc1cccc(-c2[nH]c3ccc(C)cc3c2CCC(=O)N2CCN(c3ccccc3OC)CC2)c1,8.09691001300806,5.441920000000004
Cc1cc(F)ccc1[C@@H]1CNCCN1C(=O)N(C)[C@H](C)c1cc(C(F)(F)F)cc(C(F)(F)F)c1,8.09001630506016,5.931020000000005
FC(F)(F)c1cc(CO[C@H]2CC[C@@H](CN3CCOCC3)[C@@H]2c2ccccc2)cc(C(F)(F)F)c1,8.08618614761628,6.135400000000005
NC(=O)CN[C@H]1CC[C@H](OCc2cc(C(F)(F)F)cc(C(F)(F)F)c2)[C@@H]1c1ccccc1,8.08092190762393,4.630500000000004
COc1cc(COC2C3CCN(CC3)C2C(c2ccccc2)c2ccccc2)cc(OC)c1,8.08092190762393,5.515300000000006
COc1ccccc1CN(CC(Cc1c[nH]c2ccccc12)NC(=O)Cc1ccc2c(c1)OCCO2)C(C)=O,8.08092190762393,4.2664000000000035
COc1ccccc1CN(CC(Cc1ccccc1)NC(=O)CN1CCN(c2ccccc2)CC1)C(C)=O,8.08092190762393,3.5934000000000026
O=C(c1cc(C(F)(F)F)cc(C(F)(F)F)c1)N1CCC2(CC1)C1C(=O)N(c3ccccc3)C(=O)C1CN2C(=O)CN1CCOCC1,8.07998108397108,3.6792000000000025
COc1ccc(OC(F)(F)F)cc1CN[C@H]1CCNC[C@H]1c1ccccc1,8.07572071393812,3.829100000000002
Cc1cc2c(-c3ccccc3)c(C(=O)N(C)Cc3cc(C(F)(F)F)cc(C(F)(F)F)c3)n(C)c(=O)c2cc1C,8.07572071393812,7.132140000000006
Cc1ccccc1-c1ccncc1C(=O)N(C)Cc1cc(C(F)(F)F)cc(C(F)(F)F)c1,8.07058107428571,6.366820000000003
Cc1ccc(-c2c3n(c(=O)c4ncccc24)CC[C@H](C)CN(Cc2cc(C(F)(F)F)cc(C(F)(F)F)c2)C3=O)cc1,8.06550154875643,7.091720000000006
CN1CCC(COCc2cc(C(F)(F)F)cc(C3CC3(C)C)n2)(c2ccc(F)cc2)CC1,8.06048074738138,5.9332000000000065
Cc1cc(F)ccc1N1CCNCC1C(=O)N(C)Cc1cc(C(F)(F)F)cc(C(F)(F)F)c1,8.05998184499234,4.608520000000004
CN(C(=O)c1cc(C(F)(F)F)cc(C(F)(F)F)c1)[C@@H](/C=C/C(=O)N[C@H]1CCCCNC1=O)Cc1ccc(Cl)c(Cl)c1,8.05998184499234,6.055400000000005
CN(CC(c1ccc2c(c1)OCCO2)N1CCC(N2CCCCC2)CC1)C(=O)Cc1cc(C(F)(F)F)cc(C(F)(F)F)c1,8.05060999335509,6.187900000000007
COc1ccccc1N1CCN(C(=O)CCc2c(-c3ccc(Cl)cc3)[nH]c3ccc(OC(F)(F)F)cc23)CC1,8.05060999335509,6.676900000000005
Cc1cc(C)cc(COCC2(c3ccccc3)CCNCC2)c1,8.04997609347667,4.141440000000003
Cn1nnnc1C1CC2(c3ccccc3)NC1CCC2OCc1cc(C(F)(F)F)cc(C(F)(F)F)c1,8.04575749056068,4.967900000000004
COc1ccccc1CC(=N)N1CC2C(=O)CSC(c3ccccc3)(c3ccccc3)C2C1,8.04575749056068,5.022670000000004
Cc1cc(C)cc(C(=O)N2CC[C@H](NCc3ccnc4ccccc34)C[C@H]2Cc2ccc(Cl)c(Cl)c2)c1,8.04575749056068,7.164140000000007
NC(=O)CN[C@@H](COCc1cc(C(F)(F)F)cc(C(F)(F)F)c1)[C@H](CCN1CCC(O)(c2ccccc2)CC1)c1ccc(Cl)c(Cl)c1,8.04575749056068,7.148600000000007
CO/N=C(\CN(C)C(=O)c1cc(C)nc(C)c1)C(CCN1CCC(O)(c2ccccc2)CC1)c1ccc(Cl)c(Cl)c1,8.04575749056068,6.237140000000009
CN(Cc1cc(C(F)(F)F)cc(C(F)(F)F)c1)C(=O)c1c(-c2ccccc2)c2ccccc2n2cnnc12,8.04575749056068,6.859300000000004
O=C(N[C@H]1CCN(C(=O)c2cc(C(F)(F)F)cc(C(F)(F)F)c2)[C@H](Cc2ccccc2)C1)c1cc(O)nc2ccccc12,8.04575749056068,6.623900000000006
CN(Cc1cc(C(F)(F)F)cc(C(F)(F)F)c1)C(=O)c1c(CN)nc2ccccc2c1-c1ccccc1,8.04575749056068,6.670300000000005
CO/N=C(\COCc1cc(C(F)(F)F)cc(C(F)(F)F)c1)C(CCN1CCC(N2CCCC2=O)CC1)c1ccc(Cl)c(Cl)c1,8.04575749056068,7.810700000000007
COc1cc(C(=O)Nc2cc(C(=O)NC3CCCCC3)ccc2-c2ccc(Cl)cc2)cc(OC)c1OC,8.04575749056068,6.347600000000007
CO/N=C(\COCc1cc(C(F)(F)F)cc(C(F)(F)F)c1)C(CCN1CCN(CC(=O)N2CCC(NC(C)=O)C2)CC1)c1ccc(Cl)c(Cl)c1,8.04575749056068,6.078500000000006
O=C(N[C@@H](Cc1ccccc1)c1nnc(-c2ccccc2)o1)OCc1ccccc1,8.04575749056068,4.946800000000004
CCCCCN(CCCCC)C(=O)N1CCN(C(=O)N(c2ccccc2)c2ccccc2)[C@H](C(=O)NCCN(C)Cc2ccccc2OC)C1,8.04575749056068,6.990100000000008
CCCCCN(CCCCC)C(=O)N1CCN(C(=O)N(c2ccccc2)c2ccccc2)[C@H](C(=O)NCCNCc2ccccc2OC)C1,8.04575749056068,6.647900000000007
CC1CC1c1cc(C(F)(F)F)cc(COCC2(c3ccc(F)cc3)CCN(C)CC2)n1,8.04095860767891,5.543100000000006
COc1ccc(CN[C@H]2C3CCN(CC3)[C@H]2c2cccc(Cl)c2)c(OC)c1,8.04000516167158,4.282300000000004
COc1ccccc1CN(CC(Cc1c[nH]c2ccccc12)NC(=O)CN1CCN(c2ccccc2)CC1)C(=O)CC(=O)O,8.03621217265444,3.5295000000000023
Cc1cc(C)cc(COCC(N)C(c2ccccc2)c2ccccc2)c1,8.03151705144606,4.979440000000004
COc1ccc(CN2CCC(=O)C(C(c3ccc(F)cc3)c3ccc(F)cc3)C2)c(OC)c1,8.02227639471115,5.205100000000005
Cc1ccc(-c2c3n(c(=O)c4ncccc24)C[C@H](C)CN(Cc2cc(C(F)(F)F)cc(C(F)(F)F)c2)C3=O)cc1,8.02227639471115,6.7016200000000055
Cc1cc(Br)cc(COCC(N)C(c2ccccc2)c2ccccc2)c1,8.01322826573376,5.433520000000004
COc1ccc(CC(=O)NC(Cc2c[nH]c3ccccc23)CN(Cc2ccccc2OC)C(C)=O)cc1,8.01322826573376,4.5038000000000045
NC(=O)N[C@H]1CC[C@H](OCc2cc(C(F)(F)F)cc(C(F)(F)F)c2)[C@@H]1c1ccccc1,8.00877392430751,5.223900000000003
C/C(CN1CCN(C(=O)c2cc(C(F)(F)F)cc(C(F)(F)F)c2)[C@H](Cc2c[nH]c3ccccc23)C1)=N/OCCN1CCOCC1,8.0,5.299300000000005
O=C(c1cc(C(F)(F)F)cc(C(F)(F)F)c1)N1CCN(CC/C(=N\OCCN2CCOCC2)c2ccccc2)C[C@H]1Cc1c[nH]c2ccccc12,8.0,6.7178000000000075
COc1cccc(C(CN(C)C(=O)Cc2cc(C(F)(F)F)cc(C(F)(F)F)c2)N2CCC(N3CCCCC3)CC2)c1OC,8.0,6.4339000000000075
NC(=O)CN[C@H]1CCN(C(=O)c2cc(C(F)(F)F)cc(C(F)(F)F)c2)[C@H](Cc2ccccc2)C1,8.0,4.015000000000003
CO/N=C(\CN(C)C(=O)c1ccc(C)s1)C(CCN1CCC(O)(c2ccccc2)CC1)c1ccc(Cl)c(Cl)c1,8.0,6.595220000000008
NC(=O)CN1CCN([C@@H](COCc2cc(C(F)(F)F)cc(C(F)(F)F)c2)c2ccccc2)CC1,8.0,4.0850000000000035
CO/N=C(\COCc1cc(Br)cc(Br)c1)C(CCN1CCC(O)(c2ccccc2)CC1)c1ccc(Cl)c(Cl)c1,8.0,8.194900000000006
Cn1nnnc1CN[C@H](COCc1cc(C(F)(F)F)cc(C(F)(F)F)c1)c1ccccc1,8.0,4.2954000000000025
O=C(O)CCCCN1CCN(C(COCc2cc(C(F)(F)F)cc(C(F)(F)F)c2)c2ccccc2)CC1,8.0,5.854600000000006
CN(Cc1cc(C(F)(F)F)cc(C(F)(F)F)c1)C(=O)N1CC(=O)Nc2ccccc2C1c1ccccc1,8.0,6.3197000000000045
COc1ccc(F)cc1[C@H]1COCC2(C1)OCCN[C@H]2c1ccc(F)cc1,8.0,3.577200000000002
C[C@H](NC(=O)[C@@](C)(Cc1c[nH]c2ccccc12)NC(=O)OCc1ccc2ccccc2c1)c1ccccc1,8.0,6.426100000000006
O=C(N[C@H]1CCN(C(=O)c2cc(Cl)cc(Cl)c2)[C@H](Cc2ccccc2)C1)c1ccnc2ccccc12,8.0,6.187500000000005
CN(CCc1cc(C(F)(F)F)cc(C(F)(F)F)c1)C(=O)CC(c1ccccc1)c1ccccc1,8.0,6.9473000000000065
CSN1CC2(CCN(C(=O)N[C@@H](Cc3c[nH]c4ccccc34)C(=O)N(C)Cc3cc(C)cc(C)c3)CC2)c2ccccc21,8.0,6.195840000000006
CN(C(=O)c1cc(C(F)(F)F)cc(C(F)(F)F)c1)[C@@H](/C=C/C(=O)NCCN1CCCCC1)Cc1ccc(Cl)cc1,8.0,6.219200000000007
C/C(CN1CCN(C(=O)c2cc(C(F)(F)F)cc(C(F)(F)F)c2)[C@H](Cc2c[nH]c3ccccc23)C1)=N/OCc1ccccn1,8.0,6.562300000000007
CO/N=C(\COCc1cc(C(F)(F)F)cc(C(F)(F)F)c1)C(CCN1CCC(CN2CCCCC2=O)CC1)c1ccc(Cl)c(Cl)c1,8.0,8.448400000000005
COc1ccc(OCC(=O)NC(Cc2c[nH]c3ccccc23)CN(Cc2ccccc2OC)C(C)=O)cc1,7.99139982823808,4.340100000000004
NC(COCc1cc(C(F)(F)F)cc(C(F)(F)F)c1)C(c1ccccc1)c1ccccc1,7.97061622231479,6.400200000000005
N[C@H](COCc1cc(C(F)(F)F)cc(C(F)(F)F)c1)C(c1ccccc1)c1ccccc1,7.96980521464325,6.400200000000005
COc1ccccc1CN(CC(Cc1c[nH]c2ccccc12)NC(=O)CSc1ccccn1)C(C)=O,7.96657624451305,4.4398000000000035
Oc1ccc(OC(F)(F)F)cc1CN[C@H]1CCCN[C@H]1c1ccccc1,7.96377045591371,3.873700000000002
CN1CCC(COCc2cc(C(F)(F)F)cc(C3CC3)n2)(c2ccc(Cl)cc2)CC1,7.95860731484178,5.811400000000006
CN(C)CCCOC(=O)N[C@H]1CCN(C(=O)c2cc(C(F)(F)F)cc(C(F)(F)F)c2)[C@H](Cc2ccccc2)C1,7.95860731484178,5.6180000000000065
COCc1nc2ccccc2c(-c2ccccc2)c1C(=O)N(C)Cc1cc(C(F)(F)F)cc(C(F)(F)F)c1,7.95860731484178,7.358000000000005
Cc1cc(C)cc(C(=O)N2CCN(C(=O)CNC3CCN(C(=O)[C@H](N)Cc4ccccc4)CC3)[C@H](c3ccc(Cl)c(Cl)c3)C2)c1,7.95860731484178,4.786540000000006
CN(Cc1cc(C(F)(F)F)cc(C(F)(F)F)c1)C(=O)[C@H]1CN(C(=O)OC(C)(C)C)C[C@@H]1c1ccccc1,7.95860731484178,6.333300000000006
CCN1CCC[C@@](COCc2cc(C(F)(F)F)cc(C(F)(F)F)c2)(c2ccccc2)CC1,7.95860731484178,6.684600000000007
FC(F)(F)c1cc(Cl)nc(COCC2(c3ccccc3)CCNCC2)c1,7.95860731484178,4.5918000000000045
CC1(Cc2c[nH]c3ccccc23)OC(=O)N(Cc2cc(C(F)(F)F)cc(C(F)(F)F)c2)C1=O,7.95860731484178,5.685700000000003
COc1ccccc1CN(CC(Cc1ccc2ccccc2c1)NC(=O)CN1CCN(c2ccccc2)CC1)C(C)=O,7.95860731484178,4.7466000000000035
N[C@@H]1CC[C@@](COCc2cc(C(F)(F)F)cc(C(F)(F)F)c2)(c2ccccc2)C1,7.95860731484178,5.690000000000004
CS(=O)(=O)N1CC2(CCN(C(=O)[C@H](COCc3cccc(Cl)c3)NCc3ccc(Cl)c(Cl)c3)CC2)c2ccccc21,7.95860731484178,5.661800000000007
CCCCCN(CCCCC)C(=O)N1CCN(C(=O)N(c2ccccc2)c2ccccc2)[C@H](C(=O)NCCN(CC)CC)C1,7.95860731484178,6.191300000000006
Cc1cc(C)cc(COCC(NC=O)C(c2ccccc2)c2ccccc2)c1,7.95860731484178,4.766740000000004
Cc1cc(C)cc(C(=O)N2CC[C@H](NCc3ccnc4ccccc34)C[C@H]2Cc2ccc(C(F)(F)F)cc2)c1,7.95860731484178,6.876140000000007
CN(C(=O)C(C)(C)c1cc(C(F)(F)F)cc(C(F)(F)F)c1)c1cnc(N2CCCC[C@H]2CO)cc1-c1ccccc1Cl,7.95467702121334,7.731400000000008
NC(COCc1cc(Cl)cc(Cl)c1)C(c1ccccc1)c1ccccc1,7.94692155651658,5.669400000000004
CN(CC(c1cccc2c1OCO2)N1CCC(N2CCCCC2)CC1)C(=O)Cc1ccccc1Cl,7.92081875395238,4.761200000000004
Cc1cc(C)cc(C(=O)N2CC[C@H](NCc3ccnc4ccccc34)C[C@H]2Cc2ccccc2)c1,7.92081875395238,5.857340000000006
CC(=O)NCC(=O)N1CC[C@@H](C(=O)N(C)Cc2cc(C(F)(F)F)cc(C(F)(F)F)c2)[C@H](c2ccccc2)C1,7.92081875395238,4.451000000000003
CN1CCC(COCc2cc(C(F)(F)F)cc(Cl)n2)(c2ccccc2)CC1,7.92081875395238,4.934000000000005
CN(CCc1cc(C(F)(F)F)cc(C(F)(F)F)c1)C(=O)C(Cc1c[nH]c2ccccc12)N1CCN(C2CCCCC2)CC1,7.92081875395238,6.768000000000008
CO/N=C(\CN(C)C(=O)c1ccc(N(C)C)c2ccccc12)C(CCN1CCC(O)(c2ccccc2)CC1)c1ccc(Cl)c(Cl)c1,7.92081875395238,7.44450000000001
COc1ccccc1C(C1CCCCN1C(=O)c1cc(C(F)(F)F)cc(C(F)(F)F)c1)N1CCC(N2CCCCC2)CC1,7.92081875395238,7.419100000000009
COc1ccc(C(CN(C)C(=O)Cc2cc(C(F)(F)F)cc(C(F)(F)F)c2)N2CCC(N3CCCCC3)CC2)c(OC)c1OC,7.92081875395238,6.442500000000007
Cc1cc(C)cc(C(=O)N2CCC(NCc3cccc4ccccc34)CC2Cc2ccccc2)c1,7.92081875395238,6.462340000000006
CC(C)c1cc(C(F)(F)F)cc(COCC2(c3ccc(F)cc3)CCN(C)CC2)n1,7.92081875395238,5.543100000000006
CS(=O)(=O)N1CC2(CCN(C(=O)C(COCc3ccccc3)NCc3ccc(Cl)c(Cl)c3)CC2)c2ccccc21,7.92081875395238,5.008400000000005
COc1cc(CC(=O)N[C@H]2CCN(C(=O)c3cc(C)cc(C)c3)[C@H](Cc3ccccc3)C2)cc(OC)c1,7.92081875395238,4.895440000000004
CN(C(=O)c1cc(C(F)(F)F)cc(C(F)(F)F)c1)[C@@H](/C=C/C(=O)NC1CCCCCC1)Cc1ccc(Cl)cc1,7.92081875395238,7.456100000000006
COc1ccccc1CN[C@H]1C2CC[N+](C)(CC2)[C@H]1C(c1ccccc1)c1ccccc1,7.91364016932525,5.224300000000006
Brc1cc(Br)cc(COC[C@@H](c2ccccc2)N2CCNCC2)c1,7.89997426989214,4.374700000000004
Fc1cc(COCC(c2ccccc2)N2CCNCC2)cc(C(F)(F)F)c1,7.89997426989214,4.007600000000003
C/C(CN1CCN(C(=O)c2cc(C(F)(F)F)cc(C(F)(F)F)c2)[C@H](Cc2c[nH]c3ccccc23)C1)=N/OCCCN1CCOCC1,7.89997426989214,5.689400000000006
Cc1cc(F)ccc1-c1cc(N2CC(F)(F)C[C@H]2CO)ncc1N(C)C(=O)C(C)(C)c1cc(C(F)(F)F)cc(C(F)(F)F)c1,7.89997426989214,7.380620000000007
CN(Cc1ccccc1)C(=O)[C@H](Cc1ccc2ccccc2c1)NC(=O)[C@@H]1CCCC[C@@H]1NC(=O)c1c[nH]c2ccccc12,7.89997426989214,5.995800000000005
O=C(c1cc(C(F)(F)F)cc(C(F)(F)F)c1)N1CCN(Cc2cc(CN3CCOCC3)on2)C[C@H]1Cc1c[nH]c2ccccc12,7.89997426989214,5.595000000000006
FC(F)(F)c1cc(CNCC2(c3ccccc3)CCNCC2)cc(C(F)(F)F)c1,7.89962945488244,5.135200000000004
CCNC(COCc1cc(C)cc(C)c1)C(c1ccccc1)c1ccccc1,7.89619627904404,5.630240000000005
COc1cccc2cc(COC(=O)N[C@](C)(Cc3c[nH]c4ccccc34)C(=O)N[C@@H](C)c3ccccc3)oc12,7.89008413697621,6.027700000000006
CO/N=C(\COCc1cc(C(F)(F)F)cc(C(F)(F)F)c1)C(CCN1CCC(N2CCC[C@H]2C(N)=O)CC1)c1ccc(Cl)c(Cl)c1,7.88605664769316,7.138000000000007
CO/N=C(\COCc1cc(C(F)(F)F)cc(C(F)(F)F)c1)C(CCN1CCC(CN2CCCCC2CCO)CC1)c1ccc(Cl)c(Cl)c1,7.88605664769316,8.672800000000004
COc1ccccc1CNCc1c(-c2ccccc2)c2cc(C)c(C)cc2c(=O)n1C,7.88605664769316,5.120740000000004
Cc1cc(C)cc(C(=O)N2CC[C@H](NCc3ccnc4ccccc34)C[C@H]2Cc2ccc(Cl)cc2)c1,7.88605664769316,6.510740000000007
CCCCCN(CCCCC)C(=O)[C@H]1CCN(C(=O)N(c2ccccc2)c2ccccc2)[C@H](C(=O)NCCNCC(N)=O)C1,7.88605664769316,4.4254000000000016
CO/N=C(\COCc1cc(C(F)(F)F)cc(C(F)(F)F)c1)C(CCN1CCC(N2CCCC(C(N)=O)C2)CC1)c1ccc(Cl)c(Cl)c1,7.88605664769316,7.385600000000007
COc1ccccc1[C@H](C)C(=O)N1C[C@@H]2[C@H](C1)C(c1ccccc1)(c1ccccc1)CC[C@@]2(O)c1ccccc1OC,7.88605664769316,6.549800000000008
CC(C)N1CCN(C(=O)CCc2c(-c3ccc(Cl)cc3)n(C)c3ccc(Cl)cc23)CC1,7.88605664769316,5.637300000000006
COc1ccccc1N1CCN(C(=O)[C@H](COCc2ccc(Cl)c(Cl)c2)NCc2ccccc2)CC1,7.88605664769316,5.025800000000004
CS(=O)(=O)N1CC2(CCN(C(=O)[C@H](CSCc3ccc(Cl)c(Cl)c3)NCc3ccccc3)CC2)c2ccccc21,7.88605664769316,5.725000000000006
COc1cc(C(=O)N(C)c2cc(C(=O)N[C@@H]3CCCCNC3=O)ccc2-c2ccc(Cl)cc2)cc(OC)c1OC,7.88605664769316,4.707900000000004
C=CCC1CCCN(CC2CCN(CCC(/C(COCc3cc(C(F)(F)F)cc(C(F)(F)F)c3)=N/OC)c3ccc(Cl)c(Cl)c3)CC2)C1=O,7.88605664769316,9.2506
O=C(CCC(=O)N(c1ccccc1)C1CCN(CCc2ccccc2)CC1)N[C@@H](Cc1c[nH]c2ccccc12)C(=O)OCc1cc(C(F)(F)F)cc(C(F)(F)F)c1,7.88605664769316,8.496700000000004
O=C(CN(N1CCC(O)(c2ccccc2)CC1)N1CCC(O)(c2ccccc2)CC1)N1CCN(Cc2cc(C(F)(F)F)cc(C(F)(F)F)c2)CC1c1ccccc1,7.88605664769316,7.208900000000009
N[C@H](COCc1cc(C(F)(F)F)cc(C(F)(F)F)c1)c1ccccc1,7.88605664769316,4.940800000000003
CO/N=C(\COCc1cc(C(F)(F)F)cc(C(F)(F)F)c1)C(CCN1CCN(CC(=O)N2CCCC(O)C2)CC1)c1ccc(Cl)c(Cl)c1,7.88605664769316,6.324800000000008
CN(Cc1nnnn1C)[C@H](COCc1cc(C(F)(F)F)cc(C(F)(F)F)c1)c1ccccc1,7.88605664769316,4.637600000000004
CN1CCC(COCc2cc(C(F)(F)F)cc(N3CCC(C#N)CC3)n2)(c2ccc(F)cc2)CC1,7.88605664769316,5.159680000000005
COc1ccccc1[C@H]1COCC2(C1)OCCN[C@H]2c1ccc(F)cc1,7.88605664769316,3.4381000000000013
CO/N=C(\COCc1cc(C(F)(F)F)cc(C(F)(F)F)c1)C(CCN1CCN(CC(=O)N2CC[C@@H](CO)C2)CC1)c1ccc(Cl)c(Cl)c1,7.88605664769316,6.182300000000008
CN(Cc1cc(C(F)(F)F)cc(C(F)(F)F)c1)C(=O)[C@H]1CN(C(=O)N2CCCCC2)C[C@@H]1c1ccccc1,7.88605664769316,6.0041000000000055
CO/N=C(\CN(C)C(=O)c1cc(OC)c(OC)c(OC)c1)C(CCN1CCC(O)(c2ccccc2)CC1)c1ccc(Cl)c(Cl)c1,7.88605664769316,6.251100000000008
NC(COCc1cc(Br)cc(Br)c1)C(c1ccccc1)c1ccccc1,7.87614835903291,5.887600000000004
NC(COCc1cc(C(F)(F)F)cc(C(F)(F)F)c1)c1ccccc1,7.86966623150499,4.940800000000003
Cc1cc(COC[C@@H](N)c2ccccc2)cc(C(C)(C)C)c1,7.86327943284359,4.509120000000003
CN(Cc1ccccc1)C(=O)[C@H](Cc1cccc2ccccc12)NC(=O)[C@@H]1CCCN1/C(S)=N/Cc1ccccc1Cl,7.86327943284359,6.129500000000007
Cc1cc(C)cc(COC[C@@H](C(c2ccccc2)c2ccccc2)N(C)C)c1,7.85387196432176,5.5823400000000065
CN(CCc1cc(C(F)(F)F)cc(C(F)(F)F)c1)CC(c1ccccc1)N1CCC(N2CCCCC2)CC1,7.85387196432176,6.890100000000009
COc1ccc(C[C@@H]2C[C@@H](NCc3ccnc4ccccc34)CCN2C(=O)c2cc(C)cc(C)c2)cc1,7.85387196432176,5.865940000000006
CO/N=C(\COCc1cc(C(F)(F)F)cc(C(F)(F)F)c1)C(CCN1CCN(CC(=O)N2CC[C@H](CO)C2)CC1)c1ccc(Cl)c(Cl)c1,7.85387196432176,6.182300000000008
CO/N=C(\COCc1cc(C(F)(F)F)cc(C(F)(F)F)c1)C(CCN1CCC(CN2CCOCC2)CC1)c1ccc(Cl)c(Cl)c1,7.85387196432176,7.7681000000000076
CO/N=C(\COCc1cc(C(F)(F)F)cc(C(F)(F)F)c1)C(CCN1CCC(N2CCCCC2CO)CC1)c1ccc(Cl)c(Cl)c1,7.85387196432176,8.035100000000007
CSN1CC2(CCN(C(=O)N[C@@H](Cc3c[nH]c4ccccc34)C(=O)N(C)Cc3ccccc3)CC2)c2ccccc21,7.85387196432176,5.579000000000005
CO/N=C(\COCc1cc(C(F)(F)F)cc(C(F)(F)F)c1)C(CCN1CCN(CC(=O)N2CCC(N(C)C)C2)CC1)c1ccc(Cl)c(Cl)c1,7.85387196432176,6.5040000000000076
CN1CCC[C@H](OCc2cc(C(F)(F)F)cc(C(F)(F)F)c2)[C@@H]1c1ccccc1,7.85387196432176,6.076300000000005
CCNC1CCC(COCc2cc(C(F)(F)F)cc(C(F)(F)F)c2)(c2ccccc2)CC1,7.85387196432176,6.730900000000006
COc1ccccc1N1CCN(C(=O)CCc2c(-c3ccc(Cl)cc3)[nH]c3c(Cl)cc(Cl)cc23)CC1,7.85387196432176,7.085100000000005
CN(CCc1cc(C(F)(F)F)cc(C(F)(F)F)c1)C(=O)C(c1ccccc1)c1ccccc1,7.85387196432176,6.557200000000006
CO/N=C(\COCc1cc(C(F)(F)F)cc(C(F)(F)F)c1)C(CCN1CCN(CC(=O)N2CCCC2)CC1)c1ccc(Cl)c(Cl)c1,7.85387196432176,6.963900000000008
CO/N=C(\COCc1cc(C(F)(F)F)cc(C(F)(F)F)c1)C(CCN1CCC(CN2CCCC(CC3CC3)C2=O)CC1)c1ccc(Cl)c(Cl)c1,7.85387196432176,9.474599999999999
Cc1cc(C)cc(C(=O)N2CC[C@H](NCc3ccnc4ccccc34)C[C@H]2Cc2ccc3ccccc3c2)c1,7.85387196432176,7.010540000000007
O=C(Cc1cc(C(F)(F)F)cc(C(F)(F)F)c1)NCC(c1cccc2ccccc12)N1CCC(N2CCCCC2)CC1,7.85387196432176,7.2277000000000085
O=C1CCN(Cc2ccccc2-c2ccccc2)CC1C(c1ccc(F)cc1)c1ccc(F)cc1,7.85387196432176,6.854900000000006
FC(F)(F)c1cc(COCC2(c3ccccc3)CCC(N3CCCC3)C2)cc(C(F)(F)F)c1,7.85387196432176,6.827100000000005
Cc1cc(C)cc(C(=O)N2CC[C@H](NC(=O)c3ccnc4ccccc34)C[C@H]2Cc2ccccc2)c1,7.82390874094432,5.497540000000005
CC(=O)Nc1ccc(CN2CCC(NCC(=O)N3CCN(C(=O)c4cc(C)cc(C)c4)C[C@H]3c3ccc(Cl)c(Cl)c3)CC2)cc1,7.82390874094432,5.848540000000007
O=C(COCc1cc(C(F)(F)F)cc(C(F)(F)F)c1)C(CCN1CCC(O)(c2ccccc2)CC1)c1ccc(Cl)c(Cl)c1,7.82390874094432,8.274200000000006
N#CO/N=C(\COCc1cc(C(F)(F)F)cc(C(F)(F)F)c1)C(CCN1CCC(O)(c2ccccc2)CC1)c1ccc(Cl)c(Cl)c1,7.82390874094432,8.558780000000004
COc1ccccc1[C@H](SC)C(=O)N1CC2C(=O)CSC(c3ccccc3)(c3ccccc3)C2C1,7.82390874094432,5.4336000000000055
CC(C)C1CCN(C2CCN(C(CN(C)C(=O)Cc3cc(C(F)(F)F)cc(C(F)(F)F)c3)c3ccc(Cl)c(Cl)c3)CC2)CC1,7.82390874094432,8.605600000000004
Cn1nnc(CN[C@H](COCc2cc(C(F)(F)F)cc(C(F)(F)F)c2)c2ccccc2)n1,7.82390874094432,4.2954000000000025
COc1ccccc1C(CNC(=O)Cc1cc(C)cc(C)c1)N1CCN(C2CCCCC2)CC1,7.82390874094432,4.662340000000005
Cc1onc(-c2c(Cl)cccc2Cl)c1/C=N/Nc1c(Cl)cncc1Cl,7.82390874094432,6.104620000000002
COc1ccc(NC(C)=O)cc1CN1CCC(=O)C(C(c2ccccc2)c2ccccc2)C1,7.82390874094432,4.876700000000005
COC(=O)Cn1c(-c2ccc(Cl)cc2)c(CCC(=O)N2CCN(c3ccccc3OC)CC2)c2cc(Cl)ccc21,7.82390874094432,6.078100000000006
Cc1cc(C)cc(C(=O)N2CC[C@H](NCCc3ccccc3)C[C@H]2Cc2ccccc2)c1,7.81987412483595,5.351640000000005
FC(F)(F)c1cc(COCC(c2ccccc2)N2CCN(CCN3CCOCC3)CC2)cc(C(F)(F)F)c1,7.79997073344623,4.931900000000005
FC(F)(F)c1ccc(COCC(c2ccccc2)N2CCNCC2)c(C(F)(F)F)c1,7.79997073344623,4.887300000000005
CN(C(=O)C(C)(C)c1cc(C(F)(F)F)cc(C(F)(F)F)c1)[C@H](C(=O)NCCN1CCOCC1)c1ccccc1,7.79997073344623,4.649900000000004
COc1ccc(COC(=O)N[C@](C)(Cc2c[nH]c3ccccc23)C(=O)N[C@@H](C)c2ccccc2)cc1,7.79997073344623,5.281500000000004
CNCCNC(=O)[C@@H](Cc1ccccc1)NC(=O)[C@](C)(CCN1CCC2(CC1)OC(=O)N(C)c1ccc(F)cc12)c1ccc(Cl)c(Cl)c1,7.79997073344623,5.421100000000006
Oc1n[nH]c(CN2CCN(C(COCc3cc(C(F)(F)F)cc(C(F)(F)F)c3)c3ccccc3)CC2)n1,7.79997073344623,4.623600000000004
O=C(O)CN1CCN(C(COCc2cc(C(F)(F)F)cc(C(F)(F)F)c2)c2ccccc2)CC1,7.79997073344623,4.684300000000005
CN1C(=O)OC2(CCN(CCC[C@@](C)(C(=O)N[C@H](Cc3ccccc3)C(=O)NCCO)c3ccc(Cl)c(Cl)c3)CC2)c2cc(F)ccc21,7.79997073344623,5.584100000000006
O=C(O)COCCN1CCN(C(COCc2cc(C(F)(F)F)cc(C(F)(F)F)c2)c2ccccc2)CC1,7.79997073344623,4.700900000000004
COc1ccccc1CC(=O)N(C)CC(c1cccc2c1OCO2)N1CCC(N2CCCCC2)CC1,7.79588001734408,4.116400000000003
CN(C(=O)c1cc(C(F)(F)F)cc(C(F)(F)F)c1)[C@H](/C=C/C(=O)N[C@@H]1CCCCNC1=O)Cc1ccc(Cl)cc1,7.79588001734408,5.4020000000000055
Cc1cc2c(-c3ccccc3)c(NC(=O)N(C)Cc3ccccc3)n(C)c(=O)c2cc1C,7.79588001734408,5.486240000000005
CO/N=C(\COCc1cc(C(F)(F)F)cc(C(F)(F)F)c1)C(CCN1CCC(N2CCCC2=S)CC1)c1ccc(Cl)c(Cl)c1,7.79588001734408,8.611500000000003
CCOC(=O)C1CCCN(CC2CCN(CCC(/C(COCc3cc(C(F)(F)F)cc(C(F)(F)F)c3)=N/OC)c3ccc(Cl)c(Cl)c3)CC2)C1,7.79588001734408,8.711000000000004
COc1ccccc1CN(C)C(=O)c1c(-c2ccccc2C)c2ccccc2c(=O)n1C,7.79588001734408,4.794720000000004
CNC1CCC(COCc2cc(C(F)(F)F)cc(C(F)(F)F)c2)(c2ccccc2)CC1,7.79588001734408,6.340800000000005
CCOc1ccccc1CN[C@H]1C2CCN(CC2)[C@H]1C(c1ccccc1)c1ccccc1,7.79588001734408,5.4698000000000055
CC(C)Cc1cc(C(F)(F)F)cc(COCC2(c3ccc(F)cc3)CCN(C)CC2)n1,7.79588001734408,5.618200000000006
FC(F)(F)c1cc(COC[C@]2(c3ccccc3)CCCCNC2)cc(C(F)(F)F)c1,7.79588001734408,5.952300000000004
CN(Cc1cc(C(F)(F)F)cc(C(F)(F)F)c1)C(=O)c1c(CO)nc2ccccc2c1-c1ccccc1,7.79588001734408,6.703900000000005
CN(Cc1nnn(C)n1)[C@H](COCc1cc(C(F)(F)F)cc(C(F)(F)F)c1)c1ccccc1,7.79588001734408,4.637600000000004
CO/N=C(\COCc1cc(C(F)(F)F)cc(C(F)(F)F)c1)C(CCN1CCN(CC(=O)N2CCC(O)C2)CC1)c1ccc(Cl)c(Cl)c1,7.79588001734408,5.934700000000007
FC(F)(F)c1cc(COCC2(c3ccccc3)CCC(NC3CC3)C2)cc(C(F)(F)F)c1,7.79588001734408,6.483300000000004
COc1ccc(OC)c([C@H]2COCC3(C2)OCCN[C@H]3c2ccc(F)cc2)c1,7.79588001734408,3.4467000000000017
CN(C)C(=O)N(C)[C@@H]1CC[C@H](OCc2cc(C(F)(F)F)cc(C(F)(F)F)c2)[C@H]1c1ccccc1,7.79588001734408,6.169000000000007
N#CNC(=O)[C@H](Cc1ccccc1)NC(=O)OCc1ccccc1,7.78251605578609,2.1213799999999994
CCc1ccccc1CN[C@H]1C2CCN(CC2)[C@H]1C(c1ccccc1)c1ccccc1,7.77989191195995,5.633500000000006
CN(Cc1ccccc1)C(=O)[C@H](Cc1c[nH]c2ccccc12)NC(=O)[C@@H]1CCCN1/C(S)=N/Cc1ccccc1Cl,7.77728352885242,5.457600000000006
Cc1cc(C)cc(COCC(O)C(c2ccccc2)c2ccccc2)c1,7.76955107862173,5.013040000000005
CS(=O)(=O)Nc1ccccc1C1CCN(C(=O)[C@H](COCc2ccc(Cl)c(Cl)c2)NCc2ccccc2)CC1,7.76955107862173,5.446100000000005
Cc1ccccc1-c1ccccc1C(=O)N(C)Cc1cc(C(F)(F)F)cc(C(F)(F)F)c1,7.76955107862173,6.971820000000005
OC(COCc1cc(C(F)(F)F)cc(C(F)(F)F)c1)C(c1ccccc1)c1ccccc1,7.76955107862173,6.433800000000006
CCCCCN(CCCCC)C(=O)N1CCN(C(=O)N(c2ccccc2)c2ccccc2)[C@H](C(=O)N(C)CCN(C)Cc2ccccc2OC)C1,7.76955107862173,7.332300000000009
CO/N=C(\COCc1cc(C(F)(F)F)cc(C(F)(F)F)c1)C(CCN1CCC(CN2CCCC(OC(=O)NC(C)C)C2)CC1)c1ccc(Cl)c(Cl)c1,7.76955107862173,9.034900000000002
CC(C)(C)[Si](C)(C)OCc1nc2ccccc2c(-c2ccccc2)c1C(=O)NCc1cc(C(F)(F)F)cc(C(F)(F)F)c1,7.76955107862173,9.3912
N/C(CO/N=C(\COCc1cc(C(F)(F)F)cc(C(F)(F)F)c1)C(CCN1CCC(O)(c2ccccc2)CC1)c1ccc(Cl)c(Cl)c1)=N/O,7.76955107862173,7.824100000000007
NC(=O)CO/N=C(\COCc1cc(C(F)(F)F)cc(C(F)(F)F)c1)C(CCN1CCC(O)(c2ccccc2)CC1)c1ccc(Cl)c(Cl)c1,7.76955107862173,7.563000000000007
O=C(c1cc(C(F)(F)F)cc(C(F)(F)F)c1)N1CC[C@H](NCc2ccnc3ccccc23)C[C@H]1Cc1ccccc1,7.76955107862173,7.2781000000000065
CN(Cc1cccc2ccccc12)C(=O)[C@H](Cc1ccccc1)NC(=O)[C@@H]1CCCN1/C(S)=N/Cc1ccccc1Cl,7.76700388960785,6.129500000000007
CO/N=C(\COCc1cc(C(F)(F)F)cc(C(F)(F)F)c1)C(CCN1CCC(NC(=O)c2ccccc2)CC1)c1ccc(Cl)c(Cl)c1,7.74472749489669,8.618300000000001
CN(C(=O)c1cc(C(F)(F)F)cc(C(F)(F)F)c1)N(CCC(=O)N[C@@H]1CCCCNC1=O)Cc1cc(Br)c(Br)s1,7.74472749489669,5.974900000000004
CS(=O)(=O)N1CC2(CCN(C(=O)[C@H](COCc3ccccc3)NCc3ccc(Cl)c(Cl)c3)CC2)c2ccccc21,7.74472749489669,5.008400000000005
O=C1CCN(Cc2ccccc2[N+](=O)[O-])CC1C(c1ccc(F)cc1)c1ccc(F)cc1,7.74472749489669,5.096100000000004
CO/N=C(\COCc1cc(C(F)(F)F)cc(C(F)(F)F)c1)C(CCN1CCC(N2CCCCC2=O)CC1)c1ccc(Cl)c(Cl)c1,7.74472749489669,8.200800000000006
CN(Cc1ccccc1)C(=O)[C@H](Cc1ccc2ccccc2c1)NC(=O)[C@@H]1CCCN1C(=O)Nc1ccccc1C(F)(F)F,7.73992861201493,6.241000000000006
CN(C(=O)c1cc(C(F)(F)F)cc(C(F)(F)F)c1)[C@H](/C=C/C(=O)N[C@H]1CCCCNC1=O)Cc1ccc(Cl)c(Cl)c1,7.73992861201493,6.055400000000005
Cc1ccc(COC(=O)N[C@](C)(Cc2c[nH]c3ccccc23)C(=O)N[C@@H](C)c2ccccc2)cc1C,7.73992861201493,5.889740000000005
Cc1cc(F)ccc1[C@@H]1CNCCN1C(=O)N(C)Cc1cc(C(F)(F)F)cc(C(F)(F)F)c1,7.73992861201493,5.370020000000005
CN(Cc1ccccc1)C(=O)[C@H](Cc1ccccc1)NC(=O)[C@@H]1CCCN1C(=N)NCc1ccccc1Cl,7.73282827159699,4.214870000000002
Cc1cc(C)cc(CC(=O)NCC(c2ccc(Cl)c(Cl)c2)N2CCC(N3CCCCC3)CC2)c1,7.72124639904717,5.960540000000006
FC(F)(F)c1cc(COCC2(c3ccccc3)CCCNC2)cc(C(F)(F)F)c1,7.72124639904717,5.562200000000003
FC(F)(F)c1cc(CO[C@@H]2OCCN[C@H]2c2ccccc2)cc(C(F)(F)F)c1,7.72124639904717,4.928000000000003
CO/N=C(\COCc1cc(C(F)(F)F)cc(C(F)(F)F)c1)C(CCN1CCN(CC(=O)N2CCOCC2)CC1)c1ccc(Cl)c(Cl)c1,7.72124639904717,6.200300000000007
Cc1cc(C)cc(C(=O)N2CC[C@H](NCc3cc4ccccc4cn3)C[C@H]2Cc2ccccc2)c1,7.72124639904717,5.857340000000006
Oc1n[nH]c(CN2CCOC3(CCC(c4ccccc4)CO3)C2c2ccccc2)n1,7.72124639904717,3.3743000000000025
N[C@H]1CC[C@](COCc2cc(C(F)(F)F)cc(C(F)(F)F)c2)(c2ccccc2)C1,7.72124639904717,5.690000000000004
Cc1ccccc1-c1c(C(=O)N(C)Cc2ccccc2Cl)n(C)c(=O)c2ccccc12,7.72124639904717,5.439520000000004
Cc1ccc(-c2c(C(=O)N(C)[C@H](C)c3cc(C(F)(F)F)cc(C(F)(F)F)c3)n(C)c(=O)c3ncccc23)cc1,7.72124639904717,6.7797200000000055
CN(Cc1c(-c2ccccc2)c2ccccc2c(=O)n1C)C(=O)c1cc(C(F)(F)F)cc(C(F)(F)F)c1,7.72124639904717,6.515300000000004
CO/N=C(\COCc1cc(C(F)(F)F)cc(C(F)(F)F)c1)C(CCN1CCC(N2CCC(OC(=O)NC(C)C)C2)CC1)c1ccc(Cl)c(Cl)c1,7.72124639904717,8.397200000000005
CC(=O)N[C@H]1CCN(C(=O)c2cc(C(F)(F)F)cc(C(F)(F)F)c2)[C@H](Cc2ccccc2)C1,7.72124639904717,5.076200000000004
Cc1ccc(COC(=O)N[C@](C)(Cc2c[nH]c3ccccc23)C(=O)N[C@@H](C)c2ccccc2)cc1,7.72010501998836,5.581320000000004
C[C@H](NC(=O)[C@@](C)(Cc1c[nH]c2ccccc12)NC(=O)OCc1ccccc1)c1ccccc1,7.72010501998836,5.272900000000004
COc1cccc(CN[C@H]2C3CCN(CC3)[C@H]2C(c2ccccc2)c2ccccc2)c1,7.70005709997723,5.079700000000005
CN1C(=O)OC2(CCN(CC[C@@](C)(C(=O)N[C@H](Cc3ccccc3)C(=O)NCCN)c3ccc(Cl)c(Cl)c3)CC2)c2cc(F)ccc21,7.70005709997723,5.160400000000004
CN(C)CCNC(=O)[C@@H](Cc1ccccc1)NC(=O)[C@](C)(CCCN1CCC2(CC1)OC(=O)N(C)c1ccc(F)cc12)c1ccc(Cl)c(Cl)c1,7.70005709997723,6.1534000000000075
NC(=O)N1CCN(C(COCc2cc(C(F)(F)F)cc(C(F)(F)F)c2)c2ccccc2)CC1,7.70005709997723,4.678400000000004
C[C@H](NC(=O)[C@@](C)(Cc1c[nH]c2ccccc12)NC(=O)OCc1cccc(N)c1)c1ccccc1,7.70005709997723,4.855100000000003
CN(C(=O)Cc1ccccc1)[C@H](Cc1ccc2ccccc2c1)NC(=O)C1(NC(=O)c2c[nH]c3ccccc23)CCCCC1,7.70005709997723,6.139900000000006
O=C(c1cc(C(F)(F)F)cc(C(F)(F)F)c1)N1CCN(C/C(=N\OCCN2CCOCC2)c2ccccc2)C[C@H]1Cc1c[nH]c2ccccc12,7.70005709997723,6.327700000000007
FC(F)(F)c1cc(COC[C@]2(c3ccccc3)CCCN2)cc(C(F)(F)F)c1,7.69897000433602,5.519700000000003
COCCN(C)C1CCC(COCc2cc(C(F)(F)F)cc(C(F)(F)F)c2)(c2ccccc2)C1,7.69897000433602,6.309500000000006
CO/N=C(\COCc1cc(C(F)(F)F)cc(C(F)(F)F)c1)[C@H](CCN1CCC(O)(c2ccccc2)CC1)c1ccc(Cl)c(Cl)c1,7.69897000433602,8.707500000000003
Cc1cc(Br)cc(COC[C@@H](N)c2ccccc2)c1,7.69897000433602,3.974120000000002
CO/N=C(\COCc1cc(C(F)(F)F)cc(C(F)(F)F)c1)C(CCN1CCN(CC(=O)NCC2CCCO2)CC1)c1ccc(Cl)c(Cl)c1,7.69897000433602,6.636700000000007
CN(C(=O)c1cc(C(F)(F)F)cc(C(F)(F)F)c1)[C@@H](/C=C/C(=O)N[C@@H]1CCCCNC1=O)Cc1cc(Br)c(Br)s1,7.69897000433602,6.335100000000004
Cc1cccc(COC2C3CCN(CC3)C2C(c2ccccc2)c2ccccc2)c1,7.69897000433602,5.806520000000006
CO/N=C(\COCc1cc(C(F)(F)F)cc(C(F)(F)F)c1)C(CCN1CCC(CN2CCCCC2=S)CC1)c1ccc(Cl)c(Cl)c1,7.69897000433602,9.249199999999998
CC(C)NC(=O)N[C@H]1CCN(C(=O)c2cc(C(F)(F)F)cc(C(F)(F)F)c2)[C@H](Cc2ccccc2)C1,7.69897000433602,5.647700000000005
CO/N=C(\COCc1cc(C(F)(F)F)cc(C(F)(F)F)c1)C(CCN1CCC(CN2CCCCC2CO)CC1)c1ccc(Cl)c(Cl)c1,7.69897000433602,8.282700000000006
CN(C)c1cc(C(F)(F)F)cc(COCC2(c3ccc(F)cc3)CCNCC2)n1,7.69897000433602,4.143500000000002
COc1ccccc1CN[C@H]1C2CCN(CC2)[C@H]1c1cccc(Cl)c1,7.69897000433602,4.273700000000003
OCCO/N=C(\COCc1cc(C(F)(F)F)cc(C(F)(F)F)c1)C(CCN1CCC(O)(c2ccccc2)CC1)c1ccc(Cl)c(Cl)c1,7.69897000433602,8.070000000000007
CCCCCN(CCCCC)C(=O)[C@H]1CCN(C(=O)N(c2ccccc2)c2cccc(Cl)c2)[C@H](C(=O)O)C1,7.69897000433602,6.972300000000009
Cc1cccc(CO[C@H]2C3CCN(CC3)[C@H]2C(c2ccccc2)c2ccccc2)c1,7.68006156001969,5.806520000000006
Cc1cc(C)cc(C(=O)N2CCN(C(=O)CNC3CCN(C(=O)[C@@H](N)Cc4ccccc4)CC3)[C@H](c3ccc(Cl)c(Cl)c3)C2)c1,7.67778070526608,4.786540000000006
Cc1cc(C)cc(C(=O)N2CC[C@H](NCc3ccnc4ccccc34)C[C@H]2Cc2ccc(C#N)cc2)c1,7.67778070526608,5.7290200000000056
FC(F)(F)c1cc(CO[C@H]2OCCN[C@@H]2c2ccccc2)cc(C(F)(F)F)c1,7.67778070526608,4.928000000000003
CC(=O)NC(COCc1cc(C)cc(C)c1)C(c1ccccc1)c1ccccc1,7.67778070526608,5.156840000000004
CN(Cc1cc(C(F)(F)F)cc(C(F)(F)F)c1)C(=O)c1c(-c2ccc(F)cc2)c2ccccc2n2nnnc12,7.67778070526608,6.393400000000002
Cc1cc(C)cc(COC(=O)[C@H](Cc2c[nH]c3ccccc23)NC(=O)c2ccccc2)c1,7.65995268233861,4.869240000000004
CC(=O)N(CC1CCCCC1)CC(Cc1c[nH]c2ccccc12)NC(=O)CN1CCN(c2ccccc2)CC1,7.65955588515988,4.446200000000004
CN(CC(c1cccc2c1OCO2)N1CCC(N2CCCCC2)CC1)C(=O)C(c1ccccc1)c1ccccc1,7.65757731917779,5.697200000000007
O=C1OC(Cc2c[nH]c3ccccc23)C(=O)N1Cc1cc(C(F)(F)F)cc(C(F)(F)F)c1,7.65757731917779,5.295600000000003
COc1cc(C(F)(F)F)cc(COCC2(c3ccc(F)cc3)CCN(C)CC2)n1,7.65757731917779,4.428300000000004
CN(Cc1cc(C(F)(F)F)cc(C(F)(F)F)c1)C(=O)c1ccccc1-c1ccccc1Cl,7.65757731917779,7.316800000000004
CO/N=C(\COCc1cc(C(F)(F)F)cc(C(F)(F)F)c1)C(CCN1CCN(CC(=O)N2CC(O)C2)CC1)c1ccc(Cl)c(Cl)c1,7.65757731917779,5.544600000000006
CC(C(=O)N[C@]1(c2ccccc2)CC[C@H](N(C)C)CC1)c1cc(C(F)(F)F)cc(C(F)(F)F)c1,7.65757731917779,6.343600000000006
C=CC[N+]12CCC(CC1)[C@H](NCc1ccccc1OC)[C@@H]2C(c1ccccc1)c1ccccc1,7.65169513695184,5.780500000000006
Cc1cccc(COC(=O)N[C@](C)(Cc2c[nH]c3ccccc23)C(=O)N[C@@H](C)c2ccccc2)c1,7.64994590642097,5.581320000000004
C[C@@H](O[C@H]1O[C@@H]2CC[C@@H](c3ccccc3)O[C@@H]2[C@H](O)[C@H]1OCc1ccc(F)cc1)c1cc(C(F)(F)F)cc(C(F)(F)F)c1,7.64975198166584,7.532400000000007
COc1cccc(OC)c1C(=O)N1CCC(CCN2CCC(C(N)=O)(c3ccccc3)CC2)(c2ccc(Cl)c(Cl)c2)C1,7.64206515299955,5.703700000000006
COc1ccccc1[C@H](C)C(=O)N1CC2[C@@H](C1)C(c1ccccc1)(c1ccccc1)CC[S+]2[O-],7.6399749108106,4.764400000000005
CO/N=C(\CCc1cc(C(F)(F)F)cc(C(F)(F)F)c1)C(CCN1CCC(O)(c2ccccc2)CC1)c1ccc(Cl)c(Cl)c1,7.63827216398241,9.1235
FC(F)(F)c1cc(COC[C@@H](NCc2nn[nH]n2)c2ccccc2)cc(C(F)(F)F)c1,7.63827216398241,4.285000000000003
CS(=O)(=O)N1CC2(CCN(C(=O)[C@H](COCc3ccc(Cl)cc3)NCc3ccc(Cl)c(Cl)c3)CC2)c2ccccc21,7.63827216398241,5.661800000000007
Cn1c(COCc2cc(C(F)(F)F)cc(C(F)(F)F)c2)c(-c2ccccc2)c2ccccc2c1=O,7.63827216398241,6.959900000000005
CO/N=C(\COCc1cc(C(F)(F)F)cc(C(F)(F)F)c1)C(CCN1CCN(CC(=O)N2CCC2)CC1)c1ccc(Cl)c(Cl)c1,7.63827216398241,6.573800000000007
COc1ccccc1CN(C)C(=O)Nc1c(-c2ccccc2)c2cc(C)c(C)cc2c(=O)n1C,7.63827216398241,5.494840000000005
CSN1CC2(CCN(C(=O)N[C@@H](Cc3c[nH]c4ccccc34)C(=O)OCc3ccccc3)CC2)c2ccccc21,7.63827216398241,5.6638000000000055
O=C(c1cc(F)cc(F)c1)N1CCN(C(=O)CNC2CCN(Cc3ccccc3)CC2)C(c2ccc(Cl)c(Cl)c2)C1,7.63827216398241,5.551500000000005
Fc1ccc([C@@H]2NCCO[C@@]23C[C@@H](c2ccccc2C(F)(F)F)CO3)cc1,7.61978875828839,4.405800000000004
O/N=C(\COCc1cc(C(F)(F)F)cc(C(F)(F)F)c1)C(CCN1CCC(O)(c2ccccc2)CC1)c1ccc(Cl)c(Cl)c1,7.61978875828839,8.535300000000005
CNC(=O)CO/N=C(\COCc1cc(C(F)(F)F)cc(C(F)(F)F)c1)C(CCN1CCC(O)(c2ccccc2)CC1)c1ccc(Cl)c(Cl)c1,7.61978875828839,7.823700000000008
O=C(c1cc(Br)cc(Br)c1)N1CC[C@H](NCc2ccnc3ccccc23)C[C@H]1Cc1ccccc1,7.61978875828839,6.765500000000006
CCOC(=O)C1CCN(C(=O)CN2CCN(CCC(/C(COCc3cc(C(F)(F)F)cc(C(F)(F)F)c3)=N/OC)c3ccc(Cl)c(Cl)c3)CC2)CC1,7.61978875828839,7.14320000000001
COc1ccccc1CN(CC(Cc1c[nH]c2ccccc12)NC(=O)COc1ccccc1OC)C(C)=O,7.61978875828839,4.340100000000003
CN(Cc1cc(C(F)(F)F)cc(C(F)(F)F)c1)C(=O)[C@H]1CN(C(=O)c2cncnc2)C[C@@H]1c1ccccc1,7.61978875828839,5.0286000000000035
Fc1ccc([C@@H]2NCCOC23COC[C@H](c2ccccc2C(F)(F)F)C3)cc1,7.61978875828839,4.448300000000003
CS(=O)(=O)N1CC2(CCN(C(=O)C(CNCc3ccc(Cl)c(Cl)c3)NCc3ccccc3)CC2)c2ccccc21,7.61978875828839,4.581400000000004
CO/N=C(\COCc1cc(C(F)(F)F)cc(C(F)(F)F)c1)C(CCN1CCC(CNC2(CO)CCCC2)CC1)c1ccc(Cl)c(Cl)c1,7.61978875828839,8.330600000000006
CO/N=C(\COCc1cc(C(F)(F)F)cc(C(F)(F)F)c1)C(CCN1CCN(CC(=O)N2CCC[C@H]2C(N)=O)CC1)c1ccc(Cl)c(Cl)c1,7.61978875828839,5.817800000000005
O=C(NCc1cc(C(F)(F)F)cc(C(F)(F)F)c1)[C@@H](CCN1CCC(c2ccccc2)CC1)c1ccc(F)cc1,7.61978875828839,7.5330000000000075
CO/N=C(\COCc1cc(C(F)(F)F)cc(C(F)(F)F)c1)C(CCN1CCC(O)(c2ccccc2)CC1)c1ccc(Cl)c(Cl)c1,7.60205999132796,8.707500000000003
CO/N=C(/COCc1cc(C(F)(F)F)cc(C(F)(F)F)c1)C(CCN1CCC(O)(c2ccccc2)CC1)c1ccc(Cl)c(Cl)c1,7.60205999132796,8.707500000000003
NC(=O)C(=O)N1CCC[C@H](OCc2cc(C(F)(F)F)cc(C(F)(F)F)c2)[C@@H]1c1ccccc1,7.60205999132796,4.458400000000004
CONC(COCc1cc(C(F)(F)F)cc(C(F)(F)F)c1)C(CCN1CCC(O)(c2ccccc2)CC1)c1ccc(Cl)c(Cl)c1,7.60205999132796,8.224700000000006
COC(=O)CO/N=C(\COCc1cc(C(F)(F)F)cc(C(F)(F)F)c1)C(CCN1CCC(O)(c2ccccc2)CC1)c1ccc(Cl)c(Cl)c1,7.60205999132796,8.250700000000005
Cc1cc(C)cc(C(=O)N2CCN(C(=O)CNC3CCN(Cc4ccccc4)CC3)[C@H](c3ccc(Cl)c(Cl)c3)C2)c1,7.60205999132796,5.890140000000006
CO/N=C(\COCc1cc(C(F)(F)F)cc(C(F)(F)F)c1)C(CCN1CCC(CN2CCCC(C(N)=O)C2)CC1)c1ccc(Cl)c(Cl)c1,7.60205999132796,7.633200000000008
O=C1O[C@@H](Cc2c[nH]c3ccccc23)C(=O)N1Cc1cc(C(F)(F)F)cc(C(F)(F)F)c1,7.60205999132796,5.295600000000003
Clc1cc(Cl)cc(COC[C@@H](c2ccccc2)N2CCNCC2)c1,7.59998036493484,4.156500000000004
Cc1cc(C)cc(COCC(c2ccccc2)N2CCNCC2)c1,7.59998036493484,3.466540000000002
Cc1cc(C)cc(OCC(=O)N(c2ccc(Cl)c(Cl)c2)C2CCNCC2)c1,7.59998036493484,4.774240000000004
O=C(COc1cc(C(F)(F)F)cc(C(F)(F)F)c1)N(Cc1cccc(Cl)c1)C1CCNCC1,7.59998036493484,5.537200000000005
Cc1cccc(CN(C(=O)CCc2cc(C(F)(F)F)cc(C(F)(F)F)c2)C2CCNCC2)c1,7.59998036493484,5.746020000000005
Cc1cc(C)cc(C(=O)N[C@H]2CCN(C(=O)c3cc(Cl)cc(Cl)c3)[C@H](Cc3ccccc3)C2)c1,7.59006687666871,6.256140000000006
CN(Cc1ccccc1)C(=O)[C@H](Cc1ccccc1)NC(=O)[C@@H]1CCCN1/C(S)=N/Cc1c(Cl)cccc1Cl,7.58670023591875,5.629700000000007
CO/N=C(\COCc1cc(Cl)cc(Cl)c1)C(CCN1CCC(O)(c2ccccc2)CC1)c1ccc(Cl)c(Cl)c1,7.58502665202918,7.976700000000007
FC(F)(F)c1cc(COC[C@]2(c3ccccc3)CCCN(Cc3ccccc3)CC2)cc(C(F)(F)F)c1,7.58502665202918,7.864900000000007
O=C(c1cc(Cl)cc(Cl)c1)N1CC[C@H](NCc2ccnc3ccccc23)C[C@H]1Cc1ccccc1,7.58502665202918,6.547300000000006
CN(Cc1cc(C(F)(F)F)cc(C(F)(F)F)c1)C(=O)c1c(-c2ccccc2)c2ccccc2n2nnnc12,7.58502665202918,6.254300000000003
O=C(NCc1cc(C(F)(F)F)cc(C(F)(F)F)c1)c1c(CCl)nc2ccccc2c1-c1ccccc1,7.58502665202918,7.608200000000005
CN(Cc1cc(C(F)(F)F)cc(C(F)(F)F)c1)C(=O)[C@H](Cc1ccccc1)NC(=O)[C@@H]1CCCN1/C(S)=N/Cc1ccccc1Cl,7.57024771999759,7.013900000000008
C[C@H](NC(=O)[C@@](C)(Cc1c[nH]c2ccccc12)NC(=O)OCc1ccc(Cl)cc1)c1ccccc1,7.56992494444806,5.926300000000005
CC(=O)NCCCCCOC[C@H]1O[C@@H](OCCc2c[nH]c3ccccc23)[C@H](OCc2ccccc2)[C@@H](OCc2ccccc2)[C@@H]1O,7.56863623584101,5.306600000000006
CS(=O)(=O)N1CC2(CCN(C(=O)C(COCc3ccccc3)NCc3ccc(Cl)cc3)CC2)c2ccccc21,7.56863623584101,4.355000000000005
CC(=O)N[C@H]1Cc2ccccc2CN(CC(=O)N(C)Cc2cc(C(F)(F)F)cc(C(F)(F)F)c2)C1=O,7.56863623584101,3.7722000000000024
COc1ccccc1CN(CC(Cc1c[nH]c2ccccc12)NC(=O)CN1CCOCC1)C(C)=O,7.56863623584101,2.5847000000000007
COc1cccc(C[C@@H]2C[C@@H](NCc3ccnc4ccccc34)CCN2C(=O)c2cc(C)cc(C)c2)c1,7.56863623584101,5.865940000000006
CN(Cc1ccccc1)C(=O)[C@H](Cc1ccccc1)NC(=O)[C@@H]1CCCN1/C(S)=N/Cc1ccccc1C(F)(F)F,7.5654310959658,5.341700000000006
COc1ccccc1CN(CC(CC1CNc2ccccc21)NC(=O)CN1CCN(c2ccccc2)CC1)C(C)=O,7.56224943717961,3.9501000000000026
Cc1cc(C)cc(CN(C)C(=O)Nc2c(-c3ccccc3)c3cc(C)c(C)cc3c(=O)n2C)c1,7.55284196865778,6.103080000000006
C[C@H]1CN(CC[C@H](C(=O)NCc2cc(C(F)(F)F)cc(C(F)(F)F)c2)c2ccc(F)cc2)CC[C@@]12C=Cc1ccccc12,7.55284196865778,7.960000000000007
Fc1ccc([C@@H]2NCCO[C@@]23CC[C@@H](c2ccccc2C(F)(F)F)CO3)cc1,7.55284196865778,4.795900000000004
Fc1ccc([C@@H]2NCCOC23CC[C@@H](c2ccccc2C(F)(F)F)CO3)cc1,7.55284196865778,4.795900000000004
C[C@H](NC(=O)[C@@](C)(Cc1c[nH]c2ccccc12)NC(=O)OCc1ccc(Cl)c(Cl)c1)c1ccccc1,7.54000474395261,6.579700000000005
CN1CCC(COCc2cc(C(F)(F)F)cc(N3CCC(C#N)C3)n2)(c2ccc(F)cc2)CC1,7.53760200210104,4.769580000000005
C/C=C/c1cc(C(F)(F)F)cc(COCC2(c3ccc(F)cc3)CCN(C)CC2)n1,7.53760200210104,5.452800000000006
Fc1ccc(C2(COCc3cc(C(F)(F)F)cc(Cl)n3)CCNCC2)cc1,7.53760200210104,4.730900000000004
Cc1cc(C)cc(C(=O)N2CC[C@H](NCc3ccnc4ccccc34)C[C@H]2Cc2cccc3ccccc23)c1,7.53760200210104,7.010540000000008
CN(Cc1ccccc1)C(=O)[C@@H](NC(=O)[C@@H]1CCCN1/C(S)=N/Cc1ccccc1Cl)C(c1ccccc1)c1ccccc1,7.53165266958784,6.565700000000008
CN(Cc1ccccc1)C(=O)[C@H](Cc1ccccc1)NC(=O)[C@@H]1CCCN1/C(S)=N/Cc1ccccc1Br,7.52724355068279,5.085400000000006
CN(Cc1ccccc1)C(=O)[C@H](Cc1ccccc1)NC(=O)[C@@H]1CCCN1/C(S)=N/Cc1ccccc1Cl,7.52432881167557,4.9763000000000055
COc1ccccc1CC(=N)N1C[C@@H]2C(=O)CCC(c3ccccc3)(c3ccccc3)[C@@H]2C1,7.52287874528034,5.112170000000004
Cn1c(-c2ccc(Cl)cc2)c(CCC(=O)N2CCN(CC(=O)Nc3ccccc3)CC2)c2cc(Cl)ccc21,7.52287874528034,5.867600000000006
CO/N=C(\COCc1cc(C(F)(F)F)cc(C(F)(F)F)c1)C(CCN1CCNCC1)c1ccc(Cl)c(Cl)c1,7.52287874528034,6.6291000000000055
CC(N)(COCc1cc(C(F)(F)F)cc(C(F)(F)F)c1)c1ccccc1,7.52287874528034,5.114900000000003
Cc1cc(C)cc(C(=O)N2CCC(NCc3ccnc4ccccc34)CC2[C@H](C)c2ccccc2)c1,7.52287874528034,6.418340000000007
Fc1ccc([C@@H]2NCCOC23COC[C@H](c2cccc(C(F)(F)F)c2)C3)cc1,7.52287874528034,4.448300000000003
COc1ccccc1CN(C)C(=O)c1c(-c2ccccc2)c2ccccc2c(=O)n1C,7.52287874528034,4.4863000000000035
CC(=O)N[C@@H](Cc1ccc(Cl)c(Cl)c1)C(=O)OCc1cc(C)cc(C)c1,7.52287874528034,4.400840000000003
Cc1cc(C)cc(C(=O)N2CC[C@H](NCc3cnc4ccccc4c3)C[C@H]2Cc2ccccc2)c1,7.52287874528034,5.857340000000006
Cc1cc(C)cc(C(=O)N2CC[C@H](NCc3ccnc4ccccc34)C[C@H]2[C@H](C)c2ccccc2)c1,7.51999305704285,6.418340000000007
COc1ccc(OC)c(S(=O)(=O)N2CCC3(CC2)C2C(=O)N(c4ccccc4)C(=O)C2CN3C(=O)c2cc(C(F)(F)F)cc(C(F)(F)F)c2)c1,7.51999305704285,5.226500000000006
O=C1COc2ccc(S(=O)(=O)N3CCC4(CC3)C3C(=O)N(c5ccccc5)C(=O)C3CN4C(=O)c3cc(C(F)(F)F)cc(C(F)(F)F)c3)cc2N1,7.51004152057517,4.540200000000003
COc1ccccc1N1CCN(C(=O)CCc2c(-c3ccc(Cl)cc3)[nH]c3ccccc23)CC1,7.50863830616573,5.778300000000005
COC(=O)CN(Cc1ccccc1OC)CC(Cc1c[nH]c2ccccc12)NC(=O)CN1CCN(c2ccccc2)CC1,7.50863830616573,3.701200000000002
COc1ccc(C2(CCN3CCC(C(=O)c4nc5ccccc5n4Cc4ccc(F)cc4)CC3)CCN(C(=O)c3cc(OC)c(OC)c(OC)c3)C2)cc1OC,7.50863830616573,7.0356000000000085
COc1cccc(CN2CCC(=O)C(C(c3ccc(F)cc3)c3ccc(F)cc3)C2)c1,7.50863830616573,5.196500000000006
C=CCC1(Cc2c[nH]c3ccccc23)OC(=O)N(Cc2cc(C(F)(F)F)cc(C(F)(F)F)c2)C1=O,7.50863830616573,6.241900000000004
N[C@@H]1CC[C@](COCc2cc(C(F)(F)F)cc(C(F)(F)F)c2)(c2ccccc2)C1,7.50863830616573,5.690000000000004
CC1c2ccccc2NC(=O)CN1C(=O)N(C)Cc1cc(C(F)(F)F)cc(C(F)(F)F)c1,7.50003813440381,5.291300000000004
O=C(COc1cc(C(F)(F)F)cc(C(F)(F)F)c1)N(c1ccc(Cl)c(Cl)c1)C1CCNCC1,7.50003813440381,6.195000000000004
C=Cc1ccc(C(COCc2cc(C(F)(F)F)cc(C(F)(F)F)c2)N2CCNCC2)cc1C=C,7.50003813440381,6.1733000000000064
O=C(CCc1cc(C(F)(F)F)cc(C(F)(F)F)c1)N(Cc1ccc(F)cc1)C1CCNCC1,7.50003813440381,5.576700000000005
CN1C(=O)OC2(CCN(CC[C@@](C)(C(=O)N[C@H](Cc3ccccc3)C(=O)NCCO)c3ccc(Cl)c(Cl)c3)CC2)c2cc(F)ccc21,7.50003813440381,5.194000000000004
CO/N=C(\COCc1cc(C)cc(C)c1)C(CCN1CCC(O)(c2ccccc2)CC1)c1ccc(Cl)c(Cl)c1,7.49485002168009,7.286740000000009
Cc1c(C(=O)N(C)Cc2cc(C(F)(F)F)cc(C(F)(F)F)c2)c(-c2ccccc2)cc[n+]1[O-],7.49485002168009,5.605220000000005
CN(CC(Cc1ccccc1)N1CCC(N2CCCCC2)CC1)C(=O)Cc1cc(C(F)(F)F)cc(C(F)(F)F)c1,7.49485002168009,6.286700000000007
CCN1CCC[C@](COCc2cc(C(F)(F)F)cc(C(F)(F)F)c2)(c2ccccc2)CC1,7.49485002168009,6.684600000000007
Cc1cc(C)cc(C(=O)N2CCN(C(=O)CNC3CCN(C(=O)[C@H](N)Cc4ccc(O)cc4)CC3)[C@H](c3ccc(Cl)c(Cl)c3)C2)c1,7.49485002168009,4.4921400000000045
CO/N=C(\COC(=O)Nc1cc(C(F)(F)F)cc(C(F)(F)F)c1)C(CCN1CCC(O)(c2ccccc2)CC1)c1ccc(Cl)c(Cl)c1,7.49485002168009,8.739400000000003
CC(=O)N1Cc2ccccc2C[C@H]1C(=O)N(C)Cc1cc(C(F)(F)F)cc(C(F)(F)F)c1,7.49485002168009,4.656000000000004
Cc1cc(C)cc(CN(C)C(=O)c2c(-c3ccccc3C)c3ccccc3c(=O)n2C)c1,7.49485002168009,5.4029600000000055
CN(Cc1ccccc1Cl)C(=O)c1c(-c2ccc(F)cc2)c2cccnc2c(=O)n1C,7.49485002168009,4.665200000000004
CCOC(=O)C[N+]12CCC(CC1)[C@H](NCc1ccccc1OC)[C@@H]2C(c1ccccc1)c1ccccc1,7.48545224733971,5.157600000000004
CN(C)c1ccc(CNC(COCc2ccccc2)C(=O)N2CCC3(CC2)CN(S(C)(=O)=O)c2ccccc23)cc1,7.48148606012211,3.7676000000000034
CCCCCN(CCCCC)C(=O)[C@H]1CCN(C(=O)N(c2ccccc2)c2ccccc2)[C@H](C(=O)O)C1,7.48148606012211,6.318900000000006
CO/N=C(\COCc1cc(C(F)(F)F)cc(C(F)(F)F)c1)[C@@H](CCN1CCC(O)(c2ccccc2)CC1)c1ccc(Cl)c(Cl)c1,7.48148606012211,8.707500000000003
CO/C=C(\COCc1cc(C(F)(F)F)cc(C(F)(F)F)c1)C(CCN1CCC(O)(c2ccccc2)CC1)c1ccc(Cl)c(Cl)c1,7.48148606012211,9.2354
Fc1cc(F)cc(COC2C3CCN(CC3)C2C(c2ccccc2)c2ccccc2)c1,7.48148606012211,5.776300000000005
COc1ccccc1CN(CC(Cc1c[nH]c2ccccc12)NC(=O)CN1CCCCC1)C(C)=O,7.48148606012211,3.738400000000003
CO/N=C(\CNC(=O)c1ccccc1OC)C(CCN1CCC(O)(c2ccccc2)CC1)c1ccc(Cl)c(Cl)c1,7.48148606012211,5.891700000000007
CO/N=C(\COCc1cc(OC)cc(OC)c1)C(CCN1CCC(O)(c2ccccc2)CC1)c1ccc(Cl)c(Cl)c1,7.48148606012211,6.687100000000009
C[C@H](NC(=O)[C@@](C)(Cc1c[nH]c2ccccc12)NC(=O)OCc1ccccc1Cl)c1ccccc1,7.48004081924793,5.926300000000005
Clc1ccccc1CN[C@H]1C2CCN(CC2)[C@H]1C(c1ccccc1)c1ccccc1,7.47755576649368,5.724500000000005
O=C(NCc1cccnc1)NC[C@H]1CCC[C@H](OCc2cc(C(F)(F)F)cc(C(F)(F)F)c2)[C@@H]1c1ccccc1,7.46852108295775,7.087700000000007
O/N=C(/COCc1cc(C(F)(F)F)cc(C(F)(F)F)c1)C(CCN1CCC(O)(c2ccccc2)CC1)c1ccc(Cl)c(Cl)c1,7.46852108295775,8.535300000000005
COc1ccccc1CN(C[C@@H](Cc1c[nH]c2ccccc12)NC(=O)CCC(=O)c1ccccc1)C(C)=O,7.46852108295775,4.915600000000004
CS(=O)(=O)N1CC2(CCN(C(=O)[C@H](COCc3ccccc3Cl)NCc3ccc(Cl)c(Cl)c3)CC2)c2ccccc21,7.46852108295775,5.661800000000007
CCN(Cc1ccccc1OC)C(=O)c1c(-c2ccccc2C)c2ccccc2c(=O)n1C,7.46852108295775,5.1848200000000055
Cc1ccccc1-c1c(C(=O)N(C)Cc2ccccc2)n(C)c(=O)c2ccccc12,7.46852108295775,4.786120000000004
Clc1cc(COCC2(c3ccccc3)CCNCC2)cc(Cl)n1,7.46852108295775,4.226400000000003
CN(C(=O)c1cc(C(F)(F)F)cc(C(F)(F)F)c1)c1cc(C(=O)NC2CCCCC2)ccc1-c1ccc(F)cc1,7.46852108295775,7.869400000000006
COc1ccccc1CN[C@H]1C2CCCN(CC2)[C@H]1C(c1ccccc1)c1ccccc1,7.46470587995723,5.4698000000000055
C[C@H](NC(=O)[C@@](C)(Cc1c[nH]c2ccccc12)NC(=O)OCc1cccc(Cl)c1)c1ccccc1,7.4600461583436,5.926300000000005
Cc1cc(C)cc(C(=O)N2CCN(C(=O)CNC3CCN(Cc4cc[nH]c4)CC3)[C@H](c3ccc(Cl)c(Cl)c3)C2)c1,7.45593195564972,5.218240000000005
CC(=O)N1CCC[C@H](OCc2cc(C(F)(F)F)cc(C(F)(F)F)c2)[C@@H]1c1ccccc1,7.45593195564972,5.993000000000006
CO/N=C(\COCc1cc(C(F)(F)F)cc(C(F)(F)F)c1)C(CCN1CCC(N2CCCC2)CC1)c1ccc(Cl)c(Cl)c1,7.44369749923271,8.284100000000004
Cc1ccc(C)c(COC2C3CCN(CC3)C2C(c2ccccc2)c2ccccc2)c1,7.44369749923271,6.114940000000007
CS(=O)(=O)N1CC2(CCN(C(=O)[C@H](COCc3ccccc3Cl)NCc3ccccc3)CC2)c2ccccc21,7.44369749923271,4.355000000000004
CN(Cc1ccc2ccccc2c1)C(=O)[C@H](Cc1ccccc1)NC(=O)[C@@H]1CCCN1/C(S)=N/Cc1ccccc1Cl,7.44369749923271,6.129500000000007
CN(Cc1cc(C(F)(F)F)cc(C(F)(F)F)c1)C(=O)c1c(-c2ccccc2)c2ccccc2n2cccc12,7.44369749923271,8.069300000000004
CO/N=C(\COCc1cc(C(F)(F)F)cc(C(F)(F)F)c1)C(CCN1CCC(CN2CCCCC2)CC1)c1ccc(Cl)c(Cl)c1,7.44369749923271,8.921800000000001
FC(F)(F)c1cc(CO[C@H]2CCCN(Cc3ccco3)[C@H]2c2ccccc2)cc(C(F)(F)F)c1,7.44369749923271,7.239700000000005
Brc1ccccc1COC1C2CCN(CC2)C1C(c1ccccc1)c1ccccc1,7.43179827593301,6.2606000000000055
O=C(CN(N1CCC(Cc2ccccc2)CC1)N1CCC(Cc2ccccc2)CC1)N1CCN(Cc2cc(C(F)(F)F)cc(C(F)(F)F)c2)CC1c1ccccc1,7.43179827593301,9.151100000000003
COc1cc(C(=O)N(C)CC(c2cccc3c2OCO3)N2CCC(N3CCCCC3)CC2)cc(OC)c1OC,7.43179827593301,4.204700000000003
Fc1cccc(COC2C3CCN(CC3)C2C(c2ccccc2)c2ccccc2)c1,7.43179827593301,5.637200000000006
CCN(CC)C1CCC(COCc2cc(C(F)(F)F)cc(C(F)(F)F)c2)(c2ccccc2)CC1,7.42021640338319,7.463200000000008
CN(C)/N=C(\COCc1cc(C(F)(F)F)cc(C(F)(F)F)c1)C(CCN1CCC(O)(c2ccccc2)CC1)c1ccc(Cl)c(Cl)c1,7.42021640338319,8.622700000000004
CO/N=C(\COCc1cc(C(F)(F)F)cc(C(F)(F)F)c1)C(CCN1CCC(CN2CCCC(O)C2)CC1)c1ccc(Cl)c(Cl)c1,7.42021640338319,7.892600000000008
COc1ccccc1[C@H](C)C(=O)N1C[C@@H]2[C@H](C1)[C@@](O)(c1ccccc1OC)CSC2(c1ccccc1)c1ccccc1,7.42021640338319,6.460300000000007
CN(Cc1cc(C(F)(F)F)cc(C(F)(F)F)c1)C(=O)c1c(-c2ccccc2)c2ccccc2n2ccnc12,7.42021640338319,7.464300000000004
Ic1cccc(COCC2(c3ccccc3)CCNCC2)c1,7.42021640338319,4.129200000000003
CN(Cc1ccccc1)C(=O)[C@H](Cc1ccccc1)N(C)C(=O)[C@@H]1CCCN1/C(S)=N/Cc1ccccc1Cl,7.42021640338319,5.3185000000000064
CN1C(=O)C2CN(S(=O)(=O)c3ccc4ccccc4c3)C3(CCN(C(=O)c4cc(C(F)(F)F)cc(C(F)(F)F)c4)CC3)C2C1=O,7.41005039867429,4.7877000000000045
CCOCCCNC(=O)CN1CCN(CCC(/C(COCc2cc(C(F)(F)F)cc(C(F)(F)F)c2)=N/OC)c2ccc(Cl)c(Cl)c2)CC1,7.4089353929735,6.8843000000000085
CO/N=C(\COCCc1cc(C(F)(F)F)cc(C(F)(F)F)c1)C(CCN1CCC(O)(c2ccccc2)CC1)c1ccc(Cl)c(Cl)c1,7.4089353929735,8.750000000000002
CC(C)=Cc1cc(C(F)(F)F)cc(COCC2(c3ccc(F)cc3)CCN(C)CC2)n1,7.4089353929735,5.842900000000006
Clc1ccccc1CNC1C2C3CCCC2CN(C3)[C@H]1C(c1ccccc1)c1ccccc1,7.4089353929735,6.360600000000006
COc1ccc(CN[C@@H]2C3CCN(CC3)[C@@H]2c2cccc(Cl)c2)c(OC)c1,7.4089353929735,4.282300000000004
COc1ccccc1CN[C@H]1CCCN[C@]12CCc1ccccc12,7.4000078224159,3.3785000000000016
COC(=O)CN1CCN(C(COCc2cc(C(F)(F)F)cc(C(F)(F)F)c2)c2ccccc2)CC1,7.4000078224159,4.772700000000005
FC(F)(F)c1cc(CO[C@H]2CCCN(Cc3nn[nH]n3)[C@H]2c2ccccc2)cc(C(F)(F)F)c1,7.4000078224159,5.159800000000004
CC(C)c1cccc(C(COCc2cc(C(F)(F)F)cc(C(F)(F)F)c2)N2CCNCC2)c1,7.4000078224159,6.010700000000006
CC1c2ccccc2NCCN1C(=O)N(C)Cc1cc(C(F)(F)F)cc(C(F)(F)F)c1,7.4000078224159,5.764700000000004
CN(C)CCNC(=O)[C@@H](Cc1ccccc1)NC(=O)[C@](C)(CCN1CCC2(CC1)OC(=O)N(C)c1ccc(F)cc12)c1ccc(Cl)c(Cl)c1,7.4000078224159,5.763300000000007
Fc1ccc(C2CCN(C3CCC(CCCc4cc(C(F)(F)F)cc(C(F)(F)F)c4)(c4ccccc4)CC3)CC2)cc1,7.39794000867204,9.946199999999996
O=C(N[C@@H]1CC[C@H](OCc2cc(C(F)(F)F)cc(C(F)(F)F)c2)[C@H]1c1ccccc1)OCc1ccccc1,7.39794000867204,7.482000000000006
CCCCCN(CCCCC)C(=O)N1CCN(C(=O)N(c2ccccc2)c2ccccc2)[C@H](C(=O)NCCCN(CC)CC)C1,7.38721614328026,6.5814000000000075
Cc1cc(-c2ccccc2)c(C(=O)N(C)Cc2cc(C(F)(F)F)cc(C(F)(F)F)c2)c(C)n1,7.38721614328026,6.675240000000004
C[C@@H](OC[C@]1(c2ccccc2)CNC(=O)N1)c1cc(C(F)(F)F)cc(C(F)(F)F)c1,7.38721614328026,5.010100000000003
Cn1c(-c2ccc(Cl)cc2)c(CCC(=O)N2CCC(O)(Cc3ccccc3)CC2)c2cnccc21,7.38721614328026,5.422500000000005
CS(=O)(=O)N1CC2(CCN(C(=O)[C@@H](COCc3ccccc3)NCc3ccc(Cl)c(Cl)c3)CC2)c2ccccc21,7.3767507096021,5.008400000000005
CO/N=C(\CN(C)Cc1cc(C(F)(F)F)cc(C(F)(F)F)c1)C(CCN1CCC(O)(c2ccccc2)CC1)c1ccc(Cl)c(Cl)c1,7.3767507096021,8.622700000000004
COc1ccccc1N1CCN(C(=O)CCc2c3n(c4ccc(C)cc24)C(=O)c2ccccc2-3)CC1,7.3767507096021,4.908620000000004
Cc1cc(C)cc(C(=O)N2CCN(C(=O)CNC3CCN(C(=O)[C@@H](N)c4ccccc4)CC3)[C@H](c3ccc(Cl)c(Cl)c3)C2)c1,7.3767507096021,4.916540000000006
C[C@H](NC(=O)[C@@](C)(Cc1c[nH]c2ccccc12)NC(=O)OCc1ccc(F)c(F)c1)c1ccccc1,7.36997914888659,5.551100000000004
CS(=O)(=O)N1CC2(CCN(C(=O)C(COCc3ccccc3)NC(=O)Cc3ccc(Cl)c(Cl)c3)CC2)c2ccccc21,7.36653154442041,4.577500000000005
CO/N=C(\COCc1cc(C(F)(F)F)cc(C(F)(F)F)c1)C(CCN1CCC(NC(=O)C2CCCCC2)CC1)c1ccc(Cl)c(Cl)c1,7.35654732351381,8.8848
Cc1cc(C)cc(C(=O)N2C3CC(NCc4ccnc5ccccc45)CC2C(c2ccccc2)C3)c1,7.35654732351381,6.1707400000000066
CN1CCC(COCc2cc(C(F)(F)F)cc(Cl)n2)(c2ccc(F)cc2)CC1,7.34678748622466,5.073100000000005
CN(Cc1cc(Cl)cc(Cl)c1)C(=O)CC(c1ccccc1)c1ccccc1,7.34678748622466,6.174000000000006
NC(=O)CN[C@H]1CC[C@@H](OCc2cc(C(F)(F)F)cc(C(F)(F)F)c2)[C@@H]1c1ccccc1,7.34678748622466,4.630500000000004
FC(F)(F)c1cc(COCC2(c3ccccc3)CCC(N3CCOCC3)C2)cc(C(F)(F)F)c1,7.34678748622466,6.063500000000005
CN(Cc1cc(C(F)(F)F)cc(C(F)(F)F)c1)C(=O)c1ccccc1-c1ccccc1Br,7.34678748622466,7.425900000000005
Cc1cccc(NC(=O)N2CCC3(CC2)NC(=O)N(Cc2cc(C(F)(F)F)cc(C(F)(F)F)c2)C3=O)c1,7.33998877871067,5.151120000000004
O=C(NCCc1cc(C(F)(F)F)cc(C(F)(F)F)c1)C(c1ccccc1)c1ccccc1,7.33724216831843,6.215000000000005
O=C1CCN(Cc2ccccc2F)CC1C(c1ccc(F)cc1)c1ccc(F)cc1,7.33724216831843,5.327000000000004
CN(Cc1cc(C(F)(F)F)cc(C(F)(F)F)c1)C(=O)C(c1ccccc1)c1ccccc1,7.32790214206428,6.514700000000005
CO/N=C(\COCc1cc(C(F)(F)F)cc(C(F)(F)F)c1)C(CCN1CCN(CC(=O)N2CCCCC2CO)CC1)c1ccc(Cl)c(Cl)c1,7.32790214206428,6.714900000000009
CN(C)C1CCC(COCc2cc(C(F)(F)F)cc(C(F)(F)F)c2)(c2ccccc2)CC1,7.31875876262441,6.683000000000006
O=C(c1cc(C(F)(F)F)cc(C(F)(F)F)c1)N1CCN(C(=O)CNC2CCN(Cc3ccccc3)CC2)[C@H](c2ccc(Cl)c(Cl)c2)C1,7.31875876262441,7.310900000000007
CN(CCc1c[nH]c2ccccc12)C(=O)[C@H](Cc1ccccc1)NC(=O)[C@@H]1CCCN1/C(S)=N/Cc1ccccc1Cl,7.31875876262441,5.500100000000006
Cc1ccc(C)c(CO[C@H]2C3CCN(CC3)[C@H]2C(c2ccccc2)c2ccccc2)c1,7.31875876262441,6.114940000000007
O=C(CN(N1CCN(Cc2ccccc2)CC1)N1CCN(Cc2ccccc2)CC1)N1CCN(Cc2cc(C(F)(F)F)cc(C(F)(F)F)c2)CC1c1ccccc1,7.31875876262441,6.87730000000001
COc1ccccc1CC(=O)N1CCC(CCN2CCC(C(N)=O)(c3ccccc3)CC2)(c2ccc(Cl)c(Cl)c2)C1,7.31695296176115,5.624000000000005
COc1ccccc1C1=CC2(CCCNC2c2ccccc2)OC1,7.30980391997149,3.9723000000000024
COc1ccccc1CN[C@H]1CCCN[C@H]1C(c1ccccc1)c1ccccc1,7.30980391997149,4.737500000000004
N[C@H](COCc1cc(Cl)cc(Cl)c1)c1ccccc1,7.30980391997149,4.210000000000002
Clc1cncc(Cl)c1N/N=C/c1ccccc1-c1ccccc1Br,7.30980391997149,6.263900000000003
COCO/N=C(\COCc1cc(C(F)(F)F)cc(C(F)(F)F)c1)C(CCN1CCC(O)(c2ccccc2)CC1)c1ccc(Cl)c(Cl)c1,7.30980391997149,8.681600000000003
CO/N=C(\COCc1cc(C(F)(F)F)cc(C(F)(F)F)c1)C(CCN1CCC(CN2CCCC(CO)C2)CC1)c1ccc(Cl)c(Cl)c1,7.30102999566398,8.140200000000007
CO/N=C(\CNCc1cc(C(F)(F)F)cc(C(F)(F)F)c1)C(CCN1CCC(O)(c2ccccc2)CC1)c1ccc(Cl)c(Cl)c1,7.30102999566398,8.280500000000005
O=C(NCc1cc(C(F)(F)F)cc(C(F)(F)F)c1)[C@@H](CCN1CCC2(C=Cc3ccccc32)CC1)c1ccc(F)cc1,7.30102999566398,7.714000000000007
CN1C(=O)OC2(CCN(CCC[C@@H](C(=O)N(C)[C@@H](Cc3ccccc3)C(=O)NCCN)c3ccc(Cl)c(Cl)c3)CC2)c2cc(F)ccc21,7.29998893767789,5.718600000000006
Fc1ccc(N(CCCc2cc(C(F)(F)F)cc(C(F)(F)F)c2)C2CCNCC2)cc1,7.29998893767789,6.054500000000005
Cc1cc(F)ccc1C1CNCC2CN(Cc3cc(C(F)(F)F)cc(C(F)(F)F)c3)C(=O)N21,7.29998893767789,5.122420000000004
COc1ccc(C(COCc2cc(C(F)(F)F)cc(C(F)(F)F)c2)N2CCNCC2)cc1,7.29998893767789,4.895900000000005
CN(Cc1cc(C(F)(F)F)cc(C(F)(F)F)c1)C(=O)c1ccccc1-c1ccccc1,7.29242982390206,6.663400000000005
CN(C)CCCOc1ccccc1CC(=O)N1CC2C(=O)CSC(c3ccccc3)(c3ccccc3)C2C1,7.29242982390206,4.893900000000005
COc1ccccc1CNCC(Cc1c[nH]c2ccccc12)NC(=O)CN1CCN(c2ccccc2)CC1,7.29242982390206,3.815800000000002
CN1CCC(COCc2cc(C(F)(F)F)cc(Cl)n2)(c2ccccc2F)CC1,7.2839966563652,5.073100000000004
CN(Cc1cc(C(F)(F)F)cc(C(F)(F)F)c1)C(=O)c1c(CBr)nc2ccccc2c1-c1ccccc1,7.2839966563652,8.106500000000004
CN(Cc1cc(C(F)(F)F)cc(C(F)(F)F)c1)C(=O)c1c(-c2ccccc2)ccnc1CCl,7.2839966563652,6.797200000000005
Cc1cc(C)cc(C(=O)N2CC[C@H](NCc3ccnc4ccccc34)C[C@H]2Cc2cc(Br)cc(Br)c2)c1,7.2839966563652,7.382340000000007
CC(=O)Nc1nc(CN2CCC(NCC(=O)N3CCN(C(=O)c4cc(C)cc(C)c4)C[C@H]3c3ccc(Cl)c(Cl)c3)CC2)cs1,7.2839966563652,5.305040000000006
CC(=O)N[C@@H](Cc1c[nH]c2ccccc12)C(=O)OCc1cc(C)cc(C)c1,7.2800061736324,3.5753400000000024
FC(F)(F)c1cccc(CO[C@H]2C3CCN(CC3)[C@H]2C(c2ccccc2)c2ccccc2)c1,7.27572413039921,6.516900000000006
CO/N=C(\COCc1cc(C(F)(F)F)cc(C(F)(F)F)c1)C(CCN1CCN(C2CCCCC2)CC1)c1ccc(Cl)c(Cl)c1,7.27572413039921,8.674200000000003
Cc1nc(N2CCN(C)CC2)cc(-c2ccccc2)c1C(=O)NCc1cc(C(F)(F)F)cc(C(F)(F)F)c1,7.27572413039921,5.776420000000005
Cc1c(C(=O)N(C)Cc2cc(C(F)(F)F)cc(C(F)(F)F)c2)c(-c2ccccc2)cc2nncn12,7.27572413039921,6.0145200000000045
CO/N=C(\COCc1cc(OC)c(OC)c(OC)c1)C(CCN1CCC(O)(c2ccccc2)CC1)c1ccc(Cl)c(Cl)c1,7.27572413039921,6.695700000000009
Cc1cc2c(-c3ccccc3)c(NC(=O)N(C)Cc3cc(C(F)(F)F)cc(C(F)(F)F)c3)n(C)c(=O)c2cc1C,7.26760624017703,7.523840000000005
CN(Cc1ccc(Cl)c(Cl)c1)CC(NCc1ccccc1)C(=O)N1CCC2(CC1)CN(S(C)(=O)=O)c1ccccc12,7.26760624017703,4.923600000000004
O=C(c1cccc(Cl)c1)N1CC[C@H](NCc2ccnc3ccccc23)C[C@H]1Cc1ccccc1,7.26760624017703,5.893900000000005
CN(Cc1ccccc1)C(=O)[C@H](Cc1ccccc1)NC(=O)[C@@H](Cc1cn(C=O)c2ccccc12)NC(=O)C[C@@H]1NC(=O)[C@@H]2C3CCC(CC3)N2C1=O,7.26760624017703,2.751100000000002
CCCCCN(CCCCC)C(=O)N1CCN(C(=O)N(c2ccccc2)c2ccccc2)[C@H](C(=O)NCCN(C)C)C1,7.25963731050576,5.411100000000005
Cc1cc(C)cc(COCC(NC(C)C)C(c2ccccc2)c2ccccc2)c1,7.25963731050576,6.018740000000006
CC(C)(C)c1cccc(COCC2(c3ccccc3)CCNCC2)c1,7.25963731050576,4.822100000000004
Cc1ccc(-c2c(C(=O)N(C)Cc3cc(C(F)(F)F)cc(C(F)(F)F)c3)c3nnnn3c3ccccc23)cc1,7.25963731050576,6.562720000000005
Cc1cc(C)cc(COC[C@@H](N)c2ccccc2)c1,7.25963731050576,3.5200400000000016
Cc1cccc(CNC(COCc2ccccc2)C(=O)N2CCC3(CC2)CN(S(C)(=O)=O)c2ccccc23)c1,7.25963731050576,4.0100200000000035
COc1cccc(CN2CCC(=O)C(C(c3ccc(F)cc3)c3ccc(F)cc3)C2)c1OC,7.25963731050576,5.205100000000006
Cn1c(-c2ccc(Cl)cc2)c(CCC(=O)N2CCC(CO)(c3ccccc3)CC2)c2cc(Cl)ccc21,7.25963731050576,6.637400000000006
COc1cccc(COC2C3CCN(CC3)C2C(c2ccccc2)c2ccccc2)c1,7.2518119729938,5.506700000000006
CN(Cc1ccccc1)C(=O)[C@H](Cc1c[nH]c2ccccc12)NC(=O)N1CCC2(CCc3ccccc32)CC1,7.2518119729938,5.427200000000005
CN(Cc1cc(C(F)(F)F)cc(C(F)(F)F)c1)C(=O)CC(c1ccccc1)c1ccccc1,7.2518119729938,6.904800000000005
COc1ccc(CNC(COCc2ccccc2)C(=O)N2CCC3(CC2)CN(S(C)(=O)=O)c2ccccc23)cc1,7.24412514432751,3.710200000000002
Cc1c(C(=O)N(C)Cc2cc(C(F)(F)F)cc(C(F)(F)F)c2)c(-c2ccccc2)cc2nnnn12,7.24412514432751,5.409520000000004
FC(F)(F)c1cccc(COCC2(c3ccccc3)CCNCC2)c1,7.24412514432751,4.543400000000003
CC/C=C(\COCc1cc(C(F)(F)F)cc(C(F)(F)F)c1)C(CCN1CCC(O)(c2ccccc2)CC1)c1ccc(Cl)c(Cl)c1,7.24412514432751,10.041499999999992
O=C1CC(COCc2cc(C(F)(F)F)cc(C(F)(F)F)c2)(c2ccccc2)CCN1,7.24412514432751,5.088800000000004
CCCCCN(CCCCC)C(=O)N1CCN(C(=O)N(c2ccccc2)c2ccccc2)[C@H](C(=O)NCCN)C1,7.24412514432751,4.808200000000003
Clc1ccccc1CNC1C2CC3CCCC(C2)N3[C@H]1C(c1ccccc1)c1ccccc1,7.23657200643706,6.645600000000006
CO/N=C(\CN(C)C(=O)c1ccccc1OC)C(CCN1CCC(O)(c2ccccc2)CC1)c1ccc(Cl)c(Cl)c1,7.23657200643706,6.233900000000008
CS(=O)(=O)N1CC2(CCN(C(=O)C(COCc3ccccc3)NCc3cccc(Cl)c3)CC2)c2ccccc21,7.23657200643706,4.355000000000005
Fc1ccc(C2CCN([C@H]3CC[C@@](COCc4cc(C(F)(F)F)cc(C(F)(F)F)c4)(c4ccccc4)CC3)CC2)cc1,7.22914798835786,9.1401
FC(F)(F)c1cc(CO[C@@H]2OCCN[C@@H]2c2ccccc2)cc(C(F)(F)F)c1,7.22914798835786,4.928000000000003
O=C(Cc1ccccc1)N[C@H]1CCN(C(=O)c2cc(Cl)cc(Cl)c2)[C@H](Cc2ccccc2)C1,7.22184874961636,5.5682000000000045
CC(=O)NCCCCCOC[C@H]1O[C@@H](OCCc2c[nH]c3ccccc23)[C@H](OCc2ccccc2)[C@@H](OCc2ccccc2)[C@@H]1OCc1ccccc1,7.22184874961636,7.531100000000009
CS(=O)(=O)N1CC2(CCN(C(=O)C(COCc3ccccc3)NCc3cccc(Br)c3)CC2)c2ccccc21,7.22184874961636,4.464100000000005
CS(=O)(=O)NC(=O)[C@H](Cc1ccccc1)NC(=O)OCc1ccccc1,7.21752737583371,1.5998999999999992
CO/N=C(\COCc1cc(C(F)(F)F)cc(C(F)(F)F)c1)C(CCN1CCN(C)CC1)c1ccc(Cl)c(Cl)c1,7.21467016498923,6.971300000000006
COc1ccccc1C(CNC(=O)Cc1cc(C)cc(C)c1)N1CCC(N2CCCCC2)CC1,7.21467016498923,4.662340000000005
CN(c1ccccc1C1CCN(C(=O)[C@H](COCc2ccc(Cl)c(Cl)c2)NCc2ccccc2)CC1)S(C)(=O)=O,7.21467016498923,5.470400000000005
CO/N=C(\COCc1cc(C(F)(F)F)cc(C(F)(F)F)c1)C(CCN1CCN(CC(=O)NC2CC2)CC1)c1ccc(Cl)c(Cl)c1,7.20760831050175,6.620100000000007
CC(=O)N1CCC(C(=O)N2CC[C@@H](N(C)C(=O)c3ccc(C4CC4)cc3)[C@H](c3ccc(Cl)c(Cl)c3)C2)CC1,7.20760831050175,5.586000000000006
NCC(=O)N[C@H]1CCN(C(=O)c2cc(C(F)(F)F)cc(C(F)(F)F)c2)[C@H](Cc2ccccc2)C1,7.20760831050175,4.015000000000003
c1ccc(Oc2cccc(COC3C4CCN(CC4)C3C(c3ccccc3)c3ccccc3)c2)cc1,7.20760831050175,7.290400000000007
CN(Cc1cc(C(F)(F)F)cc(C(F)(F)F)c1)C(=O)[C@H]1CN(CC2CCCCC2)C[C@@H]1c1ccccc1,7.20760831050175,6.978500000000007
Clc1cccc(COC2C3CCN(CC3)C2C(c2ccccc2)c2ccccc2)c1,7.20760831050175,6.151500000000006
O=C(N[C@@H](Cc1c[nH]c2ccccc12)C(=O)OCc1cccc(C(F)(F)F)c1)c1ccccc1,7.20760831050175,5.271200000000004
CC(C)C[C@H](NC(=O)CNC(=O)OCc1ccccc1)C(=O)N1Cc2[nH]c3ccccc3c2C[C@H]1C(=O)OCc1cc(C(F)(F)F)cc(C(F)(F)F)c1,7.20065945054642,6.659500000000006
CS(=O)(=O)N1CC2(CCN(C(=O)[C@H](CS(=O)(=O)Cc3ccc(Cl)c(Cl)c3)NCc3ccccc3)CC2)c2ccccc21,7.20065945054642,4.406600000000004
CNC(=O)N1C(=O)N(Cc2cc(C(F)(F)F)cc(C(F)(F)F)c2)C(=O)C1Cc1c[nH]c2ccccc12,7.20065945054642,4.920400000000003
FC(F)(F)c1cc(CCCC2(c3ccccc3)CCNCC2)cc(C(F)(F)F)c1,7.20065945054642,6.368300000000004
CN1C(=O)OC2(CCN(CCC[C@@](C)(C(=O)N[C@H](Cc3ccccc3)C(=O)NCCN)c3ccc(Cl)c(Cl)c3)CC2)c2cc(F)ccc21,7.19997064075587,5.550500000000004
CCOC(=O)N1CCN(C(COCc2cc(C(F)(F)F)cc(C(F)(F)F)c2)c2ccccc2)CC1,7.19997064075587,5.756200000000006
FC(F)(F)c1cc(COCC(c2ccccc2)N2CCN(Cc3nn[nH]n3)CC2)cc(C(F)(F)F)c1,7.19997064075587,4.313000000000003
COc1cc(C(=O)N2CCC(CCN3CCC(C(N)=O)(c4ccccc4)CC3)(c3ccc(Cl)c(Cl)c3)C2)cc(OC)c1C,7.19314197048118,6.012120000000006
COc1cc(C(=O)N2CCC(CCN3CCC(C(N)=O)(c4ccccc4)CC3)(c3ccc(Cl)c(Cl)c3)C2)cc(OC)c1OC(C)C,7.18111458540599,6.490900000000007
O=C(O)CN1CCO[C@H](OCc2cc(C(F)(F)F)cc(C(F)(F)F)c2)[C@@H]1c1ccccc1,7.18045606445813,4.725000000000003
CN1CCC(COCc2cc(Cl)cc(C(F)(F)F)n2)(c2ccccc2)CC1,7.18045606445813,4.934000000000005
CCN(Cc1ccccc1)C(=O)Nc1c(-c2ccccc2)c2cc(C)c(C)cc2c(=O)n1C,7.18045606445813,5.876340000000005
COc1cc(CC(=O)N2CCC(CCN3CCC(C(N)=O)(c4ccccc4)CC3)(c3ccc(Cl)c(Cl)c3)C2)cc(OC)c1OC,7.1791420105603,5.641200000000006
FC(F)(F)c1ccccc1COC1C2CCN(CC2)C1C(c1ccccc1)c1ccccc1,7.17392519729917,6.516900000000006
O=C(O)[C@@H]1CC[C@H](OCc2cc(C(F)(F)F)cc(C(F)(F)F)c2)[C@H]1c1ccccc1,7.17392519729917,5.887800000000005
CC(=O)NC(Cc1c[nH]c2ccccc12)C(=O)OCc1cc(C)cc(C)c1,7.17392519729917,3.5753400000000024
CC(=O)N1CCC(C(=O)N2CC[C@@H](N(C)C(=O)c3ccc(Br)cc3)C(c3ccc(Cl)c(Cl)c3)C2)CC1,7.17392519729917,5.471100000000006
c1ccc(CN[C@H]2C3CC4CCC(C3)N4[C@H]2C(c2ccccc2)c2ccccc2)cc1,7.16998906406388,5.602100000000005
CNc1ccccc1CN[C@H]1C2CCN(CC2)[C@H]1C(c1ccccc1)c1ccccc1,7.16998906406388,5.1128000000000045
COc1ccccc1CN[C@H]1C2CCN(CC2)[C@H]1C(c1ccc(Cl)cc1)c1ccc(Cl)cc1,7.16941133131486,6.386500000000007
CN(Cc1cc(C(F)(F)F)cc(C(F)(F)F)c1)C(=O)Cc1c(-c2ccccc2)c2ccccc2c(=O)n1C,7.16749108729376,6.444200000000005
COC(=O)C(=O)N1CCC[C@H](OCc2cc(C(F)(F)F)cc(C(F)(F)F)c2)[C@@H]1c1ccccc1,7.16749108729376,5.146100000000004
c1ccc(CNC2C3CC4CCC(C3)N4[C@H]2C(c2ccccc2)c2ccccc2)cc1,7.16749108729376,5.602100000000005
CN(C(=O)C(C)(C)c1cc(C(F)(F)F)cc(C(F)(F)F)c1)c1ccccc1-c1ccccc1,7.16749108729376,7.331800000000006
CN(Cc1ccccc1)C(=O)[C@H](Cc1c[nH]c2ccccc12)NC(=O)N1CCC2(C=Cc3ccccc32)CC1,7.16749108729376,5.507800000000005
CO/N=C(\COCc1cc(C(F)(F)F)cc(C(F)(F)F)c1)C(CCN1CCC(CN2CCCC(Cc3ccccc3)C2=O)CC1)c1ccc(Cl)c(Cl)c1,7.16115090926274,9.917199999999996
COc1cc(OC)cc(C(=O)N2CCC(CCN3CCC(C(N)=O)(c4ccccc4)CC3)(c3ccc(Cl)c(Cl)c3)C2)c1,7.15552282425432,5.703700000000005
Cc1cc(C)cc(C(=O)N2CCN(C(=O)CNC3CCN(C(=O)[C@H](N)Cc4c[nH]c5ccccc45)CC3)[C@H](c3ccc(Cl)c(Cl)c3)C2)c1,7.15490195998574,5.267840000000006
CN(Cc1nn[nH]n1)[C@H](COCc1cc(C(F)(F)F)cc(C(F)(F)F)c1)c1ccccc1,7.15490195998574,4.627200000000003
CO/N=C(\COCc1cc(C(F)(F)F)cc(C(F)(F)F)c1)C(CCN1CCN(c2ncccn2)CC1)c1ccc(Cl)c(Cl)c1,7.15490195998574,7.336100000000005
CO/N=C(\COCc1ccc(F)c2ccccc12)C(CCN1CCC(O)(c2ccccc2)CC1)c1ccc(Cl)c(Cl)c1,7.15490195998574,7.962200000000007
CC(=O)N(C)C1CCN(CCC(C)(C(=O)N(C)Cc2ccccc2Cl)c2ccc(Cl)c(Cl)c2)CC1,7.14935376481693,5.895900000000006
COc1cccc(CNC(COCc2ccccc2)C(=O)N2CCC3(CC2)CN(S(C)(=O)=O)c2ccccc23)c1,7.14874165128092,3.710200000000003
O=C(Nc1ccccc1)N[C@H]1CCN(C(=O)c2cc(Cl)cc(Cl)c2)[C@H](Cc2ccccc2)C1,7.14266750356873,6.031000000000005
CCCCCN(CCCCC)C(=O)[C@@H]1CCN(C(=O)N(c2ccccc2)c2ccccc2)[C@H](C(=O)NCCN(C)Cc2ccccc2OC)C1,7.13667713987954,7.491100000000008
COc1ccccc1C(=O)N1CCC(CCN2CCC(C(N)=O)(c3ccccc3)CC2)(c2ccc(Cl)c(Cl)c2)C1,7.1331221856625,5.695100000000005
FC(F)(F)c1cc(COCC2(c3ccccc3)CCC(NC3CC3)CC2)cc(C(F)(F)F)c1,7.13076828026902,6.873400000000005
FC(F)(F)c1cc(Cl)cc(COCC2(c3ccccc3)CCNCC2)n1,7.13076828026902,4.5918000000000045
FC(F)(F)c1cc(COC[C@@]2(c3ccccc3)CCCN(Cc3ccccc3)CC2)cc(C(F)(F)F)c1,7.13076828026902,7.864900000000007
O=C1NC2(CCN(S(=O)(=O)CCc3cccc4ccccc34)CC2)C(=O)N1Cc1cc(C(F)(F)F)cc(C(F)(F)F)c1,7.13000599987826,5.336300000000005
CO/N=C(\C(C)OCc1cc(C(F)(F)F)cc(C(F)(F)F)c1)C(CCN1CCC(O)(c2ccccc2)CC1)c1ccc(Cl)c(Cl)c1,7.1249387366083,9.096000000000002
NC(COCc1cccc(Cl)c1)C(c1ccccc1)c1ccccc1,7.1249387366083,5.016000000000004
c1ccc(CO[C@H]2C3CCN(CC3)[C@H]2C(c2ccccc2)c2ccccc2)cc1,7.11998716163323,5.498100000000005
Cc1noc(C)c1S(=O)(=O)N1CCC2(CC1)C1C(=O)N(c3ccccc3)C(=O)C1CN2C(=O)c1cc(C(F)(F)F)cc(C(F)(F)F)c1,7.11998716163323,4.8141400000000045
N[C@H](COCc1cccc(Cl)c1)C(c1ccccc1)c1ccccc1,7.11998716163323,5.016000000000004
COc1ccc(CN2CCC(=O)C(C(c3ccc(F)cc3)c3ccc(F)cc3)C2)cc1,7.11350927482752,5.196500000000005
CC(=O)NC1(c2ccccc2)CCN(C(=O)N[C@@H](Cc2c[nH]c3ccccc23)C(=O)N(C)Cc2ccccc2)CC1,7.11350927482752,4.574600000000004
NC(COCc1cccc(I)c1)C(c1ccccc1)c1ccccc1,7.11350927482752,4.967200000000004
CN(Cc1ccccc1)C(=O)[C@H](Cc1ccccc1)NC(=O)[C@@H]1CCCN1/C(S)=N/Cc1ccccc1[N+](=O)[O-],7.11013827874181,4.231100000000003
CC(=O)N1CCC(C(=O)N2CC[C@@H](N(C)C(=O)c3ccc(Cl)cc3)[C@H](c3ccc(Cl)c(Cl)c3)C2)CC1,7.10790539730952,5.362000000000005
CN(Cc1ccccc1)C(=O)[C@H](Cc1ccccc1)NC(=O)[C@@H]1CCCN1/C(S)=N/Cc1cc(C(F)(F)F)cc(C(F)(F)F)c1,7.10457745396059,6.360500000000007
CS(=O)(=O)N1CC2(CCN(C(=O)C(COCc3ccccc3)NCc3cc(Cl)cc(Cl)c3)CC2)c2ccccc21,7.10237290870956,5.008400000000005
CN(C(=O)c1ccc(Cl)cc1)[C@@H]1CCN(C(=O)C2CCN(C(=O)CO)CC2)C[C@H]1c1ccc(Cl)c(Cl)c1,7.10237290870956,4.334400000000004
Cc1cccc(CN(C(=O)COc2cc(C(F)(F)F)cc(C(F)(F)F)c2)C2CCNCC2)c1,7.10001543745061,5.192220000000005
Fc1ccc(C(COCc2cc(C(F)(F)F)cc(C(F)(F)F)c2)N2CCNCC2)cc1,7.10001543745061,5.026400000000005
CN(CCN1CCOCC1)C(=O)[C@@H](NC(=O)C(C)(C)c1cc(C(F)(F)F)cc(C(F)(F)F)c1)c1ccccc1,7.10001543745061,4.649900000000004
Cc1cc(C)cc(COCC(N)C2c3ccccc3C=Cc3ccccc32)c1,7.09691001300806,5.463240000000004
CS(=O)(=O)N1CC2(CCN(C(=O)C(COCc3ccccc3)NCc3ccccc3)CC2)c2ccccc21,7.09691001300806,3.7016000000000036
CC(=O)N1CCC(C(=O)N2CC[C@@H](N(C)C(=O)c3ccc(C(F)(F)F)cc3)[C@H](c3ccc(Cl)c(Cl)c3)C2)CC1,7.09691001300806,5.7274000000000065
CN(Cc1ccccc1)C(=O)[C@H](Cc1ccccc1)NC(=O)[C@@H]1CCCN1C(=S)Nc1ccccc1,7.09691001300806,4.233900000000003
Clc1ccccc1COC1C2CCN(CC2)C1C(c1ccccc1)c1ccccc1,7.09691001300806,6.151500000000006
COc1ccccc1CN(C[C@H](Cc1c[nH]c2ccccc12)NC(=O)CN1CCN(C2CCCCC2)CC1)C(C)=O,7.09205147838773,4.202800000000003
O=C(Cc1cc(C(F)(F)F)cc(C(F)(F)F)c1)NCC(Cc1ccccc1)N1CCC(N2CCCCC2)CC1,7.09151498112135,5.944500000000005
CCO/N=C(\COCc1cc(C(F)(F)F)cc(C(F)(F)F)c1)C(CCN1CCC(O)(c2ccccc2)CC1)c1ccc(Cl)c(Cl)c1,7.09151498112135,9.097600000000002
CO/N=C(\COc1cc(C(F)(F)F)cc(C(F)(F)F)c1)C(CCN1CCC(O)(c2ccccc2)CC1)c1ccc(Cl)c(Cl)c1,7.09151498112135,8.569700000000005
Cc1cc(C)cc(COC[C@@H](Nc2ccccc2)C(c2ccccc2)c2ccccc2)c1,7.09001630506016,7.132840000000007
COc1ccccc1-c1[nH]c2ccc(C)cc2c1CCC(=O)N1CCN(c2ccccc2OC)CC1,7.08618614761628,5.441920000000005
Fc1ccc(C2CCN([C@H]3CC[C@@](CNCc4cc(C(F)(F)F)cc(C(F)(F)F)c4)(c4ccccc4)CC3)CC2)cc1,7.08618614761628,8.713100000000004
CO/N=C(\COCc1cc(C(F)(F)F)cc(C(F)(F)F)c1)C(CCN1CCN(CC(=O)N(C(C)C)C(C)C)CC1)c1ccc(Cl)c(Cl)c1,7.08618614761628,7.986900000000009
Cc1cc(C)cc(COCC(NCc2ccccc2)C(c2ccccc2)c2ccccc2)c1,7.08618614761628,6.810540000000007
CO/N=C(\COCc1cc(C(F)(F)F)cc(C(F)(F)F)c1)C(CCN1CCN(CC(=O)N2CCCCC2)CC1)c1ccc(Cl)c(Cl)c1,7.08618614761628,7.354000000000008
CN(C)c1ccccc1CC(=O)N1CC2C(=O)CSC(c3ccccc3)(c3ccccc3)C2C1,7.08092190762393,4.629400000000005
FC(F)(F)c1ccccc1COCC1(c2ccccc2)CCNCC1,7.07572071393812,4.543400000000004
CN(C(=O)c1ccc(Br)cc1)[C@@H]1CCN(C(=O)C2CCN(C(=O)CO)CC2)C[C@H]1c1ccc(Cl)c(Cl)c1,7.07572071393812,4.443500000000004
O=C(O)CN1CCC[C@H](OCc2cc(C(F)(F)F)cc(C(F)(F)F)c2)[C@@H]1c1ccccc1,7.07058107428571,5.531100000000004
CCN(Cc1ccccc1OC)CC(Cc1c[nH]c2ccccc12)NC(=O)CN1CCN(c2ccccc2)CC1,7.07058107428571,4.548100000000004
CN(Cc1ccccc1)C(=O)[C@H](Cc1ccccc1)NC(=O)[C@@H](Cc1cn(C(=O)CCC(=O)O)c2ccccc12)NC(=O)C[C@@H]1NC(=O)[C@@H]2C3CCC(CC3)N2C1=O,7.07058107428571,3.217800000000003
O=C(Cc1cc(C(F)(F)F)cc(C(F)(F)F)c1)N[C@]1(c2ccccc2)CC[C@@H](N2CCC(c3ccc(F)cc3)CC2)CC1,7.07058107428571,8.239700000000006
CN(C(=O)c1cc(C(F)(F)F)cc(C(F)(F)F)c1)[C@H](/C=C/C(=O)N[C@H]1CCCCNC1=O)Cc1ccc(Cl)cc1,7.06550154875643,5.4020000000000055
N#Cc1ccccc1COC1C2CCN(CC2)C1C(c1ccccc1)c1ccccc1,7.06550154875643,5.369780000000006
COc1ccc(CN[C@H]2C3CCCN(CC3)[C@H]2C(c2ccccc2)c2ccccc2)c(OC)c1,7.06398920428479,5.478400000000006
COC(=O)N[C@@H](Cc1c[nH]c2ccccc12)C(=O)OCc1cc(C)cc(C)c1,7.06048074738138,3.7952400000000024
COc1ccccc1N1CCN(C(=O)CCc2c(-c3ccccc3)[nH]c3ccc(F)cc23)CC1,7.06048074738138,5.264000000000005
FC(F)(F)c1cc(C2OC2[C@@H]2OCCN[C@@H]2c2ccccc2)cc(C(F)(F)F)c1,7.06048074738138,4.893800000000003
CS(=O)(=O)N1CC2(CCN(C(=O)C(COCc3ccccc3)NS(=O)(=O)c3ccc(Cl)c(Cl)c3)CC2)c2ccccc21,7.05551732784983,4.197100000000004
O=C1NC[C@](COCc2cc(C(F)(F)F)cc(C(F)(F)F)c2)(c2ccc(F)cc2)N1,7.05060999335509,4.588200000000003
COc1ccccc1N1CCN(C(=O)CCc2c(-c3ccccc3Br)[nH]c3ccc(C)cc23)CC1,7.05060999335509,6.1958200000000065
COc1cc(COCC2(c3ccccc3)CCNCC2)cc(OC)c1,7.04575749056068,3.541800000000002
Cc1nc(Cl)cc(-c2ccccc2)c1C(=O)N(C)Cc1cc(C(F)(F)F)cc(C(F)(F)F)c1,7.04095860767891,7.0202200000000055
Cc1cc(C)cc(C(=O)N2CCN(C(=O)CNC3CCN(Cc4ncc[nH]4)CC3)[C@H](c3ccc(Cl)c(Cl)c3)C2)c1,7.03621217265444,4.613240000000004
COc1cc(OC)cc(C(=O)N2CC[C@H](NCc3ccnc4ccccc34)C[C@H]2Cc2ccccc2)c1,7.03621217265444,5.257700000000005
CO/N=C(\CCCc1cc(C(F)(F)F)cc(C(F)(F)F)c1)C(CCN1CCC(O)(c2ccccc2)CC1)c1ccc(Cl)c(Cl)c1,7.03621217265444,9.513599999999997
Cc1cc(C)cc(COCC(NCC2CC2)C(c2ccccc2)c2ccccc2)c1,7.03151705144607,6.020340000000006
O=C(c1ccccc1)N1CCN(C(=O)CNC2CCN(Cc3ccccc3)CC2)C(c2ccc(Cl)c(Cl)c2)C1,7.03151705144607,5.273300000000005
Cc1cc(C)cc(COCC(N)C2c3ccccc3CCc3ccccc32)c1,7.03151705144607,5.078040000000005
C[C@H](OC[C@@]1(c2ccccc2)CNC(=O)N1)c1cc(C(F)(F)F)cc(C(F)(F)F)c1,7.03151705144607,5.010100000000003
Clc1cncc(Cl)c1N/N=C/c1ccccc1-c1c(Cl)cccc1Cl,7.03151705144607,6.808200000000003
FC(F)(F)c1cc(COCC2(c3ccccc3)CCC(N3CCCCC3)CC2)cc(C(F)(F)F)c1,7.03151705144607,7.607300000000006
Fc1ccccc1COC1C2CCN(CC2)C1C(c1ccccc1)c1ccccc1,7.03151705144607,5.637200000000005
CO/N=C(\COCc1cc(F)cc(C(F)(F)F)c1)C(CCN1CCC(O)(c2ccccc2)CC1)c1ccc(Cl)c(Cl)c1,7.01772876696043,7.827800000000008
COc1ccccc1N1CCN(C(=O)CCc2c(-c3ccc(Cl)cc3)n(Cc3ccccc3)c3ccc(Cl)cc23)CC1,7.01772876696043,7.9534000000000065
O=C1CCN(Cc2ccccc2)CC1C(c1ccc(Cl)cc1)c1ccc(Cl)cc1,7.01322826573376,6.216500000000005
O=C1CCN(Cc2ccccc2)CC1C(c1ccc(F)cc1)c1ccc(F)cc1,7.01322826573376,5.187900000000005
O=C1CCN(Cc2ccccc2)CC1C(c1ccccc1)c1ccccc1,7.01322826573376,4.909700000000004
COc1ccc(COC(=O)N[C@](C)(Cc2c[nH]c3ccccc23)C(=O)N[C@@H](C)c2ccccc2)cc1OC,7.0100165416986,5.290100000000004
Cc1nccc(-c2ccccc2)c1C(=O)N(C)Cc1cc(C(F)(F)F)cc(C(F)(F)F)c1,7.00877392430751,6.366820000000004
Fc1ccc([C@@H]2NCCOC23COC[C@H](c2ccccc2)C3)cc1,7.00436480540245,3.4295000000000027
COc1ccccc1COC(=O)[C@H](Cc1c[nH]c2ccccc12)NC(=O)c1ccccc1,7.0,4.261000000000003
C=C1CN2CCC[C@H](NCc3ccccc3OC)[C@@]2(c2ccccc2)C1,7.0,4.104600000000003
COc1ccccc1CNCC1(c2ccccc2)CCNCC1,7.0,3.106200000000001
COc1ccccc1CN[C@H]1CCCN2CCC[C@]12c1ccccc1,7.0,3.938500000000003
CC(C)(C)c1cc(COCC(c2ccccc2)N2CCNCC2)cc(C(C)(C)C)c1,7.0,5.444700000000005
Cc1cc(F)ccc1[C@@H]1CN(C(=O)C(N)=O)CC[C@H]1C(=O)N(C)Cc1cc(C(F)(F)F)cc(C(F)(F)F)c1,7.0,4.247720000000003
C=CCO/N=C(\COCc1cc(C(F)(F)F)cc(C(F)(F)F)c1)C(CCN1CCC(O)(c2ccccc2)CC1)c1ccc(Cl)c(Cl)c1,7.0,9.2637
COc1ccc(-n2nnnc2C(F)(F)F)cc1CN[C@@H]1CCN(C(=O)CNC(C)=O)C[C@@H]1c1ccccc1,7.0,2.3000999999999996
CC(C)(C(=O)N[C@H](C(=O)NCCN1CCOCC1)c1ccccc1)c1cc(C(F)(F)F)cc(C(F)(F)F)c1,7.0,4.307700000000005
Clc1ccc(COCC(c2ccccc2)N2CCNCC2)cc1Cl,7.0,4.156500000000003
O=C(NCc1cc(C(F)(F)F)cc(C(F)(F)F)c1)[C@@H](NCCN1CCCCC1)c1ccsc1,7.0,5.218700000000005
N[C@H]1CC[C@@H](OCc2cc(C(F)(F)F)cc(C(F)(F)F)c2)[C@@H]1c1ccccc1,7.0,5.514300000000004
O=C(CCc1cc(C(F)(F)F)cc(C(F)(F)F)c1)N(Cc1ccccc1Cl)C1CCNCC1,7.0,6.0910000000000055
CO/N=C(\COCc1noc(C(C)(C)C)n1)C(CCN1CCC(O)(c2ccccc2)CC1)c1ccc(Cl)c(Cl)c1,7.0,6.3504000000000085
O=C(COc1cc(Cl)cc(Cl)c1)N(c1ccc(Cl)c(Cl)c1)C1CCNCC1,7.0,5.4642000000000035
Cc1cc(C)cc(OCC(=O)N(Cc2cccc(Cl)c2)C2CCNCC2)c1,7.0,4.116440000000003
Cc1cc(C)cc(C(=O)N2CC[C@H](NCc3ccnc4ccccc34)C[C@H]2Cc2ccc(C(N)=O)cc2)c1,7.0,4.956240000000004
CS(=O)(=O)N1CC2(CCN(C(=O)C(COCc3ccccc3)NCc3ccc(Cl)cc3Cl)CC2)c2ccccc21,7.0,5.008400000000005
CN(C)CCO/N=C(\COCc1cc(C(F)(F)F)cc(C(F)(F)F)c1)C(CCN1CCC(O)(c2ccccc2)CC1)c1ccc(Cl)c(Cl)c1,6.98716277529483,8.639300000000004
CNC(=O)N[C@@H](Cc1c[nH]c2ccccc12)C(=O)OCc1cc(C)cc(C)c1,6.98716277529483,3.368240000000002
FC(F)(F)c1cc(COC2C3CCN(CC3)C2Cc2ccccc2)cc(C(F)(F)F)c1,6.98716277529483,5.946300000000004
COc1ccccc1N1CCN(C(=O)CCc2c(-c3ccc(Cl)cc3)n(CC3CC3)c3ccc(Cl)cc23)CC1,6.98716277529483,7.315100000000007
Fc1ccc(F)c(COC2C3CCN(CC3)C2C(c2ccccc2)c2ccccc2)c1,6.97469413473523,5.776300000000005
COc1cccc(C(=O)N2CCC(CCN3CCC(C(N)=O)(c4ccccc4)CC3)(c3ccc(Cl)c(Cl)c3)C2)c1,6.97061622231479,5.695100000000005
Cc1cc(C)cc(COC2C3CCN(CC3)C2Cc2ccccc2)c1,6.97061622231479,4.525540000000005
N#Cc1cccc(CN2CCC3(CC2)NC(=O)N(Cc2cc(C(F)(F)F)cc(C(F)(F)F)c2)C3=O)c1,6.97000782462215,4.682480000000004
O=C(c1ccccc1)N1CCCC(CCCN2CCC3(CC2)CN(c2ccccc2)NC3=O)(c2ccc(Cl)c(Cl)c2)C1,6.96657624451305,6.581200000000007
CN1CCCC[C@](COCc2cc(C(F)(F)F)cc(C(F)(F)F)c2)(c2ccccc2)C1,6.95860731484178,6.294500000000006
FC(F)(F)c1cc(CO[C@H]2CCCN(Cc3ccccc3)[C@H]2c2ccccc2)cc(C(F)(F)F)c1,6.95860731484178,7.646700000000006
O=C(c1cccc2ccccc12)N1CC[C@H](NCc2ccnc3ccccc23)C[C@H]1Cc1ccccc1,6.95860731484178,6.393700000000006
c1ccc(COC2C3CCN(CC3)C2C(c2ccccc2)c2ccccc2)cc1,6.95860731484178,5.498100000000005
COc1ccc(OC)c(C(CNC(=O)Cc2cc(C(F)(F)F)cc(C(F)(F)F)c2)N2CCC(N3CCCCC3)CC2)c1,6.95860731484178,6.0917000000000066
CN(Cc1c(-c2ccccc2)c2ccccc2c(=O)n1C)C(=O)Cc1cc(C(F)(F)F)cc(C(F)(F)F)c1,6.95860731484178,6.444200000000004
CN(Cc1ccccc1)C(=O)Nc1c(-c2ccccc2)c2ccccc2c(=O)n1C,6.95860731484178,4.869400000000004
O=C(CC(c1ccccc1)c1ccccc1)NCCc1cc(C(F)(F)F)cc(C(F)(F)F)c1,6.95078197732982,6.605100000000004
COc1cc(C(=O)N2CCN(C(=O)CNC3CCN(Cc4ccccc4)CC3)C(c3ccc(Cl)c(Cl)c3)C2)cc(OC)c1OC,6.95078197732982,5.299100000000006
CO/N=C(\COCc1cc(C(F)(F)F)cc(C(F)(F)F)c1)C(CCN1CCC(CNC(=O)c2ccccc2)CC1)c1ccc(Cl)c(Cl)c1,6.95078197732982,8.8659
CO/N=C(\COCc1cc(F)cc(F)c1)C(CCN1CCC(O)(c2ccccc2)CC1)c1ccc(Cl)c(Cl)c1,6.94692155651658,6.948100000000007
CO/N=C(\COCc1cc(C(F)(F)F)cc(C(F)(F)F)c1)C(CCN1CCN(CC(=O)N(C)C2CCCCC2)CC1)c1ccc(Cl)c(Cl)c1,6.94692155651658,8.132600000000007
CN(CC(c1ccccc1)c1ccccc1)C(=O)Cc1cc(C(F)(F)F)cc(C(F)(F)F)c1,6.94309514866353,6.557200000000004
CO/N=C(\COCc1ccccn1)C(CCN1CCC(O)(c2ccccc2)CC1)c1ccc(Cl)c(Cl)c1,6.93930215964639,6.064900000000008
CCOC(=O)C1CCCN(C2CCN(CCC(/C(COCc3cc(C(F)(F)F)cc(C(F)(F)F)c3)=N/OC)c3ccc(Cl)c(Cl)c3)CC2)C1,6.93181413825384,8.463400000000005
FC(F)(F)c1cc(COCC2(c3ccccc3)CCC(N3CCCC3)CC2)cc(C(F)(F)F)c1,6.92081875395238,7.217200000000005
CN1CCN(C2CCC(COCc3cc(C(F)(F)F)cc(C(F)(F)F)c3)(c3ccccc3)CC2)CC1,6.92081875395238,6.3688000000000065
CCOC(=O)N(c1ccccc1)C1CCN(CCn2c(=O)n(C3CC3)c3ccccc32)CC1,6.92081875395238,4.265400000000004
Cc1cc(C)cc(COC2/C(=C\c3ccccc3)N3CCC2CC3)c1,6.92081875395238,4.955340000000004
CS(=O)(=O)N1CC2(CCN(C(=O)C(COCc3ccccc3)NCc3cccc([N+](=O)[O-])c3)CC2)c2ccccc21,6.92081875395238,3.6098000000000035
NCCCCCOC[C@H]1O[C@@H](OCCc2c[nH]c3ccccc23)[C@H](OCc2ccccc2)[C@@H](OCc2ccccc2)[C@@H]1OCc1ccccc1,6.92081875395238,7.353700000000009
O=C(OC[C@]1(c2ccccc2)CC[C@H](N2CCC(c3ccc(F)cc3)CC2)CC1)c1cc(C(F)(F)F)cc(C(F)(F)F)c1,6.92081875395238,8.780300000000002
CN(C(=O)CC(c1ccccc1)c1ccccc1)c1cc(C(F)(F)F)cc(C(F)(F)F)c1,6.91721462968355,6.909200000000005
Cc1cc(C)cc(COC(=O)[C@H](Cc2c[nH]c3ccccc23)[N+](C)(C)C)c1,6.90308998699194,4.145440000000003
FC(F)(F)c1cc(CO[C@@H]2C3CCN(CC3)[C@H]2C(c2ccccc2)c2ccccc2)cc(C(F)(F)F)c1,6.90308998699194,7.5357000000000065
CO/N=C(\COCc1cc(C(F)(F)F)cc(C(F)(F)F)c1)C(CCN1CCN(CC(=O)Nc2ccccc2)CC1)c1ccc(Cl)c(Cl)c1,6.90308998699194,7.980200000000006
CO/N=C(\COCc1cc(C(F)(F)F)cc(C(F)(F)F)c1)C(CCN1CCN(CC(=O)N2CCc3ccccc3C2)CC1)c1ccc(Cl)c(Cl)c1,6.90308998699194,7.926400000000008
O=C(COc1cc(C(F)(F)F)cc(C(F)(F)F)c1)N(Cc1ccccc1Cl)C1CCNCC1,6.90000876645532,5.537200000000005
O=C(COc1cc(Cl)cc(Cl)c1)N(Cc1cccc(Cl)c1)C1CCNCC1,6.90000876645532,4.8064000000000044
Fc1ccc(CN(CCCc2cc(C(F)(F)F)cc(C(F)(F)F)c2)C2CCNCC2)cc1,6.90000876645532,6.050100000000006
CN1C(=O)OC2(CCN(CC[C@@H](C(=O)N(C)[C@@H](Cc3ccccc3)C(=O)NCCN)c3ccc(Cl)c(Cl)c3)CC2)c2cc(F)ccc21,6.90000876645532,5.3285000000000045
O=C1C[C@@H](NC(=O)CN2CCC(N3CCOCC3)CC2)C(=O)NC[C@@H](Cc2ccccc2)NC(=O)[C@H](Cc2ccccc2)NC(=O)[C@H](Cc2c[nH]c3ccccc23)N1,6.90000876645532,1.4515000000000096
CN(Cc1ccccc1)C(=O)[C@H](Cc1ccccc1)NC(=O)[C@@H]1CCCC[C@@H]1NC(=O)c1c[nH]c2ccccc12,6.90000876645532,4.842600000000004
CN1C(=O)OC2(CCN(CC[C@@](C)(C(=O)N[C@@H](Cc3ccccc3)C(=O)NCCN)c3ccc(Cl)c(Cl)c3)CC2)c2cc(F)ccc21,6.90000876645532,5.160400000000004
COc1cc(COCC(c2ccccc2)N2CCNCC2)cc(OC)c1OC,6.90000876645532,2.8755000000000015
CC(=O)N(CCc1ccccc1)CC(Cc1c[nH]c2ccccc12)NC(=O)CN1CCN(c2ccccc2)CC1,6.89962945488244,4.108600000000003
N#Cc1cccc(COC2C3CCN(CC3)C2C(c2ccccc2)c2ccccc2)c1,6.89619627904404,5.369780000000006
CN(Cc1ccccc1)C(=O)[C@H](Cc1ccccc1)NC(=O)[C@@H](Cc1cn(C)c2ccccc12)NC(=O)C[C@@H]1NC(=O)[C@@H]2C3CCC(CC3)N2C1=O,6.89619627904404,3.249800000000003
COc1ccc(C(=O)N2CCC(CCN3CCC(C(N)=O)(c4ccccc4)CC3)(c3ccc(Cl)c(Cl)c3)C2)c(OC)c1,6.89619627904404,5.703700000000006
Cc1cc(C)cc(CO[C@@H]2/C(=C\c3ccccc3)N3CCC2CC3)c1,6.89001670518011,4.955340000000004
CCCCCN(CCCCC)C(=O)N1CCN(C(=O)N(c2ccccc2)c2ccccc2)[C@H](C(=O)O)C1,6.88605664769316,5.817900000000005
COc1ccccc1C(CNC(=O)Cc1cc(C(F)(F)F)cc(C(F)(F)F)c1)N1CCC(O)(c2ccccc2)CC1,6.88605664769316,6.116400000000007
CC(=O)NC1(c2ccccc2)CCN(C[C@@H]2C[C@@]2(C(=O)N(C)Cc2ccccc2)c2ccc(Cl)c(Cl)c2)CC1,6.88605664769316,6.037100000000007
O=C(NCc1cc(C(F)(F)F)cc(C(F)(F)F)c1)C1(c2ccccc2)CCNCC1,6.88605664769316,4.661800000000004
Cc1ccc(-c2c(C(=O)N(C)[C@H](C)c3ccccc3)n(C)c(=O)c3ncccc23)cc1,6.88605664769316,4.742120000000004
COc1ccccc1C(CNC(=O)Cc1cccc(OC(C)C)c1)N1CCN(C2CCCCC2)CC1,6.88605664769316,4.832700000000005
Cc1cc(C)cc(C(=O)N2CC[C@@H](NCc3ccnc4ccccc34)C[C@@H]2Cc2ccccc2)c1,6.88605664769316,5.857340000000006
O=C(Cc1cc(C(F)(F)F)cc(C(F)(F)F)c1)NCC(C(c1ccccc1)c1ccccc1)N1CCC(N2CCCCC2)CC1,6.88605664769316,7.533900000000009
CSc1ccc(N2C(=O)NC3(CCN(C(=O)c4cc(C(F)(F)F)cc(C(F)(F)F)c4)CC3)C2=O)cc1,6.87998574792193,5.177300000000004
Cc1cc(C)cc(COC(=O)[C@H](Cc2c[nH]c3ccccc23)NC(=O)OC(C)(C)C)c1,6.87614835903291,4.9639400000000045
c1ccc([C@H]2COC3(CCCN[C@H]3c3ccccc3)C2)cc1,6.87614835903291,4.054000000000003
COc1cc(C)cc(COC[C@@H](N)c2ccccc2)c1,6.86966623150499,3.220220000000001
CN1CCN(C(=O)CNC2CCN(Cc3ccccc3)CC2)C(c2ccccc2)C1,6.86966623150499,2.7559000000000013
CO/N=C(\COCc1cc(C(F)(F)F)cc(C(F)(F)F)c1)C(CCN1CCN(CC(=O)NC2CCc3ccccc32)CC1)c1ccc(Cl)c(Cl)c1,6.86646109162978,8.145200000000006
CO/N=C(\COCc1cc(C(F)(F)F)cc(C(F)(F)F)c1)C(CCN1CCN(CC(=O)N2CCCC3CCCCC32)CC1)c1ccc(Cl)c(Cl)c1,6.86646109162978,8.522700000000006
O=C(Cc1cc(C(F)(F)F)cc(C(F)(F)F)c1)N1CCN(C(=O)CNC2CCN(Cc3ccccc3)CC2)C(c2ccccc2)C1,6.86646109162978,5.933000000000006
CC(C)Oc1cccc(CC(=O)N2CCC(CCN3CCC(C(N)=O)(c4ccccc4)CC3)(c3ccc(Cl)c(Cl)c3)C2)c1,6.86012091359876,6.402600000000007
CC(=O)N[C@@H](Cc1ccc2ccccc2c1)C(=O)OCc1cc(C)cc(C)c1,6.86012091359876,4.247240000000003
O=C(c1cc(C(F)(F)F)cc(C(F)(F)F)c1)N1CCC2(CC1)NC(=O)N(Cc1cccc(-c3ccccc3)c1)C2=O,6.85999504938055,6.118000000000005
CN(C(=O)c1ccc(C(F)(F)F)cc1)[C@@H]1CCN(C(=O)C2CCN(C(=O)CO)CC2)C[C@H]1c1ccc(Cl)c(Cl)c1,6.85387196432176,4.699800000000005
CCCCCN(CCCCC)C(=O)N1CCN(C(=O)N(c2ccccc2)c2ccccc2)[C@H](C(=O)NCCNC(C)=O)C1,6.85387196432176,4.985600000000003
COc1ccccc1CN[C@H]1C2CCN(CC2)[C@H]1c1ccccc1,6.85387196432176,3.620300000000003
CN(Cc1ccccc1)C(=O)[C@@H](Cc1ccc2ccccc2c1)N(C)C(=O)[C@H]1CCCN1C(=O)Nc1ccccc1[N+](=O)[O-],6.85387196432176,5.472600000000005
O=C(OCc1cc(C(F)(F)F)cc(C(F)(F)F)c1)[C@]1(c2ccccc2)CC[C@@H](N2CCC(c3ccc(F)cc3)CC2)CC1,6.85387196432176,8.666700000000004
O=C(Cc1cc(C(F)(F)F)cc(C(F)(F)F)c1)NCC(c1ccc2c(c1)OCCO2)N1CCC(N2CCCCC2)CC1,6.85387196432176,5.845700000000005
CO/N=C(\COCc1cccc(C)c1)C(CCN1CCC(O)(c2ccccc2)CC1)c1ccc(Cl)c(Cl)c1,6.85387196432176,6.978320000000008
Cc1cc2c(-c3ccccc3)c(NC(=O)NCc3ccccc3)n(C)c(=O)c2cc1C,6.85387196432176,5.144040000000004
COc1ccc2oc(COC(=O)N[C@](C)(Cc3c[nH]c4ccccc34)C(=O)N[C@@H](C)c3ccccc3)cc2c1,6.85001154350852,6.027700000000005
CC(C)(C)OC(=O)N1C[C@H](C(=O)NCc2cc(C(F)(F)F)cc(C(F)(F)F)c2)[C@@H](c2ccccc2)C1,6.84771165561694,5.991100000000006
Cc1cc(C)cc(C(=O)N2CCN(C(=O)CNC3CCN(C(=O)[C@H](N)c4ccccc4)CC3)[C@H](c3ccc(Cl)c(Cl)c3)C2)c1,6.84466396253494,4.916540000000006
O=C(NCc1cc(C(F)(F)F)cc(C(F)(F)F)c1)c1c(-c2ccccc2)c2ccccc2n2cncc12,6.83564714421556,7.122100000000004
CCCCN(CC(Cc1c[nH]c2ccccc12)NC(=O)CN1CCN(c2ccccc2)CC1)C(C)=O,6.82681373158773,3.666000000000002
Cc1ccc(C)c(COCC(N)C(c2ccccc2)c2ccccc2)c1,6.82390874094432,4.979440000000004
CNC(c1ccccc1)C1(NCc2ccccc2OC)CC1,6.82390874094432,3.278100000000002
Cc1ccccc1COC1C2CCN(CC2)C1C(c1ccccc1)c1ccccc1,6.82390874094432,5.806520000000006
C[C@H](NC(=O)[C@@](C)(Cc1c[nH]c2ccccc12)NC(=O)OC1CCc2ccccc2C1)c1ccccc1,6.81998888094228,5.630200000000006
CC(=O)N(C)C1CCN(CCC(C)(C(=O)N(C)Cc2ccc(F)c(C(F)(F)F)c2)c2ccc(Cl)c(Cl)c2)CC1,6.81872822844054,6.400400000000007
CS(=O)(=O)N1CC2(CCN(C(=O)C(COCc3ccccc3)NCc3cccc(C#N)c3)CC2)c2ccccc21,6.81815641205523,3.573280000000004
CC(=O)N[C@@H](Cc1cccc2ccccc12)C(=O)OCc1cc(C)cc(C)c1,6.8153085691824,4.247240000000003
CN1C(=O)N(Cc2cc(C(F)(F)F)cc(C(F)(F)F)c2)C(=O)C1Cc1c[nH]c2ccccc12,6.8153085691824,5.210800000000003
CS(=O)(=O)N1CC2(CCN(C(=O)C(COCc3ccccc3)NCc3cccc(Cl)c3Cl)CC2)c2ccccc21,6.8153085691824,5.008400000000005
NC(=O)C[C@@H]1CCC[C@@H](OCc2cc(C(F)(F)F)cc(C(F)(F)F)c2)[C@H]1c1ccccc1,6.80410034759077,6.068700000000005
CS(=O)(=O)N1CC2(CCN(C(=O)C(COCc3ccccc3)NCc3cccc(F)c3)CC2)c2ccccc21,6.80410034759077,3.8407000000000036
CO/N=C(\CN(C(=O)c1cc(Cl)cc(Cl)c1)C1CC1)[C@H](CCN1CCC(n2c(O)nc3ccccc32)CC1)c1ccc(Cl)c(Cl)c1,6.80410034759077,8.473500000000005
FC(F)(F)c1cc(COCC(c2ccco2)N2CCNCC2)cc(C(F)(F)F)c1,6.7999981345934,4.480300000000003
CC(=O)N(Cc1ccccc1Cl)C[C@H](Cc1c[nH]c2ccccc12)NC(=O)CN1CCC(N2CCCCC2)CC1,6.79860287567955,4.847600000000004
COc1cccc([C@H]2[C@@H](NCc3ccccc3OC)C3CCN2CC3)c1,6.79588001734408,3.6289000000000025
CN(Cc1ccccc1)C(=O)[C@@H](Cc1ccc2ccccc2c1)NC(=O)[C@H]1CCCN1C(=O)Nc1ccccc1[N+](=O)[O-],6.79588001734408,5.130400000000004
NC(=O)C1(c2ccccc2)CCN(CC[C@@]2(c3ccc(Cl)c(Cl)c3)CCN(C(=O)c3ccccc3)C2)CC1,6.79317412396815,5.686500000000005
COc1ccccc1CNC(COCc1ccccc1)C(=O)N1CCC2(CC1)CN(S(C)(=O)=O)c1ccccc12,6.78781239559604,3.710200000000003
CSN1CC2(CCN(C(=O)N[C@H](Cc3c[nH]c4ccccc34)C(=O)N(C)Cc3ccccc3)CC2)c2ccccc21,6.7851561519523,5.579000000000005
CN(Cc1ccccc1)C(=O)[C@H](Cc1ccccc1)NC(=O)[C@@H](Cc1c[nH]c2ccccc12)NC(=O)C[C@@H]1NC(=O)[C@@H]2C3CCC(CC3)N2C1=O,6.78251605578609,3.2394000000000016
COc1c(C)cc(C(=O)N2CCC(CCN3CCC(C(N)=O)(c4ccccc4)CC3)(c3ccc(Cl)c(Cl)c3)C2)cc1C,6.77469071827414,6.311940000000006
CO/N=C(\COC(=O)c1cc(C(F)(F)F)cc(C(F)(F)F)c1)C(CCN1CCC(O)(c2ccccc2)CC1)c1ccc(Cl)c(Cl)c1,6.77469071827414,8.347700000000005
c1ccc(CN[C@H]2C3CC4CCCC(C3)N4[C@H]2C(c2ccccc2)c2ccccc2)cc1,6.77001116345519,5.992200000000006
c1ccc(CNC2C3CC4CCCC(C3)N4[C@H]2C(c2ccccc2)c2ccccc2)cc1,6.76955107862173,5.992200000000006
O=C(NC(c1ccccc1)c1ccccc1)[C@@H]1CCCN1C(=S)NCc1ccccc1Cl,6.76955107862173,5.084700000000005
c1ccc(C2CCC3(OCCNC3c3ccccc3)OC2)cc1,6.76955107862173,3.6380000000000017
CS(=O)(=O)N1CC2(CCN(C[C@H](COCc3ccc(Cl)c(Cl)c3)NCc3ccccc3)CC2)c2ccccc21,6.76955107862173,5.481800000000006
CC(C)(C)OC(=O)N1CCC(COCc2cc(C(F)(F)F)cc(C(F)(F)F)c2)(c2ccccc2)CC1,6.76955107862173,7.209700000000007
FC(F)(F)Oc1cccc(COCC2(c3ccccc3)CCNCC2)c1,6.76955107862173,4.423200000000002
Cc1ccc(COC2C3CCN(CC3)C2C(c2ccccc2)c2ccccc2)cc1C,6.76447155309245,6.114940000000007
CN(Cc1ccccc1)C(=O)[C@H](Cc1ccc2ccccc2c1)NC(=O)[C@@H]1CCCN1C(=O)Nc1ccccc1C(=O)O,6.76447155309245,4.920400000000003
Clc1ccccc1-c1ccccc1/C=N/Nc1c(Cl)cncc1Cl,6.7594507517174,6.154800000000003
CN(Cc1ccccc1)Cc1nc2ccccc2c(-c2ccccc2)c1C(=O)NCc1cc(C(F)(F)F)cc(C(F)(F)F)c1,6.74472749489669,8.501400000000004
N[C@H]1CCN(C(=O)c2cc(C(F)(F)F)cc(C(F)(F)F)c2)[C@H](Cc2ccccc2)C1,6.74472749489669,4.898800000000003
NCCCCCOC[C@H]1O[C@@H](OCCc2c[nH]c3ccccc23)[C@H](OCc2ccccc2)C[C@@H]1OCc1ccccc1,6.74472749489669,6.1584000000000065
CC(C)CN(CC(C)C)c1cc(C(F)(F)F)cc(COCC2(c3ccc(F)cc3)CCN(C)CC2)n1,6.74472749489669,6.538100000000007
CO/N=C(\COCc1cc(C(F)(F)F)cc(C(F)(F)F)c1)C(CCN1CCN(c2ccccc2)CC1)c1ccc(Cl)c(Cl)c1,6.74232142513082,8.546100000000003
CN(Cc1ccc(F)c(C(F)(F)F)c1)C(=O)C(C)(CCN1CCC(N2CCCC2=O)CC1)c1ccc(Cl)c(Cl)c1,6.74088415581493,6.544500000000007
Cc1ccccc1CO[C@H]1C2CCN(CC2)[C@H]1C(c1ccccc1)c1ccccc1,6.73754891026957,5.806520000000006
COc1cccc([C@H]2COCC3(C2)OCCN[C@H]3c2ccc(F)cc2)c1,6.73754891026957,3.4381000000000013
O=C(N[C@@H](Cc1c[nH]c2ccccc12)C(=O)OCc1ccccc1C(F)(F)F)c1ccccc1,6.73754891026957,5.271200000000004
Cc1cc(C)cc(C(=O)N2CC[C@H](NCc3ccnc4ccccc34)C[C@H]2CCc2ccccc2)c1,6.72124639904717,6.247440000000006
Cc1ccc(CO[C@H]2C3CCN(CC3)[C@H]2C(c2ccccc2)c2ccccc2)cc1C,6.70553377383841,6.114940000000007
CC(=O)N[C@@H](Cc1n[nH]c2ccccc12)C(=O)OCc1cc(C(F)(F)F)cc(C(F)(F)F)c1,6.70553377383841,4.3911000000000024
O=[N+]([O-])c1cccc(COC2C3CCN(CC3)C2C(c2ccccc2)c2ccccc2)c1,6.70553377383841,5.406300000000005
FC(F)(F)c1cc(CO[C@H]2C3CCN(CC3)[C@H]2Cc2ccccc2)cc(C(F)(F)F)c1,6.70553377383841,5.946300000000004
O=C(COc1cc(C(F)(F)F)cc(C(F)(F)F)c1)N(c1cccc(Cl)c1)C1CCNCC1,6.69999179744619,5.541600000000004
O=C(CCc1cc(C(F)(F)F)cc(C(F)(F)F)c1)N(c1ccc(F)cc1)C1CCNCC1,6.69999179744619,5.581100000000005
CN1C(=O)OC2(CCN(CC[C@H](C(=O)N(C)[C@@H](Cc3ccccc3)C(=O)NCCN)c3ccc(Cl)c(Cl)c3)CC2)c2cc(F)ccc21,6.69999179744619,5.3285000000000045
Fc1cc(F)cc(COCC(c2ccccc2)N2CCNCC2)c1,6.69999179744619,3.1279000000000012
NS(=O)(=O)N1CCN(CC(=O)N[C@@H]2CC(=O)N[C@@H](Cc3c[nH]c4ccccc34)C(=O)N[C@@H](Cc3ccccc3)C(=O)N[C@H](Cc3ccccc3)CNC2=O)CC1,6.69999179744619,-0.5239999999999874
CC(C)C[C@H](NC(=O)CNC(=O)OCc1ccccc1)C(=O)NC1(C(=O)OCc2cc(C(F)(F)F)cc(C(F)(F)F)c2)CNc2[nH]c3ccccc3c2C1,6.69897000433602,6.229200000000005
CCCCCN(CCCCC)C(=O)N1CCN(C(=O)N(c2ccccc2)c2ccccc2)[C@H](C(=O)N(C)CCN(C)Cc2cc(C)cc(C)c2)C1,6.69897000433602,7.94054000000001
C[C@H](OC1CCC2CCC1(c1ccccc1)N2)c1cc(C(F)(F)F)cc(C(F)(F)F)c1,6.69897000433602,6.611700000000004
O=C1CC(Cc2c[nH]c3ccccc23)C(=O)N1Cc1cc(C(F)(F)F)cc(C(F)(F)F)c1,6.69250396208679,5.323300000000003
CN(Cc1ccccc1)C(=O)[C@H](CCc1ccccc1)NC(=O)[C@@H]1CCCN1/C(S)=N/Cc1ccccc1Cl,6.68613277963085,5.366400000000006
O=C(NCc1cc(C(F)(F)F)cc(C(F)(F)F)c1)c1cnc2ccccc2c1-c1ccccc1,6.68193666503724,6.869400000000005
CC(=O)NCCCCCOC[C@H]1O[C@@H](OCCc2c[nH]c3ccccc23)[C@H](OCc2ccc(F)cc2)[C@@H](OCc2ccccc2)[C@@H]1OCc1ccccc1,6.67985371388895,7.670200000000009
CC(=O)N(C)C1(c2ccccc2)CCN(CCC[C@]2(c3ccc(Cl)c(Cl)c3)CCCN(C(=O)c3ccccc3)C2)CC1,6.67860872168831,7.417200000000009
Cc1cc(C)cc(C(=O)N2CC[C@H](NCc3ccncc3)C[C@H]2Cc2ccccc2)c1,6.67778070526608,4.704140000000004
COc1ccc(C(CNC(=O)Cc2cc(C(F)(F)F)cc(C(F)(F)F)c2)N2CCC(N3CCCCC3)CC2)c(OC)c1OC,6.67778070526608,6.100300000000006
Cc1cc(C)cc(C(=O)N2CCN(C(=O)CNC3CCNCC3)[C@H](c3ccc(Cl)c(Cl)c3)C2)c1,6.6675615400844,3.977540000000003
CCCCCN(CCCCC)C(=O)N1CCN(C(=O)N(c2ccccc2)c2ccccc2)[C@H](C(=O)NCCN(C(C)C)C(C)C)C1,6.66354026615147,6.968300000000008
Cc1cc(C)cc(C(=O)N2CC[C@H](NCc3ccnc4ccccc34)C[C@@H]2Cc2ccccc2)c1,6.65757731917779,5.857340000000006
C=C(C)n1c(=O)n(CCN2CCC(N(C(=O)CC)c3cc(Cl)ccc3Cl)CC2)c2ccccc21,6.65757731917779,5.5080000000000044
Cc1cc(C)cc(C(=O)N2CC[C@H](NCc3ccccc3)C[C@H]2Cc2ccccc2)c1,6.65757731917779,5.3091400000000055
CC(=O)N1CCC(CN2CC[C@@H](N(C)C(=O)c3ccc(Cl)cc3)[C@H](c3ccc(Cl)c(Cl)c3)C2)CC1,6.65757731917779,5.835400000000006
O=C1C(Cc2c[nH]c3ccccc23)N(C(=O)Nc2ccccc2)C(=O)N1Cc1cc(C(F)(F)F)cc(C(F)(F)F)c1,6.65757731917779,6.813100000000004
O=C1CCN(Cc2ccc(C(F)(F)F)cc2)CC1C(c1ccc(F)cc1)c1ccc(F)cc1,6.65757731917779,6.206700000000005
FC(F)(F)c1cc(COCc2ccccc2-c2ccccc2)cc(C(F)(F)F)c1,6.64975198166584,7.108000000000006
O=C(CC(c1ccccc1)c1ccccc1)NCc1cc(Cl)cc(Cl)c1,6.6458915608526,5.831800000000004
COc1cc(CN(C)C(=O)CC(c2ccccc2)c2ccccc2)cc(OC)c1,6.6458915608526,4.884400000000005
O=C(NCc1ccccc1)[C@H](Cc1c[nH]c2ccccc12)NC(=O)N1CCC2(CCc3ccccc32)CC1,6.64397414280688,5.085000000000004
COc1ccccc1CN[C@H]1CCCN(CC(N)=O)[C@H]1c1ccccc1,6.64397414280688,2.4757999999999996
c1ccc(CN[C@H]2C3C4CCCC3CN(C4)[C@H]2C(c2ccccc2)c2ccccc2)cc1,6.6399938677709,5.707200000000006
Clc1cccc([C@H]2[C@@H](NCc3ccccc3Cl)C3CCN2CC3)c1,6.6399938677709,4.918500000000004
O=C1N[C@@H](Cc2ccccc2)C(=O)N2[C@H]3Nc4ccccc4[C@@]3([C@]34C[C@H]5C(=O)N[C@@H](Cc6ccccc6)C(=O)N5[C@H]3Nc3ccccc34)C[C@@H]12,6.63827216398241,3.0496000000000008
c1ccc(CNC2C3C4CCCC3CN(C4)[C@H]2C(c2ccccc2)c2ccccc2)cc1,6.63827216398241,5.707200000000006
COc1ccccc1CN[C@H]1C2CCN(CC2)[C@H]1Cc1ccccc1,6.63000533839157,3.490300000000002
O=C(NCc1cc(C(F)(F)F)cc(C(F)(F)F)c1)c1c(-c2ccccc2)ccnc1CCl,6.62893213772826,6.4550000000000045
O=C(NCc1cc(C(F)(F)F)cc(C(F)(F)F)c1)c1c(-c2ccc(F)cc2)c2ccccc2n2nnnc12,6.62893213772826,6.051200000000002
O=C(CC(c1ccccc1)c1ccccc1)NCc1cc(C(F)(F)F)cc(C(F)(F)F)c1,6.62893213772826,6.562600000000003
COc1ccccc1CN[C@@H]1C2CCN(CC2)[C@H]1c1cccc(Cl)c1,6.61978875828839,4.273700000000003
CC(=O)N1CCC(C(=O)N2CC[C@@H](N(C)C(=O)c3ccc(Cl)cc3)C(c3ccc(Cl)c(Cl)c3)C2)CC1,6.61978875828839,5.362000000000005
O=C1N[C@@H](Cc2ccccc2)C(=O)N2[C@H]3Nc4ccccc4C3(C34C[C@H]5C(=O)N[C@@H](Cc6ccccc6)C(=O)N5[C@H]3Nc3ccccc34)C[C@@H]12,6.61978875828839,3.0496000000000008
CCN(Cc1ccccc1)C(=O)[C@H](Cc1c[nH]c2ccccc12)NC(=O)N1CCC2(CCc3ccccc32)CC1,6.61618463401957,5.817300000000006
O=C1CNC(Cc2c[nH]c3ccccc23)CN1Cc1cc(C(F)(F)F)cc(C(F)(F)F)c1,6.61439372640169,4.748600000000003
O=C(N[C@@H](Cc1c[nH]c2ccccc12)C(=O)OCc1ccc(Cl)cc1)c1ccccc1,6.61439372640169,4.905800000000003
O=C(c1cc(C(F)(F)F)cc(C(F)(F)F)c1)N1CCC2(CC1)NC(=O)N(Cc1ccc3c(c1)OCO3)C2=O,6.61000157739267,4.179700000000002
Cc1ccc(COC2C3CCN(CC3)C2C(c2ccccc2)c2ccccc2)cc1,6.60906489289662,5.806520000000006
O=C(NC[C@]1(c2ccccc2)CC[C@@H](N2CCC(c3ccc(F)cc3)CC2)CC1)c1cc(C(F)(F)F)cc(C(F)(F)F)c1,6.60205999132796,8.353300000000004
O=C(CSc1nnc(-c2ccncc2)n1-c1ccccc1)Nc1cccc(Cl)c1,6.60205999132796,4.7135000000000025
COC(=O)[C@H]1CCN(C(=O)N(c2ccccc2)c2ccccc2)[C@H](C(=O)NCCN(C)Cc2ccccc2OC)C1,6.60205999132796,4.455100000000003
Cc1cc2c(-c3ccccc3)c(CNCc3cc(C(F)(F)F)cc(C(F)(F)F)c3)n(C)c(=O)c2cc1C,6.60205999132796,7.149740000000005
COc1ccc(C(=O)N(C)[C@@H]2CCN(C(=O)C3CCN(C(C)=O)CC3)C[C@H]2c2ccc(Cl)c(Cl)c2)cc1,6.60205999132796,4.7172000000000045
COc1ccccc1C(CNC(=O)Cc1cc(C(F)(F)F)cc(C(F)(F)F)c1)N1CCCCC1,6.60205999132796,5.618700000000005
COc1cc(CN2CCN(C(COCc3cc(C(F)(F)F)cc(C(F)(F)F)c3)c3ccccc3)C(Cc3ccccc3)C2)cc(OC)c1OC,6.59999765407204,8.437000000000006
CN1CCN(CCNC(=O)[C@@H](NC(=O)C(C)(C)c2cc(C(F)(F)F)cc(C(F)(F)F)c2)c2ccccc2)CC1,6.59999765407204,4.222900000000004
CNCCNC(=O)[C@@H](NC(=O)C(C)(C)c1cc(C(F)(F)F)cc(C(F)(F)F)c1)c1ccccc1,6.59999765407204,4.194900000000003
CN1C(=O)OC2(CCN(CC[C@@](C)(C(=O)N[C@H](C(=O)NCCN)c3ccccc3)c3ccc(Cl)c(Cl)c3)CC2)c2cc(F)ccc21,6.59999765407204,5.290400000000005
CCOC(=O)Oc1c(OC)cc(C(=O)N2CCC(CCN3CCC(C(N)=O)(c4ccccc4)CC3)(c3ccc(Cl)c(Cl)c3)C2)cc1OC,6.59859945921846,6.239000000000006
Fc1ccc(COC2C3CCN(CC3)C2C(c2ccccc2)c2ccccc2)cc1,6.59859945921846,5.637200000000006
O=C1CC[C@@H](CN[C@H]2CC[C@@H](OCc3cc(C(F)(F)F)cc(C(F)(F)F)c3)[C@@H]2c2ccccc2)N1,6.58502665202918,5.423800000000005
CS(=O)(=O)N1CC2(CCN(C(=O)C(COCc3ccccc3)NC(=O)c3ccc(Cl)c(Cl)c3)CC2)c2ccccc21,6.58502665202918,4.648600000000005
CC(=O)N1CCC(C(=O)N2CC[C@@H](N(C)C(=O)c3ccc(C)cc3)C(c3ccc(Cl)c(Cl)c3)C2)CC1,6.58502665202918,5.017020000000005
COc1ccccc1C/N=C(\S)N1CCC[C@H]1C(=O)N[C@@H](Cc1ccccc1)C(=O)N(C)Cc1ccccc1,6.58502665202918,4.331500000000004
COc1ccccc1C1CCN(C(=O)[C@H](COCc2ccc(Cl)c(Cl)c2)NCc2ccccc2)CC1,6.58004425151024,6.083200000000006
CS(=O)(=O)N1CCC2(CC1)C1C(=O)N(Cc3cc(C(F)(F)F)cc(C(F)(F)F)c3)C(=O)C1CN2C(=O)c1ccc2ccccc2c1,6.57999471504095,4.928800000000006
CCCCCN(CCCCC)C(=O)N1CCN(C(=O)N(c2ccccc2)c2ccccc2)[C@H](C(=O)NCCOC)C1,6.57348873863543,5.495900000000005
O=C1NC(Cc2c[nH]c3ccccc23)CN1Cc1cc(C(F)(F)F)cc(C(F)(F)F)c1,6.57348873863543,5.342000000000003
Cc1cc(C)cc(/C(F)=C2\CC[C@@H](NC(=O)c3ccnc4ccccc34)C[C@@H]2Cc2ccccc2)c1,6.56863623584101,7.373640000000006
Cc1nc(Cl)cc(-c2ccccc2)c1C(=O)NCc1cc(C(F)(F)F)cc(C(F)(F)F)c1,6.56863623584101,6.6780200000000045
O=C1CCN(Cc2cccc(C(F)(F)F)c2)CC1C(c1ccc(F)cc1)c1ccc(F)cc1,6.56863623584101,6.206700000000005
COc1ccccc1C(CNC(=O)Cc1ccccc1C(F)(F)F)N1CCN(C2CCCCC2)CC1,6.56863623584101,5.064300000000006
NC(=O)C1(c2ccccc2)CCN(CCC2(c3ccc(Cl)c(Cl)c3)CCN(C(=O)c3ccccc3)C2)CC1,6.5670307091256,5.686500000000005
O=C(c1ccccc1)N1CCCC(CCCN2CCC3(CCc4ccccc43)CC2)(c2ccc(Cl)c(Cl)c2)C1,6.5654310959658,7.927600000000009
O=C1OC(Cc2c[nH]c3ccccc23)C(=O)N1Cc1cc(Cl)cc(Cl)c1,6.56383735295924,4.564800000000003
Cc1c(C(=O)NCc2cc(C(F)(F)F)cc(C(F)(F)F)c2)c(-c2ccccc2)cc2nnnn12,6.5543957967264,5.067320000000003
COc1ccccc1COC(=O)[C@H](Cc1c[nH]c2ccccc12)NC(=O)OC(C)(C)C,6.55284196865778,4.355700000000003
CCCCCN(CCCCC)C(=O)N1CCN(C(=O)N(c2ccccc2)c2ccccc2)[C@H](CO)C1,6.55284196865778,5.725600000000007
COc1ccccc1C(CNC(=O)Cc1ccc(Cl)c(Cl)c1)N1CCN(C2CCCCC2)CC1,6.55284196865778,5.352300000000005
O=C1CCN(Cc2ccccc2O)CC1C(c1ccc(F)cc1)c1ccc(F)cc1,6.55284196865778,4.893500000000004
Cc1ccc(CO[C@H]2C3CCN(CC3)[C@H]2C(c2ccccc2)c2ccccc2)cc1,6.54000474395261,5.806520000000006
CN(Cc1ccccc1)C(=O)[C@H](Cc1ccccc1)NC(=O)[C@@H]1CCCN1/C(S)=N/Cc1ccccc1F,6.53760200210104,4.462000000000003
CN1CCC(COCc2cc(C#N)cc(C3CC3)n2)(c2ccc(F)cc2)CC1,6.53760200210104,4.149980000000004
CC(=O)N1CCC(C(=O)N2CC[C@@H](N(C)C(=O)Nc3ccc(Cl)cc3)[C@H](c3ccc(Cl)c(Cl)c3)C2)CC1,6.53760200210104,5.753700000000006
CCCCCN(CCCCC)C(=O)N1CCN(C(=O)N(c2ccccc2)c2ccccc2)[C@H](C(=O)N(C)CCN(C)Cc2ccccc2)C1,6.53760200210104,7.3237000000000085
Cc1cc(C)cc(CO[C@H]2C3CCN(CC3)[C@H]2Cc2ccccc2)c1,6.53461714855158,4.525540000000005
CN(C(=O)c1ccccc1-c1ccccc1)C(C)(C)c1cc(C(F)(F)F)cc(C(F)(F)F)c1,6.53017798402184,7.398500000000005
CN(CC(c1ccccc1)c1ccccc1)C(=O)c1cc(C(F)(F)F)cc(C(F)(F)F)c1,6.52724355068279,6.628300000000005
FC(F)(F)c1cc(CO[C@H]2CCCN[C@@H]2c2ccccc2)cc(C(F)(F)F)c1,6.52287874528034,5.734100000000003
FC(F)(F)c1cccc(COC2C3CCN(CC3)C2C(c2ccccc2)c2ccccc2)c1,6.52287874528034,6.516900000000006
FC(F)(F)c1cc(CO[C@@H]2C3CCN(CC3)[C@@H]2C(c2ccccc2)c2ccccc2)cc(C(F)(F)F)c1,6.52287874528034,7.5357000000000065
O=C(N[C@H]1CC[C@H](OCc2cc(C(F)(F)F)cc(C(F)(F)F)c2)[C@@H]1c1ccccc1)OCc1ccccc1,6.52287874528034,7.482000000000006
CN(C(=O)C(c1ccccc1)c1ccccc1)c1cc(C(F)(F)F)cc(C(F)(F)F)c1,6.52143350440616,6.519100000000004
CC(C)(C)C(=O)N1CCC2(CC1)C1C(=O)N(c3ccccc3)C(=O)C1CN2C(=O)c1cc(C(F)(F)F)cc(C(F)(F)F)c1,6.51999305704285,5.393100000000006
CN(CCCc1cc(C(F)(F)F)cc(C(F)(F)F)c1)C(=O)CC(c1ccccc1)c1ccccc1,6.51712641639125,7.337400000000007
Cc1cc(O)cc(C)c1C[C@H](N)C(=O)N[C@H](CCCNC(=N)N)C(=O)N[C@H]1Cc2ccccc2CN(CCC(=O)N(Cc2ccccc2)CC(C)C)C1=O,6.51144928349956,2.7715100000000072
Cc1cc(C)cc(C(=O)N2CC[C@H](NCc3ccnc4ccccc34)C[C@H]2CC2CCCCC2)c1,6.50999935810905,6.585040000000007
COc1cc2c(cc1OC)C1=NO[C@@H](CN3CCN(C/C(C)=C/c4ccc(F)cc4)CC3)[C@@H]1CO2,6.50863830616573,3.675500000000002
COc1ccccc1CN[C@H]1C2CCCN(CC2)[C@H]1C(c1ccc(F)cc1)c1ccc(F)cc1,6.50863830616573,5.7480000000000055
O=C1C(Cc2c[nH]c3ccccc23)N(Cc2ccccc2)C(=O)N1Cc1cc(C(F)(F)F)cc(C(F)(F)F)c1,6.50863830616573,6.781200000000005
O=C(NCc1cc(C(F)(F)F)cc(C(F)(F)F)c1)c1c(-c2ccccc2)c2ccccc2n2nnnc12,6.50723961097316,5.912100000000004
COc1c(Br)cc(C(=O)N2CCC(CCN3CCC(C(N)=O)(c4ccccc4)CC3)(c3ccc(Cl)c(Cl)c3)C2)cc1Br,6.50445566245355,7.220100000000007
Cc1ccccc1-c1ccccc1/C=N/Nc1c(Cl)cncc1Cl,6.5003129173816,5.809820000000003
CC(C)(C(=O)N[C@H](C(=O)NCCN)c1ccccc1)c1cc(C(F)(F)F)cc(C(F)(F)F)c1,6.49999693194831,3.9342000000000033
CC(C)(C(=O)N[C@H](C(=O)N1CCOCC1)c1ccccc1)c1cc(C(F)(F)F)cc(C(F)(F)F)c1,6.49999693194831,4.718100000000004
O=C(COc1cc(C(F)(F)F)cc(C(F)(F)F)c1)N(c1ccc(F)cc1)C1CCNCC1,6.49999693194831,5.027300000000004
CN1C(=O)OC2(CCN(CCC[C@@](C)(C(=O)N[C@H](C(=O)NCCN)c3ccccc3)c3ccc(Cl)c(Cl)c3)CC2)c2cc(F)ccc21,6.49999693194831,5.680500000000005
COC(=O)C1c2ccccc2NC(=O)CN1C(=O)N(C)Cc1cc(C(F)(F)F)cc(C(F)(F)F)c1,6.49999693194831,4.4444000000000035
O=C(Cc1ccccc1)N[C@H](Cc1ccc2ccccc2c1)NC(=O)[C@@H]1CCCC[C@@H]1NC(=O)c1c[nH]c2ccccc12,6.49999693194831,5.653600000000004
O=C1NC(Cc2c[nH]c3ccccc23)C(=O)N1Cc1cc(C(F)(F)F)cc(C(F)(F)F)c1,6.49894073778225,4.8686000000000025
CN(CCCc1cc(C(F)(F)F)cc(C(F)(F)F)c1)C(=O)C(c1ccccc1)c1ccccc1,6.4907974776689,6.9473000000000065
Cc1cc(C)c(C(=O)N2CCC3(CC2)NC(=O)N(c2cc(C(F)(F)F)cc(C(F)(F)F)c2)C3=O)c(C)c1,6.4900049079866,5.380660000000005
COc1ccccc1C/N=C(\S)N1CCC[C@H]1C(=O)NC(c1ccccc1)c1ccccc1,6.48148606012211,4.851200000000004
Cc1ccccc1C1CCN(C(=O)[C@H](COCc2ccc(Cl)c(Cl)c2)NCc2ccccc2)CC1,6.48148606012211,6.383020000000007
COc1ccc(C(=O)N(C)[C@@H]2CCN(C(=O)C3CCN(C(C)=O)CC3)CC2c2ccc(Cl)c(Cl)c2)cc1,6.48148606012211,4.7172000000000045
O=C(NCCc1ccccc1)[C@H](Cc1c[nH]c2ccccc12)NC(=O)N1CCC2(CCc3ccccc32)CC1,6.47886191629596,5.127500000000004
COc1ccccc1CN[C@H]1C2CC[N+](Cc3ccccc3)(CC2)[C@H]1C(c1ccccc1)c1ccccc1,6.47886191629596,6.794700000000008
COc1ccccc1CN(CC(NC(=O)CN1CCN(c2ccccc2)CC1)c1ccc(Cl)c(Cl)c1)C(C)=O,6.47108329972235,5.030200000000004
O=C(c1cccc2ccccc12)N1CCC2(CC1)NC(=O)N(c1cc(C(F)(F)F)cc(C(F)(F)F)c1)C2=O,6.47000532693086,5.608600000000004
CN(Cc1ccc(F)cc1)C(=O)[C@@]1(c2ccc(Cl)c(Cl)c2)C[C@H]1CN1CCN(S(=O)(=O)N(C)C)CC1,6.46852108295775,3.472800000000003
Cc1c(C(=O)NCc2cc(C(F)(F)F)cc(C(F)(F)F)c2)c(-c2ccccc2)cc[n+]1[O-],6.46597389394387,5.2630200000000045
COc1ccc(CN[C@H]2C3CCN(CC3)[C@H]2C(c2ccccc2)c2ccccc2)cc1,6.46470587995723,5.079700000000005
FC(F)(F)c1cc(COCC2(c3ccccc3)CCC(N3CCOCC3)CC2)cc(C(F)(F)F)c1,6.45593195564972,6.453600000000005
COc1ccc(CN[C@H]2C3CCN(CC3)[C@@H]2c2cccc(Cl)c2)c(OC)c1,6.45593195564972,4.282300000000004
COc1ccccc1CN(C[C@H](Cc1c[nH]c2ccccc12)NC(=O)CN1CCN(c2ccccc2)CC1)C(C)=O,6.44611697335613,4.0747000000000035
N[C@H](COCc1ccccc1)C(c1ccccc1)c1ccccc1,6.43999767322663,4.362600000000004
NC(COCc1ccccc1)C(c1ccccc1)c1ccccc1,6.43533393574791,4.362600000000004
CN(C)c1ccccc1CC(=O)N1C[C@H]2[C@@H](C1)C(c1ccccc1)(c1ccccc1)SC[C@@H]2O,6.43179827593301,4.421200000000005
FC(F)(F)c1ccc(COC2C3CCN(CC3)C2C(c2ccccc2)c2ccccc2)cc1,6.43179827593301,6.516900000000006
FC(F)(F)c1cc(CNCc2ccccc2-c2ccccc2)cc(C(F)(F)F)c1,6.4294570601181,6.6810000000000045
O=C(Cc1cc(C(F)(F)F)cc(C(F)(F)F)c1)NCC(c1ccccc1)c1ccccc1,6.42250820016278,6.215000000000005
O=C(c1ccccc1)N1CCCC(CCCN2CCC(n3c(=O)[nH]c4ccccc43)CC2)(c2ccc(Cl)c(Cl)c2)C1,6.42136079003193,6.927700000000008
CN1CCC(COCc2cc(C(F)(F)F)cc(C#N)n2)(c2ccccc2)CC1,6.42021640338319,4.152280000000004
Cc1cc(C)cc(/C(F)=C2/CC[C@H](NC(=O)c3ccnc4ccccc34)C[C@H]2Cc2ccccc2)c1,6.42021640338319,7.373640000000006
CS(=O)(=O)NCC1(c2ccccc2)CCN(C(=O)[C@H](COCc2ccc(Cl)c(Cl)c2)NCc2ccccc2)CC1,6.41793663708829,4.778000000000004
CC(=O)N[C@H]1Cc2ccccc2CN(CC(=O)NCc2cc(C(F)(F)F)cc(C(F)(F)F)c2)C1=O,6.41228903498109,3.4300000000000015
O=C(NCc1cc(C(F)(F)F)cc(C(F)(F)F)c1)c1c(-c2ccccc2)c2ccccc2n2cccc12,6.4089353929735,7.7271000000000045
CC(=O)N1Cc2[nH]c3ccccc3c2C[C@H]1C(=O)OCc1cc(C(F)(F)F)cc(C(F)(F)F)c1,6.4089353929735,5.222100000000004
CN(Cc1ccnc2ccccc12)[C@H]1CCN(C(=O)c2cc(Cl)cc(Cl)c2)[C@H](Cc2ccccc2)C1,6.4089353929735,6.889500000000007
Clc1cccc(COCC(c2ccccc2)N2CCNCC2)c1,6.39999691337226,3.5031000000000017
CN1C(=O)OC2(CCN(CC[C@](C)(C(=O)N[C@@H](Cc3ccccc3)C(=O)NCCN)c3ccc(Cl)c(Cl)c3)CC2)c2cc(F)ccc21,6.39999691337226,5.160400000000004
CN1C(=O)OC2(CCN(CCC[C@H](C(=O)N(C)[C@@H](Cc3ccccc3)C(=O)NCCN)c3ccc(Cl)c(Cl)c3)CC2)c2cc(F)ccc21,6.39999691337226,5.718600000000006
Fc1ccc([C@@H]2NCCO[C@]23CC[C@H](c2ccccc2C(F)(F)F)CO3)cc1,6.39794000867204,4.795900000000004
O=C1NC(Cc2c[nH]c3ccccc23)CN(Cc2cc(C(F)(F)F)cc(C(F)(F)F)c2)C1=O,6.39794000867204,4.2752000000000026
Fc1ccc([C@@H]2NCCOC23CC[C@H](c2ccccc2C(F)(F)F)CO3)cc1,6.39794000867204,4.795900000000004
Cc1ccc(-c2c(C(=O)NCc3cc(C(F)(F)F)cc(C(F)(F)F)c3)c3nnnn3c3ccccc23)cc1,6.39685562737982,6.220520000000004
Cc1ccccc1C/N=C(\S)N1CCC[C@H]1C(=O)N[C@@H](Cc1ccccc1)C(=O)N(C)Cc1ccccc1,6.38721614328026,4.631320000000004
CN(Cc1ccccc1)C(=O)[C@@H](Cc1c[nH]c2ccccc12)NC(=O)[C@H]1CCCN1C(=O)Nc1ccccc1[N+](=O)[O-],6.38721614328026,4.4585000000000035
CC(=O)N1CCC(C(=O)N2CC[C@@H](N(C)C(=O)c3ccc(-c4ccccc4)cc3)C(c3ccc(Cl)c(Cl)c3)C2)CC1,6.38721614328026,6.3756000000000075
FC(F)(F)c1cc(COC[C@@]2(c3ccccc3)CCCCNC2)cc(C(F)(F)F)c1,6.38721614328026,5.952300000000004
CC(C)(C)OC(=O)N[C@@H](Cc1c[nH]c2ccccc12)C(=O)OCc1ccccc1,6.3840499483436,4.347100000000003
Clc1ccc(COC2C3CCN(CC3)C2C(c2ccccc2)c2ccccc2)cc1,6.37986394502624,6.151500000000006
COc1ccccc1CN(C[C@H](Cc1c[nH]c2ccccc12)NC(=O)CN1CCC(N2CCCCC2)CC1)C(C)=O,6.3767507096021,4.202800000000003
CN1CCC(COCc2cc(C(F)(F)F)cc(Cl)n2)(c2ccc(Cl)cc2)CC1,6.36653154442041,5.587400000000005
CC(C)COC(=O)N[C@@H](Cc1c[nH]c2ccccc12)C(=O)NCCc1c[nH]c2ccccc12,6.36653154442041,4.301400000000003
CC(=O)N[C@@H](Cc1ccccc1)C(=O)OCc1cc(C)cc(C)c1,6.36351210364663,3.0940400000000015
Cc1cc(-c2ccccc2)c(C(=O)NCc2cc(C(F)(F)F)cc(C(F)(F)F)c2)c(C)n1,6.36251027048749,6.333040000000003
CO/N=C(\CN(C)S(=O)(=O)c1cc(C(F)(F)F)cc(C(F)(F)F)c1)C(CCN1CCC(O)(c2ccccc2)CC1)c1ccc(Cl)c(Cl)c1,6.36151074304536,7.811400000000008
Cc1cccc2c1C1(C34C[C@H]5C(=O)N[C@@H](Cc6ccccc6)C(=O)N5[C@H]3Nc3ccccc34)C[C@H]3C(=O)N[C@@H](Cc4ccccc4)C(=O)N3[C@H]1N2,6.35654732351381,3.3580200000000016
CC(C)(C)OC(=O)N1CC[C@H](c2ccccc2)[C@@H](C(=O)NCc2cc(C(F)(F)F)cc(C(F)(F)F)c2)C1,6.34678748622466,6.381200000000005
CS(=O)(=O)N1CC2(CCN(C(=O)C(CCc3ccc(Cl)c(Cl)c3)NCc3ccccc3)CC2)c2ccccc21,6.34198860334289,5.424400000000006
CN1C(=O)N(Cc2cc(C(F)(F)F)cc(C(F)(F)F)c2)C2(CCN(C(=O)c3cccc4ccccc34)CC2)C1=O,6.33999827989712,5.946400000000006
CC(=O)C1(c2ccccc2)CCN(CCCC2(c3ccc(Cl)c(Cl)c3)CCCN(C(=O)c3ccccc3)C2)CC1,6.33724216831843,7.570400000000009
COc1ccccc1CNCc1c(-c2ccccc2)c2ccccc2c(=O)n1C,6.33724216831843,4.503900000000003
CC(C)N(C(C)C)C1CCC(COCc2cc(C(F)(F)F)cc(C(F)(F)F)c2)(c2ccccc2)C1,6.32790214206428,7.850100000000007
COc1ccccc1CNC(=O)c1c(-c2ccccc2C)c2ccccc2c(=O)n1C,6.32790214206428,4.452520000000003
COc1ccccc1CN(CC(NC(=O)CN1CCN(c2ccccc2)CC1)c1ccccc1)C(C)=O,6.32422165832592,3.7234000000000025
CSN1CC2(CCN(C(=O)N[C@@H](COCc3ccccc3)C(=O)N(C)Cc3ccccc3)CC2)c2ccccc21,6.31875876262441,5.071800000000005
CN(Cc1ccccc1Cl)C(=O)Nc1c(-c2ccc(F)cc2)c2ccccc2c(=O)n1C,6.31875876262441,5.661900000000005
CN1CCC(COCc2cncc(Br)c2)(c2ccccc2)CC1,6.31875876262441,4.024300000000004
Cc1cc(C)cc(COCC(N)Cc2ccccc2)c1,6.31605286924849,3.3900400000000017
CS(=O)(=O)N1CC2(CCN(CCCC3(c4ccc(Cl)c(Cl)c4)CCCN(C(=O)c4ccccc4)C3)CC2)c2ccccc21,6.30364361126667,6.761000000000008
CCCCCN(CCCCC)C(=O)N1CCN(C(=O)N(c2ccccc2)c2ccccc2)CC1,6.30102999566398,6.364700000000007
O=C1C2CN(C(=O)c3sc4ccccc4c3Cl)C3(CCNCC3)C2C(=O)N1Cc1cc(C(F)(F)F)cc(C(F)(F)F)c1,6.29999760285775,5.971700000000005
CN1C(=O)C2CN(Cc3cccs3)C3(CCN(C(=O)c4cc(C(F)(F)F)cc(C(F)(F)F)c4)CC3)C2C1=O,6.29000117197481,4.507300000000003
Fc1ccc(C2NCCOC23CCC(c2cccc(C(F)(F)F)c2)CO3)cc1,6.28988263488818,4.795900000000004
CC(=O)N1CCC(C(=O)N2CC[C@@H](N(C)C(=O)c3ccc(Br)cn3)[C@H](c3ccc(Cl)c(Cl)c3)C2)CC1,6.2839966563652,4.866100000000005
O=C(c1cc(O)cc(O)c1)N1CC[C@H](NCc2ccnc3ccccc23)C[C@H]1Cc1ccccc1,6.2839966563652,4.6517000000000035
O=C(NCc1cc(C(F)(F)F)cc(C(F)(F)F)c1)C(c1ccccc1)c1ccccc1,6.27901425584626,6.172500000000005
Cc1cc(C)cc(C(=O)N2CC[C@@H](NCc3ccnc4ccccc34)C[C@H]2Cc2ccccc2)c1,6.26760624017703,5.857340000000006
O=C(NCc1cc(C(F)(F)F)cc(C(F)(F)F)c1)c1c(-c2ccccc2)c2ccccc2n2cnnc12,6.26600071346161,6.517100000000004
CS(=O)(=O)N1CC2(CCN(C(=O)C(COCc3ccccc3)NCc3ccccc3Cl)CC2)c2ccccc21,6.26600071346161,4.355000000000005
CS(=O)(=O)N(CC1CCN(C(=O)[C@H](COCc2ccc(Cl)c(Cl)c2)NCc2ccccc2)CC1)c1ccccc1,6.26201267366657,5.373200000000006
C[C@@H]1NC(=O)[C@@H]2CCCN2C(=O)[C@H](Cc2ccccc2)NC(=O)[C@H]([C@@H](C)O)NC(=O)[C@H](Cc2ccccc2)NC(=O)[C@@H](Cc2c[nH]c3ccccc23)NC1=O,6.26042765554991,1.025100000000008
Cc1cc(C)cc(COC(=O)[C@H](Cc2c[nH]c3ccccc23)N(C)C)c1,6.26000069059803,4.000840000000003
Cc1ccccc1N1CCN(C(=O)[C@H](COCc2ccc(Cl)c(Cl)c2)NCc2ccccc2)CC1,6.25336580106242,5.325620000000005
Clc1ccccc1CN[C@H]1C2CCCN(CC2)[C@H]1C(c1ccccc1)c1ccccc1,6.2518119729938,6.114600000000006
CN(C(=O)Cc1cc(C(F)(F)F)cc(C(F)(F)F)c1)c1ccccc1-c1ccccc1,6.25026368443094,6.596700000000005
FC(F)(F)c1cc(CN2CCNC(Cc3c[nH]c4ccccc34)C2)cc(C(F)(F)F)c1,6.24641694110709,5.222000000000003
COc1ccccc1N1CCN(C(=O)CCc2c(-c3ccc(Cl)cc3)[nH]c3cc(Cl)cc(Cl)c23)CC1,6.24412514432751,7.085100000000004
O=C(c1cc(C(F)(F)F)cc(C(F)(F)F)c1)N1CCC2(CC1)NC(=O)N(CCc1c[nH]c3ccccc13)C2=O,6.23999995270727,4.974800000000004
CSCCNS(=O)(=O)c1ccc(N/N=C(\S)N2CCC[C@H]2C(=O)NC(c2ccccc2)c2ccccc2)c([N+](=O)[O-])c1,6.22914798835786,4.219000000000003
CN(Cc1ccccc1)C(=O)[C@H](Cc1ccccc1)NC(=O)[C@@H]1CCCN1C(=O)NCc1ccccc1Cl,6.22914798835786,4.400100000000003
O=C(NCCCc1cc(C(F)(F)F)cc(C(F)(F)F)c1)C(c1ccccc1)c1ccccc1,6.22694530663574,6.605100000000006
CC(=O)NC1(c2ccccc2)CCN(CC[C@H](CN(C)C(=O)c2ccccc2)c2ccc(Cl)c(Cl)c2)CC1,6.22694530663574,6.366700000000008
C[C@@H](O)[C@@H]1NC(=O)[C@H](Cc2ccccc2)NC(=O)[C@@H](Cc2c[nH]c3ccccc23)NC(=O)[C@H](CO)NC(=O)[C@@H]2CCCN2C(=O)[C@H](Cc2ccccc2)NC1=O,6.22475374025976,-0.0024999999999925637
CCCCCN(CCCCC)C(=O)N1CCN(C(=O)N(c2ccccc2)c2ccccc2)[C@H](C(=O)NCC(=O)O)C1,6.22402566887063,4.9341000000000035
Brc1cncc(COCC2(c3ccccc3)CCNCC2)c1,6.22184874961636,3.682100000000002
O=C(c1cc(Cl)cc(Cl)c1)N1CC[C@H](N(Cc2ccnc3ccccc23)C(=O)C(F)(F)F)C[C@H]1Cc1ccccc1,6.22184874961636,7.3486000000000065
O=C(N[C@@H](Cc1c[nH]c2ccccc12)C(=O)OCc1ccccc1Cl)c1ccccc1,6.22184874961636,4.905800000000004
Cc1cc(C)cc(C(=O)N2CC[C@H](NCc3ccnc4ccccc34)C[C@H]2Cc2ccc(Cl)cc2Cl)c1,6.22184874961636,7.164140000000007
CN(Cc1cc(C(F)(F)F)cc(C(F)(F)F)c1)Cc1c(-c2ccccc2)c2ccccc2c(=O)n1C,6.22184874961636,6.875100000000005
O=C([C@H](COCc1ccc(Cl)c(Cl)c1)NCc1ccccc1)N1CCC2(CCc3ccccc32)CC1,6.22040350874218,6.175000000000006
Cc1cc(C)cc(/C(F)=C2\CCC(NC(=O)c3ccnc4ccccc34)CC2Cc2ccccc2)c1,6.20760831050175,7.373640000000006
CNC(c1ccccc1)C1(NCc2cc(C(F)(F)F)cc(C(F)(F)F)c2)CC1,6.20760831050175,5.307100000000004
O=C(CC(c1ccccc1)c1ccccc1)NCCCc1cc(C(F)(F)F)cc(C(F)(F)F)c1,6.20760831050175,6.995200000000004
CN1C(=O)OC2(CCN(CC[C@](C)(C(=O)N[C@H](Cc3ccccc3)C(=O)NCCN)c3ccc(Cl)c(Cl)c3)CC2)c2cc(F)ccc21,6.19999817218203,5.160400000000004
O=C1CN(C(=O)NCc2cc(C(F)(F)F)cc(C(F)(F)F)c2)C(c2ccccc2)c2ccccc2N1,6.19999817218203,5.9775000000000045
CN1C(=O)OC2(CCN(CC[C@@H](C(=O)N(C)[C@H](C(=O)NCCN)c3ccccc3)c3ccc(Cl)c(Cl)c3)CC2)c2cc(F)ccc21,6.19999817218203,5.458500000000006
COc1ccc(C(=O)N2CCC(CCN3CCC(C(N)=O)(c4ccccc4)CC3)(c3ccc(Cl)c(Cl)c3)C2)cc1,6.19791074211827,5.695100000000005
O=C(CC1CCN(C(=O)c2cccc(C#Cc3ccccn3)c2)CC1)Nc1ccccc1F,6.19382002601611,4.501500000000004
CN1C(=O)N(Cc2cc(C(F)(F)F)cc(C(F)(F)F)c2)C2(CCN(C(=O)c3c(Cl)cccc3Cl)CC2)C1=O,6.19000284463781,6.100000000000004
CN(C)CCN[C@H](C(=O)NCc1cc(C(F)(F)F)cc(C(F)(F)F)c1)c1ccc(F)cc1,6.18708664335714,4.3720000000000026
COc1ccc(-c2c(C)nn3c(C(F)(F)F)cc(C)nc23)c(F)c1F,6.18708664335714,4.318740000000002
Cc1nccc(-c2ccccc2)c1C(=O)NCc1cc(C(F)(F)F)cc(C(F)(F)F)c1,6.18508681872493,6.024620000000003
CN1CCCC[C@@](COCc2cc(C(F)(F)F)cc(C(F)(F)F)c2)(c2ccccc2)C1,6.18045606445813,6.294500000000006
Cc1cc(C)cc(CN2C(=O)OC(Cc3c[nH]c4ccccc34)C2=O)c1,6.16557929631847,3.8748400000000025
Cc1c(C(=O)NCc2cc(C(F)(F)F)cc(C(F)(F)F)c2)c(-c2ccccc2)cc2nncn12,6.15614457737684,5.672320000000004
c1ccc(CCN[C@H]2C3CCN(CC3)[C@H]2C(c2ccccc2)c2ccccc2)cc1,6.15490195998574,5.113600000000005
COc1ccccc1CN[C@@H]1C2CCN(CC2)[C@H]1c1ccccc1,6.15490195998574,3.620300000000003
CN1CCC(COCc2cc(C(F)(F)F)ccn2)(c2ccc(F)cc2)CC1,6.15490195998574,4.419700000000004
O=C(c1ccc2ccccc2c1)N1CC[C@H](NCc2ccnc3ccccc23)C[C@H]1Cc1ccccc1,6.15490195998574,6.393700000000005
Cc1cc(C)cc(/C(F)=C2/CCC(NC(=O)c3ccnc4ccccc34)CC2Cc2ccccc2)c1,6.14874165128092,7.373640000000006
CN(Cc1cc(C(F)(F)F)cc(C(F)(F)F)c1)Cc1ccccc1-c1ccccc1,6.14026143380285,7.023200000000005
FC(F)(F)c1ccc(COCC2(c3ccccc3)CCNCC2)cc1,6.13667713987954,4.543400000000003
O=C1CCC(CCCN2CCC(n3c(=O)[nH]c4ccccc43)CC2)(c2ccc(Cl)c(Cl)c2)CN1Cc1ccccc1,6.12901118623943,6.814100000000007
CC(=O)NC(Cc1c[nH]c2ccccc12)C(=O)N(C)Cc1ccccc1,6.1249387366083,2.8737000000000013
COc1cccc(COC(=O)[C@H](Cc2c[nH]c3ccccc23)NC(=O)c2ccccc2)c1,6.11918640771921,4.261000000000003
CCNc1cc(C(F)(F)F)cc(COCC2(c3ccc(F)cc3)CCN(C)CC2)n1,6.11918640771921,4.851500000000004
CS(=O)(=O)N1CC2(CCN(CCCC3(c4ccc(Cl)c(Cl)c4)CCC(=O)N(Cc4ccccc4)C3)CC2)c2ccccc21,6.11747546204512,6.647400000000008
CC(=O)NC1(C(=O)OCc2cc(C(F)(F)F)cc(C(F)(F)F)c2)CCc2[nH]c3ccccc3c2C1,6.11633856484638,5.3125000000000036
CC(=O)N[C@H](COCc1cc(C)cc(C)c1)Cc1c[nH]c2ccccc12,6.11520463605102,4.048740000000002
COc1cc(CNC(=O)c2c(-c3ccccc3)c3ccccc3n3nnnc23)cc(OC)c1,6.10790539730952,3.891700000000002
CN1CCN(c2cc(C(F)(F)F)cc(COCC3(c4ccccc4)CCNCC3)n2)CC1,6.10237290870956,3.6902000000000017
CN(Cc1cc(C(F)(F)F)cc(C(F)(F)F)c1)C(=O)N1CC(=O)Nc2ccccc2C1CN1CCOCC1,6.09999903484653,4.603600000000004
O=C(Cc1cc(C(F)(F)F)cc(C(F)(F)F)c1)N[C@H](C(=O)NCCN1CCOCC1)c1ccccc1,6.09999903484653,3.572600000000002
COc1ccccc1C(=O)N1CC2C(=O)N(C)C(=O)C2C12CCN(C(=O)c1cc(C(F)(F)F)cc(C(F)(F)F)c1)CC2,6.09999903484653,4.094600000000003
CN(Cc1ccccc1)C(=O)[C@@H](Cc1ccc2ccccc2c1)NC(=O)[C@H]1CCCN1/C(S)=N/c1ccccc1[N+](=O)[O-],6.09691001300806,5.515800000000006
CSCC[C@@H]1NC(=O)[C@H](CC(C)C)NC(=O)[C@@H]2CNC(=O)C[C@H](NC1=O)C(=O)N[C@@H](Cc1c[nH]c3ccccc13)C(=O)N[C@@H](Cc1ccccc1)C(=O)N2,6.09691001300806,0.19460000000000904
COc1ccccc1CN(C)Cc1c(-c2ccccc2)c2cc(C)c(C)cc2c(=O)n1C,6.09691001300806,5.462940000000005
CN(Cc1ccccc1)C(=O)[C@@H](Cc1ccc(Cl)c(Cl)c1)NC(=O)[C@H]1CCCN1C(=O)Nc1ccccc1[N+](=O)[O-],6.08618614761628,5.284000000000004
O=C(NC(c1ccccc1)c1ccccc1)[C@@H]1CCCN1/C(S)=N/Nc1ccccc1[N+](=O)[O-],6.08092190762393,4.5777000000000045
C[C@@H](O[C@H]1OC[C@H](O)[C@H](O)[C@H]1OCc1ccc(F)cc1)c1cc(C(F)(F)F)cc(C(F)(F)F)c1,6.07935499859321,4.604400000000003
CCOc1ccc(CCNC(=O)N2CCN(CCCC(c3ccc(F)cc3)c3ccc(F)cc3)CC2)cc1,6.0762380391713,5.845500000000006
Cc1cccc(NC(=O)Nc2c(-c3ccccc3)c3cc(C)c(C)cc3c(=O)n2C)c1,6.07572071393812,5.774760000000005
COc1ccccc1C(CNC(=O)Cc1ccc(Cl)cc1)N1CCN(C2CCCCC2)CC1,6.07058107428571,4.6989000000000045
COc1ccccc1CNC(=O)c1c(-c2ccccc2)c2ccccc2c(=O)n1C,6.06550154875643,4.1441000000000034
FC(F)(F)c1cc(CN2CC[C@H](NCc3ccnc4ccccc34)C[C@H]2Cc2ccccc2)cc(C(F)(F)F)c1,6.05551732784983,7.6379000000000055
FC(F)(F)c1cc(CO[C@H]2CCCO[C@H]2c2ccccc2)cc(C(F)(F)F)c1,6.05502409158795,6.161100000000004
O=C1CCC(CCCN2CCC3(CC2)CN(c2ccccc2)NC3=O)(c2ccc(Cl)c(Cl)c2)CN1Cc1ccccc1,6.04963514562388,6.467600000000007
CS(=O)(=O)N1CC2(CCN(C(=O)C(COCc3ccccc3)NCc3c(Cl)cccc3Cl)CC2)c2ccccc21,6.04817696468409,5.008400000000005
Fc1ccc([C@@H]2CCNC[C@H]2COc2ccc3c(c2)OCO3)cc1,6.04575749056068,3.326500000000002
CCCCCN(CCCCC)C(=O)N1CCN(C(=O)N(c2ccccc2)c2ccccc2)[C@H](C(=O)N(C)CCN(C)C)C1,6.03151705144607,5.753300000000006
Clc1cncc(Cl)c1N/N=C/c1ccccc1-c1ccccc1,6.0301183562535,5.501400000000004
COc1ccccc1N1CCN(C(=O)CCc2c(-c3ccc(Cl)cc3)[nH]c3cccc(Cl)c23)CC1,6.02227639471115,6.431700000000005
N#Cc1ccc(COC2C3CCN(CC3)C2C(c2ccccc2)c2ccccc2)cc1,6.02227639471115,5.369780000000006
O=C(Nc1ccccc1)N[C@H]1C2CCN(CC2)[C@H]1C(c1ccccc1)c1ccccc1,6.0,5.103000000000004
CN(Cc1ccccc1)C(=O)[C@H](Cc1ccc2ccccc2c1)NC(=O)[C@@H]1CCCN1C(=O)Nc1ccc([N+](=O)[O-])cc1,6.0,5.130400000000004
CC1c2ccccc2N(C)C(=O)CN1C(=O)N(C)Cc1cc(C(F)(F)F)cc(C(F)(F)F)c1,6.0,5.315600000000004
O=C(N[C@H]1C2CCN(CC2)[C@H]1C(c1ccccc1)c1ccccc1)c1ccccc1,6.0,4.711300000000004
COc1cc(CC(=O)N2CCN(C(=O)CNC3CCN(Cc4ccccc4)CC3)C(c3ccc(Cl)c(Cl)c3)C2)cc(OC)c1OC,6.0,5.228000000000006
O=C(NCc1cc(C(F)(F)F)cc(C(F)(F)F)c1)c1c(CN2C(=O)c3ccccc3C2=O)nc2ccccc2c1-c1ccccc1,6.0,7.665600000000007
O=C(Nc1ccccc1)O[C@H]1C2CCN(CC2)[C@H]1C(c1ccccc1)c1ccccc1,6.0,5.530000000000006
S=C(Nc1ccccc1)N[C@H]1C2CCN(CC2)[C@H]1C(c1ccccc1)c1ccccc1,6.0,5.2679000000000045
CN(Cc1ccccc1)C(=O)N1CC(=O)Nc2ccccc2C1c1ccccc1,6.0,4.282100000000003
O=C(Cc1ccccc1)NC1CCN(CCCN2C(=O)COc3ccccc32)CC1,6.0,2.625400000000001
O=S(=O)(N[C@H]1C2CCN(CC2)[C@H]1C(c1ccccc1)c1ccccc1)c1ccccc1,6.0,4.259800000000004
O=C(O[C@H]1C2CCN(CC2)[C@H]1C(c1ccccc1)c1ccccc1)c1ccccc1,6.0,5.138300000000005
COC(=O)N(NC(=O)c1c(OC)c(-c2ccccc2)nc2ccccc12)c1ccccc1,6.0,4.828200000000004
COC(=O)N(NC(=O)c1c(CN2CCN(C(C)(C)C)CC2)c(-c2ccccc2)nc2c(F)cccc12)c1ccccc1,6.0,5.874800000000006
O=C(c1cc(O)cc(O)c1)N1CCN(C(=O)CNC2CCN(Cc3ccccc3)CC2)C(c2ccc(Cl)c(Cl)c2)C1,6.0,4.684500000000004
O=C(N[C@H]1C2CCN(CC2)[C@H]1C(c1ccccc1)c1ccccc1)Oc1ccccc1,6.0,5.069900000000004
CN1CCN(Cc2nc3ccccc3c(-c3ccccc3)c2C(=O)NCc2cc(C(F)(F)F)cc(C(F)(F)F)c2)CC1,6.0,6.616800000000006
CCCCC1CCN(CCCC(=O)c2ccccc2C)CC1,6.0,4.860120000000005
COc1ccccc1CN[C@H]1CCCN[C@@]12CCc1ccccc12,6.0,3.3785000000000016
O=C(CC1CCN(C(=O)c2cccc(C#Cc3ccccn3)c2)CC1)Nc1ccc(F)cc1,6.0,4.501500000000004
c1ccc([C@H]2NCCC[C@]23CC[C@H](c2ccccc2)N3)cc1,6.0,3.9746000000000024
CN(Cc1ccccc1)C(=O)[C@@H](Cc1ccccc1)NC(=O)[C@H]1CCCN1/C(S)=N/c1ccccc1Br,6.0,5.216900000000006
Cc1cc(C)cc(C(=O)N2C3C=C(c4ccccc4)C2CC(NCc2ccnc4ccccc24)C3)c1,6.0,6.080440000000006
CN(Cc1ccccc1)C(=O)[C@H](Cc1ccccc1)NC(=O)[C@@H]1CCCN1/C(S)=N/Cc1ccccc1,5.99567862621736,4.322900000000003
Cc1cc(O)cc(C)c1C[C@H](N)C(=O)N[C@H](CCCNC(=N)N)C(=O)N[C@H]1Cc2ccccc2CN(CC(=O)N(Cc2ccccc2)CC(C)C)C1=O,5.99139982823808,2.381410000000007
CC(=O)C1(c2ccccc2)CCN(CCCC2(c3ccc(Cl)c(Cl)c3)CCC(=O)N(Cc3ccccc3)C2)CC1,5.9888526392242,7.456800000000008
Cc1cc(C)cc(CN(C)C(=O)[C@H](Cc2c[nH]c3ccccc23)NC(=O)c2ccccc2)c1,5.98589967848038,4.784440000000004
O=C(c1ccccc1Cl)N1CC[C@H](NCc2ccnc3ccccc23)C[C@H]1Cc1ccccc1,5.98296666070122,5.893900000000006
O=C(N[C@@H](Cc1c[nH]c2ccccc12)C(=O)OCc1cccc(Cl)c1)c1ccccc1,5.97881070093006,4.905800000000003
CC(=O)N1CCC2(CC1)C1C(=O)N(c3ccccc3)C(=O)C1CN2C(=O)c1cc(C(F)(F)F)cc(C(F)(F)F)c1,5.9699997184079,4.366900000000004
c1ccc(COCC2(c3ccccc3)CCNCC2)cc1,5.95999928552668,3.524600000000002
COC(=O)c1ccc(COC(=O)N[C@](C)(Cc2c[nH]c3ccccc23)C(=O)N[C@@H](C)c2ccccc2)cc1,5.95999928552668,5.059500000000004
FC(F)(F)c1ccccc1CNC1C2CC3CCC(C2)N3[C@H]1C(c1ccccc1)c1ccccc1,5.95860731484178,6.620900000000006
CN(C(=O)c1ccc(C(F)(F)F)cn1)[C@@H]1CCN(C(=O)C2CCN(C(=O)CO)CC2)C[C@H]1c1ccc(Cl)c(Cl)c1,5.95860731484178,4.094800000000004
C[C@@H](O[C@H]1O[C@H](CO)[C@H](O)[C@H](O)[C@H]1OCc1ccc(F)cc1)c1cc(C(F)(F)F)cc(C(F)(F)F)c1,5.95860731484178,3.9653000000000027
CSN1CC2(CCN(C(=O)N[C@@H](CCc3ccccc3)C(=O)N(C)Cc3ccccc3)CC2)c2ccccc21,5.95860731484178,5.487800000000005
COc1ccc(COC2C3CCN(CC3)C2C(c2ccccc2)c2ccccc2)cc1,5.95350483566529,5.506700000000006
FC(F)(F)c1cc(CC[C@H]2OCCN[C@@H]2c2ccccc2)cc(C(F)(F)F)c1,5.94692155651658,5.386500000000003
Cc1cc(C)cc(COCC(N)Cc2cccc3ccccc23)c1,5.93554201077308,4.5432400000000035
O=C(NCc1cc(C(F)(F)F)cc(C(F)(F)F)c1)c1c(-c2ccccc2)c2ccccc2n2ccnc12,5.90903692340427,7.122100000000004
COc1nc(NCCCN2CCOCC2)nc(OC)c1NC(=O)c1ccc(Oc2cc3c(cc2C)CCC3(C)C)o1,5.90308998699194,4.797820000000004
CN(Cc1ccccc1)C[C@H](Cc1ccc2ccccc2c1)NC(=O)[C@@H]1CCCC[C@@H]1NC(=O)c1c[nH]c2ccccc12,5.89999841719865,6.469200000000006
C[C@@H]1c2nnc(-c3csc(-c4ccc(F)cc4F)n3)n2CCN1C(=O)c1ccc(-c2cccs2)cc1,5.89999841719865,6.2923000000000044
O=C(COc1cc(F)cc(F)c1)N(c1ccc(Cl)c(Cl)c1)C1CCNCC1,5.89999841719865,4.4356000000000035
O=C(NC(c1ccccc1)c1ccccc1)[C@@H]1CCCN1/C(S)=N/Cc1ccccc1F,5.89619627904404,4.981700000000005
COc1ccccc1C/N=C(\S)N1CCC[C@H]1C(=O)N[C@H](Cc1ccccc1)C(=O)N(C)Cc1ccccc1,5.89279003035213,4.331500000000004
CS(=O)(=O)N1CC2(CCN(C(=O)[C@H](COCc3cc(C(F)(F)F)cc(C(F)(F)F)c3)NC(=O)c3ccc(Cl)c(Cl)c3)CC2)c2ccccc21,5.88605664769316,6.686200000000007
O=C(c1ccc(Cl)cc1)N1CC[C@H](NCc2ccnc3ccccc23)C[C@H]1Cc1ccccc1,5.86327943284359,5.893900000000005
O=C(c1ccccc1)N1CC[C@H](NCc2ccnc3ccccc23)C[C@H]1Cc1ccccc1,5.86012091359876,5.240500000000004
CC(C)(C(=O)Nc1ccccc1-c1ccccc1)c1cc(C(F)(F)F)cc(C(F)(F)F)c1,5.86012091359876,7.3075000000000045
C[C@@H](O)[C@@H]1NC(=O)[C@H](Cc2ccccc2)NC(=O)[C@@H](Cc2c[nH]c3ccccc23)NC(=O)[C@H](CC(=O)O)NC(=O)[C@@H]2CCCN2C(=O)[C@H](Cc2ccccc2)NC1=O,5.85729775426238,0.47990000000000715
CC(NC(=O)[C@@](C)(Cc1cc2ccccc2[nH]1)NC(=O)OC(c1ccccc1)C(C)C)c1ccccc1,5.85387196432176,6.470000000000006
COc1cccc([C@H]2[C@H](NCc3ccccc3OC)C3CCN2CC3)c1,5.85387196432176,3.6289000000000025
Cc1cc(C)cc(CNC(=O)[C@H](Cc2c[nH]c3ccccc23)NC(=O)c2ccccc2)c1,5.83356988615672,4.442240000000003
CN1C(=O)N(Cc2cc(C(F)(F)F)cc(C(F)(F)F)c2)C2(CCN(C(=O)c3ccccc3F)CC2)C1=O,5.82999952673565,4.932300000000004
O=C(Cc1cc(C(F)(F)F)cc(C(F)(F)F)c1)N1CCCCC1C(CN1CCC(N2CCCCC2)CC1)c1ccccc1,5.82390874094432,7.381900000000009
CN(Cc1ccccc1)C(=O)Nc1c(-c2ccc(F)cc2)c2ccccc2c(=O)n1C,5.82390874094432,5.008500000000004
Cc1cc(O)cc(C)c1C[C@H](N)C(=O)N[C@H](CCCNC(=N)N)C(=O)N[C@H]1Cc2ccccc2CN(CC(=O)N(C)Cc2ccccc2)C1=O,5.8153085691824,1.3552100000000065
FC(F)(F)c1cc(CC[C@@H]2OCCN[C@@H]2c2ccccc2)cc(C(F)(F)F)c1,5.8153085691824,5.386500000000003
Cc1cc(C)cc(COC(=O)[C@H](N)Cc2c[nH]c3ccccc23)c1,5.81445784514563,3.397940000000002
Cc1cc(C)cc(COC(=O)[C@@H](N)Cc2c[nH]c3ccccc23)c1,5.81445784514563,3.397940000000002
O=C(NC(c1ccccc1)c1ccccc1)[C@@H]1CCCN1/C(S)=N/Cc1ccccc1[N+](=O)[O-],5.80687540164554,4.750800000000005
C[C@H](NC(=O)[C@@](C)(Cc1c[nH]c2ccccc12)NC(=O)OCc1cccc(NC(=O)CCl)c1)c1ccccc1,5.8000008748032,5.450200000000004
O=C(NC1(C(=O)N[C@@H](Cc2ccc3ccccc3c2)c2nnnn2Cc2ccccc2)CCCCC1)c1c[nH]c2ccccc12,5.8000008748032,5.888800000000005
COc1ccccc1N1CCN(C(=O)c2cc(-c3ccc(Cl)cc3)n(C)n2)CC1,5.79588001734408,3.7115000000000027
CCN1C(=O)c2ccccc2[C@H]1[C@@H](CCN1CCC(c2ccccc2[S@+](C)[O-])CC1)c1ccc(Cl)c(Cl)c1,5.79048498545737,7.301100000000008
COc1ccc(N2CN(CC(=O)N3CCC4(CC3)C(=O)N(C)C(=O)N4Cc3cc(C(F)(F)F)cc(C(F)(F)F)c3)CC2=O)cc1OC,5.77000093405071,3.802900000000003
Cc1ccc(-c2c(C(=O)N(C)[C@@H](C)c3ccccc3)n(C)c(=O)c3ncccc23)cc1,5.76955107862173,4.742120000000004
O=C(NC(c1ccccc1)c1ccccc1)[C@@H]1CCCN1C(=S)NCc1ccccc1Br,5.76955107862173,5.193800000000005
FC(F)(F)c1cc(COCC2(c3ccccc3)CCCCC2)cc(C(F)(F)F)c1,5.76955107862173,7.1429000000000045
COc1ccccc1N1CCN(C(=O)c2cc(-c3ccc(Cl)cc3)n[nH]2)CC1,5.74472749489669,3.701100000000002
Clc1ccc(CN[C@H]2C3CCN(CC3)[C@H]2C(c2ccccc2)c2ccccc2)cc1,5.72353819582676,5.724500000000005
COc1ccccc1CN1CCN(C(=O)c2cc(-c3ccc(Cl)cc3)n[nH]2)CC1,5.72124639904717,3.6967000000000017
O=C(N[C@H]1CCCC[C@H]1C(=O)N[C@@H](Cc1ccccc1)C(=O)NCc1ccccc1)c1c[nH]c2ccccc12,5.70000050388302,4.500400000000002
CS(=O)(=O)N1CC2(CCN(C(=O)C(N)COCc3ccccc3)CC2)c2ccccc21,5.69897000433602,1.870500000000001
Cc1c(C2(c3ccc(C(F)(F)F)c(C#N)c3)CC2)c[nH]c1C(=O)NC(C)c1nc[nH]n1,5.69897000433602,3.9026000000000014
CCCCCCCCN1C(=O)NC2(CCN(C(=O)c3cc(C(F)(F)F)cc(C(F)(F)F)c3)CC2)C1=O,5.6899995628145,5.611300000000006
C[C@H](NC(=O)[C@@](C)(Cc1c[nH]c2ccccc12)NC(=O)OCc1c2ccccc2cc2ccccc12)c1ccccc1,5.67999919573527,7.579300000000007
O=C(N[C@@H](Cc1c[nH]c2ccccc12)C(=O)OCc1ccc(C(F)(F)F)cc1)c1ccccc1,5.6675615400844,5.271200000000004
CC(C)[C@H](OC(=O)N[C@](C)(Cc1ccccc1F)C(=O)NCCCCCCCNC(N)=O)c1ccccc1,5.65757731917779,4.985400000000004
COc1ccccc1N1CCN(C(=O)c2cc(-c3ccc(Cl)cc3)nn2C)CC1,5.65757731917779,3.7115000000000027
COc1ccc(CC(=O)NCC(c2ccccc2OC)N2CCN(C3CCCCC3)CC2)cc1,5.65757731917779,4.054100000000003
COc1cc(CNC(=O)CC(c2ccccc2)c2ccccc2)cc(OC)c1,5.65072247253205,4.542200000000004
O=C1C2CN(C(=O)COCc3ccccc3)C3(CCNCC3)C2C(=O)N1Cc1cc(C(F)(F)F)cc(C(F)(F)F)c1,5.63999955502035,4.006600000000002
Cc1cc(C)cc(C(=O)N2CCC(NCc3ccnc4ccccc34)CC2[C@@H](C)c2ccccc2)c1,5.63827216398241,6.418340000000007
Cc1cc(C)cc(COCC(N)Cc2ccc3ccccc3c2)c1,5.63208526120625,4.5432400000000035
Cc1cc(C)cc(COCC(N)Cc2c[nH]c3ccccc23)c1,5.63208526120625,3.871340000000002
Cc1cc(C)cc(COC[C@@H](N)Cc2ccc3ccccc3c2)c1,5.62999978052488,4.5432400000000035
CC(=O)N1CCC2(CC1)C1C(=O)N(Cc3cc(C(F)(F)F)cc(C(F)(F)F)c3)C(=O)C1CN2C(=O)COCc1ccccc1,5.62999978052488,4.265500000000003
Cc1cc(C)cc(COC[C@@H](N)Cc2c[nH]c3ccccc23)c1,5.62999978052488,3.871340000000002
COc1ccccc1C(CNC(=O)Cc1ccccc1)N1CCN(C2CCCCC2)CC1,5.61978875828839,4.045500000000003
O=C(NCCc1ccccc1)C1(Cc2ccccc2)CCc2ccc(Cc3ccccc3)cc21,5.61978875828839,6.063000000000006
Cc1cc(C)cc(COC[C@H](N)c2ccccc2)c1,5.60205999132796,3.5200400000000016
CN(CCc1ccccc1)C(=O)[C@H](Cc1ccccc1)NC(=O)[C@@H]1CCCN1/C(S)=N/Cc1ccccc1Cl,5.60205999132796,5.018800000000006
CS(=O)(=O)N1CCC2(CCN(C(=O)[C@H](COCc3ccc(Cl)c(Cl)c3)NCc3ccccc3)CC2)C1,5.60205999132796,3.9425000000000034
CC(C)(C(=O)N[C@@H](C(=O)N1CCOCC1)c1ccccc1)c1cc(C(F)(F)F)cc(C(F)(F)F)c1,5.59999938302362,4.718100000000004
CC(C)(C(=O)N[C@@H](C(=O)NCCN1CCOCC1)c1ccccc1)c1cc(C(F)(F)F)cc(C(F)(F)F)c1,5.59999938302362,4.307700000000005
O=C1CO[C@@H](/C=C/c2cc(C(F)(F)F)cc(C(F)(F)F)c2)[C@@H](c2ccccc2)N1,5.59687947882418,4.993700000000004
FC(F)(F)c1cc(CO[C@H]2CCCC[C@H]2c2ccccc2)cc(C(F)(F)F)c1,5.57971411505808,6.967200000000005
O=C1OC(Cc2c[nH]c3ccccc23)C(=O)N1Cc1cccc(C(F)(F)F)c1,5.57413985492216,4.276800000000003
Cc1cc(C)cc(C(=O)N2CC[C@H](NCc3ccnc4ccccc34)C[C@H]2c2ccccc2)c1,5.57348873863543,5.987340000000006
O=C1O[C@@H](Cc2c[nH]c3ccccc23)C(=O)N1Cc1cccc(C(F)(F)F)c1,5.57000077514168,4.276800000000003
CN(Cc1ccccc1)C(=O)[C@@H](Cc1ccc2ccccc2c1)NC(=O)[C@H]1CCCN1/C(=N/c1ccccc1[N+](=O)[O-])NC#N,5.56863623584101,4.656680000000004
CC(C)C[C@@H]1NC(=O)[C@@H](Cc2c[nH]c3ccccc23)NC(=O)[C@H](Cc2ccccc2)NC(=O)[C@@H]2CCCN2C(=O)[C@H](Cc2ccccc2)NC(=O)[C@H]([C@@H](C)O)NC1=O,5.56351930499051,2.0513000000000035
COc1ccccc1CNC(=O)c1c(-c2ccccc2)c2ccccc2n2nnnc12,5.56082526015653,3.8831000000000024
Cc1cc(C)cc(COC2/C(=C/c3ccccc3)N3CCC2CC3)c1,5.53268793701945,4.955340000000004
CC(C)[C@H](OC(=O)N[C@](C)(Cc1cccc(F)c1F)C(=O)NCCCCCCCNC(N)=O)c1ccccc1,5.52287874528034,5.124500000000004
CCCCCN(CCCCC)C(=O)N1CCN(C(=O)N(c2ccccc2)c2ccccc2)[C@@H](C(=O)O)C1,5.52287874528034,5.817900000000005
Cc1cc(O)cc(C)c1C[C@H](N)C(=O)N[C@H](CCCNC(N)=O)C(=O)N[C@H]1Cc2ccccc2CN(CCC(=O)N(C)Cc2ccccc2)C1=O,5.52287874528034,1.9305400000000066
COC(=O)C1(Cc2ccccc2)CCc2ccc(Cc3ccccc3)cc21,5.52287874528034,4.877100000000005
O=C(CC(c1ccccc1)c1ccccc1)Nc1cc(C(F)(F)F)cc(C(F)(F)F)c1,5.52215552366124,6.884900000000004
COc1ccccc1CN[C@@H]1C2CCNC1(c1ccccc1)CC=C2C,5.49999967865707,4.008400000000003
CN(Cc1ccccc1)C(=O)[C@@H](Cc1ccccc1)NC(=O)[C@H]1CCCN1/C(S)=N/c1ccccc1Cl,5.49485002168009,5.1078000000000054
O=C(Cc1ccccc1)N1CC[C@H](NCc2ccnc3ccccc23)C[C@H]1Cc1ccccc1,5.48148606012211,5.169400000000005
O=C1C(Cc2c[nH]c3ccccc23)OCCN1Cc1ccccc1,5.45593195564972,3.1380000000000017
Cc1cc2c(-c3ccccc3)c(NC(=O)N(C)CCc3ccccc3)n(C)c(=O)c2cc1C,5.44369749923271,5.528740000000004
O=C(Cc1cc(C(F)(F)F)cc(C(F)(F)F)c1)N1CCCCC1C(c1ccccc1)N1CCC(N2CCCCC2)CC1,5.43179827593301,7.339400000000009
O=C(NCCc1c[nH]c2ccccc12)[C@H](Cc1ccccc1)NC(=O)[C@@H]1CCCN1C(=S)NCc1ccccc1Cl,5.43179827593301,4.746600000000003
O=C(Cc1c[nH]c2ccccc12)N1CCC(Cc2ccccc2)C1,5.43179827593301,3.801600000000003
C[C@H](NC(=O)[C@@](C)(Cc1c[nH]c2ccccc12)NC(=O)OCc1ccc(CNC(=O)OC(C)(C)C)cc1)c1ccccc1,5.43000026779605,6.297600000000006
CN1C(=O)N(Cc2cc(C(F)(F)F)cc(C(F)(F)F)c2)C2(CCN(C(=O)CN3CCC(Cc4ccccc4)CC3)CC2)C1=O,5.43000026779605,5.434100000000005
Clc1ccc(COC(Cn2ccnc2)c2ccc(Cl)cc2Cl)c(Cl)c1,5.4299242946784,6.454800000000002
CCN[C@@H](Cc1c[nH]c2ccccc12)C(=O)OCc1ccccc1,5.42021640338319,3.4319000000000024
O=C(NCC(c1ccccc1)c1ccccc1)c1cc(C(F)(F)F)cc(C(F)(F)F)c1,5.40704642845213,6.286100000000004
C[C@@H]1NC(=O)[C@@H](Cc2c[nH]c3ccccc23)NC(=O)[C@H](Cc2ccccc2)NC(=O)[C@@H]2CCCN2C(=O)[C@H](Cc2ccccc2)NC(=O)[C@H]([C@@H](C)O)NC1=O,5.38795825535473,1.0251000000000037
NC(=O)[C@H](Cc1ccccc1)NC(=O)[C@H](Cc1c[nH]c2ccccc12)NC(=O)OCc1ccccc1,5.3767507096021,3.2182000000000004
COc1ccc(C(=O)N2CC3C(=O)N(Cc4cc(C(F)(F)F)cc(C(F)(F)F)c4)C(=O)C3C23CCNCC3)cc1OC,5.36999951009909,4.120800000000003
O=C1OC(Cc2c[nH]c3ccccc23)C(=O)N1Cc1cc(F)cc(F)c1,5.36906388093581,3.536200000000002
O=C1CN(Cc2cc(C(F)(F)F)cc(C(F)(F)F)c2)C(=O)C(Cc2c[nH]c3ccccc23)N1,5.36321131096563,4.2752000000000026
FC(F)(F)c1ccccc1CNC1C2CC3CCCC(C2)N3[C@H]1C(c1ccccc1)c1ccccc1,5.35654732351381,7.011000000000006
FC(F)(F)c1ccccc1CNC1C2C3CCCC2CN(C3)[C@H]1C(c1ccccc1)c1ccccc1,5.31875876262441,6.726000000000006
COc1ccccc1C/N=C(\S)N1CCC[C@H]1C(=O)NCC(c1ccccc1)c1ccccc1,5.30102999566398,4.893700000000004
O=C(NC(c1ccccc1)c1ccccc1)[C@@H]1CCCN1C(=S)NCc1ccccc1,5.30102999566398,4.431300000000004
COc1ccccc1CN(CC(NC(=O)CN1CCN(c2ccccc2)CC1)C(C)C)C(C)=O,5.30102999566398,3.0067000000000013
CC(=O)N(C)CC(Cc1c[nH]c2ccccc12)NC(=O)CN1CCN(c2ccccc2)CC1,5.30102999566398,2.4957000000000003
CC(=O)N(CC(Cc1c[nH]c2ccccc12)NC(=O)CN1CCN(c2ccccc2)CC1)c1ccccc1,5.30102999566398,4.070500000000004
COc1ccccc1CN(CCNC(=O)CN1CCN(c2ccccc2)CC1)C(C)=O,5.30102999566398,1.9820999999999993
COc1ccccc1C/N=C(\S)N1CCC[C@@H]1C(=O)NC(c1ccccc1)c1ccccc1,5.30102999566398,4.851200000000004
COc1ccc(CCN2CCC(C(=O)c3nc4ccccc4n3Cc3ccc(F)cc3)CC2)cc1,5.2839966563652,5.369700000000005
COc1ccc(COC(=O)[C@H](Cc2c[nH]c3ccccc23)NC(=O)c2ccccc2)cc1,5.25963731050576,4.261000000000003
Cc1cc(C)cc(COC(=O)[C@@H](Cc2c[nH]c3ccccc23)NC(=O)c2ccccc2)c1,5.25963731050576,4.869240000000004
O[C@H]1COC[C@H]1N1CC[C@@H](c2cc3nc(Nc4cnn([C@@H]5CC5(F)F)c4Cl)ncc3cc2Cl)[C@H](F)C1,5.24412514432751,4.343900000000003
Cc1cccc2c1C1(C34C[C@H]5C(=O)N[C@@H](Cc6ccccc6)C(=O)N5[C@H]3Nc3cccc(C)c34)C[C@H]3C(=O)N[C@@H](Cc4ccccc4)C(=O)N3[C@H]1N2,5.24412514432751,3.6664400000000015
O=C1OC(Cc2c[nH]c3ccccc23)C(=O)N1Cc1ccccc1,5.22184874961636,3.258000000000002
O=C1O[C@@H](Cc2c[nH]c3ccccc23)C(=O)N1Cc1ccccc1,5.21999970166343,3.258000000000002
C[C@@H]1c2nnc(-c3csc(N(C)C)n3)n2CCN1C(=O)c1ccc(-c2cccs2)cc1,5.21752737583371,4.4131000000000045
Cc1cc(O)cc(C)c1C[C@H](N)C(=O)N[C@H](CCCNC(=N)N)C(=O)N[C@H]1Cc2ccccc2CN(CC(=O)NCc2ccccc2)C1=O,5.20830935097988,1.0130100000000062
Clc1ccc(COC(Cn2ccnc2)c2ccc(Cl)cc2Cl)cc1,5.18869315991866,5.801400000000003
COCc1nnc(N2CC(Oc3ccc(F)cc3Cl)C2)n1-c1ccc(OC)nc1,5.18708664335714,2.8774000000000006
O=C(Nc1cc(C(F)(F)F)cc(C(F)(F)F)c1)C(c1ccccc1)c1ccccc1,5.1830299622427,6.494800000000004
O=C(NCc1c[nH]c2ccccc12)N1C2CCC(C2)C1Cc1ccccc1,5.17392519729917,4.473100000000004
COc1ccccc1N1CCN(C(=O)c2cc(-c3ccccc3)n[nH]2)CC1,5.17392519729917,3.0477000000000007
Cc1ccc(-c2nnc3n2CCN(C(=O)c2ccc(Cl)c(Cl)c2)[C@@H]3C)o1,5.16115090926274,4.370320000000003
CN(Cc1ccccc1)C(=O)[C@H](Cc1ccc2ccccc2c1)NC(=O)[C@H]1CCCN1C(=O)Nc1ccccc1[N+](=O)[O-],5.14874165128092,5.130400000000004
C[C@H](NC(=O)[C@@](C)(Cc1c[nH]c2ccccc12)NC(=O)OCc1cccc(NS(C)(=O)=O)c1)c1ccccc1,5.13999997606523,4.644400000000004
COc1cc(CN2C(=O)OC(Cc3c[nH]c4ccccc34)C2=O)cc(OC)c1,5.13276828548111,3.2752000000000017
CC(=O)Nc1cccc(COC(=O)N[C@](C)(Cc2c[nH]c3ccccc23)C(=O)N[C@@H](C)c2ccccc2)c1,5.13000014136548,5.231300000000004
CC(C)c1nc(-c2nnc3n2CCN(C(=O)c2ccc(-c4cccs4)cc2)[C@@H]3C)co1,5.1000001283342,5.002000000000005
O=C1OC2(CCN(CCc3c[nH]c4ccc(F)cc34)CC2)CN1Cc1ccccc1,5.1000001283342,4.336500000000004
O=C(N[C@@H](Cc1ccccc1)C(=O)N1CCc2ccccc2C1)[C@@H]1CCCN1C(=S)NCc1ccccc1Cl,5.09691001300806,4.491300000000003
Cc1cc(C)cc(CO[C@@H]2/C(=C/c3ccccc3)N3CCC2CC3)c1,5.08999974148707,4.955340000000004
CC/C(=C(\c1ccccc1)c1ccc(OCCN(C)C)cc1)c1ccccc1,5.068542129311,5.9961000000000055
COc1ccc(CCN2CCC(Nc3nc4ccccc4n3Cc3ccc(F)cc3)CC2)cc1,5.06474471821595,5.351300000000005
Clc1ccccc1C(c1ccccc1)(c1ccccc1)n1ccnc1,5.05814087347463,5.376700000000004
NC(=O)[C@H](Cc1ccccc1)NC(=O)[C@@H](N)Cc1c[nH]c2ccccc12,5.03151705144607,1.2505000000000004
C[C@@H]1c2nnc(-c3csc(C(F)(F)F)n3)n2CCN1C(=O)c1ccc(F)c(Cl)c1,5.0268721464003,4.429900000000003
CC(=O)Nc1ccccc1NC(=O)N1CCC[C@H]1C(=O)N[C@@H](Cc1ccc2ccccc2c1)C(=O)N(C)Cc1ccccc1,5.01772876696043,5.1806000000000045
C[C@@H]1c2nnc(-c3cccc(O)n3)n2CCN1C(=O)c1ccc(-c2cccs2)cc1,5.0,3.9912000000000027
Cc1nc(-c2nnc3n2CCN(C(=O)c2ccc(-c4cccs4)cc2)[C@@H]3C)co1,5.0,4.187020000000003
Cc1noc(-c2nnc3n2CCN(C(=O)c2ccc(-c4cccs4)cc2)[C@@H]3C)n1,5.0,3.5820200000000018
CC(C)(C)OC(=O)N[C@@H](Cc1ccccc1)C(=O)N[C@](C)(Cc1ccccc1)C(=O)NCCCCCCCNC(N)=O,5.0,3.9750000000000023
CC(C)(C(=O)N[C@H](C(=O)NCCN1CCOCC1)c1ccccc1)c1cc(Cl)cc(Cl)c1,5.0,3.5769000000000037
CC(C)(C(=O)N[C@H](C(=O)NCCN1CCOCC1)c1ccccc1)c1ccccc1,5.0,2.270100000000001
Cc1nc(-c2nnc3n2CCN(C(=O)c2ccc(-c4cccs4)cc2)C3)cs1,5.0,4.094520000000003
CC(C)(C)OC(=O)N[C@@H](Cc1ccccc1)C(=O)N[C@](C)(Cc1ccccc1)C(=O)NCCCCCCCCO,5.0,4.689100000000005
CN(Cc1ccncc1)C(=O)[C@H](Cc1ccccc1)NC(=O)[C@@H]1CCCN1/C(S)=N/Cc1ccccc1Cl,5.0,4.371300000000003
CC(C)(C(=O)N[C@H](C(=O)NCCNCCO)c1ccccc1)c1cc(C(F)(F)F)cc(C(F)(F)F)c1,5.0,3.557400000000003
CC[C@H](NC(=O)c1c(O)c(-c2ccccc2)nc2ccccc12)c1ccccc1,5.0,5.488500000000004
N[C@@H](Cc1c[nH]c2ccccc12)C(=O)OCc1ccccc1,5.0,2.7811000000000012
Cc1cc(C)cc(C(C)(C)C(=O)N[C@H](C(=O)NCCN2CCOCC2)c2ccccc2)c1,5.0,2.886940000000002
N[C@H](Cc1c[nH]c2ccccc12)C(=O)OCc1ccccc1,5.0,2.7811000000000012
C[C@H]1Cc2c([nH]c3cc(Cl)c(F)cc23)[C@@]2(N1)C(=O)Nc1ccc(Cl)cc12,5.0,4.343700000000003
O=S(=O)(c1cc(C(F)(F)F)cc(C(F)(F)F)c1)N1CC[C@H](NCc2ccnc3ccccc23)C[C@H]1Cc1ccccc1,5.0,6.826600000000007
Cc1cc(C)cc(/C(F)=C2/CC[C@@H](NC(=O)c3ccnc4ccccc34)C[C@@H]2Cc2ccccc2)c1,5.0,7.373640000000006
Cc1cc(C)cc(/C(F)=C2\CC[C@H](NC(=O)c3ccnc4ccccc34)C[C@H]2Cc2ccccc2)c1,5.0,7.373640000000006
COc1ccccc1[C@@H]1CC[C@@]2(CCCN[C@H]2c2ccccc2)N1,5.0,3.9832000000000027
CC(C)(NC(=O)c1ccccc1-c1ccccc1)c1cc(C(F)(F)F)cc(C(F)(F)F)c1,5.0,7.056300000000005
O=C(NCc1cc(C(F)(F)F)cc(C(F)(F)F)c1)c1ccccc1-c1ccccc1,5.0,6.321200000000005
CC(C)(C(=O)N[C@H](C(=O)NCCCN1CCOCC1)c1ccccc1)c1cc(C(F)(F)F)cc(C(F)(F)F)c1,5.0,4.697800000000005
CC(C)(C)OC(=O)N[C@@](C)(Cc1ccccc1)C(=O)N[C@H](Cc1ccccc1)C(=O)NCCCCCCCCO,5.0,4.689100000000005
COc1cc(N)c(Cl)cc1C(=O)NC1C2CC3CN(C2)CC31,5.0,1.6107000000000002
Cc1cc(C)cc(C(=O)N2CC[C@H](NCc3ccnc4ccccc34)C[C@H]2Cc2ccc(C(=O)O)cc2)c1,5.0,5.555540000000005
O=C1CC[C@](CCN2CC(N3CCC(F)CC3)C2)(c2ccc(Cl)c(Cl)c2)CN1CC1CCC(F)(F)CC1,5.0,6.187300000000008
CSCC[C@H](NC(=O)[C@H](CC(C)C)NC(=O)CNC(=O)[C@H](Cc1ccccc1)N(C)C(=O)[C@H](Cc1ccccc1)NC(=O)[C@H](CC(=O)O)NC(N)=O)C(N)=O,5.0,-0.3344999999999893
CSCC[C@H](NC(=O)[C@H](CC(C)C)NC(=O)CNC(=O)[C@H](C(C)C)N(C)C(=O)[C@H](Cc1ccccc1)NC(=O)[C@H](CC(=O)O)NC(=O)CCC(=O)O)C(N)=O,5.0,-0.6084999999999878
CSCC[C@H](NC(=O)[C@H](CC(C)C)NC(=O)CNC(=O)[C@H](Cc1ccccc1)N(C)C(=O)[C@H](Cc1ccccc1)NC(=O)[C@H](CC(=O)O)NC(=O)NN)C(N)=O,5.0,-0.8298999999999905
COc1ccc2c(C(=O)NCc3ccccc3)cc(-c3ccccc3)nc2c1,5.0,4.840400000000004
COC1Cc2ccccc2C2(CCN(Cc3ccccc3)CC2)O1,5.0,3.723100000000003
CC(C)(C)OC(=O)N[C@@](C)(Cc1ccccc1)C(=O)N[C@H](Cc1ccccc1)C(=O)NCCCCCCCCC(N)=O,5.0,4.572200000000003
COC1Cc2ccccc2C2(CCN(CCCc3ccccc3)CC2)O1,5.0,4.155700000000004
COC1OC2(CCN(Cc3ccccc3)CC2)c2ccccc21,5.0,3.853100000000003
Cc1nsc(-c2nnc3n2CCN(C(=O)c2ccc(Cl)c(Cl)c2)[C@@H]3C)n1,4.98716277529483,3.628820000000003
CN1C(=O)[C@@H]2C[C@@]3([C@@]45C[C@H]6C(=O)N(C)[C@@H](Cc7ccccc7)C(=O)N6[C@@H]4Nc4ccccc45)c4ccccc4N[C@H]3N2C(=O)[C@@H]1Cc1ccccc1,4.92081875395238,3.7340000000000018
C[C@@H]1c2nnc(-c3csc(C(F)(F)F)n3)n2CCN1C(=O)c1ccc(Cl)c(F)c1,4.92081875395238,4.429900000000002
Cc1nsc(-c2nnc3n2CCN(C(=O)c2ccc(-c4cccs4)cc2)[C@@H]3C)n1,4.90000014205763,4.050520000000003
Cc1nc(-c2nnc3n2CCN(C(=O)c2ccc(-c4cccs4)cc2)[C@@H]3C)cs1,4.90000014205763,4.655520000000004
COc1cc2c(cc1-c1c(C)noc1C)ncc1[nH]c(=O)n([C@H](C)c3ccccn3)c12,4.89962945488244,4.162540000000002
Cc1ccc(-c2nnc3n2CCN(C(=O)c2ccc(Cl)c(F)c2)[C@@H]3C)o1,4.88605664769316,3.8560200000000036
C[C@@H]1c2nnc(-c3csc(C(F)(F)F)n3)n2CCN1C(=O)c1ccc(Cl)cc1,4.82390874094432,4.290800000000003
Cc1cc(O)cc(C)c1CC(N)C(=O)NC(CCCNC(=N)N)C(=O)NC(Cc1ccccc1)C(=O)N(C)CC(=O)N(C)Cc1ccccc1,4.79452496325911,1.471410000000007
Cc1cccc(-c2nnc3n2CCN(C(=O)c2ccc(-c4cccs4)cc2)[C@@H]3C)n1,4.76447155309245,4.594020000000004
COc1ccc(C(O)C2NC(=O)CNC(=O)[C@H](C(C)C)NC(=O)CNC(=O)[C@@H]3CCCN3C(=O)[C@@H](Cc3c[nH]c4ccccc34)NC(=O)CNC2=O)cc1,4.74472749489669,-1.0837999999999894
Cc1ccc(-c2nnc3n2CCN(C(=O)c2ccc(F)c(Cl)c2)[C@@H]3C)o1,4.74472749489669,3.8560200000000027
C[C@@H]1c2nnc(-c3csc(C(F)(F)F)n3)n2CCN1C(=O)c1cc(F)c(F)c(F)c1F,4.72124639904717,4.193800000000001
CN(Cc1ccccc1)C(=O)[C@H](Cc1ccc2ccccc2c1)NC(=O)[C@@H]1CCCN1C(=O)Nc1ccccc1N,4.70553377383841,4.804400000000003
Cc1nsc(-c2nnc3n2CCN(C(=O)c2ccc(Cl)c(F)c2)[C@@H]3C)n1,4.70114692359029,3.1145200000000024
Cc1nsc(-c2nnc3n2CCN(C(=O)c2ccc(Cl)c(Cl)c2)C3C)n1,4.67778070526608,3.628820000000003
C[C@@H]1c2nnc(-c3csc(C(F)(F)F)n3)n2CCN1C(=O)c1ccc(F)c(F)c1,4.67778070526608,3.915600000000002
Cc1nsc(-c2nnc3n2CCN(C(=O)c2ccc(F)cc2)[C@@H]3CCO)n1,4.65757731917779,1.82362
Cc1nsc(-c2nnc3n2CCN(C(=O)c2ccc(F)c(Cl)c2)[C@@H]3C)n1,4.65560772631489,3.1145200000000015
CCc1nsc(-c2nnc3n2CCN(C(=O)c2ccc(F)cc2)[C@@H]3C)n1,4.62342304294349,2.7151000000000005
C[C@@H]1c2nnc(-c3csc(C(F)(F)F)n3)n2CCN1C(=O)c1cc(F)c(F)c(F)c1,4.61978875828839,4.054700000000002
Cc1ccc(-c2nnc3n2CCN(C(=O)c2ccc(Cl)cc2)[C@@H]3C)o1,4.60205999132796,3.7169200000000027
COCc1nc2cnc3cc(-c4c(C)noc4C)c(OC[C@H]4CCNC4)cc3c2n1[C@H](C)c1ccccc1,4.60000007460618,5.600340000000005
CNC(=O)c1cc(C(=O)NC2CC2)cn(Cc2ccccc2)c1=O,4.60000007460618,1.1483999999999992
CC(=O)Nc1c(F)cc(C(=O)N[C@H]2CC[C@H](O)CC2)cc1O[C@@H](C)c1ccccc1,4.60000007460618,3.9574000000000034
COc1ccc(N)cc1C[C@]12C[C@H]3C(=O)N[C@@H](Cc4ccccc4)C(=O)N3[C@H]1Nc1ccccc12,4.58502665202918,2.8514999999999997
Cc1ccc(-c2nnc3n2CCN(C(=O)c2cc(F)c(F)c(F)c2)[C@@H]3C)o1,4.56863623584101,3.4808200000000022
C[C@@H]1c2nnc(-c3csc(C(F)(F)F)n3)n2CCN1C(=O)c1ccc(F)c(F)c1F,4.55284196865778,4.054700000000001
Clc1cccc(CN[C@H]2C3CCN(CC3)[C@H]2C(c2ccccc2)c2ccccc2)c1,4.55284196865778,5.724500000000005
CN(Cc1ccccc1)C(=O)[C@H](Cc1cc2ccccc2s1)NC(=O)[C@@H]1CCCN1/C(S)=N/Cc1ccccc1Cl,4.53165266958784,6.191000000000007
Cc1nsc(-c2nnc3n2CCN(C(=O)c2ccc(Cl)cc2)[C@@H]3C)n1,4.52287874528034,2.9754200000000015
Cc1nsc(-c2nnc3n2CCN(C(=O)c2ccccc2C)[C@@H]3C)n1,4.52287874528034,2.630440000000001
COc1cc(C(=O)N2CCn3c(-c4nc(C)ns4)nnc3[C@H]2C)ccc1F,4.52287874528034,2.4697200000000006
Cc1nsc(-c2nnc3n2CCN(C(=O)c2cc(F)c(F)c(F)c2F)[C@@H]3C)n1,4.52287874528034,2.878420000000001
CCc1noc(-c2nnc3n2CCN(C(=O)c2ccc(F)cc2)[C@@H]3C)n1,4.52287874528034,2.246600000000001
Cc1nsc(-c2nnc3n2CCN(C(=O)c2ccc(F)cc2)C3C)n1,4.52287874528034,2.46112
Cc1nsc(-c2nnc3n2CCN(C(=O)c2cccc(F)c2)[C@@H]3C)n1,4.52287874528034,2.46112
Cc1nsc(-c2nnc3n2CCN(C(=O)c2cccc(Cl)c2)[C@@H]3C)n1,4.52287874528034,2.9754200000000015
Cc1nsc(-c2nnc3n2CCN(C(=O)c2ccc(F)cc2F)[C@@H]3C)n1,4.52287874528034,2.600220000000001
Cc1nsc(-c2nnc3n2CCN(C(=O)c2cc(F)cc(F)c2)[C@@H]3C)n1,4.52287874528034,2.600220000000001
Cc1nsc(-c2nnc3n2CCN(C(=O)c2ccc(F)c(Cl)c2)C3C)n1,4.52287874528034,3.1145200000000015
Cc1nsc(-c2nnc3n2CCN(C(=O)c2ccc(Cl)c(F)c2)C3C)n1,4.52287874528034,3.1145200000000024
Cc1noc(-c2nnc3n2CCN(C(=O)c2ccc(F)cc2)[C@@H]3C)n1,4.52287874528034,1.99262
CCc1nsc(-c2nnc3n2CCN(C(=O)c2ccc(F)cc2)C3C)n1,4.52287874528034,2.7151000000000005
CCc1noc(-c2nnc3n2CCN(C(=O)c2ccc(F)cc2)C3C)n1,4.52287874528034,2.246600000000001
C[C@@H]1c2nnc(-c3nc(C(F)F)ns3)n2CCN1C(=O)c1ccc(F)cc1,4.52287874528034,3.090300000000001
C[C@@H]1c2nnc(-c3nc(C(C)(F)F)no3)n2CCN1C(=O)c1ccc(F)cc1,4.52287874528034,2.7959000000000014
Cc1nsc(-c2nnc3n2CCN(C(=O)c2ccc(F)c(F)c2)C3C)n1,4.52287874528034,2.600220000000001
Cc1nsc(-c2nnc3n2CCN(C(=O)c2cc(F)c(F)c(F)c2F)C3C)n1,4.52287874528034,2.878420000000001
Cc1nsc(-c2nnc3n2CCN(C(=O)c2ccc(C#N)cc2)[C@@H]3C)n1,4.52287874528034,2.1936999999999998
COc1cccc(C(=O)N2CCn3c(-c4nc(C)ns4)nnc3[C@H]2C)c1,4.52287874528034,2.3306200000000006
Cc1nsc(-c2nnc3n2CCN(C(=O)c2cccc(O)c2)[C@@H]3C)n1,4.52287874528034,2.0276199999999998
Cc1nsc(-c2nnc3n2CCN(C(=O)c2cc(F)c(F)c(F)c2)C3C)n1,4.52287874528034,2.739320000000001
Cc1nsc(-c2nnc3n2CCN(C(=O)c2ccc(F)c(F)c2F)C3C)n1,4.52287874528034,2.739320000000001
Cc1nsc(-c2nnc3n2CCN(C(=O)c2cc(F)c(F)c(F)c2)[C@@H]3C)n1,4.52287874528034,2.739320000000001
Cc1nsc(-c2nnc3n2CCN(C(=O)c2ccc(F)c(F)c2F)[C@@H]3C)n1,4.52287874528034,2.739320000000001
Cc1nsc(-c2nnc3n2CCN(C(=O)c2ccc(F)c(F)c2)[C@@H]3C)n1,4.52287874528034,2.600220000000001
Cc1ccc(C(=O)N2CCn3c(-c4nc(C)ns4)nnc3[C@H]2C)cc1,4.52287874528034,2.630440000000001
Cc1nsc(-c2nnc3n2CCN(C(=O)c2ccccc2)[C@@H]3C)n1,4.52287874528034,2.32202
Cc1nsc(-c2nnc3n2CCN(C(=O)c2ccc(C(F)(F)F)cc2)[C@@H]3C)n1,4.52287874528034,3.3408200000000017
CCC[C@@H]1c2nnc(-c3nc(C)ns3)n2CCN1C(=O)c1ccc(F)cc1,4.52287874528034,3.2413200000000018
CC[C@@H]1c2nnc(-c3nc(C)ns3)n2CCN1C(=O)c1ccc(F)cc1,4.52287874528034,2.8512200000000014
CC(F)c1noc(-c2nnc3n2CCN(C(=O)c2ccc(F)cc2)C3C)n1,4.52287874528034,2.7147000000000006
CC(F)c1noc(-c2nnc3n2CCN(C(=O)c2ccc(F)cc2)[C@@H]3C)n1,4.52287874528034,2.7147000000000006
C[C@@H]1c2nnc(-c3nc(CC(F)(F)F)no3)n2CCN1C(=O)c1ccc(F)cc1,4.52287874528034,2.7890000000000006
Cc1nsc(-c2nnc3n2CCN(C(=O)c2ccc(F)cc2)[C@@H]3C)n1,4.52287874528034,2.46112
Cc1ccc(-c2nnc3n2CCN(C(=O)c2ccc(F)c(F)c2F)[C@@H]3C)o1,4.52287874528034,3.4808200000000022
C[C@@H]1c2nnc(-c3csc(C(F)(F)F)n3)n2CCN1C(=O)c1ccc(F)cc1,4.52287874528034,3.776500000000002
Cc1ccc(-c2nnc3n2CCN(C(=O)c2cc(F)c(F)c(F)c2F)[C@@H]3C)o1,4.52287874528034,3.6199200000000022
Cc1ccc(-c2nnc3n2CCN(C(=O)c2ccc(F)c(F)c2)[C@@H]3C)o1,4.52287874528034,3.3417200000000022
Cc1nc(-c2nnc3n2CCN(C(=O)c2ccc(F)cc2)[C@@H]3C)cs1,4.52287874528034,3.0661200000000015
Cc1ccc(-c2nnc3n2CCN(C(=O)c2ccc(F)cc2)[C@@H]3C)o1,4.52287874528034,3.2026200000000022
Cc1nsc(-c2nnc3n2CCN(C(=O)c2ccc(F)cc2)C3)n1,4.52287874528034,1.90012
Cc1nsc(-c2nnc3n2CCN(C(=O)c2ccc(Cl)cc2)C3)n1,4.52287874528034,2.4144200000000007
Cc1nsc(-c2nnc3n2CCN(C(=O)c2ccc(Cl)c(F)c2)C3)n1,4.52287874528034,2.5535200000000007
Cc1nsc(-c2nnc3n2CCN(C(=O)c2ccc(F)c(Cl)c2)C3)n1,4.52287874528034,2.5535200000000007
Cc1nsc(-c2nnc3n2CCN(C(=O)c2ccc(F)c(F)c2F)C3)n1,4.52287874528034,2.1783200000000003
Cc1nsc(-c2nnc3n2CCN(C(=O)c2ccc(F)c(F)c2)C3)n1,4.52287874528034,2.0392200000000003
[C-]#[N+]c1ccc(C(=O)N2CCn3c(-c4nc(C)ns4)nnc3[C@H]2C)cc1,4.52287874528034,2.872810000000001
C[C@H](F)c1noc(-c2nnc3n2CCN(C(=O)c2ccc(F)cc2)[C@@H]3C)n1,4.52287874528034,2.7147000000000006
C[C@@H]1c2nnc(-c3nc([C@@H](C)F)no3)n2CCN1C(=O)c1ccc(F)cc1,4.52287874528034,2.7147000000000006
Cc1nsc(-c2nnc3n2CCN(C(=O)c2cc(F)c(F)c(F)c2)C3)n1,4.52287874528034,2.1783200000000003
Cc1nsc(-c2nnc3n2CCN(C(=O)c2ccc(Cl)cc2)C3C)n1,4.49485002168009,2.9754200000000015
COc1ccccc1CN[C@H]1C2CCC(CC2)[C@H]1C(c1ccccc1)c1ccccc1,4.49485002168009,6.421700000000007
COc1ccc(N)cc1C[C@@]12C[C@H]3C(=O)N[C@@H](Cc4ccccc4)C(=O)N3[C@@H]1Nc1ccccc12,4.42021640338319,2.8514999999999997
CCc1noc(-c2nnc3n2CCN(C(=O)c2ccc(-c4cccs4)cc2)[C@@H]3C)n1,4.39794000867204,3.836000000000003
CCNC(=O)C[C@@H]1N=C(c2ccc(Cl)cc2)c2cc(OC)ccc2-n2c(C)nnc21,4.39794000867204,3.6560200000000025
CC(C)C[C@H](NC(=O)CNC(=O)OCc1ccccc1)C(=O)N[C@@H](Cc1c[nH]c2ccccc12)C(=O)OCc1cc(C(F)(F)F)cc(C(F)(F)F)c1,4.39794000867204,6.433500000000005
CC(C)[C@@H]1NC(=O)CNC(=O)[C@@H]2CCCN2C(=O)[C@@H](Cc2c[nH]c3ccccc23)NC(=O)CNC(=O)[C@H](Cc2ccc(OC(C)(C)C)cc2)NC(=O)CNC1=O,4.31875876262441,0.5940000000000089
O=C1N[C@@H](Cc2ccccc2)C(=O)N2[C@H]3Nc4ccccc4[C@@]3(Cc3cc([N+](=O)[O-])ccc3O)C[C@@H]12,4.31875876262441,2.8745000000000003
CC1(C)OC(=O)N([C@H]2CC[C@H](c3cnc(N)c(-c4ncccn4)c3)CC2)[C@H]1c1ccccc1,4.31425826139774,5.119100000000004
COc1ccccc1C/N=C(\NC#N)N1CCC[C@H]1C(=O)NC(c1ccccc1)c1ccccc1,4.30102999566398,3.9920800000000023
COc1ccccc1C/N=C(\S)N1CCC[C@H]1C(=O)N(Cc1ccccc1)Cc1ccccc1,4.30102999566398,5.174400000000005
COc1ccccc1COC(=O)N1CCC[C@H]1C(=O)NC(c1ccccc1)c1ccccc1,4.30102999566398,4.702000000000004
Nc1ccccc1C/N=C(\S)N1CCC[C@H]1C(=O)NC(c1ccccc1)c1ccccc1,4.30102999566398,4.424800000000004
COc1ccccc1C/N=C(\S)N1CCC[C@H]1C(=O)NC(Cc1ccccc1)Cc1ccccc1,4.30102999566398,4.915600000000005
COc1ccccc1CNC(=O)N1CCC[C@H]1C(=O)NC(c1ccccc1)c1ccccc1,4.30102999566398,4.275000000000003
O=C(NC(c1ccccc1)c1ccccc1)[C@H]1CCCN1/C(S)=N/Nc1ccccc1[N+](=O)[O-],4.30102999566398,4.5777000000000045
CSCCNS(=O)(=O)c1ccc(N/N=C(\S)N2CCC[C@@H]2C(=O)NC(c2ccccc2)c2ccccc2)c([N+](=O)[O-])c1,4.30102999566398,4.219000000000003
Fc1ccc(-c2noc(C3CCN(c4cnc5ccc(Cl)cc5c4)CC3)n2)c(Cl)c1,4.30102999566398,6.114700000000004
COc1ccc(S(=O)(=O)Nc2c(C)cc(C)cc2C)cc1,4.30000002913909,3.421260000000002
COc1ccc([N+](=O)[O-])cc1C[C@]12C[C@H]3C(=O)N[C@@H](Cc4ccccc4)C(=O)N3[C@H]1Nc1ccccc12,4.26760624017703,3.177500000000001
CN(Cc1ccccc1)C(=O)[C@@H](Cc1ccc2ccccc2c1)NC(=O)[C@H]1CCCN1C(=N)Nc1ccccc1[N+](=O)[O-],4.21752737583371,4.945170000000004
CO[C@H](C(=O)Nc1nnc(N[C@@H]2CCN(c3cccnn3)C2)s1)c1ccccc1,4.14874165128092,2.3450999999999995
COc1ccc(CC2NC(=O)CNC(=O)[C@H](C(C)C)NC(=O)CNC(=O)[C@@H]3CCCN3C(=O)[C@@H](Cc3c[nH]c4ccccc34)NC(=O)CNC2=O)cc1,4.14266750356873,-0.5746999999999911
COC(=O)C1=C2CCC(C(=O)N[C@@H](CCc3c[nH]c4ccccc34)C(=O)NCc3cc(C(F)(F)F)cc(C(F)(F)F)c3)N2C(=O)C(NC(C)=O)C1,4.10237290870956,4.265800000000002
CN(Cc1ccccc1)C(=O)[C@H](Cc1ccc2ccccc2c1)NC(=O)[C@@H]1CCCN1C(=O)Nc1ccccc1[N+](=O)[O-],4.08407278830288,5.130400000000004
COc1ccc([N+](=O)[O-])cc1C[C@@]12C[C@H]3C(=O)N[C@@H](Cc4ccccc4)C(=O)N3[C@@H]1Nc1ccccc12,4.05551732784983,3.177500000000001
CC(C)[C@@H]1NC(=O)CNC(=O)[C@@H]2CCCN2C(=O)[C@H](Cc2c[nH]c3ccccc23)NC(=O)CNC(=O)[C@H](Cc2ccc(OC(C)(C)C)cc2)NC(=O)CNC1=O,4.03151705144607,0.5940000000000089
C[C@@]12NC(=O)[C@@H](C[C@@]13c1ccccc1N1C(=O)CN[C@@H]13)n1c2nc2ccccc2c1=O,4.02227639471115,0.9001999999999999
O=C1N[C@@H](Cc2ccccc2)C(=O)N2[C@H]1C[C@@]1(Cc3cc([N+](=O)[O-])ccc3O)c3ccccc3N[C@@H]21,4.00877392430751,2.8745000000000003
O=C1N[C@@H](Cc2ccccc2)C(=O)N2[C@H]1C[C@@]1(O)c3ccccc3N[C@@H]21,4.0,0.9677999999999991
CC(C)[C@@H]1NC(=O)CNC(=O)[C@@H]2CCCN2C(=O)[C@@H](Cc2c[nH]c3ccccc23)NC(=O)CNC(=O)[C@H](Cc2ccc3[nH]ccc3c2)NC(=O)CNC1=O,4.0,-0.10199999999999182
COC(=O)[C@H](NC(=O)c1cc(-c2ccccc2)nc2ccccc12)c1ccccc1,4.0,4.545900000000003
CC[C@H](NC(=O)c1c(OC)c(-c2ccccc2)nc2ccccc12)c1ccccc1,4.0,5.791500000000005
CC[C@@H](NC(=O)c1c(N)c(-c2ccccc2)nc2ccccc12)c1ccccc1,4.0,5.3651000000000035
O=C(Cc1ccccc1)N[C@H](C(=O)NCCN1CCOCC1)c1ccccc1,4.0,1.5350000000000001
CC(C)[C@@H]1NC(=O)CNC(=O)[C@@H]2CCCN2C(=O)[C@@H](Cc2c[nH]c3ccccc23)NC(=O)CNC(=O)C(C(O)c2ccc(O)cc2)NC(=O)CNC1=O,4.0,-1.3867999999999907
COC(=O)[C@@H](NC(=O)c1cc(-c2ccccc2)nc2ccccc12)c1ccccc1,4.0,4.545900000000003
CC[C@H](NC(=O)c1cc(-c2ccccc2)nc2ccccc12)c1ccccc1,4.0,5.782900000000005
CCc1c(-c2ccccc2)nc2ccccc2c1C(=O)N[C@H](CC)c1ccccc1,4.0,6.345300000000005
CC[C@@H](NC(=O)c1cc(-c2ccccc2)nc2ccccc12)c1ccccc1,4.0,5.782900000000005
CC[C@@H](NC(=O)c1c(OCCO)c(-c2ccccc2)nc2ccccc12)c1ccccc1,4.0,5.154000000000004
CC[C@@H](NC(=O)c1c(C)c(-c2ccccc2)nc2ccccc12)c1ccccc1,4.0,6.091320000000005
COC(=O)C1=C2CCC(C(=O)N[C@@H](CCc3c[nH]c4ccccc34)C(=O)N(C)Cc3ccccc3)N2C(=O)C(NC(=O)OCc2ccccc2)C1,4.0,4.360700000000002
CC[C@H](NC(=O)c1c(C)c(-c2ccccc2)nc2ccccc12)c1ccccc1,4.0,6.091320000000005
CC[C@@H](NC(=O)c1c(O)c(-c2ccccc2)nc2ccccc12)c1ccccc1,4.0,5.488500000000004
COC(=O)C(NC(=O)c1cc(-c2ccccc2)nc2ccccc12)c1ccccc1,4.0,4.545900000000003
CN(C(=O)[C@H](Cc1ccccc1)NC(=O)[C@@H]1CCCN1/C(S)=N/Cc1ccccc1Cl)c1ccccc1,4.0,4.980700000000004
CSCCNS(=O)(=O)c1ccc(N/N=C(\S)N2CCC[C@@H]2C(=O)NCc2ccccc2)c([N+](=O)[O-])c1,4.0,2.6296
CC[C@@H](NC(=O)c1c(OCC(=O)O)c(-c2ccccc2)nc2ccccc12)c1ccccc1,4.0,5.246300000000004
CC[C@@H](NC(=O)c1c(CN(C)C)c(-c2ccccc2)nc2ccccc12)c1ccccc1,4.0,5.844500000000005
O=C1[C@@H]2C[C@]3(Cc4cc([N+](=O)[O-])ccc4O)c4ccccc4N[C@@H]3N2C(=O)[C@H](Cc2ccccc2)N1Cc1cc([N+](=O)[O-])ccc1O,4.0,4.4009000000000045
O=C1[C@@H]2C[C@@]3(Cc4cc([N+](=O)[O-])ccc4O)c4ccccc4N[C@H]3N2C(=O)[C@H](Cc2ccccc2)N1Cc1cc([N+](=O)[O-])ccc1O,4.0,4.4009000000000045
CC(C)[C@@H]1NC(=O)CNC(=O)[C@@H]2CCCN2C(=O)[C@@H](Cc2c[nH]c3ccccc23)NC(=O)CNC(=O)[C@H](Cc2ccc(O)cc2)NC(=O)CNC1=O,4.0,-0.8776999999999906
CN(Cc1ccccc1)C(=O)[C@@H](Cc1ccccc1)NC(=O)[C@H]1CCCN1/C(S)=N/c1ccccc1[N+](=O)[O-],4.0,4.362600000000003
CSCCNS(=O)(=O)c1ccc(N/N=C(\S)N2CCC[C@H]2C(=O)NCc2ccccc2)c([N+](=O)[O-])c1,4.0,2.6296
O=C1N[C@@H](Cc2ccccc2)C(=O)N2[C@H]3Nc4ccccc4[C@@]3(O)C[C@@H]12,4.0,0.9677999999999991
COC(=O)C1=C2CCC(C(=O)N[C@@H](CCc3c[nH]c4ccccc34)C(=O)N(C)Cc3ccccc3)N2C(=O)C(NC(C)=O)C1,3.80134291304558,2.5703999999999994
C=CC(C)(C)[C@@]12C[C@H]3C(=O)Nc4ccccc4C(=O)N3[C@@H]1N(C(C)=O)c1ccccc12,3.76955107862173,3.6960000000000024
N#CC1=C(N)OC(c2ccccn2)=C(S(=O)(=O)c2ccccc2)C1c1ccc([N+](=O)[O-])cc1,3.69897000433602,3.6401800000000026
CN(Cc1ccccc1)C(=O)[C@@H](Cc1ccc2ccccc2c1)NC(=O)[C@@H]1CCCN1C(=O)Nc1ccccc1[N+](=O)[O-],3.56224943717961,5.130400000000004
