SMILES,pIC50,logP
O=C(NCc1cc(C(F)(F)F)cc(C(F)(F)F)c1)c1c(CO)nc2ccccc2c1-c1ccccc1,13.0,6.361700000000005
CC(C)C[C@H](NC(=O)[C@@H]1CCCN1C(=O)[C@H](CO[C@@H]1O[C@H](CO)[C@@H](O)[C@H](O)[C@H]1O)NC(=O)[C@H](Cc1ccccc1)NC(=O)CNC(=O)[C@@H](C)NC(=O)[C@@H](N)Cc1ccc(O)cc1)C(=O)N[C@@H](Cc1c[nH]c2ccccc12)C(=O)NCc1cc(C(F)(F)F)cc(C(F)(F)F)c1,12.20999647960951,0.9964000000000003
NCc1nc2ccccc2c(-c2ccccc2)c1C(=O)NCc1cc(C(F)(F)F)cc(C(F)(F)F)c1,11.769551078621726,6.328100000000004
CCCC[C@H](NC(=O)[C@H](Cc1ccccc1)NC(=O)CNC(=O)[C@@H](C)NC(=O)[C@@H](N)Cc1ccc(O)cc1)C(=O)N1CCC[C@H]1C(=O)N[C@@H](CC(C)C)C(=O)N[C@@H](Cc1c[nH]c2ccccc12)C(=O)NCc1cc(C(F)(F)F)cc(C(F)(F)F)c1,11.569924944448061,5.370100000000014
C[C@@H](NC(=O)[C@@H](N)Cc1ccc(O)cc1)C(=O)N[C@@H](Cc1c[nH]c2ccccc12)C(=O)OCc1cc(C(F)(F)F)cc(C(F)(F)F)c1,11.397940008672037,4.7565000000000035
C[C@@H](NC(=O)[C@@H](N)Cc1ccc(O)cc1)C(=O)NCC(=O)N[C@@H](Cc1ccc(F)cc1)C(=O)NCC(=O)N[C@@H](Cc1c[nH]c2ccccc12)C(=O)OCc1cc(C(F)(F)F)cc(C(F)(F)F)c1,11.397940008672037,3.8555000000000064
CC(C)C[C@H](NC(=O)[C@@H]1CCCN1C(=O)[C@@H]1NC(=O)[C@H](Cc2ccccc2)NC(=O)CNC(=O)[C@@H](NC(=O)[C@@H](N)Cc2ccc(O)cc2)C(C)(C)SSC1(C)C)C(=O)N[C@@H](Cc1c[nH]c2ccccc12)C(=O)NCc1cc(C(F)(F)F)cc(C(F)(F)F)c1,11.275724130399212,6.112200000000016
C[C@@H](NC(=O)[C@@H](N)Cc1ccc(O)cc1)C(=O)NCC(=O)N[C@@H](Cc1ccccc1)C(=O)NCC(=O)N[C@@H](Cc1c[nH]c2ccccc12)C(=O)OCc1cc(C(F)(F)F)cc(C(F)(F)F)c1,11.244125144327509,3.7164000000000064
CSCC[C@H](NC(=O)[C@H](Cc1ccccc1)NC(=O)CNC(=O)[C@@H](C)NC(=O)[C@@H](N)Cc1ccc(O)cc1)C(=O)N1CCC[C@H]1C(=O)N[C@@H](CC(C)C)C(=O)N[C@@H](Cc1c[nH]c2ccccc12)C(=O)NCc1cc(C(F)(F)F)cc(C(F)(F)F)c1,11.187086643357144,4.933000000000013
CSCC[C@H](NC(=O)[C@H](Cc1ccccc1)NC(=O)CNC(=O)[C@@H](C)NC(=O)[C@@H](N)Cc1c(C)cc(O)cc1C)C(=O)N1CCC[C@H]1C(=O)N[C@@H](CC(C)C)C(=O)N[C@@H](Cc1c[nH]c2ccccc12)C(=O)NCc1cc(C(F)(F)F)cc(C(F)(F)F)c1,11.102372908709558,5.549840000000015
CC(C)C[C@H](NC(=O)[C@H](Cc1ccccc1)NC(=O)CNC(=O)[C@@H](C)NC(=O)[C@@H](N)Cc1ccc(O)cc1)C(=O)N[C@@H](Cc1c[nH]c2ccccc12)C(=O)OCc1cc(C(F)(F)F)cc(C(F)(F)F)c1,11.045757490560675,5.131100000000007
O=C(NCc1cc(C(F)(F)F)cc(C(F)(F)F)c1)c1c(CBr)nc2ccccc2c1-c1ccccc1,11.0,7.764300000000005
CC(=O)N[C@H]1CC[C@@](CO[C@H](C)c2cc(C(F)(F)F)cc(C(F)(F)F)c2)(c2ccccc2)NC1,11.0,5.585400000000006
CNCc1nc2ccccc2c(-c2ccccc2)c1C(=O)NCc1cc(C(F)(F)F)cc(C(F)(F)F)c1,10.96,6.5888000000000035
COc1ccc(OC(F)(F)F)cc1CN[C@H]1CCCN[C@H]1c1ccccc1.Cl.Cl,10.92,5.020300000000005
C[C@@H](O[C@H]1CN2C(=O)C=CCC2[C@@H]1c1ccc(F)cc1)c1cc(C(F)(F)F)cc(C(F)(F)F)c1,10.89,6.264000000000005
Cc1cc(O)cc(C)c1C[C@H](N)C(=O)N[C@H](C)C(=O)N[C@@H](Cc1c[nH]c2ccccc12)C(=O)OCc1cc(C(F)(F)F)cc(C(F)(F)F)c1,10.8,5.373340000000004
Cc1cc(F)ccc1[C@H]1CN(C(=O)C(N)=O)CC[C@@H]1C(=O)N(C)[C@@H](C)c1cc(C(F)(F)F)cc(C(F)(F)F)c1,10.77,4.808720000000004
COc1ccc(-n2nnnc2C(F)(F)F)cc1CN[C@H]1CCN(C(=O)CNC(C)=O)C[C@H]1c1ccccc1,10.77,2.3000999999999996
Cc1cc(F)ccc1[C@H]1CN(C(=O)C(N)=O)CC[C@@H]1C(=O)N(C)Cc1cc(C(F)(F)F)cc(C(F)(F)F)c1,10.7,4.247720000000003
C[C@@H](OCC1(c2ccccc2)CC(N)C1)c1cc(C(F)(F)F)cc(C(F)(F)F)c1,10.7,5.8609000000000036
COc1ccc(-n2nnnc2C(F)(F)F)cc1CN[C@H]1CCCN[C@H]1c1ccccc1.Cl.Cl,10.6,4.1162000000000045
COc1ccc(-n2nnnc2C(F)(F)F)cc1CN[C@H]1CCN(C(=O)CCCNC(C)=O)C[C@H]1c1ccccc1.Cl,10.6,3.5021000000000018
CC(=O)N1CCC(C(=O)N2C[C@H](c3ccc(F)cc3)[C@@H](N(C)C(=O)N(C)c3cc(C(F)(F)F)cc(C(F)(F)F)c3)C2)CC1,10.57,5.604400000000006
CC(=O)N1CCC(C(=O)N2C[C@@H](N(C)C(=O)N(C)c3cc(Cl)cc(Cl)c3)[C@H](c3ccc(F)cc3)C2)CC1,10.54,4.873600000000005
CN(C(=O)N(C)[C@@H]1CN(C(=O)N2CCN(S(C)(=O)=O)CC2)C[C@H]1c1ccc(F)cc1)c1cc(C(F)(F)F)cc(C(F)(F)F)c1,10.52,4.516500000000006
C[C@@H](NC(=O)[C@@H](N)Cc1ccc(O)cc1)C(=O)NCC(=O)N[C@@H](Cc1c[nH]c2ccccc12)C(=O)OCc1cc(C(F)(F)F)cc(C(F)(F)F)c1,10.52,3.8727000000000036
CN(Cc1cc(C(F)(F)F)cc(C(F)(F)F)c1)C(=O)c1cnc2ccccc2c1-c1ccccc1,10.52,7.211600000000005
CC(=O)N1CCC(C(=O)N2C[C@@H](c3noc(C(C)(C)c4cc(C(F)(F)F)cc(C(F)(F)F)c4)n3)[C@H](c3ccc(F)cc3C)C2)CC1,10.52,6.848720000000007
Cc1cc(F)ccc1[C@H]1CNCCN1C(=O)N(C)[C@H](C)c1cc(C(F)(F)F)cc(C(F)(F)F)c1,10.52,5.931020000000005
CC(=O)N1CCC(C(=O)N2CC[C@@H](N(C)C(=O)N(C)c3cc(C(F)(F)F)cc(C(F)(F)F)c3)[C@H](c3ccc(Cl)c(Cl)c3)C2)CC1,10.51,7.1622000000000074
COc1ccc(-c2ccsc2)cc1CN[C@H]1CCCN[C@H]1c1ccccc1,10.5,5.006600000000003
CC(=O)N1CCC(C(=O)N2CC(c3ccc(F)cn3)[C@H](N(C)C(=O)N(C)c3cc(C(F)(F)F)cc(C(F)(F)F)c3)C2)CC1,10.49,4.999400000000005
CC(=O)N1CCC(C(=O)N2CC[C@H](C(=O)N(C)Cc3cc(C(F)(F)F)cc(C(F)(F)F)c3)[C@@H](c3ccccc3C)C2)CC1,10.49,5.8818200000000065
CSCC[C@H](NC(=O)[C@H](Cc1ccccc1)NC(=O)CNC(=O)[C@@H](C)NC(=O)[C@@H](N)Cc1ccc(O)cc1)C(=O)N[C@@H](C)C(=O)N[C@@H](CC(C)C)C(=O)N[C@@H](Cc1c[nH]c2ccccc12)C(=O)OCc1cc(C(F)(F)F)cc(C(F)(F)F)c1,10.47,4.873700000000014
Cc1cc(F)ccc1[C@H]1CN(C(N)=O)CC[C@@H]1C(=O)N(C)Cc1cc(C(F)(F)F)cc(C(F)(F)F)c1,10.46,5.314520000000004
CN(C(=O)N(C)[C@@H]1CN(C(=O)NC2CCOCC2)C[C@H]1c1ccc(F)cc1)c1cc(C(F)(F)F)cc(C(F)(F)F)c1,10.41,5.707900000000006
CCNC(=O)N1CC[C@H](NCc2cc(-n3nnnc3C(F)(F)F)ccc2OC)[C@H](c2ccccc2)C1.Cl,10.41,3.7887000000000026
CCCc1nnnn1-c1ccc(OC)c(CN[C@H]2CCCN[C@H]2c2ccccc2)c1.Cl.Cl,10.4,4.049900000000004
COc1ccc(-n2cnnn2)cc1CN[C@H]1CCCN[C@H]1c1ccccc1.Cl.Cl,10.4,3.0974000000000013
COc1ccc(-n2nnnc2SC)cc1CN[C@H]1CCCN[C@H]1c1ccccc1.Cl.Cl,10.4,3.8193000000000032
C[C@@H](O[C@H]1CN2C(=O)C(C)(O)C[C@H]2[C@@H]1c1ccc(F)cc1)c1cc(C(F)(F)F)cc(C(F)(F)F)c1,10.4,5.4588000000000045
C[C@@H](O[C@H]1CN2C(=O)C=C(C3CCN(C(C)(C)C)CC3)CC2[C@@H]1c1ccc(F)cc1)c1cc(C(F)(F)F)cc(C(F)(F)F)c1,10.39,8.144700000000007
CC(=O)NCC(=O)N1CC[C@H](C(=O)N(C)Cc2cc(C(F)(F)F)cc(C(F)(F)F)c2)[C@@H](c2ccc(F)cc2C)C1,10.37,4.898520000000004
CCNC(=O)N1CC[C@H](NCc2cc(-n3nnnc3C(F)(F)F)ccc2OC2CC2)[C@H](c2ccccc2)C1.Cl,10.36,4.3213000000000035
Cc1cc(F)ccc1[C@H]1CN(C(=O)C(=O)NO)CC[C@@H]1C(=O)N(C)Cc1cc(C(F)(F)F)cc(C(F)(F)F)c1,10.34,4.267820000000003
CC(C)C[C@H](NC(=O)[C@@H]1CCCN1C(=O)[C@H](Cc1ccccc1)NC(=O)CNC(=O)[C@@H](C)NC(=O)[C@@H](N)Cc1ccc(O)cc1)C(=O)N[C@@H](Cc1c[nH]c2ccccc12)C(=O)OCc1cc(C(F)(F)F)cc(C(F)(F)F)c1,10.34,5.1221000000000085
CC(=O)N1CCC(C(=O)N2CC[C@H](C(=O)N(C)Cc3cc(C(F)(F)F)cc(C(F)(F)F)c3)[C@@H](c3ccc(F)cc3C)C2)CC1,10.33,6.0209200000000065
CNC(=O)N1CC[C@H](C(=O)N(C)Cc2cc(C(F)(F)F)cc(C(F)(F)F)c2)[C@@H](c2ccc(F)cc2C)C1,10.32,5.575220000000005
COC(=O)N[C@H]1CC[C@H](C(=O)N2C[C@@H](N(C)C(=O)N(C)c3cc(C(F)(F)F)cc(C(F)(F)F)c3)[C@H](c3ccc(F)cc3)C2)CC1,10.31,6.260700000000006
CSCC[C@H](NC(=O)CNC(=O)[C@@H](NC(=O)CNC(=O)[C@@H](NC(=O)[C@H](NC(=O)[C@H](CC(N)=O)NC(=O)[C@H](CCCNC(=N)N)NC(=O)[C@H](Cc1ccccc1)NC(=O)[C@@H](N)CO)C(C)(C)C)C(C)C)[C@@H](C)O)C(=O)N[C@@H](CCCCN)C(=O)N[C@@H](CCCCN)C(=O)N[C@H](C(=O)N[C@@H](CO)C(=O)N[C@@H](Cc1ccccc1)C(=O)N[C@@H](CCC(N)=O)C(=O)N[C@@H](CCCNC(=N)N)C(=O)N[C@@H](C)C(=O)N[C@@H](CCCCN)C(=O)N[C@@H](CO)C(=O)O)[C@@H](C)O,10.31,-13.374259999999904
COc1ccc(-n2nnnc2C(F)(F)F)cc1CN[C@H]1CCN(C(C)=O)C[C@H]1c1ccccc1.Cl,10.31,3.605700000000003
COc1ccc(-c2c(C)noc2C)cc1CN[C@H]1CCCN[C@H]1c1ccccc1,10.3,4.549940000000003
COc1ccc(Br)cc1CN[C@H]1CCCN[C@H]1c1ccccc1,10.3,4.040600000000002
Cc1cc(F)ccc1-c1cc(C2CNC(=O)C2CO)ncc1N(C)C(=O)C(C)(C)c1cc(C(F)(F)F)cc(C(F)(F)F)c1.Cl,10.3,6.4180200000000065
C[C@@H](O[C@H]1CN2C(=O)C(n3cnnc3)C[C@H]2[C@@H]1c1ccc(F)cc1)c1cc(C(F)(F)F)cc(C(F)(F)F)c1,10.3,5.540600000000004
O=c1[nH]nc(CN2CCC[C@H](OCc3cc(C(F)(F)F)cc(C(F)(F)F)c3)[C@@H]2c2ccccc2)[nH]1,10.3,5.058100000000003
COc1ccc(-n2cnnn2)cc1CN[C@H]1CCCN[C@H]1c1ccccc1,10.3,2.2538
CCc1nnnn1-c1ccc(OC)c(CN[C@H]2CCCN[C@H]2c2ccccc2)c1.Cl.Cl,10.3,3.6598000000000024
COc1ccc(-n2nnnc2C)cc1CN[C@H]1CCCN[C@H]1c1ccccc1.Cl.Cl,10.3,3.405820000000002
C[C@@H](NC(=O)[C@@H](N)Cc1ccc(O)cc1)C(=O)NCC(=O)N[C@@H](Cc1ccccc1)C(=O)NCCC(=O)N[C@@H](Cc1c[nH]c2ccccc12)C(=O)OCc1cc(C(F)(F)F)cc(C(F)(F)F)c1,10.3,4.106500000000007
CC(=O)N1CCC(C(=O)N2C[C@H](C(=O)N(C)C(C)(C)c3cc(C(F)(F)F)cc(C(F)(F)F)c3)[C@@H](c3ccc(F)cc3C)C2)CC1,10.3,6.365920000000008
CC(=O)N1CCC(C(=O)N2C[C@H](C(=O)N(C)Cc3cc(C(F)(F)F)cc(C(F)(F)F)c3)[C@@H](c3ccc(F)cc3C)C2)CC1,10.3,5.630820000000007
COc1ccc(-n2nnnc2C(F)(F)F)cc1CN[C@H]1CCCN[C@H]1c1ccccc1,10.3,3.2726000000000015
CCCC[C@H](NC(=O)[C@H](Cc1ccccc1)NC(=O)CNC(=O)[C@@H](C)NC(=O)[C@@H](N)Cc1ccc(O)cc1)C(=O)N1CCC[C@H]1C(=O)N[C@@H](CC(C)C)C(=O)N[C@@H](CO[C@@H]1O[C@H](CC)[C@@H](O)[C@H](O)[C@H]1O)C(=O)N[C@@H](Cc1c[nH]c2ccccc12)C(=O)NCc1cc(C(F)(F)F)cc(C(F)(F)F)c1,10.28,3.089100000000002
CC(=O)N1CCC(C(=O)N2CC[C@H](C(=O)N(C)Cc3cc(C(F)(F)F)cc(C(F)(F)F)c3)[C@@H](c3ccc(F)cc3)C2)CC1,10.28,5.712500000000007
COc1ccc(-n2nnnc2C(F)(F)F)cc1CN[C@H]1CCN(C(=O)CCNC(C)=O)C[C@H]1c1ccccc1.Cl,10.27,3.1120000000000014
COC(=O)N1CC[C@H](NCc2cc(-n3nnnc3C(F)(F)F)ccc2OC)[C@H](c2ccccc2)C1,10.27,3.403800000000002
COc1ccc(-n2nnnc2C(F)(F)F)cc1CN[C@H]1CCN(C(=O)NC2CC2)C[C@H]1c1ccccc1.Cl,10.25,3.9312000000000036
COc1ccc(-n2nnnc2C(F)(F)F)cc1CN[C@H]1CCN(C(=O)NCC(F)(F)F)C[C@H]1c1ccccc1.Cl,10.24,4.331100000000004
COc1ccc(-n2nnnc2C(F)(F)F)cc1CN[C@H]1CCN(C(=O)C2CN(C(C)=O)C2)C[C@H]1c1ccccc1.Cl,10.24,3.064100000000002
CSCC[C@H](NC(=O)[C@H](CC(C)C)NC(=O)CNC(=O)[C@H](Cc1ccccc1)NC(=O)[C@H](Cc1ccccc1)NC(=O)[C@H](CCC(N)=O)NC(=O)[C@H](CCC(N)=O)NC(=O)[C@@H]1CCCN1C(=O)[C@H](CCCCN)NC(=O)[C@@H]1CCCN1C(=O)[C@@H](N)CCCN=C(N)N)C(N)=O,10.24,-3.7110000000000074
C[C@@H](O[C@H]1CN2C(=O)C(N)C[C@H]2[C@@H]1c1ccc(F)cc1)c1cc(C(F)(F)F)cc(C(F)(F)F)c1,10.22,5.0351000000000035
C[C@@H](O[C@H]1CN2C(=O)NC[C@H]2[C@@H]1c1ccc(F)cc1)c1cc(C(F)(F)F)cc(C(F)(F)F)c1,10.22,5.500700000000004
Cc1ccccc1[C@H]1[C@@H]2CN(C3=NC(=O)CO3)C[C@H]2CC[C@@H]1O[C@H](CO)c1cc(C(F)(F)F)cc(C(F)(F)F)c1,10.22,5.489620000000007
CC(C)NC(=O)N1C[C@@H](O[C@H](C)c2cc(C(F)(F)F)cc(C(F)(F)F)c2)[C@H](c2ccc(F)cc2)C1,10.22,6.526900000000006
C[C@@H](O[C@H]1CC[C@@H]2CN(C3=CC(=O)CC3)C[C@H]2[C@@H]1c1ccc(F)cc1)c1cc(C(F)(F)F)cc(C(F)(F)F)c1,10.22,7.681900000000007
C[C@@H](O[C@H]1CN2C(=O)CC[C@H]2[C@@H]1c1ccc(F)cc1)c1cc(C(F)(F)F)cc(C(F)(F)F)c1,10.22,6.0979000000000045
C[C@@H](O[C@H]1CN2C(=O)CC(C)(O)[C@H]2[C@@H]1c1ccc(F)cc1)c1cc(C(F)(F)F)cc(C(F)(F)F)c1,10.22,5.4588000000000045
C[C@@H](O[C@H]1CN2C(=O)C(NCc3ccn[nH]3)C[C@H]2[C@@H]1c1ccc(F)cc1)c1cc(C(F)(F)F)cc(C(F)(F)F)c1,10.22,5.589300000000004
C[C@@H](O[C@H]1CN2C(=O)[C@H]3C[C@@H](O)C[C@H]3[C@H]2[C@@H]1c1ccc(F)cc1)c1cc(C(F)(F)F)cc(C(F)(F)F)c1,10.22,5.704800000000005
C[C@@H](O[C@H]1CN2C(=O)[C@H]3C[C@@](C)(O)C[C@H]3[C@H]2[C@@H]1c1ccc(F)cc1)c1cc(C(F)(F)F)cc(C(F)(F)F)c1,10.21,6.094900000000005
COc1ccc(-c2ccoc2)cc1CN[C@H]1CCCN[C@H]1c1ccccc1,10.2,4.538100000000003
Cc1cc(F)ccc1-c1cc(C2CN(C)C(=O)C2CO)ncc1N(C)C(=O)C(C)(C)c1cc(C(F)(F)F)cc(C(F)(F)F)c1.Cl,10.2,6.760220000000007
COc1ccc(-n2nnnc2S(C)(=O)=O)cc1CN[C@H]1CCCN[C@H]1c1ccccc1.Cl.Cl,10.2,2.5009000000000006
COc1ccc(-c2ccncc2)cc1CN[C@H]1CCCN[C@H]1c1ccccc1,10.2,4.340100000000003
Cc1cc(F)ccc1[C@H]1C[C@@H](N2CCN3C(=O)CC[C@H]3C2)CCN1C(=O)N(C)[C@H](C)c1cc(C(F)(F)F)cc(C(F)(F)F)c1,10.2,6.796820000000007
Cc1cc(F)ccc1[C@H]1C[C@H](N2CCN3C(=O)CC[C@H]3C2)CCN1C(=O)N(C)[C@H](C)c1cc(C(F)(F)F)cc(C(F)(F)F)c1,10.19,6.796820000000007
CCc1ccccc1[C@H]1CN(C(=O)C2CCN(C(C)=O)CC2)CC[C@@H]1C(=O)N(C)Cc1cc(C(F)(F)F)cc(C(F)(F)F)c1,10.19,6.135800000000007
C[C@@H](O[C@H]1CN2C(=O)C=C(C3COC(=O)C3)CC2[C@@H]1c1ccc(F)cc1)c1cc(C(F)(F)F)cc(C(F)(F)F)c1,10.18,6.197300000000005
CSCC[C@H](NC(=O)[C@H](Cc1ccccc1)NC(=O)CNC(=O)[C@@H](C)NC(=O)[C@@H](N)Cc1ccc(O)cc1)C(=O)NC1(C(=O)N[C@@H](CC(C)C)C(=O)N[C@@H](Cc2c[nH]c3ccccc23)C(=O)OCc2cc(C(F)(F)F)cc(C(F)(F)F)c2)CCCC1,10.18,5.798000000000014
C[C@@H](O[C@H]1CN2C(=O)[C@H]3C[C@](C)(O)C[C@H]3[C@H]2[C@@H]1c1ccc(F)cc1)c1cc(C(F)(F)F)cc(C(F)(F)F)c1,10.18,6.094900000000005
CC(=O)N1CCC(C(=O)N2C[C@H](c3noc(C(C)(C)c4cc(C(F)(F)F)cc(C(F)(F)F)c4)n3)[C@@H](c3ccc(F)cc3C)C2)CC1,10.15,6.848720000000007
CC(=O)N1CCC(C(=O)N2C[C@@H](O[C@H](C)c3cc(C(F)(F)F)cc(C(F)(F)F)c3)[C@H](c3ccc(F)cc3)C2)CC1,10.15,6.194000000000006
C[C@@H](O[C@H]1CN2C(=O)CC(O)[C@H]2[C@@H]1c1ccc(F)cc1)c1cc(C(F)(F)F)cc(C(F)(F)F)c1,10.15,5.068700000000003
O=c1[nH]nc(CN2CCO[C@H](OCc3cc(C(F)(F)F)cc(C(F)(F)F)c3)[C@@H]2c2ccc(F)cc2)[nH]1,10.15,4.391100000000003
CN(C(=O)N(C)[C@@H]1CN(C(=O)C2CCN(C(=O)C(C)(C)O)CC2)C[C@H]1c1ccc(F)cc1)c1cc(C(F)(F)F)cc(C(F)(F)F)c1,10.15,5.355400000000007
C[C@@H](O[C@H]1CN2C(=O)CC(n3cnnc3)[C@H]2[C@@H]1c1ccc(F)cc1)c1cc(C(F)(F)F)cc(C(F)(F)F)c1,10.15,5.540600000000004
CC(=O)N1CCC(C(=O)N2C[C@H](c3nc(C(C)(C)c4cc(C(F)(F)F)cc(C(F)(F)F)c4)no3)[C@@H](c3ccc(F)cc3C)C2)CC1,10.15,6.848720000000007
C[C@@H](O[C@@H]1CN(C2=CC(=O)CC2)C[C@H]1c1ccccc1)c1cc(C(F)(F)F)cc(C(F)(F)F)c1,10.15,6.516600000000005
CC(=O)N1C[C@@H](O[C@H](C)c2cc(C(F)(F)F)cc(C(F)(F)F)c2)[C@H](c2ccc(F)cc2)C1,10.15,5.9554000000000045
CN(C(=O)N(C)[C@@H]1CCN(C2CCS(=O)(=O)CC2)C[C@H]1c1ccc(F)cc1)c1cc(C(F)(F)F)cc(C(F)(F)F)c1,10.14,5.786600000000006
CONC(=O)N1CC[C@H](C(=O)N(C)Cc2cc(C(F)(F)F)cc(C(F)(F)F)c2)[C@@H](c2ccc(F)cc2C)C1,10.14,5.506820000000006
Cc1nc2ccccc2c(-c2ccccc2)c1C(=O)NCc1cc(C(F)(F)F)cc(C(F)(F)F)c1,10.12,7.177820000000005
COc1ccc(-n2nnnc2C(F)(F)F)cc1CN[C@H]1CCN(S(C)(=O)=O)C[C@H]1c1ccccc1,10.12,2.5970000000000013
CC(=O)N1CCC(C(=O)N2CC(c3ccc(Cl)c(Cl)c3)[C@H](N(C)C(=O)N(C)c3cc(C(F)(F)F)cc(C(F)(F)F)c3)C2)CC1,10.12,6.772100000000006
CCCC[C@H](NC(=O)[C@H](Cc1ccccc1)NC(=O)CNC(=O)[C@@H](C)NC(=O)[C@@H](N)Cc1c(C)cc(O)cc1C)C(=O)N1CCC[C@H]1C(=O)N[C@@H](CC(C)C)C(=O)N[C@@H](Cc1c[nH]c2ccccc12)C(=O)NCc1cc(C(F)(F)F)cc(C(F)(F)F)c1,10.12,5.986940000000015
CCCC[C@H](NC(=O)[C@H](Cc1ccccc1)NC(=O)CNC(=O)[C@@H](C)NC(=O)[C@@H](N)Cc1ccc(O)cc1)C(=O)N1CCC[C@H]1C(=O)N[C@@H](CO[C@@H]1O[C@H](CO)[C@@H](O)[C@H](O)[C@H]1O)C(=O)N[C@@H](Cc1c[nH]c2ccccc12)C(=O)NCc1cc(C(F)(F)F)cc(C(F)(F)F)c1,10.11,1.1404999999999996
C[C@@H](O[C@H]1CN2C(=O)C(O)C[C@H]2[C@@H]1c1ccc(F)cc1)c1cc(C(F)(F)F)cc(C(F)(F)F)c1,10.1,5.068700000000003
O=C1CCC(CCN2CC(N3CCC(O)CC3)C2)(c2ccc(Cl)c(Cl)c2)CN1Cc1ccccc1,10.1,4.584800000000004
O=C(N[C@H]1CCN(C(=O)c2cc(C(F)(F)F)cc(C(F)(F)F)c2)[C@H](Cc2ccc(Cl)cc2)C1)c1ccnc2ccccc12,10.1,7.571700000000005
C[C@@H](O[C@H]1CN2C(=O)[C@H]3C[C@H](O)C[C@H]3[C@H]2[C@@H]1c1ccc(F)cc1)c1cc(C(F)(F)F)cc(C(F)(F)F)c1,10.1,5.704800000000005
Cc1cc(F)ccc1-c1cc(C2NC(=O)CC2CO)ncc1N(C)C(=O)C(C)(C)c1cc(C(F)(F)F)cc(C(F)(F)F)c1,10.1,6.343820000000005
COc1ccc(-n2nnnc2C(F)(F)F)cc1C1=CC2(CCCN[C@H]2c2ccccc2)OC1,10.1,3.9668000000000028
C[C@@H](O[C@H]1OCCN(Cc2n[nH]c(=O)[nH]2)[C@H]1c1ccc(F)cc1)c1cc(C(F)(F)F)cc(C(F)(F)F)c1,10.1,4.952100000000003
COc1ccc(-n2nnnc2C2CC2)cc1CN[C@H]1CCCN[C@H]1c1ccccc1.Cl.Cl,10.1,3.974800000000003
C[C@@H](O[C@H]1CN2C(=O)CC(C)(N)[C@H]2[C@@H]1c1ccc(F)cc1)c1cc(C(F)(F)F)cc(C(F)(F)F)c1,10.1,5.425200000000005
COc1ccc(SC)cc1CN[C@H]1CCCN[C@H]1c1ccccc1,10.1,4.000000000000003
Cc1cc(F)ccc1[C@H]1C[C@@H](N(C)C)CCN1C(=O)N(C)Cc1cc(C(F)(F)F)cc(C(F)(F)F)c1,10.1,6.490820000000006
C[C@@H](O[C@H]1CN2C(=O)CC(N)[C@H]2[C@@H]1c1ccc(F)cc1)c1cc(C(F)(F)F)cc(C(F)(F)F)c1,10.1,5.035100000000004
CSCC[C@H](NC(=O)[C@H](Cc1ccccc1)NC(=O)CNC(=O)[C@@H](C)NC(=O)[C@@H](N)Cc1ccc(O)cc1)C(=O)N1CCC[C@H]1C(=O)N[C@@H](CC(C)C)C(=O)N[C@@H](Cc1c[nH]c2ccccc12)C(=O)OCc1cc(C(F)(F)F)cc(C(F)(F)F)c1,10.09,5.360000000000013
COc1ccc(-n2nnnc2C(F)(F)F)cc1CN[C@H]1CCN(C(=O)NC(C)C)C[C@H]1c1ccccc1.Cl,10.09,4.1772000000000045
Cc1cc(F)ccc1[C@H]1C[C@@H](N2CCC2)CCN1C(=O)N(C)Cc1cc(C(F)(F)F)cc(C(F)(F)F)c1,10.09,6.6349200000000055
COc1ccc(-n2nnnc2C(F)(F)F)cc1CN[C@H]1CCN(C(=O)CN(C)C(C)=O)C[C@H]1c1ccccc1.Cl,10.08,3.064100000000002
CCNC(=O)N1CC[C@H](NCc2cc(-n3nnnc3C(F)(F)F)ccc2OCC)[C@H](c2ccccc2)C1.Cl,10.07,4.178800000000003
c1ccc(CN[C@H]2C3CCN(CC3)[C@H]2C(c2ccccc2)c2ccccc2)cc1,10.07,5.071100000000005
C[C@@H]1NC(=O)CC[C@H](O[C@H](C)c2cc(C(F)(F)F)cc(C(F)(F)F)c2)[C@H]1c1ccc(F)cc1,10.05,6.391800000000005
CCC(=O)N1C[C@@H](O[C@H](C)c2cc(C(F)(F)F)cc(C(F)(F)F)c2)[C@H](c2ccc(F)cc2)C1,10.05,6.345500000000006
COc1ccc(OC)c(CN[C@H]2CCCN[C@H]2c2ccccc2)c1,10.05,3.2867000000000015
C[C@@H](O[C@H]1CN2C(=O)[C@H]3C[C@@H](N)C[C@H]3[C@H]2[C@@H]1c1ccc(F)cc1)c1cc(C(F)(F)F)cc(C(F)(F)F)c1,10.05,5.671200000000005
CS(=O)(=O)NCC1CC2(c3ccc(F)cc3)NC1CCC2NCc1cc(OC(F)(F)F)ccc1OC1CC1,10.05,3.9403000000000024
C[C@@H](O[C@H]1CN2C(=O)C3CN(C4=CC(=O)CC4)CC3[C@H]2[C@@H]1c1ccc(F)cc1)c1cc(C(F)(F)F)cc(C(F)(F)F)c1,10.05,6.112500000000005
C[C@@H](O[C@H]1CN2C(=O)C=C(C3CCOCC3)CC2[C@@H]1c1ccc(F)cc1)c1cc(C(F)(F)F)cc(C(F)(F)F)c1,10.05,7.060800000000006
C[C@@H](O[C@H]1CCCN(Cc2n[nH]c(O)n2)[C@H]1c1ccccc1)c1cc(Cl)cc(Cl)c1,10.05,5.3006000000000055
CC(=O)N1C[C@@H](O[C@H](C)c2cc(C(F)(F)F)cc(C(F)(F)F)c2)[C@H](c2ccccc2)C1,10.05,5.816300000000005
CC1CC(N2C[C@@H](O[C@H](C)c3cc(C(F)(F)F)cc(C(F)(F)F)c3)[C@H](c3ccc(F)cc3)C2)=CC1=O,10.05,6.901700000000005
O=c1[nH]nc(CN2CCO[C@H](OCc3cc(C(F)(F)F)cc(C(F)(F)F)c3)[C@@H]2c2ccccc2)[nH]1,10.05,4.252000000000003
CNC(=O)N1C[C@H]2CC[C@H](O[C@H](C)c3cc(C(F)(F)F)cc(C(F)(F)F)c3)[C@@H](c3ccc(F)cc3)[C@@H]2C1,10.05,6.774500000000006
CSCC[C@H](NC(=O)[C@H](Cc1ccccc1)NC(=O)CNC(=O)[C@@H](C)NC(=O)[C@@H](N)Cc1ccc(O)cc1)C(=O)N[C@@H](Cc1c[nH]c2ccccc12)C(=O)OCc1cc(C(F)(F)F)cc(C(F)(F)F)c1,10.05,4.838100000000007
Cc1cnc(C(=O)N2C[C@H](C(=O)N(C)Cc3cc(C(F)(F)F)cc(C(F)(F)F)c3)[C@@H](c3ccc(F)cc3C)C2)cn1,10.05,5.784540000000005
C[C@H](O[C@H]1OCCN(Cc2n[nH]c(O)n2)[C@H]1c1ccccc1)c1cc(C(F)(F)F)cc(C(F)(F)F)c1,10.05,5.225300000000004
C[C@@H](O[C@H]1OCCN(Cc2n[nH]c(=O)[nH]2)[C@H]1c1ccccc1)c1cc(C(F)(F)F)cc(C(F)(F)F)c1,10.05,4.813000000000003
CC(=O)N1CCC(C(=O)N2CC[C@@H](N(C)C(=O)c3cc(C(F)(F)F)cc(C(F)(F)F)c3)[C@H](c3ccc(Cl)c(Cl)c3)C2)CC1,10.04,6.746200000000006
CCNC(=O)N1CC[C@H](NCc2cc(-n3nnnc3C(F)(F)F)cc3c2OCC3)[C@H](c2ccccc2)C1,10.03,3.2932000000000015
C[C@@H](NC(=O)[C@@H](N)Cc1ccc(O)cc1)C(=O)NCC(=O)N[C@@H](Cc1ccccc1)C(=O)N1CCC[C@H]1C(=O)N[C@@H](Cc1c[nH]c2ccccc12)C(=O)OCc1cc(C(F)(F)F)cc(C(F)(F)F)c1,10.01,4.591200000000007
CC(=O)N1CCC(C(=O)N2CC[C@@H](C(=O)N(C)Cc3cc(C(F)(F)F)cc(C(F)(F)F)c3)[C@H](c3ccccc3)C2)CC1,10.01,5.573400000000006
COc1cc2c(cc1CN[C@H]1CCCN[C@H]1c1ccccc1)C(C)(C(F)(F)F)OC2,10.0,4.585800000000003
COc1cc2c(cc1CN[C@H]1CCCN[C@H]1c1ccccc1)C(C)(C(F)(F)F)CC2,10.0,5.044300000000004
COc1cc2c(cc1CN[C@H]1CCCN[C@H]1c1ccccc1)C(C(F)(F)F)OC2,10.0,4.411700000000003
CC1=C(N2C[C@H]3CC[C@H](O[C@H](C)c4cc(C(F)(F)F)cc(C(F)(F)F)c4)[C@@H](c4ccc(F)cc4)[C@@H]3C2)CCC1=O,10.0,8.072000000000008
C[C@@H](OC[C@@]1(c2ccccc2)CC[C@H](n2cn[nH]c2=O)CN1)c1cc(C(F)(F)F)cc(C(F)(F)F)c1,10.0,5.206800000000005
CCNC(=O)N1C[C@@H](O[C@H](C)c2cc(C(F)(F)F)cc(C(F)(F)F)c2)[C@H](c2ccc(F)cc2)C1,10.0,6.138400000000005
COc1cc2c(cc1CN[C@H]1CCCN[C@H]1c1ccccc1)C(C)(C(F)(F)F)CCC2,10.0,5.4344000000000054
COc1cc2c(cc1CN[C@H]1CCCN[C@H]1c1ccccc1)C(C(F)(F)F)CCC2,10.0,5.260300000000004
COc1cccc(-n2nnnc2C(F)(F)F)c1[C@H]1CO[C@@]2(C1)OCCN[C@H]2c1ccc(F)cc1,10.0,3.3901000000000012
C[C@@H](O[C@H]1CN2C(=O)C=C(c3cc[n+]([O-])cc3)CC2[C@@H]1c1ccc(F)cc1)c1cc(C(F)(F)F)cc(C(F)(F)F)c1,10.0,6.424800000000005
CCCC[C@@H]1NC(=O)[C@H](Cc2ccccc2)NC(=O)CNC(=O)[C@H](NC(=O)[C@@H](N)Cc2ccc(O)cc2)CSSC[C@@H](C(=O)N[C@@H](Cc2c[nH]c3ccccc23)C(=O)NCc2cc(C(F)(F)F)cc(C(F)(F)F)c2)NC(=O)[C@@H]2CCCN2C1=O,10.0,4.6991000000000085
COc1ccc(C(OC)C(F)(F)F)cc1CN[C@H]1CCCN[C@H]1c1ccccc1,10.0,4.527900000000003
COc1ccc(C(C(F)(F)F)C(F)(F)F)cc1CN[C@H]1CCCN[C@H]1c1ccccc1,10.0,5.486300000000004
COc1ccc(-n2nnnc2C(F)(F)F)cc1[C@H]1COCC2(C1)OCCN[C@H]2c1ccc(F)cc1,10.0,3.4326000000000016
COc1ccc(-n2nnnc2C(F)(F)F)cc1CN[C@H]1CCN(C(=O)C2CCN(C(C)=O)CC2)C[C@H]1c1ccccc1.Cl,10.0,3.8443000000000036
COc1ccc(-n2nnnc2C(F)(F)F)cc1[C@H]1COCC2(C1)OCCN(Cc1n[nH]c(O)n1)[C@H]2c1ccc(F)cc1,10.0,3.1689000000000007
COc1ccc(C(C)(F)C(F)(F)F)cc1CN[C@H]1CCCN[C@H]1c1ccccc1,10.0,5.025100000000004
COc1cc2c(cc1CN[C@H]1CCCN[C@H]1c1ccccc1)[C@](C)(C(F)(F)F)OCC2,10.0,4.628300000000004
C[C@@H](O[C@H]1OCCN(Cc2n[nH]c(O)n2)[C@H]1c1ccccc1)c1cc(F)cc(C(F)(F)F)c1,10.0,4.345600000000004
COc1ccc(-n2nnnc2C(F)(F)F)cc1[C@H]1COC2(CCCN(Cc3n[nH]c(O)n3)C2c2ccccc2)C1,10.0,3.7934000000000028
Cc1cc(F)ccc1-c1cc(C2CC(=O)NC2(CO)CO)ncc1N(C)C(=O)C(C)(C)c1cc(C(F)(F)F)cc(C(F)(F)F)c1,10.0,5.501220000000004
CN(C[C@@H](CCN1CCC(c2ccccc2[S@+](C)[O-])CC1)c1ccc(Cl)c(Cl)c1)C(=O)c1cc(C#N)cc2ccccc12,10.0,7.881180000000009
CC(=O)N[C@H]1C[C@@](CO[C@H](C)c2cc(C(F)(F)F)cc(C(F)(F)F)c2)(c2ccccc2)C1,10.0,6.038300000000006
C/C(CN1CCN(C(=O)c2cc(C(F)(F)F)cc(C(F)(F)F)c2)[C@H](Cc2c[nH]c3ccccc23)C1)=N/OCCN1CCS(=O)(=O)CC1,10.0,4.697500000000004
FC(F)(F)Oc1ccc(OC2CC2)c(CNC2CCC3CCC2(c2ccccc2)N3)c1,10.0,5.025900000000004
OCC1CC2(c3ccccc3)NC1CCC2NCc1cc(OC(F)(F)F)ccc1OC1CC1,9.96,4.2443000000000035
CC(C)C[C@H](NC(=O)CN(C)C(=O)[C@H](Cc1ccccc1)NC(=O)[C@H](Cc1ccccc1)NC(=O)[C@H](CCC(N)=O)NC(=O)[C@H](CCC(N)=O)NC(=O)[C@@H]1CCCN1C(=O)[C@H](CCCCN)NC(=O)[C@@H]1CCCN1C(=O)[C@@H](N)CCCNC(=N)N)C(=O)N[C@@H](CCS(C)(=O)=O)C(N)=O,9.96,-4.477529999999998
CC(=O)N1CCC(C(=O)N2CC[C@@H](N(C)C(=O)N(C)c3cc(C(F)(F)F)cc(C(F)(F)F)c3)[C@H](c3ccc(F)cc3)C2)CC1,9.96,5.9945000000000075
COc1ccc(-n2nnnc2C(F)(F)F)cc1[C@H]1COC2(CCCN(Cc3c[nH]cn3)C2c2ccccc2)C1,9.96,4.6928000000000045
COc1ccc(-n2nnnc2C(F)(F)F)cc1[C@H]1COC2(CCCNC2c2ccccc2)C1,9.96,4.057100000000003
Cc1noc(C)c1C1=CC(=O)N2C[C@H](O[C@H](C)c3cc(C(F)(F)F)cc(C(F)(F)F)c3)[C@@H](c3ccc(F)cc3)C2C1,9.96,7.396240000000006
C[C@@H](O[C@H]1CN2C(=O)C=C(c3ncco3)CC2[C@@H]1c1ccc(F)cc1)c1cc(C(F)(F)F)cc(C(F)(F)F)c1,9.96,6.779400000000005
C[C@@H](O[C@H]1CN2C(=O)C=C(c3ccnc(F)c3)CC2[C@@H]1c1ccc(F)cc1)c1cc(C(F)(F)F)cc(C(F)(F)F)c1,9.96,7.325500000000005
C[C@@H](O[C@H]1CN2C(=O)C=C(C3COC(=O)C3)CC2[C@@H]1c1ccc(F)cc1)c1cc(C(F)(F)F)cc(C(F)(F)F)c1.Cl,9.96,6.619100000000005
C[C@@H](O[C@H]1CN2C(=O)[C@H]3C[C@H](N)C[C@H]3[C@H]2[C@@H]1c1ccc(F)cc1)c1cc(C(F)(F)F)cc(C(F)(F)F)c1,9.96,5.671200000000005
COc1ccc(N(C)S(C)(=O)=O)cc1CN[C@H]1CCCN[C@H]1c1ccccc1,9.96,2.6739000000000006
COc1ccccc1N1CCN(C(=O)CCc2c(-c3ccc(Cl)cc3)n(C)c3ccc(C)cc23)CC1,9.96,6.0971200000000065
CC1CC(=O)C=C1N1C[C@@H](O[C@H](C)c2cc(C(F)(F)F)cc(C(F)(F)F)c2)[C@H](c2ccc(F)cc2)C1,9.96,6.901700000000005
C[C@@H](O[C@@H]1CN(C2=CC(=O)CC2)C[C@H]1c1ccc(F)cc1)c1cc(C(F)(F)F)cc(C(F)(F)F)c1,9.96,6.655700000000005
CNC(=O)C(=O)N1CC[C@H](C(=O)N(C)Cc2cc(C(F)(F)F)cc(C(F)(F)F)c2)[C@@H](c2ccc(F)cc2C)C1,9.96,4.508420000000004
CC(=O)N1C[C@H]2CC[C@H](O[C@H](C)c3cc(C(F)(F)F)cc(C(F)(F)F)c3)[C@@H](c3ccc(F)cc3)[C@@H]2C1,9.96,6.981600000000006
CNC(=O)N1C[C@@H](O[C@H](C)c2cc(C(F)(F)F)cc(C(F)(F)F)c2)[C@H](c2ccc(F)cc2)C1,9.96,5.748300000000005
CC(=O)N1CCN([C@H]2CCN(C(=O)N(C)Cc3cc(C(F)(F)F)cc(C(F)(F)F)c3)[C@@H](c3ccc(F)cc3C)C2)CC1,9.93,6.093320000000007
C[C@@H](O[C@@H]1CN(C2=CC(=O)N(C)C2)C[C@H]1c1ccc(F)cc1)c1cc(C(F)(F)F)cc(C(F)(F)F)c1,9.92,5.764800000000005
Cc1cnc(C(=O)N2C[C@@H](O[C@H](C)c3cc(C(F)(F)F)cc(C(F)(F)F)c3)[C@H](c3ccc(F)cc3)C2)cn1,9.92,6.347720000000005
C[C@@H](O[C@@H]1CN(C(=O)[C@@H]2CCC(=O)N2C)C[C@H]1c1ccc(F)cc1)c1cc(C(F)(F)F)cc(C(F)(F)F)c1,9.92,5.556300000000006
C[C@@H](O[C@H]1CCC(=O)N(C)C[C@@H]1c1ccc(F)cc1)c1cc(C(F)(F)F)cc(C(F)(F)F)c1,9.92,6.345500000000005
CC(=O)N1CCC(C(=O)N2C[C@H](C(=O)N(C)Cc3cc(C(F)(F)F)cc(C(F)(F)F)c3)[C@@H](c3ccccc3)C2)CC1,9.92,5.183300000000005
Cn1c(-c2ccc(C(F)(F)F)cn2)c(CCC(=O)N2CCC(O)(Cc3ccccc3)CC2)c2cc(Cl)ccc21,9.92,6.441300000000005
Cc1ccc(-c2c(CCC(=O)N3CCC(O)(Cc4ccccc4)CC3)c3cc(Cl)ccc3n2C)cn1,9.92,5.730920000000006
CSCC[C@H](NC(=O)[C@H](Cc1ccccc1)NC(=O)CNC(=O)[C@@H](C)NC(=O)[C@@H](N)Cc1ccc(O)cc1)C(=O)NC(C)(C)C(=O)N[C@@H](CC(C)C)C(=O)N[C@@H](Cc1c[nH]c2ccccc12)C(=O)OCc1cc(C(F)(F)F)cc(C(F)(F)F)c1,9.92,5.263800000000013
C[C@@H](NC(=O)[C@@H](N)Cc1ccc(O)cc1)C(=O)NCC(=O)N[C@@H](Cc1ccccc1)C(=O)N[C@@H](Cc1c[nH]c2ccccc12)C(=O)OCc1cc(C(F)(F)F)cc(C(F)(F)F)c1,9.92,4.600200000000005
COc1ccc(-n2ncnn2)cc1CN[C@H]1CCCN[C@H]1c1ccccc1,9.9,2.2538
O=C1CCC(CCN2CC(N3CCOCC3)C2)(c2ccc(Cl)c(Cl)c2)CN1C1CCCCC1,9.9,4.592800000000005
CC(=O)N1CCN([C@H]2CCN(C(=O)N(C)[C@H](C)c3cc(C(F)(F)F)cc(C(F)(F)F)c3)[C@@H](c3ccc(F)cc3C)C2)CC1,9.9,6.654320000000007
CC1=C(N2C[C@@H](O[C@H](C)c3cc(C(F)(F)F)cc(C(F)(F)F)c3)[C@H](c3ccc(F)cc3)C2)CCC1=O,9.89,7.045800000000006
C[C@@H](O[C@@H]1CN(C2=CC(=O)CC(C)(C)C2)C[C@H]1c1ccccc1)c1cc(C(F)(F)F)cc(C(F)(F)F)c1,9.89,7.542800000000007
FC(F)(F)c1cc(CO[C@H]2OCCN(Cn3cncn3)[C@H]2c2ccccc2)cc(C(F)(F)F)c1,9.89,4.889600000000004
C[C@@H](O[C@H]1CC[C@@H]2CN(C3=CC(=O)CCC3)C[C@H]2[C@@H]1c1ccc(F)cc1)c1cc(C(F)(F)F)cc(C(F)(F)F)c1,9.89,8.072000000000006
COc1ccc(OC(F)(F)F)cc1CNC1CCC2CCC1(c1ccccc1)N2,9.89,4.493300000000002
CN(C(=O)CN1CCN(C(=O)CCc2c(-c3ccc(Cl)cc3)n(C)c3ccc(Cl)cc23)CC1)c1ccccc1,9.89,5.891900000000006
COc1ccc(-n2nnnc2C(F)(F)F)cc1CN[C@H]1CCN(C(=O)N(C)C)C[C@H]1c1ccccc1.Cl,9.89,3.7408000000000032
C[C@@H](O[C@H]1CN2C(=O)CC(NCc3ccn[nH]3)[C@H]2[C@@H]1c1ccc(F)cc1)c1cc(C(F)(F)F)cc(C(F)(F)F)c1,9.89,5.589300000000004
C[C@@H](O[C@H]1CN2C(=O)C(NCc3nn[nH]c3CN(C)C)C[C@H]2[C@@H]1c1ccc(F)cc1)c1cc(C(F)(F)F)cc(C(F)(F)F)c1,9.89,5.045900000000005
C[C@@H](O[C@H]1CN2C(=O)C=C(c3cnn(C)c3)CC2[C@@H]1c1ccc(F)cc1)c1cc(C(F)(F)F)cc(C(F)(F)F)c1,9.89,6.524900000000005
Cc1cc(F)ccc1[C@H]1C[C@H](N2CCN3C(=O)CC[C@@H]3C2)CCN1C(=O)N(C)[C@H](C)c1cc(C(F)(F)F)cc(C(F)(F)F)c1,9.86,6.796820000000007
C[C@@H](O[C@H]1CCC(=O)NC[C@@H]1c1ccc(F)cc1)c1cc(C(F)(F)F)cc(C(F)(F)F)c1,9.85,6.003300000000004
C[C@@H](O[C@H]1CN2C(=O)[C@@H]3C[C@@H](NCc4ccccc4)C[C@@H]3[C@H]2[C@@H]1c1ccc(F)cc1)c1cc(C(F)(F)F)cc(C(F)(F)F)c1,9.85,7.502300000000006
COc1ccc(C2CCN(CC[C@H](CN(C)C(=O)c3cc(C#N)cc4ccccc34)c3ccc(Cl)c(Cl)c3)CC2)c([S@+](C)[O-])c1,9.85,7.889780000000008
C[C@@H](O[C@H]1CN2C(=O)[C@H]3C[C@H](NCc4ccccc4)C[C@H]3[C@H]2[C@@H]1c1ccc(F)cc1)c1cc(C(F)(F)F)cc(C(F)(F)F)c1,9.85,7.502300000000006
CCOc1ccc(OC(F)(F)F)cc1CN[C@H]1CCCN[C@H]1c1ccccc1,9.85,4.566800000000003
COc1ccc(Cl)cc1CN[C@H]1CCCN[C@H]1c1ccccc1,9.85,3.9315000000000024
C[C@@H](O[C@H]1CN2C(=O)C=C(c3ccncc3)CC2[C@@H]1c1ccc(F)cc1)c1cc(C(F)(F)F)cc(C(F)(F)F)c1,9.85,7.186400000000005
Cc1cc(F)ccc1[C@H]1C[C@@H](N2CCCC2)CCN1C(=O)N(C)[C@H](C)c1cc(C(F)(F)F)cc(C(F)(F)F)c1,9.85,7.586020000000007
COc1ccccc1N1CCN(C(=O)CCc2c(-c3ccc(Br)cc3)n(C)c3ccc(C)cc23)CC1,9.85,6.206220000000006
C[C@@H](O[C@H]1CN2C(=O)OC[C@@H]2[C@@H]1c1ccc(F)cc1)c1cc(C(F)(F)F)cc(C(F)(F)F)c1,9.85,5.927700000000004
C[C@@H](O[C@@H]1CN(C(=O)NC(C)(C)C)C[C@H]1c1ccc(F)cc1)c1cc(C(F)(F)F)cc(C(F)(F)F)c1,9.85,6.917000000000005
C[C@@H](O[C@H]1CC[C@@H](N(C)C[C@@H]2CCC(=O)N2C)[C@@H]1c1ccc(F)cc1)c1cc(C(F)(F)F)cc(C(F)(F)F)c1,9.85,6.808300000000007
COc1ccccc1N1CCN(C(=O)CCc2c(-c3ccc(C(F)(F)F)cc3)n(C)c3ccc(C)cc23)CC1,9.85,6.462520000000007
CC(=O)N1CCC(C(=O)N2CC[C@H](C(=O)N(C)Cc3cc(C(F)(F)F)cc(C(F)(F)F)c3)[C@@H](c3cccc(C)c3)C2)CC1,9.85,5.8818200000000065
COc1ccc(OC(F)(F)F)cc1CN[C@H]1CCCN[C@H]1c1ccccc1,9.85,4.176700000000003
CC(C)C(=O)N1C[C@@H](O[C@H](C)c2cc(C(F)(F)F)cc(C(F)(F)F)c2)[C@H](c2ccc(F)cc2)C1,9.82,6.591500000000006
C[C@@H](O[C@H]1CC[C@@H]2CNC[C@H]2[C@@H]1c1ccc(F)cc1)c1cc(C(F)(F)F)cc(C(F)(F)F)c1,9.82,6.722700000000005
C[C@@H](O[C@H]1CCCN[C@H]1c1ccccc1)c1cc(C(F)(F)F)cc(C(F)(F)F)c1,9.82,6.295100000000004
Cn1c(-c2ccc(Cl)cc2)c(CCC(=O)N2CCC(O)(Cc3ccccc3)CC2)c2cc(Cl)cnc21,9.82,6.075900000000005
C[C@@H](O[C@H]1CN2C(=O)C=C(c3ccc[n+]([O-])c3)CC2[C@@H]1c1ccc(F)cc1)c1cc(C(F)(F)F)cc(C(F)(F)F)c1,9.82,6.424800000000005
C[C@@H](O[C@H]1CN2C(=O)C=C(c3cn[nH]c3)CC2[C@@H]1c1ccc(F)cc1)c1cc(C(F)(F)F)cc(C(F)(F)F)c1,9.82,6.514500000000004
Cc1noc(C2=CC(=O)N3C[C@H](O[C@H](C)c4cc(C(F)(F)F)cc(C(F)(F)F)c4)[C@@H](c4ccc(F)cc4)C3C2)n1,9.82,6.482820000000005
COc1ccccc1CN(C[C@@H](Cc1c[nH]c2ccccc12)NC(=O)CN1CCC(N2CCCCC2)CC1)C(C)=O,9.82,4.202800000000003
COc1ccc(-c2cncnc2)cc1CN[C@H]1CCCN[C@H]1c1ccccc1,9.8,3.735100000000002
Cn1c(-c2ccc(Cl)cc2)c(CCC(=O)N2CCC(O)(Cc3ccccc3)CC2)c2cc(Cl)ccc21,9.8,6.680900000000006
C/C(CN1CCN(C(=O)c2cc(C(F)(F)F)cc(C(F)(F)F)c2)[C@H](Cc2c[nH]c3ccccc23)C1)=N/OCCN,9.8,4.925800000000004
C/C(CN1CCN(C(=O)c2cc(C(F)(F)F)cc(C(F)(F)F)c2)[C@H](Cc2c[nH]c3ccccc23)C1)=N/OCCCN1CCOCC1,9.8,5.689400000000006
COc1ccc(F)cc1CN[C@H]1CCCN[C@H]1c1ccccc1,9.8,3.417200000000002
COc1ccc(-n2cncn2)cc1CN[C@H]1CCCN[C@H]1c1ccccc1,9.8,2.8588000000000005
C[C@@H](O[C@H]1CCCN(Cc2nc[nH]n2)[C@H]1c1ccccc1)c1cc(C(F)(F)F)cc(C(F)(F)F)c1,9.8,6.3258000000000045
C[C@@H](O[C@H]1CN2C(=O)C=C(c3cncnc3)CC2[C@@H]1c1ccc(F)cc1)c1cc(C(F)(F)F)cc(C(F)(F)F)c1,9.8,6.581400000000005
C/C(CN1CCN(C(=O)c2cc(C(F)(F)F)cc(C(F)(F)F)c2)[C@H](Cc2c[nH]c3ccccc23)C1)=N/OCCN1CCOCC1,9.8,5.299300000000005
C[C@@H](O[C@H]1CN2C(=O)C=C(N3CCC(O)CC3)CC2[C@@H]1c1ccc(F)cc1)c1cc(C(F)(F)F)cc(C(F)(F)F)c1,9.8,6.048400000000005
C[C@@H](O[C@H]1CCCN(Cc2n[nH]c(O)n2)[C@H]1c1ccccc1)c1cc(C(F)(F)F)cc(C(F)(F)F)c1,9.8,6.031400000000005
CCC(=O)N(c1ccccc1)C1CCN(C(=O)CCc2c(-c3ccc(Cl)cc3)n(C)c3ccc(Cl)cc23)CC1,9.8,7.518900000000007
C[C@@H](O[C@@H]1CN(C(=O)N2CCOCC2)C[C@H]1c1ccccc1)c1cc(C(F)(F)F)cc(C(F)(F)F)c1,9.8,5.722000000000006
C[C@@H](O[C@H]1CC[C@@H](N(C)Cc2nc[nH]n2)[C@@H]1c1ccc(F)cc1)c1cc(C(F)(F)F)cc(C(F)(F)F)c1,9.8,6.505800000000005
CCN(Cc1nc[nH]n1)[C@@H]1CC[C@H](O[C@H](C)c2cc(C(F)(F)F)cc(C(F)(F)F)c2)[C@H]1c1ccc(F)cc1,9.8,6.895900000000006
CC[C@]1(O)C[C@H]2[C@H]3[C@H](c4ccc(F)cc4)[C@@H](O[C@H](C)c4cc(C(F)(F)F)cc(C(F)(F)F)c4)CN3C(=O)[C@H]2C1,9.8,6.485000000000006
C[C@@H](O[C@@H]1CN(C2=CC(=O)OC2)C[C@H]1c1ccc(F)cc1)c1cc(C(F)(F)F)cc(C(F)(F)F)c1,9.8,5.849600000000004
COc1ccc(OC(F)(F)F)cc1CN[C@H]1CCN(C(C)=O)C[C@H]1c1ccccc1.Cl,9.8,4.509800000000005
Cc1cc(F)ccc1-c1cc(C2CC(=O)NC2CO)ncc1N(C)C(=O)C(C)(C)c1cc(C(F)(F)F)cc(C(F)(F)F)c1,9.79997073344623,6.1387200000000055
Cc1cc(F)ccc1-c1cc(C2CNC(=O)C2)ncc1N(C)C(=O)C(C)(C)c1cc(C(F)(F)F)cc(C(F)(F)F)c1,9.79997073344623,6.7778200000000055
COc1c(C#N)cc2ccccc2c1C(=O)N(C)C[C@@H](CCN1CCC(c2ccccc2[S@+](C)[O-])CC1)c1ccc(Cl)c(Cl)c1,9.77,7.889780000000008
CCNC(=O)N1CC[C@H](NCc2cc(OC(F)(F)F)ccc2OC)[C@H](c2ccccc2)C1,9.77,4.2710000000000035
COc1ccccc1CN[C@H]1CCCN[C@H]1c1ccccc1,9.77,3.278100000000001
C[C@@H](O[C@H]1CN2C(=O)[C@H]3C[C@@H](NCc4ccccc4)C[C@H]3[C@H]2[C@@H]1c1ccc(F)cc1)c1cc(C(F)(F)F)cc(C(F)(F)F)c1,9.77,7.502300000000006
Cc1cc(F)ccc1[C@H]1C[C@@H](NC2CCC2)CCN1C(=O)N(C)[C@H](C)c1cc(C(F)(F)F)cc(C(F)(F)F)c1,9.77,7.632320000000006
CC(=O)N1CCC(C(=O)N2CCC(C(=O)N(C)Cc3cc(C(F)(F)F)cc(C(F)(F)F)c3)=C(c3ccccc3)C2)CC1,9.77,5.627200000000006
O=C(CCCN1CCOCC1)N[C@@H](Cc1c[nH]c2ccccc12)C(=O)CCc1cc(C(F)(F)F)cc(C(F)(F)F)c1,9.77,5.547100000000006
COCCN(CC(N)=O)[C@@H]1CC[C@H](O[C@H](C)c2cc(C(F)(F)F)cc(C(F)(F)F)c2)[C@H]1c1ccc(F)cc1,9.77,5.689400000000006
COc1ccccc1CNC1CCCN[C@H]1c1ccccc1,9.77,3.278100000000001
CC(=O)N1CCC(C(=O)N2C[C@@H](c3nc(C(C)(C)c4cc(C(F)(F)F)cc(C(F)(F)F)c4)no3)[C@H](c3ccc(F)cc3C)C2)CC1,9.77,6.848720000000007
COc1ccccc1CO[C@H]1C2CCN(CC2)[C@H]1c1ccccc1,9.77,4.0473000000000035
Cc1cc(F)ccc1[C@H]1C[C@@H](N2CCC2)CCN1C(=O)N(C)[C@H](C)c1cc(C(F)(F)F)cc(C(F)(F)F)c1,9.75,7.195920000000006
CC(=O)N1CCC(C(=O)N2CC[C@H](C(=O)N(C)Cc3cc(C(F)(F)F)cc(C(F)(F)F)c3)[C@@H](c3ccc(C)cc3)C2)CC1,9.74,5.8818200000000065
C[C@@H](O[C@@H]1CN(C2=CC(=O)C(C)(C)CC2)C[C@H]1c1ccccc1)c1cc(C(F)(F)F)cc(C(F)(F)F)c1,9.74,7.542800000000007
C[C@@H](O[C@H]1CN2C(=O)C=C(c3cccnc3)CC2[C@@H]1c1ccc(F)cc1)c1cc(C(F)(F)F)cc(C(F)(F)F)c1,9.74,7.186400000000005
CC(C)C[C@H](NC(=O)[C@@H]1CCCN1C(=O)[C@H]1NC(=O)[C@H](Cc2ccccc2)NC(=O)CNC(=O)[C@@H](NC(=O)[C@@H](N)Cc2ccc(O)cc2)C(C)(C)SSC1(C)C)C(=O)N[C@@H](Cc1c[nH]c2ccccc12)C(=O)NCc1cc(C(F)(F)F)cc(C(F)(F)F)c1,9.74,6.112200000000016
C[C@@H](O[C@H]1CN2C(=O)C=C(C3=CCC(O)CC3)CC2[C@@H]1c1ccc(F)cc1)c1cc(C(F)(F)F)cc(C(F)(F)F)c1,9.74,7.105400000000007
CC(=O)N(Cc1ccccc1Cl)CC(Cc1c[nH]c2ccccc12)NC(=O)CN1CCC(N2CCCCC2)CC1,9.74,4.847600000000004
C[C@@H](O[C@H]1CN2C(=O)C=C(C3=CCN(C(C)(C)C)CC3)CC2[C@@H]1c1ccc(F)cc1)c1cc(C(F)(F)F)cc(C(F)(F)F)c1,9.74,8.064800000000007
COc1ccccc1CN(C[C@@H](Cc1c[nH]c2ccccc12)NC(=O)CN1CCN(C2CCCCC2)CC1)C(C)=O,9.74,4.202800000000003
C[C@@H](O[C@@H]1CN(C(=O)C(C)(C)C)C[C@H]1c1ccccc1)c1cc(C(F)(F)F)cc(C(F)(F)F)c1,9.74,6.842500000000006
FC(F)(F)c1cc(CO[C@H]2CCCN(Cc3nc[nH]n3)[C@H]2c2ccccc2)cc(C(F)(F)F)c1,9.74,5.764800000000004
CCn1c(/C=C/C=C2\N(C)c3ccccc3C2(C)C)[n+](CC)c2nc3ccccc3nc21.[Cl-],9.74,2.2405
CC(C)Oc1ccc(OC(F)(F)F)cc1CN[C@H]1CCCN[C@H]1c1ccccc1,9.74,4.955300000000004
C[C@@H](O[C@H]1CN2C(=O)C=C(C3=CCOCC3)CC2[C@@H]1c1ccc(F)cc1)c1cc(C(F)(F)F)cc(C(F)(F)F)c1,9.74,6.980900000000005
CNC(=O)CN(C)[C@@H]1CC[C@H](O[C@H](C)c2cc(C(F)(F)F)cc(C(F)(F)F)c2)[C@H]1c1ccc(F)cc1,9.72,5.933500000000005
C[C@@H](OC[C@@]1(c2ccccc2)CC[C@@H](C(N)=O)CN1)c1cc(C(F)(F)F)cc(C(F)(F)F)c1,9.72,5.182200000000004
C[C@@H](O[C@H]1CCc2nnc(O)n2C[C@@H]1c1ccc(F)cc1)c1cc(C(F)(F)F)cc(C(F)(F)F)c1,9.72,6.036800000000005
CC(=O)c1ccc2c(c1)c(CCC(=O)N1CCC(O)(Cc3ccccc3)CC1)c(-c1ccc(Cl)cc1)n2C,9.72,6.230100000000007
C[C@@H](O[C@H]1CC[C@@H](N(C)CC(N)=O)[C@@H]1c1ccc(F)cc1)c1cc(C(F)(F)F)cc(C(F)(F)F)c1,9.72,5.672800000000005
C[C@@H](OC1OCCN(Cc2n[nH]nc2CN2CCC2)[C@H]1c1ccc(F)cc1)c1cc(C(F)(F)F)cc(C(F)(F)F)c1,9.72,5.864500000000006
C[C@@H](OC1OCCN(Cc2n[nH]nc2CN(C)C)[C@H]1c1ccc(F)cc1)c1cc(C(F)(F)F)cc(C(F)(F)F)c1.Cl,9.72,6.142200000000006
CC(C)C[C@H](NC(=O)[C@@H]1CCCN1C(=O)[C@H](CC[S+](C)[O-])NC(=O)[C@H](Cc1ccccc1)NC(=O)CNC(=O)[C@@H](C)NC(=O)[C@@H](N)Cc1ccc(O)cc1)C(=O)N[C@@H](Cc1c[nH]c2ccccc12)C(=O)OCc1cc(C(F)(F)F)cc(C(F)(F)F)c1,9.7,4.375500000000014
Cc1cc(F)ccc1[C@H]1CN(C(=O)C(N)=O)CC[C@@H]1C(=O)N(C)[C@H](C)c1cc(C(F)(F)F)cc(C(F)(F)F)c1,9.7,4.808720000000004
COc1ccccc1N1CCN(C(=O)CCc2c(-c3ccc(C(C)C)cc3)[nH]c3ccc(C)cc23)CC1,9.7,6.556720000000007
COc1ccc(-n2nnnc2C(F)(F)F)cc1CN[C@@H]1CCN(C(=O)CNC(C)=O)C[C@H]1c1ccccc1.Cl,9.7,2.721900000000001
C/C(CCN1CCN(C(=O)c2cc(C(F)(F)F)cc(C(F)(F)F)c2)[C@H](Cc2c[nH]c3ccccc23)C1)=N/OCCCN1CCOCC1,9.7,6.079500000000007
FC(F)(F)c1cc(CO[C@H]2C3CCN(CC3)[C@H]2C(c2ccccc2)c2ccccc2)cc(C(F)(F)F)c1,9.7,7.5357000000000065
C[C@@H](OC[C@@]1(c2ccccc2)C[C@H](N2CCCCC2=O)C(=O)N1)c1cc(C(F)(F)F)cc(C(F)(F)F)c1,9.7,5.598300000000005
C[C@@H](NC(=O)[C@@H](N)Cc1ccc(O)cc1)C(=O)NCC(=O)N[C@@H](Cc1ccc(F)cc1)C(=O)OCc1cc(C(F)(F)F)cc(C(F)(F)F)c1,9.7,3.5305000000000026
Cc1cc(F)ccc1[C@H]1C[C@@H](N2CCN3C(=O)CC[C@@H]3C2)CCN1C(=O)N(C)[C@H](C)c1cc(C(F)(F)F)cc(C(F)(F)F)c1,9.7,6.796820000000007
COc1ccc(-c2nnnn2C)cc1CN[C@H]1CCCN[C@H]1c1ccccc1,9.7,2.4686000000000003
C[C@@H](O[C@H]1CC[C@@H](N(C)C[C@@H]2CCC(=O)N2)[C@@H]1c1ccc(F)cc1)c1cc(C(F)(F)F)cc(C(F)(F)F)c1,9.7,6.466100000000005
C[C@@H](OC[C@@]1(c2ccccc2)CC[C@@]2(CN1)COC(=O)N2)c1cc(C(F)(F)F)cc(C(F)(F)F)c1,9.7,5.559300000000005
FC(F)(F)c1cc(CO[C@H]2C3CCN(CC3)[C@H]2c2ccccc2)cc(C(F)(F)F)c1,9.7,6.076300000000004
COc1ccccc1CN[C@H]1C2CCN(CC2)[C@H]1C(c1ccccc1)c1ccccc1,9.7,5.079700000000005
FC(F)(F)c1cc(CO[C@H]2C3CCN(CC3)[C@@H]2C(c2ccccc2)c2ccccc2)cc(C(F)(F)F)c1,9.7,7.5357000000000065
C[C@@H](OC[C@@]1(c2ccccc2)C[C@@H](N2CCCCC2=O)C(=O)N1)c1cc(C(F)(F)F)cc(C(F)(F)F)c1,9.7,5.598300000000005
COc1ccccc1CN[C@@H]1CCCN[C@@H]1c1ccccc1,9.7,3.278100000000001
COc1ccc(C(C)(C)C(F)(F)F)cc1CN[C@H]1CCCN[C@H]1c1ccccc1,9.7,5.118000000000004
C[C@@H](OC[C@@]1(c2ccccc2)C[C@H](N2CCCC2=O)C(=O)N1)c1cc(C(F)(F)F)cc(C(F)(F)F)c1,9.7,5.208200000000005
CN[C@H]1CCN(C(=O)N(C)Cc2cc(C(F)(F)F)cc(C(F)(F)F)c2)[C@@H](c2ccc(F)cc2C)C1,9.7,6.148620000000005
CN1CCC(COCc2cc(-c3ccc(C#N)cc3)cc(C(F)(F)F)c2)(c2ccccc2)CC1,9.7,6.424280000000007
Cc1cc(F)ccc1[C@H]1C[C@H](N2CCCC2)CCN1C(=O)N(C)[C@H](C)c1cc(C(F)(F)F)cc(C(F)(F)F)c1,9.7,7.586020000000007
C[C@@H](O[C@H]1OCCN(Cc2nn[nH]c2CN2CCCC2)[C@H]1c1ccc(F)cc1)c1cc(C(F)(F)F)cc(C(F)(F)F)c1,9.68,6.254600000000006
CN(Cc1cc(C(F)(F)F)cc(C(F)(F)F)c1)C(=O)c1c(-c2ccc(F)cc2)c2cccnc2c(=O)n1C,9.68,6.049400000000003
CC(=O)N1CCC(C(=O)N2CC[C@H](C(=O)N(C)Cc3cc(C(F)(F)F)cc(C(F)(F)F)c3)[C@@H](c3ccccc3C(C)C)C2)CC1,9.68,6.696800000000008
CCCC[C@H](NC(=O)[C@H](Cc1ccccc1)NC(=O)CNC(=O)[C@@H](C)NC(=O)[C@@H](N)Cc1c(C)cc(O)cc1C)C(=O)N1CCC[C@H]1C(=O)N[C@@H](CC(C)C)C(=O)N[C@@H](Cc1c[nH]c2ccccc12)C(=O)N(C)Cc1cc(C(F)(F)F)cc(C(F)(F)F)c1,9.68,6.329140000000015
COCCN[C@H]1CCN(C(=O)N(C)[C@H](C)c2cc(C(F)(F)F)cc(C(F)(F)F)c2)[C@@H](c2ccc(F)cc2C)C1,9.68,6.726220000000006
CC[C@@]1(O)C[C@H]2[C@H]3[C@H](c4ccc(F)cc4)[C@@H](O[C@H](C)c4cc(C(F)(F)F)cc(C(F)(F)F)c4)CN3C(=O)[C@H]2C1,9.68,6.485000000000006
C[C@@H](OC[C@@]1(c2ccccc2)CC[C@H](C(N)=O)CN1)c1cc(C(F)(F)F)cc(C(F)(F)F)c1,9.66,5.182200000000004
C[C@@H](O[C@H]1CCn2c(O)nnc2C[C@@H]1c1ccc(F)cc1)c1cc(C(F)(F)F)cc(C(F)(F)F)c1,9.66,6.036800000000005
Cn1c(-c2ccc(Cl)cc2)c(CCC(=O)N2CCC(O)(Cc3ccccc3)CC2)c2cc(Cl)ncc21,9.66,6.075900000000005
C[C@@H](O[C@@H]1CN(C2=CC(=O)C(O)C2)C[C@H]1c1ccc(F)cc1)c1cc(C(F)(F)F)cc(C(F)(F)F)c1,9.66,5.6265000000000045
CN(C)Cc1nc2ccccc2c(-c2ccccc2)c1C(=O)NCc1cc(C(F)(F)F)cc(C(F)(F)F)c1,9.66,6.9310000000000045
Cn1c(-c2ccc(Cl)cc2)c(CCC(=O)N2CCC(O)(Cc3ccccc3)CC2)c2cc(Br)ccc21,9.66,6.790000000000006
CC(C(=O)NC1(c2ccccc2)CCC(N2CCC3(CCCO3)CC2)CC1)c1cc(C(F)(F)F)cc(C(F)(F)F)c1,9.66,7.427000000000008
COc1ccc(OC(F)(F)F)cc1CN[C@H]1[C@@H]2COC[C@@H]2N[C@H]1c1ccccc1,9.66,3.411500000000002
COc1ccccc1CN(CC(Cc1c[nH]c2ccccc12)NC(=O)CN1CCC(N2CCCCC2)CC1)C(C)=O,9.64,4.202800000000003
C[C@@H](OC[C@@]1(c2ccccc2)CC[C@H](NC(=O)C2CC2)CN1)c1cc(C(F)(F)F)cc(C(F)(F)F)c1,9.64,5.975500000000006
C[C@@H]1C[C@H](O[C@H](C)c2cc(C(F)(F)F)cc(C(F)(F)F)c2)[C@@H](c2ccc(F)cc2)CNC1=O,9.64,6.249300000000005
C[C@@H](O[C@H]1CC[C@@H](N(C)Cc2n[nH]c(O)n2)[C@@H]1c1ccc(F)cc1)c1cc(C(F)(F)F)cc(C(F)(F)F)c1,9.64,6.211400000000005
O=S(=O)(NCC1CC2(c3ccc(F)cc3)NC1CCC2NCc1cc(OC(F)(F)F)ccc1OC1CC1)c1ccccc1,9.62,5.369600000000005
CCN(CC(N)=O)[C@@H]1CC[C@H](O[C@H](C)c2cc(C(F)(F)F)cc(C(F)(F)F)c2)[C@H]1c1ccc(F)cc1,9.62,6.062900000000005
C[C@@H](O[C@@H]1CN(C=O)C[C@H]1c1ccc(F)cc1)c1cc(C(F)(F)F)cc(C(F)(F)F)c1,9.62,5.565300000000003
Cc1ccc(-c2c(C(=O)N(C)Cc3cc(C(F)(F)F)cc(C(F)(F)F)c3)n(C)c(=O)c3ncccc23)cc1,9.62,6.218720000000006
O=C(CN1CCCC1)N1CCC(COCc2cc(C(F)(F)F)cc(C(F)(F)F)c2)(c2ccccc2)CC1,9.62,5.897000000000006
Cc1cc(F)ccc1[C@H]1C[C@@H](N(C)C)CCN1C(=O)N(C)[C@H](C)c1cc(C(F)(F)F)cc(C(F)(F)F)c1,9.62,7.051820000000006
CN[C@@H]1CC[C@H](O[C@H](C)c2cc(C(F)(F)F)cc(C(F)(F)F)c2)[C@H]1c1ccc(F)cc1,9.6,6.475100000000005
COc1ccc(-n2nnnc2NC(C)=O)cc1CN[C@H]1CCCN[C@H]1c1ccccc1.Cl.Cl,9.6,3.0558000000000014
CN(Cc1cc(C(F)(F)F)cc(C(F)(F)F)c1)C(=O)c1c(-c2ccccc2)c2cccnc2c(=O)n1C,9.6,5.910300000000004
Cc1cc(F)ccc1-c1cc(C2CNC(=O)C2CO)ncc1N(C)C(=O)C(C)(C)c1cc(C(F)(F)F)cc(C(F)(F)F)c1,9.6,5.996220000000005
C[C@@H](O[C@H]1OCCN(Cc2nn[nH]c2CN)[C@H]1c1ccc(F)cc1)c1cc(C(F)(F)F)cc(C(F)(F)F)c1,9.6,5.117500000000004
CCN[C@@H]1CC[C@H](O[C@H](C)c2cc(C(F)(F)F)cc(C(F)(F)F)c2)[C@H]1c1ccc(F)cc1,9.6,6.865200000000005
CCCC[C@@H]1NC(=O)[C@H](Cc2ccccc2)NC(=O)CNC(=O)[C@H](NC(=O)[C@@H](N)Cc2ccc(O)cc2)CSSC[C@H](C(=O)N[C@@H](Cc2c[nH]c3ccccc23)C(=O)NCc2cc(C(F)(F)F)cc(C(F)(F)F)c2)NC(=O)[C@@H]2CCCN2C1=O,9.6,4.6991000000000085
COCCN[C@@H]1CC[C@H](O[C@H](C)c2cc(C(F)(F)F)cc(C(F)(F)F)c2)[C@H]1c1ccc(F)cc1,9.6,6.491700000000006
C[C@@H](O[C@H]1CC[C@@H](N(C)C[C@H]2CCC(=O)N2)[C@@H]1c1ccc(F)cc1)c1cc(C(F)(F)F)cc(C(F)(F)F)c1,9.6,6.466100000000005
COc1ccc(NS(C)(=O)=O)cc1CN1CCC(=O)C(C(c2ccccc2)c2ccccc2)C1,9.59,4.289800000000004
CC(C(=O)N[C@]1(c2ccccc2)CC[C@H](N2CCC(C3CCOC3(C)C)CC2)CC1)c1cc(C(F)(F)F)cc(C(F)(F)F)c1,9.59,8.309100000000006
C[C@@H](OC[C@@]1(c2ccccc2)CC[C@H](N2CCCC2=O)CN1)c1cc(C(F)(F)F)cc(C(F)(F)F)c1,9.59,6.071700000000006
CNC(=O)[C@H]1CC[C@@](CO[C@H](C)c2cc(C(F)(F)F)cc(C(F)(F)F)c2)(c2ccccc2)NC1,9.59,5.442900000000006
Cc1cc(C)cc(COC2C3CCN(CC3)C2C(c2ccccc2)c2ccccc2)c1,9.59,6.114940000000007
C[C@@H](O[C@H]1CC[C@@H]2CN(C)C[C@H]2[C@@H]1c1ccc(F)cc1)c1cc(C(F)(F)F)cc(C(F)(F)F)c1,9.59,7.064900000000006
CNC(=O)C1(N2CCCCC2=O)CCN(CC[C@H](CN(C)C(=O)c2c(OC)c(C#N)cc3ccccc23)c2ccc(Cl)c(Cl)c2)CC1,9.57,5.865880000000007
C=Cc1ccc2c(c1)c(CCC(=O)N1CCC(O)(Cc3ccccc3)CC1)c(-c1ccc(Cl)cc1)n2C,9.57,6.670500000000008
C[C@@H](O[C@H]1OCCN(Cc2n[nH]c(O)n2)[C@H]1c1ccccc1)c1cccc(C(F)(F)F)c1,9.57,4.206500000000003
C[C@@H](O[C@H]1CN2C(=O)C=C(c3cc[nH]c(=O)c3)CC2[C@@H]1c1ccc(F)cc1)c1cc(C(F)(F)F)cc(C(F)(F)F)c1,9.57,6.479700000000005
C[C@@H](O[C@H]1CC[C@@H](N(C)C(=O)Cc2c[nH]cn2)[C@@H]1c1ccc(F)cc1)c1cc(C(F)(F)F)cc(C(F)(F)F)c1,9.57,6.679900000000005
C[C@@H](O[C@H]1CN2C(=O)OC[C@@H]2[C@@H]1c1ccccc1)c1cc(C(F)(F)F)cc(C(F)(F)F)c1,9.57,5.788600000000004
O=C(NS(=O)(=O)c1ccccc1)C1CC2(c3ccc(F)cc3)NC1CCC2NCc1cc(OC(F)(F)F)ccc1OC1CC1,9.57,4.896200000000004
Cc1cc(F)ccc1[C@H]1C[C@@H](N2CCCC2)CCN1C(=O)N(C)Cc1cc(C(F)(F)F)cc(C(F)(F)F)c1,9.56,7.025020000000007
C[C@@H](O[C@H]1CN(C(=O)OC(C)(C)C)[C@@H](CO)[C@@H]1c1ccc(F)cc1)c1cc(C(F)(F)F)cc(C(F)(F)F)c1,9.55,6.7049000000000065
COc1ccccc1N1CCN(C(=O)CCc2c(-c3ccc(Cl)cc3)n(C)c3ccc(Cl)cc23)CC1,9.55,6.442100000000005
Cc1ccc(-c2c3n(c(=O)c4ncccc24)C[C@@H](C)CN(Cc2cc(C(F)(F)F)cc(C(F)(F)F)c2)C3=O)cc1,9.55,6.7016200000000055
C[C@@H](O[C@H]1CCc2nccn2C[C@@H]1c1ccc(F)cc1)c1cc(C(F)(F)F)cc(C(F)(F)F)c1,9.55,6.936200000000005
C[C@@H](O[C@H]1CC[C@@H](N(C)CC(=O)N(C)CCO)[C@@H]1c1ccc(F)cc1)c1cc(C(F)(F)F)cc(C(F)(F)F)c1,9.55,5.6382000000000065
C[C@@H](OC[C@@]1(c2ccccc2)CC[C@H](NC2=NCCO2)CN1)c1cc(C(F)(F)F)cc(C(F)(F)F)c1,9.55,5.425100000000005
CCC(=O)N[C@H]1CC[C@@](CO[C@H](C)c2cc(C(F)(F)F)cc(C(F)(F)F)c2)(c2ccccc2)NC1,9.54,5.9755000000000065
CNCc1n[nH]nc1CN1CCOC(O[C@H](C)c2cc(C(F)(F)F)cc(C(F)(F)F)c2)[C@@H]1c1ccc(F)cc1,9.54,5.378200000000005
O=C(NC(CO)c1cc(C(F)(F)F)cc(C(F)(F)F)c1)[C@]1(c2ccccc2)CC[C@@H](N2CCC(c3ccc(F)cc3)CC2)CC1,9.54,7.7731000000000074
COC(=O)c1ccccc1NC(=O)N1CCC[C@H]1C(=O)N[C@@H](Cc1ccc2ccccc2c1)C(=O)N(C)Cc1ccccc1,9.52,5.008800000000004
CCC(=O)N[C@@H]1C[C@@](CO[C@H](C)c2cc(C(F)(F)F)cc(C(F)(F)F)c2)(c2ccccc2)NC1=O,9.52,5.112000000000005
CN(C)C(=O)CN1CCC[C@H](OCc2cc(C(F)(F)F)cc(C(F)(F)F)c2)[C@@H]1c1ccccc1,9.52,5.534700000000005
CC(C(=O)N[C@]1(c2ccccc2)CC[C@@H](N2CCC3(CC2)OCCO3)CC1)c1cc(C(F)(F)F)cc(C(F)(F)F)c1,9.52,6.620900000000007
C[C@@H](OC[C@]1(c2ccccc2)C[C@H](N2CCCC2=O)C1)c1cc(C(F)(F)F)cc(C(F)(F)F)c1,9.52,6.524600000000005
COc1ccc(OC(F)(F)F)cc1[C@H]1COC2(CCCN[C@H]2c2ccccc2)C1,9.52,4.961200000000004
O=C(CCCN1CCCC1)N[C@@H](Cc1c[nH]c2ccccc12)C(=O)CCc1cc(C(F)(F)F)cc(C(F)(F)F)c1,9.52,6.310700000000005
C[C@@H](OCC1(c2ccccc2)CC(NCc2ccccc2)C1)c1cc(C(F)(F)F)cc(C(F)(F)F)c1,9.52,7.692000000000006
COc1cc(C(=O)N2CC[C@](CCN3CCC(C(N)=O)(c4ccccc4)CC3)(c3ccc(Cl)c(Cl)c3)C2)cc(OC)c1OC,9.52,5.712300000000005
C[C@@H](OC[C@@]1(c2ccccc2)CCCCN1)c1cc(C(F)(F)F)cc(C(F)(F)F)c1,9.52,6.470800000000005
COCCNC(=O)CN(C)[C@@H]1CC[C@H](O[C@H](C)c2cc(C(F)(F)F)cc(C(F)(F)F)c2)[C@H]1c1ccc(F)cc1,9.52,5.950100000000007
CC(=O)N1C[C@H](O[C@H](C)c2cc(C(F)(F)F)cc(C(F)(F)F)c2)[C@@H](c2ccc(F)cc2)[C@@H]1CO,9.52,5.316300000000005
N=C(N)NCCC[C@H](N)C(=O)N1CCC[C@H]1C(=O)N[C@@H](CCCCN)C(=O)N1CCC[C@H]1C(=O)N[C@@H](CCC(N)=O)C(=O)N[C@@H](CCC(N)=O)C(=O)N[C@@H](Cc1ccccc1)C(N)=O,9.52,-4.113830000000018
CO/N=C(\CN(C)C(=O)c1cc(Cl)cc(Cl)c1)[C@H](CCN1CCC(N2CCCN(CC(N)=O)C2=O)CC1)c1ccc(Cl)c(Cl)c1,9.52,5.625900000000006
CC(=O)N[C@H]1C[C@@](CO[C@H](C)c2cc(C(F)(F)F)cc(C(F)(F)F)c2)(c2ccccc2)NC1=O,9.52,4.721900000000005
CCC(=O)N[C@H]1C[C@@](CO[C@H](C)c2cc(C(F)(F)F)cc(C(F)(F)F)c2)(c2ccccc2)NC1=O,9.52,5.112000000000005
Cn1c(-c2ccc(Cl)cc2)c(CCC(=O)N2CCN(Cc3ccccc3)CC2)c2cc(Cl)ccc21,9.52,6.429100000000005
Cc1cc(F)ccc1-c1cc(N2CCN(S(C)(=O)=O)[C@@H](C)C2)ncc1N(C)C(=O)C(C)(C)c1cc(C(F)(F)F)cc(C(F)(F)F)c1,9.52,6.644420000000007
CC(=O)N1CCN(C(=O)N2C[C@@H](O[C@H](C)c3cc(C(F)(F)F)cc(C(F)(F)F)c3)[C@H](c3ccc(F)cc3)C2)CC1,9.52,5.693000000000006
C[C@@H](O[C@H]1CN2C(=O)C3CNCC3[C@H]2[C@@H]1c1ccc(F)cc1)c1cc(C(F)(F)F)cc(C(F)(F)F)c1,9.51,5.153300000000004
COC(=O)N1CC[C@H](NCc2cc(OC(F)(F)F)ccc2OC)[C@H](c2ccccc2)C1.Cl,9.51,4.729700000000005
CN(CC(CCN1CCC(O)(c2ccccc2)CC1)c1ccc(Cl)c(Cl)c1)C(=O)c1ccccc1,9.5,6.222900000000008
CNCCO/N=C(/C)CN1CCN(C(=O)c2cc(C(F)(F)F)cc(C(F)(F)F)c2)[C@H](Cc2c[nH]c3ccccc23)C1,9.5,5.186500000000006
O=C(Cn1ccnc1)N1CCC(COCc2cc(C(F)(F)F)cc(C(F)(F)F)c2)(c2ccccc2)CC1,9.49,5.697900000000005
Cc1cc(I)cc(COC2C3CCN(CC3)C2C(c2ccccc2)c2ccccc2)c1,9.49,6.411120000000007
Cc1cc(F)ccc1[C@H]1C[C@@H](NC2CC2)CCN1C(=O)N(C)[C@H](C)c1cc(C(F)(F)F)cc(C(F)(F)F)c1,9.49,7.242220000000006
COc1ccccc1N1CCN(C(=O)CCc2c(-c3ccc(C(C)C)cc3)n(C)c3ccc(C)cc23)CC1,9.48,6.567120000000007
C[C@@H](O[C@@H]1[C@@H](c2ccc(F)cc2)CN2C(=O)OC[C@@H]12)c1cc(C(F)(F)F)cc(C(F)(F)F)c1,9.48,5.927700000000004
COc1ccccc1CN[C@H]1C2CCN(CC2)[C@@H]1C(c1ccccc1)c1ccccc1,9.48,5.079700000000005
CC(C(=O)NC1(c2ccccc2)CCC(N2CCC(O)(Cc3ccccc3)CC2)CC1)c1cc(C(F)(F)F)cc(C(F)(F)F)c1,9.48,7.851600000000008
C[C@@H](OC[C@@]1(c2ccccc2)CC[C@H](Nc2ncccn2)CN1)c1cc(C(F)(F)F)cc(C(F)(F)F)c1,9.48,6.351400000000005
CC1(c2cc(C(F)(F)F)cc(C(F)(F)F)c2)CCN([C@]2(c3ccccc3)CC[C@@H](N3CCC4(CCOC4)CC3)CC2)C1=O,9.48,7.554800000000007
C[C@@H](O[C@H]1CCC(=O)N(C)[C@@H](C)[C@@H]1c1ccc(F)cc1)c1cc(C(F)(F)F)cc(C(F)(F)F)c1,9.48,6.734000000000005
CC(C(=O)NC1(c2ccccc2)CCC(N2CCC3(CCOC3)CC2)CC1)c1cc(C(F)(F)F)cc(C(F)(F)F)c1,9.47,7.2845000000000075
O=C(NCc1cc(C(F)(F)F)cc(C(F)(F)F)c1)[C@]1(c2ccccc2)CC[C@H](N2CCC(c3ccc(F)cc3)CC2)CC1,9.47,8.239700000000006
O=C(NCc1cc(C(F)(F)F)cc(C(F)(F)F)c1)[C@]1(c2ccccc2)CC[C@@H](N2CCC(c3ccc(F)cc3)CC2)CC1,9.47,8.239700000000006
CC(C)CCN1CCN(C(=O)CCc2c(-c3ccc(Cl)cc3)n(C)c3ccc(Cl)cc23)CC1,9.47,6.275000000000007
COc1ccc(OC(F)(F)F)cc1CN1CCC(=O)C(C(c2ccccc2)c2ccccc2)C1.Cl,9.47,6.238700000000006
C[C@@H](OC[C@@]1(c2ccccc2)CC[C@H](C(=O)NC2CC2)CN1)c1cc(C(F)(F)F)cc(C(F)(F)F)c1,9.47,5.975500000000006
COc1ccccc1CN(CC(Cc1c[nH]c2ccccc12)NC(=O)CN1CCN(C2CCCCC2)CC1)C(C)=O,9.47,4.202800000000003
CC(C(=O)N[C@]1(c2ccccc2)CC[C@@H](N2CCC3(CCOC3)CC2)CC1)c1cc(C(F)(F)F)cc(C(F)(F)F)c1,9.47,7.2845000000000075
COc1cc2c(cc1CN[C@H]1CCCN[C@H]1c1ccccc1)[C@@](C)(C(F)(F)F)OCC2,9.47,4.628300000000004
C[C@@H](O[C@H]1CC[C@@H](NC[C@@H]2CCC(=O)N2)[C@@H]1c1ccc(F)cc1)c1cc(C(F)(F)F)cc(C(F)(F)F)c1,9.47,6.123900000000004
C[C@@H](O[C@@H]1CN(C(=O)[C@@H]2COC(=O)N2)C[C@H]1c1ccc(F)cc1)c1cc(C(F)(F)F)cc(C(F)(F)F)c1,9.47,5.043900000000004
CCCCC(NC(=O)[C@H](Cc1ccccc1)NC(=O)CNC(=O)[C@@H](C)NC(=O)[C@@H](N)Cc1ccc(O)cc1)C(=O)N[C@@H](Cc1c[nH]c2ccccc12)C(=O)OCc1cc(C(F)(F)F)cc(C(F)(F)F)c1,9.47,5.275200000000008
CC(C)N(Cc1[nH]nnc1CN1CCO[C@H](O[C@H](C)c2cc(C(F)(F)F)cc(C(F)(F)F)c2)[C@@H]1c1ccc(F)cc1)C(C)C,9.46,7.277600000000007
Cn1c(-c2ccc(Cl)cc2)c(CCC(=O)N2CCN(C3CCCCC3)CC2)c2cc(Cl)ccc21,9.46,6.5616000000000065
CC(NC(=O)[C@]1(c2ccccc2)CC[C@@H](N2CCC(c3ccc(F)cc3)CC2)CC1)c1cc(C(F)(F)F)cc(C(F)(F)F)c1,9.46,8.800700000000003
COc1ccc(OC(F)(F)F)cc1C1=CC2(CCCNC2c2ccccc2)OC1,9.46,4.870900000000004
CC(=O)N[C@@H]1CC[C@@](CO[C@H](C)c2cc(C(F)(F)F)cc(C(F)(F)F)c2)(c2ccccc2)NC1,9.46,5.585400000000006
CC(C(=O)NC1(c2ccccc2)CCC(N2CCC3(CC2)CCC(C)(C)O3)CC1)c1cc(C(F)(F)F)cc(C(F)(F)F)c1,9.46,8.205600000000008
COc1ccccc1CN1CCN2CCC[C@H]1[C@@H]2c1ccccc1,9.44,3.7165000000000026
O=C(CCC1CCNCC1)N[C@@H](Cc1c[nH]c2ccccc12)C(=O)CCc1cc(C(F)(F)F)cc(C(F)(F)F)c1,9.43,6.214500000000005
CCNC(=O)[C@H]1CC[C@@](CO[C@H](C)c2cc(C(F)(F)F)cc(C(F)(F)F)c2)(c2ccccc2)NC1,9.43,5.833000000000006
Cc1ccc(-c2c3n(c(=O)c4ncccc24)CCCCN(Cc2cc(C(F)(F)F)cc(C(F)(F)F)c2)C3=O)cc1,9.42,6.845720000000005
C[C@@H](OC[C@@]1(c2ccccc2)CC[C@]2(CCOC(=O)N2)CN1)c1cc(C(F)(F)F)cc(C(F)(F)F)c1,9.42,5.949400000000005
C[C@@H](O[C@@H]1CN(C(=O)N(C)C)C[C@H]1c1ccc(F)cc1)c1cc(C(F)(F)F)cc(C(F)(F)F)c1,9.42,6.090500000000005
C[C@@H](O[C@H]1CC[C@@H](N(C)CC(=O)N2CCOCC2)[C@@H]1c1ccc(F)cc1)c1cc(C(F)(F)F)cc(C(F)(F)F)c1,9.42,6.046300000000007
C[C@@H](O[C@H]1CC[C@@H](N(C)CC(=O)N(C)C)[C@@H]1c1ccc(F)cc1)c1cc(C(F)(F)F)cc(C(F)(F)F)c1,9.41,6.275700000000006
Cn1c(-c2ccc(Cl)cc2)c(CCC(=O)N2CCN(Cc3ccccc3)C(=O)C2)c2cc(Cl)ccc21,9.41,5.9557000000000055
C[C@@H](O[C@H]1CN2C(=O)C=C(c3ccc(CO)cc3)CC2[C@@H]1c1ccc(F)cc1)c1cc(C(F)(F)F)cc(C(F)(F)F)c1,9.41,7.283700000000006
CC(C(=O)N[C@]1(c2ccccc2)CC[C@@H](N2CCN(C(C)C)CC2)CC1)c1cc(C(F)(F)F)cc(C(F)(F)F)c1,9.41,6.808000000000008
C/C(CCN1CCN(C(=O)c2cc(C(F)(F)F)cc(C(F)(F)F)c2)[C@H](Cc2c[nH]c3ccccc23)C1)=N/OCCN1CCOCC1,9.4,5.689400000000006
C[C@@H](OC[C@@]1(c2ccccc2)C[C@H](N2CCCC2)C(=O)N1)c1cc(C(F)(F)F)cc(C(F)(F)F)c1,9.4,5.681600000000005
O=C(Cc1ccncc1)N[C@@H](Cc1c[nH]c2ccccc12)C(=O)CCc1cc(C(F)(F)F)cc(C(F)(F)F)c1,9.4,6.072400000000004
COc1ccc(C(C)C(F)(F)F)cc1CN[C@H]1CCCN[C@H]1c1ccccc1,9.4,4.943900000000004
CCc1c(C#N)cc2ccccc2c1C(=O)N(C)C[C@@H](CCN1CCC(c2ccccc2[S@+](C)[O-])CC1)c1ccc(Cl)c(Cl)c1,9.4,8.443580000000004
COc1ccc(C(=O)c2ccccc2)cc1CN[C@H]1CCCN[C@H]1c1ccccc1,9.4,4.509100000000003
CC(=O)N[C@H]1C[C@](CO[C@H](C)c2cc(C(F)(F)F)cc(C(F)(F)F)c2)(c2ccccc2)C1,9.4,6.038300000000006
C[C@@H](OC[C@]1(c2ccccc2)C[C@@H](N2CCCC2=O)C1)c1cc(C(F)(F)F)cc(C(F)(F)F)c1,9.4,6.524600000000005
COc1ccc(-n2nnnc2-c2ccccc2)cc1CN[C@H]1CCCN[C@H]1c1ccccc1.Cl.Cl,9.4,4.7644000000000055
C[C@@H](OC1CCC2NC1(c1ccccc1)CC2(F)c1nnn(C)n1)c1cc(C(F)(F)F)cc(C(F)(F)F)c1,9.4,5.6101000000000045
CN1CCC(N2CC(COCc3cc(C(F)(F)F)cc(C(F)(F)F)c3)(c3ccc(F)cc3)NC2=O)CC1,9.4,5.3948000000000045
CN(Cc1cc(C(F)(F)F)cc(C(F)(F)F)c1)C(=O)c1c(-c2ccc(F)cc2)c2ccccc2c(=O)n1C,9.4,6.654400000000003
C[C@@H](O[C@H]1CC[C@@H](NCC(N)=O)[C@@H]1c1ccc(F)cc1)c1cc(C(F)(F)F)cc(C(F)(F)F)c1,9.4,5.330600000000004
CO/N=C(\CN(C)C(=O)c1cc(Cl)cc(Cl)c1)[C@H](CCN1CCC(N2CCCN(C)C2=O)CC1)c1ccc(Cl)c(Cl)c1,9.4,6.770400000000008
COc1cc2c(cc1CN[C@H]1CCCN[C@H]1c1ccccc1)C(C(F)(F)F)CC2,9.4,4.870200000000004
C[C@@H](OC[C@@]1(c2ccccc2)CC[C@@H](C(=O)NC2CC2)CN1)c1cc(C(F)(F)F)cc(C(F)(F)F)c1,9.4,5.975500000000006
Cc1ccccc1-c1cc(N2CCC(O)CC2)ncc1N(C)C(=O)C(C)(C)c1cc(C(F)(F)F)cc(C(F)(F)F)c1,9.4,6.996320000000006
C[C@@H](OC[C@@]1(c2ccccc2)CC(N)C(=O)N1)c1cc(C(F)(F)F)cc(C(F)(F)F)c1,9.4,4.544500000000003
C[C@@H](OC[C@@]1(c2ccc(F)cc2)CN(CC(N)=O)C(=O)N1)c1cc(C(F)(F)F)cc(C(F)(F)F)c1,9.4,4.346900000000002
CCc1noc(C2=CC(=O)N3C[C@H](O[C@H](C)c4cc(C(F)(F)F)cc(C(F)(F)F)c4)[C@@H](c4ccc(F)cc4)C3C2)n1,9.4,6.736800000000006
CN(Cc1ccccc1)C(=O)CN1CCC[C@H](OCc2cc(C(F)(F)F)cc(C(F)(F)F)c2)[C@@H]1c1ccccc1,9.4,7.105100000000007
CN(C/C(=N\OCC(=N)NO)[C@H](CCN1CCC(N2CCCCC2=O)CC1)c1ccc(Cl)c(Cl)c1)C(=O)c1cc(Cl)cc(Cl)c1,9.4,6.351670000000007
Cc1cc(F)ccc1-c1cc(N2CCN(S(C)(=O)=O)CC2)ncc1N(C)C(=O)C(C)(C)c1cc(C(F)(F)F)cc(C(F)(F)F)c1,9.4,6.255920000000007
O=C(O)C1CCN(C2CN(CCC3(c4ccc(Cl)c(Cl)c4)CCC(=O)N(CC4CC4)C3)C2)CC1,9.4,4.134500000000004
FC(F)Oc1ccccc1CN[C@H]1CCCN[C@H]1c1ccccc1,9.39,3.8709000000000024
CC(C)C[C@H](NC(=O)[C@H](C)NC(=O)[C@H](Cc1ccccc1)NC(=O)[C@H](Cc1ccccc1)NC(=O)[C@H](CCC(N)=O)NC(=O)[C@H](CCC(N)=O)NC(=O)[C@@H]1CCCN1C(=O)[C@H](CCCCN)NC(=O)[C@@H]1CCCN1C(=O)[C@@H](N)CCCN=C(N)N)C(=O)N[C@@H](CCS(C)(=O)=O)C(N)=O,9.39,-4.640899999999993
C[C@@H](O[C@H]1CC[C@@H](N(C)Cc2c[nH]c(O)n2)[C@@H]1c1ccc(F)cc1)c1cc(C(F)(F)F)cc(C(F)(F)F)c1,9.39,6.816400000000006
C[C@@H](OC[C@@]1(c2ccccc2)CC[C@]2(CCCC(=O)N2)CN1)c1cc(C(F)(F)F)cc(C(F)(F)F)c1,9.39,6.1196000000000055
C[C@@H]1C[C@H](O[C@H](C)c2cc(C(F)(F)F)cc(C(F)(F)F)c2)[C@@H](c2ccc(F)cc2)CC(=O)N1,9.39,6.391800000000005
COc1ccc(C(C)C)cc1CN1CCC(=O)C(C(c2ccccc2)c2ccccc2)C1.Cl,9.38,6.463500000000007
CC(C(=O)NC1(c2ccccc2)CCC(N2CCC(C3CCOC3=O)CC2)CC1)c1cc(C(F)(F)F)cc(C(F)(F)F)c1,9.38,7.057100000000007
Cc1cc(COC[C@H](c2ccccc2)N(C)Cc2n[nH]c(O)n2)cc(C(C)(C)C)c1,9.38,4.506120000000004
CN(Cc1n[nH]c(O)n1)[C@H](COCc1cc(C(F)(F)F)cc(C(F)(F)F)c1)c1ccccc1,9.37,4.937800000000003
C[C@@H](OC[C@]1(c2ccccc2)C[C@@](N)(C(N)=O)C1)c1cc(C(F)(F)F)cc(C(F)(F)F)c1,9.37,4.716400000000003
C[C@@H](O[C@H]1CCn2ccnc2C[C@@H]1c1ccc(F)cc1)c1cc(C(F)(F)F)cc(C(F)(F)F)c1,9.37,6.936200000000005
COc1ccccc1CN(C[C@@H](Cc1c[nH]c2ccccc12)NC(=O)COc1ccc(CO)cc1)C(C)=O,9.37,3.823800000000003
Cc1cc(F)ccc1[C@H]1CNCCN1C(=O)N(C)Cc1cc(C(F)(F)F)cc(C(F)(F)F)c1,9.37,5.370020000000005
C[C@@H](O[C@H]1CC[C@@H](N(C)CC(=O)N2CCCC2)[C@@H]1c1ccc(F)cc1)c1cc(C(F)(F)F)cc(C(F)(F)F)c1,9.37,6.809900000000007
O=C(N[C@]1(c2ccccc2)CC[C@@H](N2CCC(c3ccc(F)cc3)CC2)CC1)C(CO)c1cc(C(F)(F)F)cc(C(F)(F)F)c1,9.36,7.7731000000000074
COc1ccccc1N1CCN(C(=O)CCc2c(-c3ccc(C(F)(F)F)cc3)[nH]c3ccc(C)cc23)CC1,9.36,6.452120000000006
CC(=O)N1CCN([C@@H]2CCN(C(=O)N(C)[C@H](C)c3cc(C(F)(F)F)cc(C(F)(F)F)c3)[C@@H](c3ccc(F)cc3C)C2)CC1,9.36,6.654320000000007
Cc1ccccc1-c1nc(N2CCN(C)CC2)ncc1N(C)C(=O)C(C)(C)c1cc(C(F)(F)F)cc(C(F)(F)F)c1,9.36,6.182020000000007
C[C@@H]1C[C@H](O[C@H](C)c2cc(C(F)(F)F)cc(C(F)(F)F)c2)[C@@H](c2ccc(F)cc2)CN(C)C1=O,9.36,6.591500000000006
Cc1ccc(-c2c3n(c(=O)c4ncccc24)CC[C@@H](C)CN(Cc2cc(C(F)(F)F)cc(C(F)(F)F)c2)C3=O)cc1,9.35,7.091720000000006
CC(C)Oc1ccccc1CN[C@H]1CCCN[C@H]1c1ccccc1,9.34,4.056700000000003
C[C@H](NC(=O)[C@](Cc1c[nH]c2ccccc12)(CN(C)C)NC(=O)OCc1cc2ccccc2o1)c1ccccc1,9.34,5.560800000000005
C[C@@H](O[C@@H]1CN(C(=O)N2CCn3c(nnc3C(F)(F)F)C2)C[C@H]1c1ccc(F)cc1)c1cc(C(F)(F)F)cc(C(F)(F)F)c1,9.33,6.655000000000006
O=C(CCc1ccncc1)N[C@@H](Cc1c[nH]c2ccccc12)C(=O)CCc1cc(C(F)(F)F)cc(C(F)(F)F)c1,9.33,6.462500000000005
C[C@@H](NC(=O)[C@@H](N)Cc1ccc(O)cc1)C(=O)NCC(=O)N[C@@H](Cc1ccc(Cl)cc1)C(=O)NCC(=O)N[C@@H](Cc1c[nH]c2ccccc12)C(=O)OCc1cc(C(F)(F)F)cc(C(F)(F)F)c1,9.33,4.369800000000006
CC1(c2cc(C(F)(F)F)cc(C(F)(F)F)c2)CCN([C@]2(c3ccccc3)CC[C@@H](N3CCN(c4ccccc4Cl)C(=O)C3)CC2)C1=O,9.32,8.054500000000008
COc1ccccc1CN(C[C@@H](Cc1c[nH]c2ccccc12)NC(=O)COc1ccc(-n2ccnc2)cc1)C(C)=O,9.32,4.517200000000003
CC1(c2cc(C(F)(F)F)cc(C(F)(F)F)c2)CCN([C@]2(c3ccccc3)CC[C@@H](N3CCN(c4ccccc4)C(=O)C3)CC2)C1=O,9.32,7.401100000000008
COC1(c2cc(C(F)(F)F)cc(C(F)(F)F)c2)CCN([C@]2(c3ccccc3)CC[C@@H](N3CCC4(CCOC4)CC3)CC2)C1=O,9.32,7.138800000000008
C[C@@H]1C[C@H](O[C@H](C)c2cc(C(F)(F)F)cc(C(F)(F)F)c2)[C@@H](c2ccc(F)cc2)CC(=O)N1C,9.31,6.734000000000006
CC(C)(C(=O)N[C@]1(c2ccccc2)CC[C@@H](N2CCC(c3ccc(F)cc3)CC2)CC1)c1cc(C(F)(F)F)cc(C(F)(F)F)c1,9.31,8.974800000000002
Cc1ccccc1CN1CC(CCN2CC(N3CCOCC3)C2)(c2ccc(Cl)c(Cl)c2)CCC1=O,9.3,4.7687200000000045
Cc1cc(F)ccc1[C@H]1CNCCN1C(=O)N1CCC=CC1c1cc(C(F)(F)F)cc(C(F)(F)F)c1,9.3,6.241220000000005
Cc1cc(F)ccc1[C@H]1CNCCN1C(=O)N(C)C1(c2cc(C(F)(F)F)cc(C(F)(F)F)c2)CC1,9.3,5.859120000000004
C[C@@H](OCC1(c2ccccc2)CC(NCc2n[nH]c(O)n2)C1)c1cc(C(F)(F)F)cc(C(F)(F)F)c1,9.3,5.515700000000004
CN(C(=O)c1cc(C(F)(F)F)cc(C(F)(F)F)c1)[C@@H](/C=C/C(=O)N[C@@H]1CCCCNC1=O)Cc1ccc(Cl)cc1,9.3,5.4020000000000055
C[C@@H](OC[C@@]1(c2ccccc2)C[C@@H](N2CCCC2=O)C(=O)N1)c1cc(C(F)(F)F)cc(C(F)(F)F)c1,9.3,5.208200000000005
Cc1cc(O)cc(C)c1C[C@H](N)C(=O)N[C@H](CCCNC(=N)N)C(=O)N[C@H]1Cc2ccccc2CN(CC(=O)N(C)Cc2cc(C(F)(F)F)cc(C(F)(F)F)c2)C1=O,9.3,3.3928100000000043
CN(Cc1ccccc1)C(=O)[C@H](Cc1ccc2ccccc2c1)NC(=O)[C@@H]1CCCN1C(=N)NCc1ccccc1Cl,9.3,5.368070000000005
C[C@@H](OC[C@@]1(c2ccccc2)CC(O)C(=O)N1)c1cc(C(F)(F)F)cc(C(F)(F)F)c1,9.3,4.578100000000004
O=C1C(c2cc(C(F)(F)F)cc(C(F)(F)F)c2)CCN1[C@]1(c2ccccc2)CC[C@@H](N2CCC3(CCOC3)CC2)CC1,9.3,7.380700000000007
CO/N=C(\CN(C)C(=O)c1cc(Cl)cc(Cl)c1)[C@H](CCN1CCC(N2CCCN(CC(C)(C)O)C2=O)CC1)c1ccc(Cl)c(Cl)c1,9.3,6.91150000000001
CN(C)CC(=O)N1CCC(COCc2cc(C(F)(F)F)cc(C(F)(F)F)c2)(c2ccccc2)CC1,9.3,5.362800000000006
CN(C/C(=N\OCCN1CCNCC1)C(CCN1CCC(N2CCCCC2=O)CC1)c1ccc(Cl)c(Cl)c1)C(=O)c1cc(Cl)cc(Cl)c1,9.3,6.300800000000007
C[C@@H](OC1CCC2NC1(c1ccccc1)CC2c1nnn(C)n1)c1cc(C(F)(F)F)cc(C(F)(F)F)c1,9.3,5.528900000000005
C[C@@H](OC[C@@]1(c2ccccc2)CN(C)C(=O)N1)c1cc(C(F)(F)F)cc(C(F)(F)F)c1,9.3,5.352300000000004
COc1ccc(S(C)(=O)=O)cc1CN[C@H]1CCCN[C@H]1c1ccccc1,9.3,2.6816000000000004
COc1ccc(-c2ccco2)cc1CN[C@H]1CCCN[C@H]1c1ccccc1,9.3,4.538100000000003
CNC(=O)[C@]1(N)C[C@](CO[C@H](C)c2cc(C(F)(F)F)cc(C(F)(F)F)c2)(c2ccccc2)C1,9.3,4.977100000000004
O=C1CCC(CCN2CCC(O)(c3ccccc3)CC2)(c2ccc(Cl)c(Cl)c2)CN1Cc1ccccc1,9.3,6.427500000000007
FC(F)(F)c1cc(CO[C@H]2CCCN(Cc3ncc[nH]3)[C@H]2c2ccccc2)cc(C(F)(F)F)c1,9.3,6.369800000000004
CN(C(=O)c1cc(C(F)(F)F)cc(C(F)(F)F)c1)[C@@H](/C=C/C(=O)N[C@@H]1CCCCNC1=O)Cc1cn(C)c2ccccc12,9.3,5.240300000000005
O=C1CCC(CCN2CC(N3CCOCC3)C2)(c2ccc(Cl)c(Cl)c2)CN1Cc1ccccc1,9.3,4.460300000000005
CN(C(=O)C(C)(C)c1cc(C(F)(F)F)cc(C(F)(F)F)c1)c1cnc(N2C[C@@H](O)C[C@H]2CO)cc1-c1ccccc1Cl,9.29,6.312100000000007
CC(=O)NC1(c2ccccc2)CCN(CC[C@H](CN(C)C(=O)c2ccccc2)c2ccc(Cl)c(Cl)c2)CC1,9.29,6.366700000000008
Cc1cc(C2=CC(=O)N3C[C@H](O[C@H](C)c4cc(C(F)(F)F)cc(C(F)(F)F)c4)[C@@H](c4ccc(F)cc4)C3C2)ccn1,9.29,7.494820000000006
CC(C)C[C@H](NC(=O)[C@@H]1CCCN1C(=O)[C@H]1CSSC[C@@H](NC(=O)[C@@H](N)Cc2ccc(O)cc2)C(=O)NCC(=O)N[C@@H](Cc2ccccc2)C(=O)N1)C(=O)N[C@@H](Cc1c[nH]c2ccccc12)C(=O)NCc1cc(C(F)(F)F)cc(C(F)(F)F)c1,9.28,4.555000000000013
NC(=O)CNC(COCc1cc(C(F)(F)F)cc(C(F)(F)F)c1)C(c1ccccc1)c1ccccc1,9.28,5.516400000000004
NC(=O)CN[C@H](COCc1cc(C(F)(F)F)cc(C(F)(F)F)c1)C(c1ccccc1)c1ccccc1,9.28,5.516400000000004
C[C@@H](O[C@H]1CC[C@@H]2CN(c3cnccn3)C[C@H]2[C@@H]1c1ccc(F)cc1)c1cc(C(F)(F)F)cc(C(F)(F)F)c1,9.28,7.429700000000006
COCCN(C)[C@@H]1CC[C@H](O[C@H](C)c2cc(C(F)(F)F)cc(C(F)(F)F)c2)[C@H]1c1ccc(F)cc1,9.28,6.833900000000007
C[C@@H](O[C@H]1CCN(C)C(=O)C[C@@H]1c1ccc(F)cc1)c1cc(C(F)(F)F)cc(C(F)(F)F)c1,9.28,6.345500000000005
CC(=O)C1(c2ccccc2)CCN(C(=O)CCc2c(-c3ccc(Cl)cc3)n(C)c3ccc(Cl)cc23)CC1,9.28,7.234100000000007
CC(=O)O.Cc1cc(F)ccc1[C@H]1CNCCN1C(=O)N(C)[C@@H](C)c1cc(C(F)(F)F)cc(C(F)(F)F)c1,9.27,6.021920000000006
Cn1c(-c2ccc(Cl)cc2)c(CCC(=O)N2CCC(F)(Cc3ccccc3)CC2)c2cc(Cl)ccc21,9.26,7.6581000000000055
C[C@H](NC(=O)[C@@](C)(Cc1c[nH]c2ccccc12)NC(=O)OCc1cc2ccccc2o1)c1ccccc1,9.26,6.019100000000005
C[C@@H](O[C@H]1CC[C@@H](NCc2ncc[nH]2)[C@@H]1c1ccc(F)cc1)c1cc(C(F)(F)F)cc(C(F)(F)F)c1,9.26,6.768600000000005
CNC(=O)[C@@H]1CC[C@@](CO[C@H](C)c2cc(C(F)(F)F)cc(C(F)(F)F)c2)(c2ccccc2)NC1,9.25,5.442900000000006
COc1ccccc1[C@H]1COCC2(C1)OCCN(Cc1n[nH]c(O)n1)[C@H]2c1ccc(F)cc1,9.25,3.174400000000001
COc1ccc(N(C)C)cc1CN[C@H]1CCCN[C@H]1c1ccccc1,9.25,3.344100000000002
Cc1cnc(C(=O)N2C[C@H](C(=O)N(C)Cc3cc(C(F)(F)F)cc(C(F)(F)F)c3)[C@@H](c3ccccc3)C2)cn1,9.24,5.337020000000005
Cc1ccccc1-c1cc(N2CCN(C)CC2)ncc1C(=O)N(C)Cc1cc(C(F)(F)F)cc(C(F)(F)F)c1,9.24,6.118620000000005
CSN1CC2(CCN(C(=O)N[C@@H](Cc3c[nH]c4ccccc34)C(=O)OCc3cc(C(F)(F)F)cc(C(F)(F)F)c3)CC2)c2ccccc21,9.24,7.701400000000007
C[C@@H](O[C@@H]1CN(C(=O)NCc2cn[nH]n2)C[C@H]1c1ccc(F)cc1)c1cc(C(F)(F)F)cc(C(F)(F)F)c1,9.24,5.436800000000004
N#Cc1ccc(-c2cc(COCC3(c4ccccc4)CCNCC3)cc(C(F)(F)F)c2)cc1,9.23,6.082080000000005
C[C@@H](OC[C@@]1(c2ccccc2)CC[C@H](N2CCNC2=O)CN1)c1cc(C(F)(F)F)cc(C(F)(F)F)c1,9.23,5.474500000000005
C[C@@H](O[C@H]1CC[C@@H](NCc2cccnc2)[C@@H]1c1ccc(F)cc1)c1cc(C(F)(F)F)cc(C(F)(F)F)c1,9.22,7.440500000000005
C[C@@H](OC[C@@]1(c2ccccc2)C[C@H](NS(C)(=O)=O)C(=O)N1)c1cc(C(F)(F)F)cc(C(F)(F)F)c1,9.22,4.1350000000000025
CC(C)C[C@H](NC(=O)[C@@H]1CCCN1C(=O)[C@H](Cc1ccccc1)NC(=O)CNC(=O)[C@@H](C)NC(=O)[C@@H](N)Cc1ccc(O)cc1)C(=O)N[C@@H](Cc1c[nH]c2ccccc12)C(=O)NCc1cc(C(F)(F)F)cc(C(F)(F)F)c1,9.22,4.69510000000001
C[C@@H](OC[C@@]1(c2ccccc2)CCC(=O)N1)c1cc(C(F)(F)F)cc(C(F)(F)F)c1,9.22,5.607300000000004
COc1ccccc1N1CCN(C(=O)CCc2c(-c3ccc(Cl)cc3)[nH]c3ccc(C)cc23)CC1,9.22,6.086720000000006
CN(O)C(=O)c1ccc(-c2ccc(Cl)cc2)c(N(C)C(=O)c2cc(C(F)(F)F)cc(C(F)(F)F)c2)c1,9.22,6.7824000000000035
O=C(CCN1CCCCC1)N[C@@H](Cc1c[nH]c2ccccc12)C(=O)CCc1cc(C(F)(F)F)cc(C(F)(F)F)c1,9.22,6.310700000000005
CN(C)CCCCC(=O)N[C@@H](Cc1c[nH]c2ccccc12)C(=O)CCc1cc(C(F)(F)F)cc(C(F)(F)F)c1,9.22,6.166600000000005
CSCC[C@H](NC(=O)[C@H](CC(C)C)NC(=O)CNC(=O)[C@H](Cc1ccc(O)cc1)NC(=O)[C@H](Cc1ccccc1)NC(=O)[C@H](CCCN=C(N)N)NC(=O)[C@H](CC(=O)O)NC(=O)[C@@H]1CCCN1C(=O)[C@H](CO)NC(=O)[C@@H]1CCCN1C(=O)[C@@H](N)CCCCN)C(N)=O,9.22,-4.069400000000016
CN(C(=O)C(C)(C)c1cc(C(F)(F)F)cc(C(F)(F)F)c1)[C@H]1CN(C(=O)NCCO)C[C@@H]1c1ccc(F)cc1,9.22,4.769200000000004
CCCC[C@H](NC(=O)[C@H](Cc1ccccc1)NC(=O)CNC(=O)[C@@H](C)NC(=O)[C@@H](N)Cc1ccc(O)cc1)C(=O)N1CCC[C@H]1C(=O)N[C@@H](CC(C)C)C(=O)N[C@@H](Cc1c[nH]c2ccccc12)C(=O)OCc1cc(C(F)(F)F)cc(C(F)(F)F)c1,9.22,5.797100000000014
CN(C/C(=N\OCCO)C(CCN1CCC(N2CCCCC2=O)CC1)c1ccc(Cl)c(Cl)c1)C(=O)c1cc(Cl)cc(Cl)c1,9.22,6.387900000000007
CO/N=C(\CN(C)C(=O)c1cc(Cl)cc(Cl)c1)[C@H](CCN1CCC(N2CCCN(CC(=N)NO)C2=O)CC1)c1ccc(Cl)c(Cl)c1,9.22,6.096670000000006
CO/N=C(\CN(C)C(=O)c1cc(Cl)cc(Cl)c1)[C@H](CCN1CCC(N2CCCN(CCNS(C)(=O)=O)C2=O)CC1)c1ccc(Cl)c(Cl)c1,9.22,5.689800000000007
CO/N=C(\CN(C)C(=O)c1cc(Cl)cc(Cl)c1)[C@H](CCN1CCC(N2CCCN([C@H](CO)C(N)=O)C2=O)CC1)c1ccc(Cl)c(Cl)c1,9.22,4.986800000000005
COc1ccc(C(C)(C)C)cc1CN[C@H]1CCCN[C@H]1c1ccccc1,9.22,4.575600000000003
C[C@@H](OC1CCC2NC1(c1ccccc1)CC2S(=O)(=O)c1ccccc1)c1cc(C(F)(F)F)cc(C(F)(F)F)c1,9.22,7.064100000000006
C[C@@H](OC[C@@]1(c2ccccc2)CNC(=O)N1)c1cc(C(F)(F)F)cc(C(F)(F)F)c1,9.22,5.010100000000003
CN(C)CCC(=O)N1CCC(COCc2cc(C(F)(F)F)cc(C(F)(F)F)c2)(c2ccccc2)CC1,9.22,5.752900000000006
CSCC[C@H](NC(=O)[C@H](CC(C)C)NC(=O)CNC(=O)[C@@H](NC(=O)[C@H](Cc1ccccc1)NC(=O)[C@H](CCC(N)=O)NC(=O)[C@H](CCC(N)=O)NC(=O)[C@H]1CCCN1C(=O)[C@H](CCCCN)NC(=O)[C@@H]1CCCN1C(=O)[C@@H](N)CCCN=C(N)N)[C@H]1CCc2ccccc21)C(N)=O,9.22,-3.2237
COc1ccccc1CN1CN2CCCC1C2c1ccccc1,9.21,3.674000000000003
O=c1nc(C2CC3(c4ccccc4)NC2CCC3NCc2cc(OC(F)(F)F)ccc2OC2CC2)[nH][nH]1,9.21,3.831000000000002
CN(C(=O)C(C)(C)c1cc(C(F)(F)F)cc(C(F)(F)F)c1)c1cnc(N2C[C@H](O)C[C@H]2CO)cc1-c1ccccc1Cl,9.21,6.312100000000007
CC(C)(NC(=O)[C@]1(c2ccccc2)CC[C@@H](N2CCC(c3ccc(F)cc3)CC2)CC1)c1cc(C(F)(F)F)cc(C(F)(F)F)c1,9.21,8.974800000000002
COc1ccc(Br)cc1CN1CCC(=O)C(C(c2ccc(F)cc2)c2ccc(F)cc2)C1,9.21,5.959000000000005
COc1ccccc1CN1CN2CCC[C@H]1[C@@H]2c1ccccc1,9.21,3.674000000000003
CC(C(=O)N[C@]1(c2ccccc2)CC[C@@H](N2CCN(c3ccccc3)C(=O)C2)CC1)c1cc(C(F)(F)F)cc(C(F)(F)F)c1,9.21,7.130800000000007
C[C@@H](O[C@H]1CN(C(=O)OC(C)(C)C)[C@@H](CO)[C@@H]1c1ccccc1)c1cc(C(F)(F)F)cc(C(F)(F)F)c1,9.2,6.5658000000000065
O=C1CCC(CCN2CC(N3C4CCC3CC(O)C4)C2)(c2ccc(Cl)c(Cl)c2)CN1Cc1ccccc1,9.2,5.115800000000005
CC(C(=O)N[C@]1(c2ccccc2)CC[C@@H](N2CCC(c3ccc(F)cc3)CC2)CC1)c1cc(C(F)(F)F)cc(C(F)(F)F)c1,9.2,8.800700000000003
O=C1CCC(CCN2CC(N3CC[S+]([O-])CC3)C2)(c2ccc(Cl)c(Cl)c2)CN1Cc1ccccc1,9.2,4.192400000000004
CS(=O)(=O)N1CCN(C2CN(CCC3(c4ccc(Cl)c(Cl)c4)CCC(=O)N(Cc4ccccc4)C3)C2)CC1,9.2,3.705300000000004
COc1ccccc1CN[C@H]1C2CCNC1(c1ccccc1)CC=C2C,9.2,4.008400000000003
O=C(c1cc(C(F)(F)F)cc(C(F)(F)F)c1)N1CCN(CC2=NOC(CN3CCOCC3)C2)C[C@H]1Cc1c[nH]c2ccccc12,9.2,5.051700000000005
O=C(c1cc(C(F)(F)F)cc(C(F)(F)F)c1)N1CCN(C/C=N\OCCCN2CCOCC2)C[C@H]1Cc1c[nH]c2ccccc12,9.2,5.299300000000005
O=C(c1cc(C(F)(F)F)cc(C(F)(F)F)c1)N1CCN(C/C=N\OCCN2CCOCC2)C[C@H]1Cc1c[nH]c2ccccc12,9.2,4.909200000000005
CNC(=O)CN1CCC[C@H](OCc2cc(C(F)(F)F)cc(C(F)(F)F)c2)[C@@H]1c1ccccc1,9.2,5.192500000000004
FC(F)(F)Oc1ccc(OC2CC2)c(CNC2CCC3NC2(c2ccccc2)CC3c2nnn[nH]2)c1,9.19,3.9327000000000014
Cc1cc(F)ccc1[C@H]1C[C@H](N2CCC2)CCN1C(=O)N(C)[C@H](C)c1cc(C(F)(F)F)cc(C(F)(F)F)c1,9.19,7.195920000000006
CC(=O)N(Cc1ccccc1Cl)C[C@@H](Cc1c[nH]c2ccccc12)NC(=O)COc1ccc(-n2ccnc2)cc1,9.19,5.162000000000004
C[C@@H](O[C@H]1CCNC(=O)C[C@@H]1c1ccc(F)cc1)c1cc(C(F)(F)F)cc(C(F)(F)F)c1,9.19,6.003300000000004
CC[C@H](C)[C@H](NC(=O)CNC(=O)[C@H](Cc1ccccc1)NC(=O)[C@H](Cc1ccccc1)NC(=O)[C@H](CCC(N)=O)NC(=O)[C@H](CCC(=O)O)NC(=O)[C@H](CCCCN)NC(=O)[C@@H]1CCCN1C(=O)[C@@H](N)CCCNC(=N)N)C(=O)N[C@@H](CCSC)C(=O)O,9.19,-2.2937300000000205
O=C1N([C@]2(c3ccccc3)CC[C@@H](N3CCC4(CCOC4)CC3)CC2)CCC1(O)c1cc(C(F)(F)F)cc(C(F)(F)F)c1,9.18,6.484700000000008
C[C@@H](OC[C@@]1(c2ccccc2)CC[C@]2(CCC(=O)N2)CN1)c1cc(C(F)(F)F)cc(C(F)(F)F)c1,9.18,5.729500000000005
C[C@@H](O[C@H]1CN2C(=O)[C@@H]3C[C@@H](N)C[C@@H]3[C@H]2[C@@H]1c1ccc(F)cc1)c1cc(C(F)(F)F)cc(C(F)(F)F)c1,9.18,5.671200000000005
CN(Cc1cc(C(F)(F)F)cc(C(F)(F)F)c1)C(=O)[C@H]1CN(C(=O)C2CCCCC2)C[C@@H]1c1ccccc1,9.17,6.505100000000006
COCCN(C)C(=O)CN(C)[C@@H]1CC[C@H](O[C@H](C)c2cc(C(F)(F)F)cc(C(F)(F)F)c2)[C@H]1c1ccc(F)cc1,9.17,6.292300000000007
C[C@@H](OC[C@@]1(c2ccccc2)CC[C@H](NC(N)=O)CN1)c1cc(C(F)(F)F)cc(C(F)(F)F)c1,9.16,5.117600000000004
C[C@@H](O[C@H]1CC[C@@H](NCc2ccncc2)[C@@H]1c1ccc(F)cc1)c1cc(C(F)(F)F)cc(C(F)(F)F)c1,9.15,7.440500000000005
CCCC[C@@H](C(=O)N1CCC[C@H]1C(=O)N[C@@H](CC(C)C)C(=O)N[C@@H](Cc1c[nH]c2ccccc12)C(=O)OCc1cc(C(F)(F)F)cc(C(F)(F)F)c1)N(C)C(=O)[C@H](Cc1ccccc1)NC(=O)CNC(=O)[C@@H](C)NC(=O)[C@@H](N)Cc1ccc(O)cc1,9.15,6.139300000000009
CN(C/C(=N\OCC(=N)NO)C(CCN1CCC(N2CCCCC2=O)CC1)c1ccc(Cl)c(Cl)c1)C(=O)c1cc(Cl)cc(Cl)c1,9.15,6.351670000000007
COc1cc(C(=O)Nc2cc(C(=O)NC3CCCCNC3=O)ccc2-c2ccc(Cl)cc2)cc(OC)c1OC,9.15,4.683600000000004
CN(C/C(=N\OCCCO)C(CCN1CCC(N2CCCCC2=O)CC1)c1ccc(Cl)c(Cl)c1)C(=O)c1cc(Cl)cc(Cl)c1,9.15,6.7780000000000085
CO/N=C(\CN(C)C(=O)c1cc(Cl)cc(Cl)c1)[C@H](CCN1CCC(N2CCCN(Cc3ccccn3)C2=O)CC1)c1ccc(Cl)c(Cl)c1,9.15,7.735800000000009
CN(C/C(=N\OCCCn1cncn1)C(CCN1CCC(N2CCCCC2=O)CC1)c1ccc(Cl)c(Cl)c1)C(=O)c1cc(Cl)cc(Cl)c1,9.15,7.077400000000009
COc1ccccc1CN(C)CCNC(=O)[C@@H]1C[C@@H](C(=O)N(Cc2ccccc2)Cc2ccccc2)CCN1C(=O)N(c1ccccc1)c1cccc(Cl)c1,9.15,8.16450000000001
Cc1cc(F)ccc1-c1cc(N2CCN(S(C)(=O)=O)C[C@H]2CO)ncc1N(C)C(=O)C(C)(C)c1cc(C(F)(F)F)cc(C(F)(F)F)c1,9.15,5.616820000000007
CN(Cc1ccccc1)C(=O)[C@H](Cc1ccc2ccccc2c1)NC(=O)[C@@H]1CCCN1/C(S)=N/Cc1ccccc1Cl,9.15,6.129500000000007
COC[C@](Cc1c[nH]c2ccccc12)(NC(=O)OCc1cc2ccccc2o1)C(=O)N[C@@H](C)c1ccccc1,9.15,5.645600000000004
Cc1cc(F)ccc1-c1cc(N2CC[C@H](O)[C@H]2CO)ncc1N(C)C(=O)C(C)(C)c1cc(C(F)(F)F)cc(C(F)(F)F)c1,9.15,6.106220000000007
O=C(Cc1cc(C(F)(F)F)cc(C(F)(F)F)c1)N[C@]1(c2ccccc2)CC[C@H](N2CCC(c3ccc(F)cc3)CC2)CC1,9.15,8.239700000000006
CN1CCC(COCc2cc(C(F)(F)F)cc(C(F)(F)F)c2)(c2ccccc2)CC1,9.15,5.904400000000005
CN(C)CCCC(=O)N[C@@H](Cc1c[nH]c2ccccc12)C(=O)CCc1cc(C(F)(F)F)cc(C(F)(F)F)c1,9.15,5.776500000000005
NC(=O)CN[C@@H](COCc1cc(C(F)(F)F)cc(C(F)(F)F)c1)[C@@H](CCN1CCC(O)(c2ccccc2)CC1)c1ccc(Cl)c(Cl)c1,9.15,7.148600000000007
C[C@H]1C[C@@](CO[C@H](C)c2cc(C(F)(F)F)cc(C(F)(F)F)c2)(c2ccccc2)NC1=O,9.15,5.853300000000004
CN(C/C(=N\OCC(=O)O)C(CCN1CCC(N2CCCCC2=O)CC1)c1ccc(Cl)c(Cl)c1)C(=O)c1cc(Cl)cc(Cl)c1,9.15,6.480200000000008
CN(Cc1ccccc1)C(=O)[C@H](Cc1ccc2ccccc2c1)NC(=O)[C@@H]1CCCN1C(=O)Nc1cccc(F)c1,9.15,5.361300000000004
COc1ccc(C(F)C(F)(F)F)cc1CN[C@H]1CCCN[C@H]1c1ccccc1,9.15,4.8510000000000035
CN(C/C(=N\OCCCN)C(CCN1CCC(N2CCCCC2=O)CC1)c1ccc(Cl)c(Cl)c1)C(=O)c1cc(Cl)cc(Cl)c1,9.15,6.744400000000008
CSCC[C@H](NC(=O)[C@H](CC(C)C)NC(=O)CNC(=O)[C@H](Cc1ccccc1)NC(=O)[C@H](Cc1ccccc1)NC(=O)[C@H](CCC(N)=O)NC(=O)[C@H](C)NC(=O)[C@@H]1CCCN1C(=O)[C@H](CCCCN)NC(=O)[C@@H]1CCCN1C(=O)[C@@H](N)CCCNC(=N)N)C(N)=O,9.15,-2.746930000000022
CC(=O)N[C@@H](Cc1c[nH]c2ccccc12)C(=O)OCc1cc(C(F)(F)F)cc(C(F)(F)F)c1,9.14,4.996100000000003
C[C@H](NC(=O)[C@@H](Cc1c[nH]c2ccccc12)NC(=O)OCc1cc2ccccc2o1)c1ccccc1,9.14,5.629000000000005
CN(Cc1cc(C(F)(F)F)cc(C(F)(F)F)c1)C(=O)[C@H]1CN(C(=O)c2cnccn2)C[C@@H]1c1ccccc1,9.13,5.0286000000000035
CN(C(=O)c1cc(C(F)(F)F)cc(C(F)(F)F)c1)C(/C=C/C(=O)NC1CCCCNC1=O)Cc1ccc(Cl)cc1,9.12,5.4020000000000055
OCC(OC[C@]1(c2ccccc2)CC[C@@H](N2CCC(c3ccc(F)cc3)CC2)CC1)c1cc(C(F)(F)F)cc(C(F)(F)F)c1,9.12,8.673500000000004
O=C(Cc1cc(C(F)(F)F)cc(C(F)(F)F)c1)NCC(c1ccc(Cl)c(Cl)c1)N1CCC(N2CCCCC2)CC1,9.12,7.381300000000007
C[C@@H](OC[C@@]1(c2ccccc2)CC[C@]2(CN1)NC(=O)NC2=O)c1cc(C(F)(F)F)cc(C(F)(F)F)c1,9.11,4.658900000000004
CN(CCO)c1cc(-c2ccccc2Cl)c(N(C)C(=O)C(C)(C)c2cc(C(F)(F)F)cc(C(F)(F)F)c2)cn1,9.11,6.808700000000006
OC[C@@H]1CC[C@H](OCc2cc(C(F)(F)F)cc(C(F)(F)F)c2)[C@H]1c1ccccc1,9.11,5.795500000000005
O=C(CCc1c(-c2ccc(Cl)cc2)nc2ccc(Cl)cn12)N1CCC(O)(Cc2ccccc2)CC1,9.11,5.836900000000007
Cn1c(-c2ccc(Cl)cc2)c(CCC(=O)N2CCN(CC3CC3)CC2)c2cc(Cl)ccc21,9.11,5.638900000000006
COc1ccccc1CN(C=O)CC(Cc1c[nH]c2ccccc12)NC(=O)CN1CCN(c2ccccc2)CC1,9.1,3.6846000000000023
CCN1C[C@@](CO[C@H](C)c2cc(C(F)(F)F)cc(C(F)(F)F)c2)(c2ccc(F)cc2)NC1=O,9.1,5.881500000000004
CO/N=C(\CN(C)C(=O)c1cc(Cl)cc(Cl)c1)[C@H](CCN1CCC(N2CCCN(C(C)(C)C(N)=O)C2=O)CC1)c1ccc(Cl)c(Cl)c1,9.1,6.404500000000008
FC(F)(F)c1cc(CO[C@H]2CCCN(Cc3n[nH]c(S)n3)[C@H]2c2ccccc2)cc(C(F)(F)F)c1,9.1,6.053500000000004
CN(Cc1ccccc1)C(=O)[C@H](Cc1ccc2ccccc2c1)NC(=O)[C@@H]1CCCN1C(=O)Nc1ccccc1C(N)=O,9.1,4.321100000000002
CN(Cc1cc(C(F)(F)F)cc(C(F)(F)F)c1)C(=O)[C@H]1CN(C(=O)NC2CCCCC2)C[C@@H]1c1ccccc1,9.1,6.440500000000005
CC(C)C[C@H](NC(=O)[C@@H]1CCCN1C(=O)[C@H](CC(C)C)NC(=O)[C@H](Cc1ccccc1)NC(=O)CNC(=O)[C@@H](C)NC(=O)[C@@H](N)Cc1ccc(O)cc1)C(=O)N[C@@H](Cc1c[nH]c2ccccc12)C(=O)OCc1cc(C(F)(F)F)cc(C(F)(F)F)c1,9.1,5.653000000000014
CN(C/C(=N\OCF)C(CCN1CCC(N2CCCCC2=O)CC1)c1ccc(Cl)c(Cl)c1)C(=O)c1cc(Cl)cc(Cl)c1,9.1,7.3226000000000075
CN(C/C(=N\OCCC[S+](C)[O-])C(CCN1CCC(N2CCCCC2=O)CC1)c1ccc(Cl)c(Cl)c1)C(=O)c1cc(Cl)cc(Cl)c1,9.1,7.164200000000009
O=C(c1cc(C(F)(F)F)cc(C(F)(F)F)c1)N1CCN(Cc2cc(CN3CCOCC3)on2)C[C@H]1Cc1c[nH]c2ccccc12,9.1,5.595000000000006
FC(F)(F)Oc1ccccc1CN[C@H]1CCCN[C@H]1c1ccccc1,9.1,4.168100000000003
Cc1cc(F)ccc1[C@H]1CNCCN1C(=O)N1CCCNC1c1cc(C(F)(F)F)cc(C(F)(F)F)c1,9.1,5.2321200000000045
CO/N=C(\CN(C)C(=O)c1cc(Cl)cc(Cl)c1)[C@H](CCN1CCC(N2CCCN(N3CCOCC3)C2=O)CC1)c1ccc(Cl)c(Cl)c1,9.1,6.387800000000008
CN(Cc1ccccc1)C(=O)[C@H](Cc1cccc2ccccc12)NC(=O)[C@@H]1C[C@@H](O)CN1C(=O)C1C=[N+](C)c2ccccc21,9.1,3.629500000000002
O=C1C(c2cc(C(F)(F)F)cc(C(F)(F)F)c2)CCCN1[C@]1(c2ccccc2)CC[C@@H](N2CCC3(CCOC3)CC2)CC1,9.1,7.7708000000000075
CN(C/C(=N\OCCCn1cnnn1)C(CCN1CCC(N2CCCCC2=O)CC1)c1ccc(Cl)c(Cl)c1)C(=O)c1cc(Cl)cc(Cl)c1,9.1,6.4724000000000075
COc1ccc(-c2c(C)nn(C)c2C)cc1CN[C@H]1CCCN[C@H]1c1ccccc1,9.1,4.295440000000003
CN(C(=O)c1cc(C(F)(F)F)cc(C(F)(F)F)c1)c1cc(C(=O)N[C@@H]2CCCCNC2=O)ccc1-c1ccc(Cl)c(Cl)c1,9.1,7.373100000000004
C/C(CN1CCN(C(=O)c2cc(C(F)(F)F)cc(C(F)(F)F)c2)[C@H](Cc2c[nH]c3ccccc23)C1)=N/OCCN(C)C,9.1,5.528700000000006
Cn1c(-c2ccc(Cl)cc2)c(CCC(=O)N2CCC(O)(Cc3ccccc3)CC2)c2cc(-c3ccco3)ccc21,9.1,7.287500000000007
Cc1ccc(-c2c(C(=O)N(C)[C@@H](C)c3cc(C(F)(F)F)cc(C(F)(F)F)c3)n(C)c(=O)c3ncccc23)cc1,9.1,6.7797200000000055
COc1ccc(-c2nccs2)cc1CN[C@H]1CCCN[C@H]1c1ccccc1,9.1,4.401600000000003
COc1ccc(C2(C(F)(F)F)N=N2)cc1CN[C@H]1CCCN[C@H]1c1ccccc1,9.1,4.459000000000003
FC(F)(F)c1cc(CO[C@H]2CCCN[C@H]2c2ccccc2)cc(C(F)(F)F)c1,9.1,5.734100000000003
CCN(Cc1n[nH]c(O)n1)[C@H](COCc1cc(C(F)(F)F)cc(C(F)(F)F)c1)c1ccccc1,9.1,5.327900000000004
CCC(=O)N(Cc1ccccc1OC)CC(Cc1c[nH]c2ccccc12)NC(=O)CN1CCN(c2ccccc2)CC1,9.09,4.464800000000004
CN(C[C@@H]1CCC(=O)N1)[C@@H]1CC[C@H](OCc2cc(C(F)(F)F)cc(C(F)(F)F)c2)[C@H]1c1ccccc1,9.09,5.766000000000005
COc1ccccc1CN(CC(Cc1c[nH]c2ccccc12)NC(=O)COc1ccc(CO)cc1)C(C)=O,9.09,3.823800000000003
COc1ccc(OC(F)(F)F)cc1CN1CCC(=O)C(C(c2ccc(F)cc2)c2ccc(F)cc2)C1.Cl,9.09,6.516900000000006
CN(Cc1cc(C(F)(F)F)cc(C(F)(F)F)c1)C(=O)[C@H]1CN(C(=O)c2ncccn2)C[C@@H]1c1ccccc1,9.08,5.0286000000000035
CN(C(=O)c1cc(C(F)(F)F)cc(C(F)(F)F)c1)[C@H](/C=C/C(=O)N[C@@H]1CCCCNC1=O)Cc1ccc(Cl)c(Cl)c1,9.08,6.055400000000005
CN[C@@H]1CC[C@H](OCc2cc(C(F)(F)F)cc(C(F)(F)F)c2)[C@H]1c1ccccc1,9.08,5.775000000000005
COc1ccccc1CN(C[C@@H](Cc1c[nH]c2ccccc12)NC(=O)CN1CCN(c2ccccc2)CC1)C(C)=O,9.07,4.0747000000000035
Cc1ccc(-c2c3n(c(=O)c4ncccc24)CCCN(Cc2cc(C(F)(F)F)cc(C(F)(F)F)c2)C3=O)cc1,9.07,6.455620000000005
CN(C(=O)C(C)(C)c1cc(C(F)(F)F)cc(C(F)(F)F)c1)c1cnc(N2CC[C@H](O)C2)cc1-c1ccccc1Cl,9.07,6.951200000000007
Cc1cc(O)cc(C)c1C[C@H](N)C(=O)N[C@H](C)C(=O)N[C@@H](Cc1c[nH]c2ccccc12)C(=O)NCc1cc(C(F)(F)F)cc(C(F)(F)F)c1,9.07,4.946340000000004
CC(C(=O)N[C@]1(c2ccccc2)CC[C@@H](N2CCC(O)CC2)CC1)c1cc(C(F)(F)F)cc(C(F)(F)F)c1,9.07,6.238700000000007
CCC[C@](Cc1c[nH]c2ccccc12)(NC(=O)OCc1cc2ccccc2o1)C(=O)N[C@@H](C)c1ccccc1,9.07,6.799300000000006
CC(C)C[C@H](NC(=O)[C@@H]1CCCN1C(=O)[C@H](Cc1ccccc1)NC(=O)[C@H](Cc1ccccc1)NC(=O)CNC(=O)[C@@H](C)NC(=O)[C@@H](N)Cc1ccc(O)cc1)C(=O)N[C@@H](Cc1c[nH]c2ccccc12)C(=O)OCc1cc(C(F)(F)F)cc(C(F)(F)F)c1,9.06,5.849600000000012
CSCC[C@H](NC(=O)[C@H](Cc1ccccc1)NC(=O)CNC(=O)[C@@H](C)NC(=O)[C@@H](N)Cc1ccc(O)cc1)C(=O)N1CCC[C@@H]1C(=O)N[C@@H](CC(C)C)C(=O)N[C@@H](Cc1c[nH]c2ccccc12)C(=O)OCc1cc(C(F)(F)F)cc(C(F)(F)F)c1,9.06,5.360000000000013
C[C@@H](O[C@H]1CN2C(=O)N(C)C[C@H]2[C@@H]1c1ccc(F)cc1)c1cc(C(F)(F)F)cc(C(F)(F)F)c1,9.06,5.842900000000004
CN(Cc1ccccc1)C(=O)[C@H](Cc1ccc2ccccc2c1)NC(=O)[C@@H]1CCCN1C(=O)Nc1ccccc1,9.06,5.222200000000004
O=C(Cc1cc(C(F)(F)F)cc(C(F)(F)F)c1)NCC(c1ccccc1Br)N1CCC(N2CCCCC2)CC1,9.06,6.837000000000007
O=C(CCc1cc(C(F)(F)F)cc(C(F)(F)F)c1)[C@H](Cc1c[nH]c2ccccc12)NC(=O)C12CCN(CC1)CC2,9.05,5.9206000000000065
Cc1cc(COC2C3CCN(CC3)C2C(c2ccccc2)c2ccccc2)cc([Si](C)(C)C)c1,9.05,6.351720000000007
COc1ccc(CC(F)(F)F)cc1CN[C@H]1CCCN[C@H]1c1ccccc1,9.05,4.382900000000003
CN(C(=O)C(C)(C)c1cc(C(F)(F)F)cc(C(F)(F)F)c1)[C@H]1CNC[C@@H]1c1ccc(F)cc1,9.05,5.354900000000005
COc1ccccc1N1CCN(C(=O)CCc2c(-c3ccc(Cl)cc3)[nH]c3ccc(Cl)cc23)CC1,9.05,6.431700000000005
CN(C/C(=N\OCC(N)=O)C(CCN1CCC(N2CCCCC2=O)CC1)c1ccc(Cl)c(Cl)c1)C(=O)c1cc(Cl)cc(Cl)c1,9.05,5.880900000000007
FC(F)(F)c1cc(CO[C@H]2CCCN(Cc3c[nH]cn3)[C@H]2c2ccccc2)cc(C(F)(F)F)c1,9.05,6.369800000000003
CNC(=O)CN1CCCN(C2CCN(CC[C@@H](/C(CN(C)C(=O)c3cc(Cl)cc(Cl)c3)=N/OC)c3ccc(Cl)c(Cl)c3)CC2)C1=O,9.05,5.886600000000008
COC(=O)N[C@@H]1CC[C@H](OCc2cc(C(F)(F)F)cc(C(F)(F)F)c2)[C@H]1c1ccccc1,9.05,5.911600000000004
COc1ccc(OC(F)(F)F)cc1[C@H]1COC2(CCCN(Cc3nc[nH]n3)C2c2ccccc2)C1,9.05,4.991900000000004
Cc1cc(C)cc(C(=O)N2CCN(C(=O)CNC3CCN(Cc4ccccc4)CC3)[C@@H](c3ccc(Cl)c(Cl)c3)C2)c1,9.05,5.890140000000006
CC(=O)N[C@@H]1C[C@@](CO[C@H](C)c2cc(C(F)(F)F)cc(C(F)(F)F)c2)(c2ccccc2)NC1=O,9.05,4.721900000000005
COc1ccc(C(C)(OC)C(F)(F)F)cc1CN[C@H]1CCCN[C@H]1c1ccccc1,9.05,4.7020000000000035
O=C1NC(COCc2cc(C(F)(F)F)cc(C(F)(F)F)c2)(c2ccc(F)cc2)CN1C1CCNCC1,9.05,5.052600000000005
CN(C/C(=N\OCCCS(C)(=O)=O)C(CCN1CCC(N2CCCCC2=O)CC1)c1ccc(Cl)c(Cl)c1)C(=O)c1cc(Cl)cc(Cl)c1,9.05,6.830300000000008
CO/N=C(\CN(C)C(=O)c1cc(Cl)cc(Cl)c1)[C@H](CCN1CCC(N2CCCN(C(C)C)C2=O)CC1)c1ccc(Cl)c(Cl)c1,9.05,7.549000000000009
COc1ccccc1CNC1C2CC3CCC(C2)N3[C@H]1C(c1ccccc1)c1ccccc1,9.04,5.610700000000006
Cn1c(-c2cccnc2)c(CCC(=O)N2CCC(O)(Cc3ccccc3)CC2)c2cc(Cl)ccc21,9.04,5.422500000000006
COC[C@@H]1C[C@@H](OC)CN1c1cc(-c2ccccc2Cl)c(N(C)C(=O)C(C)(C)c2cc(C(F)(F)F)cc(C(F)(F)F)c2)cn1,9.04,7.620300000000007
C[C@@H](O[C@H]1CCCN[C@H]1c1ccccc1)c1cc(Cl)cc(Cl)c1,9.04,5.564300000000005
COc1ccccc1CN[C@H]1C2CC3CCC(C2)N3[C@H]1C(c1ccccc1)c1ccccc1,9.04,5.610700000000006
C[C@@H](O[C@H]1CN2C(=O)C=C(c3ccccc3)CC2[C@@H]1c1ccc(F)cc1)c1cc(C(F)(F)F)cc(C(F)(F)F)c1,9.03,7.791400000000006
O=C(Cc1ccncc1)N1CCC(COCc2cc(C(F)(F)F)cc(C(F)(F)F)c2)(c2ccccc2)CC1,9.03,6.4389000000000065
Cc1cc(F)ccc1[C@H]1C[C@H](N(C)C)CCN1C(=O)N(C)[C@H](C)c1cc(C(F)(F)F)cc(C(F)(F)F)c1,9.03,7.051820000000006
FC(F)(F)c1cc(COCC2(c3ccccc3)CCNCC2)cc(C(F)(F)F)c1,9.02,5.562200000000003
Cc1ccccc1-c1cc(N2CCN(C)CC2)ncc1N(C)C(=O)C(C)(C)c1cc(C(F)(F)F)cc(C(F)(F)F)c1,9.02,6.787020000000006
C[C@@H](O[C@H]1CC[C@@H](N(C)CC(=O)N2CCN(C)CC2)[C@@H]1c1ccc(F)cc1)c1cc(C(F)(F)F)cc(C(F)(F)F)c1,9.02,5.961500000000007
NC(=O)CN[C@@H]1CC[C@H](OCc2cc(C(F)(F)F)cc(C(F)(F)F)c2)[C@H]1c1ccccc1,9.02,4.630500000000004
CCCC[C@H](NC(=O)[C@H](Cc1ccccc1)NC(=O)CNC(=O)[C@@H](C)NC(=O)[C@@H](N)Cc1c(C)cc(O)cc1C)C(=O)N1CCC[C@H]1C(=O)N[C@@H](CC(C)C)C(=O)N[C@@H](Cc1c[nH]c2ccccc12)C(=O)NCc1ccc(OC)c(OC)c1,9.02,3.9665400000000135
CC[C@](Cc1c[nH]c2ccccc12)(NC(=O)OCc1cc2ccccc2o1)C(=O)N[C@@H](C)c1ccccc1,9.02,6.409200000000006
COc1ccccc1CN(C[C@@H](Cc1c[nH]c2ccccc12)NC(=O)COc1ccc(-c2csnn2)cc1)C(C)=O,9.01,4.850000000000004
CC(=O)N1CCC(C(=O)N2C[C@@H](C(=O)N(C)Cc3cc(C(F)(F)F)cc(C(F)(F)F)c3)[C@H](c3ccccc3)C2)CC1,9.01,5.183300000000005
FC(F)(F)c1cc(CO[C@H]2CCCN(Cc3nnco3)[C@H]2c2ccccc2)cc(C(F)(F)F)c1,9.01,6.029700000000004
Cc1cc(F)ccc1-c1cc(C2CCC(CC(=O)O)CC2)ncc1N(C)C(=O)C(C)(CO)c1cc(C(F)(F)F)cc(C(F)(F)F)c1,9.01,7.895220000000006
COc1ccccc1CN(CC(Cc1c[nH]c2ccccc12)NC(=O)CN1CCN(Cc2ccccc2)CC1)C(C)=O,9.01,4.070300000000003
COc1ccccc1N1CCN(C(=O)CCc2c(-c3ccc(Cl)cc3)n(CCO)c3ccc(Cl)cc23)CC1,9.01,5.897400000000006
Cc1cc(F)ccc1[C@H]1C[C@@]2(CCN1C(=O)N(C)[C@H](C)c1cc(C(F)(F)F)cc(C(F)(F)F)c1)CC[C@@]1(C)COCCN12.Cl,9.0,8.166920000000005
CO/N=C(\CN(C)C(=O)c1cc(Cl)cc(Cl)c1)[C@H](CCN1CCC(N2CCCN(CC(=O)OCc3ccccc3)C2=O)CC1)c1ccc(Cl)c(Cl)c1,9.0,7.88400000000001
CO/N=C(\CN(C)C(=O)c1cc(Cl)cc(Cl)c1)[C@H](CCN1CCC(N2CCCN(Cc3nn[nH]n3)C2=O)CC1)c1ccc(Cl)c(Cl)c1,9.0,5.8539000000000065
COc1ccccc1N1CCN(C(=O)CCc2c(-c3ccc(Br)cc3)[nH]c3ccc(C)cc23)CC1,9.0,6.195820000000006
CO/N=C(\CN(C)C(=O)c1cc(Cl)cc(Cl)c1)[C@H](CCN1CCC(N2CCCN(O)C2=O)CC1)c1ccc(Cl)c(Cl)c1,9.0,6.529800000000008
Cc1cc(F)ccc1[C@H]1C[C@]2(CC[C@@H](CO)N2)CCN1C(=O)N(C)[C@H](C)c1cc(C(F)(F)F)cc(C(F)(F)F)c1.Cl,9.0,7.026520000000007
Cc1cc(F)ccc1[C@H]1C[C@]2(CC[C@H](CO)N2)CCN1C(=O)N(C)[C@H](C)c1cc(C(F)(F)F)cc(C(F)(F)F)c1.Cl,9.0,7.026520000000007
CCCC[C@H](NC(=O)[C@H](Cc1ccccc1)NC(=O)CNC(=O)[C@@H](C)NC(=O)[C@@H](N)Cc1c(C)cc(O)cc1C)C(=O)N1CCC[C@H]1C(=O)N[C@@H](CC(C)C)C(=O)N[C@@H](Cc1c[nH]c2ccccc12)C(=O)NCc1cccc(C(F)(F)F)c1,9.0,4.968140000000013
CN(C(=O)c1cc(C(F)(F)F)cc(C(F)(F)F)c1)c1cc(C(=O)N[C@@H]2CCCCNC2=O)ccc1-c1ccc(F)cc1,9.0,6.2054000000000045
O=C1CC[C@](CCN2CC(N3CCOCC3)C2)(c2ccc(Cl)c(Cl)c2)CN1CC1CCCCC1,9.0,4.840400000000005
FC(F)(F)c1cc(CO[C@H]2CCCN(Cc3cocn3)[C@H]2c2ccccc2)cc(C(F)(F)F)c1,9.0,6.634700000000004
COc1cccc(C(COCc2cc(C(F)(F)F)cc(C(F)(F)F)c2)N2CCNCC2)c1,9.0,4.895900000000005
CCN(C)c1cc(C(F)(F)F)cc(COCC2(c3ccc(F)cc3)CCN(C)CC2)n1,9.0,4.875800000000004
O=C1CCC(CCN2CC(N3CCSCC3)C2)(c2ccc(Cl)c(Cl)c2)CN1Cc1ccccc1,9.0,5.176900000000005
Cc1cc(F)ccc1[C@H]1C[C@]2(CC[C@@H]3COCCN32)CCN1C(=O)N(C)[C@H](C)c1cc(C(F)(F)F)cc(C(F)(F)F)c1.Cl,9.0,7.776820000000008
FC(F)(F)c1cc(COC[C@]2(c3ccccc3)CCCCN2)cc(C(F)(F)F)c1,9.0,5.909800000000003
C[C@@H](O[C@@H]1[C@@H](c2ccc(F)cc2)CN2C(=O)OC[C@H]12)c1cc(C(F)(F)F)cc(C(F)(F)F)c1,9.0,5.927700000000004
CN(C)CCCNC(=O)c1ccc(-c2ccc(Cl)cc2)c(N(C)C(=O)c2cc(C(F)(F)F)cc(C(F)(F)F)c2)c1,9.0,7.002700000000006
Cc1cc(F)ccc1[C@H]1C[C@@]2(CCC(C(N)=O)N2)CCN1C(=O)N(C)[C@H](C)c1cc(C(F)(F)F)cc(C(F)(F)F)c1,9.0,6.097720000000006
Cc1cc(F)ccc1[C@H]1C[C@]2(CC[C@H](C(N)=O)N2)CCN1C(=O)N(C)[C@H](C)c1cc(C(F)(F)F)cc(C(F)(F)F)c1.Cl,9.0,6.519520000000006
Cc1cc(F)ccc1[C@H]1C[C@]2(CC[C@@H](C(N)=O)N2)CCN1C(=O)N(C)[C@H](C)c1cc(C(F)(F)F)cc(C(F)(F)F)c1.Cl,9.0,6.519520000000006
Cc1cc(F)ccc1[C@H]1C[C@]2(CC[C@H](C(N)=O)N2)CCN1C(=O)N(C)Cc1cc(C(F)(F)F)cc(C(F)(F)F)c1,9.0,5.536720000000004
Cc1cc(F)ccc1[C@H]1C[C@]2(CC[C@H](C(N)=O)N2)CCN1C(=O)N(C)[C@@H](C)c1cc(C(F)(F)F)cc(C(F)(F)F)c1,9.0,6.097720000000006
Cc1cc(F)ccc1[C@H]1C[C@@]2(CCN1C(=O)N(C)[C@H](C)c1cc(C(F)(F)F)cc(C(F)(F)F)c1)CC(C(=O)[O-])CN2.[Na+],9.0,2.2238199999999995
Cc1cc(F)ccc1[C@H]1C[C@]2(CC[C@@H](C(N)=O)N2)CCN1C(=O)N(C)[C@@H](C)c1cc(C(F)(F)F)cc(C(F)(F)F)c1,9.0,6.097720000000006
Cc1cc(F)ccc1[C@H]1C[C@@]2(CCN1C(=O)N(C)[C@H](C)c1cc(C(F)(F)F)cc(C(F)(F)F)c1)NCC[C@@H]2C(=O)[O-].[Li+],9.0,2.22382
Cc1cc(F)ccc1[C@H]1C[C@]2(CCCN2)CCN1C(=O)N(C)[C@H](C)c1cc(C(F)(F)F)cc(C(F)(F)F)c1,9.0,7.243820000000006
C[C@@H](OC[C@]1(c2ccccc2)C[C@](N)(C(N)=O)C1)c1cc(C(F)(F)F)cc(C(F)(F)F)c1,9.0,4.716400000000003
CNC(=O)[C@]1(N)C[C@@](CO[C@H](C)c2cc(C(F)(F)F)cc(C(F)(F)F)c2)(c2ccccc2)C1,9.0,4.977100000000004
CS(=O)(=O)N1CC2(CCN(C(=O)[C@H](COCc3ccc(Cl)c(Cl)c3)NCc3ccccc3)CC2)c2ccccc21,9.0,5.008400000000005
CSN1CC2(CCN(C(=O)N[C@@H](Cc3c[nH]c4ccccc34)C(=O)N(C)Cc3cc(C(F)(F)F)cc(C(F)(F)F)c3)CC2)c2ccccc21,9.0,7.616600000000007
C=C(C)n1c(=O)n(CCN2CCC(N(C(=O)OCC)c3ccc(Cl)c(Cl)c3)CC2)c2ccccc21,9.0,5.727900000000005
CN(C(=O)C(C)(C)c1cc(C(F)(F)F)cc(C(F)(F)F)c1)c1cnc(N2CCC[C@H]2CO)cc1-c1ccccc1Cl,9.0,7.3413000000000075
CO/N=C(\CN(C)C(=O)c1cc(C)cc(C)c1)C(CCN1CCC(O)(c2ccccc2)CC1)c1ccc(Cl)c(Cl)c1,9.0,6.842140000000009
COCc1ccccc1NC(=O)N1CCC[C@H]1C(=O)N[C@@H](Cc1ccc2ccccc2c1)C(=O)N(C)Cc1ccccc1,9.0,5.368600000000005
CN(C(=O)c1cc(C(F)(F)F)cc(C(F)(F)F)c1)[C@@H](/C=C/C(=O)NC1(C(N)=O)CCCCC1)Cc1ccc(Cl)cc1,9.0,5.921500000000005
Cc1ccccc1C(COCc1cc(C(F)(F)F)cc(C(F)(F)F)c1)N1CCNCC1,9.0,5.195720000000005
Cc1cc(F)ccc1[C@H]1C[C@]2(CC[C@@H](C(N)=O)N2)CCN1C(=O)N(C)Cc1cc(C(F)(F)F)cc(C(F)(F)F)c1,9.0,5.536720000000004
Cc1cc(F)ccc1-c1cc(C2CCC(O)(CC(=O)O)CC2)ncc1N(C)C(=O)C(C)(C)c1cc(C(F)(F)F)cc(C(F)(F)F)c1,9.0,8.037720000000006
Cc1cc(C)cc(CO[C@H]2C3CCN(CC3)[C@H]2C(c2ccccc2)c2ccccc2)c1,9.0,6.114940000000007
FC(F)(F)c1cc(COCC2(c3ccccc3)CCCCN2)cc(C(F)(F)F)c1,9.0,5.909800000000003
Cn1nnc(C2CC3(c4ccccc4)NC2CCC3OCc2cc(C(F)(F)F)cc(C(F)(F)F)c2)n1,9.0,4.967900000000005
NC(=O)CN1CCC[C@H](OCc2cc(C(F)(F)F)cc(C(F)(F)F)c2)[C@@H]1c1ccccc1,9.0,4.931800000000004
Cc1ccccc1-c1cc(N2CCOCC2)ncc1N(C)C(=O)C(C)(C)c1cc(C(F)(F)F)cc(C(F)(F)F)c1,9.0,6.871820000000006
Cc1cc(F)ccc1[C@H]1C[C@@]2(CCN1C(=O)N(C)[C@H](C)c1cc(C(F)(F)F)cc(C(F)(F)F)c1)CC[C@@](C)(C(N)=O)N2.Cl,9.0,6.9096200000000065
Cc1cc(F)ccc1[C@H]1C[C@@]2(CCN1C(=O)N(C)[C@H](C)c1cc(C(F)(F)F)cc(C(F)(F)F)c1)CC[C@]1(C)COCCN12.Cl,9.0,8.166920000000005
CNC(=O)NCCCO/N=C(\CN(C)C(=O)c1cc(Cl)cc(Cl)c1)C(CCN1CCC(N2CCCCC2=O)CC1)c1ccc(Cl)c(Cl)c1,9.0,6.7147000000000086
COc1ccc(-n2nnnc2N)cc1CN[C@H]1CCCN[C@H]1c1ccccc1.Cl.Cl,9.0,2.6796000000000006
CC(C)C[C@H](NC(=O)[C@@H]1CCCN1C(=O)CNC(=O)[C@H](Cc1ccccc1)NC(=O)CNC(=O)[C@@H](C)NC(=O)[C@@H](N)Cc1ccc(O)cc1)C(=O)N[C@@H](Cc1c[nH]c2ccccc12)C(=O)OCc1cc(C(F)(F)F)cc(C(F)(F)F)c1,9.0,4.238300000000014
Cc1cc(F)ccc1[C@H]1C[C@@]2(CCN1C(=O)N(C)[C@H](C)c1cc(C(F)(F)F)cc(C(F)(F)F)c1)CC[C@](C)(C(N)=O)N2.Cl,9.0,6.9096200000000065
Cc1cc(O)cc(C)c1C[C@H](N)C(=O)N[C@@H](C)C(=O)NCC(=O)N[C@@H](Cc1ccc(F)cc1)C(=O)N1CCC[C@H]1C(=O)N[C@@H](CC(C)C)C(=O)N[C@@H](Cc1c[nH]c2ccccc12)C(=O)NCc1cc(C(F)(F)F)cc(C(F)(F)F)c1,9.0,5.451040000000009
Cc1cc(F)ccc1[C@H]1C[C@@]2(CCN1C(=O)N(C)[C@H](C)c1cc(C(F)(F)F)cc(C(F)(F)F)c1)CC[C@@](C)(CO)N2.Cl,9.0,7.416620000000007
Cc1cc(F)ccc1[C@H]1C[C@@]2(CCN1C(=O)N(C)[C@H](C)c1cc(C(F)(F)F)cc(C(F)(F)F)c1)CC[C@](C)(CO)N2.Cl,9.0,7.416620000000007
Cc1cc(O)cc(C)c1C[C@H](N)C(=O)N[C@H](CCCNC(=N)N)C(=O)N[C@@H](Cc1ccccc1)C(=O)N[C@@H](CCCCN)C(=O)N1CCN([C@@H]2CCN(C(=O)c3cc(C(F)(F)F)cc(C(F)(F)F)c3)C[C@@H]2c2ccccc2)CC1,9.0,4.848510000000012
C[C@@H](O[C@H]1CN2C(=O)C=C(c3ccc(NS(C)(=O)=O)cc3)CC2[C@@H]1c1ccc(F)cc1)c1cc(C(F)(F)F)cc(C(F)(F)F)c1,9.0,7.162900000000006
Cc1cc(F)ccc1[C@H]1C[C@]2(CC[C@H]3COCCN32)CCN1C(=O)N(C)[C@H](C)c1cc(C(F)(F)F)cc(C(F)(F)F)c1.Cl,9.0,7.776820000000008
O=C(O)C1CC2(c3ccc(F)cc3)NC1CCC2NCc1cc(OC(F)(F)F)ccc1OC1CC1,9.0,4.475700000000003
C[C@@H](OC[C@@]1(c2ccccc2)CC[C@H](NS(C)(=O)=O)CN1)c1cc(C(F)(F)F)cc(C(F)(F)F)c1,8.99,4.998500000000004
CN(C(=O)C(C)(C)c1cc(C(F)(F)F)cc(C(F)(F)F)c1)[C@H]1CN(C(=O)N(CCO)CCO)C[C@@H]1c1ccc(F)cc1,8.96,4.473900000000004
CN(C(=O)c1cc(C(F)(F)F)cc(C(F)(F)F)c1)[C@@H](/C=C/C(=O)N[C@@H]1CCCCNC1=O)Cc1ccc2ccccc2c1,8.96,5.901800000000006
CN(C)Cc1[nH]nnc1CN1CCO[C@@]2(CC[C@@H](c3ccccc3C(F)(F)F)CO2)[C@@H]1c1ccc(F)cc1,8.96,4.888200000000005
Cn1c(C(=O)NCc2cc(C(F)(F)F)cc(C(F)(F)F)c2)c(-c2ccc(F)cc2)c2cccnc2c1=O,8.96,5.707200000000003
CN(Cc1ccccc1)C(=O)[C@H](Cc1ccc2ccccc2c1)NC(=O)[C@@H]1CCCN1C(=O)Nc1ccccc1C#N,8.96,5.093880000000004
CN(CC(c1ccccc1Br)N1CCC(N2CCCCC2)CC1)C(=O)Cc1cc(C(F)(F)F)cc(C(F)(F)F)c1,8.96,7.179200000000007
COc1ccc(Br)cc1CN1CCC(=O)C(C(c2ccc(F)cc2)c2ccc(F)cc2)C1.Cl,8.96,6.380800000000006
CN(Cc1nc[nH]n1)[C@@H]1CC[C@H](OCc2cc(C(F)(F)F)cc(C(F)(F)F)c2)[C@H]1c1ccccc1,8.96,5.805700000000004
CN(Cc1ccccc1)C(=O)[C@H](Cc1ccc2ccccc2c1)NC(=O)[C@@H]1CCCN1C(=O)Nc1ccc(C#N)cc1,8.96,5.093880000000004
COc1ccccc1CN(CC(Cc1c[nH]c2ccccc12)NC(=O)CN1CCN(c2ccccc2)CC1)C(C)=O,8.96,4.0747000000000035
NC(=O)CN1CCO[C@H](OCc2cc(C(F)(F)F)cc(C(F)(F)F)c2)[C@@H]1c1ccccc1,8.96,4.125700000000004
CO/N=C(\CN(C)C(=O)c1cc(Cl)cc(Cl)c1)[C@H](CCN1CCC(N2CCCN(Cc3ccoc3)C2=O)CC1)c1ccc(Cl)c(Cl)c1,8.96,7.933800000000009
CN(C)Cc1n[nH]nc1CN1CCOC2(CCC(c3ccccc3C(F)(F)F)CO2)C1c1ccc(F)cc1,8.96,4.888200000000005
CSCC[C@H](NC(=O)[C@H](CC(C)C)NC(=O)[C@@H]1CCCN1C(=O)[C@H](Cc1ccccc1)NC(=O)[C@H](Cc1ccccc1)NC(=O)[C@H](CCC(N)=O)NC(=O)[C@H](CCC(N)=O)NC(=O)[C@@H]1CCCN1C(=O)[C@H](CCCCN)NC(=O)[C@@H]1CCCN1C(=O)[C@@H](N)CCCN=C(N)N)C(N)=O,8.96,-2.8362000000000114
Cc1ccccc1-c1cnc(N2CCN(C)CC2)nc1N(C)C(=O)C(C)(C)c1cc(C(F)(F)F)cc(C(F)(F)F)c1,8.96,6.182020000000007
Cc1cc(O)cc(C)c1C[C@H](N)C(=O)N[C@H](CCCNC(=N)N)C(=O)N[C@@H](Cc1ccccc1)C(=O)N[C@@H](CCCCN)C(=O)N(C)[C@@H]1CCN(C(=O)c2cc(C(F)(F)F)cc(C(F)(F)F)c2)C[C@@H]1c1ccccc1,8.96,5.162710000000011
O=C1CN([C@H]2CC[C@](c3ccccc3)(N3CCC(c4cc(C(F)(F)F)cc(C(F)(F)F)c4)C3=O)CC2)CCN1c1ccccc1,8.96,7.227000000000008
COc1cc(C2=CC(=O)N3C[C@H](O[C@H](C)c4cc(C(F)(F)F)cc(C(F)(F)F)c4)[C@@H](c4ccc(F)cc4)C3C2)ccn1,8.96,7.195000000000006
CN(C(=O)C(C)(C)c1cc(C(F)(F)F)cc(C(F)(F)F)c1)c1cnc(NCCO)cc1-c1ccccc1Cl,8.95,6.784400000000006
CCNC(=O)[C@@H]1CC[C@@](CO[C@H](C)c2cc(C(F)(F)F)cc(C(F)(F)F)c2)(c2ccccc2)NC1,8.95,5.833000000000006
CN(C(=O)C(C)(C)c1cc(C(F)(F)F)cc(C(F)(F)F)c1)c1cnc(N(CCO)CCO)cc1-c1ccccc1Cl,8.94,6.171200000000008
COc1ccccc1CN(CC(Cc1csc2ccccc12)NC(=O)CN1CCN(c2ccccc2)CC1)C(C)=O,8.93,4.808100000000004
C[C@@H](O[C@H]1CN2C(=O)[C@@H]3C[C@H](NCc4ccccc4)C[C@@H]3[C@H]2[C@@H]1c1ccc(F)cc1)c1cc(C(F)(F)F)cc(C(F)(F)F)c1,8.92,7.502300000000006
CN(Cc1cc(C(F)(F)F)cc(C(F)(F)F)c1)C(=O)c1c(-c2ccccc2)c2ccccc2c(=O)n1C,8.92,6.515300000000004
CO/N=C(\CN(C)C(=O)c1cc(Cl)cc(Cl)c1)[C@H](CCN1CCC(n2c(O)nc3ccccc32)CC1)c1ccc(Cl)c(Cl)c1,8.92,7.940900000000008
CS(=O)(=O)NC(=O)C1CC2(c3ccc(F)cc3)NC1CCC2NCc1cc(OC(F)(F)F)ccc1OC1CC1,8.92,3.4669000000000008
CC1CCN([C@H]2CC[C@](NC(=O)C(C)c3cc(C(F)(F)F)cc(C(F)(F)F)c3)(c3ccccc3)CC2)CC1,8.92,7.513900000000008
CN(C/C(=N\OCC(=O)NO)C(CCN1CCC(N2CCCCC2=O)CC1)c1ccc(Cl)c(Cl)c1)C(=O)c1cc(Cl)cc(Cl)c1,8.92,5.901000000000007
C[C@@H](O[C@@H]1[C@@H](c2ccc(F)cc2)CN(C(=O)OC(C)(C)C)[C@H]1CO)c1cc(C(F)(F)F)cc(C(F)(F)F)c1,8.92,6.704900000000006
Cc1cc(O)cc(C)c1C[C@H](N)C(=O)N[C@H](CCCNC(=N)N)C(=O)N[C@@H](Cc1ccccc1)C(=O)N[C@@H](CCCCN)C(=O)N1CC[C@@H](C(=O)N(C)Cc2cc(C(F)(F)F)cc(C(F)(F)F)c2)[C@H](c2ccccc2)C1,8.92,5.2967100000000125
CN(C)CCCC(=O)N1CCC(COCc2cc(C(F)(F)F)cc(C(F)(F)F)c2)(c2ccccc2)CC1,8.92,6.143000000000006
COc1ccc(OC(F)(F)F)cc1CN[C@H]1CCN(S(C)(=O)=O)C[C@H]1c1ccccc1.Cl,8.92,3.9229000000000034
CO/N=C(\CN(CCF)C(=O)c1cc(Cl)cc(Cl)c1)[C@H](CCN1CCC(n2c(=O)n(CC(=O)O)c3ccccc32)CC1)c1ccc(Cl)c(Cl)c1,8.92,7.4263000000000075
CN(C/C(=N\OCCCNS(C)(=O)=O)C(CCN1CCC(N2CCCCC2=O)CC1)c1ccc(Cl)c(Cl)c1)C(=O)c1cc(Cl)cc(Cl)c1,8.92,6.334900000000008
C[C@@H](OC1CCC2NC1(c1ccccc1)CC2c1nnnn1C)c1cc(C(F)(F)F)cc(C(F)(F)F)c1,8.92,5.5289000000000055
CN1CCC(COCc2cc(C(F)(F)F)cc(N3CCCC3)n2)(c2ccccc2)CC1,8.92,4.880800000000005
O=C1CCC(CCN2CC(N3CCS(=O)(=O)CC3)C2)(c2ccc(Cl)c(Cl)c2)CN1Cc1ccccc1,8.9,3.858500000000004
O=C(c1cc(C(F)(F)F)cc(C(F)(F)F)c1)N1CCN(CC/C(=N\OCCN2CCOCC2)c2ccccc2)C[C@H]1Cc1c[nH]c2ccccc12,8.9,6.7178000000000075
O=C1CCC(CCN2CC(N3CCOCC3)C2)(c2ccc(Cl)c(Cl)c2)CN1CC1CCCCC1,8.9,4.840400000000005
NS(=O)(=O)N1CCN(C2CN(CCC3(c4ccc(Cl)c(Cl)c4)CCC(=O)N(CC4CC4)C3)C2)CC1,8.9,2.1590000000000016
Cc1cc(F)ccc1[C@H]1CNCCN1C(=O)N1CCCCC1c1cc(C(F)(F)F)cc(C(F)(F)F)c1,8.9,6.465220000000005
Brc1cc(I)cc(COCC(c2ccccc2)N2CCNCC2)c1,8.9,4.216800000000004
O=C1CCN(C2CN(CCC3(c4ccc(Cl)c(Cl)c4)CCC(=O)N(CC4CC4)C3)C2)CC1,8.9,4.002800000000003
C[C@H](OC[C@H](c1ccccc1)N1CCN(CCOCC(=O)O)CC1)c1cc(C(F)(F)F)cc(C(F)(F)F)c1,8.9,5.261900000000005
C/C(CN1CCN(C(=O)c2cc(C(F)(F)F)cc(C(F)(F)F)c2)[C@H](Cc2c[nH]c3ccccc23)C1)=N/OCc1ccccn1,8.9,6.562300000000007
C/C(CCCN1CCN(C(=O)c2cc(C(F)(F)F)cc(C(F)(F)F)c2)[C@H](Cc2c[nH]c3ccccc23)C1)=N/OCCN1CCOCC1,8.9,6.0795000000000075
COc1ccccc1CNCCNC(=O)N1CCN(C(=O)c2cc(C(F)(F)F)cc(C(F)(F)F)c2)[C@H](Cc2c[nH]c3ccccc23)C1,8.9,6.082600000000005
C[C@H](OC[C@H](c1ccccc1)N1CCN(CC(=O)O)CC1)c1cc(C(F)(F)F)cc(C(F)(F)F)c1,8.9,5.245300000000005
C/C(CN1CCN(C(=O)c2cc(C(F)(F)F)cc(C(F)(F)F)c2)[C@H](Cc2c[nH]c3ccccc23)C1)=N/OCCN1CCSCC1,8.9,6.0159000000000065
CN(Cc1ccccc1)C(=O)[C@H](Cc1ccc2ccccc2c1)NC(=O)C1(NC(=O)c2c[nH]c3ccccc23)CCCCC1,8.9,6.139900000000006
O=C(c1cc(C(F)(F)F)cc(C(F)(F)F)c1)N1CCN(C/C(=N\OCCCN2CCOCC2)c2ccccc2)C[C@H]1Cc1c[nH]c2ccccc12,8.9,6.7178000000000075
Cc1cc(F)ccc1-c1cc(N2CC[C@H](O)C2)ncc1N(C)C(=O)C(C)(C)c1cc(C(F)(F)F)cc(C(F)(F)F)c1,8.89,6.745320000000006
C[C@@H](OC[C@]1(c2ccccc2)C[C@](N)(C(=O)N2CCCC2)C1)c1cc(C(F)(F)F)cc(C(F)(F)F)c1,8.89,5.853500000000006
Cn1c(-c2ccc(Cl)cc2)c(CCC(=O)N2CCC(Nc3ccccc3)CC2)c2cc(Cl)ccc21,8.89,7.187800000000005
CNC(=O)C[C@H]1CCCN(C2CCN(CC[C@@H](/C(CN(C)C(=O)c3cc(Cl)cc(Cl)c3)=N/OC)c3ccc(Cl)c(Cl)c3)CC2)C1=O,8.89,6.387600000000008
COc1ccccc1CN[C@H]1C2CC[N+](CC(N)=O)(CC2)[C@H]1C(c1ccccc1)c1ccccc1.[I-],8.89,1.0838000000000023
COC(=O)CC(=O)N(Cc1ccccc1OC)CC(Cc1c[nH]c2ccccc12)NC(=O)CN1CCN(c2ccccc2)CC1,8.89,3.6179000000000014
COc1ccc(C(F)(F)F)cc1[C@H]1COCC2(C1)OCCN[C@H]2c1ccc(F)cc1,8.89,4.456900000000004
Cc1ccccc1-c1c(C(=O)N(C)Cc2cc(C(F)(F)F)cc(C(F)(F)F)c2)n(C)c(=O)c2ccccc12,8.89,6.823720000000005
CO/N=C(\CN(C)C(=O)c1cc(Cl)cc(Cl)c1)[C@H](CCN1CCC(n2c(=O)n(CC(=O)O)c3ccccc32)CC1)c1ccc(Cl)c(Cl)c1,8.89,7.086600000000008
CO/N=C(\CN(C)C(=O)c1cc(Cl)cc(Cl)c1)[C@H](CCN1CCC(n2c(=O)n(CC(=O)OC)c3ccccc32)CC1)c1ccc(Cl)c(Cl)c1,8.89,7.175000000000009
C[C@@H](O[C@H]1CC[C@@H](N)[C@@H]1c1ccc(F)cc1)c1cc(C(F)(F)F)cc(C(F)(F)F)c1,8.89,6.214400000000004
CNC(=O)C[C@H]1CCCN(C2CCN(CC[C@@H](/C(CN(C)C(=O)c3cc(Cl)cc(Cl)c3)=N/OC)c3ccc(Cl)c(Cl)c3)CC2)C1,8.89,6.861000000000009
Cc1ccccc1-c1cc(N2CCS(=O)(=O)CC2)ncc1N(C)C(=O)C(C)(C)c1cc(C(F)(F)F)cc(C(F)(F)F)c1,8.89,6.270020000000006
C[C@@H](OC[C@]1(c2ccccc2)C[C@](N)(C(=O)N2CCCCC2)C1)c1cc(C(F)(F)F)cc(C(F)(F)F)c1,8.89,6.243600000000006
Cc1cc(F)ccc1C1CNCCN1C(=O)N(C)Cc1cc(C(F)(F)F)cc(C(F)(F)F)c1,8.89,5.370020000000005
C[C@@H](O[C@@H]1[C@@H](c2ccccc2)CN2C(=O)OC[C@@H]12)c1cc(C(F)(F)F)cc(C(F)(F)F)c1,8.89,5.788600000000004
CN(CC(c1cccc2c1OCO2)N1CCN(C2CCCCC2)CC1)C(=O)Cc1cc(C(F)(F)F)cc(C(F)(F)F)c1,8.89,6.145400000000007
Cc1cc(F)ccc1-c1cc(N2CCC([C@@H](C)C(=O)O)CC2)nc(C#N)c1N(C)C(=O)C(C)(C)c1cc(C(F)(F)F)cc(C(F)(F)F)c1,8.88,7.9831000000000065
CN(C(=O)C(C)(C)c1cc(C(F)(F)F)cc(C(F)(F)F)c1)c1cnc(N(CCO)CCCO)cc1-c1ccccc1Cl,8.86,6.561300000000008
Cc1c(F)cccc1C(CN(C)C(=O)Cc1cc(C(F)(F)F)cc(C(F)(F)F)c1)N1CCC(N2CCCCC2)CC1,8.85,6.8642200000000075
COc1ccc(-n2nnnc2C(F)(F)F)cc1CN[C@H]1CCNC[C@H]1c1ccccc1.Cl.Cl,8.85,3.7686000000000033
FC(F)(F)c1cc(CO[C@@H]2CCCN[C@@H]2c2ccccc2)cc(C(F)(F)F)c1,8.85,5.734100000000003
CC(C)N1CCN(C(CN(C)C(=O)Cc2cc(C(F)(F)F)cc(C(F)(F)F)c2)c2cccc3c2OCO3)CC1,8.85,5.221100000000005
Cc1cc(O)cc(C)c1C[C@H](N)C(=O)N[C@H](CCCNC(=N)N)C(=O)N[C@H]1Cc2ccccc2CN(CCC(=O)N2CCN([C@@H]3CCN(C(=O)c4cc(C(F)(F)F)cc(C(F)(F)F)c4)C[C@@H]3c3ccccc3)CC2)C1=O,8.85,4.96701000000001
Cc1cc(O)cc(C)c1C[C@H](N)C(=O)N[C@@H](C)C(=O)NCC(=O)N[C@@H](Cc1ccccc1)C(=O)N1CCC[C@H]1C(=O)N[C@@H](CC(C)C)C(=O)N[C@@H](Cc1c[nH]c2ccccc12)C(=O)NCc1cc(C(F)(F)F)cc(C(F)(F)F)c1,8.85,5.3119400000000105
Cc1ccccc1-c1cc(N2CCN(C)CC2)ccc1C(=O)N(C)Cc1cc(C(F)(F)F)cc(C(F)(F)F)c1,8.85,6.723620000000006
Cc1cc(O)cc(C)c1C[C@H](N)C(=O)N[C@H](CCCNC(=N)N)C(=O)N[C@H]1Cc2ccccc2CN(CCC(=O)N(C)[C@@H]2CCN(C(=O)c3cc(C(F)(F)F)cc(C(F)(F)F)c3)C[C@@H]2c2ccccc2)C1=O,8.85,5.281210000000008
Cc1cc(F)ccc1-c1cc(N2CCC3(CC2)OCCS3(=O)=O)ncc1N(C)C(=O)C(C)(C)c1cc(C(F)(F)F)cc(C(F)(F)F)c1,8.85,6.915820000000007
Cc1cc(F)ccc1-c1cc(N2CCC[C@H]2CO)ncc1N(C)C(=O)C(C)(C)c1cc(C(F)(F)F)cc(C(F)(F)F)c1,8.85,7.135420000000006
CN(C)Cc1n[nH]nc1CN1CCOC2(CCC(c3ccccc3OC(F)(F)F)CO2)C1c1ccc(F)cc1,8.85,4.768000000000004
C[C@@H](O[C@H]1CC[C@@H](N(C)c2cnccn2)[C@@H]1c1ccc(F)cc1)c1cc(C(F)(F)F)cc(C(F)(F)F)c1,8.85,7.1821000000000055
CN(C)Cc1[nH]nnc1CN1CCO[C@@]2(CC[C@@H](c3ccccc3OC(F)(F)F)CO2)[C@@H]1c1ccc(F)cc1,8.85,4.768000000000004
CCCCCN(CCCCC)C(=O)[C@H]1CCN(C(=O)N(c2ccccc2)c2cccc(Cl)c2)[C@H](C(=O)NCCN(C)Cc2ccccc2OC)C1,8.85,8.14450000000001
CN(C(=O)c1cc(C(F)(F)F)cc(C(F)(F)F)c1)N(CCC(=O)N[C@@H]1CCCCNC1=O)Cc1ccc(Cl)c(Cl)c1,8.85,5.695200000000005
CC(=O)N1CCN(C(=O)N2C[C@H](c3ccc(F)cc3)[C@@H](N(C)C(=O)C(C)(C)c3cc(C(F)(F)F)cc(C(F)(F)F)c3)C2)CC1,8.85,5.351400000000005
CN(CC(c1cccc(C(F)(F)F)c1F)N1CCC(N2CCCCC2)CC1)C(=O)Cc1cc(C(F)(F)F)cc(C(F)(F)F)c1,8.85,7.574600000000007
CN(Cc1nc[nH]n1)[C@H](COCc1cc(C(F)(F)F)cc(C(F)(F)F)c1)c1ccccc1,8.85,5.232200000000004
CC(C)C[C@H](NC(=O)[C@@H]1CCCN1C(=O)[C@H](Cc1ccccc1)NC(=O)CNC(=O)[C@@H](C)NC(=O)[C@@H](N)Cc1ccc(O)cc1)C(=O)N[C@@H](Cc1c[nH]c2ccccc12)C(=O)N(C)Cc1cc(C(F)(F)F)cc(C(F)(F)F)c1,8.85,5.037300000000011
Cc1cc(F)ccc1-c1cc(C2CCC(C(=O)O)CC2)ncc1N(C)C(=O)C(C)(C)c1cc(C(F)(F)F)cc(C(F)(F)F)c1,8.84,8.532720000000003
COc1ccc(-c2[nH]c3ccc(C)cc3c2CCC(=O)N2CCN(c3ccccc3OC)CC2)cc1,8.82,5.441920000000005
COc1cccc(C(CNC(=O)Cc2cc(C(F)(F)F)cc(C(F)(F)F)c2)N2CCC(N3CCCCC3)CC2)c1,8.82,6.083100000000005
CN(CC(c1ccc(F)cc1Cl)N1CCC(N2CCCCC2)CC1)C(=O)Cc1cc(C(F)(F)F)cc(C(F)(F)F)c1,8.82,7.209200000000007
C[C@@H](O[C@H]1CN2C(=O)[C@@H]3C[C@H](N)C[C@@H]3[C@H]2[C@@H]1c1ccc(F)cc1)c1cc(C(F)(F)F)cc(C(F)(F)F)c1,8.82,5.671200000000005
NC(=O)[C@H](Cc1ccccc1)NC(=O)[C@@H](N)Cc1ccccc1,8.82,0.7692000000000002
CN(Cc1n[nH]c(O)n1)[C@H](COCc1cc(Cl)cc(Cl)c1)c1ccccc1,8.82,4.2070000000000025
C[C@@H](O[C@@H]1[C@@H](c2ccccc2)CN2C(=O)OC[C@H]12)c1cc(C(F)(F)F)cc(C(F)(F)F)c1,8.82,5.788600000000004
CN(C/C(=N\OCC#N)C(CCN1CCC(N2CCCCC2=O)CC1)c1ccc(Cl)c(Cl)c1)C(=O)c1cc(Cl)cc(Cl)c1,8.82,6.919180000000007
O=C1CC[C@@H](CN[C@@H]2CC[C@H](OCc3cc(C(F)(F)F)cc(C(F)(F)F)c3)[C@H]2c2ccccc2)N1,8.82,5.423800000000005
CN(Cc1ccccc1)C(=O)[C@H](Cc1ccc2ccccc2c1)NC(=O)[C@H]1C[C@H](O)CN1C(=O)c1cn(CCCCc2nnn[n-]2)c2ccccc12.[K+],8.82,0.9251000000000025
NC(=O)C[C@H]1CCC[C@H](OCc2cc(C(F)(F)F)cc(C(F)(F)F)c2)[C@@H]1c1ccccc1,8.82,6.068700000000005
CN(C(=O)c1cc(C(F)(F)F)cc(C(F)(F)F)c1)c1cc(C(=O)NC2CCCCNC2=O)ccc1-c1ccccc1,8.82,6.0663000000000045
CO/N=C(\CN(C)C(=O)c1cc(Cl)cc(Cl)c1)[C@H](CCN1CCC(n2c(=O)n(C)c3ccccc32)CC1)c1ccc(Cl)c(Cl)c1,8.82,7.539000000000008
C[C@@H](OC[C@@]1(c2ccc(F)cc2)CNC(=O)N1)c1cc(C(F)(F)F)cc(C(F)(F)F)c1,8.82,5.149200000000003
O=C1CN([C@H]2CC[C@](c3ccccc3)(N3CCCC(c4cc(C(F)(F)F)cc(C(F)(F)F)c4)C3=O)CC2)CCN1c1ccccc1,8.82,7.617100000000009
COc1cc(C)cc(COC2C3CCN(CC3)C2C(c2ccccc2)c2ccccc2)c1,8.82,5.8151200000000065
Cn1nnc(C2(F)CC3(c4ccccc4)NC2CCC3OCc2cc(C(F)(F)F)cc(C(F)(F)F)c2)n1,8.82,5.049100000000005
CC(=O)C1CCC(C(=O)N2CC(c3ccc(Cl)c(Cl)c3)[C@H](N(C)C(=O)c3cc(C(F)(F)F)cc(C(F)(F)F)c3)C2)CC1,8.82,7.4930000000000065
COc1ccccc1CN(CC(Cc1c[nH]c2ccccc12)NC(=O)CN1CCN(c2ccccc2)CC1)C(=O)CN(C)C,8.81,3.616400000000003
CN(C/C(=N\OCCCn1ccnc1)C(CCN1CCC(N2CCCCC2=O)CC1)c1ccc(Cl)c(Cl)c1)C(=O)c1cc(Cl)cc(Cl)c1,8.8,7.682400000000008
CC(C(=O)N[C@]1(c2ccccc2)CC[C@@H](N2CCC(=O)CC2)CC1)c1cc(C(F)(F)F)cc(C(F)(F)F)c1,8.8,6.4469000000000065
CC(=O)N[C@H](Cc1c[nH]c2ccccc12)C(=O)OCc1cc(C(F)(F)F)cc(C(F)(F)F)c1,8.8,4.996100000000003
FC(F)(F)c1cc(COC2C3CCN(CC3)C2C(c2ccccc2)c2ccccc2)cc(C(F)(F)F)c1,8.8,7.5357000000000065
CN(C(=O)C(C)(C)c1cc(C(F)(F)F)cc(C(F)(F)F)c1)c1cnc(N2CCC[C@@H]2CO)cc1-c1ccccc1Cl,8.8,7.3413000000000075
CC(=O)N1CCN(C2CN(CCC3(c4ccc(Cl)c(Cl)c4)CCC(=O)N(Cc4ccccc4)C3)C2)CC1,8.8,4.292200000000004
CCOC(=O)[C@@H](Cc1ccc(O)cc1)N1CCCN(C2CCN(CC[C@@H](/C(CN(C)C(=O)c3cc(Cl)cc(Cl)c3)=N/OC)c3ccc(Cl)c(Cl)c3)CC2)C1=O,8.8,8.020600000000009
FC(F)(F)c1cc(COCC(c2ccccc2Cl)N2CCNCC2)cc(C(F)(F)F)c1,8.8,5.540700000000004
CN(C(=O)C(C)(C)c1cc(C(F)(F)F)cc(C(F)(F)F)c1)c1cnc(N2CC[C@H](O)[C@H]2CO)cc1-c1ccccc1Cl,8.8,6.312100000000007
FC(F)(F)c1cc(COCC(c2cccc(Cl)c2)N2CCNCC2)cc(C(F)(F)F)c1,8.8,5.540700000000004
Ic1ccccc1CN[C@@H]1C2CCN(CC2)[C@@H]1C(c1ccccc1)c1ccccc1,8.8,5.675700000000005
N=C(N)NCCC[C@H](N)C(=O)N1CCC[C@H]1C(=O)N[C@@H](CCCCN)C(=O)N1CCC[C@H]1C(=O)N[C@@H](CCC(N)=O)C(=O)N[C@@H](CCC(N)=O)C(=O)N[C@@H](Cc1ccccc1)C(=O)O,8.8,-3.514530000000015
CC(C)C[C@H](NC(=O)[C@@H]1CCCN1C(=O)[C@H](Cc1ccccc1)NC(=O)CNC(=O)[C@@H](C)NC(=O)[C@@H](N)Cc1ccc(O)cc1)C(=O)N[C@@H](Cc1c[nH]c2ccccc12)C(=O)N(C)Cc1ccccc1,8.8,2.9997000000000114
C=Cc1cccc(C(COCc2cc(C(F)(F)F)cc(C(F)(F)F)c2)N2CCNCC2)c1C=C,8.8,6.1733000000000064
CN1CCN(C(COCc2cc(C(F)(F)F)cc(C(F)(F)F)c2)c2ccccc2)CC1,8.8,5.229500000000005
C/C(CN1CCN(C(=O)c2cc(C(F)(F)F)cc(C(F)(F)F)c2)[C@H](Cc2c[nH]c3ccccc23)C1)=N/OCCN1CCN(C)CC1,8.8,5.2145000000000055
O=C(Cc1cc(C(F)(F)F)cc(C(F)(F)F)c1)NCC(c1cccc2c1OCO2)N1CCC(N2CCCCC2)CC1,8.8,5.803200000000006
O=C(Cc1cc(C(F)(F)F)cc(C(F)(F)F)c1)NCC(c1cccc2c1OCO2)N1CCN(C2CCCCC2)CC1,8.8,5.803200000000006
COC(=O)CN1CCO[C@H](OCc2cc(C(F)(F)F)cc(C(F)(F)F)c2)[C@@H]1c1ccccc1,8.8,4.813400000000004
O=C1NC(COCc2cc(C(F)(F)F)cc(C(F)(F)F)c2)(c2ccc(F)cc2)CN1CCN1CCCC1,8.8,5.396400000000006
CCN(CC)c1cc(C(F)(F)F)cc(COCC2(c3ccc(F)cc3)CCN(C)CC2)n1,8.8,5.265900000000006
FC(F)(F)c1cc(COCC(c2ccccc2)N2CCNCC2)cc(C(F)(F)F)c1,8.8,4.887300000000004
O=C1CCC(CCN2CC(N3CCC(O)CC3)C2)(c2ccc(Cl)c(Cl)c2)CN1CC1CC1,8.8,3.7946000000000026
Cc1cc(F)ccc1-c1cc(C2CCC3(CC2)CC3C(=O)O)ncc1N(C)C(=O)C(C)(C)c1cc(C(F)(F)F)cc(C(F)(F)F)c1,8.79,8.92282
Cc1cc(F)ccc1-c1cc([C@H]2CC[C@H](CC(=O)O)CC2)ncc1N(C)C(=O)C(C)(C)c1cc(C(F)(F)F)cc(C(F)(F)F)c1,8.79,8.92282
Cn1c(-c2ccc(Cl)cc2)c(CCC(=O)N2CCC(O)(Cc3ccccc3)CC2)c2cc(-c3ccccn3)ccc21,8.77,7.089500000000007
O=C(Cc1cc(C(F)(F)F)cc(C(F)(F)F)c1)NCC(c1ccc(F)cc1Cl)N1CCC(N2CCCCC2)CC1,8.77,6.867000000000007
CN(CC(c1ccc(F)c(Cl)c1)N1CCC(N2CCCCC2)CC1)C(=O)Cc1cc(C(F)(F)F)cc(C(F)(F)F)c1,8.77,7.209200000000007
CN(Cc1ccccc1)C(=O)[C@H](Cc1ccc2ccccc2c1)N(C)C(=O)[C@@H]1CCCN1/C(S)=N/Cc1ccccc1Cl,8.77,6.471700000000008
CS(=O)(=O)N1CC2(CCN(C(=O)[C@H](COCc3ccc(Cl)c(Cl)c3)NCc3ccc(Cl)c(Cl)c3)CC2)c2ccccc21,8.77,6.315200000000006
CN(C/C(=N\OCCCn1cccn1)C(CCN1CCC(N2CCCCC2=O)CC1)c1ccc(Cl)c(Cl)c1)C(=O)c1cc(Cl)cc(Cl)c1,8.77,7.682400000000008
O=C(Cc1cc(C(F)(F)F)cc(C(F)(F)F)c1)NCC(c1cccc(C(F)(F)F)c1F)N1CCC(N2CCCCC2)CC1,8.77,7.232400000000007
CN(C/C(=N\OC(F)F)C(CCN1CCC(N2CCCCC2=O)CC1)c1ccc(Cl)c(Cl)c1)C(=O)c1cc(Cl)cc(Cl)c1,8.77,7.618200000000007
CN(Cc1ccccc1)C(=O)[C@H](Cc1ccc2ccccc2c1)NC(=O)[C@@H]1CCCN1C(=O)Nc1ccccc1CO,8.77,4.714500000000005
CCN1C[C@@](CO[C@H](C)c2cc(C(F)(F)F)cc(C(F)(F)F)c2)(c2ccccc2)NC1=O,8.77,5.742400000000005
Oc1n[nH]c(CN2CCC(COCc3cc(C(F)(F)F)cc(C(F)(F)F)c3)(c3ccccc3)CC2)n1,8.77,5.298500000000005
Fc1ccc(C2CCN([C@H]3CC[C@](CNCc4cc(C(F)(F)F)cc(C(F)(F)F)c4)(c4ccccc4)CC3)CC2)cc1,8.77,8.713100000000004
CC(C)c1noc(C2=CC(=O)N3C[C@H](O[C@H](C)c4cc(C(F)(F)F)cc(C(F)(F)F)c4)[C@@H](c4ccc(F)cc4)C3C2)n1,8.77,7.297800000000007
Cc1ccccc1-c1cnc(N2CCN(C)CC2)cc1N(C)C(=O)C(C)(C)c1cc(C(F)(F)F)cc(C(F)(F)F)c1,8.77,6.787020000000006
Cc1ccccc1-c1nc(N2CCN(C)CC2)ncc1C(=O)N(C)Cc1cc(C(F)(F)F)cc(C(F)(F)F)c1,8.77,5.513620000000006
CN(C(=O)C(C)(C)c1cc(C(F)(F)F)cc(C(F)(F)F)c1)c1cnc(N2CCCC(O)C2)cc1-c1ccccc1Cl,8.76,7.3413000000000075
Cc1cc(F)ccc1-c1cc(C2CCC(CCC(=O)O)CC2)ncc1N(C)C(=O)C(C)(C)c1cc(C(F)(F)F)cc(C(F)(F)F)c1,8.75,9.312919999999998
Cc1cc(C)cc(C(=O)N2CCN(C(=O)CNC3CCN(Cc4ccccc4)CC3)C(c3ccc(Cl)c(Cl)c3)C2)c1,8.74,5.890140000000006
O=C(c1cc(C(F)(F)F)cc(C(F)(F)F)c1)N1CCN(C(=O)CNC2CCN(Cc3ccccc3)CC2)[C@@H](c2ccc(Cl)c(Cl)c2)C1,8.74,7.310900000000007
C[C@@H](O[C@H]1CN2C(=O)C=C(c3ccc(C#N)cc3)CC2[C@@H]1c1ccc(F)cc1)c1cc(C(F)(F)F)cc(C(F)(F)F)c1,8.74,7.663080000000006
Cc1ccc(-c2c3n(c(=O)c4ncccc24)CCCCCN(Cc2cc(C(F)(F)F)cc(C(F)(F)F)c2)C3=O)cc1,8.74,7.235820000000006
CN(C)CCC(=O)N[C@@H](Cc1c[nH]c2ccccc12)C(=O)CCc1cc(C(F)(F)F)cc(C(F)(F)F)c1,8.74,5.3864000000000045
CN1CCC(COCc2cc(C3CC3)cc(C3CC3)n2)(c2ccc(F)cc2)CC1,8.74,5.155700000000005
O=C(Cc1ccccn1)N1CCC(COCc2cc(C(F)(F)F)cc(C(F)(F)F)c2)(c2ccccc2)CC1,8.74,6.4389000000000065
CN(CC(c1cccc2c1OCO2)N1CCC(N2CCCCC2)CC1)C(=O)Cc1cc(C(F)(F)F)cc(C(F)(F)F)c1,8.74,6.145400000000007
CN(C/C(=N\OCCC[N+](C)(C)C)C(CCN1CCC(N2CCCCC2=O)CC1)c1ccc(Cl)c(Cl)c1)C(=O)c1cc(Cl)cc(Cl)c1.CS(=O)(=O)[O-],8.74,6.653300000000009
CCCC[C@H](NC(=O)[C@H](Cc1ccccc1)NC(=O)CNC(=O)[C@@H](C)NC(=O)[C@@H](N)Cc1ccc(O)cc1)C(=O)N[C@@H](CO[C@@H]1O[C@H](CO)[C@@H](O)[C@H](O)[C@H]1O)C(=O)N[C@@H](CC(C)C)C(=O)N[C@@H](Cc1c[nH]c2ccccc12)C(=O)NCc1cc(C(F)(F)F)cc(C(F)(F)F)c1,8.74,1.680400000000001
FC(F)(F)c1cc(COCC2(c3ccccc3)CCN(Cc3nc[nH]n3)CC2)cc(C(F)(F)F)c1,8.74,5.592900000000004
O=C(Cc1cccnc1)N1CCC(COCc2cc(C(F)(F)F)cc(C(F)(F)F)c2)(c2ccccc2)CC1,8.74,6.4389000000000065
CCCCCN(CCCCC)C(=O)[C@H]1CCN(C(=O)N(c2ccccc2)c2ccccc2)[C@H](C(=O)NCCN(C)Cc2ccccc2OC)C1,8.74,7.491100000000008
N=C(N)NCCC[C@H](N)C(=O)N1CCC[C@@H]1C(=O)N[C@@H](CCCCN)C(=O)N1CCC[C@H]1C(=O)N[C@@H](CCC(N)=O)C(=O)N[C@@H](CCC(N)=O)C(=O)N[C@H](Cc1ccccc1)C(=O)O,8.74,-3.514530000000015
CCCCCN(CCCCC)C(=O)[C@H]1CCN(C(=O)N(c2ccccc2)c2ccccc2)[C@H](C(=O)NCCN(CC(N)=O)Cc2ccccc2OC)C1,8.74,6.346600000000006
CN(CC(c1ccc(F)c(F)c1F)N1CCC(N2CCCCC2)CC1)C(=O)Cc1cc(C(F)(F)F)cc(C(F)(F)F)c1,8.74,6.834000000000007
NC(=O)CCN1CCC[C@H](OCc2cc(C(F)(F)F)cc(C(F)(F)F)c2)[C@@H]1c1ccccc1,8.74,5.321900000000005
CCCCCN(CCCCC)C(=O)[C@H]1CCN(C(=O)N(c2ccccc2)c2cccc(Cl)c2)[C@H](C(=O)NCCN(CC(N)=O)C(=O)OCc2ccccc2)C1,8.74,7.128000000000008
CO/N=C(\CN(C)C(=O)c1cc(Cl)cc(Cl)c1)[C@H](CCN1CCC(N2CCCN(c3ccccn3)C2=O)CC1)c1ccc(Cl)c(Cl)c1,8.72,7.740200000000009
CN(CC(N)=O)C[C@@H]1CC[C@H](OCc2cc(C(F)(F)F)cc(C(F)(F)F)c2)[C@H]1c1ccccc1,8.72,5.220300000000004
CN1CCC(COCc2cc(C(F)(F)F)cc(N3CCC4CC43)n2)(c2ccc(F)cc2)CC1,8.72,5.018300000000005
C[C@@H](O[C@H]1CN2C(=O)C=C(c3cnn(Cc4ccccc4)c3)CC2[C@@H]1c1ccc(F)cc1)c1cc(C(F)(F)F)cc(C(F)(F)F)c1,8.72,8.036200000000006
COc1ccccc1CN[C@H]1C2CC3CCCC2CN3[C@H]1C(c1ccccc1)c1ccccc1,8.72,5.858300000000006
COc1ccccc1CNC1C2CC3CCCC2CN3[C@H]1C(c1ccccc1)c1ccccc1,8.72,5.858300000000006
Cc1cc(O)cc(C)c1C[C@H](N)C(=O)N[C@H](CCCNC(=N)N)C(=O)N[C@H]1Cc2ccccc2CN(CCC(=O)N2CC[C@@H](C(=O)N(C)Cc3cc(C(F)(F)F)cc(C(F)(F)F)c3)[C@H](c3ccccc3)C2)C1=O,8.72,5.415210000000009
CC(=O)N(Cc1ccccc1Cl)CC(Cc1c[nH]c2ccccc12)NC(=O)CN1CCN(c2ccccc2)CC1,8.72,4.719500000000004
CCN(C/C(=N\OC)[C@H](CCN1CCC(n2c(=O)n(CC(=O)NCCOC)c3ccccc32)CC1)c1ccc(Cl)c(Cl)c1)C(=O)c1cc(Cl)cc(Cl)c1,8.72,7.154700000000009
CCN1CC[C@H](NCc2cc(-n3nnnc3C(F)(F)F)ccc2OC)[C@H](c2ccccc2)C1.Cl,8.72,4.079100000000004
C[C@H](NC(=O)[C@@](C)(Cc1c[nH]c2ccccc12)NC(=O)OCc1ccc(F)cc1F)c1ccccc1,8.72,5.551100000000004
CCCC[C@@H]1NC(=O)[C@H](Cc2ccccc2)NC(=O)CNC(=O)[C@@H](NC(=O)[C@@H](N)Cc2ccc(O)cc2)C(C)(C)SSC(C)(C)[C@@H](C(=O)N2CCC[C@H]2C(=O)N[C@@H](CC(C)C)C(=O)N[C@@H](Cc2c[nH]c3ccccc23)C(=O)NCc2cc(C(F)(F)F)cc(C(F)(F)F)c2)NC(=O)[C@@H]2CCCN2C1=O,8.72,6.778200000000015
CNC[C@@H]1CC[C@H](OCc2cc(C(F)(F)F)cc(C(F)(F)F)c2)[C@H]1c1ccccc1,8.72,6.022600000000005
CN1CCC(COCc2cc(C(F)(F)F)cc(C3CC3)n2)(c2ccc(F)cc2)CC1,8.72,5.297100000000006
NC(=O)CNC[C@@H]1CC[C@H](OCc2cc(C(F)(F)F)cc(C(F)(F)F)c2)[C@H]1c1ccccc1,8.72,4.878100000000004
CN(C/C(=N\OCC(C)(C)O)C(CCN1CCC(N2CCCCC2=O)CC1)c1ccc(Cl)c(Cl)c1)C(=O)c1cc(Cl)cc(Cl)c1,8.72,7.166500000000008
NC1CCN(C2CN(CCC3(c4ccc(Cl)c(Cl)c4)CCC(=O)N(CC4CC4)C3)C2)CC1,8.7,3.761000000000003
FC(F)(F)c1cc(COCC2(c3ccccc3)CCNCC2)nc(C2CC2)c1,8.7,4.815800000000003
CN1CCC(COCc2cc(C(F)(F)F)cc(C3CC3)n2)(c2ccccc2)CC1,8.7,5.158000000000005
Cc1ccc(COC(=O)N[C@](C)(Cc2c[nH]c3ccccc23)C(=O)N[C@@H](C)c2ccccc2)c(F)c1,8.7,5.720420000000005
CN(Cc1n[nH]c(O)n1)C[C@@H]1CC[C@H](OCc2cc(C(F)(F)F)cc(C(F)(F)F)c2)[C@H]1c1ccccc1,8.7,5.758900000000004
O=C1CCC(CCN2CC(N3CCC(O)C3)C2)(c2ccc(Cl)c(Cl)c2)CN1Cc1ccccc1,8.7,4.194700000000004
FC(F)(F)c1cc(COCC2(c3ccccc3)CCCNCCC2)cc(C(F)(F)F)c1,8.7,6.342400000000004
Cn1c(-c2ccc(Cl)cc2)c(CCC(=O)N2CCN(CC(C)(C)C)CC2)c2cc(Cl)ccc21,8.7,6.275000000000007
FC(F)(F)c1cc(CN[C@H]2C3CCN(CC3)[C@H]2C(c2ccccc2)c2ccccc2)cc(C(F)(F)F)c1,8.7,7.108700000000005
COc1ccccc1[C@@H]1CC[C@@]2(CCCN[C@H]2c2ccccc2)NC1,8.7,4.025700000000002
O=C1CCC(CCN2CC(N3CCCOCC3)C2)(c2ccc(Cl)c(Cl)c2)CN1Cc1ccccc1,8.7,4.850400000000005
Cc1ccccc1-c1ccc(N2CCN(C)CC2)nc1N(C)C(=O)C(C)(C)c1cc(C(F)(F)F)cc(C(F)(F)F)c1,8.7,6.787020000000006
OCCN1CCN(C(COCc2cc(C(F)(F)F)cc(C(F)(F)F)c2)c2ccccc2)CC1,8.7,4.592000000000003
C[C@@H](O[C@H]1CN2C(=O)C=C(c3ccc(F)cc3)CC2[C@@H]1c1ccc(F)cc1)c1cc(C(F)(F)F)cc(C(F)(F)F)c1,8.7,7.9305000000000065
CN(C)[C@H](COCc1cc(C(F)(F)F)cc(C(F)(F)F)c1)C(c1ccccc1)c1ccccc1,8.7,7.003100000000007
COc1ccccc1CN(CC(Cc1c[nH]c2ccccc12)NC(=O)CN1CCN(c2ccccc2)CC1)C(=O)c1ccccc1,8.7,5.368600000000005
CCN(C/C(=N\OC)[C@H](CCN1CCC(n2c(=O)n(CCOC)c3ccccc32)CC1)c1ccc(Cl)c(Cl)c1)C(=O)c1cc(Cl)cc(Cl)c1,8.7,8.03850000000001
C/C(CN1CCN(C(=O)c2cc(C(F)(F)F)cc(C(F)(F)F)c2)[C@H](Cc2c[nH]c3ccccc23)C1)=N/OCC(C)N1CCOCC1,8.7,5.687800000000006
C[C@@H](O)[C@@H]1NC(=O)[C@H](Cc2ccc(F)cc2)NC(=O)[C@@H](Cc2c[nH]c3ccccc23)NC(=O)[C@H](Cc2cccc3ccccc23)NC(=O)[C@@H]2CCCN2C(=O)[C@H](Cc2ccccc2)NC1=O,8.7,3.540200000000003
COc1ccccc1CC(=N)N1CC2C(=O)CSC(c3ccccc3)(c3ccccc3)C2C1,8.7,5.022670000000004
O=C(CN1CCOCC1)N[C@@H](Cc1c[nH]c2ccccc12)C(=O)CCc1cc(C(F)(F)F)cc(C(F)(F)F)c1,8.7,4.766900000000005
CO/N=C(\CN(C)C(=O)c1cc(C)nc(-c2cccs2)c1)C(CCN1CCC(O)(c2ccccc2)CC1)c1ccc(Cl)c(Cl)c1,8.7,7.6572200000000095
CCN(CC)c1nnnn1-c1ccc(OC)c(CN[C@H]2CCCN[C@H]2c2ccccc2)c1.Cl.Cl,8.7,3.943600000000003
CO/N=C(\CN(C)C(=O)c1cc(C)nc(N2CCCC2)c1)C(CCN1CCC(O)(c2ccccc2)CC1)c1ccc(Cl)c(Cl)c1,8.7,6.528920000000009
CO/N=C(\CNC(=O)c1cc(C(F)(F)F)cc(C(F)(F)F)c1)C(CCN1CCC(O)(c2ccccc2)CC1)c1ccc(Cl)c(Cl)c1,8.7,7.920700000000007
CO/N=C(\CN(C)C(=O)c1cc(Cl)cc(Cl)c1)C(CCN1CCC(O)(c2ccccc2)CC1)c1ccc(Cl)c(Cl)c1,8.7,7.532100000000008
CN(CC(c1ccccc1)N1CCN(C2CCCCC2)CC1)C(=O)Cc1cc(C(F)(F)F)cc(C(F)(F)F)c1,8.7,6.416700000000008
O=C1CCC(CCN2CC(N3CCCC(O)C3)C2)(c2ccc(Cl)c(Cl)c2)CN1Cc1ccccc1,8.7,4.584800000000004
C[C@@H](O)[C@H]1NC(=O)[C@H](Cc2ccc(F)cc2)NC(=O)[C@@H](Cc2c[nH]c3ccccc23)NC(=O)[C@H](Cc2cccc3ccccc23)NC(=O)[C@@H]2CCCN2C(=O)[C@H](Cc2ccccc2)NC1=O,8.7,3.540200000000003
CO/N=C(\CN(C)C(=O)c1cc(C)nc(N(C)C)c1)C(CCN1CCC(O)(c2ccccc2)CC1)c1ccc(Cl)c(Cl)c1,8.7,5.994720000000008
FC(F)(F)c1cc(COCC(c2ccccc2)N2CCN(Cc3ccccn3)CC2)cc(C(F)(F)F)c1,8.7,6.194900000000005
Fc1cccc(C(COCc2cc(C(F)(F)F)cc(C(F)(F)F)c2)N2CCNCC2)c1,8.7,5.026400000000004
COc1ccc(-c2nccn2C)cc1CN[C@H]1CCCN[C@H]1c1ccccc1,8.7,3.678600000000002
C[C@@H]1C[C@@](CO[C@H](C)c2cc(C(F)(F)F)cc(C(F)(F)F)c2)(c2ccccc2)NC1=O,8.7,5.853300000000004
CCCN(Cc1n[nH]c(O)n1)[C@H](COCc1cc(C(F)(F)F)cc(C(F)(F)F)c1)c1ccccc1,8.7,5.718000000000005
CN(CC(c1ccccc1)N1CCC(N2CCCCC2)CC1)C(=O)Cc1cc(C(F)(F)F)cc(C(F)(F)F)c1,8.68,6.416700000000008
Cc1cc(F)ccc1-c1cc(N2CCC(CC(=O)O)CC2)ncc1N(C)C(=O)C(C)(C)c1cc(C(F)(F)F)cc(C(F)(F)F)c1,8.68,7.8654200000000065
Cc1cc(F)ccc1-c1cc(C2CCCC(CC(=O)O)C2)ncc1N(C)C(=O)C(C)(C)c1cc(C(F)(F)F)cc(C(F)(F)F)c1,8.68,8.92282
CC(C(=O)NC1(c2ccccc2)CCC(N2CCC(C3CCC(=O)O3)CC2)CC1)c1cc(C(F)(F)F)cc(C(F)(F)F)c1,8.68,7.199600000000007
CN(C(=O)C(C)(C)c1cc(C(F)(F)F)cc(C(F)(F)F)c1)[C@H]1CN(C(=O)N2CCN(S(C)(=O)=O)CC2)C[C@@H]1c1ccc(F)cc1,8.68,4.764500000000005
CN(CC(N)=O)[C@H]1CC[C@H](OCc2cc(C(F)(F)F)cc(C(F)(F)F)c2)[C@@H]1c1ccccc1,8.68,4.972700000000004
FC(F)(F)Oc1ccc(Cl)c(CNC2CCC3CCC2(c2ccccc2)N3)c1,8.68,5.138100000000004
C[C@H](NC(=O)[C@@](C)(Cc1c[nH]c2ccccc12)NC(=O)OCc1cc(F)ccc1F)c1ccccc1,8.67,5.551100000000004
NC(=O)[C@@H]1[C@H](c2ccccc2)CCN1C(=O)[C@@H](N)Cc1ccccc1,8.66,1.4263999999999994
CC(=O)N(Cc1ccccc1)CC(Cc1c[nH]c2ccccc12)NC(=O)CN1CCN(c2ccccc2)CC1,8.66,4.066100000000003
COCCNC(=O)CO/N=C(\CN(C)C(=O)c1cc(Cl)cc(Cl)c1)C(CCN1CCC(N2CCCCC2=O)CC1)c1ccc(Cl)c(Cl)c1,8.66,6.158200000000008
Cc1cc(Cl)cc(COC[C@H](c2ccccc2)N(C)Cc2n[nH]c(O)n2)c1,8.66,3.862020000000002
Cc1cc(F)ccc1-c1cc([C@H]2CC[C@@H](CC(=O)O)CC2)ncc1N(C)C(=O)C(C)(C)c1cc(C(F)(F)F)cc(C(F)(F)F)c1,8.66,8.92282
CN(C/C(=N\OCc1c[nH]cn1)C(CCN1CCC(N2CCCCC2=O)CC1)c1ccc(Cl)c(Cl)c1)C(=O)c1cc(Cl)cc(Cl)c1,8.66,7.318900000000008
Cc1cc(O)cc(C)c1CC(N)C(=O)NC(C)C(=O)NCC(=O)N(C)C(Cc1ccccc1)C(=O)N1CCCC1C(=O)NC(CC(C)C)C(=O)NC(Cc1c[nH]c2ccccc12)C(=O)NCc1cc(C(F)(F)F)cc(C(F)(F)F)c1,8.66,5.654140000000009
Cn1c(-c2ccc(Cl)cc2)c(CCC(=O)N2CCC(Cc3ccccc3)CC2)c2cc(Cl)ccc21,8.66,7.566000000000006
CC(=O)N[C@@H](Cc1c[nH]c2ccccc12)C(=O)CCc1cc(C(F)(F)F)cc(C(F)(F)F)c1,8.66,5.454600000000004
Cc1cc(O)cc(C)c1C[C@H](N)C(=O)N[C@@H](C)C(=O)NCC(=O)N(C)[C@@H](Cc1ccccc1)C(=O)N1CCC[C@H]1C(=O)N[C@@H](CC(C)C)C(=O)N[C@@H](Cc1c[nH]c2ccccc12)C(=O)NCc1cc(C(F)(F)F)cc(C(F)(F)F)c1,8.66,5.654140000000009
Cc1cc(O)cc(C)c1C[C@H](N)C(=O)N[C@H](CCCNC(=N)N)C(=O)N[C@@H](Cc1ccccc1)C(=O)N[C@@H](CCCCN)CC(=O)N1CC[C@@H](C(=O)N(C)Cc2cc(C(F)(F)F)cc(C(F)(F)F)c2)[C@H](c2ccccc2)C1,8.66,5.686810000000013
Cc1cc(C)cc(COCC(NCC(N)=O)C(c2ccccc2)c2ccccc2)c1,8.66,4.095640000000002
COc1ccccc1CN[C@@H]1C2CCN(CC2)[C@@H]1C(c1ccccc1)c1ccccc1,8.66,5.079700000000005
CN(Cc1ccccc1)C(=O)[C@H](Cc1ccc2ccccc2c1)NC(=O)[C@@H]1CCCN1C(=O)Nc1ccc(F)cc1,8.66,5.361300000000004
CCCN(CCO)c1cc(-c2ccccc2Cl)c(N(C)C(=O)C(C)(C)c2cc(C(F)(F)F)cc(C(F)(F)F)c2)cn1,8.65,7.588900000000008
Cc1cc(F)ccc1-c1cc(N2CCC(C(C)C(=O)O)CC2)nc(C#N)c1N(C)C(=O)C(C)(C)c1cc(C(F)(F)F)cc(C(F)(F)F)c1,8.65,7.9831000000000065
N[C@@H]1CC[C@H](OCc2cc(C(F)(F)F)cc(C(F)(F)F)c2)[C@H]1c1ccccc1,8.64,5.514300000000004
CN(C(=O)C(C)(C)c1cc(C(F)(F)F)cc(C(F)(F)F)c1)c1cnc(N2CCCC[C@@H]2CO)cc1-c1ccccc1Cl,8.64,7.731400000000008
Cc1ccc(-c2c3n(c(=O)c4ncccc24)CCN(Cc2cc(C(F)(F)F)cc(C(F)(F)F)c2)C3=O)cc1,8.64,6.065520000000005
COc1cccc(OC)c1CN1CCC(=O)C(C(c2ccc(F)cc2)c2ccc(F)cc2)C1.Cl,8.64,5.626900000000006
CSCC[C@@H](NC(=O)[C@H](CC(C)C)NC(=O)CNC(=O)[C@H](Cc1ccc(O)cc1)NC(=O)[C@H](Cc1ccccc1)NC(=O)[C@H](CCCCN)NC(=O)[C@H](CC(N)=O)NC(=O)[C@@H]1CCCN1C(=O)[C@H](CC(=O)O)NC(=O)[C@H](C)NC(=O)[C@@H]1CCC(=O)N1)C(N)=O,8.64,-3.774900000000021
CN(Cc1ccccc1)C(=O)[C@H](Cc1ccc2ccccc2c1)NC(=O)[C@@H]1CCCN1C(=O)Nc1cccc([N+](=O)[O-])c1,8.64,5.130400000000004
CN(CC(c1ccc(Cl)c(Cl)c1)N1CCC(N2CCCCC2)CC1)C(=O)Cc1cc(C(F)(F)F)cc(C(F)(F)F)c1,8.64,7.723500000000008
CCN(C/C(=N\OC)[C@H](CCN1CCC(n2c(=O)n(CC#N)c3ccccc32)CC1)c1ccc(Cl)c(Cl)c1)C(=O)c1cc(Cl)cc(Cl)c1,8.64,7.915680000000007
Cn1c(-c2ccc(Cl)cc2)c(CCC(=O)N2CCC(O)(Cc3ccccc3)CC2)c2cc(-n3cccc3)ccc21,8.64,6.818200000000007
CN(Cc1ccccc1)C(=O)[C@H](Cc1ccc2ccccc2c1)NC(=O)[C@@H]1CCCN1C(=O)NCc1ccccc1Cl,8.64,5.5533000000000055
Cc1cc(F)ccc1-c1cc([C@H]2CC[C@@H](CC(=O)O)CC2)nc(C#N)c1N(C)C(=O)C(C)(C)c1cc(C(F)(F)F)cc(C(F)(F)F)c1,8.63,8.794500000000001
Cc1ccccc1-c1cc(C2CCC(CC(=O)O)CC2)ncc1N(C)C(=O)C(C)(C)c1cc(C(F)(F)F)cc(C(F)(F)F)c1,8.63,8.78372
Cc1cc(F)ccc1-c1cc(C2(C)CCCC(CC(=O)O)C2)ncc1N(C)C(=O)C(C)(C)c1cc(C(F)(F)F)cc(C(F)(F)F)c1,8.63,9.096919999999999
COc1ccccc1CN[C@H]1[C@@H]2CCC[C@@H]2N[C@H]1c1ccccc1,8.62,3.6666000000000025
C[C@@H](OCC1(c2ccccc2)CC(=O)C1)c1cc(C(F)(F)F)cc(C(F)(F)F)c1,8.62,6.102700000000004
CN(Cc1c[nH]c(O)n1)[C@@H]1CC[C@H](OCc2cc(C(F)(F)F)cc(C(F)(F)F)c2)[C@H]1c1ccccc1,8.62,6.116300000000006
C[C@H](NC(=O)[C@@](C)(Cc1c[nH]c2ccccc12)NC(=O)OCc1cc2ccccc2s1)c1ccccc1,8.62,6.487600000000006
CO/N=C(\CN(C)C(=O)c1cc(Cl)cc(Cl)c1)[C@H](CCN1CCC(N2CCCN(Cc3ccsc3)C2=O)CC1)c1ccc(Cl)c(Cl)c1,8.62,8.402300000000006
CSCC[C@H](NC(=O)[C@H](CC(C)C)NC(=O)CNC(=O)[C@@H](NC(=O)[C@H](Cc1ccccc1)NC(=O)[C@H](CCC(N)=O)NC(=O)[C@H](CCC(N)=O)NC(=O)[C@H]1CCCN1C(=O)[C@H](CCCCN)NC(=O)[C@@H]1CCCN1C(=O)[C@@H](N)CCCN=C(N)N)C(C)(C)SC)C(N)=O,8.62,-3.812099999999993
FC(F)(F)c1cc(CO[C@H]2OCCN[C@H]2c2ccccc2)cc(C(F)(F)F)c1,8.62,4.928000000000003
O=C(OCc1cc(C(F)(F)F)cc(C(F)(F)F)c1)[C@H](Cc1c[nH]c2ccccc12)NC(=O)[C@H]1C[C@H](O)CN1C(=O)c1cn(CCCCc2nnn[n-]2)c2ccccc12.[K+],8.62,2.3756000000000013
Oc1n[nH]c(CN[C@H](COCc2cc(C(F)(F)F)cc(C(F)(F)F)c2)c2ccccc2)n1,8.62,4.595600000000003
CC(C(=O)N[C@]1(c2ccccc2)CC[C@H](N2CCCCC2)CC1)c1cc(C(F)(F)F)cc(C(F)(F)F)c1,8.62,7.267900000000006
COCCO/N=C(\CN(C)C(=O)c1cc(Cl)cc(Cl)c1)C(CCN1CCC(N2CCCCC2=O)CC1)c1ccc(Cl)c(Cl)c1,8.62,7.042000000000009
COc1ccccc1C(CNC(=O)Cc1cc(C(F)(F)F)cc(C(F)(F)F)c1)N1CCC(N2CCCCC2)CC1,8.62,6.083100000000006
Cc1cc(COCC2(c3ccccc3)CCNCC2)cc(C(C)(C)C)c1,8.62,5.130520000000005
CCN(C/C(=N\OC)[C@H](CCN1CCC(n2c(=O)n(CC(N)=O)c3ccccc32)CC1)c1ccc(Cl)c(Cl)c1)C(=O)c1cc(Cl)cc(Cl)c1,8.62,6.877400000000008
COc1ccccc1CNC1C2C3CCC2CN(C3)[C@H]1C(c1ccccc1)c1ccccc1,8.62,5.325700000000006
CCN(C/C(=N\OC)[C@H](CCN1CCC(n2c(=O)n(CC(=O)O)c3ccccc32)CC1)c1ccc(Cl)c(Cl)c1)C(=O)c1cc(Cl)cc(Cl)c1,8.62,7.476700000000008
Cc1cccc(CN2CC(CCN3CC(N4CCOCC4)C3)(c3ccc(Cl)c(Cl)c3)CCC2=O)c1,8.6,4.7687200000000045
CSCC[C@H](NC(=O)[C@H](CC(C)C)NC(=O)CNC(=O)[C@@H](NC(=O)[C@H](Cc1ccccc1)NC(=O)[C@H](CCC(N)=O)NC(=O)[C@H](CCC(N)=O)NC(=O)[C@H]1CCCN1C(=O)[C@H](CCCCN)NC(=O)[C@@H]1CCCN1C(=O)[C@@H](N)CCCN=C(N)N)C1c2ccccc2-c2ccccc21)C(N)=O,8.6,-2.141200000000013
Cc1ccccc1-c1c(C(=O)NCc2cc(C(F)(F)F)cc(C(F)(F)F)c2)n(C)c(=O)c2ccccc12,8.6,6.481520000000004
O=C1CCC(CCN2CC(N3CCOCC3=O)C2)(c2ccc(Cl)c(Cl)c2)CN1Cc1ccccc1,8.6,3.986900000000004
Cc1cc(O)cc(C)c1C[C@H](N)C(=O)N[C@@H](C)C(=O)NCC(=O)N[C@@H](Cc1ccc(Br)cc1)C(=O)N1CCC[C@H]1C(=O)N[C@@H](CC(C)C)C(=O)N[C@@H](Cc1c[nH]c2ccccc12)C(=O)NCc1cc(C(F)(F)F)cc(C(F)(F)F)c1,8.6,6.074440000000009
CN1C(=O)OC2(CCN(CC[C@@](C)(C(=O)N(C)[C@H](Cc3ccccc3)C(=O)NCCN)c3ccc(Cl)c(Cl)c3)CC2)c2cc(F)ccc21.O=C(O)C(F)(F)F,8.6,6.135900000000005
O=C(OCc1cc(C(F)(F)F)cc(C(F)(F)F)c1)[C@]1(c2ccccc2)CC[C@H](N2CCC(c3ccc(F)cc3)CC2)CC1,8.6,8.666700000000004
FC(F)(F)c1cc(COC[C@]2(c3ccccc3)CCCNCC2)cc(C(F)(F)F)c1,8.6,5.952300000000004
C[C@H](OC[C@@H](c1ccccc1)N1CCN(CCOCC(=O)O)CC1)c1cc(C(F)(F)F)cc(C(F)(F)F)c1,8.6,5.261900000000005
Cc1ccccc1-c1cc(N2CCC(CC(=O)O)CC2)ncc1N(C)C(=O)C(C)(C)c1cc(C(F)(F)F)cc(C(F)(F)F)c1,8.6,7.7263200000000065
CCCCN1CCN(C(COCc2cc(C(F)(F)F)cc(C(F)(F)F)c2)c2ccccc2)CC1,8.6,6.399800000000007
COc1ccc(CN(CC(Cc2c[nH]c3ccccc23)NC(=O)CN2CCN(c3ccccc3)CC2)C(C)=O)cc1,8.6,4.074700000000003
CCN(C/C(=N\OC)[C@H](CCN1CCC(n2c(O)nc3ccccc32)CC1)c1ccc(Cl)c(Cl)c1)C(=O)c1cc(Cl)cc(Cl)c1,8.6,8.331000000000007
COc1ccccc1CN(C)C(=O)c1c(-c2ccc(F)cc2)c2cccnc2c(=O)n1C,8.6,4.020400000000004
COc1ccc(-c2nnn(C)n2)cc1CN[C@H]1CCCN[C@H]1c1ccccc1,8.6,2.4686000000000003
Cc1cc(O)cc(C)c1C[C@H](N)C(=O)N[C@@H](C)C(=O)NCC(=O)N(C)[C@@H](Cc1ccc(F)cc1)C(=O)N1CCC[C@H]1C(=O)N[C@@H](CC(C)C)C(=O)N[C@@H](Cc1c[nH]c2ccccc12)C(=O)NCc1cc(C(F)(F)F)cc(C(F)(F)F)c1,8.59,5.793240000000009
C[C@@H](OC[C@@]1(c2ccccc2)C[C@@H](NS(C)(=O)=O)C(=O)N1)c1cc(C(F)(F)F)cc(C(F)(F)F)c1,8.59,4.1350000000000025
Cn1c(-c2ccc(Cl)cc2)c(CCC(=O)N2CCC(O)(Cc3ccccc3)CC2)c2nc(Cl)ccc21,8.59,6.075900000000006
COc1ccc([N+](=O)[O-])cc1CN1CCC(=O)C(C(c2ccccc2)c2ccccc2)C1,8.59,4.826500000000004
Cc1cc(F)ccc1-c1cc(N2CCC(CC(=O)O)CC2)nc(C#N)c1N(C)C(=O)C(C)(C)c1cc(C(F)(F)F)cc(C(F)(F)F)c1,8.59,7.737100000000006
CSCC[C@H](NC(=O)[C@H](CC(C)C)NC(=O)CNC(=O)[C@@H](NC(=O)[C@H](Cc1ccccc1)NC(=O)[C@H](CCC(N)=O)NC(=O)[C@H](CCC(N)=O)NC(=O)[C@H]1CCCN1C(=O)[C@H](CCCCN)NC(=O)[C@@H]1CCCN1C(=O)[C@@H](N)CCCN=C(N)N)C(C)(C)C)C(N)=O,8.59,-3.9075999999999897
Ic1ccccc1N[C@@H]1C2CCN(CC2)[C@@H]1C(c1ccccc1)c1ccccc1,8.59,5.9980000000000055
CN1CCC[C@](COCc2cc(C(F)(F)F)cc(C(F)(F)F)c2)(c2ccccc2)CC1,8.59,6.294500000000006
FC(F)(F)c1cc(COC[C@@]2(c3ccccc3)CCCNCC2)cc(C(F)(F)F)c1,8.59,5.952300000000004
CC(=O)N1CC[C@@H](C(=O)N(C)Cc2cc(C(F)(F)F)cc(C(F)(F)F)c2)[C@H](c2ccccc2)C1,8.59,5.334800000000005
CN(Cc1cc(C(F)(F)F)cc(C(F)(F)F)c1)C(=O)[C@@H]1CCNC[C@H]1c1ccccc1,8.59,5.075900000000003
CN(Cc1ccccc1)C(=O)[C@H](Cc1ccc2ccccc2c1)NC(=O)[C@@H]1CCCN1C(=O)Nc1ccccc1O,8.59,4.927800000000005
CN(C(=O)C(C)(C)c1cc(C(F)(F)F)cc(C(F)(F)F)c1)c1cnc(N2CC[C@@H](O)C2)cc1-c1ccccc1Cl,8.58,6.951200000000007
O=C(N[C@@H](Cc1c[nH]c2ccccc12)C(=O)OCc1cc(C(F)(F)F)cc(C(F)(F)F)c1)c1ccccc1,8.57,6.2900000000000045
CC(=O)N1CCC(C(=O)N2CC[C@@H](C(=O)NCc3cc(C(F)(F)F)cc(C(F)(F)F)c3)[C@H](c3ccccc3)C2)CC1,8.57,5.231200000000005
NC[C@@H]1CC[C@H](OCc2cc(C(F)(F)F)cc(C(F)(F)F)c2)[C@H]1c1ccccc1,8.57,5.761900000000005
CN(CC(N)=O)[C@@H]1CC[C@H](OCc2cc(C(F)(F)F)cc(C(F)(F)F)c2)[C@H]1c1ccccc1,8.57,4.972700000000004
CCN(C/C(=N\OC)[C@H](CCN1CCC(n2c(=O)n(Cc3ccccn3)c3ccccc32)CC1)c1ccc(Cl)c(Cl)c1)C(=O)c1cc(Cl)cc(Cl)c1,8.57,8.835400000000002
NC(=O)CCCN1CCC[C@H](OCc2cc(C(F)(F)F)cc(C(F)(F)F)c2)[C@@H]1c1ccccc1,8.57,5.712000000000004
C[C@@H](O[C@H]1CN2C(=O)N(Cc3ccccc3)C[C@H]2[C@@H]1c1ccc(F)cc1)c1cc(C(F)(F)F)cc(C(F)(F)F)c1,8.57,7.413300000000006
FC(F)(F)c1cc(COCC2(c3ccccc3)CCNCC2)nc(N2CCCC2)c1,8.57,4.538600000000002
CN(C(=O)c1cc(C(F)(F)F)cc(C(F)(F)F)c1)c1cc(C(=O)N[C@@H]2CCCCNC2=O)ccc1-c1ccc(Cl)cc1,8.57,6.719700000000005
CNC(=O)N[C@@H]1CC[C@H](OCc2cc(C(F)(F)F)cc(C(F)(F)F)c2)[C@H]1c1ccccc1,8.57,5.484600000000004
O=C1NC[C@@](COCc2cc(C(F)(F)F)cc(C(F)(F)F)c2)(c2ccc(F)cc2)N1,8.57,4.588200000000003
Cc1ccccc1-c1cc(C2CCC(CC(=O)O)CC2)nc(C#N)c1N(C)C(=O)C(C)(C)c1cc(C(F)(F)F)cc(C(F)(F)F)c1,8.56,8.655400000000002
COc1ccccc1CN(CC(Cc1cccc2ccccc12)NC(=O)CN1CCN(c2ccccc2)CC1)C(C)=O,8.56,4.746600000000004
COc1ccccc1CN(CC(Cc1c[nH]c2ccccc12)NC(=O)CN1CCC(N(C)C)CC1)C(C)=O,8.55,3.278500000000002
COc1ccc(C(C)C)cc1[C@H]1COCC2(C1)OCCN[C@H]2c1ccc(F)cc1,8.55,4.561500000000004
Cc1cc(F)ccc1-c1cc(N2CCC(C)(CC(=O)O)CC2)ncc1N(C)C(=O)C(C)(C)c1cc(C(F)(F)F)cc(C(F)(F)F)c1,8.55,8.255520000000004
O=C(Cc1cc(C(F)(F)F)cc(C(F)(F)F)c1)NCC(c1cccc2ccccc12)N1CCN(C2CCCCC2)CC1,8.55,7.2277000000000085
COC(=O)CN1CCC[C@H](OCc2cc(C(F)(F)F)cc(C(F)(F)F)c2)[C@@H]1c1ccccc1,8.55,5.619500000000005
Cc1cc(F)ccc1-c1cc(C2CCC(C(C)C(=O)O)CC2)ncc1N(C)C(=O)C(C)(C)c1cc(C(F)(F)F)cc(C(F)(F)F)c1,8.55,9.168819999999998
CN(C/C(=N\OCCn1ccnc1)C(CCN1CCC(N2CCCCC2=O)CC1)c1ccc(Cl)c(Cl)c1)C(=O)c1cc(Cl)cc(Cl)c1,8.55,7.292300000000008
C=C(C)n1c(=O)n(CCN2CCC(N(C(=O)CC)c3cccc(Cl)c3)CC2)c2ccccc21,8.55,4.854600000000004
O=S(=O)(c1ccccc1)C1CC2(c3ccccc3)NC1CCC2OCc1cc(C(F)(F)F)cc(C(F)(F)F)c1,8.55,6.503100000000005
Cc1nc(CN2CCC(COCc3cc(C(F)(F)F)cc(C(F)(F)F)c3)(c3ccccc3)CC2)cs1,8.55,7.239720000000006
Cc1cc(Br)cc(COCC2(c3ccccc3)CCNCC2)c1,8.54,4.595520000000003
O=C(Cc1cc(C(F)(F)F)cc(C(F)(F)F)c1)NCC(c1ccc(F)c(Cl)c1)N1CCC(N2CCCCC2)CC1,8.54,6.867000000000007
Cc1cc(C)cc(CC(=O)N(C)CC(c2cccc3c2OCO3)N2CCC(N3CCCCC3)CC2)c1,8.54,4.724640000000004
CC(C)N1CCC(COCc2cc(C(F)(F)F)cc(C(F)(F)F)c2)(c2ccccc2)CC1,8.54,6.683000000000007
CSCC[C@@H](NC(=O)[C@H](CC(C)C)NC(=O)[C@@H]1CCCN1C(=O)[C@H](Cc1ccccc1)NC(=O)[C@H](Cc1ccccc1)NC(=O)[C@H](CCC(N)=O)NC(=O)[C@H](CCC(N)=O)NC(=O)[C@@H]1CCCN1C(=O)[C@H](CCCCN)NC(=O)[C@@H]1CCCN1C(=O)[C@@H](N)CCCN=C(N)N)C(N)=O,8.54,-2.8362000000000114
Cc1cc(O)cc(C)c1C[C@H](N)C(=O)N[C@@H](C)C(=O)NCC(=O)N[C@@H](Cc1ccc(Cl)cc1)C(=O)N1CCC[C@H]1C(=O)N[C@@H](CC(C)C)C(=O)N[C@@H](Cc1c[nH]c2ccccc12)C(=O)NCc1cc(C(F)(F)F)cc(C(F)(F)F)c1,8.54,5.965340000000009
Cn1c(-c2ccc(Cl)cc2)c(CCC(=O)N2CCN(CC3CCCCC3)CC2)c2cc(Cl)ccc21,8.54,6.809200000000007
Cn1c(-c2ccccn2)c(CCC(=O)N2CCC(O)(Cc3ccccc3)CC2)c2cc(Cl)ccc21,8.54,5.422500000000006
CC[C@H](C)[C@H](NC(=O)CNC(=O)[C@@H](NC(=O)[C@H](Cc1ccccc1)NC(=O)[C@H](CCC(N)=O)NC(=O)[C@H](CCC(=O)O)NC(=O)[C@H](CCCCN)NC(=O)[C@@H]1CCCN1C(=O)[C@@H](N)CCCNC(=N)N)C1c2ccccc2-c2ccccc21)C(=O)N[C@@H](CCSC)C(=O)O,8.52,-0.7239300000000188
FC(F)(F)c1cc(COC2CCC3CCC2(c2ccccc2)N3)cc(C(F)(F)F)c1,8.52,6.0507000000000035
CC(=O)N(Cc1ccccc1[N+](=O)[O-])CC(Cc1c[nH]c2ccccc12)NC(=O)CN1CCN(c2ccccc2)CC1,8.52,3.974300000000003
COCCNc1cc(-c2ccccc2Cl)c(N(C)C(=O)C(C)(C)c2cc(C(F)(F)F)cc(C(F)(F)F)c2)cn1,8.52,7.438500000000006
CCC(CC)Nc1cc(C(F)(F)F)cc(COCC2(c3ccc(F)cc3)CCN(C)CC2)n1,8.52,6.020200000000005
CC[C@H](C)[C@H](NC(=O)CNC(=O)[C@H](Cc1ccccc1)NC(=O)[C@@H](NC(=O)[C@H](CCC(N)=O)NC(=O)[C@H](CCC(=O)O)NC(=O)[C@H](CCCCN)NC(=O)[C@@H]1CCCN1C(=O)[C@@H](N)CCCNC(=N)N)[C@H]1CCc2ccccc21)C(=O)N[C@@H](CCSC)C(=O)O,8.52,-1.8064300000000229
CCNC(=O)Cn1c(=O)n(C2CCN(CC[C@@H](/C(CN(CC)C(=O)c3cc(Cl)cc(Cl)c3)=N/OC)c3ccc(Cl)c(Cl)c3)CC2)c2ccccc21,8.52,7.528200000000009
CN(CC(c1cc(Cl)cc(Cl)c1Cl)N1CCC(N2CCCCC2)CC1)C(=O)Cc1cc(C(F)(F)F)cc(C(F)(F)F)c1,8.52,8.376900000000004
CC(C)C[C@H](NC(=O)[C@@H]1CCCN1C(=O)[C@@H](Cc1ccccc1)NC(=O)[C@H](Cc1ccccc1)NC(=O)CNC(=O)[C@@H](C)NC(=O)[C@@H](N)Cc1ccc(O)cc1)C(=O)N[C@@H](Cc1c[nH]c2ccccc12)C(=O)OCc1cc(C(F)(F)F)cc(C(F)(F)F)c1,8.52,5.849600000000012
Cc1c(F)cccc1C(CNC(=O)Cc1cc(C(F)(F)F)cc(C(F)(F)F)c1)N1CCC(N2CCCCC2)CC1,8.52,6.522020000000007
CN(C(=O)c1cc(C(F)(F)F)cc(C(F)(F)F)c1)c1cc(C(=O)NC2CCCCC2)ccc1-c1ccc(Cl)cc1,8.52,8.383700000000003
Cc1cc(C)cc(C(=O)N2CC[C@H](NCc3ccnc4ccccc34)C[C@H]2Cc2ccc([N+](=O)[O-])cc2)c1,8.52,5.765540000000006
FC(F)(F)c1cc(CNC2CCC3CCC2(c2ccccc2)N3)cc(C(F)(F)F)c1,8.52,5.623700000000003
CNC(=O)N(Cc1ccccc1OC)CC(Cc1c[nH]c2ccccc12)NC(=O)CN1CCN(c2ccccc2)CC1,8.52,3.867600000000002
COc1ccccc1CN(CC(Cc1c[nH]c2ccccc12)NC(=O)CN1CC=C(c2ccccc2)CC1)C(C)=O,8.51,5.041800000000005
CSCC[C@H](NC(=O)[C@H](CC(C)C)NC(=O)CNC(=O)[C@H](Cc1ccccc1)NC(=O)[C@@H](NC(=O)[C@H](CCC(N)=O)NC(=O)[C@H](CCC(N)=O)NC(=O)[C@H]1CCCN1C(=O)[C@H](CCCCN)NC(=O)[C@@H]1CCCN1C(=O)[C@@H](N)CCCN=C(N)N)[C@H]1CCc2ccccc21)C(N)=O,8.51,-3.2237000000000036
COc1ccc(OC)c(CN2CCC(=O)C(C(c3ccc(F)cc3)c3ccc(F)cc3)C2)c1.Cl,8.51,5.626900000000006
Cc1nc2ccccc2c(-c2ccccc2)c1C(=O)N(C)Cc1cc(C(F)(F)F)cc(C(F)(F)F)c1,8.51,7.520020000000007
COc1cc(C(=O)N2CC[C@@](CCN3CCC(C(N)=O)(c4ccccc4)CC3)(c3ccc(Cl)c(Cl)c3)C2)cc(OC)c1OC,8.51,5.712300000000005
COC(=O)CN1CCC(COCc2cc(C(F)(F)F)cc(C(F)(F)F)c2)(c2ccccc2)CC1,8.51,5.447600000000005
CC(C)N1C[C@@](CO[C@H](C)c2cc(C(F)(F)F)cc(C(F)(F)F)c2)(c2ccccc2)NC1=O,8.51,6.130900000000006
Clc1cc(Cl)cc(COCC(c2ccccc2)N2CCNCC2)c1,8.5,4.156500000000004
Fc1cccc(C(COCc2cc(C(F)(F)F)cc(C(F)(F)F)c2)N2CCNCC2)c1F,8.5,5.165500000000003
CN(CCO)C1CN(CCC2(c3ccc(Cl)c(Cl)c3)CCC(=O)N(Cc3ccccc3)C2)C1,8.5,4.052200000000004
Clc1cc(Cl)cc(COC[C@H](c2ccccc2)N2CCNCC2)c1,8.5,4.156500000000004
CNS(=O)(=O)N1CCN(C2CN(CCC3(c4ccc(Cl)c(Cl)c4)CCC(=O)N(CC4CC4)C3)C2)CC1,8.5,2.4197000000000015
NC(=O)COCCN1CCN(C(COCc2cc(C(F)(F)F)cc(C(F)(F)F)c2)c2ccccc2)CC1,8.5,4.101600000000004
Cc1cccc(C(COCc2cc(C(F)(F)F)cc(C(F)(F)F)c2)N2CCNCC2)c1,8.5,5.195720000000005
C[C@H](OC[C@@H](c1ccccc1)N1CCN(CC(=O)O)CC1)c1cc(C(F)(F)F)cc(C(F)(F)F)c1,8.5,5.245300000000005
CS(=O)(=O)N1CCN(C2CN(CCC3(c4ccc(Cl)c(Cl)c4)CCC(=O)N(CC4CC4)C3)C2)CC1,8.5,2.9151000000000025
C[C@H](NC(=O)[C@@](C)(Cc1c[nH]c2ccccc12)NC(=O)OCc1ccccc1F)c1ccccc1,8.5,5.412000000000004
O=C(c1cc(C(F)(F)F)cc(C(F)(F)F)c1)N1CCN(C/C(=N\OCCN2CCOCC2)c2ccccc2)C[C@H]1Cc1c[nH]c2ccccc12,8.5,6.327700000000007
CC(=O)NC1(c2ccccc2)CCN(C2CN(CCC3(c4ccc(Cl)c(Cl)c4)CCC(=O)N(CC4CC4)C3)C2)CC1,8.5,5.465300000000006
Brc1cc(Br)cc(COC[C@H](c2ccccc2)N2CCNCC2)c1,8.5,4.374700000000004
CO/N=C(\CN(CCF)C(=O)c1cc(Cl)cc(Cl)c1)[C@H](CCN1CCC(n2c(O)nc3ccccc32)CC1)c1ccc(Cl)c(Cl)c1,8.49,8.280600000000005
O=C(c1cc(Br)cc(Br)c1)N1CCN(C(=O)CNC2CCN(Cc3ccccc3)CC2)C(c2ccc(Cl)c(Cl)c2)C1,8.49,6.7983000000000064
CC(=O)N(Cc1ccccc1C)CC(Cc1c[nH]c2ccccc12)NC(=O)CN1CCN(c2ccccc2)CC1,8.49,4.374520000000004
CC(=O)N(Cc1ccccc1C(F)(F)F)CC(Cc1c[nH]c2ccccc12)NC(=O)CN1CCN(c2ccccc2)CC1,8.49,5.084900000000004
CSCC[C@H](NC(=O)[C@H](Cc1ccccc1)NC(=O)CNC(=O)[C@@H](C)NC(=O)[C@@H](N)Cc1ccc(O)cc1)C(=O)N1CCC[C@H]1C(=O)N[C@@H](CC(C)C)C(=O)N[C@@H](Cc1c[nH]c2ccccc12)C(=O)NCc1ccccc1,8.49,2.895400000000011
Cc1cc(C)cc(COC2C3CCN(CC3)C2C(Cc2ccccc2)c2ccccc2)c1,8.49,6.309340000000007
COc1ccccc1CN(CC(Cc1c[nH]c2ccccc12)NC(=O)COc1ccc(O)cc1)C(C)=O,8.49,4.037100000000002
CC(=O)N1CC[C@H](C(=O)N(C)Cc2cc(C(F)(F)F)cc(C(F)(F)F)c2)[C@H](c2ccccc2)C1,8.49,5.334800000000005
NC(=O)[C@H](Cc1cccc(F)c1)NC(=O)[C@@H](N)Cc1ccccc1,8.48,0.9083
Cc1cc(F)ccc1-c1cc([C@H]2CC[C@H](CC(=O)O)CC2)nc(C#N)c1N(C)C(=O)C(C)(C)c1cc(C(F)(F)F)cc(C(F)(F)F)c1,8.48,8.794500000000001
Cc1ccccc1-c1cnccc1N(C)C(=O)C(C)(C)c1cc(C(F)(F)F)cc(C(F)(F)F)c1,8.48,7.035220000000005
COc1ccc(C(=O)CCC(=O)NC(Cc2c[nH]c3ccccc23)CN(Cc2ccccc2OC)C(C)=O)cc1,8.48,4.924200000000004
O=C(Cc1cc(C(F)(F)F)cc(C(F)(F)F)c1)NCC(c1ccc(F)c(F)c1)N1CCC(N2CCCCC2)CC1,8.48,6.352700000000007
COc1ccccc1CNC1C2C3CCCC2CN(C3)[C@H]1C(c1ccccc1)c1ccccc1,8.48,5.715800000000006
Cc1cc(O)cc(C)c1C[C@H](N)C(=O)N[C@@H](C)C(=O)NCC(=O)N[C@@H](Cc1ccc(I)cc1)C(=O)N1CCC[C@H]1C(=O)N[C@@H](CC(C)C)C(=O)N[C@@H](Cc1c[nH]c2ccccc12)C(=O)NCc1cc(C(F)(F)F)cc(C(F)(F)F)c1,8.48,5.91654000000001
C[C@@H](OC[C@]1(c2ccccc2)C[C@](N)(C(=O)N(C)C)C1)c1cc(C(F)(F)F)cc(C(F)(F)F)c1,8.48,5.319300000000005
Cn1c(-c2ccc(Cl)cc2)c(CCC(=O)N2CCC(O)(Cc3ccccc3)CC2)c2cc(N3CCCCC3)ccc21,8.48,7.017800000000008
Cc1cc(F)ccc1-c1cc(N2CCC(C)(CC(=O)O)CC2)nc(C#N)c1N(C)C(=O)C(C)(C)c1cc(C(F)(F)F)cc(C(F)(F)F)c1,8.48,8.127200000000006
CSCC[C@@H](NC(=O)[C@H](CC(C)C)NC(=O)[C@@H]1CCCN1C(=O)[C@@H](NC(=O)[C@H](Cc1ccccc1)NC(=O)[C@H](CCC(N)=O)NC(=O)[C@H](CCC(N)=O)NC(=O)[C@@H]1CCCN1C(=O)[C@H](CCCCN)NC(=O)[C@@H]1CCCN1C(=O)[C@@H](N)CCCN=C(N)N)C1c2ccccc2-c2ccccc21)C(N)=O,8.48,-1.2664000000000228
CN(C/C(=N\OCCCS(=O)(=O)O)C(CCN1CCC(N2CCCCC2=O)CC1)c1ccc(Cl)c(Cl)c1)C(=O)c1cc(Cl)cc(Cl)c1,8.48,6.673500000000008
COC1CN(c2cc(-c3ccc(F)cc3C)c(N(C)C(=O)C(C)(C)c3cc(C(F)(F)F)cc(C(F)(F)F)c3)cn2)CCC1CC(=O)O,8.48,7.490320000000007
CS(=O)(=O)N1CC2(CCN(C(=O)C(CCCc3ccc(Cl)c(Cl)c3)NCc3ccccc3)CC2)c2ccccc21,8.48,5.814500000000006
COc1ccccc1CN[C@@H]1C2CCN(CC2)[C@H]1C(c1ccccc1)c1ccccc1,8.47,5.079700000000005
CC(C)C[C@H](NC(=O)[C@@H]1CCCN1C(=O)[C@H](Cc1ccccc1)N(C)C(=O)CNC(=O)[C@H](C)NC(=O)[C@@H](N)Cc1ccc(O)cc1)C(=O)N[C@@H](Cc1c[nH]c2ccccc12)C(=O)NCc1cc(C(F)(F)F)cc(C(F)(F)F)c1,8.47,5.03730000000001
CN(Cc1cc(C(F)(F)F)cc(C(F)(F)F)c1)C(=O)c1c(-c2ccccc2)c2cc(Cl)ccc2c(=O)n1C,8.47,7.168700000000004
CCN(CCO)c1cc(-c2ccccc2Cl)c(N(C)C(=O)C(C)(C)c2cc(C(F)(F)F)cc(C(F)(F)F)c2)cn1,8.47,7.1988000000000065
Cc1ccccc1-c1ccncc1N(C)C(=O)C(C)(C)c1cc(C(F)(F)F)cc(C(F)(F)F)c1,8.47,7.035220000000005
CN(Cc1cc(C(F)(F)F)cc(C(F)(F)F)c1)C(=O)[C@H]1CN(C(=O)c2ccncn2)C[C@@H]1c1ccccc1,8.47,5.0286000000000035
Cc1ccc(-c2c(C(=O)N(C)Cc3cc(Cl)cc(Cl)c3)n(C)c(=O)c3ncccc23)cc1,8.47,5.487920000000004
Cc1ccccc1-c1cnc(N2CCN(C)CC2)nc1C(=O)N(C)Cc1cc(C(F)(F)F)cc(C(F)(F)F)c1,8.46,5.513620000000006
CN(Cc1ccccc1)C(=O)[C@H](Cc1ccc2ccccc2c1)NC(=O)[C@@H]1CCCN1C(=O)Nc1ccccc1F,8.46,5.361300000000004
NC(=O)N[C@@H]1CC[C@H](OCc2cc(C(F)(F)F)cc(C(F)(F)F)c2)[C@H]1c1ccccc1,8.46,5.223900000000003
CCCCCN(CCCCC)C(=O)[C@H]1CCN(C(=O)N(c2ccccc2)c2cccc(Cl)c2)[C@H](C(=O)NCCNCC(N)=O)C1,8.46,5.078800000000004
COc1ccccc1CN(CC(Cc1c[nH]c2ccccc12)NC(=O)COc1ccc(C(C)=O)cc1)C(C)=O,8.46,4.534100000000003
Clc1cc(Cl)cc(COC2C3CCN(CC3)C2C(c2ccccc2)c2ccccc2)c1,8.46,6.804900000000007
CN(C(=O)c1ccccc1)c1cc(C(=O)NC2CCCCC2)ccc1-c1ccc(F)cc1,8.46,5.831800000000006
Cc1cc(F)ccc1-c1cc(N2CCC(CC(=O)O)C(C)C2)ncc1N(C)C(=O)C(C)(C)c1cc(C(F)(F)F)cc(C(F)(F)F)c1,8.45,8.111420000000006
FC(F)(F)c1cc(Cl)cc(COCC2(c3ccccc3)CCNCC2)c1,8.44,5.196800000000005
CN(C(=O)c1cc(C(F)(F)F)cc(C(F)(F)F)c1)[C@@H](/C=C/C(=O)N[C@H]1CCCCNC1=O)Cc1ccc(Cl)cc1,8.44,5.4020000000000055
C[C@@H](OC[C@@]1(c2ccc(F)cc2)CN(C)C(=O)N1)c1cc(C(F)(F)F)cc(C(F)(F)F)c1,8.44,5.491400000000003
CN(C(=O)c1cc(C(F)(F)F)cc(C(F)(F)F)c1)[C@@H](/C=C/C(=O)N[C@@H]1CCCCNC1=O)Cc1cc(Cl)c(Cl)s1,8.44,6.116900000000004
C[C@@H](O[C@@H]1[C@@H](c2ccccc2)CN(C(=O)OC(C)(C)C)[C@H]1CO)c1cc(C(F)(F)F)cc(C(F)(F)F)c1,8.44,6.5658000000000065
CN1CCC(COCc2cc(C(F)(F)F)cc(C3CC3)n2)(c2cccc(F)c2)CC1,8.43,5.297100000000006
CC(C)C[C@H](NC(=O)[C@@H]1CCCN1C(=O)[C@@H]1CSSC[C@@H](NC(=O)[C@@H](N)Cc2ccc(O)cc2)C(=O)NCC(=O)N[C@@H](Cc2ccccc2)C(=O)N1)C(=O)N[C@@H](Cc1c[nH]c2ccccc12)C(=O)NCc1cc(C(F)(F)F)cc(C(F)(F)F)c1,8.43,4.555000000000013
Cc1cc(F)ccc1[C@@H]1CNCCN1C(=O)N(C)[C@@H](C)c1cc(C(F)(F)F)cc(C(F)(F)F)c1,8.43,5.931020000000005
O=C(C[C@H]1CCC[C@H](OCc2cc(C(F)(F)F)cc(C(F)(F)F)c2)[C@@H]1c1ccccc1)NCc1cccnc1,8.43,7.294800000000007
CCNC(=O)N1CC[C@@H](NCc2cc(OC(F)(F)F)ccc2OC)[C@H](c2ccccc2)C1,8.43,4.2710000000000035
CC(=O)N1CCC(C(=O)N2C[C@H](C(=O)N(C)Cc3cc(C(F)(F)F)cc(C(F)(F)F)c3)[C@H](c3ccccc3)C2)CC1,8.43,5.183300000000005
CCCCCN(CCCCC)C(=O)[C@H]1CCN(C(=O)N(c2ccccc2)c2cccc(Cl)c2)[C@H](C(=O)NCCN(CC(N)=O)Cc2ccccc2OC)C1,8.42,7.000000000000008
CNC(=O)c1ccccc1NC(=O)N1CCC[C@H]1C(=O)N[C@@H](Cc1ccc2ccccc2c1)C(=O)N(C)Cc1ccccc1,8.42,4.581800000000004
O=C(Cc1c[nH]cn1)N[C@@H](Cc1c[nH]c2ccccc12)C(=O)CCc1cc(C(F)(F)F)cc(C(F)(F)F)c1,8.42,5.400500000000004
Cc1ccccc1-c1cccnc1C(=O)N(C)Cc1cc(C(F)(F)F)cc(C(F)(F)F)c1,8.42,6.366820000000003
CC(C)C[C@](Cc1c[nH]c2ccccc12)(NC(=O)OCc1cc2ccccc2o1)C(=O)N[C@@H](C)c1ccccc1,8.42,7.045300000000006
FC(F)(F)c1cc(COC2C3CCN(CC3)C2C(Cc2ccccc2)c2ccccc2)cc(C(F)(F)F)c1,8.41,7.730100000000006
CN1C(=O)OC2(CCN(CC[C@@](C)(C(=O)N(C)[C@H](Cc3ccccc3)C(=O)NCCCN)c3ccc(Cl)c(Cl)c3)CC2)c2cc(F)ccc21.O=C(O)C(F)(F)F,8.4,6.526000000000006
CO/N=C(/C)CN1CCN(C(=O)c2cc(C(F)(F)F)cc(C(F)(F)F)c2)[C@H](Cc2c[nH]c3ccccc23)C1,8.4,5.596900000000005
CC(=O)N[C@H]1Cc2ccccc2CN(CC(=O)N(C)Cc2cc(C(F)(F)F)cc(C(F)(F)F)c2)C1=O,8.4,3.7722000000000024
Cc1cc(F)ccc1-c1cc(C2CCC(CC(=O)O)CC2)nc(C#N)c1N(C)C(=O)C(C)(C)c1cc(C(F)(F)F)cc(C(F)(F)F)c1,8.4,8.794500000000001
COc1ccc(F)cc1CN1CCC(=O)C(C(c2ccc(F)cc2)c2ccc(F)cc2)C1.Cl,8.4,5.757400000000006
NC(=O)CNC(COCc1cc(C(F)(F)F)cc(C(F)(F)F)c1)C(CCN1CCC(O)(c2ccccc2)CC1)c1ccc(Cl)c(Cl)c1,8.4,7.148600000000007
Cc1ccccc1-c1cccnc1N(C)C(=O)C(C)(C)c1cc(C(F)(F)F)cc(C(F)(F)F)c1,8.4,7.035220000000005
COc1ccccc1CN(CC(Cc1c[nH]c2ccccc12)NC(=O)CN1CCN(c2ccccc2)CC1)S(C)(=O)=O,8.4,3.4878000000000027
CO/N=C(\COCc1cc(C(F)(F)F)cc(C(F)(F)F)c1)C(CCN1CCC(N2CCC(O)C2)CC1)c1ccc(Cl)c(Cl)c1,8.4,7.254900000000007
CO/N=C(\CN(C)C(=O)c1cc(C(F)(F)F)cc(C(F)(F)F)c1)C(CCN1CCC(O)(c2ccccc2)CC1)c1ccc(Cl)c(Cl)c1,8.4,8.262900000000005
CN(C)C(=O)c1ccc(-c2ccc(Cl)cc2)c(N(C)C(=O)c2cc(C(F)(F)F)cc(C(F)(F)F)c2)c1,8.4,7.023000000000004
CSCC[C@H](NC(=O)[C@H](CC(C)C)NC(=O)CNC(=O)[C@H](Cc1ccccc1)NC(=O)[C@H](Cc1ccccc1)NC(=O)[C@H](CO)NC(=O)[C@H](CCC(N)=O)NC(=O)[C@@H]1CCCN1C(=O)[C@H](CCCCN)NC(=O)[C@@H]1CCCN1C(=O)[C@@H](N)CCCNC(=N)N)C(N)=O,8.39,-3.7745300000000164
CN(Cc1cc(C(F)(F)F)cc(C(F)(F)F)c1)C(=O)[C@H]1CN(C(=O)C2CCNCC2)C[C@@H]1c1ccccc1,8.39,4.924400000000004
COc1ccccc1CNC1C2CC3CCCC(C2)N3[C@H]1C(c1ccccc1)c1ccccc1,8.39,6.000800000000006
Fc1ccc(C2CCN([C@H]3CC[C@](COCc4cc(C(F)(F)F)cc(C(F)(F)F)c4)(c4ccccc4)CC3)CC2)cc1,8.38,9.1401
C[C@@H](OC1CCC2CCC1(c1ccccc1)N2)c1cc(C(F)(F)F)cc(C(F)(F)F)c1,8.38,6.611700000000004
CN(Cc1ccccc1)C(=O)[C@H](Cc1ccc2ccccc2c1)NC(=O)[C@@H]1CCCN1C(=O)Nc1cccc(C#N)c1,8.38,5.093880000000004
O=C(N[C@@H](Cc1ccccc1)C(=O)NO)OCc1ccccc1,8.38,2.0294999999999996
Cc1cc2c(-c3ccccc3)c(NC(=O)N(C)Cc3ccccc3Cl)n(C)c(=O)c2cc1C,8.38,6.139640000000005
COc1ccccc1CC(=N)N1C[C@@H]2C(=O)CCC(c3ccccc3)(c3ccccc3)[C@@H]2C1,8.38,5.112170000000004
CN(C(=O)c1cc(C(F)(F)F)cc(C(F)(F)F)c1)[C@@H](/C=C/C(=O)N[C@@H]1CCCCNC1=O)Cc1ccc(Cl)c(Cl)c1,8.38,6.055400000000005
CC(OCC(N)c1ccccc1)c1cc(C(F)(F)F)cc(C(F)(F)F)c1,8.37,5.501800000000003
COc1ccccc1C(C1CCCCN1C(=O)Cc1cc(C(F)(F)F)cc(C(F)(F)F)c1)N1CCC(N2CCCCC2)CC1,8.37,7.348000000000009
CN(Cc1cc(C(F)(F)F)cc(C(F)(F)F)c1)C(=O)c1c(-c2ccccc2)c2ccccc2n2cncc12,8.37,7.464300000000004
C[C@@H](NC(=O)[C@@H](N)Cc1ccc(O)cc1)C(=O)NCC(=O)N[C@@H](Cc1ccccc1)C(=O)N/N=C/c1cc(C(F)(F)F)cc(C(F)(F)F)c1.O=C(O)C(F)(F)F,8.37,3.431600000000002
Cc1cc(C)cc(COCC(C(c2ccccc2)c2ccccc2)N(C)C)c1,8.36,5.5823400000000065
Cc1ccc(-c2c(C(=O)N(C)Cc3cc(C)cc(C)c3)n(C)c(=O)c3ncccc23)cc1,8.36,4.797960000000004
C[C@@H](O[C@H]1[C@H](c2ccc(F)cc2)CN(C(=O)OC(C)(C)C)[C@H]1CO)c1cc(C(F)(F)F)cc(C(F)(F)F)c1,8.36,6.704900000000006
COc1ccccc1CN(CC(Cc1c[nH]c2ccccc12)NC(=O)CN1CCC(c2ccccc2)CC1)C(C)=O,8.35,5.132100000000005
Cc1cc(F)ccc1-c1cc([C@H]2CC[C@@H](C(C)(C)C(=O)O)CC2)ncc1N(C)C(=O)C(C)(C)c1cc(C(F)(F)F)cc(C(F)(F)F)c1,8.35,9.558919999999997
O=C1NCC(COCc2cc(C(F)(F)F)cc(C(F)(F)F)c2)(c2ccc(F)cc2)N1,8.35,4.588200000000003
O=C(Cc1cc(C(F)(F)F)cc(C(F)(F)F)c1)NCC(c1cccc(F)c1)N1CCC(N2CCCCC2)CC1,8.34,6.213600000000007
Cc1cc(F)ccc1-c1cc(N2CCC(CC(=O)O)C(C)(C)C2)ncc1N(C)C(=O)C(C)(C)c1cc(C(F)(F)F)cc(C(F)(F)F)c1,8.34,8.501520000000003
Clc1cc(Cl)cc(COCC2(c3ccccc3)CCNCC2)c1,8.34,4.831400000000005
COc1cccc(CN(CC(Cc2c[nH]c3ccccc23)NC(=O)CN2CCN(c3ccccc3)CC2)C(C)=O)c1,8.34,4.0747000000000035
Cc1ccccc1-c1cnccc1C(=O)N(C)Cc1cc(C(F)(F)F)cc(C(F)(F)F)c1,8.34,6.366820000000003
CSCC[C@H](NC(=O)[C@H](CC(C)C)NC(=O)CNC(=O)[C@H](Cc1ccccc1)NC(=O)[C@H](Cc1ccccc1)NC(=O)[C@H](CCC(N)=O)NC(=O)[C@H](CCC(N)=O)NC(=O)[C@@H]1CCCN1C(=O)[C@H](CCCCN)NC(=O)[C@@H]1CCCN1)C(N)=O,8.34,-2.3309000000000175
CO/N=C(\CN(C)C(=O)c1cc(Cl)cc(Cl)c1)C(CCN1CCC(N2CCCCC2=O)CC1)c1ccc(Cl)c(Cl)c1,8.33,7.025400000000008
CN(Cc1ccccc1)C(=O)[C@H](Cc1cn(C)c2ccccc12)NC(=O)[C@@H]1CCCN1/C(S)=N/Cc1ccccc1Cl,8.33,5.468000000000006
CN(Cc1n[nH]c(O)n1)C[C@H]1CC[C@H](OCc2cc(C(F)(F)F)cc(C(F)(F)F)c2)[C@@H]1c1ccccc1,8.33,5.758900000000004
COC(=O)CO/N=C(\CN(C)C(=O)c1cc(Cl)cc(Cl)c1)C(CCN1CCC(N2CCCCC2=O)CC1)c1ccc(Cl)c(Cl)c1,8.33,6.568600000000007
Cc1cc(F)ccc1-c1cc(N2CCC(C(C)(C)C(=O)O)CC2)ncc1N(C)C(=O)C(C)(C)c1cc(C(F)(F)F)cc(C(F)(F)F)c1,8.33,8.501520000000003
FC(F)(F)c1cc(COCC2(c3ccccc3)CCC(N3CCCCC3)C2)cc(C(F)(F)F)c1,8.33,7.217200000000005
Cc1nc(N2CCN(C)CC2)cc(-c2ccccc2)c1C(=O)N(C)Cc1cc(C(F)(F)F)cc(C(F)(F)F)c1,8.32,6.118620000000006
CN(CC(c1ccc2c(c1)OCO2)N1CCC(N2CCCCC2)CC1)C(=O)Cc1cc(C(F)(F)F)cc(C(F)(F)F)c1,8.32,6.145400000000007
CCN1CC[C@H](NCc2cc(OC(F)(F)F)ccc2OC)[C@H](c2ccccc2)C1.Cl,8.32,4.983200000000005
CS(=O)(=O)Nc1ccccc1N1CCN(C(=O)[C@H](COCc2ccc(Cl)c(Cl)c2)NCc2ccccc2)CC1,8.32,4.388700000000004
COc1ccccc1N1CCN(C(=O)CCc2c(-c3ccc(Cl)cc3)[nH]c3cc(Cl)ccc23)CC1,8.31,6.431700000000005
CN(CC[C@@H]1CC[C@H](OCc2cc(C(F)(F)F)cc(C(F)(F)F)c2)[C@H]1c1ccccc1)Cc1n[nH]c(O)n1,8.31,6.149000000000006
Cl.O=C1CCN(Cc2ccccc2C(F)(F)F)CC1C(c1ccc(F)cc1)c1ccc(F)cc1,8.31,6.628500000000005
CN(C)C(=O)N[C@@H]1CC[C@H](OCc2cc(C(F)(F)F)cc(C(F)(F)F)c2)[C@H]1c1ccccc1,8.3,5.826800000000005
CSCC[C@H](NC(=O)[C@H](CC(C)C)NC(=O)CN1CCCNC(=O)CCCCC(=O)N[C@H](CCCN=C(N)N)C(=O)N[C@@H](Cc2ccccc2)C(=O)N[C@H](Cc2ccccc2)C1=O)C(N)=O,8.3,0.14280000000000015
O=C1CCC(CCN2CC(N3CCNCC3)C2)(c2ccc(Cl)c(Cl)c2)CN1Cc1ccccc1,8.3,4.033300000000003
CO/N=C(\CN(C)C(=O)c1cc(OC)cc(OC)c1)C(CCN1CCC(O)(c2ccccc2)CC1)c1ccc(Cl)c(Cl)c1,8.3,6.242500000000009
FC(F)(F)c1cc(CO[C@H]2CC[C@@H](CN3CCCCC3)[C@@H]2c2ccccc2)cc(C(F)(F)F)c1,8.3,7.289100000000006
CN(Cc1ccccc1)C(=O)[C@H](Cc1ccc(Cl)c(Cl)c1)NC(=O)[C@@H]1CCCN1/C(S)=N/Cc1ccccc1Cl,8.3,6.283100000000006
NC(=O)N1CCN(C2CN(CCC3(c4ccc(Cl)c(Cl)c4)CCC(=O)N(CC4CC4)C3)C2)CC1,8.3,3.034200000000002
CN(C(=O)Cc1ccccc1)[C@H](Cc1ccc2ccccc2c1)NC(=O)[C@@H]1CCCC[C@@H]1NC(=O)c1c[nH]c2ccccc12,8.3,5.995800000000005
Fc1ccccc1C(COCc1cc(C(F)(F)F)cc(C(F)(F)F)c1)N1CCNCC1,8.3,5.026400000000005
CC(C)Oc1cccc(CC(=O)NCC(c2ccc(Cl)c(Cl)c2)N2CCC(N3CCCCC3)CC2)c1,8.3,6.130900000000006
NC(=O)CN[C@H](COCc1cc(C(F)(F)F)cc(C(F)(F)F)c1)[C@@H](CCN1CCC(O)(c2ccccc2)CC1)c1ccc(Cl)c(Cl)c1,8.3,7.148600000000007
CN(Cc1ccccc1)C(=O)[C@H](Cc1ccc2ccccc2c1)NC(=O)[C@@H]1CCCN1C(=O)Nc1cccc(C(N)=O)c1,8.3,4.321100000000002
FC(F)(F)c1cc(COC[C@@H](NCc2nc[nH]n2)c2ccccc2)cc(C(F)(F)F)c1,8.3,4.890000000000003
Cc1cc(F)ccc1-c1cc(C2CCC(CC(=O)O)CC2)nc(CO)c1N(C)C(=O)C(C)(C)c1cc(C(F)(F)F)cc(C(F)(F)F)c1,8.3,8.415120000000005
FC(F)(F)c1cc(COCC(c2ccc(Cl)c(Cl)c2)N2CCNCC2)cc(C(F)(F)F)c1,8.3,6.194100000000004
CN(C)CC(=O)N[C@@H](Cc1c[nH]c2ccccc12)C(=O)CCc1cc(C(F)(F)F)cc(C(F)(F)F)c1,8.3,4.996300000000004
Brc1cc(Br)cc(COCC(c2ccccc2)N2CCNCC2)c1,8.3,4.374700000000004
CO/N=C(\CN(C)C(=O)c1cc(OC)c(Br)c(OC)c1)C(CCN1CCC(O)(c2ccccc2)CC1)c1ccc(Cl)c(Cl)c1,8.3,7.005000000000009
CO/N=C(\CN(C)C(=O)Nc1cc(C(F)(F)F)cc(C(F)(F)F)c1)C(CCN1CCC(O)(c2ccccc2)CC1)c1ccc(Cl)c(Cl)c1,8.3,8.654600000000004
COc1ccccc1[C@H](SC)C(=O)N1CC2C(=O)CSC(c3ccccc3)(c3ccccc3)C2C1,8.3,5.4336000000000055
C/C(CN1CCN(C(=O)c2cc(C(F)(F)F)cc(C(F)(F)F)c2)[C@H](Cc2c[nH]c3ccccc23)C1)=N/OCC(C)(C)N1CCOCC1,8.3,6.077900000000007
CS(=O)(=O)N1CC2C(=O)N(c3ccccc3)C(=O)C2C12CCN(C(=O)c1cc(C(F)(F)F)cc(C(F)(F)F)c1)CC2,8.29,3.780000000000003
Cc1cc(C)cc(CN(C)C(=O)c2c(-c3ccc(F)cc3)c3cccnc3c(=O)n2C)c1,8.29,4.628640000000005
COc1ccccc1N1CCN(C(=O)CCc2c(-c3ccc(Cl)cc3)n(C(C)C)c3ccc(Cl)cc23)CC1,8.28,7.486000000000007
NC(=O)[C@H](Cc1ccccc1)NC(=O)OCc1ccccc1,8.28,2.0093999999999994
O=C(c1cc(C(F)(F)F)cc(C(F)(F)F)c1)N1CCN(C(=O)CNC2CCN(Cc3ccccc3)CC2)C(c2ccc(Cl)c(Cl)c2)C1,8.28,7.310900000000007
CC(=O)N1CCC(COCc2cc(C(F)(F)F)cc(C(F)(F)F)c2)(c2ccccc2)CC1,8.28,5.821100000000006
COc1ccccc1CN(CC(Cc1c[nH]c2ccccc12)NC(=O)CN1CCN(C)CC1)C(C)=O,8.28,2.4999000000000002
CN1CCC(COCc2cc(C(F)(F)F)cc(C3(F)CC3)n2)(c2ccccc2)CC1,8.28,5.239200000000005
CC(OC[C@]1(c2ccccc2)CC[C@@H](N2CCC(c3ccc(F)cc3)CC2)CC1)c1cc(C(F)(F)F)cc(C(F)(F)F)c1,8.28,9.701099999999997
CN1CCC(COCc2cc(C(F)(F)F)cc(C3(F)CC3)n2)(c2ccc(F)cc2)CC1,8.28,5.378300000000005
COC(=O)N[C@H]1CC[C@H](OCc2cc(C(F)(F)F)cc(C(F)(F)F)c2)[C@@H]1c1ccccc1,8.28,5.911600000000004
O=C(Cc1cc(C(F)(F)F)cc(C(F)(F)F)c1)NCC(c1ccc(Cl)c(Cl)c1)N1CCC(N(CCO)CCO)CC1,8.28,5.1820000000000075
Oc1nc(CN[C@@H]2CC[C@H](OCc3cc(C(F)(F)F)cc(C(F)(F)F)c3)[C@H]2c2ccccc2)c[nH]1,8.28,5.774100000000005
O=C(Cc1cc(C(F)(F)F)cc(C(F)(F)F)c1)NCC(c1ccccc1)N1CCC(N2CCCCC2)CC1,8.27,6.074500000000008
Cc1cc(F)ccc1-c1cc(C2CCC(CC(=O)O)CC2)nc(Cl)c1N(C)C(=O)C(C)(C)c1cc(C(F)(F)F)cc(C(F)(F)F)c1,8.26,9.576219999999998
Cc1cc(C)cc(COC[C@H](C(c2ccccc2)c2ccccc2)N(C)C)c1,8.26,5.5823400000000065
CCOC(=O)N(Cc1ccccc1OC)CC(Cc1c[nH]c2ccccc12)NC(=O)CN1CCN(c2ccccc2)CC1,8.26,4.684700000000004
Cn1c(-c2ccc(Cl)cc2)c(CCC(=O)N2CCC(O)(Cc3ccccc3)CC2)c2cc(-c3cccnc3)ccc21,8.26,7.089500000000007
CCCCCN(CCCCC)C(=O)[C@H]1CCN(C(=O)N(c2ccccc2)c2ccccc2)[C@H](C(=O)NCCCN(CC)CC)C1,8.26,7.082400000000008
Cn1c(-c2ccc(Cl)cc2)c(CCC(=O)N2CCC(O)(Cc3ccccc3)CC2)c2cc(-c3ccncc3)ccc21,8.26,7.089500000000007
CN(Cc1cc(C(F)(F)F)cc(C(F)(F)F)c1)C(=O)[C@H]1CCNC[C@H]1c1ccccc1.Cl,8.25,5.4977000000000045
COc1ccccc1N1CCN(C(=O)CCc2c(-c3ccccc3)[nH]c3ccc(Cl)cc23)CC1,8.25,5.778300000000005
CC(C)C[C@H](NC(=O)[C@@H]1CCCN1C(=O)[C@H](Cc1ccc(F)cc1)NC(=O)CNC(=O)[C@H](C)NC(=O)[C@@H](N)Cc1ccc(O)cc1)C(=O)N[C@@H](Cc1c[nH]c2ccccc12)C(=O)NCc1cc(C(F)(F)F)cc(C(F)(F)F)c1,8.25,4.834200000000009
CN(CC(N)=O)[C@H](COCc1cc(C(F)(F)F)cc(C(F)(F)F)c1)c1ccccc1,8.24,4.399200000000003
CS(=O)(=O)N1CCC(COCc2cc(C(F)(F)F)cc(C(F)(F)F)c2)(c2ccccc2)CC1,8.24,5.234200000000005
C[C@@H](O[C@H]1CCCN(Cc2n[nH]c(O)n2)[C@H]1c1ccccc1)c1ccccc1,8.23,3.993800000000003
COc1ccc(N)cc1CN1CCC(=O)C(C(c2ccccc2)c2ccccc2)C1.Cl.Cl,8.23,5.344100000000006
Cc1ccc(-c2ccc(C(=O)N[C@@H]3CCCCNC3=O)cc2N(C)C(=O)c2cc(C(F)(F)F)cc(C(F)(F)F)c2)cc1,8.22,6.374720000000005
COc1ccccc1CN(CC(Cc1c[nH]c2ccccc12)NC(=O)CCC(=O)c1ccc(F)cc1)C(C)=O,8.22,5.054700000000004
O=C1NC[C@@](COCc2cc(C(F)(F)F)cc(C(F)(F)F)c2)(c2ccccc2)N1,8.22,4.449100000000003
CO/N=C(\CN(C)C(=O)Oc1cc(C(F)(F)F)cc(C(F)(F)F)c1)C(CCN1CCC(O)(c2ccccc2)CC1)c1ccc(Cl)c(Cl)c1,8.22,8.621500000000003
CO/N=C(\COCc1cc(C(F)(F)F)cc(C(F)(F)F)c1)C(CCN1CCC(C(=O)N2CCCC2)CC1)c1ccc(Cl)c(Cl)c1,8.22,8.058300000000006
CC(=O)N[C@H](C(=O)N[C@H](Cc1cn(C=O)c2ccccc12)C(=O)N[C@@H](Cc1ccccc1)C(=O)N(C)Cc1ccccc1)C(C)O,8.22,1.9785000000000026
CN(CC(c1cccc2c1OCO2)N1CCC(N2CCCCC2)CC1)C(=O)Cc1ccccc1Br,8.22,4.870300000000005
CO/N=C(\C(=O)N(C)Cc1cc(C(F)(F)F)cc(C(F)(F)F)c1)C(CCN1CCC(O)(c2ccccc2)CC1)c1ccc(Cl)c(Cl)c1,8.22,8.149300000000006
COc1ccccc1N1CCN(C(=O)CCc2c(-c3ccccc3)[nH]c3ccc(C)cc23)CC1,8.21,5.433320000000005
COc1cc(C(=O)N2CCC(CCN3CCC(C(N)=O)(c4ccccc4)CC3)(c3ccc(Cl)c(Cl)c3)C2)cc(OC)c1OC,8.21,5.712300000000005
Cc1ccccc1-c1ccc(N2CCN(C)CC2)nc1C(=O)N(C)Cc1cc(C(F)(F)F)cc(C(F)(F)F)c1,8.21,6.118620000000005
CN(C)C(=O)c1ccccc1NC(=O)N1CCC[C@H]1C(=O)N[C@@H](Cc1ccc2ccccc2c1)C(=O)N(C)Cc1ccccc1,8.21,4.924000000000005
CN(C)[C@H]1CC[C@](c2ccccc2)(N2CCC(c3cc(C(F)(F)F)cc(C(F)(F)F)c3)C2=O)CC1,8.21,6.439800000000005
NC(=O)[C@H](CCc1ccccc1)NC(=O)[C@@H](N)Cc1ccccc1,8.21,1.1593000000000002
CN1CCC(COCc2cc(C(F)(F)F)cc(C3CCCC3)n2)(c2ccc(F)cc2)CC1,8.21,6.077300000000006
Cl.N#Cc1ccccc1CN1CCC(=O)C(C(c2ccc(F)cc2)c2ccc(F)cc2)C1,8.21,5.481380000000004
COC(=O)N(C)[C@@H]1CC[C@H](OCc2cc(C(F)(F)F)cc(C(F)(F)F)c2)[C@H]1c1ccccc1,8.21,6.253800000000005
O=C(NC[C@]1(c2ccccc2)CC[C@H](N2CCC(c3ccc(F)cc3)CC2)CC1)c1cc(C(F)(F)F)cc(C(F)(F)F)c1,8.2,8.353300000000004
Cc1ccc(CN2CC(CCN3CC(N4CCOCC4)C3)(c3ccc(Cl)c(Cl)c3)CCC2=O)cc1,8.2,4.768720000000005
CCOC1CCN(C2CN(CCC3(c4ccc(Cl)c(Cl)c4)CCC(=O)N(CC4CC4)C3)C2)CC1,8.2,4.838800000000004
Cn1c(-c2ccc(Cl)cc2)c(CCC(=O)N2CCC(O)(Cc3ccccc3)CC2)c2cc(N3CCOCC3)ccc21,8.2,5.864100000000005
COc1ccccc1C(COCc1cc(C(F)(F)F)cc(C(F)(F)F)c1)N1CCNCC1,8.2,4.895900000000005
FC(F)(F)c1cc(COCC(c2ccccc2)N2CCN(CCCCc3nnn[nH]3)CC2)cc(C(F)(F)F)c1,8.2,5.135700000000004
COc1ccccc1N1CCN(C(=O)CCc2c(-c3ccc(C(C)(C)C)cc3)[nH]c3ccc(C)cc23)CC1,8.2,6.730820000000007
Cc1cc(F)ccc1[C@H]1CNCCN1C(=O)N1CCCC1c1cc(C(F)(F)F)cc(C(F)(F)F)c1,8.2,6.0751200000000045
CN1CCC(COCc2cc(C(F)(F)F)cc(N3CC=CC3)n2)(c2ccc(F)cc2)CC1,8.2,4.795900000000005
O=C1NC(COCc2cc(C(F)(F)F)cc(C(F)(F)F)c2)(c2ccc(F)cc2)CN1C1CCOCC1,8.2,5.479600000000005
COc1ccccc1[C@H]1COC2(CCCNC2c2ccccc2)C1,8.19,4.062600000000003
O=C(N[C@@H](Cc1ccccc1)C(=O)NNC(=O)c1ccccc1)OCc1ccccc1,8.19,2.9853000000000014
Cc1cc(F)ccc1-c1cc(C2CCC(CC(=O)O)CC2)nc(C)c1N(C)C(=O)C(C)(C)c1cc(C(F)(F)F)cc(C(F)(F)F)c1,8.19,9.231239999999998
Cc1cc(O)cc(C)c1C[C@H](N)C(=O)N[C@H](CCCNC(=N)N)C(=O)N[C@H]1Cc2ccccc2CN(CCC(=O)N(C)Cc2ccccc2)C1=O,8.19,1.7453100000000064
CN1CCC(COCc2cc(C(F)(F)F)cc(C3CC3)n2)(c2cccc(Cl)c2)CC1,8.19,5.811400000000005
O=C(Cc1cc(C(F)(F)F)cc(C(F)(F)F)c1)NCC(c1cc(Cl)cc(Cl)c1Cl)N1CCC(N2CCCCC2)CC1,8.19,8.034700000000006
CN(C(=O)c1cc(C(F)(F)F)cc(C(F)(F)F)c1)N(CCC(=O)N[C@@H]1CCCCNC1=O)Cc1ccc2ccccc2c1,8.19,5.541600000000005
COc1ccccc1CN1CCC(=O)C(C(c2ccc(F)cc2)c2ccc(F)cc2)C1.Cl,8.18,5.618300000000006
CS(=O)(=O)N1CC2(CCN(C(=O)[C@H](COCc3ccc(Cl)cc3)NCc3ccccc3)CC2)c2ccccc21,8.18,4.355000000000004
O=C(CCCC(=O)N(c1ccccc1)C1CCN(CCc2ccccc2)CC1)N[C@@H](Cc1c[nH]c2ccccc12)C(=O)OCc1cc(C(F)(F)F)cc(C(F)(F)F)c1,8.17,8.886800000000003
Cc1cc(F)ccc1-c1cc([C@H]2CC[C@H](C(C)(C)C(=O)O)CC2)ncc1N(C)C(=O)C(C)(C)c1cc(C(F)(F)F)cc(C(F)(F)F)c1,8.17,9.558919999999997
CN(Cc1ccccc1)C(=O)[C@H](Cc1ccc2ccccc2c1)NC(=O)[C@@H]1CCCN1C(=O)Nc1cccnc1,8.17,4.617200000000003
NC(=O)NC[C@H]1CCC[C@H](OCc2cc(C(F)(F)F)cc(C(F)(F)F)c2)[C@@H]1c1ccccc1,8.17,5.861600000000005
FC(F)(F)c1cc(COCC2(c3ccccc3)CCCCNCC2)cc(C(F)(F)F)c1,8.17,6.342400000000004
CNC(COCc1cc(C)cc(C)c1)C(c1ccccc1)c1ccccc1,8.17,5.240140000000005
CC(C)N1CCN(C(CNC(=O)Cc2cc(C(F)(F)F)cc(C(F)(F)F)c2)c2cccc3c2OCO3)CC1,8.16,4.878900000000003
FC(F)(F)c1cc(COCC2(c3ccccc3)CCN(CCc3ccccc3)CC2)cc(C(F)(F)F)c1,8.16,7.517300000000006
O=C(C[C@H]1CCC[C@H](OCc2cc(C(F)(F)F)cc(C(F)(F)F)c2)[C@@H]1c1ccccc1)NCc1ccncc1,8.15,7.294800000000007
CO/N=C(\CN(C)C(=O)c1cncc(Br)c1)C(CCN1CCC(O)(c2ccccc2)CC1)c1ccc(Cl)c(Cl)c1,8.15,6.382800000000008
COc1ccccc1C(CNC(=O)Cc1cc(C(F)(F)F)cc(C(F)(F)F)c1)N1CCN(C2CCCCC2)CC1,8.15,6.083100000000006
FC(F)(F)c1cc(CO[C@H]2CCN[C@H]2c2ccccc2)cc(C(F)(F)F)c1,8.15,5.344000000000003
COCCO/N=C(\COCc1cc(C(F)(F)F)cc(C(F)(F)F)c1)C(CCN1CCC(O)(c2ccccc2)CC1)c1ccc(Cl)c(Cl)c1,8.15,8.724100000000004
Clc1ccccc1CNC1C2CC3CCC(C2)N3[C@H]1C(c1ccccc1)c1ccccc1,8.15,6.255500000000006
COc1cc(OC)cc(C(=O)N2CCN(C(=O)CNC3CCN(Cc4ccccc4)CC3)C(c3ccc(Cl)c(Cl)c3)C2)c1,8.15,5.290500000000006
CO/N=C(\COCc1cc(C(F)(F)F)cc(C(F)(F)F)c1)C(CCN1CCC(CN2CCCC(CC(O)CO)C2=O)CC1)c1ccc(Cl)c(Cl)c1,8.15,7.4178000000000095
Cc1cc(C)cc(C(=O)N2CC[C@H](NCc3ccnc4ccccc34)C[C@H]2Cc2ccc(I)cc2)c1,8.15,6.461940000000007
CC(OCc1cc(C(F)(F)F)cc(C(F)(F)F)c1)C(N)c1ccccc1,8.15,5.329300000000004
COc1ccccc1C(CNC(=O)Cc1cc(C(F)(F)F)cc(C(F)(F)F)c1)N1CCN(C2Cc3ccccc3C2)CC1,8.14,5.917800000000006
CN[C@H]1CC[C@H](OCc2cc(C(F)(F)F)cc(C(F)(F)F)c2)[C@@H]1c1ccccc1,8.14,5.775000000000005
CN1CCC[C@@](COCc2cc(C(F)(F)F)cc(C(F)(F)F)c2)(c2ccccc2)CC1,8.14,6.294500000000006
FC(F)(F)c1cc(COCC2(c3ccccc3)CCN(Cc3ncon3)CC2)cc(C(F)(F)F)c1,8.14,5.857800000000004
COc1ccccc1CNC1C2CC3CCOC(C2)N3[C@H]1C(c1ccccc1)c1ccccc1,8.14,5.194700000000005
CN(Cc1ccccc1)C(=O)[C@H](Cc1ccc(-c2ccccc2)cc1)NC(=O)[C@@H]1CCCN1/C(S)=N/Cc1ccccc1Cl,8.14,6.643300000000007
NC(=O)[C@@H]1CC[C@H](OCc2cc(C(F)(F)F)cc(C(F)(F)F)c2)[C@H]1c1ccccc1,8.14,5.2885000000000035
CSc1ccccc1CN(CC(Cc1c[nH]c2ccccc12)NC(=O)CN1CCN(c2ccccc2)CC1)C(C)=O,8.14,4.788000000000004
Cc1cc(F)ccc1-c1cc(N2CCC([C@H](C)C(=O)O)CC2)nc(C#N)c1N(C)C(=O)C(C)(C)c1cc(C(F)(F)F)cc(C(F)(F)F)c1,8.13,7.9831000000000065
CSCCCO/N=C(\CN(C)C(=O)c1cc(Cl)cc(Cl)c1)C(CCN1CCC(N2CCCCC2=O)CC1)c1ccc(Cl)c(Cl)c1,8.13,8.148700000000009
N[C@H]1CC[C@@](COCc2cc(C(F)(F)F)cc(C(F)(F)F)c2)(c2ccccc2)C1,8.12,5.690000000000004
FC(F)(F)c1cc(COC2C3CCN(CC3)C2C(c2ccccc2)C2CCCCC2)cc(C(F)(F)F)c1,8.12,8.067700000000006
COc1cccc(C(CNC(=O)Cc2cc(C(F)(F)F)cc(C(F)(F)F)c2)N2CCC(N3CCCCC3)CC2)c1OC,8.12,6.091700000000006
COc1ccccc1N1CCN(C(=O)CCc2c(-c3ccc(-c4ccccc4)cc3)[nH]c3ccc(C)cc23)CC1,8.12,7.100320000000007
CSCC[C@H](NC(=O)[C@H](CC(C)C)NC(=O)CNC(=O)[C@@H](NC(=O)[C@H](Cc1ccccc1)NC(=O)[C@H](CCC(N)=O)NC(=O)[C@H](CCC(N)=O)NC(=O)[C@H]1CCCN1C(=O)[C@H](CCCCN)NC(=O)[C@@H]1CCCN1C(=O)[C@@H](N)CCCN=C(N)N)C(C)(C)S(C)(=O)=O)C(N)=O,8.11,-5.130499999999986
CS(=O)(=O)N1CC2(CCN(C(=O)[C@H](COCc3cccc(Cl)c3)NCc3ccccc3)CC2)c2ccccc21,8.11,4.355000000000004
O=C(c1cc(Cl)cc(Cl)c1)N1CCN(C(=O)CNC2CCN(Cc3ccccc3)CC2)C(c2ccc(Cl)c(Cl)c2)C1,8.11,6.580100000000007
C[C@@H](O[C@H]1[C@H](c2ccccc2)CN(C(=O)OC(C)(C)C)[C@H]1CO)c1cc(C(F)(F)F)cc(C(F)(F)F)c1,8.11,6.5658000000000065
CN(C)C1CCC(COCc2cc(C(F)(F)F)cc(C(F)(F)F)c2)(c2ccccc2)C1,8.1,6.292900000000006
N#CCN1CCN(C(COCc2cc(C(F)(F)F)cc(C(F)(F)F)c2)c2ccccc2)CC1,8.1,5.123280000000005
O=C1CCC(CCN2CC(N3CCOCC3)C2)(c2ccc(Cl)c(Cl)c2)CN1CC1CC1,8.1,3.6701000000000032
COc1cccc(-c2[nH]c3ccc(C)cc3c2CCC(=O)N2CCN(c3ccccc3OC)CC2)c1,8.1,5.441920000000004
CO/N=C(\COCc1cc(C(F)(F)F)cc(C(F)(F)F)c1)C(CCN1CCC(CN2CCCC2=O)CC1)c1ccc(Cl)c(Cl)c1,8.1,8.058300000000006
COc1ccccc1CN(C)[C@H]1C2CCN(CC2)[C@H]1C(c1ccccc1)c1ccccc1,8.1,5.421900000000006
COc1c(Br)cc(Br)cc1COCC(c1ccccc1)N1CCNCC1,8.1,4.383300000000004
O=C(O)CO/N=C(\COCc1cc(C(F)(F)F)cc(C(F)(F)F)c1)C(CCN1CCC(O)(c2ccccc2)CC1)c1ccc(Cl)c(Cl)c1,8.1,8.162300000000005
CCCCCN(CCCCC)C(=O)N1CCN(C(=O)N(c2ccccc2)c2cccc(Cl)c2)[C@H](C(=O)NCCCN(CC)CC)C1,8.1,7.234800000000009
N[C@H]1CC[C@H](OCc2cc(C(F)(F)F)cc(C(F)(F)F)c2)[C@@H]1c1ccccc1,8.1,5.514300000000004
NC(=O)CN[C@H](COCc1cc(C(F)(F)F)cc(C(F)(F)F)c1)c1ccccc1,8.1,4.057000000000003
CO/N=C(\COCc1cc(C(F)(F)F)cc(C(F)(F)F)c1)C(CCN1CCC(C(N)=O)CC1)c1ccc(Cl)c(Cl)c1,8.1,6.921200000000005
NC(=O)CN1CCN([C@H](COCc2cc(C(F)(F)F)cc(C(F)(F)F)c2)c2ccccc2)CC1,8.1,4.0850000000000035
FC(F)(F)c1cc(COCC(c2cccs2)N2CCNCC2)cc(C(F)(F)F)c1,8.1,4.948800000000003
CC(=O)N[C@@H](Cc1csc2ccccc12)C(=O)OCc1cc(C(F)(F)F)cc(C(F)(F)F)c1,8.1,5.729500000000003
CC(=O)O.Cc1cc(F)ccc1[C@@H]1CNCCN1C(=O)N(C)[C@H](C)c1cc(C(F)(F)F)cc(C(F)(F)F)c1,8.09,6.021920000000006
FC(F)(F)c1cc(CO[C@H]2CC[C@@H](CN3CCOCC3)[C@@H]2c2ccccc2)cc(C(F)(F)F)c1,8.09,6.135400000000005
COc1ccccc1CN(CC(Cc1ccccc1)NC(=O)CN1CCN(c2ccccc2)CC1)C(C)=O,8.08,3.5934000000000026
NC(=O)CN[C@H]1CC[C@H](OCc2cc(C(F)(F)F)cc(C(F)(F)F)c2)[C@@H]1c1ccccc1,8.08,4.630500000000004
Cc1cc2c(-c3ccccc3)c(C(=O)N(C)Cc3cc(C(F)(F)F)cc(C(F)(F)F)c3)n(C)c(=O)c2cc1C,8.08,7.132140000000006
O=C(c1cc(C(F)(F)F)cc(C(F)(F)F)c1)N1CCC2(CC1)C1C(=O)N(c3ccccc3)C(=O)C1CN2C(=O)CN1CCOCC1,8.08,3.6792000000000025
COc1cc(COC2C3CCN(CC3)C2C(c2ccccc2)c2ccccc2)cc(OC)c1,8.08,5.515300000000006
COc1ccccc1CN(CC(Cc1c[nH]c2ccccc12)NC(=O)Cc1ccc2c(c1)OCCO2)C(C)=O,8.08,4.2664000000000035
COc1ccc(OC(F)(F)F)cc1CN[C@H]1CCNC[C@H]1c1ccccc1.Cl.Cl,8.08,4.672700000000005
Cc1ccccc1-c1ccncc1C(=O)N(C)Cc1cc(C(F)(F)F)cc(C(F)(F)F)c1,8.07,6.366820000000003
Cc1ccc(-c2c3n(c(=O)c4ncccc24)CC[C@H](C)CN(Cc2cc(C(F)(F)F)cc(C(F)(F)F)c2)C3=O)cc1,8.07,7.091720000000006
CN(C(=O)c1cc(C(F)(F)F)cc(C(F)(F)F)c1)[C@@H](/C=C/C(=O)N[C@H]1CCCCNC1=O)Cc1ccc(Cl)c(Cl)c1,8.06,6.055400000000005
NC(=O)[C@H](Cc1ccccc1)NC(=O)[C@H](Cc1ccccc1)NC(=O)[C@@H]1CCCN1C(=O)[C@@H](N)Cc1ccc(O)cc1,8.06,1.1933000000000016
CN1CCC(COCc2cc(C(F)(F)F)cc(C3CC3(C)C)n2)(c2ccc(F)cc2)CC1,8.06,5.9332000000000065
Cc1cc(F)ccc1N1CCNCC1C(=O)N(C)Cc1cc(C(F)(F)F)cc(C(F)(F)F)c1,8.06,4.608520000000004
COc1cc(C(=O)Nc2cc(C(=O)NC3CCCCC3)ccc2-c2ccc(Cl)cc2)cc(OC)c1OC,8.05,6.347600000000007
CCCCCN(CCCCC)C(=O)N1CCN(C(=O)N(c2ccccc2)c2ccccc2)[C@H](C(=O)NCCN(C)Cc2ccccc2OC)C1,8.05,6.990100000000008
CN(Cc1cc(C(F)(F)F)cc(C(F)(F)F)c1)C(=O)c1c(CN)nc2ccccc2c1-c1ccccc1,8.05,6.670300000000005
Cc1cc(C)cc(C(=O)N2CC[C@H](NCc3ccnc4ccccc34)C[C@H]2Cc2ccc(Cl)c(Cl)c2)c1,8.05,7.164140000000007
Cc1cc(C)cc(COCC2(c3ccccc3)CCNCC2)c1,8.05,4.141440000000003
CCCCCN(CCCCC)C(=O)N1CCN(C(=O)N(c2ccccc2)c2ccccc2)[C@H](C(=O)NCCNCc2ccccc2OC)C1,8.05,6.647900000000007
O=C(N[C@H]1CCN(C(=O)c2cc(C(F)(F)F)cc(C(F)(F)F)c2)[C@H](Cc2ccccc2)C1)c1cc(O)nc2ccccc12,8.05,6.623900000000006
CN(CC(c1ccc2c(c1)OCCO2)N1CCC(N2CCCCC2)CC1)C(=O)Cc1cc(C(F)(F)F)cc(C(F)(F)F)c1,8.05,6.187900000000007
O=C(N[C@@H](Cc1ccccc1)c1nnc(-c2ccccc2)o1)OCc1ccccc1,8.05,4.946800000000004
CO/N=C(\CN(C)C(=O)c1cc(C)nc(C)c1)C(CCN1CCC(O)(c2ccccc2)CC1)c1ccc(Cl)c(Cl)c1,8.05,6.237140000000009
Cn1nnnc1C1CC2(c3ccccc3)NC1CCC2OCc1cc(C(F)(F)F)cc(C(F)(F)F)c1,8.05,4.967900000000004
NC(=O)CN[C@@H](COCc1cc(C(F)(F)F)cc(C(F)(F)F)c1)[C@H](CCN1CCC(O)(c2ccccc2)CC1)c1ccc(Cl)c(Cl)c1,8.05,7.148600000000007
CN(Cc1cc(C(F)(F)F)cc(C(F)(F)F)c1)C(=O)c1c(-c2ccccc2)c2ccccc2n2cnnc12,8.05,6.859300000000004
CO/N=C(\COCc1cc(C(F)(F)F)cc(C(F)(F)F)c1)C(CCN1CCN(CC(=O)N2CCC(NC(C)=O)C2)CC1)c1ccc(Cl)c(Cl)c1,8.05,6.078500000000006
COc1ccccc1N1CCN(C(=O)CCc2c(-c3ccc(Cl)cc3)[nH]c3ccc(OC(F)(F)F)cc23)CC1,8.05,6.676900000000005
CO/N=C(\COCc1cc(C(F)(F)F)cc(C(F)(F)F)c1)C(CCN1CCC(N2CCCC2=O)CC1)c1ccc(Cl)c(Cl)c1,8.05,7.810700000000007
COc1ccc(CN[C@H]2C3CCN(CC3)[C@H]2c2cccc(Cl)c2)c(OC)c1,8.04,4.282300000000004
COc1ccccc1CN(CC(Cc1c[nH]c2ccccc12)NC(=O)CN1CCN(c2ccccc2)CC1)C(=O)CC(=O)O,8.04,3.5295000000000023
CC1CC1c1cc(C(F)(F)F)cc(COCC2(c3ccc(F)cc3)CCN(C)CC2)n1,8.04,5.543100000000006
CN(C(=O)[C@@H](N)Cc1ccccc1)[C@@H](Cc1ccccc1)C(N)=O,8.03,1.111399999999999
Cc1cc(C)cc(COCC(N)C(c2ccccc2)c2ccccc2)c1,8.03,4.979440000000004
C[C@H](NC(=O)[C@@H]1CCCN1C(=O)[C@@H](N)Cc1ccc(O)cc1)C(=O)N[C@@H](Cc1ccccc1)C(N)=O,8.03,-0.029499999999995752
COc1ccc(CN2CCC(=O)C(C(c3ccc(F)cc3)c3ccc(F)cc3)C2)c(OC)c1.Cl,8.02,5.626900000000006
Cc1ccc(-c2c3n(c(=O)c4ncccc24)C[C@H](C)CN(Cc2cc(C(F)(F)F)cc(C(F)(F)F)c2)C3=O)cc1,8.02,6.7016200000000055
Cc1cc(Br)cc(COCC(N)C(c2ccccc2)c2ccccc2)c1,8.01,5.433520000000004
COc1ccc(CC(=O)NC(Cc2c[nH]c3ccccc23)CN(Cc2ccccc2OC)C(C)=O)cc1,8.01,4.5038000000000045
NC(=O)N[C@H]1CC[C@H](OCc2cc(C(F)(F)F)cc(C(F)(F)F)c2)[C@@H]1c1ccccc1,8.01,5.223900000000003
COc1ccc(F)cc1[C@H]1COCC2(C1)OCCN[C@H]2c1ccc(F)cc1,8.0,3.577200000000002
CN(Cc1cc(C(F)(F)F)cc(C(F)(F)F)c1)C(=O)N1CC(=O)Nc2ccccc2C1c1ccccc1,8.0,6.3197000000000045
CO/N=C(\COCc1cc(Br)cc(Br)c1)C(CCN1CCC(O)(c2ccccc2)CC1)c1ccc(Cl)c(Cl)c1,8.0,8.194900000000006
COc1cccc(C(CN(C)C(=O)Cc2cc(C(F)(F)F)cc(C(F)(F)F)c2)N2CCC(N3CCCCC3)CC2)c1OC,8.0,6.4339000000000075
NC(=O)CN1CCN([C@@H](COCc2cc(C(F)(F)F)cc(C(F)(F)F)c2)c2ccccc2)CC1,8.0,4.0850000000000035
C[C@H](NC(=O)[C@@](C)(Cc1c[nH]c2ccccc12)NC(=O)OCc1ccc2ccccc2c1)c1ccccc1,8.0,6.426100000000006
CS(=O)(=O)NC1CCN(C2CN(CCC3(c4ccc(Cl)c(Cl)c4)CCC(=O)N(CC4CC4)C3)C2)CC1,8.0,3.3515000000000033
CSN1CC2(CCN(C(=O)N[C@@H](Cc3c[nH]c4ccccc34)C(=O)N(C)Cc3cc(C)cc(C)c3)CC2)c2ccccc21,8.0,6.195840000000006
CN(C)S(=O)(=O)N1CCN(C2CN(CCC3(c4ccc(Cl)c(Cl)c4)CCC(=O)N(CC4CC4)C3)C2)CC1,8.0,2.7619000000000025
O=C1CCC(CCN2CC(N3CCOC(c4ccccc4)C3)C2)(c2ccc(Cl)c(Cl)c2)CN1Cc1ccccc1,8.0,6.201600000000006
CO/N=C(\CN(C)C(=O)c1ccc(C)s1)C(CCN1CCC(O)(c2ccccc2)CC1)c1ccc(Cl)c(Cl)c1,8.0,6.595220000000008
Cn1nnnc1CN[C@H](COCc1cc(C(F)(F)F)cc(C(F)(F)F)c1)c1ccccc1,8.0,4.2954000000000025
O=C(N[C@H]1CCN(C(=O)c2cc(Cl)cc(Cl)c2)[C@H](Cc2ccccc2)C1)c1ccnc2ccccc12,8.0,6.187500000000005
CN(CCc1cc(C(F)(F)F)cc(C(F)(F)F)c1)C(=O)CC(c1ccccc1)c1ccccc1,8.0,6.9473000000000065
CO/N=C(\COCc1cc(C(F)(F)F)cc(C(F)(F)F)c1)C(CCN1CCC(CN2CCCCC2=O)CC1)c1ccc(Cl)c(Cl)c1,8.0,8.448400000000005
CN(C(=O)c1cc(C(F)(F)F)cc(C(F)(F)F)c1)[C@@H](/C=C/C(=O)NCCN1CCCCC1)Cc1ccc(Cl)cc1,8.0,6.219200000000007
NC(=O)CN[C@H]1CCN(C(=O)c2cc(C(F)(F)F)cc(C(F)(F)F)c2)[C@H](Cc2ccccc2)C1,8.0,4.015000000000003
COc1ccccc1[C@H](C)C(=O)N1CC2[C@@H](C1)C(c1ccccc1)(c1ccccc1)CC[S+]2[O-],8.0,4.764400000000005
O=C(O)CCCCN1CCN(C(COCc2cc(C(F)(F)F)cc(C(F)(F)F)c2)c2ccccc2)CC1,8.0,5.854600000000006
COc1ccc(OCC(=O)NC(Cc2c[nH]c3ccccc23)CN(Cc2ccccc2OC)C(C)=O)cc1,7.99,4.340100000000004
C[C@H](NC(=O)[C@@H](N)Cc1ccc(O)cc1)C(=O)N[C@@H](Cc1ccccc1)C(=O)N[C@@H](Cc1ccccc1)C(N)=O,7.99,0.7070000000000026
CC(C)C[C@H](N)C(=O)N[C@@H](Cc1ccccc1)C(N)=O,7.99,0.5726000000000003
COc1ccccc1CN(CC(Cc1c[nH]c2ccccc12)NC(=O)CSc1ccccn1)C(C)=O,7.97,4.4398000000000035
NC(COCc1cc(C(F)(F)F)cc(C(F)(F)F)c1)C(c1ccccc1)c1ccccc1,7.97,6.400200000000005
N[C@H](COCc1cc(C(F)(F)F)cc(C(F)(F)F)c1)C(c1ccccc1)c1ccccc1,7.97,6.400200000000005
CCCCCN(CCCCC)C(=O)N1CCN(C(=O)N(c2ccccc2)c2ccccc2)[C@H](C(=O)NCCN(CC)CC)C1,7.96,6.191300000000006
COc1ccccc1CN(CC(Cc1ccc2ccccc2c1)NC(=O)CN1CCN(c2ccccc2)CC1)C(C)=O,7.96,4.7466000000000035
N[C@@H]1CC[C@@](COCc2cc(C(F)(F)F)cc(C(F)(F)F)c2)(c2ccccc2)C1,7.96,5.690000000000004
CN(Cc1cc(C(F)(F)F)cc(C(F)(F)F)c1)C(=O)[C@H]1CN(C(=O)OC(C)(C)C)C[C@@H]1c1ccccc1,7.96,6.333300000000006
Cc1cc(C)cc(C(=O)N2CCN(C(=O)CNC3CCN(C(=O)[C@H](N)Cc4ccccc4)CC3)[C@H](c3ccc(Cl)c(Cl)c3)C2)c1,7.96,4.786540000000006
NC(=O)[C@H](Cc1ccccc1)NC(=O)[C@H](Cc1ccccc1)NC(=O)[C@@H]1CCCN1,7.96,0.6787
CN(C)CCCOC(=O)N[C@H]1CCN(C(=O)c2cc(C(F)(F)F)cc(C(F)(F)F)c2)[C@H](Cc2ccccc2)C1,7.96,5.6180000000000065
CSCC[C@H](NC(=O)[C@H](CC(C)C)NC(=O)CN1CCCNC(=O)CCCC(=O)N[C@H](CCCN=C(N)N)C(=O)N[C@@H](Cc2ccccc2)C(=O)N[C@H](Cc2ccccc2)C1=O)C(N)=O,7.96,-0.24730000000000307
FC(F)(F)c1cc(Cl)nc(COCC2(c3ccccc3)CCNCC2)c1,7.96,4.5918000000000045
Cc1cc(C)cc(COCC(NC=O)C(c2ccccc2)c2ccccc2)c1,7.96,4.766740000000004
CN1CCC(COCc2cc(C(F)(F)F)cc(C3CC3)n2)(c2ccc(Cl)cc2)CC1,7.96,5.811400000000006
CN(C(=O)C(C)(C)c1cc(C(F)(F)F)cc(C(F)(F)F)c1)c1cnc(N2CCCC[C@H]2CO)cc1-c1ccccc1Cl,7.96,7.731400000000008
CCN1CCC[C@@](COCc2cc(C(F)(F)F)cc(C(F)(F)F)c2)(c2ccccc2)CC1,7.96,6.684600000000007
Oc1ccc(OC(F)(F)F)cc1CN[C@H]1CCCN[C@H]1c1ccccc1,7.96,3.873700000000002
CC1(Cc2c[nH]c3ccccc23)OC(=O)N(Cc2cc(C(F)(F)F)cc(C(F)(F)F)c2)C1=O,7.96,5.685700000000003
CS(=O)(=O)N1CC2(CCN(C(=O)[C@H](COCc3cccc(Cl)c3)NCc3ccc(Cl)c(Cl)c3)CC2)c2ccccc21,7.96,5.661800000000007
COCc1nc2ccccc2c(-c2ccccc2)c1C(=O)N(C)Cc1cc(C(F)(F)F)cc(C(F)(F)F)c1,7.96,7.358000000000005
Cc1cc(C)cc(C(=O)N2CC[C@H](NCc3ccnc4ccccc34)C[C@H]2Cc2ccc(C(F)(F)F)cc2)c1,7.96,6.876140000000007
NC(COCc1cc(Cl)cc(Cl)c1)C(c1ccccc1)c1ccccc1,7.95,5.669400000000004
C[C@@H](N)C(=O)N1CCC[C@H]1C(=O)N[C@@H](Cc1ccccc1)C(=O)N[C@@H](Cc1ccccc1)C(N)=O,7.94,0.2649000000000049
Cc1ccccc1C[C@H](NC(=O)[C@@H](N)Cc1ccccc1)C(N)=O,7.94,1.0776199999999996
COc1ccccc1C(C1CCCCN1C(=O)c1cc(C(F)(F)F)cc(C(F)(F)F)c1)N1CCC(N2CCCCC2)CC1,7.92,7.419100000000009
CN(C(=O)c1cc(C(F)(F)F)cc(C(F)(F)F)c1)[C@@H](/C=C/C(=O)NC1CCCCCC1)Cc1ccc(Cl)cc1,7.92,7.456100000000006
CN(CCc1cc(C(F)(F)F)cc(C(F)(F)F)c1)C(=O)C(Cc1c[nH]c2ccccc12)N1CCN(C2CCCCC2)CC1,7.92,6.768000000000008
COc1ccc(C(CN(C)C(=O)Cc2cc(C(F)(F)F)cc(C(F)(F)F)c2)N2CCC(N3CCCCC3)CC2)c(OC)c1OC,7.92,6.442500000000007
Cc1cc(C)cc(C(=O)N2CCC(NCc3cccc4ccccc34)CC2Cc2ccccc2)c1,7.92,6.462340000000006
COc1cc(CC(=O)N[C@H]2CCN(C(=O)c3cc(C)cc(C)c3)[C@H](Cc3ccccc3)C2)cc(OC)c1,7.92,4.895440000000004
Cc1cc(C)cc(C(=O)N2CC[C@H](NCc3ccnc4ccccc34)C[C@H]2Cc2ccccc2)c1,7.92,5.857340000000006
CS(=O)(=O)N1CC2(CCN(C(=O)C(COCc3ccccc3)NCc3ccc(Cl)c(Cl)c3)CC2)c2ccccc21,7.92,5.008400000000005
CN(CC(c1cccc2c1OCO2)N1CCC(N2CCCCC2)CC1)C(=O)Cc1ccccc1Cl,7.92,4.761200000000004
CO/N=C(\CN(C)C(=O)c1ccc(N(C)C)c2ccccc12)C(CCN1CCC(O)(c2ccccc2)CC1)c1ccc(Cl)c(Cl)c1,7.92,7.44450000000001
CC(=O)NCC(=O)N1CC[C@@H](C(=O)N(C)Cc2cc(C(F)(F)F)cc(C(F)(F)F)c2)[C@H](c2ccccc2)C1,7.92,4.451000000000003
CC(C)c1cc(C(F)(F)F)cc(COCC2(c3ccc(F)cc3)CCN(C)CC2)n1,7.92,5.543100000000006
CN1CCC(COCc2cc(C(F)(F)F)cc(Cl)n2)(c2ccccc2)CC1,7.92,4.934000000000005
COc1ccccc1CN[C@H]1C2CC[N+](C)(CC2)[C@H]1C(c1ccccc1)c1ccccc1.[I-],7.91,2.2283
O=C1CCC(CCN2CC(N3CCNCC3)C2)(c2ccc(Cl)c(Cl)c2)CN1CC1CC1,7.9,3.243100000000002
CN(Cc1ccccc1)C(=O)[C@H](Cc1ccc2ccccc2c1)NC(=O)[C@@H]1CCCC[C@@H]1NC(=O)c1c[nH]c2ccccc12,7.9,5.995800000000005
Brc1cc(Br)cc(COC[C@@H](c2ccccc2)N2CCNCC2)c1,7.9,4.374700000000004
Fc1cc(COCC(c2ccccc2)N2CCNCC2)cc(C(F)(F)F)c1,7.9,4.007600000000003
CCNC(COCc1cc(C)cc(C)c1)C(c1ccccc1)c1ccccc1,7.9,5.630240000000005
FC(F)(F)c1cc(CNCC2(c3ccccc3)CCNCC2)cc(C(F)(F)F)c1,7.9,5.135200000000004
Cc1cc(F)ccc1-c1cc(N2CC(F)(F)C[C@H]2CO)ncc1N(C)C(=O)C(C)(C)c1cc(C(F)(F)F)cc(C(F)(F)F)c1,7.9,7.380620000000007
CC(C)N1CCN(C(=O)CCc2c(-c3ccc(Cl)cc3)n(C)c3ccc(Cl)cc23)CC1,7.89,5.637300000000006
CCCCCN(CCCCC)C(=O)[C@H]1CCN(C(=O)N(c2ccccc2)c2ccccc2)[C@H](C(=O)NCCNCC(N)=O)C1,7.89,4.4254000000000016
CO/N=C(\CN(C)C(=O)c1cc(OC)c(OC)c(OC)c1)C(CCN1CCC(O)(c2ccccc2)CC1)c1ccc(Cl)c(Cl)c1,7.89,6.251100000000008
C=CCC1CCCN(CC2CCN(CCC(/C(COCc3cc(C(F)(F)F)cc(C(F)(F)F)c3)=N/OC)c3ccc(Cl)c(Cl)c3)CC2)C1=O,7.89,9.2506
COc1cc(C(=O)N(C)c2cc(C(=O)N[C@@H]3CCCCNC3=O)ccc2-c2ccc(Cl)cc2)cc(OC)c1OC,7.89,4.707900000000004
CO/N=C(\COCc1cc(C(F)(F)F)cc(C(F)(F)F)c1)C(CCN1CCC(N2CCC[C@H]2C(N)=O)CC1)c1ccc(Cl)c(Cl)c1,7.89,7.138000000000007
N[C@H](COCc1cc(C(F)(F)F)cc(C(F)(F)F)c1)c1ccccc1,7.89,4.940800000000003
COc1ccccc1CNCc1c(-c2ccccc2)c2cc(C)c(C)cc2c(=O)n1C,7.89,5.120740000000004
CN1CCC(COCc2cc(C(F)(F)F)cc(N3CCC(C#N)CC3)n2)(c2ccc(F)cc2)CC1,7.89,5.159680000000005
COc1cccc2cc(COC(=O)N[C@](C)(Cc3c[nH]c4ccccc34)C(=O)N[C@@H](C)c3ccccc3)oc12,7.89,6.027700000000006
COc1ccccc1N1CCN(C(=O)[C@H](COCc2ccc(Cl)c(Cl)c2)NCc2ccccc2)CC1,7.89,5.025800000000004
CN(Cc1nnnn1C)[C@H](COCc1cc(C(F)(F)F)cc(C(F)(F)F)c1)c1ccccc1,7.89,4.637600000000004
CO/N=C(\COCc1cc(C(F)(F)F)cc(C(F)(F)F)c1)C(CCN1CCN(CC(=O)N2CCCC(O)C2)CC1)c1ccc(Cl)c(Cl)c1,7.89,6.324800000000008
CO/N=C(\COCc1cc(C(F)(F)F)cc(C(F)(F)F)c1)C(CCN1CCC(CN2CCCCC2CCO)CC1)c1ccc(Cl)c(Cl)c1,7.89,8.672800000000004
COc1ccccc1[C@H]1COCC2(C1)OCCN[C@H]2c1ccc(F)cc1,7.89,3.4381000000000013
O=C(CN(N1CCC(O)(c2ccccc2)CC1)N1CCC(O)(c2ccccc2)CC1)N1CCN(Cc2cc(C(F)(F)F)cc(C(F)(F)F)c2)CC1c1ccccc1,7.89,7.208900000000009
CS(=O)(=O)N1CC2(CCN(C(=O)[C@H](CSCc3ccc(Cl)c(Cl)c3)NCc3ccccc3)CC2)c2ccccc21,7.89,5.725000000000006
CO/N=C(\COCc1cc(C(F)(F)F)cc(C(F)(F)F)c1)C(CCN1CCN(CC(=O)N2CC[C@@H](CO)C2)CC1)c1ccc(Cl)c(Cl)c1,7.89,6.182300000000008
CO/N=C(\COCc1cc(C(F)(F)F)cc(C(F)(F)F)c1)C(CCN1CCC(N2CCCC(C(N)=O)C2)CC1)c1ccc(Cl)c(Cl)c1,7.89,7.385600000000007
O=C(CCC(=O)N(c1ccccc1)C1CCN(CCc2ccccc2)CC1)N[C@@H](Cc1c[nH]c2ccccc12)C(=O)OCc1cc(C(F)(F)F)cc(C(F)(F)F)c1,7.89,8.496700000000004
CN(Cc1cc(C(F)(F)F)cc(C(F)(F)F)c1)C(=O)[C@H]1CN(C(=O)N2CCCCC2)C[C@@H]1c1ccccc1,7.89,6.0041000000000055
Cc1cc(C)cc(C(=O)N2CC[C@H](NCc3ccnc4ccccc34)C[C@H]2Cc2ccc(Cl)cc2)c1,7.89,6.510740000000007
COc1ccccc1[C@H](C)C(=O)N1C[C@@H]2[C@H](C1)C(c1ccccc1)(c1ccccc1)CC[C@@]2(O)c1ccccc1OC,7.886056647693163,6.549800000000008
NC(COCc1cc(Br)cc(Br)c1)C(c1ccccc1)c1ccccc1,7.88,5.887600000000004
CC[C@H](C)[C@H](NC(=O)[C@H](Cc1ccccc1)NC(=O)[C@H](CO)NC(=O)[C@H](C)NC(=O)[C@@H]1CCCN1C(=O)[C@H](CC(N)=O)NC(=O)[C@@H](N)Cc1c[nH]cn1)C(=O)NCC(=O)N[C@@H](CC(C)C)C(=O)N[C@@H](CCSC)C(N)=O,7.87,-3.7588000000000203
NC(COCc1cc(C(F)(F)F)cc(C(F)(F)F)c1)c1ccccc1,7.87,4.940800000000003
CN(Cc1ccccc1)C(=O)[C@H](Cc1cccc2ccccc12)NC(=O)[C@@H]1CCCN1/C(S)=N/Cc1ccccc1Cl,7.86,6.129500000000007
Cc1cc(COC[C@@H](N)c2ccccc2)cc(C(C)(C)C)c1,7.86,4.509120000000003
CN1CCC[C@H](OCc2cc(C(F)(F)F)cc(C(F)(F)F)c2)[C@@H]1c1ccccc1,7.85,6.076300000000005
CO/N=C(\COCc1cc(C(F)(F)F)cc(C(F)(F)F)c1)C(CCN1CCC(N2CCCCC2CO)CC1)c1ccc(Cl)c(Cl)c1,7.85,8.035100000000007
COc1ccc(C[C@@H]2C[C@@H](NCc3ccnc4ccccc34)CCN2C(=O)c2cc(C)cc(C)c2)cc1,7.85,5.865940000000006
Cc1cc(C)cc(COC[C@@H](C(c2ccccc2)c2ccccc2)N(C)C)c1,7.85,5.5823400000000065
CO/N=C(\COCc1cc(C(F)(F)F)cc(C(F)(F)F)c1)C(CCN1CCC(CN2CCOCC2)CC1)c1ccc(Cl)c(Cl)c1,7.85,7.7681000000000076
CSN1CC2(CCN(C(=O)N[C@@H](Cc3c[nH]c4ccccc34)C(=O)N(C)Cc3ccccc3)CC2)c2ccccc21,7.85,5.579000000000005
FC(F)(F)c1cc(COCC2(c3ccccc3)CCC(N3CCCC3)C2)cc(C(F)(F)F)c1,7.85,6.827100000000005
CCNC1CCC(COCc2cc(C(F)(F)F)cc(C(F)(F)F)c2)(c2ccccc2)CC1,7.85,6.730900000000006
O=C(Cc1cc(C(F)(F)F)cc(C(F)(F)F)c1)NCC(c1cccc2ccccc12)N1CCC(N2CCCCC2)CC1,7.85,7.2277000000000085
CO/N=C(\COCc1cc(C(F)(F)F)cc(C(F)(F)F)c1)C(CCN1CCN(CC(=O)N2CC[C@H](CO)C2)CC1)c1ccc(Cl)c(Cl)c1,7.85,6.182300000000008
CO/N=C(\COCc1cc(C(F)(F)F)cc(C(F)(F)F)c1)C(CCN1CCN(CC(=O)N2CCCC2)CC1)c1ccc(Cl)c(Cl)c1,7.85,6.963900000000008
Cc1cc(C)cc(C(=O)N2CC[C@H](NCc3ccnc4ccccc34)C[C@H]2Cc2ccc3ccccc3c2)c1,7.85,7.010540000000007
Cl.O=C1CCN(Cc2ccccc2-c2ccccc2)CC1C(c1ccc(F)cc1)c1ccc(F)cc1,7.85,7.276700000000005
CO/N=C(\COCc1cc(C(F)(F)F)cc(C(F)(F)F)c1)C(CCN1CCC(CN2CCCC(CC3CC3)C2=O)CC1)c1ccc(Cl)c(Cl)c1,7.85,9.474599999999999
CN(CCc1cc(C(F)(F)F)cc(C(F)(F)F)c1)C(=O)C(c1ccccc1)c1ccccc1,7.85,6.557200000000006
CSCC[C@H](NC(=O)[C@H](CC(C)C)NC(=O)CNC(=O)[C@H](Cc1ccc(O)cc1)NC(=O)[C@H](Cc1ccccc1)NC(=O)[C@H](CO)NC(=O)[C@H](CC(=O)O)NC(=O)[C@H](CO)NC(=O)[C@H](CCCCN)NC(=O)[C@@H](N)Cc1ccc(O)cc1)C(N)=O,7.85,-3.679600000000022
CC(C)C[C@H](NC(=O)[C@@H]1CCCN1C(=O)[C@H](Cc1ccccc1)NC(=O)CNC(=O)[C@@H](C)NC(=O)[C@@H](N)Cc1ccc(O)cc1)C(=O)N[C@@H](Cc1c[nH]c2ccccc12)C(=O)NCc1ccccc1,7.85,2.6575000000000104
CN(CCc1cc(C(F)(F)F)cc(C(F)(F)F)c1)CC(c1ccccc1)N1CCC(N2CCCCC2)CC1,7.85,6.890100000000009
CO/N=C(\COCc1cc(C(F)(F)F)cc(C(F)(F)F)c1)C(CCN1CCN(CC(=O)N2CCC(N(C)C)C2)CC1)c1ccc(Cl)c(Cl)c1,7.85,6.5040000000000076
COc1ccccc1N1CCN(C(=O)CCc2c(-c3ccc(Cl)cc3)[nH]c3c(Cl)cc(Cl)cc23)CC1,7.85,7.085100000000005
COc1ccc(NC(C)=O)cc1CN1CCC(=O)C(C(c2ccccc2)c2ccccc2)C1,7.82,4.876700000000005
Cc1onc(-c2c(Cl)cccc2Cl)c1/C=N/Nc1c(Cl)cncc1Cl,7.82,6.104620000000002
Cc1cc(C)cc(C(=O)N2CC[C@H](NC(=O)c3ccnc4ccccc34)C[C@H]2Cc2ccccc2)c1,7.82,5.497540000000005
O=C(COCc1cc(C(F)(F)F)cc(C(F)(F)F)c1)C(CCN1CCC(O)(c2ccccc2)CC1)c1ccc(Cl)c(Cl)c1,7.82,8.274200000000006
Cc1cc(C)cc(C(=O)N2CC[C@H](NCCc3ccccc3)C[C@H]2Cc2ccccc2)c1,7.82,5.351640000000005
CC(=O)Nc1ccc(CN2CCC(NCC(=O)N3CCN(C(=O)c4cc(C)cc(C)c4)C[C@H]3c3ccc(Cl)c(Cl)c3)CC2)cc1,7.82,5.848540000000007
COC(=O)Cn1c(-c2ccc(Cl)cc2)c(CCC(=O)N2CCN(c3ccccc3OC)CC2)c2cc(Cl)ccc21,7.82,6.078100000000006
CC(C)C1CCN(C2CCN(C(CN(C)C(=O)Cc3cc(C(F)(F)F)cc(C(F)(F)F)c3)c3ccc(Cl)c(Cl)c3)CC2)CC1,7.82,8.605600000000004
COc1ccccc1C(CNC(=O)Cc1cc(C)cc(C)c1)N1CCN(C2CCCCC2)CC1,7.82,4.662340000000005
C[C@@H](O)[C@@H]1NC(=O)[C@H](Cc2ccccc2)NC(=O)[C@@H](Cc2c[nH]c3ccccc23)NC(=O)[C@H](Cc2cccc3ccccc23)NC(=O)[C@@H]2CCCN2C(=O)[C@H](Cc2ccccc2)NC1=O,7.82,3.401100000000003
Cn1nnc(CN[C@H](COCc2cc(C(F)(F)F)cc(C(F)(F)F)c2)c2ccccc2)n1,7.82,4.2954000000000025
N#CO/N=C(\COCc1cc(C(F)(F)F)cc(C(F)(F)F)c1)C(CCN1CCC(O)(c2ccccc2)CC1)c1ccc(Cl)c(Cl)c1,7.82,8.558780000000004
CN(Cc1cc(C(F)(F)F)cc(C(F)(F)F)c1)C(=O)c1c(CO)nc2ccccc2c1-c1ccccc1,7.8,6.703900000000005
CCOc1ccccc1CN[C@H]1C2CCN(CC2)[C@H]1C(c1ccccc1)c1ccccc1,7.8,5.4698000000000055
FC(F)(F)c1cc(COC[C@]2(c3ccccc3)CCCCNC2)cc(C(F)(F)F)c1,7.8,5.952300000000004
COc1ccccc1CC(=O)N(C)CC(c1cccc2c1OCO2)N1CCC(N2CCCCC2)CC1,7.8,4.116400000000003
CN(Cc1nnn(C)n1)[C@H](COCc1cc(C(F)(F)F)cc(C(F)(F)F)c1)c1ccccc1,7.8,4.637600000000004
FC(F)(F)c1cc(COCC(c2ccccc2)N2CCN(CCN3CCOCC3)CC2)cc(C(F)(F)F)c1,7.8,4.931900000000005
CN(C(=O)C(C)(C)c1cc(C(F)(F)F)cc(C(F)(F)F)c1)[C@H](C(=O)NCCN1CCOCC1)c1ccccc1,7.8,4.649900000000004
Cc1cc2c(-c3ccccc3)c(NC(=O)N(C)Cc3ccccc3)n(C)c(=O)c2cc1C,7.8,5.486240000000005
COc1ccccc1CN(C)C(=O)c1c(-c2ccccc2C)c2ccccc2c(=O)n1C,7.8,4.794720000000004
O=C(O)CN1CCN(C(COCc2cc(C(F)(F)F)cc(C(F)(F)F)c2)c2ccccc2)CC1,7.8,4.684300000000005
Oc1n[nH]c(CN2CCN(C(COCc3cc(C(F)(F)F)cc(C(F)(F)F)c3)c3ccccc3)CC2)n1,7.8,4.623600000000004
CN(C(=O)c1cc(C(F)(F)F)cc(C(F)(F)F)c1)[C@H](/C=C/C(=O)N[C@@H]1CCCCNC1=O)Cc1ccc(Cl)cc1,7.8,5.4020000000000055
CCOC(=O)C1CCCN(CC2CCN(CCC(/C(COCc3cc(C(F)(F)F)cc(C(F)(F)F)c3)=N/OC)c3ccc(Cl)c(Cl)c3)CC2)C1,7.8,8.711000000000004
FC(F)(F)c1ccc(COCC(c2ccccc2)N2CCNCC2)c(C(F)(F)F)c1,7.8,4.887300000000005
O=C(O)COCCN1CCN(C(COCc2cc(C(F)(F)F)cc(C(F)(F)F)c2)c2ccccc2)CC1,7.8,4.700900000000004
CC(=O)NC1CCN(C2CN(CCC3(c4ccc(Cl)c(Cl)c4)CCC(=O)N(CC4CC4)C3)C2)CC1,7.8,3.938400000000004
CN1CCN(C2CN(CCC3(c4ccc(Cl)c(Cl)c4)CCC(=O)N(Cc4ccccc4)C3)C2)CC1,7.8,4.375500000000004
CNCCNC(=O)[C@@H](Cc1ccccc1)NC(=O)[C@](C)(CCN1CCC2(CC1)OC(=O)N(C)c1ccc(F)cc12)c1ccc(Cl)c(Cl)c1.O=C(O)C(F)(F)F,7.8,6.054400000000007
COc1ccc(OC)c([C@H]2COCC3(C2)OCCN[C@H]3c2ccc(F)cc2)c1,7.8,3.4467000000000017
CO/N=C(\COCc1cc(C(F)(F)F)cc(C(F)(F)F)c1)C(CCN1CCN(CC(=O)N2CCC(O)C2)CC1)c1ccc(Cl)c(Cl)c1,7.8,5.934700000000007
CC(C)Cc1cc(C(F)(F)F)cc(COCC2(c3ccc(F)cc3)CCN(C)CC2)n1,7.8,5.618200000000006
CN1C(=O)OC2(CCN(CCC[C@@](C)(C(=O)N[C@H](Cc3ccccc3)C(=O)NCCO)c3ccc(Cl)c(Cl)c3)CC2)c2cc(F)ccc21,7.8,5.584100000000006
CN(C)C(=O)N(C)[C@@H]1CC[C@H](OCc2cc(C(F)(F)F)cc(C(F)(F)F)c2)[C@H]1c1ccccc1,7.8,6.169000000000007
CO/N=C(\COCc1cc(C(F)(F)F)cc(C(F)(F)F)c1)C(CCN1CCC(N2CCCC2=S)CC1)c1ccc(Cl)c(Cl)c1,7.8,8.611500000000003
FC(F)(F)c1cc(COCC2(c3ccccc3)CCC(NC3CC3)C2)cc(C(F)(F)F)c1,7.8,6.483300000000004
CNC1CCC(COCc2cc(C(F)(F)F)cc(C(F)(F)F)c2)(c2ccccc2)CC1,7.8,6.340800000000005
COc1ccc(COC(=O)N[C@](C)(Cc2c[nH]c3ccccc23)C(=O)N[C@@H](C)c2ccccc2)cc1,7.8,5.281500000000004
N#CNC(=O)[C@H](Cc1ccccc1)NC(=O)OCc1ccccc1,7.78,2.1213799999999994
CN(Cc1ccccc1)C(=O)[C@H](Cc1c[nH]c2ccccc12)NC(=O)[C@@H]1CCCN1/C(S)=N/Cc1ccccc1Cl,7.78,5.457600000000006
CCc1ccccc1CN[C@H]1C2CCN(CC2)[C@H]1C(c1ccccc1)c1ccccc1,7.78,5.633500000000006
CS(=O)(=O)Nc1ccccc1C1CCN(C(=O)[C@H](COCc2ccc(Cl)c(Cl)c2)NCc2ccccc2)CC1,7.77,5.446100000000005
O=C(CN(NC1CCN(Cc2ccccc2)CC1)NC1CCN(Cc2ccccc2)CC1)N1CCN(Cc2cc(C(F)(F)F)cc(C(F)(F)F)c2)CC1c1ccccc1,7.77,7.75010000000001
CCCCCN(CCCCC)C(=O)N1CCN(C(=O)N(c2ccccc2)c2ccccc2)[C@H](C(=O)N(C)CCN(C)Cc2ccccc2OC)C1,7.77,7.332300000000009
Cc1cc(C)cc(COCC(O)C(c2ccccc2)c2ccccc2)c1,7.77,5.013040000000005
CN(Cc1cccc2ccccc12)C(=O)[C@H](Cc1ccccc1)NC(=O)[C@@H]1CCCN1/C(S)=N/Cc1ccccc1Cl,7.77,6.129500000000007
Cc1ccccc1-c1ccccc1C(=O)N(C)Cc1cc(C(F)(F)F)cc(C(F)(F)F)c1,7.77,6.971820000000005
NC(=O)CO/N=C(\COCc1cc(C(F)(F)F)cc(C(F)(F)F)c1)C(CCN1CCC(O)(c2ccccc2)CC1)c1ccc(Cl)c(Cl)c1,7.77,7.563000000000007
N/C(CO/N=C(\COCc1cc(C(F)(F)F)cc(C(F)(F)F)c1)C(CCN1CCC(O)(c2ccccc2)CC1)c1ccc(Cl)c(Cl)c1)=N/O,7.77,7.824100000000007
OC(COCc1cc(C(F)(F)F)cc(C(F)(F)F)c1)C(c1ccccc1)c1ccccc1,7.77,6.433800000000006
O=C(c1cc(C(F)(F)F)cc(C(F)(F)F)c1)N1CC[C@H](NCc2ccnc3ccccc23)C[C@H]1Cc1ccccc1,7.77,7.2781000000000065
CO/N=C(\COCc1cc(C(F)(F)F)cc(C(F)(F)F)c1)C(CCN1CCC(CN2CCCC(OC(=O)NC(C)C)C2)CC1)c1ccc(Cl)c(Cl)c1,7.77,9.034900000000002
CC(C)(C)[Si](C)(C)OCc1nc2ccccc2c(-c2ccccc2)c1C(=O)NCc1cc(C(F)(F)F)cc(C(F)(F)F)c1,7.77,9.3912
C[C@@H](c1ccccc1)[C@H](NC(=O)[C@@H](N)Cc1ccccc1)C(N)=O,7.76,1.3302
Cl.O=C1CCN(Cc2ccccc2[N+](=O)[O-])CC1C(c1ccc(F)cc1)c1ccc(F)cc1,7.75,5.5179000000000045
CS(=O)(=O)N1CC2(CCN(C(=O)[C@H](COCc3ccccc3)NCc3ccc(Cl)c(Cl)c3)CC2)c2ccccc21,7.75,5.008400000000005
CN(C(=O)c1cc(C(F)(F)F)cc(C(F)(F)F)c1)N(CCC(=O)N[C@@H]1CCCCNC1=O)Cc1cc(Br)c(Br)s1,7.75,5.974900000000004
CO/N=C(\COCc1cc(C(F)(F)F)cc(C(F)(F)F)c1)C(CCN1CCC(NC(=O)c2ccccc2)CC1)c1ccc(Cl)c(Cl)c1,7.75,8.618300000000001
CO/N=C(\COCc1cc(C(F)(F)F)cc(C(F)(F)F)c1)C(CCN1CCC(N2CCCCC2=O)CC1)c1ccc(Cl)c(Cl)c1,7.75,8.200800000000006
CSCCC[C@H](NC(=O)[C@H](Cc1ccccc1)NC(=O)[C@H](CCC(N)=O)NC(=O)[C@H](CCC(N)=O)NC(=O)[C@H]1CCCN1C(=O)[C@H](CCCCN)NC(=O)[C@@H]1CCCN1C(=O)[C@@H](N)CCCN=C(N)N)C(=O)NCC(=O)N[C@@H](CC(C)C)C(=O)N[C@@H](CCSC)C(N)=O,7.75,-3.8104999999999976
CN(C(=O)c1cc(C(F)(F)F)cc(C(F)(F)F)c1)[C@H](/C=C/C(=O)N[C@H]1CCCCNC1=O)Cc1ccc(Cl)c(Cl)c1,7.74,6.055400000000005
CN(Cc1ccccc1)C(=O)[C@H](Cc1ccc2ccccc2c1)NC(=O)[C@@H]1CCCN1C(=O)Nc1ccccc1C(F)(F)F,7.74,6.241000000000006
Cc1ccc(COC(=O)N[C@](C)(Cc2c[nH]c3ccccc23)C(=O)N[C@@H](C)c2ccccc2)cc1C,7.74,5.889740000000005
Cc1cc(F)ccc1[C@@H]1CNCCN1C(=O)N(C)Cc1cc(C(F)(F)F)cc(C(F)(F)F)c1,7.74,5.370020000000005
CN(Cc1ccccc1)C(=O)[C@H](Cc1ccccc1)NC(=O)[C@@H]1CCCN1C(=N)NCc1ccccc1Cl,7.73,4.214870000000002
CC(=O)N[C@@H](Cc1ccccc1)C(=O)N[C@@H](Cc1ccccc1)C(N)=O,7.73,0.9465999999999999
FC(F)(F)c1cc(COCC2(c3ccccc3)CCCNC2)cc(C(F)(F)F)c1,7.72,5.562200000000003
N[C@H]1CC[C@](COCc2cc(C(F)(F)F)cc(C(F)(F)F)c2)(c2ccccc2)C1,7.72,5.690000000000004
Cc1cc(C)cc(C(=O)N2CC[C@H](NCc3cc4ccccc4cn3)C[C@H]2Cc2ccccc2)c1,7.72,5.857340000000006
CC(=O)N[C@H]1CCN(C(=O)c2cc(C(F)(F)F)cc(C(F)(F)F)c2)[C@H](Cc2ccccc2)C1,7.72,5.076200000000004
Cc1cc(C)cc(CC(=O)NCC(c2ccc(Cl)c(Cl)c2)N2CCC(N3CCCCC3)CC2)c1,7.72,5.960540000000006
CO/N=C(\COCc1cc(C(F)(F)F)cc(C(F)(F)F)c1)C(CCN1CCC(N2CCC(OC(=O)NC(C)C)C2)CC1)c1ccc(Cl)c(Cl)c1,7.72,8.397200000000005
Cc1ccc(-c2c(C(=O)N(C)[C@H](C)c3cc(C(F)(F)F)cc(C(F)(F)F)c3)n(C)c(=O)c3ncccc23)cc1,7.72,6.7797200000000055
C[C@H](NC(=O)[C@@](C)(Cc1c[nH]c2ccccc12)NC(=O)OCc1ccccc1)c1ccccc1,7.72,5.272900000000004
Cc1ccc(COC(=O)N[C@](C)(Cc2c[nH]c3ccccc23)C(=O)N[C@@H](C)c2ccccc2)cc1,7.72,5.581320000000004
FC(F)(F)c1cc(CO[C@@H]2OCCN[C@H]2c2ccccc2)cc(C(F)(F)F)c1,7.72,4.928000000000003
CN(Cc1c(-c2ccccc2)c2ccccc2c(=O)n1C)C(=O)c1cc(C(F)(F)F)cc(C(F)(F)F)c1,7.72,6.515300000000004
CO/N=C(\COCc1cc(C(F)(F)F)cc(C(F)(F)F)c1)C(CCN1CCN(CC(=O)N2CCOCC2)CC1)c1ccc(Cl)c(Cl)c1,7.72,6.200300000000007
Oc1n[nH]c(CN2CCOC3(CCC(c4ccccc4)CO3)C2c2ccccc2)n1,7.72,3.3743000000000025
Cc1ccccc1-c1c(C(=O)N(C)Cc2ccccc2Cl)n(C)c(=O)c2ccccc12,7.72,5.439520000000004
Cc1cccc(COC2C3CCN(CC3)C2C(c2ccccc2)c2ccccc2)c1,7.7,5.806520000000006
OCCO/N=C(\COCc1cc(C(F)(F)F)cc(C(F)(F)F)c1)C(CCN1CCC(O)(c2ccccc2)CC1)c1ccc(Cl)c(Cl)c1,7.7,8.070000000000007
CO/N=C(\COCc1cc(C(F)(F)F)cc(C(F)(F)F)c1)C(CCN1CCN(CC(=O)NCC2CCCO2)CC1)c1ccc(Cl)c(Cl)c1,7.7,6.636700000000007
COc1cccc(CN[C@H]2C3CCN(CC3)[C@H]2C(c2ccccc2)c2ccccc2)c1,7.7,5.079700000000005
CN(C)CCNC(=O)[C@@H](Cc1ccccc1)NC(=O)[C@](C)(CCCN1CCC2(CC1)OC(=O)N(C)c1ccc(F)cc12)c1ccc(Cl)c(Cl)c1,7.7,6.1534000000000075
CN(C(=O)Cc1ccccc1)[C@H](Cc1ccc2ccccc2c1)NC(=O)C1(NC(=O)c2c[nH]c3ccccc23)CCCCC1,7.7,6.139900000000006
NC(=O)N1CCN(C(COCc2cc(C(F)(F)F)cc(C(F)(F)F)c2)c2ccccc2)CC1,7.7,4.678400000000004
CCCCCN(CCCCC)C(=O)[C@H]1CCN(C(=O)N(c2ccccc2)c2cccc(Cl)c2)[C@H](C(=O)O)C1,7.7,6.972300000000009
C[C@H](NC(=O)[C@@](C)(Cc1c[nH]c2ccccc12)NC(=O)OCc1cccc(N)c1)c1ccccc1,7.7,4.855100000000003
CO/N=C(\COCc1cc(C(F)(F)F)cc(C(F)(F)F)c1)[C@H](CCN1CCC(O)(c2ccccc2)CC1)c1ccc(Cl)c(Cl)c1,7.7,8.707500000000003
CN(C)c1cc(C(F)(F)F)cc(COCC2(c3ccc(F)cc3)CCNCC2)n1,7.7,4.143500000000002
CN(C(=O)c1cc(C(F)(F)F)cc(C(F)(F)F)c1)[C@@H](/C=C/C(=O)N[C@@H]1CCCCNC1=O)Cc1cc(Br)c(Br)s1,7.7,6.335100000000004
CN1C(=O)OC2(CCN(CC[C@@](C)(C(=O)N[C@H](Cc3ccccc3)C(=O)NCCN)c3ccc(Cl)c(Cl)c3)CC2)c2cc(F)ccc21.Cl,7.7,5.582200000000005
FC(F)(F)c1cc(COC[C@]2(c3ccccc3)CCCN2)cc(C(F)(F)F)c1,7.7,5.519700000000003
Cc1cc(Br)cc(COC[C@@H](N)c2ccccc2)c1,7.7,3.974120000000002
CO/N=C(\COCc1cc(C(F)(F)F)cc(C(F)(F)F)c1)C(CCN1CCC(CN2CCCCC2CO)CC1)c1ccc(Cl)c(Cl)c1,7.7,8.282700000000006
COCCN(C)C1CCC(COCc2cc(C(F)(F)F)cc(C(F)(F)F)c2)(c2ccccc2)C1,7.7,6.309500000000006
CC(C)NC(=O)N[C@H]1CCN(C(=O)c2cc(C(F)(F)F)cc(C(F)(F)F)c2)[C@H](Cc2ccccc2)C1,7.7,5.647700000000005
O=C1CCC(CCN2CC(N3CCOCC3)C2)(c2ccc(Cl)c(Cl)c2)CN1Cc1ccc(F)cc1,7.7,4.599400000000005
COc1ccccc1CN[C@H]1C2CCN(CC2)[C@H]1c1cccc(Cl)c1,7.7,4.273700000000003
CO/N=C(\COCc1cc(C(F)(F)F)cc(C(F)(F)F)c1)C(CCN1CCC(CN2CCCCC2=S)CC1)c1ccc(Cl)c(Cl)c1,7.7,9.249199999999998
CSCC[C@H](NC(=O)[C@H](CC(C)C)NC(=O)CNC(=O)[C@H](Cc1ccccc1)NC(=O)[C@H](Cc1ccccc1)NC(=O)[C@H](CO)NC(=O)[C@H](C)NC(=O)[C@@H]1CCCN1C(=O)[C@H](CCCCN)NC(=O)[C@@H]1CCCN1C(=O)[C@@H](N)CCCNC(=N)N)C(N)=O,7.68,-3.020130000000025
Cc1cc(C)cc(C(=O)N2CC[C@H](NCc3ccnc4ccccc34)C[C@H]2Cc2ccc(C#N)cc2)c1,7.68,5.7290200000000056
CC(=O)NC(COCc1cc(C)cc(C)c1)C(c1ccccc1)c1ccccc1,7.68,5.156840000000004
Cc1cc(C)cc(C(=O)N2CCN(C(=O)CNC3CCN(C(=O)[C@@H](N)Cc4ccccc4)CC3)[C@H](c3ccc(Cl)c(Cl)c3)C2)c1,7.68,4.786540000000006
Cc1cccc(CO[C@H]2C3CCN(CC3)[C@H]2C(c2ccccc2)c2ccccc2)c1,7.68,5.806520000000006
CN(Cc1cc(C(F)(F)F)cc(C(F)(F)F)c1)C(=O)c1c(-c2ccc(F)cc2)c2ccccc2n2nnnc12,7.68,6.393400000000002
CN(Cc1ccccc1)C(=O)[C@H](Cc1ccccc1)NC(=O)[C@@H](Cc1cn(C(=O)CCCCCCN)c2ccccc12)NC(=O)C[C@@H]1NC(=O)[C@@H]2C3CCC(CC3)N2C1=O,7.68,4.262200000000004
FC(F)(F)c1cc(CO[C@H]2OCCN[C@@H]2c2ccccc2)cc(C(F)(F)F)c1,7.68,4.928000000000003
CN(CC(c1cccc2c1OCO2)N1CCC(N2CCCCC2)CC1)C(=O)C(c1ccccc1)c1ccccc1,7.66,5.697200000000007
Cc1cc(C)cc(COC(=O)[C@H](Cc2c[nH]c3ccccc23)NC(=O)c2ccccc2)c1,7.66,4.869240000000004
CC(C(=O)N[C@]1(c2ccccc2)CC[C@H](N(C)C)CC1)c1cc(C(F)(F)F)cc(C(F)(F)F)c1,7.66,6.343600000000006
CO/N=C(\COCc1cc(C(F)(F)F)cc(C(F)(F)F)c1)C(CCN1CCN(CC(=O)N2CC(O)C2)CC1)c1ccc(Cl)c(Cl)c1,7.66,5.544600000000006
CN(Cc1cc(C(F)(F)F)cc(C(F)(F)F)c1)C(=O)c1ccccc1-c1ccccc1Cl,7.66,7.316800000000004
O=C1OC(Cc2c[nH]c3ccccc23)C(=O)N1Cc1cc(C(F)(F)F)cc(C(F)(F)F)c1,7.66,5.295600000000003
COc1cc(C(F)(F)F)cc(COCC2(c3ccc(F)cc3)CCN(C)CC2)n1,7.66,4.428300000000004
CC(=O)N(CC1CCCCC1)CC(Cc1c[nH]c2ccccc12)NC(=O)CN1CCN(c2ccccc2)CC1,7.66,4.446200000000004
Cc1cccc(COC(=O)N[C@](C)(Cc2c[nH]c3ccccc23)C(=O)N[C@@H](C)c2ccccc2)c1,7.65,5.581320000000004
C=CC[N+]12CCC(CC1)[C@H](NCc1ccccc1OC)[C@@H]2C(c1ccccc1)c1ccccc1.[Br-],7.65,2.7845000000000013
C[C@@H](O[C@H]1O[C@@H]2CC[C@@H](c3ccccc3)O[C@@H]2[C@H](O)[C@H]1OCc1ccc(F)cc1)c1cc(C(F)(F)F)cc(C(F)(F)F)c1,7.65,7.532400000000007
CSN1CC2(CCN(C(=O)N[C@@H](Cc3c[nH]c4ccccc34)C(=O)OCc3ccccc3)CC2)c2ccccc21,7.64,5.6638000000000055
CO/N=C(\COCc1cc(C(F)(F)F)cc(C(F)(F)F)c1)C(CCN1CCN(CC(=O)N2CCC2)CC1)c1ccc(Cl)c(Cl)c1,7.64,6.573800000000007
CS(=O)(=O)N1CC2(CCN(C(=O)[C@H](COCc3ccc(Cl)cc3)NCc3ccc(Cl)c(Cl)c3)CC2)c2ccccc21,7.64,5.661800000000007
CO/N=C(\CCc1cc(C(F)(F)F)cc(C(F)(F)F)c1)C(CCN1CCC(O)(c2ccccc2)CC1)c1ccc(Cl)c(Cl)c1,7.64,9.1235
COc1ccccc1CN(C)C(=O)Nc1c(-c2ccccc2)c2cc(C)c(C)cc2c(=O)n1C,7.64,5.494840000000005
COc1cccc(OC)c1C(=O)N1CCC(CCN2CCC(C(N)=O)(c3ccccc3)CC2)(c2ccc(Cl)c(Cl)c2)C1,7.64,5.703700000000006
Cn1c(COCc2cc(C(F)(F)F)cc(C(F)(F)F)c2)c(-c2ccccc2)c2ccccc2c1=O,7.64,6.959900000000005
FC(F)(F)c1cc(COC[C@@H](NCc2nn[nH]n2)c2ccccc2)cc(C(F)(F)F)c1,7.64,4.285000000000003
CN(C(=O)[C@@H]1CCCN1C(=O)[C@H](Cc1ccccc1)NC(=O)[C@H](Cc1ccccc1)NC(=O)[C@H](CCC(N)=O)NC(=O)[C@H](CCC(N)=O)NC(=O)[C@@H]1CCCN1C(=O)[C@H](CCCCN)NC(=O)[C@@H]1CCCN1C(=O)[C@H](CCCN=C(N)N)N1C2CC3CCC2(CS1(=O)=O)C3(C)C)[C@@H](Cc1ccc(Cc2ccccc2)cc1)C(=O)N[C@@H](Cc1c[nH]c2ccccc12)C(N)=O,7.64,2.1458999999999704
O=C(c1cc(F)cc(F)c1)N1CCN(C(=O)CNC2CCN(Cc3ccccc3)CC2)C(c2ccc(Cl)c(Cl)c2)C1,7.64,5.551500000000005
C#C[C@]1(O)CCC2C3CCC4Cc5nc6nc7ccccc7n6cc5C[C@]4(C)C3CC[C@@]21C.O=C(O)C(=O)O,7.62,4.359800000000003
CN(Cc1cc(C(F)(F)F)cc(C(F)(F)F)c1)C(=O)[C@H]1CN(C(=O)c2cncnc2)C[C@@H]1c1ccccc1,7.62,5.0286000000000035
COc1ccccc1CN(CC(Cc1c[nH]c2ccccc12)NC(=O)COc1ccccc1OC)C(C)=O,7.62,4.340100000000003
CS(=O)(=O)N1CC2(CCN(C(=O)C(CNCc3ccc(Cl)c(Cl)c3)NCc3ccccc3)CC2)c2ccccc21,7.62,4.581400000000004
O=C(c1cc(Br)cc(Br)c1)N1CC[C@H](NCc2ccnc3ccccc23)C[C@H]1Cc1ccccc1,7.62,6.765500000000006
CCOC(=O)C1CCN(C(=O)CN2CCN(CCC(/C(COCc3cc(C(F)(F)F)cc(C(F)(F)F)c3)=N/OC)c3ccc(Cl)c(Cl)c3)CC2)CC1,7.62,7.14320000000001
Fc1ccc([C@@H]2NCCO[C@@]23C[C@@H](c2ccccc2C(F)(F)F)CO3)cc1,7.62,4.405800000000004
O/N=C(\COCc1cc(C(F)(F)F)cc(C(F)(F)F)c1)C(CCN1CCC(O)(c2ccccc2)CC1)c1ccc(Cl)c(Cl)c1,7.62,8.535300000000005
CO/N=C(\COCc1cc(C(F)(F)F)cc(C(F)(F)F)c1)C(CCN1CCN(CC(=O)N2CCC[C@H]2C(N)=O)CC1)c1ccc(Cl)c(Cl)c1,7.62,5.817800000000005
Fc1ccc([C@@H]2NCCOC23COC[C@H](c2ccccc2C(F)(F)F)C3)cc1,7.62,4.448300000000003
O=C(NCc1cc(C(F)(F)F)cc(C(F)(F)F)c1)[C@@H](CCN1CCC(c2ccccc2)CC1)c1ccc(F)cc1,7.62,7.5330000000000075
CO/N=C(\COCc1cc(C(F)(F)F)cc(C(F)(F)F)c1)C(CCN1CCC(CNC2(CO)CCCC2)CC1)c1ccc(Cl)c(Cl)c1,7.62,8.330600000000006
CNC(=O)CO/N=C(\COCc1cc(C(F)(F)F)cc(C(F)(F)F)c1)C(CCN1CCC(O)(c2ccccc2)CC1)c1ccc(Cl)c(Cl)c1,7.62,7.823700000000008
Cc1cc(C)cc(COCC(c2ccccc2)N2CCNCC2)c1,7.6,3.466540000000002
C[C@H](O[C@H]1CCCN(Cc2n[nH]c(O)n2)[C@H]1c1ccccc1)c1cc(Cl)cc(Cl)c1,7.6,5.3006000000000055
Cc1cc(C)cc(C(=O)N2CCN(C(=O)CNC3CCN(Cc4ccccc4)CC3)[C@H](c3ccc(Cl)c(Cl)c3)C2)c1,7.6,5.890140000000006
CO/N=C(\COCc1cc(C(F)(F)F)cc(C(F)(F)F)c1)C(CCN1CCC(O)(c2ccccc2)CC1)c1ccc(Cl)c(Cl)c1,7.6,8.707500000000003
CO/N=C(/COCc1cc(C(F)(F)F)cc(C(F)(F)F)c1)C(CCN1CCC(O)(c2ccccc2)CC1)c1ccc(Cl)c(Cl)c1,7.6,8.707500000000003
CO/N=C(\COCc1cc(C(F)(F)F)cc(C(F)(F)F)c1)C(CCN1CCC(CN2CCCC(C(N)=O)C2)CC1)c1ccc(Cl)c(Cl)c1,7.6,7.633200000000008
NC(=O)C(=O)N1CCC[C@H](OCc2cc(C(F)(F)F)cc(C(F)(F)F)c2)[C@@H]1c1ccccc1,7.6,4.458400000000004
Cc1cccc(CN(C(=O)CCc2cc(C(F)(F)F)cc(C(F)(F)F)c2)C2CCNCC2)c1,7.6,5.746020000000005
Cc1cc(C)cc(OCC(=O)N(c2ccc(Cl)c(Cl)c2)C2CCNCC2)c1,7.6,4.774240000000004
Clc1cc(Cl)cc(COC[C@@H](c2ccccc2)N2CCNCC2)c1,7.6,4.156500000000004
O=C1O[C@@H](Cc2c[nH]c3ccccc23)C(=O)N1Cc1cc(C(F)(F)F)cc(C(F)(F)F)c1,7.6,5.295600000000003
CONC(COCc1cc(C(F)(F)F)cc(C(F)(F)F)c1)C(CCN1CCC(O)(c2ccccc2)CC1)c1ccc(Cl)c(Cl)c1,7.6,8.224700000000006
COC(=O)CO/N=C(\COCc1cc(C(F)(F)F)cc(C(F)(F)F)c1)C(CCN1CCC(O)(c2ccccc2)CC1)c1ccc(Cl)c(Cl)c1,7.6,8.250700000000005
O=C(COc1cc(C(F)(F)F)cc(C(F)(F)F)c1)N(Cc1cccc(Cl)c1)C1CCNCC1,7.6,5.537200000000005
CN(Cc1ccccc1)C(=O)[C@H](Cc1ccccc1)NC(=O)[C@@H]1CCCN1/C(S)=N/Cc1c(Cl)cccc1Cl,7.59,5.629700000000007
Cc1cc(C)cc(C(=O)N[C@H]2CCN(C(=O)c3cc(Cl)cc(Cl)c3)[C@H](Cc3ccccc3)C2)c1,7.59,6.256140000000006
C[C@@](Cc1ccccc1)(NC(=O)[C@@H](N)Cc1ccccc1)C(N)=O,7.58,1.1593
CN(C)CCCOc1ccccc1CC(=O)N1CC2C(=O)CSC(c3ccccc3)(c3ccccc3)C2C1,7.58,4.893900000000005
FC(F)(F)c1cc(COC[C@]2(c3ccccc3)CCCN(Cc3ccccc3)CC2)cc(C(F)(F)F)c1,7.58,7.864900000000007
O=C(NCc1cc(C(F)(F)F)cc(C(F)(F)F)c1)c1c(CCl)nc2ccccc2c1-c1ccccc1,7.58,7.608200000000005
CN(Cc1cc(C(F)(F)F)cc(C(F)(F)F)c1)C(=O)c1c(-c2ccccc2)c2ccccc2n2nnnc12,7.58,6.254300000000003
CO/N=C(\COCc1cc(Cl)cc(Cl)c1)C(CCN1CCC(O)(c2ccccc2)CC1)c1ccc(Cl)c(Cl)c1,7.58,7.976700000000007
O=C(c1cc(Cl)cc(Cl)c1)N1CC[C@H](NCc2ccnc3ccccc23)C[C@H]1Cc1ccccc1,7.58,6.547300000000006
CN(Cc1ccccc1)C(=O)[C@H](Cc1ccccc1)NC(=O)[C@@H]1CCCN1/C(S)=N/Cc1ccccc1C(F)(F)F,7.57,5.341700000000006
C[C@H](NC(=O)[C@@](C)(Cc1c[nH]c2ccccc12)NC(=O)OCc1ccc(Cl)cc1)c1ccccc1,7.57,5.926300000000005
CN(Cc1cc(C(F)(F)F)cc(C(F)(F)F)c1)C(=O)[C@H](Cc1ccccc1)NC(=O)[C@@H]1CCCN1/C(S)=N/Cc1ccccc1Cl,7.57,7.013900000000008
CC(=O)NCCCCCOC[C@H]1O[C@@H](OCCc2c[nH]c3ccccc23)[C@H](OCc2ccccc2)[C@@H](OCc2ccccc2)[C@@H]1O,7.57,5.306600000000006
COc1ccccc1CN(CC(Cc1c[nH]c2ccccc12)NC(=O)CN1CCOCC1)C(C)=O,7.57,2.5847000000000007
COc1cccc(C[C@@H]2C[C@@H](NCc3ccnc4ccccc34)CCN2C(=O)c2cc(C)cc(C)c2)c1,7.57,5.865940000000006
CS(=O)(=O)N1CC2(CCN(C(=O)C(COCc3ccccc3)NCc3ccc(Cl)cc3)CC2)c2ccccc21,7.57,4.355000000000005
COc1ccccc1CN(CC(CC1CNc2ccccc21)NC(=O)CN1CCN(c2ccccc2)CC1)C(C)=O,7.56,3.9501000000000026
CSCC[C@H](NC(=O)[C@H](CC(C)C)NC(=O)CNC(=O)[C@@H](NC(=O)[C@H](Cc1ccccc1)NC(=O)[C@H](CCC(N)=O)NC(=O)[C@H](CCC(N)=O)NC(=O)[C@H]1CCCN1C(=O)[C@H](CCCCN)NC(=O)[C@@H]1CCCN1C(=O)[C@@H](N)CCCN=C(N)N)[C@@H]1CCc2ccccc21)C(N)=O,7.55,-3.2237
Cc1cc(C)cc(CN(C)C(=O)Nc2c(-c3ccccc3)c3cc(C)c(C)cc3c(=O)n2C)c1,7.55,6.103080000000006
Fc1ccc([C@@H]2NCCO[C@@]23CC[C@@H](c2ccccc2C(F)(F)F)CO3)cc1,7.55,4.795900000000004
C[C@@H](O)[C@@H]1NC(=O)[C@H](Cc2ccc(F)cc2)NC(=O)[C@@H](Cc2c[nH]c3ccccc23)NC(=O)[C@H](Cc2ccccc2)NC(=O)[C@@H]2CCCN2C(=O)[C@H](Cc2ccccc2)NC1=O,7.55,2.3870000000000022
O=C(CN(N1CCN(Cc2ccccc2)CC1)N1CCN(Cc2ccccc2)CC1)N1CCN(Cc2cc(C(F)(F)F)cc(C(F)(F)F)c2)CC1c1ccc(Cl)c(Cl)c1,7.55,8.18410000000001
Fc1ccc([C@@H]2NCCOC23CC[C@@H](c2ccccc2C(F)(F)F)CO3)cc1,7.55,4.795900000000004
C[C@H]1CN(CC[C@H](C(=O)NCc2cc(C(F)(F)F)cc(C(F)(F)F)c2)c2ccc(F)cc2)CC[C@@]12C=Cc1ccccc12,7.55,7.960000000000007
C[C@@H](O)[C@@H]1NC(=O)[C@H](Cc2ccc(F)cc2)C2C(=O)[C@@H](Cc3c2[nH]c2ccccc32)NC(=O)[C@H](Cc2ccccc2)NC(=O)[C@@H]2CCCC2C(=O)[C@H](Cc2ccccc2)NC1=O,7.55,4.179100000000002
Fc1ccc(C2(COCc3cc(C(F)(F)F)cc(Cl)n3)CCNCC2)cc1,7.54,4.730900000000004
C[C@H](NC(=O)[C@@](C)(Cc1c[nH]c2ccccc12)NC(=O)OCc1ccc(Cl)c(Cl)c1)c1ccccc1,7.54,6.579700000000005
C/C=C/c1cc(C(F)(F)F)cc(COCC2(c3ccc(F)cc3)CCN(C)CC2)n1,7.54,5.452800000000006
CSCC[C@@H](NC(=O)[C@H](CC(C)C)NC(=O)CNC(=O)[C@@H](NC(=O)[C@@H](NC(=O)[C@H](CCC(N)=O)NC(=O)[C@H](CCC(N)=O)NC(=O)[C@@H]1CCCN1C(=O)[C@H](CCCCN)NC(=O)[C@@H]1CCCN1C(=O)[C@@H](N)CCCN=C(N)N)C1CCc2ccccc21)C1c2ccccc2-c2ccccc21)C(N)=O,7.54,-1.6539000000000152
Cc1cc(C)cc(C(=O)N2CC[C@H](NCc3ccnc4ccccc34)C[C@H]2Cc2cccc3ccccc23)c1,7.54,7.010540000000008
CN1CCC(COCc2cc(C(F)(F)F)cc(N3CCC(C#N)C3)n2)(c2ccc(F)cc2)CC1,7.54,4.769580000000005
CN(Cc1ccccc1)C(=O)[C@@H](NC(=O)[C@@H]1CCCN1/C(S)=N/Cc1ccccc1Cl)C(c1ccccc1)c1ccccc1,7.53,6.565700000000008
CN(Cc1ccccc1)C(=O)[C@H](Cc1ccccc1)NC(=O)[C@@H]1CCCN1/C(S)=N/Cc1ccccc1Br,7.53,5.085400000000006
O=C(CN(NC1CCN(Cc2ccccc2)CC1)NC1CCN(Cc2ccccc2)CC1)N1CCN(Cc2cc(C(F)(F)F)cc(C(F)(F)F)c2)CC1c1ccc(Cl)c(Cl)c1,7.52,9.056900000000004
CC(=O)N[C@@H](Cc1ccc(Cl)c(Cl)c1)C(=O)OCc1cc(C)cc(C)c1,7.52,4.400840000000003
CC(N)(COCc1cc(C(F)(F)F)cc(C(F)(F)F)c1)c1ccccc1,7.52,5.114900000000003
Cn1c(-c2ccc(Cl)cc2)c(CCC(=O)N2CCN(CC(=O)Nc3ccccc3)CC2)c2cc(Cl)ccc21,7.52,5.867600000000006
Cc1cc(C)cc(C(=O)N2CC[C@H](NCc3cnc4ccccc4c3)C[C@H]2Cc2ccccc2)c1,7.52,5.857340000000006
COc1ccccc1CN(C)C(=O)c1c(-c2ccccc2)c2ccccc2c(=O)n1C,7.52,4.4863000000000035
N[C@@H](Cc1ccc(O)cc1)C(=O)N1CCC[C@H]1C(=O)N[C@@H](Cc1ccccc1)C(=O)N[C@@H](Cc1ccccc1)C(=O)O,7.52,1.7926000000000009
Fc1ccc([C@@H]2NCCOC23COC[C@H](c2cccc(C(F)(F)F)c2)C3)cc1,7.52,4.448300000000003
COc1ccc(OC)c(S(=O)(=O)N2CCC3(CC2)C2C(=O)N(c4ccccc4)C(=O)C2CN3C(=O)c2cc(C(F)(F)F)cc(C(F)(F)F)c2)c1,7.52,5.226500000000006
CO/N=C(\COCc1cc(C(F)(F)F)cc(C(F)(F)F)c1)C(CCN1CCNCC1)c1ccc(Cl)c(Cl)c1,7.52,6.6291000000000055
CN(Cc1ccccc1)C(=O)[C@H](Cc1ccccc1)NC(=O)[C@@H]1CCCN1/C(S)=N/Cc1ccccc1Cl,7.52,4.9763000000000055
Cc1cc(C)cc(C(=O)N2CC[C@H](NCc3ccnc4ccccc34)C[C@H]2[C@H](C)c2ccccc2)c1,7.52,6.418340000000007
Cc1cc(C)cc(C(=O)N2CCC(NCc3ccnc4ccccc34)CC2[C@H](C)c2ccccc2)c1,7.52,6.418340000000007
COC(=O)CN(Cc1ccccc1OC)CC(Cc1c[nH]c2ccccc12)NC(=O)CN1CCN(c2ccccc2)CC1,7.51,3.701200000000002
N[C@@H]1CC[C@](COCc2cc(C(F)(F)F)cc(C(F)(F)F)c2)(c2ccccc2)C1,7.51,5.690000000000004
COc1cccc(CN2CCC(=O)C(C(c3ccc(F)cc3)c3ccc(F)cc3)C2)c1.Cl,7.51,5.618300000000006
O=C1COc2ccc(S(=O)(=O)N3CCC4(CC3)C3C(=O)N(c5ccccc5)C(=O)C3CN4C(=O)c3cc(C(F)(F)F)cc(C(F)(F)F)c3)cc2N1,7.51,4.540200000000003
CC[C@H](C)[C@H](NC(=O)[C@H](Cc1ccccc1)NC(=O)[C@H](C)NC(=O)[C@H](CC(=O)O)NC(=O)[C@H](CCCCN)NC(=O)[C@H](CO)NC(=O)[C@@H]1CCCN1C(=O)[C@@H]1CCC(=O)N1)C(=O)NCC(=O)N[C@@H](CC(C)C)C(=O)N[C@H](CCSC)C(N)=O,7.51,-3.5602000000000196
C=CCC1(Cc2c[nH]c3ccccc23)OC(=O)N(Cc2cc(C(F)(F)F)cc(C(F)(F)F)c2)C1=O,7.51,6.241900000000004
COc1ccccc1N1CCN(C(=O)CCc2c(-c3ccc(Cl)cc3)[nH]c3ccccc23)CC1,7.51,5.778300000000005
CSCC[C@H](NC(=O)[C@H](CC(C)C)NC(=O)CNC(=O)[C@@H](NC(=O)[C@H](Cc1ccccc1)NC(=O)[C@H](CO)NC(=O)[C@H](CC(=O)O)NC(=O)[C@@H](NC(=O)[C@H](CCCCN)NC(=O)[C@@H](N)Cc1c[nH]cn1)[C@@H](C)O)C(C)C)C(N)=O,7.51,-4.565900000000023
O=C(COCC(=O)N(c1ccccc1)C1CCN(CCc2ccccc2)CC1)N[C@@H](Cc1c[nH]c2ccccc12)C(=O)OCc1cc(C(F)(F)F)cc(C(F)(F)F)c1,7.51,7.733100000000007
COc1ccc(C2(CCN3CCC(C(=O)c4nc5ccccc5n4Cc4ccc(F)cc4)CC3)CCN(C(=O)c3cc(OC)c(OC)c(OC)c3)C2)cc1OC,7.51,7.0356000000000085
O=C(CN(N1CCC(O)(c2ccccc2)CC1)N1CCC(O)(c2ccccc2)CC1)N1CCN(Cc2cc(C(F)(F)F)cc(C(F)(F)F)c2)CC1c1ccc(Cl)c(Cl)c1,7.5,8.515700000000006
Cc1c(C(=O)N(C)Cc2cc(C(F)(F)F)cc(C(F)(F)F)c2)c(-c2ccccc2)cc[n+]1[O-],7.5,5.605220000000005
O=C(COc1cc(C(F)(F)F)cc(C(F)(F)F)c1)N(c1ccc(Cl)c(Cl)c1)C1CCNCC1,7.5,6.195000000000004
CN1C(=O)OC2(CCN(CC[C@@](C)(C(=O)N[C@H](Cc3ccccc3)C(=O)NCCO)c3ccc(Cl)c(Cl)c3)CC2)c2cc(F)ccc21,7.5,5.194000000000004
Cc1cc(C)cc(C(=O)N2CCN(C(=O)CNC3CCN(C(=O)[C@H](N)Cc4ccc(O)cc4)CC3)[C@H](c3ccc(Cl)c(Cl)c3)C2)c1,7.5,4.4921400000000045
O=C(CCc1cc(C(F)(F)F)cc(C(F)(F)F)c1)N(Cc1ccc(F)cc1)C1CCNCC1,7.5,5.576700000000005
CO/N=C(\COC(=O)Nc1cc(C(F)(F)F)cc(C(F)(F)F)c1)C(CCN1CCC(O)(c2ccccc2)CC1)c1ccc(Cl)c(Cl)c1,7.5,8.739400000000003
CO/N=C(\COCc1cc(C)cc(C)c1)C(CCN1CCC(O)(c2ccccc2)CC1)c1ccc(Cl)c(Cl)c1,7.5,7.286740000000009
CC1c2ccccc2NC(=O)CN1C(=O)N(C)Cc1cc(C(F)(F)F)cc(C(F)(F)F)c1,7.5,5.291300000000004
CCN1CCC[C@](COCc2cc(C(F)(F)F)cc(C(F)(F)F)c2)(c2ccccc2)CC1,7.5,6.684600000000007
CC(=O)N1Cc2ccccc2C[C@H]1C(=O)N(C)Cc1cc(C(F)(F)F)cc(C(F)(F)F)c1,7.5,4.656000000000004
CN(CC(Cc1ccccc1)N1CCC(N2CCCCC2)CC1)C(=O)Cc1cc(C(F)(F)F)cc(C(F)(F)F)c1,7.5,6.286700000000007
CN(Cc1ccccc1Cl)C(=O)c1c(-c2ccc(F)cc2)c2cccnc2c(=O)n1C,7.5,4.665200000000004
Cc1cc(C)cc(CN(C)C(=O)c2c(-c3ccccc3C)c3ccccc3c(=O)n2C)c1,7.5,5.4029600000000055
C=Cc1ccc(C(COCc2cc(C(F)(F)F)cc(C(F)(F)F)c2)N2CCNCC2)cc1C=C,7.5,6.1733000000000064
CCOC(=O)C[N+]12CCC(CC1)[C@H](NCc1ccccc1OC)[C@@H]2C(c1ccccc1)c1ccccc1.[Br-],7.49,2.161600000000001
Clc1ccccc1CN[C@H]1C2CCN(CC2)[C@H]1C(c1ccccc1)c1ccccc1,7.48,5.724500000000005
CN(C)c1ccc(CNC(COCc2ccccc2)C(=O)N2CCC3(CC2)CN(S(C)(=O)=O)c2ccccc23)cc1,7.48,3.7676000000000034
CO/C=C(\COCc1cc(C(F)(F)F)cc(C(F)(F)F)c1)C(CCN1CCC(O)(c2ccccc2)CC1)c1ccc(Cl)c(Cl)c1,7.48,9.2354
COc1ccccc1CN(CC(Cc1c[nH]c2ccccc12)NC(=O)CN1CCCCC1)C(C)=O,7.48,3.738400000000003
CO/N=C(\COCc1cc(C(F)(F)F)cc(C(F)(F)F)c1)[C@@H](CCN1CCC(O)(c2ccccc2)CC1)c1ccc(Cl)c(Cl)c1,7.48,8.707500000000003
CCCCCN(CCCCC)C(=O)[C@H]1CCN(C(=O)N(c2ccccc2)c2ccccc2)[C@H](C(=O)O)C1,7.48,6.318900000000006
CO/N=C(\COCc1cc(OC)cc(OC)c1)C(CCN1CCC(O)(c2ccccc2)CC1)c1ccc(Cl)c(Cl)c1,7.48,6.687100000000009
Fc1cc(F)cc(COC2C3CCN(CC3)C2C(c2ccccc2)c2ccccc2)c1,7.48,5.776300000000005
C[C@H](NC(=O)[C@@](C)(Cc1c[nH]c2ccccc12)NC(=O)OCc1ccccc1Cl)c1ccccc1,7.48,5.926300000000005
CO/N=C(\CNC(=O)c1ccccc1OC)C(CCN1CCC(O)(c2ccccc2)CC1)c1ccc(Cl)c(Cl)c1,7.48,5.891700000000007
CN(C(=O)c1cc(C(F)(F)F)cc(C(F)(F)F)c1)c1cc(C(=O)NC2CCCCC2)ccc1-c1ccc(F)cc1,7.47,7.869400000000006
Clc1cc(COCC2(c3ccccc3)CCNCC2)cc(Cl)n1,7.47,4.226400000000003
O/N=C(/COCc1cc(C(F)(F)F)cc(C(F)(F)F)c1)C(CCN1CCC(O)(c2ccccc2)CC1)c1ccc(Cl)c(Cl)c1,7.47,8.535300000000005
O=C(NCc1cccnc1)NC[C@H]1CCC[C@H](OCc2cc(C(F)(F)F)cc(C(F)(F)F)c2)[C@@H]1c1ccccc1,7.47,7.087700000000007
NC(=O)[C@H](Cc1ccccc1)NC(=O)[C@H]1NCC[C@H]1c1ccccc1,7.47,1.3448999999999995
CS(=O)(=O)N1CC2(CCN(C(=O)[C@H](COCc3ccccc3Cl)NCc3ccc(Cl)c(Cl)c3)CC2)c2ccccc21,7.47,5.661800000000007
COc1ccccc1CN(C[C@@H](Cc1c[nH]c2ccccc12)NC(=O)CCC(=O)c1ccccc1)C(C)=O,7.47,4.915600000000004
Cc1ccccc1-c1c(C(=O)N(C)Cc2ccccc2)n(C)c(=O)c2ccccc12,7.47,4.786120000000004
CCN(Cc1ccccc1OC)C(=O)c1c(-c2ccccc2C)c2ccccc2c(=O)n1C,7.47,5.1848200000000055
CN(Cc1ccccc1)C(=O)[C@H](Cc1ccccc1)NC(=O)[C@@H](Cc1cn(C(=O)OCCCCCCN)c2ccccc12)NC(=O)C[C@@H]1NC(=O)[C@@H]2C3CCC(CC3)N2C1=O,7.47,4.216600000000004
Cc1cc(O)cc(C)c1C[C@H](N)C(=O)N[C@H](CCCNC(N)=O)C(=O)N[C@H]1Cc2ccccc2CN(CCC(=O)N(C)Cc2cc(C(F)(F)F)cc(C(F)(F)F)c2)C1=O,7.46,3.9681400000000053
Cc1cc(O)cc(C)c1C[C@H](N)C(=O)N[C@H](CCCNC(=N)N)C(=O)N[C@H]1Cc2ccccc2CN(CC(=O)N(Cc2cc(C(F)(F)F)cc(C(F)(F)F)c2)CC(C)C)C1=O,7.46,4.419010000000005
CC(=O)N1CCC[C@H](OCc2cc(C(F)(F)F)cc(C(F)(F)F)c2)[C@@H]1c1ccccc1,7.46,5.993000000000006
COc1ccccc1CN[C@H]1C2CCCN(CC2)[C@H]1C(c1ccccc1)c1ccccc1,7.46,5.4698000000000055
C[C@@H](O)[C@@H]1NC(=O)[C@H](Cc2ccccc2)NC(=O)[C@@H](Cc2c[nH]c3ccccc23)NC(=O)[C@H](Cn2ccc3ccccc32)NC(=O)[C@@H]2CCCN2C(=O)[C@H](Cc2ccccc2)NC1=O,7.46,2.6601000000000026
C[C@H](NC(=O)[C@@](C)(Cc1c[nH]c2ccccc12)NC(=O)OCc1cccc(Cl)c1)c1ccccc1,7.46,5.926300000000005
Cc1cc(C)cc(C(=O)N2CCN(C(=O)CNC3CCN(Cc4cc[nH]c4)CC3)[C@H](c3ccc(Cl)c(Cl)c3)C2)c1,7.46,5.218240000000005
FC(F)(F)c1cc(CO[C@H]2CCCN(Cc3ccco3)[C@H]2c2ccccc2)cc(C(F)(F)F)c1,7.44,7.239700000000005
CN(Cc1cc(C(F)(F)F)cc(C(F)(F)F)c1)C(=O)c1c(-c2ccccc2)c2ccccc2n2cccc12,7.44,8.069300000000004
Cc1ccc(C)c(COC2C3CCN(CC3)C2C(c2ccccc2)c2ccccc2)c1,7.44,6.114940000000007
CO/N=C(\COCc1cc(C(F)(F)F)cc(C(F)(F)F)c1)C(CCN1CCC(CN2CCCCC2)CC1)c1ccc(Cl)c(Cl)c1,7.44,8.921800000000001
CO/N=C(\COCc1cc(C(F)(F)F)cc(C(F)(F)F)c1)C(CCN1CCC(N2CCCC2)CC1)c1ccc(Cl)c(Cl)c1,7.44,8.284100000000004
CN(Cc1ccc2ccccc2c1)C(=O)[C@H](Cc1ccccc1)NC(=O)[C@@H]1CCCN1/C(S)=N/Cc1ccccc1Cl,7.44,6.129500000000007
CS(=O)(=O)N1CC2(CCN(C(=O)[C@H](COCc3ccccc3Cl)NCc3ccccc3)CC2)c2ccccc21,7.44,4.355000000000004
COc1cc(C(=O)N(C)CC(c2cccc3c2OCO3)N2CCC(N3CCCCC3)CC2)cc(OC)c1OC,7.43,4.204700000000003
O=C(CN(N1CCC(Cc2ccccc2)CC1)N1CCC(Cc2ccccc2)CC1)N1CCN(Cc2cc(C(F)(F)F)cc(C(F)(F)F)c2)CC1c1ccccc1,7.43,9.151100000000003
Fc1cccc(COC2C3CCN(CC3)C2C(c2ccccc2)c2ccccc2)c1,7.43,5.637200000000006
Brc1ccccc1COC1C2CCN(CC2)C1C(c1ccccc1)c1ccccc1,7.43,6.2606000000000055
CN(Cc1cc(C(F)(F)F)cc(C(F)(F)F)c1)C(=O)c1c(-c2ccccc2)c2ccccc2n2ccnc12,7.42,7.464300000000004
Ic1cccc(COCC2(c3ccccc3)CCNCC2)c1,7.42,4.129200000000003
CCN(CC)C1CCC(COCc2cc(C(F)(F)F)cc(C(F)(F)F)c2)(c2ccccc2)CC1,7.42,7.463200000000008
COc1ccccc1[C@H](C)C(=O)N1C[C@@H]2[C@H](C1)[C@@](O)(c1ccccc1OC)CSC2(c1ccccc1)c1ccccc1,7.42,6.460300000000007
CN(Cc1ccccc1)C(=O)[C@H](Cc1ccccc1)N(C)C(=O)[C@@H]1CCCN1/C(S)=N/Cc1ccccc1Cl,7.42,5.3185000000000064
CO/N=C(\COCc1cc(C(F)(F)F)cc(C(F)(F)F)c1)C(CCN1CCC(CN2CCCC(O)C2)CC1)c1ccc(Cl)c(Cl)c1,7.42,7.892600000000008
CN(C)/N=C(\COCc1cc(C(F)(F)F)cc(C(F)(F)F)c1)C(CCN1CCC(O)(c2ccccc2)CC1)c1ccc(Cl)c(Cl)c1,7.42,8.622700000000004
Clc1ccccc1CNC1C2C3CCCC2CN(C3)[C@H]1C(c1ccccc1)c1ccccc1,7.41,6.360600000000006
CCOCCCNC(=O)CN1CCN(CCC(/C(COCc2cc(C(F)(F)F)cc(C(F)(F)F)c2)=N/OC)c2ccc(Cl)c(Cl)c2)CC1,7.41,6.8843000000000085
CO/N=C(\COCCc1cc(C(F)(F)F)cc(C(F)(F)F)c1)C(CCN1CCC(O)(c2ccccc2)CC1)c1ccc(Cl)c(Cl)c1,7.41,8.750000000000002
CN1C(=O)C2CN(S(=O)(=O)c3ccc4ccccc4c3)C3(CCN(C(=O)c4cc(C(F)(F)F)cc(C(F)(F)F)c4)CC3)C2C1=O,7.41,4.7877000000000045
CC(C)=Cc1cc(C(F)(F)F)cc(COCC2(c3ccc(F)cc3)CCN(C)CC2)n1,7.41,5.842900000000006
COc1ccc(CN[C@@H]2C3CCN(CC3)[C@@H]2c2cccc(Cl)c2)c(OC)c1,7.41,4.282300000000004
FC(F)(F)c1cc(CO[C@H]2CCCN(Cc3nn[nH]n3)[C@H]2c2ccccc2)cc(C(F)(F)F)c1,7.4,5.159800000000004
CC1c2ccccc2NCCN1C(=O)N(C)Cc1cc(C(F)(F)F)cc(C(F)(F)F)c1,7.4,5.764700000000004
O=C(N[C@@H]1CC[C@H](OCc2cc(C(F)(F)F)cc(C(F)(F)F)c2)[C@H]1c1ccccc1)OCc1ccccc1,7.4,7.482000000000006
CC(C)c1cccc(C(COCc2cc(C(F)(F)F)cc(C(F)(F)F)c2)N2CCNCC2)c1,7.4,6.010700000000006
Fc1ccc(C2CCN(C3CCC(CCCc4cc(C(F)(F)F)cc(C(F)(F)F)c4)(c4ccccc4)CC3)CC2)cc1,7.4,9.946199999999996
CN(C)CCNC(=O)[C@@H](Cc1ccccc1)NC(=O)[C@](C)(CCN1CCC2(CC1)OC(=O)N(C)c1ccc(F)cc12)c1ccc(Cl)c(Cl)c1,7.4,5.763300000000007
COc1ccccc1CN[C@H]1CCCN[C@]12CCc1ccccc12,7.4,3.3785000000000016
COC(=O)CN1CCN(C(COCc2cc(C(F)(F)F)cc(C(F)(F)F)c2)c2ccccc2)CC1,7.4,4.772700000000005
CN(C)c1ccccc1CC(=O)N1CC2C(=O)CSC(c3ccccc3)(c3ccccc3)C2C1,7.39,4.629400000000005
C[C@@H](OC[C@]1(c2ccccc2)CNC(=O)N1)c1cc(C(F)(F)F)cc(C(F)(F)F)c1,7.39,5.010100000000003
Cc1cc(-c2ccccc2)c(C(=O)N(C)Cc2cc(C(F)(F)F)cc(C(F)(F)F)c2)c(C)n1,7.39,6.675240000000004
CCCCCN(CCCCC)C(=O)N1CCN(C(=O)N(c2ccccc2)c2ccccc2)[C@H](C(=O)NCCCN(CC)CC)C1,7.39,6.5814000000000075
Cn1c(-c2ccc(Cl)cc2)c(CCC(=O)N2CCC(O)(Cc3ccccc3)CC2)c2cnccc21,7.39,5.422500000000005
Cc1cc(C)cc(C(=O)N2CCN(C(=O)CNC3CCN(C(=O)[C@@H](N)c4ccccc4)CC3)[C@H](c3ccc(Cl)c(Cl)c3)C2)c1,7.38,4.916540000000006
CO/N=C(\CN(C)Cc1cc(C(F)(F)F)cc(C(F)(F)F)c1)C(CCN1CCC(O)(c2ccccc2)CC1)c1ccc(Cl)c(Cl)c1,7.38,8.622700000000004
CS(=O)(=O)N1CC2(CCN(C(=O)[C@@H](COCc3ccccc3)NCc3ccc(Cl)c(Cl)c3)CC2)c2ccccc21,7.38,5.008400000000005
COc1ccccc1N1CCN(C(=O)CCc2c3n(c4ccc(C)cc24)C(=O)c2ccccc2-3)CC1,7.38,4.908620000000004
C[C@H](NC(=O)[C@@](C)(Cc1c[nH]c2ccccc12)NC(=O)OCc1ccc(F)c(F)c1)c1ccccc1,7.37,5.551100000000004
CS(=O)(=O)N1CC2(CCN(C(=O)C(COCc3ccccc3)NC(=O)Cc3ccc(Cl)c(Cl)c3)CC2)c2ccccc21,7.37,4.577500000000005
Cc1cc(C)cc(C(=O)N2C3CC(NCc4ccnc5ccccc45)CC2C(c2ccccc2)C3)c1,7.36,6.1707400000000066
C[C@H](NC(=O)CN)C(=O)N[C@H]1CSSC[C@H](C(=O)O)NC(=O)[C@H](CO)NC(=O)[C@H]([C@@H](C)O)NC(=O)[C@H](Cc2ccccc2)NC(=O)[C@H]([C@@H](C)O)NC(=O)[C@H](Cc2ccc(F)cc2)NC(=O)[C@H](Cc2c[nH]c3ccccc23)NC(=O)[C@H](Cc2ccccc2)NC(=O)[C@H](Cc2ccccc2)NC(=O)[C@H](CC(N)=O)NC(=O)[C@H](CCCCN)NC1=O,7.36,-3.6608000000000374
CO/N=C(\COCc1cc(C(F)(F)F)cc(C(F)(F)F)c1)C(CCN1CCC(NC(=O)C2CCCCC2)CC1)c1ccc(Cl)c(Cl)c1,7.36,8.8848
NC(=O)CN[C@H]1CC[C@@H](OCc2cc(C(F)(F)F)cc(C(F)(F)F)c2)[C@@H]1c1ccccc1,7.35,4.630500000000004
CN1CCC(COCc2cc(C(F)(F)F)cc(Cl)n2)(c2ccc(F)cc2)CC1,7.35,5.073100000000005
FC(F)(F)c1cc(COCC2(c3ccccc3)CCC(N3CCOCC3)C2)cc(C(F)(F)F)c1,7.35,6.063500000000005
CN(Cc1cc(Cl)cc(Cl)c1)C(=O)CC(c1ccccc1)c1ccccc1,7.35,6.174000000000006
CN(Cc1cc(C(F)(F)F)cc(C(F)(F)F)c1)C(=O)c1ccccc1-c1ccccc1Br,7.35,7.425900000000005
Cl.O=C1CCN(Cc2ccccc2F)CC1C(c1ccc(F)cc1)c1ccc(F)cc1,7.34,5.748800000000005
O=C(NCCc1cc(C(F)(F)F)cc(C(F)(F)F)c1)C(c1ccccc1)c1ccccc1,7.34,6.215000000000005
Cc1cccc(NC(=O)N2CCC3(CC2)NC(=O)N(Cc2cc(C(F)(F)F)cc(C(F)(F)F)c2)C3=O)c1,7.34,5.151120000000004
CN(Cc1cc(C(F)(F)F)cc(C(F)(F)F)c1)C(=O)C(c1ccccc1)c1ccccc1,7.33,6.514700000000005
CO/N=C(\COCc1cc(C(F)(F)F)cc(C(F)(F)F)c1)C(CCN1CCN(CC(=O)N2CCCCC2CO)CC1)c1ccc(Cl)c(Cl)c1,7.33,6.714900000000009
Cc1ccc(C)c(CO[C@H]2C3CCN(CC3)[C@H]2C(c2ccccc2)c2ccccc2)c1,7.32,6.114940000000007
C#C[C@]1(O)CCC2C3CCC4Cc5nc6nc7ccccc7n6cc5C[C@]4(C)C3CC[C@@]21C,7.32,5.2042000000000055
CN(C)C1CCC(COCc2cc(C(F)(F)F)cc(C(F)(F)F)c2)(c2ccccc2)CC1,7.32,6.683000000000006
CN(CCc1c[nH]c2ccccc12)C(=O)[C@H](Cc1ccccc1)NC(=O)[C@@H]1CCCN1/C(S)=N/Cc1ccccc1Cl,7.32,5.500100000000006
CSCC[C@@H](NC(=O)[C@H](CC(C)C)NC(=O)CNC(=O)[C@H](Cc1ccccc1)NC(=O)[C@@H](NC(=O)[C@H](CCC(N)=O)NC(=O)[C@H](CCC(N)=O)NC(=O)[C@@H]1CCCN1C(=O)[C@H](CCCCN)NC(=O)[C@@H]1CCCN1C(=O)[C@@H](N)CCCN=C(N)N)C1CCc2cc3ccccc3cc21)C(N)=O,7.32,-2.0705000000000098
COc1ccccc1CC(=O)N1CCC(CCN2CCC(C(N)=O)(c3ccccc3)CC2)(c2ccc(Cl)c(Cl)c2)C1,7.32,5.624000000000005
O=C(c1cc(C(F)(F)F)cc(C(F)(F)F)c1)N1CCN(C(=O)CNC2CCN(Cc3ccccc3)CC2)[C@H](c2ccc(Cl)c(Cl)c2)C1,7.32,7.310900000000007
O=C(CN(N1CCN(Cc2ccccc2)CC1)N1CCN(Cc2ccccc2)CC1)N1CCN(Cc2cc(C(F)(F)F)cc(C(F)(F)F)c2)CC1c1ccccc1,7.32,6.87730000000001
CC(=O)NC1(c2ccccc2)CCN(N(CC(=O)N2CCN(Cc3cc(C(F)(F)F)cc(C(F)(F)F)c3)CC2c2ccccc2)N2CCC(NC(C)=O)(c3ccccc3)CC2)CC1,7.32,7.49650000000001
COc1ccccc1CN[C@H]1CCCN[C@H]1C(c1ccccc1)c1ccccc1,7.31,4.737500000000004
COCO/N=C(\COCc1cc(C(F)(F)F)cc(C(F)(F)F)c1)C(CCN1CCC(O)(c2ccccc2)CC1)c1ccc(Cl)c(Cl)c1,7.31,8.681600000000003
Clc1cncc(Cl)c1N/N=C/c1ccccc1-c1ccccc1Br,7.31,6.263900000000003
COc1ccccc1C1=CC2(CCCNC2c2ccccc2)OC1,7.31,3.9723000000000024
N[C@H](COCc1cc(Cl)cc(Cl)c1)c1ccccc1,7.31,4.210000000000002
COc1ccc(C(COCc2cc(C(F)(F)F)cc(C(F)(F)F)c2)N2CCNCC2)cc1,7.3,4.895900000000005
NC(=O)[C@H](Cc1ccccc1)NC(=O)[C@@H]1NCC[C@@H]1c1ccccc1,7.3,1.3448999999999995
CC(=O)n1cc(C[C@@H](NC(=O)C[C@@H]2NC(=O)[C@@H]3C4CCC(CC4)N3C2=O)C(=O)N[C@@H](Cc2ccccc2)C(=O)N(C)Cc2ccccc2)c2ccccc21,7.3,3.372900000000006
CO/N=C(\COCc1cc(C(F)(F)F)cc(C(F)(F)F)c1)C(CCN1CCC(CN2CCCC(CO)C2)CC1)c1ccc(Cl)c(Cl)c1,7.3,8.140200000000007
Cc1cc(F)ccc1C1CNCC2CN(Cc3cc(C(F)(F)F)cc(C(F)(F)F)c3)C(=O)N21,7.3,5.122420000000004
CO/N=C(\CNCc1cc(C(F)(F)F)cc(C(F)(F)F)c1)C(CCN1CCC(O)(c2ccccc2)CC1)c1ccc(Cl)c(Cl)c1,7.3,8.280500000000005
CN1C(=O)OC2(CCN(CCC[C@@H](C(=O)N(C)[C@@H](Cc3ccccc3)C(=O)NCCN)c3ccc(Cl)c(Cl)c3)CC2)c2cc(F)ccc21.Cl,7.3,6.140400000000007
O=C(NCc1cc(C(F)(F)F)cc(C(F)(F)F)c1)[C@@H](CCN1CCC2(C=Cc3ccccc32)CC1)c1ccc(F)cc1,7.3,7.714000000000007
Fc1ccc(N(CCCc2cc(C(F)(F)F)cc(C(F)(F)F)c2)C2CCNCC2)cc1,7.3,6.054500000000005
COc1ccccc1CNCC(Cc1c[nH]c2ccccc12)NC(=O)CN1CCN(c2ccccc2)CC1,7.29,3.815800000000002
CN(Cc1cc(C(F)(F)F)cc(C(F)(F)F)c1)C(=O)c1ccccc1-c1ccccc1,7.29,6.663400000000005
CO/N=C(\COCc1cc(C(F)(F)F)cc(C(F)(F)F)c1)C(CCN1CCN(C2CCCCC2)CC1)c1ccc(Cl)c(Cl)c1,7.28,8.674200000000003
FC(F)(F)c1cccc(CO[C@H]2C3CCN(CC3)[C@H]2C(c2ccccc2)c2ccccc2)c1,7.28,6.516900000000006
CO/N=C(\COCc1cc(OC)c(OC)c(OC)c1)C(CCN1CCC(O)(c2ccccc2)CC1)c1ccc(Cl)c(Cl)c1,7.28,6.695700000000009
CN(Cc1cc(C(F)(F)F)cc(C(F)(F)F)c1)C(=O)c1c(CBr)nc2ccccc2c1-c1ccccc1,7.28,8.106500000000004
CN(Cc1cc(C(F)(F)F)cc(C(F)(F)F)c1)C(=O)c1c(-c2ccccc2)ccnc1CCl,7.28,6.797200000000005
Cc1nc(N2CCN(C)CC2)cc(-c2ccccc2)c1C(=O)NCc1cc(C(F)(F)F)cc(C(F)(F)F)c1,7.28,5.776420000000005
CC(=O)N[C@@H](Cc1c[nH]c2ccccc12)C(=O)OCc1cc(C)cc(C)c1,7.28,3.5753400000000024
CC(=O)Nc1nc(CN2CCC(NCC(=O)N3CCN(C(=O)c4cc(C)cc(C)c4)C[C@H]3c3ccc(Cl)c(Cl)c3)CC2)cs1,7.28,5.305040000000006
Cc1c(C(=O)N(C)Cc2cc(C(F)(F)F)cc(C(F)(F)F)c2)c(-c2ccccc2)cc2nncn12,7.28,6.0145200000000045
Cc1cc(C)cc(C(=O)N2CC[C@H](NCc3ccnc4ccccc34)C[C@H]2Cc2cc(Br)cc(Br)c2)c1,7.28,7.382340000000007
CN1CCC(COCc2cc(C(F)(F)F)cc(Cl)n2)(c2ccccc2F)CC1,7.28,5.073100000000004
CN(Cc1ccccc1)C(=O)[C@H](Cc1ccccc1)NC(=O)[C@@H](Cc1cn(C=O)c2ccccc12)NC(=O)C[C@@H]1NC(=O)[C@@H]2C3CCC(CC3)N2C1=O,7.27,2.751100000000002
Cc1cc2c(-c3ccccc3)c(NC(=O)N(C)Cc3cc(C(F)(F)F)cc(C(F)(F)F)c3)n(C)c(=O)c2cc1C,7.27,7.523840000000005
CN(Cc1ccc(Cl)c(Cl)c1)CC(NCc1ccccc1)C(=O)N1CCC2(CC1)CN(S(C)(=O)=O)c1ccccc12,7.27,4.923600000000004
O=C(c1cccc(Cl)c1)N1CC[C@H](NCc2ccnc3ccccc23)C[C@H]1Cc1ccccc1,7.27,5.893900000000005
CSCC[C@H](NC(=O)[C@H](CC(C)C)NC(=O)CNC(=O)[C@H](Cc1ccccc1)NC(=O)[C@@H](NC(=O)[C@H](CCC(N)=O)NC(=O)[C@H](CCC(N)=O)NC(=O)[C@H]1CCCN1C(=O)[C@H](CCCCN)NC(=O)[C@@H]1CCCN1C(=O)[C@@H](N)CCCN=C(N)N)[C@@H]1CCc2ccccc21)C(N)=O,7.27,-3.2237000000000036
COc1cccc(CN2CCC(=O)C(C(c3ccc(F)cc3)c3ccc(F)cc3)C2)c1OC.Cl,7.26,5.626900000000006
Cc1ccc(-c2c(C(=O)N(C)Cc3cc(C(F)(F)F)cc(C(F)(F)F)c3)c3nnnn3c3ccccc23)cc1,7.26,6.562720000000005
Cc1cc(C)cc(COC[C@@H](N)c2ccccc2)c1,7.26,3.5200400000000016
Cc1cccc(CNC(COCc2ccccc2)C(=O)N2CCC3(CC2)CN(S(C)(=O)=O)c2ccccc23)c1,7.26,4.0100200000000035
Cn1c(-c2ccc(Cl)cc2)c(CCC(=O)N2CCC(CO)(c3ccccc3)CC2)c2cc(Cl)ccc21,7.26,6.637400000000006
Cc1cc(C)cc(COCC(NC(C)C)C(c2ccccc2)c2ccccc2)c1,7.26,6.018740000000006
CC(C)(C)c1cccc(COCC2(c3ccccc3)CCNCC2)c1,7.26,4.822100000000004
CCCCCN(CCCCC)C(=O)N1CCN(C(=O)N(c2ccccc2)c2ccccc2)[C@H](C(=O)NCCN(C)C)C1,7.26,5.411100000000005
CN(Cc1cc(C(F)(F)F)cc(C(F)(F)F)c1)C(=O)CC(c1ccccc1)c1ccccc1,7.25,6.904800000000005
CN(Cc1ccccc1)C(=O)[C@H](Cc1c[nH]c2ccccc12)NC(=O)N1CCC2(CCc3ccccc32)CC1,7.25,5.427200000000005
CC(C)C[C@@H](C(=O)N[C@@H](Cc1c[nH]c2ccccc12)C(N)=O)N1CC[C@@]2(CCCN2C(=O)[C@H](Cc2ccc(O)cc2)NC(=O)[C@H](Cc2ccccc2)NC(=O)[C@H](CCCCN)NC(=O)[C@H](CC(N)=O)NC(=O)[C@@H]2CCCN2C(=O)[C@H](CC(=O)O)NC(=O)[C@H](C)NC(=O)C2CCCN2)C1=O,7.25,-0.969500000000014
COc1cccc(COC2C3CCN(CC3)C2C(c2ccccc2)c2ccccc2)c1,7.25,5.506700000000006
FC(F)(F)c1cccc(COCC2(c3ccccc3)CCNCC2)c1,7.24,4.543400000000003
Cc1c(C(=O)N(C)Cc2cc(C(F)(F)F)cc(C(F)(F)F)c2)c(-c2ccccc2)cc2nnnn12,7.24,5.409520000000004
CO/N=C(\CN(C)C(=O)c1ccccc1OC)C(CCN1CCC(O)(c2ccccc2)CC1)c1ccc(Cl)c(Cl)c1,7.24,6.233900000000008
CCCCCN(CCCCC)C(=O)N1CCN(C(=O)N(c2ccccc2)c2ccccc2)[C@H](C(=O)NCCN)C1,7.24,4.808200000000003
CC/C=C(\COCc1cc(C(F)(F)F)cc(C(F)(F)F)c1)C(CCN1CCC(O)(c2ccccc2)CC1)c1ccc(Cl)c(Cl)c1,7.24,10.041499999999992
CS(=O)(=O)N1CC2(CCN(C(=O)C(COCc3ccccc3)NCc3cccc(Cl)c3)CC2)c2ccccc21,7.24,4.355000000000005
COc1ccc(CNC(COCc2ccccc2)C(=O)N2CCC3(CC2)CN(S(C)(=O)=O)c2ccccc23)cc1,7.24,3.710200000000002
O=C1CC(COCc2cc(C(F)(F)F)cc(C(F)(F)F)c2)(c2ccccc2)CCN1,7.24,5.088800000000004
Clc1ccccc1CNC1C2CC3CCCC(C2)N3[C@H]1C(c1ccccc1)c1ccccc1,7.24,6.645600000000006
FC(F)(F)c1cc(CO[C@@H]2OCCN[C@@H]2c2ccccc2)cc(C(F)(F)F)c1,7.23,4.928000000000003
CCCC[C@@H]1NC(=O)[C@H](Cc2ccccc2)NC(=O)CNC(=O)[C@@H](NC(=O)[C@@H](N)Cc2ccc(O)cc2)C(C)(C)SSC(C)(C)[C@H](C(=O)N2CCC[C@H]2C(=O)N[C@@H](CC(C)C)C(=O)N[C@@H](Cc2c[nH]c3ccccc23)C(=O)NCc2cc(C(F)(F)F)cc(C(F)(F)F)c2)NC(=O)[C@@H]2CCCN2C1=O,7.23,6.778200000000015
Fc1ccc(C2CCN([C@H]3CC[C@@](COCc4cc(C(F)(F)F)cc(C(F)(F)F)c4)(c4ccccc4)CC3)CC2)cc1,7.23,9.1401
COc1ccc(C[C@@H]2NC(=O)[C@@H](Cc3c[nH]c4ccccc34)NC(=O)[C@H](Cc3ccccc3)NC(=O)[C@@H]3CCCN3C(=O)[C@H](Cc3ccccc3)NC(=O)[C@H]([C@@H](C)O)NC2=O)cc1,7.23,2.2565000000000044
O=C(Cc1ccccc1)N[C@H]1CCN(C(=O)c2cc(Cl)cc(Cl)c2)[C@H](Cc2ccccc2)C1,7.22,5.5682000000000045
CC(=O)NCCCCCOC[C@H]1O[C@@H](OCCc2c[nH]c3ccccc23)[C@H](OCc2ccccc2)[C@@H](OCc2ccccc2)[C@@H]1OCc1ccccc1,7.22,7.531100000000009
Cc1cc(O)cc(C)c1C[C@H](N)C(=O)N[C@H](CCCNC(=N)N)C(=O)N[C@H]1Cc2ccccc2CN(CCC(=O)N(C)Cc2cc(C(F)(F)F)cc(C(F)(F)F)c2)C1=O,7.22,3.7829100000000047
CS(=O)(=O)NC(=O)[C@H](Cc1ccccc1)NC(=O)OCc1ccccc1,7.22,1.5998999999999992
CS(=O)(=O)N1CC2(CCN(C(=O)C(COCc3ccccc3)NCc3cccc(Br)c3)CC2)c2ccccc21,7.22,4.464100000000005
CSCC[C@H](NC(=O)[C@H](CC(C)C)NC(=O)CNC(=O)[C@H](CCc1ccccc1)NC(=O)[C@H](Cc1ccccc1)NC(=O)[C@H](CCC(N)=O)NC(=O)[C@H](CCC(N)=O)NC(=O)[C@H]1CCCN1C(=O)[C@H](CCCCN)NC(=O)[C@@H]1CCCN1C(=O)[C@@H](N)CCCN=C(N)N)C(N)=O,7.21,-3.3209000000000097
CO/N=C(\COCc1cc(C(F)(F)F)cc(C(F)(F)F)c1)C(CCN1CCN(C)CC1)c1ccc(Cl)c(Cl)c1,7.21,6.971300000000006
c1ccc(Oc2cccc(COC3C4CCN(CC4)C3C(c3ccccc3)c3ccccc3)c2)cc1,7.21,7.290400000000007
O=C(N[C@@H](Cc1c[nH]c2ccccc12)C(=O)OCc1cccc(C(F)(F)F)c1)c1ccccc1,7.21,5.271200000000004
CO/N=C(\COCc1cc(C(F)(F)F)cc(C(F)(F)F)c1)C(CCN1CCN(CC(=O)NC2CC2)CC1)c1ccc(Cl)c(Cl)c1,7.21,6.620100000000007
Clc1cccc(COC2C3CCN(CC3)C2C(c2ccccc2)c2ccccc2)c1,7.21,6.151500000000006
NCC(=O)N[C@H]1CCN(C(=O)c2cc(C(F)(F)F)cc(C(F)(F)F)c2)[C@H](Cc2ccccc2)C1,7.21,4.015000000000003
COc1ccccc1C(CNC(=O)Cc1cc(C)cc(C)c1)N1CCC(N2CCCCC2)CC1,7.21,4.662340000000005
CN(c1ccccc1C1CCN(C(=O)[C@H](COCc2ccc(Cl)c(Cl)c2)NCc2ccccc2)CC1)S(C)(=O)=O,7.21,5.470400000000005
CN(Cc1cc(C(F)(F)F)cc(C(F)(F)F)c1)C(=O)[C@H]1CN(CC2CCCCC2)C[C@@H]1c1ccccc1,7.21,6.978500000000007
CC(=O)N1CCC(C(=O)N2CC[C@@H](N(C)C(=O)c3ccc(C4CC4)cc3)[C@H](c3ccc(Cl)c(Cl)c3)C2)CC1,7.21,5.586000000000006
CS(=O)(=O)N1CC2(CCN(C(=O)[C@H](CS(=O)(=O)Cc3ccc(Cl)c(Cl)c3)NCc3ccccc3)CC2)c2ccccc21,7.2,4.406600000000004
FC(F)(F)c1cc(COCC(c2ccccc2)N2CCN(Cc3nn[nH]n3)CC2)cc(C(F)(F)F)c1,7.2,4.313000000000003
FC(F)(F)c1cc(CCCC2(c3ccccc3)CCNCC2)cc(C(F)(F)F)c1,7.2,6.368300000000004
CCOC(=O)N1CCN(C(COCc2cc(C(F)(F)F)cc(C(F)(F)F)c2)c2ccccc2)CC1,7.2,5.756200000000006
CSCC[C@H](NC(=O)[C@H](CC(C)C)NC(=O)CNC(=O)[C@H](Cc1ccccc1)NC(=O)/C(=C\c1ccccc1)NC(=O)[C@H](CCC(N)=O)NC(=O)[C@H](CCC(N)=O)NC(=O)[C@H]1CCCN1C(=O)[C@H](CCCCN)NC(=O)[C@@H]1CCCN1C(=O)[C@@H](N)CCCN=C(N)N)C(N)=O,7.2,-3.2812000000000126
CN1C(=O)OC2(CCN(CCC[C@@](C)(C(=O)N[C@H](Cc3ccccc3)C(=O)NCCN)c3ccc(Cl)c(Cl)c3)CC2)c2cc(F)ccc21.O=C(O)C(F)(F)F,7.2,6.183800000000004
CC(C)C[C@H](NC(=O)CNC(=O)OCc1ccccc1)C(=O)N1Cc2[nH]c3ccccc3c2C[C@H]1C(=O)OCc1cc(C(F)(F)F)cc(C(F)(F)F)c1,7.2,6.659500000000006
CNC(=O)N1C(=O)N(Cc2cc(C(F)(F)F)cc(C(F)(F)F)c2)C(=O)C1Cc1c[nH]c2ccccc12,7.2,4.920400000000003
NC(=O)[C@@H](Cc1ccccc1)NC(=O)[C@H](N)Cc1ccccc1,7.19,0.7692000000000002
COc1cc(C(=O)N2CCC(CCN3CCC(C(N)=O)(c4ccccc4)CC3)(c3ccc(Cl)c(Cl)c3)C2)cc(OC)c1C,7.19,6.012120000000006
C[C@@H](O)[C@H]1NC(=O)[C@H](Cc2ccc(F)cc2)NC(=O)[C@@H](Cc2c[nH]c3ccccc23)NC(=O)[C@H](Cc2ccc3ccccc3c2)NC(=O)[C@@H]2CCCN2C(=O)[C@H](Cc2ccccc2)NC1=O,7.19,3.540200000000003
CN1CCC(COCc2cc(Cl)cc(C(F)(F)F)n2)(c2ccccc2)CC1,7.18,4.934000000000005
COc1cc(C(=O)N2CCC(CCN3CCC(C(N)=O)(c4ccccc4)CC3)(c3ccc(Cl)c(Cl)c3)C2)cc(OC)c1OC(C)C,7.18,6.490900000000007
COc1cc(CC(=O)N2CCC(CCN3CCC(C(N)=O)(c4ccccc4)CC3)(c3ccc(Cl)c(Cl)c3)C2)cc(OC)c1OC,7.18,5.641200000000006
CCN(Cc1ccccc1)C(=O)Nc1c(-c2ccccc2)c2cc(C)c(C)cc2c(=O)n1C,7.18,5.876340000000005
O=C(O)CN1CCO[C@H](OCc2cc(C(F)(F)F)cc(C(F)(F)F)c2)[C@@H]1c1ccccc1,7.18,4.725000000000003
COc1ccccc1CN[C@H]1C2CCN(CC2)[C@H]1C(c1ccc(Cl)cc1)c1ccc(Cl)cc1,7.17,6.386500000000007
CC(=O)NC(Cc1c[nH]c2ccccc12)C(=O)OCc1cc(C)cc(C)c1,7.17,3.5753400000000024
CNc1ccccc1CN[C@H]1C2CCN(CC2)[C@H]1C(c1ccccc1)c1ccccc1,7.17,5.1128000000000045
C[C@H](c1ccccc1)[C@@H](NC(=O)[C@@H](N)Cc1ccccc1)C(N)=O,7.17,1.3302
CN(C(=O)C(C)(C)c1cc(C(F)(F)F)cc(C(F)(F)F)c1)c1ccccc1-c1ccccc1,7.17,7.331800000000006
CC(=O)N1CCC(C(=O)N2CC[C@@H](N(C)C(=O)c3ccc(Br)cc3)C(c3ccc(Cl)c(Cl)c3)C2)CC1,7.17,5.471100000000006
c1ccc(CN[C@H]2C3CC4CCC(C3)N4[C@H]2C(c2ccccc2)c2ccccc2)cc1,7.17,5.602100000000005
O=C(O)[C@@H]1CC[C@H](OCc2cc(C(F)(F)F)cc(C(F)(F)F)c2)[C@H]1c1ccccc1,7.17,5.887800000000005
FC(F)(F)c1ccccc1COC1C2CCN(CC2)C1C(c1ccccc1)c1ccccc1,7.17,6.516900000000006
COC(=O)C(=O)N1CCC[C@H](OCc2cc(C(F)(F)F)cc(C(F)(F)F)c2)[C@@H]1c1ccccc1,7.17,5.146100000000004
CN(Cc1cc(C(F)(F)F)cc(C(F)(F)F)c1)C(=O)Cc1c(-c2ccccc2)c2ccccc2c(=O)n1C,7.17,6.444200000000005
c1ccc(CNC2C3CC4CCC(C3)N4[C@H]2C(c2ccccc2)c2ccccc2)cc1,7.17,5.602100000000005
CN(Cc1ccccc1)C(=O)[C@H](Cc1c[nH]c2ccccc12)NC(=O)N1CCC2(C=Cc3ccccc32)CC1,7.17,5.507800000000005
Cc1cc(C)cc(C(=O)N2CCN(C(=O)CNC3CCN(C(=O)[C@H](N)Cc4c[nH]c5ccccc45)CC3)[C@H](c3ccc(Cl)c(Cl)c3)C2)c1,7.16,5.267840000000006
CO/N=C(\COCc1ccc(F)c2ccccc12)C(CCN1CCC(O)(c2ccccc2)CC1)c1ccc(Cl)c(Cl)c1,7.16,7.962200000000007
CO/N=C(\COCc1cc(C(F)(F)F)cc(C(F)(F)F)c1)C(CCN1CCN(c2ncccn2)CC1)c1ccc(Cl)c(Cl)c1,7.16,7.336100000000005
CN(Cc1nn[nH]n1)[C@H](COCc1cc(C(F)(F)F)cc(C(F)(F)F)c1)c1ccccc1,7.16,4.627200000000003
COc1cc(OC)cc(C(=O)N2CCC(CCN3CCC(C(N)=O)(c4ccccc4)CC3)(c3ccc(Cl)c(Cl)c3)C2)c1,7.16,5.703700000000005
CSCC[C@H](NC(=O)[C@H](CC(C)C)NC(=O)CNC(=O)[C@@H](NC(=O)[C@H](Cc1ccccc1)NC(=O)[C@H](Cc1ccccc1)NC(=O)[C@H](CC(=O)O)NC(=O)[C@H](Cc1c[nH]cn1)NC(=O)[C@H](CCSC)NC(=O)[C@@H](N)CC(=O)O)C(C)C)C(N)=O,7.16,-1.5975000000000072
CO/N=C(\COCc1cc(C(F)(F)F)cc(C(F)(F)F)c1)C(CCN1CCC(CN2CCCC(Cc3ccccc3)C2=O)CC1)c1ccc(Cl)c(Cl)c1,7.16,9.917199999999996
CC(=O)N(C)C1CCN(CCC(C)(C(=O)N(C)Cc2ccccc2Cl)c2ccc(Cl)c(Cl)c2)CC1,7.15,5.895900000000006
COc1cccc(CNC(COCc2ccccc2)C(=O)N2CCC3(CC2)CN(S(C)(=O)=O)c2ccccc23)c1,7.15,3.710200000000003
C[C@](N)(Cc1ccccc1)C(=O)N[C@@H](Cc1ccccc1)C(N)=O,7.15,1.1592999999999998
CCCCCN(CCCCC)C(=O)[C@@H]1CCN(C(=O)N(c2ccccc2)c2ccccc2)[C@H](C(=O)NCCN(C)Cc2ccccc2OC)C1,7.14,7.491100000000008
O=C(Nc1ccccc1)N[C@H]1CCN(C(=O)c2cc(Cl)cc(Cl)c2)[C@H](Cc2ccccc2)C1,7.14,6.031000000000005
O=C1NC2(CCN(S(=O)(=O)CCc3cccc4ccccc34)CC2)C(=O)N1Cc1cc(C(F)(F)F)cc(C(F)(F)F)c1,7.13,5.336300000000005
FC(F)(F)c1cc(COCC2(c3ccccc3)CCC(NC3CC3)CC2)cc(C(F)(F)F)c1,7.13,6.873400000000005
FC(F)(F)c1cc(Cl)cc(COCC2(c3ccccc3)CCNCC2)n1,7.13,4.5918000000000045
COc1ccccc1C(=O)N1CCC(CCN2CCC(C(N)=O)(c3ccccc3)CC2)(c2ccc(Cl)c(Cl)c2)C1,7.13,5.695100000000005
FC(F)(F)c1cc(COC[C@@]2(c3ccccc3)CCCN(Cc3ccccc3)CC2)cc(C(F)(F)F)c1,7.13,7.864900000000007
N[C@H](COCc1cccc(Cl)c1)C(c1ccccc1)c1ccccc1,7.12,5.016000000000004
CSCC[C@H](NC(=O)[C@H](CC(C)C)NC(=O)CNC(=O)[C@@H](NC(=O)[C@H](Cc1ccccc1)NC(=O)[C@H](CCC(=O)O)NC(=O)[C@H](CC(=O)O)NC(=O)[C@H](CO)NC(=O)[C@H](CCCCN)NC(=O)[C@@H]1CCCN1C(=O)[C@@H](NC(=O)[C@@H](N)CC(=O)O)C(C)C)C(C)C)C(N)=O,7.12,-4.441199999999997
c1ccc(CO[C@H]2C3CCN(CC3)[C@H]2C(c2ccccc2)c2ccccc2)cc1,7.12,5.498100000000005
NC(COCc1cccc(Cl)c1)C(c1ccccc1)c1ccccc1,7.12,5.016000000000004
Cc1noc(C)c1S(=O)(=O)N1CCC2(CC1)C1C(=O)N(c3ccccc3)C(=O)C1CN2C(=O)c1cc(C(F)(F)F)cc(C(F)(F)F)c1,7.12,4.8141400000000045
CO/N=C(\C(C)OCc1cc(C(F)(F)F)cc(C(F)(F)F)c1)C(CCN1CCC(O)(c2ccccc2)CC1)c1ccc(Cl)c(Cl)c1,7.12,9.096000000000002
CN(Cc1ccccc1)C(=O)[C@H](Cc1ccccc1)NC(=O)[C@@H]1CCCN1/C(S)=N/Cc1cc(C(F)(F)F)cc(C(F)(F)F)c1,7.11,6.360500000000007
CN(Cc1ccccc1)C(=O)[C@H](Cc1ccccc1)NC(=O)[C@@H]1CCCN1/C(S)=N/Cc1ccccc1[N+](=O)[O-],7.11,4.231100000000003
COc1ccc(CN2CCC(=O)C(C(c3ccc(F)cc3)c3ccc(F)cc3)C2)cc1.Cl,7.11,5.618300000000006
NC(COCc1cccc(I)c1)C(c1ccccc1)c1ccccc1,7.11,4.967200000000004
CC(=O)NC1(c2ccccc2)CCN(C(=O)N[C@@H](Cc2c[nH]c3ccccc23)C(=O)N(C)Cc2ccccc2)CC1,7.11,4.574600000000004
CN(C)c1ccccc1CC(=O)N1C[C@H]2[C@@H](C1)C(c1ccccc1)(c1ccccc1)SC[C@@H]2O,7.11,4.421200000000005
CSCC[C@H](NC(=O)[C@H](CC(C)C)NC(=O)CNC(=O)[C@H](Cc1ccccc1)NC(=O)[C@H](CCc1ccccc1)NC(=O)[C@H](CCC(N)=O)NC(=O)[C@H](CCC(N)=O)NC(=O)[C@H]1CCCN1C(=O)[C@H](CCCCN)NC(=O)[C@@H]1CCCN1C(=O)[C@@H](N)CCCN=C(N)N)C(N)=O,7.11,-3.3209000000000097
CC(=O)N1CCC(C(=O)N2CC[C@@H](N(C)C(=O)c3ccc(Cl)cc3)[C@H](c3ccc(Cl)c(Cl)c3)C2)CC1,7.11,5.362000000000005
CN(C(=O)c1ccc(Cl)cc1)[C@@H]1CCN(C(=O)C2CCN(C(=O)CO)CC2)C[C@H]1c1ccc(Cl)c(Cl)c1,7.1,4.334400000000004
Fc1ccc(C(COCc2cc(C(F)(F)F)cc(C(F)(F)F)c2)N2CCNCC2)cc1,7.1,5.026400000000005
Clc1ccccc1COC1C2CCN(CC2)C1C(c1ccccc1)c1ccccc1,7.1,6.151500000000006
CN(CCN1CCOCC1)C(=O)[C@@H](NC(=O)C(C)(C)c1cc(C(F)(F)F)cc(C(F)(F)F)c1)c1ccccc1,7.1,4.649900000000004
CC(=O)N1CCC(C(=O)N2CC[C@@H](N(C)C(=O)c3ccc(C(F)(F)F)cc3)[C@H](c3ccc(Cl)c(Cl)c3)C2)CC1,7.1,5.7274000000000065
CN(Cc1ccccc1)C(=O)[C@H](Cc1ccccc1)NC(=O)[C@@H]1CCCN1C(=S)Nc1ccccc1,7.1,4.233900000000003
CS(=O)(=O)N1CC2(CCN(C(=O)C(COCc3ccccc3)NCc3cc(Cl)cc(Cl)c3)CC2)c2ccccc21,7.1,5.008400000000005
CS(=O)(=O)N1CC2(CCN(C(=O)C(COCc3ccccc3)NCc3ccccc3)CC2)c2ccccc21,7.1,3.7016000000000036
Cc1cccc(CN(C(=O)COc2cc(C(F)(F)F)cc(C(F)(F)F)c2)C2CCNCC2)c1,7.1,5.192220000000005
NCCCC[C@H](NC(=O)[C@@H]1CCCN1C(=O)[C@@H](N)CCCN=C(N)N)C(=O)N1CCC[C@H]1C(=O)N[C@@H](CCC(N)=O)C(=O)N[C@@H](CCC(N)=O)C(=O)N[C@@H](Cc1ccccc1)C(=O)N[C@@H](Cc1ccccc1)C(=O)N1CCC[C@H]1C(=O)N1CCC(Cc2ccccc2)[C@H]1C(=O)N[C@@H](Cc1c[nH]c2ccccc12)C(N)=O,7.1,-0.9364000000000301
Cc1cc(C)cc(COCC(N)C2c3ccccc3C=Cc3ccccc32)c1,7.1,5.463240000000004
COc1ccccc1-c1[nH]c2ccc(C)cc2c1CCC(=O)N1CCN(c2ccccc2OC)CC1,7.09,5.441920000000005
CO/N=C(\COc1cc(C(F)(F)F)cc(C(F)(F)F)c1)C(CCN1CCC(O)(c2ccccc2)CC1)c1ccc(Cl)c(Cl)c1,7.09,8.569700000000005
Cc1cc(C)cc(COCC(NCc2ccccc2)C(c2ccccc2)c2ccccc2)c1,7.09,6.810540000000007
Fc1ccc(C2CCN([C@H]3CC[C@@](CNCc4cc(C(F)(F)F)cc(C(F)(F)F)c4)(c4ccccc4)CC3)CC2)cc1,7.09,8.713100000000004
Cc1cc(C)cc(COC[C@@H](Nc2ccccc2)C(c2ccccc2)c2ccccc2)c1,7.09,7.132840000000007
COc1ccccc1CN(C[C@H](Cc1c[nH]c2ccccc12)NC(=O)CN1CCN(C2CCCCC2)CC1)C(C)=O,7.09,4.202800000000003
CCO/N=C(\COCc1cc(C(F)(F)F)cc(C(F)(F)F)c1)C(CCN1CCC(O)(c2ccccc2)CC1)c1ccc(Cl)c(Cl)c1,7.09,9.097600000000002
CO/N=C(\COCc1cc(C(F)(F)F)cc(C(F)(F)F)c1)C(CCN1CCN(CC(=O)N2CCCCC2)CC1)c1ccc(Cl)c(Cl)c1,7.09,7.354000000000008
O=C(Cc1cc(C(F)(F)F)cc(C(F)(F)F)c1)NCC(Cc1ccccc1)N1CCC(N2CCCCC2)CC1,7.09,5.944500000000005
CO/N=C(\COCc1cc(C(F)(F)F)cc(C(F)(F)F)c1)C(CCN1CCN(CC(=O)N(C(C)C)C(C)C)CC1)c1ccc(Cl)c(Cl)c1,7.09,7.986900000000009
CN(C(=O)c1ccc(Br)cc1)[C@@H]1CCN(C(=O)C2CCN(C(=O)CO)CC2)C[C@H]1c1ccc(Cl)c(Cl)c1,7.08,4.443500000000004
FC(F)(F)c1ccccc1COCC1(c2ccccc2)CCNCC1,7.08,4.543400000000004
CN(C(=O)c1cc(C(F)(F)F)cc(C(F)(F)F)c1)[C@H](/C=C/C(=O)N[C@H]1CCCCNC1=O)Cc1ccc(Cl)cc1,7.07,5.4020000000000055
C=C[C@]1(O)CCC2C3CCC4Cc5nc6nc7ccccc7n6cc5C[C@]4(C)C3CC[C@@]21C,7.07,5.757000000000006
N#Cc1ccccc1COC1C2CCN(CC2)C1C(c1ccccc1)c1ccccc1,7.07,5.369780000000006
CCN(Cc1ccccc1OC)CC(Cc1c[nH]c2ccccc12)NC(=O)CN1CCN(c2ccccc2)CC1,7.07,4.548100000000004
C[C@@H](O)[C@@H]1NC(=O)[C@H](Cc2ccccc2)NC(=O)[C@@H](Cc2c[nH]c3ccccc23)NC(=O)[C@H](CCc2ccccc2)NC(=O)[C@@H]2CCCN2C(=O)[C@H](Cc2ccccc2)NC1=O,7.07,2.6380000000000035
O=C(Cc1cc(C(F)(F)F)cc(C(F)(F)F)c1)N[C@]1(c2ccccc2)CC[C@@H](N2CCC(c3ccc(F)cc3)CC2)CC1,7.07,8.239700000000006
C[C@H](O[C@H]1CCCN[C@H]1c1ccccc1)c1cc(Cl)cc(Cl)c1,7.07,5.564300000000005
CN(Cc1ccccc1)C(=O)[C@H](Cc1ccccc1)NC(=O)[C@@H](Cc1cn(C(=O)CCC(=O)O)c2ccccc12)NC(=O)C[C@@H]1NC(=O)[C@@H]2C3CCC(CC3)N2C1=O,7.07,3.217800000000003
O=C(O)CN1CCC[C@H](OCc2cc(C(F)(F)F)cc(C(F)(F)F)c2)[C@@H]1c1ccccc1,7.07,5.531100000000004
C[C@@H](O[C@H]1CCCN[C@H]1c1ccccc1)c1ccccc1,7.07,4.257500000000003
C[C@H](O[C@H]1CCCN[C@H]1c1ccccc1)c1cc(C(F)(F)F)cc(C(F)(F)F)c1,7.06,6.295100000000004
COc1ccc(CN[C@H]2C3CCCN(CC3)[C@H]2C(c2ccccc2)c2ccccc2)c(OC)c1,7.06,5.478400000000006
COc1ccccc1N1CCN(C(=O)CCc2c(-c3ccccc3)[nH]c3ccc(F)cc23)CC1,7.06,5.264000000000005
COC(=O)N[C@@H](Cc1c[nH]c2ccccc12)C(=O)OCc1cc(C)cc(C)c1,7.06,3.7952400000000024
FC(F)(F)c1cc(C2OC2[C@@H]2OCCN[C@@H]2c2ccccc2)cc(C(F)(F)F)c1,7.06,4.893800000000003
CS(=O)(=O)N1CC2(CCN(C(=O)C(COCc3ccccc3)NS(=O)(=O)c3ccc(Cl)c(Cl)c3)CC2)c2ccccc21,7.06,4.197100000000004
O=C1NC[C@](COCc2cc(C(F)(F)F)cc(C(F)(F)F)c2)(c2ccc(F)cc2)N1,7.05,4.588200000000003
COc1ccccc1N1CCN(C(=O)CCc2c(-c3ccccc3Br)[nH]c3ccc(C)cc23)CC1,7.05,6.1958200000000065
COc1cc(COCC2(c3ccccc3)CCNCC2)cc(OC)c1,7.05,3.541800000000002
CO/N=C(\CCCc1cc(C(F)(F)F)cc(C(F)(F)F)c1)C(CCN1CCC(O)(c2ccccc2)CC1)c1ccc(Cl)c(Cl)c1,7.04,9.513599999999997
Cc1cc(C)cc(C(=O)N2CCN(C(=O)CNC3CCN(Cc4ncc[nH]4)CC3)[C@H](c3ccc(Cl)c(Cl)c3)C2)c1,7.04,4.613240000000004
Cc1nc(Cl)cc(-c2ccccc2)c1C(=O)N(C)Cc1cc(C(F)(F)F)cc(C(F)(F)F)c1,7.04,7.0202200000000055
COc1cc(OC)cc(C(=O)N2CC[C@H](NCc3ccnc4ccccc34)C[C@H]2Cc2ccccc2)c1,7.04,5.257700000000005
Cc1cc(C)cc(COCC(N)C2c3ccccc3CCc3ccccc32)c1,7.03,5.078040000000005
Clc1cncc(Cl)c1N/N=C/c1ccccc1-c1c(Cl)cccc1Cl,7.03,6.808200000000003
Cc1cc(C)cc(COCC(NCC2CC2)C(c2ccccc2)c2ccccc2)c1,7.03,6.020340000000006
Fc1ccccc1COC1C2CCN(CC2)C1C(c1ccccc1)c1ccccc1,7.03,5.637200000000005
NC(=O)[C@H]1[C@@H](c2ccccc2)CCN1C(=O)[C@@H](N)Cc1ccccc1,7.03,1.4263999999999994
C[C@H](OC[C@@]1(c2ccccc2)CNC(=O)N1)c1cc(C(F)(F)F)cc(C(F)(F)F)c1,7.03,5.010100000000003
O=C(c1ccccc1)N1CCN(C(=O)CNC2CCN(Cc3ccccc3)CC2)C(c2ccc(Cl)c(Cl)c2)C1,7.03,5.273300000000005
FC(F)(F)c1cc(COCC2(c3ccccc3)CCC(N3CCCCC3)CC2)cc(C(F)(F)F)c1,7.03,7.607300000000006
COc1ccccc1N1CCN(C(=O)CCc2c(-c3ccc(Cl)cc3)n(Cc3ccccc3)c3ccc(Cl)cc23)CC1,7.02,7.9534000000000065
C[C@H](O)[C@@H]1NC(=O)[C@H](Cc2ccccc2)NC(=O)[C@@H](Cc2c[nH]c3ccccc23)NC(=O)[C@H](Cc2ccccc2)NC(=O)[C@@H]2CCCN2C(=O)[C@H](Cc2ccccc2)NC1=O,7.02,2.247900000000003
CO/N=C(\COCc1cc(F)cc(C(F)(F)F)c1)C(CCN1CCC(O)(c2ccccc2)CC1)c1ccc(Cl)c(Cl)c1,7.02,7.827800000000008
Cl.O=C1CCN(Cc2ccccc2)CC1C(c1ccc(F)cc1)c1ccc(F)cc1,7.01,5.6097000000000055
Cl.O=C1CCN(Cc2ccccc2)CC1C(c1ccccc1)c1ccccc1,7.01,5.3315000000000055
Cl.O=C1CCN(Cc2ccccc2)CC1C(c1ccc(Cl)cc1)c1ccc(Cl)cc1,7.01,6.638300000000005
COc1ccc(COC(=O)N[C@](C)(Cc2c[nH]c3ccccc23)C(=O)N[C@@H](C)c2ccccc2)cc1OC,7.01,5.290100000000004
Cc1nccc(-c2ccccc2)c1C(=O)N(C)Cc1cc(C(F)(F)F)cc(C(F)(F)F)c1,7.01,6.366820000000004
COc1ccccc1CN[C@H]1CCCN2CCC[C@]12c1ccccc1,7.0,3.938500000000003
C=CCO/N=C(\COCc1cc(C(F)(F)F)cc(C(F)(F)F)c1)C(CCN1CCC(O)(c2ccccc2)CC1)c1ccc(Cl)c(Cl)c1,7.0,9.2637
COC(=O)n1cc(C[C@@H](NC(=O)C[C@@H]2NC(=O)[C@@H]3C4CCC(CC4)N3C2=O)C(=O)N[C@@H](Cc2ccccc2)C(=O)N(C)Cc2ccccc2)c2ccccc21,7.0,3.3273000000000073
COc1ccc(-n2nnnc2C(F)(F)F)cc1CN[C@@H]1CCN(C(=O)CNC(C)=O)C[C@@H]1c1ccccc1,7.0,2.3000999999999996
C=C1CN2CCC[C@H](NCc3ccccc3OC)[C@@]2(c2ccccc2)C1,7.0,4.104600000000003
COc1ccccc1CNCC1(c2ccccc2)CCNCC1,7.0,3.106200000000001
O=C1CCC(CCN2CC(N3CCOCC3)C2)(c2ccc(Cl)c(Cl)c2)CN1Cc1ccncc1,7.0,3.8553000000000033
CC(C)(C)c1cc(COCC(c2ccccc2)N2CCNCC2)cc(C(C)(C)C)c1,7.0,5.444700000000005
Cc1cc(C)cc(OCC(=O)N(Cc2cccc(Cl)c2)C2CCNCC2)c1,7.0,4.116440000000003
O=C(COc1cc(Cl)cc(Cl)c1)N(c1ccc(Cl)c(Cl)c1)C1CCNCC1,7.0,5.4642000000000035
CO/N=C(\COCc1noc(C(C)(C)C)n1)C(CCN1CCC(O)(c2ccccc2)CC1)c1ccc(Cl)c(Cl)c1,7.0,6.3504000000000085
Cc1cc(F)ccc1[C@@H]1CN(C(=O)C(N)=O)CC[C@H]1C(=O)N(C)Cc1cc(C(F)(F)F)cc(C(F)(F)F)c1,7.0,4.247720000000003
CN(Cc1ccccc1)C(=O)[C@H](Cc1ccccc1)NC(=O)[C@@H](Cc1c[nH]c2ccccc12)NC(=O)C[C@@H]1NC(=O)[C@@H]2C3CCC(CC3)N2C1=O,7.0,3.2394000000000016
CC(C)C[C@H](NC(=O)[C@@H]1CCCN1C(=O)[C@H](Cc1ccccc1)NC(=O)CNC(=O)[C@@H](C)NC(=O)[C@@H](N)Cc1ccc(O)cc1)C(=O)N[C@@H](Cc1c[nH]c2ccccc12)C(=O)OCc1ccccc1,7.0,3.084500000000011
Clc1ccc(COCC(c2ccccc2)N2CCNCC2)cc1Cl,7.0,4.156500000000003
N[C@H]1CC[C@@H](OCc2cc(C(F)(F)F)cc(C(F)(F)F)c2)[C@@H]1c1ccccc1,7.0,5.514300000000004
COc1ccccc1COC(=O)[C@H](Cc1c[nH]c2ccccc12)NC(=O)c1ccccc1,7.0,4.261000000000003
O=C(NCc1cc(C(F)(F)F)cc(C(F)(F)F)c1)[C@@H](NCCN1CCCCC1)c1ccsc1,7.0,5.218700000000005
Cc1cc(C)cc(C(=O)N2CC[C@H](NCc3ccnc4ccccc34)C[C@H]2Cc2ccc(C(N)=O)cc2)c1,7.0,4.956240000000004
CS(=O)(=O)N1CC2(CCN(C(=O)C(COCc3ccccc3)NCc3ccc(Cl)cc3Cl)CC2)c2ccccc21,7.0,5.008400000000005
O=C(CCc1cc(C(F)(F)F)cc(C(F)(F)F)c1)N(Cc1ccccc1Cl)C1CCNCC1,7.0,6.0910000000000055
CC(C)(C(=O)N[C@H](C(=O)NCCN1CCOCC1)c1ccccc1)c1cc(C(F)(F)F)cc(C(F)(F)F)c1,7.0,4.307700000000005
Fc1ccc([C@@H]2NCCOC23COC[C@H](c2ccccc2)C3)cc1,7.0,3.4295000000000027
COC(=O)C1=C2CCC(C(=O)N[C@@H](CCc3c[nH]c4ccccc34)C(=O)NCc3cc(C(F)(F)F)cc(C(F)(F)F)c3)N2C(=O)C(NC(C)=O)C1,7.0,4.265800000000002
FC(F)(F)c1cc(COC2C3CCN(CC3)C2Cc2ccccc2)cc(C(F)(F)F)c1,6.99,5.946300000000004
CNC(=O)N[C@@H](Cc1c[nH]c2ccccc12)C(=O)OCc1cc(C)cc(C)c1,6.99,3.368240000000002
COc1ccccc1N1CCN(C(=O)CCc2c(-c3ccc(Cl)cc3)n(CC3CC3)c3ccc(Cl)cc23)CC1,6.99,7.315100000000007
CN(C)CCO/N=C(\COCc1cc(C(F)(F)F)cc(C(F)(F)F)c1)C(CCN1CCC(O)(c2ccccc2)CC1)c1ccc(Cl)c(Cl)c1,6.99,8.639300000000004
COc1cccc(C(=O)N2CCC(CCN3CCC(C(N)=O)(c4ccccc4)CC3)(c3ccc(Cl)c(Cl)c3)C2)c1,6.97,5.695100000000005
N#Cc1cccc(CN2CCC3(CC2)NC(=O)N(Cc2cc(C(F)(F)F)cc(C(F)(F)F)c2)C3=O)c1,6.97,4.682480000000004
O=C(c1ccccc1)N1CCCC(CCCN2CCC3(CC2)CN(c2ccccc2)NC3=O)(c2ccc(Cl)c(Cl)c2)C1,6.97,6.581200000000007
Cc1cc(C)cc(COC2C3CCN(CC3)C2Cc2ccccc2)c1,6.97,4.525540000000005
Fc1ccc(F)c(COC2C3CCN(CC3)C2C(c2ccccc2)c2ccccc2)c1,6.97,5.776300000000005
Clc1ccccc1CN[C@@H]1C2CCN(CC2)[C@@H]1C(c1ccccc1)c1ccccc1,6.96,5.724500000000005
FC(F)(F)c1cc(CO[C@H]2CCCN(Cc3ccccc3)[C@H]2c2ccccc2)cc(C(F)(F)F)c1,6.96,7.646700000000006
CN(C(=O)[C@@H]1CCCN1C(=O)[C@H](Cc1ccccc1)NC(=O)[C@H](Cc1ccccc1)NC(=O)[C@H](CCC(N)=O)NC(=O)[C@H](CCC(N)=O)NC(=O)[C@@H]1CCCN1C(=O)[C@H](CCCCN)NC(=O)[C@@H]1CCCN1C(=O)[C@@H](N)CCCN=C(N)N)[C@@H](Cc1ccccc1)C(=O)N[C@@H](Cc1c[nH]c2ccccc12)C(N)=O,6.96,-1.3265000000000335
O=C(c1cccc2ccccc12)N1CC[C@H](NCc2ccnc3ccccc23)C[C@H]1Cc1ccccc1,6.96,6.393700000000006
CN(Cc1ccccc1)C(=O)Nc1c(-c2ccccc2)c2ccccc2c(=O)n1C,6.96,4.869400000000004
COc1ccc(OC)c(C(CNC(=O)Cc2cc(C(F)(F)F)cc(C(F)(F)F)c2)N2CCC(N3CCCCC3)CC2)c1,6.96,6.0917000000000066
c1ccc(COC2C3CCN(CC3)C2C(c2ccccc2)c2ccccc2)cc1,6.96,5.498100000000005
O=C(CN(N1CCC(Cc2ccccc2)CC1)N1CCC(Cc2ccccc2)CC1)N1CCN(Cc2cc(C(F)(F)F)cc(C(F)(F)F)c2)CC1c1ccc(Cl)c(Cl)c1,6.96,10.457899999999995
CN1CCCC[C@](COCc2cc(C(F)(F)F)cc(C(F)(F)F)c2)(c2ccccc2)C1,6.96,6.294500000000006
CN(Cc1c(-c2ccccc2)c2ccccc2c(=O)n1C)C(=O)Cc1cc(C(F)(F)F)cc(C(F)(F)F)c1,6.96,6.444200000000004
CO/N=C(\COCc1cc(C(F)(F)F)cc(C(F)(F)F)c1)C(CCN1CCN(CC(=O)N(C)C2CCCCC2)CC1)c1ccc(Cl)c(Cl)c1,6.95,8.132600000000007
CO/N=C(\COCc1cc(F)cc(F)c1)C(CCN1CCC(O)(c2ccccc2)CC1)c1ccc(Cl)c(Cl)c1,6.95,6.948100000000007
COc1cc(C(=O)N2CCN(C(=O)CNC3CCN(Cc4ccccc4)CC3)C(c3ccc(Cl)c(Cl)c3)C2)cc(OC)c1OC,6.95,5.299100000000006
O=C(CC(c1ccccc1)c1ccccc1)NCCc1cc(C(F)(F)F)cc(C(F)(F)F)c1,6.95,6.605100000000004
CO/N=C(\COCc1cc(C(F)(F)F)cc(C(F)(F)F)c1)C(CCN1CCC(CNC(=O)c2ccccc2)CC1)c1ccc(Cl)c(Cl)c1,6.95,8.8659
CO/N=C(\COCc1ccccn1)C(CCN1CCC(O)(c2ccccc2)CC1)c1ccc(Cl)c(Cl)c1,6.94,6.064900000000008
CN(CC(c1ccccc1)c1ccccc1)C(=O)Cc1cc(C(F)(F)F)cc(C(F)(F)F)c1,6.94,6.557200000000004
CCOC(=O)C1CCCN(C2CCN(CCC(/C(COCc3cc(C(F)(F)F)cc(C(F)(F)F)c3)=N/OC)c3ccc(Cl)c(Cl)c3)CC2)C1,6.93,8.463400000000005
CCC(C)Cc1cc(C(O)C2NC(=O)CNC(=O)[C@H](C(C)C)NC(=O)CNC(=O)[C@@H]3CCCN3C(=O)[C@@H](Cc3c[nH]c4ccccc34)NC(=O)CNC2=O)ccc1OC,6.92,0.504800000000011
O=C(OC[C@]1(c2ccccc2)CC[C@H](N2CCC(c3ccc(F)cc3)CC2)CC1)c1cc(C(F)(F)F)cc(C(F)(F)F)c1,6.92,8.780300000000002
Cc1cc(C)cc(COC2/C(=C\c3ccccc3)N3CCC2CC3)c1,6.92,4.955340000000004
COc1ccc(C(O)C2NC(=O)CNC(=O)[C@H](C(C)C)NC(=O)CNC(=O)[C@@H]3CCCN3C(=O)[C@@H](Cc3c[nH]c4ccccc34)NC(=O)CNC2=O)cc1CC=C(C)C,6.92,0.4249000000000098
CS(=O)(=O)N1CC2(CCN(C(=O)C(COCc3ccccc3)NCc3cccc([N+](=O)[O-])c3)CC2)c2ccccc21,6.92,3.6098000000000035
CCOC(=O)N(c1ccccc1)C1CCN(CCn2c(=O)n(C3CC3)c3ccccc32)CC1,6.92,4.265400000000004
NCCCCCOC[C@H]1O[C@@H](OCCc2c[nH]c3ccccc23)[C@H](OCc2ccccc2)[C@@H](OCc2ccccc2)[C@@H]1OCc1ccccc1,6.92,7.353700000000009
CN1CCN(C2CCC(COCc3cc(C(F)(F)F)cc(C(F)(F)F)c3)(c3ccccc3)CC2)CC1,6.92,6.3688000000000065
CN(C(=O)CC(c1ccccc1)c1ccccc1)c1cc(C(F)(F)F)cc(C(F)(F)F)c1,6.92,6.909200000000005
FC(F)(F)c1cc(COCC2(c3ccccc3)CCC(N3CCCC3)CC2)cc(C(F)(F)F)c1,6.92,7.217200000000005
FC(F)(F)c1cc(CO[C@@H]2C3CCN(CC3)[C@H]2C(c2ccccc2)c2ccccc2)cc(C(F)(F)F)c1,6.9,7.5357000000000065
Cc1cc(C)cc(COC(=O)[C@H](Cc2c[nH]c3ccccc23)[N+](C)(C)C)c1,6.9,4.145440000000003
CN1C(=O)OC2(CCN(CC[C@@](C)(C(=O)N[C@@H](Cc3ccccc3)C(=O)NCCN)c3ccc(Cl)c(Cl)c3)CC2)c2cc(F)ccc21.Cl,6.9,5.582200000000005
CN1C(=O)OC2(CCN(CC[C@@H](C(=O)N(C)[C@@H](Cc3ccccc3)C(=O)NCCN)c3ccc(Cl)c(Cl)c3)CC2)c2cc(F)ccc21.Cl,6.9,5.750300000000006
CO/N=C(\COCc1cc(C(F)(F)F)cc(C(F)(F)F)c1)C(CCN1CCN(CC(=O)N2CCc3ccccc3C2)CC1)c1ccc(Cl)c(Cl)c1,6.9,7.926400000000008
COc1cc(COCC(c2ccccc2)N2CCNCC2)cc(OC)c1OC,6.9,2.8755000000000015
CC(=O)N(CCc1ccccc1)CC(Cc1c[nH]c2ccccc12)NC(=O)CN1CCN(c2ccccc2)CC1,6.9,4.108600000000003
CN(Cc1ccccc1)C(=O)[C@H](Cc1ccccc1)NC(=O)[C@@H](Cc1cn(C)c2ccccc12)NC(=O)C[C@@H]1NC(=O)[C@@H]2C3CCC(CC3)N2C1=O,6.9,3.249800000000003
COc1ccc(C(=O)N2CCC(CCN3CCC(C(N)=O)(c4ccccc4)CC3)(c3ccc(Cl)c(Cl)c3)C2)c(OC)c1,6.9,5.703700000000006
COC(=O)C1=C2CCC(C(=O)N[C@@H](CCc3c[nH]c4ccccc34)C(=O)N(C)Cc3ccccc3)N2C(=O)C(NC(C)=O)C1,6.9,2.5703999999999994
CN(Cc1ccccc1)C(=O)[C@H](Cc1ccccc1)NC(=O)[C@@H](Cc1cn(C(=O)OC(C)(C)C)c2ccccc12)NC(=O)C[C@@H]1NC(=O)[C@@H]2C3CCC(CC3)N2C1=O,6.9,4.496000000000003
O=C(COc1cc(C(F)(F)F)cc(C(F)(F)F)c1)N(Cc1ccccc1Cl)C1CCNCC1,6.9,5.537200000000005
Fc1ccc(CN(CCCc2cc(C(F)(F)F)cc(C(F)(F)F)c2)C2CCNCC2)cc1,6.9,6.050100000000006
O=C(COc1cc(Cl)cc(Cl)c1)N(Cc1cccc(Cl)c1)C1CCNCC1,6.9,4.8064000000000044
O=C1C[C@@H](NC(=O)CN2CCC(N3CCOCC3)CC2)C(=O)NC[C@@H](Cc2ccccc2)NC(=O)[C@H](Cc2ccccc2)NC(=O)[C@H](Cc2c[nH]c3ccccc23)N1,6.9,1.4515000000000096
CN(Cc1ccccc1)C(=O)[C@H](Cc1ccccc1)NC(=O)[C@@H]1CCCC[C@@H]1NC(=O)c1c[nH]c2ccccc12,6.9,4.842600000000004
N#Cc1cccc(COC2C3CCN(CC3)C2C(c2ccccc2)c2ccccc2)c1,6.9,5.369780000000006
CO/N=C(\COCc1cc(C(F)(F)F)cc(C(F)(F)F)c1)C(CCN1CCN(CC(=O)Nc2ccccc2)CC1)c1ccc(Cl)c(Cl)c1,6.9,7.980200000000006
COc1ccccc1C(CNC(=O)Cc1cccc(OC(C)C)c1)N1CCN(C2CCCCC2)CC1,6.89,4.832700000000005
COc1ccccc1C(CNC(=O)Cc1cc(C(F)(F)F)cc(C(F)(F)F)c1)N1CCC(O)(c2ccccc2)CC1,6.89,6.116400000000007
Cc1cc(C)cc(CO[C@@H]2/C(=C\c3ccccc3)N3CCC2CC3)c1,6.89,4.955340000000004
O=C(Cc1cc(C(F)(F)F)cc(C(F)(F)F)c1)NCC(C(c1ccccc1)c1ccccc1)N1CCC(N2CCCCC2)CC1,6.89,7.533900000000009
CC(=O)NC1(c2ccccc2)CCN(C[C@@H]2C[C@@]2(C(=O)N(C)Cc2ccccc2)c2ccc(Cl)c(Cl)c2)CC1,6.89,6.037100000000007
Cc1ccc(-c2c(C(=O)N(C)[C@H](C)c3ccccc3)n(C)c(=O)c3ncccc23)cc1,6.89,4.742120000000004
O=C(NCc1cc(C(F)(F)F)cc(C(F)(F)F)c1)C1(c2ccccc2)CCNCC1,6.89,4.661800000000004
CCCCCN(CCCCC)C(=O)N1CCN(C(=O)N(c2ccccc2)c2ccccc2)[C@H](C(=O)O)C1,6.89,5.817900000000005
Cc1cc(C)cc(C(=O)N2CC[C@@H](NCc3ccnc4ccccc34)C[C@@H]2Cc2ccccc2)c1,6.89,5.857340000000006
Cc1cc(C)cc(COC(=O)[C@H](Cc2c[nH]c3ccccc23)NC(=O)OC(C)(C)C)c1,6.88,4.9639400000000045
c1ccc([C@H]2COC3(CCCN[C@H]3c3ccccc3)C2)cc1,6.88,4.054000000000003
CSc1ccc(N2C(=O)NC3(CCN(C(=O)c4cc(C(F)(F)F)cc(C(F)(F)F)c4)CC3)C2=O)cc1,6.88,5.177300000000004
CN1CCN(C(=O)CNC2CCN(Cc3ccccc3)CC2)C(c2ccccc2)C1,6.87,2.7559000000000013
O=C(Cc1cc(C(F)(F)F)cc(C(F)(F)F)c1)N1CCN(C(=O)CNC2CCN(Cc3ccccc3)CC2)C(c2ccccc2)C1,6.87,5.933000000000006
CNC(=O)[C@H](Cc1ccccc1)NC(=O)[C@@H](N)Cc1ccccc1,6.87,1.0299000000000003
COc1cc(C)cc(COC[C@@H](N)c2ccccc2)c1,6.87,3.220220000000001
CO/N=C(\COCc1cc(C(F)(F)F)cc(C(F)(F)F)c1)C(CCN1CCN(CC(=O)NC2CCc3ccccc32)CC1)c1ccc(Cl)c(Cl)c1,6.87,8.145200000000006
CO/N=C(\COCc1cc(C(F)(F)F)cc(C(F)(F)F)c1)C(CCN1CCN(CC(=O)N2CCCC3CCCCC32)CC1)c1ccc(Cl)c(Cl)c1,6.87,8.522700000000006
O=C(c1cc(C(F)(F)F)cc(C(F)(F)F)c1)N1CCC2(CC1)NC(=O)N(Cc1cccc(-c3ccccc3)c1)C2=O,6.86,6.118000000000005
CC(C)Oc1cccc(CC(=O)N2CCC(CCN3CCC(C(N)=O)(c4ccccc4)CC3)(c3ccc(Cl)c(Cl)c3)C2)c1,6.86,6.402600000000007
CC(=O)N[C@@H](Cc1ccc2ccccc2c1)C(=O)OCc1cc(C)cc(C)c1,6.86,4.247240000000003
COc1ccccc1CN[C@H]1C2CCN(CC2)[C@H]1c1ccccc1,6.85,3.620300000000003
O=C(Cc1cc(C(F)(F)F)cc(C(F)(F)F)c1)NCC(c1ccc2c(c1)OCCO2)N1CCC(N2CCCCC2)CC1,6.85,5.845700000000005
CN(C(=O)c1ccc(C(F)(F)F)cc1)[C@@H]1CCN(C(=O)C2CCN(C(=O)CO)CC2)C[C@H]1c1ccc(Cl)c(Cl)c1,6.85,4.699800000000005
O=C(OCc1cc(C(F)(F)F)cc(C(F)(F)F)c1)[C@]1(c2ccccc2)CC[C@@H](N2CCC(c3ccc(F)cc3)CC2)CC1,6.85,8.666700000000004
COc1ccc2oc(COC(=O)N[C@](C)(Cc3c[nH]c4ccccc34)C(=O)N[C@@H](C)c3ccccc3)cc2c1,6.85,6.027700000000005
CN(Cc1ccccc1)C(=O)[C@@H](Cc1ccc2ccccc2c1)N(C)C(=O)[C@H]1CCCN1C(=O)Nc1ccccc1[N+](=O)[O-],6.85,5.472600000000005
CC(C)(C)OC(=O)N1C[C@H](C(=O)NCc2cc(C(F)(F)F)cc(C(F)(F)F)c2)[C@@H](c2ccccc2)C1,6.85,5.991100000000006
CCCCCN(CCCCC)C(=O)N1CCN(C(=O)N(c2ccccc2)c2ccccc2)[C@H](C(=O)NCCNC(C)=O)C1,6.85,4.985600000000003
CO/N=C(\COCc1cccc(C)c1)C(CCN1CCC(O)(c2ccccc2)CC1)c1ccc(Cl)c(Cl)c1,6.85,6.978320000000008
Cc1cc2c(-c3ccccc3)c(NC(=O)NCc3ccccc3)n(C)c(=O)c2cc1C,6.85,5.144040000000004
O=C(NCc1cc(C(F)(F)F)cc(C(F)(F)F)c1)c1c(-c2ccccc2)c2ccccc2n2cncc12,6.84,7.122100000000004
Cc1cc(C)cc(C(=O)N2CCN(C(=O)CNC3CCN(C(=O)[C@H](N)c4ccccc4)CC3)[C@H](c3ccc(Cl)c(Cl)c3)C2)c1,6.84,4.916540000000006
CC(=O)NC1(c2ccccc2)CCN(N(CC(=O)N2CCN(Cc3cc(C(F)(F)F)cc(C(F)(F)F)c3)CC2c2ccc(Cl)c(Cl)c2)N2CCC(NC(C)=O)(c3ccccc3)CC2)CC1,6.83,8.803300000000005
CCCCN(CC(Cc1c[nH]c2ccccc12)NC(=O)CN1CCN(c2ccccc2)CC1)C(C)=O,6.83,3.666000000000002
CC(=O)N(C)C1CCN(CCC(C)(C(=O)N(C)Cc2ccc(F)c(C(F)(F)F)c2)c2ccc(Cl)c(Cl)c2)CC1,6.82,6.400400000000007
Cc1ccccc1COC1C2CCN(CC2)C1C(c1ccccc1)c1ccccc1,6.82,5.806520000000006
CS(=O)(=O)N1CC2(CCN(C(=O)C(COCc3ccccc3)NCc3cccc(Cl)c3Cl)CC2)c2ccccc21,6.82,5.008400000000005
Cc1ccc(C)c(COCC(N)C(c2ccccc2)c2ccccc2)c1,6.82,4.979440000000004
CS(=O)(=O)N1CC2(CCN(C(=O)C(COCc3ccccc3)NCc3cccc(C#N)c3)CC2)c2ccccc21,6.82,3.573280000000004
CN1C(=O)N(Cc2cc(C(F)(F)F)cc(C(F)(F)F)c2)C(=O)C1Cc1c[nH]c2ccccc12,6.82,5.210800000000003
CNC(c1ccccc1)C1(NCc2ccccc2OC)CC1,6.82,3.278100000000002
C[C@H](NC(=O)[C@@](C)(Cc1c[nH]c2ccccc12)NC(=O)OC1CCc2ccccc2C1)c1ccccc1,6.82,5.630200000000006
CC(=O)N[C@@H](Cc1cccc2ccccc12)C(=O)OCc1cc(C)cc(C)c1,6.82,4.247240000000003
NC(=O)C[C@@H]1CCC[C@@H](OCc2cc(C(F)(F)F)cc(C(F)(F)F)c2)[C@H]1c1ccccc1,6.804100347590766,6.068700000000005
CN(Cc1ccccc1)C(=O)[C@H](Cc1ccccc1)NC(=O)[C@@H](Cc1cn(C(=O)OCc2ccccc2)c2ccccc12)NC(=O)C[C@@H]1NC(=O)[C@@H]2C3CCC(CC3)N2C1=O,6.8,4.897700000000004
c1ccc(CO[C@H]2CCCN[C@H]2c2ccccc2)cc1,6.8,3.696500000000002
CS(=O)(=O)N1CC2(CCN(C(=O)C(COCc3ccccc3)NCc3cccc(F)c3)CC2)c2ccccc21,6.8,3.8407000000000036
CC(=O)N(Cc1ccccc1Cl)C[C@H](Cc1c[nH]c2ccccc12)NC(=O)CN1CCC(N2CCCCC2)CC1,6.8,4.847600000000004
FC(F)(F)c1cc(COCC(c2ccco2)N2CCNCC2)cc(C(F)(F)F)c1,6.8,4.480300000000003
CC(C)C[C@H](NC(=O)[C@H](CC(C)C)NC(=O)[C@@H](Cc1c[nH]c2ccccc12)NC(=O)[C@H](Cc1ccccc1)NC(=O)[C@@H](Cc1c[nH]c2ccccc12)NC(=O)[C@H](CCC(N)=O)NC(=O)[C@H](CCC(N)=O)NC(=O)[C@@H]1CCCN1C(=O)[C@H](CCCCN)NC(=O)[C@@H]1CCCN1C(=O)[C@H](N)CCCN=C(N)N)C(N)=O,6.8,-0.8441000000000205
CO/N=C(\CN(C(=O)c1cc(Cl)cc(Cl)c1)C1CC1)[C@H](CCN1CCC(n2c(O)nc3ccccc32)CC1)c1ccc(Cl)c(Cl)c1,6.8,8.473500000000005
CN(Cc1ccccc1)C(=O)[C@@H](Cc1ccc2ccccc2c1)NC(=O)[C@H]1CCCN1C(=O)Nc1ccccc1[N+](=O)[O-],6.8,5.130400000000004
COc1cccc([C@H]2[C@@H](NCc3ccccc3OC)C3CCN2CC3)c1,6.8,3.6289000000000025
CSN1CC2(CCN(C(=O)N[C@H](Cc3c[nH]c4ccccc34)C(=O)N(C)Cc3ccccc3)CC2)c2ccccc21,6.79,5.579000000000005
COc1ccccc1CNC(COCc1ccccc1)C(=O)N1CCC2(CC1)CN(S(C)(=O)=O)c1ccccc12,6.79,3.710200000000003
NC(=O)C1(c2ccccc2)CCN(CC[C@@]2(c3ccc(Cl)c(Cl)c3)CCN(C(=O)c3ccccc3)C2)CC1,6.79,5.686500000000005
C[C@@H](O)[C@@H]1NC(=O)[C@H](Cc2ccc(O)cc2)NC(=O)[C@@H](Cc2c[nH]c3ccccc23)NC(=O)[C@H](Cc2cccc3ccccc23)NC(=O)[C@@H]2CCCN2C(=O)[C@H](Cc2ccccc2)NC1=O,6.78,3.106700000000002
COc1c(C)cc(C(=O)N2CCC(CCN3CCC(C(N)=O)(c4ccccc4)CC3)(c3ccc(Cl)c(Cl)c3)C2)cc1C,6.78,6.311940000000006
CO/N=C(\COC(=O)c1cc(C(F)(F)F)cc(C(F)(F)F)c1)C(CCN1CCC(O)(c2ccccc2)CC1)c1ccc(Cl)c(Cl)c1,6.78,8.347700000000005
CS(=O)(=O)N1CC2(CCN(C[C@H](COCc3ccc(Cl)c(Cl)c3)NCc3ccccc3)CC2)c2ccccc21,6.77,5.481800000000006
c1ccc(CN[C@H]2C3CC4CCCC(C3)N4[C@H]2C(c2ccccc2)c2ccccc2)cc1,6.77,5.992200000000006
CC(C)(C)OC(=O)N1CCC(COCc2cc(C(F)(F)F)cc(C(F)(F)F)c2)(c2ccccc2)CC1,6.77,7.209700000000007
O=C(NC(c1ccccc1)c1ccccc1)[C@@H]1CCCN1C(=S)NCc1ccccc1Cl,6.77,5.084700000000005
c1ccc(CNC2C3CC4CCCC(C3)N4[C@H]2C(c2ccccc2)c2ccccc2)cc1,6.77,5.992200000000006
FC(F)(F)Oc1cccc(COCC2(c3ccccc3)CCNCC2)c1,6.77,4.423200000000002
c1ccc(C2CCC3(OCCNC3c3ccccc3)OC2)cc1,6.77,3.6380000000000017
Clc1ccccc1-c1ccccc1/C=N/Nc1c(Cl)cncc1Cl,6.76,6.154800000000003
Cc1ccc(COC2C3CCN(CC3)C2C(c2ccccc2)c2ccccc2)cc1C,6.76,6.114940000000007
CN(Cc1ccccc1)C(=O)[C@H](Cc1ccc2ccccc2c1)NC(=O)[C@@H]1CCCN1C(=O)Nc1ccccc1C(=O)O,6.76,4.920400000000003
NC(=O)[C@H](Cc1ccccc1)NC(=O)[C@H](N)Cc1ccccc1,6.76,0.7692000000000002
N[C@H]1CCN(C(=O)c2cc(C(F)(F)F)cc(C(F)(F)F)c2)[C@H](Cc2ccccc2)C1,6.75,4.898800000000003
CSCC[C@@H](NC(=O)[C@H](CC(C)C)NC(=O)CNC(=O)[C@H](Cc1ccccc1)NC(=O)[C@H](Cc1ccccc1)NC(=O)[C@H](CCC(N)=O)NC(=O)[C@@H](N)CCC(N)=O)C(N)=O,6.75,-1.845200000000002
CSCC[C@H](NC(=O)[C@H](CC(C)C)NC(=O)CN1CCCNC(=O)CCC(=O)N[C@H](CCCN=C(N)N)C(=O)N[C@@H](Cc2ccccc2)C(=O)N[C@H](Cc2ccccc2)C1=O)C(N)=O,6.75,-0.6374000000000057
CCN1/C(=C\C=C2CC(C)[n+]3c2n(CC)c2cc4ccccc4cc23)Sc2ccccc21.[I-],6.75,3.9276000000000035
CN(Cc1ccccc1)Cc1nc2ccccc2c(-c2ccccc2)c1C(=O)NCc1cc(C(F)(F)F)cc(C(F)(F)F)c1,6.75,8.501400000000004
CC(C)CN(CC(C)C)c1cc(C(F)(F)F)cc(COCC2(c3ccc(F)cc3)CCN(C)CC2)n1,6.75,6.538100000000007
NCCCCCOC[C@H]1O[C@@H](OCCc2c[nH]c3ccccc23)[C@H](OCc2ccccc2)C[C@@H]1OCc1ccccc1,6.75,6.1584000000000065
CC#C[C@]1(O)CCC2C3CCC4Cc5nc6nc7ccccc7n6cc5C[C@]4(C)C3CC[C@@]21C,6.75,5.594300000000006
CO/N=C(\COCc1cc(C(F)(F)F)cc(C(F)(F)F)c1)C(CCN1CCN(c2ccccc2)CC1)c1ccc(Cl)c(Cl)c1,6.74,8.546100000000003
NC(=O)[C@H](Cc1ccccc1)NC(=O)[C@H](N)c1ccccc1,6.74,0.8992
Cc1ccccc1CO[C@H]1C2CCN(CC2)[C@H]1C(c1ccccc1)c1ccccc1,6.74,5.806520000000006
CN(Cc1ccc(F)c(C(F)(F)F)c1)C(=O)C(C)(CCN1CCC(N2CCCC2=O)CC1)c1ccc(Cl)c(Cl)c1,6.74,6.544500000000007
COc1cccc([C@H]2COCC3(C2)OCCN[C@H]3c2ccc(F)cc2)c1,6.74,3.4381000000000013
O=C(N[C@@H](Cc1c[nH]c2ccccc12)C(=O)OCc1ccccc1C(F)(F)F)c1ccccc1,6.74,5.271200000000004
Cc1cc(C)cc(C(=O)N2CC[C@H](NCc3ccnc4ccccc34)C[C@H]2CCc2ccccc2)c1,6.72,6.247440000000006
CN[C@@H](Cc1ccccc1)C(=O)N[C@@H](Cc1ccccc1)C(N)=O,6.72,1.0298999999999991
FC(F)(F)c1cc(CO[C@H]2C3CCN(CC3)[C@H]2Cc2ccccc2)cc(C(F)(F)F)c1,6.71,5.946300000000004
O=[N+]([O-])c1cccc(COC2C3CCN(CC3)C2C(c2ccccc2)c2ccccc2)c1,6.71,5.406300000000005
CC(=O)N[C@@H](Cc1n[nH]c2ccccc12)C(=O)OCc1cc(C(F)(F)F)cc(C(F)(F)F)c1,6.71,4.3911000000000024
Cc1ccc(CO[C@H]2C3CCN(CC3)[C@H]2C(c2ccccc2)c2ccccc2)cc1C,6.71,6.114940000000007
Fc1cc(F)cc(COCC(c2ccccc2)N2CCNCC2)c1,6.7,3.1279000000000012
O=C(CCc1cc(C(F)(F)F)cc(C(F)(F)F)c1)N(c1ccc(F)cc1)C1CCNCC1,6.7,5.581100000000005
COC(=O)C1=C2CCC(C(=O)N[C@@H](CCc3c[nH]c4ccccc34)C(=O)N(C)Cc3ccccc3)N2C(=O)C(NC(=O)OCc2ccccc2)C1,6.7,4.360700000000002
CCCCCN(CCCCC)C(=O)N1CCN(C(=O)N(c2ccccc2)c2ccccc2)[C@H](C(=O)N(C)CCN(C)Cc2cc(C)cc(C)c2)C1,6.7,7.94054000000001
O=C(COc1cc(C(F)(F)F)cc(C(F)(F)F)c1)N(c1cccc(Cl)c1)C1CCNCC1,6.7,5.541600000000004
NS(=O)(=O)N1CCN(CC(=O)N[C@@H]2CC(=O)N[C@@H](Cc3c[nH]c4ccccc34)C(=O)N[C@@H](Cc3ccccc3)C(=O)N[C@H](Cc3ccccc3)CNC2=O)CC1,6.7,-0.5239999999999874
C[C@H](OC1CCC2CCC1(c1ccccc1)N2)c1cc(C(F)(F)F)cc(C(F)(F)F)c1,6.7,6.611700000000004
C[C@]12Cc3cn4c(nc3CC1CCC1C2CC[C@@]2(C)C1CC[C@]2(C)O)nc1ccccc14,6.7,5.590900000000007
CN1C(=O)OC2(CCN(CC[C@H](C(=O)N(C)[C@@H](Cc3ccccc3)C(=O)NCCN)c3ccc(Cl)c(Cl)c3)CC2)c2cc(F)ccc21.Cl,6.7,5.750300000000006
C[C@@H](O)[C@@H]1NC(=O)[C@H](Cc2ccccc2)NC(=O)[C@@H](Cc2c[nH]c3ccccc23)NC(=O)[C@H](CC2CCCCC2)NC(=O)[C@@H]2CCCN2C(=O)[C@H](Cc2ccccc2)NC1=O,6.7,2.9756000000000036
CC(C)C[C@H](NC(=O)CNC(=O)OCc1ccccc1)C(=O)NC1(C(=O)OCc2cc(C(F)(F)F)cc(C(F)(F)F)c2)CNc2[nH]c3ccccc3c2C1,6.7,6.229200000000005
O=C1CC(Cc2c[nH]c3ccccc23)C(=O)N1Cc1cc(C(F)(F)F)cc(C(F)(F)F)c1,6.69,5.323300000000003
CN(Cc1ccccc1)C(=O)[C@H](CCc1ccccc1)NC(=O)[C@@H]1CCCN1/C(S)=N/Cc1ccccc1Cl,6.69,5.366400000000006
CC(=O)N(C)C1(c2ccccc2)CCN(CCC[C@]2(c3ccc(Cl)c(Cl)c3)CCCN(C(=O)c3ccccc3)C2)CC1,6.68,7.417200000000009
COc1ccc(C(CNC(=O)Cc2cc(C(F)(F)F)cc(C(F)(F)F)c2)N2CCC(N3CCCCC3)CC2)c(OC)c1OC,6.68,6.100300000000006
CC(=O)NCCCCCOC[C@H]1O[C@@H](OCCc2c[nH]c3ccccc23)[C@H](OCc2ccc(F)cc2)[C@@H](OCc2ccccc2)[C@@H]1OCc1ccccc1,6.68,7.670200000000009
O=C(NCc1cc(C(F)(F)F)cc(C(F)(F)F)c1)c1cnc2ccccc2c1-c1ccccc1,6.68,6.869400000000005
Cc1cc(C)cc(C(=O)N2CC[C@H](NCc3ccncc3)C[C@H]2Cc2ccccc2)c1,6.68,4.704140000000004
C[C@@H](O)[C@@H]1NC(=O)[C@H](CC2CCCCC2)NC(=O)[C@@H](Cc2c[nH]c3ccccc23)NC(=O)[C@H](Cc2ccccc2)NC(=O)[C@@H]2CCCN2C(=O)[C@H](Cc2ccccc2)NC1=O,6.67,2.9756000000000045
Cc1cc(C)cc(C(=O)N2CCN(C(=O)CNC3CCNCC3)[C@H](c3ccc(Cl)c(Cl)c3)C2)c1,6.67,3.977540000000003
C[C@]12Cc3cn4c(nc3CC1CCC1C2CC[C@@]2(C)C1CC[C@@H]2O)nc1ccccc14,6.66,5.200800000000006
O=C1C(Cc2c[nH]c3ccccc23)N(C(=O)Nc2ccccc2)C(=O)N1Cc1cc(C(F)(F)F)cc(C(F)(F)F)c1,6.66,6.813100000000004
CC(=O)N1CCC(CN2CC[C@@H](N(C)C(=O)c3ccc(Cl)cc3)[C@H](c3ccc(Cl)c(Cl)c3)C2)CC1,6.66,5.835400000000006
C[C@H](NC(=O)CN)C(=O)N[C@H]1CSSC[C@H](C(=O)O)NC(=O)[C@H](CO)NC(=O)[C@H]([C@@H](C)O)NC(=O)[C@H](Cc2ccccc2)NC(=O)[C@H]([C@@H](C)O)NC(=O)[C@H](Cc2ccc(F)cc2)NC(=O)[C@@H](Cc2c[nH]c3ccccc23)NC(=O)[C@H](Cc2ccccc2)NC(=O)[C@H](Cc2ccccc2)NC(=O)[C@H](CC(N)=O)NC(=O)[C@H](CCCCN)NC1=O,6.66,-3.6608000000000374
CCCCCN(CCCCC)C(=O)N1CCN(C(=O)N(c2ccccc2)c2ccccc2)[C@H](C(=O)NCCN(C(C)C)C(C)C)C1,6.66,6.968300000000008
Cc1cc(C)cc(C(=O)N2CC[C@H](NCc3ccnc4ccccc34)C[C@@H]2Cc2ccccc2)c1,6.66,5.857340000000006
Cc1cc(C)cc(C(=O)N2CC[C@H](NCc3ccccc3)C[C@H]2Cc2ccccc2)c1,6.66,5.3091400000000055
C=C(C)n1c(=O)n(CCN2CCC(N(C(=O)CC)c3cc(Cl)ccc3Cl)CC2)c2ccccc21,6.66,5.5080000000000044
Cl.O=C1CCN(Cc2ccc(C(F)(F)F)cc2)CC1C(c1ccc(F)cc1)c1ccc(F)cc1,6.66,6.628500000000005
COc1cc(CN(C)C(=O)CC(c2ccccc2)c2ccccc2)cc(OC)c1,6.65,4.884400000000005
FC(F)(F)c1cc(COCc2ccccc2-c2ccccc2)cc(C(F)(F)F)c1,6.65,7.108000000000006
O=C(CC(c1ccccc1)c1ccccc1)NCc1cc(Cl)cc(Cl)c1,6.65,5.831800000000004
O=C1N[C@@H](Cc2ccccc2)C(=O)N2[C@H]3Nc4ccccc4[C@@]3([C@]34C[C@H]5C(=O)N[C@@H](Cc6ccccc6)C(=O)N5[C@H]3Nc3ccccc34)C[C@@H]12,6.64,3.0496000000000008
Clc1cccc([C@H]2[C@@H](NCc3ccccc3Cl)C3CCN2CC3)c1,6.64,4.918500000000004
COc1ccccc1CN[C@H]1CCCN(CC(N)=O)[C@H]1c1ccccc1,6.64,2.4757999999999996
c1ccc(CN[C@H]2C3C4CCCC3CN(C4)[C@H]2C(c2ccccc2)c2ccccc2)cc1,6.64,5.707200000000006
O=C(NCc1ccccc1)[C@H](Cc1c[nH]c2ccccc12)NC(=O)N1CCC2(CCc3ccccc32)CC1,6.64,5.085000000000004
c1ccc(CNC2C3C4CCCC3CN(C4)[C@H]2C(c2ccccc2)c2ccccc2)cc1,6.64,5.707200000000006
O=C(NCc1cc(C(F)(F)F)cc(C(F)(F)F)c1)c1c(-c2ccc(F)cc2)c2ccccc2n2nnnc12,6.63,6.051200000000002
COc1ccccc1CN[C@H]1C2CCN(CC2)[C@H]1Cc1ccccc1,6.63,3.490300000000002
O=C(NCc1cc(C(F)(F)F)cc(C(F)(F)F)c1)c1c(-c2ccccc2)ccnc1CCl,6.63,6.4550000000000045
O=C(CC(c1ccccc1)c1ccccc1)NCc1cc(C(F)(F)F)cc(C(F)(F)F)c1,6.63,6.562600000000003
COc1ccccc1CN[C@@H]1C2CCN(CC2)[C@H]1c1cccc(Cl)c1,6.62,4.273700000000003
CCN(Cc1ccccc1)C(=O)[C@H](Cc1c[nH]c2ccccc12)NC(=O)N1CCC2(CCc3ccccc32)CC1,6.62,5.817300000000006
O=C1N[C@@H](Cc2ccccc2)C(=O)N2[C@H]3Nc4ccccc4C3(C34C[C@H]5C(=O)N[C@@H](Cc6ccccc6)C(=O)N5[C@H]3Nc3ccccc34)C[C@@H]12,6.62,3.0496000000000008
CC(=O)N1CCC(C(=O)N2CC[C@@H](N(C)C(=O)c3ccc(Cl)cc3)C(c3ccc(Cl)c(Cl)c3)C2)CC1,6.62,5.362000000000005
O=C(c1cc(C(F)(F)F)cc(C(F)(F)F)c1)N1CCC2(CC1)NC(=O)N(Cc1ccc3c(c1)OCO3)C2=O,6.61,4.179700000000002
O=C1CNC(Cc2c[nH]c3ccccc23)CN1Cc1cc(C(F)(F)F)cc(C(F)(F)F)c1,6.61,4.748600000000003
O=C(N[C@@H](Cc1c[nH]c2ccccc12)C(=O)OCc1ccc(Cl)cc1)c1ccccc1,6.61,4.905800000000003
Cc1ccc(COC2C3CCN(CC3)C2C(c2ccccc2)c2ccccc2)cc1,6.61,5.806520000000006
COc1cc(CN2CCN(C(COCc3cc(C(F)(F)F)cc(C(F)(F)F)c3)c3ccccc3)C(Cc3ccccc3)C2)cc(OC)c1OC,6.6,8.437000000000006
O=C(CSc1nnc(-c2ccncc2)n1-c1ccccc1)Nc1cccc(Cl)c1,6.6,4.7135000000000025
C[C@@H](O)[C@@H]1NC(=O)[C@H](Cc2ccc(F)cc2)NC(=O)[C@@H](Cc2c[nH]c3ccccc23)NC(=O)[C@H](Cc2ccccc2)NC(=O)[C@H](Cc2ccccc2)NC(=O)[C@H](CC(N)=O)NC(=O)[C@H](CCCCN)NC(=O)[C@@H](N)CSSC[C@H](C(=O)O)NC(=O)[C@H](CO)NC(=O)[C@H]([C@@H](C)O)NC(=O)[C@H](Cc2ccccc2)NC1=O,6.6,-2.281700000000022
COC(=O)[C@H]1CCN(C(=O)N(c2ccccc2)c2ccccc2)[C@H](C(=O)NCCN(C)Cc2ccccc2OC)C1,6.6,4.455100000000003
CN1C(=O)OC2(CCN(CC[C@@](C)(C(=O)N[C@H](C(=O)NCCN)c3ccccc3)c3ccc(Cl)c(Cl)c3)CC2)c2cc(F)ccc21.Cl,6.6,5.712200000000006
CNCCNC(=O)[C@@H](NC(=O)C(C)(C)c1cc(C(F)(F)F)cc(C(F)(F)F)c1)c1ccccc1,6.6,4.194900000000003
CN1CCN(CCNC(=O)[C@@H](NC(=O)C(C)(C)c2cc(C(F)(F)F)cc(C(F)(F)F)c2)c2ccccc2)CC1,6.6,4.222900000000004
COc1ccccc1C(CNC(=O)Cc1cc(C(F)(F)F)cc(C(F)(F)F)c1)N1CCCCC1,6.6,5.618700000000005
CCOC(=O)Oc1c(OC)cc(C(=O)N2CCC(CCN3CCC(C(N)=O)(c4ccccc4)CC3)(c3ccc(Cl)c(Cl)c3)C2)cc1OC,6.6,6.239000000000006
Cc1cc2c(-c3ccccc3)c(CNCc3cc(C(F)(F)F)cc(C(F)(F)F)c3)n(C)c(=O)c2cc1C,6.6,7.149740000000005
Fc1ccc(COC2C3CCN(CC3)C2C(c2ccccc2)c2ccccc2)cc1,6.6,5.637200000000006
COc1ccc(C(=O)N(C)[C@@H]2CCN(C(=O)C3CCN(C(C)=O)CC3)C[C@H]2c2ccc(Cl)c(Cl)c2)cc1,6.6,4.7172000000000045
O=C(NC[C@]1(c2ccccc2)CC[C@@H](N2CCC(c3ccc(F)cc3)CC2)CC1)c1cc(C(F)(F)F)cc(C(F)(F)F)c1,6.6,8.353300000000004
NC(=O)[C@H](Cc1cccs1)NC(=O)[C@@H](N)Cc1ccccc1,6.6,0.8307000000000001
CS(=O)(=O)N1CC2(CCN(C(=O)C(COCc3ccccc3)NC(=O)c3ccc(Cl)c(Cl)c3)CC2)c2ccccc21,6.58,4.648600000000005
O=C1CC[C@@H](CN[C@H]2CC[C@@H](OCc3cc(C(F)(F)F)cc(C(F)(F)F)c3)[C@@H]2c2ccccc2)N1,6.58,5.423800000000005
CC(=O)N1CCC(C(=O)N2CC[C@@H](N(C)C(=O)c3ccc(C)cc3)C(c3ccc(Cl)c(Cl)c3)C2)CC1,6.58,5.017020000000005
CS(=O)(=O)N1CCC2(CC1)C1C(=O)N(Cc3cc(C(F)(F)F)cc(C(F)(F)F)c3)C(=O)C1CN2C(=O)c1ccc2ccccc2c1,6.58,4.928800000000006
COc1ccccc1C/N=C(\S)N1CCC[C@H]1C(=O)N[C@@H](Cc1ccccc1)C(=O)N(C)Cc1ccccc1,6.58,4.331500000000004
COc1ccccc1C1CCN(C(=O)[C@H](COCc2ccc(Cl)c(Cl)c2)NCc2ccccc2)CC1,6.58,6.083200000000006
NC(=O)C1(c2ccccc2)CCN(CCC2(c3ccc(Cl)c(Cl)c3)CCN(C(=O)c3ccccc3)C2)CC1,6.57,5.686500000000005
CCCCCN(CCCCC)C(=O)N1CCN(C(=O)N(c2ccccc2)c2ccccc2)[C@H](C(=O)NCCOC)C1,6.57,5.495900000000005
Cc1cc(C)cc(/C(F)=C2\CC[C@@H](NC(=O)c3ccnc4ccccc34)C[C@@H]2Cc2ccccc2)c1,6.57,7.373640000000006
O=C1NC(Cc2c[nH]c3ccccc23)CN1Cc1cc(C(F)(F)F)cc(C(F)(F)F)c1,6.57,5.342000000000003
O=C(c1ccccc1)N1CCCC(CCCN2CCC3(CCc4ccccc43)CC2)(c2ccc(Cl)c(Cl)c2)C1,6.57,7.927600000000009
Cc1nc(Cl)cc(-c2ccccc2)c1C(=O)NCc1cc(C(F)(F)F)cc(C(F)(F)F)c1,6.57,6.6780200000000045
COc1ccccc1C(CNC(=O)Cc1ccccc1C(F)(F)F)N1CCN(C2CCCCC2)CC1,6.57,5.064300000000006
Cl.O=C1CCN(Cc2cccc(C(F)(F)F)c2)CC1C(c1ccc(F)cc1)c1ccc(F)cc1,6.57,6.628500000000005
O=C1OC(Cc2c[nH]c3ccccc23)C(=O)N1Cc1cc(Cl)cc(Cl)c1,6.56,4.564800000000003
Cc1c(C(=O)NCc2cc(C(F)(F)F)cc(C(F)(F)F)c2)c(-c2ccccc2)cc2nnnn12,6.55,5.067320000000003
COc1ccccc1C(CNC(=O)Cc1ccc(Cl)c(Cl)c1)N1CCN(C2CCCCC2)CC1,6.55,5.352300000000005
COc1ccccc1COC(=O)[C@H](Cc1c[nH]c2ccccc12)NC(=O)OC(C)(C)C,6.55,4.355700000000003
CCCCCN(CCCCC)C(=O)N1CCN(C(=O)N(c2ccccc2)c2ccccc2)[C@H](CO)C1,6.55,5.725600000000007
Cl.O=C1CCN(Cc2ccccc2O)CC1C(c1ccc(F)cc1)c1ccc(F)cc1,6.55,5.315300000000004
CCCC[N+](CCCC)(CCCC)Cc1ccc(NC(=O)[C@@H](Cc2ccc3ccccc3c2)N=C(NC2CCCCC2)NC2CCCCC2)cc1,6.54,10.307299999999998
CN(Cc1ccccc1)C(=O)[C@H](Cc1ccccc1)NC(=O)[C@@H]1CCCN1/C(S)=N/Cc1ccccc1F,6.54,4.462000000000003
Cc1ccc(CO[C@H]2C3CCN(CC3)[C@H]2C(c2ccccc2)c2ccccc2)cc1,6.54,5.806520000000006
Cc1cc(C)cc(CO[C@H]2C3CCN(CC3)[C@H]2Cc2ccccc2)c1,6.54,4.525540000000005
CC(=O)N1CCC(C(=O)N2CC[C@@H](N(C)C(=O)Nc3ccc(Cl)cc3)[C@H](c3ccc(Cl)c(Cl)c3)C2)CC1,6.54,5.753700000000006
CN1CCC(COCc2cc(C#N)cc(C3CC3)n2)(c2ccc(F)cc2)CC1,6.54,4.149980000000004
CCCCCN(CCCCC)C(=O)N1CCN(C(=O)N(c2ccccc2)c2ccccc2)[C@H](C(=O)N(C)CCN(C)Cc2ccccc2)C1,6.54,7.3237000000000085
CN(CC(c1ccccc1)c1ccccc1)C(=O)c1cc(C(F)(F)F)cc(C(F)(F)F)c1,6.53,6.628300000000005
CN(C(=O)c1ccccc1-c1ccccc1)C(C)(C)c1cc(C(F)(F)F)cc(C(F)(F)F)c1,6.53,7.398500000000005
CN(C(=O)C(c1ccccc1)c1ccccc1)c1cc(C(F)(F)F)cc(C(F)(F)F)c1,6.52,6.519100000000004
FC(F)(F)c1cc(CO[C@H]2CCCN[C@@H]2c2ccccc2)cc(C(F)(F)F)c1,6.52,5.734100000000003
CCCN1C(=O)C2NC(c3ccc(OCC(=O)NCCNC(=O)C(N)CC(=O)N[C@@H](Cc4ccccc4)C(=O)N[C@@H](Cc4ccccc4)C(=O)NCC(=O)N[C@@H](CC(C)C)C(=O)N[C@@H](CCSC)C(N)=O)cc3)=NC2N(CCC)C1=O,6.52,-0.030799999999999494
FC(F)(F)c1cc(CO[C@@H]2C3CCN(CC3)[C@@H]2C(c2ccccc2)c2ccccc2)cc(C(F)(F)F)c1,6.52,7.5357000000000065
O=C(N[C@H]1CC[C@H](OCc2cc(C(F)(F)F)cc(C(F)(F)F)c2)[C@@H]1c1ccccc1)OCc1ccccc1,6.52,7.482000000000006
FC(F)(F)c1cccc(COC2C3CCN(CC3)C2C(c2ccccc2)c2ccccc2)c1,6.52,6.516900000000006
CC(C)(C)C(=O)N1CCC2(CC1)C1C(=O)N(c3ccccc3)C(=O)C1CN2C(=O)c1cc(C(F)(F)F)cc(C(F)(F)F)c1,6.52,5.393100000000006
CN(CCCc1cc(C(F)(F)F)cc(C(F)(F)F)c1)C(=O)CC(c1ccccc1)c1ccccc1,6.52,7.337400000000007
Cc1cc(O)cc(C)c1C[C@H](N)C(=O)N[C@H](CCCNC(=N)N)C(=O)N[C@H]1Cc2ccccc2CN(CCC(=O)N(Cc2ccccc2)CC(C)C)C1=O,6.51,2.7715100000000072
COc1ccccc1CN[C@H]1C2CCCN(CC2)[C@H]1C(c1ccc(F)cc1)c1ccc(F)cc1,6.51,5.7480000000000055
CCN1/C(=C\C=C\c2n(CC)c3cc4ccccc4cc3[n+]2CC)Oc2ccccc21.[I-],6.51,2.899300000000001
CCn1c2[n+](c3cc4ccccc4cc31)C(C)CC2=C/C=C1\N(C)c2ccc3ccccc3c2C1(C)C.[I-],6.51,4.918700000000006
Cc1cc(C)cc(C(=O)N2CC[C@H](NCc3ccnc4ccccc34)C[C@H]2CC2CCCCC2)c1,6.51,6.585040000000007
COc1cc2c(cc1OC)C1=NO[C@@H](CN3CCN(C/C(C)=C/c4ccc(F)cc4)CC3)[C@@H]1CO2,6.51,3.675500000000002
O=C1C(Cc2c[nH]c3ccccc23)N(Cc2ccccc2)C(=O)N1Cc1cc(C(F)(F)F)cc(C(F)(F)F)c1,6.51,6.781200000000005
CSCC[C@H](N)C(=O)N[C@@H](CC(C)C)C(=O)Cc1noc([C@H](Cc2ccccc2)NC(=O)[C@H](Cc2ccccc2)NC(=O)[C@H](CCC(N)=O)NC(=O)[C@H](CCC(N)=O)NC(=O)[C@@H]2CCCN2C(=O)[C@H](CCCCN)NC(=O)[C@@H]2CCCN2C(=O)[C@@H](N)CCCN=C(N)N)n1,6.51,-1.6027000000000218
O=C(NCc1cc(C(F)(F)F)cc(C(F)(F)F)c1)c1c(-c2ccccc2)c2ccccc2n2nnnc12,6.51,5.912100000000004
C#CC[C@]1(O)CCC2C3CCC4Cc5nc6nc7ccccc7n6cc5C[C@]4(C)C3CC[C@@]21C,6.5,5.594300000000006
O=C(Cc1ccccc1)N[C@H](Cc1ccc2ccccc2c1)NC(=O)[C@@H]1CCCC[C@@H]1NC(=O)c1c[nH]c2ccccc12,6.5,5.653600000000004
COC(=O)C1c2ccccc2NC(=O)CN1C(=O)N(C)Cc1cc(C(F)(F)F)cc(C(F)(F)F)c1,6.5,4.4444000000000035
C#C[C@]1(O)CCC2C3CC[C@H]4Cc5nc6nc7cc8ccccc8cc7n6cc5C[C@]4(C)C3CC[C@@]21C,6.5,6.3574000000000055
O=C(COc1cc(C(F)(F)F)cc(C(F)(F)F)c1)N(c1ccc(F)cc1)C1CCNCC1,6.5,5.027300000000004
O=C1NC(Cc2c[nH]c3ccccc23)C(=O)N1Cc1cc(C(F)(F)F)cc(C(F)(F)F)c1,6.5,4.8686000000000025
COc1c(Br)cc(C(=O)N2CCC(CCN3CCC(C(N)=O)(c4ccccc4)CC3)(c3ccc(Cl)c(Cl)c3)C2)cc1Br,6.5,7.220100000000007
CC(C)(C(=O)N[C@H](C(=O)NCCN)c1ccccc1)c1cc(C(F)(F)F)cc(C(F)(F)F)c1,6.5,3.9342000000000033
CC(C)(C(=O)N[C@H](C(=O)N1CCOCC1)c1ccccc1)c1cc(C(F)(F)F)cc(C(F)(F)F)c1,6.5,4.718100000000004
CN1C(=O)OC2(CCN(CCC[C@@](C)(C(=O)N[C@H](C(=O)NCCN)c3ccccc3)c3ccc(Cl)c(Cl)c3)CC2)c2cc(F)ccc21.O=C(O)C(F)(F)F,6.5,6.313800000000006
Cc1ccccc1-c1ccccc1/C=N/Nc1c(Cl)cncc1Cl,6.5,5.809820000000003
CCN1/C(=C\C=C\c2n(CC)c3cc4ccccc4cc3[n+]2CC)Sc2ccccc21.[I-],6.5,3.612600000000003
CN(CCCc1cc(C(F)(F)F)cc(C(F)(F)F)c1)C(=O)C(c1ccccc1)c1ccccc1,6.49,6.9473000000000065
Cc1cc(C)c(C(=O)N2CCC3(CC2)NC(=O)N(c2cc(C(F)(F)F)cc(C(F)(F)F)c2)C3=O)c(C)c1,6.49,5.380660000000005
COc1ccccc1C/N=C(\S)N1CCC[C@H]1C(=O)NC(c1ccccc1)c1ccccc1,6.48,4.851200000000004
Cc1ccccc1C1CCN(C(=O)[C@H](COCc2ccc(Cl)c(Cl)c2)NCc2ccccc2)CC1,6.48,6.383020000000007
COc1ccc(C(=O)N(C)[C@@H]2CCN(C(=O)C3CCN(C(C)=O)CC3)CC2c2ccc(Cl)c(Cl)c2)cc1,6.48,4.7172000000000045
COc1ccccc1CN[C@H]1C2CC[N+](Cc3ccccc3)(CC2)[C@H]1C(c1ccccc1)c1ccccc1.[Br-],6.48,3.798700000000003
O=C(NCCc1ccccc1)[C@H](Cc1c[nH]c2ccccc12)NC(=O)N1CCC2(CCc3ccccc32)CC1,6.48,5.127500000000004
O=C(c1cccc2ccccc12)N1CCC2(CC1)NC(=O)N(c1cc(C(F)(F)F)cc(C(F)(F)F)c1)C2=O,6.47,5.608600000000004
Cc1c(C(=O)NCc2cc(C(F)(F)F)cc(C(F)(F)F)c2)c(-c2ccccc2)cc[n+]1[O-],6.47,5.2630200000000045
CN(Cc1ccc(F)cc1)C(=O)[C@@]1(c2ccc(Cl)c(Cl)c2)C[C@H]1CN1CCN(S(=O)(=O)N(C)C)CC1,6.47,3.472800000000003
COc1ccccc1CN(CC(NC(=O)CN1CCN(c2ccccc2)CC1)c1ccc(Cl)c(Cl)c1)C(C)=O,6.47,5.030200000000004
COc1ccc(CN[C@H]2C3CCN(CC3)[C@H]2C(c2ccccc2)c2ccccc2)cc1,6.46,5.079700000000005
FC(F)(F)c1cc(COCC2(c3ccccc3)CCC(N3CCOCC3)CC2)cc(C(F)(F)F)c1,6.46,6.453600000000005
CCn1c(/C=C/C=C2/N(C)c3ccccc3C2(C)C)[n+](CCCO)c2nc3ccccc3nc21.[Cl-],6.46,1.603
COc1ccc(CN[C@H]2C3CCN(CC3)[C@@H]2c2cccc(Cl)c2)c(OC)c1,6.46,4.282300000000004
COc1ccccc1CN(C[C@H](Cc1c[nH]c2ccccc12)NC(=O)CN1CCN(c2ccccc2)CC1)C(C)=O,6.45,4.0747000000000035
CCN1/C(=C\C=C\c2n(CC)c3cc4ccccc4cc3[n+]2CC)C(C)(C)c2ccccc21.[Cl-],6.44,3.840600000000003
N[C@H](COCc1ccccc1)C(c1ccccc1)c1ccccc1,6.44,4.362600000000004
CCCC[P+](CCCC)(CCCC)Cc1ccc(NC(=O)[C@@H](Cc2ccc3ccccc3c2)N=C(NC2CCCCC2)NC2CCCCC2)cc1.[Br-],6.43,8.512100000000006
FC(F)(F)c1cc(CNCc2ccccc2-c2ccccc2)cc(C(F)(F)F)c1,6.43,6.6810000000000045
FC(F)(F)c1ccc(COC2C3CCN(CC3)C2C(c2ccccc2)c2ccccc2)cc1,6.43,6.516900000000006
NC(COCc1ccccc1)C(c1ccccc1)c1ccccc1,6.43,4.362600000000004
CS(=O)(=O)NCC1(c2ccccc2)CCN(C(=O)[C@H](COCc2ccc(Cl)c(Cl)c2)NCc2ccccc2)CC1,6.42,4.778000000000004
Cc1cc(C)cc(/C(F)=C2/CC[C@H](NC(=O)c3ccnc4ccccc34)C[C@H]2Cc2ccccc2)c1,6.42,7.373640000000006
O=C(Cc1cc(C(F)(F)F)cc(C(F)(F)F)c1)NCC(c1ccccc1)c1ccccc1,6.42,6.215000000000005
O=C(c1ccccc1)N1CCCC(CCCN2CCC(n3c(=O)[nH]c4ccccc43)CC2)(c2ccc(Cl)c(Cl)c2)C1,6.42,6.927700000000008
CN1CCC(COCc2cc(C(F)(F)F)cc(C#N)n2)(c2ccccc2)CC1,6.42,4.152280000000004
O=C(NCc1cc(C(F)(F)F)cc(C(F)(F)F)c1)c1c(-c2ccccc2)c2ccccc2n2cccc12,6.41,7.7271000000000045
CN(Cc1ccnc2ccccc12)[C@H]1CCN(C(=O)c2cc(Cl)cc(Cl)c2)[C@H](Cc2ccccc2)C1,6.41,6.889500000000007
CC(=O)N1Cc2[nH]c3ccccc3c2C[C@H]1C(=O)OCc1cc(C(F)(F)F)cc(C(F)(F)F)c1,6.41,5.222100000000004
CCN1/C(=C/C=C/c2n(CC)c3nc4ccccc4nc3[n+]2CC)C(C)(C)c2ccccc21.[Cl-],6.41,2.630600000000001
CCn1c(/C=C/C=C2\N(C)c3ccccc3C2(C)C)[n+](CC)c2cc3ccccc3cc21.[Cl-],6.41,3.4505000000000026
CC(=O)N[C@H]1Cc2ccccc2CN(CC(=O)NCc2cc(C(F)(F)F)cc(C(F)(F)F)c2)C1=O,6.41,3.4300000000000015
CN1C(=O)OC2(CCN(CCC[C@H](C(=O)N(C)[C@@H](Cc3ccccc3)C(=O)NCCN)c3ccc(Cl)c(Cl)c3)CC2)c2cc(F)ccc21.Cl,6.4,6.140400000000007
CN1C(=O)OC2(CCN(CC[C@](C)(C(=O)N[C@@H](Cc3ccccc3)C(=O)NCCN)c3ccc(Cl)c(Cl)c3)CC2)c2cc(F)ccc21.Cl,6.4,5.582200000000005
Cc1ccc(-c2c(C(=O)NCc3cc(C(F)(F)F)cc(C(F)(F)F)c3)c3nnnn3c3ccccc23)cc1,6.4,6.220520000000004
Clc1cccc(COCC(c2ccccc2)N2CCNCC2)c1,6.4,3.5031000000000017
O=C1NC(Cc2c[nH]c3ccccc23)CN(Cc2cc(C(F)(F)F)cc(C(F)(F)F)c2)C1=O,6.4,4.2752000000000026
Fc1ccc([C@@H]2NCCO[C@]23CC[C@H](c2ccccc2C(F)(F)F)CO3)cc1,6.4,4.795900000000004
Fc1ccc([C@@H]2NCCOC23CC[C@H](c2ccccc2C(F)(F)F)CO3)cc1,6.4,4.795900000000004
CCn1c(/C=C/C=C2/N(C)c3ccccc3C2(C)C)[n+](CCCOC(C)=O)c2nc3ccccc3nc21.[Cl-],6.39,2.1738
CN(Cc1ccccc1)C(=O)[C@@H](Cc1c[nH]c2ccccc12)NC(=O)[C@H]1CCCN1C(=O)Nc1ccccc1[N+](=O)[O-],6.39,4.4585000000000035
FC(F)(F)c1cc(COC[C@@]2(c3ccccc3)CCCCNC2)cc(C(F)(F)F)c1,6.39,5.952300000000004
CC(=O)N1CCC(C(=O)N2CC[C@@H](N(C)C(=O)c3ccc(-c4ccccc4)cc3)C(c3ccc(Cl)c(Cl)c3)C2)CC1,6.39,6.3756000000000075
CCn1c(/C=C/C=C2\N(C)c3ccccc3C2(C)C)[n+](CCOC(C)=O)c2cc3ccccc3cc21.[Cl-],6.39,2.9937000000000014
Cc1ccccc1C/N=C(\S)N1CCC[C@H]1C(=O)N[C@@H](Cc1ccccc1)C(=O)N(C)Cc1ccccc1,6.39,4.631320000000004
CC(C)(C)OC(=O)N[C@@H](Cc1c[nH]c2ccccc12)C(=O)OCc1ccccc1,6.38,4.347100000000003
Clc1ccc(COC2C3CCN(CC3)C2C(c2ccccc2)c2ccccc2)cc1,6.38,6.151500000000006
COc1ccccc1CN(C[C@H](Cc1c[nH]c2ccccc12)NC(=O)CN1CCC(N2CCCCC2)CC1)C(C)=O,6.38,4.202800000000003
CC(C)COC(=O)N[C@@H](Cc1c[nH]c2ccccc12)C(=O)NCCc1c[nH]c2ccccc12,6.37,4.301400000000003
CN1CCC(COCc2cc(C(F)(F)F)cc(Cl)n2)(c2ccc(Cl)cc2)CC1,6.37,5.587400000000005
Cc1cccc2c1C1(C34C[C@H]5C(=O)N[C@@H](Cc6ccccc6)C(=O)N5[C@H]3Nc3ccccc34)C[C@H]3C(=O)N[C@@H](Cc4ccccc4)C(=O)N3[C@H]1N2,6.36,3.3580200000000016
CC(=O)N[C@@H](Cc1ccccc1)C(=O)OCc1cc(C)cc(C)c1,6.36,3.0940400000000015
Cc1cc(-c2ccccc2)c(C(=O)NCc2cc(C(F)(F)F)cc(C(F)(F)F)c2)c(C)n1,6.36,6.333040000000003
CO/N=C(\CN(C)S(=O)(=O)c1cc(C(F)(F)F)cc(C(F)(F)F)c1)C(CCN1CCC(O)(c2ccccc2)CC1)c1ccc(Cl)c(Cl)c1,6.36,7.811400000000008
CCn1c(/C=C/C=C2\N(C)c3ccccc3C2(C)C)[n+](CCO)c2cc3ccccc3cc21.[Cl-],6.35,2.4229000000000003
CSCC[C@@H](NC(=O)[C@H](CC(C)C)NC(=O)CNC(=O)[C@H](Cc1ccccc1)NC(=O)[C@H](Cc1ccccc1)NC(=O)[C@@H](N)CCC(N)=O)C(N)=O,6.35,-0.5954999999999897
CC(C)(C)OC(=O)N1CC[C@H](c2ccccc2)[C@@H](C(=O)NCc2cc(C(F)(F)F)cc(C(F)(F)F)c2)C1,6.35,6.381200000000005
CS(=O)(=O)N1CC2(CCN(C(=O)C(CCc3ccc(Cl)c(Cl)c3)NCc3ccccc3)CC2)c2ccccc21,6.34,5.424400000000006
CN1C(=O)N(Cc2cc(C(F)(F)F)cc(C(F)(F)F)c2)C2(CCN(C(=O)c3cccc4ccccc34)CC2)C1=O,6.34,5.946400000000006
COc1ccccc1CNCc1c(-c2ccccc2)c2ccccc2c(=O)n1C,6.34,4.503900000000003
CC(=O)C1(c2ccccc2)CCN(CCCC2(c3ccc(Cl)c(Cl)c3)CCCN(C(=O)c3ccccc3)C2)CC1,6.34,7.570400000000009
COc1ccccc1CNC(=O)c1c(-c2ccccc2C)c2ccccc2c(=O)n1C,6.33,4.452520000000003
CN(C)c1ccccc1CC(=O)N1C[C@@H]2C(=O)C[S+]([O-])C(c3ccccc3)(c3ccccc3)[C@@H]2C1,6.33,3.6449000000000025
CC(C)N(C(C)C)C1CCC(COCc2cc(C(F)(F)F)cc(C(F)(F)F)c2)(c2ccccc2)C1,6.33,7.850100000000007
CSN1CC2(CCN(C(=O)N[C@@H](COCc3ccccc3)C(=O)N(C)Cc3ccccc3)CC2)c2ccccc21,6.32,5.071800000000005
CN1CCC(COCc2cncc(Br)c2)(c2ccccc2)CC1,6.32,4.024300000000004
Cc1cc(C)cc(COCC(N)Cc2ccccc2)c1,6.32,3.3900400000000017
COc1ccccc1CN(CC(NC(=O)CN1CCN(c2ccccc2)CC1)c1ccccc1)C(C)=O,6.32,3.7234000000000025
CN(Cc1ccccc1Cl)C(=O)Nc1c(-c2ccc(F)cc2)c2ccccc2c(=O)n1C,6.32,5.661900000000005
CSCC[C@H](NC(=O)[C@H](CC(C)C)NC(=O)CNC(=O)[C@@H](NC(=O)[C@H](Cc1ccccc1)NC(=O)[C@H](CCC(N)=O)NC(=O)[C@H](CCC(N)=O)NC(=O)[C@H]1CCCN1C(=O)[C@H](CCCCN)NC(=O)[C@@H]1CCCN1C(=O)[C@@H](N)CCCN=C(N)N)C(c1ccccc1)c1ccccc1)C(N)=O,6.3,-2.121600000000009
O=C1C2CN(C(=O)c3sc4ccccc4c3Cl)C3(CCNCC3)C2C(=O)N1Cc1cc(C(F)(F)F)cc(C(F)(F)F)c1,6.3,5.971700000000005
CCCC[C@H](NC(=O)[C@H](CC(C)C)NC(=O)[C@H](Cc1c[nH]c2ccccc12)NC(=O)[C@H](Cc1ccccc1)NC(=O)[C@H](Cc1c[nH]c2ccccc12)NC(=O)[C@H](CC(N)=O)NC(=O)[C@H](Cc1ccccc1)NC(=O)[C@@H]1C(Cl)C(Cl)CN1C(=O)[C@H](C)NC(=O)[C@@H]1C(c2cccnc2)CCN1C(=O)[C@H](CCCCN)NC(=O)c1cccnc1)C(=O)O,6.3,4.542300000000004
CCCCCN(CCCCC)C(=O)N1CCN(C(=O)N(c2ccccc2)c2ccccc2)CC1,6.3,6.364700000000007
CS(=O)(=O)N1CC2(CCN(CCCC3(c4ccc(Cl)c(Cl)c4)CCCN(C(=O)c4ccccc4)C3)CC2)c2ccccc21,6.3,6.761000000000008
C[C@H](O)[C@@H]1NC(=O)[C@H](Cc2ccccc2)NC(=O)[C@@H](Cc2c[nH]c3ccccc23)NC(=O)[C@@H](Cc2ccccc2)NC(=O)[C@@H]2CCCN2C(=O)[C@H](Cc2ccccc2)NC1=O,6.3,2.247900000000003
CSCC[C@H](NC(=O)[C@H](CC(C)C)NC(=O)[C@@H](Cc1c[nH]c2ccccc12)NC(=O)[C@H](Cc1ccccc1)NC(=O)[C@@H](Cc1ccccc1)NC(=O)[C@H](CCCN=C(N)N)NC(=O)[C@H](CC(N)=O)NC(=O)[C@@H]1CCCN1C(=O)[C@H](CCCCNC(=O)OCc1ccccc1)NC(=O)[C@@H]1CCCN1C(=O)[C@H](CCCN=C(N)N)NC(=O)OCc1ccccc1)C(=O)O,6.3,2.3142999999999714
Fc1ccc(C2NCCOC23CCC(c2cccc(C(F)(F)F)c2)CO3)cc1,6.29,4.795900000000004
CN1C(=O)C2CN(Cc3cccs3)C3(CCN(C(=O)c4cc(C(F)(F)F)cc(C(F)(F)F)c4)CC3)C2C1=O,6.29,4.507300000000003
O=C(NCc1cc(C(F)(F)F)cc(C(F)(F)F)c1)C(c1ccccc1)c1ccccc1,6.28,6.172500000000005
O=C(c1cc(O)cc(O)c1)N1CC[C@H](NCc2ccnc3ccccc23)C[C@H]1Cc1ccccc1,6.28,4.6517000000000035
CC(=O)N1CCC(C(=O)N2CC[C@@H](N(C)C(=O)c3ccc(Br)cn3)[C@H](c3ccc(Cl)c(Cl)c3)C2)CC1,6.28,4.866100000000005
O=C(NCc1cc(C(F)(F)F)cc(C(F)(F)F)c1)c1c(-c2ccccc2)c2ccccc2n2cnnc12,6.27,6.517100000000004
CS(=O)(=O)N1CC2(CCN(C(=O)C(COCc3ccccc3)NCc3ccccc3Cl)CC2)c2ccccc21,6.27,4.355000000000005
Cc1cc(C)cc(C(=O)N2CC[C@@H](NCc3ccnc4ccccc34)C[C@H]2Cc2ccccc2)c1,6.27,5.857340000000006
NC(=O)[C@@H](Cc1ccccc1)NC(=O)[C@@H](N)Cc1ccccc1,6.27,0.7692000000000002
CCCC[N+](CCCC)(CCCC)Cc1ccc(NC(=O)[C@H](Cc2ccc3ccccc3c2)N=C(NC2CCCCC2)NC2CCCCC2)cc1,6.27,10.307299999999998
CS(=O)(=O)N(CC1CCN(C(=O)[C@H](COCc2ccc(Cl)c(Cl)c2)NCc2ccccc2)CC1)c1ccccc1,6.26,5.373200000000006
Cc1cc(C)cc(COC(=O)[C@H](Cc2c[nH]c3ccccc23)N(C)C)c1,6.26,4.000840000000003
C[C@@H]1NC(=O)[C@@H]2CCCN2C(=O)[C@H](Cc2ccccc2)NC(=O)[C@H]([C@@H](C)O)NC(=O)[C@H](Cc2ccccc2)NC(=O)[C@@H](Cc2c[nH]c3ccccc23)NC1=O,6.26,1.025100000000008
FC(F)(F)c1cc(CN2CCNC(Cc3c[nH]c4ccccc34)C2)cc(C(F)(F)F)c1,6.25,5.222000000000003
Clc1ccccc1CN[C@H]1C2CCCN(CC2)[C@H]1C(c1ccccc1)c1ccccc1,6.25,6.114600000000006
CN(C(=O)Cc1cc(C(F)(F)F)cc(C(F)(F)F)c1)c1ccccc1-c1ccccc1,6.25,6.596700000000005
Cc1ccccc1N1CCN(C(=O)[C@H](COCc2ccc(Cl)c(Cl)c2)NCc2ccccc2)CC1,6.25,5.325620000000005
COc1ccccc1N1CCN(C(=O)CCc2c(-c3ccc(Cl)cc3)[nH]c3cc(Cl)cc(Cl)c23)CC1,6.24,7.085100000000004
O=C(c1cc(C(F)(F)F)cc(C(F)(F)F)c1)N1CCC2(CC1)NC(=O)N(CCc1c[nH]c3ccccc13)C2=O,6.24,4.974800000000004
CSCCNS(=O)(=O)c1ccc(N/N=C(\S)N2CCC[C@H]2C(=O)NC(c2ccccc2)c2ccccc2)c([N+](=O)[O-])c1,6.23,4.219000000000003
O=C(NCCCc1cc(C(F)(F)F)cc(C(F)(F)F)c1)C(c1ccccc1)c1ccccc1,6.23,6.605100000000006
CN(Cc1ccccc1)C(=O)[C@H](Cc1ccccc1)NC(=O)[C@@H]1CCCN1C(=O)NCc1ccccc1Cl,6.23,4.400100000000003
O=C([C@H](COCc1ccc(Cl)c(Cl)c1)NCc1ccccc1)N1CCC2(CCc3ccccc32)CC1,6.22,6.175000000000006
CCCCCN(CCCCC)C(=O)N1CCN(C(=O)N(c2ccccc2)c2ccccc2)[C@H](C(=O)NCC(=O)O)C1,6.22,4.9341000000000035
C[C@@H](O)[C@@H]1NC(=O)[C@H](Cc2ccccc2)NC(=O)[C@@H](Cc2c[nH]c3ccccc23)NC(=O)[C@H](CO)NC(=O)[C@@H]2CCCN2C(=O)[C@H](Cc2ccccc2)NC1=O,6.22,-0.0024999999999925637
Brc1cncc(COCC2(c3ccccc3)CCNCC2)c1,6.22,3.682100000000002
Cc1cc(C)cc(C(=O)N2CC[C@H](NCc3ccnc4ccccc34)C[C@H]2Cc2ccc(Cl)cc2Cl)c1,6.22,7.164140000000007
O=C(N[C@@H](Cc1c[nH]c2ccccc12)C(=O)OCc1ccccc1Cl)c1ccccc1,6.22,4.905800000000004
CN(Cc1cc(C(F)(F)F)cc(C(F)(F)F)c1)Cc1c(-c2ccccc2)c2ccccc2c(=O)n1C,6.22,6.875100000000005
O=C(c1cc(Cl)cc(Cl)c1)N1CC[C@H](N(Cc2ccnc3ccccc23)C(=O)C(F)(F)F)C[C@H]1Cc1ccccc1,6.22,7.3486000000000065
COC(=O)[C@H](CCSC)NC(=O)[C@H](CC(C)C)NC(=O)[C@@H](Cc1c[nH]c2ccccc12)NC(=O)[C@H](Cc1ccccc1)NC(=O)[C@@H](Cc1ccccc1)NC(=O)[C@H](CCCN=C(N)N)NC(=O)[C@H](CC(N)=O)NC(=O)[C@@H]1CCCN1C(=O)[C@H](CCCCNC(=O)OCc1ccccc1)NC(=O)[C@@H]1CCCN1C(=O)[C@H](CCCN=C(N)N)NC(=O)OCc1ccccc1,6.22,2.402699999999972
CNC(c1ccccc1)C1(NCc2cc(C(F)(F)F)cc(C(F)(F)F)c2)CC1,6.21,5.307100000000004
Cc1cc(C)cc(/C(F)=C2\CCC(NC(=O)c3ccnc4ccccc34)CC2Cc2ccccc2)c1,6.21,7.373640000000006
O=C(CC(c1ccccc1)c1ccccc1)NCCCc1cc(C(F)(F)F)cc(C(F)(F)F)c1,6.21,6.995200000000004
CN1C(=O)OC2(CCN(CC[C@@H](C(=O)N(C)[C@H](C(=O)NCCN)c3ccccc3)c3ccc(Cl)c(Cl)c3)CC2)c2cc(F)ccc21.Cl,6.2,5.880300000000008
O=C1CC[C@@](CCN2CC(N3CCOCC3)C2)(c2ccc(Cl)c(Cl)c2)CN1CC1CCCCC1,6.2,4.840400000000005
COc1ccc(C(=O)N2CCC(CCN3CCC(C(N)=O)(c4ccccc4)CC3)(c3ccc(Cl)c(Cl)c3)C2)cc1,6.2,5.695100000000005
CN1C(=O)OC2(CCN(CC[C@](C)(C(=O)N[C@H](Cc3ccccc3)C(=O)NCCN)c3ccc(Cl)c(Cl)c3)CC2)c2cc(F)ccc21.Cl,6.2,5.582200000000005
O=C1CN(C(=O)NCc2cc(C(F)(F)F)cc(C(F)(F)F)c2)C(c2ccccc2)c2ccccc2N1,6.2,5.9775000000000045
COc1ccc(-c2c(C)nn3c(C(F)(F)F)cc(C)nc23)c(F)c1F,6.19,4.318740000000002
CN1C(=O)N(Cc2cc(C(F)(F)F)cc(C(F)(F)F)c2)C2(CCN(C(=O)c3c(Cl)cccc3Cl)CC2)C1=O,6.19,6.100000000000004
O=C(CC1CCN(C(=O)c2cccc(C#Cc3ccccn3)c2)CC1)Nc1ccccc1F,6.19,4.501500000000004
CN(C)CCN[C@H](C(=O)NCc1cc(C(F)(F)F)cc(C(F)(F)F)c1)c1ccc(F)cc1,6.19,4.3720000000000026
CN1CCCC[C@@](COCc2cc(C(F)(F)F)cc(C(F)(F)F)c2)(c2ccccc2)C1,6.18,6.294500000000006
Cc1nccc(-c2ccccc2)c1C(=O)NCc1cc(C(F)(F)F)cc(C(F)(F)F)c1,6.18,6.024620000000003
CCCC[P+](CCCC)(CCCC)Cc1ccc(NC(=O)[C@H](Cc2ccc3ccccc3c2)N=C(NC2CCCCC2)NC2CCCCC2)cc1.[Br-],6.17,8.512100000000006
Cc1cc(C)cc(CN2C(=O)OC(Cc3c[nH]c4ccccc34)C2=O)c1,6.17,3.8748400000000025
CCn1c(/C=C/C=C2\Sc3ccccc3N2C)[n+](CC)c2nc3ccccc3nc21.[Cl-],6.16,2.0124999999999993
c1ccc(CCN[C@H]2C3CCN(CC3)[C@H]2C(c2ccccc2)c2ccccc2)cc1,6.16,5.113600000000005
Cc1c(C(=O)NCc2cc(C(F)(F)F)cc(C(F)(F)F)c2)c(-c2ccccc2)cc2nncn12,6.16,5.672320000000004
O=C(c1ccc2ccccc2c1)N1CC[C@H](NCc2ccnc3ccccc23)C[C@H]1Cc1ccccc1,6.16,6.393700000000005
Cc1ccccc1CN[C@@H]1C2CCN(CC2)[C@@H]1C(c1ccccc1)c1ccccc1,6.16,5.379520000000005
CN1CCC(COCc2cc(C(F)(F)F)ccn2)(c2ccc(F)cc2)CC1,6.16,4.419700000000004
COc1ccccc1CN[C@@H]1C2CCN(CC2)[C@H]1c1ccccc1,6.16,3.620300000000003
Cc1cc(C)cc(/C(F)=C2/CCC(NC(=O)c3ccnc4ccccc34)CC2Cc2ccccc2)c1,6.15,7.373640000000006
FC(F)(F)c1ccc(COCC2(c3ccccc3)CCNCC2)cc1,6.14,4.543400000000003
CN(Cc1cc(C(F)(F)F)cc(C(F)(F)F)c1)Cc1ccccc1-c1ccccc1,6.14,7.023200000000005
Cc1cc(O)cc(C)c1CC(N)C(=O)NC(CCCNC(=N)N)C(=O)NC(Cc1ccccc1)C(=O)N(C)CC(=O)N(C)Cc1cc(C(F)(F)F)cc(C(F)(F)F)c1,6.13,3.509010000000006
FC(F)(F)c1ccccc1CN[C@@H]1C2CCN(CC2)[C@@H]1C(c1ccccc1)c1ccccc1,6.13,6.089900000000005
O=C1CCC(CCCN2CCC(n3c(=O)[nH]c4ccccc43)CC2)(c2ccc(Cl)c(Cl)c2)CN1Cc1ccccc1,6.13,6.814100000000007
Cc1cc(O)cc(C)c1C[C@H](N)C(=O)N[C@H](CCCNC(=N)N)C(=O)N[C@H]1Cc2ccccc2CN(CCC(=O)N(Cc2cc(C(F)(F)F)cc(C(F)(F)F)c2)CC(C)C)C1=O,6.13,4.809110000000006
CC(=O)NC1(C(=O)OCc2cc(C(F)(F)F)cc(C(F)(F)F)c2)CCc2[nH]c3ccccc3c2C1,6.12,5.3125000000000036
CCNc1cc(C(F)(F)F)cc(COCC2(c3ccc(F)cc3)CCN(C)CC2)n1,6.12,4.851500000000004
CC(=O)N[C@H](COCc1cc(C)cc(C)c1)Cc1c[nH]c2ccccc12,6.12,4.048740000000002
CC(=O)NC(Cc1c[nH]c2ccccc12)C(=O)N(C)Cc1ccccc1,6.12,2.8737000000000013
COc1cccc(COC(=O)[C@H](Cc2c[nH]c3ccccc23)NC(=O)c2ccccc2)c1,6.12,4.261000000000003
CS(=O)(=O)N1CC2(CCN(CCCC3(c4ccc(Cl)c(Cl)c4)CCC(=O)N(Cc4ccccc4)C3)CC2)c2ccccc21,6.12,6.647400000000008
COc1cc(CNC(=O)c2c(-c3ccccc3)c3ccccc3n3nnnc23)cc(OC)c1,6.11,3.891700000000002
CN(Cc1ccccc1)C(=O)[C@@H](Cc1ccc2ccccc2c1)NC(=O)[C@H]1CCCN1/C(S)=N/c1ccccc1[N+](=O)[O-],6.1,5.515800000000006
CCn1c2[n+](c3cc4ccccc4cc31)CCC2=C/C=C1\N(C)c2ccccc2C1(C)C.[I-],6.1,3.204500000000002
COc1ccccc1C(=O)N1CC2C(=O)N(C)C(=O)C2C12CCN(C(=O)c1cc(C(F)(F)F)cc(C(F)(F)F)c1)CC2,6.1,4.094600000000003
O=C(Cc1cc(C(F)(F)F)cc(C(F)(F)F)c1)N[C@H](C(=O)NCCN1CCOCC1)c1ccccc1,6.1,3.572600000000002
CSCC[C@@H]1NC(=O)[C@H](CC(C)C)NC(=O)[C@@H]2CNC(=O)C[C@H](NC1=O)C(=O)N[C@@H](Cc1c[nH]c3ccccc13)C(=O)N[C@@H](Cc1ccccc1)C(=O)N2,6.1,0.19460000000000904
CN(Cc1cc(C(F)(F)F)cc(C(F)(F)F)c1)C(=O)N1CC(=O)Nc2ccccc2C1CN1CCOCC1,6.1,4.603600000000004
CN1CCN(c2cc(C(F)(F)F)cc(COCC3(c4ccccc4)CCNCC3)n2)CC1,6.1,3.6902000000000017
COc1ccccc1CN(C)Cc1c(-c2ccccc2)c2cc(C)c(C)cc2c(=O)n1C,6.1,5.462940000000005
CN(Cc1ccccc1)C(=O)[C@@H](Cc1ccc(Cl)c(Cl)c1)NC(=O)[C@H]1CCCN1C(=O)Nc1ccccc1[N+](=O)[O-],6.09,5.284000000000004
O=C(NC(c1ccccc1)c1ccccc1)[C@@H]1CCCN1/C(S)=N/Nc1ccccc1[N+](=O)[O-],6.08,4.5777000000000045
C[C@@H](O[C@H]1OC[C@H](O)[C@H](O)[C@H]1OCc1ccc(F)cc1)c1cc(C(F)(F)F)cc(C(F)(F)F)c1,6.08,4.604400000000003
CCOc1ccc(CCNC(=O)N2CCN(CCCC(c3ccc(F)cc3)c3ccc(F)cc3)CC2)cc1,6.08,5.845500000000006
Cc1cccc(NC(=O)Nc2c(-c3ccccc3)c3cc(C)c(C)cc3c(=O)n2C)c1,6.08,5.774760000000005
COc1ccccc1CNC(=O)c1c(-c2ccccc2)c2ccccc2c(=O)n1C,6.07,4.1441000000000034
N=C(N)NCc1ccc(NC(=O)[C@@H](Cc2ccc3ccccc3c2)N=C(NC2CCCCC2)NC2CCCCC2)cc1,6.07,5.573270000000004
CCn1c(/C=C/C=C2\C3C=CCc4cccc(c43)N2C)[n+](CC)c2nc3ccccc3nc21.[Cl-],6.07,2.1587999999999994
CCOC(=O)CCC[n+]1c(/C=C/C=C2/N(C)c3ccccc3C2(C)C)n(CC)c2nc3ccccc3nc21.[Cl-],6.07,2.5639000000000003
COc1ccccc1C(CNC(=O)Cc1ccc(Cl)cc1)N1CCN(C2CCCCC2)CC1,6.07,4.6989000000000045
FC(F)(F)c1cc(CN2CC[C@H](NCc3ccnc4ccccc34)C[C@H]2Cc2ccccc2)cc(C(F)(F)F)c1,6.06,7.6379000000000055
CS(=O)(=O)N1CC2(CCN(C(=O)C(COCc3ccccc3)NCc3c(Cl)cccc3Cl)CC2)c2ccccc21,6.05,5.008400000000005
Fc1ccc([C@@H]2CCNC[C@H]2COc2ccc3c(c2)OCO3)cc1,6.05,3.326500000000002
O=C1CCC(CCCN2CCC3(CC2)CN(c2ccccc2)NC3=O)(c2ccc(Cl)c(Cl)c2)CN1Cc1ccccc1,6.05,6.467600000000007
FC(F)(F)c1cc(CO[C@H]2CCCO[C@H]2c2ccccc2)cc(C(F)(F)F)c1,6.05,6.161100000000004
Clc1cncc(Cl)c1N/N=C/c1ccccc1-c1ccccc1,6.03,5.501400000000004
CCCCCN(CCCCC)C(=O)N1CCN(C(=O)N(c2ccccc2)c2ccccc2)[C@H](C(=O)N(C)CCN(C)C)C1,6.03,5.753300000000006
COc1ccccc1N1CCN(C(=O)CCc2c(-c3ccc(Cl)cc3)[nH]c3cccc(Cl)c23)CC1,6.02,6.431700000000005
N#Cc1ccc(COC2C3CCN(CC3)C2C(c2ccccc2)c2ccccc2)cc1,6.02,5.369780000000006
O=C(CC1CCN(C(=O)c2cccc(C#Cc3ccccn3)c2)CC1)Nc1ccc(F)cc1,6.0,4.501500000000004
CN(Cc1ccccc1)C(=O)N1CC(=O)Nc2ccccc2C1c1ccccc1,6.0,4.282100000000003
CC(C)[C@@H]1NC(=O)[C@H](CCCCN)NC(=O)[C@@H](Cc2c[nH]c3ccccc23)NC(=O)[C@H](Cc2ccc(O)cc2)NC(=O)[C@H](C)N(C)C(=O)[C@H](Cc2ccccc2)NC1=O,6.0,1.970900000000007
C[C@H](O)[C@@H]1NC(=O)[C@H](CCCCN)NC(=O)[C@@H](Cc2c[nH]c3ccccc23)NC(=O)[C@H](Cc2ccccc2)NC(=O)[C@@H]2CCCN2C(=O)[C@H](Cc2ccccc2)NC1=O,6.0,1.134200000000011
O=C(Cc1ccccc1)NC1CCN(CCCN2C(=O)COc3ccccc32)CC1,6.0,2.625400000000001
O=C(Nc1ccccc1)N[C@H]1C2CCN(CC2)[C@H]1C(c1ccccc1)c1ccccc1,6.0,5.103000000000004
O=C(N[C@H]1C2CCN(CC2)[C@H]1C(c1ccccc1)c1ccccc1)Oc1ccccc1,6.0,5.069900000000004
O=C(N[C@H]1C2CCN(CC2)[C@H]1C(c1ccccc1)c1ccccc1)c1ccccc1,6.0,4.711300000000004
O=C(Nc1ccccc1)O[C@H]1C2CCN(CC2)[C@H]1C(c1ccccc1)c1ccccc1,6.0,5.530000000000006
CCCCC1CCN(CCCC(=O)c2ccccc2C)CC1,6.0,4.860120000000005
O=C(O[C@H]1C2CCN(CC2)[C@H]1C(c1ccccc1)c1ccccc1)c1ccccc1,6.0,5.138300000000005
Fc1ccccc1CN[C@@H]1C2CCN(CC2)[C@@H]1C(c1ccccc1)c1ccccc1,6.0,5.210200000000005
CN1CCN(Cc2nc3ccccc3c(-c3ccccc3)c2C(=O)NCc2cc(C(F)(F)F)cc(C(F)(F)F)c2)CC1,6.0,6.616800000000006
COc1ccccc1CN[C@H]1CCCN[C@@]12CCc1ccccc12,6.0,3.3785000000000016
CN(Cc1ccccc1)C(=O)[C@H](Cc1ccccc1)NC(=O)[C@@H]1CCCN1/C(S)=N/Cc1ccccc1,6.0,4.322900000000003
S=C(Nc1ccccc1)N[C@H]1C2CCN(CC2)[C@H]1C(c1ccccc1)c1ccccc1,6.0,5.2679000000000045
O=C(NCc1cc(C(F)(F)F)cc(C(F)(F)F)c1)c1c(CN2C(=O)c3ccccc3C2=O)nc2ccccc2c1-c1ccccc1,6.0,7.665600000000007
C[C@@H](NC(=O)[C@@H](N)Cc1ccc(O)cc1)C(=O)N[C@@H](Cc1ccccc1)c1nc(CN[C@@H](Cc2ccc(O)cc2)C(=O)N2CCC[C@H]2C(=O)N[C@@H](CO)C(N)=O)no1,6.0,-0.39019999999999316
C[C@@H](NC(=O)[C@@H](N)Cc1ccc(O)cc1)C(=O)N[C@@H](Cc1ccccc1)c1nnc(N[C@@H](Cc2ccc(O)cc2)C(=O)N2CCC[C@H]2C(=O)N[C@@H](CO)C(N)=O)o1,6.0,-0.0678999999999968
C[C@@H](NC(=O)[C@@H](N)Cc1ccc(O)cc1)C(=O)N[C@@H](Cc1ccccc1)C(=O)NCC(=O)N[C@@H](Cc1ccc(O)cc1)C(=O)N1CCC[C@H]1C(=O)N[C@@H](CO)C(N)=O,6.0,-2.003099999999989
COc1ccccc1CN[C@@H]1C2CCN(CC2)[C@@H]1Cc1ccccc1,6.0,3.490300000000002
O=S(=O)(N[C@H]1C2CCN(CC2)[C@H]1C(c1ccccc1)c1ccccc1)c1ccccc1,6.0,4.259800000000004
CN(Cc1ccccc1)C(=O)[C@@H](Cc1ccccc1)NC(=O)[C@H]1CCCN1/C(S)=N/c1ccccc1Br,6.0,5.216900000000006
COc1cc(CC(=O)N2CCN(C(=O)CNC3CCN(Cc4ccccc4)CC3)C(c3ccc(Cl)c(Cl)c3)C2)cc(OC)c1OC,6.0,5.228000000000006
O=C(c1cc(O)cc(O)c1)N1CCN(C(=O)CNC2CCN(Cc3ccccc3)CC2)C(c2ccc(Cl)c(Cl)c2)C1,6.0,4.684500000000004
CSCC[C@H](N)C(=O)N[C@@H](CC(C)C)C(=O)c1n[nH]c([C@H](Cc2ccccc2)NC(=O)[C@H](Cc2ccccc2)NC(=O)[C@H](CCC(N)=O)NC(=O)[C@H](CCC(N)=O)NC(=O)[C@@H]2CCCN2C(=O)[C@H](CCCCN)NC(=O)[C@@H]2CCCN2C(=O)[C@@H](N)CCCN=C(N)N)n1,6.0,-1.7965000000000213
CSCC[C@H](N)C(=O)N[C@@H](CC(C)C)C(=O)c1noc([C@H](Cc2ccccc2)NC(=O)[C@H](Cc2ccccc2)NC(=O)[C@H](CCC(N)=O)NC(=O)[C@H](CCC(N)=O)NC(=O)[C@@H]2CCCN2C(=O)[C@H](CCCCN)NC(=O)[C@@H]2CCCN2C(=O)[C@@H](N)CCCN=C(N)N)n1,6.0,-1.5316000000000205
CSCC[C@H](N)C(=O)N[C@@H](CC(C)C)C(=O)Cc1n[nH]c([C@H](Cc2ccccc2)NC(=O)[C@H](Cc2ccccc2)NC(=O)[C@H](CCC(N)=O)NC(=O)[C@H](CCC(N)=O)NC(=O)[C@@H]2CCCN2C(=O)[C@H](CCCCN)NC(=O)[C@@H]2CCCN2C(=O)[C@@H](N)CCCN=C(N)N)n1,6.0,-1.8676000000000208
C[C@@H](NC(=O)[C@@H](N)Cc1ccc(O)cc1)C(=O)N[C@@H](Cc1ccccc1)c1nc(N[C@@H](Cc2ccc(O)cc2)C(=O)N2CCC[C@H]2C(=O)N[C@@H](CO)C(N)=O)no1,6.0,-0.0678999999999968
CC(C)(C)OC(=O)N[C@@H](Cc1ccccc1)c1nc(CCO)no1,6.0,2.412900000000001
Cc1cc(C)cc(C(=O)N2C3C=C(c4ccccc4)C2CC(NCc2ccnc4ccccc24)C3)c1,6.0,6.080440000000006
C[C@@H](NC(=O)[C@@H](N)Cc1ccc(O)cc1)C(=O)N[C@@H](Cc1ccccc1)c1n[nH]c(CN[C@@H](Cc2ccc(O)cc2)C(=O)N2CCC[C@H]2C(=O)N[C@@H](CO)C(N)=O)n1,6.0,-0.6550999999999934
CSCC[C@H](N)C(=O)N[C@@H](CC(C)C)C(=O)c1nnc([C@H](Cc2ccccc2)NC(=O)[C@H](Cc2ccccc2)NC(=O)[C@H](CCC(N)=O)NC(=O)[C@H](CCC(N)=O)NC(=O)[C@@H]2CCCN2C(=O)[C@H](CCCCN)NC(=O)[C@@H]2CCCN2C(=O)[C@@H](N)CCCN=C(N)N)o1,6.0,-1.5316000000000187
CN(Cc1ccccc1)C(=O)[C@H](Cc1ccc2ccccc2c1)NC(=O)[C@@H]1CCCN1C(=O)Nc1ccc([N+](=O)[O-])cc1,6.0,5.130400000000004
CCOC(=O)Cc1n[nH]c([C@H](Cc2ccccc2)NC(=O)OC(C)(C)C)n1,6.0,2.7188000000000008
C[C@@H](NC(=O)[C@@H](N)Cc1ccc(O)cc1)C(=O)N[C@@H](Cc1ccccc1)c1n[nH]c(N[C@@H](Cc2ccc(O)cc2)C(=O)N2CCC[C@H]2C(=O)N[C@@H](CO)C(N)=O)n1,6.0,-0.3327999999999955
C[C@@H](NC(=O)[C@@H](N)Cc1ccc(O)cc1)C(=O)NCC(=O)N(C)[C@@H](Cc1ccccc1)C(=O)NCCO,6.0,-0.9388999999999958
C[C@@H](NC(=O)[C@@H](N)Cc1ccc(O)cc1)C(=O)N[C@@H](Cc1ccccc1)c1nnc(CN[C@@H](Cc2ccc(O)cc2)C(=O)N2CCC[C@H]2C(=O)N[C@@H](CO)C(N)=O)o1,6.0,-0.39019999999999405
CC1c2ccccc2N(C)C(=O)CN1C(=O)N(C)Cc1cc(C(F)(F)F)cc(C(F)(F)F)c1,6.0,5.315600000000004
c1ccc([C@H]2NCCC[C@]23CC[C@H](c2ccccc2)N3)cc1,6.0,3.9746000000000024
COC(=O)N(NC(=O)c1c(OC)c(-c2ccccc2)nc2ccccc12)c1ccccc1,6.0,4.828200000000004
CCn1c(/C=C/C=C2/N(CCO)c3ccccc3C2(C)C)[n+](CC)c2nc3ccccc3nc21,6.0,4.599000000000005
COC(=O)N(NC(=O)c1c(CN2CCN(C(C)(C)C)CC2)c(-c2ccccc2)nc2c(F)cccc12)c1ccccc1,6.0,5.874800000000006
Cc1cc(C)cc(CN(C)C(=O)[C@H](Cc2c[nH]c3ccccc23)NC(=O)c2ccccc2)c1,5.99,4.784440000000004
Cc1cc(O)cc(C)c1C[C@H](N)C(=O)N[C@H](CCCNC(=N)N)C(=O)N[C@H]1Cc2ccccc2CN(CC(=O)N(Cc2ccccc2)CC(C)C)C1=O,5.99,2.381410000000007
CC(=O)C1(c2ccccc2)CCN(CCCC2(c3ccc(Cl)c(Cl)c3)CCC(=O)N(Cc3ccccc3)C2)CC1,5.99,7.456800000000008
O=C(c1ccccc1Cl)N1CC[C@H](NCc2ccnc3ccccc23)C[C@H]1Cc1ccccc1,5.98,5.893900000000006
O=C(N[C@@H](Cc1c[nH]c2ccccc12)C(=O)OCc1cccc(Cl)c1)c1ccccc1,5.98,4.905800000000003
C[C@@H](O)[C@@H]1NC(=O)[C@H](Cc2ccc(O)cc2)NC(=O)[C@@H](Cc2c[nH]c3ccccc23)NC(=O)[C@H](Cc2ccccc2)NC(=O)[C@@H]2CCCN2C(=O)[C@H](Cc2ccccc2)NC1=O,5.98,1.953500000000003
CCCCCN(CCCCC)C(=O)N1CCN(C(=O)N(c2ccccc2)c2ccccc2)[C@H](C(=O)N(C)CCN(C)Cc2cc(C(F)(F)F)cc(C(F)(F)F)c2)C1,5.97,9.361300000000002
CC(=O)N1CCC2(CC1)C1C(=O)N(c3ccccc3)C(=O)C1CN2C(=O)c1cc(C(F)(F)F)cc(C(F)(F)F)c1,5.97,4.366900000000004
c1ccc(COCC2(c3ccccc3)CCNCC2)cc1,5.96,3.524600000000002
CN(C(=O)c1ccc(C(F)(F)F)cn1)[C@@H]1CCN(C(=O)C2CCN(C(=O)CO)CC2)C[C@H]1c1ccc(Cl)c(Cl)c1,5.96,4.094800000000004
CCn1c(/C=C/C=C2/N(C)c3ccccc3C2(C)C)[n+](CC)c2nc3cc(Cl)c(Cl)cc3nc21.[Cl-],5.96,3.5473000000000026
C[C@@H](O[C@H]1O[C@H](CO)[C@H](O)[C@H](O)[C@H]1OCc1ccc(F)cc1)c1cc(C(F)(F)F)cc(C(F)(F)F)c1,5.96,3.9653000000000027
COC(=O)c1ccc(COC(=O)N[C@](C)(Cc2c[nH]c3ccccc23)C(=O)N[C@@H](C)c2ccccc2)cc1,5.96,5.059500000000004
FC(F)(F)c1ccccc1CNC1C2CC3CCC(C2)N3[C@H]1C(c1ccccc1)c1ccccc1,5.96,6.620900000000006
N=C(N)NCc1ccc(NC(=O)[C@H](Cc2ccc3ccccc3c2)N=C(NC2CCCCC2)NC2CCCCC2)cc1,5.96,5.573270000000004
CSN1CC2(CCN(C(=O)N[C@@H](CCc3ccccc3)C(=O)N(C)Cc3ccccc3)CC2)c2ccccc21,5.96,5.487800000000005
COc1ccc(COC2C3CCN(CC3)C2C(c2ccccc2)c2ccccc2)cc1,5.95,5.506700000000006
FC(F)(F)c1cc(CC[C@H]2OCCN[C@@H]2c2ccccc2)cc(C(F)(F)F)c1,5.95,5.386500000000003
Cc1cc(C)cc(COCC(N)Cc2cccc3ccccc23)c1,5.94,4.5432400000000035
CSCC[C@@H](NC(=O)[C@H](CC(C)C)NC(=O)CNC(=O)[C@@H]1Cc2ccccc2CN1C(=O)[C@H](Cc1ccccc1)NC(=O)[C@H](CCC(N)=O)NC(=O)[C@H](CCC(N)=O)NC(=O)[C@@H]1CCCN1C(=O)[C@H](CCCCN)NC(=O)[C@@H]1CCCN1C(=O)[C@@H](N)CCCN=C(N)N)C(N)=O,5.92,-3.48500000000001
C#C[C@]1(O)CC[C@H]2[C@@H]3CC[C@H]4Cc5nc6nc7ccccc7c(=O)n6cc5C[C@]4(C)[C@H]3CC[C@@]21C,5.92,4.5644000000000045
CC[C@H](C)[C@H](NC(=O)CNC(=O)[C@@H]1Cc2ccccc2CN1C(=O)[C@H](Cc1ccccc1)NC(=O)[C@H](CCC(N)=O)NC(=O)[C@H](CCC(=O)O)NC(=O)[C@H](CCCCN)NC(=O)[C@@H]1CCCN1C(=O)[C@@H](N)CCCNC(=N)N)C(=O)N[C@@H](CCSC)C(=O)O,5.92,-2.0677300000000196
O=C(NCc1cc(C(F)(F)F)cc(C(F)(F)F)c1)c1c(-c2ccccc2)c2ccccc2n2ccnc12,5.91,7.122100000000004
O=C(COc1cc(F)cc(F)c1)N(c1ccc(Cl)c(Cl)c1)C1CCNCC1,5.9,4.4356000000000035
CN(Cc1ccccc1)C[C@H](Cc1ccc2ccccc2c1)NC(=O)[C@@H]1CCCC[C@@H]1NC(=O)c1c[nH]c2ccccc12.Cl,5.9,6.891000000000008
O=C(NC(c1ccccc1)c1ccccc1)[C@@H]1CCCN1/C(S)=N/Cc1ccccc1F,5.9,4.981700000000005
COc1nc(NCCCN2CCOCC2)nc(OC)c1NC(=O)c1ccc(Oc2cc3c(cc2C)CCC3(C)C)o1,5.9,4.797820000000004
C[C@@H]1c2nnc(-c3csc(-c4ccc(F)cc4F)n3)n2CCN1C(=O)c1ccc(-c2cccs2)cc1,5.9,6.2923000000000044
CCCC[P+](CCCC)(CCCC)Cc1ccc(NC(=O)[C@H](Cc2ccc3ccccc3c2)NC(=O)NC2CCCCC2)cc1.[Br-],5.89,6.943400000000007
CCN1/C(=C\C=C2/CCC[n+]3c2n(CC)c2cc4ccccc4cc23)Sc2ccccc21.[I-],5.89,3.756700000000003
NCc1ccc(NC(=O)[C@H](Cc2ccc3ccccc3c2)N=C(NC2CCCCC2)NC2CCCCC2)cc1,5.89,6.048900000000006
CSCC[C@H](NC(=O)[C@H](CC(C)C)NC(=O)CNC(=O)[C@H](Cc1ccccc1)NC(=O)[C@@H](NC(=O)[C@H](CCC(N)=O)NC(=O)[C@H](CCC(N)=O)NC(=O)[C@H]1CCCN1C(=O)[C@H](CCCCN)NC(=O)[C@@H]1CCCN1C(=O)[C@@H](N)CCCN=C(N)N)C(c1ccccc1)c1ccccc1)C(N)=O,5.89,-2.1216000000000124
CS(=O)(=O)N1CC2(CCN(C(=O)[C@H](COCc3cc(C(F)(F)F)cc(C(F)(F)F)c3)NC(=O)c3ccc(Cl)c(Cl)c3)CC2)c2ccccc21,5.89,6.686200000000007
CCn1c(/C=C/C=C2/N(C)c3ccccc3C2(C)C)[n+](CCCN(C)C)c2nc3ccccc3nc21,5.89,5.168300000000006
COc1ccccc1C/N=C(\S)N1CCC[C@H]1C(=O)N[C@H](Cc1ccccc1)C(=O)N(C)Cc1ccccc1,5.89,4.331500000000004
CC(C)(C(=O)Nc1ccccc1-c1ccccc1)c1cc(C(F)(F)F)cc(C(F)(F)F)c1,5.86,7.3075000000000045
O=C(c1ccc(Cl)cc1)N1CC[C@H](NCc2ccnc3ccccc23)C[C@H]1Cc1ccccc1,5.86,5.893900000000005
C[C@@H](O)[C@@H]1NC(=O)[C@H](Cc2ccccc2)NC(=O)[C@@H](Cc2c[nH]c3ccccc23)NC(=O)[C@H](CC(=O)O)NC(=O)[C@@H]2CCCN2C(=O)[C@H](Cc2ccccc2)NC1=O,5.86,0.47990000000000715
O=C(c1ccccc1)N1CC[C@H](NCc2ccnc3ccccc23)C[C@H]1Cc1ccccc1,5.86,5.240500000000004
COc1cccc([C@H]2[C@H](NCc3ccccc3OC)C3CCN2CC3)c1,5.85,3.6289000000000025
CC(NC(=O)[C@@](C)(Cc1cc2ccccc2[nH]1)NC(=O)OC(c1ccccc1)C(C)C)c1ccccc1,5.85,6.470000000000006
CCn1c(/C=C/C=C2/N(C)c3ccccc3C2(C)C)[n+](CCCC(=O)O)c2nc3ccccc3nc21.[Cl-],5.85,2.0854
CSCC[C@H](NC(=O)[C@H](CC(C)C)NC(=O)CNC(=O)[C@H](Cc1ccccc1)NC(=O)[C@@H](NC(=O)[C@H](CCC(N)=O)NC(=O)[C@H](CCC(N)=O)NC(=O)[C@H]1CCCN1C(=O)[C@H](CCCCN)NC(=O)[C@@H]1CCCN1C(=O)[C@@H](N)CCCN=C(N)N)C1c2ccccc2-c2ccccc21)C(N)=O,5.85,-2.1412000000000164
C[C@H](NC(=O)[C@H](Cc1ccccc1)NC(=O)[C@@H]1CCCN1C(=O)[C@@H](N)Cc1ccc(O)cc1)C(N)=O,5.84,-0.029499999999996418
Cc1cc(C)cc(CNC(=O)[C@H](Cc2c[nH]c3ccccc23)NC(=O)c2ccccc2)c1,5.83,4.442240000000003
CN1C(=O)N(Cc2cc(C(F)(F)F)cc(C(F)(F)F)c2)C2(CCN(C(=O)c3ccccc3F)CC2)C1=O,5.83,4.932300000000004
Cc1cc(O)cc(C)c1C[C@H](N)C(=O)N[C@H](CCCNC(=N)N)C(=O)N[C@H]1Cc2ccccc2CN(CC(=O)N(C)Cc2ccccc2)C1=O,5.82,1.3552100000000065
CN(Cc1ccccc1)C(=O)Nc1c(-c2ccc(F)cc2)c2ccccc2c(=O)n1C,5.82,5.008500000000004
FC(F)(F)c1cc(CC[C@@H]2OCCN[C@@H]2c2ccccc2)cc(C(F)(F)F)c1,5.82,5.386500000000003
NC(N)=NCCC[C@H](N)C(=O)NCc1ccc(NC(=O)[C@H](Cc2ccc3ccccc3c2)N=C(NC2CCCCC2)NC2CCCCC2)cc1,5.82,4.587300000000007
O=C(Cc1cc(C(F)(F)F)cc(C(F)(F)F)c1)N1CCCCC1C(CN1CCC(N2CCCCC2)CC1)c1ccccc1,5.82,7.381900000000009
Cc1cc(C)cc(COC(=O)[C@@H](N)Cc2c[nH]c3ccccc23)c1,5.81,3.397940000000002
O=C(NC(c1ccccc1)c1ccccc1)[C@@H]1CCCN1/C(S)=N/Cc1ccccc1[N+](=O)[O-],5.81,4.750800000000005
Cc1cc(C)cc(COC(=O)[C@H](N)Cc2c[nH]c3ccccc23)c1,5.81,3.397940000000002
C[C@H](NC(=O)[C@@](C)(Cc1c[nH]c2ccccc12)NC(=O)OCc1cccc(NC(=O)CCl)c1)c1ccccc1,5.8,5.450200000000004
COc1ccccc1N1CCN(C(=O)c2cc(-c3ccc(Cl)cc3)n(C)n2)CC1,5.8,3.7115000000000027
O=C(NC1(C(=O)N[C@@H](Cc2ccc3ccccc3c2)c2nnnn2Cc2ccccc2)CCCCC1)c1c[nH]c2ccccc12,5.8,5.888800000000005
CCn1c(/C=C/C=C2\SCCN2C)[n+](CC)c2nc3ccccc3nc21,5.8,3.445000000000002
C#C[C@]1(O)CCC2C3CC[C@H]4Cc5nc6nccn6cc5C[C@]4(C)C3CC[C@@]21C,5.8,4.051000000000004
CCN1C(=O)c2ccccc2[C@H]1[C@@H](CCN1CCC(c2ccccc2[S@+](C)[O-])CC1)c1ccc(Cl)c(Cl)c1,5.79,7.301100000000008
Cc1ccc(-c2c(C(=O)N(C)[C@@H](C)c3ccccc3)n(C)c(=O)c3ncccc23)cc1,5.77,4.742120000000004
O=C(NC(c1ccccc1)c1ccccc1)[C@@H]1CCCN1C(=S)NCc1ccccc1Br,5.77,5.193800000000005
FC(F)(F)c1cc(COCC2(c3ccccc3)CCCCC2)cc(C(F)(F)F)c1,5.77,7.1429000000000045
COc1ccc(N2CN(CC(=O)N3CCC4(CC3)C(=O)N(C)C(=O)N4Cc3cc(C(F)(F)F)cc(C(F)(F)F)c3)CC2=O)cc1OC,5.77,3.802900000000003
COc1ccccc1N1CCN(C(=O)c2cc(-c3ccc(Cl)cc3)n[nH]2)CC1,5.75,3.701100000000002
CC/N=C(\NCC)NCc1ccc(NC(=O)[C@H](Cc2ccc3ccccc3c2)N=C(NC2CCCCC2)NC2CCCCC2)cc1,5.75,6.665200000000007
COc1ccccc1CN1CCN(C(=O)c2cc(-c3ccc(Cl)cc3)n[nH]2)CC1,5.72,3.6967000000000017
Clc1ccc(CN[C@H]2C3CCN(CC3)[C@H]2C(c2ccccc2)c2ccccc2)cc1,5.72,5.724500000000005
CCn1c(/C=C/C=C2/N(C)c3ccccc3C2(C)C)[n+](CC(N)=O)c2nc3ccccc3nc21.[Cl-],5.7,0.7059000000000019
CSCC[C@H](NC(=O)[C@H](CC(C)C)NC(=O)CNC(=O)[C@H](Cc1ccccc1)NC(=O)[C@H](Cc1ccccc1)NC(=O)Cc1ccc(Nc2ncnc3c2ncn3[C@@H]2O[C@H](CO)[C@@H](O)[C@H]2O)cc1)C(N)=O,5.7,0.5492000000000102
CCn1c(/C=C/C=c2/c3cccc4cccc(c43)n2C)[n+](CC)c2cc3ccccc3cc21.[Cl-],5.7,2.983500000000001
Cc1c(C2(c3ccc(C(F)(F)F)c(C#N)c3)CC2)c[nH]c1C(=O)NC(C)c1nc[nH]n1,5.7,3.9026000000000014
O=C(N[C@H]1CCCC[C@H]1C(=O)N[C@@H](Cc1ccccc1)C(=O)NCc1ccccc1)c1c[nH]c2ccccc12,5.7,4.500400000000002
c1ccc(CN[C@@H]2C3CCN(CC3)[C@@H]2C(c2ccccc2)c2ccccc2)cc1,5.7,5.071100000000005
CS(=O)(=O)N1CC2(CCN(C(=O)C(N)COCc3ccccc3)CC2)c2ccccc21,5.7,1.870500000000001
CCCCCCCCN1C(=O)NC2(CCN(C(=O)c3cc(C(F)(F)F)cc(C(F)(F)F)c3)CC2)C1=O,5.69,5.611300000000006
C[C@H](NC(=O)[C@@](C)(Cc1c[nH]c2ccccc12)NC(=O)OCc1c2ccccc2cc2ccccc12)c1ccccc1,5.68,7.579300000000007
O=C(N[C@@H](Cc1c[nH]c2ccccc12)C(=O)OCc1ccc(C(F)(F)F)cc1)c1ccccc1,5.67,5.271200000000004
COc1ccc(CC(=O)NCC(c2ccccc2OC)N2CCN(C3CCCCC3)CC2)cc1,5.66,4.054100000000003
CC(C)[C@H](OC(=O)N[C@](C)(Cc1ccccc1F)C(=O)NCCCCCCCNC(N)=O)c1ccccc1,5.66,4.985400000000004
COc1ccccc1N1CCN(C(=O)c2cc(-c3ccc(Cl)cc3)nn2C)CC1,5.66,3.7115000000000027
NC(=O)[C@H](Cc1ccccc1)NC(=O)[C@@H](N)c1ccccc1,5.65,0.8992
COc1cc(CNC(=O)CC(c2ccccc2)c2ccccc2)cc(OC)c1,5.65,4.542200000000004
O=C1C2CN(C(=O)COCc3ccccc3)C3(CCNCC3)C2C(=O)N1Cc1cc(C(F)(F)F)cc(C(F)(F)F)c1,5.64,4.006600000000002
CSCC[C@H](NC(=O)[C@H](CC(C)C)NC(=O)CNC(=O)[C@H](Cc1ccccc1)NC(=O)[C@@H](NC(=O)[C@H](CCC(N)=O)NC(=O)[C@H](CCC(N)=O)NC(=O)[C@H]1CCCN1C(=O)[C@H](CCCCN)NC(=O)[C@@H]1CCCN1C(=O)[C@@H](N)CCCN=C(N)N)C1Cc2ccccc2C1)C(N)=O,5.64,-3.5386999999999995
Cc1cc(C)cc(C(=O)N2CCC(NCc3ccnc4ccccc34)CC2[C@@H](C)c2ccccc2)c1,5.64,6.418340000000007
Cc1cc(C)cc(COCC(N)Cc2ccc3ccccc3c2)c1,5.63,4.5432400000000035
Cc1cc(C)cc(COCC(N)Cc2c[nH]c3ccccc23)c1,5.63,3.871340000000002
Cc1cc(C)cc(COC[C@@H](N)Cc2c[nH]c3ccccc23)c1,5.63,3.871340000000002
CC(=O)N1CCC2(CC1)C1C(=O)N(Cc3cc(C(F)(F)F)cc(C(F)(F)F)c3)C(=O)C1CN2C(=O)COCc1ccccc1,5.63,4.265500000000003
Cc1cc(C)cc(COC[C@@H](N)Cc2ccc3ccccc3c2)c1,5.63,4.5432400000000035
COc1ccccc1C(CNC(=O)Cc1ccccc1)N1CCN(C2CCCCC2)CC1,5.62,4.045500000000003
O=C(NCCc1ccccc1)C1(Cc2ccccc2)CCc2ccc(Cc3ccccc3)cc21,5.62,6.063000000000006
CSCC[C@H](NC(=O)[C@H](CC(C)C)NC(=O)CNC(=O)[C@H](Cc1ccccc1)NC(=O)[C@@H]1Cc2ccccc2CN1C(=O)[C@H](CCC(N)=O)NC(=O)[C@H](CCC(N)=O)NC(=O)[C@@H]1CCCN1C(=O)[C@H](CCCCN)NC(=O)[C@@H]1CCCN1C(=O)[C@@H](N)CCCN=C(N)N)C(N)=O,5.62,-3.48500000000001
CC[C@H](C)[C@H](NC(=O)CNC(=O)[C@H](Cc1ccccc1)NC(=O)[C@@H]1Cc2ccccc2CN1C(=O)[C@H](CCC(N)=O)NC(=O)[C@H](CCC(=O)O)NC(=O)[C@H](CCCCN)NC(=O)[C@@H]1CCCN1C(=O)[C@@H](N)CCCNC(=N)N)C(=O)N[C@@H](CCSC)C(=O)O,5.62,-2.0677300000000196
COC(=O)CCC(C)[C@H]1CCC2C3C(C[C@H](O)[C@@]21C)[C@@]1(C)Cc2cn4c(nc2CC1C[C@H]3O)nc1ccccc14,5.6020599913279625,4.987000000000005
CN(CCc1ccccc1)C(=O)[C@H](Cc1ccccc1)NC(=O)[C@@H]1CCCN1/C(S)=N/Cc1ccccc1Cl,5.6,5.018800000000006
Cc1cc(C)cc(COC[C@H](N)c2ccccc2)c1,5.6,3.5200400000000016
CCC(C)Cc1cc(CC2NC(=O)CNC(=O)[C@H](C(C)C)NC(=O)CNC(=O)[C@@H]3CCCN3C(=O)[C@@H](Cc3c[nH]c4ccccc34)NC(=O)CNC2=O)ccc1OC,5.6,1.0139000000000085
CS(=O)(=O)N1CCC2(CCN(C(=O)[C@H](COCc3ccc(Cl)c(Cl)c3)NCc3ccccc3)CC2)C1,5.6,3.9425000000000034
CSCC[C@@H](NC(=O)[C@H](CC(C)C)NC(=O)[C@@H]1CCCN1C(=O)[C@@H](NC(=O)[C@H](Cc1ccccc1)NC(=O)[C@H](CCC(N)=O)NC(=O)[C@H](CCC(N)=O)NC(=O)[C@@H]1CCCN1C(=O)[C@H](CCCCN)NC(=O)[C@@H]1CCCN1C(=O)[C@@H](N)CCCN=C(N)N)C(c1ccccc1)c1ccccc1)C(N)=O,5.6,-1.2468000000000241
O=C1CO[C@@H](/C=C/c2cc(C(F)(F)F)cc(C(F)(F)F)c2)[C@@H](c2ccccc2)N1,5.6,4.993700000000004
CC(C)(C(=O)N[C@@H](C(=O)NCCN1CCOCC1)c1ccccc1)c1cc(C(F)(F)F)cc(C(F)(F)F)c1,5.6,4.307700000000005
CC(C)(C(=O)N[C@@H](C(=O)N1CCOCC1)c1ccccc1)c1cc(C(F)(F)F)cc(C(F)(F)F)c1,5.6,4.718100000000004
CCn1c(/C=C/C=C2/N(CC(=O)N(C)C)c3ccccc3C2(C)C)[n+](CC)c2nc3ccccc3nc21.[Cl-],5.58,1.6989000000000003
FC(F)(F)c1cc(CO[C@H]2CCCC[C@H]2c2ccccc2)cc(C(F)(F)F)c1,5.58,6.967200000000005
CSCCC[C@H](NC(=O)[C@H](CCC(N)=O)NC(=O)[C@H](CCC(N)=O)NC(=O)[C@H]1CCCN1C(=O)[C@H](CCCCN)NC(=O)[C@@H]1CCCN1C(=O)[C@@H](N)CCCN=C(N)N)C(=O)N[C@@H](Cc1ccccc1)C(=O)NCC(=O)N[C@@H](CC(C)C)C(=O)N[C@@H](CCSC)C(N)=O,5.57,-3.8104999999999993
O=C1O[C@@H](Cc2c[nH]c3ccccc23)C(=O)N1Cc1cccc(C(F)(F)F)c1,5.57,4.276800000000003
O=C1OC(Cc2c[nH]c3ccccc23)C(=O)N1Cc1cccc(C(F)(F)F)c1,5.57,4.276800000000003
Cc1cc(C)cc(C(=O)N2CC[C@H](NCc3ccnc4ccccc34)C[C@H]2c2ccccc2)c1,5.57,5.987340000000006
CN(Cc1ccccc1)C(=O)[C@@H](Cc1ccc2ccccc2c1)NC(=O)[C@H]1CCCN1/C(=N/c1ccccc1[N+](=O)[O-])NC#N,5.57,4.656680000000004
CSCC[C@H](NC(=O)[C@H](CC(C)C)NC(=O)CNC(=O)[C@H](Cc1ccccc1)NC(=O)/C(=C/c1ccccc1)NC(=O)[C@H](CCC(N)=O)NC(=O)[C@H](CCC(N)=O)NC(=O)[C@H]1CCCN1C(=O)[C@H](CCCCN)NC(=O)[C@@H]1CCCN1C(=O)[C@@H](N)CCCN=C(N)N)C(N)=O,5.57,-3.2812000000000126
CC(C)C[C@@H]1NC(=O)[C@@H](Cc2c[nH]c3ccccc23)NC(=O)[C@H](Cc2ccccc2)NC(=O)[C@@H]2CCCN2C(=O)[C@H](Cc2ccccc2)NC(=O)[C@H]([C@@H](C)O)NC1=O,5.56,2.0513000000000035
COc1ccccc1CNC(=O)c1c(-c2ccccc2)c2ccccc2n2nnnc12,5.56,3.8831000000000024
CSCC[C@H](NC(=O)[C@H](CC(C)C)NC(=O)CNC(=O)[C@H](Cc1ccccc1)NC(=O)[C@H](NC(=O)[C@H](CCC(N)=O)NC(=O)[C@H](CCC(N)=O)NC(=O)[C@H]1CCCN1C(=O)[C@H](CCCCN)NC(=O)[C@@H]1CCCN1C(=O)[C@@H](N)CCCN=C(N)N)C1Cc2ccccc2C1)C(N)=O,5.55,-3.5386999999999995
CC[C@]1(O)CCC2C3CCC4Cc5nc6nc7ccccc7n6cc5C[C@]4(C)C3CC[C@@]21C,5.54,5.981000000000006
Cc1cc(C)cc(COC2/C(=C/c3ccccc3)N3CCC2CC3)c1,5.53,4.955340000000004
CC(C)[C@H](OC(=O)N[C@](C)(Cc1cccc(F)c1F)C(=O)NCCCCCCCNC(N)=O)c1ccccc1,5.52,5.124500000000004
CCCCCN(CCCCC)C(=O)N1CCN(C(=O)N(c2ccccc2)c2ccccc2)[C@@H](C(=O)O)C1,5.52,5.817900000000005
O=C(CC(c1ccccc1)c1ccccc1)Nc1cc(C(F)(F)F)cc(C(F)(F)F)c1,5.52,6.884900000000004
COC(=O)C1(Cc2ccccc2)CCc2ccc(Cc3ccccc3)cc21,5.52,4.877100000000005
Cc1cc(O)cc(C)c1C[C@H](N)C(=O)N[C@H](CCCNC(N)=O)C(=O)N[C@H]1Cc2ccccc2CN(CCC(=O)N(C)Cc2ccccc2)C1=O,5.52,1.9305400000000066
CN(Cc1ccccc1)C(=O)[C@@H](Cc1ccccc1)NC(=O)[C@H]1CCCN1/C(S)=N/c1ccccc1Cl,5.5,5.1078000000000054
COc1ccccc1CN[C@@H]1C2CCNC1(c1ccccc1)CC=C2C,5.499999678657065,4.008400000000003
O=C(Cc1ccccc1)N1CC[C@H](NCc2ccnc3ccccc23)C[C@H]1Cc1ccccc1,5.48,5.169400000000005
O=C1C(Cc2c[nH]c3ccccc23)OCCN1Cc1ccccc1,5.46,3.1380000000000017
Cc1cc2c(-c3ccccc3)c(NC(=O)N(C)CCc3ccccc3)n(C)c(=O)c2cc1C,5.44,5.528740000000004
O=C(Cc1c[nH]c2ccccc12)N1CCC(Cc2ccccc2)C1,5.43,3.801600000000003
O=C(NCCc1c[nH]c2ccccc12)[C@H](Cc1ccccc1)NC(=O)[C@@H]1CCCN1C(=S)NCc1ccccc1Cl,5.43,4.746600000000003
C[C@H](NC(=O)[C@@](C)(Cc1c[nH]c2ccccc12)NC(=O)OCc1ccc(CNC(=O)OC(C)(C)C)cc1)c1ccccc1,5.43,6.297600000000006
Clc1ccc(COC(Cn2ccnc2)c2ccc(Cl)cc2Cl)c(Cl)c1,5.43,6.454800000000002
O=C(Cc1cc(C(F)(F)F)cc(C(F)(F)F)c1)N1CCCCC1C(c1ccccc1)N1CCC(N2CCCCC2)CC1,5.43,7.339400000000009
CN1C(=O)N(Cc2cc(C(F)(F)F)cc(C(F)(F)F)c2)C2(CCN(C(=O)CN3CCC(Cc4ccccc4)CC3)CC2)C1=O,5.43,5.434100000000005
NCc1ccc(NC(=O)[C@H](Cc2ccc3ccccc3c2)N=C(NC2CCCCC2)NC2CCCCC2)c(C(=O)O)c1,5.42,5.747100000000005
CCN[C@@H](Cc1c[nH]c2ccccc12)C(=O)OCc1ccccc1,5.42,3.4319000000000024
O=C(NCC(c1ccccc1)c1ccccc1)c1cc(C(F)(F)F)cc(C(F)(F)F)c1,5.41,6.286100000000004
CSCC[C@H](NC(=O)[C@H](CC(C)C)NC(=O)[C@@H](Cc1c[nH]c2ccccc12)NC(=O)[C@H](Cc1ccccc1)NC(=O)[C@@H](Cc1c[nH]c2ccccc12)NC(=O)[C@H](CCC(N)=O)NC(=O)[C@H](CCC(N)=O)NC(=O)[C@@H]1CCCN1C(=O)[C@H](CCCCN)NC(=O)[C@@H]1CCCN1C(=O)[C@@H](N)CCCN=C(N)N)C(=O)O,5.4,-0.5378000000000218
C[C@@H]1NC(=O)[C@@H](Cc2c[nH]c3ccccc23)NC(=O)[C@H](Cc2ccccc2)NC(=O)[C@@H]2CCCN2C(=O)[C@H](Cc2ccccc2)NC(=O)[C@H]([C@@H](C)O)NC1=O,5.39,1.0251000000000037
NC(=O)[C@H](Cc1ccccc1)NC(=O)[C@H](Cc1c[nH]c2ccccc12)NC(=O)OCc1ccccc1,5.38,3.2182000000000004
CCN1/C(=C\C=C2CC[n+]3c2n(CC)c2cc4ccccc4cc23)Oc2ccccc21.[I-],5.38,2.6533000000000007
O=C1OC(Cc2c[nH]c3ccccc23)C(=O)N1Cc1cc(F)cc(F)c1,5.37,3.536200000000002
COc1ccc(C(=O)N2CC3C(=O)N(Cc4cc(C(F)(F)F)cc(C(F)(F)F)c4)C(=O)C3C23CCNCC3)cc1OC,5.37,4.120800000000003
FC(F)(F)c1ccccc1CNC1C2CC3CCCC(C2)N3[C@H]1C(c1ccccc1)c1ccccc1,5.36,7.011000000000006
O=C1CN(Cc2cc(C(F)(F)F)cc(C(F)(F)F)c2)C(=O)C(Cc2c[nH]c3ccccc23)N1,5.36,4.2752000000000026
FC(F)(F)c1ccccc1CNC1C2C3CCCC2CN(C3)[C@H]1C(c1ccccc1)c1ccccc1,5.32,6.726000000000006
CC(=O)N(CC(Cc1c[nH]c2ccccc12)NC(=O)CN1CCN(c2ccccc2)CC1)c1ccccc1,5.301029995663981,4.070500000000004
COc1ccccc1CN(CCNC(=O)CN1CCN(c2ccccc2)CC1)C(C)=O,5.301029995663981,1.9820999999999993
O=C(NC(c1ccccc1)c1ccccc1)[C@@H]1CCCN1C(=S)NCc1ccccc1,5.301029995663981,4.431300000000004
COc1ccccc1CN(CC(NC(=O)CN1CCN(c2ccccc2)CC1)C(C)C)C(C)=O,5.301029995663981,3.0067000000000013
CC(=O)N(C)CC(Cc1c[nH]c2ccccc12)NC(=O)CN1CCN(c2ccccc2)CC1,5.301029995663981,2.4957000000000003
COc1ccccc1C/N=C(\S)N1CCC[C@@H]1C(=O)NC(c1ccccc1)c1ccccc1,5.301029995663981,4.851200000000004
COc1ccccc1C/N=C(\S)N1CCC[C@H]1C(=O)NCC(c1ccccc1)c1ccccc1,5.301029995663981,4.893700000000004
NC(=O)[C@@H](N)Cc1ccccc1,5.3,0.04170000000000007
CCCCCCCCCCCCCCCCCC(=O)N[C@@H](CCCCN)C(=O)N[C@@H](Cc1c[nH]c2ccccc12)C(=O)N[C@@H](CCCCN)C(=O)N[C@@H](CC(C)C)C(=O)N[C@@H](CCC(=O)O)C(=O)N[C@@H](CCCCN)C(=O)N[C@@H](CCCCN)C(=O)N[C@H](C(=O)NCC(=O)N[C@@H](C)C(=O)N[C@H](C(=O)N[C@@H](CC(C)C)C(=O)N[C@H](C(=O)N[C@@H](CS)C(=O)N[C@H](C(=O)N[C@@H](CC(C)C)C(=O)N[C@@H](CCCNC(=N)N)C(=O)N1CCC[C@H]1C(=O)N[C@@H](CCCCN)C(=O)N1CCC[C@H]1C(=O)N[C@@H](CCC(N)=O)C(=O)N[C@@H](CCC(N)=O)C(=O)N[C@@H](Cc1ccccc1)C(=O)N[C@@H](Cc1ccccc1)C(=O)NCC(=O)N[C@@H](CC(C)C)C(=O)N[C@@H](CCSC)C(N)=O)C(C)C)[C@@H](C)CC)C(C)C)[C@@H](C)CC,5.28,2.9028700000000383
COc1ccc(CCN2CCC(C(=O)c3nc4ccccc4n3Cc3ccc(F)cc3)CC2)cc1,5.28,5.369700000000005
COc1ccc(COC(=O)[C@H](Cc2c[nH]c3ccccc23)NC(=O)c2ccccc2)cc1,5.26,4.261000000000003
Cc1cc(C)cc(COC(=O)[C@@H](Cc2c[nH]c3ccccc23)NC(=O)c2ccccc2)c1,5.26,4.869240000000004
O[C@H]1COC[C@H]1N1CC[C@@H](c2cc3nc(Nc4cnn([C@@H]5CC5(F)F)c4Cl)ncc3cc2Cl)[C@H](F)C1,5.24,4.343900000000003
Cc1cccc2c1C1(C34C[C@H]5C(=O)N[C@@H](Cc6ccccc6)C(=O)N5[C@H]3Nc3cccc(C)c34)C[C@H]3C(=O)N[C@@H](Cc4ccccc4)C(=O)N3[C@H]1N2,5.24,3.6664400000000015
C[C@@H]1c2nnc(-c3csc(N(C)C)n3)n2CCN1C(=O)c1ccc(-c2cccs2)cc1,5.22,4.4131000000000045
O=C1OC(Cc2c[nH]c3ccccc23)C(=O)N1Cc1ccccc1,5.22,3.258000000000002
O=C1O[C@@H](Cc2c[nH]c3ccccc23)C(=O)N1Cc1ccccc1,5.22,3.258000000000002
Cc1cc(O)cc(C)c1C[C@H](N)C(=O)N[C@H](CCCNC(=N)N)C(=O)N[C@H]1Cc2ccccc2CN(CC(=O)NCc2ccccc2)C1=O,5.21,1.0130100000000062
Clc1ccc(COC(Cn2ccnc2)c2ccc(Cl)cc2Cl)cc1,5.19,5.801400000000003
COCc1nnc(N2CC(Oc3ccc(F)cc3Cl)C2)n1-c1ccc(OC)nc1,5.19,2.8774000000000006
O=C(Nc1cc(C(F)(F)F)cc(C(F)(F)F)c1)C(c1ccccc1)c1ccccc1,5.18,6.494800000000004
COc1ccccc1N1CCN(C(=O)c2cc(-c3ccccc3)n[nH]2)CC1,5.17,3.0477000000000007
O=C(NCc1c[nH]c2ccccc12)N1C2CCC(C2)C1Cc1ccccc1,5.17,4.473100000000004
Cc1ccc(-c2nnc3n2CCN(C(=O)c2ccc(Cl)c(Cl)c2)[C@@H]3C)o1,5.16,4.370320000000003
CN(Cc1ccccc1)C(=O)[C@H](Cc1ccc2ccccc2c1)NC(=O)[C@H]1CCCN1C(=O)Nc1ccccc1[N+](=O)[O-],5.15,5.130400000000004
Clc1ccccc1CCN[C@@H]1C2CCN(CC2)[C@@H]1C(c1ccccc1)c1ccccc1,5.14,5.767000000000005
CCN1/C(=C/C=C/c2nc3nc4ccccc4nc3n2CC)C(C)(C)c2ccccc21,5.14,5.714200000000005
CCCCCCCCCCCCCCCCCC(=O)N[C@@H](CCCCN)C(=O)N[C@@H](Cc1c[nH]c2ccccc12)C(=O)N[C@H](C(=O)N[C@@H](CS)C(=O)N[C@@H](CC(C)C)C(=O)N[C@@H](Cc1ccccc1)C(=O)N[C@H](C(=O)N[C@@H](CS)C(=O)N[C@@H](CCCCN)C(=O)N[C@H](C(=O)NCC(=O)N[C@@H](C)C(=O)N[C@H](C(=O)N[C@@H](CC(C)C)C(=O)N[C@H](C(=O)N[C@@H](CS)C(=O)N[C@H](C(=O)N[C@@H](CC(C)C)C(N)=O)C(C)C)[C@@H](C)CC)C(C)C)[C@@H](C)CC)[C@@H](C)CC)[C@@H](C)CC,5.14,7.759700000000026
C[C@H](NC(=O)[C@@](C)(Cc1c[nH]c2ccccc12)NC(=O)OCc1cccc(NS(C)(=O)=O)c1)c1ccccc1,5.14,4.644400000000004
COc1cc(CN2C(=O)OC(Cc3c[nH]c4ccccc34)C2=O)cc(OC)c1,5.13,3.2752000000000017
CC(=O)Nc1cccc(COC(=O)N[C@](C)(Cc2c[nH]c3ccccc23)C(=O)N[C@@H](C)c2ccccc2)c1,5.13,5.231300000000004
CC(C)=CCc1cc(C(O)C2NC(=O)CNC(=O)[C@H](C(C)C)NC(=O)CNC(=O)[C@@H]3CCCN3C(=O)[C@@H](Cc3c[nH]c4ccccc34)NC(=O)CNC2=O)ccc1O,5.1,0.12190000000000895
O=C1OC2(CCN(CCc3c[nH]c4ccc(F)cc34)CC2)CN1Cc1ccccc1,5.1,4.336500000000004
CC(C)c1nc(-c2nnc3n2CCN(C(=O)c2ccc(-c4cccs4)cc2)[C@@H]3C)co1,5.1,5.002000000000005
O=C(N[C@@H](Cc1ccccc1)C(=O)N1CCc2ccccc2C1)[C@@H]1CCCN1C(=S)NCc1ccccc1Cl,5.1,4.491300000000003
Cc1cc(C)cc(CO[C@@H]2/C(=C/c3ccccc3)N3CCC2CC3)c1,5.09,4.955340000000004
CC/C(=C(\c1ccccc1)c1ccc(OCCN(C)C)cc1)c1ccccc1,5.07,5.9961000000000055
COc1ccc(CCN2CCC(Nc3nc4ccccc4n3Cc3ccc(F)cc3)CC2)cc1,5.07,5.351300000000005
Clc1ccccc1C(c1ccccc1)(c1ccccc1)n1ccnc1,5.06,5.376700000000004
NC(=O)[C@H](Cc1ccccc1)NC(=O)[C@@H](N)Cc1c[nH]c2ccccc12,5.03,1.2505000000000004
C[C@@H]1c2nnc(-c3csc(C(F)(F)F)n3)n2CCN1C(=O)c1ccc(F)c(Cl)c1,5.03,4.429900000000003
CC(=O)Nc1ccccc1NC(=O)N1CCC[C@H]1C(=O)N[C@@H](Cc1ccc2ccccc2c1)C(=O)N(C)Cc1ccccc1,5.02,5.1806000000000045
O=C1CC[C@](CCN2CC(N3CCC(F)CC3)C2)(c2ccc(Cl)c(Cl)c2)CN1CC1CCC(F)(F)CC1,5.0,6.187300000000008
CCCN1C(=O)C2NC(c3ccc(OCC(=O)NCCNC(=O)CN)cc3)=NC2N(CCC)C1=O,5.0,-0.6147999999999958
CC(C)(C)OC(=O)N[C@@H](Cc1ccccc1)C(=O)N[C@](C)(Cc1ccccc1)C(=O)NCCCCCCCNC(N)=O,5.0,3.9750000000000023
Cc1nc(-c2nnc3n2CCN(C(=O)c2ccc(-c4cccs4)cc2)[C@@H]3C)co1,5.0,4.187020000000003
Cc1nc(-c2nnc3n2CCN(C(=O)c2ccc(-c4cccs4)cc2)C3)cs1,5.0,4.094520000000003
C[C@H]1Cc2c([nH]c3cc(Cl)c(F)cc23)[C@@]2(N1)C(=O)Nc1ccc(Cl)cc12,5.0,4.343700000000003
CN(Cc1ccncc1)C(=O)[C@H](Cc1ccccc1)NC(=O)[C@@H]1CCCN1/C(S)=N/Cc1ccccc1Cl,5.0,4.371300000000003
O=C1CCC(CCN2CC(N3CCOCC3)C2)(c2ccc(Cl)c(Cl)c2)CN1,5.0,2.5477000000000007
NC(=O)[C@@H](NC(=O)[C@@H](N)Cc1ccccc1)c1ccccc1,5.0,0.8992000000000011
CSCC[C@@H](NC(=O)[C@H](CC(C)C)NC(=O)CNC(=O)[C@H](Cc1ccccc1)NC(=O)[C@@H](N)Cc1ccccc1)C(N)=O,5.0,0.6542000000000073
COc1ccc2c(C(=O)NCc3ccccc3)cc(-c3ccccc3)nc2c1,5.0,4.840400000000004
CCCN1C(=O)C2NC(c3ccc(OCC(=O)NCCN)cc3)=NC2N(CCC)C1=O,5.0,0.26900000000000235
CC(C)(C(=O)N[C@H](C(=O)NCCN1CCOCC1)c1ccccc1)c1cc(Cl)cc(Cl)c1,5.0,3.5769000000000037
CSCC[C@@H](NC(=O)[C@H](CC(C)C)NC(=O)CNC(=O)[C@H](Cc1ccccc1)NC(=O)[C@H](Cc1ccccc1)NC(C)=O)C(N)=O,5.0,0.831600000000007
CNC(=O)Cc1ccc(Nc2ncnc3c2ncn3C2O[C@H](CO)[C@@H](O)[C@H]2O)cc1,5.0,-0.5301
CC(C)(C)OC(=O)N[C@@H](Cc1ccccc1)C(=O)N[C@](C)(Cc1ccccc1)C(=O)NCCCCCCCCO,5.0,4.689100000000005
N[C@H](Cc1c[nH]c2ccccc12)C(=O)OCc1ccccc1,5.0,2.7811000000000012
CSCC[C@H](NC(=O)[C@H](CC(C)C)NC(=O)CNC(=O)[C@H](Cc1ccccc1)N(C)C(=O)[C@H](Cc1ccccc1)NC(=O)[C@H](CC(=O)O)NC(=O)CCC(=O)O)C(N)=O,5.0,-0.021799999999987996
COC1OC2(CCN(Cc3ccccc3)CC2)c2ccccc21,5.0,3.853100000000003
CC(C)(C(=O)N[C@H](C(=O)NCCNCCO)c1ccccc1)c1cc(C(F)(F)F)cc(C(F)(F)F)c1,5.0,3.557400000000003
CCn1c(/C=C/C=C/N2CCCC2)[n+](CC)c2nc3ccccc3nc21,5.0,3.534500000000002
CSCC[C@H](NC(=O)[C@H](CC(C)C)NC(=O)CNC(=O)[C@H](Cc1ccccc1)N(C)C(=O)[C@H](Cc1ccccc1)NC(=O)[C@@H](CCC(=O)O)NC(=O)[C@H](CC(=O)O)NC(C)=O)C(N)=O,5.0,-0.5170999999999923
CSCC[C@H](NC(=O)[C@H](CC(C)C)NC(=O)CNC(=O)[C@H](Cc1c[nH]c2ccccc12)N(C)C(=O)[C@H](Cc1ccccc1)NC(=O)[C@H](CC(=O)O)NC(=O)CCC(=O)O)C(N)=O,5.0,0.4595000000000116
CSCC[C@H](NC(=O)[C@H](CC(C)C)NC(=O)CNC(=O)[C@H](Cc1ccccc1)N(C)C(=O)[C@H](Cc1ccccc1)NC(=O)[C@H](CC(=O)O)NC(=O)[C@H](CC(=O)O)NC(C)=O)C(N)=O,5.0,-0.9071999999999931
CSCC[C@H](NC(=O)[C@H](CC(C)C)NC(=O)CNC(=O)[C@H](Cc1ccc(O)cc1)N(C)C(=O)[C@H](Cc1ccccc1)NC(=O)[C@H](CC(=O)O)NC(=O)CCC(=O)O)C(N)=O,5.0,-0.31619999999998777
CSCC[C@H](NC(=O)[C@H](CC(C)C)NC(=O)CNC(=O)[C@H](Cc1ccccc1)N(C)C(=O)[C@H](Cc1ccccc1)NC(=O)[C@H](CC(=O)O)NC(=O)[C@@H](CC(=O)O)NC(C)=O)C(N)=O,5.0,-0.9071999999999931
CSCC[C@H](NC(=O)[C@H](CC(C)C)NC(=O)CNC(=O)[C@H](Cc1ccccc1)N(C)C(=O)[C@H](Cc1ccccc1)NC(=O)[C@@H](CC(=O)O)NC(=O)[C@H](CC(=O)O)NC(C)=O)C(N)=O,5.0,-0.9071999999999931
CC[C@H](C)[C@@H](C(=O)NCC(=O)N[C@@H](CC(C)C)C(=O)N[C@@H](CCSC)C(N)=O)N(C)C(=O)[C@H](Cc1ccccc1)NC(=O)[C@H](CC(=O)O)NC(=O)CCC(=O)O,5.0,-0.21839999999998733
CSCC[C@H](NC(=O)[C@H](CC(C)C)NC(=O)CNC(=O)[C@H](C(C)C)N(C)C(=O)[C@H](Cc1ccccc1)NC(=O)[C@H](CC(=O)O)NC(=O)CCC(=O)O)C(N)=O,5.0,-0.6084999999999878
CSCC[C@H](NC(=O)[C@H](CC(C)C)NC(=O)CNC(=O)[C@H](Cc1ccccc1)N(C)C(=O)[C@H](Cc1ccccc1)NC(=O)[C@H](CC(=O)O)NC(=O)[C@@H](N)CC(=O)O)C(N)=O,5.0,-1.0845999999999942
Cc1noc(-c2nnc3n2CCN(C(=O)c2ccc(-c4cccs4)cc2)[C@@H]3C)n1,5.0,3.5820200000000018
C[C@@H]1c2nnc(-c3cccc(O)n3)n2CCN1C(=O)c1ccc(-c2cccs2)cc1,5.0,3.9912000000000027
CC(C)(C(=O)N[C@H](C(=O)NCCCN1CCOCC1)c1ccccc1)c1cc(C(F)(F)F)cc(C(F)(F)F)c1,5.0,4.697800000000005
O=C(N[C@@H]1C2CCN(CC2)[C@@H]1C(c1ccccc1)c1ccccc1)c1ccccc1Cl,5.0,5.364700000000005
COc1ccccc1CO[C@@H]1C2CCN(CC2)[C@@H]1C(c1ccccc1)c1ccccc1,5.0,5.506700000000006
CCCN1C(=O)C2NC(c3ccc(OCC(=O)NCCNC(=O)C(N)CC(=O)N[C@@H](Cc4ccccc4)C(=O)N[C@@H](Cc4ccccc4)C(=O)NCC(N)=O)cc3)=NC2N(CCC)C1=O,5.0,-0.7995999999999932
Clc1ccccc1CCCN[C@@H]1C2CCN(CC2)[C@@H]1C(c1ccccc1)c1ccccc1,5.0,6.157100000000006
N[C@@H]1C2CCN(CC2)[C@@H]1C(c1ccccc1)c1ccccc1,5.0,3.240000000000002
COC1Cc2ccccc2C2(CCN(CCCc3ccccc3)CC2)O1,5.0,4.155700000000004
COC1Cc2ccccc2C2(CCN(Cc3ccccc3)CC2)O1,5.0,3.723100000000003
CC(C)(C)OC(=O)N[C@@](C)(Cc1ccccc1)C(=O)N[C@H](Cc1ccccc1)C(=O)NCCCCCCCCO,5.0,4.689100000000005
CC(C)(C(=O)N[C@H](C(=O)NCCN1CCOCC1)c1ccccc1)c1ccccc1,5.0,2.270100000000001
Cc1cc(C)cc(C(C)(C)C(=O)N[C@H](C(=O)NCCN2CCOCC2)c2ccccc2)c1,5.0,2.886940000000002
N[C@@H](Cc1ccccc1)C(=O)N[C@@H](Cc1ccccc1)C(=O)O,5.0,1.3684999999999996
CC(C)(NC(=O)c1ccccc1-c1ccccc1)c1cc(C(F)(F)F)cc(C(F)(F)F)c1,5.0,7.056300000000005
CC(C)(C)OC(=O)N[C@@](C)(Cc1ccccc1)C(=O)N[C@H](Cc1ccccc1)C(=O)NCCCCCCCCC(N)=O,5.0,4.572200000000003
COc1ccc(C[C@H](N)C(=O)N[C@@H](Cc2ccccc2C)C(N)=O)cc1,5.0,1.0862200000000006
O=C(NCc1cc(C(F)(F)F)cc(C(F)(F)F)c1)c1ccccc1-c1ccccc1,5.0,6.321200000000005
O=S(=O)(c1cc(C(F)(F)F)cc(C(F)(F)F)c1)N1CC[C@H](NCc2ccnc3ccccc23)C[C@H]1Cc1ccccc1,5.0,6.826600000000007
COc1ccccc1[C@@H]1CC[C@@]2(CCCN[C@H]2c2ccccc2)N1,5.0,3.9832000000000027
NC(=O)[C@H](Cc1cccc(F)c1)NC(=O)[C@@H](N)CC1CCCCC1,5.0,1.6359999999999986
COc1cc(N)c(Cl)cc1C(=O)NC1C2CC3CN(C2)CC31.Cl,5.0,2.0325
C#C[C@]1(OC)CCC2C3CCC4Cc5nc6nc7ccccc7n6cc5C[C@]4(C)C3CC[C@@]21C,5.0,5.858300000000006
c1ccc2c(c1)nc1nc3c(cn12)CCCC3,5.0,2.761300000000001
Cc1cc(C)n2c(n1)nc1ccccc12,5.0,2.499340000000001
C[C@]12Cc3cn4c(nc3CC1CCC1C2CC[C@@]2(C)C1CC[C@@]2(O)c1ccccc1)nc1ccccc14,5.0,6.727700000000008
C#C[C@]1(O)CCC2C3CC[C@H]4Cc5nc6[nH]c7ccccc7c6cc5C[C@]4(C)C3CC[C@@]21C,5.0,6.037800000000005
CC(CCC(=O)O)[C@H]1CCC2C3C(C[C@H](O)[C@@]21C)[C@@]1(C)Cc2cn4c(nc2CC1C[C@H]3O)nc1ccccc14,5.0,4.898600000000005
CSCC[C@H](NC(=O)[C@H](CC(C)C)NC(=O)CNC(=O)[C@H](Cc1ccccc1)N(C)C(=O)[C@H](Cc1ccccc1)NC(=O)[C@H](CCCC(=O)O)NC(=O)CCC(=O)O)C(N)=O,5.0,0.7584000000000117
C[C@@]12CCCC1C1CCC3Cc4nc5nc6ccccc6n5cc4C[C@]3(C)C1CC2,5.0,6.230000000000006
C#C[C@]1(O)CCC2C3CC[C@H]4Cc5nc6cc7ccccc7n6cc5C[C@]4(C)C3CC[C@@]21C,5.0,5.809200000000006
COC(=O)[C@H]1CCC2C3CCC4Cc5nc6nc7ccccc7n6cc5C[C@]4(C)C3CC[C@@]21C,5.0,5.6291000000000055
C=CC1=CCCC2Cc3nc4nc5ccccc5n4cc3C[C@]12C,5.0,4.509800000000004
N[C@@H](Cc1c[nH]c2ccccc12)C(=O)OCc1ccccc1,5.0,2.7811000000000012
Cc1cc(C)cc(C(=O)N2CC[C@H](NCc3ccnc4ccccc34)C[C@H]2Cc2ccc(C(=O)O)cc2)c1,5.0,5.555540000000005
CC[C@H](NC(=O)c1c(O)c(-c2ccccc2)nc2ccccc12)c1ccccc1,5.0,5.488500000000004
CC(C)CCCC(C)[C@@H]1CCC2C3CCC4Cc5nc6nc7ccccc7n6cc5C[C@]4(C)C3CC[C@@]21C,5.0,8.918500000000003
C[C@H](O[C@H]1CCCN[C@H]1c1ccccc1)c1ccccc1,5.0,4.257500000000003
Cc1cc(C)cc(/C(F)=C2\CC[C@H](NC(=O)c3ccnc4ccccc34)C[C@H]2Cc2ccccc2)c1,5.0,7.373640000000006
CSCC[C@H](NC(=O)[C@H](CC(C)C)NC(=O)CN1CCNC(=O)CCC(=O)NCC(=O)N[C@H](CCCN=C(N)N)C(=O)N[C@@H](Cc2ccccc2)C(=O)N[C@H](Cc2ccccc2)C1=O)C(N)=O,5.0,-1.9113000000000158
CSCC[C@H](NC(=O)[C@H](CC(C)C)NC(=O)CNC(=O)[C@H](Cc1ccccc1)N(C)C(=O)[C@H](Cc1ccccc1)NC(=O)[C@H](Cc1ccccc1)NC(=O)[C@H](CC(=O)O)NC(=O)[C@H](Cc1cnc[nH]1)NC(=O)[C@H](CCSC)NC(=O)[C@@H](N)CC(=O)O)C(N)=O,5.0,-0.6686000000000036
CSCC[C@H](NC(=O)[C@H](CC(C)C)NC(=O)CNC(=O)[C@H](Cc1ccccc1)N(C)C(=O)[C@H](Cc1ccccc1)NC(=O)[C@H](CCC(=O)O)NC(=O)C(=O)O)C(N)=O,5.0,-0.41189999999998744
CSCC[C@H](NC(=O)[C@H](CC(C)C)NC(=O)CNC(=O)[C@H](Cc1ccccc1)N(C)C(=O)[C@H](Cc1ccccc1)NC(=O)[C@@H](CCC(=O)O)NC(=O)C(=O)O)C(N)=O,5.0,-0.41189999999998744
CSCC[C@H](NC(=O)[C@H](CC(C)C)NC(=O)CNC(=O)[C@H](Cc1ccccc1)N(C)C(=O)[C@H](Cc1ccccc1)NC(=O)[C@H](CC(=O)O)NS(N)(=O)=O)C(N)=O,5.0,-1.209699999999991
CSCC[C@H](NC(=O)[C@H](CC(C)C)NC(=O)CNC(=O)[C@H](Cc1ccccc1)N(C)C(=O)[C@H](Cc1ccccc1)NC(=O)[C@H](CC(=O)O)NC(=O)C(N)=O)C(N)=O,5.0,-1.401299999999992
COC(=O)C(=O)N[C@@H](CC(=O)O)C(=O)N[C@@H](Cc1ccccc1)C(=O)N(C)[C@@H](Cc1ccccc1)C(=O)NCC(=O)N[C@@H](CC(C)C)C(=O)N[C@@H](CCSC)C(N)=O,5.0,-0.7135999999999896
CSCC[C@H](NC(=O)[C@H](CC(C)C)NC(=O)CNC(=O)[C@H](Cc1ccccc1)N(C)C(=O)[C@H](Cc1ccccc1)NC(=O)[C@H](CC(=O)O)NC(=O)NN)C(N)=O,5.0,-0.8298999999999905
CSCC[C@H](NC(=O)[C@H](CC(C)C)NC(=O)CNC(=O)[C@H](Cc1ccccc1)N(C)C(=O)[C@H](Cc1ccccc1)NC(=O)[C@H](CCCC(=O)O)NC(=O)C(=O)O)C(N)=O,5.0,-0.021799999999987996
CSCC[C@H](NC(=O)[C@H](CC(C)C)NC(=O)CNC(=O)[C@H](Cc1ccccc1)N(C)C(=O)[C@H](Cc1ccccc1)NC(=O)[C@H](CC(=O)O)NC(N)=O)C(N)=O,5.0,-0.3344999999999893
CSCC[C@H](NC(=O)[C@H](CC(C)C)NC(=O)CNC(=O)[C@H](Cc1ccccc1)N(C)C(=O)[C@H](Cc1ccccc1)NC(=O)[C@H](CC(=O)O)NC(=O)NO)C(N)=O,5.0,-0.3143999999999891
C[C@]12CCC3C(CC[C@@H]4Cc5nc6nc7ccccc7n6cc5C[C@]34C)C1CC[C@@H]2O,5.0,5.200800000000005
C[C@]12Cc3cn4c(nc3CC1CCC1C2CC[C@]2(C)C(=O)CCC12)nc1ccccc14,5.0,5.409000000000005
CSCC[C@H](NC(=O)[C@H](CC(C)C)NC(=O)CNC(=O)[C@H](Cc1ccccc1)N(C)C(=O)[C@H](Cc1ccccc1)NC(=O)[C@@H](CC(=O)O)NC(=O)C(=O)O)C(N)=O,5.0,-0.8019999999999872
CSCC[C@H](NC(=O)[C@H](CC(C)C)NC(=O)CNC(=O)[C@H](Cc1ccccc1)N(C)C(=O)[C@H](Cc1ccccc1)NC(=O)[C@@H](CC(=O)O)NC(=O)CCC(=O)O)C(N)=O,5.0,-0.021799999999987996
CSCC[C@H](NC(=O)[C@H](CC(C)C)NC(=O)CNC(=O)[C@H](Cc1ccccc1)N(C)C(=O)[C@H](Cc1ccccc1)NC(=O)[C@H](CCC(=O)O)NC(=O)CCC(=O)O)C(N)=O,5.0,0.3683000000000119
CSCC[C@H](NC(=O)[C@H](CC(C)C)NC(=O)CNC(=O)[C@H](Cc1ccccc1)N(C)C(=O)[C@H](Cc1ccccc1)NC(=O)[C@@H](CCC(=O)O)NC(=O)CCC(=O)O)C(N)=O,5.0,0.3683000000000119
CSCC[C@H](NC(=O)[C@H](CC(C)C)NC(=O)CNC(=O)[C@H](Cc1ccccc1)N(C)C(=O)[C@H](Cc1ccccc1)NC(=O)[C@H](CC(=O)O)NC(=O)C(=O)O)C(N)=O,5.0,-0.8019999999999872
Cc1cc(C)cc(/C(F)=C2/CC[C@@H](NC(=O)c3ccnc4ccccc34)C[C@@H]2Cc2ccccc2)c1,5.0,7.373640000000006
CSCC[C@H](NC(=O)[C@H](CC(C)C)NC(=O)CNC(=O)[C@H](Cc1ccccc1)N(C)C(=O)[C@H](Cc1ccccc1)NC(=O)[C@@H](CCC(=O)O)NC(=O)[C@@H](CC(=O)O)NC(C)=O)C(N)=O,5.0,-0.5170999999999923
CSCC[C@H](NC(=O)[C@H](CC(C)C)NC(=O)CNC(=O)[C@H](Cc1ccccc1)N(C)C(=O)[C@H](Cc1ccccc1)NC(=O)[C@H](CCC(=O)O)NC(=O)[C@H](CC(=O)O)NC(C)=O)C(N)=O,5.0,-0.5170999999999923
CSCC[C@H](NC(=O)[C@H](CC(C)C)NC(=O)CNC(=O)[C@H](Cc1ccccc1)N(C)C(=O)[C@H](Cc1ccccc1)NC(=O)[C@H](CCC(=O)O)NC(=O)[C@@H](CC(=O)O)NC(C)=O)C(N)=O,5.0,-0.5170999999999923
CSCC[C@H](NC(=O)[C@H](CC(C)C)NC(=O)CNC(=O)[C@H](Cc1ccccc1)N(C)C(=O)[C@H](Cc1ccccc1)NC(=O)[C@@H](CC(=O)O)NC(=O)[C@@H](CC(=O)O)NC(C)=O)C(N)=O,5.0,-0.9071999999999931
Cc1nsc(-c2nnc3n2CCN(C(=O)c2ccc(Cl)c(Cl)c2)[C@@H]3C)n1,4.99,3.628820000000003
CN1C(=O)[C@@H]2C[C@@]3([C@@]45C[C@H]6C(=O)N(C)[C@@H](Cc7ccccc7)C(=O)N6[C@@H]4Nc4ccccc45)c4ccccc4N[C@H]3N2C(=O)[C@@H]1Cc1ccccc1,4.92,3.7340000000000018
C[C@@H]1c2nnc(-c3csc(C(F)(F)F)n3)n2CCN1C(=O)c1ccc(Cl)c(F)c1,4.92,4.429900000000002
COC(=O)[C@@H](CCSC)NC(=O)[C@H](CC(C)C)N(C)C(=O)CN(C)C(=O)[C@H](Cc1ccccc1)NC(=O)[C@@H](Cc1ccccc1)NC(=O)[C@H](CCC(N)=O)NC(=O)[C@H](CCC(N)=O)NC(=O)[C@@H]1CCCN1C(=O)[C@H](CCCCNC(=O)OCc1ccccc1)NC(=O)[C@@H]1CCCN1C(=O)[C@H](CCCN=C(N)N)NC(=O)OCc1ccccc1,4.92,1.5964999999999732
Cc1nc(-c2nnc3n2CCN(C(=O)c2ccc(-c4cccs4)cc2)[C@@H]3C)cs1,4.9,4.655520000000004
CCCCCCCC(=O)n1cc(C[C@@H](NC(=O)C[C@@H]2NC(=O)[C@@H]3C4CCC(CC4)N3C2=O)C(=O)N[C@@H](Cc2ccccc2)C(=O)N(C)Cc2ccccc2)c2ccccc21,4.9,5.713500000000007
COc1cc2c(cc1-c1c(C)noc1C)ncc1[nH]c(=O)n([C@H](C)c3ccccn3)c12,4.9,4.162540000000002
Cc1nsc(-c2nnc3n2CCN(C(=O)c2ccc(-c4cccs4)cc2)[C@@H]3C)n1,4.9,4.050520000000003
Cc1ccc(-c2nnc3n2CCN(C(=O)c2ccc(Cl)c(F)c2)[C@@H]3C)o1,4.89,3.8560200000000036
C[C@@H]1c2nnc(-c3csc(C(F)(F)F)n3)n2CCN1C(=O)c1ccc(Cl)cc1,4.82,4.290800000000003
Cc1cc(O)cc(C)c1CC(N)C(=O)NC(CCCNC(=N)N)C(=O)NC(Cc1ccccc1)C(=O)N(C)CC(=O)N(C)Cc1ccccc1,4.79,1.471410000000007
Cc1cccc(-c2nnc3n2CCN(C(=O)c2ccc(-c4cccs4)cc2)[C@@H]3C)n1,4.76,4.594020000000004
Cc1ccc(-c2nnc3n2CCN(C(=O)c2ccc(F)c(Cl)c2)[C@@H]3C)o1,4.75,3.8560200000000027
COc1ccc(C(O)C2NC(=O)CNC(=O)[C@H](C(C)C)NC(=O)CNC(=O)[C@@H]3CCCN3C(=O)[C@@H](Cc3c[nH]c4ccccc34)NC(=O)CNC2=O)cc1,4.75,-1.0837999999999894
C[C@@H]1c2nnc(-c3csc(C(F)(F)F)n3)n2CCN1C(=O)c1cc(F)c(F)c(F)c1F,4.72,4.193800000000001
CN(Cc1ccccc1)C(=O)[C@H](Cc1ccc2ccccc2c1)NC(=O)[C@@H]1CCCN1C(=O)Nc1ccccc1N,4.71,4.804400000000003
Cc1nsc(-c2nnc3n2CCN(C(=O)c2ccc(Cl)c(F)c2)[C@@H]3C)n1,4.7,3.1145200000000024
Cc1nsc(-c2nnc3n2CCN(C(=O)c2ccc(Cl)c(Cl)c2)C3C)n1,4.68,3.628820000000003
C[C@@H]1c2nnc(-c3csc(C(F)(F)F)n3)n2CCN1C(=O)c1ccc(F)c(F)c1,4.68,3.915600000000002
Cc1nsc(-c2nnc3n2CCN(C(=O)c2ccc(F)cc2)[C@@H]3CCO)n1,4.66,1.82362
Cc1nsc(-c2nnc3n2CCN(C(=O)c2ccc(F)c(Cl)c2)[C@@H]3C)n1,4.66,3.1145200000000015
CCc1nsc(-c2nnc3n2CCN(C(=O)c2ccc(F)cc2)[C@@H]3C)n1,4.62,2.7151000000000005
C[C@@H]1c2nnc(-c3csc(C(F)(F)F)n3)n2CCN1C(=O)c1cc(F)c(F)c(F)c1,4.62,4.054700000000002
c1ccc([C@@H]2C[C@H]2NC2CCNCC2)cc1,4.6020599913279625,1.8840999999999999
COCc1nc2cnc3cc(-c4c(C)noc4C)c(OC[C@H]4CCNC4)cc3c2n1[C@H](C)c1ccccc1,4.600000074606178,5.600340000000005
CNC(=O)c1cc(C(=O)NC2CC2)cn(Cc2ccccc2)c1=O,4.600000074606178,1.1483999999999992
CC(=O)Nc1c(F)cc(C(=O)N[C@H]2CC[C@H](O)CC2)cc1O[C@@H](C)c1ccccc1,4.600000074606178,3.9574000000000034
Cc1ccc(-c2nnc3n2CCN(C(=O)c2ccc(Cl)cc2)[C@@H]3C)o1,4.6,3.7169200000000027
COC(=O)[C@@H](CCSC)NC(=O)[C@@H](CC(C)C)SCCNC(=O)[C@@H](Cc1ccccc1)NC(=O)[C@H](Cc1ccccc1)NC(=O)[C@H](CCC(N)=O)NC(=O)[C@H](CCC(N)=O)NC(=O)[C@H]1CCCN1C(=O)[C@H](CCCCNC(=O)OCc1ccccc1)NC(=O)[C@H]1CCCN1C(=O)[C@H](CCCN=C(N)N)NC(=O)OCc1ccccc1,4.6,2.5290999999999784
COc1ccc(N)cc1C[C@]12C[C@H]3C(=O)N[C@@H](Cc4ccccc4)C(=O)N3[C@H]1Nc1ccccc12,4.58,2.8514999999999997
Cc1ccc(-c2nnc3n2CCN(C(=O)c2cc(F)c(F)c(F)c2)[C@@H]3C)o1,4.57,3.4808200000000022
Clc1cccc(CN[C@H]2C3CCN(CC3)[C@H]2C(c2ccccc2)c2ccccc2)c1,4.55,5.724500000000005
C[C@@H]1c2nnc(-c3csc(C(F)(F)F)n3)n2CCN1C(=O)c1ccc(F)c(F)c1F,4.55,4.054700000000001
CN(Cc1ccccc1)C(=O)[C@H](Cc1cc2ccccc2s1)NC(=O)[C@@H]1CCCN1/C(S)=N/Cc1ccccc1Cl,4.53,6.191000000000007
Cc1nsc(-c2nnc3n2CCN(C(=O)c2ccc(F)cc2F)[C@@H]3C)n1,4.522878745280337,2.600220000000001
Cc1nsc(-c2nnc3n2CCN(C(=O)c2cc(F)cc(F)c2)[C@@H]3C)n1,4.522878745280337,2.600220000000001
Cc1nsc(-c2nnc3n2CCN(C(=O)c2cccc(Cl)c2)[C@@H]3C)n1,4.522878745280337,2.9754200000000015
Cc1nsc(-c2nnc3n2CCN(C(=O)c2cccc(F)c2)[C@@H]3C)n1,4.522878745280337,2.46112
Cc1nsc(-c2nnc3n2CCN(C(=O)c2ccc(F)c(F)c2F)[C@@H]3C)n1,4.522878745280337,2.739320000000001
Cc1nsc(-c2nnc3n2CCN(C(=O)c2cc(F)c(F)c(F)c2)[C@@H]3C)n1,4.522878745280337,2.739320000000001
Cc1nsc(-c2nnc3n2CCN(C(=O)c2ccc(F)cc2)[C@@H]3C)n1,4.522878745280337,2.46112
Cc1nsc(-c2nnc3n2CCN(C(=O)c2ccc(Cl)cc2)[C@@H]3C)n1,4.522878745280337,2.9754200000000015
CC(F)c1noc(-c2nnc3n2CCN(C(=O)c2ccc(F)cc2)[C@@H]3C)n1,4.522878745280337,2.7147000000000006
C[C@@H]1c2nnc(-c3nc(CC(F)(F)F)no3)n2CCN1C(=O)c1ccc(F)cc1,4.522878745280337,2.7890000000000006
C[C@@H]1c2nnc(-c3nc(C(C)(F)F)no3)n2CCN1C(=O)c1ccc(F)cc1,4.522878745280337,2.7959000000000014
C[C@@H]1c2nnc(-c3nc(C(F)F)ns3)n2CCN1C(=O)c1ccc(F)cc1,4.522878745280337,3.090300000000001
CCc1noc(-c2nnc3n2CCN(C(=O)c2ccc(F)cc2)C3C)n1,4.522878745280337,2.246600000000001
Cc1nsc(-c2nnc3n2CCN(C(=O)c2ccc(F)cc2)C3C)n1,4.522878745280337,2.46112
CCc1noc(-c2nnc3n2CCN(C(=O)c2ccc(F)cc2)[C@@H]3C)n1,4.522878745280337,2.246600000000001
Cc1nsc(-c2nnc3n2CCN(C(=O)c2cc(F)c(F)c(F)c2F)[C@@H]3C)n1,4.522878745280337,2.878420000000001
Cc1nsc(-c2nnc3n2CCN(C(=O)c2ccc(F)c(F)c2)[C@@H]3C)n1,4.522878745280337,2.600220000000001
Cc1nsc(-c2nnc3n2CCN(C(=O)c2cc(F)c(F)c(F)c2)C3C)n1,4.522878745280337,2.739320000000001
Cc1nsc(-c2nnc3n2CCN(C(=O)c2ccc(F)c(F)c2F)C3C)n1,4.522878745280337,2.739320000000001
Cc1nsc(-c2nnc3n2CCN(C(=O)c2ccc(F)c(F)c2)C3C)n1,4.522878745280337,2.600220000000001
Cc1nsc(-c2nnc3n2CCN(C(=O)c2cc(F)c(F)c(F)c2F)C3C)n1,4.522878745280337,2.878420000000001
Cc1nsc(-c2nnc3n2CCN(C(=O)c2ccc(C#N)cc2)[C@@H]3C)n1,4.522878745280337,2.1936999999999998
Cc1noc(-c2nnc3n2CCN(C(=O)c2ccc(F)cc2)[C@@H]3C)n1,4.522878745280337,1.99262
Cc1nsc(-c2nnc3n2CCN(C(=O)c2cccc(O)c2)[C@@H]3C)n1,4.522878745280337,2.0276199999999998
Cc1nsc(-c2nnc3n2CCN(C(=O)c2ccccc2C)[C@@H]3C)n1,4.522878745280337,2.630440000000001
COc1cc(C(=O)N2CCn3c(-c4nc(C)ns4)nnc3[C@H]2C)ccc1F,4.522878745280337,2.4697200000000006
Cc1nsc(-c2nnc3n2CCN(C(=O)c2ccccc2)[C@@H]3C)n1,4.522878745280337,2.32202
C[C@@H]1c2nnc(-c3nc([C@@H](C)F)no3)n2CCN1C(=O)c1ccc(F)cc1,4.522878745280337,2.7147000000000006
C[C@H](F)c1noc(-c2nnc3n2CCN(C(=O)c2ccc(F)cc2)[C@@H]3C)n1,4.522878745280337,2.7147000000000006
CCC[C@@H]1c2nnc(-c3nc(C)ns3)n2CCN1C(=O)c1ccc(F)cc1,4.522878745280337,3.2413200000000018
Cc1ccc(C(=O)N2CCn3c(-c4nc(C)ns4)nnc3[C@H]2C)cc1,4.522878745280337,2.630440000000001
CCc1nsc(-c2nnc3n2CCN(C(=O)c2ccc(F)cc2)C3C)n1,4.522878745280337,2.7151000000000005
Cc1nsc(-c2nnc3n2CCN(C(=O)c2ccc(Cl)c(F)c2)C3C)n1,4.522878745280337,3.1145200000000024
Cc1nsc(-c2nnc3n2CCN(C(=O)c2ccc(F)c(Cl)c2)C3C)n1,4.522878745280337,3.1145200000000015
CC[C@@H]1c2nnc(-c3nc(C)ns3)n2CCN1C(=O)c1ccc(F)cc1,4.522878745280337,2.8512200000000014
Cc1nsc(-c2nnc3n2CCN(C(=O)c2ccc(C(F)(F)F)cc2)[C@@H]3C)n1,4.522878745280337,3.3408200000000017
[C-]#[N+]c1ccc(C(=O)N2CCn3c(-c4nc(C)ns4)nnc3[C@H]2C)cc1,4.522878745280337,2.872810000000001
COc1cccc(C(=O)N2CCn3c(-c4nc(C)ns4)nnc3[C@H]2C)c1,4.522878745280337,2.3306200000000006
Cc1nsc(-c2nnc3n2CCN(C(=O)c2ccc(F)c(F)c2F)C3)n1,4.522878745280337,2.1783200000000003
Cc1nsc(-c2nnc3n2CCN(C(=O)c2ccc(F)c(F)c2)C3)n1,4.522878745280337,2.0392200000000003
Cc1nsc(-c2nnc3n2CCN(C(=O)c2ccc(F)c(Cl)c2)C3)n1,4.522878745280337,2.5535200000000007
Cc1nsc(-c2nnc3n2CCN(C(=O)c2ccc(Cl)c(F)c2)C3)n1,4.522878745280337,2.5535200000000007
Cc1nsc(-c2nnc3n2CCN(C(=O)c2ccc(F)cc2)C3)n1,4.522878745280337,1.90012
Cc1nsc(-c2nnc3n2CCN(C(=O)c2ccc(Cl)cc2)C3)n1,4.522878745280337,2.4144200000000007
CC(F)c1noc(-c2nnc3n2CCN(C(=O)c2ccc(F)cc2)C3C)n1,4.522878745280337,2.7147000000000006
Cc1ccc(-c2nnc3n2CCN(C(=O)c2ccc(F)c(F)c2F)[C@@H]3C)o1,4.522878745280337,3.4808200000000022
Cc1ccc(-c2nnc3n2CCN(C(=O)c2ccc(F)c(F)c2)[C@@H]3C)o1,4.522878745280337,3.3417200000000022
Cc1ccc(-c2nnc3n2CCN(C(=O)c2cc(F)c(F)c(F)c2F)[C@@H]3C)o1,4.522878745280337,3.6199200000000022
C[C@@H]1c2nnc(-c3csc(C(F)(F)F)n3)n2CCN1C(=O)c1ccc(F)cc1,4.522878745280337,3.776500000000002
Cc1nc(-c2nnc3n2CCN(C(=O)c2ccc(F)cc2)[C@@H]3C)cs1,4.522878745280337,3.0661200000000015
Cc1ccc(-c2nnc3n2CCN(C(=O)c2ccc(F)cc2)[C@@H]3C)o1,4.522878745280337,3.2026200000000022
Cc1nsc(-c2nnc3n2CCN(C(=O)c2cc(F)c(F)c(F)c2)C3)n1,4.522878745280337,2.1783200000000003
Cc1nsc(-c2nnc3n2CCN(C(=O)c2ccc(Cl)cc2)C3C)n1,4.5,2.9754200000000015
COc1ccccc1CN[C@H]1C2CCC(CC2)[C@H]1C(c1ccccc1)c1ccccc1,4.494850021680094,6.421700000000007
COC(=O)[C@@H](CCSC)NC(=O)[C@H](CC(C)C)SCCNC(=O)[C@@H](Cc1ccccc1)NC(=O)[C@H](Cc1ccccc1)NC(=O)[C@H](CCC(N)=O)NC(=O)[C@H](CCC(N)=O)NC(=O)[C@H]1CCCN1C(=O)[C@H](CCCCNC(=O)OCc1ccccc1)NC(=O)[C@H]1CCCN1C(=O)[C@H](CCCN=C(N)N)NC(=O)OCc1ccccc1,4.48,2.5290999999999784
COc1ccc(N)cc1C[C@@]12C[C@H]3C(=O)N[C@@H](Cc4ccccc4)C(=O)N3[C@@H]1Nc1ccccc12,4.42,2.8514999999999997
CCc1noc(-c2nnc3n2CCN(C(=O)c2ccc(-c4cccs4)cc2)[C@@H]3C)n1,4.4,3.836000000000003
CC(C)C[C@H](NC(=O)CNC(=O)OCc1ccccc1)C(=O)N[C@@H](Cc1c[nH]c2ccccc12)C(=O)OCc1cc(C(F)(F)F)cc(C(F)(F)F)c1,4.4,6.433500000000005
CCNC(=O)C[C@@H]1N=C(c2ccc(Cl)cc2)c2cc(OC)ccc2-n2c(C)nnc21,4.3979400086720375,3.6560200000000025
O=C(O)c1ccc(CN2CCC(CN[C@@H]3C[C@H]3c3ccccc3)CC2)cc1,4.3979400086720375,3.7425000000000033
O=C1N[C@@H](Cc2ccccc2)C(=O)N2[C@H]3Nc4ccccc4[C@@]3(Cc3cc([N+](=O)[O-])ccc3O)C[C@@H]12,4.32,2.8745000000000003
CC(C)[C@@H]1NC(=O)CNC(=O)[C@@H]2CCCN2C(=O)[C@@H](Cc2c[nH]c3ccccc23)NC(=O)CNC(=O)[C@H](Cc2ccc(OC(C)(C)C)cc2)NC(=O)CNC1=O,4.32,0.5940000000000089
CC1(C)OC(=O)N([C@H]2CC[C@H](c3cnc(N)c(-c4ncccn4)c3)CC2)[C@H]1c1ccccc1,4.314258261397736,5.119100000000004
COc1ccccc1C/N=C(\S)N1CCC[C@H]1C(=O)NC(Cc1ccccc1)Cc1ccccc1,4.301029995663981,4.915600000000005
COc1ccccc1COC(=O)N1CCC[C@H]1C(=O)NC(c1ccccc1)c1ccccc1,4.301029995663981,4.702000000000004
Fc1ccc(-c2noc(C3CCN(c4cnc5ccc(Cl)cc5c4)CC3)n2)c(Cl)c1,4.301029995663981,6.114700000000004
Nc1ccccc1C/N=C(\S)N1CCC[C@H]1C(=O)NC(c1ccccc1)c1ccccc1,4.301029995663981,4.424800000000004
CSCCNS(=O)(=O)c1ccc(N/N=C(\S)N2CCC[C@@H]2C(=O)NC(c2ccccc2)c2ccccc2)c([N+](=O)[O-])c1,4.301029995663981,4.219000000000003
COc1ccccc1C/N=C(\S)N1CCC[C@H]1C(=O)N(Cc1ccccc1)Cc1ccccc1,4.301029995663981,5.174400000000005
COc1ccccc1CNC(=O)N1CCC[C@H]1C(=O)NC(c1ccccc1)c1ccccc1,4.301029995663981,4.275000000000003
COc1ccccc1C/N=C(\NC#N)N1CCC[C@H]1C(=O)NC(c1ccccc1)c1ccccc1,4.301029995663981,3.9920800000000023
O=C(NC(c1ccccc1)c1ccccc1)[C@H]1CCCN1/C(S)=N/Nc1ccccc1[N+](=O)[O-],4.301029995663981,4.5777000000000045
COc1ccc(S(=O)(=O)Nc2c(C)cc(C)cc2C)cc1,4.300000029139088,3.421260000000002
COc1ccc([N+](=O)[O-])cc1C[C@]12C[C@H]3C(=O)N[C@@H](Cc4ccccc4)C(=O)N3[C@H]1Nc1ccccc12,4.27,3.177500000000001
COC(=O)[C@@H](CCSC)NC(=O)[C@H](CC(C)C)NC(=O)CN(C)C(=O)[C@H](Cc1ccccc1)NC(=O)[C@@H](Cc1ccccc1)NC(=O)[C@H](CCC(N)=O)NC(=O)[C@H](CCC(N)=O)NC(=O)[C@@H]1CCCN1C(=O)[C@H](CCCCNC(=O)OCc1ccccc1)NC(=O)[C@@H]1CCCN1C(=O)[C@H](CCCN=C(N)N)NC(=O)OCc1ccccc1,4.26,1.2542999999999747
CN(Cc1ccccc1)C(=O)[C@@H](Cc1ccc2ccccc2c1)NC(=O)[C@H]1CCCN1C(=N)Nc1ccccc1[N+](=O)[O-],4.22,4.945170000000004
CO[C@H](C(=O)Nc1nnc(N[C@@H]2CCN(c3cccnn3)C2)s1)c1ccccc1,4.15,2.3450999999999995
COc1ccc(CC2NC(=O)CNC(=O)[C@H](C(C)C)NC(=O)CNC(=O)[C@@H]3CCCN3C(=O)[C@@H](Cc3c[nH]c4ccccc34)NC(=O)CNC2=O)cc1,4.14,-0.5746999999999911
CN(Cc1ccccc1)C(=O)[C@H](Cc1ccc2ccccc2c1)NC(=O)[C@@H]1CCCN1C(=O)Nc1ccccc1[N+](=O)[O-],4.08,5.130400000000004
COc1ccc([N+](=O)[O-])cc1C[C@@]12C[C@H]3C(=O)N[C@@H](Cc4ccccc4)C(=O)N3[C@@H]1Nc1ccccc12,4.06,3.177500000000001
CC(C)[C@@H]1NC(=O)CNC(=O)[C@@H]2CCCN2C(=O)[C@H](Cc2c[nH]c3ccccc23)NC(=O)CNC(=O)[C@H](Cc2ccc(OC(C)(C)C)cc2)NC(=O)CNC1=O,4.03,0.5940000000000089
C[C@@]12NC(=O)[C@@H](C[C@@]13c1ccccc1N1C(=O)CN[C@@H]13)n1c2nc2ccccc2c1=O,4.02,0.9001999999999999
O=C1N[C@@H](Cc2ccccc2)C(=O)N2[C@H]1C[C@@]1(Cc3cc([N+](=O)[O-])ccc3O)c3ccccc3N[C@@H]21,4.01,2.8745000000000003
CC[C@@H](NC(=O)c1c(O)c(-c2ccccc2)nc2ccccc12)c1ccccc1,4.0,5.488500000000004
CN(C(=O)[C@H](Cc1ccccc1)NC(=O)[C@@H]1CCCN1/C(S)=N/Cc1ccccc1Cl)c1ccccc1,4.0,4.980700000000004
CC(C)[C@@H]1NC(=O)CNC(=O)[C@@H]2CCCN2C(=O)[C@@H](Cc2c[nH]c3ccccc23)NC(=O)CNC(=O)[C@H](Cc2ccc(O)cc2)NC(=O)CNC1=O,4.0,-0.8776999999999906
COC(=O)[C@H](NC(=O)c1cc(-c2ccccc2)nc2ccccc12)c1ccccc1,4.0,4.545900000000003
CC(C)[C@@H]1NC(=O)CNC(=O)[C@@H]2CCCN2C(=O)[C@@H](Cc2c[nH]c3ccccc23)NC(=O)CNC(=O)[C@H](Cc2ccc3[nH]ccc3c2)NC(=O)CNC1=O,4.0,-0.10199999999999182
CC[C@H](NC(=O)c1c(C)c(-c2ccccc2)nc2ccccc12)c1ccccc1,4.0,6.091320000000005
O=C1[C@@H]2C[C@]3(Cc4cc([N+](=O)[O-])ccc4O)c4ccccc4N[C@@H]3N2C(=O)[C@H](Cc2ccccc2)N1Cc1cc([N+](=O)[O-])ccc1O,4.0,4.4009000000000045
CC[C@H](NC(=O)c1c(OC)c(-c2ccccc2)nc2ccccc12)c1ccccc1,4.0,5.791500000000005
CC[C@@H](NC(=O)c1c(CN(C)C)c(-c2ccccc2)nc2ccccc12)c1ccccc1,4.0,5.844500000000005
CC[C@@H](NC(=O)c1c(C)c(-c2ccccc2)nc2ccccc12)c1ccccc1,4.0,6.091320000000005
CSCCNS(=O)(=O)c1ccc(N/N=C(\S)N2CCC[C@@H]2C(=O)NCc2ccccc2)c([N+](=O)[O-])c1,4.0,2.6296
CCc1c(-c2ccccc2)nc2ccccc2c1C(=O)N[C@H](CC)c1ccccc1,4.0,6.345300000000005
O=C1N[C@@H](Cc2ccccc2)C(=O)N2[C@H]3Nc4ccccc4[C@@]3(O)C[C@@H]12,4.0,0.9677999999999991
O=C1N[C@@H](Cc2ccccc2)C(=O)N2[C@H]1C[C@@]1(O)c3ccccc3N[C@@H]21,4.0,0.9677999999999991
CC[C@@H](NC(=O)c1c(N)c(-c2ccccc2)nc2ccccc12)c1ccccc1,4.0,5.3651000000000035
CC[C@H](NC(=O)c1cc(-c2ccccc2)nc2ccccc12)c1ccccc1,4.0,5.782900000000005
COC(=O)C(NC(=O)c1cc(-c2ccccc2)nc2ccccc12)c1ccccc1,4.0,4.545900000000003
CN(Cc1ccccc1)C(=O)[C@@H](Cc1ccccc1)NC(=O)[C@H]1CCCN1/C(S)=N/c1ccccc1[N+](=O)[O-],4.0,4.362600000000003
CC[C@@H](NC(=O)c1c(OCC(=O)O)c(-c2ccccc2)nc2ccccc12)c1ccccc1,4.0,5.246300000000004
CC(C)[C@@H]1NC(=O)CNC(=O)[C@@H]2CCCN2C(=O)[C@@H](Cc2c[nH]c3ccccc23)NC(=O)CNC(=O)C(C(O)c2ccc(O)cc2)NC(=O)CNC1=O,4.0,-1.3867999999999907
COC(=O)[C@@H](NC(=O)c1cc(-c2ccccc2)nc2ccccc12)c1ccccc1,4.0,4.545900000000003
CC[C@@H](NC(=O)c1cc(-c2ccccc2)nc2ccccc12)c1ccccc1,4.0,5.782900000000005
CSCCNS(=O)(=O)c1ccc(N/N=C(\S)N2CCC[C@H]2C(=O)NCc2ccccc2)c([N+](=O)[O-])c1,4.0,2.6296
O=C(Cc1ccccc1)N[C@H](C(=O)NCCN1CCOCC1)c1ccccc1,4.0,1.5350000000000001
O=C1[C@@H]2C[C@@]3(Cc4cc([N+](=O)[O-])ccc4O)c4ccccc4N[C@H]3N2C(=O)[C@H](Cc2ccccc2)N1Cc1cc([N+](=O)[O-])ccc1O,4.0,4.4009000000000045
CC[C@@H](NC(=O)c1c(OCCO)c(-c2ccccc2)nc2ccccc12)c1ccccc1,4.0,5.154000000000004
C=CC(C)(C)[C@@]12C[C@H]3C(=O)Nc4ccccc4C(=O)N3[C@@H]1N(C(C)=O)c1ccccc12,3.769551078621726,3.6960000000000024
N#CC1=C(N)OC(c2ccccn2)=C(S(=O)(=O)c2ccccc2)C1c1ccc([N+](=O)[O-])cc1,3.6989700043360187,3.6401800000000026
CN(Cc1ccccc1)C(=O)[C@@H](Cc1ccc2ccccc2c1)NC(=O)[C@@H]1CCCN1C(=O)Nc1ccccc1[N+](=O)[O-],3.562249437179612,5.130400000000004
Cc1ccc([S+]([O-])C2=C(c3ccccn3)OC(NC(=O)C(F)(F)F)=C(C#N)[C@H]2c2ccc([N+](=O)[O-])cc2)cc1,3.4559319556497243,5.0023000000000035
COC(=O)[C@H](CCSC)NC(=O)[C@H](CC(C)C)NC(=O)[C@@H](Cc1c[nH]c2ccccc12)NC(=O)[C@H](Cc1ccccc1)NC(=O)[C@@H](Cc1ccccc1)NC(=O)[C@H](CCCCNC(=O)OCc1ccccc1)NC(=O)[C@H](CC(N)=O)NC(=O)[C@@H]1CCCN1C(=O)[C@H](CCCCNC(=O)OCc1ccccc1)NC(=O)[C@@H]1CCCN1C(=O)[C@H](CCCN=C(N)N)NC(=O)OCc1ccccc1,3.3010299956639813,5.445799999999992
COC(=O)[C@H](CCSC)NC(=O)[C@H](CC(C)C)NC(=O)[C@@H](Cc1c[nH]c2ccccc12)NC(=O)[C@H](Cc1ccccc1)NC(=O)[C@@H](Cc1ccccc1)NC(=O)[C@H](CCCN=C(N)N)NC(=O)[C@H](CC(N)=O)NC(=O)OC(C)(C)C,3.3010299956639813,1.899100000000005
