SMILES,pIC50
O=C(NCc1cc(C(F)(F)F)cc(C(F)(F)F)c1)c1c(CO)nc2ccccc2c1-c1ccccc1,13.0
CC(C)C[C@H](NC(=O)[C@@H]1CCCN1C(=O)[C@H](CO[C@@H]1O[C@H](CO)[C@@H](O)[C@H](O)[C@H]1O)NC(=O)[C@H](Cc1ccccc1)NC(=O)CNC(=O)[C@@H](C)NC(=O)[C@@H](N)Cc1ccc(O)cc1)C(=O)N[C@@H](Cc1c[nH]c2ccccc12)C(=O)NCc1cc(C(F)(F)F)cc(C(F)(F)F)c1,12.20999647960951
NCc1nc2ccccc2c(-c2ccccc2)c1C(=O)NCc1cc(C(F)(F)F)cc(C(F)(F)F)c1,11.769551078621726
CCCC[C@H](NC(=O)[C@H](Cc1ccccc1)NC(=O)CNC(=O)[C@@H](C)NC(=O)[C@@H](N)Cc1ccc(O)cc1)C(=O)N1CCC[C@H]1C(=O)N[C@@H](CC(C)C)C(=O)N[C@@H](Cc1c[nH]c2ccccc12)C(=O)NCc1cc(C(F)(F)F)cc(C(F)(F)F)c1,11.569924944448061
C[C@@H](NC(=O)[C@@H](N)Cc1ccc(O)cc1)C(=O)N[C@@H](Cc1c[nH]c2ccccc12)C(=O)OCc1cc(C(F)(F)F)cc(C(F)(F)F)c1,11.397940008672037
C[C@@H](NC(=O)[C@@H](N)Cc1ccc(O)cc1)C(=O)NCC(=O)N[C@@H](Cc1ccc(F)cc1)C(=O)NCC(=O)N[C@@H](Cc1c[nH]c2ccccc12)C(=O)OCc1cc(C(F)(F)F)cc(C(F)(F)F)c1,11.397940008672037
CC(C)C[C@H](NC(=O)[C@@H]1CCCN1C(=O)[C@@H]1NC(=O)[C@H](Cc2ccccc2)NC(=O)CNC(=O)[C@@H](NC(=O)[C@@H](N)Cc2ccc(O)cc2)C(C)(C)SSC1(C)C)C(=O)N[C@@H](Cc1c[nH]c2ccccc12)C(=O)NCc1cc(C(F)(F)F)cc(C(F)(F)F)c1,11.275724130399212
C[C@@H](NC(=O)[C@@H](N)Cc1ccc(O)cc1)C(=O)NCC(=O)N[C@@H](Cc1ccccc1)C(=O)NCC(=O)N[C@@H](Cc1c[nH]c2ccccc12)C(=O)OCc1cc(C(F)(F)F)cc(C(F)(F)F)c1,11.244125144327509
CSCC[C@H](NC(=O)[C@H](Cc1ccccc1)NC(=O)CNC(=O)[C@@H](C)NC(=O)[C@@H](N)Cc1ccc(O)cc1)C(=O)N1CCC[C@H]1C(=O)N[C@@H](CC(C)C)C(=O)N[C@@H](Cc1c[nH]c2ccccc12)C(=O)NCc1cc(C(F)(F)F)cc(C(F)(F)F)c1,11.187086643357144
CSCC[C@H](NC(=O)[C@H](Cc1ccccc1)NC(=O)CNC(=O)[C@@H](C)NC(=O)[C@@H](N)Cc1c(C)cc(O)cc1C)C(=O)N1CCC[C@H]1C(=O)N[C@@H](CC(C)C)C(=O)N[C@@H](Cc1c[nH]c2ccccc12)C(=O)NCc1cc(C(F)(F)F)cc(C(F)(F)F)c1,11.102372908709558
CC(C)C[C@H](NC(=O)[C@H](Cc1ccccc1)NC(=O)CNC(=O)[C@@H](C)NC(=O)[C@@H](N)Cc1ccc(O)cc1)C(=O)N[C@@H](Cc1c[nH]c2ccccc12)C(=O)OCc1cc(C(F)(F)F)cc(C(F)(F)F)c1,11.045757490560675
O=C(NCc1cc(C(F)(F)F)cc(C(F)(F)F)c1)c1c(CBr)nc2ccccc2c1-c1ccccc1,11.0
CC(=O)N[C@H]1CC[C@@](CO[C@H](C)c2cc(C(F)(F)F)cc(C(F)(F)F)c2)(c2ccccc2)NC1,11.0
CNCc1nc2ccccc2c(-c2ccccc2)c1C(=O)NCc1cc(C(F)(F)F)cc(C(F)(F)F)c1,10.96
COc1ccc(OC(F)(F)F)cc1CN[C@H]1CCCN[C@H]1c1ccccc1.Cl.Cl,10.92
C[C@@H](O[C@H]1CN2C(=O)C=CCC2[C@@H]1c1ccc(F)cc1)c1cc(C(F)(F)F)cc(C(F)(F)F)c1,10.89
Cc1cc(O)cc(C)c1C[C@H](N)C(=O)N[C@H](C)C(=O)N[C@@H](Cc1c[nH]c2ccccc12)C(=O)OCc1cc(C(F)(F)F)cc(C(F)(F)F)c1,10.8
Cc1cc(F)ccc1[C@H]1CN(C(=O)C(N)=O)CC[C@@H]1C(=O)N(C)[C@@H](C)c1cc(C(F)(F)F)cc(C(F)(F)F)c1,10.77
COc1ccc(-n2nnnc2C(F)(F)F)cc1CN[C@H]1CCN(C(=O)CNC(C)=O)C[C@H]1c1ccccc1,10.77
Cc1cc(F)ccc1[C@H]1CN(C(=O)C(N)=O)CC[C@@H]1C(=O)N(C)Cc1cc(C(F)(F)F)cc(C(F)(F)F)c1,10.7
C[C@@H](OCC1(c2ccccc2)CC(N)C1)c1cc(C(F)(F)F)cc(C(F)(F)F)c1,10.7
COc1ccc(-n2nnnc2C(F)(F)F)cc1CN[C@H]1CCCN[C@H]1c1ccccc1.Cl.Cl,10.6
COc1ccc(-n2nnnc2C(F)(F)F)cc1CN[C@H]1CCN(C(=O)CCCNC(C)=O)C[C@H]1c1ccccc1.Cl,10.6
CC(=O)N1CCC(C(=O)N2C[C@H](c3ccc(F)cc3)[C@@H](N(C)C(=O)N(C)c3cc(C(F)(F)F)cc(C(F)(F)F)c3)C2)CC1,10.57
CC(=O)N1CCC(C(=O)N2C[C@@H](N(C)C(=O)N(C)c3cc(Cl)cc(Cl)c3)[C@H](c3ccc(F)cc3)C2)CC1,10.54
CN(C(=O)N(C)[C@@H]1CN(C(=O)N2CCN(S(C)(=O)=O)CC2)C[C@H]1c1ccc(F)cc1)c1cc(C(F)(F)F)cc(C(F)(F)F)c1,10.52
C[C@@H](NC(=O)[C@@H](N)Cc1ccc(O)cc1)C(=O)NCC(=O)N[C@@H](Cc1c[nH]c2ccccc12)C(=O)OCc1cc(C(F)(F)F)cc(C(F)(F)F)c1,10.52
CN(Cc1cc(C(F)(F)F)cc(C(F)(F)F)c1)C(=O)c1cnc2ccccc2c1-c1ccccc1,10.52
CC(=O)N1CCC(C(=O)N2C[C@@H](c3noc(C(C)(C)c4cc(C(F)(F)F)cc(C(F)(F)F)c4)n3)[C@H](c3ccc(F)cc3C)C2)CC1,10.52
Cc1cc(F)ccc1[C@H]1CNCCN1C(=O)N(C)[C@H](C)c1cc(C(F)(F)F)cc(C(F)(F)F)c1,10.52
CC(=O)N1CCC(C(=O)N2CC[C@@H](N(C)C(=O)N(C)c3cc(C(F)(F)F)cc(C(F)(F)F)c3)[C@H](c3ccc(Cl)c(Cl)c3)C2)CC1,10.51
COc1ccc(-c2ccsc2)cc1CN[C@H]1CCCN[C@H]1c1ccccc1,10.5
CC(=O)N1CCC(C(=O)N2CC(c3ccc(F)cn3)[C@H](N(C)C(=O)N(C)c3cc(C(F)(F)F)cc(C(F)(F)F)c3)C2)CC1,10.49
CC(=O)N1CCC(C(=O)N2CC[C@H](C(=O)N(C)Cc3cc(C(F)(F)F)cc(C(F)(F)F)c3)[C@@H](c3ccccc3C)C2)CC1,10.49
CSCC[C@H](NC(=O)[C@H](Cc1ccccc1)NC(=O)CNC(=O)[C@@H](C)NC(=O)[C@@H](N)Cc1ccc(O)cc1)C(=O)N[C@@H](C)C(=O)N[C@@H](CC(C)C)C(=O)N[C@@H](Cc1c[nH]c2ccccc12)C(=O)OCc1cc(C(F)(F)F)cc(C(F)(F)F)c1,10.47
Cc1cc(F)ccc1[C@H]1CN(C(N)=O)CC[C@@H]1C(=O)N(C)Cc1cc(C(F)(F)F)cc(C(F)(F)F)c1,10.46
CN(C(=O)N(C)[C@@H]1CN(C(=O)NC2CCOCC2)C[C@H]1c1ccc(F)cc1)c1cc(C(F)(F)F)cc(C(F)(F)F)c1,10.41
CCNC(=O)N1CC[C@H](NCc2cc(-n3nnnc3C(F)(F)F)ccc2OC)[C@H](c2ccccc2)C1.Cl,10.41
CCCc1nnnn1-c1ccc(OC)c(CN[C@H]2CCCN[C@H]2c2ccccc2)c1.Cl.Cl,10.4
COc1ccc(-n2cnnn2)cc1CN[C@H]1CCCN[C@H]1c1ccccc1.Cl.Cl,10.4
COc1ccc(-n2nnnc2SC)cc1CN[C@H]1CCCN[C@H]1c1ccccc1.Cl.Cl,10.4
C[C@@H](O[C@H]1CN2C(=O)C(C)(O)C[C@H]2[C@@H]1c1ccc(F)cc1)c1cc(C(F)(F)F)cc(C(F)(F)F)c1,10.4
C[C@@H](O[C@H]1CN2C(=O)C=C(C3CCN(C(C)(C)C)CC3)CC2[C@@H]1c1ccc(F)cc1)c1cc(C(F)(F)F)cc(C(F)(F)F)c1,10.39
CC(=O)NCC(=O)N1CC[C@H](C(=O)N(C)Cc2cc(C(F)(F)F)cc(C(F)(F)F)c2)[C@@H](c2ccc(F)cc2C)C1,10.37
CCNC(=O)N1CC[C@H](NCc2cc(-n3nnnc3C(F)(F)F)ccc2OC2CC2)[C@H](c2ccccc2)C1.Cl,10.36
Cc1cc(F)ccc1[C@H]1CN(C(=O)C(=O)NO)CC[C@@H]1C(=O)N(C)Cc1cc(C(F)(F)F)cc(C(F)(F)F)c1,10.34
CC(C)C[C@H](NC(=O)[C@@H]1CCCN1C(=O)[C@H](Cc1ccccc1)NC(=O)CNC(=O)[C@@H](C)NC(=O)[C@@H](N)Cc1ccc(O)cc1)C(=O)N[C@@H](Cc1c[nH]c2ccccc12)C(=O)OCc1cc(C(F)(F)F)cc(C(F)(F)F)c1,10.34
CC(=O)N1CCC(C(=O)N2CC[C@H](C(=O)N(C)Cc3cc(C(F)(F)F)cc(C(F)(F)F)c3)[C@@H](c3ccc(F)cc3C)C2)CC1,10.33
CNC(=O)N1CC[C@H](C(=O)N(C)Cc2cc(C(F)(F)F)cc(C(F)(F)F)c2)[C@@H](c2ccc(F)cc2C)C1,10.32
COC(=O)N[C@H]1CC[C@H](C(=O)N2C[C@@H](N(C)C(=O)N(C)c3cc(C(F)(F)F)cc(C(F)(F)F)c3)[C@H](c3ccc(F)cc3)C2)CC1,10.31
CSCC[C@H](NC(=O)CNC(=O)[C@@H](NC(=O)CNC(=O)[C@@H](NC(=O)[C@H](NC(=O)[C@H](CC(N)=O)NC(=O)[C@H](CCCNC(=N)N)NC(=O)[C@H](Cc1ccccc1)NC(=O)[C@@H](N)CO)C(C)(C)C)C(C)C)[C@@H](C)O)C(=O)N[C@@H](CCCCN)C(=O)N[C@@H](CCCCN)C(=O)N[C@H](C(=O)N[C@@H](CO)C(=O)N[C@@H](Cc1ccccc1)C(=O)N[C@@H](CCC(N)=O)C(=O)N[C@@H](CCCNC(=N)N)C(=O)N[C@@H](C)C(=O)N[C@@H](CCCCN)C(=O)N[C@@H](CO)C(=O)O)[C@@H](C)O,10.31
COc1ccc(-n2nnnc2C(F)(F)F)cc1CN[C@H]1CCN(C(C)=O)C[C@H]1c1ccccc1.Cl,10.31
COc1ccc(-c2c(C)noc2C)cc1CN[C@H]1CCCN[C@H]1c1ccccc1,10.3
COc1ccc(Br)cc1CN[C@H]1CCCN[C@H]1c1ccccc1,10.3
Cc1cc(F)ccc1-c1cc(C2CNC(=O)C2CO)ncc1N(C)C(=O)C(C)(C)c1cc(C(F)(F)F)cc(C(F)(F)F)c1.Cl,10.3
C[C@@H](O[C@H]1CN2C(=O)C(n3cnnc3)C[C@H]2[C@@H]1c1ccc(F)cc1)c1cc(C(F)(F)F)cc(C(F)(F)F)c1,10.3
O=c1[nH]nc(CN2CCC[C@H](OCc3cc(C(F)(F)F)cc(C(F)(F)F)c3)[C@@H]2c2ccccc2)[nH]1,10.3
COc1ccc(-n2cnnn2)cc1CN[C@H]1CCCN[C@H]1c1ccccc1,10.3
CCc1nnnn1-c1ccc(OC)c(CN[C@H]2CCCN[C@H]2c2ccccc2)c1.Cl.Cl,10.3
COc1ccc(-n2nnnc2C)cc1CN[C@H]1CCCN[C@H]1c1ccccc1.Cl.Cl,10.3
C[C@@H](NC(=O)[C@@H](N)Cc1ccc(O)cc1)C(=O)NCC(=O)N[C@@H](Cc1ccccc1)C(=O)NCCC(=O)N[C@@H](Cc1c[nH]c2ccccc12)C(=O)OCc1cc(C(F)(F)F)cc(C(F)(F)F)c1,10.3
CC(=O)N1CCC(C(=O)N2C[C@H](C(=O)N(C)C(C)(C)c3cc(C(F)(F)F)cc(C(F)(F)F)c3)[C@@H](c3ccc(F)cc3C)C2)CC1,10.3
CC(=O)N1CCC(C(=O)N2C[C@H](C(=O)N(C)Cc3cc(C(F)(F)F)cc(C(F)(F)F)c3)[C@@H](c3ccc(F)cc3C)C2)CC1,10.3
COc1ccc(-n2nnnc2C(F)(F)F)cc1CN[C@H]1CCCN[C@H]1c1ccccc1,10.3
CCCC[C@H](NC(=O)[C@H](Cc1ccccc1)NC(=O)CNC(=O)[C@@H](C)NC(=O)[C@@H](N)Cc1ccc(O)cc1)C(=O)N1CCC[C@H]1C(=O)N[C@@H](CC(C)C)C(=O)N[C@@H](CO[C@@H]1O[C@H](CC)[C@@H](O)[C@H](O)[C@H]1O)C(=O)N[C@@H](Cc1c[nH]c2ccccc12)C(=O)NCc1cc(C(F)(F)F)cc(C(F)(F)F)c1,10.28
CC(=O)N1CCC(C(=O)N2CC[C@H](C(=O)N(C)Cc3cc(C(F)(F)F)cc(C(F)(F)F)c3)[C@@H](c3ccc(F)cc3)C2)CC1,10.28
COc1ccc(-n2nnnc2C(F)(F)F)cc1CN[C@H]1CCN(C(=O)CCNC(C)=O)C[C@H]1c1ccccc1.Cl,10.27
COC(=O)N1CC[C@H](NCc2cc(-n3nnnc3C(F)(F)F)ccc2OC)[C@H](c2ccccc2)C1,10.27
COc1ccc(-n2nnnc2C(F)(F)F)cc1CN[C@H]1CCN(C(=O)NC2CC2)C[C@H]1c1ccccc1.Cl,10.25
COc1ccc(-n2nnnc2C(F)(F)F)cc1CN[C@H]1CCN(C(=O)NCC(F)(F)F)C[C@H]1c1ccccc1.Cl,10.24
COc1ccc(-n2nnnc2C(F)(F)F)cc1CN[C@H]1CCN(C(=O)C2CN(C(C)=O)C2)C[C@H]1c1ccccc1.Cl,10.24
CSCC[C@H](NC(=O)[C@H](CC(C)C)NC(=O)CNC(=O)[C@H](Cc1ccccc1)NC(=O)[C@H](Cc1ccccc1)NC(=O)[C@H](CCC(N)=O)NC(=O)[C@H](CCC(N)=O)NC(=O)[C@@H]1CCCN1C(=O)[C@H](CCCCN)NC(=O)[C@@H]1CCCN1C(=O)[C@@H](N)CCCN=C(N)N)C(N)=O,10.24
C[C@@H](O[C@H]1CN2C(=O)C(N)C[C@H]2[C@@H]1c1ccc(F)cc1)c1cc(C(F)(F)F)cc(C(F)(F)F)c1,10.22
C[C@@H](O[C@H]1CN2C(=O)NC[C@H]2[C@@H]1c1ccc(F)cc1)c1cc(C(F)(F)F)cc(C(F)(F)F)c1,10.22
Cc1ccccc1[C@H]1[C@@H]2CN(C3=NC(=O)CO3)C[C@H]2CC[C@@H]1O[C@H](CO)c1cc(C(F)(F)F)cc(C(F)(F)F)c1,10.22
CC(C)NC(=O)N1C[C@@H](O[C@H](C)c2cc(C(F)(F)F)cc(C(F)(F)F)c2)[C@H](c2ccc(F)cc2)C1,10.22
C[C@@H](O[C@H]1CC[C@@H]2CN(C3=CC(=O)CC3)C[C@H]2[C@@H]1c1ccc(F)cc1)c1cc(C(F)(F)F)cc(C(F)(F)F)c1,10.22
C[C@@H](O[C@H]1CN2C(=O)CC[C@H]2[C@@H]1c1ccc(F)cc1)c1cc(C(F)(F)F)cc(C(F)(F)F)c1,10.22
C[C@@H](O[C@H]1CN2C(=O)CC(C)(O)[C@H]2[C@@H]1c1ccc(F)cc1)c1cc(C(F)(F)F)cc(C(F)(F)F)c1,10.22
C[C@@H](O[C@H]1CN2C(=O)C(NCc3ccn[nH]3)C[C@H]2[C@@H]1c1ccc(F)cc1)c1cc(C(F)(F)F)cc(C(F)(F)F)c1,10.22
C[C@@H](O[C@H]1CN2C(=O)[C@H]3C[C@@H](O)C[C@H]3[C@H]2[C@@H]1c1ccc(F)cc1)c1cc(C(F)(F)F)cc(C(F)(F)F)c1,10.22
C[C@@H](O[C@H]1CN2C(=O)[C@H]3C[C@@](C)(O)C[C@H]3[C@H]2[C@@H]1c1ccc(F)cc1)c1cc(C(F)(F)F)cc(C(F)(F)F)c1,10.21
COc1ccc(-c2ccoc2)cc1CN[C@H]1CCCN[C@H]1c1ccccc1,10.2
Cc1cc(F)ccc1-c1cc(C2CN(C)C(=O)C2CO)ncc1N(C)C(=O)C(C)(C)c1cc(C(F)(F)F)cc(C(F)(F)F)c1.Cl,10.2
COc1ccc(-n2nnnc2S(C)(=O)=O)cc1CN[C@H]1CCCN[C@H]1c1ccccc1.Cl.Cl,10.2
COc1ccc(-c2ccncc2)cc1CN[C@H]1CCCN[C@H]1c1ccccc1,10.2
Cc1cc(F)ccc1[C@H]1C[C@@H](N2CCN3C(=O)CC[C@H]3C2)CCN1C(=O)N(C)[C@H](C)c1cc(C(F)(F)F)cc(C(F)(F)F)c1,10.2
Cc1cc(F)ccc1[C@H]1C[C@H](N2CCN3C(=O)CC[C@H]3C2)CCN1C(=O)N(C)[C@H](C)c1cc(C(F)(F)F)cc(C(F)(F)F)c1,10.19
CCc1ccccc1[C@H]1CN(C(=O)C2CCN(C(C)=O)CC2)CC[C@@H]1C(=O)N(C)Cc1cc(C(F)(F)F)cc(C(F)(F)F)c1,10.19
C[C@@H](O[C@H]1CN2C(=O)C=C(C3COC(=O)C3)CC2[C@@H]1c1ccc(F)cc1)c1cc(C(F)(F)F)cc(C(F)(F)F)c1,10.18
CSCC[C@H](NC(=O)[C@H](Cc1ccccc1)NC(=O)CNC(=O)[C@@H](C)NC(=O)[C@@H](N)Cc1ccc(O)cc1)C(=O)NC1(C(=O)N[C@@H](CC(C)C)C(=O)N[C@@H](Cc2c[nH]c3ccccc23)C(=O)OCc2cc(C(F)(F)F)cc(C(F)(F)F)c2)CCCC1,10.18
C[C@@H](O[C@H]1CN2C(=O)[C@H]3C[C@](C)(O)C[C@H]3[C@H]2[C@@H]1c1ccc(F)cc1)c1cc(C(F)(F)F)cc(C(F)(F)F)c1,10.18
CC(=O)N1CCC(C(=O)N2C[C@H](c3noc(C(C)(C)c4cc(C(F)(F)F)cc(C(F)(F)F)c4)n3)[C@@H](c3ccc(F)cc3C)C2)CC1,10.15
CC(=O)N1CCC(C(=O)N2C[C@@H](O[C@H](C)c3cc(C(F)(F)F)cc(C(F)(F)F)c3)[C@H](c3ccc(F)cc3)C2)CC1,10.15
C[C@@H](O[C@H]1CN2C(=O)CC(O)[C@H]2[C@@H]1c1ccc(F)cc1)c1cc(C(F)(F)F)cc(C(F)(F)F)c1,10.15
O=c1[nH]nc(CN2CCO[C@H](OCc3cc(C(F)(F)F)cc(C(F)(F)F)c3)[C@@H]2c2ccc(F)cc2)[nH]1,10.15
CN(C(=O)N(C)[C@@H]1CN(C(=O)C2CCN(C(=O)C(C)(C)O)CC2)C[C@H]1c1ccc(F)cc1)c1cc(C(F)(F)F)cc(C(F)(F)F)c1,10.15
C[C@@H](O[C@H]1CN2C(=O)CC(n3cnnc3)[C@H]2[C@@H]1c1ccc(F)cc1)c1cc(C(F)(F)F)cc(C(F)(F)F)c1,10.15
CC(=O)N1CCC(C(=O)N2C[C@H](c3nc(C(C)(C)c4cc(C(F)(F)F)cc(C(F)(F)F)c4)no3)[C@@H](c3ccc(F)cc3C)C2)CC1,10.15
C[C@@H](O[C@@H]1CN(C2=CC(=O)CC2)C[C@H]1c1ccccc1)c1cc(C(F)(F)F)cc(C(F)(F)F)c1,10.15
CC(=O)N1C[C@@H](O[C@H](C)c2cc(C(F)(F)F)cc(C(F)(F)F)c2)[C@H](c2ccc(F)cc2)C1,10.15
CN(C(=O)N(C)[C@@H]1CCN(C2CCS(=O)(=O)CC2)C[C@H]1c1ccc(F)cc1)c1cc(C(F)(F)F)cc(C(F)(F)F)c1,10.14
CONC(=O)N1CC[C@H](C(=O)N(C)Cc2cc(C(F)(F)F)cc(C(F)(F)F)c2)[C@@H](c2ccc(F)cc2C)C1,10.14
Cc1nc2ccccc2c(-c2ccccc2)c1C(=O)NCc1cc(C(F)(F)F)cc(C(F)(F)F)c1,10.12
COc1ccc(-n2nnnc2C(F)(F)F)cc1CN[C@H]1CCN(S(C)(=O)=O)C[C@H]1c1ccccc1,10.12
CC(=O)N1CCC(C(=O)N2CC(c3ccc(Cl)c(Cl)c3)[C@H](N(C)C(=O)N(C)c3cc(C(F)(F)F)cc(C(F)(F)F)c3)C2)CC1,10.12
CCCC[C@H](NC(=O)[C@H](Cc1ccccc1)NC(=O)CNC(=O)[C@@H](C)NC(=O)[C@@H](N)Cc1c(C)cc(O)cc1C)C(=O)N1CCC[C@H]1C(=O)N[C@@H](CC(C)C)C(=O)N[C@@H](Cc1c[nH]c2ccccc12)C(=O)NCc1cc(C(F)(F)F)cc(C(F)(F)F)c1,10.12
CCCC[C@H](NC(=O)[C@H](Cc1ccccc1)NC(=O)CNC(=O)[C@@H](C)NC(=O)[C@@H](N)Cc1ccc(O)cc1)C(=O)N1CCC[C@H]1C(=O)N[C@@H](CO[C@@H]1O[C@H](CO)[C@@H](O)[C@H](O)[C@H]1O)C(=O)N[C@@H](Cc1c[nH]c2ccccc12)C(=O)NCc1cc(C(F)(F)F)cc(C(F)(F)F)c1,10.11
C[C@@H](O[C@H]1CN2C(=O)C(O)C[C@H]2[C@@H]1c1ccc(F)cc1)c1cc(C(F)(F)F)cc(C(F)(F)F)c1,10.1
O=C1CCC(CCN2CC(N3CCC(O)CC3)C2)(c2ccc(Cl)c(Cl)c2)CN1Cc1ccccc1,10.1
O=C(N[C@H]1CCN(C(=O)c2cc(C(F)(F)F)cc(C(F)(F)F)c2)[C@H](Cc2ccc(Cl)cc2)C1)c1ccnc2ccccc12,10.1
C[C@@H](O[C@H]1CN2C(=O)[C@H]3C[C@H](O)C[C@H]3[C@H]2[C@@H]1c1ccc(F)cc1)c1cc(C(F)(F)F)cc(C(F)(F)F)c1,10.1
Cc1cc(F)ccc1-c1cc(C2NC(=O)CC2CO)ncc1N(C)C(=O)C(C)(C)c1cc(C(F)(F)F)cc(C(F)(F)F)c1,10.1
COc1ccc(-n2nnnc2C(F)(F)F)cc1C1=CC2(CCCN[C@H]2c2ccccc2)OC1,10.1
C[C@@H](O[C@H]1OCCN(Cc2n[nH]c(=O)[nH]2)[C@H]1c1ccc(F)cc1)c1cc(C(F)(F)F)cc(C(F)(F)F)c1,10.1
COc1ccc(-n2nnnc2C2CC2)cc1CN[C@H]1CCCN[C@H]1c1ccccc1.Cl.Cl,10.1
C[C@@H](O[C@H]1CN2C(=O)CC(C)(N)[C@H]2[C@@H]1c1ccc(F)cc1)c1cc(C(F)(F)F)cc(C(F)(F)F)c1,10.1
COc1ccc(SC)cc1CN[C@H]1CCCN[C@H]1c1ccccc1,10.1
Cc1cc(F)ccc1[C@H]1C[C@@H](N(C)C)CCN1C(=O)N(C)Cc1cc(C(F)(F)F)cc(C(F)(F)F)c1,10.1
C[C@@H](O[C@H]1CN2C(=O)CC(N)[C@H]2[C@@H]1c1ccc(F)cc1)c1cc(C(F)(F)F)cc(C(F)(F)F)c1,10.1
CSCC[C@H](NC(=O)[C@H](Cc1ccccc1)NC(=O)CNC(=O)[C@@H](C)NC(=O)[C@@H](N)Cc1ccc(O)cc1)C(=O)N1CCC[C@H]1C(=O)N[C@@H](CC(C)C)C(=O)N[C@@H](Cc1c[nH]c2ccccc12)C(=O)OCc1cc(C(F)(F)F)cc(C(F)(F)F)c1,10.09
COc1ccc(-n2nnnc2C(F)(F)F)cc1CN[C@H]1CCN(C(=O)NC(C)C)C[C@H]1c1ccccc1.Cl,10.09
Cc1cc(F)ccc1[C@H]1C[C@@H](N2CCC2)CCN1C(=O)N(C)Cc1cc(C(F)(F)F)cc(C(F)(F)F)c1,10.09
COc1ccc(-n2nnnc2C(F)(F)F)cc1CN[C@H]1CCN(C(=O)CN(C)C(C)=O)C[C@H]1c1ccccc1.Cl,10.08
CCNC(=O)N1CC[C@H](NCc2cc(-n3nnnc3C(F)(F)F)ccc2OCC)[C@H](c2ccccc2)C1.Cl,10.07
c1ccc(CN[C@H]2C3CCN(CC3)[C@H]2C(c2ccccc2)c2ccccc2)cc1,10.07
C[C@@H]1NC(=O)CC[C@H](O[C@H](C)c2cc(C(F)(F)F)cc(C(F)(F)F)c2)[C@H]1c1ccc(F)cc1,10.05
CCC(=O)N1C[C@@H](O[C@H](C)c2cc(C(F)(F)F)cc(C(F)(F)F)c2)[C@H](c2ccc(F)cc2)C1,10.05
COc1ccc(OC)c(CN[C@H]2CCCN[C@H]2c2ccccc2)c1,10.05
C[C@@H](O[C@H]1CN2C(=O)[C@H]3C[C@@H](N)C[C@H]3[C@H]2[C@@H]1c1ccc(F)cc1)c1cc(C(F)(F)F)cc(C(F)(F)F)c1,10.05
CS(=O)(=O)NCC1CC2(c3ccc(F)cc3)NC1CCC2NCc1cc(OC(F)(F)F)ccc1OC1CC1,10.05
C[C@@H](O[C@H]1CN2C(=O)C3CN(C4=CC(=O)CC4)CC3[C@H]2[C@@H]1c1ccc(F)cc1)c1cc(C(F)(F)F)cc(C(F)(F)F)c1,10.05
C[C@@H](O[C@H]1CN2C(=O)C=C(C3CCOCC3)CC2[C@@H]1c1ccc(F)cc1)c1cc(C(F)(F)F)cc(C(F)(F)F)c1,10.05
C[C@@H](O[C@H]1CCCN(Cc2n[nH]c(O)n2)[C@H]1c1ccccc1)c1cc(Cl)cc(Cl)c1,10.05
CC(=O)N1C[C@@H](O[C@H](C)c2cc(C(F)(F)F)cc(C(F)(F)F)c2)[C@H](c2ccccc2)C1,10.05
CC1CC(N2C[C@@H](O[C@H](C)c3cc(C(F)(F)F)cc(C(F)(F)F)c3)[C@H](c3ccc(F)cc3)C2)=CC1=O,10.05
O=c1[nH]nc(CN2CCO[C@H](OCc3cc(C(F)(F)F)cc(C(F)(F)F)c3)[C@@H]2c2ccccc2)[nH]1,10.05
CNC(=O)N1C[C@H]2CC[C@H](O[C@H](C)c3cc(C(F)(F)F)cc(C(F)(F)F)c3)[C@@H](c3ccc(F)cc3)[C@@H]2C1,10.05
CSCC[C@H](NC(=O)[C@H](Cc1ccccc1)NC(=O)CNC(=O)[C@@H](C)NC(=O)[C@@H](N)Cc1ccc(O)cc1)C(=O)N[C@@H](Cc1c[nH]c2ccccc12)C(=O)OCc1cc(C(F)(F)F)cc(C(F)(F)F)c1,10.05
Cc1cnc(C(=O)N2C[C@H](C(=O)N(C)Cc3cc(C(F)(F)F)cc(C(F)(F)F)c3)[C@@H](c3ccc(F)cc3C)C2)cn1,10.05
C[C@H](O[C@H]1OCCN(Cc2n[nH]c(O)n2)[C@H]1c1ccccc1)c1cc(C(F)(F)F)cc(C(F)(F)F)c1,10.05
C[C@@H](O[C@H]1OCCN(Cc2n[nH]c(=O)[nH]2)[C@H]1c1ccccc1)c1cc(C(F)(F)F)cc(C(F)(F)F)c1,10.05
CC(=O)N1CCC(C(=O)N2CC[C@@H](N(C)C(=O)c3cc(C(F)(F)F)cc(C(F)(F)F)c3)[C@H](c3ccc(Cl)c(Cl)c3)C2)CC1,10.04
CCNC(=O)N1CC[C@H](NCc2cc(-n3nnnc3C(F)(F)F)cc3c2OCC3)[C@H](c2ccccc2)C1,10.03
C[C@@H](NC(=O)[C@@H](N)Cc1ccc(O)cc1)C(=O)NCC(=O)N[C@@H](Cc1ccccc1)C(=O)N1CCC[C@H]1C(=O)N[C@@H](Cc1c[nH]c2ccccc12)C(=O)OCc1cc(C(F)(F)F)cc(C(F)(F)F)c1,10.01
CC(=O)N1CCC(C(=O)N2CC[C@@H](C(=O)N(C)Cc3cc(C(F)(F)F)cc(C(F)(F)F)c3)[C@H](c3ccccc3)C2)CC1,10.01
COc1cc2c(cc1CN[C@H]1CCCN[C@H]1c1ccccc1)C(C)(C(F)(F)F)OC2,10.0
COc1cc2c(cc1CN[C@H]1CCCN[C@H]1c1ccccc1)C(C)(C(F)(F)F)CC2,10.0
COc1cc2c(cc1CN[C@H]1CCCN[C@H]1c1ccccc1)C(C(F)(F)F)OC2,10.0
CC1=C(N2C[C@H]3CC[C@H](O[C@H](C)c4cc(C(F)(F)F)cc(C(F)(F)F)c4)[C@@H](c4ccc(F)cc4)[C@@H]3C2)CCC1=O,10.0
C[C@@H](OC[C@@]1(c2ccccc2)CC[C@H](n2cn[nH]c2=O)CN1)c1cc(C(F)(F)F)cc(C(F)(F)F)c1,10.0
CCNC(=O)N1C[C@@H](O[C@H](C)c2cc(C(F)(F)F)cc(C(F)(F)F)c2)[C@H](c2ccc(F)cc2)C1,10.0
COc1cc2c(cc1CN[C@H]1CCCN[C@H]1c1ccccc1)C(C)(C(F)(F)F)CCC2,10.0
COc1cc2c(cc1CN[C@H]1CCCN[C@H]1c1ccccc1)C(C(F)(F)F)CCC2,10.0
COc1cccc(-n2nnnc2C(F)(F)F)c1[C@H]1CO[C@@]2(C1)OCCN[C@H]2c1ccc(F)cc1,10.0
C[C@@H](O[C@H]1CN2C(=O)C=C(c3cc[n+]([O-])cc3)CC2[C@@H]1c1ccc(F)cc1)c1cc(C(F)(F)F)cc(C(F)(F)F)c1,10.0
CCCC[C@@H]1NC(=O)[C@H](Cc2ccccc2)NC(=O)CNC(=O)[C@H](NC(=O)[C@@H](N)Cc2ccc(O)cc2)CSSC[C@@H](C(=O)N[C@@H](Cc2c[nH]c3ccccc23)C(=O)NCc2cc(C(F)(F)F)cc(C(F)(F)F)c2)NC(=O)[C@@H]2CCCN2C1=O,10.0
COc1ccc(C(OC)C(F)(F)F)cc1CN[C@H]1CCCN[C@H]1c1ccccc1,10.0
COc1ccc(C(C(F)(F)F)C(F)(F)F)cc1CN[C@H]1CCCN[C@H]1c1ccccc1,10.0
COc1ccc(-n2nnnc2C(F)(F)F)cc1[C@H]1COCC2(C1)OCCN[C@H]2c1ccc(F)cc1,10.0
COc1ccc(-n2nnnc2C(F)(F)F)cc1CN[C@H]1CCN(C(=O)C2CCN(C(C)=O)CC2)C[C@H]1c1ccccc1.Cl,10.0
COc1ccc(-n2nnnc2C(F)(F)F)cc1[C@H]1COCC2(C1)OCCN(Cc1n[nH]c(O)n1)[C@H]2c1ccc(F)cc1,10.0
COc1ccc(C(C)(F)C(F)(F)F)cc1CN[C@H]1CCCN[C@H]1c1ccccc1,10.0
COc1cc2c(cc1CN[C@H]1CCCN[C@H]1c1ccccc1)[C@](C)(C(F)(F)F)OCC2,10.0
C[C@@H](O[C@H]1OCCN(Cc2n[nH]c(O)n2)[C@H]1c1ccccc1)c1cc(F)cc(C(F)(F)F)c1,10.0
COc1ccc(-n2nnnc2C(F)(F)F)cc1[C@H]1COC2(CCCN(Cc3n[nH]c(O)n3)C2c2ccccc2)C1,10.0
Cc1cc(F)ccc1-c1cc(C2CC(=O)NC2(CO)CO)ncc1N(C)C(=O)C(C)(C)c1cc(C(F)(F)F)cc(C(F)(F)F)c1,10.0
CN(C[C@@H](CCN1CCC(c2ccccc2[S@+](C)[O-])CC1)c1ccc(Cl)c(Cl)c1)C(=O)c1cc(C#N)cc2ccccc12,10.0
CC(=O)N[C@H]1C[C@@](CO[C@H](C)c2cc(C(F)(F)F)cc(C(F)(F)F)c2)(c2ccccc2)C1,10.0
C/C(CN1CCN(C(=O)c2cc(C(F)(F)F)cc(C(F)(F)F)c2)[C@H](Cc2c[nH]c3ccccc23)C1)=N/OCCN1CCS(=O)(=O)CC1,10.0
FC(F)(F)Oc1ccc(OC2CC2)c(CNC2CCC3CCC2(c2ccccc2)N3)c1,10.0
OCC1CC2(c3ccccc3)NC1CCC2NCc1cc(OC(F)(F)F)ccc1OC1CC1,9.96
CC(C)C[C@H](NC(=O)CN(C)C(=O)[C@H](Cc1ccccc1)NC(=O)[C@H](Cc1ccccc1)NC(=O)[C@H](CCC(N)=O)NC(=O)[C@H](CCC(N)=O)NC(=O)[C@@H]1CCCN1C(=O)[C@H](CCCCN)NC(=O)[C@@H]1CCCN1C(=O)[C@@H](N)CCCNC(=N)N)C(=O)N[C@@H](CCS(C)(=O)=O)C(N)=O,9.96
CC(=O)N1CCC(C(=O)N2CC[C@@H](N(C)C(=O)N(C)c3cc(C(F)(F)F)cc(C(F)(F)F)c3)[C@H](c3ccc(F)cc3)C2)CC1,9.96
COc1ccc(-n2nnnc2C(F)(F)F)cc1[C@H]1COC2(CCCN(Cc3c[nH]cn3)C2c2ccccc2)C1,9.96
COc1ccc(-n2nnnc2C(F)(F)F)cc1[C@H]1COC2(CCCNC2c2ccccc2)C1,9.96
Cc1noc(C)c1C1=CC(=O)N2C[C@H](O[C@H](C)c3cc(C(F)(F)F)cc(C(F)(F)F)c3)[C@@H](c3ccc(F)cc3)C2C1,9.96
C[C@@H](O[C@H]1CN2C(=O)C=C(c3ncco3)CC2[C@@H]1c1ccc(F)cc1)c1cc(C(F)(F)F)cc(C(F)(F)F)c1,9.96
C[C@@H](O[C@H]1CN2C(=O)C=C(c3ccnc(F)c3)CC2[C@@H]1c1ccc(F)cc1)c1cc(C(F)(F)F)cc(C(F)(F)F)c1,9.96
C[C@@H](O[C@H]1CN2C(=O)C=C(C3COC(=O)C3)CC2[C@@H]1c1ccc(F)cc1)c1cc(C(F)(F)F)cc(C(F)(F)F)c1.Cl,9.96
C[C@@H](O[C@H]1CN2C(=O)[C@H]3C[C@H](N)C[C@H]3[C@H]2[C@@H]1c1ccc(F)cc1)c1cc(C(F)(F)F)cc(C(F)(F)F)c1,9.96
COc1ccc(N(C)S(C)(=O)=O)cc1CN[C@H]1CCCN[C@H]1c1ccccc1,9.96
COc1ccccc1N1CCN(C(=O)CCc2c(-c3ccc(Cl)cc3)n(C)c3ccc(C)cc23)CC1,9.96
CC1CC(=O)C=C1N1C[C@@H](O[C@H](C)c2cc(C(F)(F)F)cc(C(F)(F)F)c2)[C@H](c2ccc(F)cc2)C1,9.96
C[C@@H](O[C@@H]1CN(C2=CC(=O)CC2)C[C@H]1c1ccc(F)cc1)c1cc(C(F)(F)F)cc(C(F)(F)F)c1,9.96
CNC(=O)C(=O)N1CC[C@H](C(=O)N(C)Cc2cc(C(F)(F)F)cc(C(F)(F)F)c2)[C@@H](c2ccc(F)cc2C)C1,9.96
CC(=O)N1C[C@H]2CC[C@H](O[C@H](C)c3cc(C(F)(F)F)cc(C(F)(F)F)c3)[C@@H](c3ccc(F)cc3)[C@@H]2C1,9.96
CNC(=O)N1C[C@@H](O[C@H](C)c2cc(C(F)(F)F)cc(C(F)(F)F)c2)[C@H](c2ccc(F)cc2)C1,9.96
CC(=O)N1CCN([C@H]2CCN(C(=O)N(C)Cc3cc(C(F)(F)F)cc(C(F)(F)F)c3)[C@@H](c3ccc(F)cc3C)C2)CC1,9.93
C[C@@H](O[C@@H]1CN(C2=CC(=O)N(C)C2)C[C@H]1c1ccc(F)cc1)c1cc(C(F)(F)F)cc(C(F)(F)F)c1,9.92
Cc1cnc(C(=O)N2C[C@@H](O[C@H](C)c3cc(C(F)(F)F)cc(C(F)(F)F)c3)[C@H](c3ccc(F)cc3)C2)cn1,9.92
C[C@@H](O[C@@H]1CN(C(=O)[C@@H]2CCC(=O)N2C)C[C@H]1c1ccc(F)cc1)c1cc(C(F)(F)F)cc(C(F)(F)F)c1,9.92
C[C@@H](O[C@H]1CCC(=O)N(C)C[C@@H]1c1ccc(F)cc1)c1cc(C(F)(F)F)cc(C(F)(F)F)c1,9.92
CC(=O)N1CCC(C(=O)N2C[C@H](C(=O)N(C)Cc3cc(C(F)(F)F)cc(C(F)(F)F)c3)[C@@H](c3ccccc3)C2)CC1,9.92
Cn1c(-c2ccc(C(F)(F)F)cn2)c(CCC(=O)N2CCC(O)(Cc3ccccc3)CC2)c2cc(Cl)ccc21,9.92
Cc1ccc(-c2c(CCC(=O)N3CCC(O)(Cc4ccccc4)CC3)c3cc(Cl)ccc3n2C)cn1,9.92
CSCC[C@H](NC(=O)[C@H](Cc1ccccc1)NC(=O)CNC(=O)[C@@H](C)NC(=O)[C@@H](N)Cc1ccc(O)cc1)C(=O)NC(C)(C)C(=O)N[C@@H](CC(C)C)C(=O)N[C@@H](Cc1c[nH]c2ccccc12)C(=O)OCc1cc(C(F)(F)F)cc(C(F)(F)F)c1,9.92
C[C@@H](NC(=O)[C@@H](N)Cc1ccc(O)cc1)C(=O)NCC(=O)N[C@@H](Cc1ccccc1)C(=O)N[C@@H](Cc1c[nH]c2ccccc12)C(=O)OCc1cc(C(F)(F)F)cc(C(F)(F)F)c1,9.92
COc1ccc(-n2ncnn2)cc1CN[C@H]1CCCN[C@H]1c1ccccc1,9.9
O=C1CCC(CCN2CC(N3CCOCC3)C2)(c2ccc(Cl)c(Cl)c2)CN1C1CCCCC1,9.9
CC(=O)N1CCN([C@H]2CCN(C(=O)N(C)[C@H](C)c3cc(C(F)(F)F)cc(C(F)(F)F)c3)[C@@H](c3ccc(F)cc3C)C2)CC1,9.9
CC1=C(N2C[C@@H](O[C@H](C)c3cc(C(F)(F)F)cc(C(F)(F)F)c3)[C@H](c3ccc(F)cc3)C2)CCC1=O,9.89
C[C@@H](O[C@@H]1CN(C2=CC(=O)CC(C)(C)C2)C[C@H]1c1ccccc1)c1cc(C(F)(F)F)cc(C(F)(F)F)c1,9.89
FC(F)(F)c1cc(CO[C@H]2OCCN(Cn3cncn3)[C@H]2c2ccccc2)cc(C(F)(F)F)c1,9.89
C[C@@H](O[C@H]1CC[C@@H]2CN(C3=CC(=O)CCC3)C[C@H]2[C@@H]1c1ccc(F)cc1)c1cc(C(F)(F)F)cc(C(F)(F)F)c1,9.89
COc1ccc(OC(F)(F)F)cc1CNC1CCC2CCC1(c1ccccc1)N2,9.89
CN(C(=O)CN1CCN(C(=O)CCc2c(-c3ccc(Cl)cc3)n(C)c3ccc(Cl)cc23)CC1)c1ccccc1,9.89
COc1ccc(-n2nnnc2C(F)(F)F)cc1CN[C@H]1CCN(C(=O)N(C)C)C[C@H]1c1ccccc1.Cl,9.89
C[C@@H](O[C@H]1CN2C(=O)CC(NCc3ccn[nH]3)[C@H]2[C@@H]1c1ccc(F)cc1)c1cc(C(F)(F)F)cc(C(F)(F)F)c1,9.89
C[C@@H](O[C@H]1CN2C(=O)C(NCc3nn[nH]c3CN(C)C)C[C@H]2[C@@H]1c1ccc(F)cc1)c1cc(C(F)(F)F)cc(C(F)(F)F)c1,9.89
C[C@@H](O[C@H]1CN2C(=O)C=C(c3cnn(C)c3)CC2[C@@H]1c1ccc(F)cc1)c1cc(C(F)(F)F)cc(C(F)(F)F)c1,9.89
Cc1cc(F)ccc1[C@H]1C[C@H](N2CCN3C(=O)CC[C@@H]3C2)CCN1C(=O)N(C)[C@H](C)c1cc(C(F)(F)F)cc(C(F)(F)F)c1,9.86
C[C@@H](O[C@H]1CCC(=O)NC[C@@H]1c1ccc(F)cc1)c1cc(C(F)(F)F)cc(C(F)(F)F)c1,9.85
C[C@@H](O[C@H]1CN2C(=O)[C@@H]3C[C@@H](NCc4ccccc4)C[C@@H]3[C@H]2[C@@H]1c1ccc(F)cc1)c1cc(C(F)(F)F)cc(C(F)(F)F)c1,9.85
COc1ccc(C2CCN(CC[C@H](CN(C)C(=O)c3cc(C#N)cc4ccccc34)c3ccc(Cl)c(Cl)c3)CC2)c([S@+](C)[O-])c1,9.85
C[C@@H](O[C@H]1CN2C(=O)[C@H]3C[C@H](NCc4ccccc4)C[C@H]3[C@H]2[C@@H]1c1ccc(F)cc1)c1cc(C(F)(F)F)cc(C(F)(F)F)c1,9.85
CCOc1ccc(OC(F)(F)F)cc1CN[C@H]1CCCN[C@H]1c1ccccc1,9.85
COc1ccc(Cl)cc1CN[C@H]1CCCN[C@H]1c1ccccc1,9.85
C[C@@H](O[C@H]1CN2C(=O)C=C(c3ccncc3)CC2[C@@H]1c1ccc(F)cc1)c1cc(C(F)(F)F)cc(C(F)(F)F)c1,9.85
Cc1cc(F)ccc1[C@H]1C[C@@H](N2CCCC2)CCN1C(=O)N(C)[C@H](C)c1cc(C(F)(F)F)cc(C(F)(F)F)c1,9.85
COc1ccccc1N1CCN(C(=O)CCc2c(-c3ccc(Br)cc3)n(C)c3ccc(C)cc23)CC1,9.85
C[C@@H](O[C@H]1CN2C(=O)OC[C@@H]2[C@@H]1c1ccc(F)cc1)c1cc(C(F)(F)F)cc(C(F)(F)F)c1,9.85
C[C@@H](O[C@@H]1CN(C(=O)NC(C)(C)C)C[C@H]1c1ccc(F)cc1)c1cc(C(F)(F)F)cc(C(F)(F)F)c1,9.85
C[C@@H](O[C@H]1CC[C@@H](N(C)C[C@@H]2CCC(=O)N2C)[C@@H]1c1ccc(F)cc1)c1cc(C(F)(F)F)cc(C(F)(F)F)c1,9.85
COc1ccccc1N1CCN(C(=O)CCc2c(-c3ccc(C(F)(F)F)cc3)n(C)c3ccc(C)cc23)CC1,9.85
CC(=O)N1CCC(C(=O)N2CC[C@H](C(=O)N(C)Cc3cc(C(F)(F)F)cc(C(F)(F)F)c3)[C@@H](c3cccc(C)c3)C2)CC1,9.85
COc1ccc(OC(F)(F)F)cc1CN[C@H]1CCCN[C@H]1c1ccccc1,9.85
CC(C)C(=O)N1C[C@@H](O[C@H](C)c2cc(C(F)(F)F)cc(C(F)(F)F)c2)[C@H](c2ccc(F)cc2)C1,9.82
C[C@@H](O[C@H]1CC[C@@H]2CNC[C@H]2[C@@H]1c1ccc(F)cc1)c1cc(C(F)(F)F)cc(C(F)(F)F)c1,9.82
C[C@@H](O[C@H]1CCCN[C@H]1c1ccccc1)c1cc(C(F)(F)F)cc(C(F)(F)F)c1,9.82
Cn1c(-c2ccc(Cl)cc2)c(CCC(=O)N2CCC(O)(Cc3ccccc3)CC2)c2cc(Cl)cnc21,9.82
C[C@@H](O[C@H]1CN2C(=O)C=C(c3ccc[n+]([O-])c3)CC2[C@@H]1c1ccc(F)cc1)c1cc(C(F)(F)F)cc(C(F)(F)F)c1,9.82
C[C@@H](O[C@H]1CN2C(=O)C=C(c3cn[nH]c3)CC2[C@@H]1c1ccc(F)cc1)c1cc(C(F)(F)F)cc(C(F)(F)F)c1,9.82
Cc1noc(C2=CC(=O)N3C[C@H](O[C@H](C)c4cc(C(F)(F)F)cc(C(F)(F)F)c4)[C@@H](c4ccc(F)cc4)C3C2)n1,9.82
COc1ccccc1CN(C[C@@H](Cc1c[nH]c2ccccc12)NC(=O)CN1CCC(N2CCCCC2)CC1)C(C)=O,9.82
COc1ccc(-c2cncnc2)cc1CN[C@H]1CCCN[C@H]1c1ccccc1,9.8
Cn1c(-c2ccc(Cl)cc2)c(CCC(=O)N2CCC(O)(Cc3ccccc3)CC2)c2cc(Cl)ccc21,9.8
C/C(CN1CCN(C(=O)c2cc(C(F)(F)F)cc(C(F)(F)F)c2)[C@H](Cc2c[nH]c3ccccc23)C1)=N/OCCN,9.8
C/C(CN1CCN(C(=O)c2cc(C(F)(F)F)cc(C(F)(F)F)c2)[C@H](Cc2c[nH]c3ccccc23)C1)=N/OCCCN1CCOCC1,9.8
COc1ccc(F)cc1CN[C@H]1CCCN[C@H]1c1ccccc1,9.8
COc1ccc(-n2cncn2)cc1CN[C@H]1CCCN[C@H]1c1ccccc1,9.8
C[C@@H](O[C@H]1CCCN(Cc2nc[nH]n2)[C@H]1c1ccccc1)c1cc(C(F)(F)F)cc(C(F)(F)F)c1,9.8
C[C@@H](O[C@H]1CN2C(=O)C=C(c3cncnc3)CC2[C@@H]1c1ccc(F)cc1)c1cc(C(F)(F)F)cc(C(F)(F)F)c1,9.8
C/C(CN1CCN(C(=O)c2cc(C(F)(F)F)cc(C(F)(F)F)c2)[C@H](Cc2c[nH]c3ccccc23)C1)=N/OCCN1CCOCC1,9.8
C[C@@H](O[C@H]1CN2C(=O)C=C(N3CCC(O)CC3)CC2[C@@H]1c1ccc(F)cc1)c1cc(C(F)(F)F)cc(C(F)(F)F)c1,9.8
C[C@@H](O[C@H]1CCCN(Cc2n[nH]c(O)n2)[C@H]1c1ccccc1)c1cc(C(F)(F)F)cc(C(F)(F)F)c1,9.8
CCC(=O)N(c1ccccc1)C1CCN(C(=O)CCc2c(-c3ccc(Cl)cc3)n(C)c3ccc(Cl)cc23)CC1,9.8
C[C@@H](O[C@@H]1CN(C(=O)N2CCOCC2)C[C@H]1c1ccccc1)c1cc(C(F)(F)F)cc(C(F)(F)F)c1,9.8
C[C@@H](O[C@H]1CC[C@@H](N(C)Cc2nc[nH]n2)[C@@H]1c1ccc(F)cc1)c1cc(C(F)(F)F)cc(C(F)(F)F)c1,9.8
CCN(Cc1nc[nH]n1)[C@@H]1CC[C@H](O[C@H](C)c2cc(C(F)(F)F)cc(C(F)(F)F)c2)[C@H]1c1ccc(F)cc1,9.8
CC[C@]1(O)C[C@H]2[C@H]3[C@H](c4ccc(F)cc4)[C@@H](O[C@H](C)c4cc(C(F)(F)F)cc(C(F)(F)F)c4)CN3C(=O)[C@H]2C1,9.8
C[C@@H](O[C@@H]1CN(C2=CC(=O)OC2)C[C@H]1c1ccc(F)cc1)c1cc(C(F)(F)F)cc(C(F)(F)F)c1,9.8
COc1ccc(OC(F)(F)F)cc1CN[C@H]1CCN(C(C)=O)C[C@H]1c1ccccc1.Cl,9.8
Cc1cc(F)ccc1-c1cc(C2CC(=O)NC2CO)ncc1N(C)C(=O)C(C)(C)c1cc(C(F)(F)F)cc(C(F)(F)F)c1,9.79997073344623
Cc1cc(F)ccc1-c1cc(C2CNC(=O)C2)ncc1N(C)C(=O)C(C)(C)c1cc(C(F)(F)F)cc(C(F)(F)F)c1,9.79997073344623
COc1c(C#N)cc2ccccc2c1C(=O)N(C)C[C@@H](CCN1CCC(c2ccccc2[S@+](C)[O-])CC1)c1ccc(Cl)c(Cl)c1,9.77
CCNC(=O)N1CC[C@H](NCc2cc(OC(F)(F)F)ccc2OC)[C@H](c2ccccc2)C1,9.77
COc1ccccc1CN[C@H]1CCCN[C@H]1c1ccccc1,9.77
C[C@@H](O[C@H]1CN2C(=O)[C@H]3C[C@@H](NCc4ccccc4)C[C@H]3[C@H]2[C@@H]1c1ccc(F)cc1)c1cc(C(F)(F)F)cc(C(F)(F)F)c1,9.77
Cc1cc(F)ccc1[C@H]1C[C@@H](NC2CCC2)CCN1C(=O)N(C)[C@H](C)c1cc(C(F)(F)F)cc(C(F)(F)F)c1,9.77
CC(=O)N1CCC(C(=O)N2CCC(C(=O)N(C)Cc3cc(C(F)(F)F)cc(C(F)(F)F)c3)=C(c3ccccc3)C2)CC1,9.77
O=C(CCCN1CCOCC1)N[C@@H](Cc1c[nH]c2ccccc12)C(=O)CCc1cc(C(F)(F)F)cc(C(F)(F)F)c1,9.77
COCCN(CC(N)=O)[C@@H]1CC[C@H](O[C@H](C)c2cc(C(F)(F)F)cc(C(F)(F)F)c2)[C@H]1c1ccc(F)cc1,9.77
COc1ccccc1CNC1CCCN[C@H]1c1ccccc1,9.77
CC(=O)N1CCC(C(=O)N2C[C@@H](c3nc(C(C)(C)c4cc(C(F)(F)F)cc(C(F)(F)F)c4)no3)[C@H](c3ccc(F)cc3C)C2)CC1,9.77
COc1ccccc1CO[C@H]1C2CCN(CC2)[C@H]1c1ccccc1,9.77
Cc1cc(F)ccc1[C@H]1C[C@@H](N2CCC2)CCN1C(=O)N(C)[C@H](C)c1cc(C(F)(F)F)cc(C(F)(F)F)c1,9.75
CC(=O)N1CCC(C(=O)N2CC[C@H](C(=O)N(C)Cc3cc(C(F)(F)F)cc(C(F)(F)F)c3)[C@@H](c3ccc(C)cc3)C2)CC1,9.74
C[C@@H](O[C@@H]1CN(C2=CC(=O)C(C)(C)CC2)C[C@H]1c1ccccc1)c1cc(C(F)(F)F)cc(C(F)(F)F)c1,9.74
C[C@@H](O[C@H]1CN2C(=O)C=C(c3cccnc3)CC2[C@@H]1c1ccc(F)cc1)c1cc(C(F)(F)F)cc(C(F)(F)F)c1,9.74
CC(C)C[C@H](NC(=O)[C@@H]1CCCN1C(=O)[C@H]1NC(=O)[C@H](Cc2ccccc2)NC(=O)CNC(=O)[C@@H](NC(=O)[C@@H](N)Cc2ccc(O)cc2)C(C)(C)SSC1(C)C)C(=O)N[C@@H](Cc1c[nH]c2ccccc12)C(=O)NCc1cc(C(F)(F)F)cc(C(F)(F)F)c1,9.74
C[C@@H](O[C@H]1CN2C(=O)C=C(C3=CCC(O)CC3)CC2[C@@H]1c1ccc(F)cc1)c1cc(C(F)(F)F)cc(C(F)(F)F)c1,9.74
CC(=O)N(Cc1ccccc1Cl)CC(Cc1c[nH]c2ccccc12)NC(=O)CN1CCC(N2CCCCC2)CC1,9.74
C[C@@H](O[C@H]1CN2C(=O)C=C(C3=CCN(C(C)(C)C)CC3)CC2[C@@H]1c1ccc(F)cc1)c1cc(C(F)(F)F)cc(C(F)(F)F)c1,9.74
COc1ccccc1CN(C[C@@H](Cc1c[nH]c2ccccc12)NC(=O)CN1CCN(C2CCCCC2)CC1)C(C)=O,9.74
C[C@@H](O[C@@H]1CN(C(=O)C(C)(C)C)C[C@H]1c1ccccc1)c1cc(C(F)(F)F)cc(C(F)(F)F)c1,9.74
FC(F)(F)c1cc(CO[C@H]2CCCN(Cc3nc[nH]n3)[C@H]2c2ccccc2)cc(C(F)(F)F)c1,9.74
CCn1c(/C=C/C=C2\N(C)c3ccccc3C2(C)C)[n+](CC)c2nc3ccccc3nc21.[Cl-],9.74
CC(C)Oc1ccc(OC(F)(F)F)cc1CN[C@H]1CCCN[C@H]1c1ccccc1,9.74
C[C@@H](O[C@H]1CN2C(=O)C=C(C3=CCOCC3)CC2[C@@H]1c1ccc(F)cc1)c1cc(C(F)(F)F)cc(C(F)(F)F)c1,9.74
CNC(=O)CN(C)[C@@H]1CC[C@H](O[C@H](C)c2cc(C(F)(F)F)cc(C(F)(F)F)c2)[C@H]1c1ccc(F)cc1,9.72
C[C@@H](OC[C@@]1(c2ccccc2)CC[C@@H](C(N)=O)CN1)c1cc(C(F)(F)F)cc(C(F)(F)F)c1,9.72
C[C@@H](O[C@H]1CCc2nnc(O)n2C[C@@H]1c1ccc(F)cc1)c1cc(C(F)(F)F)cc(C(F)(F)F)c1,9.72
CC(=O)c1ccc2c(c1)c(CCC(=O)N1CCC(O)(Cc3ccccc3)CC1)c(-c1ccc(Cl)cc1)n2C,9.72
C[C@@H](O[C@H]1CC[C@@H](N(C)CC(N)=O)[C@@H]1c1ccc(F)cc1)c1cc(C(F)(F)F)cc(C(F)(F)F)c1,9.72
C[C@@H](OC1OCCN(Cc2n[nH]nc2CN2CCC2)[C@H]1c1ccc(F)cc1)c1cc(C(F)(F)F)cc(C(F)(F)F)c1,9.72
C[C@@H](OC1OCCN(Cc2n[nH]nc2CN(C)C)[C@H]1c1ccc(F)cc1)c1cc(C(F)(F)F)cc(C(F)(F)F)c1.Cl,9.72
CC(C)C[C@H](NC(=O)[C@@H]1CCCN1C(=O)[C@H](CC[S+](C)[O-])NC(=O)[C@H](Cc1ccccc1)NC(=O)CNC(=O)[C@@H](C)NC(=O)[C@@H](N)Cc1ccc(O)cc1)C(=O)N[C@@H](Cc1c[nH]c2ccccc12)C(=O)OCc1cc(C(F)(F)F)cc(C(F)(F)F)c1,9.7
Cc1cc(F)ccc1[C@H]1CN(C(=O)C(N)=O)CC[C@@H]1C(=O)N(C)[C@H](C)c1cc(C(F)(F)F)cc(C(F)(F)F)c1,9.7
COc1ccccc1N1CCN(C(=O)CCc2c(-c3ccc(C(C)C)cc3)[nH]c3ccc(C)cc23)CC1,9.7
COc1ccc(-n2nnnc2C(F)(F)F)cc1CN[C@@H]1CCN(C(=O)CNC(C)=O)C[C@H]1c1ccccc1.Cl,9.7
C/C(CCN1CCN(C(=O)c2cc(C(F)(F)F)cc(C(F)(F)F)c2)[C@H](Cc2c[nH]c3ccccc23)C1)=N/OCCCN1CCOCC1,9.7
FC(F)(F)c1cc(CO[C@H]2C3CCN(CC3)[C@H]2C(c2ccccc2)c2ccccc2)cc(C(F)(F)F)c1,9.7
C[C@@H](OC[C@@]1(c2ccccc2)C[C@H](N2CCCCC2=O)C(=O)N1)c1cc(C(F)(F)F)cc(C(F)(F)F)c1,9.7
C[C@@H](NC(=O)[C@@H](N)Cc1ccc(O)cc1)C(=O)NCC(=O)N[C@@H](Cc1ccc(F)cc1)C(=O)OCc1cc(C(F)(F)F)cc(C(F)(F)F)c1,9.7
Cc1cc(F)ccc1[C@H]1C[C@@H](N2CCN3C(=O)CC[C@@H]3C2)CCN1C(=O)N(C)[C@H](C)c1cc(C(F)(F)F)cc(C(F)(F)F)c1,9.7
COc1ccc(-c2nnnn2C)cc1CN[C@H]1CCCN[C@H]1c1ccccc1,9.7
C[C@@H](O[C@H]1CC[C@@H](N(C)C[C@@H]2CCC(=O)N2)[C@@H]1c1ccc(F)cc1)c1cc(C(F)(F)F)cc(C(F)(F)F)c1,9.7
C[C@@H](OC[C@@]1(c2ccccc2)CC[C@@]2(CN1)COC(=O)N2)c1cc(C(F)(F)F)cc(C(F)(F)F)c1,9.7
FC(F)(F)c1cc(CO[C@H]2C3CCN(CC3)[C@H]2c2ccccc2)cc(C(F)(F)F)c1,9.7
COc1ccccc1CN[C@H]1C2CCN(CC2)[C@H]1C(c1ccccc1)c1ccccc1,9.7
FC(F)(F)c1cc(CO[C@H]2C3CCN(CC3)[C@@H]2C(c2ccccc2)c2ccccc2)cc(C(F)(F)F)c1,9.7
C[C@@H](OC[C@@]1(c2ccccc2)C[C@@H](N2CCCCC2=O)C(=O)N1)c1cc(C(F)(F)F)cc(C(F)(F)F)c1,9.7
COc1ccccc1CN[C@@H]1CCCN[C@@H]1c1ccccc1,9.7
COc1ccc(C(C)(C)C(F)(F)F)cc1CN[C@H]1CCCN[C@H]1c1ccccc1,9.7
C[C@@H](OC[C@@]1(c2ccccc2)C[C@H](N2CCCC2=O)C(=O)N1)c1cc(C(F)(F)F)cc(C(F)(F)F)c1,9.7
CN[C@H]1CCN(C(=O)N(C)Cc2cc(C(F)(F)F)cc(C(F)(F)F)c2)[C@@H](c2ccc(F)cc2C)C1,9.7
CN1CCC(COCc2cc(-c3ccc(C#N)cc3)cc(C(F)(F)F)c2)(c2ccccc2)CC1,9.7
Cc1cc(F)ccc1[C@H]1C[C@H](N2CCCC2)CCN1C(=O)N(C)[C@H](C)c1cc(C(F)(F)F)cc(C(F)(F)F)c1,9.7
C[C@@H](O[C@H]1OCCN(Cc2nn[nH]c2CN2CCCC2)[C@H]1c1ccc(F)cc1)c1cc(C(F)(F)F)cc(C(F)(F)F)c1,9.68
CN(Cc1cc(C(F)(F)F)cc(C(F)(F)F)c1)C(=O)c1c(-c2ccc(F)cc2)c2cccnc2c(=O)n1C,9.68
CC(=O)N1CCC(C(=O)N2CC[C@H](C(=O)N(C)Cc3cc(C(F)(F)F)cc(C(F)(F)F)c3)[C@@H](c3ccccc3C(C)C)C2)CC1,9.68
CCCC[C@H](NC(=O)[C@H](Cc1ccccc1)NC(=O)CNC(=O)[C@@H](C)NC(=O)[C@@H](N)Cc1c(C)cc(O)cc1C)C(=O)N1CCC[C@H]1C(=O)N[C@@H](CC(C)C)C(=O)N[C@@H](Cc1c[nH]c2ccccc12)C(=O)N(C)Cc1cc(C(F)(F)F)cc(C(F)(F)F)c1,9.68
COCCN[C@H]1CCN(C(=O)N(C)[C@H](C)c2cc(C(F)(F)F)cc(C(F)(F)F)c2)[C@@H](c2ccc(F)cc2C)C1,9.68
CC[C@@]1(O)C[C@H]2[C@H]3[C@H](c4ccc(F)cc4)[C@@H](O[C@H](C)c4cc(C(F)(F)F)cc(C(F)(F)F)c4)CN3C(=O)[C@H]2C1,9.68
C[C@@H](OC[C@@]1(c2ccccc2)CC[C@H](C(N)=O)CN1)c1cc(C(F)(F)F)cc(C(F)(F)F)c1,9.66
C[C@@H](O[C@H]1CCn2c(O)nnc2C[C@@H]1c1ccc(F)cc1)c1cc(C(F)(F)F)cc(C(F)(F)F)c1,9.66
Cn1c(-c2ccc(Cl)cc2)c(CCC(=O)N2CCC(O)(Cc3ccccc3)CC2)c2cc(Cl)ncc21,9.66
C[C@@H](O[C@@H]1CN(C2=CC(=O)C(O)C2)C[C@H]1c1ccc(F)cc1)c1cc(C(F)(F)F)cc(C(F)(F)F)c1,9.66
CN(C)Cc1nc2ccccc2c(-c2ccccc2)c1C(=O)NCc1cc(C(F)(F)F)cc(C(F)(F)F)c1,9.66
Cn1c(-c2ccc(Cl)cc2)c(CCC(=O)N2CCC(O)(Cc3ccccc3)CC2)c2cc(Br)ccc21,9.66
CC(C(=O)NC1(c2ccccc2)CCC(N2CCC3(CCCO3)CC2)CC1)c1cc(C(F)(F)F)cc(C(F)(F)F)c1,9.66
COc1ccc(OC(F)(F)F)cc1CN[C@H]1[C@@H]2COC[C@@H]2N[C@H]1c1ccccc1,9.66
COc1ccccc1CN(CC(Cc1c[nH]c2ccccc12)NC(=O)CN1CCC(N2CCCCC2)CC1)C(C)=O,9.64
C[C@@H](OC[C@@]1(c2ccccc2)CC[C@H](NC(=O)C2CC2)CN1)c1cc(C(F)(F)F)cc(C(F)(F)F)c1,9.64
C[C@@H]1C[C@H](O[C@H](C)c2cc(C(F)(F)F)cc(C(F)(F)F)c2)[C@@H](c2ccc(F)cc2)CNC1=O,9.64
C[C@@H](O[C@H]1CC[C@@H](N(C)Cc2n[nH]c(O)n2)[C@@H]1c1ccc(F)cc1)c1cc(C(F)(F)F)cc(C(F)(F)F)c1,9.64
O=S(=O)(NCC1CC2(c3ccc(F)cc3)NC1CCC2NCc1cc(OC(F)(F)F)ccc1OC1CC1)c1ccccc1,9.62
CCN(CC(N)=O)[C@@H]1CC[C@H](O[C@H](C)c2cc(C(F)(F)F)cc(C(F)(F)F)c2)[C@H]1c1ccc(F)cc1,9.62
C[C@@H](O[C@@H]1CN(C=O)C[C@H]1c1ccc(F)cc1)c1cc(C(F)(F)F)cc(C(F)(F)F)c1,9.62
Cc1ccc(-c2c(C(=O)N(C)Cc3cc(C(F)(F)F)cc(C(F)(F)F)c3)n(C)c(=O)c3ncccc23)cc1,9.62
O=C(CN1CCCC1)N1CCC(COCc2cc(C(F)(F)F)cc(C(F)(F)F)c2)(c2ccccc2)CC1,9.62
Cc1cc(F)ccc1[C@H]1C[C@@H](N(C)C)CCN1C(=O)N(C)[C@H](C)c1cc(C(F)(F)F)cc(C(F)(F)F)c1,9.62
CN[C@@H]1CC[C@H](O[C@H](C)c2cc(C(F)(F)F)cc(C(F)(F)F)c2)[C@H]1c1ccc(F)cc1,9.6
COc1ccc(-n2nnnc2NC(C)=O)cc1CN[C@H]1CCCN[C@H]1c1ccccc1.Cl.Cl,9.6
CN(Cc1cc(C(F)(F)F)cc(C(F)(F)F)c1)C(=O)c1c(-c2ccccc2)c2cccnc2c(=O)n1C,9.6
Cc1cc(F)ccc1-c1cc(C2CNC(=O)C2CO)ncc1N(C)C(=O)C(C)(C)c1cc(C(F)(F)F)cc(C(F)(F)F)c1,9.6
C[C@@H](O[C@H]1OCCN(Cc2nn[nH]c2CN)[C@H]1c1ccc(F)cc1)c1cc(C(F)(F)F)cc(C(F)(F)F)c1,9.6
CCN[C@@H]1CC[C@H](O[C@H](C)c2cc(C(F)(F)F)cc(C(F)(F)F)c2)[C@H]1c1ccc(F)cc1,9.6
CCCC[C@@H]1NC(=O)[C@H](Cc2ccccc2)NC(=O)CNC(=O)[C@H](NC(=O)[C@@H](N)Cc2ccc(O)cc2)CSSC[C@H](C(=O)N[C@@H](Cc2c[nH]c3ccccc23)C(=O)NCc2cc(C(F)(F)F)cc(C(F)(F)F)c2)NC(=O)[C@@H]2CCCN2C1=O,9.6
COCCN[C@@H]1CC[C@H](O[C@H](C)c2cc(C(F)(F)F)cc(C(F)(F)F)c2)[C@H]1c1ccc(F)cc1,9.6
C[C@@H](O[C@H]1CC[C@@H](N(C)C[C@H]2CCC(=O)N2)[C@@H]1c1ccc(F)cc1)c1cc(C(F)(F)F)cc(C(F)(F)F)c1,9.6
COc1ccc(NS(C)(=O)=O)cc1CN1CCC(=O)C(C(c2ccccc2)c2ccccc2)C1,9.59
CC(C(=O)N[C@]1(c2ccccc2)CC[C@H](N2CCC(C3CCOC3(C)C)CC2)CC1)c1cc(C(F)(F)F)cc(C(F)(F)F)c1,9.59
C[C@@H](OC[C@@]1(c2ccccc2)CC[C@H](N2CCCC2=O)CN1)c1cc(C(F)(F)F)cc(C(F)(F)F)c1,9.59
CNC(=O)[C@H]1CC[C@@](CO[C@H](C)c2cc(C(F)(F)F)cc(C(F)(F)F)c2)(c2ccccc2)NC1,9.59
Cc1cc(C)cc(COC2C3CCN(CC3)C2C(c2ccccc2)c2ccccc2)c1,9.59
C[C@@H](O[C@H]1CC[C@@H]2CN(C)C[C@H]2[C@@H]1c1ccc(F)cc1)c1cc(C(F)(F)F)cc(C(F)(F)F)c1,9.59
CNC(=O)C1(N2CCCCC2=O)CCN(CC[C@H](CN(C)C(=O)c2c(OC)c(C#N)cc3ccccc23)c2ccc(Cl)c(Cl)c2)CC1,9.57
C=Cc1ccc2c(c1)c(CCC(=O)N1CCC(O)(Cc3ccccc3)CC1)c(-c1ccc(Cl)cc1)n2C,9.57
C[C@@H](O[C@H]1OCCN(Cc2n[nH]c(O)n2)[C@H]1c1ccccc1)c1cccc(C(F)(F)F)c1,9.57
C[C@@H](O[C@H]1CN2C(=O)C=C(c3cc[nH]c(=O)c3)CC2[C@@H]1c1ccc(F)cc1)c1cc(C(F)(F)F)cc(C(F)(F)F)c1,9.57
C[C@@H](O[C@H]1CC[C@@H](N(C)C(=O)Cc2c[nH]cn2)[C@@H]1c1ccc(F)cc1)c1cc(C(F)(F)F)cc(C(F)(F)F)c1,9.57
C[C@@H](O[C@H]1CN2C(=O)OC[C@@H]2[C@@H]1c1ccccc1)c1cc(C(F)(F)F)cc(C(F)(F)F)c1,9.57
O=C(NS(=O)(=O)c1ccccc1)C1CC2(c3ccc(F)cc3)NC1CCC2NCc1cc(OC(F)(F)F)ccc1OC1CC1,9.57
Cc1cc(F)ccc1[C@H]1C[C@@H](N2CCCC2)CCN1C(=O)N(C)Cc1cc(C(F)(F)F)cc(C(F)(F)F)c1,9.56
C[C@@H](O[C@H]1CN(C(=O)OC(C)(C)C)[C@@H](CO)[C@@H]1c1ccc(F)cc1)c1cc(C(F)(F)F)cc(C(F)(F)F)c1,9.55
COc1ccccc1N1CCN(C(=O)CCc2c(-c3ccc(Cl)cc3)n(C)c3ccc(Cl)cc23)CC1,9.55
Cc1ccc(-c2c3n(c(=O)c4ncccc24)C[C@@H](C)CN(Cc2cc(C(F)(F)F)cc(C(F)(F)F)c2)C3=O)cc1,9.55
C[C@@H](O[C@H]1CCc2nccn2C[C@@H]1c1ccc(F)cc1)c1cc(C(F)(F)F)cc(C(F)(F)F)c1,9.55
C[C@@H](O[C@H]1CC[C@@H](N(C)CC(=O)N(C)CCO)[C@@H]1c1ccc(F)cc1)c1cc(C(F)(F)F)cc(C(F)(F)F)c1,9.55
C[C@@H](OC[C@@]1(c2ccccc2)CC[C@H](NC2=NCCO2)CN1)c1cc(C(F)(F)F)cc(C(F)(F)F)c1,9.55
CCC(=O)N[C@H]1CC[C@@](CO[C@H](C)c2cc(C(F)(F)F)cc(C(F)(F)F)c2)(c2ccccc2)NC1,9.54
CNCc1n[nH]nc1CN1CCOC(O[C@H](C)c2cc(C(F)(F)F)cc(C(F)(F)F)c2)[C@@H]1c1ccc(F)cc1,9.54
O=C(NC(CO)c1cc(C(F)(F)F)cc(C(F)(F)F)c1)[C@]1(c2ccccc2)CC[C@@H](N2CCC(c3ccc(F)cc3)CC2)CC1,9.54
COC(=O)c1ccccc1NC(=O)N1CCC[C@H]1C(=O)N[C@@H](Cc1ccc2ccccc2c1)C(=O)N(C)Cc1ccccc1,9.52
CCC(=O)N[C@@H]1C[C@@](CO[C@H](C)c2cc(C(F)(F)F)cc(C(F)(F)F)c2)(c2ccccc2)NC1=O,9.52
CN(C)C(=O)CN1CCC[C@H](OCc2cc(C(F)(F)F)cc(C(F)(F)F)c2)[C@@H]1c1ccccc1,9.52
CC(C(=O)N[C@]1(c2ccccc2)CC[C@@H](N2CCC3(CC2)OCCO3)CC1)c1cc(C(F)(F)F)cc(C(F)(F)F)c1,9.52
C[C@@H](OC[C@]1(c2ccccc2)C[C@H](N2CCCC2=O)C1)c1cc(C(F)(F)F)cc(C(F)(F)F)c1,9.52
COc1ccc(OC(F)(F)F)cc1[C@H]1COC2(CCCN[C@H]2c2ccccc2)C1,9.52
O=C(CCCN1CCCC1)N[C@@H](Cc1c[nH]c2ccccc12)C(=O)CCc1cc(C(F)(F)F)cc(C(F)(F)F)c1,9.52
C[C@@H](OCC1(c2ccccc2)CC(NCc2ccccc2)C1)c1cc(C(F)(F)F)cc(C(F)(F)F)c1,9.52
COc1cc(C(=O)N2CC[C@](CCN3CCC(C(N)=O)(c4ccccc4)CC3)(c3ccc(Cl)c(Cl)c3)C2)cc(OC)c1OC,9.52
C[C@@H](OC[C@@]1(c2ccccc2)CCCCN1)c1cc(C(F)(F)F)cc(C(F)(F)F)c1,9.52
COCCNC(=O)CN(C)[C@@H]1CC[C@H](O[C@H](C)c2cc(C(F)(F)F)cc(C(F)(F)F)c2)[C@H]1c1ccc(F)cc1,9.52
CC(=O)N1C[C@H](O[C@H](C)c2cc(C(F)(F)F)cc(C(F)(F)F)c2)[C@@H](c2ccc(F)cc2)[C@@H]1CO,9.52
N=C(N)NCCC[C@H](N)C(=O)N1CCC[C@H]1C(=O)N[C@@H](CCCCN)C(=O)N1CCC[C@H]1C(=O)N[C@@H](CCC(N)=O)C(=O)N[C@@H](CCC(N)=O)C(=O)N[C@@H](Cc1ccccc1)C(N)=O,9.52
CO/N=C(\CN(C)C(=O)c1cc(Cl)cc(Cl)c1)[C@H](CCN1CCC(N2CCCN(CC(N)=O)C2=O)CC1)c1ccc(Cl)c(Cl)c1,9.52
CC(=O)N[C@H]1C[C@@](CO[C@H](C)c2cc(C(F)(F)F)cc(C(F)(F)F)c2)(c2ccccc2)NC1=O,9.52
CCC(=O)N[C@H]1C[C@@](CO[C@H](C)c2cc(C(F)(F)F)cc(C(F)(F)F)c2)(c2ccccc2)NC1=O,9.52
Cn1c(-c2ccc(Cl)cc2)c(CCC(=O)N2CCN(Cc3ccccc3)CC2)c2cc(Cl)ccc21,9.52
Cc1cc(F)ccc1-c1cc(N2CCN(S(C)(=O)=O)[C@@H](C)C2)ncc1N(C)C(=O)C(C)(C)c1cc(C(F)(F)F)cc(C(F)(F)F)c1,9.52
CC(=O)N1CCN(C(=O)N2C[C@@H](O[C@H](C)c3cc(C(F)(F)F)cc(C(F)(F)F)c3)[C@H](c3ccc(F)cc3)C2)CC1,9.52
C[C@@H](O[C@H]1CN2C(=O)C3CNCC3[C@H]2[C@@H]1c1ccc(F)cc1)c1cc(C(F)(F)F)cc(C(F)(F)F)c1,9.51
COC(=O)N1CC[C@H](NCc2cc(OC(F)(F)F)ccc2OC)[C@H](c2ccccc2)C1.Cl,9.51
CN(CC(CCN1CCC(O)(c2ccccc2)CC1)c1ccc(Cl)c(Cl)c1)C(=O)c1ccccc1,9.5
CNCCO/N=C(/C)CN1CCN(C(=O)c2cc(C(F)(F)F)cc(C(F)(F)F)c2)[C@H](Cc2c[nH]c3ccccc23)C1,9.5
O=C(Cn1ccnc1)N1CCC(COCc2cc(C(F)(F)F)cc(C(F)(F)F)c2)(c2ccccc2)CC1,9.49
Cc1cc(I)cc(COC2C3CCN(CC3)C2C(c2ccccc2)c2ccccc2)c1,9.49
Cc1cc(F)ccc1[C@H]1C[C@@H](NC2CC2)CCN1C(=O)N(C)[C@H](C)c1cc(C(F)(F)F)cc(C(F)(F)F)c1,9.49
COc1ccccc1N1CCN(C(=O)CCc2c(-c3ccc(C(C)C)cc3)n(C)c3ccc(C)cc23)CC1,9.48
C[C@@H](O[C@@H]1[C@@H](c2ccc(F)cc2)CN2C(=O)OC[C@@H]12)c1cc(C(F)(F)F)cc(C(F)(F)F)c1,9.48
COc1ccccc1CN[C@H]1C2CCN(CC2)[C@@H]1C(c1ccccc1)c1ccccc1,9.48
CC(C(=O)NC1(c2ccccc2)CCC(N2CCC(O)(Cc3ccccc3)CC2)CC1)c1cc(C(F)(F)F)cc(C(F)(F)F)c1,9.48
C[C@@H](OC[C@@]1(c2ccccc2)CC[C@H](Nc2ncccn2)CN1)c1cc(C(F)(F)F)cc(C(F)(F)F)c1,9.48
CC1(c2cc(C(F)(F)F)cc(C(F)(F)F)c2)CCN([C@]2(c3ccccc3)CC[C@@H](N3CCC4(CCOC4)CC3)CC2)C1=O,9.48
C[C@@H](O[C@H]1CCC(=O)N(C)[C@@H](C)[C@@H]1c1ccc(F)cc1)c1cc(C(F)(F)F)cc(C(F)(F)F)c1,9.48
CC(C(=O)NC1(c2ccccc2)CCC(N2CCC3(CCOC3)CC2)CC1)c1cc(C(F)(F)F)cc(C(F)(F)F)c1,9.47
O=C(NCc1cc(C(F)(F)F)cc(C(F)(F)F)c1)[C@]1(c2ccccc2)CC[C@H](N2CCC(c3ccc(F)cc3)CC2)CC1,9.47
O=C(NCc1cc(C(F)(F)F)cc(C(F)(F)F)c1)[C@]1(c2ccccc2)CC[C@@H](N2CCC(c3ccc(F)cc3)CC2)CC1,9.47
CC(C)CCN1CCN(C(=O)CCc2c(-c3ccc(Cl)cc3)n(C)c3ccc(Cl)cc23)CC1,9.47
COc1ccc(OC(F)(F)F)cc1CN1CCC(=O)C(C(c2ccccc2)c2ccccc2)C1.Cl,9.47
C[C@@H](OC[C@@]1(c2ccccc2)CC[C@H](C(=O)NC2CC2)CN1)c1cc(C(F)(F)F)cc(C(F)(F)F)c1,9.47
COc1ccccc1CN(CC(Cc1c[nH]c2ccccc12)NC(=O)CN1CCN(C2CCCCC2)CC1)C(C)=O,9.47
CC(C(=O)N[C@]1(c2ccccc2)CC[C@@H](N2CCC3(CCOC3)CC2)CC1)c1cc(C(F)(F)F)cc(C(F)(F)F)c1,9.47
COc1cc2c(cc1CN[C@H]1CCCN[C@H]1c1ccccc1)[C@@](C)(C(F)(F)F)OCC2,9.47
C[C@@H](O[C@H]1CC[C@@H](NC[C@@H]2CCC(=O)N2)[C@@H]1c1ccc(F)cc1)c1cc(C(F)(F)F)cc(C(F)(F)F)c1,9.47
C[C@@H](O[C@@H]1CN(C(=O)[C@@H]2COC(=O)N2)C[C@H]1c1ccc(F)cc1)c1cc(C(F)(F)F)cc(C(F)(F)F)c1,9.47
CCCCC(NC(=O)[C@H](Cc1ccccc1)NC(=O)CNC(=O)[C@@H](C)NC(=O)[C@@H](N)Cc1ccc(O)cc1)C(=O)N[C@@H](Cc1c[nH]c2ccccc12)C(=O)OCc1cc(C(F)(F)F)cc(C(F)(F)F)c1,9.47
CC(C)N(Cc1[nH]nnc1CN1CCO[C@H](O[C@H](C)c2cc(C(F)(F)F)cc(C(F)(F)F)c2)[C@@H]1c1ccc(F)cc1)C(C)C,9.46
Cn1c(-c2ccc(Cl)cc2)c(CCC(=O)N2CCN(C3CCCCC3)CC2)c2cc(Cl)ccc21,9.46
CC(NC(=O)[C@]1(c2ccccc2)CC[C@@H](N2CCC(c3ccc(F)cc3)CC2)CC1)c1cc(C(F)(F)F)cc(C(F)(F)F)c1,9.46
COc1ccc(OC(F)(F)F)cc1C1=CC2(CCCNC2c2ccccc2)OC1,9.46
CC(=O)N[C@@H]1CC[C@@](CO[C@H](C)c2cc(C(F)(F)F)cc(C(F)(F)F)c2)(c2ccccc2)NC1,9.46
CC(C(=O)NC1(c2ccccc2)CCC(N2CCC3(CC2)CCC(C)(C)O3)CC1)c1cc(C(F)(F)F)cc(C(F)(F)F)c1,9.46
COc1ccccc1CN1CCN2CCC[C@H]1[C@@H]2c1ccccc1,9.44
O=C(CCC1CCNCC1)N[C@@H](Cc1c[nH]c2ccccc12)C(=O)CCc1cc(C(F)(F)F)cc(C(F)(F)F)c1,9.43
CCNC(=O)[C@H]1CC[C@@](CO[C@H](C)c2cc(C(F)(F)F)cc(C(F)(F)F)c2)(c2ccccc2)NC1,9.43
Cc1ccc(-c2c3n(c(=O)c4ncccc24)CCCCN(Cc2cc(C(F)(F)F)cc(C(F)(F)F)c2)C3=O)cc1,9.42
C[C@@H](OC[C@@]1(c2ccccc2)CC[C@]2(CCOC(=O)N2)CN1)c1cc(C(F)(F)F)cc(C(F)(F)F)c1,9.42
C[C@@H](O[C@@H]1CN(C(=O)N(C)C)C[C@H]1c1ccc(F)cc1)c1cc(C(F)(F)F)cc(C(F)(F)F)c1,9.42
C[C@@H](O[C@H]1CC[C@@H](N(C)CC(=O)N2CCOCC2)[C@@H]1c1ccc(F)cc1)c1cc(C(F)(F)F)cc(C(F)(F)F)c1,9.42
C[C@@H](O[C@H]1CC[C@@H](N(C)CC(=O)N(C)C)[C@@H]1c1ccc(F)cc1)c1cc(C(F)(F)F)cc(C(F)(F)F)c1,9.41
Cn1c(-c2ccc(Cl)cc2)c(CCC(=O)N2CCN(Cc3ccccc3)C(=O)C2)c2cc(Cl)ccc21,9.41
C[C@@H](O[C@H]1CN2C(=O)C=C(c3ccc(CO)cc3)CC2[C@@H]1c1ccc(F)cc1)c1cc(C(F)(F)F)cc(C(F)(F)F)c1,9.41
CC(C(=O)N[C@]1(c2ccccc2)CC[C@@H](N2CCN(C(C)C)CC2)CC1)c1cc(C(F)(F)F)cc(C(F)(F)F)c1,9.41
C/C(CCN1CCN(C(=O)c2cc(C(F)(F)F)cc(C(F)(F)F)c2)[C@H](Cc2c[nH]c3ccccc23)C1)=N/OCCN1CCOCC1,9.4
C[C@@H](OC[C@@]1(c2ccccc2)C[C@H](N2CCCC2)C(=O)N1)c1cc(C(F)(F)F)cc(C(F)(F)F)c1,9.4
O=C(Cc1ccncc1)N[C@@H](Cc1c[nH]c2ccccc12)C(=O)CCc1cc(C(F)(F)F)cc(C(F)(F)F)c1,9.4
COc1ccc(C(C)C(F)(F)F)cc1CN[C@H]1CCCN[C@H]1c1ccccc1,9.4
CCc1c(C#N)cc2ccccc2c1C(=O)N(C)C[C@@H](CCN1CCC(c2ccccc2[S@+](C)[O-])CC1)c1ccc(Cl)c(Cl)c1,9.4
COc1ccc(C(=O)c2ccccc2)cc1CN[C@H]1CCCN[C@H]1c1ccccc1,9.4
CC(=O)N[C@H]1C[C@](CO[C@H](C)c2cc(C(F)(F)F)cc(C(F)(F)F)c2)(c2ccccc2)C1,9.4
C[C@@H](OC[C@]1(c2ccccc2)C[C@@H](N2CCCC2=O)C1)c1cc(C(F)(F)F)cc(C(F)(F)F)c1,9.4
COc1ccc(-n2nnnc2-c2ccccc2)cc1CN[C@H]1CCCN[C@H]1c1ccccc1.Cl.Cl,9.4
C[C@@H](OC1CCC2NC1(c1ccccc1)CC2(F)c1nnn(C)n1)c1cc(C(F)(F)F)cc(C(F)(F)F)c1,9.4
CN1CCC(N2CC(COCc3cc(C(F)(F)F)cc(C(F)(F)F)c3)(c3ccc(F)cc3)NC2=O)CC1,9.4
CN(Cc1cc(C(F)(F)F)cc(C(F)(F)F)c1)C(=O)c1c(-c2ccc(F)cc2)c2ccccc2c(=O)n1C,9.4
C[C@@H](O[C@H]1CC[C@@H](NCC(N)=O)[C@@H]1c1ccc(F)cc1)c1cc(C(F)(F)F)cc(C(F)(F)F)c1,9.4
CO/N=C(\CN(C)C(=O)c1cc(Cl)cc(Cl)c1)[C@H](CCN1CCC(N2CCCN(C)C2=O)CC1)c1ccc(Cl)c(Cl)c1,9.4
COc1cc2c(cc1CN[C@H]1CCCN[C@H]1c1ccccc1)C(C(F)(F)F)CC2,9.4
C[C@@H](OC[C@@]1(c2ccccc2)CC[C@@H](C(=O)NC2CC2)CN1)c1cc(C(F)(F)F)cc(C(F)(F)F)c1,9.4
Cc1ccccc1-c1cc(N2CCC(O)CC2)ncc1N(C)C(=O)C(C)(C)c1cc(C(F)(F)F)cc(C(F)(F)F)c1,9.4
C[C@@H](OC[C@@]1(c2ccccc2)CC(N)C(=O)N1)c1cc(C(F)(F)F)cc(C(F)(F)F)c1,9.4
C[C@@H](OC[C@@]1(c2ccc(F)cc2)CN(CC(N)=O)C(=O)N1)c1cc(C(F)(F)F)cc(C(F)(F)F)c1,9.4
CCc1noc(C2=CC(=O)N3C[C@H](O[C@H](C)c4cc(C(F)(F)F)cc(C(F)(F)F)c4)[C@@H](c4ccc(F)cc4)C3C2)n1,9.4
CN(Cc1ccccc1)C(=O)CN1CCC[C@H](OCc2cc(C(F)(F)F)cc(C(F)(F)F)c2)[C@@H]1c1ccccc1,9.4
CN(C/C(=N\OCC(=N)NO)[C@H](CCN1CCC(N2CCCCC2=O)CC1)c1ccc(Cl)c(Cl)c1)C(=O)c1cc(Cl)cc(Cl)c1,9.4
Cc1cc(F)ccc1-c1cc(N2CCN(S(C)(=O)=O)CC2)ncc1N(C)C(=O)C(C)(C)c1cc(C(F)(F)F)cc(C(F)(F)F)c1,9.4
O=C(O)C1CCN(C2CN(CCC3(c4ccc(Cl)c(Cl)c4)CCC(=O)N(CC4CC4)C3)C2)CC1,9.4
FC(F)Oc1ccccc1CN[C@H]1CCCN[C@H]1c1ccccc1,9.39
CC(C)C[C@H](NC(=O)[C@H](C)NC(=O)[C@H](Cc1ccccc1)NC(=O)[C@H](Cc1ccccc1)NC(=O)[C@H](CCC(N)=O)NC(=O)[C@H](CCC(N)=O)NC(=O)[C@@H]1CCCN1C(=O)[C@H](CCCCN)NC(=O)[C@@H]1CCCN1C(=O)[C@@H](N)CCCN=C(N)N)C(=O)N[C@@H](CCS(C)(=O)=O)C(N)=O,9.39
C[C@@H](O[C@H]1CC[C@@H](N(C)Cc2c[nH]c(O)n2)[C@@H]1c1ccc(F)cc1)c1cc(C(F)(F)F)cc(C(F)(F)F)c1,9.39
C[C@@H](OC[C@@]1(c2ccccc2)CC[C@]2(CCCC(=O)N2)CN1)c1cc(C(F)(F)F)cc(C(F)(F)F)c1,9.39
C[C@@H]1C[C@H](O[C@H](C)c2cc(C(F)(F)F)cc(C(F)(F)F)c2)[C@@H](c2ccc(F)cc2)CC(=O)N1,9.39
COc1ccc(C(C)C)cc1CN1CCC(=O)C(C(c2ccccc2)c2ccccc2)C1.Cl,9.38
CC(C(=O)NC1(c2ccccc2)CCC(N2CCC(C3CCOC3=O)CC2)CC1)c1cc(C(F)(F)F)cc(C(F)(F)F)c1,9.38
Cc1cc(COC[C@H](c2ccccc2)N(C)Cc2n[nH]c(O)n2)cc(C(C)(C)C)c1,9.38
CN(Cc1n[nH]c(O)n1)[C@H](COCc1cc(C(F)(F)F)cc(C(F)(F)F)c1)c1ccccc1,9.37
C[C@@H](OC[C@]1(c2ccccc2)C[C@@](N)(C(N)=O)C1)c1cc(C(F)(F)F)cc(C(F)(F)F)c1,9.37
C[C@@H](O[C@H]1CCn2ccnc2C[C@@H]1c1ccc(F)cc1)c1cc(C(F)(F)F)cc(C(F)(F)F)c1,9.37
COc1ccccc1CN(C[C@@H](Cc1c[nH]c2ccccc12)NC(=O)COc1ccc(CO)cc1)C(C)=O,9.37
Cc1cc(F)ccc1[C@H]1CNCCN1C(=O)N(C)Cc1cc(C(F)(F)F)cc(C(F)(F)F)c1,9.37
C[C@@H](O[C@H]1CC[C@@H](N(C)CC(=O)N2CCCC2)[C@@H]1c1ccc(F)cc1)c1cc(C(F)(F)F)cc(C(F)(F)F)c1,9.37
O=C(N[C@]1(c2ccccc2)CC[C@@H](N2CCC(c3ccc(F)cc3)CC2)CC1)C(CO)c1cc(C(F)(F)F)cc(C(F)(F)F)c1,9.36
COc1ccccc1N1CCN(C(=O)CCc2c(-c3ccc(C(F)(F)F)cc3)[nH]c3ccc(C)cc23)CC1,9.36
CC(=O)N1CCN([C@@H]2CCN(C(=O)N(C)[C@H](C)c3cc(C(F)(F)F)cc(C(F)(F)F)c3)[C@@H](c3ccc(F)cc3C)C2)CC1,9.36
Cc1ccccc1-c1nc(N2CCN(C)CC2)ncc1N(C)C(=O)C(C)(C)c1cc(C(F)(F)F)cc(C(F)(F)F)c1,9.36
C[C@@H]1C[C@H](O[C@H](C)c2cc(C(F)(F)F)cc(C(F)(F)F)c2)[C@@H](c2ccc(F)cc2)CN(C)C1=O,9.36
Cc1ccc(-c2c3n(c(=O)c4ncccc24)CC[C@@H](C)CN(Cc2cc(C(F)(F)F)cc(C(F)(F)F)c2)C3=O)cc1,9.35
CC(C)Oc1ccccc1CN[C@H]1CCCN[C@H]1c1ccccc1,9.34
C[C@H](NC(=O)[C@](Cc1c[nH]c2ccccc12)(CN(C)C)NC(=O)OCc1cc2ccccc2o1)c1ccccc1,9.34
C[C@@H](O[C@@H]1CN(C(=O)N2CCn3c(nnc3C(F)(F)F)C2)C[C@H]1c1ccc(F)cc1)c1cc(C(F)(F)F)cc(C(F)(F)F)c1,9.33
O=C(CCc1ccncc1)N[C@@H](Cc1c[nH]c2ccccc12)C(=O)CCc1cc(C(F)(F)F)cc(C(F)(F)F)c1,9.33
C[C@@H](NC(=O)[C@@H](N)Cc1ccc(O)cc1)C(=O)NCC(=O)N[C@@H](Cc1ccc(Cl)cc1)C(=O)NCC(=O)N[C@@H](Cc1c[nH]c2ccccc12)C(=O)OCc1cc(C(F)(F)F)cc(C(F)(F)F)c1,9.33
CC1(c2cc(C(F)(F)F)cc(C(F)(F)F)c2)CCN([C@]2(c3ccccc3)CC[C@@H](N3CCN(c4ccccc4Cl)C(=O)C3)CC2)C1=O,9.32
COc1ccccc1CN(C[C@@H](Cc1c[nH]c2ccccc12)NC(=O)COc1ccc(-n2ccnc2)cc1)C(C)=O,9.32
CC1(c2cc(C(F)(F)F)cc(C(F)(F)F)c2)CCN([C@]2(c3ccccc3)CC[C@@H](N3CCN(c4ccccc4)C(=O)C3)CC2)C1=O,9.32
COC1(c2cc(C(F)(F)F)cc(C(F)(F)F)c2)CCN([C@]2(c3ccccc3)CC[C@@H](N3CCC4(CCOC4)CC3)CC2)C1=O,9.32
C[C@@H]1C[C@H](O[C@H](C)c2cc(C(F)(F)F)cc(C(F)(F)F)c2)[C@@H](c2ccc(F)cc2)CC(=O)N1C,9.31
CC(C)(C(=O)N[C@]1(c2ccccc2)CC[C@@H](N2CCC(c3ccc(F)cc3)CC2)CC1)c1cc(C(F)(F)F)cc(C(F)(F)F)c1,9.31
Cc1ccccc1CN1CC(CCN2CC(N3CCOCC3)C2)(c2ccc(Cl)c(Cl)c2)CCC1=O,9.3
Cc1cc(F)ccc1[C@H]1CNCCN1C(=O)N1CCC=CC1c1cc(C(F)(F)F)cc(C(F)(F)F)c1,9.3
Cc1cc(F)ccc1[C@H]1CNCCN1C(=O)N(C)C1(c2cc(C(F)(F)F)cc(C(F)(F)F)c2)CC1,9.3
C[C@@H](OCC1(c2ccccc2)CC(NCc2n[nH]c(O)n2)C1)c1cc(C(F)(F)F)cc(C(F)(F)F)c1,9.3
CN(C(=O)c1cc(C(F)(F)F)cc(C(F)(F)F)c1)[C@@H](/C=C/C(=O)N[C@@H]1CCCCNC1=O)Cc1ccc(Cl)cc1,9.3
C[C@@H](OC[C@@]1(c2ccccc2)C[C@@H](N2CCCC2=O)C(=O)N1)c1cc(C(F)(F)F)cc(C(F)(F)F)c1,9.3
Cc1cc(O)cc(C)c1C[C@H](N)C(=O)N[C@H](CCCNC(=N)N)C(=O)N[C@H]1Cc2ccccc2CN(CC(=O)N(C)Cc2cc(C(F)(F)F)cc(C(F)(F)F)c2)C1=O,9.3
CN(Cc1ccccc1)C(=O)[C@H](Cc1ccc2ccccc2c1)NC(=O)[C@@H]1CCCN1C(=N)NCc1ccccc1Cl,9.3
C[C@@H](OC[C@@]1(c2ccccc2)CC(O)C(=O)N1)c1cc(C(F)(F)F)cc(C(F)(F)F)c1,9.3
O=C1C(c2cc(C(F)(F)F)cc(C(F)(F)F)c2)CCN1[C@]1(c2ccccc2)CC[C@@H](N2CCC3(CCOC3)CC2)CC1,9.3
CO/N=C(\CN(C)C(=O)c1cc(Cl)cc(Cl)c1)[C@H](CCN1CCC(N2CCCN(CC(C)(C)O)C2=O)CC1)c1ccc(Cl)c(Cl)c1,9.3
CN(C)CC(=O)N1CCC(COCc2cc(C(F)(F)F)cc(C(F)(F)F)c2)(c2ccccc2)CC1,9.3
CN(C/C(=N\OCCN1CCNCC1)C(CCN1CCC(N2CCCCC2=O)CC1)c1ccc(Cl)c(Cl)c1)C(=O)c1cc(Cl)cc(Cl)c1,9.3
C[C@@H](OC1CCC2NC1(c1ccccc1)CC2c1nnn(C)n1)c1cc(C(F)(F)F)cc(C(F)(F)F)c1,9.3
C[C@@H](OC[C@@]1(c2ccccc2)CN(C)C(=O)N1)c1cc(C(F)(F)F)cc(C(F)(F)F)c1,9.3
COc1ccc(S(C)(=O)=O)cc1CN[C@H]1CCCN[C@H]1c1ccccc1,9.3
COc1ccc(-c2ccco2)cc1CN[C@H]1CCCN[C@H]1c1ccccc1,9.3
CNC(=O)[C@]1(N)C[C@](CO[C@H](C)c2cc(C(F)(F)F)cc(C(F)(F)F)c2)(c2ccccc2)C1,9.3
O=C1CCC(CCN2CCC(O)(c3ccccc3)CC2)(c2ccc(Cl)c(Cl)c2)CN1Cc1ccccc1,9.3
FC(F)(F)c1cc(CO[C@H]2CCCN(Cc3ncc[nH]3)[C@H]2c2ccccc2)cc(C(F)(F)F)c1,9.3
CN(C(=O)c1cc(C(F)(F)F)cc(C(F)(F)F)c1)[C@@H](/C=C/C(=O)N[C@@H]1CCCCNC1=O)Cc1cn(C)c2ccccc12,9.3
O=C1CCC(CCN2CC(N3CCOCC3)C2)(c2ccc(Cl)c(Cl)c2)CN1Cc1ccccc1,9.3
CN(C(=O)C(C)(C)c1cc(C(F)(F)F)cc(C(F)(F)F)c1)c1cnc(N2C[C@@H](O)C[C@H]2CO)cc1-c1ccccc1Cl,9.29
CC(=O)NC1(c2ccccc2)CCN(CC[C@H](CN(C)C(=O)c2ccccc2)c2ccc(Cl)c(Cl)c2)CC1,9.29
Cc1cc(C2=CC(=O)N3C[C@H](O[C@H](C)c4cc(C(F)(F)F)cc(C(F)(F)F)c4)[C@@H](c4ccc(F)cc4)C3C2)ccn1,9.29
CC(C)C[C@H](NC(=O)[C@@H]1CCCN1C(=O)[C@H]1CSSC[C@@H](NC(=O)[C@@H](N)Cc2ccc(O)cc2)C(=O)NCC(=O)N[C@@H](Cc2ccccc2)C(=O)N1)C(=O)N[C@@H](Cc1c[nH]c2ccccc12)C(=O)NCc1cc(C(F)(F)F)cc(C(F)(F)F)c1,9.28
NC(=O)CNC(COCc1cc(C(F)(F)F)cc(C(F)(F)F)c1)C(c1ccccc1)c1ccccc1,9.28
NC(=O)CN[C@H](COCc1cc(C(F)(F)F)cc(C(F)(F)F)c1)C(c1ccccc1)c1ccccc1,9.28
C[C@@H](O[C@H]1CC[C@@H]2CN(c3cnccn3)C[C@H]2[C@@H]1c1ccc(F)cc1)c1cc(C(F)(F)F)cc(C(F)(F)F)c1,9.28
COCCN(C)[C@@H]1CC[C@H](O[C@H](C)c2cc(C(F)(F)F)cc(C(F)(F)F)c2)[C@H]1c1ccc(F)cc1,9.28
C[C@@H](O[C@H]1CCN(C)C(=O)C[C@@H]1c1ccc(F)cc1)c1cc(C(F)(F)F)cc(C(F)(F)F)c1,9.28
CC(=O)C1(c2ccccc2)CCN(C(=O)CCc2c(-c3ccc(Cl)cc3)n(C)c3ccc(Cl)cc23)CC1,9.28
CC(=O)O.Cc1cc(F)ccc1[C@H]1CNCCN1C(=O)N(C)[C@@H](C)c1cc(C(F)(F)F)cc(C(F)(F)F)c1,9.27
Cn1c(-c2ccc(Cl)cc2)c(CCC(=O)N2CCC(F)(Cc3ccccc3)CC2)c2cc(Cl)ccc21,9.26
C[C@H](NC(=O)[C@@](C)(Cc1c[nH]c2ccccc12)NC(=O)OCc1cc2ccccc2o1)c1ccccc1,9.26
C[C@@H](O[C@H]1CC[C@@H](NCc2ncc[nH]2)[C@@H]1c1ccc(F)cc1)c1cc(C(F)(F)F)cc(C(F)(F)F)c1,9.26
CNC(=O)[C@@H]1CC[C@@](CO[C@H](C)c2cc(C(F)(F)F)cc(C(F)(F)F)c2)(c2ccccc2)NC1,9.25
COc1ccccc1[C@H]1COCC2(C1)OCCN(Cc1n[nH]c(O)n1)[C@H]2c1ccc(F)cc1,9.25
COc1ccc(N(C)C)cc1CN[C@H]1CCCN[C@H]1c1ccccc1,9.25
Cc1cnc(C(=O)N2C[C@H](C(=O)N(C)Cc3cc(C(F)(F)F)cc(C(F)(F)F)c3)[C@@H](c3ccccc3)C2)cn1,9.24
Cc1ccccc1-c1cc(N2CCN(C)CC2)ncc1C(=O)N(C)Cc1cc(C(F)(F)F)cc(C(F)(F)F)c1,9.24
CSN1CC2(CCN(C(=O)N[C@@H](Cc3c[nH]c4ccccc34)C(=O)OCc3cc(C(F)(F)F)cc(C(F)(F)F)c3)CC2)c2ccccc21,9.24
C[C@@H](O[C@@H]1CN(C(=O)NCc2cn[nH]n2)C[C@H]1c1ccc(F)cc1)c1cc(C(F)(F)F)cc(C(F)(F)F)c1,9.24
N#Cc1ccc(-c2cc(COCC3(c4ccccc4)CCNCC3)cc(C(F)(F)F)c2)cc1,9.23
C[C@@H](OC[C@@]1(c2ccccc2)CC[C@H](N2CCNC2=O)CN1)c1cc(C(F)(F)F)cc(C(F)(F)F)c1,9.23
C[C@@H](O[C@H]1CC[C@@H](NCc2cccnc2)[C@@H]1c1ccc(F)cc1)c1cc(C(F)(F)F)cc(C(F)(F)F)c1,9.22
C[C@@H](OC[C@@]1(c2ccccc2)C[C@H](NS(C)(=O)=O)C(=O)N1)c1cc(C(F)(F)F)cc(C(F)(F)F)c1,9.22
CC(C)C[C@H](NC(=O)[C@@H]1CCCN1C(=O)[C@H](Cc1ccccc1)NC(=O)CNC(=O)[C@@H](C)NC(=O)[C@@H](N)Cc1ccc(O)cc1)C(=O)N[C@@H](Cc1c[nH]c2ccccc12)C(=O)NCc1cc(C(F)(F)F)cc(C(F)(F)F)c1,9.22
C[C@@H](OC[C@@]1(c2ccccc2)CCC(=O)N1)c1cc(C(F)(F)F)cc(C(F)(F)F)c1,9.22
COc1ccccc1N1CCN(C(=O)CCc2c(-c3ccc(Cl)cc3)[nH]c3ccc(C)cc23)CC1,9.22
CN(O)C(=O)c1ccc(-c2ccc(Cl)cc2)c(N(C)C(=O)c2cc(C(F)(F)F)cc(C(F)(F)F)c2)c1,9.22
O=C(CCN1CCCCC1)N[C@@H](Cc1c[nH]c2ccccc12)C(=O)CCc1cc(C(F)(F)F)cc(C(F)(F)F)c1,9.22
CN(C)CCCCC(=O)N[C@@H](Cc1c[nH]c2ccccc12)C(=O)CCc1cc(C(F)(F)F)cc(C(F)(F)F)c1,9.22
CSCC[C@H](NC(=O)[C@H](CC(C)C)NC(=O)CNC(=O)[C@H](Cc1ccc(O)cc1)NC(=O)[C@H](Cc1ccccc1)NC(=O)[C@H](CCCN=C(N)N)NC(=O)[C@H](CC(=O)O)NC(=O)[C@@H]1CCCN1C(=O)[C@H](CO)NC(=O)[C@@H]1CCCN1C(=O)[C@@H](N)CCCCN)C(N)=O,9.22
CN(C(=O)C(C)(C)c1cc(C(F)(F)F)cc(C(F)(F)F)c1)[C@H]1CN(C(=O)NCCO)C[C@@H]1c1ccc(F)cc1,9.22
CCCC[C@H](NC(=O)[C@H](Cc1ccccc1)NC(=O)CNC(=O)[C@@H](C)NC(=O)[C@@H](N)Cc1ccc(O)cc1)C(=O)N1CCC[C@H]1C(=O)N[C@@H](CC(C)C)C(=O)N[C@@H](Cc1c[nH]c2ccccc12)C(=O)OCc1cc(C(F)(F)F)cc(C(F)(F)F)c1,9.22
CN(C/C(=N\OCCO)C(CCN1CCC(N2CCCCC2=O)CC1)c1ccc(Cl)c(Cl)c1)C(=O)c1cc(Cl)cc(Cl)c1,9.22
CO/N=C(\CN(C)C(=O)c1cc(Cl)cc(Cl)c1)[C@H](CCN1CCC(N2CCCN(CC(=N)NO)C2=O)CC1)c1ccc(Cl)c(Cl)c1,9.22
CO/N=C(\CN(C)C(=O)c1cc(Cl)cc(Cl)c1)[C@H](CCN1CCC(N2CCCN(CCNS(C)(=O)=O)C2=O)CC1)c1ccc(Cl)c(Cl)c1,9.22
CO/N=C(\CN(C)C(=O)c1cc(Cl)cc(Cl)c1)[C@H](CCN1CCC(N2CCCN([C@H](CO)C(N)=O)C2=O)CC1)c1ccc(Cl)c(Cl)c1,9.22
COc1ccc(C(C)(C)C)cc1CN[C@H]1CCCN[C@H]1c1ccccc1,9.22
C[C@@H](OC1CCC2NC1(c1ccccc1)CC2S(=O)(=O)c1ccccc1)c1cc(C(F)(F)F)cc(C(F)(F)F)c1,9.22
C[C@@H](OC[C@@]1(c2ccccc2)CNC(=O)N1)c1cc(C(F)(F)F)cc(C(F)(F)F)c1,9.22
CN(C)CCC(=O)N1CCC(COCc2cc(C(F)(F)F)cc(C(F)(F)F)c2)(c2ccccc2)CC1,9.22
CSCC[C@H](NC(=O)[C@H](CC(C)C)NC(=O)CNC(=O)[C@@H](NC(=O)[C@H](Cc1ccccc1)NC(=O)[C@H](CCC(N)=O)NC(=O)[C@H](CCC(N)=O)NC(=O)[C@H]1CCCN1C(=O)[C@H](CCCCN)NC(=O)[C@@H]1CCCN1C(=O)[C@@H](N)CCCN=C(N)N)[C@H]1CCc2ccccc21)C(N)=O,9.22
COc1ccccc1CN1CN2CCCC1C2c1ccccc1,9.21
O=c1nc(C2CC3(c4ccccc4)NC2CCC3NCc2cc(OC(F)(F)F)ccc2OC2CC2)[nH][nH]1,9.21
CN(C(=O)C(C)(C)c1cc(C(F)(F)F)cc(C(F)(F)F)c1)c1cnc(N2C[C@H](O)C[C@H]2CO)cc1-c1ccccc1Cl,9.21
CC(C)(NC(=O)[C@]1(c2ccccc2)CC[C@@H](N2CCC(c3ccc(F)cc3)CC2)CC1)c1cc(C(F)(F)F)cc(C(F)(F)F)c1,9.21
COc1ccc(Br)cc1CN1CCC(=O)C(C(c2ccc(F)cc2)c2ccc(F)cc2)C1,9.21
COc1ccccc1CN1CN2CCC[C@H]1[C@@H]2c1ccccc1,9.21
CC(C(=O)N[C@]1(c2ccccc2)CC[C@@H](N2CCN(c3ccccc3)C(=O)C2)CC1)c1cc(C(F)(F)F)cc(C(F)(F)F)c1,9.21
C[C@@H](O[C@H]1CN(C(=O)OC(C)(C)C)[C@@H](CO)[C@@H]1c1ccccc1)c1cc(C(F)(F)F)cc(C(F)(F)F)c1,9.2
O=C1CCC(CCN2CC(N3C4CCC3CC(O)C4)C2)(c2ccc(Cl)c(Cl)c2)CN1Cc1ccccc1,9.2
CC(C(=O)N[C@]1(c2ccccc2)CC[C@@H](N2CCC(c3ccc(F)cc3)CC2)CC1)c1cc(C(F)(F)F)cc(C(F)(F)F)c1,9.2
O=C1CCC(CCN2CC(N3CC[S+]([O-])CC3)C2)(c2ccc(Cl)c(Cl)c2)CN1Cc1ccccc1,9.2
CS(=O)(=O)N1CCN(C2CN(CCC3(c4ccc(Cl)c(Cl)c4)CCC(=O)N(Cc4ccccc4)C3)C2)CC1,9.2
COc1ccccc1CN[C@H]1C2CCNC1(c1ccccc1)CC=C2C,9.2
O=C(c1cc(C(F)(F)F)cc(C(F)(F)F)c1)N1CCN(CC2=NOC(CN3CCOCC3)C2)C[C@H]1Cc1c[nH]c2ccccc12,9.2
O=C(c1cc(C(F)(F)F)cc(C(F)(F)F)c1)N1CCN(C/C=N\OCCCN2CCOCC2)C[C@H]1Cc1c[nH]c2ccccc12,9.2
O=C(c1cc(C(F)(F)F)cc(C(F)(F)F)c1)N1CCN(C/C=N\OCCN2CCOCC2)C[C@H]1Cc1c[nH]c2ccccc12,9.2
CNC(=O)CN1CCC[C@H](OCc2cc(C(F)(F)F)cc(C(F)(F)F)c2)[C@@H]1c1ccccc1,9.2
FC(F)(F)Oc1ccc(OC2CC2)c(CNC2CCC3NC2(c2ccccc2)CC3c2nnn[nH]2)c1,9.19
Cc1cc(F)ccc1[C@H]1C[C@H](N2CCC2)CCN1C(=O)N(C)[C@H](C)c1cc(C(F)(F)F)cc(C(F)(F)F)c1,9.19
CC(=O)N(Cc1ccccc1Cl)C[C@@H](Cc1c[nH]c2ccccc12)NC(=O)COc1ccc(-n2ccnc2)cc1,9.19
C[C@@H](O[C@H]1CCNC(=O)C[C@@H]1c1ccc(F)cc1)c1cc(C(F)(F)F)cc(C(F)(F)F)c1,9.19
CC[C@H](C)[C@H](NC(=O)CNC(=O)[C@H](Cc1ccccc1)NC(=O)[C@H](Cc1ccccc1)NC(=O)[C@H](CCC(N)=O)NC(=O)[C@H](CCC(=O)O)NC(=O)[C@H](CCCCN)NC(=O)[C@@H]1CCCN1C(=O)[C@@H](N)CCCNC(=N)N)C(=O)N[C@@H](CCSC)C(=O)O,9.19
O=C1N([C@]2(c3ccccc3)CC[C@@H](N3CCC4(CCOC4)CC3)CC2)CCC1(O)c1cc(C(F)(F)F)cc(C(F)(F)F)c1,9.18
C[C@@H](OC[C@@]1(c2ccccc2)CC[C@]2(CCC(=O)N2)CN1)c1cc(C(F)(F)F)cc(C(F)(F)F)c1,9.18
C[C@@H](O[C@H]1CN2C(=O)[C@@H]3C[C@@H](N)C[C@@H]3[C@H]2[C@@H]1c1ccc(F)cc1)c1cc(C(F)(F)F)cc(C(F)(F)F)c1,9.18
CN(Cc1cc(C(F)(F)F)cc(C(F)(F)F)c1)C(=O)[C@H]1CN(C(=O)C2CCCCC2)C[C@@H]1c1ccccc1,9.17
COCCN(C)C(=O)CN(C)[C@@H]1CC[C@H](O[C@H](C)c2cc(C(F)(F)F)cc(C(F)(F)F)c2)[C@H]1c1ccc(F)cc1,9.17
C[C@@H](OC[C@@]1(c2ccccc2)CC[C@H](NC(N)=O)CN1)c1cc(C(F)(F)F)cc(C(F)(F)F)c1,9.16
C[C@@H](O[C@H]1CC[C@@H](NCc2ccncc2)[C@@H]1c1ccc(F)cc1)c1cc(C(F)(F)F)cc(C(F)(F)F)c1,9.15
CCCC[C@@H](C(=O)N1CCC[C@H]1C(=O)N[C@@H](CC(C)C)C(=O)N[C@@H](Cc1c[nH]c2ccccc12)C(=O)OCc1cc(C(F)(F)F)cc(C(F)(F)F)c1)N(C)C(=O)[C@H](Cc1ccccc1)NC(=O)CNC(=O)[C@@H](C)NC(=O)[C@@H](N)Cc1ccc(O)cc1,9.15
CN(C/C(=N\OCC(=N)NO)C(CCN1CCC(N2CCCCC2=O)CC1)c1ccc(Cl)c(Cl)c1)C(=O)c1cc(Cl)cc(Cl)c1,9.15
COc1cc(C(=O)Nc2cc(C(=O)NC3CCCCNC3=O)ccc2-c2ccc(Cl)cc2)cc(OC)c1OC,9.15
CN(C/C(=N\OCCCO)C(CCN1CCC(N2CCCCC2=O)CC1)c1ccc(Cl)c(Cl)c1)C(=O)c1cc(Cl)cc(Cl)c1,9.15
CO/N=C(\CN(C)C(=O)c1cc(Cl)cc(Cl)c1)[C@H](CCN1CCC(N2CCCN(Cc3ccccn3)C2=O)CC1)c1ccc(Cl)c(Cl)c1,9.15
CN(C/C(=N\OCCCn1cncn1)C(CCN1CCC(N2CCCCC2=O)CC1)c1ccc(Cl)c(Cl)c1)C(=O)c1cc(Cl)cc(Cl)c1,9.15
COc1ccccc1CN(C)CCNC(=O)[C@@H]1C[C@@H](C(=O)N(Cc2ccccc2)Cc2ccccc2)CCN1C(=O)N(c1ccccc1)c1cccc(Cl)c1,9.15
Cc1cc(F)ccc1-c1cc(N2CCN(S(C)(=O)=O)C[C@H]2CO)ncc1N(C)C(=O)C(C)(C)c1cc(C(F)(F)F)cc(C(F)(F)F)c1,9.15
CN(Cc1ccccc1)C(=O)[C@H](Cc1ccc2ccccc2c1)NC(=O)[C@@H]1CCCN1/C(S)=N/Cc1ccccc1Cl,9.15
COC[C@](Cc1c[nH]c2ccccc12)(NC(=O)OCc1cc2ccccc2o1)C(=O)N[C@@H](C)c1ccccc1,9.15
Cc1cc(F)ccc1-c1cc(N2CC[C@H](O)[C@H]2CO)ncc1N(C)C(=O)C(C)(C)c1cc(C(F)(F)F)cc(C(F)(F)F)c1,9.15
O=C(Cc1cc(C(F)(F)F)cc(C(F)(F)F)c1)N[C@]1(c2ccccc2)CC[C@H](N2CCC(c3ccc(F)cc3)CC2)CC1,9.15
CN1CCC(COCc2cc(C(F)(F)F)cc(C(F)(F)F)c2)(c2ccccc2)CC1,9.15
CN(C)CCCC(=O)N[C@@H](Cc1c[nH]c2ccccc12)C(=O)CCc1cc(C(F)(F)F)cc(C(F)(F)F)c1,9.15
NC(=O)CN[C@@H](COCc1cc(C(F)(F)F)cc(C(F)(F)F)c1)[C@@H](CCN1CCC(O)(c2ccccc2)CC1)c1ccc(Cl)c(Cl)c1,9.15
C[C@H]1C[C@@](CO[C@H](C)c2cc(C(F)(F)F)cc(C(F)(F)F)c2)(c2ccccc2)NC1=O,9.15
CN(C/C(=N\OCC(=O)O)C(CCN1CCC(N2CCCCC2=O)CC1)c1ccc(Cl)c(Cl)c1)C(=O)c1cc(Cl)cc(Cl)c1,9.15
CN(Cc1ccccc1)C(=O)[C@H](Cc1ccc2ccccc2c1)NC(=O)[C@@H]1CCCN1C(=O)Nc1cccc(F)c1,9.15
COc1ccc(C(F)C(F)(F)F)cc1CN[C@H]1CCCN[C@H]1c1ccccc1,9.15
CN(C/C(=N\OCCCN)C(CCN1CCC(N2CCCCC2=O)CC1)c1ccc(Cl)c(Cl)c1)C(=O)c1cc(Cl)cc(Cl)c1,9.15
CSCC[C@H](NC(=O)[C@H](CC(C)C)NC(=O)CNC(=O)[C@H](Cc1ccccc1)NC(=O)[C@H](Cc1ccccc1)NC(=O)[C@H](CCC(N)=O)NC(=O)[C@H](C)NC(=O)[C@@H]1CCCN1C(=O)[C@H](CCCCN)NC(=O)[C@@H]1CCCN1C(=O)[C@@H](N)CCCNC(=N)N)C(N)=O,9.15
CC(=O)N[C@@H](Cc1c[nH]c2ccccc12)C(=O)OCc1cc(C(F)(F)F)cc(C(F)(F)F)c1,9.14
C[C@H](NC(=O)[C@@H](Cc1c[nH]c2ccccc12)NC(=O)OCc1cc2ccccc2o1)c1ccccc1,9.14
CN(Cc1cc(C(F)(F)F)cc(C(F)(F)F)c1)C(=O)[C@H]1CN(C(=O)c2cnccn2)C[C@@H]1c1ccccc1,9.13
CN(C(=O)c1cc(C(F)(F)F)cc(C(F)(F)F)c1)C(/C=C/C(=O)NC1CCCCNC1=O)Cc1ccc(Cl)cc1,9.12
OCC(OC[C@]1(c2ccccc2)CC[C@@H](N2CCC(c3ccc(F)cc3)CC2)CC1)c1cc(C(F)(F)F)cc(C(F)(F)F)c1,9.12
O=C(Cc1cc(C(F)(F)F)cc(C(F)(F)F)c1)NCC(c1ccc(Cl)c(Cl)c1)N1CCC(N2CCCCC2)CC1,9.12
C[C@@H](OC[C@@]1(c2ccccc2)CC[C@]2(CN1)NC(=O)NC2=O)c1cc(C(F)(F)F)cc(C(F)(F)F)c1,9.11
CN(CCO)c1cc(-c2ccccc2Cl)c(N(C)C(=O)C(C)(C)c2cc(C(F)(F)F)cc(C(F)(F)F)c2)cn1,9.11
OC[C@@H]1CC[C@H](OCc2cc(C(F)(F)F)cc(C(F)(F)F)c2)[C@H]1c1ccccc1,9.11
O=C(CCc1c(-c2ccc(Cl)cc2)nc2ccc(Cl)cn12)N1CCC(O)(Cc2ccccc2)CC1,9.11
Cn1c(-c2ccc(Cl)cc2)c(CCC(=O)N2CCN(CC3CC3)CC2)c2cc(Cl)ccc21,9.11
COc1ccccc1CN(C=O)CC(Cc1c[nH]c2ccccc12)NC(=O)CN1CCN(c2ccccc2)CC1,9.1
CCN1C[C@@](CO[C@H](C)c2cc(C(F)(F)F)cc(C(F)(F)F)c2)(c2ccc(F)cc2)NC1=O,9.1
CO/N=C(\CN(C)C(=O)c1cc(Cl)cc(Cl)c1)[C@H](CCN1CCC(N2CCCN(C(C)(C)C(N)=O)C2=O)CC1)c1ccc(Cl)c(Cl)c1,9.1
FC(F)(F)c1cc(CO[C@H]2CCCN(Cc3n[nH]c(S)n3)[C@H]2c2ccccc2)cc(C(F)(F)F)c1,9.1
CN(Cc1ccccc1)C(=O)[C@H](Cc1ccc2ccccc2c1)NC(=O)[C@@H]1CCCN1C(=O)Nc1ccccc1C(N)=O,9.1
CN(Cc1cc(C(F)(F)F)cc(C(F)(F)F)c1)C(=O)[C@H]1CN(C(=O)NC2CCCCC2)C[C@@H]1c1ccccc1,9.1
CC(C)C[C@H](NC(=O)[C@@H]1CCCN1C(=O)[C@H](CC(C)C)NC(=O)[C@H](Cc1ccccc1)NC(=O)CNC(=O)[C@@H](C)NC(=O)[C@@H](N)Cc1ccc(O)cc1)C(=O)N[C@@H](Cc1c[nH]c2ccccc12)C(=O)OCc1cc(C(F)(F)F)cc(C(F)(F)F)c1,9.1
CN(C/C(=N\OCF)C(CCN1CCC(N2CCCCC2=O)CC1)c1ccc(Cl)c(Cl)c1)C(=O)c1cc(Cl)cc(Cl)c1,9.1
CN(C/C(=N\OCCC[S+](C)[O-])C(CCN1CCC(N2CCCCC2=O)CC1)c1ccc(Cl)c(Cl)c1)C(=O)c1cc(Cl)cc(Cl)c1,9.1
O=C(c1cc(C(F)(F)F)cc(C(F)(F)F)c1)N1CCN(Cc2cc(CN3CCOCC3)on2)C[C@H]1Cc1c[nH]c2ccccc12,9.1
FC(F)(F)Oc1ccccc1CN[C@H]1CCCN[C@H]1c1ccccc1,9.1
Cc1cc(F)ccc1[C@H]1CNCCN1C(=O)N1CCCNC1c1cc(C(F)(F)F)cc(C(F)(F)F)c1,9.1
CO/N=C(\CN(C)C(=O)c1cc(Cl)cc(Cl)c1)[C@H](CCN1CCC(N2CCCN(N3CCOCC3)C2=O)CC1)c1ccc(Cl)c(Cl)c1,9.1
CN(Cc1ccccc1)C(=O)[C@H](Cc1cccc2ccccc12)NC(=O)[C@@H]1C[C@@H](O)CN1C(=O)C1C=[N+](C)c2ccccc21,9.1
O=C1C(c2cc(C(F)(F)F)cc(C(F)(F)F)c2)CCCN1[C@]1(c2ccccc2)CC[C@@H](N2CCC3(CCOC3)CC2)CC1,9.1
CN(C/C(=N\OCCCn1cnnn1)C(CCN1CCC(N2CCCCC2=O)CC1)c1ccc(Cl)c(Cl)c1)C(=O)c1cc(Cl)cc(Cl)c1,9.1
COc1ccc(-c2c(C)nn(C)c2C)cc1CN[C@H]1CCCN[C@H]1c1ccccc1,9.1
CN(C(=O)c1cc(C(F)(F)F)cc(C(F)(F)F)c1)c1cc(C(=O)N[C@@H]2CCCCNC2=O)ccc1-c1ccc(Cl)c(Cl)c1,9.1
C/C(CN1CCN(C(=O)c2cc(C(F)(F)F)cc(C(F)(F)F)c2)[C@H](Cc2c[nH]c3ccccc23)C1)=N/OCCN(C)C,9.1
Cn1c(-c2ccc(Cl)cc2)c(CCC(=O)N2CCC(O)(Cc3ccccc3)CC2)c2cc(-c3ccco3)ccc21,9.1
Cc1ccc(-c2c(C(=O)N(C)[C@@H](C)c3cc(C(F)(F)F)cc(C(F)(F)F)c3)n(C)c(=O)c3ncccc23)cc1,9.1
COc1ccc(-c2nccs2)cc1CN[C@H]1CCCN[C@H]1c1ccccc1,9.1
COc1ccc(C2(C(F)(F)F)N=N2)cc1CN[C@H]1CCCN[C@H]1c1ccccc1,9.1
FC(F)(F)c1cc(CO[C@H]2CCCN[C@H]2c2ccccc2)cc(C(F)(F)F)c1,9.1
CCN(Cc1n[nH]c(O)n1)[C@H](COCc1cc(C(F)(F)F)cc(C(F)(F)F)c1)c1ccccc1,9.1
CCC(=O)N(Cc1ccccc1OC)CC(Cc1c[nH]c2ccccc12)NC(=O)CN1CCN(c2ccccc2)CC1,9.09
CN(C[C@@H]1CCC(=O)N1)[C@@H]1CC[C@H](OCc2cc(C(F)(F)F)cc(C(F)(F)F)c2)[C@H]1c1ccccc1,9.09
COc1ccccc1CN(CC(Cc1c[nH]c2ccccc12)NC(=O)COc1ccc(CO)cc1)C(C)=O,9.09
COc1ccc(OC(F)(F)F)cc1CN1CCC(=O)C(C(c2ccc(F)cc2)c2ccc(F)cc2)C1.Cl,9.09
CN(Cc1cc(C(F)(F)F)cc(C(F)(F)F)c1)C(=O)[C@H]1CN(C(=O)c2ncccn2)C[C@@H]1c1ccccc1,9.08
CN(C(=O)c1cc(C(F)(F)F)cc(C(F)(F)F)c1)[C@H](/C=C/C(=O)N[C@@H]1CCCCNC1=O)Cc1ccc(Cl)c(Cl)c1,9.08
CN[C@@H]1CC[C@H](OCc2cc(C(F)(F)F)cc(C(F)(F)F)c2)[C@H]1c1ccccc1,9.08
COc1ccccc1CN(C[C@@H](Cc1c[nH]c2ccccc12)NC(=O)CN1CCN(c2ccccc2)CC1)C(C)=O,9.07
Cc1ccc(-c2c3n(c(=O)c4ncccc24)CCCN(Cc2cc(C(F)(F)F)cc(C(F)(F)F)c2)C3=O)cc1,9.07
CN(C(=O)C(C)(C)c1cc(C(F)(F)F)cc(C(F)(F)F)c1)c1cnc(N2CC[C@H](O)C2)cc1-c1ccccc1Cl,9.07
Cc1cc(O)cc(C)c1C[C@H](N)C(=O)N[C@H](C)C(=O)N[C@@H](Cc1c[nH]c2ccccc12)C(=O)NCc1cc(C(F)(F)F)cc(C(F)(F)F)c1,9.07
CC(C(=O)N[C@]1(c2ccccc2)CC[C@@H](N2CCC(O)CC2)CC1)c1cc(C(F)(F)F)cc(C(F)(F)F)c1,9.07
CCC[C@](Cc1c[nH]c2ccccc12)(NC(=O)OCc1cc2ccccc2o1)C(=O)N[C@@H](C)c1ccccc1,9.07
CC(C)C[C@H](NC(=O)[C@@H]1CCCN1C(=O)[C@H](Cc1ccccc1)NC(=O)[C@H](Cc1ccccc1)NC(=O)CNC(=O)[C@@H](C)NC(=O)[C@@H](N)Cc1ccc(O)cc1)C(=O)N[C@@H](Cc1c[nH]c2ccccc12)C(=O)OCc1cc(C(F)(F)F)cc(C(F)(F)F)c1,9.06
CSCC[C@H](NC(=O)[C@H](Cc1ccccc1)NC(=O)CNC(=O)[C@@H](C)NC(=O)[C@@H](N)Cc1ccc(O)cc1)C(=O)N1CCC[C@@H]1C(=O)N[C@@H](CC(C)C)C(=O)N[C@@H](Cc1c[nH]c2ccccc12)C(=O)OCc1cc(C(F)(F)F)cc(C(F)(F)F)c1,9.06
C[C@@H](O[C@H]1CN2C(=O)N(C)C[C@H]2[C@@H]1c1ccc(F)cc1)c1cc(C(F)(F)F)cc(C(F)(F)F)c1,9.06
CN(Cc1ccccc1)C(=O)[C@H](Cc1ccc2ccccc2c1)NC(=O)[C@@H]1CCCN1C(=O)Nc1ccccc1,9.06
O=C(Cc1cc(C(F)(F)F)cc(C(F)(F)F)c1)NCC(c1ccccc1Br)N1CCC(N2CCCCC2)CC1,9.06
O=C(CCc1cc(C(F)(F)F)cc(C(F)(F)F)c1)[C@H](Cc1c[nH]c2ccccc12)NC(=O)C12CCN(CC1)CC2,9.05
Cc1cc(COC2C3CCN(CC3)C2C(c2ccccc2)c2ccccc2)cc([Si](C)(C)C)c1,9.05
COc1ccc(CC(F)(F)F)cc1CN[C@H]1CCCN[C@H]1c1ccccc1,9.05
CN(C(=O)C(C)(C)c1cc(C(F)(F)F)cc(C(F)(F)F)c1)[C@H]1CNC[C@@H]1c1ccc(F)cc1,9.05
COc1ccccc1N1CCN(C(=O)CCc2c(-c3ccc(Cl)cc3)[nH]c3ccc(Cl)cc23)CC1,9.05
CN(C/C(=N\OCC(N)=O)C(CCN1CCC(N2CCCCC2=O)CC1)c1ccc(Cl)c(Cl)c1)C(=O)c1cc(Cl)cc(Cl)c1,9.05
FC(F)(F)c1cc(CO[C@H]2CCCN(Cc3c[nH]cn3)[C@H]2c2ccccc2)cc(C(F)(F)F)c1,9.05
CNC(=O)CN1CCCN(C2CCN(CC[C@@H](/C(CN(C)C(=O)c3cc(Cl)cc(Cl)c3)=N/OC)c3ccc(Cl)c(Cl)c3)CC2)C1=O,9.05
COC(=O)N[C@@H]1CC[C@H](OCc2cc(C(F)(F)F)cc(C(F)(F)F)c2)[C@H]1c1ccccc1,9.05
COc1ccc(OC(F)(F)F)cc1[C@H]1COC2(CCCN(Cc3nc[nH]n3)C2c2ccccc2)C1,9.05
Cc1cc(C)cc(C(=O)N2CCN(C(=O)CNC3CCN(Cc4ccccc4)CC3)[C@@H](c3ccc(Cl)c(Cl)c3)C2)c1,9.05
CC(=O)N[C@@H]1C[C@@](CO[C@H](C)c2cc(C(F)(F)F)cc(C(F)(F)F)c2)(c2ccccc2)NC1=O,9.05
COc1ccc(C(C)(OC)C(F)(F)F)cc1CN[C@H]1CCCN[C@H]1c1ccccc1,9.05
O=C1NC(COCc2cc(C(F)(F)F)cc(C(F)(F)F)c2)(c2ccc(F)cc2)CN1C1CCNCC1,9.05
CN(C/C(=N\OCCCS(C)(=O)=O)C(CCN1CCC(N2CCCCC2=O)CC1)c1ccc(Cl)c(Cl)c1)C(=O)c1cc(Cl)cc(Cl)c1,9.05
CO/N=C(\CN(C)C(=O)c1cc(Cl)cc(Cl)c1)[C@H](CCN1CCC(N2CCCN(C(C)C)C2=O)CC1)c1ccc(Cl)c(Cl)c1,9.05
COc1ccccc1CNC1C2CC3CCC(C2)N3[C@H]1C(c1ccccc1)c1ccccc1,9.04
Cn1c(-c2cccnc2)c(CCC(=O)N2CCC(O)(Cc3ccccc3)CC2)c2cc(Cl)ccc21,9.04
COC[C@@H]1C[C@@H](OC)CN1c1cc(-c2ccccc2Cl)c(N(C)C(=O)C(C)(C)c2cc(C(F)(F)F)cc(C(F)(F)F)c2)cn1,9.04
C[C@@H](O[C@H]1CCCN[C@H]1c1ccccc1)c1cc(Cl)cc(Cl)c1,9.04
COc1ccccc1CN[C@H]1C2CC3CCC(C2)N3[C@H]1C(c1ccccc1)c1ccccc1,9.04
C[C@@H](O[C@H]1CN2C(=O)C=C(c3ccccc3)CC2[C@@H]1c1ccc(F)cc1)c1cc(C(F)(F)F)cc(C(F)(F)F)c1,9.03
O=C(Cc1ccncc1)N1CCC(COCc2cc(C(F)(F)F)cc(C(F)(F)F)c2)(c2ccccc2)CC1,9.03
Cc1cc(F)ccc1[C@H]1C[C@H](N(C)C)CCN1C(=O)N(C)[C@H](C)c1cc(C(F)(F)F)cc(C(F)(F)F)c1,9.03
FC(F)(F)c1cc(COCC2(c3ccccc3)CCNCC2)cc(C(F)(F)F)c1,9.02
Cc1ccccc1-c1cc(N2CCN(C)CC2)ncc1N(C)C(=O)C(C)(C)c1cc(C(F)(F)F)cc(C(F)(F)F)c1,9.02
C[C@@H](O[C@H]1CC[C@@H](N(C)CC(=O)N2CCN(C)CC2)[C@@H]1c1ccc(F)cc1)c1cc(C(F)(F)F)cc(C(F)(F)F)c1,9.02
NC(=O)CN[C@@H]1CC[C@H](OCc2cc(C(F)(F)F)cc(C(F)(F)F)c2)[C@H]1c1ccccc1,9.02
CCCC[C@H](NC(=O)[C@H](Cc1ccccc1)NC(=O)CNC(=O)[C@@H](C)NC(=O)[C@@H](N)Cc1c(C)cc(O)cc1C)C(=O)N1CCC[C@H]1C(=O)N[C@@H](CC(C)C)C(=O)N[C@@H](Cc1c[nH]c2ccccc12)C(=O)NCc1ccc(OC)c(OC)c1,9.02
CC[C@](Cc1c[nH]c2ccccc12)(NC(=O)OCc1cc2ccccc2o1)C(=O)N[C@@H](C)c1ccccc1,9.02
COc1ccccc1CN(C[C@@H](Cc1c[nH]c2ccccc12)NC(=O)COc1ccc(-c2csnn2)cc1)C(C)=O,9.01
CC(=O)N1CCC(C(=O)N2C[C@@H](C(=O)N(C)Cc3cc(C(F)(F)F)cc(C(F)(F)F)c3)[C@H](c3ccccc3)C2)CC1,9.01
FC(F)(F)c1cc(CO[C@H]2CCCN(Cc3nnco3)[C@H]2c2ccccc2)cc(C(F)(F)F)c1,9.01
Cc1cc(F)ccc1-c1cc(C2CCC(CC(=O)O)CC2)ncc1N(C)C(=O)C(C)(CO)c1cc(C(F)(F)F)cc(C(F)(F)F)c1,9.01
COc1ccccc1CN(CC(Cc1c[nH]c2ccccc12)NC(=O)CN1CCN(Cc2ccccc2)CC1)C(C)=O,9.01
COc1ccccc1N1CCN(C(=O)CCc2c(-c3ccc(Cl)cc3)n(CCO)c3ccc(Cl)cc23)CC1,9.01
Cc1cc(F)ccc1[C@H]1C[C@@]2(CCN1C(=O)N(C)[C@H](C)c1cc(C(F)(F)F)cc(C(F)(F)F)c1)CC[C@@]1(C)COCCN12.Cl,9.0
CO/N=C(\CN(C)C(=O)c1cc(Cl)cc(Cl)c1)[C@H](CCN1CCC(N2CCCN(CC(=O)OCc3ccccc3)C2=O)CC1)c1ccc(Cl)c(Cl)c1,9.0
CO/N=C(\CN(C)C(=O)c1cc(Cl)cc(Cl)c1)[C@H](CCN1CCC(N2CCCN(Cc3nn[nH]n3)C2=O)CC1)c1ccc(Cl)c(Cl)c1,9.0
COc1ccccc1N1CCN(C(=O)CCc2c(-c3ccc(Br)cc3)[nH]c3ccc(C)cc23)CC1,9.0
CO/N=C(\CN(C)C(=O)c1cc(Cl)cc(Cl)c1)[C@H](CCN1CCC(N2CCCN(O)C2=O)CC1)c1ccc(Cl)c(Cl)c1,9.0
Cc1cc(F)ccc1[C@H]1C[C@]2(CC[C@@H](CO)N2)CCN1C(=O)N(C)[C@H](C)c1cc(C(F)(F)F)cc(C(F)(F)F)c1.Cl,9.0
Cc1cc(F)ccc1[C@H]1C[C@]2(CC[C@H](CO)N2)CCN1C(=O)N(C)[C@H](C)c1cc(C(F)(F)F)cc(C(F)(F)F)c1.Cl,9.0
CCCC[C@H](NC(=O)[C@H](Cc1ccccc1)NC(=O)CNC(=O)[C@@H](C)NC(=O)[C@@H](N)Cc1c(C)cc(O)cc1C)C(=O)N1CCC[C@H]1C(=O)N[C@@H](CC(C)C)C(=O)N[C@@H](Cc1c[nH]c2ccccc12)C(=O)NCc1cccc(C(F)(F)F)c1,9.0
CN(C(=O)c1cc(C(F)(F)F)cc(C(F)(F)F)c1)c1cc(C(=O)N[C@@H]2CCCCNC2=O)ccc1-c1ccc(F)cc1,9.0
O=C1CC[C@](CCN2CC(N3CCOCC3)C2)(c2ccc(Cl)c(Cl)c2)CN1CC1CCCCC1,9.0
FC(F)(F)c1cc(CO[C@H]2CCCN(Cc3cocn3)[C@H]2c2ccccc2)cc(C(F)(F)F)c1,9.0
COc1cccc(C(COCc2cc(C(F)(F)F)cc(C(F)(F)F)c2)N2CCNCC2)c1,9.0
CCN(C)c1cc(C(F)(F)F)cc(COCC2(c3ccc(F)cc3)CCN(C)CC2)n1,9.0
O=C1CCC(CCN2CC(N3CCSCC3)C2)(c2ccc(Cl)c(Cl)c2)CN1Cc1ccccc1,9.0
Cc1cc(F)ccc1[C@H]1C[C@]2(CC[C@@H]3COCCN32)CCN1C(=O)N(C)[C@H](C)c1cc(C(F)(F)F)cc(C(F)(F)F)c1.Cl,9.0
FC(F)(F)c1cc(COC[C@]2(c3ccccc3)CCCCN2)cc(C(F)(F)F)c1,9.0
C[C@@H](O[C@@H]1[C@@H](c2ccc(F)cc2)CN2C(=O)OC[C@H]12)c1cc(C(F)(F)F)cc(C(F)(F)F)c1,9.0
CN(C)CCCNC(=O)c1ccc(-c2ccc(Cl)cc2)c(N(C)C(=O)c2cc(C(F)(F)F)cc(C(F)(F)F)c2)c1,9.0
Cc1cc(F)ccc1[C@H]1C[C@@]2(CCC(C(N)=O)N2)CCN1C(=O)N(C)[C@H](C)c1cc(C(F)(F)F)cc(C(F)(F)F)c1,9.0
Cc1cc(F)ccc1[C@H]1C[C@]2(CC[C@H](C(N)=O)N2)CCN1C(=O)N(C)[C@H](C)c1cc(C(F)(F)F)cc(C(F)(F)F)c1.Cl,9.0
Cc1cc(F)ccc1[C@H]1C[C@]2(CC[C@@H](C(N)=O)N2)CCN1C(=O)N(C)[C@H](C)c1cc(C(F)(F)F)cc(C(F)(F)F)c1.Cl,9.0
Cc1cc(F)ccc1[C@H]1C[C@]2(CC[C@H](C(N)=O)N2)CCN1C(=O)N(C)Cc1cc(C(F)(F)F)cc(C(F)(F)F)c1,9.0
Cc1cc(F)ccc1[C@H]1C[C@]2(CC[C@H](C(N)=O)N2)CCN1C(=O)N(C)[C@@H](C)c1cc(C(F)(F)F)cc(C(F)(F)F)c1,9.0
Cc1cc(F)ccc1[C@H]1C[C@@]2(CCN1C(=O)N(C)[C@H](C)c1cc(C(F)(F)F)cc(C(F)(F)F)c1)CC(C(=O)[O-])CN2.[Na+],9.0
Cc1cc(F)ccc1[C@H]1C[C@]2(CC[C@@H](C(N)=O)N2)CCN1C(=O)N(C)[C@@H](C)c1cc(C(F)(F)F)cc(C(F)(F)F)c1,9.0
Cc1cc(F)ccc1[C@H]1C[C@@]2(CCN1C(=O)N(C)[C@H](C)c1cc(C(F)(F)F)cc(C(F)(F)F)c1)NCC[C@@H]2C(=O)[O-].[Li+],9.0
Cc1cc(F)ccc1[C@H]1C[C@]2(CCCN2)CCN1C(=O)N(C)[C@H](C)c1cc(C(F)(F)F)cc(C(F)(F)F)c1,9.0
C[C@@H](OC[C@]1(c2ccccc2)C[C@](N)(C(N)=O)C1)c1cc(C(F)(F)F)cc(C(F)(F)F)c1,9.0
CNC(=O)[C@]1(N)C[C@@](CO[C@H](C)c2cc(C(F)(F)F)cc(C(F)(F)F)c2)(c2ccccc2)C1,9.0
CS(=O)(=O)N1CC2(CCN(C(=O)[C@H](COCc3ccc(Cl)c(Cl)c3)NCc3ccccc3)CC2)c2ccccc21,9.0
CSN1CC2(CCN(C(=O)N[C@@H](Cc3c[nH]c4ccccc34)C(=O)N(C)Cc3cc(C(F)(F)F)cc(C(F)(F)F)c3)CC2)c2ccccc21,9.0
C=C(C)n1c(=O)n(CCN2CCC(N(C(=O)OCC)c3ccc(Cl)c(Cl)c3)CC2)c2ccccc21,9.0
CN(C(=O)C(C)(C)c1cc(C(F)(F)F)cc(C(F)(F)F)c1)c1cnc(N2CCC[C@H]2CO)cc1-c1ccccc1Cl,9.0
CO/N=C(\CN(C)C(=O)c1cc(C)cc(C)c1)C(CCN1CCC(O)(c2ccccc2)CC1)c1ccc(Cl)c(Cl)c1,9.0
COCc1ccccc1NC(=O)N1CCC[C@H]1C(=O)N[C@@H](Cc1ccc2ccccc2c1)C(=O)N(C)Cc1ccccc1,9.0
CN(C(=O)c1cc(C(F)(F)F)cc(C(F)(F)F)c1)[C@@H](/C=C/C(=O)NC1(C(N)=O)CCCCC1)Cc1ccc(Cl)cc1,9.0
Cc1ccccc1C(COCc1cc(C(F)(F)F)cc(C(F)(F)F)c1)N1CCNCC1,9.0
Cc1cc(F)ccc1[C@H]1C[C@]2(CC[C@@H](C(N)=O)N2)CCN1C(=O)N(C)Cc1cc(C(F)(F)F)cc(C(F)(F)F)c1,9.0
Cc1cc(F)ccc1-c1cc(C2CCC(O)(CC(=O)O)CC2)ncc1N(C)C(=O)C(C)(C)c1cc(C(F)(F)F)cc(C(F)(F)F)c1,9.0
Cc1cc(C)cc(CO[C@H]2C3CCN(CC3)[C@H]2C(c2ccccc2)c2ccccc2)c1,9.0
FC(F)(F)c1cc(COCC2(c3ccccc3)CCCCN2)cc(C(F)(F)F)c1,9.0
Cn1nnc(C2CC3(c4ccccc4)NC2CCC3OCc2cc(C(F)(F)F)cc(C(F)(F)F)c2)n1,9.0
NC(=O)CN1CCC[C@H](OCc2cc(C(F)(F)F)cc(C(F)(F)F)c2)[C@@H]1c1ccccc1,9.0
Cc1ccccc1-c1cc(N2CCOCC2)ncc1N(C)C(=O)C(C)(C)c1cc(C(F)(F)F)cc(C(F)(F)F)c1,9.0
Cc1cc(F)ccc1[C@H]1C[C@@]2(CCN1C(=O)N(C)[C@H](C)c1cc(C(F)(F)F)cc(C(F)(F)F)c1)CC[C@@](C)(C(N)=O)N2.Cl,9.0
Cc1cc(F)ccc1[C@H]1C[C@@]2(CCN1C(=O)N(C)[C@H](C)c1cc(C(F)(F)F)cc(C(F)(F)F)c1)CC[C@]1(C)COCCN12.Cl,9.0
CNC(=O)NCCCO/N=C(\CN(C)C(=O)c1cc(Cl)cc(Cl)c1)C(CCN1CCC(N2CCCCC2=O)CC1)c1ccc(Cl)c(Cl)c1,9.0
COc1ccc(-n2nnnc2N)cc1CN[C@H]1CCCN[C@H]1c1ccccc1.Cl.Cl,9.0
CC(C)C[C@H](NC(=O)[C@@H]1CCCN1C(=O)CNC(=O)[C@H](Cc1ccccc1)NC(=O)CNC(=O)[C@@H](C)NC(=O)[C@@H](N)Cc1ccc(O)cc1)C(=O)N[C@@H](Cc1c[nH]c2ccccc12)C(=O)OCc1cc(C(F)(F)F)cc(C(F)(F)F)c1,9.0
Cc1cc(F)ccc1[C@H]1C[C@@]2(CCN1C(=O)N(C)[C@H](C)c1cc(C(F)(F)F)cc(C(F)(F)F)c1)CC[C@](C)(C(N)=O)N2.Cl,9.0
Cc1cc(O)cc(C)c1C[C@H](N)C(=O)N[C@@H](C)C(=O)NCC(=O)N[C@@H](Cc1ccc(F)cc1)C(=O)N1CCC[C@H]1C(=O)N[C@@H](CC(C)C)C(=O)N[C@@H](Cc1c[nH]c2ccccc12)C(=O)NCc1cc(C(F)(F)F)cc(C(F)(F)F)c1,9.0
Cc1cc(F)ccc1[C@H]1C[C@@]2(CCN1C(=O)N(C)[C@H](C)c1cc(C(F)(F)F)cc(C(F)(F)F)c1)CC[C@@](C)(CO)N2.Cl,9.0
Cc1cc(F)ccc1[C@H]1C[C@@]2(CCN1C(=O)N(C)[C@H](C)c1cc(C(F)(F)F)cc(C(F)(F)F)c1)CC[C@](C)(CO)N2.Cl,9.0
Cc1cc(O)cc(C)c1C[C@H](N)C(=O)N[C@H](CCCNC(=N)N)C(=O)N[C@@H](Cc1ccccc1)C(=O)N[C@@H](CCCCN)C(=O)N1CCN([C@@H]2CCN(C(=O)c3cc(C(F)(F)F)cc(C(F)(F)F)c3)C[C@@H]2c2ccccc2)CC1,9.0
C[C@@H](O[C@H]1CN2C(=O)C=C(c3ccc(NS(C)(=O)=O)cc3)CC2[C@@H]1c1ccc(F)cc1)c1cc(C(F)(F)F)cc(C(F)(F)F)c1,9.0
Cc1cc(F)ccc1[C@H]1C[C@]2(CC[C@H]3COCCN32)CCN1C(=O)N(C)[C@H](C)c1cc(C(F)(F)F)cc(C(F)(F)F)c1.Cl,9.0
O=C(O)C1CC2(c3ccc(F)cc3)NC1CCC2NCc1cc(OC(F)(F)F)ccc1OC1CC1,9.0
C[C@@H](OC[C@@]1(c2ccccc2)CC[C@H](NS(C)(=O)=O)CN1)c1cc(C(F)(F)F)cc(C(F)(F)F)c1,8.99
CN(C(=O)C(C)(C)c1cc(C(F)(F)F)cc(C(F)(F)F)c1)[C@H]1CN(C(=O)N(CCO)CCO)C[C@@H]1c1ccc(F)cc1,8.96
CN(C(=O)c1cc(C(F)(F)F)cc(C(F)(F)F)c1)[C@@H](/C=C/C(=O)N[C@@H]1CCCCNC1=O)Cc1ccc2ccccc2c1,8.96
CN(C)Cc1[nH]nnc1CN1CCO[C@@]2(CC[C@@H](c3ccccc3C(F)(F)F)CO2)[C@@H]1c1ccc(F)cc1,8.96
Cn1c(C(=O)NCc2cc(C(F)(F)F)cc(C(F)(F)F)c2)c(-c2ccc(F)cc2)c2cccnc2c1=O,8.96
CN(Cc1ccccc1)C(=O)[C@H](Cc1ccc2ccccc2c1)NC(=O)[C@@H]1CCCN1C(=O)Nc1ccccc1C#N,8.96
CN(CC(c1ccccc1Br)N1CCC(N2CCCCC2)CC1)C(=O)Cc1cc(C(F)(F)F)cc(C(F)(F)F)c1,8.96
COc1ccc(Br)cc1CN1CCC(=O)C(C(c2ccc(F)cc2)c2ccc(F)cc2)C1.Cl,8.96
CN(Cc1nc[nH]n1)[C@@H]1CC[C@H](OCc2cc(C(F)(F)F)cc(C(F)(F)F)c2)[C@H]1c1ccccc1,8.96
CN(Cc1ccccc1)C(=O)[C@H](Cc1ccc2ccccc2c1)NC(=O)[C@@H]1CCCN1C(=O)Nc1ccc(C#N)cc1,8.96
COc1ccccc1CN(CC(Cc1c[nH]c2ccccc12)NC(=O)CN1CCN(c2ccccc2)CC1)C(C)=O,8.96
NC(=O)CN1CCO[C@H](OCc2cc(C(F)(F)F)cc(C(F)(F)F)c2)[C@@H]1c1ccccc1,8.96
CO/N=C(\CN(C)C(=O)c1cc(Cl)cc(Cl)c1)[C@H](CCN1CCC(N2CCCN(Cc3ccoc3)C2=O)CC1)c1ccc(Cl)c(Cl)c1,8.96
CN(C)Cc1n[nH]nc1CN1CCOC2(CCC(c3ccccc3C(F)(F)F)CO2)C1c1ccc(F)cc1,8.96
CSCC[C@H](NC(=O)[C@H](CC(C)C)NC(=O)[C@@H]1CCCN1C(=O)[C@H](Cc1ccccc1)NC(=O)[C@H](Cc1ccccc1)NC(=O)[C@H](CCC(N)=O)NC(=O)[C@H](CCC(N)=O)NC(=O)[C@@H]1CCCN1C(=O)[C@H](CCCCN)NC(=O)[C@@H]1CCCN1C(=O)[C@@H](N)CCCN=C(N)N)C(N)=O,8.96
Cc1ccccc1-c1cnc(N2CCN(C)CC2)nc1N(C)C(=O)C(C)(C)c1cc(C(F)(F)F)cc(C(F)(F)F)c1,8.96
Cc1cc(O)cc(C)c1C[C@H](N)C(=O)N[C@H](CCCNC(=N)N)C(=O)N[C@@H](Cc1ccccc1)C(=O)N[C@@H](CCCCN)C(=O)N(C)[C@@H]1CCN(C(=O)c2cc(C(F)(F)F)cc(C(F)(F)F)c2)C[C@@H]1c1ccccc1,8.96
O=C1CN([C@H]2CC[C@](c3ccccc3)(N3CCC(c4cc(C(F)(F)F)cc(C(F)(F)F)c4)C3=O)CC2)CCN1c1ccccc1,8.96
COc1cc(C2=CC(=O)N3C[C@H](O[C@H](C)c4cc(C(F)(F)F)cc(C(F)(F)F)c4)[C@@H](c4ccc(F)cc4)C3C2)ccn1,8.96
CN(C(=O)C(C)(C)c1cc(C(F)(F)F)cc(C(F)(F)F)c1)c1cnc(NCCO)cc1-c1ccccc1Cl,8.95
CCNC(=O)[C@@H]1CC[C@@](CO[C@H](C)c2cc(C(F)(F)F)cc(C(F)(F)F)c2)(c2ccccc2)NC1,8.95
CN(C(=O)C(C)(C)c1cc(C(F)(F)F)cc(C(F)(F)F)c1)c1cnc(N(CCO)CCO)cc1-c1ccccc1Cl,8.94
COc1ccccc1CN(CC(Cc1csc2ccccc12)NC(=O)CN1CCN(c2ccccc2)CC1)C(C)=O,8.93
C[C@@H](O[C@H]1CN2C(=O)[C@@H]3C[C@H](NCc4ccccc4)C[C@@H]3[C@H]2[C@@H]1c1ccc(F)cc1)c1cc(C(F)(F)F)cc(C(F)(F)F)c1,8.92
CN(Cc1cc(C(F)(F)F)cc(C(F)(F)F)c1)C(=O)c1c(-c2ccccc2)c2ccccc2c(=O)n1C,8.92
CO/N=C(\CN(C)C(=O)c1cc(Cl)cc(Cl)c1)[C@H](CCN1CCC(n2c(O)nc3ccccc32)CC1)c1ccc(Cl)c(Cl)c1,8.92
CS(=O)(=O)NC(=O)C1CC2(c3ccc(F)cc3)NC1CCC2NCc1cc(OC(F)(F)F)ccc1OC1CC1,8.92
CC1CCN([C@H]2CC[C@](NC(=O)C(C)c3cc(C(F)(F)F)cc(C(F)(F)F)c3)(c3ccccc3)CC2)CC1,8.92
CN(C/C(=N\OCC(=O)NO)C(CCN1CCC(N2CCCCC2=O)CC1)c1ccc(Cl)c(Cl)c1)C(=O)c1cc(Cl)cc(Cl)c1,8.92
C[C@@H](O[C@@H]1[C@@H](c2ccc(F)cc2)CN(C(=O)OC(C)(C)C)[C@H]1CO)c1cc(C(F)(F)F)cc(C(F)(F)F)c1,8.92
Cc1cc(O)cc(C)c1C[C@H](N)C(=O)N[C@H](CCCNC(=N)N)C(=O)N[C@@H](Cc1ccccc1)C(=O)N[C@@H](CCCCN)C(=O)N1CC[C@@H](C(=O)N(C)Cc2cc(C(F)(F)F)cc(C(F)(F)F)c2)[C@H](c2ccccc2)C1,8.92
CN(C)CCCC(=O)N1CCC(COCc2cc(C(F)(F)F)cc(C(F)(F)F)c2)(c2ccccc2)CC1,8.92
COc1ccc(OC(F)(F)F)cc1CN[C@H]1CCN(S(C)(=O)=O)C[C@H]1c1ccccc1.Cl,8.92
CO/N=C(\CN(CCF)C(=O)c1cc(Cl)cc(Cl)c1)[C@H](CCN1CCC(n2c(=O)n(CC(=O)O)c3ccccc32)CC1)c1ccc(Cl)c(Cl)c1,8.92
CN(C/C(=N\OCCCNS(C)(=O)=O)C(CCN1CCC(N2CCCCC2=O)CC1)c1ccc(Cl)c(Cl)c1)C(=O)c1cc(Cl)cc(Cl)c1,8.92
C[C@@H](OC1CCC2NC1(c1ccccc1)CC2c1nnnn1C)c1cc(C(F)(F)F)cc(C(F)(F)F)c1,8.92
CN1CCC(COCc2cc(C(F)(F)F)cc(N3CCCC3)n2)(c2ccccc2)CC1,8.92
O=C1CCC(CCN2CC(N3CCS(=O)(=O)CC3)C2)(c2ccc(Cl)c(Cl)c2)CN1Cc1ccccc1,8.9
O=C(c1cc(C(F)(F)F)cc(C(F)(F)F)c1)N1CCN(CC/C(=N\OCCN2CCOCC2)c2ccccc2)C[C@H]1Cc1c[nH]c2ccccc12,8.9
O=C1CCC(CCN2CC(N3CCOCC3)C2)(c2ccc(Cl)c(Cl)c2)CN1CC1CCCCC1,8.9
NS(=O)(=O)N1CCN(C2CN(CCC3(c4ccc(Cl)c(Cl)c4)CCC(=O)N(CC4CC4)C3)C2)CC1,8.9
Cc1cc(F)ccc1[C@H]1CNCCN1C(=O)N1CCCCC1c1cc(C(F)(F)F)cc(C(F)(F)F)c1,8.9
Brc1cc(I)cc(COCC(c2ccccc2)N2CCNCC2)c1,8.9
O=C1CCN(C2CN(CCC3(c4ccc(Cl)c(Cl)c4)CCC(=O)N(CC4CC4)C3)C2)CC1,8.9
C[C@H](OC[C@H](c1ccccc1)N1CCN(CCOCC(=O)O)CC1)c1cc(C(F)(F)F)cc(C(F)(F)F)c1,8.9
C/C(CN1CCN(C(=O)c2cc(C(F)(F)F)cc(C(F)(F)F)c2)[C@H](Cc2c[nH]c3ccccc23)C1)=N/OCc1ccccn1,8.9
C/C(CCCN1CCN(C(=O)c2cc(C(F)(F)F)cc(C(F)(F)F)c2)[C@H](Cc2c[nH]c3ccccc23)C1)=N/OCCN1CCOCC1,8.9
COc1ccccc1CNCCNC(=O)N1CCN(C(=O)c2cc(C(F)(F)F)cc(C(F)(F)F)c2)[C@H](Cc2c[nH]c3ccccc23)C1,8.9
C[C@H](OC[C@H](c1ccccc1)N1CCN(CC(=O)O)CC1)c1cc(C(F)(F)F)cc(C(F)(F)F)c1,8.9
C/C(CN1CCN(C(=O)c2cc(C(F)(F)F)cc(C(F)(F)F)c2)[C@H](Cc2c[nH]c3ccccc23)C1)=N/OCCN1CCSCC1,8.9
CN(Cc1ccccc1)C(=O)[C@H](Cc1ccc2ccccc2c1)NC(=O)C1(NC(=O)c2c[nH]c3ccccc23)CCCCC1,8.9
O=C(c1cc(C(F)(F)F)cc(C(F)(F)F)c1)N1CCN(C/C(=N\OCCCN2CCOCC2)c2ccccc2)C[C@H]1Cc1c[nH]c2ccccc12,8.9
Cc1cc(F)ccc1-c1cc(N2CC[C@H](O)C2)ncc1N(C)C(=O)C(C)(C)c1cc(C(F)(F)F)cc(C(F)(F)F)c1,8.89
C[C@@H](OC[C@]1(c2ccccc2)C[C@](N)(C(=O)N2CCCC2)C1)c1cc(C(F)(F)F)cc(C(F)(F)F)c1,8.89
Cn1c(-c2ccc(Cl)cc2)c(CCC(=O)N2CCC(Nc3ccccc3)CC2)c2cc(Cl)ccc21,8.89
CNC(=O)C[C@H]1CCCN(C2CCN(CC[C@@H](/C(CN(C)C(=O)c3cc(Cl)cc(Cl)c3)=N/OC)c3ccc(Cl)c(Cl)c3)CC2)C1=O,8.89
COc1ccccc1CN[C@H]1C2CC[N+](CC(N)=O)(CC2)[C@H]1C(c1ccccc1)c1ccccc1.[I-],8.89
COC(=O)CC(=O)N(Cc1ccccc1OC)CC(Cc1c[nH]c2ccccc12)NC(=O)CN1CCN(c2ccccc2)CC1,8.89
COc1ccc(C(F)(F)F)cc1[C@H]1COCC2(C1)OCCN[C@H]2c1ccc(F)cc1,8.89
Cc1ccccc1-c1c(C(=O)N(C)Cc2cc(C(F)(F)F)cc(C(F)(F)F)c2)n(C)c(=O)c2ccccc12,8.89
CO/N=C(\CN(C)C(=O)c1cc(Cl)cc(Cl)c1)[C@H](CCN1CCC(n2c(=O)n(CC(=O)O)c3ccccc32)CC1)c1ccc(Cl)c(Cl)c1,8.89
CO/N=C(\CN(C)C(=O)c1cc(Cl)cc(Cl)c1)[C@H](CCN1CCC(n2c(=O)n(CC(=O)OC)c3ccccc32)CC1)c1ccc(Cl)c(Cl)c1,8.89
C[C@@H](O[C@H]1CC[C@@H](N)[C@@H]1c1ccc(F)cc1)c1cc(C(F)(F)F)cc(C(F)(F)F)c1,8.89
CNC(=O)C[C@H]1CCCN(C2CCN(CC[C@@H](/C(CN(C)C(=O)c3cc(Cl)cc(Cl)c3)=N/OC)c3ccc(Cl)c(Cl)c3)CC2)C1,8.89
Cc1ccccc1-c1cc(N2CCS(=O)(=O)CC2)ncc1N(C)C(=O)C(C)(C)c1cc(C(F)(F)F)cc(C(F)(F)F)c1,8.89
C[C@@H](OC[C@]1(c2ccccc2)C[C@](N)(C(=O)N2CCCCC2)C1)c1cc(C(F)(F)F)cc(C(F)(F)F)c1,8.89
Cc1cc(F)ccc1C1CNCCN1C(=O)N(C)Cc1cc(C(F)(F)F)cc(C(F)(F)F)c1,8.89
C[C@@H](O[C@@H]1[C@@H](c2ccccc2)CN2C(=O)OC[C@@H]12)c1cc(C(F)(F)F)cc(C(F)(F)F)c1,8.89
CN(CC(c1cccc2c1OCO2)N1CCN(C2CCCCC2)CC1)C(=O)Cc1cc(C(F)(F)F)cc(C(F)(F)F)c1,8.89
Cc1cc(F)ccc1-c1cc(N2CCC([C@@H](C)C(=O)O)CC2)nc(C#N)c1N(C)C(=O)C(C)(C)c1cc(C(F)(F)F)cc(C(F)(F)F)c1,8.88
CN(C(=O)C(C)(C)c1cc(C(F)(F)F)cc(C(F)(F)F)c1)c1cnc(N(CCO)CCCO)cc1-c1ccccc1Cl,8.86
Cc1c(F)cccc1C(CN(C)C(=O)Cc1cc(C(F)(F)F)cc(C(F)(F)F)c1)N1CCC(N2CCCCC2)CC1,8.85
COc1ccc(-n2nnnc2C(F)(F)F)cc1CN[C@H]1CCNC[C@H]1c1ccccc1.Cl.Cl,8.85
FC(F)(F)c1cc(CO[C@@H]2CCCN[C@@H]2c2ccccc2)cc(C(F)(F)F)c1,8.85
CC(C)N1CCN(C(CN(C)C(=O)Cc2cc(C(F)(F)F)cc(C(F)(F)F)c2)c2cccc3c2OCO3)CC1,8.85
Cc1cc(O)cc(C)c1C[C@H](N)C(=O)N[C@H](CCCNC(=N)N)C(=O)N[C@H]1Cc2ccccc2CN(CCC(=O)N2CCN([C@@H]3CCN(C(=O)c4cc(C(F)(F)F)cc(C(F)(F)F)c4)C[C@@H]3c3ccccc3)CC2)C1=O,8.85
Cc1cc(O)cc(C)c1C[C@H](N)C(=O)N[C@@H](C)C(=O)NCC(=O)N[C@@H](Cc1ccccc1)C(=O)N1CCC[C@H]1C(=O)N[C@@H](CC(C)C)C(=O)N[C@@H](Cc1c[nH]c2ccccc12)C(=O)NCc1cc(C(F)(F)F)cc(C(F)(F)F)c1,8.85
Cc1ccccc1-c1cc(N2CCN(C)CC2)ccc1C(=O)N(C)Cc1cc(C(F)(F)F)cc(C(F)(F)F)c1,8.85
Cc1cc(O)cc(C)c1C[C@H](N)C(=O)N[C@H](CCCNC(=N)N)C(=O)N[C@H]1Cc2ccccc2CN(CCC(=O)N(C)[C@@H]2CCN(C(=O)c3cc(C(F)(F)F)cc(C(F)(F)F)c3)C[C@@H]2c2ccccc2)C1=O,8.85
Cc1cc(F)ccc1-c1cc(N2CCC3(CC2)OCCS3(=O)=O)ncc1N(C)C(=O)C(C)(C)c1cc(C(F)(F)F)cc(C(F)(F)F)c1,8.85
Cc1cc(F)ccc1-c1cc(N2CCC[C@H]2CO)ncc1N(C)C(=O)C(C)(C)c1cc(C(F)(F)F)cc(C(F)(F)F)c1,8.85
CN(C)Cc1n[nH]nc1CN1CCOC2(CCC(c3ccccc3OC(F)(F)F)CO2)C1c1ccc(F)cc1,8.85
C[C@@H](O[C@H]1CC[C@@H](N(C)c2cnccn2)[C@@H]1c1ccc(F)cc1)c1cc(C(F)(F)F)cc(C(F)(F)F)c1,8.85
CN(C)Cc1[nH]nnc1CN1CCO[C@@]2(CC[C@@H](c3ccccc3OC(F)(F)F)CO2)[C@@H]1c1ccc(F)cc1,8.85
CCCCCN(CCCCC)C(=O)[C@H]1CCN(C(=O)N(c2ccccc2)c2cccc(Cl)c2)[C@H](C(=O)NCCN(C)Cc2ccccc2OC)C1,8.85
CN(C(=O)c1cc(C(F)(F)F)cc(C(F)(F)F)c1)N(CCC(=O)N[C@@H]1CCCCNC1=O)Cc1ccc(Cl)c(Cl)c1,8.85
CC(=O)N1CCN(C(=O)N2C[C@H](c3ccc(F)cc3)[C@@H](N(C)C(=O)C(C)(C)c3cc(C(F)(F)F)cc(C(F)(F)F)c3)C2)CC1,8.85
CN(CC(c1cccc(C(F)(F)F)c1F)N1CCC(N2CCCCC2)CC1)C(=O)Cc1cc(C(F)(F)F)cc(C(F)(F)F)c1,8.85
CN(Cc1nc[nH]n1)[C@H](COCc1cc(C(F)(F)F)cc(C(F)(F)F)c1)c1ccccc1,8.85
CC(C)C[C@H](NC(=O)[C@@H]1CCCN1C(=O)[C@H](Cc1ccccc1)NC(=O)CNC(=O)[C@@H](C)NC(=O)[C@@H](N)Cc1ccc(O)cc1)C(=O)N[C@@H](Cc1c[nH]c2ccccc12)C(=O)N(C)Cc1cc(C(F)(F)F)cc(C(F)(F)F)c1,8.85
Cc1cc(F)ccc1-c1cc(C2CCC(C(=O)O)CC2)ncc1N(C)C(=O)C(C)(C)c1cc(C(F)(F)F)cc(C(F)(F)F)c1,8.84
COc1ccc(-c2[nH]c3ccc(C)cc3c2CCC(=O)N2CCN(c3ccccc3OC)CC2)cc1,8.82
COc1cccc(C(CNC(=O)Cc2cc(C(F)(F)F)cc(C(F)(F)F)c2)N2CCC(N3CCCCC3)CC2)c1,8.82
CN(CC(c1ccc(F)cc1Cl)N1CCC(N2CCCCC2)CC1)C(=O)Cc1cc(C(F)(F)F)cc(C(F)(F)F)c1,8.82
C[C@@H](O[C@H]1CN2C(=O)[C@@H]3C[C@H](N)C[C@@H]3[C@H]2[C@@H]1c1ccc(F)cc1)c1cc(C(F)(F)F)cc(C(F)(F)F)c1,8.82
NC(=O)[C@H](Cc1ccccc1)NC(=O)[C@@H](N)Cc1ccccc1,8.82
CN(Cc1n[nH]c(O)n1)[C@H](COCc1cc(Cl)cc(Cl)c1)c1ccccc1,8.82
C[C@@H](O[C@@H]1[C@@H](c2ccccc2)CN2C(=O)OC[C@H]12)c1cc(C(F)(F)F)cc(C(F)(F)F)c1,8.82
CN(C/C(=N\OCC#N)C(CCN1CCC(N2CCCCC2=O)CC1)c1ccc(Cl)c(Cl)c1)C(=O)c1cc(Cl)cc(Cl)c1,8.82
O=C1CC[C@@H](CN[C@@H]2CC[C@H](OCc3cc(C(F)(F)F)cc(C(F)(F)F)c3)[C@H]2c2ccccc2)N1,8.82
CN(Cc1ccccc1)C(=O)[C@H](Cc1ccc2ccccc2c1)NC(=O)[C@H]1C[C@H](O)CN1C(=O)c1cn(CCCCc2nnn[n-]2)c2ccccc12.[K+],8.82
NC(=O)C[C@H]1CCC[C@H](OCc2cc(C(F)(F)F)cc(C(F)(F)F)c2)[C@@H]1c1ccccc1,8.82
CN(C(=O)c1cc(C(F)(F)F)cc(C(F)(F)F)c1)c1cc(C(=O)NC2CCCCNC2=O)ccc1-c1ccccc1,8.82
CO/N=C(\CN(C)C(=O)c1cc(Cl)cc(Cl)c1)[C@H](CCN1CCC(n2c(=O)n(C)c3ccccc32)CC1)c1ccc(Cl)c(Cl)c1,8.82
C[C@@H](OC[C@@]1(c2ccc(F)cc2)CNC(=O)N1)c1cc(C(F)(F)F)cc(C(F)(F)F)c1,8.82
O=C1CN([C@H]2CC[C@](c3ccccc3)(N3CCCC(c4cc(C(F)(F)F)cc(C(F)(F)F)c4)C3=O)CC2)CCN1c1ccccc1,8.82
COc1cc(C)cc(COC2C3CCN(CC3)C2C(c2ccccc2)c2ccccc2)c1,8.82
Cn1nnc(C2(F)CC3(c4ccccc4)NC2CCC3OCc2cc(C(F)(F)F)cc(C(F)(F)F)c2)n1,8.82
CC(=O)C1CCC(C(=O)N2CC(c3ccc(Cl)c(Cl)c3)[C@H](N(C)C(=O)c3cc(C(F)(F)F)cc(C(F)(F)F)c3)C2)CC1,8.82
COc1ccccc1CN(CC(Cc1c[nH]c2ccccc12)NC(=O)CN1CCN(c2ccccc2)CC1)C(=O)CN(C)C,8.81
CN(C/C(=N\OCCCn1ccnc1)C(CCN1CCC(N2CCCCC2=O)CC1)c1ccc(Cl)c(Cl)c1)C(=O)c1cc(Cl)cc(Cl)c1,8.8
CC(C(=O)N[C@]1(c2ccccc2)CC[C@@H](N2CCC(=O)CC2)CC1)c1cc(C(F)(F)F)cc(C(F)(F)F)c1,8.8
CC(=O)N[C@H](Cc1c[nH]c2ccccc12)C(=O)OCc1cc(C(F)(F)F)cc(C(F)(F)F)c1,8.8
FC(F)(F)c1cc(COC2C3CCN(CC3)C2C(c2ccccc2)c2ccccc2)cc(C(F)(F)F)c1,8.8
CN(C(=O)C(C)(C)c1cc(C(F)(F)F)cc(C(F)(F)F)c1)c1cnc(N2CCC[C@@H]2CO)cc1-c1ccccc1Cl,8.8
CC(=O)N1CCN(C2CN(CCC3(c4ccc(Cl)c(Cl)c4)CCC(=O)N(Cc4ccccc4)C3)C2)CC1,8.8
CCOC(=O)[C@@H](Cc1ccc(O)cc1)N1CCCN(C2CCN(CC[C@@H](/C(CN(C)C(=O)c3cc(Cl)cc(Cl)c3)=N/OC)c3ccc(Cl)c(Cl)c3)CC2)C1=O,8.8
FC(F)(F)c1cc(COCC(c2ccccc2Cl)N2CCNCC2)cc(C(F)(F)F)c1,8.8
CN(C(=O)C(C)(C)c1cc(C(F)(F)F)cc(C(F)(F)F)c1)c1cnc(N2CC[C@H](O)[C@H]2CO)cc1-c1ccccc1Cl,8.8
FC(F)(F)c1cc(COCC(c2cccc(Cl)c2)N2CCNCC2)cc(C(F)(F)F)c1,8.8
Ic1ccccc1CN[C@@H]1C2CCN(CC2)[C@@H]1C(c1ccccc1)c1ccccc1,8.8
N=C(N)NCCC[C@H](N)C(=O)N1CCC[C@H]1C(=O)N[C@@H](CCCCN)C(=O)N1CCC[C@H]1C(=O)N[C@@H](CCC(N)=O)C(=O)N[C@@H](CCC(N)=O)C(=O)N[C@@H](Cc1ccccc1)C(=O)O,8.8
CC(C)C[C@H](NC(=O)[C@@H]1CCCN1C(=O)[C@H](Cc1ccccc1)NC(=O)CNC(=O)[C@@H](C)NC(=O)[C@@H](N)Cc1ccc(O)cc1)C(=O)N[C@@H](Cc1c[nH]c2ccccc12)C(=O)N(C)Cc1ccccc1,8.8
C=Cc1cccc(C(COCc2cc(C(F)(F)F)cc(C(F)(F)F)c2)N2CCNCC2)c1C=C,8.8
CN1CCN(C(COCc2cc(C(F)(F)F)cc(C(F)(F)F)c2)c2ccccc2)CC1,8.8
C/C(CN1CCN(C(=O)c2cc(C(F)(F)F)cc(C(F)(F)F)c2)[C@H](Cc2c[nH]c3ccccc23)C1)=N/OCCN1CCN(C)CC1,8.8
O=C(Cc1cc(C(F)(F)F)cc(C(F)(F)F)c1)NCC(c1cccc2c1OCO2)N1CCC(N2CCCCC2)CC1,8.8
O=C(Cc1cc(C(F)(F)F)cc(C(F)(F)F)c1)NCC(c1cccc2c1OCO2)N1CCN(C2CCCCC2)CC1,8.8
COC(=O)CN1CCO[C@H](OCc2cc(C(F)(F)F)cc(C(F)(F)F)c2)[C@@H]1c1ccccc1,8.8
O=C1NC(COCc2cc(C(F)(F)F)cc(C(F)(F)F)c2)(c2ccc(F)cc2)CN1CCN1CCCC1,8.8
CCN(CC)c1cc(C(F)(F)F)cc(COCC2(c3ccc(F)cc3)CCN(C)CC2)n1,8.8
FC(F)(F)c1cc(COCC(c2ccccc2)N2CCNCC2)cc(C(F)(F)F)c1,8.8
O=C1CCC(CCN2CC(N3CCC(O)CC3)C2)(c2ccc(Cl)c(Cl)c2)CN1CC1CC1,8.8
Cc1cc(F)ccc1-c1cc(C2CCC3(CC2)CC3C(=O)O)ncc1N(C)C(=O)C(C)(C)c1cc(C(F)(F)F)cc(C(F)(F)F)c1,8.79
Cc1cc(F)ccc1-c1cc([C@H]2CC[C@H](CC(=O)O)CC2)ncc1N(C)C(=O)C(C)(C)c1cc(C(F)(F)F)cc(C(F)(F)F)c1,8.79
Cn1c(-c2ccc(Cl)cc2)c(CCC(=O)N2CCC(O)(Cc3ccccc3)CC2)c2cc(-c3ccccn3)ccc21,8.77
O=C(Cc1cc(C(F)(F)F)cc(C(F)(F)F)c1)NCC(c1ccc(F)cc1Cl)N1CCC(N2CCCCC2)CC1,8.77
CN(CC(c1ccc(F)c(Cl)c1)N1CCC(N2CCCCC2)CC1)C(=O)Cc1cc(C(F)(F)F)cc(C(F)(F)F)c1,8.77
CN(Cc1ccccc1)C(=O)[C@H](Cc1ccc2ccccc2c1)N(C)C(=O)[C@@H]1CCCN1/C(S)=N/Cc1ccccc1Cl,8.77
CS(=O)(=O)N1CC2(CCN(C(=O)[C@H](COCc3ccc(Cl)c(Cl)c3)NCc3ccc(Cl)c(Cl)c3)CC2)c2ccccc21,8.77
CN(C/C(=N\OCCCn1cccn1)C(CCN1CCC(N2CCCCC2=O)CC1)c1ccc(Cl)c(Cl)c1)C(=O)c1cc(Cl)cc(Cl)c1,8.77
O=C(Cc1cc(C(F)(F)F)cc(C(F)(F)F)c1)NCC(c1cccc(C(F)(F)F)c1F)N1CCC(N2CCCCC2)CC1,8.77
CN(C/C(=N\OC(F)F)C(CCN1CCC(N2CCCCC2=O)CC1)c1ccc(Cl)c(Cl)c1)C(=O)c1cc(Cl)cc(Cl)c1,8.77
CN(Cc1ccccc1)C(=O)[C@H](Cc1ccc2ccccc2c1)NC(=O)[C@@H]1CCCN1C(=O)Nc1ccccc1CO,8.77
CCN1C[C@@](CO[C@H](C)c2cc(C(F)(F)F)cc(C(F)(F)F)c2)(c2ccccc2)NC1=O,8.77
Oc1n[nH]c(CN2CCC(COCc3cc(C(F)(F)F)cc(C(F)(F)F)c3)(c3ccccc3)CC2)n1,8.77
Fc1ccc(C2CCN([C@H]3CC[C@](CNCc4cc(C(F)(F)F)cc(C(F)(F)F)c4)(c4ccccc4)CC3)CC2)cc1,8.77
CC(C)c1noc(C2=CC(=O)N3C[C@H](O[C@H](C)c4cc(C(F)(F)F)cc(C(F)(F)F)c4)[C@@H](c4ccc(F)cc4)C3C2)n1,8.77
Cc1ccccc1-c1cnc(N2CCN(C)CC2)cc1N(C)C(=O)C(C)(C)c1cc(C(F)(F)F)cc(C(F)(F)F)c1,8.77
Cc1ccccc1-c1nc(N2CCN(C)CC2)ncc1C(=O)N(C)Cc1cc(C(F)(F)F)cc(C(F)(F)F)c1,8.77
CN(C(=O)C(C)(C)c1cc(C(F)(F)F)cc(C(F)(F)F)c1)c1cnc(N2CCCC(O)C2)cc1-c1ccccc1Cl,8.76
Cc1cc(F)ccc1-c1cc(C2CCC(CCC(=O)O)CC2)ncc1N(C)C(=O)C(C)(C)c1cc(C(F)(F)F)cc(C(F)(F)F)c1,8.75
Cc1cc(C)cc(C(=O)N2CCN(C(=O)CNC3CCN(Cc4ccccc4)CC3)C(c3ccc(Cl)c(Cl)c3)C2)c1,8.74
O=C(c1cc(C(F)(F)F)cc(C(F)(F)F)c1)N1CCN(C(=O)CNC2CCN(Cc3ccccc3)CC2)[C@@H](c2ccc(Cl)c(Cl)c2)C1,8.74
C[C@@H](O[C@H]1CN2C(=O)C=C(c3ccc(C#N)cc3)CC2[C@@H]1c1ccc(F)cc1)c1cc(C(F)(F)F)cc(C(F)(F)F)c1,8.74
Cc1ccc(-c2c3n(c(=O)c4ncccc24)CCCCCN(Cc2cc(C(F)(F)F)cc(C(F)(F)F)c2)C3=O)cc1,8.74
CN(C)CCC(=O)N[C@@H](Cc1c[nH]c2ccccc12)C(=O)CCc1cc(C(F)(F)F)cc(C(F)(F)F)c1,8.74
CN1CCC(COCc2cc(C3CC3)cc(C3CC3)n2)(c2ccc(F)cc2)CC1,8.74
O=C(Cc1ccccn1)N1CCC(COCc2cc(C(F)(F)F)cc(C(F)(F)F)c2)(c2ccccc2)CC1,8.74
CN(CC(c1cccc2c1OCO2)N1CCC(N2CCCCC2)CC1)C(=O)Cc1cc(C(F)(F)F)cc(C(F)(F)F)c1,8.74
CN(C/C(=N\OCCC[N+](C)(C)C)C(CCN1CCC(N2CCCCC2=O)CC1)c1ccc(Cl)c(Cl)c1)C(=O)c1cc(Cl)cc(Cl)c1.CS(=O)(=O)[O-],8.74
CCCC[C@H](NC(=O)[C@H](Cc1ccccc1)NC(=O)CNC(=O)[C@@H](C)NC(=O)[C@@H](N)Cc1ccc(O)cc1)C(=O)N[C@@H](CO[C@@H]1O[C@H](CO)[C@@H](O)[C@H](O)[C@H]1O)C(=O)N[C@@H](CC(C)C)C(=O)N[C@@H](Cc1c[nH]c2ccccc12)C(=O)NCc1cc(C(F)(F)F)cc(C(F)(F)F)c1,8.74
FC(F)(F)c1cc(COCC2(c3ccccc3)CCN(Cc3nc[nH]n3)CC2)cc(C(F)(F)F)c1,8.74
O=C(Cc1cccnc1)N1CCC(COCc2cc(C(F)(F)F)cc(C(F)(F)F)c2)(c2ccccc2)CC1,8.74
CCCCCN(CCCCC)C(=O)[C@H]1CCN(C(=O)N(c2ccccc2)c2ccccc2)[C@H](C(=O)NCCN(C)Cc2ccccc2OC)C1,8.74
N=C(N)NCCC[C@H](N)C(=O)N1CCC[C@@H]1C(=O)N[C@@H](CCCCN)C(=O)N1CCC[C@H]1C(=O)N[C@@H](CCC(N)=O)C(=O)N[C@@H](CCC(N)=O)C(=O)N[C@H](Cc1ccccc1)C(=O)O,8.74
CCCCCN(CCCCC)C(=O)[C@H]1CCN(C(=O)N(c2ccccc2)c2ccccc2)[C@H](C(=O)NCCN(CC(N)=O)Cc2ccccc2OC)C1,8.74
CN(CC(c1ccc(F)c(F)c1F)N1CCC(N2CCCCC2)CC1)C(=O)Cc1cc(C(F)(F)F)cc(C(F)(F)F)c1,8.74
NC(=O)CCN1CCC[C@H](OCc2cc(C(F)(F)F)cc(C(F)(F)F)c2)[C@@H]1c1ccccc1,8.74
CCCCCN(CCCCC)C(=O)[C@H]1CCN(C(=O)N(c2ccccc2)c2cccc(Cl)c2)[C@H](C(=O)NCCN(CC(N)=O)C(=O)OCc2ccccc2)C1,8.74
CO/N=C(\CN(C)C(=O)c1cc(Cl)cc(Cl)c1)[C@H](CCN1CCC(N2CCCN(c3ccccn3)C2=O)CC1)c1ccc(Cl)c(Cl)c1,8.72
CN(CC(N)=O)C[C@@H]1CC[C@H](OCc2cc(C(F)(F)F)cc(C(F)(F)F)c2)[C@H]1c1ccccc1,8.72
CN1CCC(COCc2cc(C(F)(F)F)cc(N3CCC4CC43)n2)(c2ccc(F)cc2)CC1,8.72
C[C@@H](O[C@H]1CN2C(=O)C=C(c3cnn(Cc4ccccc4)c3)CC2[C@@H]1c1ccc(F)cc1)c1cc(C(F)(F)F)cc(C(F)(F)F)c1,8.72
COc1ccccc1CN[C@H]1C2CC3CCCC2CN3[C@H]1C(c1ccccc1)c1ccccc1,8.72
COc1ccccc1CNC1C2CC3CCCC2CN3[C@H]1C(c1ccccc1)c1ccccc1,8.72
Cc1cc(O)cc(C)c1C[C@H](N)C(=O)N[C@H](CCCNC(=N)N)C(=O)N[C@H]1Cc2ccccc2CN(CCC(=O)N2CC[C@@H](C(=O)N(C)Cc3cc(C(F)(F)F)cc(C(F)(F)F)c3)[C@H](c3ccccc3)C2)C1=O,8.72
CC(=O)N(Cc1ccccc1Cl)CC(Cc1c[nH]c2ccccc12)NC(=O)CN1CCN(c2ccccc2)CC1,8.72
CCN(C/C(=N\OC)[C@H](CCN1CCC(n2c(=O)n(CC(=O)NCCOC)c3ccccc32)CC1)c1ccc(Cl)c(Cl)c1)C(=O)c1cc(Cl)cc(Cl)c1,8.72
CCN1CC[C@H](NCc2cc(-n3nnnc3C(F)(F)F)ccc2OC)[C@H](c2ccccc2)C1.Cl,8.72
C[C@H](NC(=O)[C@@](C)(Cc1c[nH]c2ccccc12)NC(=O)OCc1ccc(F)cc1F)c1ccccc1,8.72
CCCC[C@@H]1NC(=O)[C@H](Cc2ccccc2)NC(=O)CNC(=O)[C@@H](NC(=O)[C@@H](N)Cc2ccc(O)cc2)C(C)(C)SSC(C)(C)[C@@H](C(=O)N2CCC[C@H]2C(=O)N[C@@H](CC(C)C)C(=O)N[C@@H](Cc2c[nH]c3ccccc23)C(=O)NCc2cc(C(F)(F)F)cc(C(F)(F)F)c2)NC(=O)[C@@H]2CCCN2C1=O,8.72
CNC[C@@H]1CC[C@H](OCc2cc(C(F)(F)F)cc(C(F)(F)F)c2)[C@H]1c1ccccc1,8.72
CN1CCC(COCc2cc(C(F)(F)F)cc(C3CC3)n2)(c2ccc(F)cc2)CC1,8.72
NC(=O)CNC[C@@H]1CC[C@H](OCc2cc(C(F)(F)F)cc(C(F)(F)F)c2)[C@H]1c1ccccc1,8.72
CN(C/C(=N\OCC(C)(C)O)C(CCN1CCC(N2CCCCC2=O)CC1)c1ccc(Cl)c(Cl)c1)C(=O)c1cc(Cl)cc(Cl)c1,8.72
NC1CCN(C2CN(CCC3(c4ccc(Cl)c(Cl)c4)CCC(=O)N(CC4CC4)C3)C2)CC1,8.7
FC(F)(F)c1cc(COCC2(c3ccccc3)CCNCC2)nc(C2CC2)c1,8.7
CN1CCC(COCc2cc(C(F)(F)F)cc(C3CC3)n2)(c2ccccc2)CC1,8.7
Cc1ccc(COC(=O)N[C@](C)(Cc2c[nH]c3ccccc23)C(=O)N[C@@H](C)c2ccccc2)c(F)c1,8.7
CN(Cc1n[nH]c(O)n1)C[C@@H]1CC[C@H](OCc2cc(C(F)(F)F)cc(C(F)(F)F)c2)[C@H]1c1ccccc1,8.7
O=C1CCC(CCN2CC(N3CCC(O)C3)C2)(c2ccc(Cl)c(Cl)c2)CN1Cc1ccccc1,8.7
FC(F)(F)c1cc(COCC2(c3ccccc3)CCCNCCC2)cc(C(F)(F)F)c1,8.7
Cn1c(-c2ccc(Cl)cc2)c(CCC(=O)N2CCN(CC(C)(C)C)CC2)c2cc(Cl)ccc21,8.7
FC(F)(F)c1cc(CN[C@H]2C3CCN(CC3)[C@H]2C(c2ccccc2)c2ccccc2)cc(C(F)(F)F)c1,8.7
COc1ccccc1[C@@H]1CC[C@@]2(CCCN[C@H]2c2ccccc2)NC1,8.7
O=C1CCC(CCN2CC(N3CCCOCC3)C2)(c2ccc(Cl)c(Cl)c2)CN1Cc1ccccc1,8.7
Cc1ccccc1-c1ccc(N2CCN(C)CC2)nc1N(C)C(=O)C(C)(C)c1cc(C(F)(F)F)cc(C(F)(F)F)c1,8.7
OCCN1CCN(C(COCc2cc(C(F)(F)F)cc(C(F)(F)F)c2)c2ccccc2)CC1,8.7
C[C@@H](O[C@H]1CN2C(=O)C=C(c3ccc(F)cc3)CC2[C@@H]1c1ccc(F)cc1)c1cc(C(F)(F)F)cc(C(F)(F)F)c1,8.7
CN(C)[C@H](COCc1cc(C(F)(F)F)cc(C(F)(F)F)c1)C(c1ccccc1)c1ccccc1,8.7
COc1ccccc1CN(CC(Cc1c[nH]c2ccccc12)NC(=O)CN1CCN(c2ccccc2)CC1)C(=O)c1ccccc1,8.7
CCN(C/C(=N\OC)[C@H](CCN1CCC(n2c(=O)n(CCOC)c3ccccc32)CC1)c1ccc(Cl)c(Cl)c1)C(=O)c1cc(Cl)cc(Cl)c1,8.7
C/C(CN1CCN(C(=O)c2cc(C(F)(F)F)cc(C(F)(F)F)c2)[C@H](Cc2c[nH]c3ccccc23)C1)=N/OCC(C)N1CCOCC1,8.7
C[C@@H](O)[C@@H]1NC(=O)[C@H](Cc2ccc(F)cc2)NC(=O)[C@@H](Cc2c[nH]c3ccccc23)NC(=O)[C@H](Cc2cccc3ccccc23)NC(=O)[C@@H]2CCCN2C(=O)[C@H](Cc2ccccc2)NC1=O,8.7
COc1ccccc1CC(=N)N1CC2C(=O)CSC(c3ccccc3)(c3ccccc3)C2C1,8.7
O=C(CN1CCOCC1)N[C@@H](Cc1c[nH]c2ccccc12)C(=O)CCc1cc(C(F)(F)F)cc(C(F)(F)F)c1,8.7
CO/N=C(\CN(C)C(=O)c1cc(C)nc(-c2cccs2)c1)C(CCN1CCC(O)(c2ccccc2)CC1)c1ccc(Cl)c(Cl)c1,8.7
CCN(CC)c1nnnn1-c1ccc(OC)c(CN[C@H]2CCCN[C@H]2c2ccccc2)c1.Cl.Cl,8.7
CO/N=C(\CN(C)C(=O)c1cc(C)nc(N2CCCC2)c1)C(CCN1CCC(O)(c2ccccc2)CC1)c1ccc(Cl)c(Cl)c1,8.7
CO/N=C(\CNC(=O)c1cc(C(F)(F)F)cc(C(F)(F)F)c1)C(CCN1CCC(O)(c2ccccc2)CC1)c1ccc(Cl)c(Cl)c1,8.7
CO/N=C(\CN(C)C(=O)c1cc(Cl)cc(Cl)c1)C(CCN1CCC(O)(c2ccccc2)CC1)c1ccc(Cl)c(Cl)c1,8.7
CN(CC(c1ccccc1)N1CCN(C2CCCCC2)CC1)C(=O)Cc1cc(C(F)(F)F)cc(C(F)(F)F)c1,8.7
O=C1CCC(CCN2CC(N3CCCC(O)C3)C2)(c2ccc(Cl)c(Cl)c2)CN1Cc1ccccc1,8.7
C[C@@H](O)[C@H]1NC(=O)[C@H](Cc2ccc(F)cc2)NC(=O)[C@@H](Cc2c[nH]c3ccccc23)NC(=O)[C@H](Cc2cccc3ccccc23)NC(=O)[C@@H]2CCCN2C(=O)[C@H](Cc2ccccc2)NC1=O,8.7
CO/N=C(\CN(C)C(=O)c1cc(C)nc(N(C)C)c1)C(CCN1CCC(O)(c2ccccc2)CC1)c1ccc(Cl)c(Cl)c1,8.7
FC(F)(F)c1cc(COCC(c2ccccc2)N2CCN(Cc3ccccn3)CC2)cc(C(F)(F)F)c1,8.7
Fc1cccc(C(COCc2cc(C(F)(F)F)cc(C(F)(F)F)c2)N2CCNCC2)c1,8.7
COc1ccc(-c2nccn2C)cc1CN[C@H]1CCCN[C@H]1c1ccccc1,8.7
C[C@@H]1C[C@@](CO[C@H](C)c2cc(C(F)(F)F)cc(C(F)(F)F)c2)(c2ccccc2)NC1=O,8.7
CCCN(Cc1n[nH]c(O)n1)[C@H](COCc1cc(C(F)(F)F)cc(C(F)(F)F)c1)c1ccccc1,8.7
CN(CC(c1ccccc1)N1CCC(N2CCCCC2)CC1)C(=O)Cc1cc(C(F)(F)F)cc(C(F)(F)F)c1,8.68
Cc1cc(F)ccc1-c1cc(N2CCC(CC(=O)O)CC2)ncc1N(C)C(=O)C(C)(C)c1cc(C(F)(F)F)cc(C(F)(F)F)c1,8.68
Cc1cc(F)ccc1-c1cc(C2CCCC(CC(=O)O)C2)ncc1N(C)C(=O)C(C)(C)c1cc(C(F)(F)F)cc(C(F)(F)F)c1,8.68
CC(C(=O)NC1(c2ccccc2)CCC(N2CCC(C3CCC(=O)O3)CC2)CC1)c1cc(C(F)(F)F)cc(C(F)(F)F)c1,8.68
CN(C(=O)C(C)(C)c1cc(C(F)(F)F)cc(C(F)(F)F)c1)[C@H]1CN(C(=O)N2CCN(S(C)(=O)=O)CC2)C[C@@H]1c1ccc(F)cc1,8.68
CN(CC(N)=O)[C@H]1CC[C@H](OCc2cc(C(F)(F)F)cc(C(F)(F)F)c2)[C@@H]1c1ccccc1,8.68
FC(F)(F)Oc1ccc(Cl)c(CNC2CCC3CCC2(c2ccccc2)N3)c1,8.68
C[C@H](NC(=O)[C@@](C)(Cc1c[nH]c2ccccc12)NC(=O)OCc1cc(F)ccc1F)c1ccccc1,8.67
NC(=O)[C@@H]1[C@H](c2ccccc2)CCN1C(=O)[C@@H](N)Cc1ccccc1,8.66
CC(=O)N(Cc1ccccc1)CC(Cc1c[nH]c2ccccc12)NC(=O)CN1CCN(c2ccccc2)CC1,8.66
COCCNC(=O)CO/N=C(\CN(C)C(=O)c1cc(Cl)cc(Cl)c1)C(CCN1CCC(N2CCCCC2=O)CC1)c1ccc(Cl)c(Cl)c1,8.66
Cc1cc(Cl)cc(COC[C@H](c2ccccc2)N(C)Cc2n[nH]c(O)n2)c1,8.66
Cc1cc(F)ccc1-c1cc([C@H]2CC[C@@H](CC(=O)O)CC2)ncc1N(C)C(=O)C(C)(C)c1cc(C(F)(F)F)cc(C(F)(F)F)c1,8.66
CN(C/C(=N\OCc1c[nH]cn1)C(CCN1CCC(N2CCCCC2=O)CC1)c1ccc(Cl)c(Cl)c1)C(=O)c1cc(Cl)cc(Cl)c1,8.66
Cc1cc(O)cc(C)c1CC(N)C(=O)NC(C)C(=O)NCC(=O)N(C)C(Cc1ccccc1)C(=O)N1CCCC1C(=O)NC(CC(C)C)C(=O)NC(Cc1c[nH]c2ccccc12)C(=O)NCc1cc(C(F)(F)F)cc(C(F)(F)F)c1,8.66
Cn1c(-c2ccc(Cl)cc2)c(CCC(=O)N2CCC(Cc3ccccc3)CC2)c2cc(Cl)ccc21,8.66
CC(=O)N[C@@H](Cc1c[nH]c2ccccc12)C(=O)CCc1cc(C(F)(F)F)cc(C(F)(F)F)c1,8.66
Cc1cc(O)cc(C)c1C[C@H](N)C(=O)N[C@@H](C)C(=O)NCC(=O)N(C)[C@@H](Cc1ccccc1)C(=O)N1CCC[C@H]1C(=O)N[C@@H](CC(C)C)C(=O)N[C@@H](Cc1c[nH]c2ccccc12)C(=O)NCc1cc(C(F)(F)F)cc(C(F)(F)F)c1,8.66
Cc1cc(O)cc(C)c1C[C@H](N)C(=O)N[C@H](CCCNC(=N)N)C(=O)N[C@@H](Cc1ccccc1)C(=O)N[C@@H](CCCCN)CC(=O)N1CC[C@@H](C(=O)N(C)Cc2cc(C(F)(F)F)cc(C(F)(F)F)c2)[C@H](c2ccccc2)C1,8.66
Cc1cc(C)cc(COCC(NCC(N)=O)C(c2ccccc2)c2ccccc2)c1,8.66
COc1ccccc1CN[C@@H]1C2CCN(CC2)[C@@H]1C(c1ccccc1)c1ccccc1,8.66
CN(Cc1ccccc1)C(=O)[C@H](Cc1ccc2ccccc2c1)NC(=O)[C@@H]1CCCN1C(=O)Nc1ccc(F)cc1,8.66
CCCN(CCO)c1cc(-c2ccccc2Cl)c(N(C)C(=O)C(C)(C)c2cc(C(F)(F)F)cc(C(F)(F)F)c2)cn1,8.65
Cc1cc(F)ccc1-c1cc(N2CCC(C(C)C(=O)O)CC2)nc(C#N)c1N(C)C(=O)C(C)(C)c1cc(C(F)(F)F)cc(C(F)(F)F)c1,8.65
N[C@@H]1CC[C@H](OCc2cc(C(F)(F)F)cc(C(F)(F)F)c2)[C@H]1c1ccccc1,8.64
CN(C(=O)C(C)(C)c1cc(C(F)(F)F)cc(C(F)(F)F)c1)c1cnc(N2CCCC[C@@H]2CO)cc1-c1ccccc1Cl,8.64
Cc1ccc(-c2c3n(c(=O)c4ncccc24)CCN(Cc2cc(C(F)(F)F)cc(C(F)(F)F)c2)C3=O)cc1,8.64
COc1cccc(OC)c1CN1CCC(=O)C(C(c2ccc(F)cc2)c2ccc(F)cc2)C1.Cl,8.64
CSCC[C@@H](NC(=O)[C@H](CC(C)C)NC(=O)CNC(=O)[C@H](Cc1ccc(O)cc1)NC(=O)[C@H](Cc1ccccc1)NC(=O)[C@H](CCCCN)NC(=O)[C@H](CC(N)=O)NC(=O)[C@@H]1CCCN1C(=O)[C@H](CC(=O)O)NC(=O)[C@H](C)NC(=O)[C@@H]1CCC(=O)N1)C(N)=O,8.64
CN(Cc1ccccc1)C(=O)[C@H](Cc1ccc2ccccc2c1)NC(=O)[C@@H]1CCCN1C(=O)Nc1cccc([N+](=O)[O-])c1,8.64
CN(CC(c1ccc(Cl)c(Cl)c1)N1CCC(N2CCCCC2)CC1)C(=O)Cc1cc(C(F)(F)F)cc(C(F)(F)F)c1,8.64
CCN(C/C(=N\OC)[C@H](CCN1CCC(n2c(=O)n(CC#N)c3ccccc32)CC1)c1ccc(Cl)c(Cl)c1)C(=O)c1cc(Cl)cc(Cl)c1,8.64
Cn1c(-c2ccc(Cl)cc2)c(CCC(=O)N2CCC(O)(Cc3ccccc3)CC2)c2cc(-n3cccc3)ccc21,8.64
CN(Cc1ccccc1)C(=O)[C@H](Cc1ccc2ccccc2c1)NC(=O)[C@@H]1CCCN1C(=O)NCc1ccccc1Cl,8.64
Cc1cc(F)ccc1-c1cc([C@H]2CC[C@@H](CC(=O)O)CC2)nc(C#N)c1N(C)C(=O)C(C)(C)c1cc(C(F)(F)F)cc(C(F)(F)F)c1,8.63
Cc1ccccc1-c1cc(C2CCC(CC(=O)O)CC2)ncc1N(C)C(=O)C(C)(C)c1cc(C(F)(F)F)cc(C(F)(F)F)c1,8.63
Cc1cc(F)ccc1-c1cc(C2(C)CCCC(CC(=O)O)C2)ncc1N(C)C(=O)C(C)(C)c1cc(C(F)(F)F)cc(C(F)(F)F)c1,8.63
COc1ccccc1CN[C@H]1[C@@H]2CCC[C@@H]2N[C@H]1c1ccccc1,8.62
C[C@@H](OCC1(c2ccccc2)CC(=O)C1)c1cc(C(F)(F)F)cc(C(F)(F)F)c1,8.62
CN(Cc1c[nH]c(O)n1)[C@@H]1CC[C@H](OCc2cc(C(F)(F)F)cc(C(F)(F)F)c2)[C@H]1c1ccccc1,8.62
C[C@H](NC(=O)[C@@](C)(Cc1c[nH]c2ccccc12)NC(=O)OCc1cc2ccccc2s1)c1ccccc1,8.62
CO/N=C(\CN(C)C(=O)c1cc(Cl)cc(Cl)c1)[C@H](CCN1CCC(N2CCCN(Cc3ccsc3)C2=O)CC1)c1ccc(Cl)c(Cl)c1,8.62
CSCC[C@H](NC(=O)[C@H](CC(C)C)NC(=O)CNC(=O)[C@@H](NC(=O)[C@H](Cc1ccccc1)NC(=O)[C@H](CCC(N)=O)NC(=O)[C@H](CCC(N)=O)NC(=O)[C@H]1CCCN1C(=O)[C@H](CCCCN)NC(=O)[C@@H]1CCCN1C(=O)[C@@H](N)CCCN=C(N)N)C(C)(C)SC)C(N)=O,8.62
FC(F)(F)c1cc(CO[C@H]2OCCN[C@H]2c2ccccc2)cc(C(F)(F)F)c1,8.62
O=C(OCc1cc(C(F)(F)F)cc(C(F)(F)F)c1)[C@H](Cc1c[nH]c2ccccc12)NC(=O)[C@H]1C[C@H](O)CN1C(=O)c1cn(CCCCc2nnn[n-]2)c2ccccc12.[K+],8.62
Oc1n[nH]c(CN[C@H](COCc2cc(C(F)(F)F)cc(C(F)(F)F)c2)c2ccccc2)n1,8.62
CC(C(=O)N[C@]1(c2ccccc2)CC[C@H](N2CCCCC2)CC1)c1cc(C(F)(F)F)cc(C(F)(F)F)c1,8.62
COCCO/N=C(\CN(C)C(=O)c1cc(Cl)cc(Cl)c1)C(CCN1CCC(N2CCCCC2=O)CC1)c1ccc(Cl)c(Cl)c1,8.62
COc1ccccc1C(CNC(=O)Cc1cc(C(F)(F)F)cc(C(F)(F)F)c1)N1CCC(N2CCCCC2)CC1,8.62
Cc1cc(COCC2(c3ccccc3)CCNCC2)cc(C(C)(C)C)c1,8.62
CCN(C/C(=N\OC)[C@H](CCN1CCC(n2c(=O)n(CC(N)=O)c3ccccc32)CC1)c1ccc(Cl)c(Cl)c1)C(=O)c1cc(Cl)cc(Cl)c1,8.62
COc1ccccc1CNC1C2C3CCC2CN(C3)[C@H]1C(c1ccccc1)c1ccccc1,8.62
CCN(C/C(=N\OC)[C@H](CCN1CCC(n2c(=O)n(CC(=O)O)c3ccccc32)CC1)c1ccc(Cl)c(Cl)c1)C(=O)c1cc(Cl)cc(Cl)c1,8.62
Cc1cccc(CN2CC(CCN3CC(N4CCOCC4)C3)(c3ccc(Cl)c(Cl)c3)CCC2=O)c1,8.6
CSCC[C@H](NC(=O)[C@H](CC(C)C)NC(=O)CNC(=O)[C@@H](NC(=O)[C@H](Cc1ccccc1)NC(=O)[C@H](CCC(N)=O)NC(=O)[C@H](CCC(N)=O)NC(=O)[C@H]1CCCN1C(=O)[C@H](CCCCN)NC(=O)[C@@H]1CCCN1C(=O)[C@@H](N)CCCN=C(N)N)C1c2ccccc2-c2ccccc21)C(N)=O,8.6
Cc1ccccc1-c1c(C(=O)NCc2cc(C(F)(F)F)cc(C(F)(F)F)c2)n(C)c(=O)c2ccccc12,8.6
O=C1CCC(CCN2CC(N3CCOCC3=O)C2)(c2ccc(Cl)c(Cl)c2)CN1Cc1ccccc1,8.6
Cc1cc(O)cc(C)c1C[C@H](N)C(=O)N[C@@H](C)C(=O)NCC(=O)N[C@@H](Cc1ccc(Br)cc1)C(=O)N1CCC[C@H]1C(=O)N[C@@H](CC(C)C)C(=O)N[C@@H](Cc1c[nH]c2ccccc12)C(=O)NCc1cc(C(F)(F)F)cc(C(F)(F)F)c1,8.6
CN1C(=O)OC2(CCN(CC[C@@](C)(C(=O)N(C)[C@H](Cc3ccccc3)C(=O)NCCN)c3ccc(Cl)c(Cl)c3)CC2)c2cc(F)ccc21.O=C(O)C(F)(F)F,8.6
O=C(OCc1cc(C(F)(F)F)cc(C(F)(F)F)c1)[C@]1(c2ccccc2)CC[C@H](N2CCC(c3ccc(F)cc3)CC2)CC1,8.6
FC(F)(F)c1cc(COC[C@]2(c3ccccc3)CCCNCC2)cc(C(F)(F)F)c1,8.6
C[C@H](OC[C@@H](c1ccccc1)N1CCN(CCOCC(=O)O)CC1)c1cc(C(F)(F)F)cc(C(F)(F)F)c1,8.6
Cc1ccccc1-c1cc(N2CCC(CC(=O)O)CC2)ncc1N(C)C(=O)C(C)(C)c1cc(C(F)(F)F)cc(C(F)(F)F)c1,8.6
CCCCN1CCN(C(COCc2cc(C(F)(F)F)cc(C(F)(F)F)c2)c2ccccc2)CC1,8.6
COc1ccc(CN(CC(Cc2c[nH]c3ccccc23)NC(=O)CN2CCN(c3ccccc3)CC2)C(C)=O)cc1,8.6
CCN(C/C(=N\OC)[C@H](CCN1CCC(n2c(O)nc3ccccc32)CC1)c1ccc(Cl)c(Cl)c1)C(=O)c1cc(Cl)cc(Cl)c1,8.6
COc1ccccc1CN(C)C(=O)c1c(-c2ccc(F)cc2)c2cccnc2c(=O)n1C,8.6
COc1ccc(-c2nnn(C)n2)cc1CN[C@H]1CCCN[C@H]1c1ccccc1,8.6
Cc1cc(O)cc(C)c1C[C@H](N)C(=O)N[C@@H](C)C(=O)NCC(=O)N(C)[C@@H](Cc1ccc(F)cc1)C(=O)N1CCC[C@H]1C(=O)N[C@@H](CC(C)C)C(=O)N[C@@H](Cc1c[nH]c2ccccc12)C(=O)NCc1cc(C(F)(F)F)cc(C(F)(F)F)c1,8.59
C[C@@H](OC[C@@]1(c2ccccc2)C[C@@H](NS(C)(=O)=O)C(=O)N1)c1cc(C(F)(F)F)cc(C(F)(F)F)c1,8.59
Cn1c(-c2ccc(Cl)cc2)c(CCC(=O)N2CCC(O)(Cc3ccccc3)CC2)c2nc(Cl)ccc21,8.59
COc1ccc([N+](=O)[O-])cc1CN1CCC(=O)C(C(c2ccccc2)c2ccccc2)C1,8.59
Cc1cc(F)ccc1-c1cc(N2CCC(CC(=O)O)CC2)nc(C#N)c1N(C)C(=O)C(C)(C)c1cc(C(F)(F)F)cc(C(F)(F)F)c1,8.59
CSCC[C@H](NC(=O)[C@H](CC(C)C)NC(=O)CNC(=O)[C@@H](NC(=O)[C@H](Cc1ccccc1)NC(=O)[C@H](CCC(N)=O)NC(=O)[C@H](CCC(N)=O)NC(=O)[C@H]1CCCN1C(=O)[C@H](CCCCN)NC(=O)[C@@H]1CCCN1C(=O)[C@@H](N)CCCN=C(N)N)C(C)(C)C)C(N)=O,8.59
Ic1ccccc1N[C@@H]1C2CCN(CC2)[C@@H]1C(c1ccccc1)c1ccccc1,8.59
CN1CCC[C@](COCc2cc(C(F)(F)F)cc(C(F)(F)F)c2)(c2ccccc2)CC1,8.59
FC(F)(F)c1cc(COC[C@@]2(c3ccccc3)CCCNCC2)cc(C(F)(F)F)c1,8.59
CC(=O)N1CC[C@@H](C(=O)N(C)Cc2cc(C(F)(F)F)cc(C(F)(F)F)c2)[C@H](c2ccccc2)C1,8.59
CN(Cc1cc(C(F)(F)F)cc(C(F)(F)F)c1)C(=O)[C@@H]1CCNC[C@H]1c1ccccc1,8.59
CN(Cc1ccccc1)C(=O)[C@H](Cc1ccc2ccccc2c1)NC(=O)[C@@H]1CCCN1C(=O)Nc1ccccc1O,8.59
CN(C(=O)C(C)(C)c1cc(C(F)(F)F)cc(C(F)(F)F)c1)c1cnc(N2CC[C@@H](O)C2)cc1-c1ccccc1Cl,8.58
O=C(N[C@@H](Cc1c[nH]c2ccccc12)C(=O)OCc1cc(C(F)(F)F)cc(C(F)(F)F)c1)c1ccccc1,8.57
CC(=O)N1CCC(C(=O)N2CC[C@@H](C(=O)NCc3cc(C(F)(F)F)cc(C(F)(F)F)c3)[C@H](c3ccccc3)C2)CC1,8.57
NC[C@@H]1CC[C@H](OCc2cc(C(F)(F)F)cc(C(F)(F)F)c2)[C@H]1c1ccccc1,8.57
CN(CC(N)=O)[C@@H]1CC[C@H](OCc2cc(C(F)(F)F)cc(C(F)(F)F)c2)[C@H]1c1ccccc1,8.57
CCN(C/C(=N\OC)[C@H](CCN1CCC(n2c(=O)n(Cc3ccccn3)c3ccccc32)CC1)c1ccc(Cl)c(Cl)c1)C(=O)c1cc(Cl)cc(Cl)c1,8.57
NC(=O)CCCN1CCC[C@H](OCc2cc(C(F)(F)F)cc(C(F)(F)F)c2)[C@@H]1c1ccccc1,8.57
C[C@@H](O[C@H]1CN2C(=O)N(Cc3ccccc3)C[C@H]2[C@@H]1c1ccc(F)cc1)c1cc(C(F)(F)F)cc(C(F)(F)F)c1,8.57
FC(F)(F)c1cc(COCC2(c3ccccc3)CCNCC2)nc(N2CCCC2)c1,8.57
CN(C(=O)c1cc(C(F)(F)F)cc(C(F)(F)F)c1)c1cc(C(=O)N[C@@H]2CCCCNC2=O)ccc1-c1ccc(Cl)cc1,8.57
CNC(=O)N[C@@H]1CC[C@H](OCc2cc(C(F)(F)F)cc(C(F)(F)F)c2)[C@H]1c1ccccc1,8.57
O=C1NC[C@@](COCc2cc(C(F)(F)F)cc(C(F)(F)F)c2)(c2ccc(F)cc2)N1,8.57
Cc1ccccc1-c1cc(C2CCC(CC(=O)O)CC2)nc(C#N)c1N(C)C(=O)C(C)(C)c1cc(C(F)(F)F)cc(C(F)(F)F)c1,8.56
COc1ccccc1CN(CC(Cc1cccc2ccccc12)NC(=O)CN1CCN(c2ccccc2)CC1)C(C)=O,8.56
COc1ccccc1CN(CC(Cc1c[nH]c2ccccc12)NC(=O)CN1CCC(N(C)C)CC1)C(C)=O,8.55
COc1ccc(C(C)C)cc1[C@H]1COCC2(C1)OCCN[C@H]2c1ccc(F)cc1,8.55
Cc1cc(F)ccc1-c1cc(N2CCC(C)(CC(=O)O)CC2)ncc1N(C)C(=O)C(C)(C)c1cc(C(F)(F)F)cc(C(F)(F)F)c1,8.55
O=C(Cc1cc(C(F)(F)F)cc(C(F)(F)F)c1)NCC(c1cccc2ccccc12)N1CCN(C2CCCCC2)CC1,8.55
COC(=O)CN1CCC[C@H](OCc2cc(C(F)(F)F)cc(C(F)(F)F)c2)[C@@H]1c1ccccc1,8.55
Cc1cc(F)ccc1-c1cc(C2CCC(C(C)C(=O)O)CC2)ncc1N(C)C(=O)C(C)(C)c1cc(C(F)(F)F)cc(C(F)(F)F)c1,8.55
CN(C/C(=N\OCCn1ccnc1)C(CCN1CCC(N2CCCCC2=O)CC1)c1ccc(Cl)c(Cl)c1)C(=O)c1cc(Cl)cc(Cl)c1,8.55
C=C(C)n1c(=O)n(CCN2CCC(N(C(=O)CC)c3cccc(Cl)c3)CC2)c2ccccc21,8.55
O=S(=O)(c1ccccc1)C1CC2(c3ccccc3)NC1CCC2OCc1cc(C(F)(F)F)cc(C(F)(F)F)c1,8.55
Cc1nc(CN2CCC(COCc3cc(C(F)(F)F)cc(C(F)(F)F)c3)(c3ccccc3)CC2)cs1,8.55
Cc1cc(Br)cc(COCC2(c3ccccc3)CCNCC2)c1,8.54
O=C(Cc1cc(C(F)(F)F)cc(C(F)(F)F)c1)NCC(c1ccc(F)c(Cl)c1)N1CCC(N2CCCCC2)CC1,8.54
Cc1cc(C)cc(CC(=O)N(C)CC(c2cccc3c2OCO3)N2CCC(N3CCCCC3)CC2)c1,8.54
CC(C)N1CCC(COCc2cc(C(F)(F)F)cc(C(F)(F)F)c2)(c2ccccc2)CC1,8.54
CSCC[C@@H](NC(=O)[C@H](CC(C)C)NC(=O)[C@@H]1CCCN1C(=O)[C@H](Cc1ccccc1)NC(=O)[C@H](Cc1ccccc1)NC(=O)[C@H](CCC(N)=O)NC(=O)[C@H](CCC(N)=O)NC(=O)[C@@H]1CCCN1C(=O)[C@H](CCCCN)NC(=O)[C@@H]1CCCN1C(=O)[C@@H](N)CCCN=C(N)N)C(N)=O,8.54
Cc1cc(O)cc(C)c1C[C@H](N)C(=O)N[C@@H](C)C(=O)NCC(=O)N[C@@H](Cc1ccc(Cl)cc1)C(=O)N1CCC[C@H]1C(=O)N[C@@H](CC(C)C)C(=O)N[C@@H](Cc1c[nH]c2ccccc12)C(=O)NCc1cc(C(F)(F)F)cc(C(F)(F)F)c1,8.54
Cn1c(-c2ccc(Cl)cc2)c(CCC(=O)N2CCN(CC3CCCCC3)CC2)c2cc(Cl)ccc21,8.54
Cn1c(-c2ccccn2)c(CCC(=O)N2CCC(O)(Cc3ccccc3)CC2)c2cc(Cl)ccc21,8.54
CC[C@H](C)[C@H](NC(=O)CNC(=O)[C@@H](NC(=O)[C@H](Cc1ccccc1)NC(=O)[C@H](CCC(N)=O)NC(=O)[C@H](CCC(=O)O)NC(=O)[C@H](CCCCN)NC(=O)[C@@H]1CCCN1C(=O)[C@@H](N)CCCNC(=N)N)C1c2ccccc2-c2ccccc21)C(=O)N[C@@H](CCSC)C(=O)O,8.52
FC(F)(F)c1cc(COC2CCC3CCC2(c2ccccc2)N3)cc(C(F)(F)F)c1,8.52
CC(=O)N(Cc1ccccc1[N+](=O)[O-])CC(Cc1c[nH]c2ccccc12)NC(=O)CN1CCN(c2ccccc2)CC1,8.52
COCCNc1cc(-c2ccccc2Cl)c(N(C)C(=O)C(C)(C)c2cc(C(F)(F)F)cc(C(F)(F)F)c2)cn1,8.52
CCC(CC)Nc1cc(C(F)(F)F)cc(COCC2(c3ccc(F)cc3)CCN(C)CC2)n1,8.52
CC[C@H](C)[C@H](NC(=O)CNC(=O)[C@H](Cc1ccccc1)NC(=O)[C@@H](NC(=O)[C@H](CCC(N)=O)NC(=O)[C@H](CCC(=O)O)NC(=O)[C@H](CCCCN)NC(=O)[C@@H]1CCCN1C(=O)[C@@H](N)CCCNC(=N)N)[C@H]1CCc2ccccc21)C(=O)N[C@@H](CCSC)C(=O)O,8.52
CCNC(=O)Cn1c(=O)n(C2CCN(CC[C@@H](/C(CN(CC)C(=O)c3cc(Cl)cc(Cl)c3)=N/OC)c3ccc(Cl)c(Cl)c3)CC2)c2ccccc21,8.52
CN(CC(c1cc(Cl)cc(Cl)c1Cl)N1CCC(N2CCCCC2)CC1)C(=O)Cc1cc(C(F)(F)F)cc(C(F)(F)F)c1,8.52
CC(C)C[C@H](NC(=O)[C@@H]1CCCN1C(=O)[C@@H](Cc1ccccc1)NC(=O)[C@H](Cc1ccccc1)NC(=O)CNC(=O)[C@@H](C)NC(=O)[C@@H](N)Cc1ccc(O)cc1)C(=O)N[C@@H](Cc1c[nH]c2ccccc12)C(=O)OCc1cc(C(F)(F)F)cc(C(F)(F)F)c1,8.52
Cc1c(F)cccc1C(CNC(=O)Cc1cc(C(F)(F)F)cc(C(F)(F)F)c1)N1CCC(N2CCCCC2)CC1,8.52
CN(C(=O)c1cc(C(F)(F)F)cc(C(F)(F)F)c1)c1cc(C(=O)NC2CCCCC2)ccc1-c1ccc(Cl)cc1,8.52
Cc1cc(C)cc(C(=O)N2CC[C@H](NCc3ccnc4ccccc34)C[C@H]2Cc2ccc([N+](=O)[O-])cc2)c1,8.52
FC(F)(F)c1cc(CNC2CCC3CCC2(c2ccccc2)N3)cc(C(F)(F)F)c1,8.52
CNC(=O)N(Cc1ccccc1OC)CC(Cc1c[nH]c2ccccc12)NC(=O)CN1CCN(c2ccccc2)CC1,8.52
COc1ccccc1CN(CC(Cc1c[nH]c2ccccc12)NC(=O)CN1CC=C(c2ccccc2)CC1)C(C)=O,8.51
CSCC[C@H](NC(=O)[C@H](CC(C)C)NC(=O)CNC(=O)[C@H](Cc1ccccc1)NC(=O)[C@@H](NC(=O)[C@H](CCC(N)=O)NC(=O)[C@H](CCC(N)=O)NC(=O)[C@H]1CCCN1C(=O)[C@H](CCCCN)NC(=O)[C@@H]1CCCN1C(=O)[C@@H](N)CCCN=C(N)N)[C@H]1CCc2ccccc21)C(N)=O,8.51
COc1ccc(OC)c(CN2CCC(=O)C(C(c3ccc(F)cc3)c3ccc(F)cc3)C2)c1.Cl,8.51
Cc1nc2ccccc2c(-c2ccccc2)c1C(=O)N(C)Cc1cc(C(F)(F)F)cc(C(F)(F)F)c1,8.51
COc1cc(C(=O)N2CC[C@@](CCN3CCC(C(N)=O)(c4ccccc4)CC3)(c3ccc(Cl)c(Cl)c3)C2)cc(OC)c1OC,8.51
COC(=O)CN1CCC(COCc2cc(C(F)(F)F)cc(C(F)(F)F)c2)(c2ccccc2)CC1,8.51
CC(C)N1C[C@@](CO[C@H](C)c2cc(C(F)(F)F)cc(C(F)(F)F)c2)(c2ccccc2)NC1=O,8.51
Clc1cc(Cl)cc(COCC(c2ccccc2)N2CCNCC2)c1,8.5
Fc1cccc(C(COCc2cc(C(F)(F)F)cc(C(F)(F)F)c2)N2CCNCC2)c1F,8.5
CN(CCO)C1CN(CCC2(c3ccc(Cl)c(Cl)c3)CCC(=O)N(Cc3ccccc3)C2)C1,8.5
Clc1cc(Cl)cc(COC[C@H](c2ccccc2)N2CCNCC2)c1,8.5
CNS(=O)(=O)N1CCN(C2CN(CCC3(c4ccc(Cl)c(Cl)c4)CCC(=O)N(CC4CC4)C3)C2)CC1,8.5
NC(=O)COCCN1CCN(C(COCc2cc(C(F)(F)F)cc(C(F)(F)F)c2)c2ccccc2)CC1,8.5
Cc1cccc(C(COCc2cc(C(F)(F)F)cc(C(F)(F)F)c2)N2CCNCC2)c1,8.5
C[C@H](OC[C@@H](c1ccccc1)N1CCN(CC(=O)O)CC1)c1cc(C(F)(F)F)cc(C(F)(F)F)c1,8.5
CS(=O)(=O)N1CCN(C2CN(CCC3(c4ccc(Cl)c(Cl)c4)CCC(=O)N(CC4CC4)C3)C2)CC1,8.5
C[C@H](NC(=O)[C@@](C)(Cc1c[nH]c2ccccc12)NC(=O)OCc1ccccc1F)c1ccccc1,8.5
O=C(c1cc(C(F)(F)F)cc(C(F)(F)F)c1)N1CCN(C/C(=N\OCCN2CCOCC2)c2ccccc2)C[C@H]1Cc1c[nH]c2ccccc12,8.5
CC(=O)NC1(c2ccccc2)CCN(C2CN(CCC3(c4ccc(Cl)c(Cl)c4)CCC(=O)N(CC4CC4)C3)C2)CC1,8.5
Brc1cc(Br)cc(COC[C@H](c2ccccc2)N2CCNCC2)c1,8.5
CO/N=C(\CN(CCF)C(=O)c1cc(Cl)cc(Cl)c1)[C@H](CCN1CCC(n2c(O)nc3ccccc32)CC1)c1ccc(Cl)c(Cl)c1,8.49
O=C(c1cc(Br)cc(Br)c1)N1CCN(C(=O)CNC2CCN(Cc3ccccc3)CC2)C(c2ccc(Cl)c(Cl)c2)C1,8.49
CC(=O)N(Cc1ccccc1C)CC(Cc1c[nH]c2ccccc12)NC(=O)CN1CCN(c2ccccc2)CC1,8.49
CC(=O)N(Cc1ccccc1C(F)(F)F)CC(Cc1c[nH]c2ccccc12)NC(=O)CN1CCN(c2ccccc2)CC1,8.49
CSCC[C@H](NC(=O)[C@H](Cc1ccccc1)NC(=O)CNC(=O)[C@@H](C)NC(=O)[C@@H](N)Cc1ccc(O)cc1)C(=O)N1CCC[C@H]1C(=O)N[C@@H](CC(C)C)C(=O)N[C@@H](Cc1c[nH]c2ccccc12)C(=O)NCc1ccccc1,8.49
Cc1cc(C)cc(COC2C3CCN(CC3)C2C(Cc2ccccc2)c2ccccc2)c1,8.49
COc1ccccc1CN(CC(Cc1c[nH]c2ccccc12)NC(=O)COc1ccc(O)cc1)C(C)=O,8.49
CC(=O)N1CC[C@H](C(=O)N(C)Cc2cc(C(F)(F)F)cc(C(F)(F)F)c2)[C@H](c2ccccc2)C1,8.49
NC(=O)[C@H](Cc1cccc(F)c1)NC(=O)[C@@H](N)Cc1ccccc1,8.48
Cc1cc(F)ccc1-c1cc([C@H]2CC[C@H](CC(=O)O)CC2)nc(C#N)c1N(C)C(=O)C(C)(C)c1cc(C(F)(F)F)cc(C(F)(F)F)c1,8.48
Cc1ccccc1-c1cnccc1N(C)C(=O)C(C)(C)c1cc(C(F)(F)F)cc(C(F)(F)F)c1,8.48
COc1ccc(C(=O)CCC(=O)NC(Cc2c[nH]c3ccccc23)CN(Cc2ccccc2OC)C(C)=O)cc1,8.48
O=C(Cc1cc(C(F)(F)F)cc(C(F)(F)F)c1)NCC(c1ccc(F)c(F)c1)N1CCC(N2CCCCC2)CC1,8.48
COc1ccccc1CNC1C2C3CCCC2CN(C3)[C@H]1C(c1ccccc1)c1ccccc1,8.48
Cc1cc(O)cc(C)c1C[C@H](N)C(=O)N[C@@H](C)C(=O)NCC(=O)N[C@@H](Cc1ccc(I)cc1)C(=O)N1CCC[C@H]1C(=O)N[C@@H](CC(C)C)C(=O)N[C@@H](Cc1c[nH]c2ccccc12)C(=O)NCc1cc(C(F)(F)F)cc(C(F)(F)F)c1,8.48
C[C@@H](OC[C@]1(c2ccccc2)C[C@](N)(C(=O)N(C)C)C1)c1cc(C(F)(F)F)cc(C(F)(F)F)c1,8.48
Cn1c(-c2ccc(Cl)cc2)c(CCC(=O)N2CCC(O)(Cc3ccccc3)CC2)c2cc(N3CCCCC3)ccc21,8.48
Cc1cc(F)ccc1-c1cc(N2CCC(C)(CC(=O)O)CC2)nc(C#N)c1N(C)C(=O)C(C)(C)c1cc(C(F)(F)F)cc(C(F)(F)F)c1,8.48
CSCC[C@@H](NC(=O)[C@H](CC(C)C)NC(=O)[C@@H]1CCCN1C(=O)[C@@H](NC(=O)[C@H](Cc1ccccc1)NC(=O)[C@H](CCC(N)=O)NC(=O)[C@H](CCC(N)=O)NC(=O)[C@@H]1CCCN1C(=O)[C@H](CCCCN)NC(=O)[C@@H]1CCCN1C(=O)[C@@H](N)CCCN=C(N)N)C1c2ccccc2-c2ccccc21)C(N)=O,8.48
CN(C/C(=N\OCCCS(=O)(=O)O)C(CCN1CCC(N2CCCCC2=O)CC1)c1ccc(Cl)c(Cl)c1)C(=O)c1cc(Cl)cc(Cl)c1,8.48
COC1CN(c2cc(-c3ccc(F)cc3C)c(N(C)C(=O)C(C)(C)c3cc(C(F)(F)F)cc(C(F)(F)F)c3)cn2)CCC1CC(=O)O,8.48
CS(=O)(=O)N1CC2(CCN(C(=O)C(CCCc3ccc(Cl)c(Cl)c3)NCc3ccccc3)CC2)c2ccccc21,8.48
COc1ccccc1CN[C@@H]1C2CCN(CC2)[C@H]1C(c1ccccc1)c1ccccc1,8.47
CC(C)C[C@H](NC(=O)[C@@H]1CCCN1C(=O)[C@H](Cc1ccccc1)N(C)C(=O)CNC(=O)[C@H](C)NC(=O)[C@@H](N)Cc1ccc(O)cc1)C(=O)N[C@@H](Cc1c[nH]c2ccccc12)C(=O)NCc1cc(C(F)(F)F)cc(C(F)(F)F)c1,8.47
CN(Cc1cc(C(F)(F)F)cc(C(F)(F)F)c1)C(=O)c1c(-c2ccccc2)c2cc(Cl)ccc2c(=O)n1C,8.47
CCN(CCO)c1cc(-c2ccccc2Cl)c(N(C)C(=O)C(C)(C)c2cc(C(F)(F)F)cc(C(F)(F)F)c2)cn1,8.47
Cc1ccccc1-c1ccncc1N(C)C(=O)C(C)(C)c1cc(C(F)(F)F)cc(C(F)(F)F)c1,8.47
CN(Cc1cc(C(F)(F)F)cc(C(F)(F)F)c1)C(=O)[C@H]1CN(C(=O)c2ccncn2)C[C@@H]1c1ccccc1,8.47
Cc1ccc(-c2c(C(=O)N(C)Cc3cc(Cl)cc(Cl)c3)n(C)c(=O)c3ncccc23)cc1,8.47
Cc1ccccc1-c1cnc(N2CCN(C)CC2)nc1C(=O)N(C)Cc1cc(C(F)(F)F)cc(C(F)(F)F)c1,8.46
CN(Cc1ccccc1)C(=O)[C@H](Cc1ccc2ccccc2c1)NC(=O)[C@@H]1CCCN1C(=O)Nc1ccccc1F,8.46
NC(=O)N[C@@H]1CC[C@H](OCc2cc(C(F)(F)F)cc(C(F)(F)F)c2)[C@H]1c1ccccc1,8.46
CCCCCN(CCCCC)C(=O)[C@H]1CCN(C(=O)N(c2ccccc2)c2cccc(Cl)c2)[C@H](C(=O)NCCNCC(N)=O)C1,8.46
COc1ccccc1CN(CC(Cc1c[nH]c2ccccc12)NC(=O)COc1ccc(C(C)=O)cc1)C(C)=O,8.46
Clc1cc(Cl)cc(COC2C3CCN(CC3)C2C(c2ccccc2)c2ccccc2)c1,8.46
CN(C(=O)c1ccccc1)c1cc(C(=O)NC2CCCCC2)ccc1-c1ccc(F)cc1,8.46
Cc1cc(F)ccc1-c1cc(N2CCC(CC(=O)O)C(C)C2)ncc1N(C)C(=O)C(C)(C)c1cc(C(F)(F)F)cc(C(F)(F)F)c1,8.45
FC(F)(F)c1cc(Cl)cc(COCC2(c3ccccc3)CCNCC2)c1,8.44
CN(C(=O)c1cc(C(F)(F)F)cc(C(F)(F)F)c1)[C@@H](/C=C/C(=O)N[C@H]1CCCCNC1=O)Cc1ccc(Cl)cc1,8.44
C[C@@H](OC[C@@]1(c2ccc(F)cc2)CN(C)C(=O)N1)c1cc(C(F)(F)F)cc(C(F)(F)F)c1,8.44
CN(C(=O)c1cc(C(F)(F)F)cc(C(F)(F)F)c1)[C@@H](/C=C/C(=O)N[C@@H]1CCCCNC1=O)Cc1cc(Cl)c(Cl)s1,8.44
C[C@@H](O[C@@H]1[C@@H](c2ccccc2)CN(C(=O)OC(C)(C)C)[C@H]1CO)c1cc(C(F)(F)F)cc(C(F)(F)F)c1,8.44
CN1CCC(COCc2cc(C(F)(F)F)cc(C3CC3)n2)(c2cccc(F)c2)CC1,8.43
CC(C)C[C@H](NC(=O)[C@@H]1CCCN1C(=O)[C@@H]1CSSC[C@@H](NC(=O)[C@@H](N)Cc2ccc(O)cc2)C(=O)NCC(=O)N[C@@H](Cc2ccccc2)C(=O)N1)C(=O)N[C@@H](Cc1c[nH]c2ccccc12)C(=O)NCc1cc(C(F)(F)F)cc(C(F)(F)F)c1,8.43
Cc1cc(F)ccc1[C@@H]1CNCCN1C(=O)N(C)[C@@H](C)c1cc(C(F)(F)F)cc(C(F)(F)F)c1,8.43
O=C(C[C@H]1CCC[C@H](OCc2cc(C(F)(F)F)cc(C(F)(F)F)c2)[C@@H]1c1ccccc1)NCc1cccnc1,8.43
CCNC(=O)N1CC[C@@H](NCc2cc(OC(F)(F)F)ccc2OC)[C@H](c2ccccc2)C1,8.43
CC(=O)N1CCC(C(=O)N2C[C@H](C(=O)N(C)Cc3cc(C(F)(F)F)cc(C(F)(F)F)c3)[C@H](c3ccccc3)C2)CC1,8.43
CCCCCN(CCCCC)C(=O)[C@H]1CCN(C(=O)N(c2ccccc2)c2cccc(Cl)c2)[C@H](C(=O)NCCN(CC(N)=O)Cc2ccccc2OC)C1,8.42
CNC(=O)c1ccccc1NC(=O)N1CCC[C@H]1C(=O)N[C@@H](Cc1ccc2ccccc2c1)C(=O)N(C)Cc1ccccc1,8.42
O=C(Cc1c[nH]cn1)N[C@@H](Cc1c[nH]c2ccccc12)C(=O)CCc1cc(C(F)(F)F)cc(C(F)(F)F)c1,8.42
Cc1ccccc1-c1cccnc1C(=O)N(C)Cc1cc(C(F)(F)F)cc(C(F)(F)F)c1,8.42
CC(C)C[C@](Cc1c[nH]c2ccccc12)(NC(=O)OCc1cc2ccccc2o1)C(=O)N[C@@H](C)c1ccccc1,8.42
FC(F)(F)c1cc(COC2C3CCN(CC3)C2C(Cc2ccccc2)c2ccccc2)cc(C(F)(F)F)c1,8.41
CN1C(=O)OC2(CCN(CC[C@@](C)(C(=O)N(C)[C@H](Cc3ccccc3)C(=O)NCCCN)c3ccc(Cl)c(Cl)c3)CC2)c2cc(F)ccc21.O=C(O)C(F)(F)F,8.4
CO/N=C(/C)CN1CCN(C(=O)c2cc(C(F)(F)F)cc(C(F)(F)F)c2)[C@H](Cc2c[nH]c3ccccc23)C1,8.4
CC(=O)N[C@H]1Cc2ccccc2CN(CC(=O)N(C)Cc2cc(C(F)(F)F)cc(C(F)(F)F)c2)C1=O,8.4
Cc1cc(F)ccc1-c1cc(C2CCC(CC(=O)O)CC2)nc(C#N)c1N(C)C(=O)C(C)(C)c1cc(C(F)(F)F)cc(C(F)(F)F)c1,8.4
COc1ccc(F)cc1CN1CCC(=O)C(C(c2ccc(F)cc2)c2ccc(F)cc2)C1.Cl,8.4
NC(=O)CNC(COCc1cc(C(F)(F)F)cc(C(F)(F)F)c1)C(CCN1CCC(O)(c2ccccc2)CC1)c1ccc(Cl)c(Cl)c1,8.4
Cc1ccccc1-c1cccnc1N(C)C(=O)C(C)(C)c1cc(C(F)(F)F)cc(C(F)(F)F)c1,8.4
COc1ccccc1CN(CC(Cc1c[nH]c2ccccc12)NC(=O)CN1CCN(c2ccccc2)CC1)S(C)(=O)=O,8.4
CO/N=C(\COCc1cc(C(F)(F)F)cc(C(F)(F)F)c1)C(CCN1CCC(N2CCC(O)C2)CC1)c1ccc(Cl)c(Cl)c1,8.4
CO/N=C(\CN(C)C(=O)c1cc(C(F)(F)F)cc(C(F)(F)F)c1)C(CCN1CCC(O)(c2ccccc2)CC1)c1ccc(Cl)c(Cl)c1,8.4
CN(C)C(=O)c1ccc(-c2ccc(Cl)cc2)c(N(C)C(=O)c2cc(C(F)(F)F)cc(C(F)(F)F)c2)c1,8.4
CSCC[C@H](NC(=O)[C@H](CC(C)C)NC(=O)CNC(=O)[C@H](Cc1ccccc1)NC(=O)[C@H](Cc1ccccc1)NC(=O)[C@H](CO)NC(=O)[C@H](CCC(N)=O)NC(=O)[C@@H]1CCCN1C(=O)[C@H](CCCCN)NC(=O)[C@@H]1CCCN1C(=O)[C@@H](N)CCCNC(=N)N)C(N)=O,8.39
CN(Cc1cc(C(F)(F)F)cc(C(F)(F)F)c1)C(=O)[C@H]1CN(C(=O)C2CCNCC2)C[C@@H]1c1ccccc1,8.39
COc1ccccc1CNC1C2CC3CCCC(C2)N3[C@H]1C(c1ccccc1)c1ccccc1,8.39
Fc1ccc(C2CCN([C@H]3CC[C@](COCc4cc(C(F)(F)F)cc(C(F)(F)F)c4)(c4ccccc4)CC3)CC2)cc1,8.38
C[C@@H](OC1CCC2CCC1(c1ccccc1)N2)c1cc(C(F)(F)F)cc(C(F)(F)F)c1,8.38
CN(Cc1ccccc1)C(=O)[C@H](Cc1ccc2ccccc2c1)NC(=O)[C@@H]1CCCN1C(=O)Nc1cccc(C#N)c1,8.38
O=C(N[C@@H](Cc1ccccc1)C(=O)NO)OCc1ccccc1,8.38
Cc1cc2c(-c3ccccc3)c(NC(=O)N(C)Cc3ccccc3Cl)n(C)c(=O)c2cc1C,8.38
COc1ccccc1CC(=N)N1C[C@@H]2C(=O)CCC(c3ccccc3)(c3ccccc3)[C@@H]2C1,8.38
CN(C(=O)c1cc(C(F)(F)F)cc(C(F)(F)F)c1)[C@@H](/C=C/C(=O)N[C@@H]1CCCCNC1=O)Cc1ccc(Cl)c(Cl)c1,8.38
CC(OCC(N)c1ccccc1)c1cc(C(F)(F)F)cc(C(F)(F)F)c1,8.37
COc1ccccc1C(C1CCCCN1C(=O)Cc1cc(C(F)(F)F)cc(C(F)(F)F)c1)N1CCC(N2CCCCC2)CC1,8.37
CN(Cc1cc(C(F)(F)F)cc(C(F)(F)F)c1)C(=O)c1c(-c2ccccc2)c2ccccc2n2cncc12,8.37
C[C@@H](NC(=O)[C@@H](N)Cc1ccc(O)cc1)C(=O)NCC(=O)N[C@@H](Cc1ccccc1)C(=O)N/N=C/c1cc(C(F)(F)F)cc(C(F)(F)F)c1.O=C(O)C(F)(F)F,8.37
Cc1cc(C)cc(COCC(C(c2ccccc2)c2ccccc2)N(C)C)c1,8.36
Cc1ccc(-c2c(C(=O)N(C)Cc3cc(C)cc(C)c3)n(C)c(=O)c3ncccc23)cc1,8.36
C[C@@H](O[C@H]1[C@H](c2ccc(F)cc2)CN(C(=O)OC(C)(C)C)[C@H]1CO)c1cc(C(F)(F)F)cc(C(F)(F)F)c1,8.36
COc1ccccc1CN(CC(Cc1c[nH]c2ccccc12)NC(=O)CN1CCC(c2ccccc2)CC1)C(C)=O,8.35
Cc1cc(F)ccc1-c1cc([C@H]2CC[C@@H](C(C)(C)C(=O)O)CC2)ncc1N(C)C(=O)C(C)(C)c1cc(C(F)(F)F)cc(C(F)(F)F)c1,8.35
O=C1NCC(COCc2cc(C(F)(F)F)cc(C(F)(F)F)c2)(c2ccc(F)cc2)N1,8.35
O=C(Cc1cc(C(F)(F)F)cc(C(F)(F)F)c1)NCC(c1cccc(F)c1)N1CCC(N2CCCCC2)CC1,8.34
Cc1cc(F)ccc1-c1cc(N2CCC(CC(=O)O)C(C)(C)C2)ncc1N(C)C(=O)C(C)(C)c1cc(C(F)(F)F)cc(C(F)(F)F)c1,8.34
Clc1cc(Cl)cc(COCC2(c3ccccc3)CCNCC2)c1,8.34
COc1cccc(CN(CC(Cc2c[nH]c3ccccc23)NC(=O)CN2CCN(c3ccccc3)CC2)C(C)=O)c1,8.34
Cc1ccccc1-c1cnccc1C(=O)N(C)Cc1cc(C(F)(F)F)cc(C(F)(F)F)c1,8.34
CSCC[C@H](NC(=O)[C@H](CC(C)C)NC(=O)CNC(=O)[C@H](Cc1ccccc1)NC(=O)[C@H](Cc1ccccc1)NC(=O)[C@H](CCC(N)=O)NC(=O)[C@H](CCC(N)=O)NC(=O)[C@@H]1CCCN1C(=O)[C@H](CCCCN)NC(=O)[C@@H]1CCCN1)C(N)=O,8.34
CO/N=C(\CN(C)C(=O)c1cc(Cl)cc(Cl)c1)C(CCN1CCC(N2CCCCC2=O)CC1)c1ccc(Cl)c(Cl)c1,8.33
CN(Cc1ccccc1)C(=O)[C@H](Cc1cn(C)c2ccccc12)NC(=O)[C@@H]1CCCN1/C(S)=N/Cc1ccccc1Cl,8.33
CN(Cc1n[nH]c(O)n1)C[C@H]1CC[C@H](OCc2cc(C(F)(F)F)cc(C(F)(F)F)c2)[C@@H]1c1ccccc1,8.33
COC(=O)CO/N=C(\CN(C)C(=O)c1cc(Cl)cc(Cl)c1)C(CCN1CCC(N2CCCCC2=O)CC1)c1ccc(Cl)c(Cl)c1,8.33
Cc1cc(F)ccc1-c1cc(N2CCC(C(C)(C)C(=O)O)CC2)ncc1N(C)C(=O)C(C)(C)c1cc(C(F)(F)F)cc(C(F)(F)F)c1,8.33
FC(F)(F)c1cc(COCC2(c3ccccc3)CCC(N3CCCCC3)C2)cc(C(F)(F)F)c1,8.33
Cc1nc(N2CCN(C)CC2)cc(-c2ccccc2)c1C(=O)N(C)Cc1cc(C(F)(F)F)cc(C(F)(F)F)c1,8.32
CN(CC(c1ccc2c(c1)OCO2)N1CCC(N2CCCCC2)CC1)C(=O)Cc1cc(C(F)(F)F)cc(C(F)(F)F)c1,8.32
CCN1CC[C@H](NCc2cc(OC(F)(F)F)ccc2OC)[C@H](c2ccccc2)C1.Cl,8.32
CS(=O)(=O)Nc1ccccc1N1CCN(C(=O)[C@H](COCc2ccc(Cl)c(Cl)c2)NCc2ccccc2)CC1,8.32
COc1ccccc1N1CCN(C(=O)CCc2c(-c3ccc(Cl)cc3)[nH]c3cc(Cl)ccc23)CC1,8.31
CN(CC[C@@H]1CC[C@H](OCc2cc(C(F)(F)F)cc(C(F)(F)F)c2)[C@H]1c1ccccc1)Cc1n[nH]c(O)n1,8.31
Cl.O=C1CCN(Cc2ccccc2C(F)(F)F)CC1C(c1ccc(F)cc1)c1ccc(F)cc1,8.31
CN(C)C(=O)N[C@@H]1CC[C@H](OCc2cc(C(F)(F)F)cc(C(F)(F)F)c2)[C@H]1c1ccccc1,8.3
CSCC[C@H](NC(=O)[C@H](CC(C)C)NC(=O)CN1CCCNC(=O)CCCCC(=O)N[C@H](CCCN=C(N)N)C(=O)N[C@@H](Cc2ccccc2)C(=O)N[C@H](Cc2ccccc2)C1=O)C(N)=O,8.3
O=C1CCC(CCN2CC(N3CCNCC3)C2)(c2ccc(Cl)c(Cl)c2)CN1Cc1ccccc1,8.3
CO/N=C(\CN(C)C(=O)c1cc(OC)cc(OC)c1)C(CCN1CCC(O)(c2ccccc2)CC1)c1ccc(Cl)c(Cl)c1,8.3
FC(F)(F)c1cc(CO[C@H]2CC[C@@H](CN3CCCCC3)[C@@H]2c2ccccc2)cc(C(F)(F)F)c1,8.3
CN(Cc1ccccc1)C(=O)[C@H](Cc1ccc(Cl)c(Cl)c1)NC(=O)[C@@H]1CCCN1/C(S)=N/Cc1ccccc1Cl,8.3
NC(=O)N1CCN(C2CN(CCC3(c4ccc(Cl)c(Cl)c4)CCC(=O)N(CC4CC4)C3)C2)CC1,8.3
CN(C(=O)Cc1ccccc1)[C@H](Cc1ccc2ccccc2c1)NC(=O)[C@@H]1CCCC[C@@H]1NC(=O)c1c[nH]c2ccccc12,8.3
Fc1ccccc1C(COCc1cc(C(F)(F)F)cc(C(F)(F)F)c1)N1CCNCC1,8.3
CC(C)Oc1cccc(CC(=O)NCC(c2ccc(Cl)c(Cl)c2)N2CCC(N3CCCCC3)CC2)c1,8.3
NC(=O)CN[C@H](COCc1cc(C(F)(F)F)cc(C(F)(F)F)c1)[C@@H](CCN1CCC(O)(c2ccccc2)CC1)c1ccc(Cl)c(Cl)c1,8.3
CN(Cc1ccccc1)C(=O)[C@H](Cc1ccc2ccccc2c1)NC(=O)[C@@H]1CCCN1C(=O)Nc1cccc(C(N)=O)c1,8.3
FC(F)(F)c1cc(COC[C@@H](NCc2nc[nH]n2)c2ccccc2)cc(C(F)(F)F)c1,8.3
Cc1cc(F)ccc1-c1cc(C2CCC(CC(=O)O)CC2)nc(CO)c1N(C)C(=O)C(C)(C)c1cc(C(F)(F)F)cc(C(F)(F)F)c1,8.3
FC(F)(F)c1cc(COCC(c2ccc(Cl)c(Cl)c2)N2CCNCC2)cc(C(F)(F)F)c1,8.3
CN(C)CC(=O)N[C@@H](Cc1c[nH]c2ccccc12)C(=O)CCc1cc(C(F)(F)F)cc(C(F)(F)F)c1,8.3
Brc1cc(Br)cc(COCC(c2ccccc2)N2CCNCC2)c1,8.3
CO/N=C(\CN(C)C(=O)c1cc(OC)c(Br)c(OC)c1)C(CCN1CCC(O)(c2ccccc2)CC1)c1ccc(Cl)c(Cl)c1,8.3
CO/N=C(\CN(C)C(=O)Nc1cc(C(F)(F)F)cc(C(F)(F)F)c1)C(CCN1CCC(O)(c2ccccc2)CC1)c1ccc(Cl)c(Cl)c1,8.3
COc1ccccc1[C@H](SC)C(=O)N1CC2C(=O)CSC(c3ccccc3)(c3ccccc3)C2C1,8.3
C/C(CN1CCN(C(=O)c2cc(C(F)(F)F)cc(C(F)(F)F)c2)[C@H](Cc2c[nH]c3ccccc23)C1)=N/OCC(C)(C)N1CCOCC1,8.3
CS(=O)(=O)N1CC2C(=O)N(c3ccccc3)C(=O)C2C12CCN(C(=O)c1cc(C(F)(F)F)cc(C(F)(F)F)c1)CC2,8.29
Cc1cc(C)cc(CN(C)C(=O)c2c(-c3ccc(F)cc3)c3cccnc3c(=O)n2C)c1,8.29
COc1ccccc1N1CCN(C(=O)CCc2c(-c3ccc(Cl)cc3)n(C(C)C)c3ccc(Cl)cc23)CC1,8.28
NC(=O)[C@H](Cc1ccccc1)NC(=O)OCc1ccccc1,8.28
O=C(c1cc(C(F)(F)F)cc(C(F)(F)F)c1)N1CCN(C(=O)CNC2CCN(Cc3ccccc3)CC2)C(c2ccc(Cl)c(Cl)c2)C1,8.28
CC(=O)N1CCC(COCc2cc(C(F)(F)F)cc(C(F)(F)F)c2)(c2ccccc2)CC1,8.28
COc1ccccc1CN(CC(Cc1c[nH]c2ccccc12)NC(=O)CN1CCN(C)CC1)C(C)=O,8.28
CN1CCC(COCc2cc(C(F)(F)F)cc(C3(F)CC3)n2)(c2ccccc2)CC1,8.28
CC(OC[C@]1(c2ccccc2)CC[C@@H](N2CCC(c3ccc(F)cc3)CC2)CC1)c1cc(C(F)(F)F)cc(C(F)(F)F)c1,8.28
CN1CCC(COCc2cc(C(F)(F)F)cc(C3(F)CC3)n2)(c2ccc(F)cc2)CC1,8.28
COC(=O)N[C@H]1CC[C@H](OCc2cc(C(F)(F)F)cc(C(F)(F)F)c2)[C@@H]1c1ccccc1,8.28
O=C(Cc1cc(C(F)(F)F)cc(C(F)(F)F)c1)NCC(c1ccc(Cl)c(Cl)c1)N1CCC(N(CCO)CCO)CC1,8.28
Oc1nc(CN[C@@H]2CC[C@H](OCc3cc(C(F)(F)F)cc(C(F)(F)F)c3)[C@H]2c2ccccc2)c[nH]1,8.28
O=C(Cc1cc(C(F)(F)F)cc(C(F)(F)F)c1)NCC(c1ccccc1)N1CCC(N2CCCCC2)CC1,8.27
Cc1cc(F)ccc1-c1cc(C2CCC(CC(=O)O)CC2)nc(Cl)c1N(C)C(=O)C(C)(C)c1cc(C(F)(F)F)cc(C(F)(F)F)c1,8.26
Cc1cc(C)cc(COC[C@H](C(c2ccccc2)c2ccccc2)N(C)C)c1,8.26
CCOC(=O)N(Cc1ccccc1OC)CC(Cc1c[nH]c2ccccc12)NC(=O)CN1CCN(c2ccccc2)CC1,8.26
Cn1c(-c2ccc(Cl)cc2)c(CCC(=O)N2CCC(O)(Cc3ccccc3)CC2)c2cc(-c3cccnc3)ccc21,8.26
CCCCCN(CCCCC)C(=O)[C@H]1CCN(C(=O)N(c2ccccc2)c2ccccc2)[C@H](C(=O)NCCCN(CC)CC)C1,8.26
Cn1c(-c2ccc(Cl)cc2)c(CCC(=O)N2CCC(O)(Cc3ccccc3)CC2)c2cc(-c3ccncc3)ccc21,8.26
CN(Cc1cc(C(F)(F)F)cc(C(F)(F)F)c1)C(=O)[C@H]1CCNC[C@H]1c1ccccc1.Cl,8.25
COc1ccccc1N1CCN(C(=O)CCc2c(-c3ccccc3)[nH]c3ccc(Cl)cc23)CC1,8.25
CC(C)C[C@H](NC(=O)[C@@H]1CCCN1C(=O)[C@H](Cc1ccc(F)cc1)NC(=O)CNC(=O)[C@H](C)NC(=O)[C@@H](N)Cc1ccc(O)cc1)C(=O)N[C@@H](Cc1c[nH]c2ccccc12)C(=O)NCc1cc(C(F)(F)F)cc(C(F)(F)F)c1,8.25
CN(CC(N)=O)[C@H](COCc1cc(C(F)(F)F)cc(C(F)(F)F)c1)c1ccccc1,8.24
CS(=O)(=O)N1CCC(COCc2cc(C(F)(F)F)cc(C(F)(F)F)c2)(c2ccccc2)CC1,8.24
C[C@@H](O[C@H]1CCCN(Cc2n[nH]c(O)n2)[C@H]1c1ccccc1)c1ccccc1,8.23
COc1ccc(N)cc1CN1CCC(=O)C(C(c2ccccc2)c2ccccc2)C1.Cl.Cl,8.23
Cc1ccc(-c2ccc(C(=O)N[C@@H]3CCCCNC3=O)cc2N(C)C(=O)c2cc(C(F)(F)F)cc(C(F)(F)F)c2)cc1,8.22
COc1ccccc1CN(CC(Cc1c[nH]c2ccccc12)NC(=O)CCC(=O)c1ccc(F)cc1)C(C)=O,8.22
O=C1NC[C@@](COCc2cc(C(F)(F)F)cc(C(F)(F)F)c2)(c2ccccc2)N1,8.22
CO/N=C(\CN(C)C(=O)Oc1cc(C(F)(F)F)cc(C(F)(F)F)c1)C(CCN1CCC(O)(c2ccccc2)CC1)c1ccc(Cl)c(Cl)c1,8.22
CO/N=C(\COCc1cc(C(F)(F)F)cc(C(F)(F)F)c1)C(CCN1CCC(C(=O)N2CCCC2)CC1)c1ccc(Cl)c(Cl)c1,8.22
CC(=O)N[C@H](C(=O)N[C@H](Cc1cn(C=O)c2ccccc12)C(=O)N[C@@H](Cc1ccccc1)C(=O)N(C)Cc1ccccc1)C(C)O,8.22
CN(CC(c1cccc2c1OCO2)N1CCC(N2CCCCC2)CC1)C(=O)Cc1ccccc1Br,8.22
CO/N=C(\C(=O)N(C)Cc1cc(C(F)(F)F)cc(C(F)(F)F)c1)C(CCN1CCC(O)(c2ccccc2)CC1)c1ccc(Cl)c(Cl)c1,8.22
COc1ccccc1N1CCN(C(=O)CCc2c(-c3ccccc3)[nH]c3ccc(C)cc23)CC1,8.21
COc1cc(C(=O)N2CCC(CCN3CCC(C(N)=O)(c4ccccc4)CC3)(c3ccc(Cl)c(Cl)c3)C2)cc(OC)c1OC,8.21
Cc1ccccc1-c1ccc(N2CCN(C)CC2)nc1C(=O)N(C)Cc1cc(C(F)(F)F)cc(C(F)(F)F)c1,8.21
CN(C)C(=O)c1ccccc1NC(=O)N1CCC[C@H]1C(=O)N[C@@H](Cc1ccc2ccccc2c1)C(=O)N(C)Cc1ccccc1,8.21
CN(C)[C@H]1CC[C@](c2ccccc2)(N2CCC(c3cc(C(F)(F)F)cc(C(F)(F)F)c3)C2=O)CC1,8.21
NC(=O)[C@H](CCc1ccccc1)NC(=O)[C@@H](N)Cc1ccccc1,8.21
CN1CCC(COCc2cc(C(F)(F)F)cc(C3CCCC3)n2)(c2ccc(F)cc2)CC1,8.21
Cl.N#Cc1ccccc1CN1CCC(=O)C(C(c2ccc(F)cc2)c2ccc(F)cc2)C1,8.21
COC(=O)N(C)[C@@H]1CC[C@H](OCc2cc(C(F)(F)F)cc(C(F)(F)F)c2)[C@H]1c1ccccc1,8.21
O=C(NC[C@]1(c2ccccc2)CC[C@H](N2CCC(c3ccc(F)cc3)CC2)CC1)c1cc(C(F)(F)F)cc(C(F)(F)F)c1,8.2
Cc1ccc(CN2CC(CCN3CC(N4CCOCC4)C3)(c3ccc(Cl)c(Cl)c3)CCC2=O)cc1,8.2
CCOC1CCN(C2CN(CCC3(c4ccc(Cl)c(Cl)c4)CCC(=O)N(CC4CC4)C3)C2)CC1,8.2
Cn1c(-c2ccc(Cl)cc2)c(CCC(=O)N2CCC(O)(Cc3ccccc3)CC2)c2cc(N3CCOCC3)ccc21,8.2
COc1ccccc1C(COCc1cc(C(F)(F)F)cc(C(F)(F)F)c1)N1CCNCC1,8.2
FC(F)(F)c1cc(COCC(c2ccccc2)N2CCN(CCCCc3nnn[nH]3)CC2)cc(C(F)(F)F)c1,8.2
COc1ccccc1N1CCN(C(=O)CCc2c(-c3ccc(C(C)(C)C)cc3)[nH]c3ccc(C)cc23)CC1,8.2
Cc1cc(F)ccc1[C@H]1CNCCN1C(=O)N1CCCC1c1cc(C(F)(F)F)cc(C(F)(F)F)c1,8.2
CN1CCC(COCc2cc(C(F)(F)F)cc(N3CC=CC3)n2)(c2ccc(F)cc2)CC1,8.2
O=C1NC(COCc2cc(C(F)(F)F)cc(C(F)(F)F)c2)(c2ccc(F)cc2)CN1C1CCOCC1,8.2
COc1ccccc1[C@H]1COC2(CCCNC2c2ccccc2)C1,8.19
O=C(N[C@@H](Cc1ccccc1)C(=O)NNC(=O)c1ccccc1)OCc1ccccc1,8.19
Cc1cc(F)ccc1-c1cc(C2CCC(CC(=O)O)CC2)nc(C)c1N(C)C(=O)C(C)(C)c1cc(C(F)(F)F)cc(C(F)(F)F)c1,8.19
Cc1cc(O)cc(C)c1C[C@H](N)C(=O)N[C@H](CCCNC(=N)N)C(=O)N[C@H]1Cc2ccccc2CN(CCC(=O)N(C)Cc2ccccc2)C1=O,8.19
CN1CCC(COCc2cc(C(F)(F)F)cc(C3CC3)n2)(c2cccc(Cl)c2)CC1,8.19
O=C(Cc1cc(C(F)(F)F)cc(C(F)(F)F)c1)NCC(c1cc(Cl)cc(Cl)c1Cl)N1CCC(N2CCCCC2)CC1,8.19
CN(C(=O)c1cc(C(F)(F)F)cc(C(F)(F)F)c1)N(CCC(=O)N[C@@H]1CCCCNC1=O)Cc1ccc2ccccc2c1,8.19
COc1ccccc1CN1CCC(=O)C(C(c2ccc(F)cc2)c2ccc(F)cc2)C1.Cl,8.18
CS(=O)(=O)N1CC2(CCN(C(=O)[C@H](COCc3ccc(Cl)cc3)NCc3ccccc3)CC2)c2ccccc21,8.18
O=C(CCCC(=O)N(c1ccccc1)C1CCN(CCc2ccccc2)CC1)N[C@@H](Cc1c[nH]c2ccccc12)C(=O)OCc1cc(C(F)(F)F)cc(C(F)(F)F)c1,8.17
Cc1cc(F)ccc1-c1cc([C@H]2CC[C@H](C(C)(C)C(=O)O)CC2)ncc1N(C)C(=O)C(C)(C)c1cc(C(F)(F)F)cc(C(F)(F)F)c1,8.17
CN(Cc1ccccc1)C(=O)[C@H](Cc1ccc2ccccc2c1)NC(=O)[C@@H]1CCCN1C(=O)Nc1cccnc1,8.17
NC(=O)NC[C@H]1CCC[C@H](OCc2cc(C(F)(F)F)cc(C(F)(F)F)c2)[C@@H]1c1ccccc1,8.17
FC(F)(F)c1cc(COCC2(c3ccccc3)CCCCNCC2)cc(C(F)(F)F)c1,8.17
CNC(COCc1cc(C)cc(C)c1)C(c1ccccc1)c1ccccc1,8.17
CC(C)N1CCN(C(CNC(=O)Cc2cc(C(F)(F)F)cc(C(F)(F)F)c2)c2cccc3c2OCO3)CC1,8.16
FC(F)(F)c1cc(COCC2(c3ccccc3)CCN(CCc3ccccc3)CC2)cc(C(F)(F)F)c1,8.16
O=C(C[C@H]1CCC[C@H](OCc2cc(C(F)(F)F)cc(C(F)(F)F)c2)[C@@H]1c1ccccc1)NCc1ccncc1,8.15
CO/N=C(\CN(C)C(=O)c1cncc(Br)c1)C(CCN1CCC(O)(c2ccccc2)CC1)c1ccc(Cl)c(Cl)c1,8.15
COc1ccccc1C(CNC(=O)Cc1cc(C(F)(F)F)cc(C(F)(F)F)c1)N1CCN(C2CCCCC2)CC1,8.15
FC(F)(F)c1cc(CO[C@H]2CCN[C@H]2c2ccccc2)cc(C(F)(F)F)c1,8.15
COCCO/N=C(\COCc1cc(C(F)(F)F)cc(C(F)(F)F)c1)C(CCN1CCC(O)(c2ccccc2)CC1)c1ccc(Cl)c(Cl)c1,8.15
Clc1ccccc1CNC1C2CC3CCC(C2)N3[C@H]1C(c1ccccc1)c1ccccc1,8.15
COc1cc(OC)cc(C(=O)N2CCN(C(=O)CNC3CCN(Cc4ccccc4)CC3)C(c3ccc(Cl)c(Cl)c3)C2)c1,8.15
CO/N=C(\COCc1cc(C(F)(F)F)cc(C(F)(F)F)c1)C(CCN1CCC(CN2CCCC(CC(O)CO)C2=O)CC1)c1ccc(Cl)c(Cl)c1,8.15
Cc1cc(C)cc(C(=O)N2CC[C@H](NCc3ccnc4ccccc34)C[C@H]2Cc2ccc(I)cc2)c1,8.15
CC(OCc1cc(C(F)(F)F)cc(C(F)(F)F)c1)C(N)c1ccccc1,8.15
COc1ccccc1C(CNC(=O)Cc1cc(C(F)(F)F)cc(C(F)(F)F)c1)N1CCN(C2Cc3ccccc3C2)CC1,8.14
CN[C@H]1CC[C@H](OCc2cc(C(F)(F)F)cc(C(F)(F)F)c2)[C@@H]1c1ccccc1,8.14
CN1CCC[C@@](COCc2cc(C(F)(F)F)cc(C(F)(F)F)c2)(c2ccccc2)CC1,8.14
FC(F)(F)c1cc(COCC2(c3ccccc3)CCN(Cc3ncon3)CC2)cc(C(F)(F)F)c1,8.14
COc1ccccc1CNC1C2CC3CCOC(C2)N3[C@H]1C(c1ccccc1)c1ccccc1,8.14
CN(Cc1ccccc1)C(=O)[C@H](Cc1ccc(-c2ccccc2)cc1)NC(=O)[C@@H]1CCCN1/C(S)=N/Cc1ccccc1Cl,8.14
NC(=O)[C@@H]1CC[C@H](OCc2cc(C(F)(F)F)cc(C(F)(F)F)c2)[C@H]1c1ccccc1,8.14
CSc1ccccc1CN(CC(Cc1c[nH]c2ccccc12)NC(=O)CN1CCN(c2ccccc2)CC1)C(C)=O,8.14
Cc1cc(F)ccc1-c1cc(N2CCC([C@H](C)C(=O)O)CC2)nc(C#N)c1N(C)C(=O)C(C)(C)c1cc(C(F)(F)F)cc(C(F)(F)F)c1,8.13
CSCCCO/N=C(\CN(C)C(=O)c1cc(Cl)cc(Cl)c1)C(CCN1CCC(N2CCCCC2=O)CC1)c1ccc(Cl)c(Cl)c1,8.13
N[C@H]1CC[C@@](COCc2cc(C(F)(F)F)cc(C(F)(F)F)c2)(c2ccccc2)C1,8.12
FC(F)(F)c1cc(COC2C3CCN(CC3)C2C(c2ccccc2)C2CCCCC2)cc(C(F)(F)F)c1,8.12
COc1cccc(C(CNC(=O)Cc2cc(C(F)(F)F)cc(C(F)(F)F)c2)N2CCC(N3CCCCC3)CC2)c1OC,8.12
COc1ccccc1N1CCN(C(=O)CCc2c(-c3ccc(-c4ccccc4)cc3)[nH]c3ccc(C)cc23)CC1,8.12
CSCC[C@H](NC(=O)[C@H](CC(C)C)NC(=O)CNC(=O)[C@@H](NC(=O)[C@H](Cc1ccccc1)NC(=O)[C@H](CCC(N)=O)NC(=O)[C@H](CCC(N)=O)NC(=O)[C@H]1CCCN1C(=O)[C@H](CCCCN)NC(=O)[C@@H]1CCCN1C(=O)[C@@H](N)CCCN=C(N)N)C(C)(C)S(C)(=O)=O)C(N)=O,8.11
CS(=O)(=O)N1CC2(CCN(C(=O)[C@H](COCc3cccc(Cl)c3)NCc3ccccc3)CC2)c2ccccc21,8.11
O=C(c1cc(Cl)cc(Cl)c1)N1CCN(C(=O)CNC2CCN(Cc3ccccc3)CC2)C(c2ccc(Cl)c(Cl)c2)C1,8.11
C[C@@H](O[C@H]1[C@H](c2ccccc2)CN(C(=O)OC(C)(C)C)[C@H]1CO)c1cc(C(F)(F)F)cc(C(F)(F)F)c1,8.11
CN(C)C1CCC(COCc2cc(C(F)(F)F)cc(C(F)(F)F)c2)(c2ccccc2)C1,8.1
N#CCN1CCN(C(COCc2cc(C(F)(F)F)cc(C(F)(F)F)c2)c2ccccc2)CC1,8.1
O=C1CCC(CCN2CC(N3CCOCC3)C2)(c2ccc(Cl)c(Cl)c2)CN1CC1CC1,8.1
COc1cccc(-c2[nH]c3ccc(C)cc3c2CCC(=O)N2CCN(c3ccccc3OC)CC2)c1,8.1
CO/N=C(\COCc1cc(C(F)(F)F)cc(C(F)(F)F)c1)C(CCN1CCC(CN2CCCC2=O)CC1)c1ccc(Cl)c(Cl)c1,8.1
COc1ccccc1CN(C)[C@H]1C2CCN(CC2)[C@H]1C(c1ccccc1)c1ccccc1,8.1
COc1c(Br)cc(Br)cc1COCC(c1ccccc1)N1CCNCC1,8.1
O=C(O)CO/N=C(\COCc1cc(C(F)(F)F)cc(C(F)(F)F)c1)C(CCN1CCC(O)(c2ccccc2)CC1)c1ccc(Cl)c(Cl)c1,8.1
CCCCCN(CCCCC)C(=O)N1CCN(C(=O)N(c2ccccc2)c2cccc(Cl)c2)[C@H](C(=O)NCCCN(CC)CC)C1,8.1
N[C@H]1CC[C@H](OCc2cc(C(F)(F)F)cc(C(F)(F)F)c2)[C@@H]1c1ccccc1,8.1
NC(=O)CN[C@H](COCc1cc(C(F)(F)F)cc(C(F)(F)F)c1)c1ccccc1,8.1
CO/N=C(\COCc1cc(C(F)(F)F)cc(C(F)(F)F)c1)C(CCN1CCC(C(N)=O)CC1)c1ccc(Cl)c(Cl)c1,8.1
NC(=O)CN1CCN([C@H](COCc2cc(C(F)(F)F)cc(C(F)(F)F)c2)c2ccccc2)CC1,8.1
FC(F)(F)c1cc(COCC(c2cccs2)N2CCNCC2)cc(C(F)(F)F)c1,8.1
CC(=O)N[C@@H](Cc1csc2ccccc12)C(=O)OCc1cc(C(F)(F)F)cc(C(F)(F)F)c1,8.1
CC(=O)O.Cc1cc(F)ccc1[C@@H]1CNCCN1C(=O)N(C)[C@H](C)c1cc(C(F)(F)F)cc(C(F)(F)F)c1,8.09
FC(F)(F)c1cc(CO[C@H]2CC[C@@H](CN3CCOCC3)[C@@H]2c2ccccc2)cc(C(F)(F)F)c1,8.09
COc1ccccc1CN(CC(Cc1ccccc1)NC(=O)CN1CCN(c2ccccc2)CC1)C(C)=O,8.08
NC(=O)CN[C@H]1CC[C@H](OCc2cc(C(F)(F)F)cc(C(F)(F)F)c2)[C@@H]1c1ccccc1,8.08
Cc1cc2c(-c3ccccc3)c(C(=O)N(C)Cc3cc(C(F)(F)F)cc(C(F)(F)F)c3)n(C)c(=O)c2cc1C,8.08
O=C(c1cc(C(F)(F)F)cc(C(F)(F)F)c1)N1CCC2(CC1)C1C(=O)N(c3ccccc3)C(=O)C1CN2C(=O)CN1CCOCC1,8.08
COc1cc(COC2C3CCN(CC3)C2C(c2ccccc2)c2ccccc2)cc(OC)c1,8.08
COc1ccccc1CN(CC(Cc1c[nH]c2ccccc12)NC(=O)Cc1ccc2c(c1)OCCO2)C(C)=O,8.08
COc1ccc(OC(F)(F)F)cc1CN[C@H]1CCNC[C@H]1c1ccccc1.Cl.Cl,8.08
Cc1ccccc1-c1ccncc1C(=O)N(C)Cc1cc(C(F)(F)F)cc(C(F)(F)F)c1,8.07
Cc1ccc(-c2c3n(c(=O)c4ncccc24)CC[C@H](C)CN(Cc2cc(C(F)(F)F)cc(C(F)(F)F)c2)C3=O)cc1,8.07
CN(C(=O)c1cc(C(F)(F)F)cc(C(F)(F)F)c1)[C@@H](/C=C/C(=O)N[C@H]1CCCCNC1=O)Cc1ccc(Cl)c(Cl)c1,8.06
NC(=O)[C@H](Cc1ccccc1)NC(=O)[C@H](Cc1ccccc1)NC(=O)[C@@H]1CCCN1C(=O)[C@@H](N)Cc1ccc(O)cc1,8.06
CN1CCC(COCc2cc(C(F)(F)F)cc(C3CC3(C)C)n2)(c2ccc(F)cc2)CC1,8.06
Cc1cc(F)ccc1N1CCNCC1C(=O)N(C)Cc1cc(C(F)(F)F)cc(C(F)(F)F)c1,8.06
COc1cc(C(=O)Nc2cc(C(=O)NC3CCCCC3)ccc2-c2ccc(Cl)cc2)cc(OC)c1OC,8.05
CCCCCN(CCCCC)C(=O)N1CCN(C(=O)N(c2ccccc2)c2ccccc2)[C@H](C(=O)NCCN(C)Cc2ccccc2OC)C1,8.05
CN(Cc1cc(C(F)(F)F)cc(C(F)(F)F)c1)C(=O)c1c(CN)nc2ccccc2c1-c1ccccc1,8.05
Cc1cc(C)cc(C(=O)N2CC[C@H](NCc3ccnc4ccccc34)C[C@H]2Cc2ccc(Cl)c(Cl)c2)c1,8.05
Cc1cc(C)cc(COCC2(c3ccccc3)CCNCC2)c1,8.05
CCCCCN(CCCCC)C(=O)N1CCN(C(=O)N(c2ccccc2)c2ccccc2)[C@H](C(=O)NCCNCc2ccccc2OC)C1,8.05
O=C(N[C@H]1CCN(C(=O)c2cc(C(F)(F)F)cc(C(F)(F)F)c2)[C@H](Cc2ccccc2)C1)c1cc(O)nc2ccccc12,8.05
CN(CC(c1ccc2c(c1)OCCO2)N1CCC(N2CCCCC2)CC1)C(=O)Cc1cc(C(F)(F)F)cc(C(F)(F)F)c1,8.05
O=C(N[C@@H](Cc1ccccc1)c1nnc(-c2ccccc2)o1)OCc1ccccc1,8.05
CO/N=C(\CN(C)C(=O)c1cc(C)nc(C)c1)C(CCN1CCC(O)(c2ccccc2)CC1)c1ccc(Cl)c(Cl)c1,8.05
Cn1nnnc1C1CC2(c3ccccc3)NC1CCC2OCc1cc(C(F)(F)F)cc(C(F)(F)F)c1,8.05
NC(=O)CN[C@@H](COCc1cc(C(F)(F)F)cc(C(F)(F)F)c1)[C@H](CCN1CCC(O)(c2ccccc2)CC1)c1ccc(Cl)c(Cl)c1,8.05
CN(Cc1cc(C(F)(F)F)cc(C(F)(F)F)c1)C(=O)c1c(-c2ccccc2)c2ccccc2n2cnnc12,8.05
CO/N=C(\COCc1cc(C(F)(F)F)cc(C(F)(F)F)c1)C(CCN1CCN(CC(=O)N2CCC(NC(C)=O)C2)CC1)c1ccc(Cl)c(Cl)c1,8.05
COc1ccccc1N1CCN(C(=O)CCc2c(-c3ccc(Cl)cc3)[nH]c3ccc(OC(F)(F)F)cc23)CC1,8.05
CO/N=C(\COCc1cc(C(F)(F)F)cc(C(F)(F)F)c1)C(CCN1CCC(N2CCCC2=O)CC1)c1ccc(Cl)c(Cl)c1,8.05
COc1ccc(CN[C@H]2C3CCN(CC3)[C@H]2c2cccc(Cl)c2)c(OC)c1,8.04
COc1ccccc1CN(CC(Cc1c[nH]c2ccccc12)NC(=O)CN1CCN(c2ccccc2)CC1)C(=O)CC(=O)O,8.04
CC1CC1c1cc(C(F)(F)F)cc(COCC2(c3ccc(F)cc3)CCN(C)CC2)n1,8.04
CN(C(=O)[C@@H](N)Cc1ccccc1)[C@@H](Cc1ccccc1)C(N)=O,8.03
Cc1cc(C)cc(COCC(N)C(c2ccccc2)c2ccccc2)c1,8.03
C[C@H](NC(=O)[C@@H]1CCCN1C(=O)[C@@H](N)Cc1ccc(O)cc1)C(=O)N[C@@H](Cc1ccccc1)C(N)=O,8.03
COc1ccc(CN2CCC(=O)C(C(c3ccc(F)cc3)c3ccc(F)cc3)C2)c(OC)c1.Cl,8.02
Cc1ccc(-c2c3n(c(=O)c4ncccc24)C[C@H](C)CN(Cc2cc(C(F)(F)F)cc(C(F)(F)F)c2)C3=O)cc1,8.02
Cc1cc(Br)cc(COCC(N)C(c2ccccc2)c2ccccc2)c1,8.01
COc1ccc(CC(=O)NC(Cc2c[nH]c3ccccc23)CN(Cc2ccccc2OC)C(C)=O)cc1,8.01
NC(=O)N[C@H]1CC[C@H](OCc2cc(C(F)(F)F)cc(C(F)(F)F)c2)[C@@H]1c1ccccc1,8.01
COc1ccc(F)cc1[C@H]1COCC2(C1)OCCN[C@H]2c1ccc(F)cc1,8.0
CN(Cc1cc(C(F)(F)F)cc(C(F)(F)F)c1)C(=O)N1CC(=O)Nc2ccccc2C1c1ccccc1,8.0
CO/N=C(\COCc1cc(Br)cc(Br)c1)C(CCN1CCC(O)(c2ccccc2)CC1)c1ccc(Cl)c(Cl)c1,8.0
COc1cccc(C(CN(C)C(=O)Cc2cc(C(F)(F)F)cc(C(F)(F)F)c2)N2CCC(N3CCCCC3)CC2)c1OC,8.0
NC(=O)CN1CCN([C@@H](COCc2cc(C(F)(F)F)cc(C(F)(F)F)c2)c2ccccc2)CC1,8.0
C[C@H](NC(=O)[C@@](C)(Cc1c[nH]c2ccccc12)NC(=O)OCc1ccc2ccccc2c1)c1ccccc1,8.0
CS(=O)(=O)NC1CCN(C2CN(CCC3(c4ccc(Cl)c(Cl)c4)CCC(=O)N(CC4CC4)C3)C2)CC1,8.0
CSN1CC2(CCN(C(=O)N[C@@H](Cc3c[nH]c4ccccc34)C(=O)N(C)Cc3cc(C)cc(C)c3)CC2)c2ccccc21,8.0
CN(C)S(=O)(=O)N1CCN(C2CN(CCC3(c4ccc(Cl)c(Cl)c4)CCC(=O)N(CC4CC4)C3)C2)CC1,8.0
O=C1CCC(CCN2CC(N3CCOC(c4ccccc4)C3)C2)(c2ccc(Cl)c(Cl)c2)CN1Cc1ccccc1,8.0
CO/N=C(\CN(C)C(=O)c1ccc(C)s1)C(CCN1CCC(O)(c2ccccc2)CC1)c1ccc(Cl)c(Cl)c1,8.0
Cn1nnnc1CN[C@H](COCc1cc(C(F)(F)F)cc(C(F)(F)F)c1)c1ccccc1,8.0
O=C(N[C@H]1CCN(C(=O)c2cc(Cl)cc(Cl)c2)[C@H](Cc2ccccc2)C1)c1ccnc2ccccc12,8.0
CN(CCc1cc(C(F)(F)F)cc(C(F)(F)F)c1)C(=O)CC(c1ccccc1)c1ccccc1,8.0
CO/N=C(\COCc1cc(C(F)(F)F)cc(C(F)(F)F)c1)C(CCN1CCC(CN2CCCCC2=O)CC1)c1ccc(Cl)c(Cl)c1,8.0
CN(C(=O)c1cc(C(F)(F)F)cc(C(F)(F)F)c1)[C@@H](/C=C/C(=O)NCCN1CCCCC1)Cc1ccc(Cl)cc1,8.0
NC(=O)CN[C@H]1CCN(C(=O)c2cc(C(F)(F)F)cc(C(F)(F)F)c2)[C@H](Cc2ccccc2)C1,8.0
COc1ccccc1[C@H](C)C(=O)N1CC2[C@@H](C1)C(c1ccccc1)(c1ccccc1)CC[S+]2[O-],8.0
O=C(O)CCCCN1CCN(C(COCc2cc(C(F)(F)F)cc(C(F)(F)F)c2)c2ccccc2)CC1,8.0
COc1ccc(OCC(=O)NC(Cc2c[nH]c3ccccc23)CN(Cc2ccccc2OC)C(C)=O)cc1,7.99
C[C@H](NC(=O)[C@@H](N)Cc1ccc(O)cc1)C(=O)N[C@@H](Cc1ccccc1)C(=O)N[C@@H](Cc1ccccc1)C(N)=O,7.99
CC(C)C[C@H](N)C(=O)N[C@@H](Cc1ccccc1)C(N)=O,7.99
COc1ccccc1CN(CC(Cc1c[nH]c2ccccc12)NC(=O)CSc1ccccn1)C(C)=O,7.97
NC(COCc1cc(C(F)(F)F)cc(C(F)(F)F)c1)C(c1ccccc1)c1ccccc1,7.97
N[C@H](COCc1cc(C(F)(F)F)cc(C(F)(F)F)c1)C(c1ccccc1)c1ccccc1,7.97
CCCCCN(CCCCC)C(=O)N1CCN(C(=O)N(c2ccccc2)c2ccccc2)[C@H](C(=O)NCCN(CC)CC)C1,7.96
COc1ccccc1CN(CC(Cc1ccc2ccccc2c1)NC(=O)CN1CCN(c2ccccc2)CC1)C(C)=O,7.96
N[C@@H]1CC[C@@](COCc2cc(C(F)(F)F)cc(C(F)(F)F)c2)(c2ccccc2)C1,7.96
CN(Cc1cc(C(F)(F)F)cc(C(F)(F)F)c1)C(=O)[C@H]1CN(C(=O)OC(C)(C)C)C[C@@H]1c1ccccc1,7.96
Cc1cc(C)cc(C(=O)N2CCN(C(=O)CNC3CCN(C(=O)[C@H](N)Cc4ccccc4)CC3)[C@H](c3ccc(Cl)c(Cl)c3)C2)c1,7.96
NC(=O)[C@H](Cc1ccccc1)NC(=O)[C@H](Cc1ccccc1)NC(=O)[C@@H]1CCCN1,7.96
CN(C)CCCOC(=O)N[C@H]1CCN(C(=O)c2cc(C(F)(F)F)cc(C(F)(F)F)c2)[C@H](Cc2ccccc2)C1,7.96
CSCC[C@H](NC(=O)[C@H](CC(C)C)NC(=O)CN1CCCNC(=O)CCCC(=O)N[C@H](CCCN=C(N)N)C(=O)N[C@@H](Cc2ccccc2)C(=O)N[C@H](Cc2ccccc2)C1=O)C(N)=O,7.96
FC(F)(F)c1cc(Cl)nc(COCC2(c3ccccc3)CCNCC2)c1,7.96
Cc1cc(C)cc(COCC(NC=O)C(c2ccccc2)c2ccccc2)c1,7.96
CN1CCC(COCc2cc(C(F)(F)F)cc(C3CC3)n2)(c2ccc(Cl)cc2)CC1,7.96
CN(C(=O)C(C)(C)c1cc(C(F)(F)F)cc(C(F)(F)F)c1)c1cnc(N2CCCC[C@H]2CO)cc1-c1ccccc1Cl,7.96
CCN1CCC[C@@](COCc2cc(C(F)(F)F)cc(C(F)(F)F)c2)(c2ccccc2)CC1,7.96
Oc1ccc(OC(F)(F)F)cc1CN[C@H]1CCCN[C@H]1c1ccccc1,7.96
CC1(Cc2c[nH]c3ccccc23)OC(=O)N(Cc2cc(C(F)(F)F)cc(C(F)(F)F)c2)C1=O,7.96
CS(=O)(=O)N1CC2(CCN(C(=O)[C@H](COCc3cccc(Cl)c3)NCc3ccc(Cl)c(Cl)c3)CC2)c2ccccc21,7.96
COCc1nc2ccccc2c(-c2ccccc2)c1C(=O)N(C)Cc1cc(C(F)(F)F)cc(C(F)(F)F)c1,7.96
Cc1cc(C)cc(C(=O)N2CC[C@H](NCc3ccnc4ccccc34)C[C@H]2Cc2ccc(C(F)(F)F)cc2)c1,7.96
NC(COCc1cc(Cl)cc(Cl)c1)C(c1ccccc1)c1ccccc1,7.95
C[C@@H](N)C(=O)N1CCC[C@H]1C(=O)N[C@@H](Cc1ccccc1)C(=O)N[C@@H](Cc1ccccc1)C(N)=O,7.94
Cc1ccccc1C[C@H](NC(=O)[C@@H](N)Cc1ccccc1)C(N)=O,7.94
COc1ccccc1C(C1CCCCN1C(=O)c1cc(C(F)(F)F)cc(C(F)(F)F)c1)N1CCC(N2CCCCC2)CC1,7.92
CN(C(=O)c1cc(C(F)(F)F)cc(C(F)(F)F)c1)[C@@H](/C=C/C(=O)NC1CCCCCC1)Cc1ccc(Cl)cc1,7.92
CN(CCc1cc(C(F)(F)F)cc(C(F)(F)F)c1)C(=O)C(Cc1c[nH]c2ccccc12)N1CCN(C2CCCCC2)CC1,7.92
COc1ccc(C(CN(C)C(=O)Cc2cc(C(F)(F)F)cc(C(F)(F)F)c2)N2CCC(N3CCCCC3)CC2)c(OC)c1OC,7.92
Cc1cc(C)cc(C(=O)N2CCC(NCc3cccc4ccccc34)CC2Cc2ccccc2)c1,7.92
COc1cc(CC(=O)N[C@H]2CCN(C(=O)c3cc(C)cc(C)c3)[C@H](Cc3ccccc3)C2)cc(OC)c1,7.92
Cc1cc(C)cc(C(=O)N2CC[C@H](NCc3ccnc4ccccc34)C[C@H]2Cc2ccccc2)c1,7.92
CS(=O)(=O)N1CC2(CCN(C(=O)C(COCc3ccccc3)NCc3ccc(Cl)c(Cl)c3)CC2)c2ccccc21,7.92
CN(CC(c1cccc2c1OCO2)N1CCC(N2CCCCC2)CC1)C(=O)Cc1ccccc1Cl,7.92
CO/N=C(\CN(C)C(=O)c1ccc(N(C)C)c2ccccc12)C(CCN1CCC(O)(c2ccccc2)CC1)c1ccc(Cl)c(Cl)c1,7.92
CC(=O)NCC(=O)N1CC[C@@H](C(=O)N(C)Cc2cc(C(F)(F)F)cc(C(F)(F)F)c2)[C@H](c2ccccc2)C1,7.92
CC(C)c1cc(C(F)(F)F)cc(COCC2(c3ccc(F)cc3)CCN(C)CC2)n1,7.92
CN1CCC(COCc2cc(C(F)(F)F)cc(Cl)n2)(c2ccccc2)CC1,7.92
COc1ccccc1CN[C@H]1C2CC[N+](C)(CC2)[C@H]1C(c1ccccc1)c1ccccc1.[I-],7.91
O=C1CCC(CCN2CC(N3CCNCC3)C2)(c2ccc(Cl)c(Cl)c2)CN1CC1CC1,7.9
CN(Cc1ccccc1)C(=O)[C@H](Cc1ccc2ccccc2c1)NC(=O)[C@@H]1CCCC[C@@H]1NC(=O)c1c[nH]c2ccccc12,7.9
Brc1cc(Br)cc(COC[C@@H](c2ccccc2)N2CCNCC2)c1,7.9
Fc1cc(COCC(c2ccccc2)N2CCNCC2)cc(C(F)(F)F)c1,7.9
CCNC(COCc1cc(C)cc(C)c1)C(c1ccccc1)c1ccccc1,7.9
FC(F)(F)c1cc(CNCC2(c3ccccc3)CCNCC2)cc(C(F)(F)F)c1,7.9
Cc1cc(F)ccc1-c1cc(N2CC(F)(F)C[C@H]2CO)ncc1N(C)C(=O)C(C)(C)c1cc(C(F)(F)F)cc(C(F)(F)F)c1,7.9
CC(C)N1CCN(C(=O)CCc2c(-c3ccc(Cl)cc3)n(C)c3ccc(Cl)cc23)CC1,7.89
CCCCCN(CCCCC)C(=O)[C@H]1CCN(C(=O)N(c2ccccc2)c2ccccc2)[C@H](C(=O)NCCNCC(N)=O)C1,7.89
CO/N=C(\CN(C)C(=O)c1cc(OC)c(OC)c(OC)c1)C(CCN1CCC(O)(c2ccccc2)CC1)c1ccc(Cl)c(Cl)c1,7.89
C=CCC1CCCN(CC2CCN(CCC(/C(COCc3cc(C(F)(F)F)cc(C(F)(F)F)c3)=N/OC)c3ccc(Cl)c(Cl)c3)CC2)C1=O,7.89
COc1cc(C(=O)N(C)c2cc(C(=O)N[C@@H]3CCCCNC3=O)ccc2-c2ccc(Cl)cc2)cc(OC)c1OC,7.89
CO/N=C(\COCc1cc(C(F)(F)F)cc(C(F)(F)F)c1)C(CCN1CCC(N2CCC[C@H]2C(N)=O)CC1)c1ccc(Cl)c(Cl)c1,7.89
N[C@H](COCc1cc(C(F)(F)F)cc(C(F)(F)F)c1)c1ccccc1,7.89
COc1ccccc1CNCc1c(-c2ccccc2)c2cc(C)c(C)cc2c(=O)n1C,7.89
CN1CCC(COCc2cc(C(F)(F)F)cc(N3CCC(C#N)CC3)n2)(c2ccc(F)cc2)CC1,7.89
COc1cccc2cc(COC(=O)N[C@](C)(Cc3c[nH]c4ccccc34)C(=O)N[C@@H](C)c3ccccc3)oc12,7.89
COc1ccccc1N1CCN(C(=O)[C@H](COCc2ccc(Cl)c(Cl)c2)NCc2ccccc2)CC1,7.89
CN(Cc1nnnn1C)[C@H](COCc1cc(C(F)(F)F)cc(C(F)(F)F)c1)c1ccccc1,7.89
CO/N=C(\COCc1cc(C(F)(F)F)cc(C(F)(F)F)c1)C(CCN1CCN(CC(=O)N2CCCC(O)C2)CC1)c1ccc(Cl)c(Cl)c1,7.89
CO/N=C(\COCc1cc(C(F)(F)F)cc(C(F)(F)F)c1)C(CCN1CCC(CN2CCCCC2CCO)CC1)c1ccc(Cl)c(Cl)c1,7.89
COc1ccccc1[C@H]1COCC2(C1)OCCN[C@H]2c1ccc(F)cc1,7.89
O=C(CN(N1CCC(O)(c2ccccc2)CC1)N1CCC(O)(c2ccccc2)CC1)N1CCN(Cc2cc(C(F)(F)F)cc(C(F)(F)F)c2)CC1c1ccccc1,7.89
CS(=O)(=O)N1CC2(CCN(C(=O)[C@H](CSCc3ccc(Cl)c(Cl)c3)NCc3ccccc3)CC2)c2ccccc21,7.89
CO/N=C(\COCc1cc(C(F)(F)F)cc(C(F)(F)F)c1)C(CCN1CCN(CC(=O)N2CC[C@@H](CO)C2)CC1)c1ccc(Cl)c(Cl)c1,7.89
CO/N=C(\COCc1cc(C(F)(F)F)cc(C(F)(F)F)c1)C(CCN1CCC(N2CCCC(C(N)=O)C2)CC1)c1ccc(Cl)c(Cl)c1,7.89
O=C(CCC(=O)N(c1ccccc1)C1CCN(CCc2ccccc2)CC1)N[C@@H](Cc1c[nH]c2ccccc12)C(=O)OCc1cc(C(F)(F)F)cc(C(F)(F)F)c1,7.89
CN(Cc1cc(C(F)(F)F)cc(C(F)(F)F)c1)C(=O)[C@H]1CN(C(=O)N2CCCCC2)C[C@@H]1c1ccccc1,7.89
Cc1cc(C)cc(C(=O)N2CC[C@H](NCc3ccnc4ccccc34)C[C@H]2Cc2ccc(Cl)cc2)c1,7.89
COc1ccccc1[C@H](C)C(=O)N1C[C@@H]2[C@H](C1)C(c1ccccc1)(c1ccccc1)CC[C@@]2(O)c1ccccc1OC,7.886056647693163
NC(COCc1cc(Br)cc(Br)c1)C(c1ccccc1)c1ccccc1,7.88
CC[C@H](C)[C@H](NC(=O)[C@H](Cc1ccccc1)NC(=O)[C@H](CO)NC(=O)[C@H](C)NC(=O)[C@@H]1CCCN1C(=O)[C@H](CC(N)=O)NC(=O)[C@@H](N)Cc1c[nH]cn1)C(=O)NCC(=O)N[C@@H](CC(C)C)C(=O)N[C@@H](CCSC)C(N)=O,7.87
NC(COCc1cc(C(F)(F)F)cc(C(F)(F)F)c1)c1ccccc1,7.87
CN(Cc1ccccc1)C(=O)[C@H](Cc1cccc2ccccc12)NC(=O)[C@@H]1CCCN1/C(S)=N/Cc1ccccc1Cl,7.86
Cc1cc(COC[C@@H](N)c2ccccc2)cc(C(C)(C)C)c1,7.86
CN1CCC[C@H](OCc2cc(C(F)(F)F)cc(C(F)(F)F)c2)[C@@H]1c1ccccc1,7.85
CO/N=C(\COCc1cc(C(F)(F)F)cc(C(F)(F)F)c1)C(CCN1CCC(N2CCCCC2CO)CC1)c1ccc(Cl)c(Cl)c1,7.85
COc1ccc(C[C@@H]2C[C@@H](NCc3ccnc4ccccc34)CCN2C(=O)c2cc(C)cc(C)c2)cc1,7.85
Cc1cc(C)cc(COC[C@@H](C(c2ccccc2)c2ccccc2)N(C)C)c1,7.85
CO/N=C(\COCc1cc(C(F)(F)F)cc(C(F)(F)F)c1)C(CCN1CCC(CN2CCOCC2)CC1)c1ccc(Cl)c(Cl)c1,7.85
CSN1CC2(CCN(C(=O)N[C@@H](Cc3c[nH]c4ccccc34)C(=O)N(C)Cc3ccccc3)CC2)c2ccccc21,7.85
FC(F)(F)c1cc(COCC2(c3ccccc3)CCC(N3CCCC3)C2)cc(C(F)(F)F)c1,7.85
CCNC1CCC(COCc2cc(C(F)(F)F)cc(C(F)(F)F)c2)(c2ccccc2)CC1,7.85
O=C(Cc1cc(C(F)(F)F)cc(C(F)(F)F)c1)NCC(c1cccc2ccccc12)N1CCC(N2CCCCC2)CC1,7.85
CO/N=C(\COCc1cc(C(F)(F)F)cc(C(F)(F)F)c1)C(CCN1CCN(CC(=O)N2CC[C@H](CO)C2)CC1)c1ccc(Cl)c(Cl)c1,7.85
CO/N=C(\COCc1cc(C(F)(F)F)cc(C(F)(F)F)c1)C(CCN1CCN(CC(=O)N2CCCC2)CC1)c1ccc(Cl)c(Cl)c1,7.85
Cc1cc(C)cc(C(=O)N2CC[C@H](NCc3ccnc4ccccc34)C[C@H]2Cc2ccc3ccccc3c2)c1,7.85
Cl.O=C1CCN(Cc2ccccc2-c2ccccc2)CC1C(c1ccc(F)cc1)c1ccc(F)cc1,7.85
CO/N=C(\COCc1cc(C(F)(F)F)cc(C(F)(F)F)c1)C(CCN1CCC(CN2CCCC(CC3CC3)C2=O)CC1)c1ccc(Cl)c(Cl)c1,7.85
CN(CCc1cc(C(F)(F)F)cc(C(F)(F)F)c1)C(=O)C(c1ccccc1)c1ccccc1,7.85
CSCC[C@H](NC(=O)[C@H](CC(C)C)NC(=O)CNC(=O)[C@H](Cc1ccc(O)cc1)NC(=O)[C@H](Cc1ccccc1)NC(=O)[C@H](CO)NC(=O)[C@H](CC(=O)O)NC(=O)[C@H](CO)NC(=O)[C@H](CCCCN)NC(=O)[C@@H](N)Cc1ccc(O)cc1)C(N)=O,7.85
CC(C)C[C@H](NC(=O)[C@@H]1CCCN1C(=O)[C@H](Cc1ccccc1)NC(=O)CNC(=O)[C@@H](C)NC(=O)[C@@H](N)Cc1ccc(O)cc1)C(=O)N[C@@H](Cc1c[nH]c2ccccc12)C(=O)NCc1ccccc1,7.85
CN(CCc1cc(C(F)(F)F)cc(C(F)(F)F)c1)CC(c1ccccc1)N1CCC(N2CCCCC2)CC1,7.85
CO/N=C(\COCc1cc(C(F)(F)F)cc(C(F)(F)F)c1)C(CCN1CCN(CC(=O)N2CCC(N(C)C)C2)CC1)c1ccc(Cl)c(Cl)c1,7.85
COc1ccccc1N1CCN(C(=O)CCc2c(-c3ccc(Cl)cc3)[nH]c3c(Cl)cc(Cl)cc23)CC1,7.85
COc1ccc(NC(C)=O)cc1CN1CCC(=O)C(C(c2ccccc2)c2ccccc2)C1,7.82
Cc1onc(-c2c(Cl)cccc2Cl)c1/C=N/Nc1c(Cl)cncc1Cl,7.82
Cc1cc(C)cc(C(=O)N2CC[C@H](NC(=O)c3ccnc4ccccc34)C[C@H]2Cc2ccccc2)c1,7.82
O=C(COCc1cc(C(F)(F)F)cc(C(F)(F)F)c1)C(CCN1CCC(O)(c2ccccc2)CC1)c1ccc(Cl)c(Cl)c1,7.82
Cc1cc(C)cc(C(=O)N2CC[C@H](NCCc3ccccc3)C[C@H]2Cc2ccccc2)c1,7.82
CC(=O)Nc1ccc(CN2CCC(NCC(=O)N3CCN(C(=O)c4cc(C)cc(C)c4)C[C@H]3c3ccc(Cl)c(Cl)c3)CC2)cc1,7.82
COC(=O)Cn1c(-c2ccc(Cl)cc2)c(CCC(=O)N2CCN(c3ccccc3OC)CC2)c2cc(Cl)ccc21,7.82
CC(C)C1CCN(C2CCN(C(CN(C)C(=O)Cc3cc(C(F)(F)F)cc(C(F)(F)F)c3)c3ccc(Cl)c(Cl)c3)CC2)CC1,7.82
COc1ccccc1C(CNC(=O)Cc1cc(C)cc(C)c1)N1CCN(C2CCCCC2)CC1,7.82
C[C@@H](O)[C@@H]1NC(=O)[C@H](Cc2ccccc2)NC(=O)[C@@H](Cc2c[nH]c3ccccc23)NC(=O)[C@H](Cc2cccc3ccccc23)NC(=O)[C@@H]2CCCN2C(=O)[C@H](Cc2ccccc2)NC1=O,7.82
Cn1nnc(CN[C@H](COCc2cc(C(F)(F)F)cc(C(F)(F)F)c2)c2ccccc2)n1,7.82
N#CO/N=C(\COCc1cc(C(F)(F)F)cc(C(F)(F)F)c1)C(CCN1CCC(O)(c2ccccc2)CC1)c1ccc(Cl)c(Cl)c1,7.82
CN(Cc1cc(C(F)(F)F)cc(C(F)(F)F)c1)C(=O)c1c(CO)nc2ccccc2c1-c1ccccc1,7.8
CCOc1ccccc1CN[C@H]1C2CCN(CC2)[C@H]1C(c1ccccc1)c1ccccc1,7.8
FC(F)(F)c1cc(COC[C@]2(c3ccccc3)CCCCNC2)cc(C(F)(F)F)c1,7.8
COc1ccccc1CC(=O)N(C)CC(c1cccc2c1OCO2)N1CCC(N2CCCCC2)CC1,7.8
CN(Cc1nnn(C)n1)[C@H](COCc1cc(C(F)(F)F)cc(C(F)(F)F)c1)c1ccccc1,7.8
FC(F)(F)c1cc(COCC(c2ccccc2)N2CCN(CCN3CCOCC3)CC2)cc(C(F)(F)F)c1,7.8
CN(C(=O)C(C)(C)c1cc(C(F)(F)F)cc(C(F)(F)F)c1)[C@H](C(=O)NCCN1CCOCC1)c1ccccc1,7.8
Cc1cc2c(-c3ccccc3)c(NC(=O)N(C)Cc3ccccc3)n(C)c(=O)c2cc1C,7.8
COc1ccccc1CN(C)C(=O)c1c(-c2ccccc2C)c2ccccc2c(=O)n1C,7.8
O=C(O)CN1CCN(C(COCc2cc(C(F)(F)F)cc(C(F)(F)F)c2)c2ccccc2)CC1,7.8
Oc1n[nH]c(CN2CCN(C(COCc3cc(C(F)(F)F)cc(C(F)(F)F)c3)c3ccccc3)CC2)n1,7.8
CN(C(=O)c1cc(C(F)(F)F)cc(C(F)(F)F)c1)[C@H](/C=C/C(=O)N[C@@H]1CCCCNC1=O)Cc1ccc(Cl)cc1,7.8
CCOC(=O)C1CCCN(CC2CCN(CCC(/C(COCc3cc(C(F)(F)F)cc(C(F)(F)F)c3)=N/OC)c3ccc(Cl)c(Cl)c3)CC2)C1,7.8
FC(F)(F)c1ccc(COCC(c2ccccc2)N2CCNCC2)c(C(F)(F)F)c1,7.8
O=C(O)COCCN1CCN(C(COCc2cc(C(F)(F)F)cc(C(F)(F)F)c2)c2ccccc2)CC1,7.8
CC(=O)NC1CCN(C2CN(CCC3(c4ccc(Cl)c(Cl)c4)CCC(=O)N(CC4CC4)C3)C2)CC1,7.8
CN1CCN(C2CN(CCC3(c4ccc(Cl)c(Cl)c4)CCC(=O)N(Cc4ccccc4)C3)C2)CC1,7.8
CNCCNC(=O)[C@@H](Cc1ccccc1)NC(=O)[C@](C)(CCN1CCC2(CC1)OC(=O)N(C)c1ccc(F)cc12)c1ccc(Cl)c(Cl)c1.O=C(O)C(F)(F)F,7.8
COc1ccc(OC)c([C@H]2COCC3(C2)OCCN[C@H]3c2ccc(F)cc2)c1,7.8
CO/N=C(\COCc1cc(C(F)(F)F)cc(C(F)(F)F)c1)C(CCN1CCN(CC(=O)N2CCC(O)C2)CC1)c1ccc(Cl)c(Cl)c1,7.8
CC(C)Cc1cc(C(F)(F)F)cc(COCC2(c3ccc(F)cc3)CCN(C)CC2)n1,7.8
CN1C(=O)OC2(CCN(CCC[C@@](C)(C(=O)N[C@H](Cc3ccccc3)C(=O)NCCO)c3ccc(Cl)c(Cl)c3)CC2)c2cc(F)ccc21,7.8
CN(C)C(=O)N(C)[C@@H]1CC[C@H](OCc2cc(C(F)(F)F)cc(C(F)(F)F)c2)[C@H]1c1ccccc1,7.8
CO/N=C(\COCc1cc(C(F)(F)F)cc(C(F)(F)F)c1)C(CCN1CCC(N2CCCC2=S)CC1)c1ccc(Cl)c(Cl)c1,7.8
FC(F)(F)c1cc(COCC2(c3ccccc3)CCC(NC3CC3)C2)cc(C(F)(F)F)c1,7.8
CNC1CCC(COCc2cc(C(F)(F)F)cc(C(F)(F)F)c2)(c2ccccc2)CC1,7.8
COc1ccc(COC(=O)N[C@](C)(Cc2c[nH]c3ccccc23)C(=O)N[C@@H](C)c2ccccc2)cc1,7.8
N#CNC(=O)[C@H](Cc1ccccc1)NC(=O)OCc1ccccc1,7.78
CN(Cc1ccccc1)C(=O)[C@H](Cc1c[nH]c2ccccc12)NC(=O)[C@@H]1CCCN1/C(S)=N/Cc1ccccc1Cl,7.78
CCc1ccccc1CN[C@H]1C2CCN(CC2)[C@H]1C(c1ccccc1)c1ccccc1,7.78
CS(=O)(=O)Nc1ccccc1C1CCN(C(=O)[C@H](COCc2ccc(Cl)c(Cl)c2)NCc2ccccc2)CC1,7.77
O=C(CN(NC1CCN(Cc2ccccc2)CC1)NC1CCN(Cc2ccccc2)CC1)N1CCN(Cc2cc(C(F)(F)F)cc(C(F)(F)F)c2)CC1c1ccccc1,7.77
CCCCCN(CCCCC)C(=O)N1CCN(C(=O)N(c2ccccc2)c2ccccc2)[C@H](C(=O)N(C)CCN(C)Cc2ccccc2OC)C1,7.77
Cc1cc(C)cc(COCC(O)C(c2ccccc2)c2ccccc2)c1,7.77
CN(Cc1cccc2ccccc12)C(=O)[C@H](Cc1ccccc1)NC(=O)[C@@H]1CCCN1/C(S)=N/Cc1ccccc1Cl,7.77
Cc1ccccc1-c1ccccc1C(=O)N(C)Cc1cc(C(F)(F)F)cc(C(F)(F)F)c1,7.77
NC(=O)CO/N=C(\COCc1cc(C(F)(F)F)cc(C(F)(F)F)c1)C(CCN1CCC(O)(c2ccccc2)CC1)c1ccc(Cl)c(Cl)c1,7.77
N/C(CO/N=C(\COCc1cc(C(F)(F)F)cc(C(F)(F)F)c1)C(CCN1CCC(O)(c2ccccc2)CC1)c1ccc(Cl)c(Cl)c1)=N/O,7.77
OC(COCc1cc(C(F)(F)F)cc(C(F)(F)F)c1)C(c1ccccc1)c1ccccc1,7.77
O=C(c1cc(C(F)(F)F)cc(C(F)(F)F)c1)N1CC[C@H](NCc2ccnc3ccccc23)C[C@H]1Cc1ccccc1,7.77
CO/N=C(\COCc1cc(C(F)(F)F)cc(C(F)(F)F)c1)C(CCN1CCC(CN2CCCC(OC(=O)NC(C)C)C2)CC1)c1ccc(Cl)c(Cl)c1,7.77
CC(C)(C)[Si](C)(C)OCc1nc2ccccc2c(-c2ccccc2)c1C(=O)NCc1cc(C(F)(F)F)cc(C(F)(F)F)c1,7.77
C[C@@H](c1ccccc1)[C@H](NC(=O)[C@@H](N)Cc1ccccc1)C(N)=O,7.76
Cl.O=C1CCN(Cc2ccccc2[N+](=O)[O-])CC1C(c1ccc(F)cc1)c1ccc(F)cc1,7.75
CS(=O)(=O)N1CC2(CCN(C(=O)[C@H](COCc3ccccc3)NCc3ccc(Cl)c(Cl)c3)CC2)c2ccccc21,7.75
CN(C(=O)c1cc(C(F)(F)F)cc(C(F)(F)F)c1)N(CCC(=O)N[C@@H]1CCCCNC1=O)Cc1cc(Br)c(Br)s1,7.75
CO/N=C(\COCc1cc(C(F)(F)F)cc(C(F)(F)F)c1)C(CCN1CCC(NC(=O)c2ccccc2)CC1)c1ccc(Cl)c(Cl)c1,7.75
CO/N=C(\COCc1cc(C(F)(F)F)cc(C(F)(F)F)c1)C(CCN1CCC(N2CCCCC2=O)CC1)c1ccc(Cl)c(Cl)c1,7.75
CSCCC[C@H](NC(=O)[C@H](Cc1ccccc1)NC(=O)[C@H](CCC(N)=O)NC(=O)[C@H](CCC(N)=O)NC(=O)[C@H]1CCCN1C(=O)[C@H](CCCCN)NC(=O)[C@@H]1CCCN1C(=O)[C@@H](N)CCCN=C(N)N)C(=O)NCC(=O)N[C@@H](CC(C)C)C(=O)N[C@@H](CCSC)C(N)=O,7.75
CN(C(=O)c1cc(C(F)(F)F)cc(C(F)(F)F)c1)[C@H](/C=C/C(=O)N[C@H]1CCCCNC1=O)Cc1ccc(Cl)c(Cl)c1,7.74
CN(Cc1ccccc1)C(=O)[C@H](Cc1ccc2ccccc2c1)NC(=O)[C@@H]1CCCN1C(=O)Nc1ccccc1C(F)(F)F,7.74
Cc1ccc(COC(=O)N[C@](C)(Cc2c[nH]c3ccccc23)C(=O)N[C@@H](C)c2ccccc2)cc1C,7.74
Cc1cc(F)ccc1[C@@H]1CNCCN1C(=O)N(C)Cc1cc(C(F)(F)F)cc(C(F)(F)F)c1,7.74
CN(Cc1ccccc1)C(=O)[C@H](Cc1ccccc1)NC(=O)[C@@H]1CCCN1C(=N)NCc1ccccc1Cl,7.73
CC(=O)N[C@@H](Cc1ccccc1)C(=O)N[C@@H](Cc1ccccc1)C(N)=O,7.73
FC(F)(F)c1cc(COCC2(c3ccccc3)CCCNC2)cc(C(F)(F)F)c1,7.72
N[C@H]1CC[C@](COCc2cc(C(F)(F)F)cc(C(F)(F)F)c2)(c2ccccc2)C1,7.72
Cc1cc(C)cc(C(=O)N2CC[C@H](NCc3cc4ccccc4cn3)C[C@H]2Cc2ccccc2)c1,7.72
CC(=O)N[C@H]1CCN(C(=O)c2cc(C(F)(F)F)cc(C(F)(F)F)c2)[C@H](Cc2ccccc2)C1,7.72
Cc1cc(C)cc(CC(=O)NCC(c2ccc(Cl)c(Cl)c2)N2CCC(N3CCCCC3)CC2)c1,7.72
CO/N=C(\COCc1cc(C(F)(F)F)cc(C(F)(F)F)c1)C(CCN1CCC(N2CCC(OC(=O)NC(C)C)C2)CC1)c1ccc(Cl)c(Cl)c1,7.72
Cc1ccc(-c2c(C(=O)N(C)[C@H](C)c3cc(C(F)(F)F)cc(C(F)(F)F)c3)n(C)c(=O)c3ncccc23)cc1,7.72
C[C@H](NC(=O)[C@@](C)(Cc1c[nH]c2ccccc12)NC(=O)OCc1ccccc1)c1ccccc1,7.72
Cc1ccc(COC(=O)N[C@](C)(Cc2c[nH]c3ccccc23)C(=O)N[C@@H](C)c2ccccc2)cc1,7.72
FC(F)(F)c1cc(CO[C@@H]2OCCN[C@H]2c2ccccc2)cc(C(F)(F)F)c1,7.72
CN(Cc1c(-c2ccccc2)c2ccccc2c(=O)n1C)C(=O)c1cc(C(F)(F)F)cc(C(F)(F)F)c1,7.72
CO/N=C(\COCc1cc(C(F)(F)F)cc(C(F)(F)F)c1)C(CCN1CCN(CC(=O)N2CCOCC2)CC1)c1ccc(Cl)c(Cl)c1,7.72
Oc1n[nH]c(CN2CCOC3(CCC(c4ccccc4)CO3)C2c2ccccc2)n1,7.72
Cc1ccccc1-c1c(C(=O)N(C)Cc2ccccc2Cl)n(C)c(=O)c2ccccc12,7.72
Cc1cccc(COC2C3CCN(CC3)C2C(c2ccccc2)c2ccccc2)c1,7.7
OCCO/N=C(\COCc1cc(C(F)(F)F)cc(C(F)(F)F)c1)C(CCN1CCC(O)(c2ccccc2)CC1)c1ccc(Cl)c(Cl)c1,7.7
CO/N=C(\COCc1cc(C(F)(F)F)cc(C(F)(F)F)c1)C(CCN1CCN(CC(=O)NCC2CCCO2)CC1)c1ccc(Cl)c(Cl)c1,7.7
COc1cccc(CN[C@H]2C3CCN(CC3)[C@H]2C(c2ccccc2)c2ccccc2)c1,7.7
CN(C)CCNC(=O)[C@@H](Cc1ccccc1)NC(=O)[C@](C)(CCCN1CCC2(CC1)OC(=O)N(C)c1ccc(F)cc12)c1ccc(Cl)c(Cl)c1,7.7
CN(C(=O)Cc1ccccc1)[C@H](Cc1ccc2ccccc2c1)NC(=O)C1(NC(=O)c2c[nH]c3ccccc23)CCCCC1,7.7
NC(=O)N1CCN(C(COCc2cc(C(F)(F)F)cc(C(F)(F)F)c2)c2ccccc2)CC1,7.7
CCCCCN(CCCCC)C(=O)[C@H]1CCN(C(=O)N(c2ccccc2)c2cccc(Cl)c2)[C@H](C(=O)O)C1,7.7
C[C@H](NC(=O)[C@@](C)(Cc1c[nH]c2ccccc12)NC(=O)OCc1cccc(N)c1)c1ccccc1,7.7
CO/N=C(\COCc1cc(C(F)(F)F)cc(C(F)(F)F)c1)[C@H](CCN1CCC(O)(c2ccccc2)CC1)c1ccc(Cl)c(Cl)c1,7.7
CN(C)c1cc(C(F)(F)F)cc(COCC2(c3ccc(F)cc3)CCNCC2)n1,7.7
CN(C(=O)c1cc(C(F)(F)F)cc(C(F)(F)F)c1)[C@@H](/C=C/C(=O)N[C@@H]1CCCCNC1=O)Cc1cc(Br)c(Br)s1,7.7
CN1C(=O)OC2(CCN(CC[C@@](C)(C(=O)N[C@H](Cc3ccccc3)C(=O)NCCN)c3ccc(Cl)c(Cl)c3)CC2)c2cc(F)ccc21.Cl,7.7
FC(F)(F)c1cc(COC[C@]2(c3ccccc3)CCCN2)cc(C(F)(F)F)c1,7.7
Cc1cc(Br)cc(COC[C@@H](N)c2ccccc2)c1,7.7
CO/N=C(\COCc1cc(C(F)(F)F)cc(C(F)(F)F)c1)C(CCN1CCC(CN2CCCCC2CO)CC1)c1ccc(Cl)c(Cl)c1,7.7
COCCN(C)C1CCC(COCc2cc(C(F)(F)F)cc(C(F)(F)F)c2)(c2ccccc2)C1,7.7
CC(C)NC(=O)N[C@H]1CCN(C(=O)c2cc(C(F)(F)F)cc(C(F)(F)F)c2)[C@H](Cc2ccccc2)C1,7.7
O=C1CCC(CCN2CC(N3CCOCC3)C2)(c2ccc(Cl)c(Cl)c2)CN1Cc1ccc(F)cc1,7.7
COc1ccccc1CN[C@H]1C2CCN(CC2)[C@H]1c1cccc(Cl)c1,7.7
CO/N=C(\COCc1cc(C(F)(F)F)cc(C(F)(F)F)c1)C(CCN1CCC(CN2CCCCC2=S)CC1)c1ccc(Cl)c(Cl)c1,7.7
CSCC[C@H](NC(=O)[C@H](CC(C)C)NC(=O)CNC(=O)[C@H](Cc1ccccc1)NC(=O)[C@H](Cc1ccccc1)NC(=O)[C@H](CO)NC(=O)[C@H](C)NC(=O)[C@@H]1CCCN1C(=O)[C@H](CCCCN)NC(=O)[C@@H]1CCCN1C(=O)[C@@H](N)CCCNC(=N)N)C(N)=O,7.68
Cc1cc(C)cc(C(=O)N2CC[C@H](NCc3ccnc4ccccc34)C[C@H]2Cc2ccc(C#N)cc2)c1,7.68
CC(=O)NC(COCc1cc(C)cc(C)c1)C(c1ccccc1)c1ccccc1,7.68
Cc1cc(C)cc(C(=O)N2CCN(C(=O)CNC3CCN(C(=O)[C@@H](N)Cc4ccccc4)CC3)[C@H](c3ccc(Cl)c(Cl)c3)C2)c1,7.68
Cc1cccc(CO[C@H]2C3CCN(CC3)[C@H]2C(c2ccccc2)c2ccccc2)c1,7.68
CN(Cc1cc(C(F)(F)F)cc(C(F)(F)F)c1)C(=O)c1c(-c2ccc(F)cc2)c2ccccc2n2nnnc12,7.68
CN(Cc1ccccc1)C(=O)[C@H](Cc1ccccc1)NC(=O)[C@@H](Cc1cn(C(=O)CCCCCCN)c2ccccc12)NC(=O)C[C@@H]1NC(=O)[C@@H]2C3CCC(CC3)N2C1=O,7.68
FC(F)(F)c1cc(CO[C@H]2OCCN[C@@H]2c2ccccc2)cc(C(F)(F)F)c1,7.68
CN(CC(c1cccc2c1OCO2)N1CCC(N2CCCCC2)CC1)C(=O)C(c1ccccc1)c1ccccc1,7.66
Cc1cc(C)cc(COC(=O)[C@H](Cc2c[nH]c3ccccc23)NC(=O)c2ccccc2)c1,7.66
CC(C(=O)N[C@]1(c2ccccc2)CC[C@H](N(C)C)CC1)c1cc(C(F)(F)F)cc(C(F)(F)F)c1,7.66
CO/N=C(\COCc1cc(C(F)(F)F)cc(C(F)(F)F)c1)C(CCN1CCN(CC(=O)N2CC(O)C2)CC1)c1ccc(Cl)c(Cl)c1,7.66
CN(Cc1cc(C(F)(F)F)cc(C(F)(F)F)c1)C(=O)c1ccccc1-c1ccccc1Cl,7.66
O=C1OC(Cc2c[nH]c3ccccc23)C(=O)N1Cc1cc(C(F)(F)F)cc(C(F)(F)F)c1,7.66
COc1cc(C(F)(F)F)cc(COCC2(c3ccc(F)cc3)CCN(C)CC2)n1,7.66
CC(=O)N(CC1CCCCC1)CC(Cc1c[nH]c2ccccc12)NC(=O)CN1CCN(c2ccccc2)CC1,7.66
Cc1cccc(COC(=O)N[C@](C)(Cc2c[nH]c3ccccc23)C(=O)N[C@@H](C)c2ccccc2)c1,7.65
C=CC[N+]12CCC(CC1)[C@H](NCc1ccccc1OC)[C@@H]2C(c1ccccc1)c1ccccc1.[Br-],7.65
C[C@@H](O[C@H]1O[C@@H]2CC[C@@H](c3ccccc3)O[C@@H]2[C@H](O)[C@H]1OCc1ccc(F)cc1)c1cc(C(F)(F)F)cc(C(F)(F)F)c1,7.65
CSN1CC2(CCN(C(=O)N[C@@H](Cc3c[nH]c4ccccc34)C(=O)OCc3ccccc3)CC2)c2ccccc21,7.64
CO/N=C(\COCc1cc(C(F)(F)F)cc(C(F)(F)F)c1)C(CCN1CCN(CC(=O)N2CCC2)CC1)c1ccc(Cl)c(Cl)c1,7.64
CS(=O)(=O)N1CC2(CCN(C(=O)[C@H](COCc3ccc(Cl)cc3)NCc3ccc(Cl)c(Cl)c3)CC2)c2ccccc21,7.64
CO/N=C(\CCc1cc(C(F)(F)F)cc(C(F)(F)F)c1)C(CCN1CCC(O)(c2ccccc2)CC1)c1ccc(Cl)c(Cl)c1,7.64
COc1ccccc1CN(C)C(=O)Nc1c(-c2ccccc2)c2cc(C)c(C)cc2c(=O)n1C,7.64
COc1cccc(OC)c1C(=O)N1CCC(CCN2CCC(C(N)=O)(c3ccccc3)CC2)(c2ccc(Cl)c(Cl)c2)C1,7.64
Cn1c(COCc2cc(C(F)(F)F)cc(C(F)(F)F)c2)c(-c2ccccc2)c2ccccc2c1=O,7.64
FC(F)(F)c1cc(COC[C@@H](NCc2nn[nH]n2)c2ccccc2)cc(C(F)(F)F)c1,7.64
CN(C(=O)[C@@H]1CCCN1C(=O)[C@H](Cc1ccccc1)NC(=O)[C@H](Cc1ccccc1)NC(=O)[C@H](CCC(N)=O)NC(=O)[C@H](CCC(N)=O)NC(=O)[C@@H]1CCCN1C(=O)[C@H](CCCCN)NC(=O)[C@@H]1CCCN1C(=O)[C@H](CCCN=C(N)N)N1C2CC3CCC2(CS1(=O)=O)C3(C)C)[C@@H](Cc1ccc(Cc2ccccc2)cc1)C(=O)N[C@@H](Cc1c[nH]c2ccccc12)C(N)=O,7.64
O=C(c1cc(F)cc(F)c1)N1CCN(C(=O)CNC2CCN(Cc3ccccc3)CC2)C(c2ccc(Cl)c(Cl)c2)C1,7.64
C#C[C@]1(O)CCC2C3CCC4Cc5nc6nc7ccccc7n6cc5C[C@]4(C)C3CC[C@@]21C.O=C(O)C(=O)O,7.62
CN(Cc1cc(C(F)(F)F)cc(C(F)(F)F)c1)C(=O)[C@H]1CN(C(=O)c2cncnc2)C[C@@H]1c1ccccc1,7.62
COc1ccccc1CN(CC(Cc1c[nH]c2ccccc12)NC(=O)COc1ccccc1OC)C(C)=O,7.62
CS(=O)(=O)N1CC2(CCN(C(=O)C(CNCc3ccc(Cl)c(Cl)c3)NCc3ccccc3)CC2)c2ccccc21,7.62
O=C(c1cc(Br)cc(Br)c1)N1CC[C@H](NCc2ccnc3ccccc23)C[C@H]1Cc1ccccc1,7.62
CCOC(=O)C1CCN(C(=O)CN2CCN(CCC(/C(COCc3cc(C(F)(F)F)cc(C(F)(F)F)c3)=N/OC)c3ccc(Cl)c(Cl)c3)CC2)CC1,7.62
Fc1ccc([C@@H]2NCCO[C@@]23C[C@@H](c2ccccc2C(F)(F)F)CO3)cc1,7.62
O/N=C(\COCc1cc(C(F)(F)F)cc(C(F)(F)F)c1)C(CCN1CCC(O)(c2ccccc2)CC1)c1ccc(Cl)c(Cl)c1,7.62
CO/N=C(\COCc1cc(C(F)(F)F)cc(C(F)(F)F)c1)C(CCN1CCN(CC(=O)N2CCC[C@H]2C(N)=O)CC1)c1ccc(Cl)c(Cl)c1,7.62
Fc1ccc([C@@H]2NCCOC23COC[C@H](c2ccccc2C(F)(F)F)C3)cc1,7.62
O=C(NCc1cc(C(F)(F)F)cc(C(F)(F)F)c1)[C@@H](CCN1CCC(c2ccccc2)CC1)c1ccc(F)cc1,7.62
CO/N=C(\COCc1cc(C(F)(F)F)cc(C(F)(F)F)c1)C(CCN1CCC(CNC2(CO)CCCC2)CC1)c1ccc(Cl)c(Cl)c1,7.62
CNC(=O)CO/N=C(\COCc1cc(C(F)(F)F)cc(C(F)(F)F)c1)C(CCN1CCC(O)(c2ccccc2)CC1)c1ccc(Cl)c(Cl)c1,7.62
Cc1cc(C)cc(COCC(c2ccccc2)N2CCNCC2)c1,7.6
C[C@H](O[C@H]1CCCN(Cc2n[nH]c(O)n2)[C@H]1c1ccccc1)c1cc(Cl)cc(Cl)c1,7.6
Cc1cc(C)cc(C(=O)N2CCN(C(=O)CNC3CCN(Cc4ccccc4)CC3)[C@H](c3ccc(Cl)c(Cl)c3)C2)c1,7.6
CO/N=C(\COCc1cc(C(F)(F)F)cc(C(F)(F)F)c1)C(CCN1CCC(O)(c2ccccc2)CC1)c1ccc(Cl)c(Cl)c1,7.6
CO/N=C(/COCc1cc(C(F)(F)F)cc(C(F)(F)F)c1)C(CCN1CCC(O)(c2ccccc2)CC1)c1ccc(Cl)c(Cl)c1,7.6
CO/N=C(\COCc1cc(C(F)(F)F)cc(C(F)(F)F)c1)C(CCN1CCC(CN2CCCC(C(N)=O)C2)CC1)c1ccc(Cl)c(Cl)c1,7.6
NC(=O)C(=O)N1CCC[C@H](OCc2cc(C(F)(F)F)cc(C(F)(F)F)c2)[C@@H]1c1ccccc1,7.6
Cc1cccc(CN(C(=O)CCc2cc(C(F)(F)F)cc(C(F)(F)F)c2)C2CCNCC2)c1,7.6
Cc1cc(C)cc(OCC(=O)N(c2ccc(Cl)c(Cl)c2)C2CCNCC2)c1,7.6
Clc1cc(Cl)cc(COC[C@@H](c2ccccc2)N2CCNCC2)c1,7.6
O=C1O[C@@H](Cc2c[nH]c3ccccc23)C(=O)N1Cc1cc(C(F)(F)F)cc(C(F)(F)F)c1,7.6
CONC(COCc1cc(C(F)(F)F)cc(C(F)(F)F)c1)C(CCN1CCC(O)(c2ccccc2)CC1)c1ccc(Cl)c(Cl)c1,7.6
COC(=O)CO/N=C(\COCc1cc(C(F)(F)F)cc(C(F)(F)F)c1)C(CCN1CCC(O)(c2ccccc2)CC1)c1ccc(Cl)c(Cl)c1,7.6
O=C(COc1cc(C(F)(F)F)cc(C(F)(F)F)c1)N(Cc1cccc(Cl)c1)C1CCNCC1,7.6
CN(Cc1ccccc1)C(=O)[C@H](Cc1ccccc1)NC(=O)[C@@H]1CCCN1/C(S)=N/Cc1c(Cl)cccc1Cl,7.59
Cc1cc(C)cc(C(=O)N[C@H]2CCN(C(=O)c3cc(Cl)cc(Cl)c3)[C@H](Cc3ccccc3)C2)c1,7.59
C[C@@](Cc1ccccc1)(NC(=O)[C@@H](N)Cc1ccccc1)C(N)=O,7.58
CN(C)CCCOc1ccccc1CC(=O)N1CC2C(=O)CSC(c3ccccc3)(c3ccccc3)C2C1,7.58
FC(F)(F)c1cc(COC[C@]2(c3ccccc3)CCCN(Cc3ccccc3)CC2)cc(C(F)(F)F)c1,7.58
O=C(NCc1cc(C(F)(F)F)cc(C(F)(F)F)c1)c1c(CCl)nc2ccccc2c1-c1ccccc1,7.58
CN(Cc1cc(C(F)(F)F)cc(C(F)(F)F)c1)C(=O)c1c(-c2ccccc2)c2ccccc2n2nnnc12,7.58
CO/N=C(\COCc1cc(Cl)cc(Cl)c1)C(CCN1CCC(O)(c2ccccc2)CC1)c1ccc(Cl)c(Cl)c1,7.58
O=C(c1cc(Cl)cc(Cl)c1)N1CC[C@H](NCc2ccnc3ccccc23)C[C@H]1Cc1ccccc1,7.58
CN(Cc1ccccc1)C(=O)[C@H](Cc1ccccc1)NC(=O)[C@@H]1CCCN1/C(S)=N/Cc1ccccc1C(F)(F)F,7.57
C[C@H](NC(=O)[C@@](C)(Cc1c[nH]c2ccccc12)NC(=O)OCc1ccc(Cl)cc1)c1ccccc1,7.57
CN(Cc1cc(C(F)(F)F)cc(C(F)(F)F)c1)C(=O)[C@H](Cc1ccccc1)NC(=O)[C@@H]1CCCN1/C(S)=N/Cc1ccccc1Cl,7.57
CC(=O)NCCCCCOC[C@H]1O[C@@H](OCCc2c[nH]c3ccccc23)[C@H](OCc2ccccc2)[C@@H](OCc2ccccc2)[C@@H]1O,7.57
COc1ccccc1CN(CC(Cc1c[nH]c2ccccc12)NC(=O)CN1CCOCC1)C(C)=O,7.57
COc1cccc(C[C@@H]2C[C@@H](NCc3ccnc4ccccc34)CCN2C(=O)c2cc(C)cc(C)c2)c1,7.57
CS(=O)(=O)N1CC2(CCN(C(=O)C(COCc3ccccc3)NCc3ccc(Cl)cc3)CC2)c2ccccc21,7.57
COc1ccccc1CN(CC(CC1CNc2ccccc21)NC(=O)CN1CCN(c2ccccc2)CC1)C(C)=O,7.56
CSCC[C@H](NC(=O)[C@H](CC(C)C)NC(=O)CNC(=O)[C@@H](NC(=O)[C@H](Cc1ccccc1)NC(=O)[C@H](CCC(N)=O)NC(=O)[C@H](CCC(N)=O)NC(=O)[C@H]1CCCN1C(=O)[C@H](CCCCN)NC(=O)[C@@H]1CCCN1C(=O)[C@@H](N)CCCN=C(N)N)[C@@H]1CCc2ccccc21)C(N)=O,7.55
Cc1cc(C)cc(CN(C)C(=O)Nc2c(-c3ccccc3)c3cc(C)c(C)cc3c(=O)n2C)c1,7.55
Fc1ccc([C@@H]2NCCO[C@@]23CC[C@@H](c2ccccc2C(F)(F)F)CO3)cc1,7.55
C[C@@H](O)[C@@H]1NC(=O)[C@H](Cc2ccc(F)cc2)NC(=O)[C@@H](Cc2c[nH]c3ccccc23)NC(=O)[C@H](Cc2ccccc2)NC(=O)[C@@H]2CCCN2C(=O)[C@H](Cc2ccccc2)NC1=O,7.55
O=C(CN(N1CCN(Cc2ccccc2)CC1)N1CCN(Cc2ccccc2)CC1)N1CCN(Cc2cc(C(F)(F)F)cc(C(F)(F)F)c2)CC1c1ccc(Cl)c(Cl)c1,7.55
Fc1ccc([C@@H]2NCCOC23CC[C@@H](c2ccccc2C(F)(F)F)CO3)cc1,7.55
C[C@H]1CN(CC[C@H](C(=O)NCc2cc(C(F)(F)F)cc(C(F)(F)F)c2)c2ccc(F)cc2)CC[C@@]12C=Cc1ccccc12,7.55
C[C@@H](O)[C@@H]1NC(=O)[C@H](Cc2ccc(F)cc2)C2C(=O)[C@@H](Cc3c2[nH]c2ccccc32)NC(=O)[C@H](Cc2ccccc2)NC(=O)[C@@H]2CCCC2C(=O)[C@H](Cc2ccccc2)NC1=O,7.55
Fc1ccc(C2(COCc3cc(C(F)(F)F)cc(Cl)n3)CCNCC2)cc1,7.54
C[C@H](NC(=O)[C@@](C)(Cc1c[nH]c2ccccc12)NC(=O)OCc1ccc(Cl)c(Cl)c1)c1ccccc1,7.54
C/C=C/c1cc(C(F)(F)F)cc(COCC2(c3ccc(F)cc3)CCN(C)CC2)n1,7.54
CSCC[C@@H](NC(=O)[C@H](CC(C)C)NC(=O)CNC(=O)[C@@H](NC(=O)[C@@H](NC(=O)[C@H](CCC(N)=O)NC(=O)[C@H](CCC(N)=O)NC(=O)[C@@H]1CCCN1C(=O)[C@H](CCCCN)NC(=O)[C@@H]1CCCN1C(=O)[C@@H](N)CCCN=C(N)N)C1CCc2ccccc21)C1c2ccccc2-c2ccccc21)C(N)=O,7.54
Cc1cc(C)cc(C(=O)N2CC[C@H](NCc3ccnc4ccccc34)C[C@H]2Cc2cccc3ccccc23)c1,7.54
CN1CCC(COCc2cc(C(F)(F)F)cc(N3CCC(C#N)C3)n2)(c2ccc(F)cc2)CC1,7.54
CN(Cc1ccccc1)C(=O)[C@@H](NC(=O)[C@@H]1CCCN1/C(S)=N/Cc1ccccc1Cl)C(c1ccccc1)c1ccccc1,7.53
CN(Cc1ccccc1)C(=O)[C@H](Cc1ccccc1)NC(=O)[C@@H]1CCCN1/C(S)=N/Cc1ccccc1Br,7.53
O=C(CN(NC1CCN(Cc2ccccc2)CC1)NC1CCN(Cc2ccccc2)CC1)N1CCN(Cc2cc(C(F)(F)F)cc(C(F)(F)F)c2)CC1c1ccc(Cl)c(Cl)c1,7.52
CC(=O)N[C@@H](Cc1ccc(Cl)c(Cl)c1)C(=O)OCc1cc(C)cc(C)c1,7.52
CC(N)(COCc1cc(C(F)(F)F)cc(C(F)(F)F)c1)c1ccccc1,7.52
Cn1c(-c2ccc(Cl)cc2)c(CCC(=O)N2CCN(CC(=O)Nc3ccccc3)CC2)c2cc(Cl)ccc21,7.52
Cc1cc(C)cc(C(=O)N2CC[C@H](NCc3cnc4ccccc4c3)C[C@H]2Cc2ccccc2)c1,7.52
COc1ccccc1CN(C)C(=O)c1c(-c2ccccc2)c2ccccc2c(=O)n1C,7.52
N[C@@H](Cc1ccc(O)cc1)C(=O)N1CCC[C@H]1C(=O)N[C@@H](Cc1ccccc1)C(=O)N[C@@H](Cc1ccccc1)C(=O)O,7.52
Fc1ccc([C@@H]2NCCOC23COC[C@H](c2cccc(C(F)(F)F)c2)C3)cc1,7.52
COc1ccc(OC)c(S(=O)(=O)N2CCC3(CC2)C2C(=O)N(c4ccccc4)C(=O)C2CN3C(=O)c2cc(C(F)(F)F)cc(C(F)(F)F)c2)c1,7.52
CO/N=C(\COCc1cc(C(F)(F)F)cc(C(F)(F)F)c1)C(CCN1CCNCC1)c1ccc(Cl)c(Cl)c1,7.52
CN(Cc1ccccc1)C(=O)[C@H](Cc1ccccc1)NC(=O)[C@@H]1CCCN1/C(S)=N/Cc1ccccc1Cl,7.52
Cc1cc(C)cc(C(=O)N2CC[C@H](NCc3ccnc4ccccc34)C[C@H]2[C@H](C)c2ccccc2)c1,7.52
Cc1cc(C)cc(C(=O)N2CCC(NCc3ccnc4ccccc34)CC2[C@H](C)c2ccccc2)c1,7.52
COC(=O)CN(Cc1ccccc1OC)CC(Cc1c[nH]c2ccccc12)NC(=O)CN1CCN(c2ccccc2)CC1,7.51
N[C@@H]1CC[C@](COCc2cc(C(F)(F)F)cc(C(F)(F)F)c2)(c2ccccc2)C1,7.51
COc1cccc(CN2CCC(=O)C(C(c3ccc(F)cc3)c3ccc(F)cc3)C2)c1.Cl,7.51
O=C1COc2ccc(S(=O)(=O)N3CCC4(CC3)C3C(=O)N(c5ccccc5)C(=O)C3CN4C(=O)c3cc(C(F)(F)F)cc(C(F)(F)F)c3)cc2N1,7.51
CC[C@H](C)[C@H](NC(=O)[C@H](Cc1ccccc1)NC(=O)[C@H](C)NC(=O)[C@H](CC(=O)O)NC(=O)[C@H](CCCCN)NC(=O)[C@H](CO)NC(=O)[C@@H]1CCCN1C(=O)[C@@H]1CCC(=O)N1)C(=O)NCC(=O)N[C@@H](CC(C)C)C(=O)N[C@H](CCSC)C(N)=O,7.51
C=CCC1(Cc2c[nH]c3ccccc23)OC(=O)N(Cc2cc(C(F)(F)F)cc(C(F)(F)F)c2)C1=O,7.51
COc1ccccc1N1CCN(C(=O)CCc2c(-c3ccc(Cl)cc3)[nH]c3ccccc23)CC1,7.51
CSCC[C@H](NC(=O)[C@H](CC(C)C)NC(=O)CNC(=O)[C@@H](NC(=O)[C@H](Cc1ccccc1)NC(=O)[C@H](CO)NC(=O)[C@H](CC(=O)O)NC(=O)[C@@H](NC(=O)[C@H](CCCCN)NC(=O)[C@@H](N)Cc1c[nH]cn1)[C@@H](C)O)C(C)C)C(N)=O,7.51
O=C(COCC(=O)N(c1ccccc1)C1CCN(CCc2ccccc2)CC1)N[C@@H](Cc1c[nH]c2ccccc12)C(=O)OCc1cc(C(F)(F)F)cc(C(F)(F)F)c1,7.51
COc1ccc(C2(CCN3CCC(C(=O)c4nc5ccccc5n4Cc4ccc(F)cc4)CC3)CCN(C(=O)c3cc(OC)c(OC)c(OC)c3)C2)cc1OC,7.51
O=C(CN(N1CCC(O)(c2ccccc2)CC1)N1CCC(O)(c2ccccc2)CC1)N1CCN(Cc2cc(C(F)(F)F)cc(C(F)(F)F)c2)CC1c1ccc(Cl)c(Cl)c1,7.5
Cc1c(C(=O)N(C)Cc2cc(C(F)(F)F)cc(C(F)(F)F)c2)c(-c2ccccc2)cc[n+]1[O-],7.5
O=C(COc1cc(C(F)(F)F)cc(C(F)(F)F)c1)N(c1ccc(Cl)c(Cl)c1)C1CCNCC1,7.5
CN1C(=O)OC2(CCN(CC[C@@](C)(C(=O)N[C@H](Cc3ccccc3)C(=O)NCCO)c3ccc(Cl)c(Cl)c3)CC2)c2cc(F)ccc21,7.5
Cc1cc(C)cc(C(=O)N2CCN(C(=O)CNC3CCN(C(=O)[C@H](N)Cc4ccc(O)cc4)CC3)[C@H](c3ccc(Cl)c(Cl)c3)C2)c1,7.5
O=C(CCc1cc(C(F)(F)F)cc(C(F)(F)F)c1)N(Cc1ccc(F)cc1)C1CCNCC1,7.5
CO/N=C(\COC(=O)Nc1cc(C(F)(F)F)cc(C(F)(F)F)c1)C(CCN1CCC(O)(c2ccccc2)CC1)c1ccc(Cl)c(Cl)c1,7.5
CO/N=C(\COCc1cc(C)cc(C)c1)C(CCN1CCC(O)(c2ccccc2)CC1)c1ccc(Cl)c(Cl)c1,7.5
CC1c2ccccc2NC(=O)CN1C(=O)N(C)Cc1cc(C(F)(F)F)cc(C(F)(F)F)c1,7.5
CCN1CCC[C@](COCc2cc(C(F)(F)F)cc(C(F)(F)F)c2)(c2ccccc2)CC1,7.5
CC(=O)N1Cc2ccccc2C[C@H]1C(=O)N(C)Cc1cc(C(F)(F)F)cc(C(F)(F)F)c1,7.5
CN(CC(Cc1ccccc1)N1CCC(N2CCCCC2)CC1)C(=O)Cc1cc(C(F)(F)F)cc(C(F)(F)F)c1,7.5
CN(Cc1ccccc1Cl)C(=O)c1c(-c2ccc(F)cc2)c2cccnc2c(=O)n1C,7.5
Cc1cc(C)cc(CN(C)C(=O)c2c(-c3ccccc3C)c3ccccc3c(=O)n2C)c1,7.5
C=Cc1ccc(C(COCc2cc(C(F)(F)F)cc(C(F)(F)F)c2)N2CCNCC2)cc1C=C,7.5
CCOC(=O)C[N+]12CCC(CC1)[C@H](NCc1ccccc1OC)[C@@H]2C(c1ccccc1)c1ccccc1.[Br-],7.49
Clc1ccccc1CN[C@H]1C2CCN(CC2)[C@H]1C(c1ccccc1)c1ccccc1,7.48
CN(C)c1ccc(CNC(COCc2ccccc2)C(=O)N2CCC3(CC2)CN(S(C)(=O)=O)c2ccccc23)cc1,7.48
CO/C=C(\COCc1cc(C(F)(F)F)cc(C(F)(F)F)c1)C(CCN1CCC(O)(c2ccccc2)CC1)c1ccc(Cl)c(Cl)c1,7.48
COc1ccccc1CN(CC(Cc1c[nH]c2ccccc12)NC(=O)CN1CCCCC1)C(C)=O,7.48
CO/N=C(\COCc1cc(C(F)(F)F)cc(C(F)(F)F)c1)[C@@H](CCN1CCC(O)(c2ccccc2)CC1)c1ccc(Cl)c(Cl)c1,7.48
CCCCCN(CCCCC)C(=O)[C@H]1CCN(C(=O)N(c2ccccc2)c2ccccc2)[C@H](C(=O)O)C1,7.48
CO/N=C(\COCc1cc(OC)cc(OC)c1)C(CCN1CCC(O)(c2ccccc2)CC1)c1ccc(Cl)c(Cl)c1,7.48
Fc1cc(F)cc(COC2C3CCN(CC3)C2C(c2ccccc2)c2ccccc2)c1,7.48
C[C@H](NC(=O)[C@@](C)(Cc1c[nH]c2ccccc12)NC(=O)OCc1ccccc1Cl)c1ccccc1,7.48
CO/N=C(\CNC(=O)c1ccccc1OC)C(CCN1CCC(O)(c2ccccc2)CC1)c1ccc(Cl)c(Cl)c1,7.48
CN(C(=O)c1cc(C(F)(F)F)cc(C(F)(F)F)c1)c1cc(C(=O)NC2CCCCC2)ccc1-c1ccc(F)cc1,7.47
Clc1cc(COCC2(c3ccccc3)CCNCC2)cc(Cl)n1,7.47
O/N=C(/COCc1cc(C(F)(F)F)cc(C(F)(F)F)c1)C(CCN1CCC(O)(c2ccccc2)CC1)c1ccc(Cl)c(Cl)c1,7.47
O=C(NCc1cccnc1)NC[C@H]1CCC[C@H](OCc2cc(C(F)(F)F)cc(C(F)(F)F)c2)[C@@H]1c1ccccc1,7.47
NC(=O)[C@H](Cc1ccccc1)NC(=O)[C@H]1NCC[C@H]1c1ccccc1,7.47
CS(=O)(=O)N1CC2(CCN(C(=O)[C@H](COCc3ccccc3Cl)NCc3ccc(Cl)c(Cl)c3)CC2)c2ccccc21,7.47
COc1ccccc1CN(C[C@@H](Cc1c[nH]c2ccccc12)NC(=O)CCC(=O)c1ccccc1)C(C)=O,7.47
Cc1ccccc1-c1c(C(=O)N(C)Cc2ccccc2)n(C)c(=O)c2ccccc12,7.47
CCN(Cc1ccccc1OC)C(=O)c1c(-c2ccccc2C)c2ccccc2c(=O)n1C,7.47
CN(Cc1ccccc1)C(=O)[C@H](Cc1ccccc1)NC(=O)[C@@H](Cc1cn(C(=O)OCCCCCCN)c2ccccc12)NC(=O)C[C@@H]1NC(=O)[C@@H]2C3CCC(CC3)N2C1=O,7.47
Cc1cc(O)cc(C)c1C[C@H](N)C(=O)N[C@H](CCCNC(N)=O)C(=O)N[C@H]1Cc2ccccc2CN(CCC(=O)N(C)Cc2cc(C(F)(F)F)cc(C(F)(F)F)c2)C1=O,7.46
Cc1cc(O)cc(C)c1C[C@H](N)C(=O)N[C@H](CCCNC(=N)N)C(=O)N[C@H]1Cc2ccccc2CN(CC(=O)N(Cc2cc(C(F)(F)F)cc(C(F)(F)F)c2)CC(C)C)C1=O,7.46
CC(=O)N1CCC[C@H](OCc2cc(C(F)(F)F)cc(C(F)(F)F)c2)[C@@H]1c1ccccc1,7.46
COc1ccccc1CN[C@H]1C2CCCN(CC2)[C@H]1C(c1ccccc1)c1ccccc1,7.46
C[C@@H](O)[C@@H]1NC(=O)[C@H](Cc2ccccc2)NC(=O)[C@@H](Cc2c[nH]c3ccccc23)NC(=O)[C@H](Cn2ccc3ccccc32)NC(=O)[C@@H]2CCCN2C(=O)[C@H](Cc2ccccc2)NC1=O,7.46
C[C@H](NC(=O)[C@@](C)(Cc1c[nH]c2ccccc12)NC(=O)OCc1cccc(Cl)c1)c1ccccc1,7.46
Cc1cc(C)cc(C(=O)N2CCN(C(=O)CNC3CCN(Cc4cc[nH]c4)CC3)[C@H](c3ccc(Cl)c(Cl)c3)C2)c1,7.46
FC(F)(F)c1cc(CO[C@H]2CCCN(Cc3ccco3)[C@H]2c2ccccc2)cc(C(F)(F)F)c1,7.44
CN(Cc1cc(C(F)(F)F)cc(C(F)(F)F)c1)C(=O)c1c(-c2ccccc2)c2ccccc2n2cccc12,7.44
Cc1ccc(C)c(COC2C3CCN(CC3)C2C(c2ccccc2)c2ccccc2)c1,7.44
CO/N=C(\COCc1cc(C(F)(F)F)cc(C(F)(F)F)c1)C(CCN1CCC(CN2CCCCC2)CC1)c1ccc(Cl)c(Cl)c1,7.44
CO/N=C(\COCc1cc(C(F)(F)F)cc(C(F)(F)F)c1)C(CCN1CCC(N2CCCC2)CC1)c1ccc(Cl)c(Cl)c1,7.44
CN(Cc1ccc2ccccc2c1)C(=O)[C@H](Cc1ccccc1)NC(=O)[C@@H]1CCCN1/C(S)=N/Cc1ccccc1Cl,7.44
CS(=O)(=O)N1CC2(CCN(C(=O)[C@H](COCc3ccccc3Cl)NCc3ccccc3)CC2)c2ccccc21,7.44
COc1cc(C(=O)N(C)CC(c2cccc3c2OCO3)N2CCC(N3CCCCC3)CC2)cc(OC)c1OC,7.43
O=C(CN(N1CCC(Cc2ccccc2)CC1)N1CCC(Cc2ccccc2)CC1)N1CCN(Cc2cc(C(F)(F)F)cc(C(F)(F)F)c2)CC1c1ccccc1,7.43
Fc1cccc(COC2C3CCN(CC3)C2C(c2ccccc2)c2ccccc2)c1,7.43
Brc1ccccc1COC1C2CCN(CC2)C1C(c1ccccc1)c1ccccc1,7.43
CN(Cc1cc(C(F)(F)F)cc(C(F)(F)F)c1)C(=O)c1c(-c2ccccc2)c2ccccc2n2ccnc12,7.42
Ic1cccc(COCC2(c3ccccc3)CCNCC2)c1,7.42
CCN(CC)C1CCC(COCc2cc(C(F)(F)F)cc(C(F)(F)F)c2)(c2ccccc2)CC1,7.42
COc1ccccc1[C@H](C)C(=O)N1C[C@@H]2[C@H](C1)[C@@](O)(c1ccccc1OC)CSC2(c1ccccc1)c1ccccc1,7.42
CN(Cc1ccccc1)C(=O)[C@H](Cc1ccccc1)N(C)C(=O)[C@@H]1CCCN1/C(S)=N/Cc1ccccc1Cl,7.42
CO/N=C(\COCc1cc(C(F)(F)F)cc(C(F)(F)F)c1)C(CCN1CCC(CN2CCCC(O)C2)CC1)c1ccc(Cl)c(Cl)c1,7.42
CN(C)/N=C(\COCc1cc(C(F)(F)F)cc(C(F)(F)F)c1)C(CCN1CCC(O)(c2ccccc2)CC1)c1ccc(Cl)c(Cl)c1,7.42
Clc1ccccc1CNC1C2C3CCCC2CN(C3)[C@H]1C(c1ccccc1)c1ccccc1,7.41
CCOCCCNC(=O)CN1CCN(CCC(/C(COCc2cc(C(F)(F)F)cc(C(F)(F)F)c2)=N/OC)c2ccc(Cl)c(Cl)c2)CC1,7.41
CO/N=C(\COCCc1cc(C(F)(F)F)cc(C(F)(F)F)c1)C(CCN1CCC(O)(c2ccccc2)CC1)c1ccc(Cl)c(Cl)c1,7.41
CN1C(=O)C2CN(S(=O)(=O)c3ccc4ccccc4c3)C3(CCN(C(=O)c4cc(C(F)(F)F)cc(C(F)(F)F)c4)CC3)C2C1=O,7.41
CC(C)=Cc1cc(C(F)(F)F)cc(COCC2(c3ccc(F)cc3)CCN(C)CC2)n1,7.41
COc1ccc(CN[C@@H]2C3CCN(CC3)[C@@H]2c2cccc(Cl)c2)c(OC)c1,7.41
FC(F)(F)c1cc(CO[C@H]2CCCN(Cc3nn[nH]n3)[C@H]2c2ccccc2)cc(C(F)(F)F)c1,7.4
CC1c2ccccc2NCCN1C(=O)N(C)Cc1cc(C(F)(F)F)cc(C(F)(F)F)c1,7.4
O=C(N[C@@H]1CC[C@H](OCc2cc(C(F)(F)F)cc(C(F)(F)F)c2)[C@H]1c1ccccc1)OCc1ccccc1,7.4
CC(C)c1cccc(C(COCc2cc(C(F)(F)F)cc(C(F)(F)F)c2)N2CCNCC2)c1,7.4
Fc1ccc(C2CCN(C3CCC(CCCc4cc(C(F)(F)F)cc(C(F)(F)F)c4)(c4ccccc4)CC3)CC2)cc1,7.4
CN(C)CCNC(=O)[C@@H](Cc1ccccc1)NC(=O)[C@](C)(CCN1CCC2(CC1)OC(=O)N(C)c1ccc(F)cc12)c1ccc(Cl)c(Cl)c1,7.4
COc1ccccc1CN[C@H]1CCCN[C@]12CCc1ccccc12,7.4
COC(=O)CN1CCN(C(COCc2cc(C(F)(F)F)cc(C(F)(F)F)c2)c2ccccc2)CC1,7.4
CN(C)c1ccccc1CC(=O)N1CC2C(=O)CSC(c3ccccc3)(c3ccccc3)C2C1,7.39
C[C@@H](OC[C@]1(c2ccccc2)CNC(=O)N1)c1cc(C(F)(F)F)cc(C(F)(F)F)c1,7.39
Cc1cc(-c2ccccc2)c(C(=O)N(C)Cc2cc(C(F)(F)F)cc(C(F)(F)F)c2)c(C)n1,7.39
CCCCCN(CCCCC)C(=O)N1CCN(C(=O)N(c2ccccc2)c2ccccc2)[C@H](C(=O)NCCCN(CC)CC)C1,7.39
Cn1c(-c2ccc(Cl)cc2)c(CCC(=O)N2CCC(O)(Cc3ccccc3)CC2)c2cnccc21,7.39
Cc1cc(C)cc(C(=O)N2CCN(C(=O)CNC3CCN(C(=O)[C@@H](N)c4ccccc4)CC3)[C@H](c3ccc(Cl)c(Cl)c3)C2)c1,7.38
CO/N=C(\CN(C)Cc1cc(C(F)(F)F)cc(C(F)(F)F)c1)C(CCN1CCC(O)(c2ccccc2)CC1)c1ccc(Cl)c(Cl)c1,7.38
CS(=O)(=O)N1CC2(CCN(C(=O)[C@@H](COCc3ccccc3)NCc3ccc(Cl)c(Cl)c3)CC2)c2ccccc21,7.38
COc1ccccc1N1CCN(C(=O)CCc2c3n(c4ccc(C)cc24)C(=O)c2ccccc2-3)CC1,7.38
C[C@H](NC(=O)[C@@](C)(Cc1c[nH]c2ccccc12)NC(=O)OCc1ccc(F)c(F)c1)c1ccccc1,7.37
CS(=O)(=O)N1CC2(CCN(C(=O)C(COCc3ccccc3)NC(=O)Cc3ccc(Cl)c(Cl)c3)CC2)c2ccccc21,7.37
Cc1cc(C)cc(C(=O)N2C3CC(NCc4ccnc5ccccc45)CC2C(c2ccccc2)C3)c1,7.36
C[C@H](NC(=O)CN)C(=O)N[C@H]1CSSC[C@H](C(=O)O)NC(=O)[C@H](CO)NC(=O)[C@H]([C@@H](C)O)NC(=O)[C@H](Cc2ccccc2)NC(=O)[C@H]([C@@H](C)O)NC(=O)[C@H](Cc2ccc(F)cc2)NC(=O)[C@H](Cc2c[nH]c3ccccc23)NC(=O)[C@H](Cc2ccccc2)NC(=O)[C@H](Cc2ccccc2)NC(=O)[C@H](CC(N)=O)NC(=O)[C@H](CCCCN)NC1=O,7.36
CO/N=C(\COCc1cc(C(F)(F)F)cc(C(F)(F)F)c1)C(CCN1CCC(NC(=O)C2CCCCC2)CC1)c1ccc(Cl)c(Cl)c1,7.36
NC(=O)CN[C@H]1CC[C@@H](OCc2cc(C(F)(F)F)cc(C(F)(F)F)c2)[C@@H]1c1ccccc1,7.35
CN1CCC(COCc2cc(C(F)(F)F)cc(Cl)n2)(c2ccc(F)cc2)CC1,7.35
FC(F)(F)c1cc(COCC2(c3ccccc3)CCC(N3CCOCC3)C2)cc(C(F)(F)F)c1,7.35
CN(Cc1cc(Cl)cc(Cl)c1)C(=O)CC(c1ccccc1)c1ccccc1,7.35
CN(Cc1cc(C(F)(F)F)cc(C(F)(F)F)c1)C(=O)c1ccccc1-c1ccccc1Br,7.35
Cl.O=C1CCN(Cc2ccccc2F)CC1C(c1ccc(F)cc1)c1ccc(F)cc1,7.34
O=C(NCCc1cc(C(F)(F)F)cc(C(F)(F)F)c1)C(c1ccccc1)c1ccccc1,7.34
Cc1cccc(NC(=O)N2CCC3(CC2)NC(=O)N(Cc2cc(C(F)(F)F)cc(C(F)(F)F)c2)C3=O)c1,7.34
CN(Cc1cc(C(F)(F)F)cc(C(F)(F)F)c1)C(=O)C(c1ccccc1)c1ccccc1,7.33
CO/N=C(\COCc1cc(C(F)(F)F)cc(C(F)(F)F)c1)C(CCN1CCN(CC(=O)N2CCCCC2CO)CC1)c1ccc(Cl)c(Cl)c1,7.33
Cc1ccc(C)c(CO[C@H]2C3CCN(CC3)[C@H]2C(c2ccccc2)c2ccccc2)c1,7.32
C#C[C@]1(O)CCC2C3CCC4Cc5nc6nc7ccccc7n6cc5C[C@]4(C)C3CC[C@@]21C,7.32
CN(C)C1CCC(COCc2cc(C(F)(F)F)cc(C(F)(F)F)c2)(c2ccccc2)CC1,7.32
CN(CCc1c[nH]c2ccccc12)C(=O)[C@H](Cc1ccccc1)NC(=O)[C@@H]1CCCN1/C(S)=N/Cc1ccccc1Cl,7.32
CSCC[C@@H](NC(=O)[C@H](CC(C)C)NC(=O)CNC(=O)[C@H](Cc1ccccc1)NC(=O)[C@@H](NC(=O)[C@H](CCC(N)=O)NC(=O)[C@H](CCC(N)=O)NC(=O)[C@@H]1CCCN1C(=O)[C@H](CCCCN)NC(=O)[C@@H]1CCCN1C(=O)[C@@H](N)CCCN=C(N)N)C1CCc2cc3ccccc3cc21)C(N)=O,7.32
COc1ccccc1CC(=O)N1CCC(CCN2CCC(C(N)=O)(c3ccccc3)CC2)(c2ccc(Cl)c(Cl)c2)C1,7.32
O=C(c1cc(C(F)(F)F)cc(C(F)(F)F)c1)N1CCN(C(=O)CNC2CCN(Cc3ccccc3)CC2)[C@H](c2ccc(Cl)c(Cl)c2)C1,7.32
O=C(CN(N1CCN(Cc2ccccc2)CC1)N1CCN(Cc2ccccc2)CC1)N1CCN(Cc2cc(C(F)(F)F)cc(C(F)(F)F)c2)CC1c1ccccc1,7.32
CC(=O)NC1(c2ccccc2)CCN(N(CC(=O)N2CCN(Cc3cc(C(F)(F)F)cc(C(F)(F)F)c3)CC2c2ccccc2)N2CCC(NC(C)=O)(c3ccccc3)CC2)CC1,7.32
COc1ccccc1CN[C@H]1CCCN[C@H]1C(c1ccccc1)c1ccccc1,7.31
COCO/N=C(\COCc1cc(C(F)(F)F)cc(C(F)(F)F)c1)C(CCN1CCC(O)(c2ccccc2)CC1)c1ccc(Cl)c(Cl)c1,7.31
Clc1cncc(Cl)c1N/N=C/c1ccccc1-c1ccccc1Br,7.31
COc1ccccc1C1=CC2(CCCNC2c2ccccc2)OC1,7.31
N[C@H](COCc1cc(Cl)cc(Cl)c1)c1ccccc1,7.31
COc1ccc(C(COCc2cc(C(F)(F)F)cc(C(F)(F)F)c2)N2CCNCC2)cc1,7.3
NC(=O)[C@H](Cc1ccccc1)NC(=O)[C@@H]1NCC[C@@H]1c1ccccc1,7.3
CC(=O)n1cc(C[C@@H](NC(=O)C[C@@H]2NC(=O)[C@@H]3C4CCC(CC4)N3C2=O)C(=O)N[C@@H](Cc2ccccc2)C(=O)N(C)Cc2ccccc2)c2ccccc21,7.3
CO/N=C(\COCc1cc(C(F)(F)F)cc(C(F)(F)F)c1)C(CCN1CCC(CN2CCCC(CO)C2)CC1)c1ccc(Cl)c(Cl)c1,7.3
Cc1cc(F)ccc1C1CNCC2CN(Cc3cc(C(F)(F)F)cc(C(F)(F)F)c3)C(=O)N21,7.3
CO/N=C(\CNCc1cc(C(F)(F)F)cc(C(F)(F)F)c1)C(CCN1CCC(O)(c2ccccc2)CC1)c1ccc(Cl)c(Cl)c1,7.3
CN1C(=O)OC2(CCN(CCC[C@@H](C(=O)N(C)[C@@H](Cc3ccccc3)C(=O)NCCN)c3ccc(Cl)c(Cl)c3)CC2)c2cc(F)ccc21.Cl,7.3
O=C(NCc1cc(C(F)(F)F)cc(C(F)(F)F)c1)[C@@H](CCN1CCC2(C=Cc3ccccc32)CC1)c1ccc(F)cc1,7.3
Fc1ccc(N(CCCc2cc(C(F)(F)F)cc(C(F)(F)F)c2)C2CCNCC2)cc1,7.3
COc1ccccc1CNCC(Cc1c[nH]c2ccccc12)NC(=O)CN1CCN(c2ccccc2)CC1,7.29
CN(Cc1cc(C(F)(F)F)cc(C(F)(F)F)c1)C(=O)c1ccccc1-c1ccccc1,7.29
CO/N=C(\COCc1cc(C(F)(F)F)cc(C(F)(F)F)c1)C(CCN1CCN(C2CCCCC2)CC1)c1ccc(Cl)c(Cl)c1,7.28
FC(F)(F)c1cccc(CO[C@H]2C3CCN(CC3)[C@H]2C(c2ccccc2)c2ccccc2)c1,7.28
CO/N=C(\COCc1cc(OC)c(OC)c(OC)c1)C(CCN1CCC(O)(c2ccccc2)CC1)c1ccc(Cl)c(Cl)c1,7.28
CN(Cc1cc(C(F)(F)F)cc(C(F)(F)F)c1)C(=O)c1c(CBr)nc2ccccc2c1-c1ccccc1,7.28
CN(Cc1cc(C(F)(F)F)cc(C(F)(F)F)c1)C(=O)c1c(-c2ccccc2)ccnc1CCl,7.28
Cc1nc(N2CCN(C)CC2)cc(-c2ccccc2)c1C(=O)NCc1cc(C(F)(F)F)cc(C(F)(F)F)c1,7.28
CC(=O)N[C@@H](Cc1c[nH]c2ccccc12)C(=O)OCc1cc(C)cc(C)c1,7.28
CC(=O)Nc1nc(CN2CCC(NCC(=O)N3CCN(C(=O)c4cc(C)cc(C)c4)C[C@H]3c3ccc(Cl)c(Cl)c3)CC2)cs1,7.28
Cc1c(C(=O)N(C)Cc2cc(C(F)(F)F)cc(C(F)(F)F)c2)c(-c2ccccc2)cc2nncn12,7.28
Cc1cc(C)cc(C(=O)N2CC[C@H](NCc3ccnc4ccccc34)C[C@H]2Cc2cc(Br)cc(Br)c2)c1,7.28
CN1CCC(COCc2cc(C(F)(F)F)cc(Cl)n2)(c2ccccc2F)CC1,7.28
CN(Cc1ccccc1)C(=O)[C@H](Cc1ccccc1)NC(=O)[C@@H](Cc1cn(C=O)c2ccccc12)NC(=O)C[C@@H]1NC(=O)[C@@H]2C3CCC(CC3)N2C1=O,7.27
Cc1cc2c(-c3ccccc3)c(NC(=O)N(C)Cc3cc(C(F)(F)F)cc(C(F)(F)F)c3)n(C)c(=O)c2cc1C,7.27
CN(Cc1ccc(Cl)c(Cl)c1)CC(NCc1ccccc1)C(=O)N1CCC2(CC1)CN(S(C)(=O)=O)c1ccccc12,7.27
O=C(c1cccc(Cl)c1)N1CC[C@H](NCc2ccnc3ccccc23)C[C@H]1Cc1ccccc1,7.27
CSCC[C@H](NC(=O)[C@H](CC(C)C)NC(=O)CNC(=O)[C@H](Cc1ccccc1)NC(=O)[C@@H](NC(=O)[C@H](CCC(N)=O)NC(=O)[C@H](CCC(N)=O)NC(=O)[C@H]1CCCN1C(=O)[C@H](CCCCN)NC(=O)[C@@H]1CCCN1C(=O)[C@@H](N)CCCN=C(N)N)[C@@H]1CCc2ccccc21)C(N)=O,7.27
COc1cccc(CN2CCC(=O)C(C(c3ccc(F)cc3)c3ccc(F)cc3)C2)c1OC.Cl,7.26
Cc1ccc(-c2c(C(=O)N(C)Cc3cc(C(F)(F)F)cc(C(F)(F)F)c3)c3nnnn3c3ccccc23)cc1,7.26
Cc1cc(C)cc(COC[C@@H](N)c2ccccc2)c1,7.26
Cc1cccc(CNC(COCc2ccccc2)C(=O)N2CCC3(CC2)CN(S(C)(=O)=O)c2ccccc23)c1,7.26
Cn1c(-c2ccc(Cl)cc2)c(CCC(=O)N2CCC(CO)(c3ccccc3)CC2)c2cc(Cl)ccc21,7.26
Cc1cc(C)cc(COCC(NC(C)C)C(c2ccccc2)c2ccccc2)c1,7.26
CC(C)(C)c1cccc(COCC2(c3ccccc3)CCNCC2)c1,7.26
CCCCCN(CCCCC)C(=O)N1CCN(C(=O)N(c2ccccc2)c2ccccc2)[C@H](C(=O)NCCN(C)C)C1,7.26
CN(Cc1cc(C(F)(F)F)cc(C(F)(F)F)c1)C(=O)CC(c1ccccc1)c1ccccc1,7.25
CN(Cc1ccccc1)C(=O)[C@H](Cc1c[nH]c2ccccc12)NC(=O)N1CCC2(CCc3ccccc32)CC1,7.25
CC(C)C[C@@H](C(=O)N[C@@H](Cc1c[nH]c2ccccc12)C(N)=O)N1CC[C@@]2(CCCN2C(=O)[C@H](Cc2ccc(O)cc2)NC(=O)[C@H](Cc2ccccc2)NC(=O)[C@H](CCCCN)NC(=O)[C@H](CC(N)=O)NC(=O)[C@@H]2CCCN2C(=O)[C@H](CC(=O)O)NC(=O)[C@H](C)NC(=O)C2CCCN2)C1=O,7.25
COc1cccc(COC2C3CCN(CC3)C2C(c2ccccc2)c2ccccc2)c1,7.25
FC(F)(F)c1cccc(COCC2(c3ccccc3)CCNCC2)c1,7.24
Cc1c(C(=O)N(C)Cc2cc(C(F)(F)F)cc(C(F)(F)F)c2)c(-c2ccccc2)cc2nnnn12,7.24
CO/N=C(\CN(C)C(=O)c1ccccc1OC)C(CCN1CCC(O)(c2ccccc2)CC1)c1ccc(Cl)c(Cl)c1,7.24
CCCCCN(CCCCC)C(=O)N1CCN(C(=O)N(c2ccccc2)c2ccccc2)[C@H](C(=O)NCCN)C1,7.24
CC/C=C(\COCc1cc(C(F)(F)F)cc(C(F)(F)F)c1)C(CCN1CCC(O)(c2ccccc2)CC1)c1ccc(Cl)c(Cl)c1,7.24
CS(=O)(=O)N1CC2(CCN(C(=O)C(COCc3ccccc3)NCc3cccc(Cl)c3)CC2)c2ccccc21,7.24
COc1ccc(CNC(COCc2ccccc2)C(=O)N2CCC3(CC2)CN(S(C)(=O)=O)c2ccccc23)cc1,7.24
O=C1CC(COCc2cc(C(F)(F)F)cc(C(F)(F)F)c2)(c2ccccc2)CCN1,7.24
Clc1ccccc1CNC1C2CC3CCCC(C2)N3[C@H]1C(c1ccccc1)c1ccccc1,7.24
FC(F)(F)c1cc(CO[C@@H]2OCCN[C@@H]2c2ccccc2)cc(C(F)(F)F)c1,7.23
CCCC[C@@H]1NC(=O)[C@H](Cc2ccccc2)NC(=O)CNC(=O)[C@@H](NC(=O)[C@@H](N)Cc2ccc(O)cc2)C(C)(C)SSC(C)(C)[C@H](C(=O)N2CCC[C@H]2C(=O)N[C@@H](CC(C)C)C(=O)N[C@@H](Cc2c[nH]c3ccccc23)C(=O)NCc2cc(C(F)(F)F)cc(C(F)(F)F)c2)NC(=O)[C@@H]2CCCN2C1=O,7.23
Fc1ccc(C2CCN([C@H]3CC[C@@](COCc4cc(C(F)(F)F)cc(C(F)(F)F)c4)(c4ccccc4)CC3)CC2)cc1,7.23
COc1ccc(C[C@@H]2NC(=O)[C@@H](Cc3c[nH]c4ccccc34)NC(=O)[C@H](Cc3ccccc3)NC(=O)[C@@H]3CCCN3C(=O)[C@H](Cc3ccccc3)NC(=O)[C@H]([C@@H](C)O)NC2=O)cc1,7.23
O=C(Cc1ccccc1)N[C@H]1CCN(C(=O)c2cc(Cl)cc(Cl)c2)[C@H](Cc2ccccc2)C1,7.22
CC(=O)NCCCCCOC[C@H]1O[C@@H](OCCc2c[nH]c3ccccc23)[C@H](OCc2ccccc2)[C@@H](OCc2ccccc2)[C@@H]1OCc1ccccc1,7.22
Cc1cc(O)cc(C)c1C[C@H](N)C(=O)N[C@H](CCCNC(=N)N)C(=O)N[C@H]1Cc2ccccc2CN(CCC(=O)N(C)Cc2cc(C(F)(F)F)cc(C(F)(F)F)c2)C1=O,7.22
CS(=O)(=O)NC(=O)[C@H](Cc1ccccc1)NC(=O)OCc1ccccc1,7.22
CS(=O)(=O)N1CC2(CCN(C(=O)C(COCc3ccccc3)NCc3cccc(Br)c3)CC2)c2ccccc21,7.22
CSCC[C@H](NC(=O)[C@H](CC(C)C)NC(=O)CNC(=O)[C@H](CCc1ccccc1)NC(=O)[C@H](Cc1ccccc1)NC(=O)[C@H](CCC(N)=O)NC(=O)[C@H](CCC(N)=O)NC(=O)[C@H]1CCCN1C(=O)[C@H](CCCCN)NC(=O)[C@@H]1CCCN1C(=O)[C@@H](N)CCCN=C(N)N)C(N)=O,7.21
CO/N=C(\COCc1cc(C(F)(F)F)cc(C(F)(F)F)c1)C(CCN1CCN(C)CC1)c1ccc(Cl)c(Cl)c1,7.21
c1ccc(Oc2cccc(COC3C4CCN(CC4)C3C(c3ccccc3)c3ccccc3)c2)cc1,7.21
O=C(N[C@@H](Cc1c[nH]c2ccccc12)C(=O)OCc1cccc(C(F)(F)F)c1)c1ccccc1,7.21
CO/N=C(\COCc1cc(C(F)(F)F)cc(C(F)(F)F)c1)C(CCN1CCN(CC(=O)NC2CC2)CC1)c1ccc(Cl)c(Cl)c1,7.21
Clc1cccc(COC2C3CCN(CC3)C2C(c2ccccc2)c2ccccc2)c1,7.21
NCC(=O)N[C@H]1CCN(C(=O)c2cc(C(F)(F)F)cc(C(F)(F)F)c2)[C@H](Cc2ccccc2)C1,7.21
COc1ccccc1C(CNC(=O)Cc1cc(C)cc(C)c1)N1CCC(N2CCCCC2)CC1,7.21
CN(c1ccccc1C1CCN(C(=O)[C@H](COCc2ccc(Cl)c(Cl)c2)NCc2ccccc2)CC1)S(C)(=O)=O,7.21
CN(Cc1cc(C(F)(F)F)cc(C(F)(F)F)c1)C(=O)[C@H]1CN(CC2CCCCC2)C[C@@H]1c1ccccc1,7.21
CC(=O)N1CCC(C(=O)N2CC[C@@H](N(C)C(=O)c3ccc(C4CC4)cc3)[C@H](c3ccc(Cl)c(Cl)c3)C2)CC1,7.21
CS(=O)(=O)N1CC2(CCN(C(=O)[C@H](CS(=O)(=O)Cc3ccc(Cl)c(Cl)c3)NCc3ccccc3)CC2)c2ccccc21,7.2
FC(F)(F)c1cc(COCC(c2ccccc2)N2CCN(Cc3nn[nH]n3)CC2)cc(C(F)(F)F)c1,7.2
FC(F)(F)c1cc(CCCC2(c3ccccc3)CCNCC2)cc(C(F)(F)F)c1,7.2
CCOC(=O)N1CCN(C(COCc2cc(C(F)(F)F)cc(C(F)(F)F)c2)c2ccccc2)CC1,7.2
CSCC[C@H](NC(=O)[C@H](CC(C)C)NC(=O)CNC(=O)[C@H](Cc1ccccc1)NC(=O)/C(=C\c1ccccc1)NC(=O)[C@H](CCC(N)=O)NC(=O)[C@H](CCC(N)=O)NC(=O)[C@H]1CCCN1C(=O)[C@H](CCCCN)NC(=O)[C@@H]1CCCN1C(=O)[C@@H](N)CCCN=C(N)N)C(N)=O,7.2
CN1C(=O)OC2(CCN(CCC[C@@](C)(C(=O)N[C@H](Cc3ccccc3)C(=O)NCCN)c3ccc(Cl)c(Cl)c3)CC2)c2cc(F)ccc21.O=C(O)C(F)(F)F,7.2
CC(C)C[C@H](NC(=O)CNC(=O)OCc1ccccc1)C(=O)N1Cc2[nH]c3ccccc3c2C[C@H]1C(=O)OCc1cc(C(F)(F)F)cc(C(F)(F)F)c1,7.2
CNC(=O)N1C(=O)N(Cc2cc(C(F)(F)F)cc(C(F)(F)F)c2)C(=O)C1Cc1c[nH]c2ccccc12,7.2
NC(=O)[C@@H](Cc1ccccc1)NC(=O)[C@H](N)Cc1ccccc1,7.19
COc1cc(C(=O)N2CCC(CCN3CCC(C(N)=O)(c4ccccc4)CC3)(c3ccc(Cl)c(Cl)c3)C2)cc(OC)c1C,7.19
C[C@@H](O)[C@H]1NC(=O)[C@H](Cc2ccc(F)cc2)NC(=O)[C@@H](Cc2c[nH]c3ccccc23)NC(=O)[C@H](Cc2ccc3ccccc3c2)NC(=O)[C@@H]2CCCN2C(=O)[C@H](Cc2ccccc2)NC1=O,7.19
CN1CCC(COCc2cc(Cl)cc(C(F)(F)F)n2)(c2ccccc2)CC1,7.18
COc1cc(C(=O)N2CCC(CCN3CCC(C(N)=O)(c4ccccc4)CC3)(c3ccc(Cl)c(Cl)c3)C2)cc(OC)c1OC(C)C,7.18
COc1cc(CC(=O)N2CCC(CCN3CCC(C(N)=O)(c4ccccc4)CC3)(c3ccc(Cl)c(Cl)c3)C2)cc(OC)c1OC,7.18
CCN(Cc1ccccc1)C(=O)Nc1c(-c2ccccc2)c2cc(C)c(C)cc2c(=O)n1C,7.18
O=C(O)CN1CCO[C@H](OCc2cc(C(F)(F)F)cc(C(F)(F)F)c2)[C@@H]1c1ccccc1,7.18
COc1ccccc1CN[C@H]1C2CCN(CC2)[C@H]1C(c1ccc(Cl)cc1)c1ccc(Cl)cc1,7.17
CC(=O)NC(Cc1c[nH]c2ccccc12)C(=O)OCc1cc(C)cc(C)c1,7.17
CNc1ccccc1CN[C@H]1C2CCN(CC2)[C@H]1C(c1ccccc1)c1ccccc1,7.17
C[C@H](c1ccccc1)[C@@H](NC(=O)[C@@H](N)Cc1ccccc1)C(N)=O,7.17
CN(C(=O)C(C)(C)c1cc(C(F)(F)F)cc(C(F)(F)F)c1)c1ccccc1-c1ccccc1,7.17
CC(=O)N1CCC(C(=O)N2CC[C@@H](N(C)C(=O)c3ccc(Br)cc3)C(c3ccc(Cl)c(Cl)c3)C2)CC1,7.17
c1ccc(CN[C@H]2C3CC4CCC(C3)N4[C@H]2C(c2ccccc2)c2ccccc2)cc1,7.17
O=C(O)[C@@H]1CC[C@H](OCc2cc(C(F)(F)F)cc(C(F)(F)F)c2)[C@H]1c1ccccc1,7.17
FC(F)(F)c1ccccc1COC1C2CCN(CC2)C1C(c1ccccc1)c1ccccc1,7.17
COC(=O)C(=O)N1CCC[C@H](OCc2cc(C(F)(F)F)cc(C(F)(F)F)c2)[C@@H]1c1ccccc1,7.17
CN(Cc1cc(C(F)(F)F)cc(C(F)(F)F)c1)C(=O)Cc1c(-c2ccccc2)c2ccccc2c(=O)n1C,7.17
c1ccc(CNC2C3CC4CCC(C3)N4[C@H]2C(c2ccccc2)c2ccccc2)cc1,7.17
CN(Cc1ccccc1)C(=O)[C@H](Cc1c[nH]c2ccccc12)NC(=O)N1CCC2(C=Cc3ccccc32)CC1,7.17
Cc1cc(C)cc(C(=O)N2CCN(C(=O)CNC3CCN(C(=O)[C@H](N)Cc4c[nH]c5ccccc45)CC3)[C@H](c3ccc(Cl)c(Cl)c3)C2)c1,7.16
CO/N=C(\COCc1ccc(F)c2ccccc12)C(CCN1CCC(O)(c2ccccc2)CC1)c1ccc(Cl)c(Cl)c1,7.16
CO/N=C(\COCc1cc(C(F)(F)F)cc(C(F)(F)F)c1)C(CCN1CCN(c2ncccn2)CC1)c1ccc(Cl)c(Cl)c1,7.16
CN(Cc1nn[nH]n1)[C@H](COCc1cc(C(F)(F)F)cc(C(F)(F)F)c1)c1ccccc1,7.16
COc1cc(OC)cc(C(=O)N2CCC(CCN3CCC(C(N)=O)(c4ccccc4)CC3)(c3ccc(Cl)c(Cl)c3)C2)c1,7.16
CSCC[C@H](NC(=O)[C@H](CC(C)C)NC(=O)CNC(=O)[C@@H](NC(=O)[C@H](Cc1ccccc1)NC(=O)[C@H](Cc1ccccc1)NC(=O)[C@H](CC(=O)O)NC(=O)[C@H](Cc1c[nH]cn1)NC(=O)[C@H](CCSC)NC(=O)[C@@H](N)CC(=O)O)C(C)C)C(N)=O,7.16
CO/N=C(\COCc1cc(C(F)(F)F)cc(C(F)(F)F)c1)C(CCN1CCC(CN2CCCC(Cc3ccccc3)C2=O)CC1)c1ccc(Cl)c(Cl)c1,7.16
CC(=O)N(C)C1CCN(CCC(C)(C(=O)N(C)Cc2ccccc2Cl)c2ccc(Cl)c(Cl)c2)CC1,7.15
COc1cccc(CNC(COCc2ccccc2)C(=O)N2CCC3(CC2)CN(S(C)(=O)=O)c2ccccc23)c1,7.15
C[C@](N)(Cc1ccccc1)C(=O)N[C@@H](Cc1ccccc1)C(N)=O,7.15
CCCCCN(CCCCC)C(=O)[C@@H]1CCN(C(=O)N(c2ccccc2)c2ccccc2)[C@H](C(=O)NCCN(C)Cc2ccccc2OC)C1,7.14
O=C(Nc1ccccc1)N[C@H]1CCN(C(=O)c2cc(Cl)cc(Cl)c2)[C@H](Cc2ccccc2)C1,7.14
O=C1NC2(CCN(S(=O)(=O)CCc3cccc4ccccc34)CC2)C(=O)N1Cc1cc(C(F)(F)F)cc(C(F)(F)F)c1,7.13
FC(F)(F)c1cc(COCC2(c3ccccc3)CCC(NC3CC3)CC2)cc(C(F)(F)F)c1,7.13
FC(F)(F)c1cc(Cl)cc(COCC2(c3ccccc3)CCNCC2)n1,7.13
COc1ccccc1C(=O)N1CCC(CCN2CCC(C(N)=O)(c3ccccc3)CC2)(c2ccc(Cl)c(Cl)c2)C1,7.13
FC(F)(F)c1cc(COC[C@@]2(c3ccccc3)CCCN(Cc3ccccc3)CC2)cc(C(F)(F)F)c1,7.13
N[C@H](COCc1cccc(Cl)c1)C(c1ccccc1)c1ccccc1,7.12
CSCC[C@H](NC(=O)[C@H](CC(C)C)NC(=O)CNC(=O)[C@@H](NC(=O)[C@H](Cc1ccccc1)NC(=O)[C@H](CCC(=O)O)NC(=O)[C@H](CC(=O)O)NC(=O)[C@H](CO)NC(=O)[C@H](CCCCN)NC(=O)[C@@H]1CCCN1C(=O)[C@@H](NC(=O)[C@@H](N)CC(=O)O)C(C)C)C(C)C)C(N)=O,7.12
c1ccc(CO[C@H]2C3CCN(CC3)[C@H]2C(c2ccccc2)c2ccccc2)cc1,7.12
NC(COCc1cccc(Cl)c1)C(c1ccccc1)c1ccccc1,7.12
Cc1noc(C)c1S(=O)(=O)N1CCC2(CC1)C1C(=O)N(c3ccccc3)C(=O)C1CN2C(=O)c1cc(C(F)(F)F)cc(C(F)(F)F)c1,7.12
CO/N=C(\C(C)OCc1cc(C(F)(F)F)cc(C(F)(F)F)c1)C(CCN1CCC(O)(c2ccccc2)CC1)c1ccc(Cl)c(Cl)c1,7.12
CN(Cc1ccccc1)C(=O)[C@H](Cc1ccccc1)NC(=O)[C@@H]1CCCN1/C(S)=N/Cc1cc(C(F)(F)F)cc(C(F)(F)F)c1,7.11
CN(Cc1ccccc1)C(=O)[C@H](Cc1ccccc1)NC(=O)[C@@H]1CCCN1/C(S)=N/Cc1ccccc1[N+](=O)[O-],7.11
COc1ccc(CN2CCC(=O)C(C(c3ccc(F)cc3)c3ccc(F)cc3)C2)cc1.Cl,7.11
NC(COCc1cccc(I)c1)C(c1ccccc1)c1ccccc1,7.11
CC(=O)NC1(c2ccccc2)CCN(C(=O)N[C@@H](Cc2c[nH]c3ccccc23)C(=O)N(C)Cc2ccccc2)CC1,7.11
CN(C)c1ccccc1CC(=O)N1C[C@H]2[C@@H](C1)C(c1ccccc1)(c1ccccc1)SC[C@@H]2O,7.11
CSCC[C@H](NC(=O)[C@H](CC(C)C)NC(=O)CNC(=O)[C@H](Cc1ccccc1)NC(=O)[C@H](CCc1ccccc1)NC(=O)[C@H](CCC(N)=O)NC(=O)[C@H](CCC(N)=O)NC(=O)[C@H]1CCCN1C(=O)[C@H](CCCCN)NC(=O)[C@@H]1CCCN1C(=O)[C@@H](N)CCCN=C(N)N)C(N)=O,7.11
CC(=O)N1CCC(C(=O)N2CC[C@@H](N(C)C(=O)c3ccc(Cl)cc3)[C@H](c3ccc(Cl)c(Cl)c3)C2)CC1,7.11
CN(C(=O)c1ccc(Cl)cc1)[C@@H]1CCN(C(=O)C2CCN(C(=O)CO)CC2)C[C@H]1c1ccc(Cl)c(Cl)c1,7.1
Fc1ccc(C(COCc2cc(C(F)(F)F)cc(C(F)(F)F)c2)N2CCNCC2)cc1,7.1
Clc1ccccc1COC1C2CCN(CC2)C1C(c1ccccc1)c1ccccc1,7.1
CN(CCN1CCOCC1)C(=O)[C@@H](NC(=O)C(C)(C)c1cc(C(F)(F)F)cc(C(F)(F)F)c1)c1ccccc1,7.1
CC(=O)N1CCC(C(=O)N2CC[C@@H](N(C)C(=O)c3ccc(C(F)(F)F)cc3)[C@H](c3ccc(Cl)c(Cl)c3)C2)CC1,7.1
CN(Cc1ccccc1)C(=O)[C@H](Cc1ccccc1)NC(=O)[C@@H]1CCCN1C(=S)Nc1ccccc1,7.1
CS(=O)(=O)N1CC2(CCN(C(=O)C(COCc3ccccc3)NCc3cc(Cl)cc(Cl)c3)CC2)c2ccccc21,7.1
CS(=O)(=O)N1CC2(CCN(C(=O)C(COCc3ccccc3)NCc3ccccc3)CC2)c2ccccc21,7.1
Cc1cccc(CN(C(=O)COc2cc(C(F)(F)F)cc(C(F)(F)F)c2)C2CCNCC2)c1,7.1
NCCCC[C@H](NC(=O)[C@@H]1CCCN1C(=O)[C@@H](N)CCCN=C(N)N)C(=O)N1CCC[C@H]1C(=O)N[C@@H](CCC(N)=O)C(=O)N[C@@H](CCC(N)=O)C(=O)N[C@@H](Cc1ccccc1)C(=O)N[C@@H](Cc1ccccc1)C(=O)N1CCC[C@H]1C(=O)N1CCC(Cc2ccccc2)[C@H]1C(=O)N[C@@H](Cc1c[nH]c2ccccc12)C(N)=O,7.1
Cc1cc(C)cc(COCC(N)C2c3ccccc3C=Cc3ccccc32)c1,7.1
COc1ccccc1-c1[nH]c2ccc(C)cc2c1CCC(=O)N1CCN(c2ccccc2OC)CC1,7.09
CO/N=C(\COc1cc(C(F)(F)F)cc(C(F)(F)F)c1)C(CCN1CCC(O)(c2ccccc2)CC1)c1ccc(Cl)c(Cl)c1,7.09
Cc1cc(C)cc(COCC(NCc2ccccc2)C(c2ccccc2)c2ccccc2)c1,7.09
Fc1ccc(C2CCN([C@H]3CC[C@@](CNCc4cc(C(F)(F)F)cc(C(F)(F)F)c4)(c4ccccc4)CC3)CC2)cc1,7.09
Cc1cc(C)cc(COC[C@@H](Nc2ccccc2)C(c2ccccc2)c2ccccc2)c1,7.09
COc1ccccc1CN(C[C@H](Cc1c[nH]c2ccccc12)NC(=O)CN1CCN(C2CCCCC2)CC1)C(C)=O,7.09
CCO/N=C(\COCc1cc(C(F)(F)F)cc(C(F)(F)F)c1)C(CCN1CCC(O)(c2ccccc2)CC1)c1ccc(Cl)c(Cl)c1,7.09
CO/N=C(\COCc1cc(C(F)(F)F)cc(C(F)(F)F)c1)C(CCN1CCN(CC(=O)N2CCCCC2)CC1)c1ccc(Cl)c(Cl)c1,7.09
O=C(Cc1cc(C(F)(F)F)cc(C(F)(F)F)c1)NCC(Cc1ccccc1)N1CCC(N2CCCCC2)CC1,7.09
CO/N=C(\COCc1cc(C(F)(F)F)cc(C(F)(F)F)c1)C(CCN1CCN(CC(=O)N(C(C)C)C(C)C)CC1)c1ccc(Cl)c(Cl)c1,7.09
CN(C(=O)c1ccc(Br)cc1)[C@@H]1CCN(C(=O)C2CCN(C(=O)CO)CC2)C[C@H]1c1ccc(Cl)c(Cl)c1,7.08
FC(F)(F)c1ccccc1COCC1(c2ccccc2)CCNCC1,7.08
CN(C(=O)c1cc(C(F)(F)F)cc(C(F)(F)F)c1)[C@H](/C=C/C(=O)N[C@H]1CCCCNC1=O)Cc1ccc(Cl)cc1,7.07
C=C[C@]1(O)CCC2C3CCC4Cc5nc6nc7ccccc7n6cc5C[C@]4(C)C3CC[C@@]21C,7.07
N#Cc1ccccc1COC1C2CCN(CC2)C1C(c1ccccc1)c1ccccc1,7.07
CCN(Cc1ccccc1OC)CC(Cc1c[nH]c2ccccc12)NC(=O)CN1CCN(c2ccccc2)CC1,7.07
C[C@@H](O)[C@@H]1NC(=O)[C@H](Cc2ccccc2)NC(=O)[C@@H](Cc2c[nH]c3ccccc23)NC(=O)[C@H](CCc2ccccc2)NC(=O)[C@@H]2CCCN2C(=O)[C@H](Cc2ccccc2)NC1=O,7.07
O=C(Cc1cc(C(F)(F)F)cc(C(F)(F)F)c1)N[C@]1(c2ccccc2)CC[C@@H](N2CCC(c3ccc(F)cc3)CC2)CC1,7.07
C[C@H](O[C@H]1CCCN[C@H]1c1ccccc1)c1cc(Cl)cc(Cl)c1,7.07
CN(Cc1ccccc1)C(=O)[C@H](Cc1ccccc1)NC(=O)[C@@H](Cc1cn(C(=O)CCC(=O)O)c2ccccc12)NC(=O)C[C@@H]1NC(=O)[C@@H]2C3CCC(CC3)N2C1=O,7.07
O=C(O)CN1CCC[C@H](OCc2cc(C(F)(F)F)cc(C(F)(F)F)c2)[C@@H]1c1ccccc1,7.07
C[C@@H](O[C@H]1CCCN[C@H]1c1ccccc1)c1ccccc1,7.07
C[C@H](O[C@H]1CCCN[C@H]1c1ccccc1)c1cc(C(F)(F)F)cc(C(F)(F)F)c1,7.06
COc1ccc(CN[C@H]2C3CCCN(CC3)[C@H]2C(c2ccccc2)c2ccccc2)c(OC)c1,7.06
COc1ccccc1N1CCN(C(=O)CCc2c(-c3ccccc3)[nH]c3ccc(F)cc23)CC1,7.06
COC(=O)N[C@@H](Cc1c[nH]c2ccccc12)C(=O)OCc1cc(C)cc(C)c1,7.06
FC(F)(F)c1cc(C2OC2[C@@H]2OCCN[C@@H]2c2ccccc2)cc(C(F)(F)F)c1,7.06
CS(=O)(=O)N1CC2(CCN(C(=O)C(COCc3ccccc3)NS(=O)(=O)c3ccc(Cl)c(Cl)c3)CC2)c2ccccc21,7.06
O=C1NC[C@](COCc2cc(C(F)(F)F)cc(C(F)(F)F)c2)(c2ccc(F)cc2)N1,7.05
COc1ccccc1N1CCN(C(=O)CCc2c(-c3ccccc3Br)[nH]c3ccc(C)cc23)CC1,7.05
COc1cc(COCC2(c3ccccc3)CCNCC2)cc(OC)c1,7.05
CO/N=C(\CCCc1cc(C(F)(F)F)cc(C(F)(F)F)c1)C(CCN1CCC(O)(c2ccccc2)CC1)c1ccc(Cl)c(Cl)c1,7.04
Cc1cc(C)cc(C(=O)N2CCN(C(=O)CNC3CCN(Cc4ncc[nH]4)CC3)[C@H](c3ccc(Cl)c(Cl)c3)C2)c1,7.04
Cc1nc(Cl)cc(-c2ccccc2)c1C(=O)N(C)Cc1cc(C(F)(F)F)cc(C(F)(F)F)c1,7.04
COc1cc(OC)cc(C(=O)N2CC[C@H](NCc3ccnc4ccccc34)C[C@H]2Cc2ccccc2)c1,7.04
Cc1cc(C)cc(COCC(N)C2c3ccccc3CCc3ccccc32)c1,7.03
Clc1cncc(Cl)c1N/N=C/c1ccccc1-c1c(Cl)cccc1Cl,7.03
Cc1cc(C)cc(COCC(NCC2CC2)C(c2ccccc2)c2ccccc2)c1,7.03
Fc1ccccc1COC1C2CCN(CC2)C1C(c1ccccc1)c1ccccc1,7.03
NC(=O)[C@H]1[C@@H](c2ccccc2)CCN1C(=O)[C@@H](N)Cc1ccccc1,7.03
C[C@H](OC[C@@]1(c2ccccc2)CNC(=O)N1)c1cc(C(F)(F)F)cc(C(F)(F)F)c1,7.03
O=C(c1ccccc1)N1CCN(C(=O)CNC2CCN(Cc3ccccc3)CC2)C(c2ccc(Cl)c(Cl)c2)C1,7.03
FC(F)(F)c1cc(COCC2(c3ccccc3)CCC(N3CCCCC3)CC2)cc(C(F)(F)F)c1,7.03
COc1ccccc1N1CCN(C(=O)CCc2c(-c3ccc(Cl)cc3)n(Cc3ccccc3)c3ccc(Cl)cc23)CC1,7.02
C[C@H](O)[C@@H]1NC(=O)[C@H](Cc2ccccc2)NC(=O)[C@@H](Cc2c[nH]c3ccccc23)NC(=O)[C@H](Cc2ccccc2)NC(=O)[C@@H]2CCCN2C(=O)[C@H](Cc2ccccc2)NC1=O,7.02
CO/N=C(\COCc1cc(F)cc(C(F)(F)F)c1)C(CCN1CCC(O)(c2ccccc2)CC1)c1ccc(Cl)c(Cl)c1,7.02
Cl.O=C1CCN(Cc2ccccc2)CC1C(c1ccc(F)cc1)c1ccc(F)cc1,7.01
Cl.O=C1CCN(Cc2ccccc2)CC1C(c1ccccc1)c1ccccc1,7.01
Cl.O=C1CCN(Cc2ccccc2)CC1C(c1ccc(Cl)cc1)c1ccc(Cl)cc1,7.01
COc1ccc(COC(=O)N[C@](C)(Cc2c[nH]c3ccccc23)C(=O)N[C@@H](C)c2ccccc2)cc1OC,7.01
Cc1nccc(-c2ccccc2)c1C(=O)N(C)Cc1cc(C(F)(F)F)cc(C(F)(F)F)c1,7.01
COc1ccccc1CN[C@H]1CCCN2CCC[C@]12c1ccccc1,7.0
C=CCO/N=C(\COCc1cc(C(F)(F)F)cc(C(F)(F)F)c1)C(CCN1CCC(O)(c2ccccc2)CC1)c1ccc(Cl)c(Cl)c1,7.0
COC(=O)n1cc(C[C@@H](NC(=O)C[C@@H]2NC(=O)[C@@H]3C4CCC(CC4)N3C2=O)C(=O)N[C@@H](Cc2ccccc2)C(=O)N(C)Cc2ccccc2)c2ccccc21,7.0
COc1ccc(-n2nnnc2C(F)(F)F)cc1CN[C@@H]1CCN(C(=O)CNC(C)=O)C[C@@H]1c1ccccc1,7.0
C=C1CN2CCC[C@H](NCc3ccccc3OC)[C@@]2(c2ccccc2)C1,7.0
COc1ccccc1CNCC1(c2ccccc2)CCNCC1,7.0
O=C1CCC(CCN2CC(N3CCOCC3)C2)(c2ccc(Cl)c(Cl)c2)CN1Cc1ccncc1,7.0
CC(C)(C)c1cc(COCC(c2ccccc2)N2CCNCC2)cc(C(C)(C)C)c1,7.0
Cc1cc(C)cc(OCC(=O)N(Cc2cccc(Cl)c2)C2CCNCC2)c1,7.0
O=C(COc1cc(Cl)cc(Cl)c1)N(c1ccc(Cl)c(Cl)c1)C1CCNCC1,7.0
CO/N=C(\COCc1noc(C(C)(C)C)n1)C(CCN1CCC(O)(c2ccccc2)CC1)c1ccc(Cl)c(Cl)c1,7.0
Cc1cc(F)ccc1[C@@H]1CN(C(=O)C(N)=O)CC[C@H]1C(=O)N(C)Cc1cc(C(F)(F)F)cc(C(F)(F)F)c1,7.0
CN(Cc1ccccc1)C(=O)[C@H](Cc1ccccc1)NC(=O)[C@@H](Cc1c[nH]c2ccccc12)NC(=O)C[C@@H]1NC(=O)[C@@H]2C3CCC(CC3)N2C1=O,7.0
CC(C)C[C@H](NC(=O)[C@@H]1CCCN1C(=O)[C@H](Cc1ccccc1)NC(=O)CNC(=O)[C@@H](C)NC(=O)[C@@H](N)Cc1ccc(O)cc1)C(=O)N[C@@H](Cc1c[nH]c2ccccc12)C(=O)OCc1ccccc1,7.0
Clc1ccc(COCC(c2ccccc2)N2CCNCC2)cc1Cl,7.0
N[C@H]1CC[C@@H](OCc2cc(C(F)(F)F)cc(C(F)(F)F)c2)[C@@H]1c1ccccc1,7.0
COc1ccccc1COC(=O)[C@H](Cc1c[nH]c2ccccc12)NC(=O)c1ccccc1,7.0
O=C(NCc1cc(C(F)(F)F)cc(C(F)(F)F)c1)[C@@H](NCCN1CCCCC1)c1ccsc1,7.0
Cc1cc(C)cc(C(=O)N2CC[C@H](NCc3ccnc4ccccc34)C[C@H]2Cc2ccc(C(N)=O)cc2)c1,7.0
CS(=O)(=O)N1CC2(CCN(C(=O)C(COCc3ccccc3)NCc3ccc(Cl)cc3Cl)CC2)c2ccccc21,7.0
O=C(CCc1cc(C(F)(F)F)cc(C(F)(F)F)c1)N(Cc1ccccc1Cl)C1CCNCC1,7.0
CC(C)(C(=O)N[C@H](C(=O)NCCN1CCOCC1)c1ccccc1)c1cc(C(F)(F)F)cc(C(F)(F)F)c1,7.0
Fc1ccc([C@@H]2NCCOC23COC[C@H](c2ccccc2)C3)cc1,7.0
COC(=O)C1=C2CCC(C(=O)N[C@@H](CCc3c[nH]c4ccccc34)C(=O)NCc3cc(C(F)(F)F)cc(C(F)(F)F)c3)N2C(=O)C(NC(C)=O)C1,7.0
FC(F)(F)c1cc(COC2C3CCN(CC3)C2Cc2ccccc2)cc(C(F)(F)F)c1,6.99
CNC(=O)N[C@@H](Cc1c[nH]c2ccccc12)C(=O)OCc1cc(C)cc(C)c1,6.99
COc1ccccc1N1CCN(C(=O)CCc2c(-c3ccc(Cl)cc3)n(CC3CC3)c3ccc(Cl)cc23)CC1,6.99
CN(C)CCO/N=C(\COCc1cc(C(F)(F)F)cc(C(F)(F)F)c1)C(CCN1CCC(O)(c2ccccc2)CC1)c1ccc(Cl)c(Cl)c1,6.99
COc1cccc(C(=O)N2CCC(CCN3CCC(C(N)=O)(c4ccccc4)CC3)(c3ccc(Cl)c(Cl)c3)C2)c1,6.97
N#Cc1cccc(CN2CCC3(CC2)NC(=O)N(Cc2cc(C(F)(F)F)cc(C(F)(F)F)c2)C3=O)c1,6.97
O=C(c1ccccc1)N1CCCC(CCCN2CCC3(CC2)CN(c2ccccc2)NC3=O)(c2ccc(Cl)c(Cl)c2)C1,6.97
Cc1cc(C)cc(COC2C3CCN(CC3)C2Cc2ccccc2)c1,6.97
Fc1ccc(F)c(COC2C3CCN(CC3)C2C(c2ccccc2)c2ccccc2)c1,6.97
Clc1ccccc1CN[C@@H]1C2CCN(CC2)[C@@H]1C(c1ccccc1)c1ccccc1,6.96
FC(F)(F)c1cc(CO[C@H]2CCCN(Cc3ccccc3)[C@H]2c2ccccc2)cc(C(F)(F)F)c1,6.96
CN(C(=O)[C@@H]1CCCN1C(=O)[C@H](Cc1ccccc1)NC(=O)[C@H](Cc1ccccc1)NC(=O)[C@H](CCC(N)=O)NC(=O)[C@H](CCC(N)=O)NC(=O)[C@@H]1CCCN1C(=O)[C@H](CCCCN)NC(=O)[C@@H]1CCCN1C(=O)[C@@H](N)CCCN=C(N)N)[C@@H](Cc1ccccc1)C(=O)N[C@@H](Cc1c[nH]c2ccccc12)C(N)=O,6.96
O=C(c1cccc2ccccc12)N1CC[C@H](NCc2ccnc3ccccc23)C[C@H]1Cc1ccccc1,6.96
CN(Cc1ccccc1)C(=O)Nc1c(-c2ccccc2)c2ccccc2c(=O)n1C,6.96
COc1ccc(OC)c(C(CNC(=O)Cc2cc(C(F)(F)F)cc(C(F)(F)F)c2)N2CCC(N3CCCCC3)CC2)c1,6.96
c1ccc(COC2C3CCN(CC3)C2C(c2ccccc2)c2ccccc2)cc1,6.96
O=C(CN(N1CCC(Cc2ccccc2)CC1)N1CCC(Cc2ccccc2)CC1)N1CCN(Cc2cc(C(F)(F)F)cc(C(F)(F)F)c2)CC1c1ccc(Cl)c(Cl)c1,6.96
CN1CCCC[C@](COCc2cc(C(F)(F)F)cc(C(F)(F)F)c2)(c2ccccc2)C1,6.96
CN(Cc1c(-c2ccccc2)c2ccccc2c(=O)n1C)C(=O)Cc1cc(C(F)(F)F)cc(C(F)(F)F)c1,6.96
CO/N=C(\COCc1cc(C(F)(F)F)cc(C(F)(F)F)c1)C(CCN1CCN(CC(=O)N(C)C2CCCCC2)CC1)c1ccc(Cl)c(Cl)c1,6.95
CO/N=C(\COCc1cc(F)cc(F)c1)C(CCN1CCC(O)(c2ccccc2)CC1)c1ccc(Cl)c(Cl)c1,6.95
COc1cc(C(=O)N2CCN(C(=O)CNC3CCN(Cc4ccccc4)CC3)C(c3ccc(Cl)c(Cl)c3)C2)cc(OC)c1OC,6.95
O=C(CC(c1ccccc1)c1ccccc1)NCCc1cc(C(F)(F)F)cc(C(F)(F)F)c1,6.95
CO/N=C(\COCc1cc(C(F)(F)F)cc(C(F)(F)F)c1)C(CCN1CCC(CNC(=O)c2ccccc2)CC1)c1ccc(Cl)c(Cl)c1,6.95
CO/N=C(\COCc1ccccn1)C(CCN1CCC(O)(c2ccccc2)CC1)c1ccc(Cl)c(Cl)c1,6.94
CN(CC(c1ccccc1)c1ccccc1)C(=O)Cc1cc(C(F)(F)F)cc(C(F)(F)F)c1,6.94
CCOC(=O)C1CCCN(C2CCN(CCC(/C(COCc3cc(C(F)(F)F)cc(C(F)(F)F)c3)=N/OC)c3ccc(Cl)c(Cl)c3)CC2)C1,6.93
CCC(C)Cc1cc(C(O)C2NC(=O)CNC(=O)[C@H](C(C)C)NC(=O)CNC(=O)[C@@H]3CCCN3C(=O)[C@@H](Cc3c[nH]c4ccccc34)NC(=O)CNC2=O)ccc1OC,6.92
O=C(OC[C@]1(c2ccccc2)CC[C@H](N2CCC(c3ccc(F)cc3)CC2)CC1)c1cc(C(F)(F)F)cc(C(F)(F)F)c1,6.92
Cc1cc(C)cc(COC2/C(=C\c3ccccc3)N3CCC2CC3)c1,6.92
COc1ccc(C(O)C2NC(=O)CNC(=O)[C@H](C(C)C)NC(=O)CNC(=O)[C@@H]3CCCN3C(=O)[C@@H](Cc3c[nH]c4ccccc34)NC(=O)CNC2=O)cc1CC=C(C)C,6.92
CS(=O)(=O)N1CC2(CCN(C(=O)C(COCc3ccccc3)NCc3cccc([N+](=O)[O-])c3)CC2)c2ccccc21,6.92
CCOC(=O)N(c1ccccc1)C1CCN(CCn2c(=O)n(C3CC3)c3ccccc32)CC1,6.92
NCCCCCOC[C@H]1O[C@@H](OCCc2c[nH]c3ccccc23)[C@H](OCc2ccccc2)[C@@H](OCc2ccccc2)[C@@H]1OCc1ccccc1,6.92
CN1CCN(C2CCC(COCc3cc(C(F)(F)F)cc(C(F)(F)F)c3)(c3ccccc3)CC2)CC1,6.92
CN(C(=O)CC(c1ccccc1)c1ccccc1)c1cc(C(F)(F)F)cc(C(F)(F)F)c1,6.92
FC(F)(F)c1cc(COCC2(c3ccccc3)CCC(N3CCCC3)CC2)cc(C(F)(F)F)c1,6.92
FC(F)(F)c1cc(CO[C@@H]2C3CCN(CC3)[C@H]2C(c2ccccc2)c2ccccc2)cc(C(F)(F)F)c1,6.9
Cc1cc(C)cc(COC(=O)[C@H](Cc2c[nH]c3ccccc23)[N+](C)(C)C)c1,6.9
CN1C(=O)OC2(CCN(CC[C@@](C)(C(=O)N[C@@H](Cc3ccccc3)C(=O)NCCN)c3ccc(Cl)c(Cl)c3)CC2)c2cc(F)ccc21.Cl,6.9
CN1C(=O)OC2(CCN(CC[C@@H](C(=O)N(C)[C@@H](Cc3ccccc3)C(=O)NCCN)c3ccc(Cl)c(Cl)c3)CC2)c2cc(F)ccc21.Cl,6.9
CO/N=C(\COCc1cc(C(F)(F)F)cc(C(F)(F)F)c1)C(CCN1CCN(CC(=O)N2CCc3ccccc3C2)CC1)c1ccc(Cl)c(Cl)c1,6.9
COc1cc(COCC(c2ccccc2)N2CCNCC2)cc(OC)c1OC,6.9
CC(=O)N(CCc1ccccc1)CC(Cc1c[nH]c2ccccc12)NC(=O)CN1CCN(c2ccccc2)CC1,6.9
CN(Cc1ccccc1)C(=O)[C@H](Cc1ccccc1)NC(=O)[C@@H](Cc1cn(C)c2ccccc12)NC(=O)C[C@@H]1NC(=O)[C@@H]2C3CCC(CC3)N2C1=O,6.9
COc1ccc(C(=O)N2CCC(CCN3CCC(C(N)=O)(c4ccccc4)CC3)(c3ccc(Cl)c(Cl)c3)C2)c(OC)c1,6.9
COC(=O)C1=C2CCC(C(=O)N[C@@H](CCc3c[nH]c4ccccc34)C(=O)N(C)Cc3ccccc3)N2C(=O)C(NC(C)=O)C1,6.9
CN(Cc1ccccc1)C(=O)[C@H](Cc1ccccc1)NC(=O)[C@@H](Cc1cn(C(=O)OC(C)(C)C)c2ccccc12)NC(=O)C[C@@H]1NC(=O)[C@@H]2C3CCC(CC3)N2C1=O,6.9
O=C(COc1cc(C(F)(F)F)cc(C(F)(F)F)c1)N(Cc1ccccc1Cl)C1CCNCC1,6.9
Fc1ccc(CN(CCCc2cc(C(F)(F)F)cc(C(F)(F)F)c2)C2CCNCC2)cc1,6.9
O=C(COc1cc(Cl)cc(Cl)c1)N(Cc1cccc(Cl)c1)C1CCNCC1,6.9
O=C1C[C@@H](NC(=O)CN2CCC(N3CCOCC3)CC2)C(=O)NC[C@@H](Cc2ccccc2)NC(=O)[C@H](Cc2ccccc2)NC(=O)[C@H](Cc2c[nH]c3ccccc23)N1,6.9
CN(Cc1ccccc1)C(=O)[C@H](Cc1ccccc1)NC(=O)[C@@H]1CCCC[C@@H]1NC(=O)c1c[nH]c2ccccc12,6.9
N#Cc1cccc(COC2C3CCN(CC3)C2C(c2ccccc2)c2ccccc2)c1,6.9
CO/N=C(\COCc1cc(C(F)(F)F)cc(C(F)(F)F)c1)C(CCN1CCN(CC(=O)Nc2ccccc2)CC1)c1ccc(Cl)c(Cl)c1,6.9
COc1ccccc1C(CNC(=O)Cc1cccc(OC(C)C)c1)N1CCN(C2CCCCC2)CC1,6.89
COc1ccccc1C(CNC(=O)Cc1cc(C(F)(F)F)cc(C(F)(F)F)c1)N1CCC(O)(c2ccccc2)CC1,6.89
Cc1cc(C)cc(CO[C@@H]2/C(=C\c3ccccc3)N3CCC2CC3)c1,6.89
O=C(Cc1cc(C(F)(F)F)cc(C(F)(F)F)c1)NCC(C(c1ccccc1)c1ccccc1)N1CCC(N2CCCCC2)CC1,6.89
CC(=O)NC1(c2ccccc2)CCN(C[C@@H]2C[C@@]2(C(=O)N(C)Cc2ccccc2)c2ccc(Cl)c(Cl)c2)CC1,6.89
Cc1ccc(-c2c(C(=O)N(C)[C@H](C)c3ccccc3)n(C)c(=O)c3ncccc23)cc1,6.89
O=C(NCc1cc(C(F)(F)F)cc(C(F)(F)F)c1)C1(c2ccccc2)CCNCC1,6.89
CCCCCN(CCCCC)C(=O)N1CCN(C(=O)N(c2ccccc2)c2ccccc2)[C@H](C(=O)O)C1,6.89
Cc1cc(C)cc(C(=O)N2CC[C@@H](NCc3ccnc4ccccc34)C[C@@H]2Cc2ccccc2)c1,6.89
Cc1cc(C)cc(COC(=O)[C@H](Cc2c[nH]c3ccccc23)NC(=O)OC(C)(C)C)c1,6.88
c1ccc([C@H]2COC3(CCCN[C@H]3c3ccccc3)C2)cc1,6.88
CSc1ccc(N2C(=O)NC3(CCN(C(=O)c4cc(C(F)(F)F)cc(C(F)(F)F)c4)CC3)C2=O)cc1,6.88
CN1CCN(C(=O)CNC2CCN(Cc3ccccc3)CC2)C(c2ccccc2)C1,6.87
O=C(Cc1cc(C(F)(F)F)cc(C(F)(F)F)c1)N1CCN(C(=O)CNC2CCN(Cc3ccccc3)CC2)C(c2ccccc2)C1,6.87
CNC(=O)[C@H](Cc1ccccc1)NC(=O)[C@@H](N)Cc1ccccc1,6.87
COc1cc(C)cc(COC[C@@H](N)c2ccccc2)c1,6.87
CO/N=C(\COCc1cc(C(F)(F)F)cc(C(F)(F)F)c1)C(CCN1CCN(CC(=O)NC2CCc3ccccc32)CC1)c1ccc(Cl)c(Cl)c1,6.87
CO/N=C(\COCc1cc(C(F)(F)F)cc(C(F)(F)F)c1)C(CCN1CCN(CC(=O)N2CCCC3CCCCC32)CC1)c1ccc(Cl)c(Cl)c1,6.87
O=C(c1cc(C(F)(F)F)cc(C(F)(F)F)c1)N1CCC2(CC1)NC(=O)N(Cc1cccc(-c3ccccc3)c1)C2=O,6.86
CC(C)Oc1cccc(CC(=O)N2CCC(CCN3CCC(C(N)=O)(c4ccccc4)CC3)(c3ccc(Cl)c(Cl)c3)C2)c1,6.86
CC(=O)N[C@@H](Cc1ccc2ccccc2c1)C(=O)OCc1cc(C)cc(C)c1,6.86
COc1ccccc1CN[C@H]1C2CCN(CC2)[C@H]1c1ccccc1,6.85
O=C(Cc1cc(C(F)(F)F)cc(C(F)(F)F)c1)NCC(c1ccc2c(c1)OCCO2)N1CCC(N2CCCCC2)CC1,6.85
CN(C(=O)c1ccc(C(F)(F)F)cc1)[C@@H]1CCN(C(=O)C2CCN(C(=O)CO)CC2)C[C@H]1c1ccc(Cl)c(Cl)c1,6.85
O=C(OCc1cc(C(F)(F)F)cc(C(F)(F)F)c1)[C@]1(c2ccccc2)CC[C@@H](N2CCC(c3ccc(F)cc3)CC2)CC1,6.85
COc1ccc2oc(COC(=O)N[C@](C)(Cc3c[nH]c4ccccc34)C(=O)N[C@@H](C)c3ccccc3)cc2c1,6.85
CN(Cc1ccccc1)C(=O)[C@@H](Cc1ccc2ccccc2c1)N(C)C(=O)[C@H]1CCCN1C(=O)Nc1ccccc1[N+](=O)[O-],6.85
CC(C)(C)OC(=O)N1C[C@H](C(=O)NCc2cc(C(F)(F)F)cc(C(F)(F)F)c2)[C@@H](c2ccccc2)C1,6.85
CCCCCN(CCCCC)C(=O)N1CCN(C(=O)N(c2ccccc2)c2ccccc2)[C@H](C(=O)NCCNC(C)=O)C1,6.85
CO/N=C(\COCc1cccc(C)c1)C(CCN1CCC(O)(c2ccccc2)CC1)c1ccc(Cl)c(Cl)c1,6.85
Cc1cc2c(-c3ccccc3)c(NC(=O)NCc3ccccc3)n(C)c(=O)c2cc1C,6.85
O=C(NCc1cc(C(F)(F)F)cc(C(F)(F)F)c1)c1c(-c2ccccc2)c2ccccc2n2cncc12,6.84
Cc1cc(C)cc(C(=O)N2CCN(C(=O)CNC3CCN(C(=O)[C@H](N)c4ccccc4)CC3)[C@H](c3ccc(Cl)c(Cl)c3)C2)c1,6.84
CC(=O)NC1(c2ccccc2)CCN(N(CC(=O)N2CCN(Cc3cc(C(F)(F)F)cc(C(F)(F)F)c3)CC2c2ccc(Cl)c(Cl)c2)N2CCC(NC(C)=O)(c3ccccc3)CC2)CC1,6.83
CCCCN(CC(Cc1c[nH]c2ccccc12)NC(=O)CN1CCN(c2ccccc2)CC1)C(C)=O,6.83
CC(=O)N(C)C1CCN(CCC(C)(C(=O)N(C)Cc2ccc(F)c(C(F)(F)F)c2)c2ccc(Cl)c(Cl)c2)CC1,6.82
Cc1ccccc1COC1C2CCN(CC2)C1C(c1ccccc1)c1ccccc1,6.82
CS(=O)(=O)N1CC2(CCN(C(=O)C(COCc3ccccc3)NCc3cccc(Cl)c3Cl)CC2)c2ccccc21,6.82
Cc1ccc(C)c(COCC(N)C(c2ccccc2)c2ccccc2)c1,6.82
CS(=O)(=O)N1CC2(CCN(C(=O)C(COCc3ccccc3)NCc3cccc(C#N)c3)CC2)c2ccccc21,6.82
CN1C(=O)N(Cc2cc(C(F)(F)F)cc(C(F)(F)F)c2)C(=O)C1Cc1c[nH]c2ccccc12,6.82
CNC(c1ccccc1)C1(NCc2ccccc2OC)CC1,6.82
C[C@H](NC(=O)[C@@](C)(Cc1c[nH]c2ccccc12)NC(=O)OC1CCc2ccccc2C1)c1ccccc1,6.82
CC(=O)N[C@@H](Cc1cccc2ccccc12)C(=O)OCc1cc(C)cc(C)c1,6.82
NC(=O)C[C@@H]1CCC[C@@H](OCc2cc(C(F)(F)F)cc(C(F)(F)F)c2)[C@H]1c1ccccc1,6.804100347590766
CN(Cc1ccccc1)C(=O)[C@H](Cc1ccccc1)NC(=O)[C@@H](Cc1cn(C(=O)OCc2ccccc2)c2ccccc12)NC(=O)C[C@@H]1NC(=O)[C@@H]2C3CCC(CC3)N2C1=O,6.8
c1ccc(CO[C@H]2CCCN[C@H]2c2ccccc2)cc1,6.8
CS(=O)(=O)N1CC2(CCN(C(=O)C(COCc3ccccc3)NCc3cccc(F)c3)CC2)c2ccccc21,6.8
CC(=O)N(Cc1ccccc1Cl)C[C@H](Cc1c[nH]c2ccccc12)NC(=O)CN1CCC(N2CCCCC2)CC1,6.8
FC(F)(F)c1cc(COCC(c2ccco2)N2CCNCC2)cc(C(F)(F)F)c1,6.8
CC(C)C[C@H](NC(=O)[C@H](CC(C)C)NC(=O)[C@@H](Cc1c[nH]c2ccccc12)NC(=O)[C@H](Cc1ccccc1)NC(=O)[C@@H](Cc1c[nH]c2ccccc12)NC(=O)[C@H](CCC(N)=O)NC(=O)[C@H](CCC(N)=O)NC(=O)[C@@H]1CCCN1C(=O)[C@H](CCCCN)NC(=O)[C@@H]1CCCN1C(=O)[C@H](N)CCCN=C(N)N)C(N)=O,6.8
CO/N=C(\CN(C(=O)c1cc(Cl)cc(Cl)c1)C1CC1)[C@H](CCN1CCC(n2c(O)nc3ccccc32)CC1)c1ccc(Cl)c(Cl)c1,6.8
CN(Cc1ccccc1)C(=O)[C@@H](Cc1ccc2ccccc2c1)NC(=O)[C@H]1CCCN1C(=O)Nc1ccccc1[N+](=O)[O-],6.8
COc1cccc([C@H]2[C@@H](NCc3ccccc3OC)C3CCN2CC3)c1,6.8
CSN1CC2(CCN(C(=O)N[C@H](Cc3c[nH]c4ccccc34)C(=O)N(C)Cc3ccccc3)CC2)c2ccccc21,6.79
COc1ccccc1CNC(COCc1ccccc1)C(=O)N1CCC2(CC1)CN(S(C)(=O)=O)c1ccccc12,6.79
NC(=O)C1(c2ccccc2)CCN(CC[C@@]2(c3ccc(Cl)c(Cl)c3)CCN(C(=O)c3ccccc3)C2)CC1,6.79
C[C@@H](O)[C@@H]1NC(=O)[C@H](Cc2ccc(O)cc2)NC(=O)[C@@H](Cc2c[nH]c3ccccc23)NC(=O)[C@H](Cc2cccc3ccccc23)NC(=O)[C@@H]2CCCN2C(=O)[C@H](Cc2ccccc2)NC1=O,6.78
COc1c(C)cc(C(=O)N2CCC(CCN3CCC(C(N)=O)(c4ccccc4)CC3)(c3ccc(Cl)c(Cl)c3)C2)cc1C,6.78
CO/N=C(\COC(=O)c1cc(C(F)(F)F)cc(C(F)(F)F)c1)C(CCN1CCC(O)(c2ccccc2)CC1)c1ccc(Cl)c(Cl)c1,6.78
CS(=O)(=O)N1CC2(CCN(C[C@H](COCc3ccc(Cl)c(Cl)c3)NCc3ccccc3)CC2)c2ccccc21,6.77
c1ccc(CN[C@H]2C3CC4CCCC(C3)N4[C@H]2C(c2ccccc2)c2ccccc2)cc1,6.77
CC(C)(C)OC(=O)N1CCC(COCc2cc(C(F)(F)F)cc(C(F)(F)F)c2)(c2ccccc2)CC1,6.77
O=C(NC(c1ccccc1)c1ccccc1)[C@@H]1CCCN1C(=S)NCc1ccccc1Cl,6.77
c1ccc(CNC2C3CC4CCCC(C3)N4[C@H]2C(c2ccccc2)c2ccccc2)cc1,6.77
FC(F)(F)Oc1cccc(COCC2(c3ccccc3)CCNCC2)c1,6.77
c1ccc(C2CCC3(OCCNC3c3ccccc3)OC2)cc1,6.77
Clc1ccccc1-c1ccccc1/C=N/Nc1c(Cl)cncc1Cl,6.76
Cc1ccc(COC2C3CCN(CC3)C2C(c2ccccc2)c2ccccc2)cc1C,6.76
CN(Cc1ccccc1)C(=O)[C@H](Cc1ccc2ccccc2c1)NC(=O)[C@@H]1CCCN1C(=O)Nc1ccccc1C(=O)O,6.76
NC(=O)[C@H](Cc1ccccc1)NC(=O)[C@H](N)Cc1ccccc1,6.76
N[C@H]1CCN(C(=O)c2cc(C(F)(F)F)cc(C(F)(F)F)c2)[C@H](Cc2ccccc2)C1,6.75
CSCC[C@@H](NC(=O)[C@H](CC(C)C)NC(=O)CNC(=O)[C@H](Cc1ccccc1)NC(=O)[C@H](Cc1ccccc1)NC(=O)[C@H](CCC(N)=O)NC(=O)[C@@H](N)CCC(N)=O)C(N)=O,6.75
CSCC[C@H](NC(=O)[C@H](CC(C)C)NC(=O)CN1CCCNC(=O)CCC(=O)N[C@H](CCCN=C(N)N)C(=O)N[C@@H](Cc2ccccc2)C(=O)N[C@H](Cc2ccccc2)C1=O)C(N)=O,6.75
CCN1/C(=C\C=C2CC(C)[n+]3c2n(CC)c2cc4ccccc4cc23)Sc2ccccc21.[I-],6.75
CN(Cc1ccccc1)Cc1nc2ccccc2c(-c2ccccc2)c1C(=O)NCc1cc(C(F)(F)F)cc(C(F)(F)F)c1,6.75
CC(C)CN(CC(C)C)c1cc(C(F)(F)F)cc(COCC2(c3ccc(F)cc3)CCN(C)CC2)n1,6.75
NCCCCCOC[C@H]1O[C@@H](OCCc2c[nH]c3ccccc23)[C@H](OCc2ccccc2)C[C@@H]1OCc1ccccc1,6.75
CC#C[C@]1(O)CCC2C3CCC4Cc5nc6nc7ccccc7n6cc5C[C@]4(C)C3CC[C@@]21C,6.75
CO/N=C(\COCc1cc(C(F)(F)F)cc(C(F)(F)F)c1)C(CCN1CCN(c2ccccc2)CC1)c1ccc(Cl)c(Cl)c1,6.74
NC(=O)[C@H](Cc1ccccc1)NC(=O)[C@H](N)c1ccccc1,6.74
Cc1ccccc1CO[C@H]1C2CCN(CC2)[C@H]1C(c1ccccc1)c1ccccc1,6.74
CN(Cc1ccc(F)c(C(F)(F)F)c1)C(=O)C(C)(CCN1CCC(N2CCCC2=O)CC1)c1ccc(Cl)c(Cl)c1,6.74
COc1cccc([C@H]2COCC3(C2)OCCN[C@H]3c2ccc(F)cc2)c1,6.74
O=C(N[C@@H](Cc1c[nH]c2ccccc12)C(=O)OCc1ccccc1C(F)(F)F)c1ccccc1,6.74
Cc1cc(C)cc(C(=O)N2CC[C@H](NCc3ccnc4ccccc34)C[C@H]2CCc2ccccc2)c1,6.72
CN[C@@H](Cc1ccccc1)C(=O)N[C@@H](Cc1ccccc1)C(N)=O,6.72
FC(F)(F)c1cc(CO[C@H]2C3CCN(CC3)[C@H]2Cc2ccccc2)cc(C(F)(F)F)c1,6.71
O=[N+]([O-])c1cccc(COC2C3CCN(CC3)C2C(c2ccccc2)c2ccccc2)c1,6.71
CC(=O)N[C@@H](Cc1n[nH]c2ccccc12)C(=O)OCc1cc(C(F)(F)F)cc(C(F)(F)F)c1,6.71
Cc1ccc(CO[C@H]2C3CCN(CC3)[C@H]2C(c2ccccc2)c2ccccc2)cc1C,6.71
Fc1cc(F)cc(COCC(c2ccccc2)N2CCNCC2)c1,6.7
O=C(CCc1cc(C(F)(F)F)cc(C(F)(F)F)c1)N(c1ccc(F)cc1)C1CCNCC1,6.7
COC(=O)C1=C2CCC(C(=O)N[C@@H](CCc3c[nH]c4ccccc34)C(=O)N(C)Cc3ccccc3)N2C(=O)C(NC(=O)OCc2ccccc2)C1,6.7
CCCCCN(CCCCC)C(=O)N1CCN(C(=O)N(c2ccccc2)c2ccccc2)[C@H](C(=O)N(C)CCN(C)Cc2cc(C)cc(C)c2)C1,6.7
O=C(COc1cc(C(F)(F)F)cc(C(F)(F)F)c1)N(c1cccc(Cl)c1)C1CCNCC1,6.7
NS(=O)(=O)N1CCN(CC(=O)N[C@@H]2CC(=O)N[C@@H](Cc3c[nH]c4ccccc34)C(=O)N[C@@H](Cc3ccccc3)C(=O)N[C@H](Cc3ccccc3)CNC2=O)CC1,6.7
C[C@H](OC1CCC2CCC1(c1ccccc1)N2)c1cc(C(F)(F)F)cc(C(F)(F)F)c1,6.7
C[C@]12Cc3cn4c(nc3CC1CCC1C2CC[C@@]2(C)C1CC[C@]2(C)O)nc1ccccc14,6.7
CN1C(=O)OC2(CCN(CC[C@H](C(=O)N(C)[C@@H](Cc3ccccc3)C(=O)NCCN)c3ccc(Cl)c(Cl)c3)CC2)c2cc(F)ccc21.Cl,6.7
C[C@@H](O)[C@@H]1NC(=O)[C@H](Cc2ccccc2)NC(=O)[C@@H](Cc2c[nH]c3ccccc23)NC(=O)[C@H](CC2CCCCC2)NC(=O)[C@@H]2CCCN2C(=O)[C@H](Cc2ccccc2)NC1=O,6.7
CC(C)C[C@H](NC(=O)CNC(=O)OCc1ccccc1)C(=O)NC1(C(=O)OCc2cc(C(F)(F)F)cc(C(F)(F)F)c2)CNc2[nH]c3ccccc3c2C1,6.7
O=C1CC(Cc2c[nH]c3ccccc23)C(=O)N1Cc1cc(C(F)(F)F)cc(C(F)(F)F)c1,6.69
CN(Cc1ccccc1)C(=O)[C@H](CCc1ccccc1)NC(=O)[C@@H]1CCCN1/C(S)=N/Cc1ccccc1Cl,6.69
CC(=O)N(C)C1(c2ccccc2)CCN(CCC[C@]2(c3ccc(Cl)c(Cl)c3)CCCN(C(=O)c3ccccc3)C2)CC1,6.68
COc1ccc(C(CNC(=O)Cc2cc(C(F)(F)F)cc(C(F)(F)F)c2)N2CCC(N3CCCCC3)CC2)c(OC)c1OC,6.68
CC(=O)NCCCCCOC[C@H]1O[C@@H](OCCc2c[nH]c3ccccc23)[C@H](OCc2ccc(F)cc2)[C@@H](OCc2ccccc2)[C@@H]1OCc1ccccc1,6.68
O=C(NCc1cc(C(F)(F)F)cc(C(F)(F)F)c1)c1cnc2ccccc2c1-c1ccccc1,6.68
Cc1cc(C)cc(C(=O)N2CC[C@H](NCc3ccncc3)C[C@H]2Cc2ccccc2)c1,6.68
C[C@@H](O)[C@@H]1NC(=O)[C@H](CC2CCCCC2)NC(=O)[C@@H](Cc2c[nH]c3ccccc23)NC(=O)[C@H](Cc2ccccc2)NC(=O)[C@@H]2CCCN2C(=O)[C@H](Cc2ccccc2)NC1=O,6.67
Cc1cc(C)cc(C(=O)N2CCN(C(=O)CNC3CCNCC3)[C@H](c3ccc(Cl)c(Cl)c3)C2)c1,6.67
C[C@]12Cc3cn4c(nc3CC1CCC1C2CC[C@@]2(C)C1CC[C@@H]2O)nc1ccccc14,6.66
O=C1C(Cc2c[nH]c3ccccc23)N(C(=O)Nc2ccccc2)C(=O)N1Cc1cc(C(F)(F)F)cc(C(F)(F)F)c1,6.66
CC(=O)N1CCC(CN2CC[C@@H](N(C)C(=O)c3ccc(Cl)cc3)[C@H](c3ccc(Cl)c(Cl)c3)C2)CC1,6.66
C[C@H](NC(=O)CN)C(=O)N[C@H]1CSSC[C@H](C(=O)O)NC(=O)[C@H](CO)NC(=O)[C@H]([C@@H](C)O)NC(=O)[C@H](Cc2ccccc2)NC(=O)[C@H]([C@@H](C)O)NC(=O)[C@H](Cc2ccc(F)cc2)NC(=O)[C@@H](Cc2c[nH]c3ccccc23)NC(=O)[C@H](Cc2ccccc2)NC(=O)[C@H](Cc2ccccc2)NC(=O)[C@H](CC(N)=O)NC(=O)[C@H](CCCCN)NC1=O,6.66
CCCCCN(CCCCC)C(=O)N1CCN(C(=O)N(c2ccccc2)c2ccccc2)[C@H](C(=O)NCCN(C(C)C)C(C)C)C1,6.66
Cc1cc(C)cc(C(=O)N2CC[C@H](NCc3ccnc4ccccc34)C[C@@H]2Cc2ccccc2)c1,6.66
Cc1cc(C)cc(C(=O)N2CC[C@H](NCc3ccccc3)C[C@H]2Cc2ccccc2)c1,6.66
C=C(C)n1c(=O)n(CCN2CCC(N(C(=O)CC)c3cc(Cl)ccc3Cl)CC2)c2ccccc21,6.66
Cl.O=C1CCN(Cc2ccc(C(F)(F)F)cc2)CC1C(c1ccc(F)cc1)c1ccc(F)cc1,6.66
COc1cc(CN(C)C(=O)CC(c2ccccc2)c2ccccc2)cc(OC)c1,6.65
FC(F)(F)c1cc(COCc2ccccc2-c2ccccc2)cc(C(F)(F)F)c1,6.65
O=C(CC(c1ccccc1)c1ccccc1)NCc1cc(Cl)cc(Cl)c1,6.65
O=C1N[C@@H](Cc2ccccc2)C(=O)N2[C@H]3Nc4ccccc4[C@@]3([C@]34C[C@H]5C(=O)N[C@@H](Cc6ccccc6)C(=O)N5[C@H]3Nc3ccccc34)C[C@@H]12,6.64
Clc1cccc([C@H]2[C@@H](NCc3ccccc3Cl)C3CCN2CC3)c1,6.64
COc1ccccc1CN[C@H]1CCCN(CC(N)=O)[C@H]1c1ccccc1,6.64
c1ccc(CN[C@H]2C3C4CCCC3CN(C4)[C@H]2C(c2ccccc2)c2ccccc2)cc1,6.64
O=C(NCc1ccccc1)[C@H](Cc1c[nH]c2ccccc12)NC(=O)N1CCC2(CCc3ccccc32)CC1,6.64
c1ccc(CNC2C3C4CCCC3CN(C4)[C@H]2C(c2ccccc2)c2ccccc2)cc1,6.64
O=C(NCc1cc(C(F)(F)F)cc(C(F)(F)F)c1)c1c(-c2ccc(F)cc2)c2ccccc2n2nnnc12,6.63
COc1ccccc1CN[C@H]1C2CCN(CC2)[C@H]1Cc1ccccc1,6.63
O=C(NCc1cc(C(F)(F)F)cc(C(F)(F)F)c1)c1c(-c2ccccc2)ccnc1CCl,6.63
O=C(CC(c1ccccc1)c1ccccc1)NCc1cc(C(F)(F)F)cc(C(F)(F)F)c1,6.63
COc1ccccc1CN[C@@H]1C2CCN(CC2)[C@H]1c1cccc(Cl)c1,6.62
CCN(Cc1ccccc1)C(=O)[C@H](Cc1c[nH]c2ccccc12)NC(=O)N1CCC2(CCc3ccccc32)CC1,6.62
O=C1N[C@@H](Cc2ccccc2)C(=O)N2[C@H]3Nc4ccccc4C3(C34C[C@H]5C(=O)N[C@@H](Cc6ccccc6)C(=O)N5[C@H]3Nc3ccccc34)C[C@@H]12,6.62
CC(=O)N1CCC(C(=O)N2CC[C@@H](N(C)C(=O)c3ccc(Cl)cc3)C(c3ccc(Cl)c(Cl)c3)C2)CC1,6.62
O=C(c1cc(C(F)(F)F)cc(C(F)(F)F)c1)N1CCC2(CC1)NC(=O)N(Cc1ccc3c(c1)OCO3)C2=O,6.61
O=C1CNC(Cc2c[nH]c3ccccc23)CN1Cc1cc(C(F)(F)F)cc(C(F)(F)F)c1,6.61
O=C(N[C@@H](Cc1c[nH]c2ccccc12)C(=O)OCc1ccc(Cl)cc1)c1ccccc1,6.61
Cc1ccc(COC2C3CCN(CC3)C2C(c2ccccc2)c2ccccc2)cc1,6.61
COc1cc(CN2CCN(C(COCc3cc(C(F)(F)F)cc(C(F)(F)F)c3)c3ccccc3)C(Cc3ccccc3)C2)cc(OC)c1OC,6.6
O=C(CSc1nnc(-c2ccncc2)n1-c1ccccc1)Nc1cccc(Cl)c1,6.6
C[C@@H](O)[C@@H]1NC(=O)[C@H](Cc2ccc(F)cc2)NC(=O)[C@@H](Cc2c[nH]c3ccccc23)NC(=O)[C@H](Cc2ccccc2)NC(=O)[C@H](Cc2ccccc2)NC(=O)[C@H](CC(N)=O)NC(=O)[C@H](CCCCN)NC(=O)[C@@H](N)CSSC[C@H](C(=O)O)NC(=O)[C@H](CO)NC(=O)[C@H]([C@@H](C)O)NC(=O)[C@H](Cc2ccccc2)NC1=O,6.6
COC(=O)[C@H]1CCN(C(=O)N(c2ccccc2)c2ccccc2)[C@H](C(=O)NCCN(C)Cc2ccccc2OC)C1,6.6
CN1C(=O)OC2(CCN(CC[C@@](C)(C(=O)N[C@H](C(=O)NCCN)c3ccccc3)c3ccc(Cl)c(Cl)c3)CC2)c2cc(F)ccc21.Cl,6.6
CNCCNC(=O)[C@@H](NC(=O)C(C)(C)c1cc(C(F)(F)F)cc(C(F)(F)F)c1)c1ccccc1,6.6
CN1CCN(CCNC(=O)[C@@H](NC(=O)C(C)(C)c2cc(C(F)(F)F)cc(C(F)(F)F)c2)c2ccccc2)CC1,6.6
COc1ccccc1C(CNC(=O)Cc1cc(C(F)(F)F)cc(C(F)(F)F)c1)N1CCCCC1,6.6
CCOC(=O)Oc1c(OC)cc(C(=O)N2CCC(CCN3CCC(C(N)=O)(c4ccccc4)CC3)(c3ccc(Cl)c(Cl)c3)C2)cc1OC,6.6
Cc1cc2c(-c3ccccc3)c(CNCc3cc(C(F)(F)F)cc(C(F)(F)F)c3)n(C)c(=O)c2cc1C,6.6
Fc1ccc(COC2C3CCN(CC3)C2C(c2ccccc2)c2ccccc2)cc1,6.6
COc1ccc(C(=O)N(C)[C@@H]2CCN(C(=O)C3CCN(C(C)=O)CC3)C[C@H]2c2ccc(Cl)c(Cl)c2)cc1,6.6
O=C(NC[C@]1(c2ccccc2)CC[C@@H](N2CCC(c3ccc(F)cc3)CC2)CC1)c1cc(C(F)(F)F)cc(C(F)(F)F)c1,6.6
NC(=O)[C@H](Cc1cccs1)NC(=O)[C@@H](N)Cc1ccccc1,6.6
CS(=O)(=O)N1CC2(CCN(C(=O)C(COCc3ccccc3)NC(=O)c3ccc(Cl)c(Cl)c3)CC2)c2ccccc21,6.58
O=C1CC[C@@H](CN[C@H]2CC[C@@H](OCc3cc(C(F)(F)F)cc(C(F)(F)F)c3)[C@@H]2c2ccccc2)N1,6.58
CC(=O)N1CCC(C(=O)N2CC[C@@H](N(C)C(=O)c3ccc(C)cc3)C(c3ccc(Cl)c(Cl)c3)C2)CC1,6.58
CS(=O)(=O)N1CCC2(CC1)C1C(=O)N(Cc3cc(C(F)(F)F)cc(C(F)(F)F)c3)C(=O)C1CN2C(=O)c1ccc2ccccc2c1,6.58
COc1ccccc1C/N=C(\S)N1CCC[C@H]1C(=O)N[C@@H](Cc1ccccc1)C(=O)N(C)Cc1ccccc1,6.58
COc1ccccc1C1CCN(C(=O)[C@H](COCc2ccc(Cl)c(Cl)c2)NCc2ccccc2)CC1,6.58
NC(=O)C1(c2ccccc2)CCN(CCC2(c3ccc(Cl)c(Cl)c3)CCN(C(=O)c3ccccc3)C2)CC1,6.57
CCCCCN(CCCCC)C(=O)N1CCN(C(=O)N(c2ccccc2)c2ccccc2)[C@H](C(=O)NCCOC)C1,6.57
Cc1cc(C)cc(/C(F)=C2\CC[C@@H](NC(=O)c3ccnc4ccccc34)C[C@@H]2Cc2ccccc2)c1,6.57
O=C1NC(Cc2c[nH]c3ccccc23)CN1Cc1cc(C(F)(F)F)cc(C(F)(F)F)c1,6.57
O=C(c1ccccc1)N1CCCC(CCCN2CCC3(CCc4ccccc43)CC2)(c2ccc(Cl)c(Cl)c2)C1,6.57
Cc1nc(Cl)cc(-c2ccccc2)c1C(=O)NCc1cc(C(F)(F)F)cc(C(F)(F)F)c1,6.57
COc1ccccc1C(CNC(=O)Cc1ccccc1C(F)(F)F)N1CCN(C2CCCCC2)CC1,6.57
Cl.O=C1CCN(Cc2cccc(C(F)(F)F)c2)CC1C(c1ccc(F)cc1)c1ccc(F)cc1,6.57
O=C1OC(Cc2c[nH]c3ccccc23)C(=O)N1Cc1cc(Cl)cc(Cl)c1,6.56
Cc1c(C(=O)NCc2cc(C(F)(F)F)cc(C(F)(F)F)c2)c(-c2ccccc2)cc2nnnn12,6.55
COc1ccccc1C(CNC(=O)Cc1ccc(Cl)c(Cl)c1)N1CCN(C2CCCCC2)CC1,6.55
COc1ccccc1COC(=O)[C@H](Cc1c[nH]c2ccccc12)NC(=O)OC(C)(C)C,6.55
CCCCCN(CCCCC)C(=O)N1CCN(C(=O)N(c2ccccc2)c2ccccc2)[C@H](CO)C1,6.55
Cl.O=C1CCN(Cc2ccccc2O)CC1C(c1ccc(F)cc1)c1ccc(F)cc1,6.55
CCCC[N+](CCCC)(CCCC)Cc1ccc(NC(=O)[C@@H](Cc2ccc3ccccc3c2)N=C(NC2CCCCC2)NC2CCCCC2)cc1,6.54
CN(Cc1ccccc1)C(=O)[C@H](Cc1ccccc1)NC(=O)[C@@H]1CCCN1/C(S)=N/Cc1ccccc1F,6.54
Cc1ccc(CO[C@H]2C3CCN(CC3)[C@H]2C(c2ccccc2)c2ccccc2)cc1,6.54
Cc1cc(C)cc(CO[C@H]2C3CCN(CC3)[C@H]2Cc2ccccc2)c1,6.54
CC(=O)N1CCC(C(=O)N2CC[C@@H](N(C)C(=O)Nc3ccc(Cl)cc3)[C@H](c3ccc(Cl)c(Cl)c3)C2)CC1,6.54
CN1CCC(COCc2cc(C#N)cc(C3CC3)n2)(c2ccc(F)cc2)CC1,6.54
CCCCCN(CCCCC)C(=O)N1CCN(C(=O)N(c2ccccc2)c2ccccc2)[C@H](C(=O)N(C)CCN(C)Cc2ccccc2)C1,6.54
CN(CC(c1ccccc1)c1ccccc1)C(=O)c1cc(C(F)(F)F)cc(C(F)(F)F)c1,6.53
CN(C(=O)c1ccccc1-c1ccccc1)C(C)(C)c1cc(C(F)(F)F)cc(C(F)(F)F)c1,6.53
CN(C(=O)C(c1ccccc1)c1ccccc1)c1cc(C(F)(F)F)cc(C(F)(F)F)c1,6.52
FC(F)(F)c1cc(CO[C@H]2CCCN[C@@H]2c2ccccc2)cc(C(F)(F)F)c1,6.52
CCCN1C(=O)C2NC(c3ccc(OCC(=O)NCCNC(=O)C(N)CC(=O)N[C@@H](Cc4ccccc4)C(=O)N[C@@H](Cc4ccccc4)C(=O)NCC(=O)N[C@@H](CC(C)C)C(=O)N[C@@H](CCSC)C(N)=O)cc3)=NC2N(CCC)C1=O,6.52
FC(F)(F)c1cc(CO[C@@H]2C3CCN(CC3)[C@@H]2C(c2ccccc2)c2ccccc2)cc(C(F)(F)F)c1,6.52
O=C(N[C@H]1CC[C@H](OCc2cc(C(F)(F)F)cc(C(F)(F)F)c2)[C@@H]1c1ccccc1)OCc1ccccc1,6.52
FC(F)(F)c1cccc(COC2C3CCN(CC3)C2C(c2ccccc2)c2ccccc2)c1,6.52
CC(C)(C)C(=O)N1CCC2(CC1)C1C(=O)N(c3ccccc3)C(=O)C1CN2C(=O)c1cc(C(F)(F)F)cc(C(F)(F)F)c1,6.52
CN(CCCc1cc(C(F)(F)F)cc(C(F)(F)F)c1)C(=O)CC(c1ccccc1)c1ccccc1,6.52
Cc1cc(O)cc(C)c1C[C@H](N)C(=O)N[C@H](CCCNC(=N)N)C(=O)N[C@H]1Cc2ccccc2CN(CCC(=O)N(Cc2ccccc2)CC(C)C)C1=O,6.51
COc1ccccc1CN[C@H]1C2CCCN(CC2)[C@H]1C(c1ccc(F)cc1)c1ccc(F)cc1,6.51
CCN1/C(=C\C=C\c2n(CC)c3cc4ccccc4cc3[n+]2CC)Oc2ccccc21.[I-],6.51
CCn1c2[n+](c3cc4ccccc4cc31)C(C)CC2=C/C=C1\N(C)c2ccc3ccccc3c2C1(C)C.[I-],6.51
Cc1cc(C)cc(C(=O)N2CC[C@H](NCc3ccnc4ccccc34)C[C@H]2CC2CCCCC2)c1,6.51
COc1cc2c(cc1OC)C1=NO[C@@H](CN3CCN(C/C(C)=C/c4ccc(F)cc4)CC3)[C@@H]1CO2,6.51
O=C1C(Cc2c[nH]c3ccccc23)N(Cc2ccccc2)C(=O)N1Cc1cc(C(F)(F)F)cc(C(F)(F)F)c1,6.51
CSCC[C@H](N)C(=O)N[C@@H](CC(C)C)C(=O)Cc1noc([C@H](Cc2ccccc2)NC(=O)[C@H](Cc2ccccc2)NC(=O)[C@H](CCC(N)=O)NC(=O)[C@H](CCC(N)=O)NC(=O)[C@@H]2CCCN2C(=O)[C@H](CCCCN)NC(=O)[C@@H]2CCCN2C(=O)[C@@H](N)CCCN=C(N)N)n1,6.51
O=C(NCc1cc(C(F)(F)F)cc(C(F)(F)F)c1)c1c(-c2ccccc2)c2ccccc2n2nnnc12,6.51
C#CC[C@]1(O)CCC2C3CCC4Cc5nc6nc7ccccc7n6cc5C[C@]4(C)C3CC[C@@]21C,6.5
O=C(Cc1ccccc1)N[C@H](Cc1ccc2ccccc2c1)NC(=O)[C@@H]1CCCC[C@@H]1NC(=O)c1c[nH]c2ccccc12,6.5
COC(=O)C1c2ccccc2NC(=O)CN1C(=O)N(C)Cc1cc(C(F)(F)F)cc(C(F)(F)F)c1,6.5
C#C[C@]1(O)CCC2C3CC[C@H]4Cc5nc6nc7cc8ccccc8cc7n6cc5C[C@]4(C)C3CC[C@@]21C,6.5
O=C(COc1cc(C(F)(F)F)cc(C(F)(F)F)c1)N(c1ccc(F)cc1)C1CCNCC1,6.5
O=C1NC(Cc2c[nH]c3ccccc23)C(=O)N1Cc1cc(C(F)(F)F)cc(C(F)(F)F)c1,6.5
COc1c(Br)cc(C(=O)N2CCC(CCN3CCC(C(N)=O)(c4ccccc4)CC3)(c3ccc(Cl)c(Cl)c3)C2)cc1Br,6.5
CC(C)(C(=O)N[C@H](C(=O)NCCN)c1ccccc1)c1cc(C(F)(F)F)cc(C(F)(F)F)c1,6.5
CC(C)(C(=O)N[C@H](C(=O)N1CCOCC1)c1ccccc1)c1cc(C(F)(F)F)cc(C(F)(F)F)c1,6.5
CN1C(=O)OC2(CCN(CCC[C@@](C)(C(=O)N[C@H](C(=O)NCCN)c3ccccc3)c3ccc(Cl)c(Cl)c3)CC2)c2cc(F)ccc21.O=C(O)C(F)(F)F,6.5
Cc1ccccc1-c1ccccc1/C=N/Nc1c(Cl)cncc1Cl,6.5
CCN1/C(=C\C=C\c2n(CC)c3cc4ccccc4cc3[n+]2CC)Sc2ccccc21.[I-],6.5
CN(CCCc1cc(C(F)(F)F)cc(C(F)(F)F)c1)C(=O)C(c1ccccc1)c1ccccc1,6.49
Cc1cc(C)c(C(=O)N2CCC3(CC2)NC(=O)N(c2cc(C(F)(F)F)cc(C(F)(F)F)c2)C3=O)c(C)c1,6.49
COc1ccccc1C/N=C(\S)N1CCC[C@H]1C(=O)NC(c1ccccc1)c1ccccc1,6.48
Cc1ccccc1C1CCN(C(=O)[C@H](COCc2ccc(Cl)c(Cl)c2)NCc2ccccc2)CC1,6.48
COc1ccc(C(=O)N(C)[C@@H]2CCN(C(=O)C3CCN(C(C)=O)CC3)CC2c2ccc(Cl)c(Cl)c2)cc1,6.48
COc1ccccc1CN[C@H]1C2CC[N+](Cc3ccccc3)(CC2)[C@H]1C(c1ccccc1)c1ccccc1.[Br-],6.48
O=C(NCCc1ccccc1)[C@H](Cc1c[nH]c2ccccc12)NC(=O)N1CCC2(CCc3ccccc32)CC1,6.48
O=C(c1cccc2ccccc12)N1CCC2(CC1)NC(=O)N(c1cc(C(F)(F)F)cc(C(F)(F)F)c1)C2=O,6.47
Cc1c(C(=O)NCc2cc(C(F)(F)F)cc(C(F)(F)F)c2)c(-c2ccccc2)cc[n+]1[O-],6.47
CN(Cc1ccc(F)cc1)C(=O)[C@@]1(c2ccc(Cl)c(Cl)c2)C[C@H]1CN1CCN(S(=O)(=O)N(C)C)CC1,6.47
COc1ccccc1CN(CC(NC(=O)CN1CCN(c2ccccc2)CC1)c1ccc(Cl)c(Cl)c1)C(C)=O,6.47
COc1ccc(CN[C@H]2C3CCN(CC3)[C@H]2C(c2ccccc2)c2ccccc2)cc1,6.46
FC(F)(F)c1cc(COCC2(c3ccccc3)CCC(N3CCOCC3)CC2)cc(C(F)(F)F)c1,6.46
CCn1c(/C=C/C=C2/N(C)c3ccccc3C2(C)C)[n+](CCCO)c2nc3ccccc3nc21.[Cl-],6.46
COc1ccc(CN[C@H]2C3CCN(CC3)[C@@H]2c2cccc(Cl)c2)c(OC)c1,6.46
COc1ccccc1CN(C[C@H](Cc1c[nH]c2ccccc12)NC(=O)CN1CCN(c2ccccc2)CC1)C(C)=O,6.45
CCN1/C(=C\C=C\c2n(CC)c3cc4ccccc4cc3[n+]2CC)C(C)(C)c2ccccc21.[Cl-],6.44
N[C@H](COCc1ccccc1)C(c1ccccc1)c1ccccc1,6.44
CCCC[P+](CCCC)(CCCC)Cc1ccc(NC(=O)[C@@H](Cc2ccc3ccccc3c2)N=C(NC2CCCCC2)NC2CCCCC2)cc1.[Br-],6.43
FC(F)(F)c1cc(CNCc2ccccc2-c2ccccc2)cc(C(F)(F)F)c1,6.43
FC(F)(F)c1ccc(COC2C3CCN(CC3)C2C(c2ccccc2)c2ccccc2)cc1,6.43
NC(COCc1ccccc1)C(c1ccccc1)c1ccccc1,6.43
CS(=O)(=O)NCC1(c2ccccc2)CCN(C(=O)[C@H](COCc2ccc(Cl)c(Cl)c2)NCc2ccccc2)CC1,6.42
Cc1cc(C)cc(/C(F)=C2/CC[C@H](NC(=O)c3ccnc4ccccc34)C[C@H]2Cc2ccccc2)c1,6.42
O=C(Cc1cc(C(F)(F)F)cc(C(F)(F)F)c1)NCC(c1ccccc1)c1ccccc1,6.42
O=C(c1ccccc1)N1CCCC(CCCN2CCC(n3c(=O)[nH]c4ccccc43)CC2)(c2ccc(Cl)c(Cl)c2)C1,6.42
CN1CCC(COCc2cc(C(F)(F)F)cc(C#N)n2)(c2ccccc2)CC1,6.42
O=C(NCc1cc(C(F)(F)F)cc(C(F)(F)F)c1)c1c(-c2ccccc2)c2ccccc2n2cccc12,6.41
CN(Cc1ccnc2ccccc12)[C@H]1CCN(C(=O)c2cc(Cl)cc(Cl)c2)[C@H](Cc2ccccc2)C1,6.41
CC(=O)N1Cc2[nH]c3ccccc3c2C[C@H]1C(=O)OCc1cc(C(F)(F)F)cc(C(F)(F)F)c1,6.41
CCN1/C(=C/C=C/c2n(CC)c3nc4ccccc4nc3[n+]2CC)C(C)(C)c2ccccc21.[Cl-],6.41
CCn1c(/C=C/C=C2\N(C)c3ccccc3C2(C)C)[n+](CC)c2cc3ccccc3cc21.[Cl-],6.41
CC(=O)N[C@H]1Cc2ccccc2CN(CC(=O)NCc2cc(C(F)(F)F)cc(C(F)(F)F)c2)C1=O,6.41
CN1C(=O)OC2(CCN(CCC[C@H](C(=O)N(C)[C@@H](Cc3ccccc3)C(=O)NCCN)c3ccc(Cl)c(Cl)c3)CC2)c2cc(F)ccc21.Cl,6.4
CN1C(=O)OC2(CCN(CC[C@](C)(C(=O)N[C@@H](Cc3ccccc3)C(=O)NCCN)c3ccc(Cl)c(Cl)c3)CC2)c2cc(F)ccc21.Cl,6.4
Cc1ccc(-c2c(C(=O)NCc3cc(C(F)(F)F)cc(C(F)(F)F)c3)c3nnnn3c3ccccc23)cc1,6.4
Clc1cccc(COCC(c2ccccc2)N2CCNCC2)c1,6.4
O=C1NC(Cc2c[nH]c3ccccc23)CN(Cc2cc(C(F)(F)F)cc(C(F)(F)F)c2)C1=O,6.4
Fc1ccc([C@@H]2NCCO[C@]23CC[C@H](c2ccccc2C(F)(F)F)CO3)cc1,6.4
Fc1ccc([C@@H]2NCCOC23CC[C@H](c2ccccc2C(F)(F)F)CO3)cc1,6.4
CCn1c(/C=C/C=C2/N(C)c3ccccc3C2(C)C)[n+](CCCOC(C)=O)c2nc3ccccc3nc21.[Cl-],6.39
CN(Cc1ccccc1)C(=O)[C@@H](Cc1c[nH]c2ccccc12)NC(=O)[C@H]1CCCN1C(=O)Nc1ccccc1[N+](=O)[O-],6.39
FC(F)(F)c1cc(COC[C@@]2(c3ccccc3)CCCCNC2)cc(C(F)(F)F)c1,6.39
CC(=O)N1CCC(C(=O)N2CC[C@@H](N(C)C(=O)c3ccc(-c4ccccc4)cc3)C(c3ccc(Cl)c(Cl)c3)C2)CC1,6.39
CCn1c(/C=C/C=C2\N(C)c3ccccc3C2(C)C)[n+](CCOC(C)=O)c2cc3ccccc3cc21.[Cl-],6.39
Cc1ccccc1C/N=C(\S)N1CCC[C@H]1C(=O)N[C@@H](Cc1ccccc1)C(=O)N(C)Cc1ccccc1,6.39
CC(C)(C)OC(=O)N[C@@H](Cc1c[nH]c2ccccc12)C(=O)OCc1ccccc1,6.38
Clc1ccc(COC2C3CCN(CC3)C2C(c2ccccc2)c2ccccc2)cc1,6.38
COc1ccccc1CN(C[C@H](Cc1c[nH]c2ccccc12)NC(=O)CN1CCC(N2CCCCC2)CC1)C(C)=O,6.38
CC(C)COC(=O)N[C@@H](Cc1c[nH]c2ccccc12)C(=O)NCCc1c[nH]c2ccccc12,6.37
CN1CCC(COCc2cc(C(F)(F)F)cc(Cl)n2)(c2ccc(Cl)cc2)CC1,6.37
Cc1cccc2c1C1(C34C[C@H]5C(=O)N[C@@H](Cc6ccccc6)C(=O)N5[C@H]3Nc3ccccc34)C[C@H]3C(=O)N[C@@H](Cc4ccccc4)C(=O)N3[C@H]1N2,6.36
CC(=O)N[C@@H](Cc1ccccc1)C(=O)OCc1cc(C)cc(C)c1,6.36
Cc1cc(-c2ccccc2)c(C(=O)NCc2cc(C(F)(F)F)cc(C(F)(F)F)c2)c(C)n1,6.36
CO/N=C(\CN(C)S(=O)(=O)c1cc(C(F)(F)F)cc(C(F)(F)F)c1)C(CCN1CCC(O)(c2ccccc2)CC1)c1ccc(Cl)c(Cl)c1,6.36
CCn1c(/C=C/C=C2\N(C)c3ccccc3C2(C)C)[n+](CCO)c2cc3ccccc3cc21.[Cl-],6.35
CSCC[C@@H](NC(=O)[C@H](CC(C)C)NC(=O)CNC(=O)[C@H](Cc1ccccc1)NC(=O)[C@H](Cc1ccccc1)NC(=O)[C@@H](N)CCC(N)=O)C(N)=O,6.35
CC(C)(C)OC(=O)N1CC[C@H](c2ccccc2)[C@@H](C(=O)NCc2cc(C(F)(F)F)cc(C(F)(F)F)c2)C1,6.35
CS(=O)(=O)N1CC2(CCN(C(=O)C(CCc3ccc(Cl)c(Cl)c3)NCc3ccccc3)CC2)c2ccccc21,6.34
CN1C(=O)N(Cc2cc(C(F)(F)F)cc(C(F)(F)F)c2)C2(CCN(C(=O)c3cccc4ccccc34)CC2)C1=O,6.34
COc1ccccc1CNCc1c(-c2ccccc2)c2ccccc2c(=O)n1C,6.34
CC(=O)C1(c2ccccc2)CCN(CCCC2(c3ccc(Cl)c(Cl)c3)CCCN(C(=O)c3ccccc3)C2)CC1,6.34
COc1ccccc1CNC(=O)c1c(-c2ccccc2C)c2ccccc2c(=O)n1C,6.33
CN(C)c1ccccc1CC(=O)N1C[C@@H]2C(=O)C[S+]([O-])C(c3ccccc3)(c3ccccc3)[C@@H]2C1,6.33
CC(C)N(C(C)C)C1CCC(COCc2cc(C(F)(F)F)cc(C(F)(F)F)c2)(c2ccccc2)C1,6.33
CSN1CC2(CCN(C(=O)N[C@@H](COCc3ccccc3)C(=O)N(C)Cc3ccccc3)CC2)c2ccccc21,6.32
CN1CCC(COCc2cncc(Br)c2)(c2ccccc2)CC1,6.32
Cc1cc(C)cc(COCC(N)Cc2ccccc2)c1,6.32
COc1ccccc1CN(CC(NC(=O)CN1CCN(c2ccccc2)CC1)c1ccccc1)C(C)=O,6.32
CN(Cc1ccccc1Cl)C(=O)Nc1c(-c2ccc(F)cc2)c2ccccc2c(=O)n1C,6.32
CSCC[C@H](NC(=O)[C@H](CC(C)C)NC(=O)CNC(=O)[C@@H](NC(=O)[C@H](Cc1ccccc1)NC(=O)[C@H](CCC(N)=O)NC(=O)[C@H](CCC(N)=O)NC(=O)[C@H]1CCCN1C(=O)[C@H](CCCCN)NC(=O)[C@@H]1CCCN1C(=O)[C@@H](N)CCCN=C(N)N)C(c1ccccc1)c1ccccc1)C(N)=O,6.3
O=C1C2CN(C(=O)c3sc4ccccc4c3Cl)C3(CCNCC3)C2C(=O)N1Cc1cc(C(F)(F)F)cc(C(F)(F)F)c1,6.3
CCCC[C@H](NC(=O)[C@H](CC(C)C)NC(=O)[C@H](Cc1c[nH]c2ccccc12)NC(=O)[C@H](Cc1ccccc1)NC(=O)[C@H](Cc1c[nH]c2ccccc12)NC(=O)[C@H](CC(N)=O)NC(=O)[C@H](Cc1ccccc1)NC(=O)[C@@H]1C(Cl)C(Cl)CN1C(=O)[C@H](C)NC(=O)[C@@H]1C(c2cccnc2)CCN1C(=O)[C@H](CCCCN)NC(=O)c1cccnc1)C(=O)O,6.3
CCCCCN(CCCCC)C(=O)N1CCN(C(=O)N(c2ccccc2)c2ccccc2)CC1,6.3
CS(=O)(=O)N1CC2(CCN(CCCC3(c4ccc(Cl)c(Cl)c4)CCCN(C(=O)c4ccccc4)C3)CC2)c2ccccc21,6.3
C[C@H](O)[C@@H]1NC(=O)[C@H](Cc2ccccc2)NC(=O)[C@@H](Cc2c[nH]c3ccccc23)NC(=O)[C@@H](Cc2ccccc2)NC(=O)[C@@H]2CCCN2C(=O)[C@H](Cc2ccccc2)NC1=O,6.3
CSCC[C@H](NC(=O)[C@H](CC(C)C)NC(=O)[C@@H](Cc1c[nH]c2ccccc12)NC(=O)[C@H](Cc1ccccc1)NC(=O)[C@@H](Cc1ccccc1)NC(=O)[C@H](CCCN=C(N)N)NC(=O)[C@H](CC(N)=O)NC(=O)[C@@H]1CCCN1C(=O)[C@H](CCCCNC(=O)OCc1ccccc1)NC(=O)[C@@H]1CCCN1C(=O)[C@H](CCCN=C(N)N)NC(=O)OCc1ccccc1)C(=O)O,6.3
Fc1ccc(C2NCCOC23CCC(c2cccc(C(F)(F)F)c2)CO3)cc1,6.29
CN1C(=O)C2CN(Cc3cccs3)C3(CCN(C(=O)c4cc(C(F)(F)F)cc(C(F)(F)F)c4)CC3)C2C1=O,6.29
O=C(NCc1cc(C(F)(F)F)cc(C(F)(F)F)c1)C(c1ccccc1)c1ccccc1,6.28
O=C(c1cc(O)cc(O)c1)N1CC[C@H](NCc2ccnc3ccccc23)C[C@H]1Cc1ccccc1,6.28
CC(=O)N1CCC(C(=O)N2CC[C@@H](N(C)C(=O)c3ccc(Br)cn3)[C@H](c3ccc(Cl)c(Cl)c3)C2)CC1,6.28
O=C(NCc1cc(C(F)(F)F)cc(C(F)(F)F)c1)c1c(-c2ccccc2)c2ccccc2n2cnnc12,6.27
CS(=O)(=O)N1CC2(CCN(C(=O)C(COCc3ccccc3)NCc3ccccc3Cl)CC2)c2ccccc21,6.27
Cc1cc(C)cc(C(=O)N2CC[C@@H](NCc3ccnc4ccccc34)C[C@H]2Cc2ccccc2)c1,6.27
NC(=O)[C@@H](Cc1ccccc1)NC(=O)[C@@H](N)Cc1ccccc1,6.27
CCCC[N+](CCCC)(CCCC)Cc1ccc(NC(=O)[C@H](Cc2ccc3ccccc3c2)N=C(NC2CCCCC2)NC2CCCCC2)cc1,6.27
CS(=O)(=O)N(CC1CCN(C(=O)[C@H](COCc2ccc(Cl)c(Cl)c2)NCc2ccccc2)CC1)c1ccccc1,6.26
Cc1cc(C)cc(COC(=O)[C@H](Cc2c[nH]c3ccccc23)N(C)C)c1,6.26
C[C@@H]1NC(=O)[C@@H]2CCCN2C(=O)[C@H](Cc2ccccc2)NC(=O)[C@H]([C@@H](C)O)NC(=O)[C@H](Cc2ccccc2)NC(=O)[C@@H](Cc2c[nH]c3ccccc23)NC1=O,6.26
FC(F)(F)c1cc(CN2CCNC(Cc3c[nH]c4ccccc34)C2)cc(C(F)(F)F)c1,6.25
Clc1ccccc1CN[C@H]1C2CCCN(CC2)[C@H]1C(c1ccccc1)c1ccccc1,6.25
CN(C(=O)Cc1cc(C(F)(F)F)cc(C(F)(F)F)c1)c1ccccc1-c1ccccc1,6.25
Cc1ccccc1N1CCN(C(=O)[C@H](COCc2ccc(Cl)c(Cl)c2)NCc2ccccc2)CC1,6.25
COc1ccccc1N1CCN(C(=O)CCc2c(-c3ccc(Cl)cc3)[nH]c3cc(Cl)cc(Cl)c23)CC1,6.24
O=C(c1cc(C(F)(F)F)cc(C(F)(F)F)c1)N1CCC2(CC1)NC(=O)N(CCc1c[nH]c3ccccc13)C2=O,6.24
CSCCNS(=O)(=O)c1ccc(N/N=C(\S)N2CCC[C@H]2C(=O)NC(c2ccccc2)c2ccccc2)c([N+](=O)[O-])c1,6.23
O=C(NCCCc1cc(C(F)(F)F)cc(C(F)(F)F)c1)C(c1ccccc1)c1ccccc1,6.23
CN(Cc1ccccc1)C(=O)[C@H](Cc1ccccc1)NC(=O)[C@@H]1CCCN1C(=O)NCc1ccccc1Cl,6.23
O=C([C@H](COCc1ccc(Cl)c(Cl)c1)NCc1ccccc1)N1CCC2(CCc3ccccc32)CC1,6.22
CCCCCN(CCCCC)C(=O)N1CCN(C(=O)N(c2ccccc2)c2ccccc2)[C@H](C(=O)NCC(=O)O)C1,6.22
C[C@@H](O)[C@@H]1NC(=O)[C@H](Cc2ccccc2)NC(=O)[C@@H](Cc2c[nH]c3ccccc23)NC(=O)[C@H](CO)NC(=O)[C@@H]2CCCN2C(=O)[C@H](Cc2ccccc2)NC1=O,6.22
Brc1cncc(COCC2(c3ccccc3)CCNCC2)c1,6.22
Cc1cc(C)cc(C(=O)N2CC[C@H](NCc3ccnc4ccccc34)C[C@H]2Cc2ccc(Cl)cc2Cl)c1,6.22
O=C(N[C@@H](Cc1c[nH]c2ccccc12)C(=O)OCc1ccccc1Cl)c1ccccc1,6.22
CN(Cc1cc(C(F)(F)F)cc(C(F)(F)F)c1)Cc1c(-c2ccccc2)c2ccccc2c(=O)n1C,6.22
O=C(c1cc(Cl)cc(Cl)c1)N1CC[C@H](N(Cc2ccnc3ccccc23)C(=O)C(F)(F)F)C[C@H]1Cc1ccccc1,6.22
COC(=O)[C@H](CCSC)NC(=O)[C@H](CC(C)C)NC(=O)[C@@H](Cc1c[nH]c2ccccc12)NC(=O)[C@H](Cc1ccccc1)NC(=O)[C@@H](Cc1ccccc1)NC(=O)[C@H](CCCN=C(N)N)NC(=O)[C@H](CC(N)=O)NC(=O)[C@@H]1CCCN1C(=O)[C@H](CCCCNC(=O)OCc1ccccc1)NC(=O)[C@@H]1CCCN1C(=O)[C@H](CCCN=C(N)N)NC(=O)OCc1ccccc1,6.22
CNC(c1ccccc1)C1(NCc2cc(C(F)(F)F)cc(C(F)(F)F)c2)CC1,6.21
Cc1cc(C)cc(/C(F)=C2\CCC(NC(=O)c3ccnc4ccccc34)CC2Cc2ccccc2)c1,6.21
O=C(CC(c1ccccc1)c1ccccc1)NCCCc1cc(C(F)(F)F)cc(C(F)(F)F)c1,6.21
CN1C(=O)OC2(CCN(CC[C@@H](C(=O)N(C)[C@H](C(=O)NCCN)c3ccccc3)c3ccc(Cl)c(Cl)c3)CC2)c2cc(F)ccc21.Cl,6.2
O=C1CC[C@@](CCN2CC(N3CCOCC3)C2)(c2ccc(Cl)c(Cl)c2)CN1CC1CCCCC1,6.2
COc1ccc(C(=O)N2CCC(CCN3CCC(C(N)=O)(c4ccccc4)CC3)(c3ccc(Cl)c(Cl)c3)C2)cc1,6.2
CN1C(=O)OC2(CCN(CC[C@](C)(C(=O)N[C@H](Cc3ccccc3)C(=O)NCCN)c3ccc(Cl)c(Cl)c3)CC2)c2cc(F)ccc21.Cl,6.2
O=C1CN(C(=O)NCc2cc(C(F)(F)F)cc(C(F)(F)F)c2)C(c2ccccc2)c2ccccc2N1,6.2
COc1ccc(-c2c(C)nn3c(C(F)(F)F)cc(C)nc23)c(F)c1F,6.19
CN1C(=O)N(Cc2cc(C(F)(F)F)cc(C(F)(F)F)c2)C2(CCN(C(=O)c3c(Cl)cccc3Cl)CC2)C1=O,6.19
O=C(CC1CCN(C(=O)c2cccc(C#Cc3ccccn3)c2)CC1)Nc1ccccc1F,6.19
CN(C)CCN[C@H](C(=O)NCc1cc(C(F)(F)F)cc(C(F)(F)F)c1)c1ccc(F)cc1,6.19
CN1CCCC[C@@](COCc2cc(C(F)(F)F)cc(C(F)(F)F)c2)(c2ccccc2)C1,6.18
Cc1nccc(-c2ccccc2)c1C(=O)NCc1cc(C(F)(F)F)cc(C(F)(F)F)c1,6.18
CCCC[P+](CCCC)(CCCC)Cc1ccc(NC(=O)[C@H](Cc2ccc3ccccc3c2)N=C(NC2CCCCC2)NC2CCCCC2)cc1.[Br-],6.17
Cc1cc(C)cc(CN2C(=O)OC(Cc3c[nH]c4ccccc34)C2=O)c1,6.17
CCn1c(/C=C/C=C2\Sc3ccccc3N2C)[n+](CC)c2nc3ccccc3nc21.[Cl-],6.16
c1ccc(CCN[C@H]2C3CCN(CC3)[C@H]2C(c2ccccc2)c2ccccc2)cc1,6.16
Cc1c(C(=O)NCc2cc(C(F)(F)F)cc(C(F)(F)F)c2)c(-c2ccccc2)cc2nncn12,6.16
O=C(c1ccc2ccccc2c1)N1CC[C@H](NCc2ccnc3ccccc23)C[C@H]1Cc1ccccc1,6.16
Cc1ccccc1CN[C@@H]1C2CCN(CC2)[C@@H]1C(c1ccccc1)c1ccccc1,6.16
CN1CCC(COCc2cc(C(F)(F)F)ccn2)(c2ccc(F)cc2)CC1,6.16
COc1ccccc1CN[C@@H]1C2CCN(CC2)[C@H]1c1ccccc1,6.16
Cc1cc(C)cc(/C(F)=C2/CCC(NC(=O)c3ccnc4ccccc34)CC2Cc2ccccc2)c1,6.15
FC(F)(F)c1ccc(COCC2(c3ccccc3)CCNCC2)cc1,6.14
CN(Cc1cc(C(F)(F)F)cc(C(F)(F)F)c1)Cc1ccccc1-c1ccccc1,6.14
Cc1cc(O)cc(C)c1CC(N)C(=O)NC(CCCNC(=N)N)C(=O)NC(Cc1ccccc1)C(=O)N(C)CC(=O)N(C)Cc1cc(C(F)(F)F)cc(C(F)(F)F)c1,6.13
FC(F)(F)c1ccccc1CN[C@@H]1C2CCN(CC2)[C@@H]1C(c1ccccc1)c1ccccc1,6.13
O=C1CCC(CCCN2CCC(n3c(=O)[nH]c4ccccc43)CC2)(c2ccc(Cl)c(Cl)c2)CN1Cc1ccccc1,6.13
Cc1cc(O)cc(C)c1C[C@H](N)C(=O)N[C@H](CCCNC(=N)N)C(=O)N[C@H]1Cc2ccccc2CN(CCC(=O)N(Cc2cc(C(F)(F)F)cc(C(F)(F)F)c2)CC(C)C)C1=O,6.13
CC(=O)NC1(C(=O)OCc2cc(C(F)(F)F)cc(C(F)(F)F)c2)CCc2[nH]c3ccccc3c2C1,6.12
CCNc1cc(C(F)(F)F)cc(COCC2(c3ccc(F)cc3)CCN(C)CC2)n1,6.12
CC(=O)N[C@H](COCc1cc(C)cc(C)c1)Cc1c[nH]c2ccccc12,6.12
CC(=O)NC(Cc1c[nH]c2ccccc12)C(=O)N(C)Cc1ccccc1,6.12
COc1cccc(COC(=O)[C@H](Cc2c[nH]c3ccccc23)NC(=O)c2ccccc2)c1,6.12
CS(=O)(=O)N1CC2(CCN(CCCC3(c4ccc(Cl)c(Cl)c4)CCC(=O)N(Cc4ccccc4)C3)CC2)c2ccccc21,6.12
COc1cc(CNC(=O)c2c(-c3ccccc3)c3ccccc3n3nnnc23)cc(OC)c1,6.11
CN(Cc1ccccc1)C(=O)[C@@H](Cc1ccc2ccccc2c1)NC(=O)[C@H]1CCCN1/C(S)=N/c1ccccc1[N+](=O)[O-],6.1
CCn1c2[n+](c3cc4ccccc4cc31)CCC2=C/C=C1\N(C)c2ccccc2C1(C)C.[I-],6.1
COc1ccccc1C(=O)N1CC2C(=O)N(C)C(=O)C2C12CCN(C(=O)c1cc(C(F)(F)F)cc(C(F)(F)F)c1)CC2,6.1
O=C(Cc1cc(C(F)(F)F)cc(C(F)(F)F)c1)N[C@H](C(=O)NCCN1CCOCC1)c1ccccc1,6.1
CSCC[C@@H]1NC(=O)[C@H](CC(C)C)NC(=O)[C@@H]2CNC(=O)C[C@H](NC1=O)C(=O)N[C@@H](Cc1c[nH]c3ccccc13)C(=O)N[C@@H](Cc1ccccc1)C(=O)N2,6.1
CN(Cc1cc(C(F)(F)F)cc(C(F)(F)F)c1)C(=O)N1CC(=O)Nc2ccccc2C1CN1CCOCC1,6.1
CN1CCN(c2cc(C(F)(F)F)cc(COCC3(c4ccccc4)CCNCC3)n2)CC1,6.1
COc1ccccc1CN(C)Cc1c(-c2ccccc2)c2cc(C)c(C)cc2c(=O)n1C,6.1
CN(Cc1ccccc1)C(=O)[C@@H](Cc1ccc(Cl)c(Cl)c1)NC(=O)[C@H]1CCCN1C(=O)Nc1ccccc1[N+](=O)[O-],6.09
O=C(NC(c1ccccc1)c1ccccc1)[C@@H]1CCCN1/C(S)=N/Nc1ccccc1[N+](=O)[O-],6.08
C[C@@H](O[C@H]1OC[C@H](O)[C@H](O)[C@H]1OCc1ccc(F)cc1)c1cc(C(F)(F)F)cc(C(F)(F)F)c1,6.08
CCOc1ccc(CCNC(=O)N2CCN(CCCC(c3ccc(F)cc3)c3ccc(F)cc3)CC2)cc1,6.08
Cc1cccc(NC(=O)Nc2c(-c3ccccc3)c3cc(C)c(C)cc3c(=O)n2C)c1,6.08
COc1ccccc1CNC(=O)c1c(-c2ccccc2)c2ccccc2c(=O)n1C,6.07
N=C(N)NCc1ccc(NC(=O)[C@@H](Cc2ccc3ccccc3c2)N=C(NC2CCCCC2)NC2CCCCC2)cc1,6.07
CCn1c(/C=C/C=C2\C3C=CCc4cccc(c43)N2C)[n+](CC)c2nc3ccccc3nc21.[Cl-],6.07
CCOC(=O)CCC[n+]1c(/C=C/C=C2/N(C)c3ccccc3C2(C)C)n(CC)c2nc3ccccc3nc21.[Cl-],6.07
COc1ccccc1C(CNC(=O)Cc1ccc(Cl)cc1)N1CCN(C2CCCCC2)CC1,6.07
FC(F)(F)c1cc(CN2CC[C@H](NCc3ccnc4ccccc34)C[C@H]2Cc2ccccc2)cc(C(F)(F)F)c1,6.06
CS(=O)(=O)N1CC2(CCN(C(=O)C(COCc3ccccc3)NCc3c(Cl)cccc3Cl)CC2)c2ccccc21,6.05
Fc1ccc([C@@H]2CCNC[C@H]2COc2ccc3c(c2)OCO3)cc1,6.05
O=C1CCC(CCCN2CCC3(CC2)CN(c2ccccc2)NC3=O)(c2ccc(Cl)c(Cl)c2)CN1Cc1ccccc1,6.05
FC(F)(F)c1cc(CO[C@H]2CCCO[C@H]2c2ccccc2)cc(C(F)(F)F)c1,6.05
Clc1cncc(Cl)c1N/N=C/c1ccccc1-c1ccccc1,6.03
CCCCCN(CCCCC)C(=O)N1CCN(C(=O)N(c2ccccc2)c2ccccc2)[C@H](C(=O)N(C)CCN(C)C)C1,6.03
COc1ccccc1N1CCN(C(=O)CCc2c(-c3ccc(Cl)cc3)[nH]c3cccc(Cl)c23)CC1,6.02
N#Cc1ccc(COC2C3CCN(CC3)C2C(c2ccccc2)c2ccccc2)cc1,6.02
O=C(CC1CCN(C(=O)c2cccc(C#Cc3ccccn3)c2)CC1)Nc1ccc(F)cc1,6.0
CN(Cc1ccccc1)C(=O)N1CC(=O)Nc2ccccc2C1c1ccccc1,6.0
CC(C)[C@@H]1NC(=O)[C@H](CCCCN)NC(=O)[C@@H](Cc2c[nH]c3ccccc23)NC(=O)[C@H](Cc2ccc(O)cc2)NC(=O)[C@H](C)N(C)C(=O)[C@H](Cc2ccccc2)NC1=O,6.0
C[C@H](O)[C@@H]1NC(=O)[C@H](CCCCN)NC(=O)[C@@H](Cc2c[nH]c3ccccc23)NC(=O)[C@H](Cc2ccccc2)NC(=O)[C@@H]2CCCN2C(=O)[C@H](Cc2ccccc2)NC1=O,6.0
O=C(Cc1ccccc1)NC1CCN(CCCN2C(=O)COc3ccccc32)CC1,6.0
O=C(Nc1ccccc1)N[C@H]1C2CCN(CC2)[C@H]1C(c1ccccc1)c1ccccc1,6.0
O=C(N[C@H]1C2CCN(CC2)[C@H]1C(c1ccccc1)c1ccccc1)Oc1ccccc1,6.0
O=C(N[C@H]1C2CCN(CC2)[C@H]1C(c1ccccc1)c1ccccc1)c1ccccc1,6.0
O=C(Nc1ccccc1)O[C@H]1C2CCN(CC2)[C@H]1C(c1ccccc1)c1ccccc1,6.0
CCCCC1CCN(CCCC(=O)c2ccccc2C)CC1,6.0
O=C(O[C@H]1C2CCN(CC2)[C@H]1C(c1ccccc1)c1ccccc1)c1ccccc1,6.0
Fc1ccccc1CN[C@@H]1C2CCN(CC2)[C@@H]1C(c1ccccc1)c1ccccc1,6.0
CN1CCN(Cc2nc3ccccc3c(-c3ccccc3)c2C(=O)NCc2cc(C(F)(F)F)cc(C(F)(F)F)c2)CC1,6.0
COc1ccccc1CN[C@H]1CCCN[C@@]12CCc1ccccc12,6.0
CN(Cc1ccccc1)C(=O)[C@H](Cc1ccccc1)NC(=O)[C@@H]1CCCN1/C(S)=N/Cc1ccccc1,6.0
S=C(Nc1ccccc1)N[C@H]1C2CCN(CC2)[C@H]1C(c1ccccc1)c1ccccc1,6.0
O=C(NCc1cc(C(F)(F)F)cc(C(F)(F)F)c1)c1c(CN2C(=O)c3ccccc3C2=O)nc2ccccc2c1-c1ccccc1,6.0
C[C@@H](NC(=O)[C@@H](N)Cc1ccc(O)cc1)C(=O)N[C@@H](Cc1ccccc1)c1nc(CN[C@@H](Cc2ccc(O)cc2)C(=O)N2CCC[C@H]2C(=O)N[C@@H](CO)C(N)=O)no1,6.0
C[C@@H](NC(=O)[C@@H](N)Cc1ccc(O)cc1)C(=O)N[C@@H](Cc1ccccc1)c1nnc(N[C@@H](Cc2ccc(O)cc2)C(=O)N2CCC[C@H]2C(=O)N[C@@H](CO)C(N)=O)o1,6.0
C[C@@H](NC(=O)[C@@H](N)Cc1ccc(O)cc1)C(=O)N[C@@H](Cc1ccccc1)C(=O)NCC(=O)N[C@@H](Cc1ccc(O)cc1)C(=O)N1CCC[C@H]1C(=O)N[C@@H](CO)C(N)=O,6.0
COc1ccccc1CN[C@@H]1C2CCN(CC2)[C@@H]1Cc1ccccc1,6.0
O=S(=O)(N[C@H]1C2CCN(CC2)[C@H]1C(c1ccccc1)c1ccccc1)c1ccccc1,6.0
CN(Cc1ccccc1)C(=O)[C@@H](Cc1ccccc1)NC(=O)[C@H]1CCCN1/C(S)=N/c1ccccc1Br,6.0
COc1cc(CC(=O)N2CCN(C(=O)CNC3CCN(Cc4ccccc4)CC3)C(c3ccc(Cl)c(Cl)c3)C2)cc(OC)c1OC,6.0
O=C(c1cc(O)cc(O)c1)N1CCN(C(=O)CNC2CCN(Cc3ccccc3)CC2)C(c2ccc(Cl)c(Cl)c2)C1,6.0
CSCC[C@H](N)C(=O)N[C@@H](CC(C)C)C(=O)c1n[nH]c([C@H](Cc2ccccc2)NC(=O)[C@H](Cc2ccccc2)NC(=O)[C@H](CCC(N)=O)NC(=O)[C@H](CCC(N)=O)NC(=O)[C@@H]2CCCN2C(=O)[C@H](CCCCN)NC(=O)[C@@H]2CCCN2C(=O)[C@@H](N)CCCN=C(N)N)n1,6.0
CSCC[C@H](N)C(=O)N[C@@H](CC(C)C)C(=O)c1noc([C@H](Cc2ccccc2)NC(=O)[C@H](Cc2ccccc2)NC(=O)[C@H](CCC(N)=O)NC(=O)[C@H](CCC(N)=O)NC(=O)[C@@H]2CCCN2C(=O)[C@H](CCCCN)NC(=O)[C@@H]2CCCN2C(=O)[C@@H](N)CCCN=C(N)N)n1,6.0
CSCC[C@H](N)C(=O)N[C@@H](CC(C)C)C(=O)Cc1n[nH]c([C@H](Cc2ccccc2)NC(=O)[C@H](Cc2ccccc2)NC(=O)[C@H](CCC(N)=O)NC(=O)[C@H](CCC(N)=O)NC(=O)[C@@H]2CCCN2C(=O)[C@H](CCCCN)NC(=O)[C@@H]2CCCN2C(=O)[C@@H](N)CCCN=C(N)N)n1,6.0
C[C@@H](NC(=O)[C@@H](N)Cc1ccc(O)cc1)C(=O)N[C@@H](Cc1ccccc1)c1nc(N[C@@H](Cc2ccc(O)cc2)C(=O)N2CCC[C@H]2C(=O)N[C@@H](CO)C(N)=O)no1,6.0
CC(C)(C)OC(=O)N[C@@H](Cc1ccccc1)c1nc(CCO)no1,6.0
Cc1cc(C)cc(C(=O)N2C3C=C(c4ccccc4)C2CC(NCc2ccnc4ccccc24)C3)c1,6.0
C[C@@H](NC(=O)[C@@H](N)Cc1ccc(O)cc1)C(=O)N[C@@H](Cc1ccccc1)c1n[nH]c(CN[C@@H](Cc2ccc(O)cc2)C(=O)N2CCC[C@H]2C(=O)N[C@@H](CO)C(N)=O)n1,6.0
CSCC[C@H](N)C(=O)N[C@@H](CC(C)C)C(=O)c1nnc([C@H](Cc2ccccc2)NC(=O)[C@H](Cc2ccccc2)NC(=O)[C@H](CCC(N)=O)NC(=O)[C@H](CCC(N)=O)NC(=O)[C@@H]2CCCN2C(=O)[C@H](CCCCN)NC(=O)[C@@H]2CCCN2C(=O)[C@@H](N)CCCN=C(N)N)o1,6.0
CN(Cc1ccccc1)C(=O)[C@H](Cc1ccc2ccccc2c1)NC(=O)[C@@H]1CCCN1C(=O)Nc1ccc([N+](=O)[O-])cc1,6.0
CCOC(=O)Cc1n[nH]c([C@H](Cc2ccccc2)NC(=O)OC(C)(C)C)n1,6.0
C[C@@H](NC(=O)[C@@H](N)Cc1ccc(O)cc1)C(=O)N[C@@H](Cc1ccccc1)c1n[nH]c(N[C@@H](Cc2ccc(O)cc2)C(=O)N2CCC[C@H]2C(=O)N[C@@H](CO)C(N)=O)n1,6.0
C[C@@H](NC(=O)[C@@H](N)Cc1ccc(O)cc1)C(=O)NCC(=O)N(C)[C@@H](Cc1ccccc1)C(=O)NCCO,6.0
C[C@@H](NC(=O)[C@@H](N)Cc1ccc(O)cc1)C(=O)N[C@@H](Cc1ccccc1)c1nnc(CN[C@@H](Cc2ccc(O)cc2)C(=O)N2CCC[C@H]2C(=O)N[C@@H](CO)C(N)=O)o1,6.0
CC1c2ccccc2N(C)C(=O)CN1C(=O)N(C)Cc1cc(C(F)(F)F)cc(C(F)(F)F)c1,6.0
c1ccc([C@H]2NCCC[C@]23CC[C@H](c2ccccc2)N3)cc1,6.0
COC(=O)N(NC(=O)c1c(OC)c(-c2ccccc2)nc2ccccc12)c1ccccc1,6.0
CCn1c(/C=C/C=C2/N(CCO)c3ccccc3C2(C)C)[n+](CC)c2nc3ccccc3nc21,6.0
COC(=O)N(NC(=O)c1c(CN2CCN(C(C)(C)C)CC2)c(-c2ccccc2)nc2c(F)cccc12)c1ccccc1,6.0
Cc1cc(C)cc(CN(C)C(=O)[C@H](Cc2c[nH]c3ccccc23)NC(=O)c2ccccc2)c1,5.99
Cc1cc(O)cc(C)c1C[C@H](N)C(=O)N[C@H](CCCNC(=N)N)C(=O)N[C@H]1Cc2ccccc2CN(CC(=O)N(Cc2ccccc2)CC(C)C)C1=O,5.99
CC(=O)C1(c2ccccc2)CCN(CCCC2(c3ccc(Cl)c(Cl)c3)CCC(=O)N(Cc3ccccc3)C2)CC1,5.99
O=C(c1ccccc1Cl)N1CC[C@H](NCc2ccnc3ccccc23)C[C@H]1Cc1ccccc1,5.98
O=C(N[C@@H](Cc1c[nH]c2ccccc12)C(=O)OCc1cccc(Cl)c1)c1ccccc1,5.98
C[C@@H](O)[C@@H]1NC(=O)[C@H](Cc2ccc(O)cc2)NC(=O)[C@@H](Cc2c[nH]c3ccccc23)NC(=O)[C@H](Cc2ccccc2)NC(=O)[C@@H]2CCCN2C(=O)[C@H](Cc2ccccc2)NC1=O,5.98
CCCCCN(CCCCC)C(=O)N1CCN(C(=O)N(c2ccccc2)c2ccccc2)[C@H](C(=O)N(C)CCN(C)Cc2cc(C(F)(F)F)cc(C(F)(F)F)c2)C1,5.97
CC(=O)N1CCC2(CC1)C1C(=O)N(c3ccccc3)C(=O)C1CN2C(=O)c1cc(C(F)(F)F)cc(C(F)(F)F)c1,5.97
c1ccc(COCC2(c3ccccc3)CCNCC2)cc1,5.96
CN(C(=O)c1ccc(C(F)(F)F)cn1)[C@@H]1CCN(C(=O)C2CCN(C(=O)CO)CC2)C[C@H]1c1ccc(Cl)c(Cl)c1,5.96
CCn1c(/C=C/C=C2/N(C)c3ccccc3C2(C)C)[n+](CC)c2nc3cc(Cl)c(Cl)cc3nc21.[Cl-],5.96
C[C@@H](O[C@H]1O[C@H](CO)[C@H](O)[C@H](O)[C@H]1OCc1ccc(F)cc1)c1cc(C(F)(F)F)cc(C(F)(F)F)c1,5.96
COC(=O)c1ccc(COC(=O)N[C@](C)(Cc2c[nH]c3ccccc23)C(=O)N[C@@H](C)c2ccccc2)cc1,5.96
FC(F)(F)c1ccccc1CNC1C2CC3CCC(C2)N3[C@H]1C(c1ccccc1)c1ccccc1,5.96
N=C(N)NCc1ccc(NC(=O)[C@H](Cc2ccc3ccccc3c2)N=C(NC2CCCCC2)NC2CCCCC2)cc1,5.96
CSN1CC2(CCN(C(=O)N[C@@H](CCc3ccccc3)C(=O)N(C)Cc3ccccc3)CC2)c2ccccc21,5.96
COc1ccc(COC2C3CCN(CC3)C2C(c2ccccc2)c2ccccc2)cc1,5.95
FC(F)(F)c1cc(CC[C@H]2OCCN[C@@H]2c2ccccc2)cc(C(F)(F)F)c1,5.95
Cc1cc(C)cc(COCC(N)Cc2cccc3ccccc23)c1,5.94
CSCC[C@@H](NC(=O)[C@H](CC(C)C)NC(=O)CNC(=O)[C@@H]1Cc2ccccc2CN1C(=O)[C@H](Cc1ccccc1)NC(=O)[C@H](CCC(N)=O)NC(=O)[C@H](CCC(N)=O)NC(=O)[C@@H]1CCCN1C(=O)[C@H](CCCCN)NC(=O)[C@@H]1CCCN1C(=O)[C@@H](N)CCCN=C(N)N)C(N)=O,5.92
C#C[C@]1(O)CC[C@H]2[C@@H]3CC[C@H]4Cc5nc6nc7ccccc7c(=O)n6cc5C[C@]4(C)[C@H]3CC[C@@]21C,5.92
CC[C@H](C)[C@H](NC(=O)CNC(=O)[C@@H]1Cc2ccccc2CN1C(=O)[C@H](Cc1ccccc1)NC(=O)[C@H](CCC(N)=O)NC(=O)[C@H](CCC(=O)O)NC(=O)[C@H](CCCCN)NC(=O)[C@@H]1CCCN1C(=O)[C@@H](N)CCCNC(=N)N)C(=O)N[C@@H](CCSC)C(=O)O,5.92
O=C(NCc1cc(C(F)(F)F)cc(C(F)(F)F)c1)c1c(-c2ccccc2)c2ccccc2n2ccnc12,5.91
O=C(COc1cc(F)cc(F)c1)N(c1ccc(Cl)c(Cl)c1)C1CCNCC1,5.9
CN(Cc1ccccc1)C[C@H](Cc1ccc2ccccc2c1)NC(=O)[C@@H]1CCCC[C@@H]1NC(=O)c1c[nH]c2ccccc12.Cl,5.9
O=C(NC(c1ccccc1)c1ccccc1)[C@@H]1CCCN1/C(S)=N/Cc1ccccc1F,5.9
COc1nc(NCCCN2CCOCC2)nc(OC)c1NC(=O)c1ccc(Oc2cc3c(cc2C)CCC3(C)C)o1,5.9
C[C@@H]1c2nnc(-c3csc(-c4ccc(F)cc4F)n3)n2CCN1C(=O)c1ccc(-c2cccs2)cc1,5.9
CCCC[P+](CCCC)(CCCC)Cc1ccc(NC(=O)[C@H](Cc2ccc3ccccc3c2)NC(=O)NC2CCCCC2)cc1.[Br-],5.89
CCN1/C(=C\C=C2/CCC[n+]3c2n(CC)c2cc4ccccc4cc23)Sc2ccccc21.[I-],5.89
NCc1ccc(NC(=O)[C@H](Cc2ccc3ccccc3c2)N=C(NC2CCCCC2)NC2CCCCC2)cc1,5.89
CSCC[C@H](NC(=O)[C@H](CC(C)C)NC(=O)CNC(=O)[C@H](Cc1ccccc1)NC(=O)[C@@H](NC(=O)[C@H](CCC(N)=O)NC(=O)[C@H](CCC(N)=O)NC(=O)[C@H]1CCCN1C(=O)[C@H](CCCCN)NC(=O)[C@@H]1CCCN1C(=O)[C@@H](N)CCCN=C(N)N)C(c1ccccc1)c1ccccc1)C(N)=O,5.89
CS(=O)(=O)N1CC2(CCN(C(=O)[C@H](COCc3cc(C(F)(F)F)cc(C(F)(F)F)c3)NC(=O)c3ccc(Cl)c(Cl)c3)CC2)c2ccccc21,5.89
CCn1c(/C=C/C=C2/N(C)c3ccccc3C2(C)C)[n+](CCCN(C)C)c2nc3ccccc3nc21,5.89
COc1ccccc1C/N=C(\S)N1CCC[C@H]1C(=O)N[C@H](Cc1ccccc1)C(=O)N(C)Cc1ccccc1,5.89
CC(C)(C(=O)Nc1ccccc1-c1ccccc1)c1cc(C(F)(F)F)cc(C(F)(F)F)c1,5.86
O=C(c1ccc(Cl)cc1)N1CC[C@H](NCc2ccnc3ccccc23)C[C@H]1Cc1ccccc1,5.86
C[C@@H](O)[C@@H]1NC(=O)[C@H](Cc2ccccc2)NC(=O)[C@@H](Cc2c[nH]c3ccccc23)NC(=O)[C@H](CC(=O)O)NC(=O)[C@@H]2CCCN2C(=O)[C@H](Cc2ccccc2)NC1=O,5.86
O=C(c1ccccc1)N1CC[C@H](NCc2ccnc3ccccc23)C[C@H]1Cc1ccccc1,5.86
COc1cccc([C@H]2[C@H](NCc3ccccc3OC)C3CCN2CC3)c1,5.85
CC(NC(=O)[C@@](C)(Cc1cc2ccccc2[nH]1)NC(=O)OC(c1ccccc1)C(C)C)c1ccccc1,5.85
CCn1c(/C=C/C=C2/N(C)c3ccccc3C2(C)C)[n+](CCCC(=O)O)c2nc3ccccc3nc21.[Cl-],5.85
CSCC[C@H](NC(=O)[C@H](CC(C)C)NC(=O)CNC(=O)[C@H](Cc1ccccc1)NC(=O)[C@@H](NC(=O)[C@H](CCC(N)=O)NC(=O)[C@H](CCC(N)=O)NC(=O)[C@H]1CCCN1C(=O)[C@H](CCCCN)NC(=O)[C@@H]1CCCN1C(=O)[C@@H](N)CCCN=C(N)N)C1c2ccccc2-c2ccccc21)C(N)=O,5.85
C[C@H](NC(=O)[C@H](Cc1ccccc1)NC(=O)[C@@H]1CCCN1C(=O)[C@@H](N)Cc1ccc(O)cc1)C(N)=O,5.84
Cc1cc(C)cc(CNC(=O)[C@H](Cc2c[nH]c3ccccc23)NC(=O)c2ccccc2)c1,5.83
CN1C(=O)N(Cc2cc(C(F)(F)F)cc(C(F)(F)F)c2)C2(CCN(C(=O)c3ccccc3F)CC2)C1=O,5.83
Cc1cc(O)cc(C)c1C[C@H](N)C(=O)N[C@H](CCCNC(=N)N)C(=O)N[C@H]1Cc2ccccc2CN(CC(=O)N(C)Cc2ccccc2)C1=O,5.82
CN(Cc1ccccc1)C(=O)Nc1c(-c2ccc(F)cc2)c2ccccc2c(=O)n1C,5.82
FC(F)(F)c1cc(CC[C@@H]2OCCN[C@@H]2c2ccccc2)cc(C(F)(F)F)c1,5.82
NC(N)=NCCC[C@H](N)C(=O)NCc1ccc(NC(=O)[C@H](Cc2ccc3ccccc3c2)N=C(NC2CCCCC2)NC2CCCCC2)cc1,5.82
O=C(Cc1cc(C(F)(F)F)cc(C(F)(F)F)c1)N1CCCCC1C(CN1CCC(N2CCCCC2)CC1)c1ccccc1,5.82
Cc1cc(C)cc(COC(=O)[C@@H](N)Cc2c[nH]c3ccccc23)c1,5.81
O=C(NC(c1ccccc1)c1ccccc1)[C@@H]1CCCN1/C(S)=N/Cc1ccccc1[N+](=O)[O-],5.81
Cc1cc(C)cc(COC(=O)[C@H](N)Cc2c[nH]c3ccccc23)c1,5.81
C[C@H](NC(=O)[C@@](C)(Cc1c[nH]c2ccccc12)NC(=O)OCc1cccc(NC(=O)CCl)c1)c1ccccc1,5.8
COc1ccccc1N1CCN(C(=O)c2cc(-c3ccc(Cl)cc3)n(C)n2)CC1,5.8
O=C(NC1(C(=O)N[C@@H](Cc2ccc3ccccc3c2)c2nnnn2Cc2ccccc2)CCCCC1)c1c[nH]c2ccccc12,5.8
CCn1c(/C=C/C=C2\SCCN2C)[n+](CC)c2nc3ccccc3nc21,5.8
C#C[C@]1(O)CCC2C3CC[C@H]4Cc5nc6nccn6cc5C[C@]4(C)C3CC[C@@]21C,5.8
CCN1C(=O)c2ccccc2[C@H]1[C@@H](CCN1CCC(c2ccccc2[S@+](C)[O-])CC1)c1ccc(Cl)c(Cl)c1,5.79
Cc1ccc(-c2c(C(=O)N(C)[C@@H](C)c3ccccc3)n(C)c(=O)c3ncccc23)cc1,5.77
O=C(NC(c1ccccc1)c1ccccc1)[C@@H]1CCCN1C(=S)NCc1ccccc1Br,5.77
FC(F)(F)c1cc(COCC2(c3ccccc3)CCCCC2)cc(C(F)(F)F)c1,5.77
COc1ccc(N2CN(CC(=O)N3CCC4(CC3)C(=O)N(C)C(=O)N4Cc3cc(C(F)(F)F)cc(C(F)(F)F)c3)CC2=O)cc1OC,5.77
COc1ccccc1N1CCN(C(=O)c2cc(-c3ccc(Cl)cc3)n[nH]2)CC1,5.75
CC/N=C(\NCC)NCc1ccc(NC(=O)[C@H](Cc2ccc3ccccc3c2)N=C(NC2CCCCC2)NC2CCCCC2)cc1,5.75
COc1ccccc1CN1CCN(C(=O)c2cc(-c3ccc(Cl)cc3)n[nH]2)CC1,5.72
Clc1ccc(CN[C@H]2C3CCN(CC3)[C@H]2C(c2ccccc2)c2ccccc2)cc1,5.72
CCn1c(/C=C/C=C2/N(C)c3ccccc3C2(C)C)[n+](CC(N)=O)c2nc3ccccc3nc21.[Cl-],5.7
CSCC[C@H](NC(=O)[C@H](CC(C)C)NC(=O)CNC(=O)[C@H](Cc1ccccc1)NC(=O)[C@H](Cc1ccccc1)NC(=O)Cc1ccc(Nc2ncnc3c2ncn3[C@@H]2O[C@H](CO)[C@@H](O)[C@H]2O)cc1)C(N)=O,5.7
CCn1c(/C=C/C=c2/c3cccc4cccc(c43)n2C)[n+](CC)c2cc3ccccc3cc21.[Cl-],5.7
Cc1c(C2(c3ccc(C(F)(F)F)c(C#N)c3)CC2)c[nH]c1C(=O)NC(C)c1nc[nH]n1,5.7
O=C(N[C@H]1CCCC[C@H]1C(=O)N[C@@H](Cc1ccccc1)C(=O)NCc1ccccc1)c1c[nH]c2ccccc12,5.7
c1ccc(CN[C@@H]2C3CCN(CC3)[C@@H]2C(c2ccccc2)c2ccccc2)cc1,5.7
CS(=O)(=O)N1CC2(CCN(C(=O)C(N)COCc3ccccc3)CC2)c2ccccc21,5.7
CCCCCCCCN1C(=O)NC2(CCN(C(=O)c3cc(C(F)(F)F)cc(C(F)(F)F)c3)CC2)C1=O,5.69
C[C@H](NC(=O)[C@@](C)(Cc1c[nH]c2ccccc12)NC(=O)OCc1c2ccccc2cc2ccccc12)c1ccccc1,5.68
O=C(N[C@@H](Cc1c[nH]c2ccccc12)C(=O)OCc1ccc(C(F)(F)F)cc1)c1ccccc1,5.67
COc1ccc(CC(=O)NCC(c2ccccc2OC)N2CCN(C3CCCCC3)CC2)cc1,5.66
CC(C)[C@H](OC(=O)N[C@](C)(Cc1ccccc1F)C(=O)NCCCCCCCNC(N)=O)c1ccccc1,5.66
COc1ccccc1N1CCN(C(=O)c2cc(-c3ccc(Cl)cc3)nn2C)CC1,5.66
NC(=O)[C@H](Cc1ccccc1)NC(=O)[C@@H](N)c1ccccc1,5.65
COc1cc(CNC(=O)CC(c2ccccc2)c2ccccc2)cc(OC)c1,5.65
O=C1C2CN(C(=O)COCc3ccccc3)C3(CCNCC3)C2C(=O)N1Cc1cc(C(F)(F)F)cc(C(F)(F)F)c1,5.64
CSCC[C@H](NC(=O)[C@H](CC(C)C)NC(=O)CNC(=O)[C@H](Cc1ccccc1)NC(=O)[C@@H](NC(=O)[C@H](CCC(N)=O)NC(=O)[C@H](CCC(N)=O)NC(=O)[C@H]1CCCN1C(=O)[C@H](CCCCN)NC(=O)[C@@H]1CCCN1C(=O)[C@@H](N)CCCN=C(N)N)C1Cc2ccccc2C1)C(N)=O,5.64
Cc1cc(C)cc(C(=O)N2CCC(NCc3ccnc4ccccc34)CC2[C@@H](C)c2ccccc2)c1,5.64
Cc1cc(C)cc(COCC(N)Cc2ccc3ccccc3c2)c1,5.63
Cc1cc(C)cc(COCC(N)Cc2c[nH]c3ccccc23)c1,5.63
Cc1cc(C)cc(COC[C@@H](N)Cc2c[nH]c3ccccc23)c1,5.63
CC(=O)N1CCC2(CC1)C1C(=O)N(Cc3cc(C(F)(F)F)cc(C(F)(F)F)c3)C(=O)C1CN2C(=O)COCc1ccccc1,5.63
Cc1cc(C)cc(COC[C@@H](N)Cc2ccc3ccccc3c2)c1,5.63
COc1ccccc1C(CNC(=O)Cc1ccccc1)N1CCN(C2CCCCC2)CC1,5.62
O=C(NCCc1ccccc1)C1(Cc2ccccc2)CCc2ccc(Cc3ccccc3)cc21,5.62
CSCC[C@H](NC(=O)[C@H](CC(C)C)NC(=O)CNC(=O)[C@H](Cc1ccccc1)NC(=O)[C@@H]1Cc2ccccc2CN1C(=O)[C@H](CCC(N)=O)NC(=O)[C@H](CCC(N)=O)NC(=O)[C@@H]1CCCN1C(=O)[C@H](CCCCN)NC(=O)[C@@H]1CCCN1C(=O)[C@@H](N)CCCN=C(N)N)C(N)=O,5.62
CC[C@H](C)[C@H](NC(=O)CNC(=O)[C@H](Cc1ccccc1)NC(=O)[C@@H]1Cc2ccccc2CN1C(=O)[C@H](CCC(N)=O)NC(=O)[C@H](CCC(=O)O)NC(=O)[C@H](CCCCN)NC(=O)[C@@H]1CCCN1C(=O)[C@@H](N)CCCNC(=N)N)C(=O)N[C@@H](CCSC)C(=O)O,5.62
COC(=O)CCC(C)[C@H]1CCC2C3C(C[C@H](O)[C@@]21C)[C@@]1(C)Cc2cn4c(nc2CC1C[C@H]3O)nc1ccccc14,5.6020599913279625
CN(CCc1ccccc1)C(=O)[C@H](Cc1ccccc1)NC(=O)[C@@H]1CCCN1/C(S)=N/Cc1ccccc1Cl,5.6
Cc1cc(C)cc(COC[C@H](N)c2ccccc2)c1,5.6
CCC(C)Cc1cc(CC2NC(=O)CNC(=O)[C@H](C(C)C)NC(=O)CNC(=O)[C@@H]3CCCN3C(=O)[C@@H](Cc3c[nH]c4ccccc34)NC(=O)CNC2=O)ccc1OC,5.6
CS(=O)(=O)N1CCC2(CCN(C(=O)[C@H](COCc3ccc(Cl)c(Cl)c3)NCc3ccccc3)CC2)C1,5.6
CSCC[C@@H](NC(=O)[C@H](CC(C)C)NC(=O)[C@@H]1CCCN1C(=O)[C@@H](NC(=O)[C@H](Cc1ccccc1)NC(=O)[C@H](CCC(N)=O)NC(=O)[C@H](CCC(N)=O)NC(=O)[C@@H]1CCCN1C(=O)[C@H](CCCCN)NC(=O)[C@@H]1CCCN1C(=O)[C@@H](N)CCCN=C(N)N)C(c1ccccc1)c1ccccc1)C(N)=O,5.6
O=C1CO[C@@H](/C=C/c2cc(C(F)(F)F)cc(C(F)(F)F)c2)[C@@H](c2ccccc2)N1,5.6
CC(C)(C(=O)N[C@@H](C(=O)NCCN1CCOCC1)c1ccccc1)c1cc(C(F)(F)F)cc(C(F)(F)F)c1,5.6
CC(C)(C(=O)N[C@@H](C(=O)N1CCOCC1)c1ccccc1)c1cc(C(F)(F)F)cc(C(F)(F)F)c1,5.6
CCn1c(/C=C/C=C2/N(CC(=O)N(C)C)c3ccccc3C2(C)C)[n+](CC)c2nc3ccccc3nc21.[Cl-],5.58
FC(F)(F)c1cc(CO[C@H]2CCCC[C@H]2c2ccccc2)cc(C(F)(F)F)c1,5.58
CSCCC[C@H](NC(=O)[C@H](CCC(N)=O)NC(=O)[C@H](CCC(N)=O)NC(=O)[C@H]1CCCN1C(=O)[C@H](CCCCN)NC(=O)[C@@H]1CCCN1C(=O)[C@@H](N)CCCN=C(N)N)C(=O)N[C@@H](Cc1ccccc1)C(=O)NCC(=O)N[C@@H](CC(C)C)C(=O)N[C@@H](CCSC)C(N)=O,5.57
O=C1O[C@@H](Cc2c[nH]c3ccccc23)C(=O)N1Cc1cccc(C(F)(F)F)c1,5.57
O=C1OC(Cc2c[nH]c3ccccc23)C(=O)N1Cc1cccc(C(F)(F)F)c1,5.57
Cc1cc(C)cc(C(=O)N2CC[C@H](NCc3ccnc4ccccc34)C[C@H]2c2ccccc2)c1,5.57
CN(Cc1ccccc1)C(=O)[C@@H](Cc1ccc2ccccc2c1)NC(=O)[C@H]1CCCN1/C(=N/c1ccccc1[N+](=O)[O-])NC#N,5.57
CSCC[C@H](NC(=O)[C@H](CC(C)C)NC(=O)CNC(=O)[C@H](Cc1ccccc1)NC(=O)/C(=C/c1ccccc1)NC(=O)[C@H](CCC(N)=O)NC(=O)[C@H](CCC(N)=O)NC(=O)[C@H]1CCCN1C(=O)[C@H](CCCCN)NC(=O)[C@@H]1CCCN1C(=O)[C@@H](N)CCCN=C(N)N)C(N)=O,5.57
CC(C)C[C@@H]1NC(=O)[C@@H](Cc2c[nH]c3ccccc23)NC(=O)[C@H](Cc2ccccc2)NC(=O)[C@@H]2CCCN2C(=O)[C@H](Cc2ccccc2)NC(=O)[C@H]([C@@H](C)O)NC1=O,5.56
COc1ccccc1CNC(=O)c1c(-c2ccccc2)c2ccccc2n2nnnc12,5.56
CSCC[C@H](NC(=O)[C@H](CC(C)C)NC(=O)CNC(=O)[C@H](Cc1ccccc1)NC(=O)[C@H](NC(=O)[C@H](CCC(N)=O)NC(=O)[C@H](CCC(N)=O)NC(=O)[C@H]1CCCN1C(=O)[C@H](CCCCN)NC(=O)[C@@H]1CCCN1C(=O)[C@@H](N)CCCN=C(N)N)C1Cc2ccccc2C1)C(N)=O,5.55
CC[C@]1(O)CCC2C3CCC4Cc5nc6nc7ccccc7n6cc5C[C@]4(C)C3CC[C@@]21C,5.54
Cc1cc(C)cc(COC2/C(=C/c3ccccc3)N3CCC2CC3)c1,5.53
CC(C)[C@H](OC(=O)N[C@](C)(Cc1cccc(F)c1F)C(=O)NCCCCCCCNC(N)=O)c1ccccc1,5.52
CCCCCN(CCCCC)C(=O)N1CCN(C(=O)N(c2ccccc2)c2ccccc2)[C@@H](C(=O)O)C1,5.52
O=C(CC(c1ccccc1)c1ccccc1)Nc1cc(C(F)(F)F)cc(C(F)(F)F)c1,5.52
COC(=O)C1(Cc2ccccc2)CCc2ccc(Cc3ccccc3)cc21,5.52
Cc1cc(O)cc(C)c1C[C@H](N)C(=O)N[C@H](CCCNC(N)=O)C(=O)N[C@H]1Cc2ccccc2CN(CCC(=O)N(C)Cc2ccccc2)C1=O,5.52
CN(Cc1ccccc1)C(=O)[C@@H](Cc1ccccc1)NC(=O)[C@H]1CCCN1/C(S)=N/c1ccccc1Cl,5.5
COc1ccccc1CN[C@@H]1C2CCNC1(c1ccccc1)CC=C2C,5.499999678657065
O=C(Cc1ccccc1)N1CC[C@H](NCc2ccnc3ccccc23)C[C@H]1Cc1ccccc1,5.48
O=C1C(Cc2c[nH]c3ccccc23)OCCN1Cc1ccccc1,5.46
Cc1cc2c(-c3ccccc3)c(NC(=O)N(C)CCc3ccccc3)n(C)c(=O)c2cc1C,5.44
O=C(Cc1c[nH]c2ccccc12)N1CCC(Cc2ccccc2)C1,5.43
O=C(NCCc1c[nH]c2ccccc12)[C@H](Cc1ccccc1)NC(=O)[C@@H]1CCCN1C(=S)NCc1ccccc1Cl,5.43
C[C@H](NC(=O)[C@@](C)(Cc1c[nH]c2ccccc12)NC(=O)OCc1ccc(CNC(=O)OC(C)(C)C)cc1)c1ccccc1,5.43
Clc1ccc(COC(Cn2ccnc2)c2ccc(Cl)cc2Cl)c(Cl)c1,5.43
O=C(Cc1cc(C(F)(F)F)cc(C(F)(F)F)c1)N1CCCCC1C(c1ccccc1)N1CCC(N2CCCCC2)CC1,5.43
CN1C(=O)N(Cc2cc(C(F)(F)F)cc(C(F)(F)F)c2)C2(CCN(C(=O)CN3CCC(Cc4ccccc4)CC3)CC2)C1=O,5.43
NCc1ccc(NC(=O)[C@H](Cc2ccc3ccccc3c2)N=C(NC2CCCCC2)NC2CCCCC2)c(C(=O)O)c1,5.42
CCN[C@@H](Cc1c[nH]c2ccccc12)C(=O)OCc1ccccc1,5.42
O=C(NCC(c1ccccc1)c1ccccc1)c1cc(C(F)(F)F)cc(C(F)(F)F)c1,5.41
CSCC[C@H](NC(=O)[C@H](CC(C)C)NC(=O)[C@@H](Cc1c[nH]c2ccccc12)NC(=O)[C@H](Cc1ccccc1)NC(=O)[C@@H](Cc1c[nH]c2ccccc12)NC(=O)[C@H](CCC(N)=O)NC(=O)[C@H](CCC(N)=O)NC(=O)[C@@H]1CCCN1C(=O)[C@H](CCCCN)NC(=O)[C@@H]1CCCN1C(=O)[C@@H](N)CCCN=C(N)N)C(=O)O,5.4
C[C@@H]1NC(=O)[C@@H](Cc2c[nH]c3ccccc23)NC(=O)[C@H](Cc2ccccc2)NC(=O)[C@@H]2CCCN2C(=O)[C@H](Cc2ccccc2)NC(=O)[C@H]([C@@H](C)O)NC1=O,5.39
NC(=O)[C@H](Cc1ccccc1)NC(=O)[C@H](Cc1c[nH]c2ccccc12)NC(=O)OCc1ccccc1,5.38
CCN1/C(=C\C=C2CC[n+]3c2n(CC)c2cc4ccccc4cc23)Oc2ccccc21.[I-],5.38
O=C1OC(Cc2c[nH]c3ccccc23)C(=O)N1Cc1cc(F)cc(F)c1,5.37
COc1ccc(C(=O)N2CC3C(=O)N(Cc4cc(C(F)(F)F)cc(C(F)(F)F)c4)C(=O)C3C23CCNCC3)cc1OC,5.37
FC(F)(F)c1ccccc1CNC1C2CC3CCCC(C2)N3[C@H]1C(c1ccccc1)c1ccccc1,5.36
O=C1CN(Cc2cc(C(F)(F)F)cc(C(F)(F)F)c2)C(=O)C(Cc2c[nH]c3ccccc23)N1,5.36
FC(F)(F)c1ccccc1CNC1C2C3CCCC2CN(C3)[C@H]1C(c1ccccc1)c1ccccc1,5.32
CC(=O)N(CC(Cc1c[nH]c2ccccc12)NC(=O)CN1CCN(c2ccccc2)CC1)c1ccccc1,5.301029995663981
COc1ccccc1CN(CCNC(=O)CN1CCN(c2ccccc2)CC1)C(C)=O,5.301029995663981
O=C(NC(c1ccccc1)c1ccccc1)[C@@H]1CCCN1C(=S)NCc1ccccc1,5.301029995663981
COc1ccccc1CN(CC(NC(=O)CN1CCN(c2ccccc2)CC1)C(C)C)C(C)=O,5.301029995663981
CC(=O)N(C)CC(Cc1c[nH]c2ccccc12)NC(=O)CN1CCN(c2ccccc2)CC1,5.301029995663981
COc1ccccc1C/N=C(\S)N1CCC[C@@H]1C(=O)NC(c1ccccc1)c1ccccc1,5.301029995663981
COc1ccccc1C/N=C(\S)N1CCC[C@H]1C(=O)NCC(c1ccccc1)c1ccccc1,5.301029995663981
NC(=O)[C@@H](N)Cc1ccccc1,5.3
CCCCCCCCCCCCCCCCCC(=O)N[C@@H](CCCCN)C(=O)N[C@@H](Cc1c[nH]c2ccccc12)C(=O)N[C@@H](CCCCN)C(=O)N[C@@H](CC(C)C)C(=O)N[C@@H](CCC(=O)O)C(=O)N[C@@H](CCCCN)C(=O)N[C@@H](CCCCN)C(=O)N[C@H](C(=O)NCC(=O)N[C@@H](C)C(=O)N[C@H](C(=O)N[C@@H](CC(C)C)C(=O)N[C@H](C(=O)N[C@@H](CS)C(=O)N[C@H](C(=O)N[C@@H](CC(C)C)C(=O)N[C@@H](CCCNC(=N)N)C(=O)N1CCC[C@H]1C(=O)N[C@@H](CCCCN)C(=O)N1CCC[C@H]1C(=O)N[C@@H](CCC(N)=O)C(=O)N[C@@H](CCC(N)=O)C(=O)N[C@@H](Cc1ccccc1)C(=O)N[C@@H](Cc1ccccc1)C(=O)NCC(=O)N[C@@H](CC(C)C)C(=O)N[C@@H](CCSC)C(N)=O)C(C)C)[C@@H](C)CC)C(C)C)[C@@H](C)CC,5.28
COc1ccc(CCN2CCC(C(=O)c3nc4ccccc4n3Cc3ccc(F)cc3)CC2)cc1,5.28
COc1ccc(COC(=O)[C@H](Cc2c[nH]c3ccccc23)NC(=O)c2ccccc2)cc1,5.26
Cc1cc(C)cc(COC(=O)[C@@H](Cc2c[nH]c3ccccc23)NC(=O)c2ccccc2)c1,5.26
O[C@H]1COC[C@H]1N1CC[C@@H](c2cc3nc(Nc4cnn([C@@H]5CC5(F)F)c4Cl)ncc3cc2Cl)[C@H](F)C1,5.24
Cc1cccc2c1C1(C34C[C@H]5C(=O)N[C@@H](Cc6ccccc6)C(=O)N5[C@H]3Nc3cccc(C)c34)C[C@H]3C(=O)N[C@@H](Cc4ccccc4)C(=O)N3[C@H]1N2,5.24
C[C@@H]1c2nnc(-c3csc(N(C)C)n3)n2CCN1C(=O)c1ccc(-c2cccs2)cc1,5.22
O=C1OC(Cc2c[nH]c3ccccc23)C(=O)N1Cc1ccccc1,5.22
O=C1O[C@@H](Cc2c[nH]c3ccccc23)C(=O)N1Cc1ccccc1,5.22
Cc1cc(O)cc(C)c1C[C@H](N)C(=O)N[C@H](CCCNC(=N)N)C(=O)N[C@H]1Cc2ccccc2CN(CC(=O)NCc2ccccc2)C1=O,5.21
Clc1ccc(COC(Cn2ccnc2)c2ccc(Cl)cc2Cl)cc1,5.19
COCc1nnc(N2CC(Oc3ccc(F)cc3Cl)C2)n1-c1ccc(OC)nc1,5.19
O=C(Nc1cc(C(F)(F)F)cc(C(F)(F)F)c1)C(c1ccccc1)c1ccccc1,5.18
COc1ccccc1N1CCN(C(=O)c2cc(-c3ccccc3)n[nH]2)CC1,5.17
O=C(NCc1c[nH]c2ccccc12)N1C2CCC(C2)C1Cc1ccccc1,5.17
Cc1ccc(-c2nnc3n2CCN(C(=O)c2ccc(Cl)c(Cl)c2)[C@@H]3C)o1,5.16
CN(Cc1ccccc1)C(=O)[C@H](Cc1ccc2ccccc2c1)NC(=O)[C@H]1CCCN1C(=O)Nc1ccccc1[N+](=O)[O-],5.15
Clc1ccccc1CCN[C@@H]1C2CCN(CC2)[C@@H]1C(c1ccccc1)c1ccccc1,5.14
CCN1/C(=C/C=C/c2nc3nc4ccccc4nc3n2CC)C(C)(C)c2ccccc21,5.14
CCCCCCCCCCCCCCCCCC(=O)N[C@@H](CCCCN)C(=O)N[C@@H](Cc1c[nH]c2ccccc12)C(=O)N[C@H](C(=O)N[C@@H](CS)C(=O)N[C@@H](CC(C)C)C(=O)N[C@@H](Cc1ccccc1)C(=O)N[C@H](C(=O)N[C@@H](CS)C(=O)N[C@@H](CCCCN)C(=O)N[C@H](C(=O)NCC(=O)N[C@@H](C)C(=O)N[C@H](C(=O)N[C@@H](CC(C)C)C(=O)N[C@H](C(=O)N[C@@H](CS)C(=O)N[C@H](C(=O)N[C@@H](CC(C)C)C(N)=O)C(C)C)[C@@H](C)CC)C(C)C)[C@@H](C)CC)[C@@H](C)CC)[C@@H](C)CC,5.14
C[C@H](NC(=O)[C@@](C)(Cc1c[nH]c2ccccc12)NC(=O)OCc1cccc(NS(C)(=O)=O)c1)c1ccccc1,5.14
COc1cc(CN2C(=O)OC(Cc3c[nH]c4ccccc34)C2=O)cc(OC)c1,5.13
CC(=O)Nc1cccc(COC(=O)N[C@](C)(Cc2c[nH]c3ccccc23)C(=O)N[C@@H](C)c2ccccc2)c1,5.13
CC(C)=CCc1cc(C(O)C2NC(=O)CNC(=O)[C@H](C(C)C)NC(=O)CNC(=O)[C@@H]3CCCN3C(=O)[C@@H](Cc3c[nH]c4ccccc34)NC(=O)CNC2=O)ccc1O,5.1
O=C1OC2(CCN(CCc3c[nH]c4ccc(F)cc34)CC2)CN1Cc1ccccc1,5.1
CC(C)c1nc(-c2nnc3n2CCN(C(=O)c2ccc(-c4cccs4)cc2)[C@@H]3C)co1,5.1
O=C(N[C@@H](Cc1ccccc1)C(=O)N1CCc2ccccc2C1)[C@@H]1CCCN1C(=S)NCc1ccccc1Cl,5.1
Cc1cc(C)cc(CO[C@@H]2/C(=C/c3ccccc3)N3CCC2CC3)c1,5.09
CC/C(=C(\c1ccccc1)c1ccc(OCCN(C)C)cc1)c1ccccc1,5.07
COc1ccc(CCN2CCC(Nc3nc4ccccc4n3Cc3ccc(F)cc3)CC2)cc1,5.07
Clc1ccccc1C(c1ccccc1)(c1ccccc1)n1ccnc1,5.06
NC(=O)[C@H](Cc1ccccc1)NC(=O)[C@@H](N)Cc1c[nH]c2ccccc12,5.03
C[C@@H]1c2nnc(-c3csc(C(F)(F)F)n3)n2CCN1C(=O)c1ccc(F)c(Cl)c1,5.03
CC(=O)Nc1ccccc1NC(=O)N1CCC[C@H]1C(=O)N[C@@H](Cc1ccc2ccccc2c1)C(=O)N(C)Cc1ccccc1,5.02
O=C1CC[C@](CCN2CC(N3CCC(F)CC3)C2)(c2ccc(Cl)c(Cl)c2)CN1CC1CCC(F)(F)CC1,5.0
CCCN1C(=O)C2NC(c3ccc(OCC(=O)NCCNC(=O)CN)cc3)=NC2N(CCC)C1=O,5.0
CC(C)(C)OC(=O)N[C@@H](Cc1ccccc1)C(=O)N[C@](C)(Cc1ccccc1)C(=O)NCCCCCCCNC(N)=O,5.0
Cc1nc(-c2nnc3n2CCN(C(=O)c2ccc(-c4cccs4)cc2)[C@@H]3C)co1,5.0
Cc1nc(-c2nnc3n2CCN(C(=O)c2ccc(-c4cccs4)cc2)C3)cs1,5.0
C[C@H]1Cc2c([nH]c3cc(Cl)c(F)cc23)[C@@]2(N1)C(=O)Nc1ccc(Cl)cc12,5.0
CN(Cc1ccncc1)C(=O)[C@H](Cc1ccccc1)NC(=O)[C@@H]1CCCN1/C(S)=N/Cc1ccccc1Cl,5.0
O=C1CCC(CCN2CC(N3CCOCC3)C2)(c2ccc(Cl)c(Cl)c2)CN1,5.0
NC(=O)[C@@H](NC(=O)[C@@H](N)Cc1ccccc1)c1ccccc1,5.0
CSCC[C@@H](NC(=O)[C@H](CC(C)C)NC(=O)CNC(=O)[C@H](Cc1ccccc1)NC(=O)[C@@H](N)Cc1ccccc1)C(N)=O,5.0
COc1ccc2c(C(=O)NCc3ccccc3)cc(-c3ccccc3)nc2c1,5.0
CCCN1C(=O)C2NC(c3ccc(OCC(=O)NCCN)cc3)=NC2N(CCC)C1=O,5.0
CC(C)(C(=O)N[C@H](C(=O)NCCN1CCOCC1)c1ccccc1)c1cc(Cl)cc(Cl)c1,5.0
CSCC[C@@H](NC(=O)[C@H](CC(C)C)NC(=O)CNC(=O)[C@H](Cc1ccccc1)NC(=O)[C@H](Cc1ccccc1)NC(C)=O)C(N)=O,5.0
CNC(=O)Cc1ccc(Nc2ncnc3c2ncn3C2O[C@H](CO)[C@@H](O)[C@H]2O)cc1,5.0
CC(C)(C)OC(=O)N[C@@H](Cc1ccccc1)C(=O)N[C@](C)(Cc1ccccc1)C(=O)NCCCCCCCCO,5.0
N[C@H](Cc1c[nH]c2ccccc12)C(=O)OCc1ccccc1,5.0
CSCC[C@H](NC(=O)[C@H](CC(C)C)NC(=O)CNC(=O)[C@H](Cc1ccccc1)N(C)C(=O)[C@H](Cc1ccccc1)NC(=O)[C@H](CC(=O)O)NC(=O)CCC(=O)O)C(N)=O,5.0
COC1OC2(CCN(Cc3ccccc3)CC2)c2ccccc21,5.0
CC(C)(C(=O)N[C@H](C(=O)NCCNCCO)c1ccccc1)c1cc(C(F)(F)F)cc(C(F)(F)F)c1,5.0
CCn1c(/C=C/C=C/N2CCCC2)[n+](CC)c2nc3ccccc3nc21,5.0
CSCC[C@H](NC(=O)[C@H](CC(C)C)NC(=O)CNC(=O)[C@H](Cc1ccccc1)N(C)C(=O)[C@H](Cc1ccccc1)NC(=O)[C@@H](CCC(=O)O)NC(=O)[C@H](CC(=O)O)NC(C)=O)C(N)=O,5.0
CSCC[C@H](NC(=O)[C@H](CC(C)C)NC(=O)CNC(=O)[C@H](Cc1c[nH]c2ccccc12)N(C)C(=O)[C@H](Cc1ccccc1)NC(=O)[C@H](CC(=O)O)NC(=O)CCC(=O)O)C(N)=O,5.0
CSCC[C@H](NC(=O)[C@H](CC(C)C)NC(=O)CNC(=O)[C@H](Cc1ccccc1)N(C)C(=O)[C@H](Cc1ccccc1)NC(=O)[C@H](CC(=O)O)NC(=O)[C@H](CC(=O)O)NC(C)=O)C(N)=O,5.0
CSCC[C@H](NC(=O)[C@H](CC(C)C)NC(=O)CNC(=O)[C@H](Cc1ccc(O)cc1)N(C)C(=O)[C@H](Cc1ccccc1)NC(=O)[C@H](CC(=O)O)NC(=O)CCC(=O)O)C(N)=O,5.0
CSCC[C@H](NC(=O)[C@H](CC(C)C)NC(=O)CNC(=O)[C@H](Cc1ccccc1)N(C)C(=O)[C@H](Cc1ccccc1)NC(=O)[C@H](CC(=O)O)NC(=O)[C@@H](CC(=O)O)NC(C)=O)C(N)=O,5.0
CSCC[C@H](NC(=O)[C@H](CC(C)C)NC(=O)CNC(=O)[C@H](Cc1ccccc1)N(C)C(=O)[C@H](Cc1ccccc1)NC(=O)[C@@H](CC(=O)O)NC(=O)[C@H](CC(=O)O)NC(C)=O)C(N)=O,5.0
CC[C@H](C)[C@@H](C(=O)NCC(=O)N[C@@H](CC(C)C)C(=O)N[C@@H](CCSC)C(N)=O)N(C)C(=O)[C@H](Cc1ccccc1)NC(=O)[C@H](CC(=O)O)NC(=O)CCC(=O)O,5.0
CSCC[C@H](NC(=O)[C@H](CC(C)C)NC(=O)CNC(=O)[C@H](C(C)C)N(C)C(=O)[C@H](Cc1ccccc1)NC(=O)[C@H](CC(=O)O)NC(=O)CCC(=O)O)C(N)=O,5.0
CSCC[C@H](NC(=O)[C@H](CC(C)C)NC(=O)CNC(=O)[C@H](Cc1ccccc1)N(C)C(=O)[C@H](Cc1ccccc1)NC(=O)[C@H](CC(=O)O)NC(=O)[C@@H](N)CC(=O)O)C(N)=O,5.0
Cc1noc(-c2nnc3n2CCN(C(=O)c2ccc(-c4cccs4)cc2)[C@@H]3C)n1,5.0
C[C@@H]1c2nnc(-c3cccc(O)n3)n2CCN1C(=O)c1ccc(-c2cccs2)cc1,5.0
CC(C)(C(=O)N[C@H](C(=O)NCCCN1CCOCC1)c1ccccc1)c1cc(C(F)(F)F)cc(C(F)(F)F)c1,5.0
O=C(N[C@@H]1C2CCN(CC2)[C@@H]1C(c1ccccc1)c1ccccc1)c1ccccc1Cl,5.0
COc1ccccc1CO[C@@H]1C2CCN(CC2)[C@@H]1C(c1ccccc1)c1ccccc1,5.0
CCCN1C(=O)C2NC(c3ccc(OCC(=O)NCCNC(=O)C(N)CC(=O)N[C@@H](Cc4ccccc4)C(=O)N[C@@H](Cc4ccccc4)C(=O)NCC(N)=O)cc3)=NC2N(CCC)C1=O,5.0
Clc1ccccc1CCCN[C@@H]1C2CCN(CC2)[C@@H]1C(c1ccccc1)c1ccccc1,5.0
N[C@@H]1C2CCN(CC2)[C@@H]1C(c1ccccc1)c1ccccc1,5.0
COC1Cc2ccccc2C2(CCN(CCCc3ccccc3)CC2)O1,5.0
COC1Cc2ccccc2C2(CCN(Cc3ccccc3)CC2)O1,5.0
CC(C)(C)OC(=O)N[C@@](C)(Cc1ccccc1)C(=O)N[C@H](Cc1ccccc1)C(=O)NCCCCCCCCO,5.0
CC(C)(C(=O)N[C@H](C(=O)NCCN1CCOCC1)c1ccccc1)c1ccccc1,5.0
Cc1cc(C)cc(C(C)(C)C(=O)N[C@H](C(=O)NCCN2CCOCC2)c2ccccc2)c1,5.0
N[C@@H](Cc1ccccc1)C(=O)N[C@@H](Cc1ccccc1)C(=O)O,5.0
CC(C)(NC(=O)c1ccccc1-c1ccccc1)c1cc(C(F)(F)F)cc(C(F)(F)F)c1,5.0
CC(C)(C)OC(=O)N[C@@](C)(Cc1ccccc1)C(=O)N[C@H](Cc1ccccc1)C(=O)NCCCCCCCCC(N)=O,5.0
COc1ccc(C[C@H](N)C(=O)N[C@@H](Cc2ccccc2C)C(N)=O)cc1,5.0
O=C(NCc1cc(C(F)(F)F)cc(C(F)(F)F)c1)c1ccccc1-c1ccccc1,5.0
O=S(=O)(c1cc(C(F)(F)F)cc(C(F)(F)F)c1)N1CC[C@H](NCc2ccnc3ccccc23)C[C@H]1Cc1ccccc1,5.0
COc1ccccc1[C@@H]1CC[C@@]2(CCCN[C@H]2c2ccccc2)N1,5.0
NC(=O)[C@H](Cc1cccc(F)c1)NC(=O)[C@@H](N)CC1CCCCC1,5.0
COc1cc(N)c(Cl)cc1C(=O)NC1C2CC3CN(C2)CC31.Cl,5.0
C#C[C@]1(OC)CCC2C3CCC4Cc5nc6nc7ccccc7n6cc5C[C@]4(C)C3CC[C@@]21C,5.0
c1ccc2c(c1)nc1nc3c(cn12)CCCC3,5.0
Cc1cc(C)n2c(n1)nc1ccccc12,5.0
C[C@]12Cc3cn4c(nc3CC1CCC1C2CC[C@@]2(C)C1CC[C@@]2(O)c1ccccc1)nc1ccccc14,5.0
C#C[C@]1(O)CCC2C3CC[C@H]4Cc5nc6[nH]c7ccccc7c6cc5C[C@]4(C)C3CC[C@@]21C,5.0
CC(CCC(=O)O)[C@H]1CCC2C3C(C[C@H](O)[C@@]21C)[C@@]1(C)Cc2cn4c(nc2CC1C[C@H]3O)nc1ccccc14,5.0
CSCC[C@H](NC(=O)[C@H](CC(C)C)NC(=O)CNC(=O)[C@H](Cc1ccccc1)N(C)C(=O)[C@H](Cc1ccccc1)NC(=O)[C@H](CCCC(=O)O)NC(=O)CCC(=O)O)C(N)=O,5.0
C[C@@]12CCCC1C1CCC3Cc4nc5nc6ccccc6n5cc4C[C@]3(C)C1CC2,5.0
C#C[C@]1(O)CCC2C3CC[C@H]4Cc5nc6cc7ccccc7n6cc5C[C@]4(C)C3CC[C@@]21C,5.0
COC(=O)[C@H]1CCC2C3CCC4Cc5nc6nc7ccccc7n6cc5C[C@]4(C)C3CC[C@@]21C,5.0
C=CC1=CCCC2Cc3nc4nc5ccccc5n4cc3C[C@]12C,5.0
N[C@@H](Cc1c[nH]c2ccccc12)C(=O)OCc1ccccc1,5.0
Cc1cc(C)cc(C(=O)N2CC[C@H](NCc3ccnc4ccccc34)C[C@H]2Cc2ccc(C(=O)O)cc2)c1,5.0
CC[C@H](NC(=O)c1c(O)c(-c2ccccc2)nc2ccccc12)c1ccccc1,5.0
CC(C)CCCC(C)[C@@H]1CCC2C3CCC4Cc5nc6nc7ccccc7n6cc5C[C@]4(C)C3CC[C@@]21C,5.0
C[C@H](O[C@H]1CCCN[C@H]1c1ccccc1)c1ccccc1,5.0
Cc1cc(C)cc(/C(F)=C2\CC[C@H](NC(=O)c3ccnc4ccccc34)C[C@H]2Cc2ccccc2)c1,5.0
CSCC[C@H](NC(=O)[C@H](CC(C)C)NC(=O)CN1CCNC(=O)CCC(=O)NCC(=O)N[C@H](CCCN=C(N)N)C(=O)N[C@@H](Cc2ccccc2)C(=O)N[C@H](Cc2ccccc2)C1=O)C(N)=O,5.0
CSCC[C@H](NC(=O)[C@H](CC(C)C)NC(=O)CNC(=O)[C@H](Cc1ccccc1)N(C)C(=O)[C@H](Cc1ccccc1)NC(=O)[C@H](Cc1ccccc1)NC(=O)[C@H](CC(=O)O)NC(=O)[C@H](Cc1cnc[nH]1)NC(=O)[C@H](CCSC)NC(=O)[C@@H](N)CC(=O)O)C(N)=O,5.0
CSCC[C@H](NC(=O)[C@H](CC(C)C)NC(=O)CNC(=O)[C@H](Cc1ccccc1)N(C)C(=O)[C@H](Cc1ccccc1)NC(=O)[C@H](CCC(=O)O)NC(=O)C(=O)O)C(N)=O,5.0
CSCC[C@H](NC(=O)[C@H](CC(C)C)NC(=O)CNC(=O)[C@H](Cc1ccccc1)N(C)C(=O)[C@H](Cc1ccccc1)NC(=O)[C@@H](CCC(=O)O)NC(=O)C(=O)O)C(N)=O,5.0
CSCC[C@H](NC(=O)[C@H](CC(C)C)NC(=O)CNC(=O)[C@H](Cc1ccccc1)N(C)C(=O)[C@H](Cc1ccccc1)NC(=O)[C@H](CC(=O)O)NS(N)(=O)=O)C(N)=O,5.0
CSCC[C@H](NC(=O)[C@H](CC(C)C)NC(=O)CNC(=O)[C@H](Cc1ccccc1)N(C)C(=O)[C@H](Cc1ccccc1)NC(=O)[C@H](CC(=O)O)NC(=O)C(N)=O)C(N)=O,5.0
COC(=O)C(=O)N[C@@H](CC(=O)O)C(=O)N[C@@H](Cc1ccccc1)C(=O)N(C)[C@@H](Cc1ccccc1)C(=O)NCC(=O)N[C@@H](CC(C)C)C(=O)N[C@@H](CCSC)C(N)=O,5.0
CSCC[C@H](NC(=O)[C@H](CC(C)C)NC(=O)CNC(=O)[C@H](Cc1ccccc1)N(C)C(=O)[C@H](Cc1ccccc1)NC(=O)[C@H](CC(=O)O)NC(=O)NN)C(N)=O,5.0
CSCC[C@H](NC(=O)[C@H](CC(C)C)NC(=O)CNC(=O)[C@H](Cc1ccccc1)N(C)C(=O)[C@H](Cc1ccccc1)NC(=O)[C@H](CCCC(=O)O)NC(=O)C(=O)O)C(N)=O,5.0
CSCC[C@H](NC(=O)[C@H](CC(C)C)NC(=O)CNC(=O)[C@H](Cc1ccccc1)N(C)C(=O)[C@H](Cc1ccccc1)NC(=O)[C@H](CC(=O)O)NC(N)=O)C(N)=O,5.0
CSCC[C@H](NC(=O)[C@H](CC(C)C)NC(=O)CNC(=O)[C@H](Cc1ccccc1)N(C)C(=O)[C@H](Cc1ccccc1)NC(=O)[C@H](CC(=O)O)NC(=O)NO)C(N)=O,5.0
C[C@]12CCC3C(CC[C@@H]4Cc5nc6nc7ccccc7n6cc5C[C@]34C)C1CC[C@@H]2O,5.0
C[C@]12Cc3cn4c(nc3CC1CCC1C2CC[C@]2(C)C(=O)CCC12)nc1ccccc14,5.0
CSCC[C@H](NC(=O)[C@H](CC(C)C)NC(=O)CNC(=O)[C@H](Cc1ccccc1)N(C)C(=O)[C@H](Cc1ccccc1)NC(=O)[C@@H](CC(=O)O)NC(=O)C(=O)O)C(N)=O,5.0
CSCC[C@H](NC(=O)[C@H](CC(C)C)NC(=O)CNC(=O)[C@H](Cc1ccccc1)N(C)C(=O)[C@H](Cc1ccccc1)NC(=O)[C@@H](CC(=O)O)NC(=O)CCC(=O)O)C(N)=O,5.0
CSCC[C@H](NC(=O)[C@H](CC(C)C)NC(=O)CNC(=O)[C@H](Cc1ccccc1)N(C)C(=O)[C@H](Cc1ccccc1)NC(=O)[C@H](CCC(=O)O)NC(=O)CCC(=O)O)C(N)=O,5.0
CSCC[C@H](NC(=O)[C@H](CC(C)C)NC(=O)CNC(=O)[C@H](Cc1ccccc1)N(C)C(=O)[C@H](Cc1ccccc1)NC(=O)[C@@H](CCC(=O)O)NC(=O)CCC(=O)O)C(N)=O,5.0
CSCC[C@H](NC(=O)[C@H](CC(C)C)NC(=O)CNC(=O)[C@H](Cc1ccccc1)N(C)C(=O)[C@H](Cc1ccccc1)NC(=O)[C@H](CC(=O)O)NC(=O)C(=O)O)C(N)=O,5.0
Cc1cc(C)cc(/C(F)=C2/CC[C@@H](NC(=O)c3ccnc4ccccc34)C[C@@H]2Cc2ccccc2)c1,5.0
CSCC[C@H](NC(=O)[C@H](CC(C)C)NC(=O)CNC(=O)[C@H](Cc1ccccc1)N(C)C(=O)[C@H](Cc1ccccc1)NC(=O)[C@@H](CCC(=O)O)NC(=O)[C@@H](CC(=O)O)NC(C)=O)C(N)=O,5.0
CSCC[C@H](NC(=O)[C@H](CC(C)C)NC(=O)CNC(=O)[C@H](Cc1ccccc1)N(C)C(=O)[C@H](Cc1ccccc1)NC(=O)[C@H](CCC(=O)O)NC(=O)[C@H](CC(=O)O)NC(C)=O)C(N)=O,5.0
CSCC[C@H](NC(=O)[C@H](CC(C)C)NC(=O)CNC(=O)[C@H](Cc1ccccc1)N(C)C(=O)[C@H](Cc1ccccc1)NC(=O)[C@H](CCC(=O)O)NC(=O)[C@@H](CC(=O)O)NC(C)=O)C(N)=O,5.0
CSCC[C@H](NC(=O)[C@H](CC(C)C)NC(=O)CNC(=O)[C@H](Cc1ccccc1)N(C)C(=O)[C@H](Cc1ccccc1)NC(=O)[C@@H](CC(=O)O)NC(=O)[C@@H](CC(=O)O)NC(C)=O)C(N)=O,5.0
Cc1nsc(-c2nnc3n2CCN(C(=O)c2ccc(Cl)c(Cl)c2)[C@@H]3C)n1,4.99
CN1C(=O)[C@@H]2C[C@@]3([C@@]45C[C@H]6C(=O)N(C)[C@@H](Cc7ccccc7)C(=O)N6[C@@H]4Nc4ccccc45)c4ccccc4N[C@H]3N2C(=O)[C@@H]1Cc1ccccc1,4.92
C[C@@H]1c2nnc(-c3csc(C(F)(F)F)n3)n2CCN1C(=O)c1ccc(Cl)c(F)c1,4.92
COC(=O)[C@@H](CCSC)NC(=O)[C@H](CC(C)C)N(C)C(=O)CN(C)C(=O)[C@H](Cc1ccccc1)NC(=O)[C@@H](Cc1ccccc1)NC(=O)[C@H](CCC(N)=O)NC(=O)[C@H](CCC(N)=O)NC(=O)[C@@H]1CCCN1C(=O)[C@H](CCCCNC(=O)OCc1ccccc1)NC(=O)[C@@H]1CCCN1C(=O)[C@H](CCCN=C(N)N)NC(=O)OCc1ccccc1,4.92
Cc1nc(-c2nnc3n2CCN(C(=O)c2ccc(-c4cccs4)cc2)[C@@H]3C)cs1,4.9
CCCCCCCC(=O)n1cc(C[C@@H](NC(=O)C[C@@H]2NC(=O)[C@@H]3C4CCC(CC4)N3C2=O)C(=O)N[C@@H](Cc2ccccc2)C(=O)N(C)Cc2ccccc2)c2ccccc21,4.9
COc1cc2c(cc1-c1c(C)noc1C)ncc1[nH]c(=O)n([C@H](C)c3ccccn3)c12,4.9
Cc1nsc(-c2nnc3n2CCN(C(=O)c2ccc(-c4cccs4)cc2)[C@@H]3C)n1,4.9
Cc1ccc(-c2nnc3n2CCN(C(=O)c2ccc(Cl)c(F)c2)[C@@H]3C)o1,4.89
C[C@@H]1c2nnc(-c3csc(C(F)(F)F)n3)n2CCN1C(=O)c1ccc(Cl)cc1,4.82
Cc1cc(O)cc(C)c1CC(N)C(=O)NC(CCCNC(=N)N)C(=O)NC(Cc1ccccc1)C(=O)N(C)CC(=O)N(C)Cc1ccccc1,4.79
Cc1cccc(-c2nnc3n2CCN(C(=O)c2ccc(-c4cccs4)cc2)[C@@H]3C)n1,4.76
Cc1ccc(-c2nnc3n2CCN(C(=O)c2ccc(F)c(Cl)c2)[C@@H]3C)o1,4.75
COc1ccc(C(O)C2NC(=O)CNC(=O)[C@H](C(C)C)NC(=O)CNC(=O)[C@@H]3CCCN3C(=O)[C@@H](Cc3c[nH]c4ccccc34)NC(=O)CNC2=O)cc1,4.75
C[C@@H]1c2nnc(-c3csc(C(F)(F)F)n3)n2CCN1C(=O)c1cc(F)c(F)c(F)c1F,4.72
CN(Cc1ccccc1)C(=O)[C@H](Cc1ccc2ccccc2c1)NC(=O)[C@@H]1CCCN1C(=O)Nc1ccccc1N,4.71
Cc1nsc(-c2nnc3n2CCN(C(=O)c2ccc(Cl)c(F)c2)[C@@H]3C)n1,4.7
Cc1nsc(-c2nnc3n2CCN(C(=O)c2ccc(Cl)c(Cl)c2)C3C)n1,4.68
C[C@@H]1c2nnc(-c3csc(C(F)(F)F)n3)n2CCN1C(=O)c1ccc(F)c(F)c1,4.68
Cc1nsc(-c2nnc3n2CCN(C(=O)c2ccc(F)cc2)[C@@H]3CCO)n1,4.66
Cc1nsc(-c2nnc3n2CCN(C(=O)c2ccc(F)c(Cl)c2)[C@@H]3C)n1,4.66
CCc1nsc(-c2nnc3n2CCN(C(=O)c2ccc(F)cc2)[C@@H]3C)n1,4.62
C[C@@H]1c2nnc(-c3csc(C(F)(F)F)n3)n2CCN1C(=O)c1cc(F)c(F)c(F)c1,4.62
c1ccc([C@@H]2C[C@H]2NC2CCNCC2)cc1,4.6020599913279625
COCc1nc2cnc3cc(-c4c(C)noc4C)c(OC[C@H]4CCNC4)cc3c2n1[C@H](C)c1ccccc1,4.600000074606178
CNC(=O)c1cc(C(=O)NC2CC2)cn(Cc2ccccc2)c1=O,4.600000074606178
CC(=O)Nc1c(F)cc(C(=O)N[C@H]2CC[C@H](O)CC2)cc1O[C@@H](C)c1ccccc1,4.600000074606178
Cc1ccc(-c2nnc3n2CCN(C(=O)c2ccc(Cl)cc2)[C@@H]3C)o1,4.6
COC(=O)[C@@H](CCSC)NC(=O)[C@@H](CC(C)C)SCCNC(=O)[C@@H](Cc1ccccc1)NC(=O)[C@H](Cc1ccccc1)NC(=O)[C@H](CCC(N)=O)NC(=O)[C@H](CCC(N)=O)NC(=O)[C@H]1CCCN1C(=O)[C@H](CCCCNC(=O)OCc1ccccc1)NC(=O)[C@H]1CCCN1C(=O)[C@H](CCCN=C(N)N)NC(=O)OCc1ccccc1,4.6
COc1ccc(N)cc1C[C@]12C[C@H]3C(=O)N[C@@H](Cc4ccccc4)C(=O)N3[C@H]1Nc1ccccc12,4.58
Cc1ccc(-c2nnc3n2CCN(C(=O)c2cc(F)c(F)c(F)c2)[C@@H]3C)o1,4.57
Clc1cccc(CN[C@H]2C3CCN(CC3)[C@H]2C(c2ccccc2)c2ccccc2)c1,4.55
C[C@@H]1c2nnc(-c3csc(C(F)(F)F)n3)n2CCN1C(=O)c1ccc(F)c(F)c1F,4.55
CN(Cc1ccccc1)C(=O)[C@H](Cc1cc2ccccc2s1)NC(=O)[C@@H]1CCCN1/C(S)=N/Cc1ccccc1Cl,4.53
Cc1nsc(-c2nnc3n2CCN(C(=O)c2ccc(F)cc2F)[C@@H]3C)n1,4.522878745280337
Cc1nsc(-c2nnc3n2CCN(C(=O)c2cc(F)cc(F)c2)[C@@H]3C)n1,4.522878745280337
Cc1nsc(-c2nnc3n2CCN(C(=O)c2cccc(Cl)c2)[C@@H]3C)n1,4.522878745280337
Cc1nsc(-c2nnc3n2CCN(C(=O)c2cccc(F)c2)[C@@H]3C)n1,4.522878745280337
Cc1nsc(-c2nnc3n2CCN(C(=O)c2ccc(F)c(F)c2F)[C@@H]3C)n1,4.522878745280337
Cc1nsc(-c2nnc3n2CCN(C(=O)c2cc(F)c(F)c(F)c2)[C@@H]3C)n1,4.522878745280337
Cc1nsc(-c2nnc3n2CCN(C(=O)c2ccc(F)cc2)[C@@H]3C)n1,4.522878745280337
Cc1nsc(-c2nnc3n2CCN(C(=O)c2ccc(Cl)cc2)[C@@H]3C)n1,4.522878745280337
CC(F)c1noc(-c2nnc3n2CCN(C(=O)c2ccc(F)cc2)[C@@H]3C)n1,4.522878745280337
C[C@@H]1c2nnc(-c3nc(CC(F)(F)F)no3)n2CCN1C(=O)c1ccc(F)cc1,4.522878745280337
C[C@@H]1c2nnc(-c3nc(C(C)(F)F)no3)n2CCN1C(=O)c1ccc(F)cc1,4.522878745280337
C[C@@H]1c2nnc(-c3nc(C(F)F)ns3)n2CCN1C(=O)c1ccc(F)cc1,4.522878745280337
CCc1noc(-c2nnc3n2CCN(C(=O)c2ccc(F)cc2)C3C)n1,4.522878745280337
Cc1nsc(-c2nnc3n2CCN(C(=O)c2ccc(F)cc2)C3C)n1,4.522878745280337
CCc1noc(-c2nnc3n2CCN(C(=O)c2ccc(F)cc2)[C@@H]3C)n1,4.522878745280337
Cc1nsc(-c2nnc3n2CCN(C(=O)c2cc(F)c(F)c(F)c2F)[C@@H]3C)n1,4.522878745280337
Cc1nsc(-c2nnc3n2CCN(C(=O)c2ccc(F)c(F)c2)[C@@H]3C)n1,4.522878745280337
Cc1nsc(-c2nnc3n2CCN(C(=O)c2cc(F)c(F)c(F)c2)C3C)n1,4.522878745280337
Cc1nsc(-c2nnc3n2CCN(C(=O)c2ccc(F)c(F)c2F)C3C)n1,4.522878745280337
Cc1nsc(-c2nnc3n2CCN(C(=O)c2ccc(F)c(F)c2)C3C)n1,4.522878745280337
Cc1nsc(-c2nnc3n2CCN(C(=O)c2cc(F)c(F)c(F)c2F)C3C)n1,4.522878745280337
Cc1nsc(-c2nnc3n2CCN(C(=O)c2ccc(C#N)cc2)[C@@H]3C)n1,4.522878745280337
Cc1noc(-c2nnc3n2CCN(C(=O)c2ccc(F)cc2)[C@@H]3C)n1,4.522878745280337
Cc1nsc(-c2nnc3n2CCN(C(=O)c2cccc(O)c2)[C@@H]3C)n1,4.522878745280337
Cc1nsc(-c2nnc3n2CCN(C(=O)c2ccccc2C)[C@@H]3C)n1,4.522878745280337
COc1cc(C(=O)N2CCn3c(-c4nc(C)ns4)nnc3[C@H]2C)ccc1F,4.522878745280337
Cc1nsc(-c2nnc3n2CCN(C(=O)c2ccccc2)[C@@H]3C)n1,4.522878745280337
C[C@@H]1c2nnc(-c3nc([C@@H](C)F)no3)n2CCN1C(=O)c1ccc(F)cc1,4.522878745280337
C[C@H](F)c1noc(-c2nnc3n2CCN(C(=O)c2ccc(F)cc2)[C@@H]3C)n1,4.522878745280337
CCC[C@@H]1c2nnc(-c3nc(C)ns3)n2CCN1C(=O)c1ccc(F)cc1,4.522878745280337
Cc1ccc(C(=O)N2CCn3c(-c4nc(C)ns4)nnc3[C@H]2C)cc1,4.522878745280337
CCc1nsc(-c2nnc3n2CCN(C(=O)c2ccc(F)cc2)C3C)n1,4.522878745280337
Cc1nsc(-c2nnc3n2CCN(C(=O)c2ccc(Cl)c(F)c2)C3C)n1,4.522878745280337
Cc1nsc(-c2nnc3n2CCN(C(=O)c2ccc(F)c(Cl)c2)C3C)n1,4.522878745280337
CC[C@@H]1c2nnc(-c3nc(C)ns3)n2CCN1C(=O)c1ccc(F)cc1,4.522878745280337
Cc1nsc(-c2nnc3n2CCN(C(=O)c2ccc(C(F)(F)F)cc2)[C@@H]3C)n1,4.522878745280337
[C-]#[N+]c1ccc(C(=O)N2CCn3c(-c4nc(C)ns4)nnc3[C@H]2C)cc1,4.522878745280337
COc1cccc(C(=O)N2CCn3c(-c4nc(C)ns4)nnc3[C@H]2C)c1,4.522878745280337
Cc1nsc(-c2nnc3n2CCN(C(=O)c2ccc(F)c(F)c2F)C3)n1,4.522878745280337
Cc1nsc(-c2nnc3n2CCN(C(=O)c2ccc(F)c(F)c2)C3)n1,4.522878745280337
Cc1nsc(-c2nnc3n2CCN(C(=O)c2ccc(F)c(Cl)c2)C3)n1,4.522878745280337
Cc1nsc(-c2nnc3n2CCN(C(=O)c2ccc(Cl)c(F)c2)C3)n1,4.522878745280337
Cc1nsc(-c2nnc3n2CCN(C(=O)c2ccc(F)cc2)C3)n1,4.522878745280337
Cc1nsc(-c2nnc3n2CCN(C(=O)c2ccc(Cl)cc2)C3)n1,4.522878745280337
CC(F)c1noc(-c2nnc3n2CCN(C(=O)c2ccc(F)cc2)C3C)n1,4.522878745280337
Cc1ccc(-c2nnc3n2CCN(C(=O)c2ccc(F)c(F)c2F)[C@@H]3C)o1,4.522878745280337
Cc1ccc(-c2nnc3n2CCN(C(=O)c2ccc(F)c(F)c2)[C@@H]3C)o1,4.522878745280337
Cc1ccc(-c2nnc3n2CCN(C(=O)c2cc(F)c(F)c(F)c2F)[C@@H]3C)o1,4.522878745280337
C[C@@H]1c2nnc(-c3csc(C(F)(F)F)n3)n2CCN1C(=O)c1ccc(F)cc1,4.522878745280337
Cc1nc(-c2nnc3n2CCN(C(=O)c2ccc(F)cc2)[C@@H]3C)cs1,4.522878745280337
Cc1ccc(-c2nnc3n2CCN(C(=O)c2ccc(F)cc2)[C@@H]3C)o1,4.522878745280337
Cc1nsc(-c2nnc3n2CCN(C(=O)c2cc(F)c(F)c(F)c2)C3)n1,4.522878745280337
Cc1nsc(-c2nnc3n2CCN(C(=O)c2ccc(Cl)cc2)C3C)n1,4.5
COc1ccccc1CN[C@H]1C2CCC(CC2)[C@H]1C(c1ccccc1)c1ccccc1,4.494850021680094
COC(=O)[C@@H](CCSC)NC(=O)[C@H](CC(C)C)SCCNC(=O)[C@@H](Cc1ccccc1)NC(=O)[C@H](Cc1ccccc1)NC(=O)[C@H](CCC(N)=O)NC(=O)[C@H](CCC(N)=O)NC(=O)[C@H]1CCCN1C(=O)[C@H](CCCCNC(=O)OCc1ccccc1)NC(=O)[C@H]1CCCN1C(=O)[C@H](CCCN=C(N)N)NC(=O)OCc1ccccc1,4.48
COc1ccc(N)cc1C[C@@]12C[C@H]3C(=O)N[C@@H](Cc4ccccc4)C(=O)N3[C@@H]1Nc1ccccc12,4.42
CCc1noc(-c2nnc3n2CCN(C(=O)c2ccc(-c4cccs4)cc2)[C@@H]3C)n1,4.4
CC(C)C[C@H](NC(=O)CNC(=O)OCc1ccccc1)C(=O)N[C@@H](Cc1c[nH]c2ccccc12)C(=O)OCc1cc(C(F)(F)F)cc(C(F)(F)F)c1,4.4
CCNC(=O)C[C@@H]1N=C(c2ccc(Cl)cc2)c2cc(OC)ccc2-n2c(C)nnc21,4.3979400086720375
O=C(O)c1ccc(CN2CCC(CN[C@@H]3C[C@H]3c3ccccc3)CC2)cc1,4.3979400086720375
O=C1N[C@@H](Cc2ccccc2)C(=O)N2[C@H]3Nc4ccccc4[C@@]3(Cc3cc([N+](=O)[O-])ccc3O)C[C@@H]12,4.32
CC(C)[C@@H]1NC(=O)CNC(=O)[C@@H]2CCCN2C(=O)[C@@H](Cc2c[nH]c3ccccc23)NC(=O)CNC(=O)[C@H](Cc2ccc(OC(C)(C)C)cc2)NC(=O)CNC1=O,4.32
CC1(C)OC(=O)N([C@H]2CC[C@H](c3cnc(N)c(-c4ncccn4)c3)CC2)[C@H]1c1ccccc1,4.314258261397736
COc1ccccc1C/N=C(\S)N1CCC[C@H]1C(=O)NC(Cc1ccccc1)Cc1ccccc1,4.301029995663981
COc1ccccc1COC(=O)N1CCC[C@H]1C(=O)NC(c1ccccc1)c1ccccc1,4.301029995663981
Fc1ccc(-c2noc(C3CCN(c4cnc5ccc(Cl)cc5c4)CC3)n2)c(Cl)c1,4.301029995663981
Nc1ccccc1C/N=C(\S)N1CCC[C@H]1C(=O)NC(c1ccccc1)c1ccccc1,4.301029995663981
CSCCNS(=O)(=O)c1ccc(N/N=C(\S)N2CCC[C@@H]2C(=O)NC(c2ccccc2)c2ccccc2)c([N+](=O)[O-])c1,4.301029995663981
COc1ccccc1C/N=C(\S)N1CCC[C@H]1C(=O)N(Cc1ccccc1)Cc1ccccc1,4.301029995663981
COc1ccccc1CNC(=O)N1CCC[C@H]1C(=O)NC(c1ccccc1)c1ccccc1,4.301029995663981
COc1ccccc1C/N=C(\NC#N)N1CCC[C@H]1C(=O)NC(c1ccccc1)c1ccccc1,4.301029995663981
O=C(NC(c1ccccc1)c1ccccc1)[C@H]1CCCN1/C(S)=N/Nc1ccccc1[N+](=O)[O-],4.301029995663981
COc1ccc(S(=O)(=O)Nc2c(C)cc(C)cc2C)cc1,4.300000029139088
COc1ccc([N+](=O)[O-])cc1C[C@]12C[C@H]3C(=O)N[C@@H](Cc4ccccc4)C(=O)N3[C@H]1Nc1ccccc12,4.27
COC(=O)[C@@H](CCSC)NC(=O)[C@H](CC(C)C)NC(=O)CN(C)C(=O)[C@H](Cc1ccccc1)NC(=O)[C@@H](Cc1ccccc1)NC(=O)[C@H](CCC(N)=O)NC(=O)[C@H](CCC(N)=O)NC(=O)[C@@H]1CCCN1C(=O)[C@H](CCCCNC(=O)OCc1ccccc1)NC(=O)[C@@H]1CCCN1C(=O)[C@H](CCCN=C(N)N)NC(=O)OCc1ccccc1,4.26
CN(Cc1ccccc1)C(=O)[C@@H](Cc1ccc2ccccc2c1)NC(=O)[C@H]1CCCN1C(=N)Nc1ccccc1[N+](=O)[O-],4.22
CO[C@H](C(=O)Nc1nnc(N[C@@H]2CCN(c3cccnn3)C2)s1)c1ccccc1,4.15
COc1ccc(CC2NC(=O)CNC(=O)[C@H](C(C)C)NC(=O)CNC(=O)[C@@H]3CCCN3C(=O)[C@@H](Cc3c[nH]c4ccccc34)NC(=O)CNC2=O)cc1,4.14
CN(Cc1ccccc1)C(=O)[C@H](Cc1ccc2ccccc2c1)NC(=O)[C@@H]1CCCN1C(=O)Nc1ccccc1[N+](=O)[O-],4.08
COc1ccc([N+](=O)[O-])cc1C[C@@]12C[C@H]3C(=O)N[C@@H](Cc4ccccc4)C(=O)N3[C@@H]1Nc1ccccc12,4.06
CC(C)[C@@H]1NC(=O)CNC(=O)[C@@H]2CCCN2C(=O)[C@H](Cc2c[nH]c3ccccc23)NC(=O)CNC(=O)[C@H](Cc2ccc(OC(C)(C)C)cc2)NC(=O)CNC1=O,4.03
C[C@@]12NC(=O)[C@@H](C[C@@]13c1ccccc1N1C(=O)CN[C@@H]13)n1c2nc2ccccc2c1=O,4.02
O=C1N[C@@H](Cc2ccccc2)C(=O)N2[C@H]1C[C@@]1(Cc3cc([N+](=O)[O-])ccc3O)c3ccccc3N[C@@H]21,4.01
CC[C@@H](NC(=O)c1c(O)c(-c2ccccc2)nc2ccccc12)c1ccccc1,4.0
CN(C(=O)[C@H](Cc1ccccc1)NC(=O)[C@@H]1CCCN1/C(S)=N/Cc1ccccc1Cl)c1ccccc1,4.0
CC(C)[C@@H]1NC(=O)CNC(=O)[C@@H]2CCCN2C(=O)[C@@H](Cc2c[nH]c3ccccc23)NC(=O)CNC(=O)[C@H](Cc2ccc(O)cc2)NC(=O)CNC1=O,4.0
COC(=O)[C@H](NC(=O)c1cc(-c2ccccc2)nc2ccccc12)c1ccccc1,4.0
CC(C)[C@@H]1NC(=O)CNC(=O)[C@@H]2CCCN2C(=O)[C@@H](Cc2c[nH]c3ccccc23)NC(=O)CNC(=O)[C@H](Cc2ccc3[nH]ccc3c2)NC(=O)CNC1=O,4.0
CC[C@H](NC(=O)c1c(C)c(-c2ccccc2)nc2ccccc12)c1ccccc1,4.0
O=C1[C@@H]2C[C@]3(Cc4cc([N+](=O)[O-])ccc4O)c4ccccc4N[C@@H]3N2C(=O)[C@H](Cc2ccccc2)N1Cc1cc([N+](=O)[O-])ccc1O,4.0
CC[C@H](NC(=O)c1c(OC)c(-c2ccccc2)nc2ccccc12)c1ccccc1,4.0
CC[C@@H](NC(=O)c1c(CN(C)C)c(-c2ccccc2)nc2ccccc12)c1ccccc1,4.0
CC[C@@H](NC(=O)c1c(C)c(-c2ccccc2)nc2ccccc12)c1ccccc1,4.0
CSCCNS(=O)(=O)c1ccc(N/N=C(\S)N2CCC[C@@H]2C(=O)NCc2ccccc2)c([N+](=O)[O-])c1,4.0
CCc1c(-c2ccccc2)nc2ccccc2c1C(=O)N[C@H](CC)c1ccccc1,4.0
O=C1N[C@@H](Cc2ccccc2)C(=O)N2[C@H]3Nc4ccccc4[C@@]3(O)C[C@@H]12,4.0
O=C1N[C@@H](Cc2ccccc2)C(=O)N2[C@H]1C[C@@]1(O)c3ccccc3N[C@@H]21,4.0
CC[C@@H](NC(=O)c1c(N)c(-c2ccccc2)nc2ccccc12)c1ccccc1,4.0
CC[C@H](NC(=O)c1cc(-c2ccccc2)nc2ccccc12)c1ccccc1,4.0
COC(=O)C(NC(=O)c1cc(-c2ccccc2)nc2ccccc12)c1ccccc1,4.0
CN(Cc1ccccc1)C(=O)[C@@H](Cc1ccccc1)NC(=O)[C@H]1CCCN1/C(S)=N/c1ccccc1[N+](=O)[O-],4.0
CC[C@@H](NC(=O)c1c(OCC(=O)O)c(-c2ccccc2)nc2ccccc12)c1ccccc1,4.0
CC(C)[C@@H]1NC(=O)CNC(=O)[C@@H]2CCCN2C(=O)[C@@H](Cc2c[nH]c3ccccc23)NC(=O)CNC(=O)C(C(O)c2ccc(O)cc2)NC(=O)CNC1=O,4.0
COC(=O)[C@@H](NC(=O)c1cc(-c2ccccc2)nc2ccccc12)c1ccccc1,4.0
CC[C@@H](NC(=O)c1cc(-c2ccccc2)nc2ccccc12)c1ccccc1,4.0
CSCCNS(=O)(=O)c1ccc(N/N=C(\S)N2CCC[C@H]2C(=O)NCc2ccccc2)c([N+](=O)[O-])c1,4.0
O=C(Cc1ccccc1)N[C@H](C(=O)NCCN1CCOCC1)c1ccccc1,4.0
O=C1[C@@H]2C[C@@]3(Cc4cc([N+](=O)[O-])ccc4O)c4ccccc4N[C@H]3N2C(=O)[C@H](Cc2ccccc2)N1Cc1cc([N+](=O)[O-])ccc1O,4.0
CC[C@@H](NC(=O)c1c(OCCO)c(-c2ccccc2)nc2ccccc12)c1ccccc1,4.0
C=CC(C)(C)[C@@]12C[C@H]3C(=O)Nc4ccccc4C(=O)N3[C@@H]1N(C(C)=O)c1ccccc12,3.769551078621726
N#CC1=C(N)OC(c2ccccn2)=C(S(=O)(=O)c2ccccc2)C1c1ccc([N+](=O)[O-])cc1,3.6989700043360187
CN(Cc1ccccc1)C(=O)[C@@H](Cc1ccc2ccccc2c1)NC(=O)[C@@H]1CCCN1C(=O)Nc1ccccc1[N+](=O)[O-],3.562249437179612
Cc1ccc([S+]([O-])C2=C(c3ccccn3)OC(NC(=O)C(F)(F)F)=C(C#N)[C@H]2c2ccc([N+](=O)[O-])cc2)cc1,3.4559319556497243
COC(=O)[C@H](CCSC)NC(=O)[C@H](CC(C)C)NC(=O)[C@@H](Cc1c[nH]c2ccccc12)NC(=O)[C@H](Cc1ccccc1)NC(=O)[C@@H](Cc1ccccc1)NC(=O)[C@H](CCCCNC(=O)OCc1ccccc1)NC(=O)[C@H](CC(N)=O)NC(=O)[C@@H]1CCCN1C(=O)[C@H](CCCCNC(=O)OCc1ccccc1)NC(=O)[C@@H]1CCCN1C(=O)[C@H](CCCN=C(N)N)NC(=O)OCc1ccccc1,3.3010299956639813
COC(=O)[C@H](CCSC)NC(=O)[C@H](CC(C)C)NC(=O)[C@@H](Cc1c[nH]c2ccccc12)NC(=O)[C@H](Cc1ccccc1)NC(=O)[C@@H](Cc1ccccc1)NC(=O)[C@H](CCCN=C(N)N)NC(=O)[C@H](CC(N)=O)NC(=O)OC(C)(C)C,3.3010299956639813
