SMILES,pIC50
O=C(NCc1cc(C(F)(F)F)cc(C(F)(F)F)c1)c1c(CO)nc2ccccc2c1-c1ccccc1,13.0
NCc1nc2ccccc2c(-c2ccccc2)c1C(=O)NCc1cc(C(F)(F)F)cc(C(F)(F)F)c1,11.7695510786217
C[C@@H](NC(=O)[C@@H](N)Cc1ccc(O)cc1)C(=O)N[C@@H](Cc1c[nH]c2ccccc12)C(=O)OCc1cc(C(F)(F)F)cc(C(F)(F)F)c1,11.397940008672
CC(=O)N[C@H]1CC[C@@](CO[C@H](C)c2cc(C(F)(F)F)cc(C(F)(F)F)c2)(c2ccccc2)NC1,11.0
O=C(NCc1cc(C(F)(F)F)cc(C(F)(F)F)c1)c1c(CBr)nc2ccccc2c1-c1ccccc1,11.0
CNCc1nc2ccccc2c(-c2ccccc2)c1C(=O)NCc1cc(C(F)(F)F)cc(C(F)(F)F)c1,10.9586073148418
COc1ccc(OC(F)(F)F)cc1CN[C@H]1CCCN[C@H]1c1ccccc1,10.9208187539524
C[C@@H](O[C@H]1CN2C(=O)C=CCC2[C@@H]1c1ccc(F)cc1)c1cc(C(F)(F)F)cc(C(F)(F)F)c1,10.8860566476932
Cc1cc(O)cc(C)c1C[C@H](N)C(=O)N[C@H](C)C(=O)N[C@@H](Cc1c[nH]c2ccccc12)C(=O)OCc1cc(C(F)(F)F)cc(C(F)(F)F)c1,10.7958800173441
COc1ccc(-n2nnnc2C(F)(F)F)cc1CN[C@H]1CCN(C(=O)CNC(C)=O)C[C@H]1c1ccccc1,10.7695510786217
Cc1cc(F)ccc1[C@H]1CN(C(=O)C(N)=O)CC[C@@H]1C(=O)N(C)[C@@H](C)c1cc(C(F)(F)F)cc(C(F)(F)F)c1,10.7695510786217
C[C@@H](OCC1(c2ccccc2)CC(N)C1)c1cc(C(F)(F)F)cc(C(F)(F)F)c1,10.698970004336
Cc1cc(F)ccc1[C@H]1CN(C(=O)C(N)=O)CC[C@@H]1C(=O)N(C)Cc1cc(C(F)(F)F)cc(C(F)(F)F)c1,10.698970004336
COc1ccc(-n2nnnc2C(F)(F)F)cc1CN[C@H]1CCN(C(=O)CCCNC(C)=O)C[C@H]1c1ccccc1,10.602059991328
COc1ccc(-n2nnnc2C(F)(F)F)cc1CN[C@H]1CCCN[C@H]1c1ccccc1,10.5999803649348
CC(=O)N1CCC(C(=O)N2C[C@H](c3ccc(F)cc3)[C@@H](N(C)C(=O)N(C)c3cc(C(F)(F)F)cc(C(F)(F)F)c3)C2)CC1,10.568636235841
CC(=O)N1CCC(C(=O)N2C[C@@H](N(C)C(=O)N(C)c3cc(Cl)cc(Cl)c3)[C@H](c3ccc(F)cc3)C2)CC1,10.537602002101
CC(=O)N1CCC(C(=O)N2C[C@@H](c3noc(C(C)(C)c4cc(C(F)(F)F)cc(C(F)(F)F)c4)n3)[C@H](c3ccc(F)cc3C)C2)CC1,10.5228787452803
CN(C(=O)N(C)[C@@H]1CN(C(=O)N2CCN(S(C)(=O)=O)CC2)C[C@H]1c1ccc(F)cc1)c1cc(C(F)(F)F)cc(C(F)(F)F)c1,10.5228787452803
CN(Cc1cc(C(F)(F)F)cc(C(F)(F)F)c1)C(=O)c1cnc2ccccc2c1-c1ccccc1,10.5228787452803
C[C@@H](NC(=O)[C@@H](N)Cc1ccc(O)cc1)C(=O)NCC(=O)N[C@@H](Cc1c[nH]c2ccccc12)C(=O)OCc1cc(C(F)(F)F)cc(C(F)(F)F)c1,10.5228787452803
CC(=O)N1CCC(C(=O)N2CC[C@@H](N(C)C(=O)N(C)c3cc(C(F)(F)F)cc(C(F)(F)F)c3)[C@H](c3ccc(Cl)c(Cl)c3)C2)CC1,10.5086383061657
COc1ccc(-c2ccsc2)cc1CN[C@H]1CCCN[C@H]1c1ccccc1,10.5000381344038
CC(=O)N1CCC(C(=O)N2CC[C@H](C(=O)N(C)Cc3cc(C(F)(F)F)cc(C(F)(F)F)c3)[C@@H](c3ccccc3C)C2)CC1,10.4948500216801
CC(=O)N1CCC(C(=O)N2CC(c3ccc(F)cn3)[C@H](N(C)C(=O)N(C)c3cc(C(F)(F)F)cc(C(F)(F)F)c3)C2)CC1,10.4948500216801
Cc1cc(F)ccc1[C@H]1CN(C(N)=O)CC[C@@H]1C(=O)N(C)Cc1cc(C(F)(F)F)cc(C(F)(F)F)c1,10.4559319556497
CCNC(=O)N1CC[C@H](NCc2cc(-n3nnnc3C(F)(F)F)ccc2OC)[C@H](c2ccccc2)C1,10.4089353929735
CN(C(=O)N(C)[C@@H]1CN(C(=O)NC2CCOCC2)C[C@H]1c1ccc(F)cc1)c1cc(C(F)(F)F)cc(C(F)(F)F)c1,10.4089353929735
COc1ccc(-n2nnnc2SC)cc1CN[C@H]1CCCN[C@H]1c1ccccc1,10.4000078224159
COc1ccc(-n2cnnn2)cc1CN[C@H]1CCCN[C@H]1c1ccccc1,10.4000078224159
CCCc1nnnn1-c1ccc(OC)c(CN[C@H]2CCCN[C@H]2c2ccccc2)c1,10.4000078224159
C[C@@H](O[C@H]1CN2C(=O)C(C)(O)C[C@H]2[C@@H]1c1ccc(F)cc1)c1cc(C(F)(F)F)cc(C(F)(F)F)c1,10.397940008672
C[C@@H](O[C@H]1CN2C(=O)C=C(C3CCN(C(C)(C)C)CC3)CC2[C@@H]1c1ccc(F)cc1)c1cc(C(F)(F)F)cc(C(F)(F)F)c1,10.3872161432803
CC(=O)NCC(=O)N1CC[C@H](C(=O)N(C)Cc2cc(C(F)(F)F)cc(C(F)(F)F)c2)[C@@H](c2ccc(F)cc2C)C1,10.3665315444204
CCNC(=O)N1CC[C@H](NCc2cc(-n3nnnc3C(F)(F)F)ccc2OC2CC2)[C@H](c2ccccc2)C1,10.3565473235138
Cc1cc(F)ccc1[C@H]1CN(C(=O)C(=O)NO)CC[C@@H]1C(=O)N(C)Cc1cc(C(F)(F)F)cc(C(F)(F)F)c1,10.3372421683184
CC(=O)N1CCC(C(=O)N2CC[C@H](C(=O)N(C)Cc3cc(C(F)(F)F)cc(C(F)(F)F)c3)[C@@H](c3ccc(F)cc3C)C2)CC1,10.3279021420643
CNC(=O)N1CC[C@H](C(=O)N(C)Cc2cc(C(F)(F)F)cc(C(F)(F)F)c2)[C@@H](c2ccc(F)cc2C)C1,10.3187587626244
COC(=O)N[C@H]1CC[C@H](C(=O)N2C[C@@H](N(C)C(=O)N(C)c3cc(C(F)(F)F)cc(C(F)(F)F)c3)[C@H](c3ccc(F)cc3)C2)CC1,10.3098039199715
COc1ccc(-n2nnnc2C(F)(F)F)cc1CN[C@H]1CCN(C(C)=O)C[C@H]1c1ccccc1,10.3098039199715
O=c1[nH]nc(CN2CCC[C@H](OCc3cc(C(F)(F)F)cc(C(F)(F)F)c3)[C@@H]2c2ccccc2)[nH]1,10.301029995664
CC(=O)N1CCC(C(=O)N2C[C@H](C(=O)N(C)Cc3cc(C(F)(F)F)cc(C(F)(F)F)c3)[C@@H](c3ccc(F)cc3C)C2)CC1,10.301029995664
CC(=O)N1CCC(C(=O)N2C[C@H](C(=O)N(C)C(C)(C)c3cc(C(F)(F)F)cc(C(F)(F)F)c3)[C@@H](c3ccc(F)cc3C)C2)CC1,10.301029995664
C[C@@H](O[C@H]1CN2C(=O)C(n3cnnc3)C[C@H]2[C@@H]1c1ccc(F)cc1)c1cc(C(F)(F)F)cc(C(F)(F)F)c1,10.301029995664
COc1ccc(-c2c(C)noc2C)cc1CN[C@H]1CCCN[C@H]1c1ccccc1,10.2999889376779
COc1ccc(Br)cc1CN[C@H]1CCCN[C@H]1c1ccccc1,10.2999889376779
CCc1nnnn1-c1ccc(OC)c(CN[C@H]2CCCN[C@H]2c2ccccc2)c1,10.2999889376779
Cc1cc(F)ccc1-c1cc(C2CNC(=O)C2CO)ncc1N(C)C(=O)C(C)(C)c1cc(C(F)(F)F)cc(C(F)(F)F)c1,10.2999889376779
COc1ccc(-n2nnnc2C)cc1CN[C@H]1CCCN[C@H]1c1ccccc1,10.2999889376779
CC(=O)N1CCC(C(=O)N2CC[C@H](C(=O)N(C)Cc3cc(C(F)(F)F)cc(C(F)(F)F)c3)[C@@H](c3ccc(F)cc3)C2)CC1,10.2839966563652
COc1ccc(-n2nnnc2C(F)(F)F)cc1CN[C@H]1CCN(C(=O)CCNC(C)=O)C[C@H]1c1ccccc1,10.267606240177
COC(=O)N1CC[C@H](NCc2cc(-n3nnnc3C(F)(F)F)ccc2OC)[C@H](c2ccccc2)C1,10.267606240177
COc1ccc(-n2nnnc2C(F)(F)F)cc1CN[C@H]1CCN(C(=O)NC2CC2)C[C@H]1c1ccccc1,10.2518119729938
COc1ccc(-n2nnnc2C(F)(F)F)cc1CN[C@H]1CCN(C(=O)NCC(F)(F)F)C[C@H]1c1ccccc1,10.2441251443275
COc1ccc(-n2nnnc2C(F)(F)F)cc1CN[C@H]1CCN(C(=O)C2CN(C(C)=O)C2)C[C@H]1c1ccccc1,10.2441251443275
CC(C)NC(=O)N1C[C@@H](O[C@H](C)c2cc(C(F)(F)F)cc(C(F)(F)F)c2)[C@H](c2ccc(F)cc2)C1,10.2218487496164
C[C@@H](O[C@H]1CN2C(=O)C(N)C[C@H]2[C@@H]1c1ccc(F)cc1)c1cc(C(F)(F)F)cc(C(F)(F)F)c1,10.2218487496164
C[C@@H](O[C@H]1CN2C(=O)CC[C@H]2[C@@H]1c1ccc(F)cc1)c1cc(C(F)(F)F)cc(C(F)(F)F)c1,10.2218487496164
C[C@@H](O[C@H]1CC[C@@H]2CN(C3=CC(=O)CC3)C[C@H]2[C@@H]1c1ccc(F)cc1)c1cc(C(F)(F)F)cc(C(F)(F)F)c1,10.2218487496164
C[C@@H](O[C@H]1CN2C(=O)CC(C)(O)[C@H]2[C@@H]1c1ccc(F)cc1)c1cc(C(F)(F)F)cc(C(F)(F)F)c1,10.2218487496164
C[C@@H](O[C@H]1CN2C(=O)C(NCc3ccn[nH]3)C[C@H]2[C@@H]1c1ccc(F)cc1)c1cc(C(F)(F)F)cc(C(F)(F)F)c1,10.2218487496164
Cc1ccccc1[C@H]1[C@@H]2CN(C3=NC(=O)CO3)C[C@H]2CC[C@@H]1O[C@H](CO)c1cc(C(F)(F)F)cc(C(F)(F)F)c1,10.2218487496164
C[C@@H](O[C@H]1CN2C(=O)[C@H]3C[C@@H](O)C[C@H]3[C@H]2[C@@H]1c1ccc(F)cc1)c1cc(C(F)(F)F)cc(C(F)(F)F)c1,10.2218487496164
C[C@@H](O[C@H]1CN2C(=O)NC[C@H]2[C@@H]1c1ccc(F)cc1)c1cc(C(F)(F)F)cc(C(F)(F)F)c1,10.2218487496164
C[C@@H](O[C@H]1CN2C(=O)[C@H]3C[C@@](C)(O)C[C@H]3[C@H]2[C@@H]1c1ccc(F)cc1)c1cc(C(F)(F)F)cc(C(F)(F)F)c1,10.2146701649892
Cc1cc(F)ccc1[C@H]1C[C@@H](N2CCN3C(=O)CC[C@H]3C2)CCN1C(=O)N(C)[C@H](C)c1cc(C(F)(F)F)cc(C(F)(F)F)c1,10.1999706407559
Cc1cc(F)ccc1-c1cc(C2CN(C)C(=O)C2CO)ncc1N(C)C(=O)C(C)(C)c1cc(C(F)(F)F)cc(C(F)(F)F)c1,10.1999706407559
COc1ccc(-c2ccncc2)cc1CN[C@H]1CCCN[C@H]1c1ccccc1,10.1999706407559
COc1ccc(-c2ccoc2)cc1CN[C@H]1CCCN[C@H]1c1ccccc1,10.1999706407559
COc1ccc(-n2nnnc2S(C)(=O)=O)cc1CN[C@H]1CCCN[C@H]1c1ccccc1,10.1999706407559
CCc1ccccc1[C@H]1CN(C(=O)C2CCN(C(C)=O)CC2)CC[C@@H]1C(=O)N(C)Cc1cc(C(F)(F)F)cc(C(F)(F)F)c1,10.1938200260161
Cc1cc(F)ccc1[C@H]1C[C@H](N2CCN3C(=O)CC[C@H]3C2)CCN1C(=O)N(C)[C@H](C)c1cc(C(F)(F)F)cc(C(F)(F)F)c1,10.1899692135942
C[C@@H](O[C@H]1CN2C(=O)[C@H]3C[C@](C)(O)C[C@H]3[C@H]2[C@@H]1c1ccc(F)cc1)c1cc(C(F)(F)F)cc(C(F)(F)F)c1,10.1804560644581
C[C@@H](O[C@H]1CN2C(=O)C=C(C3COC(=O)C3)CC2[C@@H]1c1ccc(F)cc1)c1cc(C(F)(F)F)cc(C(F)(F)F)c1,10.1804560644581
CC(=O)N1CCC(C(=O)N2C[C@@H](O[C@H](C)c3cc(C(F)(F)F)cc(C(F)(F)F)c3)[C@H](c3ccc(F)cc3)C2)CC1,10.1549019599857
CN(C(=O)N(C)[C@@H]1CN(C(=O)C2CCN(C(=O)C(C)(C)O)CC2)C[C@H]1c1ccc(F)cc1)c1cc(C(F)(F)F)cc(C(F)(F)F)c1,10.1549019599857
CC(=O)N1CCC(C(=O)N2C[C@H](c3nc(C(C)(C)c4cc(C(F)(F)F)cc(C(F)(F)F)c4)no3)[C@@H](c3ccc(F)cc3C)C2)CC1,10.1549019599857
CC(=O)N1CCC(C(=O)N2C[C@H](c3noc(C(C)(C)c4cc(C(F)(F)F)cc(C(F)(F)F)c4)n3)[C@@H](c3ccc(F)cc3C)C2)CC1,10.1549019599857
O=c1[nH]nc(CN2CCO[C@H](OCc3cc(C(F)(F)F)cc(C(F)(F)F)c3)[C@@H]2c2ccc(F)cc2)[nH]1,10.1549019599857
CC(=O)N1C[C@@H](O[C@H](C)c2cc(C(F)(F)F)cc(C(F)(F)F)c2)[C@H](c2ccc(F)cc2)C1,10.1549019599857
C[C@@H](O[C@@H]1CN(C2=CC(=O)CC2)C[C@H]1c1ccccc1)c1cc(C(F)(F)F)cc(C(F)(F)F)c1,10.1549019599857
C[C@@H](O[C@H]1CN2C(=O)CC(n3cnnc3)[C@H]2[C@@H]1c1ccc(F)cc1)c1cc(C(F)(F)F)cc(C(F)(F)F)c1,10.1549019599857
C[C@@H](O[C@H]1CN2C(=O)CC(O)[C@H]2[C@@H]1c1ccc(F)cc1)c1cc(C(F)(F)F)cc(C(F)(F)F)c1,10.1549019599857
CN(C(=O)N(C)[C@@H]1CCN(C2CCS(=O)(=O)CC2)C[C@H]1c1ccc(F)cc1)c1cc(C(F)(F)F)cc(C(F)(F)F)c1,10.1366771398795
CONC(=O)N1CC[C@H](C(=O)N(C)Cc2cc(C(F)(F)F)cc(C(F)(F)F)c2)[C@@H](c2ccc(F)cc2C)C1,10.1366771398795
CC(=O)N1CCC(C(=O)N2CC(c3ccc(Cl)c(Cl)c3)[C@H](N(C)C(=O)N(C)c3cc(C(F)(F)F)cc(C(F)(F)F)c3)C2)CC1,10.1249387366083
COc1ccc(-n2nnnc2C(F)(F)F)cc1CN[C@H]1CCN(S(C)(=O)=O)C[C@H]1c1ccccc1,10.1249387366083
Cc1nc2ccccc2c(-c2ccccc2)c1C(=O)NCc1cc(C(F)(F)F)cc(C(F)(F)F)c1,10.1249387366083
Cc1cc(F)ccc1[C@H]1C[C@@H](N(C)C)CCN1C(=O)N(C)Cc1cc(C(F)(F)F)cc(C(F)(F)F)c1,10.1000154374506
O=C(N[C@H]1CCN(C(=O)c2cc(C(F)(F)F)cc(C(F)(F)F)c2)[C@H](Cc2ccc(Cl)cc2)C1)c1ccnc2ccccc12,10.1000154374506
C[C@@H](O[C@H]1OCCN(Cc2n[nH]c(=O)[nH]2)[C@H]1c1ccc(F)cc1)c1cc(C(F)(F)F)cc(C(F)(F)F)c1,10.1000154374506
Cc1cc(F)ccc1-c1cc(C2NC(=O)CC2CO)ncc1N(C)C(=O)C(C)(C)c1cc(C(F)(F)F)cc(C(F)(F)F)c1,10.1000154374506
COc1ccc(-n2nnnc2C2CC2)cc1CN[C@H]1CCCN[C@H]1c1ccccc1,10.1000154374506
COc1ccc(SC)cc1CN[C@H]1CCCN[C@H]1c1ccccc1,10.1000154374506
C[C@@H](O[C@H]1CN2C(=O)[C@H]3C[C@H](O)C[C@H]3[C@H]2[C@@H]1c1ccc(F)cc1)c1cc(C(F)(F)F)cc(C(F)(F)F)c1,10.0969100130081
COc1ccc(-n2nnnc2C(F)(F)F)cc1C1=CC2(CCCN[C@H]2c2ccccc2)OC1,10.0969100130081
C[C@@H](O[C@H]1CN2C(=O)CC(C)(N)[C@H]2[C@@H]1c1ccc(F)cc1)c1cc(C(F)(F)F)cc(C(F)(F)F)c1,10.0969100130081
C[C@@H](O[C@H]1CN2C(=O)C(O)C[C@H]2[C@@H]1c1ccc(F)cc1)c1cc(C(F)(F)F)cc(C(F)(F)F)c1,10.0969100130081
C[C@@H](O[C@H]1CN2C(=O)CC(N)[C@H]2[C@@H]1c1ccc(F)cc1)c1cc(C(F)(F)F)cc(C(F)(F)F)c1,10.0969100130081
COc1ccc(-n2nnnc2C(F)(F)F)cc1CN[C@H]1CCN(C(=O)NC(C)C)C[C@H]1c1ccccc1,10.0915149811214
Cc1cc(F)ccc1[C@H]1C[C@@H](N2CCC2)CCN1C(=O)N(C)Cc1cc(C(F)(F)F)cc(C(F)(F)F)c1,10.0900163050602
COc1ccc(-n2nnnc2C(F)(F)F)cc1CN[C@H]1CCN(C(=O)CN(C)C(C)=O)C[C@H]1c1ccccc1,10.0757207139381
c1ccc(CN[C@H]2C3CCN(CC3)[C@H]2C(c2ccccc2)c2ccccc2)cc1,10.0705810742857
CCNC(=O)N1CC[C@H](NCc2cc(-n3nnnc3C(F)(F)F)ccc2OCC)[C@H](c2ccccc2)C1,10.0655015487564
Cc1cnc(C(=O)N2C[C@H](C(=O)N(C)Cc3cc(C(F)(F)F)cc(C(F)(F)F)c3)[C@@H](c3ccc(F)cc3C)C2)cn1,10.0457574905607
CS(=O)(=O)NCC1CC2(c3ccc(F)cc3)NC1CCC2NCc1cc(OC(F)(F)F)ccc1OC1CC1,10.0457574905607
C[C@H](O[C@H]1OCCN(Cc2n[nH]c(O)n2)[C@H]1c1ccccc1)c1cc(C(F)(F)F)cc(C(F)(F)F)c1,10.0457574905607
C[C@@H](O[C@H]1CN2C(=O)C3CN(C4=CC(=O)CC4)CC3[C@H]2[C@@H]1c1ccc(F)cc1)c1cc(C(F)(F)F)cc(C(F)(F)F)c1,10.0457574905607
C[C@@H](O[C@H]1CN2C(=O)C=C(C3CCOCC3)CC2[C@@H]1c1ccc(F)cc1)c1cc(C(F)(F)F)cc(C(F)(F)F)c1,10.0457574905607
COc1ccc(OC)c(CN[C@H]2CCCN[C@H]2c2ccccc2)c1,10.0457574905607
O=c1[nH]nc(CN2CCO[C@H](OCc3cc(C(F)(F)F)cc(C(F)(F)F)c3)[C@@H]2c2ccccc2)[nH]1,10.0457574905607
CC(=O)N1C[C@@H](O[C@H](C)c2cc(C(F)(F)F)cc(C(F)(F)F)c2)[C@H](c2ccccc2)C1,10.0457574905607
C[C@@H]1NC(=O)CC[C@H](O[C@H](C)c2cc(C(F)(F)F)cc(C(F)(F)F)c2)[C@H]1c1ccc(F)cc1,10.0457574905607
C[C@@H](O[C@H]1CN2C(=O)[C@H]3C[C@@H](N)C[C@H]3[C@H]2[C@@H]1c1ccc(F)cc1)c1cc(C(F)(F)F)cc(C(F)(F)F)c1,10.0457574905607
CC1CC(N2C[C@@H](O[C@H](C)c3cc(C(F)(F)F)cc(C(F)(F)F)c3)[C@H](c3ccc(F)cc3)C2)=CC1=O,10.0457574905607
CNC(=O)N1C[C@H]2CC[C@H](O[C@H](C)c3cc(C(F)(F)F)cc(C(F)(F)F)c3)[C@@H](c3ccc(F)cc3)[C@@H]2C1,10.0457574905607
C[C@@H](O[C@H]1OCCN(Cc2n[nH]c(=O)[nH]2)[C@H]1c1ccccc1)c1cc(C(F)(F)F)cc(C(F)(F)F)c1,10.0457574905607
CCC(=O)N1C[C@@H](O[C@H](C)c2cc(C(F)(F)F)cc(C(F)(F)F)c2)[C@H](c2ccc(F)cc2)C1,10.0457574905607
CC(=O)N1CCC(C(=O)N2CC[C@@H](N(C)C(=O)c3cc(C(F)(F)F)cc(C(F)(F)F)c3)[C@H](c3ccc(Cl)c(Cl)c3)C2)CC1,10.0362121726544
CCNC(=O)N1CC[C@H](NCc2cc(-n3nnnc3C(F)(F)F)cc3c2OCC3)[C@H](c2ccccc2)C1,10.0315170514461
CC(=O)N1CCC(C(=O)N2CC[C@@H](C(=O)N(C)Cc3cc(C(F)(F)F)cc(C(F)(F)F)c3)[C@H](c3ccccc3)C2)CC1,10.0087739243075
COc1ccc(-n2nnnc2C(F)(F)F)cc1[C@H]1COCC2(C1)OCCN(Cc1n[nH]c(O)n1)[C@H]2c1ccc(F)cc1,10.0
FC(F)(F)Oc1ccc(OC2CC2)c(CNC2CCC3CCC2(c2ccccc2)N3)c1,10.0
COc1ccc(-n2nnnc2C(F)(F)F)cc1[C@H]1COCC2(C1)OCCN[C@H]2c1ccc(F)cc1,10.0
COc1ccc(-n2nnnc2C(F)(F)F)cc1CN[C@H]1CCN(C(=O)C2CCN(C(C)=O)CC2)C[C@H]1c1ccccc1,10.0
COc1cc2c(cc1CN[C@H]1CCCN[C@H]1c1ccccc1)C(C(F)(F)F)OC2,10.0
COc1cccc(-n2nnnc2C(F)(F)F)c1[C@H]1CO[C@@]2(C1)OCCN[C@H]2c1ccc(F)cc1,10.0
C[C@@H](O[C@H]1OCCN(Cc2n[nH]c(O)n2)[C@H]1c1ccccc1)c1cc(F)cc(C(F)(F)F)c1,10.0
CN(C[C@@H](CCN1CCC(c2ccccc2[S@+](C)[O-])CC1)c1ccc(Cl)c(Cl)c1)C(=O)c1cc(C#N)cc2ccccc12,10.0
Cc1cc(F)ccc1-c1cc(C2CC(=O)NC2(CO)CO)ncc1N(C)C(=O)C(C)(C)c1cc(C(F)(F)F)cc(C(F)(F)F)c1,10.0
CCNC(=O)N1C[C@@H](O[C@H](C)c2cc(C(F)(F)F)cc(C(F)(F)F)c2)[C@H](c2ccc(F)cc2)C1,10.0
C[C@@H](O[C@H]1CN2C(=O)C=C(c3cc[n+]([O-])cc3)CC2[C@@H]1c1ccc(F)cc1)c1cc(C(F)(F)F)cc(C(F)(F)F)c1,10.0
COc1ccc(C(C(F)(F)F)C(F)(F)F)cc1CN[C@H]1CCCN[C@H]1c1ccccc1,10.0
CC1=C(N2C[C@H]3CC[C@H](O[C@H](C)c4cc(C(F)(F)F)cc(C(F)(F)F)c4)[C@@H](c4ccc(F)cc4)[C@@H]3C2)CCC1=O,10.0
COc1cc2c(cc1CN[C@H]1CCCN[C@H]1c1ccccc1)C(C)(C(F)(F)F)CC2,10.0
COc1ccc(C(C)(F)C(F)(F)F)cc1CN[C@H]1CCCN[C@H]1c1ccccc1,10.0
COc1cc2c(cc1CN[C@H]1CCCN[C@H]1c1ccccc1)C(C)(C(F)(F)F)CCC2,10.0
COc1cc2c(cc1CN[C@H]1CCCN[C@H]1c1ccccc1)C(C(F)(F)F)CCC2,10.0
COc1ccc(C(OC)C(F)(F)F)cc1CN[C@H]1CCCN[C@H]1c1ccccc1,10.0
COc1cc2c(cc1CN[C@H]1CCCN[C@H]1c1ccccc1)C(C)(C(F)(F)F)OC2,10.0
CC(=O)N[C@H]1C[C@@](CO[C@H](C)c2cc(C(F)(F)F)cc(C(F)(F)F)c2)(c2ccccc2)C1,10.0
C[C@@H](OC[C@@]1(c2ccccc2)CC[C@H](n2cn[nH]c2=O)CN1)c1cc(C(F)(F)F)cc(C(F)(F)F)c1,10.0
COc1cc2c(cc1CN[C@H]1CCCN[C@H]1c1ccccc1)[C@](C)(C(F)(F)F)OCC2,10.0
COc1ccc(-n2nnnc2C(F)(F)F)cc1[C@H]1COC2(CCCN(Cc3n[nH]c(O)n3)C2c2ccccc2)C1,10.0
OCC1CC2(c3ccccc3)NC1CCC2NCc1cc(OC(F)(F)F)ccc1OC1CC1,9.95860731484178
C[C@@H](O[C@H]1CN2C(=O)[C@H]3C[C@H](N)C[C@H]3[C@H]2[C@@H]1c1ccc(F)cc1)c1cc(C(F)(F)F)cc(C(F)(F)F)c1,9.95860731484178
CC(=O)N1CCC(C(=O)N2CC[C@@H](N(C)C(=O)N(C)c3cc(C(F)(F)F)cc(C(F)(F)F)c3)[C@H](c3ccc(F)cc3)C2)CC1,9.95860731484178
Cc1noc(C)c1C1=CC(=O)N2C[C@H](O[C@H](C)c3cc(C(F)(F)F)cc(C(F)(F)F)c3)[C@@H](c3ccc(F)cc3)C2C1,9.95860731484178
C[C@@H](O[C@H]1CN2C(=O)C=C(c3ccnc(F)c3)CC2[C@@H]1c1ccc(F)cc1)c1cc(C(F)(F)F)cc(C(F)(F)F)c1,9.95860731484178
CNC(=O)C(=O)N1CC[C@H](C(=O)N(C)Cc2cc(C(F)(F)F)cc(C(F)(F)F)c2)[C@@H](c2ccc(F)cc2C)C1,9.95860731484178
COc1ccccc1N1CCN(C(=O)CCc2c(-c3ccc(Cl)cc3)n(C)c3ccc(C)cc23)CC1,9.95860731484178
C[C@@H](O[C@@H]1CN(C2=CC(=O)CC2)C[C@H]1c1ccc(F)cc1)c1cc(C(F)(F)F)cc(C(F)(F)F)c1,9.95860731484178
C[C@@H](O[C@H]1CN2C(=O)C=C(c3ncco3)CC2[C@@H]1c1ccc(F)cc1)c1cc(C(F)(F)F)cc(C(F)(F)F)c1,9.95860731484178
CC1CC(=O)C=C1N1C[C@@H](O[C@H](C)c2cc(C(F)(F)F)cc(C(F)(F)F)c2)[C@H](c2ccc(F)cc2)C1,9.95860731484178
CNC(=O)N1C[C@@H](O[C@H](C)c2cc(C(F)(F)F)cc(C(F)(F)F)c2)[C@H](c2ccc(F)cc2)C1,9.95860731484178
COc1ccc(-n2nnnc2C(F)(F)F)cc1[C@H]1COC2(CCCNC2c2ccccc2)C1,9.95860731484178
COc1ccc(N(C)S(C)(=O)=O)cc1CN[C@H]1CCCN[C@H]1c1ccccc1,9.95860731484178
CC(=O)N1C[C@H]2CC[C@H](O[C@H](C)c3cc(C(F)(F)F)cc(C(F)(F)F)c3)[C@@H](c3ccc(F)cc3)[C@@H]2C1,9.95860731484178
COc1ccc(-n2nnnc2C(F)(F)F)cc1[C@H]1COC2(CCCN(Cc3c[nH]cn3)C2c2ccccc2)C1,9.95860731484178
CC(=O)N1CCN([C@H]2CCN(C(=O)N(C)Cc3cc(C(F)(F)F)cc(C(F)(F)F)c3)[C@@H](c3ccc(F)cc3C)C2)CC1,9.92996213339225
Cc1ccc(-c2c(CCC(=O)N3CCC(O)(Cc4ccccc4)CC3)c3cc(Cl)ccc3n2C)cn1,9.92081875395238
CC(=O)N1CCC(C(=O)N2C[C@H](C(=O)N(C)Cc3cc(C(F)(F)F)cc(C(F)(F)F)c3)[C@@H](c3ccccc3)C2)CC1,9.92081875395238
Cn1c(-c2ccc(C(F)(F)F)cn2)c(CCC(=O)N2CCC(O)(Cc3ccccc3)CC2)c2cc(Cl)ccc21,9.92081875395238
Cc1cnc(C(=O)N2C[C@@H](O[C@H](C)c3cc(C(F)(F)F)cc(C(F)(F)F)c3)[C@H](c3ccc(F)cc3)C2)cn1,9.92081875395238
C[C@@H](O[C@@H]1CN(C(=O)[C@@H]2CCC(=O)N2C)C[C@H]1c1ccc(F)cc1)c1cc(C(F)(F)F)cc(C(F)(F)F)c1,9.92081875395238
C[C@@H](O[C@@H]1CN(C2=CC(=O)N(C)C2)C[C@H]1c1ccc(F)cc1)c1cc(C(F)(F)F)cc(C(F)(F)F)c1,9.92081875395238
C[C@@H](O[C@H]1CCC(=O)N(C)C[C@@H]1c1ccc(F)cc1)c1cc(C(F)(F)F)cc(C(F)(F)F)c1,9.92081875395238
COc1ccc(-n2ncnn2)cc1CN[C@H]1CCCN[C@H]1c1ccccc1,9.89997426989214
CC(=O)N1CCN([C@H]2CCN(C(=O)N(C)[C@H](C)c3cc(C(F)(F)F)cc(C(F)(F)F)c3)[C@@H](c3ccc(F)cc3C)C2)CC1,9.89997426989214
C[C@@H](O[C@H]1CN2C(=O)CC(NCc3ccn[nH]3)[C@H]2[C@@H]1c1ccc(F)cc1)c1cc(C(F)(F)F)cc(C(F)(F)F)c1,9.88605664769316
C[C@@H](O[C@H]1CN2C(=O)C=C(c3cnn(C)c3)CC2[C@@H]1c1ccc(F)cc1)c1cc(C(F)(F)F)cc(C(F)(F)F)c1,9.88605664769316
C[C@@H](O[C@@H]1CN(C2=CC(=O)CC(C)(C)C2)C[C@H]1c1ccccc1)c1cc(C(F)(F)F)cc(C(F)(F)F)c1,9.88605664769316
CC1=C(N2C[C@@H](O[C@H](C)c3cc(C(F)(F)F)cc(C(F)(F)F)c3)[C@H](c3ccc(F)cc3)C2)CCC1=O,9.88605664769316
C[C@@H](O[C@H]1CN2C(=O)C(NCc3nn[nH]c3CN(C)C)C[C@H]2[C@@H]1c1ccc(F)cc1)c1cc(C(F)(F)F)cc(C(F)(F)F)c1,9.88605664769316
COc1ccc(-n2nnnc2C(F)(F)F)cc1CN[C@H]1CCN(C(=O)N(C)C)C[C@H]1c1ccccc1,9.88605664769316
C[C@@H](O[C@H]1CC[C@@H]2CN(C3=CC(=O)CCC3)C[C@H]2[C@@H]1c1ccc(F)cc1)c1cc(C(F)(F)F)cc(C(F)(F)F)c1,9.88605664769316
COc1ccc(OC(F)(F)F)cc1CNC1CCC2CCC1(c1ccccc1)N2,9.88605664769316
FC(F)(F)c1cc(CO[C@H]2OCCN(Cn3cncn3)[C@H]2c2ccccc2)cc(C(F)(F)F)c1,9.88605664769316
CN(C(=O)CN1CCN(C(=O)CCc2c(-c3ccc(Cl)cc3)n(C)c3ccc(Cl)cc23)CC1)c1ccccc1,9.88605664769316
Cc1cc(F)ccc1[C@H]1C[C@H](N2CCN3C(=O)CC[C@@H]3C2)CCN1C(=O)N(C)[C@H](C)c1cc(C(F)(F)F)cc(C(F)(F)F)c1,9.86012091359876
COc1ccccc1N1CCN(C(=O)CCc2c(-c3ccc(C(F)(F)F)cc3)n(C)c3ccc(C)cc23)CC1,9.85387196432176
COc1ccc(Cl)cc1CN[C@H]1CCCN[C@H]1c1ccccc1,9.85387196432176
C[C@@H](O[C@@H]1CN(C(=O)NC(C)(C)C)C[C@H]1c1ccc(F)cc1)c1cc(C(F)(F)F)cc(C(F)(F)F)c1,9.85387196432176
C[C@@H](O[C@H]1CN2C(=O)[C@@H]3C[C@@H](NCc4ccccc4)C[C@@H]3[C@H]2[C@@H]1c1ccc(F)cc1)c1cc(C(F)(F)F)cc(C(F)(F)F)c1,9.85387196432176
C[C@@H](O[C@H]1CN2C(=O)[C@H]3C[C@H](NCc4ccccc4)C[C@H]3[C@H]2[C@@H]1c1ccc(F)cc1)c1cc(C(F)(F)F)cc(C(F)(F)F)c1,9.85387196432176
COc1ccccc1N1CCN(C(=O)CCc2c(-c3ccc(Br)cc3)n(C)c3ccc(C)cc23)CC1,9.85387196432176
C[C@@H](O[C@H]1CCC(=O)NC[C@@H]1c1ccc(F)cc1)c1cc(C(F)(F)F)cc(C(F)(F)F)c1,9.85387196432176
CC(=O)N1CCC(C(=O)N2CC[C@H](C(=O)N(C)Cc3cc(C(F)(F)F)cc(C(F)(F)F)c3)[C@@H](c3cccc(C)c3)C2)CC1,9.85387196432176
C[C@@H](O[C@H]1CN2C(=O)C=C(c3ccncc3)CC2[C@@H]1c1ccc(F)cc1)c1cc(C(F)(F)F)cc(C(F)(F)F)c1,9.85387196432176
C[C@@H](O[C@H]1CN2C(=O)OC[C@@H]2[C@@H]1c1ccc(F)cc1)c1cc(C(F)(F)F)cc(C(F)(F)F)c1,9.85387196432176
CCOc1ccc(OC(F)(F)F)cc1CN[C@H]1CCCN[C@H]1c1ccccc1,9.85387196432176
C[C@@H](O[C@H]1CC[C@@H](N(C)C[C@@H]2CCC(=O)N2C)[C@@H]1c1ccc(F)cc1)c1cc(C(F)(F)F)cc(C(F)(F)F)c1,9.85387196432176
COc1ccc(C2CCN(CC[C@H](CN(C)C(=O)c3cc(C#N)cc4ccccc34)c3ccc(Cl)c(Cl)c3)CC2)c([S@+](C)[O-])c1,9.85387196432176
Cc1cc(F)ccc1[C@H]1C[C@@H](N2CCCC2)CCN1C(=O)N(C)[C@H](C)c1cc(C(F)(F)F)cc(C(F)(F)F)c1,9.84985783815144
Cc1noc(C2=CC(=O)N3C[C@H](O[C@H](C)c4cc(C(F)(F)F)cc(C(F)(F)F)c4)[C@@H](c4ccc(F)cc4)C3C2)n1,9.82390874094432
Cn1c(-c2ccc(Cl)cc2)c(CCC(=O)N2CCC(O)(Cc3ccccc3)CC2)c2cc(Cl)cnc21,9.82390874094432
C[C@@H](O[C@H]1CC[C@@H]2CNC[C@H]2[C@@H]1c1ccc(F)cc1)c1cc(C(F)(F)F)cc(C(F)(F)F)c1,9.82390874094432
C[C@@H](O[C@H]1CN2C(=O)C=C(c3ccc[n+]([O-])c3)CC2[C@@H]1c1ccc(F)cc1)c1cc(C(F)(F)F)cc(C(F)(F)F)c1,9.82390874094432
C[C@@H](O[C@H]1CN2C(=O)C=C(c3cn[nH]c3)CC2[C@@H]1c1ccc(F)cc1)c1cc(C(F)(F)F)cc(C(F)(F)F)c1,9.82390874094432
COc1ccccc1CN(C[C@@H](Cc1c[nH]c2ccccc12)NC(=O)CN1CCC(N2CCCCC2)CC1)C(C)=O,9.82390874094432
CC(C)C(=O)N1C[C@@H](O[C@H](C)c2cc(C(F)(F)F)cc(C(F)(F)F)c2)[C@H](c2ccc(F)cc2)C1,9.82390874094432
Cc1cc(F)ccc1-c1cc(C2CC(=O)NC2CO)ncc1N(C)C(=O)C(C)(C)c1cc(C(F)(F)F)cc(C(F)(F)F)c1,9.79997073344623
COc1ccc(-c2cncnc2)cc1CN[C@H]1CCCN[C@H]1c1ccccc1,9.79997073344623
COc1ccc(F)cc1CN[C@H]1CCCN[C@H]1c1ccccc1,9.79997073344623
Cc1cc(F)ccc1-c1cc(C2CNC(=O)C2)ncc1N(C)C(=O)C(C)(C)c1cc(C(F)(F)F)cc(C(F)(F)F)c1,9.79997073344623
COc1ccc(-n2cncn2)cc1CN[C@H]1CCCN[C@H]1c1ccccc1,9.79997073344623
COc1ccc(OC(F)(F)F)cc1CN[C@H]1CCN(C(C)=O)C[C@H]1c1ccccc1,9.79588001734408
C[C@@H](O[C@H]1CC[C@@H](N(C)Cc2nc[nH]n2)[C@@H]1c1ccc(F)cc1)c1cc(C(F)(F)F)cc(C(F)(F)F)c1,9.79588001734408
CCN(Cc1nc[nH]n1)[C@@H]1CC[C@H](O[C@H](C)c2cc(C(F)(F)F)cc(C(F)(F)F)c2)[C@H]1c1ccc(F)cc1,9.79588001734408
C[C@@H](O[C@H]1CN2C(=O)C=C(N3CCC(O)CC3)CC2[C@@H]1c1ccc(F)cc1)c1cc(C(F)(F)F)cc(C(F)(F)F)c1,9.79588001734408
C[C@@H](O[C@@H]1CN(C2=CC(=O)OC2)C[C@H]1c1ccc(F)cc1)c1cc(C(F)(F)F)cc(C(F)(F)F)c1,9.79588001734408
Cn1c(-c2ccc(Cl)cc2)c(CCC(=O)N2CCC(O)(Cc3ccccc3)CC2)c2cc(Cl)ccc21,9.79588001734408
C[C@@H](O[C@@H]1CN(C(=O)N2CCOCC2)C[C@H]1c1ccccc1)c1cc(C(F)(F)F)cc(C(F)(F)F)c1,9.79588001734408
CC[C@]1(O)C[C@H]2[C@H]3[C@H](c4ccc(F)cc4)[C@@H](O[C@H](C)c4cc(C(F)(F)F)cc(C(F)(F)F)c4)CN3C(=O)[C@H]2C1,9.79588001734408
C[C@@H](O[C@H]1CN2C(=O)C=C(c3cncnc3)CC2[C@@H]1c1ccc(F)cc1)c1cc(C(F)(F)F)cc(C(F)(F)F)c1,9.79588001734408
CCC(=O)N(c1ccccc1)C1CCN(C(=O)CCc2c(-c3ccc(Cl)cc3)n(C)c3ccc(Cl)cc23)CC1,9.79588001734408
O=C(CCCN1CCOCC1)N[C@@H](Cc1c[nH]c2ccccc12)C(=O)CCc1cc(C(F)(F)F)cc(C(F)(F)F)c1,9.77006231409207
COc1ccccc1CN[C@H]1CCCN[C@H]1c1ccccc1,9.77006231409207
Cc1cc(F)ccc1[C@H]1C[C@@H](NC2CCC2)CCN1C(=O)N(C)[C@H](C)c1cc(C(F)(F)F)cc(C(F)(F)F)c1,9.77006231409207
COc1ccccc1CNC1CCCN[C@H]1c1ccccc1,9.76955107862173
CC(=O)N1CCC(C(=O)N2C[C@@H](c3nc(C(C)(C)c4cc(C(F)(F)F)cc(C(F)(F)F)c4)no3)[C@H](c3ccc(F)cc3C)C2)CC1,9.76955107862173
CC(=O)N1CCC(C(=O)N2CCC(C(=O)N(C)Cc3cc(C(F)(F)F)cc(C(F)(F)F)c3)=C(c3ccccc3)C2)CC1,9.76955107862173
COc1c(C#N)cc2ccccc2c1C(=O)N(C)C[C@@H](CCN1CCC(c2ccccc2[S@+](C)[O-])CC1)c1ccc(Cl)c(Cl)c1,9.76955107862173
CCNC(=O)N1CC[C@H](NCc2cc(OC(F)(F)F)ccc2OC)[C@H](c2ccccc2)C1,9.76955107862173
COCCN(CC(N)=O)[C@@H]1CC[C@H](O[C@H](C)c2cc(C(F)(F)F)cc(C(F)(F)F)c2)[C@H]1c1ccc(F)cc1,9.76955107862173
C[C@@H](O[C@H]1CN2C(=O)[C@H]3C[C@@H](NCc4ccccc4)C[C@H]3[C@H]2[C@@H]1c1ccc(F)cc1)c1cc(C(F)(F)F)cc(C(F)(F)F)c1,9.76955107862173
COc1ccccc1CO[C@H]1C2CCN(CC2)[C@H]1c1ccccc1,9.76955107862173
Cc1cc(F)ccc1[C@H]1C[C@@H](N2CCC2)CCN1C(=O)N(C)[C@H](C)c1cc(C(F)(F)F)cc(C(F)(F)F)c1,9.75006824336581
C[C@@H](O[C@@H]1CN(C(=O)C(C)(C)C)C[C@H]1c1ccccc1)c1cc(C(F)(F)F)cc(C(F)(F)F)c1,9.74472749489669
CC(=O)N1CCC(C(=O)N2CC[C@H](C(=O)N(C)Cc3cc(C(F)(F)F)cc(C(F)(F)F)c3)[C@@H](c3ccc(C)cc3)C2)CC1,9.74472749489669
C[C@@H](O[C@H]1CN2C(=O)C=C(c3cccnc3)CC2[C@@H]1c1ccc(F)cc1)c1cc(C(F)(F)F)cc(C(F)(F)F)c1,9.74472749489669
CC(=O)N(Cc1ccccc1Cl)CC(Cc1c[nH]c2ccccc12)NC(=O)CN1CCC(N2CCCCC2)CC1,9.74472749489669
COc1ccccc1CN(C[C@@H](Cc1c[nH]c2ccccc12)NC(=O)CN1CCN(C2CCCCC2)CC1)C(C)=O,9.74472749489669
C[C@@H](O[C@@H]1CN(C2=CC(=O)C(C)(C)CC2)C[C@H]1c1ccccc1)c1cc(C(F)(F)F)cc(C(F)(F)F)c1,9.74472749489669
C[C@@H](O[C@H]1CN2C(=O)C=C(C3=CCC(O)CC3)CC2[C@@H]1c1ccc(F)cc1)c1cc(C(F)(F)F)cc(C(F)(F)F)c1,9.74472749489669
C[C@@H](O[C@H]1CN2C(=O)C=C(C3=CCN(C(C)(C)C)CC3)CC2[C@@H]1c1ccc(F)cc1)c1cc(C(F)(F)F)cc(C(F)(F)F)c1,9.74472749489669
CC(C)Oc1ccc(OC(F)(F)F)cc1CN[C@H]1CCCN[C@H]1c1ccccc1,9.74472749489669
C[C@@H](O[C@H]1CN2C(=O)C=C(C3=CCOCC3)CC2[C@@H]1c1ccc(F)cc1)c1cc(C(F)(F)F)cc(C(F)(F)F)c1,9.74472749489669
C[C@@H](O[C@H]1CCc2nnc(O)n2C[C@@H]1c1ccc(F)cc1)c1cc(C(F)(F)F)cc(C(F)(F)F)c1,9.72124639904717
C[C@@H](OC1OCCN(Cc2n[nH]nc2CN2CCC2)[C@H]1c1ccc(F)cc1)c1cc(C(F)(F)F)cc(C(F)(F)F)c1,9.72124639904717
CNC(=O)CN(C)[C@@H]1CC[C@H](O[C@H](C)c2cc(C(F)(F)F)cc(C(F)(F)F)c2)[C@H]1c1ccc(F)cc1,9.72124639904717
C[C@@H](O[C@H]1CC[C@@H](N(C)CC(N)=O)[C@@H]1c1ccc(F)cc1)c1cc(C(F)(F)F)cc(C(F)(F)F)c1,9.72124639904717
C[C@@H](OC[C@@]1(c2ccccc2)CC[C@@H](C(N)=O)CN1)c1cc(C(F)(F)F)cc(C(F)(F)F)c1,9.72124639904717
CC(=O)c1ccc2c(c1)c(CCC(=O)N1CCC(O)(Cc3ccccc3)CC1)c(-c1ccc(Cl)cc1)n2C,9.72124639904717
C[C@@H](OC1OCCN(Cc2n[nH]nc2CN(C)C)[C@H]1c1ccc(F)cc1)c1cc(C(F)(F)F)cc(C(F)(F)F)c1,9.72124639904717
C/C(CCN1CCN(C(=O)c2cc(C(F)(F)F)cc(C(F)(F)F)c2)[C@H](Cc2c[nH]c3ccccc23)C1)=N/OCCCN1CCOCC1,9.70005709997723
CN[C@H]1CCN(C(=O)N(C)Cc2cc(C(F)(F)F)cc(C(F)(F)F)c2)[C@@H](c2ccc(F)cc2C)C1,9.70005709997723
Cc1cc(F)ccc1[C@H]1C[C@H](N2CCCC2)CCN1C(=O)N(C)[C@H](C)c1cc(C(F)(F)F)cc(C(F)(F)F)c1,9.70005709997723
COc1ccc(-c2nnnn2C)cc1CN[C@H]1CCCN[C@H]1c1ccccc1,9.70005709997723
FC(F)(F)c1cc(CO[C@H]2CCCN(Cc3nc[nH]n3)[C@H]2c2ccccc2)cc(C(F)(F)F)c1,9.70005709997723
Cc1cc(F)ccc1[C@H]1C[C@@H](N2CCN3C(=O)CC[C@@H]3C2)CCN1C(=O)N(C)[C@H](C)c1cc(C(F)(F)F)cc(C(F)(F)F)c1,9.70005709997723
C[C@@H](O[C@H]1CC[C@@H](N(C)C[C@@H]2CCC(=O)N2)[C@@H]1c1ccc(F)cc1)c1cc(C(F)(F)F)cc(C(F)(F)F)c1,9.69897000433602
COc1ccccc1CN[C@H]1C2CCN(CC2)[C@H]1C(c1ccccc1)c1ccccc1,9.69897000433602
FC(F)(F)c1cc(CO[C@H]2C3CCN(CC3)[C@H]2C(c2ccccc2)c2ccccc2)cc(C(F)(F)F)c1,9.69897000433602
C[C@@H](OC[C@@]1(c2ccccc2)CC[C@@]2(CN1)COC(=O)N2)c1cc(C(F)(F)F)cc(C(F)(F)F)c1,9.69897000433602
C[C@@H](OC[C@@]1(c2ccccc2)C[C@H](N2CCCC2=O)C(=O)N1)c1cc(C(F)(F)F)cc(C(F)(F)F)c1,9.69897000433602
FC(F)(F)c1cc(CO[C@H]2C3CCN(CC3)[C@H]2c2ccccc2)cc(C(F)(F)F)c1,9.69897000433602
FC(F)(F)c1cc(CO[C@H]2C3CCN(CC3)[C@@H]2C(c2ccccc2)c2ccccc2)cc(C(F)(F)F)c1,9.69897000433602
COc1ccccc1CN[C@@H]1CCCN[C@@H]1c1ccccc1,9.69897000433602
Cc1cc(F)ccc1[C@H]1CN(C(=O)C(N)=O)CC[C@@H]1C(=O)N(C)[C@H](C)c1cc(C(F)(F)F)cc(C(F)(F)F)c1,9.69897000433602
C[C@@H](OC[C@@]1(c2ccccc2)C[C@@H](N2CCCCC2=O)C(=O)N1)c1cc(C(F)(F)F)cc(C(F)(F)F)c1,9.69897000433602
COc1ccc(-n2nnnc2C(F)(F)F)cc1CN[C@@H]1CCN(C(=O)CNC(C)=O)C[C@H]1c1ccccc1,9.69897000433602
C[C@@H](NC(=O)[C@@H](N)Cc1ccc(O)cc1)C(=O)NCC(=O)N[C@@H](Cc1ccc(F)cc1)C(=O)OCc1cc(C(F)(F)F)cc(C(F)(F)F)c1,9.69897000433602
CN1CCC(COCc2cc(-c3ccc(C#N)cc3)cc(C(F)(F)F)c2)(c2ccccc2)CC1,9.69897000433602
COc1ccc(C(C)(C)C(F)(F)F)cc1CN[C@H]1CCCN[C@H]1c1ccccc1,9.69897000433602
C[C@@H](OC[C@@]1(c2ccccc2)C[C@H](N2CCCCC2=O)C(=O)N1)c1cc(C(F)(F)F)cc(C(F)(F)F)c1,9.69897000433602
COc1ccccc1N1CCN(C(=O)CCc2c(-c3ccc(C(C)C)cc3)[nH]c3ccc(C)cc23)CC1,9.69897000433602
COCCN[C@H]1CCN(C(=O)N(C)[C@H](C)c2cc(C(F)(F)F)cc(C(F)(F)F)c2)[C@@H](c2ccc(F)cc2C)C1,9.68006156001969
CN(Cc1cc(C(F)(F)F)cc(C(F)(F)F)c1)C(=O)c1c(-c2ccc(F)cc2)c2cccnc2c(=O)n1C,9.67778070526608
C[C@@H](O[C@H]1OCCN(Cc2nn[nH]c2CN2CCCC2)[C@H]1c1ccc(F)cc1)c1cc(C(F)(F)F)cc(C(F)(F)F)c1,9.67778070526608
CC[C@@]1(O)C[C@H]2[C@H]3[C@H](c4ccc(F)cc4)[C@@H](O[C@H](C)c4cc(C(F)(F)F)cc(C(F)(F)F)c4)CN3C(=O)[C@H]2C1,9.67778070526608
CC(=O)N1CCC(C(=O)N2CC[C@H](C(=O)N(C)Cc3cc(C(F)(F)F)cc(C(F)(F)F)c3)[C@@H](c3ccccc3C(C)C)C2)CC1,9.67778070526608
C[C@@H](O[C@@H]1CN(C2=CC(=O)C(O)C2)C[C@H]1c1ccc(F)cc1)c1cc(C(F)(F)F)cc(C(F)(F)F)c1,9.65757731917779
CN(C)Cc1nc2ccccc2c(-c2ccccc2)c1C(=O)NCc1cc(C(F)(F)F)cc(C(F)(F)F)c1,9.65757731917779
CC(C(=O)NC1(c2ccccc2)CCC(N2CCC3(CCCO3)CC2)CC1)c1cc(C(F)(F)F)cc(C(F)(F)F)c1,9.65757731917779
COc1ccc(OC(F)(F)F)cc1CN[C@H]1[C@@H]2COC[C@@H]2N[C@H]1c1ccccc1,9.65757731917779
C[C@@H](OC[C@@]1(c2ccccc2)CC[C@H](C(N)=O)CN1)c1cc(C(F)(F)F)cc(C(F)(F)F)c1,9.65757731917779
Cn1c(-c2ccc(Cl)cc2)c(CCC(=O)N2CCC(O)(Cc3ccccc3)CC2)c2cc(Cl)ncc21,9.65757731917779
Cn1c(-c2ccc(Cl)cc2)c(CCC(=O)N2CCC(O)(Cc3ccccc3)CC2)c2cc(Br)ccc21,9.65757731917779
C[C@@H](O[C@H]1CCn2c(O)nnc2C[C@@H]1c1ccc(F)cc1)c1cc(C(F)(F)F)cc(C(F)(F)F)c1,9.65757731917779
Cc1cc(F)ccc1[C@H]1CNCCN1C(=O)N(C)[C@H](C)c1cc(C(F)(F)F)cc(C(F)(F)F)c1,9.64994590642097
C[C@@H](O[C@H]1CC[C@@H](N(C)Cc2n[nH]c(O)n2)[C@@H]1c1ccc(F)cc1)c1cc(C(F)(F)F)cc(C(F)(F)F)c1,9.63827216398241
C[C@@H]1C[C@H](O[C@H](C)c2cc(C(F)(F)F)cc(C(F)(F)F)c2)[C@@H](c2ccc(F)cc2)CNC1=O,9.63827216398241
C[C@@H](OC[C@@]1(c2ccccc2)CC[C@H](NC(=O)C2CC2)CN1)c1cc(C(F)(F)F)cc(C(F)(F)F)c1,9.63827216398241
COc1ccccc1CN(CC(Cc1c[nH]c2ccccc12)NC(=O)CN1CCC(N2CCCCC2)CC1)C(C)=O,9.63827216398241
Cc1cc(F)ccc1[C@H]1C[C@@H](N(C)C)CCN1C(=O)N(C)[C@H](C)c1cc(C(F)(F)F)cc(C(F)(F)F)c1,9.61996975203217
Cc1ccc(-c2c(C(=O)N(C)Cc3cc(C(F)(F)F)cc(C(F)(F)F)c3)n(C)c(=O)c3ncccc23)cc1,9.61978875828839
O=S(=O)(NCC1CC2(c3ccc(F)cc3)NC1CCC2NCc1cc(OC(F)(F)F)ccc1OC1CC1)c1ccccc1,9.61978875828839
O=C(CN1CCCC1)N1CCC(COCc2cc(C(F)(F)F)cc(C(F)(F)F)c2)(c2ccccc2)CC1,9.61978875828839
CCN(CC(N)=O)[C@@H]1CC[C@H](O[C@H](C)c2cc(C(F)(F)F)cc(C(F)(F)F)c2)[C@H]1c1ccc(F)cc1,9.61978875828839
C[C@@H](O[C@@H]1CN(C=O)C[C@H]1c1ccc(F)cc1)c1cc(C(F)(F)F)cc(C(F)(F)F)c1,9.61978875828839
C[C@@H](O[C@H]1OCCN(Cc2nn[nH]c2CN)[C@H]1c1ccc(F)cc1)c1cc(C(F)(F)F)cc(C(F)(F)F)c1,9.60205999132796
CN(Cc1cc(C(F)(F)F)cc(C(F)(F)F)c1)C(=O)c1c(-c2ccccc2)c2cccnc2c(=O)n1C,9.60205999132796
CCN[C@@H]1CC[C@H](O[C@H](C)c2cc(C(F)(F)F)cc(C(F)(F)F)c2)[C@H]1c1ccc(F)cc1,9.60205999132796
CN[C@@H]1CC[C@H](O[C@H](C)c2cc(C(F)(F)F)cc(C(F)(F)F)c2)[C@H]1c1ccc(F)cc1,9.60205999132796
COCCN[C@@H]1CC[C@H](O[C@H](C)c2cc(C(F)(F)F)cc(C(F)(F)F)c2)[C@H]1c1ccc(F)cc1,9.60205999132796
C[C@@H](O[C@H]1CC[C@@H](N(C)C[C@H]2CCC(=O)N2)[C@@H]1c1ccc(F)cc1)c1cc(C(F)(F)F)cc(C(F)(F)F)c1,9.60205999132796
COc1ccc(-n2nnnc2NC(C)=O)cc1CN[C@H]1CCCN[C@H]1c1ccccc1,9.59998036493484
C[C@@H](O[C@H]1CC[C@@H]2CN(C)C[C@H]2[C@@H]1c1ccc(F)cc1)c1cc(C(F)(F)F)cc(C(F)(F)F)c1,9.59345981956605
CNC(=O)[C@H]1CC[C@@](CO[C@H](C)c2cc(C(F)(F)F)cc(C(F)(F)F)c2)(c2ccccc2)NC1,9.58502665202918
CC(C(=O)N[C@]1(c2ccccc2)CC[C@H](N2CCC(C3CCOC3(C)C)CC2)CC1)c1cc(C(F)(F)F)cc(C(F)(F)F)c1,9.58502665202918
COc1ccc(NS(C)(=O)=O)cc1CN1CCC(=O)C(C(c2ccccc2)c2ccccc2)C1,9.58502665202918
Cc1cc(C)cc(COC2C3CCN(CC3)C2C(c2ccccc2)c2ccccc2)c1,9.58502665202918
C[C@@H](OC[C@@]1(c2ccccc2)CC[C@H](N2CCCC2=O)CN1)c1cc(C(F)(F)F)cc(C(F)(F)F)c1,9.58502665202918
CNC(=O)C1(N2CCCCC2=O)CCN(CC[C@H](CN(C)C(=O)c2c(OC)c(C#N)cc3ccccc23)c2ccc(Cl)c(Cl)c2)CC1,9.56863623584101
C[C@@H](O[C@H]1OCCN(Cc2n[nH]c(O)n2)[C@H]1c1ccccc1)c1cccc(C(F)(F)F)c1,9.56863623584101
C=Cc1ccc2c(c1)c(CCC(=O)N1CCC(O)(Cc3ccccc3)CC1)c(-c1ccc(Cl)cc1)n2C,9.56863623584101
C[C@@H](O[C@H]1CN2C(=O)OC[C@@H]2[C@@H]1c1ccccc1)c1cc(C(F)(F)F)cc(C(F)(F)F)c1,9.56863623584101
C[C@@H](O[C@H]1CN2C(=O)C=C(c3cc[nH]c(=O)c3)CC2[C@@H]1c1ccc(F)cc1)c1cc(C(F)(F)F)cc(C(F)(F)F)c1,9.56863623584101
C[C@@H](O[C@H]1CC[C@@H](N(C)C(=O)Cc2c[nH]cn2)[C@@H]1c1ccc(F)cc1)c1cc(C(F)(F)F)cc(C(F)(F)F)c1,9.56863623584101
O=C(NS(=O)(=O)c1ccccc1)C1CC2(c3ccc(F)cc3)NC1CCC2NCc1cc(OC(F)(F)F)ccc1OC1CC1,9.56863623584101
Cc1cc(F)ccc1[C@H]1C[C@@H](N2CCCC2)CCN1C(=O)N(C)Cc1cc(C(F)(F)F)cc(C(F)(F)F)c1,9.5600360640791
COc1ccccc1N1CCN(C(=O)CCc2c(-c3ccc(Cl)cc3)n(C)c3ccc(Cl)cc23)CC1,9.55284196865778
Cc1ccc(-c2c3n(c(=O)c4ncccc24)C[C@@H](C)CN(Cc2cc(C(F)(F)F)cc(C(F)(F)F)c2)C3=O)cc1,9.55284196865778
C[C@@H](O[C@H]1CN(C(=O)OC(C)(C)C)[C@@H](CO)[C@@H]1c1ccc(F)cc1)c1cc(C(F)(F)F)cc(C(F)(F)F)c1,9.55284196865778
C[C@@H](O[C@H]1CC[C@@H](N(C)CC(=O)N(C)CCO)[C@@H]1c1ccc(F)cc1)c1cc(C(F)(F)F)cc(C(F)(F)F)c1,9.55284196865778
C[C@@H](OC[C@@]1(c2ccccc2)CC[C@H](NC2=NCCO2)CN1)c1cc(C(F)(F)F)cc(C(F)(F)F)c1,9.55284196865778
C[C@@H](O[C@H]1CCc2nccn2C[C@@H]1c1ccc(F)cc1)c1cc(C(F)(F)F)cc(C(F)(F)F)c1,9.55284196865778
O=C(NC(CO)c1cc(C(F)(F)F)cc(C(F)(F)F)c1)[C@]1(c2ccccc2)CC[C@@H](N2CCC(c3ccc(F)cc3)CC2)CC1,9.53760200210104
CCC(=O)N[C@H]1CC[C@@](CO[C@H](C)c2cc(C(F)(F)F)cc(C(F)(F)F)c2)(c2ccccc2)NC1,9.53760200210104
CNCc1n[nH]nc1CN1CCOC(O[C@H](C)c2cc(C(F)(F)F)cc(C(F)(F)F)c2)[C@@H]1c1ccc(F)cc1,9.53760200210104
C[C@@H](OC[C@]1(c2ccccc2)C[C@H](N2CCCC2=O)C1)c1cc(C(F)(F)F)cc(C(F)(F)F)c1,9.52287874528034
CC(=O)N1C[C@H](O[C@H](C)c2cc(C(F)(F)F)cc(C(F)(F)F)c2)[C@@H](c2ccc(F)cc2)[C@@H]1CO,9.52287874528034
COCCNC(=O)CN(C)[C@@H]1CC[C@H](O[C@H](C)c2cc(C(F)(F)F)cc(C(F)(F)F)c2)[C@H]1c1ccc(F)cc1,9.52287874528034
CO/N=C(\CN(C)C(=O)c1cc(Cl)cc(Cl)c1)[C@H](CCN1CCC(N2CCCN(CC(N)=O)C2=O)CC1)c1ccc(Cl)c(Cl)c1,9.52287874528034
O=C(CCCN1CCCC1)N[C@@H](Cc1c[nH]c2ccccc12)C(=O)CCc1cc(C(F)(F)F)cc(C(F)(F)F)c1,9.52287874528034
CC(=O)N1CCN(C(=O)N2C[C@@H](O[C@H](C)c3cc(C(F)(F)F)cc(C(F)(F)F)c3)[C@H](c3ccc(F)cc3)C2)CC1,9.52287874528034
CC(C(=O)N[C@]1(c2ccccc2)CC[C@@H](N2CCC3(CC2)OCCO3)CC1)c1cc(C(F)(F)F)cc(C(F)(F)F)c1,9.52287874528034
COc1ccc(OC(F)(F)F)cc1[C@H]1COC2(CCCN[C@H]2c2ccccc2)C1,9.52287874528034
CCC(=O)N[C@H]1C[C@@](CO[C@H](C)c2cc(C(F)(F)F)cc(C(F)(F)F)c2)(c2ccccc2)NC1=O,9.52287874528034
CCC(=O)N[C@@H]1C[C@@](CO[C@H](C)c2cc(C(F)(F)F)cc(C(F)(F)F)c2)(c2ccccc2)NC1=O,9.52287874528034
C[C@@H](OC[C@@]1(c2ccccc2)CCCCN1)c1cc(C(F)(F)F)cc(C(F)(F)F)c1,9.52287874528034
CC(=O)N[C@H]1C[C@@](CO[C@H](C)c2cc(C(F)(F)F)cc(C(F)(F)F)c2)(c2ccccc2)NC1=O,9.52287874528034
COc1cc(C(=O)N2CC[C@](CCN3CCC(C(N)=O)(c4ccccc4)CC3)(c3ccc(Cl)c(Cl)c3)C2)cc(OC)c1OC,9.52287874528034
CN(C)C(=O)CN1CCC[C@H](OCc2cc(C(F)(F)F)cc(C(F)(F)F)c2)[C@@H]1c1ccccc1,9.52287874528034
Cn1c(-c2ccc(Cl)cc2)c(CCC(=O)N2CCN(Cc3ccccc3)CC2)c2cc(Cl)ccc21,9.52287874528034
COC(=O)c1ccccc1NC(=O)N1CCC[C@H]1C(=O)N[C@@H](Cc1ccc2ccccc2c1)C(=O)N(C)Cc1ccccc1,9.52287874528034
Cc1cc(F)ccc1-c1cc(N2CCN(S(C)(=O)=O)[C@@H](C)C2)ncc1N(C)C(=O)C(C)(C)c1cc(C(F)(F)F)cc(C(F)(F)F)c1,9.52287874528034
C[C@@H](OCC1(c2ccccc2)CC(NCc2ccccc2)C1)c1cc(C(F)(F)F)cc(C(F)(F)F)c1,9.52287874528034
COC(=O)N1CC[C@H](NCc2cc(OC(F)(F)F)ccc2OC)[C@H](c2ccccc2)C1,9.50863830616573
C[C@@H](O[C@H]1CN2C(=O)C3CNCC3[C@H]2[C@@H]1c1ccc(F)cc1)c1cc(C(F)(F)F)cc(C(F)(F)F)c1,9.50863830616573
O=C(Cn1ccnc1)N1CCC(COCc2cc(C(F)(F)F)cc(C(F)(F)F)c2)(c2ccccc2)CC1,9.49485002168009
Cc1cc(I)cc(COC2C3CCN(CC3)C2C(c2ccccc2)c2ccccc2)c1,9.49485002168009
Cc1cc(F)ccc1[C@H]1C[C@@H](NC2CC2)CCN1C(=O)N(C)[C@H](C)c1cc(C(F)(F)F)cc(C(F)(F)F)c1,9.48999148705977
CC(C(=O)NC1(c2ccccc2)CCC(N2CCC(O)(Cc3ccccc3)CC2)CC1)c1cc(C(F)(F)F)cc(C(F)(F)F)c1,9.48148606012211
COc1ccccc1N1CCN(C(=O)CCc2c(-c3ccc(C(C)C)cc3)n(C)c3ccc(C)cc23)CC1,9.48148606012211
C[C@@H](O[C@@H]1[C@@H](c2ccc(F)cc2)CN2C(=O)OC[C@@H]12)c1cc(C(F)(F)F)cc(C(F)(F)F)c1,9.48148606012211
C[C@@H](OC[C@@]1(c2ccccc2)CC[C@H](Nc2ncccn2)CN1)c1cc(C(F)(F)F)cc(C(F)(F)F)c1,9.48148606012211
CC1(c2cc(C(F)(F)F)cc(C(F)(F)F)c2)CCN([C@]2(c3ccccc3)CC[C@@H](N3CCC4(CCOC4)CC3)CC2)C1=O,9.48148606012211
C[C@@H](O[C@H]1CCC(=O)N(C)[C@@H](C)[C@@H]1c1ccc(F)cc1)c1cc(C(F)(F)F)cc(C(F)(F)F)c1,9.48148606012211
COc1ccccc1CN[C@H]1C2CCN(CC2)[C@@H]1C(c1ccccc1)c1ccccc1,9.48148606012211
COc1ccc(OC(F)(F)F)cc1CN1CCC(=O)C(C(c2ccccc2)c2ccccc2)C1,9.46852108295775
CC(C(=O)NC1(c2ccccc2)CCC(N2CCC3(CCOC3)CC2)CC1)c1cc(C(F)(F)F)cc(C(F)(F)F)c1,9.46852108295775
C[C@@H](O[C@H]1CC[C@@H](NC[C@@H]2CCC(=O)N2)[C@@H]1c1ccc(F)cc1)c1cc(C(F)(F)F)cc(C(F)(F)F)c1,9.46852108295775
CC(C)CCN1CCN(C(=O)CCc2c(-c3ccc(Cl)cc3)n(C)c3ccc(Cl)cc23)CC1,9.46852108295775
C[C@@H](OC[C@@]1(c2ccccc2)CC[C@H](C(=O)NC2CC2)CN1)c1cc(C(F)(F)F)cc(C(F)(F)F)c1,9.46852108295775
C[C@@H](O[C@@H]1CN(C(=O)[C@@H]2COC(=O)N2)C[C@H]1c1ccc(F)cc1)c1cc(C(F)(F)F)cc(C(F)(F)F)c1,9.46852108295775
COc1ccccc1CN(CC(Cc1c[nH]c2ccccc12)NC(=O)CN1CCN(C2CCCCC2)CC1)C(C)=O,9.46852108295775
O=C(NCc1cc(C(F)(F)F)cc(C(F)(F)F)c1)[C@]1(c2ccccc2)CC[C@H](N2CCC(c3ccc(F)cc3)CC2)CC1,9.46852108295775
CC(C(=O)N[C@]1(c2ccccc2)CC[C@@H](N2CCC3(CCOC3)CC2)CC1)c1cc(C(F)(F)F)cc(C(F)(F)F)c1,9.46852108295775
O=C(NCc1cc(C(F)(F)F)cc(C(F)(F)F)c1)[C@]1(c2ccccc2)CC[C@@H](N2CCC(c3ccc(F)cc3)CC2)CC1,9.46852108295775
COc1cc2c(cc1CN[C@H]1CCCN[C@H]1c1ccccc1)[C@@](C)(C(F)(F)F)OCC2,9.46852108295775
COc1ccc(OC(F)(F)F)cc1C1=CC2(CCCNC2c2ccccc2)OC1,9.45593195564972
CC(C(=O)NC1(c2ccccc2)CCC(N2CCC3(CC2)CCC(C)(C)O3)CC1)c1cc(C(F)(F)F)cc(C(F)(F)F)c1,9.45593195564972
CC(C)N(Cc1[nH]nnc1CN1CCO[C@H](O[C@H](C)c2cc(C(F)(F)F)cc(C(F)(F)F)c2)[C@@H]1c1ccc(F)cc1)C(C)C,9.45593195564972
CC(=O)N[C@@H]1CC[C@@](CO[C@H](C)c2cc(C(F)(F)F)cc(C(F)(F)F)c2)(c2ccccc2)NC1,9.45593195564972
CC(NC(=O)[C@]1(c2ccccc2)CC[C@@H](N2CCC(c3ccc(F)cc3)CC2)CC1)c1cc(C(F)(F)F)cc(C(F)(F)F)c1,9.45593195564972
Cn1c(-c2ccc(Cl)cc2)c(CCC(=O)N2CCN(C3CCCCC3)CC2)c2cc(Cl)ccc21,9.45593195564972
COc1ccccc1CN1CCN2CCC[C@H]1[C@@H]2c1ccccc1,9.43997375108711
O=C(CCC1CCNCC1)N[C@@H](Cc1c[nH]c2ccccc12)C(=O)CCc1cc(C(F)(F)F)cc(C(F)(F)F)c1,9.43179827593301
CCNC(=O)[C@H]1CC[C@@](CO[C@H](C)c2cc(C(F)(F)F)cc(C(F)(F)F)c2)(c2ccccc2)NC1,9.43179827593301
C[C@@H](O[C@H]1CC[C@@H](N(C)CC(=O)N2CCOCC2)[C@@H]1c1ccc(F)cc1)c1cc(C(F)(F)F)cc(C(F)(F)F)c1,9.42021640338319
Cc1ccc(-c2c3n(c(=O)c4ncccc24)CCCCN(Cc2cc(C(F)(F)F)cc(C(F)(F)F)c2)C3=O)cc1,9.42021640338319
C[C@@H](OC[C@@]1(c2ccccc2)CC[C@]2(CCOC(=O)N2)CN1)c1cc(C(F)(F)F)cc(C(F)(F)F)c1,9.42021640338319
C[C@@H](O[C@@H]1CN(C(=O)N(C)C)C[C@H]1c1ccc(F)cc1)c1cc(C(F)(F)F)cc(C(F)(F)F)c1,9.42021640338319
Cn1c(-c2ccc(Cl)cc2)c(CCC(=O)N2CCN(Cc3ccccc3)C(=O)C2)c2cc(Cl)ccc21,9.4089353929735
CC(C(=O)N[C@]1(c2ccccc2)CC[C@@H](N2CCN(C(C)C)CC2)CC1)c1cc(C(F)(F)F)cc(C(F)(F)F)c1,9.4089353929735
C[C@@H](O[C@H]1CC[C@@H](N(C)CC(=O)N(C)C)[C@@H]1c1ccc(F)cc1)c1cc(C(F)(F)F)cc(C(F)(F)F)c1,9.4089353929735
C[C@@H](O[C@H]1CN2C(=O)C=C(c3ccc(CO)cc3)CC2[C@@H]1c1ccc(F)cc1)c1cc(C(F)(F)F)cc(C(F)(F)F)c1,9.4089353929735
CN(Cc1ccccc1)C(=O)CN1CCC[C@H](OCc2cc(C(F)(F)F)cc(C(F)(F)F)c2)[C@@H]1c1ccccc1,9.4000078224159
COc1ccc(-n2nnnc2-c2ccccc2)cc1CN[C@H]1CCCN[C@H]1c1ccccc1,9.4000078224159
C/C(CCN1CCN(C(=O)c2cc(C(F)(F)F)cc(C(F)(F)F)c2)[C@H](Cc2c[nH]c3ccccc23)C1)=N/OCCN1CCOCC1,9.4000078224159
COc1ccc(C(=O)c2ccccc2)cc1CN[C@H]1CCCN[C@H]1c1ccccc1,9.4000078224159
C[C@@H](OC[C@@]1(c2ccccc2)CC[C@@H](C(=O)NC2CC2)CN1)c1cc(C(F)(F)F)cc(C(F)(F)F)c1,9.39794000867204
C[C@@H](OC1CCC2NC1(c1ccccc1)CC2(F)c1nnn(C)n1)c1cc(C(F)(F)F)cc(C(F)(F)F)c1,9.39794000867204
CCc1noc(C2=CC(=O)N3C[C@H](O[C@H](C)c4cc(C(F)(F)F)cc(C(F)(F)F)c4)[C@@H](c4ccc(F)cc4)C3C2)n1,9.39794000867204
CN1CCC(N2CC(COCc3cc(C(F)(F)F)cc(C(F)(F)F)c3)(c3ccc(F)cc3)NC2=O)CC1,9.39794000867204
Cc1ccccc1-c1cc(N2CCC(O)CC2)ncc1N(C)C(=O)C(C)(C)c1cc(C(F)(F)F)cc(C(F)(F)F)c1,9.39794000867204
C[C@@H](OC[C@@]1(c2ccc(F)cc2)CN(CC(N)=O)C(=O)N1)c1cc(C(F)(F)F)cc(C(F)(F)F)c1,9.39794000867204
CCc1c(C#N)cc2ccccc2c1C(=O)N(C)C[C@@H](CCN1CCC(c2ccccc2[S@+](C)[O-])CC1)c1ccc(Cl)c(Cl)c1,9.39794000867204
CN(C/C(=N\OCC(=N)NO)[C@H](CCN1CCC(N2CCCCC2=O)CC1)c1ccc(Cl)c(Cl)c1)C(=O)c1cc(Cl)cc(Cl)c1,9.39794000867204
COc1ccc(C(C)C(F)(F)F)cc1CN[C@H]1CCCN[C@H]1c1ccccc1,9.39794000867204
COc1cc2c(cc1CN[C@H]1CCCN[C@H]1c1ccccc1)C(C(F)(F)F)CC2,9.39794000867204
C[C@@H](O[C@H]1CC[C@@H](NCC(N)=O)[C@@H]1c1ccc(F)cc1)c1cc(C(F)(F)F)cc(C(F)(F)F)c1,9.39794000867204
Cc1cc(F)ccc1-c1cc(N2CCN(S(C)(=O)=O)CC2)ncc1N(C)C(=O)C(C)(C)c1cc(C(F)(F)F)cc(C(F)(F)F)c1,9.39794000867204
C[C@@H](OC[C@]1(c2ccccc2)C[C@@H](N2CCCC2=O)C1)c1cc(C(F)(F)F)cc(C(F)(F)F)c1,9.39794000867204
CC(=O)N[C@H]1C[C@](CO[C@H](C)c2cc(C(F)(F)F)cc(C(F)(F)F)c2)(c2ccccc2)C1,9.39794000867204
C[C@@H](OC[C@@]1(c2ccccc2)C[C@H](N2CCCC2)C(=O)N1)c1cc(C(F)(F)F)cc(C(F)(F)F)c1,9.39794000867204
O=C(Cc1ccncc1)N[C@@H](Cc1c[nH]c2ccccc12)C(=O)CCc1cc(C(F)(F)F)cc(C(F)(F)F)c1,9.39794000867204
CO/N=C(\CN(C)C(=O)c1cc(Cl)cc(Cl)c1)[C@H](CCN1CCC(N2CCCN(C)C2=O)CC1)c1ccc(Cl)c(Cl)c1,9.39794000867204
C[C@@H](OC[C@@]1(c2ccccc2)CC(N)C(=O)N1)c1cc(C(F)(F)F)cc(C(F)(F)F)c1,9.39794000867204
CN(Cc1cc(C(F)(F)F)cc(C(F)(F)F)c1)C(=O)c1c(-c2ccc(F)cc2)c2ccccc2c(=O)n1C,9.39794000867204
C[C@@H]1C[C@H](O[C@H](C)c2cc(C(F)(F)F)cc(C(F)(F)F)c2)[C@@H](c2ccc(F)cc2)CC(=O)N1,9.38721614328027
C[C@@H](O[C@H]1CC[C@@H](N(C)Cc2c[nH]c(O)n2)[C@@H]1c1ccc(F)cc1)c1cc(C(F)(F)F)cc(C(F)(F)F)c1,9.38721614328027
FC(F)Oc1ccccc1CN[C@H]1CCCN[C@H]1c1ccccc1,9.38721614328027
C[C@@H](OC[C@@]1(c2ccccc2)CC[C@]2(CCCC(=O)N2)CN1)c1cc(C(F)(F)F)cc(C(F)(F)F)c1,9.38721614328027
COc1ccc(C(C)C)cc1CN1CCC(=O)C(C(c2ccccc2)c2ccccc2)C1,9.3767507096021
Cc1cc(COC[C@H](c2ccccc2)N(C)Cc2n[nH]c(O)n2)cc(C(C)(C)C)c1,9.3767507096021
CC(C(=O)NC1(c2ccccc2)CCC(N2CCC(C3CCOC3=O)CC2)CC1)c1cc(C(F)(F)F)cc(C(F)(F)F)c1,9.3767507096021
Cc1cc(F)ccc1[C@H]1CNCCN1C(=O)N(C)Cc1cc(C(F)(F)F)cc(C(F)(F)F)c1,9.36997914888659
CN(Cc1n[nH]c(O)n1)[C@H](COCc1cc(C(F)(F)F)cc(C(F)(F)F)c1)c1ccccc1,9.36653154442041
COc1ccccc1CN(C[C@@H](Cc1c[nH]c2ccccc12)NC(=O)COc1ccc(CO)cc1)C(C)=O,9.36653154442041
C[C@@H](OC[C@]1(c2ccccc2)C[C@@](N)(C(N)=O)C1)c1cc(C(F)(F)F)cc(C(F)(F)F)c1,9.36653154442041
C[C@@H](O[C@H]1CCn2ccnc2C[C@@H]1c1ccc(F)cc1)c1cc(C(F)(F)F)cc(C(F)(F)F)c1,9.36653154442041
C[C@@H](O[C@H]1CC[C@@H](N(C)CC(=O)N2CCCC2)[C@@H]1c1ccc(F)cc1)c1cc(C(F)(F)F)cc(C(F)(F)F)c1,9.36653154442041
CC(=O)N1CCN([C@@H]2CCN(C(=O)N(C)[C@H](C)c3cc(C(F)(F)F)cc(C(F)(F)F)c3)[C@@H](c3ccc(F)cc3C)C2)CC1,9.36001575195841
O=C(N[C@]1(c2ccccc2)CC[C@@H](N2CCC(c3ccc(F)cc3)CC2)CC1)C(CO)c1cc(C(F)(F)F)cc(C(F)(F)F)c1,9.35654732351381
COc1ccccc1N1CCN(C(=O)CCc2c(-c3ccc(C(F)(F)F)cc3)[nH]c3ccc(C)cc23)CC1,9.35654732351381
C[C@@H]1C[C@H](O[C@H](C)c2cc(C(F)(F)F)cc(C(F)(F)F)c2)[C@@H](c2ccc(F)cc2)CN(C)C1=O,9.35654732351381
Cc1ccccc1-c1nc(N2CCN(C)CC2)ncc1N(C)C(=O)C(C)(C)c1cc(C(F)(F)F)cc(C(F)(F)F)c1,9.35654732351381
Cc1ccc(-c2c3n(c(=O)c4ncccc24)CC[C@@H](C)CN(Cc2cc(C(F)(F)F)cc(C(F)(F)F)c2)C3=O)cc1,9.34678748622466
CC(C)Oc1ccccc1CN[C@H]1CCCN[C@H]1c1ccccc1,9.33724216831843
C[C@H](NC(=O)[C@](Cc1c[nH]c2ccccc12)(CN(C)C)NC(=O)OCc1cc2ccccc2o1)c1ccccc1,9.33724216831843
C[C@@H](O[C@@H]1CN(C(=O)N2CCn3c(nnc3C(F)(F)F)C2)C[C@H]1c1ccc(F)cc1)c1cc(C(F)(F)F)cc(C(F)(F)F)c1,9.32790214206428
O=C(CCc1ccncc1)N[C@@H](Cc1c[nH]c2ccccc12)C(=O)CCc1cc(C(F)(F)F)cc(C(F)(F)F)c1,9.32790214206428
CC1(c2cc(C(F)(F)F)cc(C(F)(F)F)c2)CCN([C@]2(c3ccccc3)CC[C@@H](N3CCN(c4ccccc4Cl)C(=O)C3)CC2)C1=O,9.31875876262441
COC1(c2cc(C(F)(F)F)cc(C(F)(F)F)c2)CCN([C@]2(c3ccccc3)CC[C@@H](N3CCC4(CCOC4)CC3)CC2)C1=O,9.31875876262441
CC1(c2cc(C(F)(F)F)cc(C(F)(F)F)c2)CCN([C@]2(c3ccccc3)CC[C@@H](N3CCN(c4ccccc4)C(=O)C3)CC2)C1=O,9.31875876262441
COc1ccccc1CN(C[C@@H](Cc1c[nH]c2ccccc12)NC(=O)COc1ccc(-n2ccnc2)cc1)C(C)=O,9.31875876262441
CC(C)(C(=O)N[C@]1(c2ccccc2)CC[C@@H](N2CCC(c3ccc(F)cc3)CC2)CC1)c1cc(C(F)(F)F)cc(C(F)(F)F)c1,9.30980391997149
C[C@@H]1C[C@H](O[C@H](C)c2cc(C(F)(F)F)cc(C(F)(F)F)c2)[C@@H](c2ccc(F)cc2)CC(=O)N1C,9.30980391997149
C[C@@H](OC[C@@]1(c2ccccc2)CC(O)C(=O)N1)c1cc(C(F)(F)F)cc(C(F)(F)F)c1,9.30102999566398
C[C@@H](OC[C@@]1(c2ccccc2)CN(C)C(=O)N1)c1cc(C(F)(F)F)cc(C(F)(F)F)c1,9.30102999566398
CN(C(=O)c1cc(C(F)(F)F)cc(C(F)(F)F)c1)[C@@H](/C=C/C(=O)N[C@@H]1CCCCNC1=O)Cc1ccc(Cl)cc1,9.30102999566398
CO/N=C(\CN(C)C(=O)c1cc(Cl)cc(Cl)c1)[C@H](CCN1CCC(N2CCCN(CC(C)(C)O)C2=O)CC1)c1ccc(Cl)c(Cl)c1,9.30102999566398
C[C@@H](OC1CCC2NC1(c1ccccc1)CC2c1nnn(C)n1)c1cc(C(F)(F)F)cc(C(F)(F)F)c1,9.30102999566398
CN(Cc1ccccc1)C(=O)[C@H](Cc1ccc2ccccc2c1)NC(=O)[C@@H]1CCCN1C(=N)NCc1ccccc1Cl,9.30102999566398
CN(C(=O)c1cc(C(F)(F)F)cc(C(F)(F)F)c1)[C@@H](/C=C/C(=O)N[C@@H]1CCCCNC1=O)Cc1cn(C)c2ccccc12,9.30102999566398
C[C@@H](OCC1(c2ccccc2)CC(NCc2n[nH]c(O)n2)C1)c1cc(C(F)(F)F)cc(C(F)(F)F)c1,9.30102999566398
CN(C/C(=N\OCCN1CCNCC1)C(CCN1CCC(N2CCCCC2=O)CC1)c1ccc(Cl)c(Cl)c1)C(=O)c1cc(Cl)cc(Cl)c1,9.30102999566398
CN(C)CC(=O)N1CCC(COCc2cc(C(F)(F)F)cc(C(F)(F)F)c2)(c2ccccc2)CC1,9.30102999566398
CNC(=O)[C@]1(N)C[C@](CO[C@H](C)c2cc(C(F)(F)F)cc(C(F)(F)F)c2)(c2ccccc2)C1,9.30102999566398
O=C1C(c2cc(C(F)(F)F)cc(C(F)(F)F)c2)CCN1[C@]1(c2ccccc2)CC[C@@H](N2CCC3(CCOC3)CC2)CC1,9.30102999566398
C[C@@H](OC[C@@]1(c2ccccc2)C[C@@H](N2CCCC2=O)C(=O)N1)c1cc(C(F)(F)F)cc(C(F)(F)F)c1,9.30102999566398
Cc1cc(F)ccc1[C@H]1CNCCN1C(=O)N(C)C1(c2cc(C(F)(F)F)cc(C(F)(F)F)c2)CC1,9.29998893767789
Cc1cc(F)ccc1[C@H]1CNCCN1C(=O)N1CCC=CC1c1cc(C(F)(F)F)cc(C(F)(F)F)c1,9.29998893767789
FC(F)(F)c1cc(CO[C@H]2CCCN(Cc3ncc[nH]3)[C@H]2c2ccccc2)cc(C(F)(F)F)c1,9.29998893767789
COc1ccc(-c2ccco2)cc1CN[C@H]1CCCN[C@H]1c1ccccc1,9.29998893767789
COc1ccc(S(C)(=O)=O)cc1CN[C@H]1CCCN[C@H]1c1ccccc1,9.29998893767789
Cc1cc(C2=CC(=O)N3C[C@H](O[C@H](C)c4cc(C(F)(F)F)cc(C(F)(F)F)c4)[C@@H](c4ccc(F)cc4)C3C2)ccn1,9.29242982390206
CN(C(=O)C(C)(C)c1cc(C(F)(F)F)cc(C(F)(F)F)c1)c1cnc(N2C[C@@H](O)C[C@H]2CO)cc1-c1ccccc1Cl,9.29242982390206
COCCN(C)[C@@H]1CC[C@H](O[C@H](C)c2cc(C(F)(F)F)cc(C(F)(F)F)c2)[C@H]1c1ccc(F)cc1,9.2839966563652
NC(=O)CN[C@H](COCc1cc(C(F)(F)F)cc(C(F)(F)F)c1)C(c1ccccc1)c1ccccc1,9.2800061736324
C[C@@H](O[C@H]1CC[C@@H]2CN(c3cnccn3)C[C@H]2[C@@H]1c1ccc(F)cc1)c1cc(C(F)(F)F)cc(C(F)(F)F)c1,9.27984069659404
NC(=O)CNC(COCc1cc(C(F)(F)F)cc(C(F)(F)F)c1)C(c1ccccc1)c1ccccc1,9.27572413039921
CC(=O)C1(c2ccccc2)CCN(C(=O)CCc2c(-c3ccc(Cl)cc3)n(C)c3ccc(Cl)cc23)CC1,9.27572413039921
C[C@@H](O[C@H]1CCN(C)C(=O)C[C@@H]1c1ccc(F)cc1)c1cc(C(F)(F)F)cc(C(F)(F)F)c1,9.27572413039921
Cc1cc(F)ccc1[C@H]1CNCCN1C(=O)N(C)[C@@H](C)c1cc(C(F)(F)F)cc(C(F)(F)F)c1,9.27002571430045
C[C@H](NC(=O)[C@@](C)(Cc1c[nH]c2ccccc12)NC(=O)OCc1cc2ccccc2o1)c1ccccc1,9.26003230324049
Cn1c(-c2ccc(Cl)cc2)c(CCC(=O)N2CCC(F)(Cc3ccccc3)CC2)c2cc(Cl)ccc21,9.25963731050576
C[C@@H](O[C@H]1CC[C@@H](NCc2ncc[nH]2)[C@@H]1c1ccc(F)cc1)c1cc(C(F)(F)F)cc(C(F)(F)F)c1,9.25963731050576
CNC(=O)[C@@H]1CC[C@@](CO[C@H](C)c2cc(C(F)(F)F)cc(C(F)(F)F)c2)(c2ccccc2)NC1,9.2518119729938
COc1ccc(N(C)C)cc1CN[C@H]1CCCN[C@H]1c1ccccc1,9.2518119729938
COc1ccccc1[C@H]1COCC2(C1)OCCN(Cc1n[nH]c(O)n1)[C@H]2c1ccc(F)cc1,9.2518119729938
Cc1cnc(C(=O)N2C[C@H](C(=O)N(C)Cc3cc(C(F)(F)F)cc(C(F)(F)F)c3)[C@@H](c3ccccc3)C2)cn1,9.23657200643706
Cc1ccccc1-c1cc(N2CCN(C)CC2)ncc1C(=O)N(C)Cc1cc(C(F)(F)F)cc(C(F)(F)F)c1,9.23657200643706
C[C@@H](O[C@@H]1CN(C(=O)NCc2cn[nH]n2)C[C@H]1c1ccc(F)cc1)c1cc(C(F)(F)F)cc(C(F)(F)F)c1,9.23657200643706
CSN1CC2(CCN(C(=O)N[C@@H](Cc3c[nH]c4ccccc34)C(=O)OCc3cc(C(F)(F)F)cc(C(F)(F)F)c3)CC2)c2ccccc21,9.23657200643706
C[C@@H](OC[C@@]1(c2ccccc2)CC[C@H](N2CCNC2=O)CN1)c1cc(C(F)(F)F)cc(C(F)(F)F)c1,9.22914798835786
N#Cc1ccc(-c2cc(COCC3(c4ccccc4)CCNCC3)cc(C(F)(F)F)c2)cc1,9.22914798835786
COc1ccccc1N1CCN(C(=O)CCc2c(-c3ccc(Cl)cc3)[nH]c3ccc(C)cc23)CC1,9.22184874961636
CN(C/C(=N\OCCO)C(CCN1CCC(N2CCCCC2=O)CC1)c1ccc(Cl)c(Cl)c1)C(=O)c1cc(Cl)cc(Cl)c1,9.22184874961636
CN(C(=O)C(C)(C)c1cc(C(F)(F)F)cc(C(F)(F)F)c1)[C@H]1CN(C(=O)NCCO)C[C@@H]1c1ccc(F)cc1,9.22184874961636
C[C@@H](OC[C@@]1(c2ccccc2)CNC(=O)N1)c1cc(C(F)(F)F)cc(C(F)(F)F)c1,9.22184874961636
O=C(CCN1CCCCC1)N[C@@H](Cc1c[nH]c2ccccc12)C(=O)CCc1cc(C(F)(F)F)cc(C(F)(F)F)c1,9.22184874961636
CO/N=C(\CN(C)C(=O)c1cc(Cl)cc(Cl)c1)[C@H](CCN1CCC(N2CCCN(CC(=N)NO)C2=O)CC1)c1ccc(Cl)c(Cl)c1,9.22184874961636
C[C@@H](O[C@H]1CC[C@@H](NCc2cccnc2)[C@@H]1c1ccc(F)cc1)c1cc(C(F)(F)F)cc(C(F)(F)F)c1,9.22184874961636
C[C@@H](OC1CCC2NC1(c1ccccc1)CC2S(=O)(=O)c1ccccc1)c1cc(C(F)(F)F)cc(C(F)(F)F)c1,9.22184874961636
COc1ccc(C(C)(C)C)cc1CN[C@H]1CCCN[C@H]1c1ccccc1,9.22184874961636
CO/N=C(\CN(C)C(=O)c1cc(Cl)cc(Cl)c1)[C@H](CCN1CCC(N2CCCN(CCNS(C)(=O)=O)C2=O)CC1)c1ccc(Cl)c(Cl)c1,9.22184874961636
CO/N=C(\CN(C)C(=O)c1cc(Cl)cc(Cl)c1)[C@H](CCN1CCC(N2CCCN([C@H](CO)C(N)=O)C2=O)CC1)c1ccc(Cl)c(Cl)c1,9.22184874961636
C[C@@H](OC[C@@]1(c2ccccc2)CCC(=O)N1)c1cc(C(F)(F)F)cc(C(F)(F)F)c1,9.22184874961636
C[C@@H](OC[C@@]1(c2ccccc2)C[C@H](NS(C)(=O)=O)C(=O)N1)c1cc(C(F)(F)F)cc(C(F)(F)F)c1,9.22184874961636
CN(O)C(=O)c1ccc(-c2ccc(Cl)cc2)c(N(C)C(=O)c2cc(C(F)(F)F)cc(C(F)(F)F)c2)c1,9.22184874961636
CN(C)CCCCC(=O)N[C@@H](Cc1c[nH]c2ccccc12)C(=O)CCc1cc(C(F)(F)F)cc(C(F)(F)F)c1,9.22184874961636
CN(C)CCC(=O)N1CCC(COCc2cc(C(F)(F)F)cc(C(F)(F)F)c2)(c2ccccc2)CC1,9.22184874961636
CN(C(=O)C(C)(C)c1cc(C(F)(F)F)cc(C(F)(F)F)c1)c1cnc(N2C[C@H](O)C[C@H]2CO)cc1-c1ccccc1Cl,9.21467016498923
O=c1nc(C2CC3(c4ccccc4)NC2CCC3NCc2cc(OC(F)(F)F)ccc2OC2CC2)[nH][nH]1,9.21467016498923
COc1ccccc1CN1CN2CCCC1C2c1ccccc1,9.21467016498923
COc1ccccc1CN1CN2CCC[C@H]1[C@@H]2c1ccccc1,9.20999647960951
CC(C)(NC(=O)[C@]1(c2ccccc2)CC[C@@H](N2CCC(c3ccc(F)cc3)CC2)CC1)c1cc(C(F)(F)F)cc(C(F)(F)F)c1,9.20760831050175
CC(C(=O)N[C@]1(c2ccccc2)CC[C@@H](N2CCN(c3ccccc3)C(=O)C2)CC1)c1cc(C(F)(F)F)cc(C(F)(F)F)c1,9.20760831050175
COc1ccc(Br)cc1CN1CCC(=O)C(C(c2ccc(F)cc2)c2ccc(F)cc2)C1,9.20760831050175
C[C@@H](O[C@H]1CN(C(=O)OC(C)(C)C)[C@@H](CO)[C@@H]1c1ccccc1)c1cc(C(F)(F)F)cc(C(F)(F)F)c1,9.20065945054642
CC(C(=O)N[C@]1(c2ccccc2)CC[C@@H](N2CCC(c3ccc(F)cc3)CC2)CC1)c1cc(C(F)(F)F)cc(C(F)(F)F)c1,9.20065945054642
CNC(=O)CN1CCC[C@H](OCc2cc(C(F)(F)F)cc(C(F)(F)F)c2)[C@@H]1c1ccccc1,9.20065945054642
COc1ccccc1CN[C@H]1C2CCNC1(c1ccccc1)CC=C2C,9.19997064075587
C[C@@H](O[C@H]1CCNC(=O)C[C@@H]1c1ccc(F)cc1)c1cc(C(F)(F)F)cc(C(F)(F)F)c1,9.19382002601611
Cc1cc(F)ccc1[C@H]1C[C@H](N2CCC2)CCN1C(=O)N(C)[C@H](C)c1cc(C(F)(F)F)cc(C(F)(F)F)c1,9.18996921359416
CC(=O)N(Cc1ccccc1Cl)C[C@@H](Cc1c[nH]c2ccccc12)NC(=O)COc1ccc(-n2ccnc2)cc1,9.18708664335714
FC(F)(F)Oc1ccc(OC2CC2)c(CNC2CCC3NC2(c2ccccc2)CC3c2nnn[nH]2)c1,9.18708664335714
O=C1N([C@]2(c3ccccc3)CC[C@@H](N3CCC4(CCOC4)CC3)CC2)CCC1(O)c1cc(C(F)(F)F)cc(C(F)(F)F)c1,9.18045606445813
C[C@@H](O[C@H]1CN2C(=O)[C@@H]3C[C@@H](N)C[C@@H]3[C@H]2[C@@H]1c1ccc(F)cc1)c1cc(C(F)(F)F)cc(C(F)(F)F)c1,9.18045606445813
C[C@@H](OC[C@@]1(c2ccccc2)CC[C@]2(CCC(=O)N2)CN1)c1cc(C(F)(F)F)cc(C(F)(F)F)c1,9.18045606445813
CN(Cc1cc(C(F)(F)F)cc(C(F)(F)F)c1)C(=O)[C@H]1CN(C(=O)C2CCCCC2)C[C@@H]1c1ccccc1,9.16749108729376
COCCN(C)C(=O)CN(C)[C@@H]1CC[C@H](O[C@H](C)c2cc(C(F)(F)F)cc(C(F)(F)F)c2)[C@H]1c1ccc(F)cc1,9.16749108729376
C[C@@H](OC[C@@]1(c2ccccc2)CC[C@H](NC(N)=O)CN1)c1cc(C(F)(F)F)cc(C(F)(F)F)c1,9.16115090926274
C[C@H]1C[C@@](CO[C@H](C)c2cc(C(F)(F)F)cc(C(F)(F)F)c2)(c2ccccc2)NC1=O,9.15490195998574
Cc1cc(F)ccc1-c1cc(N2CCN(S(C)(=O)=O)C[C@H]2CO)ncc1N(C)C(=O)C(C)(C)c1cc(C(F)(F)F)cc(C(F)(F)F)c1,9.15490195998574
CN1CCC(COCc2cc(C(F)(F)F)cc(C(F)(F)F)c2)(c2ccccc2)CC1,9.15490195998574
Cc1cc(F)ccc1-c1cc(N2CC[C@H](O)[C@H]2CO)ncc1N(C)C(=O)C(C)(C)c1cc(C(F)(F)F)cc(C(F)(F)F)c1,9.15490195998574
COc1ccc(C(F)C(F)(F)F)cc1CN[C@H]1CCCN[C@H]1c1ccccc1,9.15490195998574
CN(C/C(=N\OCCCn1cncn1)C(CCN1CCC(N2CCCCC2=O)CC1)c1ccc(Cl)c(Cl)c1)C(=O)c1cc(Cl)cc(Cl)c1,9.15490195998574
CN(C/C(=N\OCCCO)C(CCN1CCC(N2CCCCC2=O)CC1)c1ccc(Cl)c(Cl)c1)C(=O)c1cc(Cl)cc(Cl)c1,9.15490195998574
CN(C/C(=N\OCCCN)C(CCN1CCC(N2CCCCC2=O)CC1)c1ccc(Cl)c(Cl)c1)C(=O)c1cc(Cl)cc(Cl)c1,9.15490195998574
CN(Cc1ccccc1)C(=O)[C@H](Cc1ccc2ccccc2c1)NC(=O)[C@@H]1CCCN1C(=O)Nc1cccc(F)c1,9.15490195998574
CO/N=C(\CN(C)C(=O)c1cc(Cl)cc(Cl)c1)[C@H](CCN1CCC(N2CCCN(Cc3ccccn3)C2=O)CC1)c1ccc(Cl)c(Cl)c1,9.15490195998574
CN(C)CCCC(=O)N[C@@H](Cc1c[nH]c2ccccc12)C(=O)CCc1cc(C(F)(F)F)cc(C(F)(F)F)c1,9.15490195998574
COc1ccccc1CN(C)CCNC(=O)[C@@H]1C[C@@H](C(=O)N(Cc2ccccc2)Cc2ccccc2)CCN1C(=O)N(c1ccccc1)c1cccc(Cl)c1,9.15490195998574
COC[C@](Cc1c[nH]c2ccccc12)(NC(=O)OCc1cc2ccccc2o1)C(=O)N[C@@H](C)c1ccccc1,9.15490195998574
O=C(Cc1cc(C(F)(F)F)cc(C(F)(F)F)c1)N[C@]1(c2ccccc2)CC[C@H](N2CCC(c3ccc(F)cc3)CC2)CC1,9.15490195998574
COc1cc(C(=O)Nc2cc(C(=O)NC3CCCCNC3=O)ccc2-c2ccc(Cl)cc2)cc(OC)c1OC,9.15490195998574
NC(=O)CN[C@@H](COCc1cc(C(F)(F)F)cc(C(F)(F)F)c1)[C@@H](CCN1CCC(O)(c2ccccc2)CC1)c1ccc(Cl)c(Cl)c1,9.15490195998574
CN(C/C(=N\OCC(=O)O)C(CCN1CCC(N2CCCCC2=O)CC1)c1ccc(Cl)c(Cl)c1)C(=O)c1cc(Cl)cc(Cl)c1,9.15490195998574
CN(C/C(=N\OCC(=N)NO)C(CCN1CCC(N2CCCCC2=O)CC1)c1ccc(Cl)c(Cl)c1)C(=O)c1cc(Cl)cc(Cl)c1,9.15490195998574
CN(Cc1ccccc1)C(=O)[C@H](Cc1ccc2ccccc2c1)NC(=O)[C@@H]1CCCN1/C(S)=N/Cc1ccccc1Cl,9.15490195998574
C[C@@H](O[C@H]1CC[C@@H](NCc2ccncc2)[C@@H]1c1ccc(F)cc1)c1cc(C(F)(F)F)cc(C(F)(F)F)c1,9.15490195998574
CC(=O)N[C@@H](Cc1c[nH]c2ccccc12)C(=O)OCc1cc(C(F)(F)F)cc(C(F)(F)F)c1,9.13667713987954
C[C@H](NC(=O)[C@@H](Cc1c[nH]c2ccccc12)NC(=O)OCc1cc2ccccc2o1)c1ccccc1,9.13667713987954
CN(Cc1cc(C(F)(F)F)cc(C(F)(F)F)c1)C(=O)[C@H]1CN(C(=O)c2cnccn2)C[C@@H]1c1ccccc1,9.13076828026902
O=C(Cc1cc(C(F)(F)F)cc(C(F)(F)F)c1)NCC(c1ccc(Cl)c(Cl)c1)N1CCC(N2CCCCC2)CC1,9.1249387366083
OCC(OC[C@]1(c2ccccc2)CC[C@@H](N2CCC(c3ccc(F)cc3)CC2)CC1)c1cc(C(F)(F)F)cc(C(F)(F)F)c1,9.1249387366083
CN(C(=O)c1cc(C(F)(F)F)cc(C(F)(F)F)c1)C(/C=C/C(=O)NC1CCCCNC1=O)Cc1ccc(Cl)cc1,9.11918640771921
OC[C@@H]1CC[C@H](OCc2cc(C(F)(F)F)cc(C(F)(F)F)c2)[C@H]1c1ccccc1,9.11350927482752
C[C@@H](OC[C@@]1(c2ccccc2)CC[C@]2(CN1)NC(=O)NC2=O)c1cc(C(F)(F)F)cc(C(F)(F)F)c1,9.11350927482752
Cn1c(-c2ccc(Cl)cc2)c(CCC(=O)N2CCN(CC3CC3)CC2)c2cc(Cl)ccc21,9.10790539730952
CN(CCO)c1cc(-c2ccccc2Cl)c(N(C)C(=O)C(C)(C)c2cc(C(F)(F)F)cc(C(F)(F)F)c2)cn1,9.10790539730952
O=C(CCc1c(-c2ccc(Cl)cc2)nc2ccc(Cl)cn12)N1CCC(O)(Cc2ccccc2)CC1,9.10790539730952
Cn1c(-c2ccc(Cl)cc2)c(CCC(=O)N2CCC(O)(Cc3ccccc3)CC2)c2cc(-c3ccco3)ccc21,9.10237290870956
CN(Cc1cc(C(F)(F)F)cc(C(F)(F)F)c1)C(=O)[C@H]1CN(C(=O)NC2CCCCC2)C[C@@H]1c1ccccc1,9.10237290870956
COc1ccc(C2(C(F)(F)F)N=N2)cc1CN[C@H]1CCCN[C@H]1c1ccccc1,9.10001543745061
C/C(CN1CCN(C(=O)c2cc(C(F)(F)F)cc(C(F)(F)F)c2)[C@H](Cc2c[nH]c3ccccc23)C1)=N/OCCN,9.10001543745061
C/C(CN1CCN(C(=O)c2cc(C(F)(F)F)cc(C(F)(F)F)c2)[C@H](Cc2c[nH]c3ccccc23)C1)=N/OCCN(C)C,9.10001543745061
COc1ccc(-c2nccs2)cc1CN[C@H]1CCCN[C@H]1c1ccccc1,9.10001543745061
COc1ccc(-c2c(C)nn(C)c2C)cc1CN[C@H]1CCCN[C@H]1c1ccccc1,9.10001543745061
FC(F)(F)c1cc(CO[C@H]2CCCN(Cc3n[nH]c(S)n3)[C@H]2c2ccccc2)cc(C(F)(F)F)c1,9.10001543745061
Cc1cc(F)ccc1[C@H]1CNCCN1C(=O)N1CCCNC1c1cc(C(F)(F)F)cc(C(F)(F)F)c1,9.10001543745061
CN(C/C(=N\OCCCn1cnnn1)C(CCN1CCC(N2CCCCC2=O)CC1)c1ccc(Cl)c(Cl)c1)C(=O)c1cc(Cl)cc(Cl)c1,9.09691001300806
CN(C/C(=N\OCF)C(CCN1CCC(N2CCCCC2=O)CC1)c1ccc(Cl)c(Cl)c1)C(=O)c1cc(Cl)cc(Cl)c1,9.09691001300806
CN(C/C(=N\OCCC[S+](C)[O-])C(CCN1CCC(N2CCCCC2=O)CC1)c1ccc(Cl)c(Cl)c1)C(=O)c1cc(Cl)cc(Cl)c1,9.09691001300806
Cc1ccc(-c2c(C(=O)N(C)[C@@H](C)c3cc(C(F)(F)F)cc(C(F)(F)F)c3)n(C)c(=O)c3ncccc23)cc1,9.09691001300806
CN(C(=O)c1cc(C(F)(F)F)cc(C(F)(F)F)c1)c1cc(C(=O)N[C@@H]2CCCCNC2=O)ccc1-c1ccc(Cl)c(Cl)c1,9.09691001300806
COc1ccccc1CN(C=O)CC(Cc1c[nH]c2ccccc12)NC(=O)CN1CCN(c2ccccc2)CC1,9.09691001300806
CO/N=C(\CN(C)C(=O)c1cc(Cl)cc(Cl)c1)[C@H](CCN1CCC(N2CCCN(C(C)(C)C(N)=O)C2=O)CC1)c1ccc(Cl)c(Cl)c1,9.09691001300806
FC(F)(F)Oc1ccccc1CN[C@H]1CCCN[C@H]1c1ccccc1,9.09691001300806
CO/N=C(\CN(C)C(=O)c1cc(Cl)cc(Cl)c1)[C@H](CCN1CCC(N2CCCN(N3CCOCC3)C2=O)CC1)c1ccc(Cl)c(Cl)c1,9.09691001300806
CCN1C[C@@](CO[C@H](C)c2cc(C(F)(F)F)cc(C(F)(F)F)c2)(c2ccc(F)cc2)NC1=O,9.09691001300806
O=C1C(c2cc(C(F)(F)F)cc(C(F)(F)F)c2)CCCN1[C@]1(c2ccccc2)CC[C@@H](N2CCC3(CCOC3)CC2)CC1,9.09691001300806
CN(Cc1ccccc1)C(=O)[C@H](Cc1ccc2ccccc2c1)NC(=O)[C@@H]1CCCN1C(=O)Nc1ccccc1C(N)=O,9.09691001300806
CCN(Cc1n[nH]c(O)n1)[C@H](COCc1cc(C(F)(F)F)cc(C(F)(F)F)c1)c1ccccc1,9.09691001300806
CN(C[C@@H]1CCC(=O)N1)[C@@H]1CC[C@H](OCc2cc(C(F)(F)F)cc(C(F)(F)F)c2)[C@H]1c1ccccc1,9.09151498112135
COc1ccc(OC(F)(F)F)cc1CN1CCC(=O)C(C(c2ccc(F)cc2)c2ccc(F)cc2)C1,9.09151498112135
CCC(=O)N(Cc1ccccc1OC)CC(Cc1c[nH]c2ccccc12)NC(=O)CN1CCN(c2ccccc2)CC1,9.09151498112135
COc1ccccc1CN(CC(Cc1c[nH]c2ccccc12)NC(=O)COc1ccc(CO)cc1)C(C)=O,9.08618614761628
CN[C@@H]1CC[C@H](OCc2cc(C(F)(F)F)cc(C(F)(F)F)c2)[C@H]1c1ccccc1,9.08092190762393
CN(C(=O)c1cc(C(F)(F)F)cc(C(F)(F)F)c1)[C@H](/C=C/C(=O)N[C@@H]1CCCCNC1=O)Cc1ccc(Cl)c(Cl)c1,9.07998108397108
CN(Cc1cc(C(F)(F)F)cc(C(F)(F)F)c1)C(=O)[C@H]1CN(C(=O)c2ncccn2)C[C@@H]1c1ccccc1,9.07572071393812
CCC[C@](Cc1c[nH]c2ccccc12)(NC(=O)OCc1cc2ccccc2o1)C(=O)N[C@@H](C)c1ccccc1,9.07058107428571
Cc1ccc(-c2c3n(c(=O)c4ncccc24)CCCN(Cc2cc(C(F)(F)F)cc(C(F)(F)F)c2)C3=O)cc1,9.07058107428571
CC(C(=O)N[C@]1(c2ccccc2)CC[C@@H](N2CCC(O)CC2)CC1)c1cc(C(F)(F)F)cc(C(F)(F)F)c1,9.07058107428571
COc1ccccc1CN(C[C@@H](Cc1c[nH]c2ccccc12)NC(=O)CN1CCN(c2ccccc2)CC1)C(C)=O,9.07058107428571
Cc1cc(O)cc(C)c1C[C@H](N)C(=O)N[C@H](C)C(=O)N[C@@H](Cc1c[nH]c2ccccc12)C(=O)NCc1cc(C(F)(F)F)cc(C(F)(F)F)c1,9.07058107428571
CN(C(=O)C(C)(C)c1cc(C(F)(F)F)cc(C(F)(F)F)c1)c1cnc(N2CC[C@H](O)C2)cc1-c1ccccc1Cl,9.06550154875643
FC(F)(F)c1cc(CO[C@H]2CCCN[C@H]2c2ccccc2)cc(C(F)(F)F)c1,9.06048074738138
O=C(Cc1cc(C(F)(F)F)cc(C(F)(F)F)c1)NCC(c1ccccc1Br)N1CCC(N2CCCCC2)CC1,9.05551732784983
CN(Cc1ccccc1)C(=O)[C@H](Cc1ccc2ccccc2c1)NC(=O)[C@@H]1CCCN1C(=O)Nc1ccccc1,9.05551732784983
C[C@@H](O[C@H]1CN2C(=O)N(C)C[C@H]2[C@@H]1c1ccc(F)cc1)c1cc(C(F)(F)F)cc(C(F)(F)F)c1,9.05551732784983
COc1ccc(OC(F)(F)F)cc1[C@H]1COC2(CCCN(Cc3nc[nH]n3)C2c2ccccc2)C1,9.05060999335509
COc1ccccc1N1CCN(C(=O)CCc2c(-c3ccc(Cl)cc3)[nH]c3ccc(Cl)cc23)CC1,9.05060999335509
COC(=O)N[C@@H]1CC[C@H](OCc2cc(C(F)(F)F)cc(C(F)(F)F)c2)[C@H]1c1ccccc1,9.05060999335509
CN(C(=O)C(C)(C)c1cc(C(F)(F)F)cc(C(F)(F)F)c1)[C@H]1CNC[C@@H]1c1ccc(F)cc1,9.04575749056068
CN(C/C(=N\OCC(N)=O)C(CCN1CCC(N2CCCCC2=O)CC1)c1ccc(Cl)c(Cl)c1)C(=O)c1cc(Cl)cc(Cl)c1,9.04575749056068
CC(=O)N[C@@H]1C[C@@](CO[C@H](C)c2cc(C(F)(F)F)cc(C(F)(F)F)c2)(c2ccccc2)NC1=O,9.04575749056068
Cc1cc(COC2C3CCN(CC3)C2C(c2ccccc2)c2ccccc2)cc([Si](C)(C)C)c1,9.04575749056068
COc1ccc(C(C)(OC)C(F)(F)F)cc1CN[C@H]1CCCN[C@H]1c1ccccc1,9.04575749056068
O=C(CCc1cc(C(F)(F)F)cc(C(F)(F)F)c1)[C@H](Cc1c[nH]c2ccccc12)NC(=O)C12CCN(CC1)CC2,9.04575749056068
COc1ccc(CC(F)(F)F)cc1CN[C@H]1CCCN[C@H]1c1ccccc1,9.04575749056068
CNC(=O)CN1CCCN(C2CCN(CC[C@@H](/C(CN(C)C(=O)c3cc(Cl)cc(Cl)c3)=N/OC)c3ccc(Cl)c(Cl)c3)CC2)C1=O,9.04575749056068
O=C1NC(COCc2cc(C(F)(F)F)cc(C(F)(F)F)c2)(c2ccc(F)cc2)CN1C1CCNCC1,9.04575749056068
Cc1cc(C)cc(C(=O)N2CCN(C(=O)CNC3CCN(Cc4ccccc4)CC3)[C@@H](c3ccc(Cl)c(Cl)c3)C2)c1,9.04575749056068
FC(F)(F)c1cc(CO[C@H]2CCCN(Cc3c[nH]cn3)[C@H]2c2ccccc2)cc(C(F)(F)F)c1,9.04575749056068
CN(C/C(=N\OCCCS(C)(=O)=O)C(CCN1CCC(N2CCCCC2=O)CC1)c1ccc(Cl)c(Cl)c1)C(=O)c1cc(Cl)cc(Cl)c1,9.04575749056068
CO/N=C(\CN(C)C(=O)c1cc(Cl)cc(Cl)c1)[C@H](CCN1CCC(N2CCCN(C(C)C)C2=O)CC1)c1ccc(Cl)c(Cl)c1,9.04575749056068
COC[C@@H]1C[C@@H](OC)CN1c1cc(-c2ccccc2Cl)c(N(C)C(=O)C(C)(C)c2cc(C(F)(F)F)cc(C(F)(F)F)c2)cn1,9.04095860767891
COc1ccccc1CN[C@H]1C2CC3CCC(C2)N3[C@H]1C(c1ccccc1)c1ccccc1,9.04000516167158
COc1ccccc1CNC1C2CC3CCC(C2)N3[C@H]1C(c1ccccc1)c1ccccc1,9.03621217265444
Cn1c(-c2cccnc2)c(CCC(=O)N2CCC(O)(Cc3ccccc3)CC2)c2cc(Cl)ccc21,9.03621217265444
C[C@@H](O[C@H]1CN2C(=O)C=C(c3ccccc3)CC2[C@@H]1c1ccc(F)cc1)c1cc(C(F)(F)F)cc(C(F)(F)F)c1,9.03151705144606
Cc1cc(F)ccc1[C@H]1C[C@H](N(C)C)CCN1C(=O)N(C)[C@H](C)c1cc(C(F)(F)F)cc(C(F)(F)F)c1,9.02997873417163
O=C(Cc1ccncc1)N1CCC(COCc2cc(C(F)(F)F)cc(C(F)(F)F)c2)(c2ccccc2)CC1,9.0268721464003
FC(F)(F)c1cc(COCC2(c3ccccc3)CCNCC2)cc(C(F)(F)F)c1,9.02227639471115
NC(=O)CN[C@@H]1CC[C@H](OCc2cc(C(F)(F)F)cc(C(F)(F)F)c2)[C@H]1c1ccccc1,9.02227639471115
C[C@@H](O[C@H]1CC[C@@H](N(C)CC(=O)N2CCN(C)CC2)[C@@H]1c1ccc(F)cc1)c1cc(C(F)(F)F)cc(C(F)(F)F)c1,9.02227639471115
Cc1ccccc1-c1cc(N2CCN(C)CC2)ncc1N(C)C(=O)C(C)(C)c1cc(C(F)(F)F)cc(C(F)(F)F)c1,9.02227639471115
CC[C@](Cc1c[nH]c2ccccc12)(NC(=O)OCc1cc2ccccc2o1)C(=O)N[C@@H](C)c1ccccc1,9.01772876696043
FC(F)(F)c1cc(CO[C@H]2CCCN(Cc3nnco3)[C@H]2c2ccccc2)cc(C(F)(F)F)c1,9.01322826573376
CC(=O)N1CCC(C(=O)N2C[C@@H](C(=O)N(C)Cc3cc(C(F)(F)F)cc(C(F)(F)F)c3)[C@H](c3ccccc3)C2)CC1,9.01322826573376
COc1ccccc1N1CCN(C(=O)CCc2c(-c3ccc(Cl)cc3)n(CCO)c3ccc(Cl)cc23)CC1,9.01322826573376
Cc1cc(F)ccc1-c1cc(C2CCC(CC(=O)O)CC2)ncc1N(C)C(=O)C(C)(CO)c1cc(C(F)(F)F)cc(C(F)(F)F)c1,9.00877392430751
COc1ccccc1CN(C[C@@H](Cc1c[nH]c2ccccc12)NC(=O)COc1ccc(-c2csnn2)cc1)C(C)=O,9.00877392430751
COc1ccccc1CN(CC(Cc1c[nH]c2ccccc12)NC(=O)CN1CCN(Cc2ccccc2)CC1)C(C)=O,9.00877392430751
Cc1cc(F)ccc1[C@H]1C[C@@]2(CCC(C(N)=O)N2)CCN1C(=O)N(C)[C@H](C)c1cc(C(F)(F)F)cc(C(F)(F)F)c1,9.0
COc1ccccc1N1CCN(C(=O)CCc2c(-c3ccc(Br)cc3)[nH]c3ccc(C)cc23)CC1,9.0
COc1cccc(C(COCc2cc(C(F)(F)F)cc(C(F)(F)F)c2)N2CCNCC2)c1,9.0
Cc1cc(C)cc(CO[C@H]2C3CCN(CC3)[C@H]2C(c2ccccc2)c2ccccc2)c1,9.0
Cc1cc(F)ccc1[C@H]1C[C@]2(CC[C@H](C(N)=O)N2)CCN1C(=O)N(C)[C@H](C)c1cc(C(F)(F)F)cc(C(F)(F)F)c1,9.0
COc1ccc(-n2nnnc2N)cc1CN[C@H]1CCCN[C@H]1c1ccccc1,9.0
CN(C(=O)c1cc(C(F)(F)F)cc(C(F)(F)F)c1)[C@@H](/C=C/C(=O)NC1(C(N)=O)CCCCC1)Cc1ccc(Cl)cc1,9.0
NC(=O)CN1CCC[C@H](OCc2cc(C(F)(F)F)cc(C(F)(F)F)c2)[C@@H]1c1ccccc1,9.0
Cc1cc(F)ccc1[C@H]1C[C@]2(CC[C@@H](C(N)=O)N2)CCN1C(=O)N(C)[C@H](C)c1cc(C(F)(F)F)cc(C(F)(F)F)c1,9.0
CNC(=O)NCCCO/N=C(\CN(C)C(=O)c1cc(Cl)cc(Cl)c1)C(CCN1CCC(N2CCCCC2=O)CC1)c1ccc(Cl)c(Cl)c1,9.0
CN(C(=O)c1cc(C(F)(F)F)cc(C(F)(F)F)c1)c1cc(C(=O)N[C@@H]2CCCCNC2=O)ccc1-c1ccc(F)cc1,9.0
Cc1cc(F)ccc1[C@H]1C[C@]2(CC[C@H](C(N)=O)N2)CCN1C(=O)N(C)[C@@H](C)c1cc(C(F)(F)F)cc(C(F)(F)F)c1,9.0
CO/N=C(\CN(C)C(=O)c1cc(Cl)cc(Cl)c1)[C@H](CCN1CCC(N2CCCN(CC(=O)OCc3ccccc3)C2=O)CC1)c1ccc(Cl)c(Cl)c1,9.0
Cc1cc(F)ccc1[C@H]1C[C@]2(CC[C@H](C(N)=O)N2)CCN1C(=O)N(C)Cc1cc(C(F)(F)F)cc(C(F)(F)F)c1,9.0
C[C@@H](OC[C@]1(c2ccccc2)C[C@](N)(C(N)=O)C1)c1cc(C(F)(F)F)cc(C(F)(F)F)c1,9.0
Cc1cc(F)ccc1[C@H]1C[C@@]2(CCN1C(=O)N(C)[C@H](C)c1cc(C(F)(F)F)cc(C(F)(F)F)c1)CC[C@](C)(C(N)=O)N2,9.0
Cc1cc(F)ccc1[C@H]1C[C@@]2(CCN1C(=O)N(C)[C@H](C)c1cc(C(F)(F)F)cc(C(F)(F)F)c1)CC[C@]1(C)COCCN12,9.0
Cc1cc(F)ccc1[C@H]1C[C@@]2(CCN1C(=O)N(C)[C@H](C)c1cc(C(F)(F)F)cc(C(F)(F)F)c1)CC[C@@](C)(C(N)=O)N2,9.0
Cc1cc(F)ccc1[C@H]1C[C@]2(CCCN2)CCN1C(=O)N(C)[C@H](C)c1cc(C(F)(F)F)cc(C(F)(F)F)c1,9.0
Cc1cc(F)ccc1[C@H]1C[C@@]2(CCN1C(=O)N(C)[C@H](C)c1cc(C(F)(F)F)cc(C(F)(F)F)c1)CC[C@](C)(CO)N2,9.0
Cc1cc(F)ccc1[C@H]1C[C@@]2(CCN1C(=O)N(C)[C@H](C)c1cc(C(F)(F)F)cc(C(F)(F)F)c1)CC[C@@](C)(CO)N2,9.0
Cc1cc(F)ccc1[C@H]1C[C@@]2(CCN1C(=O)N(C)[C@H](C)c1cc(C(F)(F)F)cc(C(F)(F)F)c1)NCC[C@@H]2C(=O)[O-],9.0
Cc1cc(F)ccc1[C@H]1C[C@]2(CC[C@@H](C(N)=O)N2)CCN1C(=O)N(C)[C@@H](C)c1cc(C(F)(F)F)cc(C(F)(F)F)c1,9.0
Cc1cc(F)ccc1[C@H]1C[C@@]2(CCN1C(=O)N(C)[C@H](C)c1cc(C(F)(F)F)cc(C(F)(F)F)c1)CC(C(=O)[O-])CN2,9.0
Cc1cc(F)ccc1[C@H]1C[C@]2(CC[C@@H](C(N)=O)N2)CCN1C(=O)N(C)Cc1cc(C(F)(F)F)cc(C(F)(F)F)c1,9.0
CNC(=O)[C@]1(N)C[C@@](CO[C@H](C)c2cc(C(F)(F)F)cc(C(F)(F)F)c2)(c2ccccc2)C1,9.0
FC(F)(F)c1cc(COCC2(c3ccccc3)CCCCN2)cc(C(F)(F)F)c1,9.0
COCc1ccccc1NC(=O)N1CCC[C@H]1C(=O)N[C@@H](Cc1ccc2ccccc2c1)C(=O)N(C)Cc1ccccc1,9.0
Cc1cc(F)ccc1[C@H]1C[C@]2(CC[C@H]3COCCN32)CCN1C(=O)N(C)[C@H](C)c1cc(C(F)(F)F)cc(C(F)(F)F)c1,9.0
Cc1cc(F)ccc1[C@H]1C[C@]2(CC[C@@H](CO)N2)CCN1C(=O)N(C)[C@H](C)c1cc(C(F)(F)F)cc(C(F)(F)F)c1,9.0
Cc1cc(F)ccc1[C@H]1C[C@]2(CC[C@@H]3COCCN32)CCN1C(=O)N(C)[C@H](C)c1cc(C(F)(F)F)cc(C(F)(F)F)c1,9.0
Cc1cc(F)ccc1[C@H]1C[C@]2(CC[C@H](CO)N2)CCN1C(=O)N(C)[C@H](C)c1cc(C(F)(F)F)cc(C(F)(F)F)c1,9.0
Cc1cc(F)ccc1[C@H]1C[C@@]2(CCN1C(=O)N(C)[C@H](C)c1cc(C(F)(F)F)cc(C(F)(F)F)c1)CC[C@@]1(C)COCCN12,9.0
Cc1ccccc1-c1cc(N2CCOCC2)ncc1N(C)C(=O)C(C)(C)c1cc(C(F)(F)F)cc(C(F)(F)F)c1,9.0
CO/N=C(\CN(C)C(=O)c1cc(Cl)cc(Cl)c1)[C@H](CCN1CCC(N2CCCN(Cc3nn[nH]n3)C2=O)CC1)c1ccc(Cl)c(Cl)c1,9.0
C[C@@H](O[C@H]1CN2C(=O)C=C(c3ccc(NS(C)(=O)=O)cc3)CC2[C@@H]1c1ccc(F)cc1)c1cc(C(F)(F)F)cc(C(F)(F)F)c1,9.0
CN(C(=O)C(C)(C)c1cc(C(F)(F)F)cc(C(F)(F)F)c1)c1cnc(N2CCC[C@H]2CO)cc1-c1ccccc1Cl,9.0
Cn1nnc(C2CC3(c4ccccc4)NC2CCC3OCc2cc(C(F)(F)F)cc(C(F)(F)F)c2)n1,9.0
O=C(O)C1CC2(c3ccc(F)cc3)NC1CCC2NCc1cc(OC(F)(F)F)ccc1OC1CC1,9.0
C[C@@H](O[C@@H]1[C@@H](c2ccc(F)cc2)CN2C(=O)OC[C@H]12)c1cc(C(F)(F)F)cc(C(F)(F)F)c1,9.0
CO/N=C(\CN(C)C(=O)c1cc(Cl)cc(Cl)c1)[C@H](CCN1CCC(N2CCCN(O)C2=O)CC1)c1ccc(Cl)c(Cl)c1,9.0
Cc1cc(F)ccc1-c1cc(C2CCC(O)(CC(=O)O)CC2)ncc1N(C)C(=O)C(C)(C)c1cc(C(F)(F)F)cc(C(F)(F)F)c1,9.0
Cc1ccccc1C(COCc1cc(C(F)(F)F)cc(C(F)(F)F)c1)N1CCNCC1,9.0
CSN1CC2(CCN(C(=O)N[C@@H](Cc3c[nH]c4ccccc34)C(=O)N(C)Cc3cc(C(F)(F)F)cc(C(F)(F)F)c3)CC2)c2ccccc21,9.0
CO/N=C(\CN(C)C(=O)c1cc(C)cc(C)c1)C(CCN1CCC(O)(c2ccccc2)CC1)c1ccc(Cl)c(Cl)c1,9.0
FC(F)(F)c1cc(CO[C@H]2CCCN(Cc3cocn3)[C@H]2c2ccccc2)cc(C(F)(F)F)c1,9.0
CS(=O)(=O)N1CC2(CCN(C(=O)[C@H](COCc3ccc(Cl)c(Cl)c3)NCc3ccccc3)CC2)c2ccccc21,9.0
FC(F)(F)c1cc(COC[C@]2(c3ccccc3)CCCCN2)cc(C(F)(F)F)c1,9.0
CCN(C)c1cc(C(F)(F)F)cc(COCC2(c3ccc(F)cc3)CCN(C)CC2)n1,9.0
C=C(C)n1c(=O)n(CCN2CCC(N(C(=O)OCC)c3ccc(Cl)c(Cl)c3)CC2)c2ccccc21,9.0
CN(C)CCCNC(=O)c1ccc(-c2ccc(Cl)cc2)c(N(C)C(=O)c2cc(C(F)(F)F)cc(C(F)(F)F)c2)c1,9.0
C[C@@H](OC[C@@]1(c2ccccc2)CC[C@H](NS(C)(=O)=O)CN1)c1cc(C(F)(F)F)cc(C(F)(F)F)c1,8.98716277529483
NC(=O)CN1CCO[C@H](OCc2cc(C(F)(F)F)cc(C(F)(F)F)c2)[C@@H]1c1ccccc1,8.95860731484178
O=C1CN([C@H]2CC[C@](c3ccccc3)(N3CCC(c4cc(C(F)(F)F)cc(C(F)(F)F)c4)C3=O)CC2)CCN1c1ccccc1,8.95860731484178
CN(Cc1ccccc1)C(=O)[C@H](Cc1ccc2ccccc2c1)NC(=O)[C@@H]1CCCN1C(=O)Nc1ccccc1C#N,8.95860731484178
CN(C)Cc1n[nH]nc1CN1CCOC2(CCC(c3ccccc3C(F)(F)F)CO2)C1c1ccc(F)cc1,8.95860731484178
CN(CC(c1ccccc1Br)N1CCC(N2CCCCC2)CC1)C(=O)Cc1cc(C(F)(F)F)cc(C(F)(F)F)c1,8.95860731484178
CN(C)Cc1[nH]nnc1CN1CCO[C@@]2(CC[C@@H](c3ccccc3C(F)(F)F)CO2)[C@@H]1c1ccc(F)cc1,8.95860731484178
CN(Cc1nc[nH]n1)[C@@H]1CC[C@H](OCc2cc(C(F)(F)F)cc(C(F)(F)F)c2)[C@H]1c1ccccc1,8.95860731484178
Cn1c(C(=O)NCc2cc(C(F)(F)F)cc(C(F)(F)F)c2)c(-c2ccc(F)cc2)c2cccnc2c1=O,8.95860731484178
Cc1ccccc1-c1cnc(N2CCN(C)CC2)nc1N(C)C(=O)C(C)(C)c1cc(C(F)(F)F)cc(C(F)(F)F)c1,8.95860731484178
CN(Cc1ccccc1)C(=O)[C@H](Cc1ccc2ccccc2c1)NC(=O)[C@@H]1CCCN1C(=O)Nc1ccc(C#N)cc1,8.95860731484178
CN(C(=O)C(C)(C)c1cc(C(F)(F)F)cc(C(F)(F)F)c1)[C@H]1CN(C(=O)N(CCO)CCO)C[C@@H]1c1ccc(F)cc1,8.95860731484178
CO/N=C(\CN(C)C(=O)c1cc(Cl)cc(Cl)c1)[C@H](CCN1CCC(N2CCCN(Cc3ccoc3)C2=O)CC1)c1ccc(Cl)c(Cl)c1,8.95860731484178
COc1ccccc1CN(CC(Cc1c[nH]c2ccccc12)NC(=O)CN1CCN(c2ccccc2)CC1)C(C)=O,8.95860731484178
COc1cc(C2=CC(=O)N3C[C@H](O[C@H](C)c4cc(C(F)(F)F)cc(C(F)(F)F)c4)[C@@H](c4ccc(F)cc4)C3C2)ccn1,8.95860731484178
CN(C(=O)c1cc(C(F)(F)F)cc(C(F)(F)F)c1)[C@@H](/C=C/C(=O)N[C@@H]1CCCCNC1=O)Cc1ccc2ccccc2c1,8.95860731484178
CN(C(=O)C(C)(C)c1cc(C(F)(F)F)cc(C(F)(F)F)c1)c1cnc(NCCO)cc1-c1ccccc1Cl,8.95078197732982
CCNC(=O)[C@@H]1CC[C@@](CO[C@H](C)c2cc(C(F)(F)F)cc(C(F)(F)F)c2)(c2ccccc2)NC1,8.94692155651658
CN(C(=O)C(C)(C)c1cc(C(F)(F)F)cc(C(F)(F)F)c1)c1cnc(N(CCO)CCO)cc1-c1ccccc1Cl,8.93930215964639
COc1ccccc1CN(CC(Cc1csc2ccccc12)NC(=O)CN1CCN(c2ccccc2)CC1)C(C)=O,8.92811799269387
CN1CCC(COCc2cc(C(F)(F)F)cc(N3CCCC3)n2)(c2ccccc2)CC1,8.92081875395238
CN(Cc1cc(C(F)(F)F)cc(C(F)(F)F)c1)C(=O)c1c(-c2ccccc2)c2ccccc2c(=O)n1C,8.92081875395238
CC1CCN([C@H]2CC[C@](NC(=O)C(C)c3cc(C(F)(F)F)cc(C(F)(F)F)c3)(c3ccccc3)CC2)CC1,8.92081875395238
CN(C)CCCC(=O)N1CCC(COCc2cc(C(F)(F)F)cc(C(F)(F)F)c2)(c2ccccc2)CC1,8.92081875395238
C[C@@H](OC1CCC2NC1(c1ccccc1)CC2c1nnnn1C)c1cc(C(F)(F)F)cc(C(F)(F)F)c1,8.92081875395238
CO/N=C(\CN(C)C(=O)c1cc(Cl)cc(Cl)c1)[C@H](CCN1CCC(n2c(O)nc3ccccc32)CC1)c1ccc(Cl)c(Cl)c1,8.92081875395238
COc1ccc(OC(F)(F)F)cc1CN[C@H]1CCN(S(C)(=O)=O)C[C@H]1c1ccccc1,8.92081875395238
CO/N=C(\CN(CCF)C(=O)c1cc(Cl)cc(Cl)c1)[C@H](CCN1CCC(n2c(=O)n(CC(=O)O)c3ccccc32)CC1)c1ccc(Cl)c(Cl)c1,8.92081875395238
CN(C/C(=N\OCCCNS(C)(=O)=O)C(CCN1CCC(N2CCCCC2=O)CC1)c1ccc(Cl)c(Cl)c1)C(=O)c1cc(Cl)cc(Cl)c1,8.92081875395238
CS(=O)(=O)NC(=O)C1CC2(c3ccc(F)cc3)NC1CCC2NCc1cc(OC(F)(F)F)ccc1OC1CC1,8.92081875395238
C[C@@H](O[C@@H]1[C@@H](c2ccc(F)cc2)CN(C(=O)OC(C)(C)C)[C@H]1CO)c1cc(C(F)(F)F)cc(C(F)(F)F)c1,8.92081875395238
C[C@@H](O[C@H]1CN2C(=O)[C@@H]3C[C@H](NCc4ccccc4)C[C@@H]3[C@H]2[C@@H]1c1ccc(F)cc1)c1cc(C(F)(F)F)cc(C(F)(F)F)c1,8.92081875395238
CN(C/C(=N\OCC(=O)NO)C(CCN1CCC(N2CCCCC2=O)CC1)c1ccc(Cl)c(Cl)c1)C(=O)c1cc(Cl)cc(Cl)c1,8.92081875395238
O=C(c1cc(C(F)(F)F)cc(C(F)(F)F)c1)N1CCN(C/C=N\OCCN2CCOCC2)C[C@H]1Cc1c[nH]c2ccccc12,8.89997426989214
CN(Cc1ccccc1)C(=O)[C@H](Cc1ccc2ccccc2c1)NC(=O)C1(NC(=O)c2c[nH]c3ccccc23)CCCCC1,8.89997426989214
C[C@H](OC[C@H](c1ccccc1)N1CCN(CC(=O)O)CC1)c1cc(C(F)(F)F)cc(C(F)(F)F)c1,8.89997426989214
Cc1cc(F)ccc1[C@H]1CNCCN1C(=O)N1CCCCC1c1cc(C(F)(F)F)cc(C(F)(F)F)c1,8.89997426989214
C[C@H](OC[C@H](c1ccccc1)N1CCN(CCOCC(=O)O)CC1)c1cc(C(F)(F)F)cc(C(F)(F)F)c1,8.89997426989214
O=C(c1cc(C(F)(F)F)cc(C(F)(F)F)c1)N1CCN(C/C=N\OCCCN2CCOCC2)C[C@H]1Cc1c[nH]c2ccccc12,8.89997426989214
C/C(CCCN1CCN(C(=O)c2cc(C(F)(F)F)cc(C(F)(F)F)c2)[C@H](Cc2c[nH]c3ccccc23)C1)=N/OCCN1CCOCC1,8.89997426989214
Brc1cc(I)cc(COCC(c2ccccc2)N2CCNCC2)c1,8.89997426989214
COC(=O)CC(=O)N(Cc1ccccc1OC)CC(Cc1c[nH]c2ccccc12)NC(=O)CN1CCN(c2ccccc2)CC1,8.89279003035213
Cc1cc(F)ccc1C1CNCCN1C(=O)N(C)Cc1cc(C(F)(F)F)cc(C(F)(F)F)c1,8.89008413697621
Cc1ccccc1-c1c(C(=O)N(C)Cc2cc(C(F)(F)F)cc(C(F)(F)F)c2)n(C)c(=O)c2ccccc12,8.88605664769316
C[C@@H](OC[C@]1(c2ccccc2)C[C@](N)(C(=O)N2CCCCC2)C1)c1cc(C(F)(F)F)cc(C(F)(F)F)c1,8.88605664769316
COc1ccc(C(F)(F)F)cc1[C@H]1COCC2(C1)OCCN[C@H]2c1ccc(F)cc1,8.88605664769316
Cc1cc(F)ccc1-c1cc(N2CC[C@H](O)C2)ncc1N(C)C(=O)C(C)(C)c1cc(C(F)(F)F)cc(C(F)(F)F)c1,8.88605664769316
C[C@@H](OC[C@]1(c2ccccc2)C[C@](N)(C(=O)N2CCCC2)C1)c1cc(C(F)(F)F)cc(C(F)(F)F)c1,8.88605664769316
Cc1ccccc1-c1cc(N2CCS(=O)(=O)CC2)ncc1N(C)C(=O)C(C)(C)c1cc(C(F)(F)F)cc(C(F)(F)F)c1,8.88605664769316
C[C@@H](O[C@@H]1[C@@H](c2ccccc2)CN2C(=O)OC[C@@H]12)c1cc(C(F)(F)F)cc(C(F)(F)F)c1,8.88605664769316
CN(CC(c1cccc2c1OCO2)N1CCN(C2CCCCC2)CC1)C(=O)Cc1cc(C(F)(F)F)cc(C(F)(F)F)c1,8.88605664769316
COc1ccccc1CN[C@H]1C2CC[N+](CC(N)=O)(CC2)[C@H]1C(c1ccccc1)c1ccccc1,8.88605664769316
CNC(=O)C[C@H]1CCCN(C2CCN(CC[C@@H](/C(CN(C)C(=O)c3cc(Cl)cc(Cl)c3)=N/OC)c3ccc(Cl)c(Cl)c3)CC2)C1,8.88605664769316
CO/N=C(\CN(C)C(=O)c1cc(Cl)cc(Cl)c1)[C@H](CCN1CCC(n2c(=O)n(CC(=O)OC)c3ccccc32)CC1)c1ccc(Cl)c(Cl)c1,8.88605664769316
CNC(=O)C[C@H]1CCCN(C2CCN(CC[C@@H](/C(CN(C)C(=O)c3cc(Cl)cc(Cl)c3)=N/OC)c3ccc(Cl)c(Cl)c3)CC2)C1=O,8.88605664769316
CO/N=C(\CN(C)C(=O)c1cc(Cl)cc(Cl)c1)[C@H](CCN1CCC(n2c(=O)n(CC(=O)O)c3ccccc32)CC1)c1ccc(Cl)c(Cl)c1,8.88605664769316
C[C@@H](O[C@H]1CC[C@@H](N)[C@@H]1c1ccc(F)cc1)c1cc(C(F)(F)F)cc(C(F)(F)F)c1,8.88605664769316
Cn1c(-c2ccc(Cl)cc2)c(CCC(=O)N2CCC(Nc3ccccc3)CC2)c2cc(Cl)ccc21,8.88605664769316
Cc1cc(F)ccc1-c1cc(N2CCC([C@@H](C)C(=O)O)CC2)nc(C#N)c1N(C)C(=O)C(C)(C)c1cc(C(F)(F)F)cc(C(F)(F)F)c1,8.87942606879415
CN(C(=O)C(C)(C)c1cc(C(F)(F)F)cc(C(F)(F)F)c1)c1cnc(N(CCO)CCCO)cc1-c1ccccc1Cl,8.86012091359876
Cc1c(F)cccc1C(CN(C)C(=O)Cc1cc(C(F)(F)F)cc(C(F)(F)F)c1)N1CCC(N2CCCCC2)CC1,8.85387196432176
CC(=O)N1CCN(C(=O)N2C[C@H](c3ccc(F)cc3)[C@@H](N(C)C(=O)C(C)(C)c3cc(C(F)(F)F)cc(C(F)(F)F)c3)C2)CC1,8.85387196432176
CN(C)Cc1n[nH]nc1CN1CCOC2(CCC(c3ccccc3OC(F)(F)F)CO2)C1c1ccc(F)cc1,8.85387196432176
CN(CC(c1cccc(C(F)(F)F)c1F)N1CCC(N2CCCCC2)CC1)C(=O)Cc1cc(C(F)(F)F)cc(C(F)(F)F)c1,8.85387196432176
Cc1ccccc1-c1cc(N2CCN(C)CC2)ccc1C(=O)N(C)Cc1cc(C(F)(F)F)cc(C(F)(F)F)c1,8.85387196432176
CCCCCN(CCCCC)C(=O)[C@H]1CCN(C(=O)N(c2ccccc2)c2cccc(Cl)c2)[C@H](C(=O)NCCN(C)Cc2ccccc2OC)C1,8.85387196432176
FC(F)(F)c1cc(CO[C@@H]2CCCN[C@@H]2c2ccccc2)cc(C(F)(F)F)c1,8.85387196432176
CN(Cc1nc[nH]n1)[C@H](COCc1cc(C(F)(F)F)cc(C(F)(F)F)c1)c1ccccc1,8.85387196432176
COc1ccc(-n2nnnc2C(F)(F)F)cc1CN[C@H]1CCNC[C@H]1c1ccccc1,8.85387196432176
CN(C(=O)c1cc(C(F)(F)F)cc(C(F)(F)F)c1)N(CCC(=O)N[C@@H]1CCCCNC1=O)Cc1ccc(Cl)c(Cl)c1,8.85387196432176
C[C@@H](O[C@H]1CC[C@@H](N(C)c2cnccn2)[C@@H]1c1ccc(F)cc1)c1cc(C(F)(F)F)cc(C(F)(F)F)c1,8.85387196432176
CN(C)Cc1[nH]nnc1CN1CCO[C@@]2(CC[C@@H](c3ccccc3OC(F)(F)F)CO2)[C@@H]1c1ccc(F)cc1,8.85387196432176
Cc1cc(F)ccc1-c1cc(N2CCC3(CC2)OCCS3(=O)=O)ncc1N(C)C(=O)C(C)(C)c1cc(C(F)(F)F)cc(C(F)(F)F)c1,8.85387196432176
Cc1cc(F)ccc1-c1cc(N2CCC[C@H]2CO)ncc1N(C)C(=O)C(C)(C)c1cc(C(F)(F)F)cc(C(F)(F)F)c1,8.85387196432176
CC(C)N1CCN(C(CN(C)C(=O)Cc2cc(C(F)(F)F)cc(C(F)(F)F)c2)c2cccc3c2OCO3)CC1,8.85387196432176
Cc1cc(F)ccc1-c1cc(C2CCC(C(=O)O)CC2)ncc1N(C)C(=O)C(C)(C)c1cc(C(F)(F)F)cc(C(F)(F)F)c1,8.83863199776503
O=C1CC[C@@H](CN[C@@H]2CC[C@H](OCc3cc(C(F)(F)F)cc(C(F)(F)F)c3)[C@H]2c2ccccc2)N1,8.82390874094432
NC(=O)[C@H](Cc1ccccc1)NC(=O)[C@@H](N)Cc1ccccc1,8.82390874094432
C[C@@H](O[C@H]1CN2C(=O)[C@@H]3C[C@H](N)C[C@@H]3[C@H]2[C@@H]1c1ccc(F)cc1)c1cc(C(F)(F)F)cc(C(F)(F)F)c1,8.82390874094432
COc1cc(C)cc(COC2C3CCN(CC3)C2C(c2ccccc2)c2ccccc2)c1,8.82390874094432
C[C@@H](O[C@@H]1[C@@H](c2ccccc2)CN2C(=O)OC[C@H]12)c1cc(C(F)(F)F)cc(C(F)(F)F)c1,8.82390874094432
COc1ccc(-c2[nH]c3ccc(C)cc3c2CCC(=O)N2CCN(c3ccccc3OC)CC2)cc1,8.82390874094432
Cn1nnc(C2(F)CC3(c4ccccc4)NC2CCC3OCc2cc(C(F)(F)F)cc(C(F)(F)F)c2)n1,8.82390874094432
COc1cccc(C(CNC(=O)Cc2cc(C(F)(F)F)cc(C(F)(F)F)c2)N2CCC(N3CCCCC3)CC2)c1,8.82390874094432
O=C1CN([C@H]2CC[C@](c3ccccc3)(N3CCCC(c4cc(C(F)(F)F)cc(C(F)(F)F)c4)C3=O)CC2)CCN1c1ccccc1,8.82390874094432
C[C@@H](OC[C@@]1(c2ccc(F)cc2)CNC(=O)N1)c1cc(C(F)(F)F)cc(C(F)(F)F)c1,8.82390874094432
CN(CC(c1ccc(F)cc1Cl)N1CCC(N2CCCCC2)CC1)C(=O)Cc1cc(C(F)(F)F)cc(C(F)(F)F)c1,8.82390874094432
CN(C(=O)c1cc(C(F)(F)F)cc(C(F)(F)F)c1)c1cc(C(=O)NC2CCCCNC2=O)ccc1-c1ccccc1,8.82390874094432
CN(C/C(=N\OCC#N)C(CCN1CCC(N2CCCCC2=O)CC1)c1ccc(Cl)c(Cl)c1)C(=O)c1cc(Cl)cc(Cl)c1,8.82390874094432
CC(=O)C1CCC(C(=O)N2CC(c3ccc(Cl)c(Cl)c3)[C@H](N(C)C(=O)c3cc(C(F)(F)F)cc(C(F)(F)F)c3)C2)CC1,8.82390874094432
NC(=O)C[C@H]1CCC[C@H](OCc2cc(C(F)(F)F)cc(C(F)(F)F)c2)[C@@H]1c1ccccc1,8.82390874094432
CN(Cc1n[nH]c(O)n1)[C@H](COCc1cc(Cl)cc(Cl)c1)c1ccccc1,8.82390874094432
CN(Cc1ccccc1)C(=O)[C@H](Cc1ccc2ccccc2c1)NC(=O)[C@H]1C[C@H](O)CN1C(=O)c1cn(CCCCc2nnn[n-]2)c2ccccc12,8.82390874094432
CO/N=C(\CN(C)C(=O)c1cc(Cl)cc(Cl)c1)[C@H](CCN1CCC(n2c(=O)n(C)c3ccccc32)CC1)c1ccc(Cl)c(Cl)c1,8.82390874094432
COc1ccccc1CN(CC(Cc1c[nH]c2ccccc12)NC(=O)CN1CCN(c2ccccc2)CC1)C(=O)CN(C)C,8.81247927916354
CN(C(=O)C(C)(C)c1cc(C(F)(F)F)cc(C(F)(F)F)c1)c1cnc(N2CCC[C@@H]2CO)cc1-c1ccccc1Cl,8.80134291304558
CN(C(=O)C(C)(C)c1cc(C(F)(F)F)cc(C(F)(F)F)c1)c1cnc(N2CC[C@H](O)[C@H]2CO)cc1-c1ccccc1Cl,8.80134291304558
FC(F)(F)c1cc(COCC(c2ccccc2Cl)N2CCNCC2)cc(C(F)(F)F)c1,8.79997073344623
CN1CCN(C(COCc2cc(C(F)(F)F)cc(C(F)(F)F)c2)c2ccccc2)CC1,8.79997073344623
C/C(CN1CCN(C(=O)c2cc(C(F)(F)F)cc(C(F)(F)F)c2)[C@H](Cc2c[nH]c3ccccc23)C1)=N/OCCN1CCN(C)CC1,8.79997073344623
FC(F)(F)c1cc(COCC(c2cccc(Cl)c2)N2CCNCC2)cc(C(F)(F)F)c1,8.79997073344623
FC(F)(F)c1cc(COCC(c2ccccc2)N2CCNCC2)cc(C(F)(F)F)c1,8.79997073344623
C=Cc1cccc(C(COCc2cc(C(F)(F)F)cc(C(F)(F)F)c2)N2CCNCC2)c1C=C,8.79997073344623
CC(=O)N[C@H](Cc1c[nH]c2ccccc12)C(=O)OCc1cc(C(F)(F)F)cc(C(F)(F)F)c1,8.79588001734408
FC(F)(F)c1cc(COC2C3CCN(CC3)C2C(c2ccccc2)c2ccccc2)cc(C(F)(F)F)c1,8.79588001734408
CN(C/C(=N\OCCCn1ccnc1)C(CCN1CCC(N2CCCCC2=O)CC1)c1ccc(Cl)c(Cl)c1)C(=O)c1cc(Cl)cc(Cl)c1,8.79588001734408
O=C(Cc1cc(C(F)(F)F)cc(C(F)(F)F)c1)NCC(c1cccc2c1OCO2)N1CCC(N2CCCCC2)CC1,8.79588001734408
O=C1NC(COCc2cc(C(F)(F)F)cc(C(F)(F)F)c2)(c2ccc(F)cc2)CN1CCN1CCCC1,8.79588001734408
O=C(Cc1cc(C(F)(F)F)cc(C(F)(F)F)c1)NCC(c1cccc2c1OCO2)N1CCN(C2CCCCC2)CC1,8.79588001734408
CCN(CC)c1cc(C(F)(F)F)cc(COCC2(c3ccc(F)cc3)CCN(C)CC2)n1,8.79588001734408
Ic1ccccc1CN[C@@H]1C2CCN(CC2)[C@@H]1C(c1ccccc1)c1ccccc1,8.79588001734408
CC(C(=O)N[C@]1(c2ccccc2)CC[C@@H](N2CCC(=O)CC2)CC1)c1cc(C(F)(F)F)cc(C(F)(F)F)c1,8.79588001734408
COC(=O)CN1CCO[C@H](OCc2cc(C(F)(F)F)cc(C(F)(F)F)c2)[C@@H]1c1ccccc1,8.79588001734408
Cc1cc(F)ccc1-c1cc([C@H]2CC[C@H](CC(=O)O)CC2)ncc1N(C)C(=O)C(C)(C)c1cc(C(F)(F)F)cc(C(F)(F)F)c1,8.79048498545737
Cc1cc(F)ccc1-c1cc(C2CCC3(CC2)CC3C(=O)O)ncc1N(C)C(=O)C(C)(C)c1cc(C(F)(F)F)cc(C(F)(F)F)c1,8.78781239559604
Cc1ccccc1-c1cnc(N2CCN(C)CC2)cc1N(C)C(=O)C(C)(C)c1cc(C(F)(F)F)cc(C(F)(F)F)c1,8.76955107862173
CN(Cc1ccccc1)C(=O)[C@H](Cc1ccc2ccccc2c1)N(C)C(=O)[C@@H]1CCCN1/C(S)=N/Cc1ccccc1Cl,8.76955107862173
Cn1c(-c2ccc(Cl)cc2)c(CCC(=O)N2CCC(O)(Cc3ccccc3)CC2)c2cc(-c3ccccn3)ccc21,8.76955107862173
O=C(Cc1cc(C(F)(F)F)cc(C(F)(F)F)c1)NCC(c1cccc(C(F)(F)F)c1F)N1CCC(N2CCCCC2)CC1,8.76955107862173
CN(Cc1ccccc1)C(=O)[C@H](Cc1ccc2ccccc2c1)NC(=O)[C@@H]1CCCN1C(=O)Nc1ccccc1CO,8.76955107862173
O=C(Cc1cc(C(F)(F)F)cc(C(F)(F)F)c1)NCC(c1ccc(F)cc1Cl)N1CCC(N2CCCCC2)CC1,8.76955107862173
CCN1C[C@@](CO[C@H](C)c2cc(C(F)(F)F)cc(C(F)(F)F)c2)(c2ccccc2)NC1=O,8.76955107862173
Cc1ccccc1-c1nc(N2CCN(C)CC2)ncc1C(=O)N(C)Cc1cc(C(F)(F)F)cc(C(F)(F)F)c1,8.76955107862173
Fc1ccc(C2CCN([C@H]3CC[C@](CNCc4cc(C(F)(F)F)cc(C(F)(F)F)c4)(c4ccccc4)CC3)CC2)cc1,8.76955107862173
CN(CC(c1ccc(F)c(Cl)c1)N1CCC(N2CCCCC2)CC1)C(=O)Cc1cc(C(F)(F)F)cc(C(F)(F)F)c1,8.76955107862173
CS(=O)(=O)N1CC2(CCN(C(=O)[C@H](COCc3ccc(Cl)c(Cl)c3)NCc3ccc(Cl)c(Cl)c3)CC2)c2ccccc21,8.76955107862173
CN(C/C(=N\OCCCn1cccn1)C(CCN1CCC(N2CCCCC2=O)CC1)c1ccc(Cl)c(Cl)c1)C(=O)c1cc(Cl)cc(Cl)c1,8.76955107862173
CC(C)c1noc(C2=CC(=O)N3C[C@H](O[C@H](C)c4cc(C(F)(F)F)cc(C(F)(F)F)c4)[C@@H](c4ccc(F)cc4)C3C2)n1,8.76955107862173
Oc1n[nH]c(CN2CCC(COCc3cc(C(F)(F)F)cc(C(F)(F)F)c3)(c3ccccc3)CC2)n1,8.76955107862173
CN(C/C(=N\OC(F)F)C(CCN1CCC(N2CCCCC2=O)CC1)c1ccc(Cl)c(Cl)c1)C(=O)c1cc(Cl)cc(Cl)c1,8.76955107862173
CN(C(=O)C(C)(C)c1cc(C(F)(F)F)cc(C(F)(F)F)c1)c1cnc(N2CCCC(O)C2)cc1-c1ccccc1Cl,8.76447155309245
Cc1cc(F)ccc1-c1cc(C2CCC(CCC(=O)O)CC2)ncc1N(C)C(=O)C(C)(C)c1cc(C(F)(F)F)cc(C(F)(F)F)c1,8.74957999769111
O=C(Cc1ccccn1)N1CCC(COCc2cc(C(F)(F)F)cc(C(F)(F)F)c2)(c2ccccc2)CC1,8.74472749489669
Cc1ccc(-c2c3n(c(=O)c4ncccc24)CCCCCN(Cc2cc(C(F)(F)F)cc(C(F)(F)F)c2)C3=O)cc1,8.74472749489669
CCCCCN(CCCCC)C(=O)[C@H]1CCN(C(=O)N(c2ccccc2)c2ccccc2)[C@H](C(=O)NCCN(C)Cc2ccccc2OC)C1,8.74472749489669
CCCCCN(CCCCC)C(=O)[C@H]1CCN(C(=O)N(c2ccccc2)c2cccc(Cl)c2)[C@H](C(=O)NCCN(CC(N)=O)C(=O)OCc2ccccc2)C1,8.74472749489669
CN(CC(c1cccc2c1OCO2)N1CCC(N2CCCCC2)CC1)C(=O)Cc1cc(C(F)(F)F)cc(C(F)(F)F)c1,8.74472749489669
Cc1cc(C)cc(C(=O)N2CCN(C(=O)CNC3CCN(Cc4ccccc4)CC3)C(c3ccc(Cl)c(Cl)c3)C2)c1,8.74472749489669
O=C(Cc1cccnc1)N1CCC(COCc2cc(C(F)(F)F)cc(C(F)(F)F)c2)(c2ccccc2)CC1,8.74472749489669
O=C(c1cc(C(F)(F)F)cc(C(F)(F)F)c1)N1CCN(C(=O)CNC2CCN(Cc3ccccc3)CC2)[C@@H](c2ccc(Cl)c(Cl)c2)C1,8.74472749489669
CCCCCN(CCCCC)C(=O)[C@H]1CCN(C(=O)N(c2ccccc2)c2ccccc2)[C@H](C(=O)NCCN(CC(N)=O)Cc2ccccc2OC)C1,8.74472749489669
NC(=O)CCN1CCC[C@H](OCc2cc(C(F)(F)F)cc(C(F)(F)F)c2)[C@@H]1c1ccccc1,8.74472749489669
CN1CCC(COCc2cc(C3CC3)cc(C3CC3)n2)(c2ccc(F)cc2)CC1,8.74472749489669
CN(CC(c1ccc(F)c(F)c1F)N1CCC(N2CCCCC2)CC1)C(=O)Cc1cc(C(F)(F)F)cc(C(F)(F)F)c1,8.74472749489669
CN(C)CCC(=O)N[C@@H](Cc1c[nH]c2ccccc12)C(=O)CCc1cc(C(F)(F)F)cc(C(F)(F)F)c1,8.74472749489669
FC(F)(F)c1cc(COCC2(c3ccccc3)CCN(Cc3nc[nH]n3)CC2)cc(C(F)(F)F)c1,8.74472749489669
C[C@@H](O[C@H]1CN2C(=O)C=C(c3ccc(C#N)cc3)CC2[C@@H]1c1ccc(F)cc1)c1cc(C(F)(F)F)cc(C(F)(F)F)c1,8.74472749489669
CN(C/C(=N\OCCC[N+](C)(C)C)C(CCN1CCC(N2CCCCC2=O)CC1)c1ccc(Cl)c(Cl)c1)C(=O)c1cc(Cl)cc(Cl)c1,8.74472749489669
CO/N=C(\CN(C)C(=O)c1cc(Cl)cc(Cl)c1)[C@H](CCN1CCC(N2CCCN(c3ccccn3)C2=O)CC1)c1ccc(Cl)c(Cl)c1,8.72124639904717
COc1ccccc1CNC1C2CC3CCCC2CN3[C@H]1C(c1ccccc1)c1ccccc1,8.72124639904717
CN1CCC(COCc2cc(C(F)(F)F)cc(C3CC3)n2)(c2ccc(F)cc2)CC1,8.72124639904717
CN1CCC(COCc2cc(C(F)(F)F)cc(N3CCC4CC43)n2)(c2ccc(F)cc2)CC1,8.72124639904717
CC(=O)N(Cc1ccccc1Cl)CC(Cc1c[nH]c2ccccc12)NC(=O)CN1CCN(c2ccccc2)CC1,8.72124639904717
C[C@@H](O[C@H]1CN2C(=O)C=C(c3cnn(Cc4ccccc4)c3)CC2[C@@H]1c1ccc(F)cc1)c1cc(C(F)(F)F)cc(C(F)(F)F)c1,8.72124639904717
CCN1CC[C@H](NCc2cc(-n3nnnc3C(F)(F)F)ccc2OC)[C@H](c2ccccc2)C1,8.72124639904717
CN(CC(N)=O)C[C@@H]1CC[C@H](OCc2cc(C(F)(F)F)cc(C(F)(F)F)c2)[C@H]1c1ccccc1,8.72124639904717
NC(=O)CNC[C@@H]1CC[C@H](OCc2cc(C(F)(F)F)cc(C(F)(F)F)c2)[C@H]1c1ccccc1,8.72124639904717
CNC[C@@H]1CC[C@H](OCc2cc(C(F)(F)F)cc(C(F)(F)F)c2)[C@H]1c1ccccc1,8.72124639904717
CN(C/C(=N\OCC(C)(C)O)C(CCN1CCC(N2CCCCC2=O)CC1)c1ccc(Cl)c(Cl)c1)C(=O)c1cc(Cl)cc(Cl)c1,8.72124639904717
COc1ccccc1CN[C@H]1C2CC3CCCC2CN3[C@H]1C(c1ccccc1)c1ccccc1,8.72010501998836
C[C@H](NC(=O)[C@@](C)(Cc1c[nH]c2ccccc12)NC(=O)OCc1ccc(F)cc1F)c1ccccc1,8.72010501998836
CN(C)[C@H](COCc1cc(C(F)(F)F)cc(C(F)(F)F)c1)C(c1ccccc1)c1ccccc1,8.70005709997723
OCCN1CCN(C(COCc2cc(C(F)(F)F)cc(C(F)(F)F)c2)c2ccccc2)CC1,8.70005709997723
CCN(CC)c1nnnn1-c1ccc(OC)c(CN[C@H]2CCCN[C@H]2c2ccccc2)c1,8.70005709997723
FC(F)(F)c1cc(CN[C@H]2C3CCN(CC3)[C@H]2C(c2ccccc2)c2ccccc2)cc(C(F)(F)F)c1,8.70005709997723
COc1ccccc1[C@@H]1CC[C@@]2(CCCN[C@H]2c2ccccc2)NC1,8.70005709997723
Fc1cccc(C(COCc2cc(C(F)(F)F)cc(C(F)(F)F)c2)N2CCNCC2)c1,8.70005709997723
Cc1ccc(COC(=O)N[C@](C)(Cc2c[nH]c3ccccc23)C(=O)N[C@@H](C)c2ccccc2)c(F)c1,8.70005709997723
FC(F)(F)c1cc(COCC(c2ccccc2)N2CCN(Cc3ccccn3)CC2)cc(C(F)(F)F)c1,8.70005709997723
COc1ccc(-c2nccn2C)cc1CN[C@H]1CCCN[C@H]1c1ccccc1,8.70005709997723
CNCCO/N=C(/C)CN1CCN(C(=O)c2cc(C(F)(F)F)cc(C(F)(F)F)c2)[C@H](Cc2c[nH]c3ccccc23)C1,8.70005709997723
FC(F)(F)c1cc(COCC2(c3ccccc3)CCNCC2)nc(C2CC2)c1,8.69897000433602
FC(F)(F)c1cc(COCC2(c3ccccc3)CCCNCCC2)cc(C(F)(F)F)c1,8.69897000433602
Cc1ccccc1-c1ccc(N2CCN(C)CC2)nc1N(C)C(=O)C(C)(C)c1cc(C(F)(F)F)cc(C(F)(F)F)c1,8.69897000433602
O=C(CN1CCOCC1)N[C@@H](Cc1c[nH]c2ccccc12)C(=O)CCc1cc(C(F)(F)F)cc(C(F)(F)F)c1,8.69897000433602
CN1CCC(COCc2cc(C(F)(F)F)cc(C3CC3)n2)(c2ccccc2)CC1,8.69897000433602
C[C@@H]1C[C@@](CO[C@H](C)c2cc(C(F)(F)F)cc(C(F)(F)F)c2)(c2ccccc2)NC1=O,8.69897000433602
CO/N=C(\CN(C)C(=O)c1cc(Cl)cc(Cl)c1)C(CCN1CCC(O)(c2ccccc2)CC1)c1ccc(Cl)c(Cl)c1,8.69897000433602
CN(Cc1n[nH]c(O)n1)C[C@@H]1CC[C@H](OCc2cc(C(F)(F)F)cc(C(F)(F)F)c2)[C@H]1c1ccccc1,8.69897000433602
CN(CC(c1ccccc1)N1CCN(C2CCCCC2)CC1)C(=O)Cc1cc(C(F)(F)F)cc(C(F)(F)F)c1,8.69897000433602
CO/N=C(\CN(C)C(=O)c1cc(C)nc(N(C)C)c1)C(CCN1CCC(O)(c2ccccc2)CC1)c1ccc(Cl)c(Cl)c1,8.69897000433602
CCCN(Cc1n[nH]c(O)n1)[C@H](COCc1cc(C(F)(F)F)cc(C(F)(F)F)c1)c1ccccc1,8.69897000433602
CO/N=C(\CN(C)C(=O)c1cc(C)nc(-c2cccs2)c1)C(CCN1CCC(O)(c2ccccc2)CC1)c1ccc(Cl)c(Cl)c1,8.69897000433602
CO/N=C(\CN(C)C(=O)c1cc(C)nc(N2CCCC2)c1)C(CCN1CCC(O)(c2ccccc2)CC1)c1ccc(Cl)c(Cl)c1,8.69897000433602
Cn1c(-c2ccc(Cl)cc2)c(CCC(=O)N2CCN(CC(C)(C)C)CC2)c2cc(Cl)ccc21,8.69897000433602
CO/N=C(\CNC(=O)c1cc(C(F)(F)F)cc(C(F)(F)F)c1)C(CCN1CCC(O)(c2ccccc2)CC1)c1ccc(Cl)c(Cl)c1,8.69897000433602
CCN(C/C(=N\OC)[C@H](CCN1CCC(n2c(=O)n(CCOC)c3ccccc32)CC1)c1ccc(Cl)c(Cl)c1)C(=O)c1cc(Cl)cc(Cl)c1,8.69897000433602
C[C@@H](O[C@H]1CN2C(=O)C=C(c3ccc(F)cc3)CC2[C@@H]1c1ccc(F)cc1)c1cc(C(F)(F)F)cc(C(F)(F)F)c1,8.69897000433602
COc1ccccc1CN(CC(Cc1c[nH]c2ccccc12)NC(=O)CN1CCN(c2ccccc2)CC1)C(=O)c1ccccc1,8.69897000433602
CN(CC(N)=O)[C@H]1CC[C@H](OCc2cc(C(F)(F)F)cc(C(F)(F)F)c2)[C@@H]1c1ccccc1,8.67778070526608
Cc1cc(F)ccc1-c1cc(C2CCCC(CC(=O)O)C2)ncc1N(C)C(=O)C(C)(C)c1cc(C(F)(F)F)cc(C(F)(F)F)c1,8.67778070526608
CN(CC(c1ccccc1)N1CCC(N2CCCCC2)CC1)C(=O)Cc1cc(C(F)(F)F)cc(C(F)(F)F)c1,8.67778070526608
CN(C(=O)C(C)(C)c1cc(C(F)(F)F)cc(C(F)(F)F)c1)[C@H]1CN(C(=O)N2CCN(S(C)(=O)=O)CC2)C[C@@H]1c1ccc(F)cc1,8.67778070526608
FC(F)(F)Oc1ccc(Cl)c(CNC2CCC3CCC2(c2ccccc2)N3)c1,8.67778070526608
CC(C(=O)NC1(c2ccccc2)CCC(N2CCC(C3CCC(=O)O3)CC2)CC1)c1cc(C(F)(F)F)cc(C(F)(F)F)c1,8.67778070526608
Cc1cc(F)ccc1-c1cc(N2CCC(CC(=O)O)CC2)ncc1N(C)C(=O)C(C)(C)c1cc(C(F)(F)F)cc(C(F)(F)F)c1,8.67571754470231
C[C@H](NC(=O)[C@@](C)(Cc1c[nH]c2ccccc12)NC(=O)OCc1cc(F)ccc1F)c1ccccc1,8.66999229912724
COCCNC(=O)CO/N=C(\CN(C)C(=O)c1cc(Cl)cc(Cl)c1)C(CCN1CCC(N2CCCCC2=O)CC1)c1ccc(Cl)c(Cl)c1,8.65757731917779
NC(=O)[C@@H]1[C@H](c2ccccc2)CCN1C(=O)[C@@H](N)Cc1ccccc1,8.65757731917779
Cc1cc(Cl)cc(COC[C@H](c2ccccc2)N(C)Cc2n[nH]c(O)n2)c1,8.65757731917779
CC(=O)N(Cc1ccccc1)CC(Cc1c[nH]c2ccccc12)NC(=O)CN1CCN(c2ccccc2)CC1,8.65757731917779
COc1ccccc1CN[C@@H]1C2CCN(CC2)[C@@H]1C(c1ccccc1)c1ccccc1,8.65757731917779
CC(=O)N[C@@H](Cc1c[nH]c2ccccc12)C(=O)CCc1cc(C(F)(F)F)cc(C(F)(F)F)c1,8.65757731917779
CN(Cc1ccccc1)C(=O)[C@H](Cc1ccc2ccccc2c1)NC(=O)[C@@H]1CCCN1C(=O)Nc1ccc(F)cc1,8.65757731917779
Cc1cc(C)cc(COCC(NCC(N)=O)C(c2ccccc2)c2ccccc2)c1,8.65757731917779
Cn1c(-c2ccc(Cl)cc2)c(CCC(=O)N2CCC(Cc3ccccc3)CC2)c2cc(Cl)ccc21,8.65757731917779
CN(C/C(=N\OCc1c[nH]cn1)C(CCN1CCC(N2CCCCC2=O)CC1)c1ccc(Cl)c(Cl)c1)C(=O)c1cc(Cl)cc(Cl)c1,8.65757731917779
Cc1cc(F)ccc1-c1cc([C@H]2CC[C@@H](CC(=O)O)CC2)ncc1N(C)C(=O)C(C)(C)c1cc(C(F)(F)F)cc(C(F)(F)F)c1,8.65560772631489
CCCN(CCO)c1cc(-c2ccccc2Cl)c(N(C)C(=O)C(C)(C)c2cc(C(F)(F)F)cc(C(F)(F)F)c2)cn1,8.64975198166584
Cc1cc(F)ccc1-c1cc(N2CCC(C(C)C(=O)O)CC2)nc(C#N)c1N(C)C(=O)C(C)(C)c1cc(C(F)(F)F)cc(C(F)(F)F)c1,8.64781748188864
CN(C(=O)C(C)(C)c1cc(C(F)(F)F)cc(C(F)(F)F)c1)c1cnc(N2CCCC[C@@H]2CO)cc1-c1ccccc1Cl,8.64397414280688
Cn1c(-c2ccc(Cl)cc2)c(CCC(=O)N2CCC(O)(Cc3ccccc3)CC2)c2cc(-n3cccc3)ccc21,8.63827216398241
COc1cccc(OC)c1CN1CCC(=O)C(C(c2ccc(F)cc2)c2ccc(F)cc2)C1,8.63827216398241
N[C@@H]1CC[C@H](OCc2cc(C(F)(F)F)cc(C(F)(F)F)c2)[C@H]1c1ccccc1,8.63827216398241
CCN(C/C(=N\OC)[C@H](CCN1CCC(n2c(=O)n(CC#N)c3ccccc32)CC1)c1ccc(Cl)c(Cl)c1)C(=O)c1cc(Cl)cc(Cl)c1,8.63827216398241
Cc1ccc(-c2c3n(c(=O)c4ncccc24)CCN(Cc2cc(C(F)(F)F)cc(C(F)(F)F)c2)C3=O)cc1,8.63827216398241
CN(Cc1ccccc1)C(=O)[C@H](Cc1ccc2ccccc2c1)NC(=O)[C@@H]1CCCN1C(=O)NCc1ccccc1Cl,8.63827216398241
CN(Cc1ccccc1)C(=O)[C@H](Cc1ccc2ccccc2c1)NC(=O)[C@@H]1CCCN1C(=O)Nc1cccc([N+](=O)[O-])c1,8.63827216398241
CN(CC(c1ccc(Cl)c(Cl)c1)N1CCC(N2CCCCC2)CC1)C(=O)Cc1cc(C(F)(F)F)cc(C(F)(F)F)c1,8.63827216398241
Cc1ccccc1-c1cc(C2CCC(CC(=O)O)CC2)ncc1N(C)C(=O)C(C)(C)c1cc(C(F)(F)F)cc(C(F)(F)F)c1,8.62893213772826
Cc1cc(F)ccc1-c1cc(C2(C)CCCC(CC(=O)O)C2)ncc1N(C)C(=O)C(C)(C)c1cc(C(F)(F)F)cc(C(F)(F)F)c1,8.62893213772826
Cc1cc(F)ccc1-c1cc([C@H]2CC[C@@H](CC(=O)O)CC2)nc(C#N)c1N(C)C(=O)C(C)(C)c1cc(C(F)(F)F)cc(C(F)(F)F)c1,8.62708799702989
C[C@H](NC(=O)[C@@](C)(Cc1c[nH]c2ccccc12)NC(=O)OCc1cc2ccccc2s1)c1ccccc1,8.61996975203217
COc1ccccc1CN[C@H]1[C@@H]2CCC[C@@H]2N[C@H]1c1ccccc1,8.61996975203217
COCCO/N=C(\CN(C)C(=O)c1cc(Cl)cc(Cl)c1)C(CCN1CCC(N2CCCCC2=O)CC1)c1ccc(Cl)c(Cl)c1,8.61978875828839
FC(F)(F)c1cc(CO[C@H]2OCCN[C@H]2c2ccccc2)cc(C(F)(F)F)c1,8.61978875828839
CO/N=C(\CN(C)C(=O)c1cc(Cl)cc(Cl)c1)[C@H](CCN1CCC(N2CCCN(Cc3ccsc3)C2=O)CC1)c1ccc(Cl)c(Cl)c1,8.61978875828839
CCN(C/C(=N\OC)[C@H](CCN1CCC(n2c(=O)n(CC(N)=O)c3ccccc32)CC1)c1ccc(Cl)c(Cl)c1)C(=O)c1cc(Cl)cc(Cl)c1,8.61978875828839
Oc1n[nH]c(CN[C@H](COCc2cc(C(F)(F)F)cc(C(F)(F)F)c2)c2ccccc2)n1,8.61978875828839
CC(C(=O)N[C@]1(c2ccccc2)CC[C@H](N2CCCCC2)CC1)c1cc(C(F)(F)F)cc(C(F)(F)F)c1,8.61978875828839
Cc1cc(COCC2(c3ccccc3)CCNCC2)cc(C(C)(C)C)c1,8.61978875828839
C[C@@H](OCC1(c2ccccc2)CC(=O)C1)c1cc(C(F)(F)F)cc(C(F)(F)F)c1,8.61978875828839
COc1ccccc1C(CNC(=O)Cc1cc(C(F)(F)F)cc(C(F)(F)F)c1)N1CCC(N2CCCCC2)CC1,8.61978875828839
CCN(C/C(=N\OC)[C@H](CCN1CCC(n2c(=O)n(CC(=O)O)c3ccccc32)CC1)c1ccc(Cl)c(Cl)c1)C(=O)c1cc(Cl)cc(Cl)c1,8.61978875828839
CN(Cc1c[nH]c(O)n1)[C@@H]1CC[C@H](OCc2cc(C(F)(F)F)cc(C(F)(F)F)c2)[C@H]1c1ccccc1,8.61978875828839
COc1ccccc1CNC1C2C3CCC2CN(C3)[C@H]1C(c1ccccc1)c1ccccc1,8.61978875828839
CCN(C/C(=N\OC)[C@H](CCN1CCC(n2c(O)nc3ccccc32)CC1)c1ccc(Cl)c(Cl)c1)C(=O)c1cc(Cl)cc(Cl)c1,8.60205999132796
COc1ccccc1CN(C)C(=O)c1c(-c2ccc(F)cc2)c2cccnc2c(=O)n1C,8.60205999132796
O=C(OCc1cc(C(F)(F)F)cc(C(F)(F)F)c1)[C@]1(c2ccccc2)CC[C@H](N2CCC(c3ccc(F)cc3)CC2)CC1,8.60205999132796
FC(F)(F)c1cc(COC[C@]2(c3ccccc3)CCCNCC2)cc(C(F)(F)F)c1,8.60205999132796
Cc1ccccc1-c1c(C(=O)NCc2cc(C(F)(F)F)cc(C(F)(F)F)c2)n(C)c(=O)c2ccccc12,8.60205999132796
COc1ccc(CN(CC(Cc2c[nH]c3ccccc23)NC(=O)CN2CCN(c3ccccc3)CC2)C(C)=O)cc1,8.60205999132796
C/C(CN1CCN(C(=O)c2cc(C(F)(F)F)cc(C(F)(F)F)c2)[C@H](Cc2c[nH]c3ccccc23)C1)=N/OCCN1CCS(=O)(=O)CC1,8.59998036493484
COc1ccc(-c2nnn(C)n2)cc1CN[C@H]1CCCN[C@H]1c1ccccc1,8.59998036493484
COc1ccccc1CNCCNC(=O)N1CCN(C(=O)c2cc(C(F)(F)F)cc(C(F)(F)F)c2)[C@H](Cc2c[nH]c3ccccc23)C1,8.59998036493484
CCCCN1CCN(C(COCc2cc(C(F)(F)F)cc(C(F)(F)F)c2)c2ccccc2)CC1,8.59998036493484
C[C@H](OC[C@@H](c1ccccc1)N1CCN(CCOCC(=O)O)CC1)c1cc(C(F)(F)F)cc(C(F)(F)F)c1,8.59998036493484
CN1C(=O)OC2(CCN(CC[C@@](C)(C(=O)N(C)[C@H](Cc3ccccc3)C(=O)NCCN)c3ccc(Cl)c(Cl)c3)CC2)c2cc(F)ccc21,8.59998036493484
O=C(c1cc(C(F)(F)F)cc(C(F)(F)F)c1)N1CCN(CC2=NOC(CN3CCOCC3)C2)C[C@H]1Cc1c[nH]c2ccccc12,8.59998036493484
Cc1ccccc1-c1cc(N2CCC(CC(=O)O)CC2)ncc1N(C)C(=O)C(C)(C)c1cc(C(F)(F)F)cc(C(F)(F)F)c1,8.59687947882418
C[C@@H](OC[C@@]1(c2ccccc2)C[C@@H](NS(C)(=O)=O)C(=O)N1)c1cc(C(F)(F)F)cc(C(F)(F)F)c1,8.58502665202918
COc1ccc([N+](=O)[O-])cc1CN1CCC(=O)C(C(c2ccccc2)c2ccccc2)C1,8.58502665202918
Ic1ccccc1N[C@@H]1C2CCN(CC2)[C@@H]1C(c1ccccc1)c1ccccc1,8.58502665202918
Cc1cc(F)ccc1-c1cc(N2CCC(CC(=O)O)CC2)nc(C#N)c1N(C)C(=O)C(C)(C)c1cc(C(F)(F)F)cc(C(F)(F)F)c1,8.58502665202918
CN(Cc1ccccc1)C(=O)[C@H](Cc1ccc2ccccc2c1)NC(=O)[C@@H]1CCCN1C(=O)Nc1ccccc1O,8.58502665202918
FC(F)(F)c1cc(COC[C@@]2(c3ccccc3)CCCNCC2)cc(C(F)(F)F)c1,8.58502665202918
CN1CCC[C@](COCc2cc(C(F)(F)F)cc(C(F)(F)F)c2)(c2ccccc2)CC1,8.58502665202918
Cn1c(-c2ccc(Cl)cc2)c(CCC(=O)N2CCC(O)(Cc3ccccc3)CC2)c2nc(Cl)ccc21,8.58502665202918
CC(=O)N1CC[C@@H](C(=O)N(C)Cc2cc(C(F)(F)F)cc(C(F)(F)F)c2)[C@H](c2ccccc2)C1,8.58502665202918
CN(Cc1cc(C(F)(F)F)cc(C(F)(F)F)c1)C(=O)[C@@H]1CCNC[C@H]1c1ccccc1,8.58502665202918
CN(C(=O)C(C)(C)c1cc(C(F)(F)F)cc(C(F)(F)F)c1)c1cnc(N2CC[C@@H](O)C2)cc1-c1ccccc1Cl,8.58169870868026
CCN(C/C(=N\OC)[C@H](CCN1CCC(n2c(=O)n(Cc3ccccn3)c3ccccc32)CC1)c1ccc(Cl)c(Cl)c1)C(=O)c1cc(Cl)cc(Cl)c1,8.56863623584101
NC[C@@H]1CC[C@H](OCc2cc(C(F)(F)F)cc(C(F)(F)F)c2)[C@H]1c1ccccc1,8.56863623584101
C[C@@H](O[C@H]1CN2C(=O)N(Cc3ccccc3)C[C@H]2[C@@H]1c1ccc(F)cc1)c1cc(C(F)(F)F)cc(C(F)(F)F)c1,8.56863623584101
NC(=O)CCCN1CCC[C@H](OCc2cc(C(F)(F)F)cc(C(F)(F)F)c2)[C@@H]1c1ccccc1,8.56863623584101
O=C1NC[C@@](COCc2cc(C(F)(F)F)cc(C(F)(F)F)c2)(c2ccc(F)cc2)N1,8.56863623584101
CNC(=O)N[C@@H]1CC[C@H](OCc2cc(C(F)(F)F)cc(C(F)(F)F)c2)[C@H]1c1ccccc1,8.56863623584101
CN(C(=O)c1cc(C(F)(F)F)cc(C(F)(F)F)c1)c1cc(C(=O)N[C@@H]2CCCCNC2=O)ccc1-c1ccc(Cl)cc1,8.56863623584101
CN(CC(N)=O)[C@@H]1CC[C@H](OCc2cc(C(F)(F)F)cc(C(F)(F)F)c2)[C@H]1c1ccccc1,8.56863623584101
O=C(N[C@@H](Cc1c[nH]c2ccccc12)C(=O)OCc1cc(C(F)(F)F)cc(C(F)(F)F)c1)c1ccccc1,8.56863623584101
CC(=O)N1CCC(C(=O)N2CC[C@@H](C(=O)NCc3cc(C(F)(F)F)cc(C(F)(F)F)c3)[C@H](c3ccccc3)C2)CC1,8.56863623584101
FC(F)(F)c1cc(COCC2(c3ccccc3)CCNCC2)nc(N2CCCC2)c1,8.56863623584101
COc1ccccc1CN(CC(Cc1cccc2ccccc12)NC(=O)CN1CCN(c2ccccc2)CC1)C(C)=O,8.56383735295924
Cc1ccccc1-c1cc(C2CCC(CC(=O)O)CC2)nc(C#N)c1N(C)C(=O)C(C)(C)c1cc(C(F)(F)F)cc(C(F)(F)F)c1,8.55595520408192
Cc1cc(F)ccc1-c1cc(C2CCC(C(C)C(=O)O)CC2)ncc1N(C)C(=O)C(C)(C)c1cc(C(F)(F)F)cc(C(F)(F)F)c1,8.5543957967264
O=C(Cc1cc(C(F)(F)F)cc(C(F)(F)F)c1)NCC(c1cccc2ccccc12)N1CCN(C2CCCCC2)CC1,8.55284196865778
CN(C/C(=N\OCCn1ccnc1)C(CCN1CCC(N2CCCCC2=O)CC1)c1ccc(Cl)c(Cl)c1)C(=O)c1cc(Cl)cc(Cl)c1,8.55284196865778
C=C(C)n1c(=O)n(CCN2CCC(N(C(=O)CC)c3cccc(Cl)c3)CC2)c2ccccc21,8.55284196865778
COc1ccccc1CN(CC(Cc1c[nH]c2ccccc12)NC(=O)CN1CCC(N(C)C)CC1)C(C)=O,8.55284196865778
COc1ccc(C(C)C)cc1[C@H]1COCC2(C1)OCCN[C@H]2c1ccc(F)cc1,8.55284196865778
Cc1nc(CN2CCC(COCc3cc(C(F)(F)F)cc(C(F)(F)F)c3)(c3ccccc3)CC2)cs1,8.55284196865778
COC(=O)CN1CCC[C@H](OCc2cc(C(F)(F)F)cc(C(F)(F)F)c2)[C@@H]1c1ccccc1,8.55284196865778
O=S(=O)(c1ccccc1)C1CC2(c3ccccc3)NC1CCC2OCc1cc(C(F)(F)F)cc(C(F)(F)F)c1,8.55284196865778
Cc1cc(F)ccc1-c1cc(N2CCC(C)(CC(=O)O)CC2)ncc1N(C)C(=O)C(C)(C)c1cc(C(F)(F)F)cc(C(F)(F)F)c1,8.54821356447571
Cc1cc(Br)cc(COCC2(c3ccccc3)CCNCC2)c1,8.53760200210104
CC(C)N1CCC(COCc2cc(C(F)(F)F)cc(C(F)(F)F)c2)(c2ccccc2)CC1,8.53760200210104
O=C(Cc1cc(C(F)(F)F)cc(C(F)(F)F)c1)NCC(c1ccc(F)c(Cl)c1)N1CCC(N2CCCCC2)CC1,8.53760200210104
Cn1c(-c2ccc(Cl)cc2)c(CCC(=O)N2CCN(CC3CCCCC3)CC2)c2cc(Cl)ccc21,8.53760200210104
Cc1cc(C)cc(CC(=O)N(C)CC(c2cccc3c2OCO3)N2CCC(N3CCCCC3)CC2)c1,8.53760200210104
Cn1c(-c2ccccn2)c(CCC(=O)N2CCC(O)(Cc3ccccc3)CC2)c2cc(Cl)ccc21,8.53760200210104
CC(=O)N(Cc1ccccc1[N+](=O)[O-])CC(Cc1c[nH]c2ccccc12)NC(=O)CN1CCN(c2ccccc2)CC1,8.52287874528034
FC(F)(F)c1cc(CNC2CCC3CCC2(c2ccccc2)N3)cc(C(F)(F)F)c1,8.52287874528034
CN(C(=O)c1cc(C(F)(F)F)cc(C(F)(F)F)c1)c1cc(C(=O)NC2CCCCC2)ccc1-c1ccc(Cl)cc1,8.52287874528034
Cc1c(F)cccc1C(CNC(=O)Cc1cc(C(F)(F)F)cc(C(F)(F)F)c1)N1CCC(N2CCCCC2)CC1,8.52287874528034
CCNC(=O)Cn1c(=O)n(C2CCN(CC[C@@H](/C(CN(CC)C(=O)c3cc(Cl)cc(Cl)c3)=N/OC)c3ccc(Cl)c(Cl)c3)CC2)c2ccccc21,8.52287874528034
CN(CC(c1cc(Cl)cc(Cl)c1Cl)N1CCC(N2CCCCC2)CC1)C(=O)Cc1cc(C(F)(F)F)cc(C(F)(F)F)c1,8.52287874528034
CNC(=O)N(Cc1ccccc1OC)CC(Cc1c[nH]c2ccccc12)NC(=O)CN1CCN(c2ccccc2)CC1,8.52287874528034
CCC(CC)Nc1cc(C(F)(F)F)cc(COCC2(c3ccc(F)cc3)CCN(C)CC2)n1,8.52287874528034
FC(F)(F)c1cc(COC2CCC3CCC2(c2ccccc2)N3)cc(C(F)(F)F)c1,8.52287874528034
Cc1cc(C)cc(C(=O)N2CC[C@H](NCc3ccnc4ccccc34)C[C@H]2Cc2ccc([N+](=O)[O-])cc2)c1,8.52287874528034
COCCNc1cc(-c2ccccc2Cl)c(N(C)C(=O)C(C)(C)c2cc(C(F)(F)F)cc(C(F)(F)F)c2)cn1,8.51570016065321
COc1ccccc1CN(CC(Cc1c[nH]c2ccccc12)NC(=O)CN1CC=C(c2ccccc2)CC1)C(C)=O,8.50863830616573
CC(C)N1C[C@@](CO[C@H](C)c2cc(C(F)(F)F)cc(C(F)(F)F)c2)(c2ccccc2)NC1=O,8.50863830616573
COc1cc(C(=O)N2CC[C@@](CCN3CCC(C(N)=O)(c4ccccc4)CC3)(c3ccc(Cl)c(Cl)c3)C2)cc(OC)c1OC,8.50863830616573
COC(=O)CN1CCC(COCc2cc(C(F)(F)F)cc(C(F)(F)F)c2)(c2ccccc2)CC1,8.50863830616573
COc1ccc(OC)c(CN2CCC(=O)C(C(c3ccc(F)cc3)c3ccc(F)cc3)C2)c1,8.50863830616573
Cc1nc2ccccc2c(-c2ccccc2)c1C(=O)N(C)Cc1cc(C(F)(F)F)cc(C(F)(F)F)c1,8.50863830616573
NC(=O)COCCN1CCN(C(COCc2cc(C(F)(F)F)cc(C(F)(F)F)c2)c2ccccc2)CC1,8.50003813440381
Clc1cc(Cl)cc(COCC(c2ccccc2)N2CCNCC2)c1,8.50003813440381
Fc1cccc(C(COCc2cc(C(F)(F)F)cc(C(F)(F)F)c2)N2CCNCC2)c1F,8.50003813440381
Brc1cc(Br)cc(COC[C@H](c2ccccc2)N2CCNCC2)c1,8.50003813440381
C/C(CN1CCN(C(=O)c2cc(C(F)(F)F)cc(C(F)(F)F)c2)[C@H](Cc2c[nH]c3ccccc23)C1)=N/OCC(C)N1CCOCC1,8.50003813440381
Clc1cc(Cl)cc(COC[C@H](c2ccccc2)N2CCNCC2)c1,8.50003813440381
C[C@H](NC(=O)[C@@](C)(Cc1c[nH]c2ccccc12)NC(=O)OCc1ccccc1F)c1ccccc1,8.50003813440381
C[C@H](OC[C@@H](c1ccccc1)N1CCN(CC(=O)O)CC1)c1cc(C(F)(F)F)cc(C(F)(F)F)c1,8.50003813440381
Cc1cccc(C(COCc2cc(C(F)(F)F)cc(C(F)(F)F)c2)N2CCNCC2)c1,8.50003813440381
O=C(c1cc(Br)cc(Br)c1)N1CCN(C(=O)CNC2CCN(Cc3ccccc3)CC2)C(c2ccc(Cl)c(Cl)c2)C1,8.49485002168009
CO/N=C(\CN(CCF)C(=O)c1cc(Cl)cc(Cl)c1)[C@H](CCN1CCC(n2c(O)nc3ccccc32)CC1)c1ccc(Cl)c(Cl)c1,8.49485002168009
CC(=O)N(Cc1ccccc1C)CC(Cc1c[nH]c2ccccc12)NC(=O)CN1CCN(c2ccccc2)CC1,8.49485002168009
CC(=O)N1CC[C@H](C(=O)N(C)Cc2cc(C(F)(F)F)cc(C(F)(F)F)c2)[C@H](c2ccccc2)C1,8.49485002168009
CC(=O)N(Cc1ccccc1C(F)(F)F)CC(Cc1c[nH]c2ccccc12)NC(=O)CN1CCN(c2ccccc2)CC1,8.49485002168009
COc1ccccc1CN(CC(Cc1c[nH]c2ccccc12)NC(=O)COc1ccc(O)cc1)C(C)=O,8.49485002168009
Cc1cc(C)cc(COC2C3CCN(CC3)C2C(Cc2ccccc2)c2ccccc2)c1,8.49485002168009
Cc1cc(F)ccc1-c1cc([C@H]2CC[C@H](CC(=O)O)CC2)nc(C#N)c1N(C)C(=O)C(C)(C)c1cc(C(F)(F)F)cc(C(F)(F)F)c1,8.48545224733971
COC1CN(c2cc(-c3ccc(F)cc3C)c(N(C)C(=O)C(C)(C)c3cc(C(F)(F)F)cc(C(F)(F)F)c3)cn2)CCC1CC(=O)O,8.48280410205003
COc1ccc(C(=O)CCC(=O)NC(Cc2c[nH]c3ccccc23)CN(Cc2ccccc2OC)C(C)=O)cc1,8.48148606012211
Cn1c(-c2ccc(Cl)cc2)c(CCC(=O)N2CCC(O)(Cc3ccccc3)CC2)c2cc(N3CCCCC3)ccc21,8.48148606012211
Cc1ccccc1-c1cnccc1N(C)C(=O)C(C)(C)c1cc(C(F)(F)F)cc(C(F)(F)F)c1,8.48148606012211
O=C(Cc1cc(C(F)(F)F)cc(C(F)(F)F)c1)NCC(c1ccc(F)c(F)c1)N1CCC(N2CCCCC2)CC1,8.48148606012211
COc1ccccc1CNC1C2C3CCCC2CN(C3)[C@H]1C(c1ccccc1)c1ccccc1,8.48148606012211
C[C@@H](OC[C@]1(c2ccccc2)C[C@](N)(C(=O)N(C)C)C1)c1cc(C(F)(F)F)cc(C(F)(F)F)c1,8.48148606012211
CS(=O)(=O)N1CC2(CCN(C(=O)C(CCCc3ccc(Cl)c(Cl)c3)NCc3ccccc3)CC2)c2ccccc21,8.48148606012211
CN(C/C(=N\OCCCS(=O)(=O)O)C(CCN1CCC(N2CCCCC2=O)CC1)c1ccc(Cl)c(Cl)c1)C(=O)c1cc(Cl)cc(Cl)c1,8.48148606012211
Cc1cc(F)ccc1-c1cc(N2CCC(C)(CC(=O)O)CC2)nc(C#N)c1N(C)C(=O)C(C)(C)c1cc(C(F)(F)F)cc(C(F)(F)F)c1,8.47886191629596
CCN(CCO)c1cc(-c2ccccc2Cl)c(N(C)C(=O)C(C)(C)c2cc(C(F)(F)F)cc(C(F)(F)F)c2)cn1,8.47237009912866
Cc1ccccc1-c1ccncc1N(C)C(=O)C(C)(C)c1cc(C(F)(F)F)cc(C(F)(F)F)c1,8.46852108295775
COc1ccccc1CN[C@@H]1C2CCN(CC2)[C@H]1C(c1ccccc1)c1ccccc1,8.46852108295775
Cc1ccc(-c2c(C(=O)N(C)Cc3cc(Cl)cc(Cl)c3)n(C)c(=O)c3ncccc23)cc1,8.46852108295775
CN(Cc1cc(C(F)(F)F)cc(C(F)(F)F)c1)C(=O)[C@H]1CN(C(=O)c2ccncn2)C[C@@H]1c1ccccc1,8.46852108295775
CN(Cc1cc(C(F)(F)F)cc(C(F)(F)F)c1)C(=O)c1c(-c2ccccc2)c2cc(Cl)ccc2c(=O)n1C,8.46852108295775
CCCCCN(CCCCC)C(=O)[C@H]1CCN(C(=O)N(c2ccccc2)c2cccc(Cl)c2)[C@H](C(=O)NCCNCC(N)=O)C1,8.45593195564972
COc1ccccc1CN(CC(Cc1c[nH]c2ccccc12)NC(=O)COc1ccc(C(C)=O)cc1)C(C)=O,8.45593195564972
Cc1ccccc1-c1cnc(N2CCN(C)CC2)nc1C(=O)N(C)Cc1cc(C(F)(F)F)cc(C(F)(F)F)c1,8.45593195564972
Clc1cc(Cl)cc(COC2C3CCN(CC3)C2C(c2ccccc2)c2ccccc2)c1,8.45593195564972
CN(Cc1ccccc1)C(=O)[C@H](Cc1ccc2ccccc2c1)NC(=O)[C@@H]1CCCN1C(=O)Nc1ccccc1F,8.45593195564972
CN(C(=O)c1ccccc1)c1cc(C(=O)NC2CCCCC2)ccc1-c1ccc(F)cc1,8.45593195564972
NC(=O)N[C@@H]1CC[C@H](OCc2cc(C(F)(F)F)cc(C(F)(F)F)c2)[C@H]1c1ccccc1,8.45593195564972
Cc1cc(F)ccc1-c1cc(N2CCC(CC(=O)O)C(C)C2)ncc1N(C)C(=O)C(C)(C)c1cc(C(F)(F)F)cc(C(F)(F)F)c1,8.45099673797421
CN(C(=O)c1cc(C(F)(F)F)cc(C(F)(F)F)c1)[C@@H](/C=C/C(=O)N[C@@H]1CCCCNC1=O)Cc1cc(Cl)c(Cl)s1,8.44369749923271
FC(F)(F)c1cc(Cl)cc(COCC2(c3ccccc3)CCNCC2)c1,8.44369749923271
C[C@@H](OC[C@@]1(c2ccc(F)cc2)CN(C)C(=O)N1)c1cc(C(F)(F)F)cc(C(F)(F)F)c1,8.44369749923271
CN(C(=O)c1cc(C(F)(F)F)cc(C(F)(F)F)c1)[C@@H](/C=C/C(=O)N[C@H]1CCCCNC1=O)Cc1ccc(Cl)cc1,8.44369749923271
C[C@@H](O[C@@H]1[C@@H](c2ccccc2)CN(C(=O)OC(C)(C)C)[C@H]1CO)c1cc(C(F)(F)F)cc(C(F)(F)F)c1,8.44369749923271
O=C(C[C@H]1CCC[C@H](OCc2cc(C(F)(F)F)cc(C(F)(F)F)c2)[C@@H]1c1ccccc1)NCc1cccnc1,8.43179827593301
CC(=O)N1CCC(C(=O)N2C[C@H](C(=O)N(C)Cc3cc(C(F)(F)F)cc(C(F)(F)F)c3)[C@H](c3ccccc3)C2)CC1,8.43179827593301
CN1CCC(COCc2cc(C(F)(F)F)cc(C3CC3)n2)(c2cccc(F)c2)CC1,8.43179827593301
CCNC(=O)N1CC[C@@H](NCc2cc(OC(F)(F)F)ccc2OC)[C@H](c2ccccc2)C1,8.43179827593301
Cc1cc(F)ccc1[C@@H]1CNCCN1C(=O)N(C)[C@@H](C)c1cc(C(F)(F)F)cc(C(F)(F)F)c1,8.43004118190341
CC(C)C[C@](Cc1c[nH]c2ccccc12)(NC(=O)OCc1cc2ccccc2o1)C(=O)N[C@@H](C)c1ccccc1,8.42136079003193
O=C(Cc1c[nH]cn1)N[C@@H](Cc1c[nH]c2ccccc12)C(=O)CCc1cc(C(F)(F)F)cc(C(F)(F)F)c1,8.42021640338319
CNC(=O)c1ccccc1NC(=O)N1CCC[C@H]1C(=O)N[C@@H](Cc1ccc2ccccc2c1)C(=O)N(C)Cc1ccccc1,8.42021640338319
Cc1ccccc1-c1cccnc1C(=O)N(C)Cc1cc(C(F)(F)F)cc(C(F)(F)F)c1,8.42021640338319
CCCCCN(CCCCC)C(=O)[C@H]1CCN(C(=O)N(c2ccccc2)c2cccc(Cl)c2)[C@H](C(=O)NCCN(CC(N)=O)Cc2ccccc2OC)C1,8.42021640338319
FC(F)(F)c1cc(COC2C3CCN(CC3)C2C(Cc2ccccc2)c2ccccc2)cc(C(F)(F)F)c1,8.4089353929735
CN1C(=O)OC2(CCN(CC[C@@](C)(C(=O)N(C)[C@H](Cc3ccccc3)C(=O)NCCCN)c3ccc(Cl)c(Cl)c3)CC2)c2cc(F)ccc21,8.4000078224159
CO/N=C(/C)CN1CCN(C(=O)c2cc(C(F)(F)F)cc(C(F)(F)F)c2)[C@H](Cc2c[nH]c3ccccc23)C1,8.4000078224159
Cc1ccccc1-c1cccnc1N(C)C(=O)C(C)(C)c1cc(C(F)(F)F)cc(C(F)(F)F)c1,8.39794000867204
COc1ccccc1CN(CC(Cc1c[nH]c2ccccc12)NC(=O)CN1CCN(c2ccccc2)CC1)S(C)(=O)=O,8.39794000867204
CN(C)C(=O)c1ccc(-c2ccc(Cl)cc2)c(N(C)C(=O)c2cc(C(F)(F)F)cc(C(F)(F)F)c2)c1,8.39794000867204
NC(=O)CNC(COCc1cc(C(F)(F)F)cc(C(F)(F)F)c1)C(CCN1CCC(O)(c2ccccc2)CC1)c1ccc(Cl)c(Cl)c1,8.39794000867204
CO/N=C(\CN(C)C(=O)c1cc(C(F)(F)F)cc(C(F)(F)F)c1)C(CCN1CCC(O)(c2ccccc2)CC1)c1ccc(Cl)c(Cl)c1,8.39794000867204
CO/N=C(\COCc1cc(C(F)(F)F)cc(C(F)(F)F)c1)C(CCN1CCC(N2CCC(O)C2)CC1)c1ccc(Cl)c(Cl)c1,8.39794000867204
COc1ccc(F)cc1CN1CCC(=O)C(C(c2ccc(F)cc2)c2ccc(F)cc2)C1,8.39794000867204
Cc1cc(F)ccc1-c1cc(C2CCC(CC(=O)O)CC2)nc(C#N)c1N(C)C(=O)C(C)(C)c1cc(C(F)(F)F)cc(C(F)(F)F)c1,8.39685562737982
COc1ccccc1CNC1C2CC3CCCC(C2)N3[C@H]1C(c1ccccc1)c1ccccc1,8.38721614328027
CN(Cc1cc(C(F)(F)F)cc(C(F)(F)F)c1)C(=O)[C@H]1CN(C(=O)C2CCNCC2)C[C@@H]1c1ccccc1,8.38721614328027
CN(C(=O)c1cc(C(F)(F)F)cc(C(F)(F)F)c1)[C@@H](/C=C/C(=O)N[C@@H]1CCCCNC1=O)Cc1ccc(Cl)c(Cl)c1,8.3799681048737
C[C@@H](OC1CCC2CCC1(c1ccccc1)N2)c1cc(C(F)(F)F)cc(C(F)(F)F)c1,8.3767507096021
Fc1ccc(C2CCN([C@H]3CC[C@](COCc4cc(C(F)(F)F)cc(C(F)(F)F)c4)(c4ccccc4)CC3)CC2)cc1,8.3767507096021
O=C(N[C@@H](Cc1ccccc1)C(=O)NO)OCc1ccccc1,8.3767507096021
CN(Cc1ccccc1)C(=O)[C@H](Cc1ccc2ccccc2c1)NC(=O)[C@@H]1CCCN1C(=O)Nc1cccc(C#N)c1,8.3767507096021
Cc1cc2c(-c3ccccc3)c(NC(=O)N(C)Cc3ccccc3Cl)n(C)c(=O)c2cc1C,8.3767507096021
COc1ccccc1C(C1CCCCN1C(=O)Cc1cc(C(F)(F)F)cc(C(F)(F)F)c1)N1CCC(N2CCCCC2)CC1,8.36653154442041
CC(OCC(N)c1ccccc1)c1cc(C(F)(F)F)cc(C(F)(F)F)c1,8.36653154442041
CN(Cc1cc(C(F)(F)F)cc(C(F)(F)F)c1)C(=O)c1c(-c2ccccc2)c2ccccc2n2cncc12,8.36653154442041
Cc1ccc(-c2c(C(=O)N(C)Cc3cc(C)cc(C)c3)n(C)c(=O)c3ncccc23)cc1,8.35654732351381
C[C@@H](O[C@H]1[C@H](c2ccc(F)cc2)CN(C(=O)OC(C)(C)C)[C@H]1CO)c1cc(C(F)(F)F)cc(C(F)(F)F)c1,8.35654732351381
Cc1cc(C)cc(COCC(C(c2ccccc2)c2ccccc2)N(C)C)c1,8.35654732351381
Cc1cc(F)ccc1-c1cc([C@H]2CC[C@@H](C(C)(C)C(=O)O)CC2)ncc1N(C)C(=O)C(C)(C)c1cc(C(F)(F)F)cc(C(F)(F)F)c1,8.35066514128786
COc1ccccc1CN(CC(Cc1c[nH]c2ccccc12)NC(=O)CN1CCC(c2ccccc2)CC1)C(C)=O,8.34678748622466
O=C1NCC(COCc2cc(C(F)(F)F)cc(C(F)(F)F)c2)(c2ccc(F)cc2)N1,8.34678748622466
Clc1cc(Cl)cc(COCC2(c3ccccc3)CCNCC2)c1,8.33724216831843
O=C(Cc1cc(C(F)(F)F)cc(C(F)(F)F)c1)NCC(c1cccc(F)c1)N1CCC(N2CCCCC2)CC1,8.33724216831843
Cc1ccccc1-c1cnccc1C(=O)N(C)Cc1cc(C(F)(F)F)cc(C(F)(F)F)c1,8.33724216831843
COc1cccc(CN(CC(Cc2c[nH]c3ccccc23)NC(=O)CN2CCN(c3ccccc3)CC2)C(C)=O)c1,8.33724216831843
Cc1cc(F)ccc1-c1cc(N2CCC(CC(=O)O)C(C)(C)C2)ncc1N(C)C(=O)C(C)(C)c1cc(C(F)(F)F)cc(C(F)(F)F)c1,8.33629907461035
Cc1cc(F)ccc1-c1cc(N2CCC(C(C)(C)C(=O)O)CC2)ncc1N(C)C(=O)C(C)(C)c1cc(C(F)(F)F)cc(C(F)(F)F)c1,8.33254704711005
CN(Cc1n[nH]c(O)n1)C[C@H]1CC[C@H](OCc2cc(C(F)(F)F)cc(C(F)(F)F)c2)[C@@H]1c1ccccc1,8.32790214206428
COC(=O)CO/N=C(\CN(C)C(=O)c1cc(Cl)cc(Cl)c1)C(CCN1CCC(N2CCCCC2=O)CC1)c1ccc(Cl)c(Cl)c1,8.32790214206428
FC(F)(F)c1cc(COCC2(c3ccccc3)CCC(N3CCCCC3)C2)cc(C(F)(F)F)c1,8.32790214206428
CO/N=C(\CN(C)C(=O)c1cc(Cl)cc(Cl)c1)C(CCN1CCC(N2CCCCC2=O)CC1)c1ccc(Cl)c(Cl)c1,8.32790214206428
CN(Cc1ccccc1)C(=O)[C@H](Cc1cn(C)c2ccccc12)NC(=O)[C@@H]1CCCN1/C(S)=N/Cc1ccccc1Cl,8.32790214206428
CCN1CC[C@H](NCc2cc(OC(F)(F)F)ccc2OC)[C@H](c2ccccc2)C1,8.31875876262441
CS(=O)(=O)Nc1ccccc1N1CCN(C(=O)[C@H](COCc2ccc(Cl)c(Cl)c2)NCc2ccccc2)CC1,8.31875876262441
CN(CC(c1ccc2c(c1)OCO2)N1CCC(N2CCCCC2)CC1)C(=O)Cc1cc(C(F)(F)F)cc(C(F)(F)F)c1,8.31875876262441
Cc1nc(N2CCN(C)CC2)cc(-c2ccccc2)c1C(=O)N(C)Cc1cc(C(F)(F)F)cc(C(F)(F)F)c1,8.31875876262441
COc1ccccc1N1CCN(C(=O)CCc2c(-c3ccc(Cl)cc3)[nH]c3cc(Cl)ccc23)CC1,8.30980391997149
O=C1CCN(Cc2ccccc2C(F)(F)F)CC1C(c1ccc(F)cc1)c1ccc(F)cc1,8.30980391997149
CN(CC[C@@H]1CC[C@H](OCc2cc(C(F)(F)F)cc(C(F)(F)F)c2)[C@H]1c1ccccc1)Cc1n[nH]c(O)n1,8.30980391997149
Cc1cc(F)ccc1-c1cc(C2CCC(CC(=O)O)CC2)nc(CO)c1N(C)C(=O)C(C)(C)c1cc(C(F)(F)F)cc(C(F)(F)F)c1,8.3045183235098
CO/N=C(\CN(C)C(=O)c1cc(OC)c(Br)c(OC)c1)C(CCN1CCC(O)(c2ccccc2)CC1)c1ccc(Cl)c(Cl)c1,8.30102999566398
CN(Cc1ccccc1)C(=O)[C@H](Cc1ccc2ccccc2c1)NC(=O)[C@@H]1CCCN1C(=O)Nc1cccc(C(N)=O)c1,8.30102999566398
FC(F)(F)c1cc(CO[C@H]2CC[C@@H](CN3CCCCC3)[C@@H]2c2ccccc2)cc(C(F)(F)F)c1,8.30102999566398
NC(=O)CN[C@H](COCc1cc(C(F)(F)F)cc(C(F)(F)F)c1)[C@@H](CCN1CCC(O)(c2ccccc2)CC1)c1ccc(Cl)c(Cl)c1,8.30102999566398
FC(F)(F)c1cc(COC[C@@H](NCc2nc[nH]n2)c2ccccc2)cc(C(F)(F)F)c1,8.30102999566398
CC(C)Oc1cccc(CC(=O)NCC(c2ccc(Cl)c(Cl)c2)N2CCC(N3CCCCC3)CC2)c1,8.30102999566398
CO/N=C(\CN(C)C(=O)c1cc(OC)cc(OC)c1)C(CCN1CCC(O)(c2ccccc2)CC1)c1ccc(Cl)c(Cl)c1,8.30102999566398
CO/N=C(\CN(C)C(=O)Nc1cc(C(F)(F)F)cc(C(F)(F)F)c1)C(CCN1CCC(O)(c2ccccc2)CC1)c1ccc(Cl)c(Cl)c1,8.30102999566398
CN(C)C(=O)N[C@@H]1CC[C@H](OCc2cc(C(F)(F)F)cc(C(F)(F)F)c2)[C@H]1c1ccccc1,8.30102999566398
CN(Cc1ccccc1)C(=O)[C@H](Cc1ccc(Cl)c(Cl)c1)NC(=O)[C@@H]1CCCN1/C(S)=N/Cc1ccccc1Cl,8.30102999566398
CN(C)CC(=O)N[C@@H](Cc1c[nH]c2ccccc12)C(=O)CCc1cc(C(F)(F)F)cc(C(F)(F)F)c1,8.30102999566398
Fc1ccccc1C(COCc1cc(C(F)(F)F)cc(C(F)(F)F)c1)N1CCNCC1,8.29998893767789
FC(F)(F)c1cc(COCC(c2ccc(Cl)c(Cl)c2)N2CCNCC2)cc(C(F)(F)F)c1,8.29998893767789
Brc1cc(Br)cc(COCC(c2ccccc2)N2CCNCC2)c1,8.29998893767789
CN(C(=O)Cc1ccccc1)[C@H](Cc1ccc2ccccc2c1)NC(=O)[C@@H]1CCCC[C@@H]1NC(=O)c1c[nH]c2ccccc12,8.29998893767789
Cc1cc(C)cc(CN(C)C(=O)c2c(-c3ccc(F)cc3)c3cccnc3c(=O)n2C)c1,8.29242982390206
CS(=O)(=O)N1CC2C(=O)N(c3ccccc3)C(=O)C2C12CCN(C(=O)c1cc(C(F)(F)F)cc(C(F)(F)F)c1)CC2,8.28996730093425
O=C(Cc1cc(C(F)(F)F)cc(C(F)(F)F)c1)NCC(c1ccc(Cl)c(Cl)c1)N1CCC(N(CCO)CCO)CC1,8.2839966563652
Oc1nc(CN[C@@H]2CC[C@H](OCc3cc(C(F)(F)F)cc(C(F)(F)F)c3)[C@H]2c2ccccc2)c[nH]1,8.2839966563652
NC(=O)[C@H](Cc1ccccc1)NC(=O)OCc1ccccc1,8.2839966563652
COc1ccccc1N1CCN(C(=O)CCc2c(-c3ccc(Cl)cc3)n(C(C)C)c3ccc(Cl)cc23)CC1,8.2839966563652
COc1ccccc1CN(CC(Cc1c[nH]c2ccccc12)NC(=O)CN1CCN(C)CC1)C(C)=O,8.27572413039921
O=C(c1cc(C(F)(F)F)cc(C(F)(F)F)c1)N1CCN(C(=O)CNC2CCN(Cc3ccccc3)CC2)C(c2ccc(Cl)c(Cl)c2)C1,8.27572413039921
COC(=O)N[C@H]1CC[C@H](OCc2cc(C(F)(F)F)cc(C(F)(F)F)c2)[C@@H]1c1ccccc1,8.27572413039921
CN1CCC(COCc2cc(C(F)(F)F)cc(C3(F)CC3)n2)(c2ccccc2)CC1,8.27572413039921
CN1CCC(COCc2cc(C(F)(F)F)cc(C3(F)CC3)n2)(c2ccc(F)cc2)CC1,8.27572413039921
CC(OC[C@]1(c2ccccc2)CC[C@@H](N2CCC(c3ccc(F)cc3)CC2)CC1)c1cc(C(F)(F)F)cc(C(F)(F)F)c1,8.27572413039921
CC(=O)N1CCC(COCc2cc(C(F)(F)F)cc(C(F)(F)F)c2)(c2ccccc2)CC1,8.27572413039921
O=C(Cc1cc(C(F)(F)F)cc(C(F)(F)F)c1)NCC(c1ccccc1)N1CCC(N2CCCCC2)CC1,8.26760624017703
Cc1cc(C)cc(COC[C@H](C(c2ccccc2)c2ccccc2)N(C)C)c1,8.26003230324049
Cn1c(-c2ccc(Cl)cc2)c(CCC(=O)N2CCC(O)(Cc3ccccc3)CC2)c2cc(-c3ccncc3)ccc21,8.25963731050576
CCOC(=O)N(Cc1ccccc1OC)CC(Cc1c[nH]c2ccccc12)NC(=O)CN1CCN(c2ccccc2)CC1,8.25963731050576
CCCCCN(CCCCC)C(=O)[C@H]1CCN(C(=O)N(c2ccccc2)c2ccccc2)[C@H](C(=O)NCCCN(CC)CC)C1,8.25963731050576
Cn1c(-c2ccc(Cl)cc2)c(CCC(=O)N2CCC(O)(Cc3ccccc3)CC2)c2cc(-c3cccnc3)ccc21,8.25963731050576
Cc1cc(F)ccc1-c1cc(C2CCC(CC(=O)O)CC2)nc(Cl)c1N(C)C(=O)C(C)(C)c1cc(C(F)(F)F)cc(C(F)(F)F)c1,8.25884840114822
CN(Cc1cc(C(F)(F)F)cc(C(F)(F)F)c1)C(=O)[C@H]1CCNC[C@H]1c1ccccc1,8.2518119729938
COc1ccccc1N1CCN(C(=O)CCc2c(-c3ccccc3)[nH]c3ccc(Cl)cc23)CC1,8.2518119729938
CS(=O)(=O)N1CCC(COCc2cc(C(F)(F)F)cc(C(F)(F)F)c2)(c2ccccc2)CC1,8.24412514432751
CN(CC(N)=O)[C@H](COCc1cc(C(F)(F)F)cc(C(F)(F)F)c1)c1ccccc1,8.23657200643706
COc1ccc(N)cc1CN1CCC(=O)C(C(c2ccccc2)c2ccccc2)C1,8.22914798835786
O=C1NC[C@@](COCc2cc(C(F)(F)F)cc(C(F)(F)F)c2)(c2ccccc2)N1,8.22184874961636
CN(CC(c1cccc2c1OCO2)N1CCC(N2CCCCC2)CC1)C(=O)Cc1ccccc1Br,8.22184874961636
COc1ccccc1CN(CC(Cc1c[nH]c2ccccc12)NC(=O)CCC(=O)c1ccc(F)cc1)C(C)=O,8.22184874961636
CO/N=C(\COCc1cc(C(F)(F)F)cc(C(F)(F)F)c1)C(CCN1CCC(C(=O)N2CCCC2)CC1)c1ccc(Cl)c(Cl)c1,8.22184874961636
Cc1ccc(-c2ccc(C(=O)N[C@@H]3CCCCNC3=O)cc2N(C)C(=O)c2cc(C(F)(F)F)cc(C(F)(F)F)c2)cc1,8.22184874961636
CC(=O)N[C@H](C(=O)N[C@H](Cc1cn(C=O)c2ccccc12)C(=O)N[C@@H](Cc1ccccc1)C(=O)N(C)Cc1ccccc1)C(C)O,8.22184874961636
CO/N=C(\C(=O)N(C)Cc1cc(C(F)(F)F)cc(C(F)(F)F)c1)C(CCN1CCC(O)(c2ccccc2)CC1)c1ccc(Cl)c(Cl)c1,8.22184874961636
CO/N=C(\CN(C)C(=O)Oc1cc(C(F)(F)F)cc(C(F)(F)F)c1)C(CCN1CCC(O)(c2ccccc2)CC1)c1ccc(Cl)c(Cl)c1,8.22184874961636
CN1CCC(COCc2cc(C(F)(F)F)cc(C3CCCC3)n2)(c2ccc(F)cc2)CC1,8.21467016498923
COc1ccccc1N1CCN(C(=O)CCc2c(-c3ccccc3)[nH]c3ccc(C)cc23)CC1,8.21467016498923
CN(C)C(=O)c1ccccc1NC(=O)N1CCC[C@H]1C(=O)N[C@@H](Cc1ccc2ccccc2c1)C(=O)N(C)Cc1ccccc1,8.21467016498923
N#Cc1ccccc1CN1CCC(=O)C(C(c2ccc(F)cc2)c2ccc(F)cc2)C1,8.21467016498923
COc1cc(C(=O)N2CCC(CCN3CCC(C(N)=O)(c4ccccc4)CC3)(c3ccc(Cl)c(Cl)c3)C2)cc(OC)c1OC,8.20830935097988
CN(C)[C@H]1CC[C@](c2ccccc2)(N2CCC(c3cc(C(F)(F)F)cc(C(F)(F)F)c3)C2=O)CC1,8.20760831050175
COC(=O)N(C)[C@@H]1CC[C@H](OCc2cc(C(F)(F)F)cc(C(F)(F)F)c2)[C@H]1c1ccccc1,8.20760831050175
Cc1ccccc1-c1ccc(N2CCN(C)CC2)nc1C(=O)N(C)Cc1cc(C(F)(F)F)cc(C(F)(F)F)c1,8.20760831050175
O=C1NC(COCc2cc(C(F)(F)F)cc(C(F)(F)F)c2)(c2ccc(F)cc2)CN1C1CCOCC1,8.20065945054642
Cn1c(-c2ccc(Cl)cc2)c(CCC(=O)N2CCC(O)(Cc3ccccc3)CC2)c2cc(N3CCOCC3)ccc21,8.20065945054642
CN1CCC(COCc2cc(C(F)(F)F)cc(N3CC=CC3)n2)(c2ccc(F)cc2)CC1,8.20065945054642
O=C(NC[C@]1(c2ccccc2)CC[C@H](N2CCC(c3ccc(F)cc3)CC2)CC1)c1cc(C(F)(F)F)cc(C(F)(F)F)c1,8.20065945054642
COc1ccccc1N1CCN(C(=O)CCc2c(-c3ccc(C(C)(C)C)cc3)[nH]c3ccc(C)cc23)CC1,8.20065945054642
C/C(CN1CCN(C(=O)c2cc(C(F)(F)F)cc(C(F)(F)F)c2)[C@H](Cc2c[nH]c3ccccc23)C1)=N/OCC(C)(C)N1CCOCC1,8.19997064075587
O=C(c1cc(C(F)(F)F)cc(C(F)(F)F)c1)N1CCN(C/C(=N\OCCCN2CCOCC2)c2ccccc2)C[C@H]1Cc1c[nH]c2ccccc12,8.19997064075587
C/C(CN1CCN(C(=O)c2cc(C(F)(F)F)cc(C(F)(F)F)c2)[C@H](Cc2c[nH]c3ccccc23)C1)=N/OCCN1CCSCC1,8.19997064075587
COc1ccccc1C(COCc1cc(C(F)(F)F)cc(C(F)(F)F)c1)N1CCNCC1,8.19997064075587
Cc1cc(F)ccc1[C@H]1CNCCN1C(=O)N1CCCC1c1cc(C(F)(F)F)cc(C(F)(F)F)c1,8.19997064075587
FC(F)(F)c1cc(COCC(c2ccccc2)N2CCN(CCCCc3nnn[nH]3)CC2)cc(C(F)(F)F)c1,8.19997064075587
CN(C(=O)c1cc(C(F)(F)F)cc(C(F)(F)F)c1)N(CCC(=O)N[C@@H]1CCCCNC1=O)Cc1ccc2ccccc2c1,8.19382002601611
O=C(Cc1cc(C(F)(F)F)cc(C(F)(F)F)c1)NCC(c1cc(Cl)cc(Cl)c1Cl)N1CCC(N2CCCCC2)CC1,8.19382002601611
CN1CCC(COCc2cc(C(F)(F)F)cc(C3CC3)n2)(c2cccc(Cl)c2)CC1,8.19382002601611
Cc1cc(O)cc(C)c1C[C@H](N)C(=O)N[C@H](CCCNC(=N)N)C(=O)N[C@H]1Cc2ccccc2CN(CCC(=O)N(C)Cc2ccccc2)C1=O,8.19111413264019
Cc1cc(F)ccc1-c1cc(C2CCC(CC(=O)O)CC2)nc(C)c1N(C)C(=O)C(C)(C)c1cc(C(F)(F)F)cc(C(F)(F)F)c1,8.19044028536473
O=C(N[C@@H](Cc1ccccc1)C(=O)NNC(=O)c1ccccc1)OCc1ccccc1,8.18708664335714
COc1ccccc1[C@H]1COC2(CCCNC2c2ccccc2)C1,8.18708664335714
CS(=O)(=O)N1CC2(CCN(C(=O)[C@H](COCc3ccc(Cl)cc3)NCc3ccccc3)CC2)c2ccccc21,8.18045606445813
COc1ccccc1CN1CCC(=O)C(C(c2ccc(F)cc2)c2ccc(F)cc2)C1,8.18045606445813
CN(Cc1ccccc1)C(=O)[C@H](Cc1ccc2ccccc2c1)NC(=O)[C@@H]1CCCN1C(=O)Nc1cccnc1,8.17392519729917
NC(=O)NC[C@H]1CCC[C@H](OCc2cc(C(F)(F)F)cc(C(F)(F)F)c2)[C@@H]1c1ccccc1,8.17392519729917
FC(F)(F)c1cc(COCC2(c3ccccc3)CCCCNCC2)cc(C(F)(F)F)c1,8.17392519729917
Cc1cc(F)ccc1-c1cc([C@H]2CC[C@H](C(C)(C)C(=O)O)CC2)ncc1N(C)C(=O)C(C)(C)c1cc(C(F)(F)F)cc(C(F)(F)F)c1,8.17069622716898
CNC(COCc1cc(C)cc(C)c1)C(c1ccccc1)c1ccccc1,8.16749108729376
CC(C)N1CCN(C(CNC(=O)Cc2cc(C(F)(F)F)cc(C(F)(F)F)c2)c2cccc3c2OCO3)CC1,8.16115090926274
FC(F)(F)c1cc(COCC2(c3ccccc3)CCN(CCc3ccccc3)CC2)cc(C(F)(F)F)c1,8.16115090926274
COc1ccccc1C(CNC(=O)Cc1cc(C(F)(F)F)cc(C(F)(F)F)c1)N1CCN(C2CCCCC2)CC1,8.15490195998574
CO/N=C(\COCc1cc(C(F)(F)F)cc(C(F)(F)F)c1)C(CCN1CCC(CN2CCCC(CC(O)CO)C2=O)CC1)c1ccc(Cl)c(Cl)c1,8.15490195998574
CO/N=C(\CN(C)C(=O)c1cncc(Br)c1)C(CCN1CCC(O)(c2ccccc2)CC1)c1ccc(Cl)c(Cl)c1,8.15490195998574
FC(F)(F)c1cc(CO[C@H]2CCN[C@H]2c2ccccc2)cc(C(F)(F)F)c1,8.15490195998574
O=C(C[C@H]1CCC[C@H](OCc2cc(C(F)(F)F)cc(C(F)(F)F)c2)[C@@H]1c1ccccc1)NCc1ccncc1,8.15490195998574
COCCO/N=C(\COCc1cc(C(F)(F)F)cc(C(F)(F)F)c1)C(CCN1CCC(O)(c2ccccc2)CC1)c1ccc(Cl)c(Cl)c1,8.15490195998574
CC(OCc1cc(C(F)(F)F)cc(C(F)(F)F)c1)C(N)c1ccccc1,8.15490195998574
Cc1cc(C)cc(C(=O)N2CC[C@H](NCc3ccnc4ccccc34)C[C@H]2Cc2ccc(I)cc2)c1,8.15490195998574
Clc1ccccc1CNC1C2CC3CCC(C2)N3[C@H]1C(c1ccccc1)c1ccccc1,8.14874165128093
COc1cc(OC)cc(C(=O)N2CCN(C(=O)CNC3CCN(Cc4ccccc4)CC3)C(c3ccc(Cl)c(Cl)c3)C2)c1,8.14874165128093
NC(=O)[C@@H]1CC[C@H](OCc2cc(C(F)(F)F)cc(C(F)(F)F)c2)[C@H]1c1ccccc1,8.14266750356873
CSc1ccccc1CN(CC(Cc1c[nH]c2ccccc12)NC(=O)CN1CCN(c2ccccc2)CC1)C(C)=O,8.14266750356873
CN1CCC[C@@](COCc2cc(C(F)(F)F)cc(C(F)(F)F)c2)(c2ccccc2)CC1,8.14266750356873
COc1ccccc1CNC1C2CC3CCOC(C2)N3[C@H]1C(c1ccccc1)c1ccccc1,8.14266750356873
CN[C@H]1CC[C@H](OCc2cc(C(F)(F)F)cc(C(F)(F)F)c2)[C@@H]1c1ccccc1,8.14266750356873
CN(Cc1ccccc1)C(=O)[C@H](Cc1ccc(-c2ccccc2)cc1)NC(=O)[C@@H]1CCCN1/C(S)=N/Cc1ccccc1Cl,8.14266750356873
COc1ccccc1C(CNC(=O)Cc1cc(C(F)(F)F)cc(C(F)(F)F)c1)N1CCN(C2Cc3ccccc3C2)CC1,8.14266750356873
FC(F)(F)c1cc(COCC2(c3ccccc3)CCN(Cc3ncon3)CC2)cc(C(F)(F)F)c1,8.13667713987954
CSCCCO/N=C(\CN(C)C(=O)c1cc(Cl)cc(Cl)c1)C(CCN1CCC(N2CCCCC2=O)CC1)c1ccc(Cl)c(Cl)c1,8.13076828026902
Cc1cc(F)ccc1-c1cc(N2CCC([C@H](C)C(=O)O)CC2)nc(C#N)c1N(C)C(=O)C(C)(C)c1cc(C(F)(F)F)cc(C(F)(F)F)c1,8.12842706445412
N[C@H]1CC[C@@](COCc2cc(C(F)(F)F)cc(C(F)(F)F)c2)(c2ccccc2)C1,8.1249387366083
FC(F)(F)c1cc(COC2C3CCN(CC3)C2C(c2ccccc2)C2CCCCC2)cc(C(F)(F)F)c1,8.1249387366083
COc1cccc(C(CNC(=O)Cc2cc(C(F)(F)F)cc(C(F)(F)F)c2)N2CCC(N3CCCCC3)CC2)c1OC,8.11918640771921
COc1ccccc1N1CCN(C(=O)CCc2c(-c3ccc(-c4ccccc4)cc3)[nH]c3ccc(C)cc23)CC1,8.11918640771921
O=C(c1cc(Cl)cc(Cl)c1)N1CCN(C(=O)CNC2CCN(Cc3ccccc3)CC2)C(c2ccc(Cl)c(Cl)c2)C1,8.11350927482752
CS(=O)(=O)N1CC2(CCN(C(=O)[C@H](COCc3cccc(Cl)c3)NCc3ccccc3)CC2)c2ccccc21,8.11350927482752
C[C@@H](O[C@H]1[C@H](c2ccccc2)CN(C(=O)OC(C)(C)C)[C@H]1CO)c1cc(C(F)(F)F)cc(C(F)(F)F)c1,8.10790539730952
N[C@H]1CC[C@H](OCc2cc(C(F)(F)F)cc(C(F)(F)F)c2)[C@@H]1c1ccccc1,8.10237290870956
COc1c(Br)cc(Br)cc1COCC(c1ccccc1)N1CCNCC1,8.10001543745061
COc1ccccc1CN(C)[C@H]1C2CCN(CC2)[C@H]1C(c1ccccc1)c1ccccc1,8.10001543745061
FC(F)(F)c1cc(COCC(c2cccs2)N2CCNCC2)cc(C(F)(F)F)c1,8.10001543745061
NC(=O)CN1CCN([C@H](COCc2cc(C(F)(F)F)cc(C(F)(F)F)c2)c2ccccc2)CC1,8.10001543745061
N#CCN1CCN(C(COCc2cc(C(F)(F)F)cc(C(F)(F)F)c2)c2ccccc2)CC1,8.10001543745061
CO/N=C(\COCc1cc(C(F)(F)F)cc(C(F)(F)F)c1)C(CCN1CCC(CN2CCCC2=O)CC1)c1ccc(Cl)c(Cl)c1,8.09691001300806
CO/N=C(\COCc1cc(C(F)(F)F)cc(C(F)(F)F)c1)C(CCN1CCC(C(N)=O)CC1)c1ccc(Cl)c(Cl)c1,8.09691001300806
CN(C)C1CCC(COCc2cc(C(F)(F)F)cc(C(F)(F)F)c2)(c2ccccc2)C1,8.09691001300806
CC(=O)N[C@@H](Cc1csc2ccccc12)C(=O)OCc1cc(C(F)(F)F)cc(C(F)(F)F)c1,8.09691001300806
O=C(O)CO/N=C(\COCc1cc(C(F)(F)F)cc(C(F)(F)F)c1)C(CCN1CCC(O)(c2ccccc2)CC1)c1ccc(Cl)c(Cl)c1,8.09691001300806
NC(=O)CN[C@H](COCc1cc(C(F)(F)F)cc(C(F)(F)F)c1)c1ccccc1,8.09691001300806
CCCCCN(CCCCC)C(=O)N1CCN(C(=O)N(c2ccccc2)c2cccc(Cl)c2)[C@H](C(=O)NCCCN(CC)CC)C1,8.09691001300806
COc1cccc(-c2[nH]c3ccc(C)cc3c2CCC(=O)N2CCN(c3ccccc3OC)CC2)c1,8.09691001300806
Cc1cc(F)ccc1[C@@H]1CNCCN1C(=O)N(C)[C@H](C)c1cc(C(F)(F)F)cc(C(F)(F)F)c1,8.09001630506016
FC(F)(F)c1cc(CO[C@H]2CC[C@@H](CN3CCOCC3)[C@@H]2c2ccccc2)cc(C(F)(F)F)c1,8.08618614761628
NC(=O)CN[C@H]1CC[C@H](OCc2cc(C(F)(F)F)cc(C(F)(F)F)c2)[C@@H]1c1ccccc1,8.08092190762393
COc1cc(COC2C3CCN(CC3)C2C(c2ccccc2)c2ccccc2)cc(OC)c1,8.08092190762393
COc1ccccc1CN(CC(Cc1c[nH]c2ccccc12)NC(=O)Cc1ccc2c(c1)OCCO2)C(C)=O,8.08092190762393
COc1ccccc1CN(CC(Cc1ccccc1)NC(=O)CN1CCN(c2ccccc2)CC1)C(C)=O,8.08092190762393
O=C(c1cc(C(F)(F)F)cc(C(F)(F)F)c1)N1CCC2(CC1)C1C(=O)N(c3ccccc3)C(=O)C1CN2C(=O)CN1CCOCC1,8.07998108397108
COc1ccc(OC(F)(F)F)cc1CN[C@H]1CCNC[C@H]1c1ccccc1,8.07572071393812
Cc1cc2c(-c3ccccc3)c(C(=O)N(C)Cc3cc(C(F)(F)F)cc(C(F)(F)F)c3)n(C)c(=O)c2cc1C,8.07572071393812
Cc1ccccc1-c1ccncc1C(=O)N(C)Cc1cc(C(F)(F)F)cc(C(F)(F)F)c1,8.07058107428571
Cc1ccc(-c2c3n(c(=O)c4ncccc24)CC[C@H](C)CN(Cc2cc(C(F)(F)F)cc(C(F)(F)F)c2)C3=O)cc1,8.06550154875643
CN1CCC(COCc2cc(C(F)(F)F)cc(C3CC3(C)C)n2)(c2ccc(F)cc2)CC1,8.06048074738138
Cc1cc(F)ccc1N1CCNCC1C(=O)N(C)Cc1cc(C(F)(F)F)cc(C(F)(F)F)c1,8.05998184499234
CN(C(=O)c1cc(C(F)(F)F)cc(C(F)(F)F)c1)[C@@H](/C=C/C(=O)N[C@H]1CCCCNC1=O)Cc1ccc(Cl)c(Cl)c1,8.05998184499234
CN(CC(c1ccc2c(c1)OCCO2)N1CCC(N2CCCCC2)CC1)C(=O)Cc1cc(C(F)(F)F)cc(C(F)(F)F)c1,8.05060999335509
COc1ccccc1N1CCN(C(=O)CCc2c(-c3ccc(Cl)cc3)[nH]c3ccc(OC(F)(F)F)cc23)CC1,8.05060999335509
Cc1cc(C)cc(COCC2(c3ccccc3)CCNCC2)c1,8.04997609347667
Cn1nnnc1C1CC2(c3ccccc3)NC1CCC2OCc1cc(C(F)(F)F)cc(C(F)(F)F)c1,8.04575749056068
COc1ccccc1CC(=N)N1CC2C(=O)CSC(c3ccccc3)(c3ccccc3)C2C1,8.04575749056068
Cc1cc(C)cc(C(=O)N2CC[C@H](NCc3ccnc4ccccc34)C[C@H]2Cc2ccc(Cl)c(Cl)c2)c1,8.04575749056068
NC(=O)CN[C@@H](COCc1cc(C(F)(F)F)cc(C(F)(F)F)c1)[C@H](CCN1CCC(O)(c2ccccc2)CC1)c1ccc(Cl)c(Cl)c1,8.04575749056068
CO/N=C(\CN(C)C(=O)c1cc(C)nc(C)c1)C(CCN1CCC(O)(c2ccccc2)CC1)c1ccc(Cl)c(Cl)c1,8.04575749056068
CN(Cc1cc(C(F)(F)F)cc(C(F)(F)F)c1)C(=O)c1c(-c2ccccc2)c2ccccc2n2cnnc12,8.04575749056068
O=C(N[C@H]1CCN(C(=O)c2cc(C(F)(F)F)cc(C(F)(F)F)c2)[C@H](Cc2ccccc2)C1)c1cc(O)nc2ccccc12,8.04575749056068
CN(Cc1cc(C(F)(F)F)cc(C(F)(F)F)c1)C(=O)c1c(CN)nc2ccccc2c1-c1ccccc1,8.04575749056068
CO/N=C(\COCc1cc(C(F)(F)F)cc(C(F)(F)F)c1)C(CCN1CCC(N2CCCC2=O)CC1)c1ccc(Cl)c(Cl)c1,8.04575749056068
COc1cc(C(=O)Nc2cc(C(=O)NC3CCCCC3)ccc2-c2ccc(Cl)cc2)cc(OC)c1OC,8.04575749056068
CO/N=C(\COCc1cc(C(F)(F)F)cc(C(F)(F)F)c1)C(CCN1CCN(CC(=O)N2CCC(NC(C)=O)C2)CC1)c1ccc(Cl)c(Cl)c1,8.04575749056068
O=C(N[C@@H](Cc1ccccc1)c1nnc(-c2ccccc2)o1)OCc1ccccc1,8.04575749056068
CCCCCN(CCCCC)C(=O)N1CCN(C(=O)N(c2ccccc2)c2ccccc2)[C@H](C(=O)NCCN(C)Cc2ccccc2OC)C1,8.04575749056068
CCCCCN(CCCCC)C(=O)N1CCN(C(=O)N(c2ccccc2)c2ccccc2)[C@H](C(=O)NCCNCc2ccccc2OC)C1,8.04575749056068
CC1CC1c1cc(C(F)(F)F)cc(COCC2(c3ccc(F)cc3)CCN(C)CC2)n1,8.04095860767891
COc1ccc(CN[C@H]2C3CCN(CC3)[C@H]2c2cccc(Cl)c2)c(OC)c1,8.04000516167158
COc1ccccc1CN(CC(Cc1c[nH]c2ccccc12)NC(=O)CN1CCN(c2ccccc2)CC1)C(=O)CC(=O)O,8.03621217265444
Cc1cc(C)cc(COCC(N)C(c2ccccc2)c2ccccc2)c1,8.03151705144606
COc1ccc(CN2CCC(=O)C(C(c3ccc(F)cc3)c3ccc(F)cc3)C2)c(OC)c1,8.02227639471115
Cc1ccc(-c2c3n(c(=O)c4ncccc24)C[C@H](C)CN(Cc2cc(C(F)(F)F)cc(C(F)(F)F)c2)C3=O)cc1,8.02227639471115
Cc1cc(Br)cc(COCC(N)C(c2ccccc2)c2ccccc2)c1,8.01322826573376
COc1ccc(CC(=O)NC(Cc2c[nH]c3ccccc23)CN(Cc2ccccc2OC)C(C)=O)cc1,8.01322826573376
NC(=O)N[C@H]1CC[C@H](OCc2cc(C(F)(F)F)cc(C(F)(F)F)c2)[C@@H]1c1ccccc1,8.00877392430751
C/C(CN1CCN(C(=O)c2cc(C(F)(F)F)cc(C(F)(F)F)c2)[C@H](Cc2c[nH]c3ccccc23)C1)=N/OCCN1CCOCC1,8.0
O=C(c1cc(C(F)(F)F)cc(C(F)(F)F)c1)N1CCN(CC/C(=N\OCCN2CCOCC2)c2ccccc2)C[C@H]1Cc1c[nH]c2ccccc12,8.0
COc1cccc(C(CN(C)C(=O)Cc2cc(C(F)(F)F)cc(C(F)(F)F)c2)N2CCC(N3CCCCC3)CC2)c1OC,8.0
NC(=O)CN[C@H]1CCN(C(=O)c2cc(C(F)(F)F)cc(C(F)(F)F)c2)[C@H](Cc2ccccc2)C1,8.0
CO/N=C(\CN(C)C(=O)c1ccc(C)s1)C(CCN1CCC(O)(c2ccccc2)CC1)c1ccc(Cl)c(Cl)c1,8.0
NC(=O)CN1CCN([C@@H](COCc2cc(C(F)(F)F)cc(C(F)(F)F)c2)c2ccccc2)CC1,8.0
CO/N=C(\COCc1cc(Br)cc(Br)c1)C(CCN1CCC(O)(c2ccccc2)CC1)c1ccc(Cl)c(Cl)c1,8.0
Cn1nnnc1CN[C@H](COCc1cc(C(F)(F)F)cc(C(F)(F)F)c1)c1ccccc1,8.0
O=C(O)CCCCN1CCN(C(COCc2cc(C(F)(F)F)cc(C(F)(F)F)c2)c2ccccc2)CC1,8.0
CN(Cc1cc(C(F)(F)F)cc(C(F)(F)F)c1)C(=O)N1CC(=O)Nc2ccccc2C1c1ccccc1,8.0
COc1ccc(F)cc1[C@H]1COCC2(C1)OCCN[C@H]2c1ccc(F)cc1,8.0
C[C@H](NC(=O)[C@@](C)(Cc1c[nH]c2ccccc12)NC(=O)OCc1ccc2ccccc2c1)c1ccccc1,8.0
O=C(N[C@H]1CCN(C(=O)c2cc(Cl)cc(Cl)c2)[C@H](Cc2ccccc2)C1)c1ccnc2ccccc12,8.0
CN(CCc1cc(C(F)(F)F)cc(C(F)(F)F)c1)C(=O)CC(c1ccccc1)c1ccccc1,8.0
CSN1CC2(CCN(C(=O)N[C@@H](Cc3c[nH]c4ccccc34)C(=O)N(C)Cc3cc(C)cc(C)c3)CC2)c2ccccc21,8.0
CN(C(=O)c1cc(C(F)(F)F)cc(C(F)(F)F)c1)[C@@H](/C=C/C(=O)NCCN1CCCCC1)Cc1ccc(Cl)cc1,8.0
C/C(CN1CCN(C(=O)c2cc(C(F)(F)F)cc(C(F)(F)F)c2)[C@H](Cc2c[nH]c3ccccc23)C1)=N/OCc1ccccn1,8.0
CO/N=C(\COCc1cc(C(F)(F)F)cc(C(F)(F)F)c1)C(CCN1CCC(CN2CCCCC2=O)CC1)c1ccc(Cl)c(Cl)c1,8.0
COc1ccc(OCC(=O)NC(Cc2c[nH]c3ccccc23)CN(Cc2ccccc2OC)C(C)=O)cc1,7.99139982823808
NC(COCc1cc(C(F)(F)F)cc(C(F)(F)F)c1)C(c1ccccc1)c1ccccc1,7.97061622231479
N[C@H](COCc1cc(C(F)(F)F)cc(C(F)(F)F)c1)C(c1ccccc1)c1ccccc1,7.96980521464325
COc1ccccc1CN(CC(Cc1c[nH]c2ccccc12)NC(=O)CSc1ccccn1)C(C)=O,7.96657624451305
Oc1ccc(OC(F)(F)F)cc1CN[C@H]1CCCN[C@H]1c1ccccc1,7.96377045591371
CN1CCC(COCc2cc(C(F)(F)F)cc(C3CC3)n2)(c2ccc(Cl)cc2)CC1,7.95860731484178
CN(C)CCCOC(=O)N[C@H]1CCN(C(=O)c2cc(C(F)(F)F)cc(C(F)(F)F)c2)[C@H](Cc2ccccc2)C1,7.95860731484178
COCc1nc2ccccc2c(-c2ccccc2)c1C(=O)N(C)Cc1cc(C(F)(F)F)cc(C(F)(F)F)c1,7.95860731484178
Cc1cc(C)cc(C(=O)N2CCN(C(=O)CNC3CCN(C(=O)[C@H](N)Cc4ccccc4)CC3)[C@H](c3ccc(Cl)c(Cl)c3)C2)c1,7.95860731484178
CN(Cc1cc(C(F)(F)F)cc(C(F)(F)F)c1)C(=O)[C@H]1CN(C(=O)OC(C)(C)C)C[C@@H]1c1ccccc1,7.95860731484178
CCN1CCC[C@@](COCc2cc(C(F)(F)F)cc(C(F)(F)F)c2)(c2ccccc2)CC1,7.95860731484178
FC(F)(F)c1cc(Cl)nc(COCC2(c3ccccc3)CCNCC2)c1,7.95860731484178
CC1(Cc2c[nH]c3ccccc23)OC(=O)N(Cc2cc(C(F)(F)F)cc(C(F)(F)F)c2)C1=O,7.95860731484178
COc1ccccc1CN(CC(Cc1ccc2ccccc2c1)NC(=O)CN1CCN(c2ccccc2)CC1)C(C)=O,7.95860731484178
N[C@@H]1CC[C@@](COCc2cc(C(F)(F)F)cc(C(F)(F)F)c2)(c2ccccc2)C1,7.95860731484178
CS(=O)(=O)N1CC2(CCN(C(=O)[C@H](COCc3cccc(Cl)c3)NCc3ccc(Cl)c(Cl)c3)CC2)c2ccccc21,7.95860731484178
CCCCCN(CCCCC)C(=O)N1CCN(C(=O)N(c2ccccc2)c2ccccc2)[C@H](C(=O)NCCN(CC)CC)C1,7.95860731484178
Cc1cc(C)cc(COCC(NC=O)C(c2ccccc2)c2ccccc2)c1,7.95860731484178
Cc1cc(C)cc(C(=O)N2CC[C@H](NCc3ccnc4ccccc34)C[C@H]2Cc2ccc(C(F)(F)F)cc2)c1,7.95860731484178
CN(C(=O)C(C)(C)c1cc(C(F)(F)F)cc(C(F)(F)F)c1)c1cnc(N2CCCC[C@H]2CO)cc1-c1ccccc1Cl,7.95467702121334
NC(COCc1cc(Cl)cc(Cl)c1)C(c1ccccc1)c1ccccc1,7.94692155651658
CN(CC(c1cccc2c1OCO2)N1CCC(N2CCCCC2)CC1)C(=O)Cc1ccccc1Cl,7.92081875395238
Cc1cc(C)cc(C(=O)N2CC[C@H](NCc3ccnc4ccccc34)C[C@H]2Cc2ccccc2)c1,7.92081875395238
CC(=O)NCC(=O)N1CC[C@@H](C(=O)N(C)Cc2cc(C(F)(F)F)cc(C(F)(F)F)c2)[C@H](c2ccccc2)C1,7.92081875395238
CN1CCC(COCc2cc(C(F)(F)F)cc(Cl)n2)(c2ccccc2)CC1,7.92081875395238
CN(CCc1cc(C(F)(F)F)cc(C(F)(F)F)c1)C(=O)C(Cc1c[nH]c2ccccc12)N1CCN(C2CCCCC2)CC1,7.92081875395238
CO/N=C(\CN(C)C(=O)c1ccc(N(C)C)c2ccccc12)C(CCN1CCC(O)(c2ccccc2)CC1)c1ccc(Cl)c(Cl)c1,7.92081875395238
COc1ccccc1C(C1CCCCN1C(=O)c1cc(C(F)(F)F)cc(C(F)(F)F)c1)N1CCC(N2CCCCC2)CC1,7.92081875395238
COc1ccc(C(CN(C)C(=O)Cc2cc(C(F)(F)F)cc(C(F)(F)F)c2)N2CCC(N3CCCCC3)CC2)c(OC)c1OC,7.92081875395238
Cc1cc(C)cc(C(=O)N2CCC(NCc3cccc4ccccc34)CC2Cc2ccccc2)c1,7.92081875395238
CC(C)c1cc(C(F)(F)F)cc(COCC2(c3ccc(F)cc3)CCN(C)CC2)n1,7.92081875395238
CS(=O)(=O)N1CC2(CCN(C(=O)C(COCc3ccccc3)NCc3ccc(Cl)c(Cl)c3)CC2)c2ccccc21,7.92081875395238
COc1cc(CC(=O)N[C@H]2CCN(C(=O)c3cc(C)cc(C)c3)[C@H](Cc3ccccc3)C2)cc(OC)c1,7.92081875395238
CN(C(=O)c1cc(C(F)(F)F)cc(C(F)(F)F)c1)[C@@H](/C=C/C(=O)NC1CCCCCC1)Cc1ccc(Cl)cc1,7.92081875395238
COc1ccccc1CN[C@H]1C2CC[N+](C)(CC2)[C@H]1C(c1ccccc1)c1ccccc1,7.91364016932525
Brc1cc(Br)cc(COC[C@@H](c2ccccc2)N2CCNCC2)c1,7.89997426989214
Fc1cc(COCC(c2ccccc2)N2CCNCC2)cc(C(F)(F)F)c1,7.89997426989214
C/C(CN1CCN(C(=O)c2cc(C(F)(F)F)cc(C(F)(F)F)c2)[C@H](Cc2c[nH]c3ccccc23)C1)=N/OCCCN1CCOCC1,7.89997426989214
Cc1cc(F)ccc1-c1cc(N2CC(F)(F)C[C@H]2CO)ncc1N(C)C(=O)C(C)(C)c1cc(C(F)(F)F)cc(C(F)(F)F)c1,7.89997426989214
CN(Cc1ccccc1)C(=O)[C@H](Cc1ccc2ccccc2c1)NC(=O)[C@@H]1CCCC[C@@H]1NC(=O)c1c[nH]c2ccccc12,7.89997426989214
O=C(c1cc(C(F)(F)F)cc(C(F)(F)F)c1)N1CCN(Cc2cc(CN3CCOCC3)on2)C[C@H]1Cc1c[nH]c2ccccc12,7.89997426989214
FC(F)(F)c1cc(CNCC2(c3ccccc3)CCNCC2)cc(C(F)(F)F)c1,7.89962945488244
CCNC(COCc1cc(C)cc(C)c1)C(c1ccccc1)c1ccccc1,7.89619627904404
COc1cccc2cc(COC(=O)N[C@](C)(Cc3c[nH]c4ccccc34)C(=O)N[C@@H](C)c3ccccc3)oc12,7.89008413697621
CO/N=C(\COCc1cc(C(F)(F)F)cc(C(F)(F)F)c1)C(CCN1CCC(N2CCC[C@H]2C(N)=O)CC1)c1ccc(Cl)c(Cl)c1,7.88605664769316
CO/N=C(\COCc1cc(C(F)(F)F)cc(C(F)(F)F)c1)C(CCN1CCC(CN2CCCCC2CCO)CC1)c1ccc(Cl)c(Cl)c1,7.88605664769316
COc1ccccc1CNCc1c(-c2ccccc2)c2cc(C)c(C)cc2c(=O)n1C,7.88605664769316
Cc1cc(C)cc(C(=O)N2CC[C@H](NCc3ccnc4ccccc34)C[C@H]2Cc2ccc(Cl)cc2)c1,7.88605664769316
CCCCCN(CCCCC)C(=O)[C@H]1CCN(C(=O)N(c2ccccc2)c2ccccc2)[C@H](C(=O)NCCNCC(N)=O)C1,7.88605664769316
CO/N=C(\COCc1cc(C(F)(F)F)cc(C(F)(F)F)c1)C(CCN1CCC(N2CCCC(C(N)=O)C2)CC1)c1ccc(Cl)c(Cl)c1,7.88605664769316
COc1ccccc1[C@H](C)C(=O)N1C[C@@H]2[C@H](C1)C(c1ccccc1)(c1ccccc1)CC[C@@]2(O)c1ccccc1OC,7.88605664769316
CC(C)N1CCN(C(=O)CCc2c(-c3ccc(Cl)cc3)n(C)c3ccc(Cl)cc23)CC1,7.88605664769316
COc1ccccc1N1CCN(C(=O)[C@H](COCc2ccc(Cl)c(Cl)c2)NCc2ccccc2)CC1,7.88605664769316
CS(=O)(=O)N1CC2(CCN(C(=O)[C@H](CSCc3ccc(Cl)c(Cl)c3)NCc3ccccc3)CC2)c2ccccc21,7.88605664769316
COc1cc(C(=O)N(C)c2cc(C(=O)N[C@@H]3CCCCNC3=O)ccc2-c2ccc(Cl)cc2)cc(OC)c1OC,7.88605664769316
C=CCC1CCCN(CC2CCN(CCC(/C(COCc3cc(C(F)(F)F)cc(C(F)(F)F)c3)=N/OC)c3ccc(Cl)c(Cl)c3)CC2)C1=O,7.88605664769316
O=C(CCC(=O)N(c1ccccc1)C1CCN(CCc2ccccc2)CC1)N[C@@H](Cc1c[nH]c2ccccc12)C(=O)OCc1cc(C(F)(F)F)cc(C(F)(F)F)c1,7.88605664769316
O=C(CN(N1CCC(O)(c2ccccc2)CC1)N1CCC(O)(c2ccccc2)CC1)N1CCN(Cc2cc(C(F)(F)F)cc(C(F)(F)F)c2)CC1c1ccccc1,7.88605664769316
N[C@H](COCc1cc(C(F)(F)F)cc(C(F)(F)F)c1)c1ccccc1,7.88605664769316
CO/N=C(\COCc1cc(C(F)(F)F)cc(C(F)(F)F)c1)C(CCN1CCN(CC(=O)N2CCCC(O)C2)CC1)c1ccc(Cl)c(Cl)c1,7.88605664769316
CN(Cc1nnnn1C)[C@H](COCc1cc(C(F)(F)F)cc(C(F)(F)F)c1)c1ccccc1,7.88605664769316
CN1CCC(COCc2cc(C(F)(F)F)cc(N3CCC(C#N)CC3)n2)(c2ccc(F)cc2)CC1,7.88605664769316
COc1ccccc1[C@H]1COCC2(C1)OCCN[C@H]2c1ccc(F)cc1,7.88605664769316
CO/N=C(\COCc1cc(C(F)(F)F)cc(C(F)(F)F)c1)C(CCN1CCN(CC(=O)N2CC[C@@H](CO)C2)CC1)c1ccc(Cl)c(Cl)c1,7.88605664769316
CN(Cc1cc(C(F)(F)F)cc(C(F)(F)F)c1)C(=O)[C@H]1CN(C(=O)N2CCCCC2)C[C@@H]1c1ccccc1,7.88605664769316
CO/N=C(\CN(C)C(=O)c1cc(OC)c(OC)c(OC)c1)C(CCN1CCC(O)(c2ccccc2)CC1)c1ccc(Cl)c(Cl)c1,7.88605664769316
NC(COCc1cc(Br)cc(Br)c1)C(c1ccccc1)c1ccccc1,7.87614835903291
NC(COCc1cc(C(F)(F)F)cc(C(F)(F)F)c1)c1ccccc1,7.86966623150499
Cc1cc(COC[C@@H](N)c2ccccc2)cc(C(C)(C)C)c1,7.86327943284359
CN(Cc1ccccc1)C(=O)[C@H](Cc1cccc2ccccc12)NC(=O)[C@@H]1CCCN1/C(S)=N/Cc1ccccc1Cl,7.86327943284359
Cc1cc(C)cc(COC[C@@H](C(c2ccccc2)c2ccccc2)N(C)C)c1,7.85387196432176
CN(CCc1cc(C(F)(F)F)cc(C(F)(F)F)c1)CC(c1ccccc1)N1CCC(N2CCCCC2)CC1,7.85387196432176
COc1ccc(C[C@@H]2C[C@@H](NCc3ccnc4ccccc34)CCN2C(=O)c2cc(C)cc(C)c2)cc1,7.85387196432176
CO/N=C(\COCc1cc(C(F)(F)F)cc(C(F)(F)F)c1)C(CCN1CCN(CC(=O)N2CC[C@H](CO)C2)CC1)c1ccc(Cl)c(Cl)c1,7.85387196432176
CO/N=C(\COCc1cc(C(F)(F)F)cc(C(F)(F)F)c1)C(CCN1CCC(CN2CCOCC2)CC1)c1ccc(Cl)c(Cl)c1,7.85387196432176
CO/N=C(\COCc1cc(C(F)(F)F)cc(C(F)(F)F)c1)C(CCN1CCC(N2CCCCC2CO)CC1)c1ccc(Cl)c(Cl)c1,7.85387196432176
CSN1CC2(CCN(C(=O)N[C@@H](Cc3c[nH]c4ccccc34)C(=O)N(C)Cc3ccccc3)CC2)c2ccccc21,7.85387196432176
CO/N=C(\COCc1cc(C(F)(F)F)cc(C(F)(F)F)c1)C(CCN1CCN(CC(=O)N2CCC(N(C)C)C2)CC1)c1ccc(Cl)c(Cl)c1,7.85387196432176
CN1CCC[C@H](OCc2cc(C(F)(F)F)cc(C(F)(F)F)c2)[C@@H]1c1ccccc1,7.85387196432176
CCNC1CCC(COCc2cc(C(F)(F)F)cc(C(F)(F)F)c2)(c2ccccc2)CC1,7.85387196432176
COc1ccccc1N1CCN(C(=O)CCc2c(-c3ccc(Cl)cc3)[nH]c3c(Cl)cc(Cl)cc23)CC1,7.85387196432176
CN(CCc1cc(C(F)(F)F)cc(C(F)(F)F)c1)C(=O)C(c1ccccc1)c1ccccc1,7.85387196432176
CO/N=C(\COCc1cc(C(F)(F)F)cc(C(F)(F)F)c1)C(CCN1CCN(CC(=O)N2CCCC2)CC1)c1ccc(Cl)c(Cl)c1,7.85387196432176
CO/N=C(\COCc1cc(C(F)(F)F)cc(C(F)(F)F)c1)C(CCN1CCC(CN2CCCC(CC3CC3)C2=O)CC1)c1ccc(Cl)c(Cl)c1,7.85387196432176
Cc1cc(C)cc(C(=O)N2CC[C@H](NCc3ccnc4ccccc34)C[C@H]2Cc2ccc3ccccc3c2)c1,7.85387196432176
O=C(Cc1cc(C(F)(F)F)cc(C(F)(F)F)c1)NCC(c1cccc2ccccc12)N1CCC(N2CCCCC2)CC1,7.85387196432176
O=C1CCN(Cc2ccccc2-c2ccccc2)CC1C(c1ccc(F)cc1)c1ccc(F)cc1,7.85387196432176
FC(F)(F)c1cc(COCC2(c3ccccc3)CCC(N3CCCC3)C2)cc(C(F)(F)F)c1,7.85387196432176
Cc1cc(C)cc(C(=O)N2CC[C@H](NC(=O)c3ccnc4ccccc34)C[C@H]2Cc2ccccc2)c1,7.82390874094432
CC(=O)Nc1ccc(CN2CCC(NCC(=O)N3CCN(C(=O)c4cc(C)cc(C)c4)C[C@H]3c3ccc(Cl)c(Cl)c3)CC2)cc1,7.82390874094432
O=C(COCc1cc(C(F)(F)F)cc(C(F)(F)F)c1)C(CCN1CCC(O)(c2ccccc2)CC1)c1ccc(Cl)c(Cl)c1,7.82390874094432
N#CO/N=C(\COCc1cc(C(F)(F)F)cc(C(F)(F)F)c1)C(CCN1CCC(O)(c2ccccc2)CC1)c1ccc(Cl)c(Cl)c1,7.82390874094432
COc1ccccc1[C@H](SC)C(=O)N1CC2C(=O)CSC(c3ccccc3)(c3ccccc3)C2C1,7.82390874094432
CC(C)C1CCN(C2CCN(C(CN(C)C(=O)Cc3cc(C(F)(F)F)cc(C(F)(F)F)c3)c3ccc(Cl)c(Cl)c3)CC2)CC1,7.82390874094432
Cn1nnc(CN[C@H](COCc2cc(C(F)(F)F)cc(C(F)(F)F)c2)c2ccccc2)n1,7.82390874094432
COc1ccccc1C(CNC(=O)Cc1cc(C)cc(C)c1)N1CCN(C2CCCCC2)CC1,7.82390874094432
Cc1onc(-c2c(Cl)cccc2Cl)c1/C=N/Nc1c(Cl)cncc1Cl,7.82390874094432
COc1ccc(NC(C)=O)cc1CN1CCC(=O)C(C(c2ccccc2)c2ccccc2)C1,7.82390874094432
COC(=O)Cn1c(-c2ccc(Cl)cc2)c(CCC(=O)N2CCN(c3ccccc3OC)CC2)c2cc(Cl)ccc21,7.82390874094432
Cc1cc(C)cc(C(=O)N2CC[C@H](NCCc3ccccc3)C[C@H]2Cc2ccccc2)c1,7.81987412483595
FC(F)(F)c1cc(COCC(c2ccccc2)N2CCN(CCN3CCOCC3)CC2)cc(C(F)(F)F)c1,7.79997073344623
FC(F)(F)c1ccc(COCC(c2ccccc2)N2CCNCC2)c(C(F)(F)F)c1,7.79997073344623
CN(C(=O)C(C)(C)c1cc(C(F)(F)F)cc(C(F)(F)F)c1)[C@H](C(=O)NCCN1CCOCC1)c1ccccc1,7.79997073344623
COc1ccc(COC(=O)N[C@](C)(Cc2c[nH]c3ccccc23)C(=O)N[C@@H](C)c2ccccc2)cc1,7.79997073344623
CNCCNC(=O)[C@@H](Cc1ccccc1)NC(=O)[C@](C)(CCN1CCC2(CC1)OC(=O)N(C)c1ccc(F)cc12)c1ccc(Cl)c(Cl)c1,7.79997073344623
Oc1n[nH]c(CN2CCN(C(COCc3cc(C(F)(F)F)cc(C(F)(F)F)c3)c3ccccc3)CC2)n1,7.79997073344623
O=C(O)CN1CCN(C(COCc2cc(C(F)(F)F)cc(C(F)(F)F)c2)c2ccccc2)CC1,7.79997073344623
CN1C(=O)OC2(CCN(CCC[C@@](C)(C(=O)N[C@H](Cc3ccccc3)C(=O)NCCO)c3ccc(Cl)c(Cl)c3)CC2)c2cc(F)ccc21,7.79997073344623
O=C(O)COCCN1CCN(C(COCc2cc(C(F)(F)F)cc(C(F)(F)F)c2)c2ccccc2)CC1,7.79997073344623
COc1ccccc1CC(=O)N(C)CC(c1cccc2c1OCO2)N1CCC(N2CCCCC2)CC1,7.79588001734408
CN(C(=O)c1cc(C(F)(F)F)cc(C(F)(F)F)c1)[C@H](/C=C/C(=O)N[C@@H]1CCCCNC1=O)Cc1ccc(Cl)cc1,7.79588001734408
Cc1cc2c(-c3ccccc3)c(NC(=O)N(C)Cc3ccccc3)n(C)c(=O)c2cc1C,7.79588001734408
CO/N=C(\COCc1cc(C(F)(F)F)cc(C(F)(F)F)c1)C(CCN1CCC(N2CCCC2=S)CC1)c1ccc(Cl)c(Cl)c1,7.79588001734408
CCOC(=O)C1CCCN(CC2CCN(CCC(/C(COCc3cc(C(F)(F)F)cc(C(F)(F)F)c3)=N/OC)c3ccc(Cl)c(Cl)c3)CC2)C1,7.79588001734408
COc1ccccc1CN(C)C(=O)c1c(-c2ccccc2C)c2ccccc2c(=O)n1C,7.79588001734408
CNC1CCC(COCc2cc(C(F)(F)F)cc(C(F)(F)F)c2)(c2ccccc2)CC1,7.79588001734408
CCOc1ccccc1CN[C@H]1C2CCN(CC2)[C@H]1C(c1ccccc1)c1ccccc1,7.79588001734408
CC(C)Cc1cc(C(F)(F)F)cc(COCC2(c3ccc(F)cc3)CCN(C)CC2)n1,7.79588001734408
FC(F)(F)c1cc(COC[C@]2(c3ccccc3)CCCCNC2)cc(C(F)(F)F)c1,7.79588001734408
CN(Cc1cc(C(F)(F)F)cc(C(F)(F)F)c1)C(=O)c1c(CO)nc2ccccc2c1-c1ccccc1,7.79588001734408
CN(Cc1nnn(C)n1)[C@H](COCc1cc(C(F)(F)F)cc(C(F)(F)F)c1)c1ccccc1,7.79588001734408
CO/N=C(\COCc1cc(C(F)(F)F)cc(C(F)(F)F)c1)C(CCN1CCN(CC(=O)N2CCC(O)C2)CC1)c1ccc(Cl)c(Cl)c1,7.79588001734408
FC(F)(F)c1cc(COCC2(c3ccccc3)CCC(NC3CC3)C2)cc(C(F)(F)F)c1,7.79588001734408
COc1ccc(OC)c([C@H]2COCC3(C2)OCCN[C@H]3c2ccc(F)cc2)c1,7.79588001734408
CN(C)C(=O)N(C)[C@@H]1CC[C@H](OCc2cc(C(F)(F)F)cc(C(F)(F)F)c2)[C@H]1c1ccccc1,7.79588001734408
N#CNC(=O)[C@H](Cc1ccccc1)NC(=O)OCc1ccccc1,7.78251605578609
CCc1ccccc1CN[C@H]1C2CCN(CC2)[C@H]1C(c1ccccc1)c1ccccc1,7.77989191195995
CN(Cc1ccccc1)C(=O)[C@H](Cc1c[nH]c2ccccc12)NC(=O)[C@@H]1CCCN1/C(S)=N/Cc1ccccc1Cl,7.77728352885242
Cc1cc(C)cc(COCC(O)C(c2ccccc2)c2ccccc2)c1,7.76955107862173
CS(=O)(=O)Nc1ccccc1C1CCN(C(=O)[C@H](COCc2ccc(Cl)c(Cl)c2)NCc2ccccc2)CC1,7.76955107862173
Cc1ccccc1-c1ccccc1C(=O)N(C)Cc1cc(C(F)(F)F)cc(C(F)(F)F)c1,7.76955107862173
OC(COCc1cc(C(F)(F)F)cc(C(F)(F)F)c1)C(c1ccccc1)c1ccccc1,7.76955107862173
CCCCCN(CCCCC)C(=O)N1CCN(C(=O)N(c2ccccc2)c2ccccc2)[C@H](C(=O)N(C)CCN(C)Cc2ccccc2OC)C1,7.76955107862173
CO/N=C(\COCc1cc(C(F)(F)F)cc(C(F)(F)F)c1)C(CCN1CCC(CN2CCCC(OC(=O)NC(C)C)C2)CC1)c1ccc(Cl)c(Cl)c1,7.76955107862173
CC(C)(C)[Si](C)(C)OCc1nc2ccccc2c(-c2ccccc2)c1C(=O)NCc1cc(C(F)(F)F)cc(C(F)(F)F)c1,7.76955107862173
N/C(CO/N=C(\COCc1cc(C(F)(F)F)cc(C(F)(F)F)c1)C(CCN1CCC(O)(c2ccccc2)CC1)c1ccc(Cl)c(Cl)c1)=N/O,7.76955107862173
NC(=O)CO/N=C(\COCc1cc(C(F)(F)F)cc(C(F)(F)F)c1)C(CCN1CCC(O)(c2ccccc2)CC1)c1ccc(Cl)c(Cl)c1,7.76955107862173
O=C(c1cc(C(F)(F)F)cc(C(F)(F)F)c1)N1CC[C@H](NCc2ccnc3ccccc23)C[C@H]1Cc1ccccc1,7.76955107862173
CN(Cc1cccc2ccccc12)C(=O)[C@H](Cc1ccccc1)NC(=O)[C@@H]1CCCN1/C(S)=N/Cc1ccccc1Cl,7.76700388960785
CO/N=C(\COCc1cc(C(F)(F)F)cc(C(F)(F)F)c1)C(CCN1CCC(NC(=O)c2ccccc2)CC1)c1ccc(Cl)c(Cl)c1,7.74472749489669
CN(C(=O)c1cc(C(F)(F)F)cc(C(F)(F)F)c1)N(CCC(=O)N[C@@H]1CCCCNC1=O)Cc1cc(Br)c(Br)s1,7.74472749489669
CS(=O)(=O)N1CC2(CCN(C(=O)[C@H](COCc3ccccc3)NCc3ccc(Cl)c(Cl)c3)CC2)c2ccccc21,7.74472749489669
O=C1CCN(Cc2ccccc2[N+](=O)[O-])CC1C(c1ccc(F)cc1)c1ccc(F)cc1,7.74472749489669
CO/N=C(\COCc1cc(C(F)(F)F)cc(C(F)(F)F)c1)C(CCN1CCC(N2CCCCC2=O)CC1)c1ccc(Cl)c(Cl)c1,7.74472749489669
CN(Cc1ccccc1)C(=O)[C@H](Cc1ccc2ccccc2c1)NC(=O)[C@@H]1CCCN1C(=O)Nc1ccccc1C(F)(F)F,7.73992861201493
CN(C(=O)c1cc(C(F)(F)F)cc(C(F)(F)F)c1)[C@H](/C=C/C(=O)N[C@H]1CCCCNC1=O)Cc1ccc(Cl)c(Cl)c1,7.73992861201493
Cc1ccc(COC(=O)N[C@](C)(Cc2c[nH]c3ccccc23)C(=O)N[C@@H](C)c2ccccc2)cc1C,7.73992861201493
Cc1cc(F)ccc1[C@@H]1CNCCN1C(=O)N(C)Cc1cc(C(F)(F)F)cc(C(F)(F)F)c1,7.73992861201493
CN(Cc1ccccc1)C(=O)[C@H](Cc1ccccc1)NC(=O)[C@@H]1CCCN1C(=N)NCc1ccccc1Cl,7.73282827159699
Cc1cc(C)cc(CC(=O)NCC(c2ccc(Cl)c(Cl)c2)N2CCC(N3CCCCC3)CC2)c1,7.72124639904717
FC(F)(F)c1cc(COCC2(c3ccccc3)CCCNC2)cc(C(F)(F)F)c1,7.72124639904717
FC(F)(F)c1cc(CO[C@@H]2OCCN[C@H]2c2ccccc2)cc(C(F)(F)F)c1,7.72124639904717
CO/N=C(\COCc1cc(C(F)(F)F)cc(C(F)(F)F)c1)C(CCN1CCN(CC(=O)N2CCOCC2)CC1)c1ccc(Cl)c(Cl)c1,7.72124639904717
Cc1cc(C)cc(C(=O)N2CC[C@H](NCc3cc4ccccc4cn3)C[C@H]2Cc2ccccc2)c1,7.72124639904717
Oc1n[nH]c(CN2CCOC3(CCC(c4ccccc4)CO3)C2c2ccccc2)n1,7.72124639904717
N[C@H]1CC[C@](COCc2cc(C(F)(F)F)cc(C(F)(F)F)c2)(c2ccccc2)C1,7.72124639904717
Cc1ccccc1-c1c(C(=O)N(C)Cc2ccccc2Cl)n(C)c(=O)c2ccccc12,7.72124639904717
Cc1ccc(-c2c(C(=O)N(C)[C@H](C)c3cc(C(F)(F)F)cc(C(F)(F)F)c3)n(C)c(=O)c3ncccc23)cc1,7.72124639904717
CN(Cc1c(-c2ccccc2)c2ccccc2c(=O)n1C)C(=O)c1cc(C(F)(F)F)cc(C(F)(F)F)c1,7.72124639904717
CO/N=C(\COCc1cc(C(F)(F)F)cc(C(F)(F)F)c1)C(CCN1CCC(N2CCC(OC(=O)NC(C)C)C2)CC1)c1ccc(Cl)c(Cl)c1,7.72124639904717
CC(=O)N[C@H]1CCN(C(=O)c2cc(C(F)(F)F)cc(C(F)(F)F)c2)[C@H](Cc2ccccc2)C1,7.72124639904717
Cc1ccc(COC(=O)N[C@](C)(Cc2c[nH]c3ccccc23)C(=O)N[C@@H](C)c2ccccc2)cc1,7.72010501998836
C[C@H](NC(=O)[C@@](C)(Cc1c[nH]c2ccccc12)NC(=O)OCc1ccccc1)c1ccccc1,7.72010501998836
COc1cccc(CN[C@H]2C3CCN(CC3)[C@H]2C(c2ccccc2)c2ccccc2)c1,7.70005709997723
CN1C(=O)OC2(CCN(CC[C@@](C)(C(=O)N[C@H](Cc3ccccc3)C(=O)NCCN)c3ccc(Cl)c(Cl)c3)CC2)c2cc(F)ccc21,7.70005709997723
CN(C)CCNC(=O)[C@@H](Cc1ccccc1)NC(=O)[C@](C)(CCCN1CCC2(CC1)OC(=O)N(C)c1ccc(F)cc12)c1ccc(Cl)c(Cl)c1,7.70005709997723
NC(=O)N1CCN(C(COCc2cc(C(F)(F)F)cc(C(F)(F)F)c2)c2ccccc2)CC1,7.70005709997723
C[C@H](NC(=O)[C@@](C)(Cc1c[nH]c2ccccc12)NC(=O)OCc1cccc(N)c1)c1ccccc1,7.70005709997723
CN(C(=O)Cc1ccccc1)[C@H](Cc1ccc2ccccc2c1)NC(=O)C1(NC(=O)c2c[nH]c3ccccc23)CCCCC1,7.70005709997723
O=C(c1cc(C(F)(F)F)cc(C(F)(F)F)c1)N1CCN(C/C(=N\OCCN2CCOCC2)c2ccccc2)C[C@H]1Cc1c[nH]c2ccccc12,7.70005709997723
FC(F)(F)c1cc(COC[C@]2(c3ccccc3)CCCN2)cc(C(F)(F)F)c1,7.69897000433602
COCCN(C)C1CCC(COCc2cc(C(F)(F)F)cc(C(F)(F)F)c2)(c2ccccc2)C1,7.69897000433602
CO/N=C(\COCc1cc(C(F)(F)F)cc(C(F)(F)F)c1)[C@H](CCN1CCC(O)(c2ccccc2)CC1)c1ccc(Cl)c(Cl)c1,7.69897000433602
Cc1cc(Br)cc(COC[C@@H](N)c2ccccc2)c1,7.69897000433602
CO/N=C(\COCc1cc(C(F)(F)F)cc(C(F)(F)F)c1)C(CCN1CCN(CC(=O)NCC2CCCO2)CC1)c1ccc(Cl)c(Cl)c1,7.69897000433602
CN(C(=O)c1cc(C(F)(F)F)cc(C(F)(F)F)c1)[C@@H](/C=C/C(=O)N[C@@H]1CCCCNC1=O)Cc1cc(Br)c(Br)s1,7.69897000433602
Cc1cccc(COC2C3CCN(CC3)C2C(c2ccccc2)c2ccccc2)c1,7.69897000433602
CO/N=C(\COCc1cc(C(F)(F)F)cc(C(F)(F)F)c1)C(CCN1CCC(CN2CCCCC2=S)CC1)c1ccc(Cl)c(Cl)c1,7.69897000433602
CC(C)NC(=O)N[C@H]1CCN(C(=O)c2cc(C(F)(F)F)cc(C(F)(F)F)c2)[C@H](Cc2ccccc2)C1,7.69897000433602
CO/N=C(\COCc1cc(C(F)(F)F)cc(C(F)(F)F)c1)C(CCN1CCC(CN2CCCCC2CO)CC1)c1ccc(Cl)c(Cl)c1,7.69897000433602
CN(C)c1cc(C(F)(F)F)cc(COCC2(c3ccc(F)cc3)CCNCC2)n1,7.69897000433602
COc1ccccc1CN[C@H]1C2CCN(CC2)[C@H]1c1cccc(Cl)c1,7.69897000433602
OCCO/N=C(\COCc1cc(C(F)(F)F)cc(C(F)(F)F)c1)C(CCN1CCC(O)(c2ccccc2)CC1)c1ccc(Cl)c(Cl)c1,7.69897000433602
CCCCCN(CCCCC)C(=O)[C@H]1CCN(C(=O)N(c2ccccc2)c2cccc(Cl)c2)[C@H](C(=O)O)C1,7.69897000433602
Cc1cccc(CO[C@H]2C3CCN(CC3)[C@H]2C(c2ccccc2)c2ccccc2)c1,7.68006156001969
Cc1cc(C)cc(C(=O)N2CCN(C(=O)CNC3CCN(C(=O)[C@@H](N)Cc4ccccc4)CC3)[C@H](c3ccc(Cl)c(Cl)c3)C2)c1,7.67778070526608
Cc1cc(C)cc(C(=O)N2CC[C@H](NCc3ccnc4ccccc34)C[C@H]2Cc2ccc(C#N)cc2)c1,7.67778070526608
FC(F)(F)c1cc(CO[C@H]2OCCN[C@@H]2c2ccccc2)cc(C(F)(F)F)c1,7.67778070526608
CC(=O)NC(COCc1cc(C)cc(C)c1)C(c1ccccc1)c1ccccc1,7.67778070526608
CN(Cc1cc(C(F)(F)F)cc(C(F)(F)F)c1)C(=O)c1c(-c2ccc(F)cc2)c2ccccc2n2nnnc12,7.67778070526608
Cc1cc(C)cc(COC(=O)[C@H](Cc2c[nH]c3ccccc23)NC(=O)c2ccccc2)c1,7.65995268233861
CC(=O)N(CC1CCCCC1)CC(Cc1c[nH]c2ccccc12)NC(=O)CN1CCN(c2ccccc2)CC1,7.65955588515988
CN(CC(c1cccc2c1OCO2)N1CCC(N2CCCCC2)CC1)C(=O)C(c1ccccc1)c1ccccc1,7.65757731917779
O=C1OC(Cc2c[nH]c3ccccc23)C(=O)N1Cc1cc(C(F)(F)F)cc(C(F)(F)F)c1,7.65757731917779
COc1cc(C(F)(F)F)cc(COCC2(c3ccc(F)cc3)CCN(C)CC2)n1,7.65757731917779
CN(Cc1cc(C(F)(F)F)cc(C(F)(F)F)c1)C(=O)c1ccccc1-c1ccccc1Cl,7.65757731917779
CO/N=C(\COCc1cc(C(F)(F)F)cc(C(F)(F)F)c1)C(CCN1CCN(CC(=O)N2CC(O)C2)CC1)c1ccc(Cl)c(Cl)c1,7.65757731917779
CC(C(=O)N[C@]1(c2ccccc2)CC[C@H](N(C)C)CC1)c1cc(C(F)(F)F)cc(C(F)(F)F)c1,7.65757731917779
C=CC[N+]12CCC(CC1)[C@H](NCc1ccccc1OC)[C@@H]2C(c1ccccc1)c1ccccc1,7.65169513695184
Cc1cccc(COC(=O)N[C@](C)(Cc2c[nH]c3ccccc23)C(=O)N[C@@H](C)c2ccccc2)c1,7.64994590642097
C[C@@H](O[C@H]1O[C@@H]2CC[C@@H](c3ccccc3)O[C@@H]2[C@H](O)[C@H]1OCc1ccc(F)cc1)c1cc(C(F)(F)F)cc(C(F)(F)F)c1,7.64975198166584
COc1cccc(OC)c1C(=O)N1CCC(CCN2CCC(C(N)=O)(c3ccccc3)CC2)(c2ccc(Cl)c(Cl)c2)C1,7.64206515299955
COc1ccccc1[C@H](C)C(=O)N1CC2[C@@H](C1)C(c1ccccc1)(c1ccccc1)CC[S+]2[O-],7.6399749108106
CO/N=C(\CCc1cc(C(F)(F)F)cc(C(F)(F)F)c1)C(CCN1CCC(O)(c2ccccc2)CC1)c1ccc(Cl)c(Cl)c1,7.63827216398241
FC(F)(F)c1cc(COC[C@@H](NCc2nn[nH]n2)c2ccccc2)cc(C(F)(F)F)c1,7.63827216398241
CS(=O)(=O)N1CC2(CCN(C(=O)[C@H](COCc3ccc(Cl)cc3)NCc3ccc(Cl)c(Cl)c3)CC2)c2ccccc21,7.63827216398241
Cn1c(COCc2cc(C(F)(F)F)cc(C(F)(F)F)c2)c(-c2ccccc2)c2ccccc2c1=O,7.63827216398241
CO/N=C(\COCc1cc(C(F)(F)F)cc(C(F)(F)F)c1)C(CCN1CCN(CC(=O)N2CCC2)CC1)c1ccc(Cl)c(Cl)c1,7.63827216398241
COc1ccccc1CN(C)C(=O)Nc1c(-c2ccccc2)c2cc(C)c(C)cc2c(=O)n1C,7.63827216398241
CSN1CC2(CCN(C(=O)N[C@@H](Cc3c[nH]c4ccccc34)C(=O)OCc3ccccc3)CC2)c2ccccc21,7.63827216398241
O=C(c1cc(F)cc(F)c1)N1CCN(C(=O)CNC2CCN(Cc3ccccc3)CC2)C(c2ccc(Cl)c(Cl)c2)C1,7.63827216398241
Fc1ccc([C@@H]2NCCO[C@@]23C[C@@H](c2ccccc2C(F)(F)F)CO3)cc1,7.61978875828839
O/N=C(\COCc1cc(C(F)(F)F)cc(C(F)(F)F)c1)C(CCN1CCC(O)(c2ccccc2)CC1)c1ccc(Cl)c(Cl)c1,7.61978875828839
CNC(=O)CO/N=C(\COCc1cc(C(F)(F)F)cc(C(F)(F)F)c1)C(CCN1CCC(O)(c2ccccc2)CC1)c1ccc(Cl)c(Cl)c1,7.61978875828839
O=C(c1cc(Br)cc(Br)c1)N1CC[C@H](NCc2ccnc3ccccc23)C[C@H]1Cc1ccccc1,7.61978875828839
CCOC(=O)C1CCN(C(=O)CN2CCN(CCC(/C(COCc3cc(C(F)(F)F)cc(C(F)(F)F)c3)=N/OC)c3ccc(Cl)c(Cl)c3)CC2)CC1,7.61978875828839
COc1ccccc1CN(CC(Cc1c[nH]c2ccccc12)NC(=O)COc1ccccc1OC)C(C)=O,7.61978875828839
CN(Cc1cc(C(F)(F)F)cc(C(F)(F)F)c1)C(=O)[C@H]1CN(C(=O)c2cncnc2)C[C@@H]1c1ccccc1,7.61978875828839
Fc1ccc([C@@H]2NCCOC23COC[C@H](c2ccccc2C(F)(F)F)C3)cc1,7.61978875828839
CS(=O)(=O)N1CC2(CCN(C(=O)C(CNCc3ccc(Cl)c(Cl)c3)NCc3ccccc3)CC2)c2ccccc21,7.61978875828839
CO/N=C(\COCc1cc(C(F)(F)F)cc(C(F)(F)F)c1)C(CCN1CCC(CNC2(CO)CCCC2)CC1)c1ccc(Cl)c(Cl)c1,7.61978875828839
CO/N=C(\COCc1cc(C(F)(F)F)cc(C(F)(F)F)c1)C(CCN1CCN(CC(=O)N2CCC[C@H]2C(N)=O)CC1)c1ccc(Cl)c(Cl)c1,7.61978875828839
O=C(NCc1cc(C(F)(F)F)cc(C(F)(F)F)c1)[C@@H](CCN1CCC(c2ccccc2)CC1)c1ccc(F)cc1,7.61978875828839
CO/N=C(\COCc1cc(C(F)(F)F)cc(C(F)(F)F)c1)C(CCN1CCC(O)(c2ccccc2)CC1)c1ccc(Cl)c(Cl)c1,7.60205999132796
CO/N=C(/COCc1cc(C(F)(F)F)cc(C(F)(F)F)c1)C(CCN1CCC(O)(c2ccccc2)CC1)c1ccc(Cl)c(Cl)c1,7.60205999132796
NC(=O)C(=O)N1CCC[C@H](OCc2cc(C(F)(F)F)cc(C(F)(F)F)c2)[C@@H]1c1ccccc1,7.60205999132796
CONC(COCc1cc(C(F)(F)F)cc(C(F)(F)F)c1)C(CCN1CCC(O)(c2ccccc2)CC1)c1ccc(Cl)c(Cl)c1,7.60205999132796
COC(=O)CO/N=C(\COCc1cc(C(F)(F)F)cc(C(F)(F)F)c1)C(CCN1CCC(O)(c2ccccc2)CC1)c1ccc(Cl)c(Cl)c1,7.60205999132796
Cc1cc(C)cc(C(=O)N2CCN(C(=O)CNC3CCN(Cc4ccccc4)CC3)[C@H](c3ccc(Cl)c(Cl)c3)C2)c1,7.60205999132796
CO/N=C(\COCc1cc(C(F)(F)F)cc(C(F)(F)F)c1)C(CCN1CCC(CN2CCCC(C(N)=O)C2)CC1)c1ccc(Cl)c(Cl)c1,7.60205999132796
O=C1O[C@@H](Cc2c[nH]c3ccccc23)C(=O)N1Cc1cc(C(F)(F)F)cc(C(F)(F)F)c1,7.60205999132796
Clc1cc(Cl)cc(COC[C@@H](c2ccccc2)N2CCNCC2)c1,7.59998036493484
Cc1cc(C)cc(COCC(c2ccccc2)N2CCNCC2)c1,7.59998036493484
Cc1cc(C)cc(OCC(=O)N(c2ccc(Cl)c(Cl)c2)C2CCNCC2)c1,7.59998036493484
O=C(COc1cc(C(F)(F)F)cc(C(F)(F)F)c1)N(Cc1cccc(Cl)c1)C1CCNCC1,7.59998036493484
Cc1cccc(CN(C(=O)CCc2cc(C(F)(F)F)cc(C(F)(F)F)c2)C2CCNCC2)c1,7.59998036493484
Cc1cc(C)cc(C(=O)N[C@H]2CCN(C(=O)c3cc(Cl)cc(Cl)c3)[C@H](Cc3ccccc3)C2)c1,7.59006687666871
CN(Cc1ccccc1)C(=O)[C@H](Cc1ccccc1)NC(=O)[C@@H]1CCCN1/C(S)=N/Cc1c(Cl)cccc1Cl,7.58670023591875
CO/N=C(\COCc1cc(Cl)cc(Cl)c1)C(CCN1CCC(O)(c2ccccc2)CC1)c1ccc(Cl)c(Cl)c1,7.58502665202918
FC(F)(F)c1cc(COC[C@]2(c3ccccc3)CCCN(Cc3ccccc3)CC2)cc(C(F)(F)F)c1,7.58502665202918
O=C(c1cc(Cl)cc(Cl)c1)N1CC[C@H](NCc2ccnc3ccccc23)C[C@H]1Cc1ccccc1,7.58502665202918
CN(Cc1cc(C(F)(F)F)cc(C(F)(F)F)c1)C(=O)c1c(-c2ccccc2)c2ccccc2n2nnnc12,7.58502665202918
O=C(NCc1cc(C(F)(F)F)cc(C(F)(F)F)c1)c1c(CCl)nc2ccccc2c1-c1ccccc1,7.58502665202918
CN(Cc1cc(C(F)(F)F)cc(C(F)(F)F)c1)C(=O)[C@H](Cc1ccccc1)NC(=O)[C@@H]1CCCN1/C(S)=N/Cc1ccccc1Cl,7.57024771999759
C[C@H](NC(=O)[C@@](C)(Cc1c[nH]c2ccccc12)NC(=O)OCc1ccc(Cl)cc1)c1ccccc1,7.56992494444806
CC(=O)NCCCCCOC[C@H]1O[C@@H](OCCc2c[nH]c3ccccc23)[C@H](OCc2ccccc2)[C@@H](OCc2ccccc2)[C@@H]1O,7.56863623584101
CS(=O)(=O)N1CC2(CCN(C(=O)C(COCc3ccccc3)NCc3ccc(Cl)cc3)CC2)c2ccccc21,7.56863623584101
CC(=O)N[C@H]1Cc2ccccc2CN(CC(=O)N(C)Cc2cc(C(F)(F)F)cc(C(F)(F)F)c2)C1=O,7.56863623584101
COc1ccccc1CN(CC(Cc1c[nH]c2ccccc12)NC(=O)CN1CCOCC1)C(C)=O,7.56863623584101
COc1cccc(C[C@@H]2C[C@@H](NCc3ccnc4ccccc34)CCN2C(=O)c2cc(C)cc(C)c2)c1,7.56863623584101
CN(Cc1ccccc1)C(=O)[C@H](Cc1ccccc1)NC(=O)[C@@H]1CCCN1/C(S)=N/Cc1ccccc1C(F)(F)F,7.5654310959658
COc1ccccc1CN(CC(CC1CNc2ccccc21)NC(=O)CN1CCN(c2ccccc2)CC1)C(C)=O,7.56224943717961
Cc1cc(C)cc(CN(C)C(=O)Nc2c(-c3ccccc3)c3cc(C)c(C)cc3c(=O)n2C)c1,7.55284196865778
C[C@H]1CN(CC[C@H](C(=O)NCc2cc(C(F)(F)F)cc(C(F)(F)F)c2)c2ccc(F)cc2)CC[C@@]12C=Cc1ccccc12,7.55284196865778
Fc1ccc([C@@H]2NCCO[C@@]23CC[C@@H](c2ccccc2C(F)(F)F)CO3)cc1,7.55284196865778
Fc1ccc([C@@H]2NCCOC23CC[C@@H](c2ccccc2C(F)(F)F)CO3)cc1,7.55284196865778
C[C@H](NC(=O)[C@@](C)(Cc1c[nH]c2ccccc12)NC(=O)OCc1ccc(Cl)c(Cl)c1)c1ccccc1,7.54000474395261
CN1CCC(COCc2cc(C(F)(F)F)cc(N3CCC(C#N)C3)n2)(c2ccc(F)cc2)CC1,7.53760200210104
C/C=C/c1cc(C(F)(F)F)cc(COCC2(c3ccc(F)cc3)CCN(C)CC2)n1,7.53760200210104
Fc1ccc(C2(COCc3cc(C(F)(F)F)cc(Cl)n3)CCNCC2)cc1,7.53760200210104
Cc1cc(C)cc(C(=O)N2CC[C@H](NCc3ccnc4ccccc34)C[C@H]2Cc2cccc3ccccc23)c1,7.53760200210104
CN(Cc1ccccc1)C(=O)[C@@H](NC(=O)[C@@H]1CCCN1/C(S)=N/Cc1ccccc1Cl)C(c1ccccc1)c1ccccc1,7.53165266958784
CN(Cc1ccccc1)C(=O)[C@H](Cc1ccccc1)NC(=O)[C@@H]1CCCN1/C(S)=N/Cc1ccccc1Br,7.52724355068279
CN(Cc1ccccc1)C(=O)[C@H](Cc1ccccc1)NC(=O)[C@@H]1CCCN1/C(S)=N/Cc1ccccc1Cl,7.52432881167557
COc1ccccc1CC(=N)N1C[C@@H]2C(=O)CCC(c3ccccc3)(c3ccccc3)[C@@H]2C1,7.52287874528034
Cn1c(-c2ccc(Cl)cc2)c(CCC(=O)N2CCN(CC(=O)Nc3ccccc3)CC2)c2cc(Cl)ccc21,7.52287874528034
CO/N=C(\COCc1cc(C(F)(F)F)cc(C(F)(F)F)c1)C(CCN1CCNCC1)c1ccc(Cl)c(Cl)c1,7.52287874528034
CC(N)(COCc1cc(C(F)(F)F)cc(C(F)(F)F)c1)c1ccccc1,7.52287874528034
Cc1cc(C)cc(C(=O)N2CCC(NCc3ccnc4ccccc34)CC2[C@H](C)c2ccccc2)c1,7.52287874528034
Fc1ccc([C@@H]2NCCOC23COC[C@H](c2cccc(C(F)(F)F)c2)C3)cc1,7.52287874528034
COc1ccccc1CN(C)C(=O)c1c(-c2ccccc2)c2ccccc2c(=O)n1C,7.52287874528034
CC(=O)N[C@@H](Cc1ccc(Cl)c(Cl)c1)C(=O)OCc1cc(C)cc(C)c1,7.52287874528034
Cc1cc(C)cc(C(=O)N2CC[C@H](NCc3cnc4ccccc4c3)C[C@H]2Cc2ccccc2)c1,7.52287874528034
Cc1cc(C)cc(C(=O)N2CC[C@H](NCc3ccnc4ccccc34)C[C@H]2[C@H](C)c2ccccc2)c1,7.51999305704285
COc1ccc(OC)c(S(=O)(=O)N2CCC3(CC2)C2C(=O)N(c4ccccc4)C(=O)C2CN3C(=O)c2cc(C(F)(F)F)cc(C(F)(F)F)c2)c1,7.51999305704285
O=C1COc2ccc(S(=O)(=O)N3CCC4(CC3)C3C(=O)N(c5ccccc5)C(=O)C3CN4C(=O)c3cc(C(F)(F)F)cc(C(F)(F)F)c3)cc2N1,7.51004152057517
COc1ccccc1N1CCN(C(=O)CCc2c(-c3ccc(Cl)cc3)[nH]c3ccccc23)CC1,7.50863830616573
COC(=O)CN(Cc1ccccc1OC)CC(Cc1c[nH]c2ccccc12)NC(=O)CN1CCN(c2ccccc2)CC1,7.50863830616573
COc1ccc(C2(CCN3CCC(C(=O)c4nc5ccccc5n4Cc4ccc(F)cc4)CC3)CCN(C(=O)c3cc(OC)c(OC)c(OC)c3)C2)cc1OC,7.50863830616573
COc1cccc(CN2CCC(=O)C(C(c3ccc(F)cc3)c3ccc(F)cc3)C2)c1,7.50863830616573
C=CCC1(Cc2c[nH]c3ccccc23)OC(=O)N(Cc2cc(C(F)(F)F)cc(C(F)(F)F)c2)C1=O,7.50863830616573
N[C@@H]1CC[C@](COCc2cc(C(F)(F)F)cc(C(F)(F)F)c2)(c2ccccc2)C1,7.50863830616573
CC1c2ccccc2NC(=O)CN1C(=O)N(C)Cc1cc(C(F)(F)F)cc(C(F)(F)F)c1,7.50003813440381
O=C(COc1cc(C(F)(F)F)cc(C(F)(F)F)c1)N(c1ccc(Cl)c(Cl)c1)C1CCNCC1,7.50003813440381
C=Cc1ccc(C(COCc2cc(C(F)(F)F)cc(C(F)(F)F)c2)N2CCNCC2)cc1C=C,7.50003813440381
O=C(CCc1cc(C(F)(F)F)cc(C(F)(F)F)c1)N(Cc1ccc(F)cc1)C1CCNCC1,7.50003813440381
CN1C(=O)OC2(CCN(CC[C@@](C)(C(=O)N[C@H](Cc3ccccc3)C(=O)NCCO)c3ccc(Cl)c(Cl)c3)CC2)c2cc(F)ccc21,7.50003813440381
CO/N=C(\COCc1cc(C)cc(C)c1)C(CCN1CCC(O)(c2ccccc2)CC1)c1ccc(Cl)c(Cl)c1,7.49485002168009
Cc1c(C(=O)N(C)Cc2cc(C(F)(F)F)cc(C(F)(F)F)c2)c(-c2ccccc2)cc[n+]1[O-],7.49485002168009
CN(CC(Cc1ccccc1)N1CCC(N2CCCCC2)CC1)C(=O)Cc1cc(C(F)(F)F)cc(C(F)(F)F)c1,7.49485002168009
CCN1CCC[C@](COCc2cc(C(F)(F)F)cc(C(F)(F)F)c2)(c2ccccc2)CC1,7.49485002168009
Cc1cc(C)cc(C(=O)N2CCN(C(=O)CNC3CCN(C(=O)[C@H](N)Cc4ccc(O)cc4)CC3)[C@H](c3ccc(Cl)c(Cl)c3)C2)c1,7.49485002168009
CO/N=C(\COC(=O)Nc1cc(C(F)(F)F)cc(C(F)(F)F)c1)C(CCN1CCC(O)(c2ccccc2)CC1)c1ccc(Cl)c(Cl)c1,7.49485002168009
CC(=O)N1Cc2ccccc2C[C@H]1C(=O)N(C)Cc1cc(C(F)(F)F)cc(C(F)(F)F)c1,7.49485002168009
Cc1cc(C)cc(CN(C)C(=O)c2c(-c3ccccc3C)c3ccccc3c(=O)n2C)c1,7.49485002168009
CN(Cc1ccccc1Cl)C(=O)c1c(-c2ccc(F)cc2)c2cccnc2c(=O)n1C,7.49485002168009
CCOC(=O)C[N+]12CCC(CC1)[C@H](NCc1ccccc1OC)[C@@H]2C(c1ccccc1)c1ccccc1,7.48545224733971
CN(C)c1ccc(CNC(COCc2ccccc2)C(=O)N2CCC3(CC2)CN(S(C)(=O)=O)c2ccccc23)cc1,7.48148606012211
CCCCCN(CCCCC)C(=O)[C@H]1CCN(C(=O)N(c2ccccc2)c2ccccc2)[C@H](C(=O)O)C1,7.48148606012211
CO/N=C(\COCc1cc(C(F)(F)F)cc(C(F)(F)F)c1)[C@@H](CCN1CCC(O)(c2ccccc2)CC1)c1ccc(Cl)c(Cl)c1,7.48148606012211
CO/C=C(\COCc1cc(C(F)(F)F)cc(C(F)(F)F)c1)C(CCN1CCC(O)(c2ccccc2)CC1)c1ccc(Cl)c(Cl)c1,7.48148606012211
Fc1cc(F)cc(COC2C3CCN(CC3)C2C(c2ccccc2)c2ccccc2)c1,7.48148606012211
COc1ccccc1CN(CC(Cc1c[nH]c2ccccc12)NC(=O)CN1CCCCC1)C(C)=O,7.48148606012211
CO/N=C(\CNC(=O)c1ccccc1OC)C(CCN1CCC(O)(c2ccccc2)CC1)c1ccc(Cl)c(Cl)c1,7.48148606012211
CO/N=C(\COCc1cc(OC)cc(OC)c1)C(CCN1CCC(O)(c2ccccc2)CC1)c1ccc(Cl)c(Cl)c1,7.48148606012211
C[C@H](NC(=O)[C@@](C)(Cc1c[nH]c2ccccc12)NC(=O)OCc1ccccc1Cl)c1ccccc1,7.48004081924793
Clc1ccccc1CN[C@H]1C2CCN(CC2)[C@H]1C(c1ccccc1)c1ccccc1,7.47755576649368
O=C(NCc1cccnc1)NC[C@H]1CCC[C@H](OCc2cc(C(F)(F)F)cc(C(F)(F)F)c2)[C@@H]1c1ccccc1,7.46852108295775
O/N=C(/COCc1cc(C(F)(F)F)cc(C(F)(F)F)c1)C(CCN1CCC(O)(c2ccccc2)CC1)c1ccc(Cl)c(Cl)c1,7.46852108295775
COc1ccccc1CN(C[C@@H](Cc1c[nH]c2ccccc12)NC(=O)CCC(=O)c1ccccc1)C(C)=O,7.46852108295775
CS(=O)(=O)N1CC2(CCN(C(=O)[C@H](COCc3ccccc3Cl)NCc3ccc(Cl)c(Cl)c3)CC2)c2ccccc21,7.46852108295775
CCN(Cc1ccccc1OC)C(=O)c1c(-c2ccccc2C)c2ccccc2c(=O)n1C,7.46852108295775
Cc1ccccc1-c1c(C(=O)N(C)Cc2ccccc2)n(C)c(=O)c2ccccc12,7.46852108295775
Clc1cc(COCC2(c3ccccc3)CCNCC2)cc(Cl)n1,7.46852108295775
CN(C(=O)c1cc(C(F)(F)F)cc(C(F)(F)F)c1)c1cc(C(=O)NC2CCCCC2)ccc1-c1ccc(F)cc1,7.46852108295775
COc1ccccc1CN[C@H]1C2CCCN(CC2)[C@H]1C(c1ccccc1)c1ccccc1,7.46470587995723
C[C@H](NC(=O)[C@@](C)(Cc1c[nH]c2ccccc12)NC(=O)OCc1cccc(Cl)c1)c1ccccc1,7.4600461583436
Cc1cc(C)cc(C(=O)N2CCN(C(=O)CNC3CCN(Cc4cc[nH]c4)CC3)[C@H](c3ccc(Cl)c(Cl)c3)C2)c1,7.45593195564972
CC(=O)N1CCC[C@H](OCc2cc(C(F)(F)F)cc(C(F)(F)F)c2)[C@@H]1c1ccccc1,7.45593195564972
CO/N=C(\COCc1cc(C(F)(F)F)cc(C(F)(F)F)c1)C(CCN1CCC(N2CCCC2)CC1)c1ccc(Cl)c(Cl)c1,7.44369749923271
Cc1ccc(C)c(COC2C3CCN(CC3)C2C(c2ccccc2)c2ccccc2)c1,7.44369749923271
CS(=O)(=O)N1CC2(CCN(C(=O)[C@H](COCc3ccccc3Cl)NCc3ccccc3)CC2)c2ccccc21,7.44369749923271
CN(Cc1ccc2ccccc2c1)C(=O)[C@H](Cc1ccccc1)NC(=O)[C@@H]1CCCN1/C(S)=N/Cc1ccccc1Cl,7.44369749923271
CN(Cc1cc(C(F)(F)F)cc(C(F)(F)F)c1)C(=O)c1c(-c2ccccc2)c2ccccc2n2cccc12,7.44369749923271
CO/N=C(\COCc1cc(C(F)(F)F)cc(C(F)(F)F)c1)C(CCN1CCC(CN2CCCCC2)CC1)c1ccc(Cl)c(Cl)c1,7.44369749923271
FC(F)(F)c1cc(CO[C@H]2CCCN(Cc3ccco3)[C@H]2c2ccccc2)cc(C(F)(F)F)c1,7.44369749923271
Brc1ccccc1COC1C2CCN(CC2)C1C(c1ccccc1)c1ccccc1,7.43179827593301
O=C(CN(N1CCC(Cc2ccccc2)CC1)N1CCC(Cc2ccccc2)CC1)N1CCN(Cc2cc(C(F)(F)F)cc(C(F)(F)F)c2)CC1c1ccccc1,7.43179827593301
COc1cc(C(=O)N(C)CC(c2cccc3c2OCO3)N2CCC(N3CCCCC3)CC2)cc(OC)c1OC,7.43179827593301
Fc1cccc(COC2C3CCN(CC3)C2C(c2ccccc2)c2ccccc2)c1,7.43179827593301
CCN(CC)C1CCC(COCc2cc(C(F)(F)F)cc(C(F)(F)F)c2)(c2ccccc2)CC1,7.42021640338319
CN(C)/N=C(\COCc1cc(C(F)(F)F)cc(C(F)(F)F)c1)C(CCN1CCC(O)(c2ccccc2)CC1)c1ccc(Cl)c(Cl)c1,7.42021640338319
CO/N=C(\COCc1cc(C(F)(F)F)cc(C(F)(F)F)c1)C(CCN1CCC(CN2CCCC(O)C2)CC1)c1ccc(Cl)c(Cl)c1,7.42021640338319
COc1ccccc1[C@H](C)C(=O)N1C[C@@H]2[C@H](C1)[C@@](O)(c1ccccc1OC)CSC2(c1ccccc1)c1ccccc1,7.42021640338319
CN(Cc1cc(C(F)(F)F)cc(C(F)(F)F)c1)C(=O)c1c(-c2ccccc2)c2ccccc2n2ccnc12,7.42021640338319
Ic1cccc(COCC2(c3ccccc3)CCNCC2)c1,7.42021640338319
CN(Cc1ccccc1)C(=O)[C@H](Cc1ccccc1)N(C)C(=O)[C@@H]1CCCN1/C(S)=N/Cc1ccccc1Cl,7.42021640338319
CN1C(=O)C2CN(S(=O)(=O)c3ccc4ccccc4c3)C3(CCN(C(=O)c4cc(C(F)(F)F)cc(C(F)(F)F)c4)CC3)C2C1=O,7.41005039867429
CCOCCCNC(=O)CN1CCN(CCC(/C(COCc2cc(C(F)(F)F)cc(C(F)(F)F)c2)=N/OC)c2ccc(Cl)c(Cl)c2)CC1,7.4089353929735
CO/N=C(\COCCc1cc(C(F)(F)F)cc(C(F)(F)F)c1)C(CCN1CCC(O)(c2ccccc2)CC1)c1ccc(Cl)c(Cl)c1,7.4089353929735
CC(C)=Cc1cc(C(F)(F)F)cc(COCC2(c3ccc(F)cc3)CCN(C)CC2)n1,7.4089353929735
Clc1ccccc1CNC1C2C3CCCC2CN(C3)[C@H]1C(c1ccccc1)c1ccccc1,7.4089353929735
COc1ccc(CN[C@@H]2C3CCN(CC3)[C@@H]2c2cccc(Cl)c2)c(OC)c1,7.4089353929735
COc1ccccc1CN[C@H]1CCCN[C@]12CCc1ccccc12,7.4000078224159
COC(=O)CN1CCN(C(COCc2cc(C(F)(F)F)cc(C(F)(F)F)c2)c2ccccc2)CC1,7.4000078224159
FC(F)(F)c1cc(CO[C@H]2CCCN(Cc3nn[nH]n3)[C@H]2c2ccccc2)cc(C(F)(F)F)c1,7.4000078224159
CC(C)c1cccc(C(COCc2cc(C(F)(F)F)cc(C(F)(F)F)c2)N2CCNCC2)c1,7.4000078224159
CC1c2ccccc2NCCN1C(=O)N(C)Cc1cc(C(F)(F)F)cc(C(F)(F)F)c1,7.4000078224159
CN(C)CCNC(=O)[C@@H](Cc1ccccc1)NC(=O)[C@](C)(CCN1CCC2(CC1)OC(=O)N(C)c1ccc(F)cc12)c1ccc(Cl)c(Cl)c1,7.4000078224159
Fc1ccc(C2CCN(C3CCC(CCCc4cc(C(F)(F)F)cc(C(F)(F)F)c4)(c4ccccc4)CC3)CC2)cc1,7.39794000867204
O=C(N[C@@H]1CC[C@H](OCc2cc(C(F)(F)F)cc(C(F)(F)F)c2)[C@H]1c1ccccc1)OCc1ccccc1,7.39794000867204
CCCCCN(CCCCC)C(=O)N1CCN(C(=O)N(c2ccccc2)c2ccccc2)[C@H](C(=O)NCCCN(CC)CC)C1,7.38721614328026
Cc1cc(-c2ccccc2)c(C(=O)N(C)Cc2cc(C(F)(F)F)cc(C(F)(F)F)c2)c(C)n1,7.38721614328026
C[C@@H](OC[C@]1(c2ccccc2)CNC(=O)N1)c1cc(C(F)(F)F)cc(C(F)(F)F)c1,7.38721614328026
Cn1c(-c2ccc(Cl)cc2)c(CCC(=O)N2CCC(O)(Cc3ccccc3)CC2)c2cnccc21,7.38721614328026
CS(=O)(=O)N1CC2(CCN(C(=O)[C@@H](COCc3ccccc3)NCc3ccc(Cl)c(Cl)c3)CC2)c2ccccc21,7.3767507096021
CO/N=C(\CN(C)Cc1cc(C(F)(F)F)cc(C(F)(F)F)c1)C(CCN1CCC(O)(c2ccccc2)CC1)c1ccc(Cl)c(Cl)c1,7.3767507096021
COc1ccccc1N1CCN(C(=O)CCc2c3n(c4ccc(C)cc24)C(=O)c2ccccc2-3)CC1,7.3767507096021
Cc1cc(C)cc(C(=O)N2CCN(C(=O)CNC3CCN(C(=O)[C@@H](N)c4ccccc4)CC3)[C@H](c3ccc(Cl)c(Cl)c3)C2)c1,7.3767507096021
C[C@H](NC(=O)[C@@](C)(Cc1c[nH]c2ccccc12)NC(=O)OCc1ccc(F)c(F)c1)c1ccccc1,7.36997914888659
CS(=O)(=O)N1CC2(CCN(C(=O)C(COCc3ccccc3)NC(=O)Cc3ccc(Cl)c(Cl)c3)CC2)c2ccccc21,7.36653154442041
CO/N=C(\COCc1cc(C(F)(F)F)cc(C(F)(F)F)c1)C(CCN1CCC(NC(=O)C2CCCCC2)CC1)c1ccc(Cl)c(Cl)c1,7.35654732351381
Cc1cc(C)cc(C(=O)N2C3CC(NCc4ccnc5ccccc45)CC2C(c2ccccc2)C3)c1,7.35654732351381
CN1CCC(COCc2cc(C(F)(F)F)cc(Cl)n2)(c2ccc(F)cc2)CC1,7.34678748622466
CN(Cc1cc(Cl)cc(Cl)c1)C(=O)CC(c1ccccc1)c1ccccc1,7.34678748622466
NC(=O)CN[C@H]1CC[C@@H](OCc2cc(C(F)(F)F)cc(C(F)(F)F)c2)[C@@H]1c1ccccc1,7.34678748622466
FC(F)(F)c1cc(COCC2(c3ccccc3)CCC(N3CCOCC3)C2)cc(C(F)(F)F)c1,7.34678748622466
CN(Cc1cc(C(F)(F)F)cc(C(F)(F)F)c1)C(=O)c1ccccc1-c1ccccc1Br,7.34678748622466
Cc1cccc(NC(=O)N2CCC3(CC2)NC(=O)N(Cc2cc(C(F)(F)F)cc(C(F)(F)F)c2)C3=O)c1,7.33998877871067
O=C(NCCc1cc(C(F)(F)F)cc(C(F)(F)F)c1)C(c1ccccc1)c1ccccc1,7.33724216831843
O=C1CCN(Cc2ccccc2F)CC1C(c1ccc(F)cc1)c1ccc(F)cc1,7.33724216831843
CN(Cc1cc(C(F)(F)F)cc(C(F)(F)F)c1)C(=O)C(c1ccccc1)c1ccccc1,7.32790214206428
CO/N=C(\COCc1cc(C(F)(F)F)cc(C(F)(F)F)c1)C(CCN1CCN(CC(=O)N2CCCCC2CO)CC1)c1ccc(Cl)c(Cl)c1,7.32790214206428
CN(C)C1CCC(COCc2cc(C(F)(F)F)cc(C(F)(F)F)c2)(c2ccccc2)CC1,7.31875876262441
O=C(c1cc(C(F)(F)F)cc(C(F)(F)F)c1)N1CCN(C(=O)CNC2CCN(Cc3ccccc3)CC2)[C@H](c2ccc(Cl)c(Cl)c2)C1,7.31875876262441
CN(CCc1c[nH]c2ccccc12)C(=O)[C@H](Cc1ccccc1)NC(=O)[C@@H]1CCCN1/C(S)=N/Cc1ccccc1Cl,7.31875876262441
Cc1ccc(C)c(CO[C@H]2C3CCN(CC3)[C@H]2C(c2ccccc2)c2ccccc2)c1,7.31875876262441
O=C(CN(N1CCN(Cc2ccccc2)CC1)N1CCN(Cc2ccccc2)CC1)N1CCN(Cc2cc(C(F)(F)F)cc(C(F)(F)F)c2)CC1c1ccccc1,7.31875876262441
COc1ccccc1CC(=O)N1CCC(CCN2CCC(C(N)=O)(c3ccccc3)CC2)(c2ccc(Cl)c(Cl)c2)C1,7.31695296176115
COc1ccccc1C1=CC2(CCCNC2c2ccccc2)OC1,7.30980391997149
COc1ccccc1CN[C@H]1CCCN[C@H]1C(c1ccccc1)c1ccccc1,7.30980391997149
N[C@H](COCc1cc(Cl)cc(Cl)c1)c1ccccc1,7.30980391997149
Clc1cncc(Cl)c1N/N=C/c1ccccc1-c1ccccc1Br,7.30980391997149
COCO/N=C(\COCc1cc(C(F)(F)F)cc(C(F)(F)F)c1)C(CCN1CCC(O)(c2ccccc2)CC1)c1ccc(Cl)c(Cl)c1,7.30980391997149
CO/N=C(\COCc1cc(C(F)(F)F)cc(C(F)(F)F)c1)C(CCN1CCC(CN2CCCC(CO)C2)CC1)c1ccc(Cl)c(Cl)c1,7.30102999566398
CO/N=C(\CNCc1cc(C(F)(F)F)cc(C(F)(F)F)c1)C(CCN1CCC(O)(c2ccccc2)CC1)c1ccc(Cl)c(Cl)c1,7.30102999566398
O=C(NCc1cc(C(F)(F)F)cc(C(F)(F)F)c1)[C@@H](CCN1CCC2(C=Cc3ccccc32)CC1)c1ccc(F)cc1,7.30102999566398
CN1C(=O)OC2(CCN(CCC[C@@H](C(=O)N(C)[C@@H](Cc3ccccc3)C(=O)NCCN)c3ccc(Cl)c(Cl)c3)CC2)c2cc(F)ccc21,7.29998893767789
Fc1ccc(N(CCCc2cc(C(F)(F)F)cc(C(F)(F)F)c2)C2CCNCC2)cc1,7.29998893767789
Cc1cc(F)ccc1C1CNCC2CN(Cc3cc(C(F)(F)F)cc(C(F)(F)F)c3)C(=O)N21,7.29998893767789
COc1ccc(C(COCc2cc(C(F)(F)F)cc(C(F)(F)F)c2)N2CCNCC2)cc1,7.29998893767789
CN(Cc1cc(C(F)(F)F)cc(C(F)(F)F)c1)C(=O)c1ccccc1-c1ccccc1,7.29242982390206
CN(C)CCCOc1ccccc1CC(=O)N1CC2C(=O)CSC(c3ccccc3)(c3ccccc3)C2C1,7.29242982390206
COc1ccccc1CNCC(Cc1c[nH]c2ccccc12)NC(=O)CN1CCN(c2ccccc2)CC1,7.29242982390206
CN1CCC(COCc2cc(C(F)(F)F)cc(Cl)n2)(c2ccccc2F)CC1,7.2839966563652
CN(Cc1cc(C(F)(F)F)cc(C(F)(F)F)c1)C(=O)c1c(CBr)nc2ccccc2c1-c1ccccc1,7.2839966563652
CN(Cc1cc(C(F)(F)F)cc(C(F)(F)F)c1)C(=O)c1c(-c2ccccc2)ccnc1CCl,7.2839966563652
Cc1cc(C)cc(C(=O)N2CC[C@H](NCc3ccnc4ccccc34)C[C@H]2Cc2cc(Br)cc(Br)c2)c1,7.2839966563652
CC(=O)Nc1nc(CN2CCC(NCC(=O)N3CCN(C(=O)c4cc(C)cc(C)c4)C[C@H]3c3ccc(Cl)c(Cl)c3)CC2)cs1,7.2839966563652
CC(=O)N[C@@H](Cc1c[nH]c2ccccc12)C(=O)OCc1cc(C)cc(C)c1,7.2800061736324
FC(F)(F)c1cccc(CO[C@H]2C3CCN(CC3)[C@H]2C(c2ccccc2)c2ccccc2)c1,7.27572413039921
CO/N=C(\COCc1cc(C(F)(F)F)cc(C(F)(F)F)c1)C(CCN1CCN(C2CCCCC2)CC1)c1ccc(Cl)c(Cl)c1,7.27572413039921
Cc1nc(N2CCN(C)CC2)cc(-c2ccccc2)c1C(=O)NCc1cc(C(F)(F)F)cc(C(F)(F)F)c1,7.27572413039921
Cc1c(C(=O)N(C)Cc2cc(C(F)(F)F)cc(C(F)(F)F)c2)c(-c2ccccc2)cc2nncn12,7.27572413039921
CO/N=C(\COCc1cc(OC)c(OC)c(OC)c1)C(CCN1CCC(O)(c2ccccc2)CC1)c1ccc(Cl)c(Cl)c1,7.27572413039921
Cc1cc2c(-c3ccccc3)c(NC(=O)N(C)Cc3cc(C(F)(F)F)cc(C(F)(F)F)c3)n(C)c(=O)c2cc1C,7.26760624017703
CN(Cc1ccc(Cl)c(Cl)c1)CC(NCc1ccccc1)C(=O)N1CCC2(CC1)CN(S(C)(=O)=O)c1ccccc12,7.26760624017703
O=C(c1cccc(Cl)c1)N1CC[C@H](NCc2ccnc3ccccc23)C[C@H]1Cc1ccccc1,7.26760624017703
CN(Cc1ccccc1)C(=O)[C@H](Cc1ccccc1)NC(=O)[C@@H](Cc1cn(C=O)c2ccccc12)NC(=O)C[C@@H]1NC(=O)[C@@H]2C3CCC(CC3)N2C1=O,7.26760624017703
CCCCCN(CCCCC)C(=O)N1CCN(C(=O)N(c2ccccc2)c2ccccc2)[C@H](C(=O)NCCN(C)C)C1,7.25963731050576
Cc1cc(C)cc(COCC(NC(C)C)C(c2ccccc2)c2ccccc2)c1,7.25963731050576
CC(C)(C)c1cccc(COCC2(c3ccccc3)CCNCC2)c1,7.25963731050576
Cc1ccc(-c2c(C(=O)N(C)Cc3cc(C(F)(F)F)cc(C(F)(F)F)c3)c3nnnn3c3ccccc23)cc1,7.25963731050576
Cc1cc(C)cc(COC[C@@H](N)c2ccccc2)c1,7.25963731050576
Cc1cccc(CNC(COCc2ccccc2)C(=O)N2CCC3(CC2)CN(S(C)(=O)=O)c2ccccc23)c1,7.25963731050576
COc1cccc(CN2CCC(=O)C(C(c3ccc(F)cc3)c3ccc(F)cc3)C2)c1OC,7.25963731050576
Cn1c(-c2ccc(Cl)cc2)c(CCC(=O)N2CCC(CO)(c3ccccc3)CC2)c2cc(Cl)ccc21,7.25963731050576
COc1cccc(COC2C3CCN(CC3)C2C(c2ccccc2)c2ccccc2)c1,7.2518119729938
CN(Cc1ccccc1)C(=O)[C@H](Cc1c[nH]c2ccccc12)NC(=O)N1CCC2(CCc3ccccc32)CC1,7.2518119729938
CN(Cc1cc(C(F)(F)F)cc(C(F)(F)F)c1)C(=O)CC(c1ccccc1)c1ccccc1,7.2518119729938
COc1ccc(CNC(COCc2ccccc2)C(=O)N2CCC3(CC2)CN(S(C)(=O)=O)c2ccccc23)cc1,7.24412514432751
Cc1c(C(=O)N(C)Cc2cc(C(F)(F)F)cc(C(F)(F)F)c2)c(-c2ccccc2)cc2nnnn12,7.24412514432751
FC(F)(F)c1cccc(COCC2(c3ccccc3)CCNCC2)c1,7.24412514432751
CC/C=C(\COCc1cc(C(F)(F)F)cc(C(F)(F)F)c1)C(CCN1CCC(O)(c2ccccc2)CC1)c1ccc(Cl)c(Cl)c1,7.24412514432751
O=C1CC(COCc2cc(C(F)(F)F)cc(C(F)(F)F)c2)(c2ccccc2)CCN1,7.24412514432751
CCCCCN(CCCCC)C(=O)N1CCN(C(=O)N(c2ccccc2)c2ccccc2)[C@H](C(=O)NCCN)C1,7.24412514432751
Clc1ccccc1CNC1C2CC3CCCC(C2)N3[C@H]1C(c1ccccc1)c1ccccc1,7.23657200643706
CO/N=C(\CN(C)C(=O)c1ccccc1OC)C(CCN1CCC(O)(c2ccccc2)CC1)c1ccc(Cl)c(Cl)c1,7.23657200643706
CS(=O)(=O)N1CC2(CCN(C(=O)C(COCc3ccccc3)NCc3cccc(Cl)c3)CC2)c2ccccc21,7.23657200643706
Fc1ccc(C2CCN([C@H]3CC[C@@](COCc4cc(C(F)(F)F)cc(C(F)(F)F)c4)(c4ccccc4)CC3)CC2)cc1,7.22914798835786
FC(F)(F)c1cc(CO[C@@H]2OCCN[C@@H]2c2ccccc2)cc(C(F)(F)F)c1,7.22914798835786
O=C(Cc1ccccc1)N[C@H]1CCN(C(=O)c2cc(Cl)cc(Cl)c2)[C@H](Cc2ccccc2)C1,7.22184874961636
CC(=O)NCCCCCOC[C@H]1O[C@@H](OCCc2c[nH]c3ccccc23)[C@H](OCc2ccccc2)[C@@H](OCc2ccccc2)[C@@H]1OCc1ccccc1,7.22184874961636
CS(=O)(=O)N1CC2(CCN(C(=O)C(COCc3ccccc3)NCc3cccc(Br)c3)CC2)c2ccccc21,7.22184874961636
CS(=O)(=O)NC(=O)[C@H](Cc1ccccc1)NC(=O)OCc1ccccc1,7.21752737583371
CO/N=C(\COCc1cc(C(F)(F)F)cc(C(F)(F)F)c1)C(CCN1CCN(C)CC1)c1ccc(Cl)c(Cl)c1,7.21467016498923
COc1ccccc1C(CNC(=O)Cc1cc(C)cc(C)c1)N1CCC(N2CCCCC2)CC1,7.21467016498923
CN(c1ccccc1C1CCN(C(=O)[C@H](COCc2ccc(Cl)c(Cl)c2)NCc2ccccc2)CC1)S(C)(=O)=O,7.21467016498923
CO/N=C(\COCc1cc(C(F)(F)F)cc(C(F)(F)F)c1)C(CCN1CCN(CC(=O)NC2CC2)CC1)c1ccc(Cl)c(Cl)c1,7.20760831050175
CC(=O)N1CCC(C(=O)N2CC[C@@H](N(C)C(=O)c3ccc(C4CC4)cc3)[C@H](c3ccc(Cl)c(Cl)c3)C2)CC1,7.20760831050175
NCC(=O)N[C@H]1CCN(C(=O)c2cc(C(F)(F)F)cc(C(F)(F)F)c2)[C@H](Cc2ccccc2)C1,7.20760831050175
c1ccc(Oc2cccc(COC3C4CCN(CC4)C3C(c3ccccc3)c3ccccc3)c2)cc1,7.20760831050175
CN(Cc1cc(C(F)(F)F)cc(C(F)(F)F)c1)C(=O)[C@H]1CN(CC2CCCCC2)C[C@@H]1c1ccccc1,7.20760831050175
Clc1cccc(COC2C3CCN(CC3)C2C(c2ccccc2)c2ccccc2)c1,7.20760831050175
O=C(N[C@@H](Cc1c[nH]c2ccccc12)C(=O)OCc1cccc(C(F)(F)F)c1)c1ccccc1,7.20760831050175
CC(C)C[C@H](NC(=O)CNC(=O)OCc1ccccc1)C(=O)N1Cc2[nH]c3ccccc3c2C[C@H]1C(=O)OCc1cc(C(F)(F)F)cc(C(F)(F)F)c1,7.20065945054642
CS(=O)(=O)N1CC2(CCN(C(=O)[C@H](CS(=O)(=O)Cc3ccc(Cl)c(Cl)c3)NCc3ccccc3)CC2)c2ccccc21,7.20065945054642
CNC(=O)N1C(=O)N(Cc2cc(C(F)(F)F)cc(C(F)(F)F)c2)C(=O)C1Cc1c[nH]c2ccccc12,7.20065945054642
FC(F)(F)c1cc(CCCC2(c3ccccc3)CCNCC2)cc(C(F)(F)F)c1,7.20065945054642
CN1C(=O)OC2(CCN(CCC[C@@](C)(C(=O)N[C@H](Cc3ccccc3)C(=O)NCCN)c3ccc(Cl)c(Cl)c3)CC2)c2cc(F)ccc21,7.19997064075587
CCOC(=O)N1CCN(C(COCc2cc(C(F)(F)F)cc(C(F)(F)F)c2)c2ccccc2)CC1,7.19997064075587
FC(F)(F)c1cc(COCC(c2ccccc2)N2CCN(Cc3nn[nH]n3)CC2)cc(C(F)(F)F)c1,7.19997064075587
COc1cc(C(=O)N2CCC(CCN3CCC(C(N)=O)(c4ccccc4)CC3)(c3ccc(Cl)c(Cl)c3)C2)cc(OC)c1C,7.19314197048118
COc1cc(C(=O)N2CCC(CCN3CCC(C(N)=O)(c4ccccc4)CC3)(c3ccc(Cl)c(Cl)c3)C2)cc(OC)c1OC(C)C,7.18111458540599
O=C(O)CN1CCO[C@H](OCc2cc(C(F)(F)F)cc(C(F)(F)F)c2)[C@@H]1c1ccccc1,7.18045606445813
CN1CCC(COCc2cc(Cl)cc(C(F)(F)F)n2)(c2ccccc2)CC1,7.18045606445813
CCN(Cc1ccccc1)C(=O)Nc1c(-c2ccccc2)c2cc(C)c(C)cc2c(=O)n1C,7.18045606445813
COc1cc(CC(=O)N2CCC(CCN3CCC(C(N)=O)(c4ccccc4)CC3)(c3ccc(Cl)c(Cl)c3)C2)cc(OC)c1OC,7.1791420105603
FC(F)(F)c1ccccc1COC1C2CCN(CC2)C1C(c1ccccc1)c1ccccc1,7.17392519729917
O=C(O)[C@@H]1CC[C@H](OCc2cc(C(F)(F)F)cc(C(F)(F)F)c2)[C@H]1c1ccccc1,7.17392519729917
CC(=O)NC(Cc1c[nH]c2ccccc12)C(=O)OCc1cc(C)cc(C)c1,7.17392519729917
CC(=O)N1CCC(C(=O)N2CC[C@@H](N(C)C(=O)c3ccc(Br)cc3)C(c3ccc(Cl)c(Cl)c3)C2)CC1,7.17392519729917
c1ccc(CN[C@H]2C3CC4CCC(C3)N4[C@H]2C(c2ccccc2)c2ccccc2)cc1,7.16998906406388
CNc1ccccc1CN[C@H]1C2CCN(CC2)[C@H]1C(c1ccccc1)c1ccccc1,7.16998906406388
COc1ccccc1CN[C@H]1C2CCN(CC2)[C@H]1C(c1ccc(Cl)cc1)c1ccc(Cl)cc1,7.16941133131486
CN(Cc1cc(C(F)(F)F)cc(C(F)(F)F)c1)C(=O)Cc1c(-c2ccccc2)c2ccccc2c(=O)n1C,7.16749108729376
COC(=O)C(=O)N1CCC[C@H](OCc2cc(C(F)(F)F)cc(C(F)(F)F)c2)[C@@H]1c1ccccc1,7.16749108729376
c1ccc(CNC2C3CC4CCC(C3)N4[C@H]2C(c2ccccc2)c2ccccc2)cc1,7.16749108729376
CN(C(=O)C(C)(C)c1cc(C(F)(F)F)cc(C(F)(F)F)c1)c1ccccc1-c1ccccc1,7.16749108729376
CN(Cc1ccccc1)C(=O)[C@H](Cc1c[nH]c2ccccc12)NC(=O)N1CCC2(C=Cc3ccccc32)CC1,7.16749108729376
CO/N=C(\COCc1cc(C(F)(F)F)cc(C(F)(F)F)c1)C(CCN1CCC(CN2CCCC(Cc3ccccc3)C2=O)CC1)c1ccc(Cl)c(Cl)c1,7.16115090926274
COc1cc(OC)cc(C(=O)N2CCC(CCN3CCC(C(N)=O)(c4ccccc4)CC3)(c3ccc(Cl)c(Cl)c3)C2)c1,7.15552282425432
Cc1cc(C)cc(C(=O)N2CCN(C(=O)CNC3CCN(C(=O)[C@H](N)Cc4c[nH]c5ccccc45)CC3)[C@H](c3ccc(Cl)c(Cl)c3)C2)c1,7.15490195998574
CN(Cc1nn[nH]n1)[C@H](COCc1cc(C(F)(F)F)cc(C(F)(F)F)c1)c1ccccc1,7.15490195998574
CO/N=C(\COCc1cc(C(F)(F)F)cc(C(F)(F)F)c1)C(CCN1CCN(c2ncccn2)CC1)c1ccc(Cl)c(Cl)c1,7.15490195998574
CO/N=C(\COCc1ccc(F)c2ccccc12)C(CCN1CCC(O)(c2ccccc2)CC1)c1ccc(Cl)c(Cl)c1,7.15490195998574
CC(=O)N(C)C1CCN(CCC(C)(C(=O)N(C)Cc2ccccc2Cl)c2ccc(Cl)c(Cl)c2)CC1,7.14935376481693
COc1cccc(CNC(COCc2ccccc2)C(=O)N2CCC3(CC2)CN(S(C)(=O)=O)c2ccccc23)c1,7.14874165128092
O=C(Nc1ccccc1)N[C@H]1CCN(C(=O)c2cc(Cl)cc(Cl)c2)[C@H](Cc2ccccc2)C1,7.14266750356873
CCCCCN(CCCCC)C(=O)[C@@H]1CCN(C(=O)N(c2ccccc2)c2ccccc2)[C@H](C(=O)NCCN(C)Cc2ccccc2OC)C1,7.13667713987954
COc1ccccc1C(=O)N1CCC(CCN2CCC(C(N)=O)(c3ccccc3)CC2)(c2ccc(Cl)c(Cl)c2)C1,7.1331221856625
FC(F)(F)c1cc(COCC2(c3ccccc3)CCC(NC3CC3)CC2)cc(C(F)(F)F)c1,7.13076828026902
FC(F)(F)c1cc(Cl)cc(COCC2(c3ccccc3)CCNCC2)n1,7.13076828026902
FC(F)(F)c1cc(COC[C@@]2(c3ccccc3)CCCN(Cc3ccccc3)CC2)cc(C(F)(F)F)c1,7.13076828026902
O=C1NC2(CCN(S(=O)(=O)CCc3cccc4ccccc34)CC2)C(=O)N1Cc1cc(C(F)(F)F)cc(C(F)(F)F)c1,7.13000599987826
CO/N=C(\C(C)OCc1cc(C(F)(F)F)cc(C(F)(F)F)c1)C(CCN1CCC(O)(c2ccccc2)CC1)c1ccc(Cl)c(Cl)c1,7.1249387366083
NC(COCc1cccc(Cl)c1)C(c1ccccc1)c1ccccc1,7.1249387366083
c1ccc(CO[C@H]2C3CCN(CC3)[C@H]2C(c2ccccc2)c2ccccc2)cc1,7.11998716163323
Cc1noc(C)c1S(=O)(=O)N1CCC2(CC1)C1C(=O)N(c3ccccc3)C(=O)C1CN2C(=O)c1cc(C(F)(F)F)cc(C(F)(F)F)c1,7.11998716163323
N[C@H](COCc1cccc(Cl)c1)C(c1ccccc1)c1ccccc1,7.11998716163323
COc1ccc(CN2CCC(=O)C(C(c3ccc(F)cc3)c3ccc(F)cc3)C2)cc1,7.11350927482752
CC(=O)NC1(c2ccccc2)CCN(C(=O)N[C@@H](Cc2c[nH]c3ccccc23)C(=O)N(C)Cc2ccccc2)CC1,7.11350927482752
NC(COCc1cccc(I)c1)C(c1ccccc1)c1ccccc1,7.11350927482752
CN(Cc1ccccc1)C(=O)[C@H](Cc1ccccc1)NC(=O)[C@@H]1CCCN1/C(S)=N/Cc1ccccc1[N+](=O)[O-],7.11013827874181
CC(=O)N1CCC(C(=O)N2CC[C@@H](N(C)C(=O)c3ccc(Cl)cc3)[C@H](c3ccc(Cl)c(Cl)c3)C2)CC1,7.10790539730952
CN(Cc1ccccc1)C(=O)[C@H](Cc1ccccc1)NC(=O)[C@@H]1CCCN1/C(S)=N/Cc1cc(C(F)(F)F)cc(C(F)(F)F)c1,7.10457745396059
CS(=O)(=O)N1CC2(CCN(C(=O)C(COCc3ccccc3)NCc3cc(Cl)cc(Cl)c3)CC2)c2ccccc21,7.10237290870956
CN(C(=O)c1ccc(Cl)cc1)[C@@H]1CCN(C(=O)C2CCN(C(=O)CO)CC2)C[C@H]1c1ccc(Cl)c(Cl)c1,7.10237290870956
Cc1cccc(CN(C(=O)COc2cc(C(F)(F)F)cc(C(F)(F)F)c2)C2CCNCC2)c1,7.10001543745061
Fc1ccc(C(COCc2cc(C(F)(F)F)cc(C(F)(F)F)c2)N2CCNCC2)cc1,7.10001543745061
CN(CCN1CCOCC1)C(=O)[C@@H](NC(=O)C(C)(C)c1cc(C(F)(F)F)cc(C(F)(F)F)c1)c1ccccc1,7.10001543745061
Cc1cc(C)cc(COCC(N)C2c3ccccc3C=Cc3ccccc32)c1,7.09691001300806
CS(=O)(=O)N1CC2(CCN(C(=O)C(COCc3ccccc3)NCc3ccccc3)CC2)c2ccccc21,7.09691001300806
CC(=O)N1CCC(C(=O)N2CC[C@@H](N(C)C(=O)c3ccc(C(F)(F)F)cc3)[C@H](c3ccc(Cl)c(Cl)c3)C2)CC1,7.09691001300806
CN(Cc1ccccc1)C(=O)[C@H](Cc1ccccc1)NC(=O)[C@@H]1CCCN1C(=S)Nc1ccccc1,7.09691001300806
Clc1ccccc1COC1C2CCN(CC2)C1C(c1ccccc1)c1ccccc1,7.09691001300806
COc1ccccc1CN(C[C@H](Cc1c[nH]c2ccccc12)NC(=O)CN1CCN(C2CCCCC2)CC1)C(C)=O,7.09205147838773
O=C(Cc1cc(C(F)(F)F)cc(C(F)(F)F)c1)NCC(Cc1ccccc1)N1CCC(N2CCCCC2)CC1,7.09151498112135
CCO/N=C(\COCc1cc(C(F)(F)F)cc(C(F)(F)F)c1)C(CCN1CCC(O)(c2ccccc2)CC1)c1ccc(Cl)c(Cl)c1,7.09151498112135
CO/N=C(\COc1cc(C(F)(F)F)cc(C(F)(F)F)c1)C(CCN1CCC(O)(c2ccccc2)CC1)c1ccc(Cl)c(Cl)c1,7.09151498112135
Cc1cc(C)cc(COC[C@@H](Nc2ccccc2)C(c2ccccc2)c2ccccc2)c1,7.09001630506016
COc1ccccc1-c1[nH]c2ccc(C)cc2c1CCC(=O)N1CCN(c2ccccc2OC)CC1,7.08618614761628
Fc1ccc(C2CCN([C@H]3CC[C@@](CNCc4cc(C(F)(F)F)cc(C(F)(F)F)c4)(c4ccccc4)CC3)CC2)cc1,7.08618614761628
CO/N=C(\COCc1cc(C(F)(F)F)cc(C(F)(F)F)c1)C(CCN1CCN(CC(=O)N(C(C)C)C(C)C)CC1)c1ccc(Cl)c(Cl)c1,7.08618614761628
Cc1cc(C)cc(COCC(NCc2ccccc2)C(c2ccccc2)c2ccccc2)c1,7.08618614761628
CO/N=C(\COCc1cc(C(F)(F)F)cc(C(F)(F)F)c1)C(CCN1CCN(CC(=O)N2CCCCC2)CC1)c1ccc(Cl)c(Cl)c1,7.08618614761628
CN(C)c1ccccc1CC(=O)N1CC2C(=O)CSC(c3ccccc3)(c3ccccc3)C2C1,7.08092190762393
FC(F)(F)c1ccccc1COCC1(c2ccccc2)CCNCC1,7.07572071393812
CN(C(=O)c1ccc(Br)cc1)[C@@H]1CCN(C(=O)C2CCN(C(=O)CO)CC2)C[C@H]1c1ccc(Cl)c(Cl)c1,7.07572071393812
O=C(O)CN1CCC[C@H](OCc2cc(C(F)(F)F)cc(C(F)(F)F)c2)[C@@H]1c1ccccc1,7.07058107428571
CCN(Cc1ccccc1OC)CC(Cc1c[nH]c2ccccc12)NC(=O)CN1CCN(c2ccccc2)CC1,7.07058107428571
CN(Cc1ccccc1)C(=O)[C@H](Cc1ccccc1)NC(=O)[C@@H](Cc1cn(C(=O)CCC(=O)O)c2ccccc12)NC(=O)C[C@@H]1NC(=O)[C@@H]2C3CCC(CC3)N2C1=O,7.07058107428571
O=C(Cc1cc(C(F)(F)F)cc(C(F)(F)F)c1)N[C@]1(c2ccccc2)CC[C@@H](N2CCC(c3ccc(F)cc3)CC2)CC1,7.07058107428571
CN(C(=O)c1cc(C(F)(F)F)cc(C(F)(F)F)c1)[C@H](/C=C/C(=O)N[C@H]1CCCCNC1=O)Cc1ccc(Cl)cc1,7.06550154875643
N#Cc1ccccc1COC1C2CCN(CC2)C1C(c1ccccc1)c1ccccc1,7.06550154875643
COc1ccc(CN[C@H]2C3CCCN(CC3)[C@H]2C(c2ccccc2)c2ccccc2)c(OC)c1,7.06398920428479
COC(=O)N[C@@H](Cc1c[nH]c2ccccc12)C(=O)OCc1cc(C)cc(C)c1,7.06048074738138
COc1ccccc1N1CCN(C(=O)CCc2c(-c3ccccc3)[nH]c3ccc(F)cc23)CC1,7.06048074738138
FC(F)(F)c1cc(C2OC2[C@@H]2OCCN[C@@H]2c2ccccc2)cc(C(F)(F)F)c1,7.06048074738138
CS(=O)(=O)N1CC2(CCN(C(=O)C(COCc3ccccc3)NS(=O)(=O)c3ccc(Cl)c(Cl)c3)CC2)c2ccccc21,7.05551732784983
O=C1NC[C@](COCc2cc(C(F)(F)F)cc(C(F)(F)F)c2)(c2ccc(F)cc2)N1,7.05060999335509
COc1ccccc1N1CCN(C(=O)CCc2c(-c3ccccc3Br)[nH]c3ccc(C)cc23)CC1,7.05060999335509
COc1cc(COCC2(c3ccccc3)CCNCC2)cc(OC)c1,7.04575749056068
Cc1nc(Cl)cc(-c2ccccc2)c1C(=O)N(C)Cc1cc(C(F)(F)F)cc(C(F)(F)F)c1,7.04095860767891
Cc1cc(C)cc(C(=O)N2CCN(C(=O)CNC3CCN(Cc4ncc[nH]4)CC3)[C@H](c3ccc(Cl)c(Cl)c3)C2)c1,7.03621217265444
COc1cc(OC)cc(C(=O)N2CC[C@H](NCc3ccnc4ccccc34)C[C@H]2Cc2ccccc2)c1,7.03621217265444
CO/N=C(\CCCc1cc(C(F)(F)F)cc(C(F)(F)F)c1)C(CCN1CCC(O)(c2ccccc2)CC1)c1ccc(Cl)c(Cl)c1,7.03621217265444
Cc1cc(C)cc(COCC(NCC2CC2)C(c2ccccc2)c2ccccc2)c1,7.03151705144607
O=C(c1ccccc1)N1CCN(C(=O)CNC2CCN(Cc3ccccc3)CC2)C(c2ccc(Cl)c(Cl)c2)C1,7.03151705144607
Cc1cc(C)cc(COCC(N)C2c3ccccc3CCc3ccccc32)c1,7.03151705144607
C[C@H](OC[C@@]1(c2ccccc2)CNC(=O)N1)c1cc(C(F)(F)F)cc(C(F)(F)F)c1,7.03151705144607
Clc1cncc(Cl)c1N/N=C/c1ccccc1-c1c(Cl)cccc1Cl,7.03151705144607
FC(F)(F)c1cc(COCC2(c3ccccc3)CCC(N3CCCCC3)CC2)cc(C(F)(F)F)c1,7.03151705144607
Fc1ccccc1COC1C2CCN(CC2)C1C(c1ccccc1)c1ccccc1,7.03151705144607
CO/N=C(\COCc1cc(F)cc(C(F)(F)F)c1)C(CCN1CCC(O)(c2ccccc2)CC1)c1ccc(Cl)c(Cl)c1,7.01772876696043
COc1ccccc1N1CCN(C(=O)CCc2c(-c3ccc(Cl)cc3)n(Cc3ccccc3)c3ccc(Cl)cc23)CC1,7.01772876696043
O=C1CCN(Cc2ccccc2)CC1C(c1ccc(Cl)cc1)c1ccc(Cl)cc1,7.01322826573376
O=C1CCN(Cc2ccccc2)CC1C(c1ccc(F)cc1)c1ccc(F)cc1,7.01322826573376
O=C1CCN(Cc2ccccc2)CC1C(c1ccccc1)c1ccccc1,7.01322826573376
COc1ccc(COC(=O)N[C@](C)(Cc2c[nH]c3ccccc23)C(=O)N[C@@H](C)c2ccccc2)cc1OC,7.0100165416986
Cc1nccc(-c2ccccc2)c1C(=O)N(C)Cc1cc(C(F)(F)F)cc(C(F)(F)F)c1,7.00877392430751
Fc1ccc([C@@H]2NCCOC23COC[C@H](c2ccccc2)C3)cc1,7.00436480540245
COc1ccccc1COC(=O)[C@H](Cc1c[nH]c2ccccc12)NC(=O)c1ccccc1,7.0
C=C1CN2CCC[C@H](NCc3ccccc3OC)[C@@]2(c2ccccc2)C1,7.0
COc1ccccc1CNCC1(c2ccccc2)CCNCC1,7.0
COc1ccccc1CN[C@H]1CCCN2CCC[C@]12c1ccccc1,7.0
CC(C)(C)c1cc(COCC(c2ccccc2)N2CCNCC2)cc(C(C)(C)C)c1,7.0
Cc1cc(F)ccc1[C@@H]1CN(C(=O)C(N)=O)CC[C@H]1C(=O)N(C)Cc1cc(C(F)(F)F)cc(C(F)(F)F)c1,7.0
C=CCO/N=C(\COCc1cc(C(F)(F)F)cc(C(F)(F)F)c1)C(CCN1CCC(O)(c2ccccc2)CC1)c1ccc(Cl)c(Cl)c1,7.0
COc1ccc(-n2nnnc2C(F)(F)F)cc1CN[C@@H]1CCN(C(=O)CNC(C)=O)C[C@@H]1c1ccccc1,7.0
CC(C)(C(=O)N[C@H](C(=O)NCCN1CCOCC1)c1ccccc1)c1cc(C(F)(F)F)cc(C(F)(F)F)c1,7.0
Clc1ccc(COCC(c2ccccc2)N2CCNCC2)cc1Cl,7.0
O=C(NCc1cc(C(F)(F)F)cc(C(F)(F)F)c1)[C@@H](NCCN1CCCCC1)c1ccsc1,7.0
N[C@H]1CC[C@@H](OCc2cc(C(F)(F)F)cc(C(F)(F)F)c2)[C@@H]1c1ccccc1,7.0
O=C(CCc1cc(C(F)(F)F)cc(C(F)(F)F)c1)N(Cc1ccccc1Cl)C1CCNCC1,7.0
CO/N=C(\COCc1noc(C(C)(C)C)n1)C(CCN1CCC(O)(c2ccccc2)CC1)c1ccc(Cl)c(Cl)c1,7.0
O=C(COc1cc(Cl)cc(Cl)c1)N(c1ccc(Cl)c(Cl)c1)C1CCNCC1,7.0
Cc1cc(C)cc(OCC(=O)N(Cc2cccc(Cl)c2)C2CCNCC2)c1,7.0
Cc1cc(C)cc(C(=O)N2CC[C@H](NCc3ccnc4ccccc34)C[C@H]2Cc2ccc(C(N)=O)cc2)c1,7.0
CS(=O)(=O)N1CC2(CCN(C(=O)C(COCc3ccccc3)NCc3ccc(Cl)cc3Cl)CC2)c2ccccc21,7.0
CN(C)CCO/N=C(\COCc1cc(C(F)(F)F)cc(C(F)(F)F)c1)C(CCN1CCC(O)(c2ccccc2)CC1)c1ccc(Cl)c(Cl)c1,6.98716277529483
CNC(=O)N[C@@H](Cc1c[nH]c2ccccc12)C(=O)OCc1cc(C)cc(C)c1,6.98716277529483
FC(F)(F)c1cc(COC2C3CCN(CC3)C2Cc2ccccc2)cc(C(F)(F)F)c1,6.98716277529483
COc1ccccc1N1CCN(C(=O)CCc2c(-c3ccc(Cl)cc3)n(CC3CC3)c3ccc(Cl)cc23)CC1,6.98716277529483
Fc1ccc(F)c(COC2C3CCN(CC3)C2C(c2ccccc2)c2ccccc2)c1,6.97469413473523
COc1cccc(C(=O)N2CCC(CCN3CCC(C(N)=O)(c4ccccc4)CC3)(c3ccc(Cl)c(Cl)c3)C2)c1,6.97061622231479
Cc1cc(C)cc(COC2C3CCN(CC3)C2Cc2ccccc2)c1,6.97061622231479
N#Cc1cccc(CN2CCC3(CC2)NC(=O)N(Cc2cc(C(F)(F)F)cc(C(F)(F)F)c2)C3=O)c1,6.97000782462215
O=C(c1ccccc1)N1CCCC(CCCN2CCC3(CC2)CN(c2ccccc2)NC3=O)(c2ccc(Cl)c(Cl)c2)C1,6.96657624451305
CN1CCCC[C@](COCc2cc(C(F)(F)F)cc(C(F)(F)F)c2)(c2ccccc2)C1,6.95860731484178
FC(F)(F)c1cc(CO[C@H]2CCCN(Cc3ccccc3)[C@H]2c2ccccc2)cc(C(F)(F)F)c1,6.95860731484178
O=C(c1cccc2ccccc12)N1CC[C@H](NCc2ccnc3ccccc23)C[C@H]1Cc1ccccc1,6.95860731484178
c1ccc(COC2C3CCN(CC3)C2C(c2ccccc2)c2ccccc2)cc1,6.95860731484178
COc1ccc(OC)c(C(CNC(=O)Cc2cc(C(F)(F)F)cc(C(F)(F)F)c2)N2CCC(N3CCCCC3)CC2)c1,6.95860731484178
CN(Cc1c(-c2ccccc2)c2ccccc2c(=O)n1C)C(=O)Cc1cc(C(F)(F)F)cc(C(F)(F)F)c1,6.95860731484178
CN(Cc1ccccc1)C(=O)Nc1c(-c2ccccc2)c2ccccc2c(=O)n1C,6.95860731484178
O=C(CC(c1ccccc1)c1ccccc1)NCCc1cc(C(F)(F)F)cc(C(F)(F)F)c1,6.95078197732982
COc1cc(C(=O)N2CCN(C(=O)CNC3CCN(Cc4ccccc4)CC3)C(c3ccc(Cl)c(Cl)c3)C2)cc(OC)c1OC,6.95078197732982
CO/N=C(\COCc1cc(C(F)(F)F)cc(C(F)(F)F)c1)C(CCN1CCC(CNC(=O)c2ccccc2)CC1)c1ccc(Cl)c(Cl)c1,6.95078197732982
CO/N=C(\COCc1cc(F)cc(F)c1)C(CCN1CCC(O)(c2ccccc2)CC1)c1ccc(Cl)c(Cl)c1,6.94692155651658
CO/N=C(\COCc1cc(C(F)(F)F)cc(C(F)(F)F)c1)C(CCN1CCN(CC(=O)N(C)C2CCCCC2)CC1)c1ccc(Cl)c(Cl)c1,6.94692155651658
CN(CC(c1ccccc1)c1ccccc1)C(=O)Cc1cc(C(F)(F)F)cc(C(F)(F)F)c1,6.94309514866353
CO/N=C(\COCc1ccccn1)C(CCN1CCC(O)(c2ccccc2)CC1)c1ccc(Cl)c(Cl)c1,6.93930215964639
CCOC(=O)C1CCCN(C2CCN(CCC(/C(COCc3cc(C(F)(F)F)cc(C(F)(F)F)c3)=N/OC)c3ccc(Cl)c(Cl)c3)CC2)C1,6.93181413825384
FC(F)(F)c1cc(COCC2(c3ccccc3)CCC(N3CCCC3)CC2)cc(C(F)(F)F)c1,6.92081875395238
CN1CCN(C2CCC(COCc3cc(C(F)(F)F)cc(C(F)(F)F)c3)(c3ccccc3)CC2)CC1,6.92081875395238
CCOC(=O)N(c1ccccc1)C1CCN(CCn2c(=O)n(C3CC3)c3ccccc32)CC1,6.92081875395238
Cc1cc(C)cc(COC2/C(=C\c3ccccc3)N3CCC2CC3)c1,6.92081875395238
CS(=O)(=O)N1CC2(CCN(C(=O)C(COCc3ccccc3)NCc3cccc([N+](=O)[O-])c3)CC2)c2ccccc21,6.92081875395238
NCCCCCOC[C@H]1O[C@@H](OCCc2c[nH]c3ccccc23)[C@H](OCc2ccccc2)[C@@H](OCc2ccccc2)[C@@H]1OCc1ccccc1,6.92081875395238
O=C(OC[C@]1(c2ccccc2)CC[C@H](N2CCC(c3ccc(F)cc3)CC2)CC1)c1cc(C(F)(F)F)cc(C(F)(F)F)c1,6.92081875395238
CN(C(=O)CC(c1ccccc1)c1ccccc1)c1cc(C(F)(F)F)cc(C(F)(F)F)c1,6.91721462968355
Cc1cc(C)cc(COC(=O)[C@H](Cc2c[nH]c3ccccc23)[N+](C)(C)C)c1,6.90308998699194
FC(F)(F)c1cc(CO[C@@H]2C3CCN(CC3)[C@H]2C(c2ccccc2)c2ccccc2)cc(C(F)(F)F)c1,6.90308998699194
CO/N=C(\COCc1cc(C(F)(F)F)cc(C(F)(F)F)c1)C(CCN1CCN(CC(=O)Nc2ccccc2)CC1)c1ccc(Cl)c(Cl)c1,6.90308998699194
CO/N=C(\COCc1cc(C(F)(F)F)cc(C(F)(F)F)c1)C(CCN1CCN(CC(=O)N2CCc3ccccc3C2)CC1)c1ccc(Cl)c(Cl)c1,6.90308998699194
O=C(COc1cc(C(F)(F)F)cc(C(F)(F)F)c1)N(Cc1ccccc1Cl)C1CCNCC1,6.90000876645532
O=C(COc1cc(Cl)cc(Cl)c1)N(Cc1cccc(Cl)c1)C1CCNCC1,6.90000876645532
Fc1ccc(CN(CCCc2cc(C(F)(F)F)cc(C(F)(F)F)c2)C2CCNCC2)cc1,6.90000876645532
CN1C(=O)OC2(CCN(CC[C@@H](C(=O)N(C)[C@@H](Cc3ccccc3)C(=O)NCCN)c3ccc(Cl)c(Cl)c3)CC2)c2cc(F)ccc21,6.90000876645532
O=C1C[C@@H](NC(=O)CN2CCC(N3CCOCC3)CC2)C(=O)NC[C@@H](Cc2ccccc2)NC(=O)[C@H](Cc2ccccc2)NC(=O)[C@H](Cc2c[nH]c3ccccc23)N1,6.90000876645532
CN(Cc1ccccc1)C(=O)[C@H](Cc1ccccc1)NC(=O)[C@@H]1CCCC[C@@H]1NC(=O)c1c[nH]c2ccccc12,6.90000876645532
CN1C(=O)OC2(CCN(CC[C@@](C)(C(=O)N[C@@H](Cc3ccccc3)C(=O)NCCN)c3ccc(Cl)c(Cl)c3)CC2)c2cc(F)ccc21,6.90000876645532
COc1cc(COCC(c2ccccc2)N2CCNCC2)cc(OC)c1OC,6.90000876645532
CC(=O)N(CCc1ccccc1)CC(Cc1c[nH]c2ccccc12)NC(=O)CN1CCN(c2ccccc2)CC1,6.89962945488244
N#Cc1cccc(COC2C3CCN(CC3)C2C(c2ccccc2)c2ccccc2)c1,6.89619627904404
CN(Cc1ccccc1)C(=O)[C@H](Cc1ccccc1)NC(=O)[C@@H](Cc1cn(C)c2ccccc12)NC(=O)C[C@@H]1NC(=O)[C@@H]2C3CCC(CC3)N2C1=O,6.89619627904404
COc1ccc(C(=O)N2CCC(CCN3CCC(C(N)=O)(c4ccccc4)CC3)(c3ccc(Cl)c(Cl)c3)C2)c(OC)c1,6.89619627904404
Cc1cc(C)cc(CO[C@@H]2/C(=C\c3ccccc3)N3CCC2CC3)c1,6.89001670518011
CCCCCN(CCCCC)C(=O)N1CCN(C(=O)N(c2ccccc2)c2ccccc2)[C@H](C(=O)O)C1,6.88605664769316
COc1ccccc1C(CNC(=O)Cc1cc(C(F)(F)F)cc(C(F)(F)F)c1)N1CCC(O)(c2ccccc2)CC1,6.88605664769316
CC(=O)NC1(c2ccccc2)CCN(C[C@@H]2C[C@@]2(C(=O)N(C)Cc2ccccc2)c2ccc(Cl)c(Cl)c2)CC1,6.88605664769316
O=C(NCc1cc(C(F)(F)F)cc(C(F)(F)F)c1)C1(c2ccccc2)CCNCC1,6.88605664769316
Cc1ccc(-c2c(C(=O)N(C)[C@H](C)c3ccccc3)n(C)c(=O)c3ncccc23)cc1,6.88605664769316
COc1ccccc1C(CNC(=O)Cc1cccc(OC(C)C)c1)N1CCN(C2CCCCC2)CC1,6.88605664769316
Cc1cc(C)cc(C(=O)N2CC[C@@H](NCc3ccnc4ccccc34)C[C@@H]2Cc2ccccc2)c1,6.88605664769316
O=C(Cc1cc(C(F)(F)F)cc(C(F)(F)F)c1)NCC(C(c1ccccc1)c1ccccc1)N1CCC(N2CCCCC2)CC1,6.88605664769316
CSc1ccc(N2C(=O)NC3(CCN(C(=O)c4cc(C(F)(F)F)cc(C(F)(F)F)c4)CC3)C2=O)cc1,6.87998574792193
Cc1cc(C)cc(COC(=O)[C@H](Cc2c[nH]c3ccccc23)NC(=O)OC(C)(C)C)c1,6.87614835903291
c1ccc([C@H]2COC3(CCCN[C@H]3c3ccccc3)C2)cc1,6.87614835903291
COc1cc(C)cc(COC[C@@H](N)c2ccccc2)c1,6.86966623150499
CN1CCN(C(=O)CNC2CCN(Cc3ccccc3)CC2)C(c2ccccc2)C1,6.86966623150499
CO/N=C(\COCc1cc(C(F)(F)F)cc(C(F)(F)F)c1)C(CCN1CCN(CC(=O)NC2CCc3ccccc32)CC1)c1ccc(Cl)c(Cl)c1,6.86646109162978
CO/N=C(\COCc1cc(C(F)(F)F)cc(C(F)(F)F)c1)C(CCN1CCN(CC(=O)N2CCCC3CCCCC32)CC1)c1ccc(Cl)c(Cl)c1,6.86646109162978
O=C(Cc1cc(C(F)(F)F)cc(C(F)(F)F)c1)N1CCN(C(=O)CNC2CCN(Cc3ccccc3)CC2)C(c2ccccc2)C1,6.86646109162978
CC(C)Oc1cccc(CC(=O)N2CCC(CCN3CCC(C(N)=O)(c4ccccc4)CC3)(c3ccc(Cl)c(Cl)c3)C2)c1,6.86012091359876
CC(=O)N[C@@H](Cc1ccc2ccccc2c1)C(=O)OCc1cc(C)cc(C)c1,6.86012091359876
O=C(c1cc(C(F)(F)F)cc(C(F)(F)F)c1)N1CCC2(CC1)NC(=O)N(Cc1cccc(-c3ccccc3)c1)C2=O,6.85999504938055
CN(C(=O)c1ccc(C(F)(F)F)cc1)[C@@H]1CCN(C(=O)C2CCN(C(=O)CO)CC2)C[C@H]1c1ccc(Cl)c(Cl)c1,6.85387196432176
CCCCCN(CCCCC)C(=O)N1CCN(C(=O)N(c2ccccc2)c2ccccc2)[C@H](C(=O)NCCNC(C)=O)C1,6.85387196432176
COc1ccccc1CN[C@H]1C2CCN(CC2)[C@H]1c1ccccc1,6.85387196432176
CN(Cc1ccccc1)C(=O)[C@@H](Cc1ccc2ccccc2c1)N(C)C(=O)[C@H]1CCCN1C(=O)Nc1ccccc1[N+](=O)[O-],6.85387196432176
O=C(OCc1cc(C(F)(F)F)cc(C(F)(F)F)c1)[C@]1(c2ccccc2)CC[C@@H](N2CCC(c3ccc(F)cc3)CC2)CC1,6.85387196432176
O=C(Cc1cc(C(F)(F)F)cc(C(F)(F)F)c1)NCC(c1ccc2c(c1)OCCO2)N1CCC(N2CCCCC2)CC1,6.85387196432176
CO/N=C(\COCc1cccc(C)c1)C(CCN1CCC(O)(c2ccccc2)CC1)c1ccc(Cl)c(Cl)c1,6.85387196432176
Cc1cc2c(-c3ccccc3)c(NC(=O)NCc3ccccc3)n(C)c(=O)c2cc1C,6.85387196432176
COc1ccc2oc(COC(=O)N[C@](C)(Cc3c[nH]c4ccccc34)C(=O)N[C@@H](C)c3ccccc3)cc2c1,6.85001154350852
CC(C)(C)OC(=O)N1C[C@H](C(=O)NCc2cc(C(F)(F)F)cc(C(F)(F)F)c2)[C@@H](c2ccccc2)C1,6.84771165561694
Cc1cc(C)cc(C(=O)N2CCN(C(=O)CNC3CCN(C(=O)[C@H](N)c4ccccc4)CC3)[C@H](c3ccc(Cl)c(Cl)c3)C2)c1,6.84466396253494
O=C(NCc1cc(C(F)(F)F)cc(C(F)(F)F)c1)c1c(-c2ccccc2)c2ccccc2n2cncc12,6.83564714421556
CCCCN(CC(Cc1c[nH]c2ccccc12)NC(=O)CN1CCN(c2ccccc2)CC1)C(C)=O,6.82681373158773
Cc1ccc(C)c(COCC(N)C(c2ccccc2)c2ccccc2)c1,6.82390874094432
CNC(c1ccccc1)C1(NCc2ccccc2OC)CC1,6.82390874094432
Cc1ccccc1COC1C2CCN(CC2)C1C(c1ccccc1)c1ccccc1,6.82390874094432
C[C@H](NC(=O)[C@@](C)(Cc1c[nH]c2ccccc12)NC(=O)OC1CCc2ccccc2C1)c1ccccc1,6.81998888094228
CC(=O)N(C)C1CCN(CCC(C)(C(=O)N(C)Cc2ccc(F)c(C(F)(F)F)c2)c2ccc(Cl)c(Cl)c2)CC1,6.81872822844054
CS(=O)(=O)N1CC2(CCN(C(=O)C(COCc3ccccc3)NCc3cccc(C#N)c3)CC2)c2ccccc21,6.81815641205523
CC(=O)N[C@@H](Cc1cccc2ccccc12)C(=O)OCc1cc(C)cc(C)c1,6.8153085691824
CN1C(=O)N(Cc2cc(C(F)(F)F)cc(C(F)(F)F)c2)C(=O)C1Cc1c[nH]c2ccccc12,6.8153085691824
CS(=O)(=O)N1CC2(CCN(C(=O)C(COCc3ccccc3)NCc3cccc(Cl)c3Cl)CC2)c2ccccc21,6.8153085691824
NC(=O)C[C@@H]1CCC[C@@H](OCc2cc(C(F)(F)F)cc(C(F)(F)F)c2)[C@H]1c1ccccc1,6.80410034759077
CS(=O)(=O)N1CC2(CCN(C(=O)C(COCc3ccccc3)NCc3cccc(F)c3)CC2)c2ccccc21,6.80410034759077
CO/N=C(\CN(C(=O)c1cc(Cl)cc(Cl)c1)C1CC1)[C@H](CCN1CCC(n2c(O)nc3ccccc32)CC1)c1ccc(Cl)c(Cl)c1,6.80410034759077
FC(F)(F)c1cc(COCC(c2ccco2)N2CCNCC2)cc(C(F)(F)F)c1,6.7999981345934
CC(=O)N(Cc1ccccc1Cl)C[C@H](Cc1c[nH]c2ccccc12)NC(=O)CN1CCC(N2CCCCC2)CC1,6.79860287567955
COc1cccc([C@H]2[C@@H](NCc3ccccc3OC)C3CCN2CC3)c1,6.79588001734408
CN(Cc1ccccc1)C(=O)[C@@H](Cc1ccc2ccccc2c1)NC(=O)[C@H]1CCCN1C(=O)Nc1ccccc1[N+](=O)[O-],6.79588001734408
NC(=O)C1(c2ccccc2)CCN(CC[C@@]2(c3ccc(Cl)c(Cl)c3)CCN(C(=O)c3ccccc3)C2)CC1,6.79317412396815
COc1ccccc1CNC(COCc1ccccc1)C(=O)N1CCC2(CC1)CN(S(C)(=O)=O)c1ccccc12,6.78781239559604
CSN1CC2(CCN(C(=O)N[C@H](Cc3c[nH]c4ccccc34)C(=O)N(C)Cc3ccccc3)CC2)c2ccccc21,6.7851561519523
CN(Cc1ccccc1)C(=O)[C@H](Cc1ccccc1)NC(=O)[C@@H](Cc1c[nH]c2ccccc12)NC(=O)C[C@@H]1NC(=O)[C@@H]2C3CCC(CC3)N2C1=O,6.78251605578609
COc1c(C)cc(C(=O)N2CCC(CCN3CCC(C(N)=O)(c4ccccc4)CC3)(c3ccc(Cl)c(Cl)c3)C2)cc1C,6.77469071827414
CO/N=C(\COC(=O)c1cc(C(F)(F)F)cc(C(F)(F)F)c1)C(CCN1CCC(O)(c2ccccc2)CC1)c1ccc(Cl)c(Cl)c1,6.77469071827414
c1ccc(CN[C@H]2C3CC4CCCC(C3)N4[C@H]2C(c2ccccc2)c2ccccc2)cc1,6.77001116345519
c1ccc(CNC2C3CC4CCCC(C3)N4[C@H]2C(c2ccccc2)c2ccccc2)cc1,6.76955107862173
O=C(NC(c1ccccc1)c1ccccc1)[C@@H]1CCCN1C(=S)NCc1ccccc1Cl,6.76955107862173
c1ccc(C2CCC3(OCCNC3c3ccccc3)OC2)cc1,6.76955107862173
CS(=O)(=O)N1CC2(CCN(C[C@H](COCc3ccc(Cl)c(Cl)c3)NCc3ccccc3)CC2)c2ccccc21,6.76955107862173
CC(C)(C)OC(=O)N1CCC(COCc2cc(C(F)(F)F)cc(C(F)(F)F)c2)(c2ccccc2)CC1,6.76955107862173
FC(F)(F)Oc1cccc(COCC2(c3ccccc3)CCNCC2)c1,6.76955107862173
Cc1ccc(COC2C3CCN(CC3)C2C(c2ccccc2)c2ccccc2)cc1C,6.76447155309245
CN(Cc1ccccc1)C(=O)[C@H](Cc1ccc2ccccc2c1)NC(=O)[C@@H]1CCCN1C(=O)Nc1ccccc1C(=O)O,6.76447155309245
Clc1ccccc1-c1ccccc1/C=N/Nc1c(Cl)cncc1Cl,6.7594507517174
CN(Cc1ccccc1)Cc1nc2ccccc2c(-c2ccccc2)c1C(=O)NCc1cc(C(F)(F)F)cc(C(F)(F)F)c1,6.74472749489669
N[C@H]1CCN(C(=O)c2cc(C(F)(F)F)cc(C(F)(F)F)c2)[C@H](Cc2ccccc2)C1,6.74472749489669
NCCCCCOC[C@H]1O[C@@H](OCCc2c[nH]c3ccccc23)[C@H](OCc2ccccc2)C[C@@H]1OCc1ccccc1,6.74472749489669
CC(C)CN(CC(C)C)c1cc(C(F)(F)F)cc(COCC2(c3ccc(F)cc3)CCN(C)CC2)n1,6.74472749489669
CO/N=C(\COCc1cc(C(F)(F)F)cc(C(F)(F)F)c1)C(CCN1CCN(c2ccccc2)CC1)c1ccc(Cl)c(Cl)c1,6.74232142513082
CN(Cc1ccc(F)c(C(F)(F)F)c1)C(=O)C(C)(CCN1CCC(N2CCCC2=O)CC1)c1ccc(Cl)c(Cl)c1,6.74088415581493
Cc1ccccc1CO[C@H]1C2CCN(CC2)[C@H]1C(c1ccccc1)c1ccccc1,6.73754891026957
COc1cccc([C@H]2COCC3(C2)OCCN[C@H]3c2ccc(F)cc2)c1,6.73754891026957
O=C(N[C@@H](Cc1c[nH]c2ccccc12)C(=O)OCc1ccccc1C(F)(F)F)c1ccccc1,6.73754891026957
Cc1cc(C)cc(C(=O)N2CC[C@H](NCc3ccnc4ccccc34)C[C@H]2CCc2ccccc2)c1,6.72124639904717
Cc1ccc(CO[C@H]2C3CCN(CC3)[C@H]2C(c2ccccc2)c2ccccc2)cc1C,6.70553377383841
CC(=O)N[C@@H](Cc1n[nH]c2ccccc12)C(=O)OCc1cc(C(F)(F)F)cc(C(F)(F)F)c1,6.70553377383841
O=[N+]([O-])c1cccc(COC2C3CCN(CC3)C2C(c2ccccc2)c2ccccc2)c1,6.70553377383841
FC(F)(F)c1cc(CO[C@H]2C3CCN(CC3)[C@H]2Cc2ccccc2)cc(C(F)(F)F)c1,6.70553377383841
O=C(COc1cc(C(F)(F)F)cc(C(F)(F)F)c1)N(c1cccc(Cl)c1)C1CCNCC1,6.69999179744619
O=C(CCc1cc(C(F)(F)F)cc(C(F)(F)F)c1)N(c1ccc(F)cc1)C1CCNCC1,6.69999179744619
CN1C(=O)OC2(CCN(CC[C@H](C(=O)N(C)[C@@H](Cc3ccccc3)C(=O)NCCN)c3ccc(Cl)c(Cl)c3)CC2)c2cc(F)ccc21,6.69999179744619
Fc1cc(F)cc(COCC(c2ccccc2)N2CCNCC2)c1,6.69999179744619
NS(=O)(=O)N1CCN(CC(=O)N[C@@H]2CC(=O)N[C@@H](Cc3c[nH]c4ccccc34)C(=O)N[C@@H](Cc3ccccc3)C(=O)N[C@H](Cc3ccccc3)CNC2=O)CC1,6.69999179744619
CC(C)C[C@H](NC(=O)CNC(=O)OCc1ccccc1)C(=O)NC1(C(=O)OCc2cc(C(F)(F)F)cc(C(F)(F)F)c2)CNc2[nH]c3ccccc3c2C1,6.69897000433602
CCCCCN(CCCCC)C(=O)N1CCN(C(=O)N(c2ccccc2)c2ccccc2)[C@H](C(=O)N(C)CCN(C)Cc2cc(C)cc(C)c2)C1,6.69897000433602
C[C@H](OC1CCC2CCC1(c1ccccc1)N2)c1cc(C(F)(F)F)cc(C(F)(F)F)c1,6.69897000433602
O=C1CC(Cc2c[nH]c3ccccc23)C(=O)N1Cc1cc(C(F)(F)F)cc(C(F)(F)F)c1,6.69250396208679
CN(Cc1ccccc1)C(=O)[C@H](CCc1ccccc1)NC(=O)[C@@H]1CCCN1/C(S)=N/Cc1ccccc1Cl,6.68613277963085
O=C(NCc1cc(C(F)(F)F)cc(C(F)(F)F)c1)c1cnc2ccccc2c1-c1ccccc1,6.68193666503724
CC(=O)NCCCCCOC[C@H]1O[C@@H](OCCc2c[nH]c3ccccc23)[C@H](OCc2ccc(F)cc2)[C@@H](OCc2ccccc2)[C@@H]1OCc1ccccc1,6.67985371388895
CC(=O)N(C)C1(c2ccccc2)CCN(CCC[C@]2(c3ccc(Cl)c(Cl)c3)CCCN(C(=O)c3ccccc3)C2)CC1,6.67860872168831
Cc1cc(C)cc(C(=O)N2CC[C@H](NCc3ccncc3)C[C@H]2Cc2ccccc2)c1,6.67778070526608
COc1ccc(C(CNC(=O)Cc2cc(C(F)(F)F)cc(C(F)(F)F)c2)N2CCC(N3CCCCC3)CC2)c(OC)c1OC,6.67778070526608
Cc1cc(C)cc(C(=O)N2CCN(C(=O)CNC3CCNCC3)[C@H](c3ccc(Cl)c(Cl)c3)C2)c1,6.6675615400844
CCCCCN(CCCCC)C(=O)N1CCN(C(=O)N(c2ccccc2)c2ccccc2)[C@H](C(=O)NCCN(C(C)C)C(C)C)C1,6.66354026615147
Cc1cc(C)cc(C(=O)N2CC[C@H](NCc3ccnc4ccccc34)C[C@@H]2Cc2ccccc2)c1,6.65757731917779
C=C(C)n1c(=O)n(CCN2CCC(N(C(=O)CC)c3cc(Cl)ccc3Cl)CC2)c2ccccc21,6.65757731917779
Cc1cc(C)cc(C(=O)N2CC[C@H](NCc3ccccc3)C[C@H]2Cc2ccccc2)c1,6.65757731917779
CC(=O)N1CCC(CN2CC[C@@H](N(C)C(=O)c3ccc(Cl)cc3)[C@H](c3ccc(Cl)c(Cl)c3)C2)CC1,6.65757731917779
O=C1C(Cc2c[nH]c3ccccc23)N(C(=O)Nc2ccccc2)C(=O)N1Cc1cc(C(F)(F)F)cc(C(F)(F)F)c1,6.65757731917779
O=C1CCN(Cc2ccc(C(F)(F)F)cc2)CC1C(c1ccc(F)cc1)c1ccc(F)cc1,6.65757731917779
FC(F)(F)c1cc(COCc2ccccc2-c2ccccc2)cc(C(F)(F)F)c1,6.64975198166584
O=C(CC(c1ccccc1)c1ccccc1)NCc1cc(Cl)cc(Cl)c1,6.6458915608526
COc1cc(CN(C)C(=O)CC(c2ccccc2)c2ccccc2)cc(OC)c1,6.6458915608526
O=C(NCc1ccccc1)[C@H](Cc1c[nH]c2ccccc12)NC(=O)N1CCC2(CCc3ccccc32)CC1,6.64397414280688
COc1ccccc1CN[C@H]1CCCN(CC(N)=O)[C@H]1c1ccccc1,6.64397414280688
c1ccc(CN[C@H]2C3C4CCCC3CN(C4)[C@H]2C(c2ccccc2)c2ccccc2)cc1,6.6399938677709
Clc1cccc([C@H]2[C@@H](NCc3ccccc3Cl)C3CCN2CC3)c1,6.6399938677709
O=C1N[C@@H](Cc2ccccc2)C(=O)N2[C@H]3Nc4ccccc4[C@@]3([C@]34C[C@H]5C(=O)N[C@@H](Cc6ccccc6)C(=O)N5[C@H]3Nc3ccccc34)C[C@@H]12,6.63827216398241
c1ccc(CNC2C3C4CCCC3CN(C4)[C@H]2C(c2ccccc2)c2ccccc2)cc1,6.63827216398241
COc1ccccc1CN[C@H]1C2CCN(CC2)[C@H]1Cc1ccccc1,6.63000533839157
O=C(NCc1cc(C(F)(F)F)cc(C(F)(F)F)c1)c1c(-c2ccccc2)ccnc1CCl,6.62893213772826
O=C(NCc1cc(C(F)(F)F)cc(C(F)(F)F)c1)c1c(-c2ccc(F)cc2)c2ccccc2n2nnnc12,6.62893213772826
O=C(CC(c1ccccc1)c1ccccc1)NCc1cc(C(F)(F)F)cc(C(F)(F)F)c1,6.62893213772826
COc1ccccc1CN[C@@H]1C2CCN(CC2)[C@H]1c1cccc(Cl)c1,6.61978875828839
CC(=O)N1CCC(C(=O)N2CC[C@@H](N(C)C(=O)c3ccc(Cl)cc3)C(c3ccc(Cl)c(Cl)c3)C2)CC1,6.61978875828839
O=C1N[C@@H](Cc2ccccc2)C(=O)N2[C@H]3Nc4ccccc4C3(C34C[C@H]5C(=O)N[C@@H](Cc6ccccc6)C(=O)N5[C@H]3Nc3ccccc34)C[C@@H]12,6.61978875828839
CCN(Cc1ccccc1)C(=O)[C@H](Cc1c[nH]c2ccccc12)NC(=O)N1CCC2(CCc3ccccc32)CC1,6.61618463401957
O=C1CNC(Cc2c[nH]c3ccccc23)CN1Cc1cc(C(F)(F)F)cc(C(F)(F)F)c1,6.61439372640169
O=C(N[C@@H](Cc1c[nH]c2ccccc12)C(=O)OCc1ccc(Cl)cc1)c1ccccc1,6.61439372640169
O=C(c1cc(C(F)(F)F)cc(C(F)(F)F)c1)N1CCC2(CC1)NC(=O)N(Cc1ccc3c(c1)OCO3)C2=O,6.61000157739267
Cc1ccc(COC2C3CCN(CC3)C2C(c2ccccc2)c2ccccc2)cc1,6.60906489289662
O=C(NC[C@]1(c2ccccc2)CC[C@@H](N2CCC(c3ccc(F)cc3)CC2)CC1)c1cc(C(F)(F)F)cc(C(F)(F)F)c1,6.60205999132796
O=C(CSc1nnc(-c2ccncc2)n1-c1ccccc1)Nc1cccc(Cl)c1,6.60205999132796
COC(=O)[C@H]1CCN(C(=O)N(c2ccccc2)c2ccccc2)[C@H](C(=O)NCCN(C)Cc2ccccc2OC)C1,6.60205999132796
Cc1cc2c(-c3ccccc3)c(CNCc3cc(C(F)(F)F)cc(C(F)(F)F)c3)n(C)c(=O)c2cc1C,6.60205999132796
COc1ccc(C(=O)N(C)[C@@H]2CCN(C(=O)C3CCN(C(C)=O)CC3)C[C@H]2c2ccc(Cl)c(Cl)c2)cc1,6.60205999132796
COc1ccccc1C(CNC(=O)Cc1cc(C(F)(F)F)cc(C(F)(F)F)c1)N1CCCCC1,6.60205999132796
COc1cc(CN2CCN(C(COCc3cc(C(F)(F)F)cc(C(F)(F)F)c3)c3ccccc3)C(Cc3ccccc3)C2)cc(OC)c1OC,6.59999765407204
CN1CCN(CCNC(=O)[C@@H](NC(=O)C(C)(C)c2cc(C(F)(F)F)cc(C(F)(F)F)c2)c2ccccc2)CC1,6.59999765407204
CNCCNC(=O)[C@@H](NC(=O)C(C)(C)c1cc(C(F)(F)F)cc(C(F)(F)F)c1)c1ccccc1,6.59999765407204
CN1C(=O)OC2(CCN(CC[C@@](C)(C(=O)N[C@H](C(=O)NCCN)c3ccccc3)c3ccc(Cl)c(Cl)c3)CC2)c2cc(F)ccc21,6.59999765407204
CCOC(=O)Oc1c(OC)cc(C(=O)N2CCC(CCN3CCC(C(N)=O)(c4ccccc4)CC3)(c3ccc(Cl)c(Cl)c3)C2)cc1OC,6.59859945921846
Fc1ccc(COC2C3CCN(CC3)C2C(c2ccccc2)c2ccccc2)cc1,6.59859945921846
O=C1CC[C@@H](CN[C@H]2CC[C@@H](OCc3cc(C(F)(F)F)cc(C(F)(F)F)c3)[C@@H]2c2ccccc2)N1,6.58502665202918
CS(=O)(=O)N1CC2(CCN(C(=O)C(COCc3ccccc3)NC(=O)c3ccc(Cl)c(Cl)c3)CC2)c2ccccc21,6.58502665202918
CC(=O)N1CCC(C(=O)N2CC[C@@H](N(C)C(=O)c3ccc(C)cc3)C(c3ccc(Cl)c(Cl)c3)C2)CC1,6.58502665202918
COc1ccccc1C/N=C(\S)N1CCC[C@H]1C(=O)N[C@@H](Cc1ccccc1)C(=O)N(C)Cc1ccccc1,6.58502665202918
COc1ccccc1C1CCN(C(=O)[C@H](COCc2ccc(Cl)c(Cl)c2)NCc2ccccc2)CC1,6.58004425151024
CS(=O)(=O)N1CCC2(CC1)C1C(=O)N(Cc3cc(C(F)(F)F)cc(C(F)(F)F)c3)C(=O)C1CN2C(=O)c1ccc2ccccc2c1,6.57999471504095
CCCCCN(CCCCC)C(=O)N1CCN(C(=O)N(c2ccccc2)c2ccccc2)[C@H](C(=O)NCCOC)C1,6.57348873863543
O=C1NC(Cc2c[nH]c3ccccc23)CN1Cc1cc(C(F)(F)F)cc(C(F)(F)F)c1,6.57348873863543
Cc1cc(C)cc(/C(F)=C2\CC[C@@H](NC(=O)c3ccnc4ccccc34)C[C@@H]2Cc2ccccc2)c1,6.56863623584101
Cc1nc(Cl)cc(-c2ccccc2)c1C(=O)NCc1cc(C(F)(F)F)cc(C(F)(F)F)c1,6.56863623584101
O=C1CCN(Cc2cccc(C(F)(F)F)c2)CC1C(c1ccc(F)cc1)c1ccc(F)cc1,6.56863623584101
COc1ccccc1C(CNC(=O)Cc1ccccc1C(F)(F)F)N1CCN(C2CCCCC2)CC1,6.56863623584101
NC(=O)C1(c2ccccc2)CCN(CCC2(c3ccc(Cl)c(Cl)c3)CCN(C(=O)c3ccccc3)C2)CC1,6.5670307091256
O=C(c1ccccc1)N1CCCC(CCCN2CCC3(CCc4ccccc43)CC2)(c2ccc(Cl)c(Cl)c2)C1,6.5654310959658
O=C1OC(Cc2c[nH]c3ccccc23)C(=O)N1Cc1cc(Cl)cc(Cl)c1,6.56383735295924
Cc1c(C(=O)NCc2cc(C(F)(F)F)cc(C(F)(F)F)c2)c(-c2ccccc2)cc2nnnn12,6.5543957967264
COc1ccccc1COC(=O)[C@H](Cc1c[nH]c2ccccc12)NC(=O)OC(C)(C)C,6.55284196865778
CCCCCN(CCCCC)C(=O)N1CCN(C(=O)N(c2ccccc2)c2ccccc2)[C@H](CO)C1,6.55284196865778
COc1ccccc1C(CNC(=O)Cc1ccc(Cl)c(Cl)c1)N1CCN(C2CCCCC2)CC1,6.55284196865778
O=C1CCN(Cc2ccccc2O)CC1C(c1ccc(F)cc1)c1ccc(F)cc1,6.55284196865778
Cc1ccc(CO[C@H]2C3CCN(CC3)[C@H]2C(c2ccccc2)c2ccccc2)cc1,6.54000474395261
CN(Cc1ccccc1)C(=O)[C@H](Cc1ccccc1)NC(=O)[C@@H]1CCCN1/C(S)=N/Cc1ccccc1F,6.53760200210104
CN1CCC(COCc2cc(C#N)cc(C3CC3)n2)(c2ccc(F)cc2)CC1,6.53760200210104
CC(=O)N1CCC(C(=O)N2CC[C@@H](N(C)C(=O)Nc3ccc(Cl)cc3)[C@H](c3ccc(Cl)c(Cl)c3)C2)CC1,6.53760200210104
CCCCCN(CCCCC)C(=O)N1CCN(C(=O)N(c2ccccc2)c2ccccc2)[C@H](C(=O)N(C)CCN(C)Cc2ccccc2)C1,6.53760200210104
Cc1cc(C)cc(CO[C@H]2C3CCN(CC3)[C@H]2Cc2ccccc2)c1,6.53461714855158
CN(C(=O)c1ccccc1-c1ccccc1)C(C)(C)c1cc(C(F)(F)F)cc(C(F)(F)F)c1,6.53017798402184
CN(CC(c1ccccc1)c1ccccc1)C(=O)c1cc(C(F)(F)F)cc(C(F)(F)F)c1,6.52724355068279
FC(F)(F)c1cc(CO[C@H]2CCCN[C@@H]2c2ccccc2)cc(C(F)(F)F)c1,6.52287874528034
FC(F)(F)c1cccc(COC2C3CCN(CC3)C2C(c2ccccc2)c2ccccc2)c1,6.52287874528034
FC(F)(F)c1cc(CO[C@@H]2C3CCN(CC3)[C@@H]2C(c2ccccc2)c2ccccc2)cc(C(F)(F)F)c1,6.52287874528034
O=C(N[C@H]1CC[C@H](OCc2cc(C(F)(F)F)cc(C(F)(F)F)c2)[C@@H]1c1ccccc1)OCc1ccccc1,6.52287874528034
CN(C(=O)C(c1ccccc1)c1ccccc1)c1cc(C(F)(F)F)cc(C(F)(F)F)c1,6.52143350440616
CC(C)(C)C(=O)N1CCC2(CC1)C1C(=O)N(c3ccccc3)C(=O)C1CN2C(=O)c1cc(C(F)(F)F)cc(C(F)(F)F)c1,6.51999305704285
CN(CCCc1cc(C(F)(F)F)cc(C(F)(F)F)c1)C(=O)CC(c1ccccc1)c1ccccc1,6.51712641639125
Cc1cc(O)cc(C)c1C[C@H](N)C(=O)N[C@H](CCCNC(=N)N)C(=O)N[C@H]1Cc2ccccc2CN(CCC(=O)N(Cc2ccccc2)CC(C)C)C1=O,6.51144928349956
Cc1cc(C)cc(C(=O)N2CC[C@H](NCc3ccnc4ccccc34)C[C@H]2CC2CCCCC2)c1,6.50999935810905
COc1cc2c(cc1OC)C1=NO[C@@H](CN3CCN(C/C(C)=C/c4ccc(F)cc4)CC3)[C@@H]1CO2,6.50863830616573
COc1ccccc1CN[C@H]1C2CCCN(CC2)[C@H]1C(c1ccc(F)cc1)c1ccc(F)cc1,6.50863830616573
O=C1C(Cc2c[nH]c3ccccc23)N(Cc2ccccc2)C(=O)N1Cc1cc(C(F)(F)F)cc(C(F)(F)F)c1,6.50863830616573
O=C(NCc1cc(C(F)(F)F)cc(C(F)(F)F)c1)c1c(-c2ccccc2)c2ccccc2n2nnnc12,6.50723961097316
COc1c(Br)cc(C(=O)N2CCC(CCN3CCC(C(N)=O)(c4ccccc4)CC3)(c3ccc(Cl)c(Cl)c3)C2)cc1Br,6.50445566245355
Cc1ccccc1-c1ccccc1/C=N/Nc1c(Cl)cncc1Cl,6.5003129173816
CC(C)(C(=O)N[C@H](C(=O)NCCN)c1ccccc1)c1cc(C(F)(F)F)cc(C(F)(F)F)c1,6.49999693194831
CC(C)(C(=O)N[C@H](C(=O)N1CCOCC1)c1ccccc1)c1cc(C(F)(F)F)cc(C(F)(F)F)c1,6.49999693194831
O=C(COc1cc(C(F)(F)F)cc(C(F)(F)F)c1)N(c1ccc(F)cc1)C1CCNCC1,6.49999693194831
CN1C(=O)OC2(CCN(CCC[C@@](C)(C(=O)N[C@H](C(=O)NCCN)c3ccccc3)c3ccc(Cl)c(Cl)c3)CC2)c2cc(F)ccc21,6.49999693194831
COC(=O)C1c2ccccc2NC(=O)CN1C(=O)N(C)Cc1cc(C(F)(F)F)cc(C(F)(F)F)c1,6.49999693194831
O=C(Cc1ccccc1)N[C@H](Cc1ccc2ccccc2c1)NC(=O)[C@@H]1CCCC[C@@H]1NC(=O)c1c[nH]c2ccccc12,6.49999693194831
O=C1NC(Cc2c[nH]c3ccccc23)C(=O)N1Cc1cc(C(F)(F)F)cc(C(F)(F)F)c1,6.49894073778225
CN(CCCc1cc(C(F)(F)F)cc(C(F)(F)F)c1)C(=O)C(c1ccccc1)c1ccccc1,6.4907974776689
Cc1cc(C)c(C(=O)N2CCC3(CC2)NC(=O)N(c2cc(C(F)(F)F)cc(C(F)(F)F)c2)C3=O)c(C)c1,6.4900049079866
COc1ccccc1C/N=C(\S)N1CCC[C@H]1C(=O)NC(c1ccccc1)c1ccccc1,6.48148606012211
Cc1ccccc1C1CCN(C(=O)[C@H](COCc2ccc(Cl)c(Cl)c2)NCc2ccccc2)CC1,6.48148606012211
COc1ccc(C(=O)N(C)[C@@H]2CCN(C(=O)C3CCN(C(C)=O)CC3)CC2c2ccc(Cl)c(Cl)c2)cc1,6.48148606012211
O=C(NCCc1ccccc1)[C@H](Cc1c[nH]c2ccccc12)NC(=O)N1CCC2(CCc3ccccc32)CC1,6.47886191629596
COc1ccccc1CN[C@H]1C2CC[N+](Cc3ccccc3)(CC2)[C@H]1C(c1ccccc1)c1ccccc1,6.47886191629596
COc1ccccc1CN(CC(NC(=O)CN1CCN(c2ccccc2)CC1)c1ccc(Cl)c(Cl)c1)C(C)=O,6.47108329972235
O=C(c1cccc2ccccc12)N1CCC2(CC1)NC(=O)N(c1cc(C(F)(F)F)cc(C(F)(F)F)c1)C2=O,6.47000532693086
CN(Cc1ccc(F)cc1)C(=O)[C@@]1(c2ccc(Cl)c(Cl)c2)C[C@H]1CN1CCN(S(=O)(=O)N(C)C)CC1,6.46852108295775
Cc1c(C(=O)NCc2cc(C(F)(F)F)cc(C(F)(F)F)c2)c(-c2ccccc2)cc[n+]1[O-],6.46597389394387
COc1ccc(CN[C@H]2C3CCN(CC3)[C@H]2C(c2ccccc2)c2ccccc2)cc1,6.46470587995723
FC(F)(F)c1cc(COCC2(c3ccccc3)CCC(N3CCOCC3)CC2)cc(C(F)(F)F)c1,6.45593195564972
COc1ccc(CN[C@H]2C3CCN(CC3)[C@@H]2c2cccc(Cl)c2)c(OC)c1,6.45593195564972
COc1ccccc1CN(C[C@H](Cc1c[nH]c2ccccc12)NC(=O)CN1CCN(c2ccccc2)CC1)C(C)=O,6.44611697335613
N[C@H](COCc1ccccc1)C(c1ccccc1)c1ccccc1,6.43999767322663
NC(COCc1ccccc1)C(c1ccccc1)c1ccccc1,6.43533393574791
CN(C)c1ccccc1CC(=O)N1C[C@H]2[C@@H](C1)C(c1ccccc1)(c1ccccc1)SC[C@@H]2O,6.43179827593301
FC(F)(F)c1ccc(COC2C3CCN(CC3)C2C(c2ccccc2)c2ccccc2)cc1,6.43179827593301
FC(F)(F)c1cc(CNCc2ccccc2-c2ccccc2)cc(C(F)(F)F)c1,6.4294570601181
O=C(Cc1cc(C(F)(F)F)cc(C(F)(F)F)c1)NCC(c1ccccc1)c1ccccc1,6.42250820016278
O=C(c1ccccc1)N1CCCC(CCCN2CCC(n3c(=O)[nH]c4ccccc43)CC2)(c2ccc(Cl)c(Cl)c2)C1,6.42136079003193
CN1CCC(COCc2cc(C(F)(F)F)cc(C#N)n2)(c2ccccc2)CC1,6.42021640338319
Cc1cc(C)cc(/C(F)=C2/CC[C@H](NC(=O)c3ccnc4ccccc34)C[C@H]2Cc2ccccc2)c1,6.42021640338319
CS(=O)(=O)NCC1(c2ccccc2)CCN(C(=O)[C@H](COCc2ccc(Cl)c(Cl)c2)NCc2ccccc2)CC1,6.41793663708829
CC(=O)N[C@H]1Cc2ccccc2CN(CC(=O)NCc2cc(C(F)(F)F)cc(C(F)(F)F)c2)C1=O,6.41228903498109
O=C(NCc1cc(C(F)(F)F)cc(C(F)(F)F)c1)c1c(-c2ccccc2)c2ccccc2n2cccc12,6.4089353929735
CC(=O)N1Cc2[nH]c3ccccc3c2C[C@H]1C(=O)OCc1cc(C(F)(F)F)cc(C(F)(F)F)c1,6.4089353929735
CN(Cc1ccnc2ccccc12)[C@H]1CCN(C(=O)c2cc(Cl)cc(Cl)c2)[C@H](Cc2ccccc2)C1,6.4089353929735
Clc1cccc(COCC(c2ccccc2)N2CCNCC2)c1,6.39999691337226
CN1C(=O)OC2(CCN(CC[C@](C)(C(=O)N[C@@H](Cc3ccccc3)C(=O)NCCN)c3ccc(Cl)c(Cl)c3)CC2)c2cc(F)ccc21,6.39999691337226
CN1C(=O)OC2(CCN(CCC[C@H](C(=O)N(C)[C@@H](Cc3ccccc3)C(=O)NCCN)c3ccc(Cl)c(Cl)c3)CC2)c2cc(F)ccc21,6.39999691337226
Fc1ccc([C@@H]2NCCO[C@]23CC[C@H](c2ccccc2C(F)(F)F)CO3)cc1,6.39794000867204
O=C1NC(Cc2c[nH]c3ccccc23)CN(Cc2cc(C(F)(F)F)cc(C(F)(F)F)c2)C1=O,6.39794000867204
Fc1ccc([C@@H]2NCCOC23CC[C@H](c2ccccc2C(F)(F)F)CO3)cc1,6.39794000867204
Cc1ccc(-c2c(C(=O)NCc3cc(C(F)(F)F)cc(C(F)(F)F)c3)c3nnnn3c3ccccc23)cc1,6.39685562737982
Cc1ccccc1C/N=C(\S)N1CCC[C@H]1C(=O)N[C@@H](Cc1ccccc1)C(=O)N(C)Cc1ccccc1,6.38721614328026
CN(Cc1ccccc1)C(=O)[C@@H](Cc1c[nH]c2ccccc12)NC(=O)[C@H]1CCCN1C(=O)Nc1ccccc1[N+](=O)[O-],6.38721614328026
CC(=O)N1CCC(C(=O)N2CC[C@@H](N(C)C(=O)c3ccc(-c4ccccc4)cc3)C(c3ccc(Cl)c(Cl)c3)C2)CC1,6.38721614328026
FC(F)(F)c1cc(COC[C@@]2(c3ccccc3)CCCCNC2)cc(C(F)(F)F)c1,6.38721614328026
CC(C)(C)OC(=O)N[C@@H](Cc1c[nH]c2ccccc12)C(=O)OCc1ccccc1,6.3840499483436
Clc1ccc(COC2C3CCN(CC3)C2C(c2ccccc2)c2ccccc2)cc1,6.37986394502624
COc1ccccc1CN(C[C@H](Cc1c[nH]c2ccccc12)NC(=O)CN1CCC(N2CCCCC2)CC1)C(C)=O,6.3767507096021
CN1CCC(COCc2cc(C(F)(F)F)cc(Cl)n2)(c2ccc(Cl)cc2)CC1,6.36653154442041
CC(C)COC(=O)N[C@@H](Cc1c[nH]c2ccccc12)C(=O)NCCc1c[nH]c2ccccc12,6.36653154442041
CC(=O)N[C@@H](Cc1ccccc1)C(=O)OCc1cc(C)cc(C)c1,6.36351210364663
Cc1cc(-c2ccccc2)c(C(=O)NCc2cc(C(F)(F)F)cc(C(F)(F)F)c2)c(C)n1,6.36251027048749
CO/N=C(\CN(C)S(=O)(=O)c1cc(C(F)(F)F)cc(C(F)(F)F)c1)C(CCN1CCC(O)(c2ccccc2)CC1)c1ccc(Cl)c(Cl)c1,6.36151074304536
Cc1cccc2c1C1(C34C[C@H]5C(=O)N[C@@H](Cc6ccccc6)C(=O)N5[C@H]3Nc3ccccc34)C[C@H]3C(=O)N[C@@H](Cc4ccccc4)C(=O)N3[C@H]1N2,6.35654732351381
CC(C)(C)OC(=O)N1CC[C@H](c2ccccc2)[C@@H](C(=O)NCc2cc(C(F)(F)F)cc(C(F)(F)F)c2)C1,6.34678748622466
CS(=O)(=O)N1CC2(CCN(C(=O)C(CCc3ccc(Cl)c(Cl)c3)NCc3ccccc3)CC2)c2ccccc21,6.34198860334289
CN1C(=O)N(Cc2cc(C(F)(F)F)cc(C(F)(F)F)c2)C2(CCN(C(=O)c3cccc4ccccc34)CC2)C1=O,6.33999827989712
CC(=O)C1(c2ccccc2)CCN(CCCC2(c3ccc(Cl)c(Cl)c3)CCCN(C(=O)c3ccccc3)C2)CC1,6.33724216831843
COc1ccccc1CNCc1c(-c2ccccc2)c2ccccc2c(=O)n1C,6.33724216831843
CC(C)N(C(C)C)C1CCC(COCc2cc(C(F)(F)F)cc(C(F)(F)F)c2)(c2ccccc2)C1,6.32790214206428
COc1ccccc1CNC(=O)c1c(-c2ccccc2C)c2ccccc2c(=O)n1C,6.32790214206428
COc1ccccc1CN(CC(NC(=O)CN1CCN(c2ccccc2)CC1)c1ccccc1)C(C)=O,6.32422165832592
CSN1CC2(CCN(C(=O)N[C@@H](COCc3ccccc3)C(=O)N(C)Cc3ccccc3)CC2)c2ccccc21,6.31875876262441
CN(Cc1ccccc1Cl)C(=O)Nc1c(-c2ccc(F)cc2)c2ccccc2c(=O)n1C,6.31875876262441
CN1CCC(COCc2cncc(Br)c2)(c2ccccc2)CC1,6.31875876262441
Cc1cc(C)cc(COCC(N)Cc2ccccc2)c1,6.31605286924849
CS(=O)(=O)N1CC2(CCN(CCCC3(c4ccc(Cl)c(Cl)c4)CCCN(C(=O)c4ccccc4)C3)CC2)c2ccccc21,6.30364361126667
CCCCCN(CCCCC)C(=O)N1CCN(C(=O)N(c2ccccc2)c2ccccc2)CC1,6.30102999566398
O=C1C2CN(C(=O)c3sc4ccccc4c3Cl)C3(CCNCC3)C2C(=O)N1Cc1cc(C(F)(F)F)cc(C(F)(F)F)c1,6.29999760285775
CN1C(=O)C2CN(Cc3cccs3)C3(CCN(C(=O)c4cc(C(F)(F)F)cc(C(F)(F)F)c4)CC3)C2C1=O,6.29000117197481
Fc1ccc(C2NCCOC23CCC(c2cccc(C(F)(F)F)c2)CO3)cc1,6.28988263488818
CC(=O)N1CCC(C(=O)N2CC[C@@H](N(C)C(=O)c3ccc(Br)cn3)[C@H](c3ccc(Cl)c(Cl)c3)C2)CC1,6.2839966563652
O=C(c1cc(O)cc(O)c1)N1CC[C@H](NCc2ccnc3ccccc23)C[C@H]1Cc1ccccc1,6.2839966563652
O=C(NCc1cc(C(F)(F)F)cc(C(F)(F)F)c1)C(c1ccccc1)c1ccccc1,6.27901425584626
Cc1cc(C)cc(C(=O)N2CC[C@@H](NCc3ccnc4ccccc34)C[C@H]2Cc2ccccc2)c1,6.26760624017703
O=C(NCc1cc(C(F)(F)F)cc(C(F)(F)F)c1)c1c(-c2ccccc2)c2ccccc2n2cnnc12,6.26600071346161
CS(=O)(=O)N1CC2(CCN(C(=O)C(COCc3ccccc3)NCc3ccccc3Cl)CC2)c2ccccc21,6.26600071346161
CS(=O)(=O)N(CC1CCN(C(=O)[C@H](COCc2ccc(Cl)c(Cl)c2)NCc2ccccc2)CC1)c1ccccc1,6.26201267366657
C[C@@H]1NC(=O)[C@@H]2CCCN2C(=O)[C@H](Cc2ccccc2)NC(=O)[C@H]([C@@H](C)O)NC(=O)[C@H](Cc2ccccc2)NC(=O)[C@@H](Cc2c[nH]c3ccccc23)NC1=O,6.26042765554991
Cc1cc(C)cc(COC(=O)[C@H](Cc2c[nH]c3ccccc23)N(C)C)c1,6.26000069059803
Cc1ccccc1N1CCN(C(=O)[C@H](COCc2ccc(Cl)c(Cl)c2)NCc2ccccc2)CC1,6.25336580106242
Clc1ccccc1CN[C@H]1C2CCCN(CC2)[C@H]1C(c1ccccc1)c1ccccc1,6.2518119729938
CN(C(=O)Cc1cc(C(F)(F)F)cc(C(F)(F)F)c1)c1ccccc1-c1ccccc1,6.25026368443094
FC(F)(F)c1cc(CN2CCNC(Cc3c[nH]c4ccccc34)C2)cc(C(F)(F)F)c1,6.24641694110709
COc1ccccc1N1CCN(C(=O)CCc2c(-c3ccc(Cl)cc3)[nH]c3cc(Cl)cc(Cl)c23)CC1,6.24412514432751
O=C(c1cc(C(F)(F)F)cc(C(F)(F)F)c1)N1CCC2(CC1)NC(=O)N(CCc1c[nH]c3ccccc13)C2=O,6.23999995270727
CSCCNS(=O)(=O)c1ccc(N/N=C(\S)N2CCC[C@H]2C(=O)NC(c2ccccc2)c2ccccc2)c([N+](=O)[O-])c1,6.22914798835786
CN(Cc1ccccc1)C(=O)[C@H](Cc1ccccc1)NC(=O)[C@@H]1CCCN1C(=O)NCc1ccccc1Cl,6.22914798835786
O=C(NCCCc1cc(C(F)(F)F)cc(C(F)(F)F)c1)C(c1ccccc1)c1ccccc1,6.22694530663574
CC(=O)NC1(c2ccccc2)CCN(CC[C@H](CN(C)C(=O)c2ccccc2)c2ccc(Cl)c(Cl)c2)CC1,6.22694530663574
C[C@@H](O)[C@@H]1NC(=O)[C@H](Cc2ccccc2)NC(=O)[C@@H](Cc2c[nH]c3ccccc23)NC(=O)[C@H](CO)NC(=O)[C@@H]2CCCN2C(=O)[C@H](Cc2ccccc2)NC1=O,6.22475374025976
CCCCCN(CCCCC)C(=O)N1CCN(C(=O)N(c2ccccc2)c2ccccc2)[C@H](C(=O)NCC(=O)O)C1,6.22402566887063
Brc1cncc(COCC2(c3ccccc3)CCNCC2)c1,6.22184874961636
O=C(c1cc(Cl)cc(Cl)c1)N1CC[C@H](N(Cc2ccnc3ccccc23)C(=O)C(F)(F)F)C[C@H]1Cc1ccccc1,6.22184874961636
O=C(N[C@@H](Cc1c[nH]c2ccccc12)C(=O)OCc1ccccc1Cl)c1ccccc1,6.22184874961636
Cc1cc(C)cc(C(=O)N2CC[C@H](NCc3ccnc4ccccc34)C[C@H]2Cc2ccc(Cl)cc2Cl)c1,6.22184874961636
CN(Cc1cc(C(F)(F)F)cc(C(F)(F)F)c1)Cc1c(-c2ccccc2)c2ccccc2c(=O)n1C,6.22184874961636
O=C([C@H](COCc1ccc(Cl)c(Cl)c1)NCc1ccccc1)N1CCC2(CCc3ccccc32)CC1,6.22040350874218
Cc1cc(C)cc(/C(F)=C2\CCC(NC(=O)c3ccnc4ccccc34)CC2Cc2ccccc2)c1,6.20760831050175
CNC(c1ccccc1)C1(NCc2cc(C(F)(F)F)cc(C(F)(F)F)c2)CC1,6.20760831050175
O=C(CC(c1ccccc1)c1ccccc1)NCCCc1cc(C(F)(F)F)cc(C(F)(F)F)c1,6.20760831050175
CN1C(=O)OC2(CCN(CC[C@](C)(C(=O)N[C@H](Cc3ccccc3)C(=O)NCCN)c3ccc(Cl)c(Cl)c3)CC2)c2cc(F)ccc21,6.19999817218203
O=C1CN(C(=O)NCc2cc(C(F)(F)F)cc(C(F)(F)F)c2)C(c2ccccc2)c2ccccc2N1,6.19999817218203
CN1C(=O)OC2(CCN(CC[C@@H](C(=O)N(C)[C@H](C(=O)NCCN)c3ccccc3)c3ccc(Cl)c(Cl)c3)CC2)c2cc(F)ccc21,6.19999817218203
COc1ccc(C(=O)N2CCC(CCN3CCC(C(N)=O)(c4ccccc4)CC3)(c3ccc(Cl)c(Cl)c3)C2)cc1,6.19791074211827
O=C(CC1CCN(C(=O)c2cccc(C#Cc3ccccn3)c2)CC1)Nc1ccccc1F,6.19382002601611
CN1C(=O)N(Cc2cc(C(F)(F)F)cc(C(F)(F)F)c2)C2(CCN(C(=O)c3c(Cl)cccc3Cl)CC2)C1=O,6.19000284463781
CN(C)CCN[C@H](C(=O)NCc1cc(C(F)(F)F)cc(C(F)(F)F)c1)c1ccc(F)cc1,6.18708664335714
COc1ccc(-c2c(C)nn3c(C(F)(F)F)cc(C)nc23)c(F)c1F,6.18708664335714
Cc1nccc(-c2ccccc2)c1C(=O)NCc1cc(C(F)(F)F)cc(C(F)(F)F)c1,6.18508681872493
CN1CCCC[C@@](COCc2cc(C(F)(F)F)cc(C(F)(F)F)c2)(c2ccccc2)C1,6.18045606445813
Cc1cc(C)cc(CN2C(=O)OC(Cc3c[nH]c4ccccc34)C2=O)c1,6.16557929631847
Cc1c(C(=O)NCc2cc(C(F)(F)F)cc(C(F)(F)F)c2)c(-c2ccccc2)cc2nncn12,6.15614457737684
c1ccc(CCN[C@H]2C3CCN(CC3)[C@H]2C(c2ccccc2)c2ccccc2)cc1,6.15490195998574
COc1ccccc1CN[C@@H]1C2CCN(CC2)[C@H]1c1ccccc1,6.15490195998574
CN1CCC(COCc2cc(C(F)(F)F)ccn2)(c2ccc(F)cc2)CC1,6.15490195998574
O=C(c1ccc2ccccc2c1)N1CC[C@H](NCc2ccnc3ccccc23)C[C@H]1Cc1ccccc1,6.15490195998574
Cc1cc(C)cc(/C(F)=C2/CCC(NC(=O)c3ccnc4ccccc34)CC2Cc2ccccc2)c1,6.14874165128092
CN(Cc1cc(C(F)(F)F)cc(C(F)(F)F)c1)Cc1ccccc1-c1ccccc1,6.14026143380285
FC(F)(F)c1ccc(COCC2(c3ccccc3)CCNCC2)cc1,6.13667713987954
O=C1CCC(CCCN2CCC(n3c(=O)[nH]c4ccccc43)CC2)(c2ccc(Cl)c(Cl)c2)CN1Cc1ccccc1,6.12901118623943
CC(=O)NC(Cc1c[nH]c2ccccc12)C(=O)N(C)Cc1ccccc1,6.1249387366083
COc1cccc(COC(=O)[C@H](Cc2c[nH]c3ccccc23)NC(=O)c2ccccc2)c1,6.11918640771921
CCNc1cc(C(F)(F)F)cc(COCC2(c3ccc(F)cc3)CCN(C)CC2)n1,6.11918640771921
CS(=O)(=O)N1CC2(CCN(CCCC3(c4ccc(Cl)c(Cl)c4)CCC(=O)N(Cc4ccccc4)C3)CC2)c2ccccc21,6.11747546204512
CC(=O)NC1(C(=O)OCc2cc(C(F)(F)F)cc(C(F)(F)F)c2)CCc2[nH]c3ccccc3c2C1,6.11633856484638
CC(=O)N[C@H](COCc1cc(C)cc(C)c1)Cc1c[nH]c2ccccc12,6.11520463605102
COc1cc(CNC(=O)c2c(-c3ccccc3)c3ccccc3n3nnnc23)cc(OC)c1,6.10790539730952
CN1CCN(c2cc(C(F)(F)F)cc(COCC3(c4ccccc4)CCNCC3)n2)CC1,6.10237290870956
CN(Cc1cc(C(F)(F)F)cc(C(F)(F)F)c1)C(=O)N1CC(=O)Nc2ccccc2C1CN1CCOCC1,6.09999903484653
O=C(Cc1cc(C(F)(F)F)cc(C(F)(F)F)c1)N[C@H](C(=O)NCCN1CCOCC1)c1ccccc1,6.09999903484653
COc1ccccc1C(=O)N1CC2C(=O)N(C)C(=O)C2C12CCN(C(=O)c1cc(C(F)(F)F)cc(C(F)(F)F)c1)CC2,6.09999903484653
CN(Cc1ccccc1)C(=O)[C@@H](Cc1ccc2ccccc2c1)NC(=O)[C@H]1CCCN1/C(S)=N/c1ccccc1[N+](=O)[O-],6.09691001300806
CSCC[C@@H]1NC(=O)[C@H](CC(C)C)NC(=O)[C@@H]2CNC(=O)C[C@H](NC1=O)C(=O)N[C@@H](Cc1c[nH]c3ccccc13)C(=O)N[C@@H](Cc1ccccc1)C(=O)N2,6.09691001300806
COc1ccccc1CN(C)Cc1c(-c2ccccc2)c2cc(C)c(C)cc2c(=O)n1C,6.09691001300806
CN(Cc1ccccc1)C(=O)[C@@H](Cc1ccc(Cl)c(Cl)c1)NC(=O)[C@H]1CCCN1C(=O)Nc1ccccc1[N+](=O)[O-],6.08618614761628
O=C(NC(c1ccccc1)c1ccccc1)[C@@H]1CCCN1/C(S)=N/Nc1ccccc1[N+](=O)[O-],6.08092190762393
C[C@@H](O[C@H]1OC[C@H](O)[C@H](O)[C@H]1OCc1ccc(F)cc1)c1cc(C(F)(F)F)cc(C(F)(F)F)c1,6.07935499859321
CCOc1ccc(CCNC(=O)N2CCN(CCCC(c3ccc(F)cc3)c3ccc(F)cc3)CC2)cc1,6.0762380391713
Cc1cccc(NC(=O)Nc2c(-c3ccccc3)c3cc(C)c(C)cc3c(=O)n2C)c1,6.07572071393812
COc1ccccc1C(CNC(=O)Cc1ccc(Cl)cc1)N1CCN(C2CCCCC2)CC1,6.07058107428571
COc1ccccc1CNC(=O)c1c(-c2ccccc2)c2ccccc2c(=O)n1C,6.06550154875643
FC(F)(F)c1cc(CN2CC[C@H](NCc3ccnc4ccccc34)C[C@H]2Cc2ccccc2)cc(C(F)(F)F)c1,6.05551732784983
FC(F)(F)c1cc(CO[C@H]2CCCO[C@H]2c2ccccc2)cc(C(F)(F)F)c1,6.05502409158795
O=C1CCC(CCCN2CCC3(CC2)CN(c2ccccc2)NC3=O)(c2ccc(Cl)c(Cl)c2)CN1Cc1ccccc1,6.04963514562388
CS(=O)(=O)N1CC2(CCN(C(=O)C(COCc3ccccc3)NCc3c(Cl)cccc3Cl)CC2)c2ccccc21,6.04817696468409
Fc1ccc([C@@H]2CCNC[C@H]2COc2ccc3c(c2)OCO3)cc1,6.04575749056068
CCCCCN(CCCCC)C(=O)N1CCN(C(=O)N(c2ccccc2)c2ccccc2)[C@H](C(=O)N(C)CCN(C)C)C1,6.03151705144607
Clc1cncc(Cl)c1N/N=C/c1ccccc1-c1ccccc1,6.0301183562535
COc1ccccc1N1CCN(C(=O)CCc2c(-c3ccc(Cl)cc3)[nH]c3cccc(Cl)c23)CC1,6.02227639471115
N#Cc1ccc(COC2C3CCN(CC3)C2C(c2ccccc2)c2ccccc2)cc1,6.02227639471115
O=C(Nc1ccccc1)N[C@H]1C2CCN(CC2)[C@H]1C(c1ccccc1)c1ccccc1,6.0
CN(Cc1ccccc1)C(=O)[C@H](Cc1ccc2ccccc2c1)NC(=O)[C@@H]1CCCN1C(=O)Nc1ccc([N+](=O)[O-])cc1,6.0
CC1c2ccccc2N(C)C(=O)CN1C(=O)N(C)Cc1cc(C(F)(F)F)cc(C(F)(F)F)c1,6.0
O=C(N[C@H]1C2CCN(CC2)[C@H]1C(c1ccccc1)c1ccccc1)c1ccccc1,6.0
COc1cc(CC(=O)N2CCN(C(=O)CNC3CCN(Cc4ccccc4)CC3)C(c3ccc(Cl)c(Cl)c3)C2)cc(OC)c1OC,6.0
O=C(NCc1cc(C(F)(F)F)cc(C(F)(F)F)c1)c1c(CN2C(=O)c3ccccc3C2=O)nc2ccccc2c1-c1ccccc1,6.0
O=C(Nc1ccccc1)O[C@H]1C2CCN(CC2)[C@H]1C(c1ccccc1)c1ccccc1,6.0
S=C(Nc1ccccc1)N[C@H]1C2CCN(CC2)[C@H]1C(c1ccccc1)c1ccccc1,6.0
CN(Cc1ccccc1)C(=O)N1CC(=O)Nc2ccccc2C1c1ccccc1,6.0
O=C(Cc1ccccc1)NC1CCN(CCCN2C(=O)COc3ccccc32)CC1,6.0
O=S(=O)(N[C@H]1C2CCN(CC2)[C@H]1C(c1ccccc1)c1ccccc1)c1ccccc1,6.0
O=C(O[C@H]1C2CCN(CC2)[C@H]1C(c1ccccc1)c1ccccc1)c1ccccc1,6.0
COC(=O)N(NC(=O)c1c(OC)c(-c2ccccc2)nc2ccccc12)c1ccccc1,6.0
COC(=O)N(NC(=O)c1c(CN2CCN(C(C)(C)C)CC2)c(-c2ccccc2)nc2c(F)cccc12)c1ccccc1,6.0
O=C(c1cc(O)cc(O)c1)N1CCN(C(=O)CNC2CCN(Cc3ccccc3)CC2)C(c2ccc(Cl)c(Cl)c2)C1,6.0
O=C(N[C@H]1C2CCN(CC2)[C@H]1C(c1ccccc1)c1ccccc1)Oc1ccccc1,6.0
CN1CCN(Cc2nc3ccccc3c(-c3ccccc3)c2C(=O)NCc2cc(C(F)(F)F)cc(C(F)(F)F)c2)CC1,6.0
CCCCC1CCN(CCCC(=O)c2ccccc2C)CC1,6.0
COc1ccccc1CN[C@H]1CCCN[C@@]12CCc1ccccc12,6.0
O=C(CC1CCN(C(=O)c2cccc(C#Cc3ccccn3)c2)CC1)Nc1ccc(F)cc1,6.0
c1ccc([C@H]2NCCC[C@]23CC[C@H](c2ccccc2)N3)cc1,6.0
CN(Cc1ccccc1)C(=O)[C@@H](Cc1ccccc1)NC(=O)[C@H]1CCCN1/C(S)=N/c1ccccc1Br,6.0
Cc1cc(C)cc(C(=O)N2C3C=C(c4ccccc4)C2CC(NCc2ccnc4ccccc24)C3)c1,6.0
CN(Cc1ccccc1)C(=O)[C@H](Cc1ccccc1)NC(=O)[C@@H]1CCCN1/C(S)=N/Cc1ccccc1,5.99567862621736
Cc1cc(O)cc(C)c1C[C@H](N)C(=O)N[C@H](CCCNC(=N)N)C(=O)N[C@H]1Cc2ccccc2CN(CC(=O)N(Cc2ccccc2)CC(C)C)C1=O,5.99139982823808
CC(=O)C1(c2ccccc2)CCN(CCCC2(c3ccc(Cl)c(Cl)c3)CCC(=O)N(Cc3ccccc3)C2)CC1,5.9888526392242
Cc1cc(C)cc(CN(C)C(=O)[C@H](Cc2c[nH]c3ccccc23)NC(=O)c2ccccc2)c1,5.98589967848038
O=C(c1ccccc1Cl)N1CC[C@H](NCc2ccnc3ccccc23)C[C@H]1Cc1ccccc1,5.98296666070122
O=C(N[C@@H](Cc1c[nH]c2ccccc12)C(=O)OCc1cccc(Cl)c1)c1ccccc1,5.97881070093006
CC(=O)N1CCC2(CC1)C1C(=O)N(c3ccccc3)C(=O)C1CN2C(=O)c1cc(C(F)(F)F)cc(C(F)(F)F)c1,5.9699997184079
c1ccc(COCC2(c3ccccc3)CCNCC2)cc1,5.95999928552668
COC(=O)c1ccc(COC(=O)N[C@](C)(Cc2c[nH]c3ccccc23)C(=O)N[C@@H](C)c2ccccc2)cc1,5.95999928552668
FC(F)(F)c1ccccc1CNC1C2CC3CCC(C2)N3[C@H]1C(c1ccccc1)c1ccccc1,5.95860731484178
CN(C(=O)c1ccc(C(F)(F)F)cn1)[C@@H]1CCN(C(=O)C2CCN(C(=O)CO)CC2)C[C@H]1c1ccc(Cl)c(Cl)c1,5.95860731484178
C[C@@H](O[C@H]1O[C@H](CO)[C@H](O)[C@H](O)[C@H]1OCc1ccc(F)cc1)c1cc(C(F)(F)F)cc(C(F)(F)F)c1,5.95860731484178
CSN1CC2(CCN(C(=O)N[C@@H](CCc3ccccc3)C(=O)N(C)Cc3ccccc3)CC2)c2ccccc21,5.95860731484178
COc1ccc(COC2C3CCN(CC3)C2C(c2ccccc2)c2ccccc2)cc1,5.95350483566529
FC(F)(F)c1cc(CC[C@H]2OCCN[C@@H]2c2ccccc2)cc(C(F)(F)F)c1,5.94692155651658
Cc1cc(C)cc(COCC(N)Cc2cccc3ccccc23)c1,5.93554201077308
O=C(NCc1cc(C(F)(F)F)cc(C(F)(F)F)c1)c1c(-c2ccccc2)c2ccccc2n2ccnc12,5.90903692340427
COc1nc(NCCCN2CCOCC2)nc(OC)c1NC(=O)c1ccc(Oc2cc3c(cc2C)CCC3(C)C)o1,5.90308998699194
CN(Cc1ccccc1)C[C@H](Cc1ccc2ccccc2c1)NC(=O)[C@@H]1CCCC[C@@H]1NC(=O)c1c[nH]c2ccccc12,5.89999841719865
C[C@@H]1c2nnc(-c3csc(-c4ccc(F)cc4F)n3)n2CCN1C(=O)c1ccc(-c2cccs2)cc1,5.89999841719865
O=C(COc1cc(F)cc(F)c1)N(c1ccc(Cl)c(Cl)c1)C1CCNCC1,5.89999841719865
O=C(NC(c1ccccc1)c1ccccc1)[C@@H]1CCCN1/C(S)=N/Cc1ccccc1F,5.89619627904404
COc1ccccc1C/N=C(\S)N1CCC[C@H]1C(=O)N[C@H](Cc1ccccc1)C(=O)N(C)Cc1ccccc1,5.89279003035213
CS(=O)(=O)N1CC2(CCN(C(=O)[C@H](COCc3cc(C(F)(F)F)cc(C(F)(F)F)c3)NC(=O)c3ccc(Cl)c(Cl)c3)CC2)c2ccccc21,5.88605664769316
O=C(c1ccc(Cl)cc1)N1CC[C@H](NCc2ccnc3ccccc23)C[C@H]1Cc1ccccc1,5.86327943284359
O=C(c1ccccc1)N1CC[C@H](NCc2ccnc3ccccc23)C[C@H]1Cc1ccccc1,5.86012091359876
CC(C)(C(=O)Nc1ccccc1-c1ccccc1)c1cc(C(F)(F)F)cc(C(F)(F)F)c1,5.86012091359876
C[C@@H](O)[C@@H]1NC(=O)[C@H](Cc2ccccc2)NC(=O)[C@@H](Cc2c[nH]c3ccccc23)NC(=O)[C@H](CC(=O)O)NC(=O)[C@@H]2CCCN2C(=O)[C@H](Cc2ccccc2)NC1=O,5.85729775426238
CC(NC(=O)[C@@](C)(Cc1cc2ccccc2[nH]1)NC(=O)OC(c1ccccc1)C(C)C)c1ccccc1,5.85387196432176
COc1cccc([C@H]2[C@H](NCc3ccccc3OC)C3CCN2CC3)c1,5.85387196432176
Cc1cc(C)cc(CNC(=O)[C@H](Cc2c[nH]c3ccccc23)NC(=O)c2ccccc2)c1,5.83356988615672
CN1C(=O)N(Cc2cc(C(F)(F)F)cc(C(F)(F)F)c2)C2(CCN(C(=O)c3ccccc3F)CC2)C1=O,5.82999952673565
O=C(Cc1cc(C(F)(F)F)cc(C(F)(F)F)c1)N1CCCCC1C(CN1CCC(N2CCCCC2)CC1)c1ccccc1,5.82390874094432
CN(Cc1ccccc1)C(=O)Nc1c(-c2ccc(F)cc2)c2ccccc2c(=O)n1C,5.82390874094432
Cc1cc(O)cc(C)c1C[C@H](N)C(=O)N[C@H](CCCNC(=N)N)C(=O)N[C@H]1Cc2ccccc2CN(CC(=O)N(C)Cc2ccccc2)C1=O,5.8153085691824
FC(F)(F)c1cc(CC[C@@H]2OCCN[C@@H]2c2ccccc2)cc(C(F)(F)F)c1,5.8153085691824
Cc1cc(C)cc(COC(=O)[C@H](N)Cc2c[nH]c3ccccc23)c1,5.81445784514563
Cc1cc(C)cc(COC(=O)[C@@H](N)Cc2c[nH]c3ccccc23)c1,5.81445784514563
O=C(NC(c1ccccc1)c1ccccc1)[C@@H]1CCCN1/C(S)=N/Cc1ccccc1[N+](=O)[O-],5.80687540164554
C[C@H](NC(=O)[C@@](C)(Cc1c[nH]c2ccccc12)NC(=O)OCc1cccc(NC(=O)CCl)c1)c1ccccc1,5.8000008748032
O=C(NC1(C(=O)N[C@@H](Cc2ccc3ccccc3c2)c2nnnn2Cc2ccccc2)CCCCC1)c1c[nH]c2ccccc12,5.8000008748032
COc1ccccc1N1CCN(C(=O)c2cc(-c3ccc(Cl)cc3)n(C)n2)CC1,5.79588001734408
CCN1C(=O)c2ccccc2[C@H]1[C@@H](CCN1CCC(c2ccccc2[S@+](C)[O-])CC1)c1ccc(Cl)c(Cl)c1,5.79048498545737
COc1ccc(N2CN(CC(=O)N3CCC4(CC3)C(=O)N(C)C(=O)N4Cc3cc(C(F)(F)F)cc(C(F)(F)F)c3)CC2=O)cc1OC,5.77000093405071
Cc1ccc(-c2c(C(=O)N(C)[C@@H](C)c3ccccc3)n(C)c(=O)c3ncccc23)cc1,5.76955107862173
O=C(NC(c1ccccc1)c1ccccc1)[C@@H]1CCCN1C(=S)NCc1ccccc1Br,5.76955107862173
FC(F)(F)c1cc(COCC2(c3ccccc3)CCCCC2)cc(C(F)(F)F)c1,5.76955107862173
COc1ccccc1N1CCN(C(=O)c2cc(-c3ccc(Cl)cc3)n[nH]2)CC1,5.74472749489669
Clc1ccc(CN[C@H]2C3CCN(CC3)[C@H]2C(c2ccccc2)c2ccccc2)cc1,5.72353819582676
COc1ccccc1CN1CCN(C(=O)c2cc(-c3ccc(Cl)cc3)n[nH]2)CC1,5.72124639904717
O=C(N[C@H]1CCCC[C@H]1C(=O)N[C@@H](Cc1ccccc1)C(=O)NCc1ccccc1)c1c[nH]c2ccccc12,5.70000050388302
CS(=O)(=O)N1CC2(CCN(C(=O)C(N)COCc3ccccc3)CC2)c2ccccc21,5.69897000433602
Cc1c(C2(c3ccc(C(F)(F)F)c(C#N)c3)CC2)c[nH]c1C(=O)NC(C)c1nc[nH]n1,5.69897000433602
CCCCCCCCN1C(=O)NC2(CCN(C(=O)c3cc(C(F)(F)F)cc(C(F)(F)F)c3)CC2)C1=O,5.6899995628145
C[C@H](NC(=O)[C@@](C)(Cc1c[nH]c2ccccc12)NC(=O)OCc1c2ccccc2cc2ccccc12)c1ccccc1,5.67999919573527
O=C(N[C@@H](Cc1c[nH]c2ccccc12)C(=O)OCc1ccc(C(F)(F)F)cc1)c1ccccc1,5.6675615400844
CC(C)[C@H](OC(=O)N[C@](C)(Cc1ccccc1F)C(=O)NCCCCCCCNC(N)=O)c1ccccc1,5.65757731917779
COc1ccccc1N1CCN(C(=O)c2cc(-c3ccc(Cl)cc3)nn2C)CC1,5.65757731917779
COc1ccc(CC(=O)NCC(c2ccccc2OC)N2CCN(C3CCCCC3)CC2)cc1,5.65757731917779
COc1cc(CNC(=O)CC(c2ccccc2)c2ccccc2)cc(OC)c1,5.65072247253205
O=C1C2CN(C(=O)COCc3ccccc3)C3(CCNCC3)C2C(=O)N1Cc1cc(C(F)(F)F)cc(C(F)(F)F)c1,5.63999955502035
Cc1cc(C)cc(C(=O)N2CCC(NCc3ccnc4ccccc34)CC2[C@@H](C)c2ccccc2)c1,5.63827216398241
Cc1cc(C)cc(COCC(N)Cc2ccc3ccccc3c2)c1,5.63208526120625
Cc1cc(C)cc(COCC(N)Cc2c[nH]c3ccccc23)c1,5.63208526120625
Cc1cc(C)cc(COC[C@@H](N)Cc2ccc3ccccc3c2)c1,5.62999978052488
CC(=O)N1CCC2(CC1)C1C(=O)N(Cc3cc(C(F)(F)F)cc(C(F)(F)F)c3)C(=O)C1CN2C(=O)COCc1ccccc1,5.62999978052488
Cc1cc(C)cc(COC[C@@H](N)Cc2c[nH]c3ccccc23)c1,5.62999978052488
COc1ccccc1C(CNC(=O)Cc1ccccc1)N1CCN(C2CCCCC2)CC1,5.61978875828839
O=C(NCCc1ccccc1)C1(Cc2ccccc2)CCc2ccc(Cc3ccccc3)cc21,5.61978875828839
Cc1cc(C)cc(COC[C@H](N)c2ccccc2)c1,5.60205999132796
CN(CCc1ccccc1)C(=O)[C@H](Cc1ccccc1)NC(=O)[C@@H]1CCCN1/C(S)=N/Cc1ccccc1Cl,5.60205999132796
CS(=O)(=O)N1CCC2(CCN(C(=O)[C@H](COCc3ccc(Cl)c(Cl)c3)NCc3ccccc3)CC2)C1,5.60205999132796
CC(C)(C(=O)N[C@@H](C(=O)N1CCOCC1)c1ccccc1)c1cc(C(F)(F)F)cc(C(F)(F)F)c1,5.59999938302362
CC(C)(C(=O)N[C@@H](C(=O)NCCN1CCOCC1)c1ccccc1)c1cc(C(F)(F)F)cc(C(F)(F)F)c1,5.59999938302362
O=C1CO[C@@H](/C=C/c2cc(C(F)(F)F)cc(C(F)(F)F)c2)[C@@H](c2ccccc2)N1,5.59687947882418
FC(F)(F)c1cc(CO[C@H]2CCCC[C@H]2c2ccccc2)cc(C(F)(F)F)c1,5.57971411505808
O=C1OC(Cc2c[nH]c3ccccc23)C(=O)N1Cc1cccc(C(F)(F)F)c1,5.57413985492216
Cc1cc(C)cc(C(=O)N2CC[C@H](NCc3ccnc4ccccc34)C[C@H]2c2ccccc2)c1,5.57348873863543
O=C1O[C@@H](Cc2c[nH]c3ccccc23)C(=O)N1Cc1cccc(C(F)(F)F)c1,5.57000077514168
CN(Cc1ccccc1)C(=O)[C@@H](Cc1ccc2ccccc2c1)NC(=O)[C@H]1CCCN1/C(=N/c1ccccc1[N+](=O)[O-])NC#N,5.56863623584101
CC(C)C[C@@H]1NC(=O)[C@@H](Cc2c[nH]c3ccccc23)NC(=O)[C@H](Cc2ccccc2)NC(=O)[C@@H]2CCCN2C(=O)[C@H](Cc2ccccc2)NC(=O)[C@H]([C@@H](C)O)NC1=O,5.56351930499051
COc1ccccc1CNC(=O)c1c(-c2ccccc2)c2ccccc2n2nnnc12,5.56082526015653
Cc1cc(C)cc(COC2/C(=C/c3ccccc3)N3CCC2CC3)c1,5.53268793701945
CC(C)[C@H](OC(=O)N[C@](C)(Cc1cccc(F)c1F)C(=O)NCCCCCCCNC(N)=O)c1ccccc1,5.52287874528034
CCCCCN(CCCCC)C(=O)N1CCN(C(=O)N(c2ccccc2)c2ccccc2)[C@@H](C(=O)O)C1,5.52287874528034
Cc1cc(O)cc(C)c1C[C@H](N)C(=O)N[C@H](CCCNC(N)=O)C(=O)N[C@H]1Cc2ccccc2CN(CCC(=O)N(C)Cc2ccccc2)C1=O,5.52287874528034
COC(=O)C1(Cc2ccccc2)CCc2ccc(Cc3ccccc3)cc21,5.52287874528034
O=C(CC(c1ccccc1)c1ccccc1)Nc1cc(C(F)(F)F)cc(C(F)(F)F)c1,5.52215552366124
COc1ccccc1CN[C@@H]1C2CCNC1(c1ccccc1)CC=C2C,5.49999967865707
CN(Cc1ccccc1)C(=O)[C@@H](Cc1ccccc1)NC(=O)[C@H]1CCCN1/C(S)=N/c1ccccc1Cl,5.49485002168009
O=C(Cc1ccccc1)N1CC[C@H](NCc2ccnc3ccccc23)C[C@H]1Cc1ccccc1,5.48148606012211
O=C1C(Cc2c[nH]c3ccccc23)OCCN1Cc1ccccc1,5.45593195564972
Cc1cc2c(-c3ccccc3)c(NC(=O)N(C)CCc3ccccc3)n(C)c(=O)c2cc1C,5.44369749923271
O=C(Cc1cc(C(F)(F)F)cc(C(F)(F)F)c1)N1CCCCC1C(c1ccccc1)N1CCC(N2CCCCC2)CC1,5.43179827593301
O=C(NCCc1c[nH]c2ccccc12)[C@H](Cc1ccccc1)NC(=O)[C@@H]1CCCN1C(=S)NCc1ccccc1Cl,5.43179827593301
O=C(Cc1c[nH]c2ccccc12)N1CCC(Cc2ccccc2)C1,5.43179827593301
C[C@H](NC(=O)[C@@](C)(Cc1c[nH]c2ccccc12)NC(=O)OCc1ccc(CNC(=O)OC(C)(C)C)cc1)c1ccccc1,5.43000026779605
CN1C(=O)N(Cc2cc(C(F)(F)F)cc(C(F)(F)F)c2)C2(CCN(C(=O)CN3CCC(Cc4ccccc4)CC3)CC2)C1=O,5.43000026779605
Clc1ccc(COC(Cn2ccnc2)c2ccc(Cl)cc2Cl)c(Cl)c1,5.4299242946784
CCN[C@@H](Cc1c[nH]c2ccccc12)C(=O)OCc1ccccc1,5.42021640338319
O=C(NCC(c1ccccc1)c1ccccc1)c1cc(C(F)(F)F)cc(C(F)(F)F)c1,5.40704642845213
C[C@@H]1NC(=O)[C@@H](Cc2c[nH]c3ccccc23)NC(=O)[C@H](Cc2ccccc2)NC(=O)[C@@H]2CCCN2C(=O)[C@H](Cc2ccccc2)NC(=O)[C@H]([C@@H](C)O)NC1=O,5.38795825535473
NC(=O)[C@H](Cc1ccccc1)NC(=O)[C@H](Cc1c[nH]c2ccccc12)NC(=O)OCc1ccccc1,5.3767507096021
COc1ccc(C(=O)N2CC3C(=O)N(Cc4cc(C(F)(F)F)cc(C(F)(F)F)c4)C(=O)C3C23CCNCC3)cc1OC,5.36999951009909
O=C1OC(Cc2c[nH]c3ccccc23)C(=O)N1Cc1cc(F)cc(F)c1,5.36906388093581
O=C1CN(Cc2cc(C(F)(F)F)cc(C(F)(F)F)c2)C(=O)C(Cc2c[nH]c3ccccc23)N1,5.36321131096563
FC(F)(F)c1ccccc1CNC1C2CC3CCCC(C2)N3[C@H]1C(c1ccccc1)c1ccccc1,5.35654732351381
FC(F)(F)c1ccccc1CNC1C2C3CCCC2CN(C3)[C@H]1C(c1ccccc1)c1ccccc1,5.31875876262441
COc1ccccc1C/N=C(\S)N1CCC[C@H]1C(=O)NCC(c1ccccc1)c1ccccc1,5.30102999566398
O=C(NC(c1ccccc1)c1ccccc1)[C@@H]1CCCN1C(=S)NCc1ccccc1,5.30102999566398
COc1ccccc1CN(CC(NC(=O)CN1CCN(c2ccccc2)CC1)C(C)C)C(C)=O,5.30102999566398
CC(=O)N(C)CC(Cc1c[nH]c2ccccc12)NC(=O)CN1CCN(c2ccccc2)CC1,5.30102999566398
CC(=O)N(CC(Cc1c[nH]c2ccccc12)NC(=O)CN1CCN(c2ccccc2)CC1)c1ccccc1,5.30102999566398
COc1ccccc1CN(CCNC(=O)CN1CCN(c2ccccc2)CC1)C(C)=O,5.30102999566398
COc1ccccc1C/N=C(\S)N1CCC[C@@H]1C(=O)NC(c1ccccc1)c1ccccc1,5.30102999566398
COc1ccc(CCN2CCC(C(=O)c3nc4ccccc4n3Cc3ccc(F)cc3)CC2)cc1,5.2839966563652
COc1ccc(COC(=O)[C@H](Cc2c[nH]c3ccccc23)NC(=O)c2ccccc2)cc1,5.25963731050576
Cc1cc(C)cc(COC(=O)[C@@H](Cc2c[nH]c3ccccc23)NC(=O)c2ccccc2)c1,5.25963731050576
O[C@H]1COC[C@H]1N1CC[C@@H](c2cc3nc(Nc4cnn([C@@H]5CC5(F)F)c4Cl)ncc3cc2Cl)[C@H](F)C1,5.24412514432751
Cc1cccc2c1C1(C34C[C@H]5C(=O)N[C@@H](Cc6ccccc6)C(=O)N5[C@H]3Nc3cccc(C)c34)C[C@H]3C(=O)N[C@@H](Cc4ccccc4)C(=O)N3[C@H]1N2,5.24412514432751
O=C1OC(Cc2c[nH]c3ccccc23)C(=O)N1Cc1ccccc1,5.22184874961636
O=C1O[C@@H](Cc2c[nH]c3ccccc23)C(=O)N1Cc1ccccc1,5.21999970166343
C[C@@H]1c2nnc(-c3csc(N(C)C)n3)n2CCN1C(=O)c1ccc(-c2cccs2)cc1,5.21752737583371
Cc1cc(O)cc(C)c1C[C@H](N)C(=O)N[C@H](CCCNC(=N)N)C(=O)N[C@H]1Cc2ccccc2CN(CC(=O)NCc2ccccc2)C1=O,5.20830935097988
Clc1ccc(COC(Cn2ccnc2)c2ccc(Cl)cc2Cl)cc1,5.18869315991866
COCc1nnc(N2CC(Oc3ccc(F)cc3Cl)C2)n1-c1ccc(OC)nc1,5.18708664335714
O=C(Nc1cc(C(F)(F)F)cc(C(F)(F)F)c1)C(c1ccccc1)c1ccccc1,5.1830299622427
O=C(NCc1c[nH]c2ccccc12)N1C2CCC(C2)C1Cc1ccccc1,5.17392519729917
COc1ccccc1N1CCN(C(=O)c2cc(-c3ccccc3)n[nH]2)CC1,5.17392519729917
Cc1ccc(-c2nnc3n2CCN(C(=O)c2ccc(Cl)c(Cl)c2)[C@@H]3C)o1,5.16115090926274
CN(Cc1ccccc1)C(=O)[C@H](Cc1ccc2ccccc2c1)NC(=O)[C@H]1CCCN1C(=O)Nc1ccccc1[N+](=O)[O-],5.14874165128092
C[C@H](NC(=O)[C@@](C)(Cc1c[nH]c2ccccc12)NC(=O)OCc1cccc(NS(C)(=O)=O)c1)c1ccccc1,5.13999997606523
COc1cc(CN2C(=O)OC(Cc3c[nH]c4ccccc34)C2=O)cc(OC)c1,5.13276828548111
CC(=O)Nc1cccc(COC(=O)N[C@](C)(Cc2c[nH]c3ccccc23)C(=O)N[C@@H](C)c2ccccc2)c1,5.13000014136548
CC(C)c1nc(-c2nnc3n2CCN(C(=O)c2ccc(-c4cccs4)cc2)[C@@H]3C)co1,5.1000001283342
O=C1OC2(CCN(CCc3c[nH]c4ccc(F)cc34)CC2)CN1Cc1ccccc1,5.1000001283342
O=C(N[C@@H](Cc1ccccc1)C(=O)N1CCc2ccccc2C1)[C@@H]1CCCN1C(=S)NCc1ccccc1Cl,5.09691001300806
Cc1cc(C)cc(CO[C@@H]2/C(=C/c3ccccc3)N3CCC2CC3)c1,5.08999974148707
CC/C(=C(\c1ccccc1)c1ccc(OCCN(C)C)cc1)c1ccccc1,5.068542129311
COc1ccc(CCN2CCC(Nc3nc4ccccc4n3Cc3ccc(F)cc3)CC2)cc1,5.06474471821595
Clc1ccccc1C(c1ccccc1)(c1ccccc1)n1ccnc1,5.05814087347463
NC(=O)[C@H](Cc1ccccc1)NC(=O)[C@@H](N)Cc1c[nH]c2ccccc12,5.03151705144607
C[C@@H]1c2nnc(-c3csc(C(F)(F)F)n3)n2CCN1C(=O)c1ccc(F)c(Cl)c1,5.0268721464003
CC(=O)Nc1ccccc1NC(=O)N1CCC[C@H]1C(=O)N[C@@H](Cc1ccc2ccccc2c1)C(=O)N(C)Cc1ccccc1,5.01772876696043
C[C@@H]1c2nnc(-c3cccc(O)n3)n2CCN1C(=O)c1ccc(-c2cccs2)cc1,5.0
Cc1nc(-c2nnc3n2CCN(C(=O)c2ccc(-c4cccs4)cc2)[C@@H]3C)co1,5.0
Cc1noc(-c2nnc3n2CCN(C(=O)c2ccc(-c4cccs4)cc2)[C@@H]3C)n1,5.0
CC(C)(C)OC(=O)N[C@@H](Cc1ccccc1)C(=O)N[C@](C)(Cc1ccccc1)C(=O)NCCCCCCCNC(N)=O,5.0
CC(C)(C(=O)N[C@H](C(=O)NCCN1CCOCC1)c1ccccc1)c1cc(Cl)cc(Cl)c1,5.0
CC(C)(C(=O)N[C@H](C(=O)NCCN1CCOCC1)c1ccccc1)c1ccccc1,5.0
Cc1nc(-c2nnc3n2CCN(C(=O)c2ccc(-c4cccs4)cc2)C3)cs1,5.0
CC(C)(C)OC(=O)N[C@@H](Cc1ccccc1)C(=O)N[C@](C)(Cc1ccccc1)C(=O)NCCCCCCCCO,5.0
CN(Cc1ccncc1)C(=O)[C@H](Cc1ccccc1)NC(=O)[C@@H]1CCCN1/C(S)=N/Cc1ccccc1Cl,5.0
CC(C)(C(=O)N[C@H](C(=O)NCCNCCO)c1ccccc1)c1cc(C(F)(F)F)cc(C(F)(F)F)c1,5.0
CC[C@H](NC(=O)c1c(O)c(-c2ccccc2)nc2ccccc12)c1ccccc1,5.0
N[C@@H](Cc1c[nH]c2ccccc12)C(=O)OCc1ccccc1,5.0
Cc1cc(C)cc(C(C)(C)C(=O)N[C@H](C(=O)NCCN2CCOCC2)c2ccccc2)c1,5.0
N[C@H](Cc1c[nH]c2ccccc12)C(=O)OCc1ccccc1,5.0
C[C@H]1Cc2c([nH]c3cc(Cl)c(F)cc23)[C@@]2(N1)C(=O)Nc1ccc(Cl)cc12,5.0
O=S(=O)(c1cc(C(F)(F)F)cc(C(F)(F)F)c1)N1CC[C@H](NCc2ccnc3ccccc23)C[C@H]1Cc1ccccc1,5.0
Cc1cc(C)cc(/C(F)=C2/CC[C@@H](NC(=O)c3ccnc4ccccc34)C[C@@H]2Cc2ccccc2)c1,5.0
Cc1cc(C)cc(/C(F)=C2\CC[C@H](NC(=O)c3ccnc4ccccc34)C[C@H]2Cc2ccccc2)c1,5.0
COc1ccccc1[C@@H]1CC[C@@]2(CCCN[C@H]2c2ccccc2)N1,5.0
CC(C)(NC(=O)c1ccccc1-c1ccccc1)c1cc(C(F)(F)F)cc(C(F)(F)F)c1,5.0
O=C(NCc1cc(C(F)(F)F)cc(C(F)(F)F)c1)c1ccccc1-c1ccccc1,5.0
CC(C)(C(=O)N[C@H](C(=O)NCCCN1CCOCC1)c1ccccc1)c1cc(C(F)(F)F)cc(C(F)(F)F)c1,5.0
CC(C)(C)OC(=O)N[C@@](C)(Cc1ccccc1)C(=O)N[C@H](Cc1ccccc1)C(=O)NCCCCCCCCO,5.0
COc1cc(N)c(Cl)cc1C(=O)NC1C2CC3CN(C2)CC31,5.0
Cc1cc(C)cc(C(=O)N2CC[C@H](NCc3ccnc4ccccc34)C[C@H]2Cc2ccc(C(=O)O)cc2)c1,5.0
O=C1CC[C@](CCN2CC(N3CCC(F)CC3)C2)(c2ccc(Cl)c(Cl)c2)CN1CC1CCC(F)(F)CC1,5.0
CSCC[C@H](NC(=O)[C@H](CC(C)C)NC(=O)CNC(=O)[C@H](Cc1ccccc1)N(C)C(=O)[C@H](Cc1ccccc1)NC(=O)[C@H](CC(=O)O)NC(N)=O)C(N)=O,5.0
CSCC[C@H](NC(=O)[C@H](CC(C)C)NC(=O)CNC(=O)[C@H](C(C)C)N(C)C(=O)[C@H](Cc1ccccc1)NC(=O)[C@H](CC(=O)O)NC(=O)CCC(=O)O)C(N)=O,5.0
CSCC[C@H](NC(=O)[C@H](CC(C)C)NC(=O)CNC(=O)[C@H](Cc1ccccc1)N(C)C(=O)[C@H](Cc1ccccc1)NC(=O)[C@H](CC(=O)O)NC(=O)NN)C(N)=O,5.0
COc1ccc2c(C(=O)NCc3ccccc3)cc(-c3ccccc3)nc2c1,5.0
COC1Cc2ccccc2C2(CCN(Cc3ccccc3)CC2)O1,5.0
CC(C)(C)OC(=O)N[C@@](C)(Cc1ccccc1)C(=O)N[C@H](Cc1ccccc1)C(=O)NCCCCCCCCC(N)=O,5.0
COC1Cc2ccccc2C2(CCN(CCCc3ccccc3)CC2)O1,5.0
COC1OC2(CCN(Cc3ccccc3)CC2)c2ccccc21,5.0
Cc1nsc(-c2nnc3n2CCN(C(=O)c2ccc(Cl)c(Cl)c2)[C@@H]3C)n1,4.98716277529483
CN1C(=O)[C@@H]2C[C@@]3([C@@]45C[C@H]6C(=O)N(C)[C@@H](Cc7ccccc7)C(=O)N6[C@@H]4Nc4ccccc45)c4ccccc4N[C@H]3N2C(=O)[C@@H]1Cc1ccccc1,4.92081875395238
C[C@@H]1c2nnc(-c3csc(C(F)(F)F)n3)n2CCN1C(=O)c1ccc(Cl)c(F)c1,4.92081875395238
Cc1nsc(-c2nnc3n2CCN(C(=O)c2ccc(-c4cccs4)cc2)[C@@H]3C)n1,4.90000014205763
Cc1nc(-c2nnc3n2CCN(C(=O)c2ccc(-c4cccs4)cc2)[C@@H]3C)cs1,4.90000014205763
COc1cc2c(cc1-c1c(C)noc1C)ncc1[nH]c(=O)n([C@H](C)c3ccccn3)c12,4.89962945488244
Cc1ccc(-c2nnc3n2CCN(C(=O)c2ccc(Cl)c(F)c2)[C@@H]3C)o1,4.88605664769316
C[C@@H]1c2nnc(-c3csc(C(F)(F)F)n3)n2CCN1C(=O)c1ccc(Cl)cc1,4.82390874094432
Cc1cc(O)cc(C)c1CC(N)C(=O)NC(CCCNC(=N)N)C(=O)NC(Cc1ccccc1)C(=O)N(C)CC(=O)N(C)Cc1ccccc1,4.79452496325911
Cc1cccc(-c2nnc3n2CCN(C(=O)c2ccc(-c4cccs4)cc2)[C@@H]3C)n1,4.76447155309245
COc1ccc(C(O)C2NC(=O)CNC(=O)[C@H](C(C)C)NC(=O)CNC(=O)[C@@H]3CCCN3C(=O)[C@@H](Cc3c[nH]c4ccccc34)NC(=O)CNC2=O)cc1,4.74472749489669
Cc1ccc(-c2nnc3n2CCN(C(=O)c2ccc(F)c(Cl)c2)[C@@H]3C)o1,4.74472749489669
C[C@@H]1c2nnc(-c3csc(C(F)(F)F)n3)n2CCN1C(=O)c1cc(F)c(F)c(F)c1F,4.72124639904717
CN(Cc1ccccc1)C(=O)[C@H](Cc1ccc2ccccc2c1)NC(=O)[C@@H]1CCCN1C(=O)Nc1ccccc1N,4.70553377383841
Cc1nsc(-c2nnc3n2CCN(C(=O)c2ccc(Cl)c(F)c2)[C@@H]3C)n1,4.70114692359029
Cc1nsc(-c2nnc3n2CCN(C(=O)c2ccc(Cl)c(Cl)c2)C3C)n1,4.67778070526608
C[C@@H]1c2nnc(-c3csc(C(F)(F)F)n3)n2CCN1C(=O)c1ccc(F)c(F)c1,4.67778070526608
Cc1nsc(-c2nnc3n2CCN(C(=O)c2ccc(F)cc2)[C@@H]3CCO)n1,4.65757731917779
Cc1nsc(-c2nnc3n2CCN(C(=O)c2ccc(F)c(Cl)c2)[C@@H]3C)n1,4.65560772631489
CCc1nsc(-c2nnc3n2CCN(C(=O)c2ccc(F)cc2)[C@@H]3C)n1,4.62342304294349
C[C@@H]1c2nnc(-c3csc(C(F)(F)F)n3)n2CCN1C(=O)c1cc(F)c(F)c(F)c1,4.61978875828839
Cc1ccc(-c2nnc3n2CCN(C(=O)c2ccc(Cl)cc2)[C@@H]3C)o1,4.60205999132796
COCc1nc2cnc3cc(-c4c(C)noc4C)c(OC[C@H]4CCNC4)cc3c2n1[C@H](C)c1ccccc1,4.60000007460618
CNC(=O)c1cc(C(=O)NC2CC2)cn(Cc2ccccc2)c1=O,4.60000007460618
CC(=O)Nc1c(F)cc(C(=O)N[C@H]2CC[C@H](O)CC2)cc1O[C@@H](C)c1ccccc1,4.60000007460618
COc1ccc(N)cc1C[C@]12C[C@H]3C(=O)N[C@@H](Cc4ccccc4)C(=O)N3[C@H]1Nc1ccccc12,4.58502665202918
Cc1ccc(-c2nnc3n2CCN(C(=O)c2cc(F)c(F)c(F)c2)[C@@H]3C)o1,4.56863623584101
C[C@@H]1c2nnc(-c3csc(C(F)(F)F)n3)n2CCN1C(=O)c1ccc(F)c(F)c1F,4.55284196865778
Clc1cccc(CN[C@H]2C3CCN(CC3)[C@H]2C(c2ccccc2)c2ccccc2)c1,4.55284196865778
CN(Cc1ccccc1)C(=O)[C@H](Cc1cc2ccccc2s1)NC(=O)[C@@H]1CCCN1/C(S)=N/Cc1ccccc1Cl,4.53165266958784
Cc1nsc(-c2nnc3n2CCN(C(=O)c2ccc(Cl)cc2)[C@@H]3C)n1,4.52287874528034
Cc1nsc(-c2nnc3n2CCN(C(=O)c2ccccc2C)[C@@H]3C)n1,4.52287874528034
COc1cc(C(=O)N2CCn3c(-c4nc(C)ns4)nnc3[C@H]2C)ccc1F,4.52287874528034
Cc1nsc(-c2nnc3n2CCN(C(=O)c2cc(F)c(F)c(F)c2F)[C@@H]3C)n1,4.52287874528034
CCc1noc(-c2nnc3n2CCN(C(=O)c2ccc(F)cc2)[C@@H]3C)n1,4.52287874528034
Cc1nsc(-c2nnc3n2CCN(C(=O)c2ccc(F)cc2)C3C)n1,4.52287874528034
Cc1nsc(-c2nnc3n2CCN(C(=O)c2cccc(F)c2)[C@@H]3C)n1,4.52287874528034
Cc1nsc(-c2nnc3n2CCN(C(=O)c2cccc(Cl)c2)[C@@H]3C)n1,4.52287874528034
Cc1nsc(-c2nnc3n2CCN(C(=O)c2ccc(F)cc2F)[C@@H]3C)n1,4.52287874528034
Cc1nsc(-c2nnc3n2CCN(C(=O)c2cc(F)cc(F)c2)[C@@H]3C)n1,4.52287874528034
Cc1nsc(-c2nnc3n2CCN(C(=O)c2ccc(F)c(Cl)c2)C3C)n1,4.52287874528034
Cc1nsc(-c2nnc3n2CCN(C(=O)c2ccc(Cl)c(F)c2)C3C)n1,4.52287874528034
Cc1noc(-c2nnc3n2CCN(C(=O)c2ccc(F)cc2)[C@@H]3C)n1,4.52287874528034
CCc1nsc(-c2nnc3n2CCN(C(=O)c2ccc(F)cc2)C3C)n1,4.52287874528034
CCc1noc(-c2nnc3n2CCN(C(=O)c2ccc(F)cc2)C3C)n1,4.52287874528034
C[C@@H]1c2nnc(-c3nc(C(F)F)ns3)n2CCN1C(=O)c1ccc(F)cc1,4.52287874528034
C[C@@H]1c2nnc(-c3nc(C(C)(F)F)no3)n2CCN1C(=O)c1ccc(F)cc1,4.52287874528034
Cc1nsc(-c2nnc3n2CCN(C(=O)c2ccc(F)c(F)c2)C3C)n1,4.52287874528034
Cc1nsc(-c2nnc3n2CCN(C(=O)c2cc(F)c(F)c(F)c2F)C3C)n1,4.52287874528034
Cc1nsc(-c2nnc3n2CCN(C(=O)c2ccc(C#N)cc2)[C@@H]3C)n1,4.52287874528034
COc1cccc(C(=O)N2CCn3c(-c4nc(C)ns4)nnc3[C@H]2C)c1,4.52287874528034
Cc1nsc(-c2nnc3n2CCN(C(=O)c2cccc(O)c2)[C@@H]3C)n1,4.52287874528034
Cc1nsc(-c2nnc3n2CCN(C(=O)c2cc(F)c(F)c(F)c2)C3C)n1,4.52287874528034
Cc1nsc(-c2nnc3n2CCN(C(=O)c2ccc(F)c(F)c2F)C3C)n1,4.52287874528034
Cc1nsc(-c2nnc3n2CCN(C(=O)c2cc(F)c(F)c(F)c2)[C@@H]3C)n1,4.52287874528034
Cc1nsc(-c2nnc3n2CCN(C(=O)c2ccc(F)c(F)c2F)[C@@H]3C)n1,4.52287874528034
Cc1nsc(-c2nnc3n2CCN(C(=O)c2ccc(F)c(F)c2)[C@@H]3C)n1,4.52287874528034
Cc1ccc(C(=O)N2CCn3c(-c4nc(C)ns4)nnc3[C@H]2C)cc1,4.52287874528034
Cc1nsc(-c2nnc3n2CCN(C(=O)c2ccccc2)[C@@H]3C)n1,4.52287874528034
Cc1nsc(-c2nnc3n2CCN(C(=O)c2ccc(C(F)(F)F)cc2)[C@@H]3C)n1,4.52287874528034
CCC[C@@H]1c2nnc(-c3nc(C)ns3)n2CCN1C(=O)c1ccc(F)cc1,4.52287874528034
CC[C@@H]1c2nnc(-c3nc(C)ns3)n2CCN1C(=O)c1ccc(F)cc1,4.52287874528034
CC(F)c1noc(-c2nnc3n2CCN(C(=O)c2ccc(F)cc2)C3C)n1,4.52287874528034
CC(F)c1noc(-c2nnc3n2CCN(C(=O)c2ccc(F)cc2)[C@@H]3C)n1,4.52287874528034
C[C@@H]1c2nnc(-c3nc(CC(F)(F)F)no3)n2CCN1C(=O)c1ccc(F)cc1,4.52287874528034
Cc1nsc(-c2nnc3n2CCN(C(=O)c2ccc(F)cc2)[C@@H]3C)n1,4.52287874528034
Cc1ccc(-c2nnc3n2CCN(C(=O)c2ccc(F)c(F)c2F)[C@@H]3C)o1,4.52287874528034
C[C@@H]1c2nnc(-c3csc(C(F)(F)F)n3)n2CCN1C(=O)c1ccc(F)cc1,4.52287874528034
Cc1ccc(-c2nnc3n2CCN(C(=O)c2cc(F)c(F)c(F)c2F)[C@@H]3C)o1,4.52287874528034
Cc1ccc(-c2nnc3n2CCN(C(=O)c2ccc(F)c(F)c2)[C@@H]3C)o1,4.52287874528034
Cc1nc(-c2nnc3n2CCN(C(=O)c2ccc(F)cc2)[C@@H]3C)cs1,4.52287874528034
Cc1ccc(-c2nnc3n2CCN(C(=O)c2ccc(F)cc2)[C@@H]3C)o1,4.52287874528034
Cc1nsc(-c2nnc3n2CCN(C(=O)c2ccc(F)cc2)C3)n1,4.52287874528034
Cc1nsc(-c2nnc3n2CCN(C(=O)c2ccc(Cl)cc2)C3)n1,4.52287874528034
Cc1nsc(-c2nnc3n2CCN(C(=O)c2ccc(Cl)c(F)c2)C3)n1,4.52287874528034
Cc1nsc(-c2nnc3n2CCN(C(=O)c2ccc(F)c(Cl)c2)C3)n1,4.52287874528034
Cc1nsc(-c2nnc3n2CCN(C(=O)c2ccc(F)c(F)c2F)C3)n1,4.52287874528034
Cc1nsc(-c2nnc3n2CCN(C(=O)c2ccc(F)c(F)c2)C3)n1,4.52287874528034
[C-]#[N+]c1ccc(C(=O)N2CCn3c(-c4nc(C)ns4)nnc3[C@H]2C)cc1,4.52287874528034
C[C@H](F)c1noc(-c2nnc3n2CCN(C(=O)c2ccc(F)cc2)[C@@H]3C)n1,4.52287874528034
C[C@@H]1c2nnc(-c3nc([C@@H](C)F)no3)n2CCN1C(=O)c1ccc(F)cc1,4.52287874528034
Cc1nsc(-c2nnc3n2CCN(C(=O)c2cc(F)c(F)c(F)c2)C3)n1,4.52287874528034
Cc1nsc(-c2nnc3n2CCN(C(=O)c2ccc(Cl)cc2)C3C)n1,4.49485002168009
COc1ccccc1CN[C@H]1C2CCC(CC2)[C@H]1C(c1ccccc1)c1ccccc1,4.49485002168009
COc1ccc(N)cc1C[C@@]12C[C@H]3C(=O)N[C@@H](Cc4ccccc4)C(=O)N3[C@@H]1Nc1ccccc12,4.42021640338319
CCc1noc(-c2nnc3n2CCN(C(=O)c2ccc(-c4cccs4)cc2)[C@@H]3C)n1,4.39794000867204
CCNC(=O)C[C@@H]1N=C(c2ccc(Cl)cc2)c2cc(OC)ccc2-n2c(C)nnc21,4.39794000867204
CC(C)C[C@H](NC(=O)CNC(=O)OCc1ccccc1)C(=O)N[C@@H](Cc1c[nH]c2ccccc12)C(=O)OCc1cc(C(F)(F)F)cc(C(F)(F)F)c1,4.39794000867204
CC(C)[C@@H]1NC(=O)CNC(=O)[C@@H]2CCCN2C(=O)[C@@H](Cc2c[nH]c3ccccc23)NC(=O)CNC(=O)[C@H](Cc2ccc(OC(C)(C)C)cc2)NC(=O)CNC1=O,4.31875876262441
O=C1N[C@@H](Cc2ccccc2)C(=O)N2[C@H]3Nc4ccccc4[C@@]3(Cc3cc([N+](=O)[O-])ccc3O)C[C@@H]12,4.31875876262441
CC1(C)OC(=O)N([C@H]2CC[C@H](c3cnc(N)c(-c4ncccn4)c3)CC2)[C@H]1c1ccccc1,4.31425826139774
COc1ccccc1C/N=C(\NC#N)N1CCC[C@H]1C(=O)NC(c1ccccc1)c1ccccc1,4.30102999566398
COc1ccccc1C/N=C(\S)N1CCC[C@H]1C(=O)N(Cc1ccccc1)Cc1ccccc1,4.30102999566398
COc1ccccc1COC(=O)N1CCC[C@H]1C(=O)NC(c1ccccc1)c1ccccc1,4.30102999566398
Nc1ccccc1C/N=C(\S)N1CCC[C@H]1C(=O)NC(c1ccccc1)c1ccccc1,4.30102999566398
COc1ccccc1C/N=C(\S)N1CCC[C@H]1C(=O)NC(Cc1ccccc1)Cc1ccccc1,4.30102999566398
COc1ccccc1CNC(=O)N1CCC[C@H]1C(=O)NC(c1ccccc1)c1ccccc1,4.30102999566398
O=C(NC(c1ccccc1)c1ccccc1)[C@H]1CCCN1/C(S)=N/Nc1ccccc1[N+](=O)[O-],4.30102999566398
CSCCNS(=O)(=O)c1ccc(N/N=C(\S)N2CCC[C@@H]2C(=O)NC(c2ccccc2)c2ccccc2)c([N+](=O)[O-])c1,4.30102999566398
Fc1ccc(-c2noc(C3CCN(c4cnc5ccc(Cl)cc5c4)CC3)n2)c(Cl)c1,4.30102999566398
COc1ccc(S(=O)(=O)Nc2c(C)cc(C)cc2C)cc1,4.30000002913909
COc1ccc([N+](=O)[O-])cc1C[C@]12C[C@H]3C(=O)N[C@@H](Cc4ccccc4)C(=O)N3[C@H]1Nc1ccccc12,4.26760624017703
CN(Cc1ccccc1)C(=O)[C@@H](Cc1ccc2ccccc2c1)NC(=O)[C@H]1CCCN1C(=N)Nc1ccccc1[N+](=O)[O-],4.21752737583371
CO[C@H](C(=O)Nc1nnc(N[C@@H]2CCN(c3cccnn3)C2)s1)c1ccccc1,4.14874165128092
COc1ccc(CC2NC(=O)CNC(=O)[C@H](C(C)C)NC(=O)CNC(=O)[C@@H]3CCCN3C(=O)[C@@H](Cc3c[nH]c4ccccc34)NC(=O)CNC2=O)cc1,4.14266750356873
COC(=O)C1=C2CCC(C(=O)N[C@@H](CCc3c[nH]c4ccccc34)C(=O)NCc3cc(C(F)(F)F)cc(C(F)(F)F)c3)N2C(=O)C(NC(C)=O)C1,4.10237290870956
CN(Cc1ccccc1)C(=O)[C@H](Cc1ccc2ccccc2c1)NC(=O)[C@@H]1CCCN1C(=O)Nc1ccccc1[N+](=O)[O-],4.08407278830288
COc1ccc([N+](=O)[O-])cc1C[C@@]12C[C@H]3C(=O)N[C@@H](Cc4ccccc4)C(=O)N3[C@@H]1Nc1ccccc12,4.05551732784983
CC(C)[C@@H]1NC(=O)CNC(=O)[C@@H]2CCCN2C(=O)[C@H](Cc2c[nH]c3ccccc23)NC(=O)CNC(=O)[C@H](Cc2ccc(OC(C)(C)C)cc2)NC(=O)CNC1=O,4.03151705144607
C[C@@]12NC(=O)[C@@H](C[C@@]13c1ccccc1N1C(=O)CN[C@@H]13)n1c2nc2ccccc2c1=O,4.02227639471115
O=C1N[C@@H](Cc2ccccc2)C(=O)N2[C@H]1C[C@@]1(Cc3cc([N+](=O)[O-])ccc3O)c3ccccc3N[C@@H]21,4.00877392430751
O=C1N[C@@H](Cc2ccccc2)C(=O)N2[C@H]1C[C@@]1(O)c3ccccc3N[C@@H]21,4.0
CC(C)[C@@H]1NC(=O)CNC(=O)[C@@H]2CCCN2C(=O)[C@@H](Cc2c[nH]c3ccccc23)NC(=O)CNC(=O)[C@H](Cc2ccc3[nH]ccc3c2)NC(=O)CNC1=O,4.0
COC(=O)[C@H](NC(=O)c1cc(-c2ccccc2)nc2ccccc12)c1ccccc1,4.0
CC[C@H](NC(=O)c1c(OC)c(-c2ccccc2)nc2ccccc12)c1ccccc1,4.0
CC[C@@H](NC(=O)c1c(N)c(-c2ccccc2)nc2ccccc12)c1ccccc1,4.0
O=C(Cc1ccccc1)N[C@H](C(=O)NCCN1CCOCC1)c1ccccc1,4.0
CC(C)[C@@H]1NC(=O)CNC(=O)[C@@H]2CCCN2C(=O)[C@@H](Cc2c[nH]c3ccccc23)NC(=O)CNC(=O)C(C(O)c2ccc(O)cc2)NC(=O)CNC1=O,4.0
COC(=O)[C@@H](NC(=O)c1cc(-c2ccccc2)nc2ccccc12)c1ccccc1,4.0
CC[C@H](NC(=O)c1cc(-c2ccccc2)nc2ccccc12)c1ccccc1,4.0
CCc1c(-c2ccccc2)nc2ccccc2c1C(=O)N[C@H](CC)c1ccccc1,4.0
CC[C@@H](NC(=O)c1cc(-c2ccccc2)nc2ccccc12)c1ccccc1,4.0
CC[C@@H](NC(=O)c1c(OCCO)c(-c2ccccc2)nc2ccccc12)c1ccccc1,4.0
CC[C@@H](NC(=O)c1c(C)c(-c2ccccc2)nc2ccccc12)c1ccccc1,4.0
COC(=O)C1=C2CCC(C(=O)N[C@@H](CCc3c[nH]c4ccccc34)C(=O)N(C)Cc3ccccc3)N2C(=O)C(NC(=O)OCc2ccccc2)C1,4.0
CC[C@H](NC(=O)c1c(C)c(-c2ccccc2)nc2ccccc12)c1ccccc1,4.0
CC[C@@H](NC(=O)c1c(O)c(-c2ccccc2)nc2ccccc12)c1ccccc1,4.0
COC(=O)C(NC(=O)c1cc(-c2ccccc2)nc2ccccc12)c1ccccc1,4.0
CN(C(=O)[C@H](Cc1ccccc1)NC(=O)[C@@H]1CCCN1/C(S)=N/Cc1ccccc1Cl)c1ccccc1,4.0
CSCCNS(=O)(=O)c1ccc(N/N=C(\S)N2CCC[C@@H]2C(=O)NCc2ccccc2)c([N+](=O)[O-])c1,4.0
CC[C@@H](NC(=O)c1c(OCC(=O)O)c(-c2ccccc2)nc2ccccc12)c1ccccc1,4.0
CC[C@@H](NC(=O)c1c(CN(C)C)c(-c2ccccc2)nc2ccccc12)c1ccccc1,4.0
O=C1[C@@H]2C[C@]3(Cc4cc([N+](=O)[O-])ccc4O)c4ccccc4N[C@@H]3N2C(=O)[C@H](Cc2ccccc2)N1Cc1cc([N+](=O)[O-])ccc1O,4.0
O=C1[C@@H]2C[C@@]3(Cc4cc([N+](=O)[O-])ccc4O)c4ccccc4N[C@H]3N2C(=O)[C@H](Cc2ccccc2)N1Cc1cc([N+](=O)[O-])ccc1O,4.0
CC(C)[C@@H]1NC(=O)CNC(=O)[C@@H]2CCCN2C(=O)[C@@H](Cc2c[nH]c3ccccc23)NC(=O)CNC(=O)[C@H](Cc2ccc(O)cc2)NC(=O)CNC1=O,4.0
CN(Cc1ccccc1)C(=O)[C@@H](Cc1ccccc1)NC(=O)[C@H]1CCCN1/C(S)=N/c1ccccc1[N+](=O)[O-],4.0
CSCCNS(=O)(=O)c1ccc(N/N=C(\S)N2CCC[C@H]2C(=O)NCc2ccccc2)c([N+](=O)[O-])c1,4.0
O=C1N[C@@H](Cc2ccccc2)C(=O)N2[C@H]3Nc4ccccc4[C@@]3(O)C[C@@H]12,4.0
COC(=O)C1=C2CCC(C(=O)N[C@@H](CCc3c[nH]c4ccccc34)C(=O)N(C)Cc3ccccc3)N2C(=O)C(NC(C)=O)C1,3.80134291304558
C=CC(C)(C)[C@@]12C[C@H]3C(=O)Nc4ccccc4C(=O)N3[C@@H]1N(C(C)=O)c1ccccc12,3.76955107862173
N#CC1=C(N)OC(c2ccccn2)=C(S(=O)(=O)c2ccccc2)C1c1ccc([N+](=O)[O-])cc1,3.69897000433602
CN(Cc1ccccc1)C(=O)[C@@H](Cc1ccc2ccccc2c1)NC(=O)[C@@H]1CCCN1C(=O)Nc1ccccc1[N+](=O)[O-],3.56224943717961
CC(C)C[C@H](NC(=O)[C@@H]1CCCN1C(=O)[C@H](CO[C@@H]1O[C@H](CO)[C@@H](O)[C@H](O)[C@H]1O)NC(=O)[C@H](Cc1ccccc1)NC(=O)CNC(=O)[C@@H](C)NC(=O)[C@@H](N)Cc1ccc(O)cc1)C(=O)N[C@@H](Cc1c[nH]c2ccccc12)C(=O)NCc1cc(C(F)(F)F)cc(C(F)(F)F)c1,12.20999647960951
CCCC[C@H](NC(=O)[C@H](Cc1ccccc1)NC(=O)CNC(=O)[C@@H](C)NC(=O)[C@@H](N)Cc1ccc(O)cc1)C(=O)N1CCC[C@H]1C(=O)N[C@@H](CC(C)C)C(=O)N[C@@H](Cc1c[nH]c2ccccc12)C(=O)NCc1cc(C(F)(F)F)cc(C(F)(F)F)c1,11.56992494444806
C[C@@H](NC(=O)[C@@H](N)Cc1ccc(O)cc1)C(=O)NCC(=O)N[C@@H](Cc1ccc(F)cc1)C(=O)NCC(=O)N[C@@H](Cc1c[nH]c2ccccc12)C(=O)OCc1cc(C(F)(F)F)cc(C(F)(F)F)c1,11.397940008672036
CC(C)C[C@H](NC(=O)[C@@H]1CCCN1C(=O)[C@@H]1NC(=O)[C@H](Cc2ccccc2)NC(=O)CNC(=O)[C@@H](NC(=O)[C@@H](N)Cc2ccc(O)cc2)C(C)(C)SSC1(C)C)C(=O)N[C@@H](Cc1c[nH]c2ccccc12)C(=O)NCc1cc(C(F)(F)F)cc(C(F)(F)F)c1,11.275724130399212
C[C@@H](NC(=O)[C@@H](N)Cc1ccc(O)cc1)C(=O)NCC(=O)N[C@@H](Cc1ccccc1)C(=O)NCC(=O)N[C@@H](Cc1c[nH]c2ccccc12)C(=O)OCc1cc(C(F)(F)F)cc(C(F)(F)F)c1,11.244125144327509
CSCC[C@H](NC(=O)[C@H](Cc1ccccc1)NC(=O)CNC(=O)[C@@H](C)NC(=O)[C@@H](N)Cc1ccc(O)cc1)C(=O)N1CCC[C@H]1C(=O)N[C@@H](CC(C)C)C(=O)N[C@@H](Cc1c[nH]c2ccccc12)C(=O)NCc1cc(C(F)(F)F)cc(C(F)(F)F)c1,11.187086643357144
CSCC[C@H](NC(=O)[C@H](Cc1ccccc1)NC(=O)CNC(=O)[C@@H](C)NC(=O)[C@@H](N)Cc1c(C)cc(O)cc1C)C(=O)N1CCC[C@H]1C(=O)N[C@@H](CC(C)C)C(=O)N[C@@H](Cc1c[nH]c2ccccc12)C(=O)NCc1cc(C(F)(F)F)cc(C(F)(F)F)c1,11.102372908709558
CC(C)C[C@H](NC(=O)[C@H](Cc1ccccc1)NC(=O)CNC(=O)[C@@H](C)NC(=O)[C@@H](N)Cc1ccc(O)cc1)C(=O)N[C@@H](Cc1c[nH]c2ccccc12)C(=O)OCc1cc(C(F)(F)F)cc(C(F)(F)F)c1,11.045757490560677
COc1ccc(OC(F)(F)F)cc1CN[C@H]1CCCN[C@H]1c1ccccc1.Cl.Cl,10.92
COc1ccc(-n2nnnc2C(F)(F)F)cc1CN[C@H]1CCCN[C@H]1c1ccccc1.Cl.Cl,10.6
COc1ccc(-n2nnnc2C(F)(F)F)cc1CN[C@H]1CCN(C(=O)CCCNC(C)=O)C[C@H]1c1ccccc1.Cl,10.6
CSCC[C@H](NC(=O)[C@H](Cc1ccccc1)NC(=O)CNC(=O)[C@@H](C)NC(=O)[C@@H](N)Cc1ccc(O)cc1)C(=O)N[C@@H](C)C(=O)N[C@@H](CC(C)C)C(=O)N[C@@H](Cc1c[nH]c2ccccc12)C(=O)OCc1cc(C(F)(F)F)cc(C(F)(F)F)c1,10.47
CCNC(=O)N1CC[C@H](NCc2cc(-n3nnnc3C(F)(F)F)ccc2OC)[C@H](c2ccccc2)C1.Cl,10.41
CCCc1nnnn1-c1ccc(OC)c(CN[C@H]2CCCN[C@H]2c2ccccc2)c1.Cl.Cl,10.4
COc1ccc(-n2cnnn2)cc1CN[C@H]1CCCN[C@H]1c1ccccc1.Cl.Cl,10.4
COc1ccc(-n2nnnc2SC)cc1CN[C@H]1CCCN[C@H]1c1ccccc1.Cl.Cl,10.4
CCNC(=O)N1CC[C@H](NCc2cc(-n3nnnc3C(F)(F)F)ccc2OC2CC2)[C@H](c2ccccc2)C1.Cl,10.36
CC(C)C[C@H](NC(=O)[C@@H]1CCCN1C(=O)[C@H](Cc1ccccc1)NC(=O)CNC(=O)[C@@H](C)NC(=O)[C@@H](N)Cc1ccc(O)cc1)C(=O)N[C@@H](Cc1c[nH]c2ccccc12)C(=O)OCc1cc(C(F)(F)F)cc(C(F)(F)F)c1,10.34
CSCC[C@H](NC(=O)CNC(=O)[C@@H](NC(=O)CNC(=O)[C@@H](NC(=O)[C@H](NC(=O)[C@H](CC(N)=O)NC(=O)[C@H](CCCNC(=N)N)NC(=O)[C@H](Cc1ccccc1)NC(=O)[C@@H](N)CO)C(C)(C)C)C(C)C)[C@@H](C)O)C(=O)N[C@@H](CCCCN)C(=O)N[C@@H](CCCCN)C(=O)N[C@H](C(=O)N[C@@H](CO)C(=O)N[C@@H](Cc1ccccc1)C(=O)N[C@@H](CCC(N)=O)C(=O)N[C@@H](CCCNC(=N)N)C(=O)N[C@@H](C)C(=O)N[C@@H](CCCCN)C(=O)N[C@@H](CO)C(=O)O)[C@@H](C)O,10.31
COc1ccc(-n2nnnc2C(F)(F)F)cc1CN[C@H]1CCN(C(C)=O)C[C@H]1c1ccccc1.Cl,10.31
Cc1cc(F)ccc1-c1cc(C2CNC(=O)C2CO)ncc1N(C)C(=O)C(C)(C)c1cc(C(F)(F)F)cc(C(F)(F)F)c1.Cl,10.3
CCc1nnnn1-c1ccc(OC)c(CN[C@H]2CCCN[C@H]2c2ccccc2)c1.Cl.Cl,10.3
COc1ccc(-n2nnnc2C)cc1CN[C@H]1CCCN[C@H]1c1ccccc1.Cl.Cl,10.3
C[C@@H](NC(=O)[C@@H](N)Cc1ccc(O)cc1)C(=O)NCC(=O)N[C@@H](Cc1ccccc1)C(=O)NCCC(=O)N[C@@H](Cc1c[nH]c2ccccc12)C(=O)OCc1cc(C(F)(F)F)cc(C(F)(F)F)c1,10.3
CCCC[C@H](NC(=O)[C@H](Cc1ccccc1)NC(=O)CNC(=O)[C@@H](C)NC(=O)[C@@H](N)Cc1ccc(O)cc1)C(=O)N1CCC[C@H]1C(=O)N[C@@H](CC(C)C)C(=O)N[C@@H](CO[C@@H]1O[C@H](CC)[C@@H](O)[C@H](O)[C@H]1O)C(=O)N[C@@H](Cc1c[nH]c2ccccc12)C(=O)NCc1cc(C(F)(F)F)cc(C(F)(F)F)c1,10.28
COc1ccc(-n2nnnc2C(F)(F)F)cc1CN[C@H]1CCN(C(=O)CCNC(C)=O)C[C@H]1c1ccccc1.Cl,10.27
COc1ccc(-n2nnnc2C(F)(F)F)cc1CN[C@H]1CCN(C(=O)NC2CC2)C[C@H]1c1ccccc1.Cl,10.25
COc1ccc(-n2nnnc2C(F)(F)F)cc1CN[C@H]1CCN(C(=O)NCC(F)(F)F)C[C@H]1c1ccccc1.Cl,10.24
COc1ccc(-n2nnnc2C(F)(F)F)cc1CN[C@H]1CCN(C(=O)C2CN(C(C)=O)C2)C[C@H]1c1ccccc1.Cl,10.24
CSCC[C@H](NC(=O)[C@H](CC(C)C)NC(=O)CNC(=O)[C@H](Cc1ccccc1)NC(=O)[C@H](Cc1ccccc1)NC(=O)[C@H](CCC(N)=O)NC(=O)[C@H](CCC(N)=O)NC(=O)[C@@H]1CCCN1C(=O)[C@H](CCCCN)NC(=O)[C@@H]1CCCN1C(=O)[C@@H](N)CCCN=C(N)N)C(N)=O,10.24
Cc1cc(F)ccc1-c1cc(C2CN(C)C(=O)C2CO)ncc1N(C)C(=O)C(C)(C)c1cc(C(F)(F)F)cc(C(F)(F)F)c1.Cl,10.2
COc1ccc(-n2nnnc2S(C)(=O)=O)cc1CN[C@H]1CCCN[C@H]1c1ccccc1.Cl.Cl,10.2
CSCC[C@H](NC(=O)[C@H](Cc1ccccc1)NC(=O)CNC(=O)[C@@H](C)NC(=O)[C@@H](N)Cc1ccc(O)cc1)C(=O)NC1(C(=O)N[C@@H](CC(C)C)C(=O)N[C@@H](Cc2c[nH]c3ccccc23)C(=O)OCc2cc(C(F)(F)F)cc(C(F)(F)F)c2)CCCC1,10.18
CCCC[C@H](NC(=O)[C@H](Cc1ccccc1)NC(=O)CNC(=O)[C@@H](C)NC(=O)[C@@H](N)Cc1c(C)cc(O)cc1C)C(=O)N1CCC[C@H]1C(=O)N[C@@H](CC(C)C)C(=O)N[C@@H](Cc1c[nH]c2ccccc12)C(=O)NCc1cc(C(F)(F)F)cc(C(F)(F)F)c1,10.12
CCCC[C@H](NC(=O)[C@H](Cc1ccccc1)NC(=O)CNC(=O)[C@@H](C)NC(=O)[C@@H](N)Cc1ccc(O)cc1)C(=O)N1CCC[C@H]1C(=O)N[C@@H](CO[C@@H]1O[C@H](CO)[C@@H](O)[C@H](O)[C@H]1O)C(=O)N[C@@H](Cc1c[nH]c2ccccc12)C(=O)NCc1cc(C(F)(F)F)cc(C(F)(F)F)c1,10.11
O=C1CCC(CCN2CC(N3CCC(O)CC3)C2)(c2ccc(Cl)c(Cl)c2)CN1Cc1ccccc1,10.1
COc1ccc(-n2nnnc2C2CC2)cc1CN[C@H]1CCCN[C@H]1c1ccccc1.Cl.Cl,10.1
CSCC[C@H](NC(=O)[C@H](Cc1ccccc1)NC(=O)CNC(=O)[C@@H](C)NC(=O)[C@@H](N)Cc1ccc(O)cc1)C(=O)N1CCC[C@H]1C(=O)N[C@@H](CC(C)C)C(=O)N[C@@H](Cc1c[nH]c2ccccc12)C(=O)OCc1cc(C(F)(F)F)cc(C(F)(F)F)c1,10.09
COc1ccc(-n2nnnc2C(F)(F)F)cc1CN[C@H]1CCN(C(=O)NC(C)C)C[C@H]1c1ccccc1.Cl,10.09
COc1ccc(-n2nnnc2C(F)(F)F)cc1CN[C@H]1CCN(C(=O)CN(C)C(C)=O)C[C@H]1c1ccccc1.Cl,10.08
CCNC(=O)N1CC[C@H](NCc2cc(-n3nnnc3C(F)(F)F)ccc2OCC)[C@H](c2ccccc2)C1.Cl,10.07
C[C@@H](O[C@H]1CCCN(Cc2n[nH]c(O)n2)[C@H]1c1ccccc1)c1cc(Cl)cc(Cl)c1,10.05
CSCC[C@H](NC(=O)[C@H](Cc1ccccc1)NC(=O)CNC(=O)[C@@H](C)NC(=O)[C@@H](N)Cc1ccc(O)cc1)C(=O)N[C@@H](Cc1c[nH]c2ccccc12)C(=O)OCc1cc(C(F)(F)F)cc(C(F)(F)F)c1,10.05
C[C@@H](NC(=O)[C@@H](N)Cc1ccc(O)cc1)C(=O)NCC(=O)N[C@@H](Cc1ccccc1)C(=O)N1CCC[C@H]1C(=O)N[C@@H](Cc1c[nH]c2ccccc12)C(=O)OCc1cc(C(F)(F)F)cc(C(F)(F)F)c1,10.01
CCCC[C@@H]1NC(=O)[C@H](Cc2ccccc2)NC(=O)CNC(=O)[C@H](NC(=O)[C@@H](N)Cc2ccc(O)cc2)CSSC[C@@H](C(=O)N[C@@H](Cc2c[nH]c3ccccc23)C(=O)NCc2cc(C(F)(F)F)cc(C(F)(F)F)c2)NC(=O)[C@@H]2CCCN2C1=O,10.0
COc1ccc(-n2nnnc2C(F)(F)F)cc1CN[C@H]1CCN(C(=O)C2CCN(C(C)=O)CC2)C[C@H]1c1ccccc1.Cl,10.0
CC(C)C[C@H](NC(=O)CN(C)C(=O)[C@H](Cc1ccccc1)NC(=O)[C@H](Cc1ccccc1)NC(=O)[C@H](CCC(N)=O)NC(=O)[C@H](CCC(N)=O)NC(=O)[C@@H]1CCCN1C(=O)[C@H](CCCCN)NC(=O)[C@@H]1CCCN1C(=O)[C@@H](N)CCCNC(=N)N)C(=O)N[C@@H](CCS(C)(=O)=O)C(N)=O,9.96
C[C@@H](O[C@H]1CN2C(=O)C=C(C3COC(=O)C3)CC2[C@@H]1c1ccc(F)cc1)c1cc(C(F)(F)F)cc(C(F)(F)F)c1.Cl,9.96
CSCC[C@H](NC(=O)[C@H](Cc1ccccc1)NC(=O)CNC(=O)[C@@H](C)NC(=O)[C@@H](N)Cc1ccc(O)cc1)C(=O)NC(C)(C)C(=O)N[C@@H](CC(C)C)C(=O)N[C@@H](Cc1c[nH]c2ccccc12)C(=O)OCc1cc(C(F)(F)F)cc(C(F)(F)F)c1,9.92
C[C@@H](NC(=O)[C@@H](N)Cc1ccc(O)cc1)C(=O)NCC(=O)N[C@@H](Cc1ccccc1)C(=O)N[C@@H](Cc1c[nH]c2ccccc12)C(=O)OCc1cc(C(F)(F)F)cc(C(F)(F)F)c1,9.92
O=C1CCC(CCN2CC(N3CCOCC3)C2)(c2ccc(Cl)c(Cl)c2)CN1C1CCCCC1,9.9
COc1ccc(-n2nnnc2C(F)(F)F)cc1CN[C@H]1CCN(C(=O)N(C)C)C[C@H]1c1ccccc1.Cl,9.89
C[C@@H](O[C@H]1CCCN[C@H]1c1ccccc1)c1cc(C(F)(F)F)cc(C(F)(F)F)c1,9.82
C[C@@H](O[C@H]1CCCN(Cc2nc[nH]n2)[C@H]1c1ccccc1)c1cc(C(F)(F)F)cc(C(F)(F)F)c1,9.8
C[C@@H](O[C@H]1CCCN(Cc2n[nH]c(O)n2)[C@H]1c1ccccc1)c1cc(C(F)(F)F)cc(C(F)(F)F)c1,9.8
COc1ccc(OC(F)(F)F)cc1CN[C@H]1CCN(C(C)=O)C[C@H]1c1ccccc1.Cl,9.8
CC(C)C[C@H](NC(=O)[C@@H]1CCCN1C(=O)[C@H]1NC(=O)[C@H](Cc2ccccc2)NC(=O)CNC(=O)[C@@H](NC(=O)[C@@H](N)Cc2ccc(O)cc2)C(C)(C)SSC1(C)C)C(=O)N[C@@H](Cc1c[nH]c2ccccc12)C(=O)NCc1cc(C(F)(F)F)cc(C(F)(F)F)c1,9.74
CCn1c(/C=C/C=C2\N(C)c3ccccc3C2(C)C)[n+](CC)c2nc3ccccc3nc21.[Cl-],9.74
C[C@@H](OC1OCCN(Cc2n[nH]nc2CN(C)C)[C@H]1c1ccc(F)cc1)c1cc(C(F)(F)F)cc(C(F)(F)F)c1.Cl,9.72
CC(C)C[C@H](NC(=O)[C@@H]1CCCN1C(=O)[C@H](CC[S+](C)[O-])NC(=O)[C@H](Cc1ccccc1)NC(=O)CNC(=O)[C@@H](C)NC(=O)[C@@H](N)Cc1ccc(O)cc1)C(=O)N[C@@H](Cc1c[nH]c2ccccc12)C(=O)OCc1cc(C(F)(F)F)cc(C(F)(F)F)c1,9.7
COc1ccc(-n2nnnc2C(F)(F)F)cc1CN[C@@H]1CCN(C(=O)CNC(C)=O)C[C@H]1c1ccccc1.Cl,9.7
CCCC[C@H](NC(=O)[C@H](Cc1ccccc1)NC(=O)CNC(=O)[C@@H](C)NC(=O)[C@@H](N)Cc1c(C)cc(O)cc1C)C(=O)N1CCC[C@H]1C(=O)N[C@@H](CC(C)C)C(=O)N[C@@H](Cc1c[nH]c2ccccc12)C(=O)N(C)Cc1cc(C(F)(F)F)cc(C(F)(F)F)c1,9.68
COc1ccc(-n2nnnc2NC(C)=O)cc1CN[C@H]1CCCN[C@H]1c1ccccc1.Cl.Cl,9.6
CCCC[C@@H]1NC(=O)[C@H](Cc2ccccc2)NC(=O)CNC(=O)[C@H](NC(=O)[C@@H](N)Cc2ccc(O)cc2)CSSC[C@H](C(=O)N[C@@H](Cc2c[nH]c3ccccc23)C(=O)NCc2cc(C(F)(F)F)cc(C(F)(F)F)c2)NC(=O)[C@@H]2CCCN2C1=O,9.6
N=C(N)NCCC[C@H](N)C(=O)N1CCC[C@H]1C(=O)N[C@@H](CCCCN)C(=O)N1CCC[C@H]1C(=O)N[C@@H](CCC(N)=O)C(=O)N[C@@H](CCC(N)=O)C(=O)N[C@@H](Cc1ccccc1)C(N)=O,9.52
COC(=O)N1CC[C@H](NCc2cc(OC(F)(F)F)ccc2OC)[C@H](c2ccccc2)C1.Cl,9.51
CN(CC(CCN1CCC(O)(c2ccccc2)CC1)c1ccc(Cl)c(Cl)c1)C(=O)c1ccccc1,9.5
COc1ccc(OC(F)(F)F)cc1CN1CCC(=O)C(C(c2ccccc2)c2ccccc2)C1.Cl,9.47
CCCCC(NC(=O)[C@H](Cc1ccccc1)NC(=O)CNC(=O)[C@@H](C)NC(=O)[C@@H](N)Cc1ccc(O)cc1)C(=O)N[C@@H](Cc1c[nH]c2ccccc12)C(=O)OCc1cc(C(F)(F)F)cc(C(F)(F)F)c1,9.47
COc1ccc(-n2nnnc2-c2ccccc2)cc1CN[C@H]1CCCN[C@H]1c1ccccc1.Cl.Cl,9.4
O=C(O)C1CCN(C2CN(CCC3(c4ccc(Cl)c(Cl)c4)CCC(=O)N(CC4CC4)C3)C2)CC1,9.4
CC(C)C[C@H](NC(=O)[C@H](C)NC(=O)[C@H](Cc1ccccc1)NC(=O)[C@H](Cc1ccccc1)NC(=O)[C@H](CCC(N)=O)NC(=O)[C@H](CCC(N)=O)NC(=O)[C@@H]1CCCN1C(=O)[C@H](CCCCN)NC(=O)[C@@H]1CCCN1C(=O)[C@@H](N)CCCN=C(N)N)C(=O)N[C@@H](CCS(C)(=O)=O)C(N)=O,9.39
COc1ccc(C(C)C)cc1CN1CCC(=O)C(C(c2ccccc2)c2ccccc2)C1.Cl,9.38
C[C@@H](NC(=O)[C@@H](N)Cc1ccc(O)cc1)C(=O)NCC(=O)N[C@@H](Cc1ccc(Cl)cc1)C(=O)NCC(=O)N[C@@H](Cc1c[nH]c2ccccc12)C(=O)OCc1cc(C(F)(F)F)cc(C(F)(F)F)c1,9.33
Cc1ccccc1CN1CC(CCN2CC(N3CCOCC3)C2)(c2ccc(Cl)c(Cl)c2)CCC1=O,9.3
Cc1cc(O)cc(C)c1C[C@H](N)C(=O)N[C@H](CCCNC(=N)N)C(=O)N[C@H]1Cc2ccccc2CN(CC(=O)N(C)Cc2cc(C(F)(F)F)cc(C(F)(F)F)c2)C1=O,9.3
O=C1CCC(CCN2CCC(O)(c3ccccc3)CC2)(c2ccc(Cl)c(Cl)c2)CN1Cc1ccccc1,9.3
O=C1CCC(CCN2CC(N3CCOCC3)C2)(c2ccc(Cl)c(Cl)c2)CN1Cc1ccccc1,9.3
CC(C)C[C@H](NC(=O)[C@@H]1CCCN1C(=O)[C@H]1CSSC[C@@H](NC(=O)[C@@H](N)Cc2ccc(O)cc2)C(=O)NCC(=O)N[C@@H](Cc2ccccc2)C(=O)N1)C(=O)N[C@@H](Cc1c[nH]c2ccccc12)C(=O)NCc1cc(C(F)(F)F)cc(C(F)(F)F)c1,9.28
CC(=O)O.Cc1cc(F)ccc1[C@H]1CNCCN1C(=O)N(C)[C@@H](C)c1cc(C(F)(F)F)cc(C(F)(F)F)c1,9.27
CC(C)C[C@H](NC(=O)[C@@H]1CCCN1C(=O)[C@H](Cc1ccccc1)NC(=O)CNC(=O)[C@@H](C)NC(=O)[C@@H](N)Cc1ccc(O)cc1)C(=O)N[C@@H](Cc1c[nH]c2ccccc12)C(=O)NCc1cc(C(F)(F)F)cc(C(F)(F)F)c1,9.22
CSCC[C@H](NC(=O)[C@H](CC(C)C)NC(=O)CNC(=O)[C@H](Cc1ccc(O)cc1)NC(=O)[C@H](Cc1ccccc1)NC(=O)[C@H](CCCN=C(N)N)NC(=O)[C@H](CC(=O)O)NC(=O)[C@@H]1CCCN1C(=O)[C@H](CO)NC(=O)[C@@H]1CCCN1C(=O)[C@@H](N)CCCCN)C(N)=O,9.22
CCCC[C@H](NC(=O)[C@H](Cc1ccccc1)NC(=O)CNC(=O)[C@@H](C)NC(=O)[C@@H](N)Cc1ccc(O)cc1)C(=O)N1CCC[C@H]1C(=O)N[C@@H](CC(C)C)C(=O)N[C@@H](Cc1c[nH]c2ccccc12)C(=O)OCc1cc(C(F)(F)F)cc(C(F)(F)F)c1,9.22
CSCC[C@H](NC(=O)[C@H](CC(C)C)NC(=O)CNC(=O)[C@@H](NC(=O)[C@H](Cc1ccccc1)NC(=O)[C@H](CCC(N)=O)NC(=O)[C@H](CCC(N)=O)NC(=O)[C@H]1CCCN1C(=O)[C@H](CCCCN)NC(=O)[C@@H]1CCCN1C(=O)[C@@H](N)CCCN=C(N)N)[C@H]1CCc2ccccc21)C(N)=O,9.22
O=C1CCC(CCN2CC(N3C4CCC3CC(O)C4)C2)(c2ccc(Cl)c(Cl)c2)CN1Cc1ccccc1,9.2
O=C1CCC(CCN2CC(N3CC[S+]([O-])CC3)C2)(c2ccc(Cl)c(Cl)c2)CN1Cc1ccccc1,9.2
CS(=O)(=O)N1CCN(C2CN(CCC3(c4ccc(Cl)c(Cl)c4)CCC(=O)N(Cc4ccccc4)C3)C2)CC1,9.2
CC[C@H](C)[C@H](NC(=O)CNC(=O)[C@H](Cc1ccccc1)NC(=O)[C@H](Cc1ccccc1)NC(=O)[C@H](CCC(N)=O)NC(=O)[C@H](CCC(=O)O)NC(=O)[C@H](CCCCN)NC(=O)[C@@H]1CCCN1C(=O)[C@@H](N)CCCNC(=N)N)C(=O)N[C@@H](CCSC)C(=O)O,9.19
CCCC[C@@H](C(=O)N1CCC[C@H]1C(=O)N[C@@H](CC(C)C)C(=O)N[C@@H](Cc1c[nH]c2ccccc12)C(=O)OCc1cc(C(F)(F)F)cc(C(F)(F)F)c1)N(C)C(=O)[C@H](Cc1ccccc1)NC(=O)CNC(=O)[C@@H](C)NC(=O)[C@@H](N)Cc1ccc(O)cc1,9.15
CSCC[C@H](NC(=O)[C@H](CC(C)C)NC(=O)CNC(=O)[C@H](Cc1ccccc1)NC(=O)[C@H](Cc1ccccc1)NC(=O)[C@H](CCC(N)=O)NC(=O)[C@H](C)NC(=O)[C@@H]1CCCN1C(=O)[C@H](CCCCN)NC(=O)[C@@H]1CCCN1C(=O)[C@@H](N)CCCNC(=N)N)C(N)=O,9.15
CC(C)C[C@H](NC(=O)[C@@H]1CCCN1C(=O)[C@H](CC(C)C)NC(=O)[C@H](Cc1ccccc1)NC(=O)CNC(=O)[C@@H](C)NC(=O)[C@@H](N)Cc1ccc(O)cc1)C(=O)N[C@@H](Cc1c[nH]c2ccccc12)C(=O)OCc1cc(C(F)(F)F)cc(C(F)(F)F)c1,9.1
CN(Cc1ccccc1)C(=O)[C@H](Cc1cccc2ccccc12)NC(=O)[C@@H]1C[C@@H](O)CN1C(=O)C1C=[N+](C)c2ccccc21,9.1
COc1ccc(OC(F)(F)F)cc1CN1CCC(=O)C(C(c2ccc(F)cc2)c2ccc(F)cc2)C1.Cl,9.09
CC(C)C[C@H](NC(=O)[C@@H]1CCCN1C(=O)[C@H](Cc1ccccc1)NC(=O)[C@H](Cc1ccccc1)NC(=O)CNC(=O)[C@@H](C)NC(=O)[C@@H](N)Cc1ccc(O)cc1)C(=O)N[C@@H](Cc1c[nH]c2ccccc12)C(=O)OCc1cc(C(F)(F)F)cc(C(F)(F)F)c1,9.06
CSCC[C@H](NC(=O)[C@H](Cc1ccccc1)NC(=O)CNC(=O)[C@@H](C)NC(=O)[C@@H](N)Cc1ccc(O)cc1)C(=O)N1CCC[C@@H]1C(=O)N[C@@H](CC(C)C)C(=O)N[C@@H](Cc1c[nH]c2ccccc12)C(=O)OCc1cc(C(F)(F)F)cc(C(F)(F)F)c1,9.06
C[C@@H](O[C@H]1CCCN[C@H]1c1ccccc1)c1cc(Cl)cc(Cl)c1,9.04
CCCC[C@H](NC(=O)[C@H](Cc1ccccc1)NC(=O)CNC(=O)[C@@H](C)NC(=O)[C@@H](N)Cc1c(C)cc(O)cc1C)C(=O)N1CCC[C@H]1C(=O)N[C@@H](CC(C)C)C(=O)N[C@@H](Cc1c[nH]c2ccccc12)C(=O)NCc1ccc(OC)c(OC)c1,9.02
Cc1cc(F)ccc1[C@H]1C[C@@]2(CCN1C(=O)N(C)[C@H](C)c1cc(C(F)(F)F)cc(C(F)(F)F)c1)CC[C@@]1(C)COCCN12.Cl,9.0
Cc1cc(F)ccc1[C@H]1C[C@]2(CC[C@@H](CO)N2)CCN1C(=O)N(C)[C@H](C)c1cc(C(F)(F)F)cc(C(F)(F)F)c1.Cl,9.0
Cc1cc(F)ccc1[C@H]1C[C@]2(CC[C@H](CO)N2)CCN1C(=O)N(C)[C@H](C)c1cc(C(F)(F)F)cc(C(F)(F)F)c1.Cl,9.0
CCCC[C@H](NC(=O)[C@H](Cc1ccccc1)NC(=O)CNC(=O)[C@@H](C)NC(=O)[C@@H](N)Cc1c(C)cc(O)cc1C)C(=O)N1CCC[C@H]1C(=O)N[C@@H](CC(C)C)C(=O)N[C@@H](Cc1c[nH]c2ccccc12)C(=O)NCc1cccc(C(F)(F)F)c1,9.0
O=C1CC[C@](CCN2CC(N3CCOCC3)C2)(c2ccc(Cl)c(Cl)c2)CN1CC1CCCCC1,9.0
O=C1CCC(CCN2CC(N3CCSCC3)C2)(c2ccc(Cl)c(Cl)c2)CN1Cc1ccccc1,9.0
Cc1cc(F)ccc1[C@H]1C[C@]2(CC[C@@H]3COCCN32)CCN1C(=O)N(C)[C@H](C)c1cc(C(F)(F)F)cc(C(F)(F)F)c1.Cl,9.0
Cc1cc(F)ccc1[C@H]1C[C@]2(CC[C@H](C(N)=O)N2)CCN1C(=O)N(C)[C@H](C)c1cc(C(F)(F)F)cc(C(F)(F)F)c1.Cl,9.0
Cc1cc(F)ccc1[C@H]1C[C@]2(CC[C@@H](C(N)=O)N2)CCN1C(=O)N(C)[C@H](C)c1cc(C(F)(F)F)cc(C(F)(F)F)c1.Cl,9.0
Cc1cc(F)ccc1[C@H]1C[C@@]2(CCN1C(=O)N(C)[C@H](C)c1cc(C(F)(F)F)cc(C(F)(F)F)c1)CC(C(=O)[O-])CN2.[Na+],9.0
Cc1cc(F)ccc1[C@H]1C[C@@]2(CCN1C(=O)N(C)[C@H](C)c1cc(C(F)(F)F)cc(C(F)(F)F)c1)NCC[C@@H]2C(=O)[O-].[Li+],9.0
Cc1cc(F)ccc1[C@H]1C[C@@]2(CCN1C(=O)N(C)[C@H](C)c1cc(C(F)(F)F)cc(C(F)(F)F)c1)CC[C@@](C)(C(N)=O)N2.Cl,9.0
Cc1cc(F)ccc1[C@H]1C[C@@]2(CCN1C(=O)N(C)[C@H](C)c1cc(C(F)(F)F)cc(C(F)(F)F)c1)CC[C@]1(C)COCCN12.Cl,9.0
COc1ccc(-n2nnnc2N)cc1CN[C@H]1CCCN[C@H]1c1ccccc1.Cl.Cl,9.0
CC(C)C[C@H](NC(=O)[C@@H]1CCCN1C(=O)CNC(=O)[C@H](Cc1ccccc1)NC(=O)CNC(=O)[C@@H](C)NC(=O)[C@@H](N)Cc1ccc(O)cc1)C(=O)N[C@@H](Cc1c[nH]c2ccccc12)C(=O)OCc1cc(C(F)(F)F)cc(C(F)(F)F)c1,9.0
Cc1cc(F)ccc1[C@H]1C[C@@]2(CCN1C(=O)N(C)[C@H](C)c1cc(C(F)(F)F)cc(C(F)(F)F)c1)CC[C@](C)(C(N)=O)N2.Cl,9.0
Cc1cc(O)cc(C)c1C[C@H](N)C(=O)N[C@@H](C)C(=O)NCC(=O)N[C@@H](Cc1ccc(F)cc1)C(=O)N1CCC[C@H]1C(=O)N[C@@H](CC(C)C)C(=O)N[C@@H](Cc1c[nH]c2ccccc12)C(=O)NCc1cc(C(F)(F)F)cc(C(F)(F)F)c1,9.0
Cc1cc(F)ccc1[C@H]1C[C@@]2(CCN1C(=O)N(C)[C@H](C)c1cc(C(F)(F)F)cc(C(F)(F)F)c1)CC[C@@](C)(CO)N2.Cl,9.0
Cc1cc(F)ccc1[C@H]1C[C@@]2(CCN1C(=O)N(C)[C@H](C)c1cc(C(F)(F)F)cc(C(F)(F)F)c1)CC[C@](C)(CO)N2.Cl,9.0
Cc1cc(O)cc(C)c1C[C@H](N)C(=O)N[C@H](CCCNC(=N)N)C(=O)N[C@@H](Cc1ccccc1)C(=O)N[C@@H](CCCCN)C(=O)N1CCN([C@@H]2CCN(C(=O)c3cc(C(F)(F)F)cc(C(F)(F)F)c3)C[C@@H]2c2ccccc2)CC1,9.0
Cc1cc(F)ccc1[C@H]1C[C@]2(CC[C@H]3COCCN32)CCN1C(=O)N(C)[C@H](C)c1cc(C(F)(F)F)cc(C(F)(F)F)c1.Cl,9.0
COc1ccc(Br)cc1CN1CCC(=O)C(C(c2ccc(F)cc2)c2ccc(F)cc2)C1.Cl,8.96
CSCC[C@H](NC(=O)[C@H](CC(C)C)NC(=O)[C@@H]1CCCN1C(=O)[C@H](Cc1ccccc1)NC(=O)[C@H](Cc1ccccc1)NC(=O)[C@H](CCC(N)=O)NC(=O)[C@H](CCC(N)=O)NC(=O)[C@@H]1CCCN1C(=O)[C@H](CCCCN)NC(=O)[C@@H]1CCCN1C(=O)[C@@H](N)CCCN=C(N)N)C(N)=O,8.96
Cc1cc(O)cc(C)c1C[C@H](N)C(=O)N[C@H](CCCNC(=N)N)C(=O)N[C@@H](Cc1ccccc1)C(=O)N[C@@H](CCCCN)C(=O)N(C)[C@@H]1CCN(C(=O)c2cc(C(F)(F)F)cc(C(F)(F)F)c2)C[C@@H]1c1ccccc1,8.96
Cc1cc(O)cc(C)c1C[C@H](N)C(=O)N[C@H](CCCNC(=N)N)C(=O)N[C@@H](Cc1ccccc1)C(=O)N[C@@H](CCCCN)C(=O)N1CC[C@@H](C(=O)N(C)Cc2cc(C(F)(F)F)cc(C(F)(F)F)c2)[C@H](c2ccccc2)C1,8.92
COc1ccc(OC(F)(F)F)cc1CN[C@H]1CCN(S(C)(=O)=O)C[C@H]1c1ccccc1.Cl,8.92
O=C1CCC(CCN2CC(N3CCS(=O)(=O)CC3)C2)(c2ccc(Cl)c(Cl)c2)CN1Cc1ccccc1,8.9
O=C1CCC(CCN2CC(N3CCOCC3)C2)(c2ccc(Cl)c(Cl)c2)CN1CC1CCCCC1,8.9
NS(=O)(=O)N1CCN(C2CN(CCC3(c4ccc(Cl)c(Cl)c4)CCC(=O)N(CC4CC4)C3)C2)CC1,8.9
O=C1CCN(C2CN(CCC3(c4ccc(Cl)c(Cl)c4)CCC(=O)N(CC4CC4)C3)C2)CC1,8.9
COc1ccccc1CN[C@H]1C2CC[N+](CC(N)=O)(CC2)[C@H]1C(c1ccccc1)c1ccccc1.[I-],8.89
COc1ccc(-n2nnnc2C(F)(F)F)cc1CN[C@H]1CCNC[C@H]1c1ccccc1.Cl.Cl,8.85
Cc1cc(O)cc(C)c1C[C@H](N)C(=O)N[C@H](CCCNC(=N)N)C(=O)N[C@H]1Cc2ccccc2CN(CCC(=O)N2CCN([C@@H]3CCN(C(=O)c4cc(C(F)(F)F)cc(C(F)(F)F)c4)C[C@@H]3c3ccccc3)CC2)C1=O,8.85
Cc1cc(O)cc(C)c1C[C@H](N)C(=O)N[C@@H](C)C(=O)NCC(=O)N[C@@H](Cc1ccccc1)C(=O)N1CCC[C@H]1C(=O)N[C@@H](CC(C)C)C(=O)N[C@@H](Cc1c[nH]c2ccccc12)C(=O)NCc1cc(C(F)(F)F)cc(C(F)(F)F)c1,8.85
Cc1cc(O)cc(C)c1C[C@H](N)C(=O)N[C@H](CCCNC(=N)N)C(=O)N[C@H]1Cc2ccccc2CN(CCC(=O)N(C)[C@@H]2CCN(C(=O)c3cc(C(F)(F)F)cc(C(F)(F)F)c3)C[C@@H]2c2ccccc2)C1=O,8.85
CC(C)C[C@H](NC(=O)[C@@H]1CCCN1C(=O)[C@H](Cc1ccccc1)NC(=O)CNC(=O)[C@@H](C)NC(=O)[C@@H](N)Cc1ccc(O)cc1)C(=O)N[C@@H](Cc1c[nH]c2ccccc12)C(=O)N(C)Cc1cc(C(F)(F)F)cc(C(F)(F)F)c1,8.85
CN(Cc1ccccc1)C(=O)[C@H](Cc1ccc2ccccc2c1)NC(=O)[C@H]1C[C@H](O)CN1C(=O)c1cn(CCCCc2nnn[n-]2)c2ccccc12.[K+],8.82
CC(=O)N1CCN(C2CN(CCC3(c4ccc(Cl)c(Cl)c4)CCC(=O)N(Cc4ccccc4)C3)C2)CC1,8.8
CCOC(=O)[C@@H](Cc1ccc(O)cc1)N1CCCN(C2CCN(CC[C@@H](/C(CN(C)C(=O)c3cc(Cl)cc(Cl)c3)=N/OC)c3ccc(Cl)c(Cl)c3)CC2)C1=O,8.8
N=C(N)NCCC[C@H](N)C(=O)N1CCC[C@H]1C(=O)N[C@@H](CCCCN)C(=O)N1CCC[C@H]1C(=O)N[C@@H](CCC(N)=O)C(=O)N[C@@H](CCC(N)=O)C(=O)N[C@@H](Cc1ccccc1)C(=O)O,8.8
CC(C)C[C@H](NC(=O)[C@@H]1CCCN1C(=O)[C@H](Cc1ccccc1)NC(=O)CNC(=O)[C@@H](C)NC(=O)[C@@H](N)Cc1ccc(O)cc1)C(=O)N[C@@H](Cc1c[nH]c2ccccc12)C(=O)N(C)Cc1ccccc1,8.8
O=C1CCC(CCN2CC(N3CCC(O)CC3)C2)(c2ccc(Cl)c(Cl)c2)CN1CC1CC1,8.8
CN(C/C(=N\OCCC[N+](C)(C)C)C(CCN1CCC(N2CCCCC2=O)CC1)c1ccc(Cl)c(Cl)c1)C(=O)c1cc(Cl)cc(Cl)c1.CS(=O)(=O)[O-],8.74
CCCC[C@H](NC(=O)[C@H](Cc1ccccc1)NC(=O)CNC(=O)[C@@H](C)NC(=O)[C@@H](N)Cc1ccc(O)cc1)C(=O)N[C@@H](CO[C@@H]1O[C@H](CO)[C@@H](O)[C@H](O)[C@H]1O)C(=O)N[C@@H](CC(C)C)C(=O)N[C@@H](Cc1c[nH]c2ccccc12)C(=O)NCc1cc(C(F)(F)F)cc(C(F)(F)F)c1,8.74
N=C(N)NCCC[C@H](N)C(=O)N1CCC[C@@H]1C(=O)N[C@@H](CCCCN)C(=O)N1CCC[C@H]1C(=O)N[C@@H](CCC(N)=O)C(=O)N[C@@H](CCC(N)=O)C(=O)N[C@H](Cc1ccccc1)C(=O)O,8.74
Cc1cc(O)cc(C)c1C[C@H](N)C(=O)N[C@H](CCCNC(=N)N)C(=O)N[C@H]1Cc2ccccc2CN(CCC(=O)N2CC[C@@H](C(=O)N(C)Cc3cc(C(F)(F)F)cc(C(F)(F)F)c3)[C@H](c3ccccc3)C2)C1=O,8.72
CCN(C/C(=N\OC)[C@H](CCN1CCC(n2c(=O)n(CC(=O)NCCOC)c3ccccc32)CC1)c1ccc(Cl)c(Cl)c1)C(=O)c1cc(Cl)cc(Cl)c1,8.72
CCN1CC[C@H](NCc2cc(-n3nnnc3C(F)(F)F)ccc2OC)[C@H](c2ccccc2)C1.Cl,8.72
CCCC[C@@H]1NC(=O)[C@H](Cc2ccccc2)NC(=O)CNC(=O)[C@@H](NC(=O)[C@@H](N)Cc2ccc(O)cc2)C(C)(C)SSC(C)(C)[C@@H](C(=O)N2CCC[C@H]2C(=O)N[C@@H](CC(C)C)C(=O)N[C@@H](Cc2c[nH]c3ccccc23)C(=O)NCc2cc(C(F)(F)F)cc(C(F)(F)F)c2)NC(=O)[C@@H]2CCCN2C1=O,8.72
NC1CCN(C2CN(CCC3(c4ccc(Cl)c(Cl)c4)CCC(=O)N(CC4CC4)C3)C2)CC1,8.7
O=C1CCC(CCN2CC(N3CCC(O)C3)C2)(c2ccc(Cl)c(Cl)c2)CN1Cc1ccccc1,8.7
O=C1CCC(CCN2CC(N3CCCOCC3)C2)(c2ccc(Cl)c(Cl)c2)CN1Cc1ccccc1,8.7
C[C@@H](O)[C@@H]1NC(=O)[C@H](Cc2ccc(F)cc2)NC(=O)[C@@H](Cc2c[nH]c3ccccc23)NC(=O)[C@H](Cc2cccc3ccccc23)NC(=O)[C@@H]2CCCN2C(=O)[C@H](Cc2ccccc2)NC1=O,8.7
CCN(CC)c1nnnn1-c1ccc(OC)c(CN[C@H]2CCCN[C@H]2c2ccccc2)c1.Cl.Cl,8.7
O=C1CCC(CCN2CC(N3CCCC(O)C3)C2)(c2ccc(Cl)c(Cl)c2)CN1Cc1ccccc1,8.7
C[C@@H](O)[C@H]1NC(=O)[C@H](Cc2ccc(F)cc2)NC(=O)[C@@H](Cc2c[nH]c3ccccc23)NC(=O)[C@H](Cc2cccc3ccccc23)NC(=O)[C@@H]2CCCN2C(=O)[C@H](Cc2ccccc2)NC1=O,8.7
Cc1cc(O)cc(C)c1CC(N)C(=O)NC(C)C(=O)NCC(=O)N(C)C(Cc1ccccc1)C(=O)N1CCCC1C(=O)NC(CC(C)C)C(=O)NC(Cc1c[nH]c2ccccc12)C(=O)NCc1cc(C(F)(F)F)cc(C(F)(F)F)c1,8.66
Cc1cc(O)cc(C)c1C[C@H](N)C(=O)N[C@@H](C)C(=O)NCC(=O)N(C)[C@@H](Cc1ccccc1)C(=O)N1CCC[C@H]1C(=O)N[C@@H](CC(C)C)C(=O)N[C@@H](Cc1c[nH]c2ccccc12)C(=O)NCc1cc(C(F)(F)F)cc(C(F)(F)F)c1,8.66
Cc1cc(O)cc(C)c1C[C@H](N)C(=O)N[C@H](CCCNC(=N)N)C(=O)N[C@@H](Cc1ccccc1)C(=O)N[C@@H](CCCCN)CC(=O)N1CC[C@@H](C(=O)N(C)Cc2cc(C(F)(F)F)cc(C(F)(F)F)c2)[C@H](c2ccccc2)C1,8.66
COc1cccc(OC)c1CN1CCC(=O)C(C(c2ccc(F)cc2)c2ccc(F)cc2)C1.Cl,8.64
CSCC[C@@H](NC(=O)[C@H](CC(C)C)NC(=O)CNC(=O)[C@H](Cc1ccc(O)cc1)NC(=O)[C@H](Cc1ccccc1)NC(=O)[C@H](CCCCN)NC(=O)[C@H](CC(N)=O)NC(=O)[C@@H]1CCCN1C(=O)[C@H](CC(=O)O)NC(=O)[C@H](C)NC(=O)[C@@H]1CCC(=O)N1)C(N)=O,8.64
CSCC[C@H](NC(=O)[C@H](CC(C)C)NC(=O)CNC(=O)[C@@H](NC(=O)[C@H](Cc1ccccc1)NC(=O)[C@H](CCC(N)=O)NC(=O)[C@H](CCC(N)=O)NC(=O)[C@H]1CCCN1C(=O)[C@H](CCCCN)NC(=O)[C@@H]1CCCN1C(=O)[C@@H](N)CCCN=C(N)N)C(C)(C)SC)C(N)=O,8.62
O=C(OCc1cc(C(F)(F)F)cc(C(F)(F)F)c1)[C@H](Cc1c[nH]c2ccccc12)NC(=O)[C@H]1C[C@H](O)CN1C(=O)c1cn(CCCCc2nnn[n-]2)c2ccccc12.[K+],8.62
Cc1cccc(CN2CC(CCN3CC(N4CCOCC4)C3)(c3ccc(Cl)c(Cl)c3)CCC2=O)c1,8.6
CSCC[C@H](NC(=O)[C@H](CC(C)C)NC(=O)CNC(=O)[C@@H](NC(=O)[C@H](Cc1ccccc1)NC(=O)[C@H](CCC(N)=O)NC(=O)[C@H](CCC(N)=O)NC(=O)[C@H]1CCCN1C(=O)[C@H](CCCCN)NC(=O)[C@@H]1CCCN1C(=O)[C@@H](N)CCCN=C(N)N)C1c2ccccc2-c2ccccc21)C(N)=O,8.6
O=C1CCC(CCN2CC(N3CCOCC3=O)C2)(c2ccc(Cl)c(Cl)c2)CN1Cc1ccccc1,8.6
Cc1cc(O)cc(C)c1C[C@H](N)C(=O)N[C@@H](C)C(=O)NCC(=O)N[C@@H](Cc1ccc(Br)cc1)C(=O)N1CCC[C@H]1C(=O)N[C@@H](CC(C)C)C(=O)N[C@@H](Cc1c[nH]c2ccccc12)C(=O)NCc1cc(C(F)(F)F)cc(C(F)(F)F)c1,8.6
CN1C(=O)OC2(CCN(CC[C@@](C)(C(=O)N(C)[C@H](Cc3ccccc3)C(=O)NCCN)c3ccc(Cl)c(Cl)c3)CC2)c2cc(F)ccc21.O=C(O)C(F)(F)F,8.6
Cc1cc(O)cc(C)c1C[C@H](N)C(=O)N[C@@H](C)C(=O)NCC(=O)N(C)[C@@H](Cc1ccc(F)cc1)C(=O)N1CCC[C@H]1C(=O)N[C@@H](CC(C)C)C(=O)N[C@@H](Cc1c[nH]c2ccccc12)C(=O)NCc1cc(C(F)(F)F)cc(C(F)(F)F)c1,8.59
CSCC[C@H](NC(=O)[C@H](CC(C)C)NC(=O)CNC(=O)[C@@H](NC(=O)[C@H](Cc1ccccc1)NC(=O)[C@H](CCC(N)=O)NC(=O)[C@H](CCC(N)=O)NC(=O)[C@H]1CCCN1C(=O)[C@H](CCCCN)NC(=O)[C@@H]1CCCN1C(=O)[C@@H](N)CCCN=C(N)N)C(C)(C)C)C(N)=O,8.59
CSCC[C@@H](NC(=O)[C@H](CC(C)C)NC(=O)[C@@H]1CCCN1C(=O)[C@H](Cc1ccccc1)NC(=O)[C@H](Cc1ccccc1)NC(=O)[C@H](CCC(N)=O)NC(=O)[C@H](CCC(N)=O)NC(=O)[C@@H]1CCCN1C(=O)[C@H](CCCCN)NC(=O)[C@@H]1CCCN1C(=O)[C@@H](N)CCCN=C(N)N)C(N)=O,8.54
Cc1cc(O)cc(C)c1C[C@H](N)C(=O)N[C@@H](C)C(=O)NCC(=O)N[C@@H](Cc1ccc(Cl)cc1)C(=O)N1CCC[C@H]1C(=O)N[C@@H](CC(C)C)C(=O)N[C@@H](Cc1c[nH]c2ccccc12)C(=O)NCc1cc(C(F)(F)F)cc(C(F)(F)F)c1,8.54
CC[C@H](C)[C@H](NC(=O)CNC(=O)[C@@H](NC(=O)[C@H](Cc1ccccc1)NC(=O)[C@H](CCC(N)=O)NC(=O)[C@H](CCC(=O)O)NC(=O)[C@H](CCCCN)NC(=O)[C@@H]1CCCN1C(=O)[C@@H](N)CCCNC(=N)N)C1c2ccccc2-c2ccccc21)C(=O)N[C@@H](CCSC)C(=O)O,8.52
CC[C@H](C)[C@H](NC(=O)CNC(=O)[C@H](Cc1ccccc1)NC(=O)[C@@H](NC(=O)[C@H](CCC(N)=O)NC(=O)[C@H](CCC(=O)O)NC(=O)[C@H](CCCCN)NC(=O)[C@@H]1CCCN1C(=O)[C@@H](N)CCCNC(=N)N)[C@H]1CCc2ccccc21)C(=O)N[C@@H](CCSC)C(=O)O,8.52
CC(C)C[C@H](NC(=O)[C@@H]1CCCN1C(=O)[C@@H](Cc1ccccc1)NC(=O)[C@H](Cc1ccccc1)NC(=O)CNC(=O)[C@@H](C)NC(=O)[C@@H](N)Cc1ccc(O)cc1)C(=O)N[C@@H](Cc1c[nH]c2ccccc12)C(=O)OCc1cc(C(F)(F)F)cc(C(F)(F)F)c1,8.52
CSCC[C@H](NC(=O)[C@H](CC(C)C)NC(=O)CNC(=O)[C@H](Cc1ccccc1)NC(=O)[C@@H](NC(=O)[C@H](CCC(N)=O)NC(=O)[C@H](CCC(N)=O)NC(=O)[C@H]1CCCN1C(=O)[C@H](CCCCN)NC(=O)[C@@H]1CCCN1C(=O)[C@@H](N)CCCN=C(N)N)[C@H]1CCc2ccccc21)C(N)=O,8.51
COc1ccc(OC)c(CN2CCC(=O)C(C(c3ccc(F)cc3)c3ccc(F)cc3)C2)c1.Cl,8.51
CN(CCO)C1CN(CCC2(c3ccc(Cl)c(Cl)c3)CCC(=O)N(Cc3ccccc3)C2)C1,8.5
CNS(=O)(=O)N1CCN(C2CN(CCC3(c4ccc(Cl)c(Cl)c4)CCC(=O)N(CC4CC4)C3)C2)CC1,8.5
CS(=O)(=O)N1CCN(C2CN(CCC3(c4ccc(Cl)c(Cl)c4)CCC(=O)N(CC4CC4)C3)C2)CC1,8.5
CC(=O)NC1(c2ccccc2)CCN(C2CN(CCC3(c4ccc(Cl)c(Cl)c4)CCC(=O)N(CC4CC4)C3)C2)CC1,8.5
CSCC[C@H](NC(=O)[C@H](Cc1ccccc1)NC(=O)CNC(=O)[C@@H](C)NC(=O)[C@@H](N)Cc1ccc(O)cc1)C(=O)N1CCC[C@H]1C(=O)N[C@@H](CC(C)C)C(=O)N[C@@H](Cc1c[nH]c2ccccc12)C(=O)NCc1ccccc1,8.49
NC(=O)[C@H](Cc1cccc(F)c1)NC(=O)[C@@H](N)Cc1ccccc1,8.48
Cc1cc(O)cc(C)c1C[C@H](N)C(=O)N[C@@H](C)C(=O)NCC(=O)N[C@@H](Cc1ccc(I)cc1)C(=O)N1CCC[C@H]1C(=O)N[C@@H](CC(C)C)C(=O)N[C@@H](Cc1c[nH]c2ccccc12)C(=O)NCc1cc(C(F)(F)F)cc(C(F)(F)F)c1,8.48
CSCC[C@@H](NC(=O)[C@H](CC(C)C)NC(=O)[C@@H]1CCCN1C(=O)[C@@H](NC(=O)[C@H](Cc1ccccc1)NC(=O)[C@H](CCC(N)=O)NC(=O)[C@H](CCC(N)=O)NC(=O)[C@@H]1CCCN1C(=O)[C@H](CCCCN)NC(=O)[C@@H]1CCCN1C(=O)[C@@H](N)CCCN=C(N)N)C1c2ccccc2-c2ccccc21)C(N)=O,8.48
CC(C)C[C@H](NC(=O)[C@@H]1CCCN1C(=O)[C@H](Cc1ccccc1)N(C)C(=O)CNC(=O)[C@H](C)NC(=O)[C@@H](N)Cc1ccc(O)cc1)C(=O)N[C@@H](Cc1c[nH]c2ccccc12)C(=O)NCc1cc(C(F)(F)F)cc(C(F)(F)F)c1,8.47
CC(C)C[C@H](NC(=O)[C@@H]1CCCN1C(=O)[C@@H]1CSSC[C@@H](NC(=O)[C@@H](N)Cc2ccc(O)cc2)C(=O)NCC(=O)N[C@@H](Cc2ccccc2)C(=O)N1)C(=O)N[C@@H](Cc1c[nH]c2ccccc12)C(=O)NCc1cc(C(F)(F)F)cc(C(F)(F)F)c1,8.43
CN1C(=O)OC2(CCN(CC[C@@](C)(C(=O)N(C)[C@H](Cc3ccccc3)C(=O)NCCCN)c3ccc(Cl)c(Cl)c3)CC2)c2cc(F)ccc21.O=C(O)C(F)(F)F,8.4
COc1ccc(F)cc1CN1CCC(=O)C(C(c2ccc(F)cc2)c2ccc(F)cc2)C1.Cl,8.4
CSCC[C@H](NC(=O)[C@H](CC(C)C)NC(=O)CNC(=O)[C@H](Cc1ccccc1)NC(=O)[C@H](Cc1ccccc1)NC(=O)[C@H](CO)NC(=O)[C@H](CCC(N)=O)NC(=O)[C@@H]1CCCN1C(=O)[C@H](CCCCN)NC(=O)[C@@H]1CCCN1C(=O)[C@@H](N)CCCNC(=N)N)C(N)=O,8.39
C[C@@H](NC(=O)[C@@H](N)Cc1ccc(O)cc1)C(=O)NCC(=O)N[C@@H](Cc1ccccc1)C(=O)N/N=C/c1cc(C(F)(F)F)cc(C(F)(F)F)c1.O=C(O)C(F)(F)F,8.37
CSCC[C@H](NC(=O)[C@H](CC(C)C)NC(=O)CNC(=O)[C@H](Cc1ccccc1)NC(=O)[C@H](Cc1ccccc1)NC(=O)[C@H](CCC(N)=O)NC(=O)[C@H](CCC(N)=O)NC(=O)[C@@H]1CCCN1C(=O)[C@H](CCCCN)NC(=O)[C@@H]1CCCN1)C(N)=O,8.34
CCN1CC[C@H](NCc2cc(OC(F)(F)F)ccc2OC)[C@H](c2ccccc2)C1.Cl,8.32
Cl.O=C1CCN(Cc2ccccc2C(F)(F)F)CC1C(c1ccc(F)cc1)c1ccc(F)cc1,8.31
CSCC[C@H](NC(=O)[C@H](CC(C)C)NC(=O)CN1CCCNC(=O)CCCCC(=O)N[C@H](CCCN=C(N)N)C(=O)N[C@@H](Cc2ccccc2)C(=O)N[C@H](Cc2ccccc2)C1=O)C(N)=O,8.3
O=C1CCC(CCN2CC(N3CCNCC3)C2)(c2ccc(Cl)c(Cl)c2)CN1Cc1ccccc1,8.3
NC(=O)N1CCN(C2CN(CCC3(c4ccc(Cl)c(Cl)c4)CCC(=O)N(CC4CC4)C3)C2)CC1,8.3
CN(Cc1cc(C(F)(F)F)cc(C(F)(F)F)c1)C(=O)[C@H]1CCNC[C@H]1c1ccccc1.Cl,8.25
CC(C)C[C@H](NC(=O)[C@@H]1CCCN1C(=O)[C@H](Cc1ccc(F)cc1)NC(=O)CNC(=O)[C@H](C)NC(=O)[C@@H](N)Cc1ccc(O)cc1)C(=O)N[C@@H](Cc1c[nH]c2ccccc12)C(=O)NCc1cc(C(F)(F)F)cc(C(F)(F)F)c1,8.25
C[C@@H](O[C@H]1CCCN(Cc2n[nH]c(O)n2)[C@H]1c1ccccc1)c1ccccc1,8.23
COc1ccc(N)cc1CN1CCC(=O)C(C(c2ccccc2)c2ccccc2)C1.Cl.Cl,8.23
NC(=O)[C@H](CCc1ccccc1)NC(=O)[C@@H](N)Cc1ccccc1,8.21
Cl.N#Cc1ccccc1CN1CCC(=O)C(C(c2ccc(F)cc2)c2ccc(F)cc2)C1,8.21
Cc1ccc(CN2CC(CCN3CC(N4CCOCC4)C3)(c3ccc(Cl)c(Cl)c3)CCC2=O)cc1,8.2
CCOC1CCN(C2CN(CCC3(c4ccc(Cl)c(Cl)c4)CCC(=O)N(CC4CC4)C3)C2)CC1,8.2
COc1ccccc1CN1CCC(=O)C(C(c2ccc(F)cc2)c2ccc(F)cc2)C1.Cl,8.18
O=C(CCCC(=O)N(c1ccccc1)C1CCN(CCc2ccccc2)CC1)N[C@@H](Cc1c[nH]c2ccccc12)C(=O)OCc1cc(C(F)(F)F)cc(C(F)(F)F)c1,8.17
CSCC[C@H](NC(=O)[C@H](CC(C)C)NC(=O)CNC(=O)[C@@H](NC(=O)[C@H](Cc1ccccc1)NC(=O)[C@H](CCC(N)=O)NC(=O)[C@H](CCC(N)=O)NC(=O)[C@H]1CCCN1C(=O)[C@H](CCCCN)NC(=O)[C@@H]1CCCN1C(=O)[C@@H](N)CCCN=C(N)N)C(C)(C)S(C)(=O)=O)C(N)=O,8.11
O=C1CCC(CCN2CC(N3CCOCC3)C2)(c2ccc(Cl)c(Cl)c2)CN1CC1CC1,8.1
CC(=O)O.Cc1cc(F)ccc1[C@@H]1CNCCN1C(=O)N(C)[C@H](C)c1cc(C(F)(F)F)cc(C(F)(F)F)c1,8.09
COc1ccc(OC(F)(F)F)cc1CN[C@H]1CCNC[C@H]1c1ccccc1.Cl.Cl,8.08
NC(=O)[C@H](Cc1ccccc1)NC(=O)[C@H](Cc1ccccc1)NC(=O)[C@@H]1CCCN1C(=O)[C@@H](N)Cc1ccc(O)cc1,8.06
CN(C(=O)[C@@H](N)Cc1ccccc1)[C@@H](Cc1ccccc1)C(N)=O,8.03
C[C@H](NC(=O)[C@@H]1CCCN1C(=O)[C@@H](N)Cc1ccc(O)cc1)C(=O)N[C@@H](Cc1ccccc1)C(N)=O,8.03
COc1ccc(CN2CCC(=O)C(C(c3ccc(F)cc3)c3ccc(F)cc3)C2)c(OC)c1.Cl,8.02
CS(=O)(=O)NC1CCN(C2CN(CCC3(c4ccc(Cl)c(Cl)c4)CCC(=O)N(CC4CC4)C3)C2)CC1,8.0
CN(C)S(=O)(=O)N1CCN(C2CN(CCC3(c4ccc(Cl)c(Cl)c4)CCC(=O)N(CC4CC4)C3)C2)CC1,8.0
O=C1CCC(CCN2CC(N3CCOC(c4ccccc4)C3)C2)(c2ccc(Cl)c(Cl)c2)CN1Cc1ccccc1,8.0
C[C@H](NC(=O)[C@@H](N)Cc1ccc(O)cc1)C(=O)N[C@@H](Cc1ccccc1)C(=O)N[C@@H](Cc1ccccc1)C(N)=O,7.99
CC(C)C[C@H](N)C(=O)N[C@@H](Cc1ccccc1)C(N)=O,7.99
NC(=O)[C@H](Cc1ccccc1)NC(=O)[C@H](Cc1ccccc1)NC(=O)[C@@H]1CCCN1,7.96
CSCC[C@H](NC(=O)[C@H](CC(C)C)NC(=O)CN1CCCNC(=O)CCCC(=O)N[C@H](CCCN=C(N)N)C(=O)N[C@@H](Cc2ccccc2)C(=O)N[C@H](Cc2ccccc2)C1=O)C(N)=O,7.96
C[C@@H](N)C(=O)N1CCC[C@H]1C(=O)N[C@@H](Cc1ccccc1)C(=O)N[C@@H](Cc1ccccc1)C(N)=O,7.94
Cc1ccccc1C[C@H](NC(=O)[C@@H](N)Cc1ccccc1)C(N)=O,7.94
COc1ccccc1CN[C@H]1C2CC[N+](C)(CC2)[C@H]1C(c1ccccc1)c1ccccc1.[I-],7.91
O=C1CCC(CCN2CC(N3CCNCC3)C2)(c2ccc(Cl)c(Cl)c2)CN1CC1CC1,7.9
CC[C@H](C)[C@H](NC(=O)[C@H](Cc1ccccc1)NC(=O)[C@H](CO)NC(=O)[C@H](C)NC(=O)[C@@H]1CCCN1C(=O)[C@H](CC(N)=O)NC(=O)[C@@H](N)Cc1c[nH]cn1)C(=O)NCC(=O)N[C@@H](CC(C)C)C(=O)N[C@@H](CCSC)C(N)=O,7.87
Cl.O=C1CCN(Cc2ccccc2-c2ccccc2)CC1C(c1ccc(F)cc1)c1ccc(F)cc1,7.85
CSCC[C@H](NC(=O)[C@H](CC(C)C)NC(=O)CNC(=O)[C@H](Cc1ccc(O)cc1)NC(=O)[C@H](Cc1ccccc1)NC(=O)[C@H](CO)NC(=O)[C@H](CC(=O)O)NC(=O)[C@H](CO)NC(=O)[C@H](CCCCN)NC(=O)[C@@H](N)Cc1ccc(O)cc1)C(N)=O,7.85
CC(C)C[C@H](NC(=O)[C@@H]1CCCN1C(=O)[C@H](Cc1ccccc1)NC(=O)CNC(=O)[C@@H](C)NC(=O)[C@@H](N)Cc1ccc(O)cc1)C(=O)N[C@@H](Cc1c[nH]c2ccccc12)C(=O)NCc1ccccc1,7.85
C[C@@H](O)[C@@H]1NC(=O)[C@H](Cc2ccccc2)NC(=O)[C@@H](Cc2c[nH]c3ccccc23)NC(=O)[C@H](Cc2cccc3ccccc23)NC(=O)[C@@H]2CCCN2C(=O)[C@H](Cc2ccccc2)NC1=O,7.82
CC(=O)NC1CCN(C2CN(CCC3(c4ccc(Cl)c(Cl)c4)CCC(=O)N(CC4CC4)C3)C2)CC1,7.8
CN1CCN(C2CN(CCC3(c4ccc(Cl)c(Cl)c4)CCC(=O)N(Cc4ccccc4)C3)C2)CC1,7.8
CNCCNC(=O)[C@@H](Cc1ccccc1)NC(=O)[C@](C)(CCN1CCC2(CC1)OC(=O)N(C)c1ccc(F)cc12)c1ccc(Cl)c(Cl)c1.O=C(O)C(F)(F)F,7.8
O=C(CN(NC1CCN(Cc2ccccc2)CC1)NC1CCN(Cc2ccccc2)CC1)N1CCN(Cc2cc(C(F)(F)F)cc(C(F)(F)F)c2)CC1c1ccccc1,7.77
C[C@@H](c1ccccc1)[C@H](NC(=O)[C@@H](N)Cc1ccccc1)C(N)=O,7.76
Cl.O=C1CCN(Cc2ccccc2[N+](=O)[O-])CC1C(c1ccc(F)cc1)c1ccc(F)cc1,7.75
CSCCC[C@H](NC(=O)[C@H](Cc1ccccc1)NC(=O)[C@H](CCC(N)=O)NC(=O)[C@H](CCC(N)=O)NC(=O)[C@H]1CCCN1C(=O)[C@H](CCCCN)NC(=O)[C@@H]1CCCN1C(=O)[C@@H](N)CCCN=C(N)N)C(=O)NCC(=O)N[C@@H](CC(C)C)C(=O)N[C@@H](CCSC)C(N)=O,7.75
CC(=O)N[C@@H](Cc1ccccc1)C(=O)N[C@@H](Cc1ccccc1)C(N)=O,7.73
CN1C(=O)OC2(CCN(CC[C@@](C)(C(=O)N[C@H](Cc3ccccc3)C(=O)NCCN)c3ccc(Cl)c(Cl)c3)CC2)c2cc(F)ccc21.Cl,7.7
O=C1CCC(CCN2CC(N3CCOCC3)C2)(c2ccc(Cl)c(Cl)c2)CN1Cc1ccc(F)cc1,7.7
CSCC[C@H](NC(=O)[C@H](CC(C)C)NC(=O)CNC(=O)[C@H](Cc1ccccc1)NC(=O)[C@H](Cc1ccccc1)NC(=O)[C@H](CO)NC(=O)[C@H](C)NC(=O)[C@@H]1CCCN1C(=O)[C@H](CCCCN)NC(=O)[C@@H]1CCCN1C(=O)[C@@H](N)CCCNC(=N)N)C(N)=O,7.68
CN(Cc1ccccc1)C(=O)[C@H](Cc1ccccc1)NC(=O)[C@@H](Cc1cn(C(=O)CCCCCCN)c2ccccc12)NC(=O)C[C@@H]1NC(=O)[C@@H]2C3CCC(CC3)N2C1=O,7.68
C=CC[N+]12CCC(CC1)[C@H](NCc1ccccc1OC)[C@@H]2C(c1ccccc1)c1ccccc1.[Br-],7.65
CN(C(=O)[C@@H]1CCCN1C(=O)[C@H](Cc1ccccc1)NC(=O)[C@H](Cc1ccccc1)NC(=O)[C@H](CCC(N)=O)NC(=O)[C@H](CCC(N)=O)NC(=O)[C@@H]1CCCN1C(=O)[C@H](CCCCN)NC(=O)[C@@H]1CCCN1C(=O)[C@H](CCCN=C(N)N)N1C2CC3CCC2(CS1(=O)=O)C3(C)C)[C@@H](Cc1ccc(Cc2ccccc2)cc1)C(=O)N[C@@H](Cc1c[nH]c2ccccc12)C(N)=O,7.64
C#C[C@]1(O)CCC2C3CCC4Cc5nc6nc7ccccc7n6cc5C[C@]4(C)C3CC[C@@]21C.O=C(O)C(=O)O,7.62
C[C@H](O[C@H]1CCCN(Cc2n[nH]c(O)n2)[C@H]1c1ccccc1)c1cc(Cl)cc(Cl)c1,7.6
C[C@@](Cc1ccccc1)(NC(=O)[C@@H](N)Cc1ccccc1)C(N)=O,7.58
CSCC[C@H](NC(=O)[C@H](CC(C)C)NC(=O)CNC(=O)[C@@H](NC(=O)[C@H](Cc1ccccc1)NC(=O)[C@H](CCC(N)=O)NC(=O)[C@H](CCC(N)=O)NC(=O)[C@H]1CCCN1C(=O)[C@H](CCCCN)NC(=O)[C@@H]1CCCN1C(=O)[C@@H](N)CCCN=C(N)N)[C@@H]1CCc2ccccc21)C(N)=O,7.55
C[C@@H](O)[C@@H]1NC(=O)[C@H](Cc2ccc(F)cc2)NC(=O)[C@@H](Cc2c[nH]c3ccccc23)NC(=O)[C@H](Cc2ccccc2)NC(=O)[C@@H]2CCCN2C(=O)[C@H](Cc2ccccc2)NC1=O,7.55
O=C(CN(N1CCN(Cc2ccccc2)CC1)N1CCN(Cc2ccccc2)CC1)N1CCN(Cc2cc(C(F)(F)F)cc(C(F)(F)F)c2)CC1c1ccc(Cl)c(Cl)c1,7.55
C[C@@H](O)[C@@H]1NC(=O)[C@H](Cc2ccc(F)cc2)C2C(=O)[C@@H](Cc3c2[nH]c2ccccc32)NC(=O)[C@H](Cc2ccccc2)NC(=O)[C@@H]2CCCC2C(=O)[C@H](Cc2ccccc2)NC1=O,7.55
CSCC[C@@H](NC(=O)[C@H](CC(C)C)NC(=O)CNC(=O)[C@@H](NC(=O)[C@@H](NC(=O)[C@H](CCC(N)=O)NC(=O)[C@H](CCC(N)=O)NC(=O)[C@@H]1CCCN1C(=O)[C@H](CCCCN)NC(=O)[C@@H]1CCCN1C(=O)[C@@H](N)CCCN=C(N)N)C1CCc2ccccc21)C1c2ccccc2-c2ccccc21)C(N)=O,7.54
O=C(CN(NC1CCN(Cc2ccccc2)CC1)NC1CCN(Cc2ccccc2)CC1)N1CCN(Cc2cc(C(F)(F)F)cc(C(F)(F)F)c2)CC1c1ccc(Cl)c(Cl)c1,7.52
N[C@@H](Cc1ccc(O)cc1)C(=O)N1CCC[C@H]1C(=O)N[C@@H](Cc1ccccc1)C(=O)N[C@@H](Cc1ccccc1)C(=O)O,7.52
COc1cccc(CN2CCC(=O)C(C(c3ccc(F)cc3)c3ccc(F)cc3)C2)c1.Cl,7.51
CC[C@H](C)[C@H](NC(=O)[C@H](Cc1ccccc1)NC(=O)[C@H](C)NC(=O)[C@H](CC(=O)O)NC(=O)[C@H](CCCCN)NC(=O)[C@H](CO)NC(=O)[C@@H]1CCCN1C(=O)[C@@H]1CCC(=O)N1)C(=O)NCC(=O)N[C@@H](CC(C)C)C(=O)N[C@H](CCSC)C(N)=O,7.51
CSCC[C@H](NC(=O)[C@H](CC(C)C)NC(=O)CNC(=O)[C@@H](NC(=O)[C@H](Cc1ccccc1)NC(=O)[C@H](CO)NC(=O)[C@H](CC(=O)O)NC(=O)[C@@H](NC(=O)[C@H](CCCCN)NC(=O)[C@@H](N)Cc1c[nH]cn1)[C@@H](C)O)C(C)C)C(N)=O,7.51
O=C(COCC(=O)N(c1ccccc1)C1CCN(CCc2ccccc2)CC1)N[C@@H](Cc1c[nH]c2ccccc12)C(=O)OCc1cc(C(F)(F)F)cc(C(F)(F)F)c1,7.51
O=C(CN(N1CCC(O)(c2ccccc2)CC1)N1CCC(O)(c2ccccc2)CC1)N1CCN(Cc2cc(C(F)(F)F)cc(C(F)(F)F)c2)CC1c1ccc(Cl)c(Cl)c1,7.5
CCOC(=O)C[N+]12CCC(CC1)[C@H](NCc1ccccc1OC)[C@@H]2C(c1ccccc1)c1ccccc1.[Br-],7.49
NC(=O)[C@H](Cc1ccccc1)NC(=O)[C@H]1NCC[C@H]1c1ccccc1,7.47
CN(Cc1ccccc1)C(=O)[C@H](Cc1ccccc1)NC(=O)[C@@H](Cc1cn(C(=O)OCCCCCCN)c2ccccc12)NC(=O)C[C@@H]1NC(=O)[C@@H]2C3CCC(CC3)N2C1=O,7.47
Cc1cc(O)cc(C)c1C[C@H](N)C(=O)N[C@H](CCCNC(N)=O)C(=O)N[C@H]1Cc2ccccc2CN(CCC(=O)N(C)Cc2cc(C(F)(F)F)cc(C(F)(F)F)c2)C1=O,7.46
Cc1cc(O)cc(C)c1C[C@H](N)C(=O)N[C@H](CCCNC(=N)N)C(=O)N[C@H]1Cc2ccccc2CN(CC(=O)N(Cc2cc(C(F)(F)F)cc(C(F)(F)F)c2)CC(C)C)C1=O,7.46
C[C@@H](O)[C@@H]1NC(=O)[C@H](Cc2ccccc2)NC(=O)[C@@H](Cc2c[nH]c3ccccc23)NC(=O)[C@H](Cn2ccc3ccccc32)NC(=O)[C@@H]2CCCN2C(=O)[C@H](Cc2ccccc2)NC1=O,7.46
C[C@H](NC(=O)CN)C(=O)N[C@H]1CSSC[C@H](C(=O)O)NC(=O)[C@H](CO)NC(=O)[C@H]([C@@H](C)O)NC(=O)[C@H](Cc2ccccc2)NC(=O)[C@H]([C@@H](C)O)NC(=O)[C@H](Cc2ccc(F)cc2)NC(=O)[C@H](Cc2c[nH]c3ccccc23)NC(=O)[C@H](Cc2ccccc2)NC(=O)[C@H](Cc2ccccc2)NC(=O)[C@H](CC(N)=O)NC(=O)[C@H](CCCCN)NC1=O,7.36
Cl.O=C1CCN(Cc2ccccc2F)CC1C(c1ccc(F)cc1)c1ccc(F)cc1,7.34
C#C[C@]1(O)CCC2C3CCC4Cc5nc6nc7ccccc7n6cc5C[C@]4(C)C3CC[C@@]21C,7.32
CSCC[C@@H](NC(=O)[C@H](CC(C)C)NC(=O)CNC(=O)[C@H](Cc1ccccc1)NC(=O)[C@@H](NC(=O)[C@H](CCC(N)=O)NC(=O)[C@H](CCC(N)=O)NC(=O)[C@@H]1CCCN1C(=O)[C@H](CCCCN)NC(=O)[C@@H]1CCCN1C(=O)[C@@H](N)CCCN=C(N)N)C1CCc2cc3ccccc3cc21)C(N)=O,7.32
CC(=O)NC1(c2ccccc2)CCN(N(CC(=O)N2CCN(Cc3cc(C(F)(F)F)cc(C(F)(F)F)c3)CC2c2ccccc2)N2CCC(NC(C)=O)(c3ccccc3)CC2)CC1,7.32
NC(=O)[C@H](Cc1ccccc1)NC(=O)[C@@H]1NCC[C@@H]1c1ccccc1,7.3
CC(=O)n1cc(C[C@@H](NC(=O)C[C@@H]2NC(=O)[C@@H]3C4CCC(CC4)N3C2=O)C(=O)N[C@@H](Cc2ccccc2)C(=O)N(C)Cc2ccccc2)c2ccccc21,7.3
CN1C(=O)OC2(CCN(CCC[C@@H](C(=O)N(C)[C@@H](Cc3ccccc3)C(=O)NCCN)c3ccc(Cl)c(Cl)c3)CC2)c2cc(F)ccc21.Cl,7.3
CSCC[C@H](NC(=O)[C@H](CC(C)C)NC(=O)CNC(=O)[C@H](Cc1ccccc1)NC(=O)[C@@H](NC(=O)[C@H](CCC(N)=O)NC(=O)[C@H](CCC(N)=O)NC(=O)[C@H]1CCCN1C(=O)[C@H](CCCCN)NC(=O)[C@@H]1CCCN1C(=O)[C@@H](N)CCCN=C(N)N)[C@@H]1CCc2ccccc21)C(N)=O,7.27
COc1cccc(CN2CCC(=O)C(C(c3ccc(F)cc3)c3ccc(F)cc3)C2)c1OC.Cl,7.26
CC(C)C[C@@H](C(=O)N[C@@H](Cc1c[nH]c2ccccc12)C(N)=O)N1CC[C@@]2(CCCN2C(=O)[C@H](Cc2ccc(O)cc2)NC(=O)[C@H](Cc2ccccc2)NC(=O)[C@H](CCCCN)NC(=O)[C@H](CC(N)=O)NC(=O)[C@@H]2CCCN2C(=O)[C@H](CC(=O)O)NC(=O)[C@H](C)NC(=O)C2CCCN2)C1=O,7.25
CCCC[C@@H]1NC(=O)[C@H](Cc2ccccc2)NC(=O)CNC(=O)[C@@H](NC(=O)[C@@H](N)Cc2ccc(O)cc2)C(C)(C)SSC(C)(C)[C@H](C(=O)N2CCC[C@H]2C(=O)N[C@@H](CC(C)C)C(=O)N[C@@H](Cc2c[nH]c3ccccc23)C(=O)NCc2cc(C(F)(F)F)cc(C(F)(F)F)c2)NC(=O)[C@@H]2CCCN2C1=O,7.23
COc1ccc(C[C@@H]2NC(=O)[C@@H](Cc3c[nH]c4ccccc34)NC(=O)[C@H](Cc3ccccc3)NC(=O)[C@@H]3CCCN3C(=O)[C@H](Cc3ccccc3)NC(=O)[C@H]([C@@H](C)O)NC2=O)cc1,7.23
Cc1cc(O)cc(C)c1C[C@H](N)C(=O)N[C@H](CCCNC(=N)N)C(=O)N[C@H]1Cc2ccccc2CN(CCC(=O)N(C)Cc2cc(C(F)(F)F)cc(C(F)(F)F)c2)C1=O,7.22
CSCC[C@H](NC(=O)[C@H](CC(C)C)NC(=O)CNC(=O)[C@H](CCc1ccccc1)NC(=O)[C@H](Cc1ccccc1)NC(=O)[C@H](CCC(N)=O)NC(=O)[C@H](CCC(N)=O)NC(=O)[C@H]1CCCN1C(=O)[C@H](CCCCN)NC(=O)[C@@H]1CCCN1C(=O)[C@@H](N)CCCN=C(N)N)C(N)=O,7.21
CSCC[C@H](NC(=O)[C@H](CC(C)C)NC(=O)CNC(=O)[C@H](Cc1ccccc1)NC(=O)/C(=C\c1ccccc1)NC(=O)[C@H](CCC(N)=O)NC(=O)[C@H](CCC(N)=O)NC(=O)[C@H]1CCCN1C(=O)[C@H](CCCCN)NC(=O)[C@@H]1CCCN1C(=O)[C@@H](N)CCCN=C(N)N)C(N)=O,7.2
CN1C(=O)OC2(CCN(CCC[C@@](C)(C(=O)N[C@H](Cc3ccccc3)C(=O)NCCN)c3ccc(Cl)c(Cl)c3)CC2)c2cc(F)ccc21.O=C(O)C(F)(F)F,7.2
NC(=O)[C@@H](Cc1ccccc1)NC(=O)[C@H](N)Cc1ccccc1,7.19
C[C@@H](O)[C@H]1NC(=O)[C@H](Cc2ccc(F)cc2)NC(=O)[C@@H](Cc2c[nH]c3ccccc23)NC(=O)[C@H](Cc2ccc3ccccc3c2)NC(=O)[C@@H]2CCCN2C(=O)[C@H](Cc2ccccc2)NC1=O,7.19
C[C@H](c1ccccc1)[C@@H](NC(=O)[C@@H](N)Cc1ccccc1)C(N)=O,7.17
CSCC[C@H](NC(=O)[C@H](CC(C)C)NC(=O)CNC(=O)[C@@H](NC(=O)[C@H](Cc1ccccc1)NC(=O)[C@H](Cc1ccccc1)NC(=O)[C@H](CC(=O)O)NC(=O)[C@H](Cc1c[nH]cn1)NC(=O)[C@H](CCSC)NC(=O)[C@@H](N)CC(=O)O)C(C)C)C(N)=O,7.16
C[C@](N)(Cc1ccccc1)C(=O)N[C@@H](Cc1ccccc1)C(N)=O,7.15
CSCC[C@H](NC(=O)[C@H](CC(C)C)NC(=O)CNC(=O)[C@@H](NC(=O)[C@H](Cc1ccccc1)NC(=O)[C@H](CCC(=O)O)NC(=O)[C@H](CC(=O)O)NC(=O)[C@H](CO)NC(=O)[C@H](CCCCN)NC(=O)[C@@H]1CCCN1C(=O)[C@@H](NC(=O)[C@@H](N)CC(=O)O)C(C)C)C(C)C)C(N)=O,7.12
COc1ccc(CN2CCC(=O)C(C(c3ccc(F)cc3)c3ccc(F)cc3)C2)cc1.Cl,7.11
CSCC[C@H](NC(=O)[C@H](CC(C)C)NC(=O)CNC(=O)[C@H](Cc1ccccc1)NC(=O)[C@H](CCc1ccccc1)NC(=O)[C@H](CCC(N)=O)NC(=O)[C@H](CCC(N)=O)NC(=O)[C@H]1CCCN1C(=O)[C@H](CCCCN)NC(=O)[C@@H]1CCCN1C(=O)[C@@H](N)CCCN=C(N)N)C(N)=O,7.11
NCCCC[C@H](NC(=O)[C@@H]1CCCN1C(=O)[C@@H](N)CCCN=C(N)N)C(=O)N1CCC[C@H]1C(=O)N[C@@H](CCC(N)=O)C(=O)N[C@@H](CCC(N)=O)C(=O)N[C@@H](Cc1ccccc1)C(=O)N[C@@H](Cc1ccccc1)C(=O)N1CCC[C@H]1C(=O)N1CCC(Cc2ccccc2)[C@H]1C(=O)N[C@@H](Cc1c[nH]c2ccccc12)C(N)=O,7.1
C=C[C@]1(O)CCC2C3CCC4Cc5nc6nc7ccccc7n6cc5C[C@]4(C)C3CC[C@@]21C,7.07
C[C@@H](O)[C@@H]1NC(=O)[C@H](Cc2ccccc2)NC(=O)[C@@H](Cc2c[nH]c3ccccc23)NC(=O)[C@H](CCc2ccccc2)NC(=O)[C@@H]2CCCN2C(=O)[C@H](Cc2ccccc2)NC1=O,7.07
C[C@H](O[C@H]1CCCN[C@H]1c1ccccc1)c1cc(Cl)cc(Cl)c1,7.07
C[C@@H](O[C@H]1CCCN[C@H]1c1ccccc1)c1ccccc1,7.07
C[C@H](O[C@H]1CCCN[C@H]1c1ccccc1)c1cc(C(F)(F)F)cc(C(F)(F)F)c1,7.06
NC(=O)[C@H]1[C@@H](c2ccccc2)CCN1C(=O)[C@@H](N)Cc1ccccc1,7.03
C[C@H](O)[C@@H]1NC(=O)[C@H](Cc2ccccc2)NC(=O)[C@@H](Cc2c[nH]c3ccccc23)NC(=O)[C@H](Cc2ccccc2)NC(=O)[C@@H]2CCCN2C(=O)[C@H](Cc2ccccc2)NC1=O,7.02
Cl.O=C1CCN(Cc2ccccc2)CC1C(c1ccc(F)cc1)c1ccc(F)cc1,7.01
Cl.O=C1CCN(Cc2ccccc2)CC1C(c1ccccc1)c1ccccc1,7.01
Cl.O=C1CCN(Cc2ccccc2)CC1C(c1ccc(Cl)cc1)c1ccc(Cl)cc1,7.01
COC(=O)n1cc(C[C@@H](NC(=O)C[C@@H]2NC(=O)[C@@H]3C4CCC(CC4)N3C2=O)C(=O)N[C@@H](Cc2ccccc2)C(=O)N(C)Cc2ccccc2)c2ccccc21,7.0
O=C1CCC(CCN2CC(N3CCOCC3)C2)(c2ccc(Cl)c(Cl)c2)CN1Cc1ccncc1,7.0
CC(C)C[C@H](NC(=O)[C@@H]1CCCN1C(=O)[C@H](Cc1ccccc1)NC(=O)CNC(=O)[C@@H](C)NC(=O)[C@@H](N)Cc1ccc(O)cc1)C(=O)N[C@@H](Cc1c[nH]c2ccccc12)C(=O)OCc1ccccc1,7.0
Clc1ccccc1CN[C@@H]1C2CCN(CC2)[C@@H]1C(c1ccccc1)c1ccccc1,6.96
CN(C(=O)[C@@H]1CCCN1C(=O)[C@H](Cc1ccccc1)NC(=O)[C@H](Cc1ccccc1)NC(=O)[C@H](CCC(N)=O)NC(=O)[C@H](CCC(N)=O)NC(=O)[C@@H]1CCCN1C(=O)[C@H](CCCCN)NC(=O)[C@@H]1CCCN1C(=O)[C@@H](N)CCCN=C(N)N)[C@@H](Cc1ccccc1)C(=O)N[C@@H](Cc1c[nH]c2ccccc12)C(N)=O,6.96
O=C(CN(N1CCC(Cc2ccccc2)CC1)N1CCC(Cc2ccccc2)CC1)N1CCN(Cc2cc(C(F)(F)F)cc(C(F)(F)F)c2)CC1c1ccc(Cl)c(Cl)c1,6.96
CCC(C)Cc1cc(C(O)C2NC(=O)CNC(=O)[C@H](C(C)C)NC(=O)CNC(=O)[C@@H]3CCCN3C(=O)[C@@H](Cc3c[nH]c4ccccc34)NC(=O)CNC2=O)ccc1OC,6.92
COc1ccc(C(O)C2NC(=O)CNC(=O)[C@H](C(C)C)NC(=O)CNC(=O)[C@@H]3CCCN3C(=O)[C@@H](Cc3c[nH]c4ccccc34)NC(=O)CNC2=O)cc1CC=C(C)C,6.92
CN1C(=O)OC2(CCN(CC[C@@](C)(C(=O)N[C@@H](Cc3ccccc3)C(=O)NCCN)c3ccc(Cl)c(Cl)c3)CC2)c2cc(F)ccc21.Cl,6.9
CN1C(=O)OC2(CCN(CC[C@@H](C(=O)N(C)[C@@H](Cc3ccccc3)C(=O)NCCN)c3ccc(Cl)c(Cl)c3)CC2)c2cc(F)ccc21.Cl,6.9
CN(Cc1ccccc1)C(=O)[C@H](Cc1ccccc1)NC(=O)[C@@H](Cc1cn(C(=O)OC(C)(C)C)c2ccccc12)NC(=O)C[C@@H]1NC(=O)[C@@H]2C3CCC(CC3)N2C1=O,6.9
CNC(=O)[C@H](Cc1ccccc1)NC(=O)[C@@H](N)Cc1ccccc1,6.87
CC(=O)NC1(c2ccccc2)CCN(N(CC(=O)N2CCN(Cc3cc(C(F)(F)F)cc(C(F)(F)F)c3)CC2c2ccc(Cl)c(Cl)c2)N2CCC(NC(C)=O)(c3ccccc3)CC2)CC1,6.83
CN(Cc1ccccc1)C(=O)[C@H](Cc1ccccc1)NC(=O)[C@@H](Cc1cn(C(=O)OCc2ccccc2)c2ccccc12)NC(=O)C[C@@H]1NC(=O)[C@@H]2C3CCC(CC3)N2C1=O,6.8
c1ccc(CO[C@H]2CCCN[C@H]2c2ccccc2)cc1,6.8
CC(C)C[C@H](NC(=O)[C@H](CC(C)C)NC(=O)[C@@H](Cc1c[nH]c2ccccc12)NC(=O)[C@H](Cc1ccccc1)NC(=O)[C@@H](Cc1c[nH]c2ccccc12)NC(=O)[C@H](CCC(N)=O)NC(=O)[C@H](CCC(N)=O)NC(=O)[C@@H]1CCCN1C(=O)[C@H](CCCCN)NC(=O)[C@@H]1CCCN1C(=O)[C@H](N)CCCN=C(N)N)C(N)=O,6.8
C[C@@H](O)[C@@H]1NC(=O)[C@H](Cc2ccc(O)cc2)NC(=O)[C@@H](Cc2c[nH]c3ccccc23)NC(=O)[C@H](Cc2cccc3ccccc23)NC(=O)[C@@H]2CCCN2C(=O)[C@H](Cc2ccccc2)NC1=O,6.78
NC(=O)[C@H](Cc1ccccc1)NC(=O)[C@H](N)Cc1ccccc1,6.76
CSCC[C@@H](NC(=O)[C@H](CC(C)C)NC(=O)CNC(=O)[C@H](Cc1ccccc1)NC(=O)[C@H](Cc1ccccc1)NC(=O)[C@H](CCC(N)=O)NC(=O)[C@@H](N)CCC(N)=O)C(N)=O,6.75
CSCC[C@H](NC(=O)[C@H](CC(C)C)NC(=O)CN1CCCNC(=O)CCC(=O)N[C@H](CCCN=C(N)N)C(=O)N[C@@H](Cc2ccccc2)C(=O)N[C@H](Cc2ccccc2)C1=O)C(N)=O,6.75
CCN1/C(=C\C=C2CC(C)[n+]3c2n(CC)c2cc4ccccc4cc23)Sc2ccccc21.[I-],6.75
CC#C[C@]1(O)CCC2C3CCC4Cc5nc6nc7ccccc7n6cc5C[C@]4(C)C3CC[C@@]21C,6.75
NC(=O)[C@H](Cc1ccccc1)NC(=O)[C@H](N)c1ccccc1,6.74
CN[C@@H](Cc1ccccc1)C(=O)N[C@@H](Cc1ccccc1)C(N)=O,6.72
C[C@]12Cc3cn4c(nc3CC1CCC1C2CC[C@@]2(C)C1CC[C@]2(C)O)nc1ccccc14,6.7
CN1C(=O)OC2(CCN(CC[C@H](C(=O)N(C)[C@@H](Cc3ccccc3)C(=O)NCCN)c3ccc(Cl)c(Cl)c3)CC2)c2cc(F)ccc21.Cl,6.7
C[C@@H](O)[C@@H]1NC(=O)[C@H](Cc2ccccc2)NC(=O)[C@@H](Cc2c[nH]c3ccccc23)NC(=O)[C@H](CC2CCCCC2)NC(=O)[C@@H]2CCCN2C(=O)[C@H](Cc2ccccc2)NC1=O,6.7
C[C@@H](O)[C@@H]1NC(=O)[C@H](CC2CCCCC2)NC(=O)[C@@H](Cc2c[nH]c3ccccc23)NC(=O)[C@H](Cc2ccccc2)NC(=O)[C@@H]2CCCN2C(=O)[C@H](Cc2ccccc2)NC1=O,6.67
C[C@]12Cc3cn4c(nc3CC1CCC1C2CC[C@@]2(C)C1CC[C@@H]2O)nc1ccccc14,6.66
C[C@H](NC(=O)CN)C(=O)N[C@H]1CSSC[C@H](C(=O)O)NC(=O)[C@H](CO)NC(=O)[C@H]([C@@H](C)O)NC(=O)[C@H](Cc2ccccc2)NC(=O)[C@H]([C@@H](C)O)NC(=O)[C@H](Cc2ccc(F)cc2)NC(=O)[C@@H](Cc2c[nH]c3ccccc23)NC(=O)[C@H](Cc2ccccc2)NC(=O)[C@H](Cc2ccccc2)NC(=O)[C@H](CC(N)=O)NC(=O)[C@H](CCCCN)NC1=O,6.66
Cl.O=C1CCN(Cc2ccc(C(F)(F)F)cc2)CC1C(c1ccc(F)cc1)c1ccc(F)cc1,6.66
C[C@@H](O)[C@@H]1NC(=O)[C@H](Cc2ccc(F)cc2)NC(=O)[C@@H](Cc2c[nH]c3ccccc23)NC(=O)[C@H](Cc2ccccc2)NC(=O)[C@H](Cc2ccccc2)NC(=O)[C@H](CC(N)=O)NC(=O)[C@H](CCCCN)NC(=O)[C@@H](N)CSSC[C@H](C(=O)O)NC(=O)[C@H](CO)NC(=O)[C@H]([C@@H](C)O)NC(=O)[C@H](Cc2ccccc2)NC1=O,6.6
CN1C(=O)OC2(CCN(CC[C@@](C)(C(=O)N[C@H](C(=O)NCCN)c3ccccc3)c3ccc(Cl)c(Cl)c3)CC2)c2cc(F)ccc21.Cl,6.6
NC(=O)[C@H](Cc1cccs1)NC(=O)[C@@H](N)Cc1ccccc1,6.6
Cl.O=C1CCN(Cc2cccc(C(F)(F)F)c2)CC1C(c1ccc(F)cc1)c1ccc(F)cc1,6.57
Cl.O=C1CCN(Cc2ccccc2O)CC1C(c1ccc(F)cc1)c1ccc(F)cc1,6.55
CCCC[N+](CCCC)(CCCC)Cc1ccc(NC(=O)[C@@H](Cc2ccc3ccccc3c2)N=C(NC2CCCCC2)NC2CCCCC2)cc1,6.54
CCCN1C(=O)C2NC(c3ccc(OCC(=O)NCCNC(=O)C(N)CC(=O)N[C@@H](Cc4ccccc4)C(=O)N[C@@H](Cc4ccccc4)C(=O)NCC(=O)N[C@@H](CC(C)C)C(=O)N[C@@H](CCSC)C(N)=O)cc3)=NC2N(CCC)C1=O,6.52
CCN1/C(=C\C=C\c2n(CC)c3cc4ccccc4cc3[n+]2CC)Oc2ccccc21.[I-],6.51
CCn1c2[n+](c3cc4ccccc4cc31)C(C)CC2=C/C=C1\N(C)c2ccc3ccccc3c2C1(C)C.[I-],6.51
CSCC[C@H](N)C(=O)N[C@@H](CC(C)C)C(=O)Cc1noc([C@H](Cc2ccccc2)NC(=O)[C@H](Cc2ccccc2)NC(=O)[C@H](CCC(N)=O)NC(=O)[C@H](CCC(N)=O)NC(=O)[C@@H]2CCCN2C(=O)[C@H](CCCCN)NC(=O)[C@@H]2CCCN2C(=O)[C@@H](N)CCCN=C(N)N)n1,6.51
C#CC[C@]1(O)CCC2C3CCC4Cc5nc6nc7ccccc7n6cc5C[C@]4(C)C3CC[C@@]21C,6.5
C#C[C@]1(O)CCC2C3CC[C@H]4Cc5nc6nc7cc8ccccc8cc7n6cc5C[C@]4(C)C3CC[C@@]21C,6.5
CN1C(=O)OC2(CCN(CCC[C@@](C)(C(=O)N[C@H](C(=O)NCCN)c3ccccc3)c3ccc(Cl)c(Cl)c3)CC2)c2cc(F)ccc21.O=C(O)C(F)(F)F,6.5
CCN1/C(=C\C=C\c2n(CC)c3cc4ccccc4cc3[n+]2CC)Sc2ccccc21.[I-],6.5
COc1ccccc1CN[C@H]1C2CC[N+](Cc3ccccc3)(CC2)[C@H]1C(c1ccccc1)c1ccccc1.[Br-],6.48
CCn1c(/C=C/C=C2/N(C)c3ccccc3C2(C)C)[n+](CCCO)c2nc3ccccc3nc21.[Cl-],6.46
CCN1/C(=C\C=C\c2n(CC)c3cc4ccccc4cc3[n+]2CC)C(C)(C)c2ccccc21.[Cl-],6.44
CCCC[P+](CCCC)(CCCC)Cc1ccc(NC(=O)[C@@H](Cc2ccc3ccccc3c2)N=C(NC2CCCCC2)NC2CCCCC2)cc1.[Br-],6.43
CCN1/C(=C/C=C/c2n(CC)c3nc4ccccc4nc3[n+]2CC)C(C)(C)c2ccccc21.[Cl-],6.41
CCn1c(/C=C/C=C2\N(C)c3ccccc3C2(C)C)[n+](CC)c2cc3ccccc3cc21.[Cl-],6.41
CN1C(=O)OC2(CCN(CCC[C@H](C(=O)N(C)[C@@H](Cc3ccccc3)C(=O)NCCN)c3ccc(Cl)c(Cl)c3)CC2)c2cc(F)ccc21.Cl,6.4
CN1C(=O)OC2(CCN(CC[C@](C)(C(=O)N[C@@H](Cc3ccccc3)C(=O)NCCN)c3ccc(Cl)c(Cl)c3)CC2)c2cc(F)ccc21.Cl,6.4
CCn1c(/C=C/C=C2/N(C)c3ccccc3C2(C)C)[n+](CCCOC(C)=O)c2nc3ccccc3nc21.[Cl-],6.39
CCn1c(/C=C/C=C2\N(C)c3ccccc3C2(C)C)[n+](CCOC(C)=O)c2cc3ccccc3cc21.[Cl-],6.39
CCn1c(/C=C/C=C2\N(C)c3ccccc3C2(C)C)[n+](CCO)c2cc3ccccc3cc21.[Cl-],6.35
CSCC[C@@H](NC(=O)[C@H](CC(C)C)NC(=O)CNC(=O)[C@H](Cc1ccccc1)NC(=O)[C@H](Cc1ccccc1)NC(=O)[C@@H](N)CCC(N)=O)C(N)=O,6.35
CN(C)c1ccccc1CC(=O)N1C[C@@H]2C(=O)C[S+]([O-])C(c3ccccc3)(c3ccccc3)[C@@H]2C1,6.33
CSCC[C@H](NC(=O)[C@H](CC(C)C)NC(=O)CNC(=O)[C@@H](NC(=O)[C@H](Cc1ccccc1)NC(=O)[C@H](CCC(N)=O)NC(=O)[C@H](CCC(N)=O)NC(=O)[C@H]1CCCN1C(=O)[C@H](CCCCN)NC(=O)[C@@H]1CCCN1C(=O)[C@@H](N)CCCN=C(N)N)C(c1ccccc1)c1ccccc1)C(N)=O,6.3
CCCC[C@H](NC(=O)[C@H](CC(C)C)NC(=O)[C@H](Cc1c[nH]c2ccccc12)NC(=O)[C@H](Cc1ccccc1)NC(=O)[C@H](Cc1c[nH]c2ccccc12)NC(=O)[C@H](CC(N)=O)NC(=O)[C@H](Cc1ccccc1)NC(=O)[C@@H]1C(Cl)C(Cl)CN1C(=O)[C@H](C)NC(=O)[C@@H]1C(c2cccnc2)CCN1C(=O)[C@H](CCCCN)NC(=O)c1cccnc1)C(=O)O,6.3
C[C@H](O)[C@@H]1NC(=O)[C@H](Cc2ccccc2)NC(=O)[C@@H](Cc2c[nH]c3ccccc23)NC(=O)[C@@H](Cc2ccccc2)NC(=O)[C@@H]2CCCN2C(=O)[C@H](Cc2ccccc2)NC1=O,6.3
CSCC[C@H](NC(=O)[C@H](CC(C)C)NC(=O)[C@@H](Cc1c[nH]c2ccccc12)NC(=O)[C@H](Cc1ccccc1)NC(=O)[C@@H](Cc1ccccc1)NC(=O)[C@H](CCCN=C(N)N)NC(=O)[C@H](CC(N)=O)NC(=O)[C@@H]1CCCN1C(=O)[C@H](CCCCNC(=O)OCc1ccccc1)NC(=O)[C@@H]1CCCN1C(=O)[C@H](CCCN=C(N)N)NC(=O)OCc1ccccc1)C(=O)O,6.3
NC(=O)[C@@H](Cc1ccccc1)NC(=O)[C@@H](N)Cc1ccccc1,6.27
CCCC[N+](CCCC)(CCCC)Cc1ccc(NC(=O)[C@H](Cc2ccc3ccccc3c2)N=C(NC2CCCCC2)NC2CCCCC2)cc1,6.27
COC(=O)[C@H](CCSC)NC(=O)[C@H](CC(C)C)NC(=O)[C@@H](Cc1c[nH]c2ccccc12)NC(=O)[C@H](Cc1ccccc1)NC(=O)[C@@H](Cc1ccccc1)NC(=O)[C@H](CCCN=C(N)N)NC(=O)[C@H](CC(N)=O)NC(=O)[C@@H]1CCCN1C(=O)[C@H](CCCCNC(=O)OCc1ccccc1)NC(=O)[C@@H]1CCCN1C(=O)[C@H](CCCN=C(N)N)NC(=O)OCc1ccccc1,6.22
CN1C(=O)OC2(CCN(CC[C@@H](C(=O)N(C)[C@H](C(=O)NCCN)c3ccccc3)c3ccc(Cl)c(Cl)c3)CC2)c2cc(F)ccc21.Cl,6.2
O=C1CC[C@@](CCN2CC(N3CCOCC3)C2)(c2ccc(Cl)c(Cl)c2)CN1CC1CCCCC1,6.2
CN1C(=O)OC2(CCN(CC[C@](C)(C(=O)N[C@H](Cc3ccccc3)C(=O)NCCN)c3ccc(Cl)c(Cl)c3)CC2)c2cc(F)ccc21.Cl,6.2
CCCC[P+](CCCC)(CCCC)Cc1ccc(NC(=O)[C@H](Cc2ccc3ccccc3c2)N=C(NC2CCCCC2)NC2CCCCC2)cc1.[Br-],6.17
CCn1c(/C=C/C=C2\Sc3ccccc3N2C)[n+](CC)c2nc3ccccc3nc21.[Cl-],6.16
Cc1ccccc1CN[C@@H]1C2CCN(CC2)[C@@H]1C(c1ccccc1)c1ccccc1,6.16
Cc1cc(O)cc(C)c1CC(N)C(=O)NC(CCCNC(=N)N)C(=O)NC(Cc1ccccc1)C(=O)N(C)CC(=O)N(C)Cc1cc(C(F)(F)F)cc(C(F)(F)F)c1,6.13
FC(F)(F)c1ccccc1CN[C@@H]1C2CCN(CC2)[C@@H]1C(c1ccccc1)c1ccccc1,6.13
Cc1cc(O)cc(C)c1C[C@H](N)C(=O)N[C@H](CCCNC(=N)N)C(=O)N[C@H]1Cc2ccccc2CN(CCC(=O)N(Cc2cc(C(F)(F)F)cc(C(F)(F)F)c2)CC(C)C)C1=O,6.13
CCn1c2[n+](c3cc4ccccc4cc31)CCC2=C/C=C1\N(C)c2ccccc2C1(C)C.[I-],6.1
N=C(N)NCc1ccc(NC(=O)[C@@H](Cc2ccc3ccccc3c2)N=C(NC2CCCCC2)NC2CCCCC2)cc1,6.07
CCn1c(/C=C/C=C2\C3C=CCc4cccc(c43)N2C)[n+](CC)c2nc3ccccc3nc21.[Cl-],6.07
CCOC(=O)CCC[n+]1c(/C=C/C=C2/N(C)c3ccccc3C2(C)C)n(CC)c2nc3ccccc3nc21.[Cl-],6.07
CC(C)[C@@H]1NC(=O)[C@H](CCCCN)NC(=O)[C@@H](Cc2c[nH]c3ccccc23)NC(=O)[C@H](Cc2ccc(O)cc2)NC(=O)[C@H](C)N(C)C(=O)[C@H](Cc2ccccc2)NC1=O,6.0
C[C@H](O)[C@@H]1NC(=O)[C@H](CCCCN)NC(=O)[C@@H](Cc2c[nH]c3ccccc23)NC(=O)[C@H](Cc2ccccc2)NC(=O)[C@@H]2CCCN2C(=O)[C@H](Cc2ccccc2)NC1=O,6.0
Fc1ccccc1CN[C@@H]1C2CCN(CC2)[C@@H]1C(c1ccccc1)c1ccccc1,6.0
C[C@@H](NC(=O)[C@@H](N)Cc1ccc(O)cc1)C(=O)N[C@@H](Cc1ccccc1)c1nc(CN[C@@H](Cc2ccc(O)cc2)C(=O)N2CCC[C@H]2C(=O)N[C@@H](CO)C(N)=O)no1,6.0
C[C@@H](NC(=O)[C@@H](N)Cc1ccc(O)cc1)C(=O)N[C@@H](Cc1ccccc1)c1nnc(N[C@@H](Cc2ccc(O)cc2)C(=O)N2CCC[C@H]2C(=O)N[C@@H](CO)C(N)=O)o1,6.0
C[C@@H](NC(=O)[C@@H](N)Cc1ccc(O)cc1)C(=O)N[C@@H](Cc1ccccc1)C(=O)NCC(=O)N[C@@H](Cc1ccc(O)cc1)C(=O)N1CCC[C@H]1C(=O)N[C@@H](CO)C(N)=O,6.0
COc1ccccc1CN[C@@H]1C2CCN(CC2)[C@@H]1Cc1ccccc1,6.0
CSCC[C@H](N)C(=O)N[C@@H](CC(C)C)C(=O)c1n[nH]c([C@H](Cc2ccccc2)NC(=O)[C@H](Cc2ccccc2)NC(=O)[C@H](CCC(N)=O)NC(=O)[C@H](CCC(N)=O)NC(=O)[C@@H]2CCCN2C(=O)[C@H](CCCCN)NC(=O)[C@@H]2CCCN2C(=O)[C@@H](N)CCCN=C(N)N)n1,6.0
CSCC[C@H](N)C(=O)N[C@@H](CC(C)C)C(=O)c1noc([C@H](Cc2ccccc2)NC(=O)[C@H](Cc2ccccc2)NC(=O)[C@H](CCC(N)=O)NC(=O)[C@H](CCC(N)=O)NC(=O)[C@@H]2CCCN2C(=O)[C@H](CCCCN)NC(=O)[C@@H]2CCCN2C(=O)[C@@H](N)CCCN=C(N)N)n1,6.0
CSCC[C@H](N)C(=O)N[C@@H](CC(C)C)C(=O)Cc1n[nH]c([C@H](Cc2ccccc2)NC(=O)[C@H](Cc2ccccc2)NC(=O)[C@H](CCC(N)=O)NC(=O)[C@H](CCC(N)=O)NC(=O)[C@@H]2CCCN2C(=O)[C@H](CCCCN)NC(=O)[C@@H]2CCCN2C(=O)[C@@H](N)CCCN=C(N)N)n1,6.0
C[C@@H](NC(=O)[C@@H](N)Cc1ccc(O)cc1)C(=O)N[C@@H](Cc1ccccc1)c1nc(N[C@@H](Cc2ccc(O)cc2)C(=O)N2CCC[C@H]2C(=O)N[C@@H](CO)C(N)=O)no1,6.0
CC(C)(C)OC(=O)N[C@@H](Cc1ccccc1)c1nc(CCO)no1,6.0
C[C@@H](NC(=O)[C@@H](N)Cc1ccc(O)cc1)C(=O)N[C@@H](Cc1ccccc1)c1n[nH]c(CN[C@@H](Cc2ccc(O)cc2)C(=O)N2CCC[C@H]2C(=O)N[C@@H](CO)C(N)=O)n1,6.0
CSCC[C@H](N)C(=O)N[C@@H](CC(C)C)C(=O)c1nnc([C@H](Cc2ccccc2)NC(=O)[C@H](Cc2ccccc2)NC(=O)[C@H](CCC(N)=O)NC(=O)[C@H](CCC(N)=O)NC(=O)[C@@H]2CCCN2C(=O)[C@H](CCCCN)NC(=O)[C@@H]2CCCN2C(=O)[C@@H](N)CCCN=C(N)N)o1,6.0
CCOC(=O)Cc1n[nH]c([C@H](Cc2ccccc2)NC(=O)OC(C)(C)C)n1,6.0
C[C@@H](NC(=O)[C@@H](N)Cc1ccc(O)cc1)C(=O)N[C@@H](Cc1ccccc1)c1n[nH]c(N[C@@H](Cc2ccc(O)cc2)C(=O)N2CCC[C@H]2C(=O)N[C@@H](CO)C(N)=O)n1,6.0
C[C@@H](NC(=O)[C@@H](N)Cc1ccc(O)cc1)C(=O)NCC(=O)N(C)[C@@H](Cc1ccccc1)C(=O)NCCO,6.0
C[C@@H](NC(=O)[C@@H](N)Cc1ccc(O)cc1)C(=O)N[C@@H](Cc1ccccc1)c1nnc(CN[C@@H](Cc2ccc(O)cc2)C(=O)N2CCC[C@H]2C(=O)N[C@@H](CO)C(N)=O)o1,6.0
CCn1c(/C=C/C=C2/N(CCO)c3ccccc3C2(C)C)[n+](CC)c2nc3ccccc3nc21,6.0
C[C@@H](O)[C@@H]1NC(=O)[C@H](Cc2ccc(O)cc2)NC(=O)[C@@H](Cc2c[nH]c3ccccc23)NC(=O)[C@H](Cc2ccccc2)NC(=O)[C@@H]2CCCN2C(=O)[C@H](Cc2ccccc2)NC1=O,5.98
CCCCCN(CCCCC)C(=O)N1CCN(C(=O)N(c2ccccc2)c2ccccc2)[C@H](C(=O)N(C)CCN(C)Cc2cc(C(F)(F)F)cc(C(F)(F)F)c2)C1,5.97
CCn1c(/C=C/C=C2/N(C)c3ccccc3C2(C)C)[n+](CC)c2nc3cc(Cl)c(Cl)cc3nc21.[Cl-],5.96
N=C(N)NCc1ccc(NC(=O)[C@H](Cc2ccc3ccccc3c2)N=C(NC2CCCCC2)NC2CCCCC2)cc1,5.96
CSCC[C@@H](NC(=O)[C@H](CC(C)C)NC(=O)CNC(=O)[C@@H]1Cc2ccccc2CN1C(=O)[C@H](Cc1ccccc1)NC(=O)[C@H](CCC(N)=O)NC(=O)[C@H](CCC(N)=O)NC(=O)[C@@H]1CCCN1C(=O)[C@H](CCCCN)NC(=O)[C@@H]1CCCN1C(=O)[C@@H](N)CCCN=C(N)N)C(N)=O,5.92
C#C[C@]1(O)CC[C@H]2[C@@H]3CC[C@H]4Cc5nc6nc7ccccc7c(=O)n6cc5C[C@]4(C)[C@H]3CC[C@@]21C,5.92
CC[C@H](C)[C@H](NC(=O)CNC(=O)[C@@H]1Cc2ccccc2CN1C(=O)[C@H](Cc1ccccc1)NC(=O)[C@H](CCC(N)=O)NC(=O)[C@H](CCC(=O)O)NC(=O)[C@H](CCCCN)NC(=O)[C@@H]1CCCN1C(=O)[C@@H](N)CCCNC(=N)N)C(=O)N[C@@H](CCSC)C(=O)O,5.92
CN(Cc1ccccc1)C[C@H](Cc1ccc2ccccc2c1)NC(=O)[C@@H]1CCCC[C@@H]1NC(=O)c1c[nH]c2ccccc12.Cl,5.9
CCCC[P+](CCCC)(CCCC)Cc1ccc(NC(=O)[C@H](Cc2ccc3ccccc3c2)NC(=O)NC2CCCCC2)cc1.[Br-],5.89
CCN1/C(=C\C=C2/CCC[n+]3c2n(CC)c2cc4ccccc4cc23)Sc2ccccc21.[I-],5.89
NCc1ccc(NC(=O)[C@H](Cc2ccc3ccccc3c2)N=C(NC2CCCCC2)NC2CCCCC2)cc1,5.89
CSCC[C@H](NC(=O)[C@H](CC(C)C)NC(=O)CNC(=O)[C@H](Cc1ccccc1)NC(=O)[C@@H](NC(=O)[C@H](CCC(N)=O)NC(=O)[C@H](CCC(N)=O)NC(=O)[C@H]1CCCN1C(=O)[C@H](CCCCN)NC(=O)[C@@H]1CCCN1C(=O)[C@@H](N)CCCN=C(N)N)C(c1ccccc1)c1ccccc1)C(N)=O,5.89
CCn1c(/C=C/C=C2/N(C)c3ccccc3C2(C)C)[n+](CCCN(C)C)c2nc3ccccc3nc21,5.89
CCn1c(/C=C/C=C2/N(C)c3ccccc3C2(C)C)[n+](CCCC(=O)O)c2nc3ccccc3nc21.[Cl-],5.85
CSCC[C@H](NC(=O)[C@H](CC(C)C)NC(=O)CNC(=O)[C@H](Cc1ccccc1)NC(=O)[C@@H](NC(=O)[C@H](CCC(N)=O)NC(=O)[C@H](CCC(N)=O)NC(=O)[C@H]1CCCN1C(=O)[C@H](CCCCN)NC(=O)[C@@H]1CCCN1C(=O)[C@@H](N)CCCN=C(N)N)C1c2ccccc2-c2ccccc21)C(N)=O,5.85
C[C@H](NC(=O)[C@H](Cc1ccccc1)NC(=O)[C@@H]1CCCN1C(=O)[C@@H](N)Cc1ccc(O)cc1)C(N)=O,5.84
NC(N)=NCCC[C@H](N)C(=O)NCc1ccc(NC(=O)[C@H](Cc2ccc3ccccc3c2)N=C(NC2CCCCC2)NC2CCCCC2)cc1,5.82
CCn1c(/C=C/C=C2\SCCN2C)[n+](CC)c2nc3ccccc3nc21,5.8
C#C[C@]1(O)CCC2C3CC[C@H]4Cc5nc6nccn6cc5C[C@]4(C)C3CC[C@@]21C,5.8
CC/N=C(\NCC)NCc1ccc(NC(=O)[C@H](Cc2ccc3ccccc3c2)N=C(NC2CCCCC2)NC2CCCCC2)cc1,5.75
CCn1c(/C=C/C=C2/N(C)c3ccccc3C2(C)C)[n+](CC(N)=O)c2nc3ccccc3nc21.[Cl-],5.7
CSCC[C@H](NC(=O)[C@H](CC(C)C)NC(=O)CNC(=O)[C@H](Cc1ccccc1)NC(=O)[C@H](Cc1ccccc1)NC(=O)Cc1ccc(Nc2ncnc3c2ncn3[C@@H]2O[C@H](CO)[C@@H](O)[C@H]2O)cc1)C(N)=O,5.7
CCn1c(/C=C/C=c2/c3cccc4cccc(c43)n2C)[n+](CC)c2cc3ccccc3cc21.[Cl-],5.7
c1ccc(CN[C@@H]2C3CCN(CC3)[C@@H]2C(c2ccccc2)c2ccccc2)cc1,5.7
NC(=O)[C@H](Cc1ccccc1)NC(=O)[C@@H](N)c1ccccc1,5.65
CSCC[C@H](NC(=O)[C@H](CC(C)C)NC(=O)CNC(=O)[C@H](Cc1ccccc1)NC(=O)[C@@H](NC(=O)[C@H](CCC(N)=O)NC(=O)[C@H](CCC(N)=O)NC(=O)[C@H]1CCCN1C(=O)[C@H](CCCCN)NC(=O)[C@@H]1CCCN1C(=O)[C@@H](N)CCCN=C(N)N)C1Cc2ccccc2C1)C(N)=O,5.64
CSCC[C@H](NC(=O)[C@H](CC(C)C)NC(=O)CNC(=O)[C@H](Cc1ccccc1)NC(=O)[C@@H]1Cc2ccccc2CN1C(=O)[C@H](CCC(N)=O)NC(=O)[C@H](CCC(N)=O)NC(=O)[C@@H]1CCCN1C(=O)[C@H](CCCCN)NC(=O)[C@@H]1CCCN1C(=O)[C@@H](N)CCCN=C(N)N)C(N)=O,5.62
CC[C@H](C)[C@H](NC(=O)CNC(=O)[C@H](Cc1ccccc1)NC(=O)[C@@H]1Cc2ccccc2CN1C(=O)[C@H](CCC(N)=O)NC(=O)[C@H](CCC(=O)O)NC(=O)[C@H](CCCCN)NC(=O)[C@@H]1CCCN1C(=O)[C@@H](N)CCCNC(=N)N)C(=O)N[C@@H](CCSC)C(=O)O,5.62
COC(=O)CCC(C)[C@H]1CCC2C3C(C[C@H](O)[C@@]21C)[C@@]1(C)Cc2cn4c(nc2CC1C[C@H]3O)nc1ccccc14,5.6020599913279625
CCC(C)Cc1cc(CC2NC(=O)CNC(=O)[C@H](C(C)C)NC(=O)CNC(=O)[C@@H]3CCCN3C(=O)[C@@H](Cc3c[nH]c4ccccc34)NC(=O)CNC2=O)ccc1OC,5.6
CSCC[C@@H](NC(=O)[C@H](CC(C)C)NC(=O)[C@@H]1CCCN1C(=O)[C@@H](NC(=O)[C@H](Cc1ccccc1)NC(=O)[C@H](CCC(N)=O)NC(=O)[C@H](CCC(N)=O)NC(=O)[C@@H]1CCCN1C(=O)[C@H](CCCCN)NC(=O)[C@@H]1CCCN1C(=O)[C@@H](N)CCCN=C(N)N)C(c1ccccc1)c1ccccc1)C(N)=O,5.6
CCn1c(/C=C/C=C2/N(CC(=O)N(C)C)c3ccccc3C2(C)C)[n+](CC)c2nc3ccccc3nc21.[Cl-],5.58
CSCCC[C@H](NC(=O)[C@H](CCC(N)=O)NC(=O)[C@H](CCC(N)=O)NC(=O)[C@H]1CCCN1C(=O)[C@H](CCCCN)NC(=O)[C@@H]1CCCN1C(=O)[C@@H](N)CCCN=C(N)N)C(=O)N[C@@H](Cc1ccccc1)C(=O)NCC(=O)N[C@@H](CC(C)C)C(=O)N[C@@H](CCSC)C(N)=O,5.57
CSCC[C@H](NC(=O)[C@H](CC(C)C)NC(=O)CNC(=O)[C@H](Cc1ccccc1)NC(=O)/C(=C/c1ccccc1)NC(=O)[C@H](CCC(N)=O)NC(=O)[C@H](CCC(N)=O)NC(=O)[C@H]1CCCN1C(=O)[C@H](CCCCN)NC(=O)[C@@H]1CCCN1C(=O)[C@@H](N)CCCN=C(N)N)C(N)=O,5.57
CSCC[C@H](NC(=O)[C@H](CC(C)C)NC(=O)CNC(=O)[C@H](Cc1ccccc1)NC(=O)[C@H](NC(=O)[C@H](CCC(N)=O)NC(=O)[C@H](CCC(N)=O)NC(=O)[C@H]1CCCN1C(=O)[C@H](CCCCN)NC(=O)[C@@H]1CCCN1C(=O)[C@@H](N)CCCN=C(N)N)C1Cc2ccccc2C1)C(N)=O,5.55
CC[C@]1(O)CCC2C3CCC4Cc5nc6nc7ccccc7n6cc5C[C@]4(C)C3CC[C@@]21C,5.54
NCc1ccc(NC(=O)[C@H](Cc2ccc3ccccc3c2)N=C(NC2CCCCC2)NC2CCCCC2)c(C(=O)O)c1,5.42
CSCC[C@H](NC(=O)[C@H](CC(C)C)NC(=O)[C@@H](Cc1c[nH]c2ccccc12)NC(=O)[C@H](Cc1ccccc1)NC(=O)[C@@H](Cc1c[nH]c2ccccc12)NC(=O)[C@H](CCC(N)=O)NC(=O)[C@H](CCC(N)=O)NC(=O)[C@@H]1CCCN1C(=O)[C@H](CCCCN)NC(=O)[C@@H]1CCCN1C(=O)[C@@H](N)CCCN=C(N)N)C(=O)O,5.4
CCN1/C(=C\C=C2CC[n+]3c2n(CC)c2cc4ccccc4cc23)Oc2ccccc21.[I-],5.38
NC(=O)[C@@H](N)Cc1ccccc1,5.3
CCCCCCCCCCCCCCCCCC(=O)N[C@@H](CCCCN)C(=O)N[C@@H](Cc1c[nH]c2ccccc12)C(=O)N[C@@H](CCCCN)C(=O)N[C@@H](CC(C)C)C(=O)N[C@@H](CCC(=O)O)C(=O)N[C@@H](CCCCN)C(=O)N[C@@H](CCCCN)C(=O)N[C@H](C(=O)NCC(=O)N[C@@H](C)C(=O)N[C@H](C(=O)N[C@@H](CC(C)C)C(=O)N[C@H](C(=O)N[C@@H](CS)C(=O)N[C@H](C(=O)N[C@@H](CC(C)C)C(=O)N[C@@H](CCCNC(=N)N)C(=O)N1CCC[C@H]1C(=O)N[C@@H](CCCCN)C(=O)N1CCC[C@H]1C(=O)N[C@@H](CCC(N)=O)C(=O)N[C@@H](CCC(N)=O)C(=O)N[C@@H](Cc1ccccc1)C(=O)N[C@@H](Cc1ccccc1)C(=O)NCC(=O)N[C@@H](CC(C)C)C(=O)N[C@@H](CCSC)C(N)=O)C(C)C)[C@@H](C)CC)C(C)C)[C@@H](C)CC,5.28
Clc1ccccc1CCN[C@@H]1C2CCN(CC2)[C@@H]1C(c1ccccc1)c1ccccc1,5.14
CCN1/C(=C/C=C/c2nc3nc4ccccc4nc3n2CC)C(C)(C)c2ccccc21,5.14
CCCCCCCCCCCCCCCCCC(=O)N[C@@H](CCCCN)C(=O)N[C@@H](Cc1c[nH]c2ccccc12)C(=O)N[C@H](C(=O)N[C@@H](CS)C(=O)N[C@@H](CC(C)C)C(=O)N[C@@H](Cc1ccccc1)C(=O)N[C@H](C(=O)N[C@@H](CS)C(=O)N[C@@H](CCCCN)C(=O)N[C@H](C(=O)NCC(=O)N[C@@H](C)C(=O)N[C@H](C(=O)N[C@@H](CC(C)C)C(=O)N[C@H](C(=O)N[C@@H](CS)C(=O)N[C@H](C(=O)N[C@@H](CC(C)C)C(N)=O)C(C)C)[C@@H](C)CC)C(C)C)[C@@H](C)CC)[C@@H](C)CC)[C@@H](C)CC,5.14
CC(C)=CCc1cc(C(O)C2NC(=O)CNC(=O)[C@H](C(C)C)NC(=O)CNC(=O)[C@@H]3CCCN3C(=O)[C@@H](Cc3c[nH]c4ccccc34)NC(=O)CNC2=O)ccc1O,5.1
CCCN1C(=O)C2NC(c3ccc(OCC(=O)NCCNC(=O)CN)cc3)=NC2N(CCC)C1=O,5.0
O=C1CCC(CCN2CC(N3CCOCC3)C2)(c2ccc(Cl)c(Cl)c2)CN1,5.0
NC(=O)[C@@H](NC(=O)[C@@H](N)Cc1ccccc1)c1ccccc1,5.0
CSCC[C@@H](NC(=O)[C@H](CC(C)C)NC(=O)CNC(=O)[C@H](Cc1ccccc1)NC(=O)[C@@H](N)Cc1ccccc1)C(N)=O,5.0
CCCN1C(=O)C2NC(c3ccc(OCC(=O)NCCN)cc3)=NC2N(CCC)C1=O,5.0
CSCC[C@@H](NC(=O)[C@H](CC(C)C)NC(=O)CNC(=O)[C@H](Cc1ccccc1)NC(=O)[C@H](Cc1ccccc1)NC(C)=O)C(N)=O,5.0
CNC(=O)Cc1ccc(Nc2ncnc3c2ncn3C2O[C@H](CO)[C@@H](O)[C@H]2O)cc1,5.0
CSCC[C@H](NC(=O)[C@H](CC(C)C)NC(=O)CNC(=O)[C@H](Cc1ccccc1)N(C)C(=O)[C@H](Cc1ccccc1)NC(=O)[C@H](CC(=O)O)NC(=O)CCC(=O)O)C(N)=O,5.0
CCn1c(/C=C/C=C/N2CCCC2)[n+](CC)c2nc3ccccc3nc21,5.0
CSCC[C@H](NC(=O)[C@H](CC(C)C)NC(=O)CNC(=O)[C@H](Cc1ccccc1)N(C)C(=O)[C@H](Cc1ccccc1)NC(=O)[C@@H](CCC(=O)O)NC(=O)[C@H](CC(=O)O)NC(C)=O)C(N)=O,5.0
CSCC[C@H](NC(=O)[C@H](CC(C)C)NC(=O)CNC(=O)[C@H](Cc1c[nH]c2ccccc12)N(C)C(=O)[C@H](Cc1ccccc1)NC(=O)[C@H](CC(=O)O)NC(=O)CCC(=O)O)C(N)=O,5.0
CSCC[C@H](NC(=O)[C@H](CC(C)C)NC(=O)CNC(=O)[C@H](Cc1ccccc1)N(C)C(=O)[C@H](Cc1ccccc1)NC(=O)[C@H](CC(=O)O)NC(=O)[C@H](CC(=O)O)NC(C)=O)C(N)=O,5.0
CSCC[C@H](NC(=O)[C@H](CC(C)C)NC(=O)CNC(=O)[C@H](Cc1ccc(O)cc1)N(C)C(=O)[C@H](Cc1ccccc1)NC(=O)[C@H](CC(=O)O)NC(=O)CCC(=O)O)C(N)=O,5.0
CSCC[C@H](NC(=O)[C@H](CC(C)C)NC(=O)CNC(=O)[C@H](Cc1ccccc1)N(C)C(=O)[C@H](Cc1ccccc1)NC(=O)[C@H](CC(=O)O)NC(=O)[C@@H](CC(=O)O)NC(C)=O)C(N)=O,5.0
CSCC[C@H](NC(=O)[C@H](CC(C)C)NC(=O)CNC(=O)[C@H](Cc1ccccc1)N(C)C(=O)[C@H](Cc1ccccc1)NC(=O)[C@@H](CC(=O)O)NC(=O)[C@H](CC(=O)O)NC(C)=O)C(N)=O,5.0
CC[C@H](C)[C@@H](C(=O)NCC(=O)N[C@@H](CC(C)C)C(=O)N[C@@H](CCSC)C(N)=O)N(C)C(=O)[C@H](Cc1ccccc1)NC(=O)[C@H](CC(=O)O)NC(=O)CCC(=O)O,5.0
CSCC[C@H](NC(=O)[C@H](CC(C)C)NC(=O)CNC(=O)[C@H](Cc1ccccc1)N(C)C(=O)[C@H](Cc1ccccc1)NC(=O)[C@H](CC(=O)O)NC(=O)[C@@H](N)CC(=O)O)C(N)=O,5.0
O=C(N[C@@H]1C2CCN(CC2)[C@@H]1C(c1ccccc1)c1ccccc1)c1ccccc1Cl,5.0
COc1ccccc1CO[C@@H]1C2CCN(CC2)[C@@H]1C(c1ccccc1)c1ccccc1,5.0
CCCN1C(=O)C2NC(c3ccc(OCC(=O)NCCNC(=O)C(N)CC(=O)N[C@@H](Cc4ccccc4)C(=O)N[C@@H](Cc4ccccc4)C(=O)NCC(N)=O)cc3)=NC2N(CCC)C1=O,5.0
Clc1ccccc1CCCN[C@@H]1C2CCN(CC2)[C@@H]1C(c1ccccc1)c1ccccc1,5.0
N[C@@H]1C2CCN(CC2)[C@@H]1C(c1ccccc1)c1ccccc1,5.0
N[C@@H](Cc1ccccc1)C(=O)N[C@@H](Cc1ccccc1)C(=O)O,5.0
COc1ccc(C[C@H](N)C(=O)N[C@@H](Cc2ccccc2C)C(N)=O)cc1,5.0
NC(=O)[C@H](Cc1cccc(F)c1)NC(=O)[C@@H](N)CC1CCCCC1,5.0
COc1cc(N)c(Cl)cc1C(=O)NC1C2CC3CN(C2)CC31.Cl,5.0
C#C[C@]1(OC)CCC2C3CCC4Cc5nc6nc7ccccc7n6cc5C[C@]4(C)C3CC[C@@]21C,5.0
c1ccc2c(c1)nc1nc3c(cn12)CCCC3,5.0
Cc1cc(C)n2c(n1)nc1ccccc12,5.0
C[C@]12Cc3cn4c(nc3CC1CCC1C2CC[C@@]2(C)C1CC[C@@]2(O)c1ccccc1)nc1ccccc14,5.0
C#C[C@]1(O)CCC2C3CC[C@H]4Cc5nc6[nH]c7ccccc7c6cc5C[C@]4(C)C3CC[C@@]21C,5.0
CC(CCC(=O)O)[C@H]1CCC2C3C(C[C@H](O)[C@@]21C)[C@@]1(C)Cc2cn4c(nc2CC1C[C@H]3O)nc1ccccc14,5.0
CSCC[C@H](NC(=O)[C@H](CC(C)C)NC(=O)CNC(=O)[C@H](Cc1ccccc1)N(C)C(=O)[C@H](Cc1ccccc1)NC(=O)[C@H](CCCC(=O)O)NC(=O)CCC(=O)O)C(N)=O,5.0
C[C@@]12CCCC1C1CCC3Cc4nc5nc6ccccc6n5cc4C[C@]3(C)C1CC2,5.0
C#C[C@]1(O)CCC2C3CC[C@H]4Cc5nc6cc7ccccc7n6cc5C[C@]4(C)C3CC[C@@]21C,5.0
COC(=O)[C@H]1CCC2C3CCC4Cc5nc6nc7ccccc7n6cc5C[C@]4(C)C3CC[C@@]21C,5.0
C=CC1=CCCC2Cc3nc4nc5ccccc5n4cc3C[C@]12C,5.0
CC(C)CCCC(C)[C@@H]1CCC2C3CCC4Cc5nc6nc7ccccc7n6cc5C[C@]4(C)C3CC[C@@]21C,5.0
C[C@H](O[C@H]1CCCN[C@H]1c1ccccc1)c1ccccc1,5.0
CSCC[C@H](NC(=O)[C@H](CC(C)C)NC(=O)CN1CCNC(=O)CCC(=O)NCC(=O)N[C@H](CCCN=C(N)N)C(=O)N[C@@H](Cc2ccccc2)C(=O)N[C@H](Cc2ccccc2)C1=O)C(N)=O,5.0
CSCC[C@H](NC(=O)[C@H](CC(C)C)NC(=O)CNC(=O)[C@H](Cc1ccccc1)N(C)C(=O)[C@H](Cc1ccccc1)NC(=O)[C@H](Cc1ccccc1)NC(=O)[C@H](CC(=O)O)NC(=O)[C@H](Cc1cnc[nH]1)NC(=O)[C@H](CCSC)NC(=O)[C@@H](N)CC(=O)O)C(N)=O,5.0
CSCC[C@H](NC(=O)[C@H](CC(C)C)NC(=O)CNC(=O)[C@H](Cc1ccccc1)N(C)C(=O)[C@H](Cc1ccccc1)NC(=O)[C@H](CCC(=O)O)NC(=O)C(=O)O)C(N)=O,5.0
CSCC[C@H](NC(=O)[C@H](CC(C)C)NC(=O)CNC(=O)[C@H](Cc1ccccc1)N(C)C(=O)[C@H](Cc1ccccc1)NC(=O)[C@@H](CCC(=O)O)NC(=O)C(=O)O)C(N)=O,5.0
CSCC[C@H](NC(=O)[C@H](CC(C)C)NC(=O)CNC(=O)[C@H](Cc1ccccc1)N(C)C(=O)[C@H](Cc1ccccc1)NC(=O)[C@H](CC(=O)O)NS(N)(=O)=O)C(N)=O,5.0
CSCC[C@H](NC(=O)[C@H](CC(C)C)NC(=O)CNC(=O)[C@H](Cc1ccccc1)N(C)C(=O)[C@H](Cc1ccccc1)NC(=O)[C@H](CC(=O)O)NC(=O)C(N)=O)C(N)=O,5.0
COC(=O)C(=O)N[C@@H](CC(=O)O)C(=O)N[C@@H](Cc1ccccc1)C(=O)N(C)[C@@H](Cc1ccccc1)C(=O)NCC(=O)N[C@@H](CC(C)C)C(=O)N[C@@H](CCSC)C(N)=O,5.0
CSCC[C@H](NC(=O)[C@H](CC(C)C)NC(=O)CNC(=O)[C@H](Cc1ccccc1)N(C)C(=O)[C@H](Cc1ccccc1)NC(=O)[C@H](CCCC(=O)O)NC(=O)C(=O)O)C(N)=O,5.0
CSCC[C@H](NC(=O)[C@H](CC(C)C)NC(=O)CNC(=O)[C@H](Cc1ccccc1)N(C)C(=O)[C@H](Cc1ccccc1)NC(=O)[C@H](CC(=O)O)NC(=O)NO)C(N)=O,5.0
C[C@]12CCC3C(CC[C@@H]4Cc5nc6nc7ccccc7n6cc5C[C@]34C)C1CC[C@@H]2O,5.0
C[C@]12Cc3cn4c(nc3CC1CCC1C2CC[C@]2(C)C(=O)CCC12)nc1ccccc14,5.0
CSCC[C@H](NC(=O)[C@H](CC(C)C)NC(=O)CNC(=O)[C@H](Cc1ccccc1)N(C)C(=O)[C@H](Cc1ccccc1)NC(=O)[C@@H](CC(=O)O)NC(=O)C(=O)O)C(N)=O,5.0
CSCC[C@H](NC(=O)[C@H](CC(C)C)NC(=O)CNC(=O)[C@H](Cc1ccccc1)N(C)C(=O)[C@H](Cc1ccccc1)NC(=O)[C@@H](CC(=O)O)NC(=O)CCC(=O)O)C(N)=O,5.0
CSCC[C@H](NC(=O)[C@H](CC(C)C)NC(=O)CNC(=O)[C@H](Cc1ccccc1)N(C)C(=O)[C@H](Cc1ccccc1)NC(=O)[C@H](CCC(=O)O)NC(=O)CCC(=O)O)C(N)=O,5.0
CSCC[C@H](NC(=O)[C@H](CC(C)C)NC(=O)CNC(=O)[C@H](Cc1ccccc1)N(C)C(=O)[C@H](Cc1ccccc1)NC(=O)[C@@H](CCC(=O)O)NC(=O)CCC(=O)O)C(N)=O,5.0
CSCC[C@H](NC(=O)[C@H](CC(C)C)NC(=O)CNC(=O)[C@H](Cc1ccccc1)N(C)C(=O)[C@H](Cc1ccccc1)NC(=O)[C@H](CC(=O)O)NC(=O)C(=O)O)C(N)=O,5.0
CSCC[C@H](NC(=O)[C@H](CC(C)C)NC(=O)CNC(=O)[C@H](Cc1ccccc1)N(C)C(=O)[C@H](Cc1ccccc1)NC(=O)[C@@H](CCC(=O)O)NC(=O)[C@@H](CC(=O)O)NC(C)=O)C(N)=O,5.0
CSCC[C@H](NC(=O)[C@H](CC(C)C)NC(=O)CNC(=O)[C@H](Cc1ccccc1)N(C)C(=O)[C@H](Cc1ccccc1)NC(=O)[C@H](CCC(=O)O)NC(=O)[C@H](CC(=O)O)NC(C)=O)C(N)=O,5.0
CSCC[C@H](NC(=O)[C@H](CC(C)C)NC(=O)CNC(=O)[C@H](Cc1ccccc1)N(C)C(=O)[C@H](Cc1ccccc1)NC(=O)[C@H](CCC(=O)O)NC(=O)[C@@H](CC(=O)O)NC(C)=O)C(N)=O,5.0
CSCC[C@H](NC(=O)[C@H](CC(C)C)NC(=O)CNC(=O)[C@H](Cc1ccccc1)N(C)C(=O)[C@H](Cc1ccccc1)NC(=O)[C@@H](CC(=O)O)NC(=O)[C@@H](CC(=O)O)NC(C)=O)C(N)=O,5.0
COC(=O)[C@@H](CCSC)NC(=O)[C@H](CC(C)C)N(C)C(=O)CN(C)C(=O)[C@H](Cc1ccccc1)NC(=O)[C@@H](Cc1ccccc1)NC(=O)[C@H](CCC(N)=O)NC(=O)[C@H](CCC(N)=O)NC(=O)[C@@H]1CCCN1C(=O)[C@H](CCCCNC(=O)OCc1ccccc1)NC(=O)[C@@H]1CCCN1C(=O)[C@H](CCCN=C(N)N)NC(=O)OCc1ccccc1,4.92
CCCCCCCC(=O)n1cc(C[C@@H](NC(=O)C[C@@H]2NC(=O)[C@@H]3C4CCC(CC4)N3C2=O)C(=O)N[C@@H](Cc2ccccc2)C(=O)N(C)Cc2ccccc2)c2ccccc21,4.9
c1ccc([C@@H]2C[C@H]2NC2CCNCC2)cc1,4.6020599913279625
COC(=O)[C@@H](CCSC)NC(=O)[C@@H](CC(C)C)SCCNC(=O)[C@@H](Cc1ccccc1)NC(=O)[C@H](Cc1ccccc1)NC(=O)[C@H](CCC(N)=O)NC(=O)[C@H](CCC(N)=O)NC(=O)[C@H]1CCCN1C(=O)[C@H](CCCCNC(=O)OCc1ccccc1)NC(=O)[C@H]1CCCN1C(=O)[C@H](CCCN=C(N)N)NC(=O)OCc1ccccc1,4.6
COC(=O)[C@@H](CCSC)NC(=O)[C@H](CC(C)C)SCCNC(=O)[C@@H](Cc1ccccc1)NC(=O)[C@H](Cc1ccccc1)NC(=O)[C@H](CCC(N)=O)NC(=O)[C@H](CCC(N)=O)NC(=O)[C@H]1CCCN1C(=O)[C@H](CCCCNC(=O)OCc1ccccc1)NC(=O)[C@H]1CCCN1C(=O)[C@H](CCCN=C(N)N)NC(=O)OCc1ccccc1,4.48
O=C(O)c1ccc(CN2CCC(CN[C@@H]3C[C@H]3c3ccccc3)CC2)cc1,4.3979400086720375
COC(=O)[C@@H](CCSC)NC(=O)[C@H](CC(C)C)NC(=O)CN(C)C(=O)[C@H](Cc1ccccc1)NC(=O)[C@@H](Cc1ccccc1)NC(=O)[C@H](CCC(N)=O)NC(=O)[C@H](CCC(N)=O)NC(=O)[C@@H]1CCCN1C(=O)[C@H](CCCCNC(=O)OCc1ccccc1)NC(=O)[C@@H]1CCCN1C(=O)[C@H](CCCN=C(N)N)NC(=O)OCc1ccccc1,4.26
Cc1ccc([S+]([O-])C2=C(c3ccccn3)OC(NC(=O)C(F)(F)F)=C(C#N)[C@H]2c2ccc([N+](=O)[O-])cc2)cc1,3.4559319556497243
COC(=O)[C@H](CCSC)NC(=O)[C@H](CC(C)C)NC(=O)[C@@H](Cc1c[nH]c2ccccc12)NC(=O)[C@H](Cc1ccccc1)NC(=O)[C@@H](Cc1ccccc1)NC(=O)[C@H](CCCCNC(=O)OCc1ccccc1)NC(=O)[C@H](CC(N)=O)NC(=O)[C@@H]1CCCN1C(=O)[C@H](CCCCNC(=O)OCc1ccccc1)NC(=O)[C@@H]1CCCN1C(=O)[C@H](CCCN=C(N)N)NC(=O)OCc1ccccc1,3.3010299956639813
COC(=O)[C@H](CCSC)NC(=O)[C@H](CC(C)C)NC(=O)[C@@H](Cc1c[nH]c2ccccc12)NC(=O)[C@H](Cc1ccccc1)NC(=O)[C@@H](Cc1ccccc1)NC(=O)[C@H](CCCN=C(N)N)NC(=O)[C@H](CC(N)=O)NC(=O)OC(C)(C)C,3.3010299956639813
